ros_time_sec,fx,fy,fz,mx,my,mz,ee_x,ee_y,ee_z,ee_qx,ee_qy,ee_qz,ee_qw,tag_visible,tag_id,tag_roll(rad),tag_pitch(rad),tag_yaw(rad),tag_tx(m),tag_ty(m),tag_tz(m),fw_contact,ft_trigger
1765409511.917646,-0.02597,-0.00039,-0.00089,-0.00021,0.00043,-0.00046,0.56551,-0.00062,0.11136,0.00082,0.70665,-0.00013,0.70756,1,1,0,0
1765409511.919666,-0.01814,0.01465,-0.00888,0.00041,0.00007,-0.00048,0.56551,-0.00062,0.11136,0.00082,0.70665,-0.00013,0.70756,1,1,0,0
1765409511.921646,-0.03026,0.00728,-0.00863,-0.00012,0.00022,-0.00047,0.56551,-0.00062,0.11136,0.00082,0.70665,-0.00013,0.70756,1,1,0,0
1765409511.923643,-0.02220,0.01165,-0.01636,-0.00006,0.00063,-0.00022,0.56551,-0.00062,0.11136,0.00082,0.70665,-0.00013,0.70756,1,1,0,0
1765409511.925668,-0.00472,0.01224,0.00654,-0.00027,-0.00072,-0.00021,0.56551,-0.00062,0.11136,0.00082,0.70665,-0.00013,0.70756,1,1,0,0
1765409511.927639,0.00022,-0.00982,-0.00060,-0.00054,-0.00102,-0.00062,0.56551,-0.00062,0.11136,0.00082,0.70665,-0.00013,0.70756,1,1,0,0
1765409511.929663,-0.02655,0.00929,0.02162,0.00013,0.00081,-0.00032,0.56551,-0.00062,0.11136,0.00082,0.70665,-0.00013,0.70756,1,1,0,0
1765409511.931647,-0.03040,-0.01304,-0.01559,-0.00036,0.00076,0.00007,0.56551,-0.00062,0.11136,0.00082,0.70665,-0.00013,0.70756,1,1,0,0
1765409511.933651,-0.01808,-0.00569,0.03715,0.00016,0.00084,-0.00031,0.56551,-0.00062,0.11136,0.00082,0.70665,-0.00013,0.70756,1,1,0,0
1765409511.935648,-0.02943,-0.00729,-0.03112,-0.00051,-0.00016,-0.00088,0.56551,-0.00062,0.11136,0.00082,0.70665,-0.00013,0.70756,1,1,0,0
1765409511.937680,-0.02997,-0.01176,-0.00813,0.00009,-0.00053,-0.00073,0.56551,-0.00062,0.11136,0.00082,0.70665,-0.00013,0.70756,1,1,0,0
1765409511.939645,-0.04762,-0.02210,-0.00027,0.00040,0.00071,-0.00044,0.56551,-0.00062,0.11136,0.00082,0.70665,-0.00013,0.70756,1,1,0,0
1765409511.941667,-0.02297,0.01159,0.00635,0.00059,0.00102,-0.00020,0.56551,-0.00062,0.11136,0.00082,0.70665,-0.00013,0.70756,1,1,0,0
1765409511.943667,-0.04245,-0.00027,-0.00083,-0.00065,0.00063,-0.00045,0.56551,-0.00062,0.11136,0.00082,0.70665,-0.00013,0.70756,1,1,0,0
1765409511.945680,-0.02297,0.01657,0.00618,0.00065,0.00101,-0.00034,0.56551,-0.00062,0.11136,0.00082,0.70665,-0.00013,0.70756,1,1,0,0
1765409511.947675,-0.02608,-0.00502,-0.00067,-0.00005,0.00006,-0.00033,0.56551,-0.00062,0.11136,0.00082,0.70665,-0.00013,0.70756,1,1,0,0
1765409511.949671,-0.02289,-0.00799,0.02955,0.00079,0.00103,-0.00045,0.56551,-0.00062,0.11136,0.00082,0.70665,-0.00013,0.70756,1,1,0,0
1765409511.951664,-0.04267,-0.01435,0.02984,0.00005,0.00013,-0.00082,0.56551,-0.00062,0.11136,0.00082,0.70665,-0.00013,0.70756,1,1,0,0
1765409511.953675,-0.03594,0.00098,-0.06172,0.00177,-0.00034,-0.00091,0.56551,-0.00062,0.11136,0.00082,0.70665,-0.00013,0.70756,1,1,0,0
1765409511.955668,-0.03868,-0.01671,-0.00777,0.00003,-0.00041,-0.00018,0.56551,-0.00062,0.11136,0.00082,0.70665,-0.00013,0.70756,1,1,0,0
1765409511.957672,-0.00887,-0.01071,-0.01597,-0.00034,0.00048,-0.00063,0.56551,-0.00062,0.11136,0.00082,0.70665,-0.00013,0.70756,1,1,0,0
1765409511.959671,-0.01672,-0.01026,0.03731,-0.00077,0.00007,-0.00057,0.56551,-0.00062,0.11136,0.00082,0.70665,-0.00013,0.70756,1,1,0,0
1765409511.961667,-0.00896,0.00941,0.00667,-0.00053,-0.00028,0.00006,0.56551,-0.00062,0.11136,0.00082,0.70665,-0.00013,0.70756,1,1,0,0
1765409511.963666,-0.01815,0.01392,0.03675,-0.00004,0.00083,-0.00005,0.56551,-0.00062,0.11136,0.00082,0.70665,-0.00013,0.70756,1,1,0,0
1765409511.965687,-0.03423,0.00518,-0.03875,-0.00036,-0.00036,-0.00022,0.56551,-0.00062,0.11136,0.00082,0.70665,-0.00013,0.70756,1,1,0,0
1765409511.967673,-0.01718,-0.00527,-0.00068,-0.00049,-0.00005,-0.00034,0.56551,-0.00062,0.11136,0.00082,0.70665,-0.00013,0.70756,1,1,0,0
1765409511.969685,-0.00859,-0.00081,0.00683,-0.00087,0.00010,-0.00007,0.56551,-0.00062,0.11136,0.00082,0.70665,-0.00013,0.70756,1,1,0,0
1765409511.971673,-0.03991,-0.00675,-0.03100,0.00124,-0.00003,-0.00047,0.56551,-0.00062,0.11136,0.00082,0.70665,-0.00013,0.70756,1,1,0,0
1765409511.973697,-0.01709,-0.00494,0.05235,-0.00027,-0.00019,-0.00070,0.56551,-0.00062,0.11136,0.00082,0.70665,-0.00013,0.70756,1,1,0,0
1765409511.975700,-0.02631,-0.00562,-0.02356,-0.00006,0.00082,-0.00035,0.56551,-0.00062,0.11136,0.00082,0.70665,-0.00013,0.70756,1,1,0,0
1765409511.977803,-0.02293,0.00237,0.01442,0.00070,0.00014,0.00008,0.56551,-0.00062,0.11136,0.00082,0.70665,-0.00013,0.70756,1,1,0,0
1765409511.979692,-0.03950,-0.01758,-0.03835,0.00045,0.00087,-0.00021,0.56551,-0.00062,0.11136,0.00082,0.70665,-0.00013,0.70756,1,1,0,0
1765409511.981682,-0.01806,-0.00999,-0.00053,0.00033,-0.00004,-0.00020,0.56551,-0.00062,0.11136,0.00082,0.70665,-0.00013,0.70756,1,1,0,0
1765409511.983697,-0.03414,-0.00087,-0.02354,-0.00087,0.00092,-0.00007,0.56551,-0.00062,0.11136,0.00082,0.70665,-0.00013,0.70756,1,1,0,0
1765409511.985688,-0.00090,0.02387,0.03640,-0.00013,0.00023,-0.00033,0.56551,-0.00062,0.11136,0.00082,0.70665,-0.00013,0.70756,1,1,0,0
1765409511.987701,-0.02288,-0.01224,-0.01591,0.00117,0.00027,-0.00075,0.56551,-0.00062,0.11136,0.00082,0.70665,-0.00013,0.70756,1,1,0,0
1765409511.989773,-0.03127,-0.01194,-0.02344,0.00118,0.00012,-0.00074,0.56551,-0.00062,0.11136,0.00082,0.70665,-0.00013,0.70756,1,1,0,0
1765409511.991729,-0.01725,-0.00055,-0.00832,-0.00065,0.00008,-0.00007,0.56551,-0.00062,0.11136,0.00082,0.70665,-0.00013,0.70756,1,1,0,0
1765409511.993735,-0.02745,-0.00795,0.01467,-0.00271,-0.00018,-0.00044,0.56551,-0.00062,0.11136,0.00082,0.70665,-0.00013,0.70756,1,1,0,0
1765409511.995715,-0.03888,-0.01151,-0.00811,0.00053,-0.00043,-0.00072,0.56551,-0.00062,0.11136,0.00082,0.70665,-0.00013,0.70756,1,1,0,0
1765409511.997735,-0.01391,-0.01312,0.00713,0.00007,0.00056,0.00007,0.56551,-0.00062,0.11136,0.00082,0.70665,-0.00013,0.70756,1,1,0,0
1765409511.999759,-0.03563,-0.01437,-0.03103,0.00137,0.00030,-0.00088,0.56551,-0.00062,0.11136,0.00082,0.70665,-0.00013,0.70756,1,1,0,0
1765409512.001716,-0.02183,0.00266,-0.00823,-0.00017,-0.00063,0.00007,0.56551,-0.00062,0.11136,0.00082,0.70665,-0.00013,0.70756,1,1,0,0
1765409512.003760,-0.04865,-0.00164,-0.04654,0.00174,0.00032,-0.00102,0.56551,-0.00062,0.11136,0.00082,0.70665,-0.00013,0.70756,1,1,0,0
1765409512.005793,-0.01706,-0.00562,-0.00073,-0.00071,0.00033,-0.00034,0.56551,-0.00062,0.11136,0.00082,0.70665,-0.00013,0.70756,1,1,0,0
1765409512.007807,-0.02976,-0.00739,0.00662,-0.00008,0.00034,-0.00126,0.56551,-0.00062,0.11136,0.00082,0.70665,-0.00013,0.70756,1,1,0,0
1765409512.009805,-0.02142,-0.00801,0.01447,-0.00052,0.00051,-0.00045,0.56551,-0.00062,0.11136,0.00082,0.70665,-0.00013,0.70756,1,1,0,0
1765409512.011775,-0.03133,0.00771,-0.00106,0.00098,0.00011,-0.00046,0.56551,-0.00062,0.11136,0.00082,0.70665,-0.00013,0.70756,1,1,0,0
1765409512.013742,-0.00043,-0.00531,0.02965,-0.00027,-0.00038,-0.00033,0.56551,-0.00062,0.11136,0.00082,0.70665,-0.00013,0.70756,1,1,0,0
1765409512.015789,-0.02682,0.00432,0.00641,0.00050,0.00107,-0.00060,0.56551,-0.00062,0.11136,0.00082,0.70665,-0.00013,0.70756,1,1,0,0
1765409512.017751,-0.01718,0.00461,-0.01606,-0.00059,-0.00018,-0.00022,0.56551,-0.00062,0.11136,0.00082,0.70665,-0.00013,0.70756,1,1,0,0
1765409512.019727,-0.03389,-0.00078,-0.02369,-0.00087,0.00091,-0.00048,0.56551,-0.00062,0.11136,0.00082,0.70665,-0.00013,0.70756,1,1,0,0
1765409512.021759,-0.03429,-0.00978,-0.00061,-0.00011,0.00015,-0.00059,0.56551,-0.00062,0.11136,0.00082,0.70665,-0.00013,0.70756,1,1,0,0
1765409512.023729,-0.03077,0.01233,0.03654,0.00060,0.00059,-0.00097,0.56551,-0.00062,0.11136,0.00082,0.70665,-0.00013,0.70756,1,1,0,0
1765409512.025745,-0.03909,-0.00707,0.01439,0.00058,0.00033,-0.00084,0.56551,-0.00062,0.11136,0.00082,0.70665,-0.00013,0.70756,1,1,0,0
1765409512.027756,-0.01806,-0.00501,-0.00071,0.00039,-0.00004,-0.00034,0.56551,-0.00062,0.11136,0.00082,0.70665,-0.00013,0.70756,1,1,0,0
1765409512.029734,-0.01872,-0.00053,0.00676,0.00066,0.00060,-0.00006,0.56551,-0.00062,0.11136,0.00082,0.70665,-0.00013,0.70756,1,1,0,0
1765409512.031753,-0.02509,-0.00925,0.01471,-0.00054,-0.00097,-0.00058,0.56551,-0.00062,0.11136,0.00082,0.70665,-0.00013,0.70756,1,1,0,0
1765409512.033767,-0.02943,0.00263,-0.02371,-0.00061,-0.00030,-0.00075,0.56551,-0.00062,0.11136,0.00082,0.70665,-0.00013,0.70756,1,1,0,0
1765409512.035824,-0.02612,0.00922,0.01387,-0.00010,0.00092,-0.00073,0.56551,-0.00062,0.11136,0.00082,0.70665,-0.00013,0.70756,1,1,0,0
1765409512.037776,-0.02153,0.00217,0.00690,-0.00062,-0.00013,0.00008,0.56551,-0.00062,0.11136,0.00082,0.70665,-0.00013,0.70756,1,1,0,0
1765409512.039772,-0.02737,-0.01010,-0.00079,0.00120,0.00083,-0.00060,0.56551,-0.00062,0.11136,0.00082,0.70665,-0.00013,0.70756,1,1,0,0
1765409512.041767,-0.04349,-0.01403,-0.01556,0.00071,-0.00024,-0.00045,0.56551,-0.00062,0.11136,0.00082,0.70665,-0.00013,0.70756,1,1,0,0
1765409512.043764,-0.02106,0.00153,-0.01612,-0.00106,0.00063,-0.00035,0.56551,-0.00062,0.11136,0.00082,0.70665,-0.00013,0.70756,1,1,0,0
1765409512.045763,-0.03082,-0.01203,-0.00064,0.00074,0.00011,-0.00073,0.56551,-0.00062,0.11136,0.00082,0.70665,-0.00013,0.70756,1,1,0,0
1765409512.047754,-0.01269,0.00745,-0.03136,-0.00055,-0.00075,-0.00050,0.56551,-0.00062,0.11136,0.00082,0.70665,-0.00013,0.70756,1,1,0,0
1765409512.049765,-0.02153,-0.00766,0.01451,-0.00030,0.00013,-0.00045,0.56551,-0.00062,0.11136,0.00082,0.70665,-0.00013,0.70756,1,1,0,0
1765409512.051777,-0.03879,0.00216,-0.01589,-0.00040,0.00046,0.00007,0.56551,-0.00062,0.11136,0.00082,0.70665,-0.00013,0.70756,1,1,0,0
1765409512.053792,-0.01860,0.01402,0.01395,0.00040,0.00084,-0.00006,0.56551,-0.00062,0.11136,0.00082,0.70665,-0.00013,0.70756,1,1,0,0
1765409512.055783,-0.02106,-0.00838,-0.02354,-0.00096,0.00076,-0.00049,0.56551,-0.00062,0.11136,0.00082,0.70665,-0.00013,0.70756,1,1,0,0
1765409512.057807,-0.01428,-0.00282,0.02199,0.00064,0.00029,-0.00019,0.56551,-0.00062,0.11136,0.00082,0.70665,-0.00013,0.70756,1,1,0,0
1765409512.059837,-0.01695,-0.00597,-0.00078,-0.00093,0.00071,-0.00034,0.56551,-0.00062,0.11136,0.00082,0.70665,-0.00013,0.70756,1,1,0,0
1765409512.061778,-0.02162,0.01189,-0.03147,-0.00050,0.00012,-0.00023,0.56551,-0.00062,0.11136,0.00082,0.70665,-0.00013,0.70756,1,1,0,0
1765409512.063771,-0.03388,0.00407,-0.03112,-0.00125,0.00066,0.00019,0.56551,-0.00062,0.11136,0.00082,0.70665,-0.00013,0.70756,1,1,0,0
1765409512.065768,-0.00866,-0.00018,-0.01622,-0.00021,-0.00029,-0.00090,0.56551,-0.00062,0.11136,0.00082,0.70665,-0.00013,0.70756,1,1,0,0
1765409512.067799,-0.03493,-0.01033,0.01480,-0.00011,0.00068,0.00023,0.56551,-0.00062,0.11136,0.00082,0.70665,-0.00013,0.70756,1,1,0,0
1765409512.069782,-0.00564,-0.00311,0.01435,0.00041,0.00032,-0.00020,0.56551,-0.00062,0.11136,0.00082,0.70665,-0.00013,0.70756,1,1,0,0
1765409512.072049,-0.01814,-0.01012,-0.00074,0.00055,0.00034,-0.00061,0.56551,-0.00062,0.11136,0.00082,0.70665,-0.00013,0.70756,1,1,0,0
1765409512.073787,-0.03030,-0.01705,-0.02303,0.00002,-0.00026,-0.00020,0.56551,-0.00062,0.11136,0.00082,0.70665,-0.00013,0.70756,1,1,0,0
1765409512.075801,-0.00989,0.00909,0.02897,0.00056,0.00085,-0.00073,0.56551,-0.00062,0.11136,0.00082,0.70665,-0.00013,0.70756,1,1,0,0
1765409512.077793,-0.02186,-0.00788,0.01445,-0.00008,0.00051,-0.00046,0.56551,-0.00062,0.11136,0.00082,0.70665,-0.00013,0.70756,1,1,0,0
1765409512.079790,-0.01697,-0.00962,-0.00817,-0.00032,-0.00069,-0.00061,0.56551,-0.00062,0.11136,0.00082,0.70665,-0.00013,0.70756,1,1,0,0
1765409512.081791,-0.04346,-0.00468,-0.02342,0.00039,0.00027,-0.00033,0.56551,-0.00062,0.11136,0.00082,0.70665,-0.00013,0.70756,1,1,0,0
1765409512.083789,-0.04347,-0.00054,-0.01577,-0.00021,0.00091,0.00035,0.56551,-0.00062,0.11136,0.00082,0.70665,-0.00013,0.70756,1,1,0,0
1765409512.085788,-0.02761,-0.01444,-0.04609,0.00158,0.00008,-0.00050,0.56551,-0.00062,0.11136,0.00082,0.70665,-0.00013,0.70756,1,1,0,0
1765409512.087799,-0.02104,-0.00848,-0.00800,-0.00140,0.00052,0.00034,0.56551,-0.00062,0.11136,0.00082,0.70665,-0.00013,0.70756,1,1,0,0
1765409512.089827,-0.01208,-0.00213,0.01449,-0.00089,-0.00114,-0.00059,0.56551,-0.00062,0.11136,0.00082,0.70665,-0.00013,0.70756,1,1,0,0
1765409512.091801,-0.03496,0.00953,-0.03148,0.00013,0.00066,-0.00035,0.56551,-0.00062,0.11136,0.00082,0.70665,-0.00013,0.70756,1,1,0,0
1765409512.093981,-0.01325,0.00230,0.02950,-0.00018,-0.00023,-0.00032,0.56551,-0.00062,0.11136,0.00082,0.70665,-0.00013,0.70756,1,1,0,0
1765409512.095815,-0.01740,-0.01085,-0.02340,-0.00056,0.00072,-0.00022,0.56551,-0.00062,0.11136,0.00082,0.70665,-0.00013,0.70756,1,1,0,0
1765409512.097790,-0.04374,0.00456,0.00647,0.00050,0.00127,-0.00058,0.56551,-0.00062,0.11136,0.00082,0.70665,-0.00013,0.70756,1,1,0,0
1765409512.099790,-0.03454,-0.01408,-0.05369,0.00049,-0.00047,-0.00090,0.56551,-0.00062,0.11136,0.00082,0.70665,-0.00013,0.70756,1,1,0,0
1765409512.101797,-0.03886,-0.01272,0.03727,0.00008,0.00109,-0.00069,0.56551,-0.00062,0.11136,0.00082,0.70665,-0.00013,0.70756,1,1,0,0
1765409512.103806,-0.03034,0.00707,-0.02386,-0.00012,0.00048,-0.00048,0.56551,-0.00062,0.11136,0.00082,0.70665,-0.00013,0.70756,1,1,0,0
1765409512.105844,-0.02551,-0.00971,-0.02337,-0.00032,-0.00033,-0.00061,0.56551,-0.00062,0.11136,0.00082,0.70665,-0.00013,0.70756,1,1,0,0
1765409512.107831,-0.03007,-0.00285,-0.01589,-0.00046,0.00036,-0.00020,0.56551,-0.00062,0.11136,0.00082,0.70665,-0.00013,0.70756,1,1,0,0
1765409512.109898,-0.03048,0.00300,-0.00836,0.00027,-0.00053,-0.00033,0.56551,-0.00062,0.11136,0.00082,0.70665,-0.00013,0.70756,1,1,0,0
1765409512.111809,-0.00538,0.00180,-0.01601,0.00004,0.00006,0.00004,0.56551,-0.00062,0.11136,0.00082,0.70665,-0.00013,0.70756,1,1,0,0
1765409512.113813,-0.01721,-0.00601,-0.00840,-0.00072,0.00084,-0.00034,0.56551,-0.00062,0.11136,0.00082,0.70665,-0.00013,0.70756,1,1,0,0
1765409512.115829,-0.03044,-0.00749,-0.00049,-0.00008,0.00011,-0.00005,0.56551,-0.00062,0.11136,0.00082,0.70665,-0.00013,0.70756,1,1,0,0
1765409512.117820,-0.01329,-0.00329,0.02922,-0.00003,0.00090,-0.00099,0.56551,-0.00062,0.11136,0.00082,0.70665,-0.00013,0.70756,1,1,0,0
1765409512.119837,-0.01370,-0.00752,-0.00071,0.00036,-0.00009,-0.00047,0.56551,-0.00062,0.11136,0.00082,0.70665,-0.00013,0.70756,1,1,0,0
1765409512.121885,-0.03106,-0.00221,0.00692,0.00064,-0.00001,-0.00018,0.56551,-0.00062,0.11136,0.00082,0.70665,-0.00013,0.70756,1,1,0,0
1765409512.123851,-0.03008,0.00711,-0.01624,-0.00034,0.00035,-0.00047,0.56551,-0.00062,0.11136,0.00082,0.70665,-0.00013,0.70756,1,1,0,0
1765409512.125879,-0.03865,-0.00728,-0.00061,-0.00008,0.00021,-0.00045,0.56551,-0.00062,0.11136,0.00082,0.70665,-0.00013,0.70757,1,1,0,0
1765409512.127841,-0.00918,0.00386,0.00674,-0.00059,0.00049,0.00020,0.56551,-0.00062,0.11136,0.00082,0.70665,-0.00013,0.70757,1,1,0,0
1765409512.129875,-0.03900,-0.01609,-0.01566,0.00091,-0.00068,-0.00100,0.56551,-0.00062,0.11136,0.00082,0.70665,-0.00013,0.70757,1,1,0,0
1765409512.131839,-0.02815,0.00450,-0.04645,0.00138,0.00085,0.00017,0.56551,-0.00062,0.11136,0.00082,0.70665,-0.00013,0.70757,1,1,0,0
1765409512.133830,-0.02620,-0.02441,-0.00043,0.00059,0.00006,-0.00100,0.56551,-0.00062,0.11136,0.00082,0.70665,-0.00013,0.70757,1,1,0,0
1765409512.135846,-0.01281,0.01144,-0.07726,-0.00072,0.00039,-0.00068,0.56551,-0.00062,0.11136,0.00082,0.70665,-0.00013,0.70757,1,1,0,0
1765409512.137844,-0.03811,-0.02631,-0.01527,-0.00009,-0.00068,-0.00072,0.56557,-0.00062,0.11141,0.00082,0.70659,-0.00013,0.70762,1,1,0,0
1765409512.139879,-0.02730,-0.02412,-0.08400,0.00168,-0.00005,-0.00106,0.56557,-0.00062,0.11141,0.00082,0.70659,-0.00013,0.70762,1,1,0,0
1765409512.141847,-0.03524,-0.03468,-0.03776,0.00047,0.00045,0.00006,0.56557,-0.00062,0.11141,0.00082,0.70659,-0.00013,0.70762,1,1,0,0
1765409512.143867,-0.02770,-0.03950,-0.09875,0.00172,0.00061,-0.00067,0.56557,-0.00062,0.11141,0.00082,0.70659,-0.00013,0.70762,1,1,0,0
1765409512.146698,-0.03644,-0.03161,-0.04503,-0.00212,-0.00131,0.00020,0.56557,-0.00062,0.11141,0.00082,0.70659,-0.00013,0.70762,1,1,0,0
1765409512.147865,-0.03121,-0.05158,-0.09069,0.00113,0.00016,-0.00052,0.56557,-0.00062,0.11141,0.00082,0.70659,-0.00013,0.70762,1,1,0,0
1765409512.149883,-0.03593,-0.06110,-0.02199,-0.00182,-0.00093,-0.00098,0.56557,-0.00062,0.11141,0.00082,0.70659,-0.00013,0.70762,1,1,0,0
1765409512.151834,-0.00256,-0.05246,-0.05245,-0.00215,-0.00082,-0.00010,0.56557,-0.00062,0.11141,0.00082,0.70659,-0.00013,0.70762,1,1,0,0
1765409512.153876,-0.01415,0.02893,-0.09998,-0.00357,-0.00112,-0.00015,0.56557,-0.00062,0.11141,0.00082,0.70659,-0.00013,0.70762,1,1,0,0
1765409512.155824,-0.03639,-0.03643,-0.10576,-0.00196,-0.00143,-0.00011,0.56557,-0.00062,0.11141,0.00082,0.70659,-0.00013,0.70762,1,1,0,0
1765409512.157849,-0.02689,-0.12872,-0.06595,0.00107,0.00093,-0.00021,0.56557,-0.00062,0.11141,0.00082,0.70659,-0.00013,0.70762,1,1,0,0
1765409512.159844,-0.02224,-0.15104,-0.01204,0.00059,0.00077,0.00024,0.56560,-0.00062,0.11144,0.00082,0.70656,-0.00013,0.70765,1,1,0,0
1765409512.161846,-0.01061,-0.04680,0.00049,-0.00208,-0.00124,-0.00059,0.56560,-0.00062,0.11144,0.00082,0.70656,-0.00013,0.70765,1,1,0,0
1765409512.163847,0.01998,0.03614,-0.04738,0.00002,-0.00053,-0.00015,0.56565,-0.00062,0.11148,0.00082,0.70653,-0.00013,0.70768,1,1,0,0
1765409512.165851,0.03217,0.05797,0.03548,0.00029,-0.00019,-0.00011,0.56565,-0.00062,0.11148,0.00082,0.70653,-0.00013,0.70768,1,1,0,0
1765409512.167856,-0.03176,0.02140,0.01373,0.00071,0.00137,-0.00006,0.56569,-0.00062,0.11151,0.00082,0.70649,-0.00013,0.70772,1,1,0,0
1765409512.169853,-0.07216,0.02325,0.03681,-0.00037,-0.00005,-0.00039,0.56569,-0.00062,0.11151,0.00082,0.70649,-0.00013,0.70772,1,1,0,0
1765409512.171888,-0.04446,0.01009,0.02947,0.00101,0.00052,0.00011,0.56573,-0.00062,0.11156,0.00082,0.70644,-0.00013,0.70777,1,1,0,0
1765409512.173882,-0.03903,0.02715,0.06675,0.00012,0.00056,-0.00054,0.56573,-0.00062,0.11156,0.00082,0.70644,-0.00013,0.70777,1,1,0,0
1765409512.175853,0.00752,0.06768,0.05036,-0.00047,0.00060,-0.00034,0.56578,-0.00062,0.11160,0.00082,0.70639,-0.00013,0.70782,1,1,0,0
1765409512.177853,0.00320,0.06584,0.02044,-0.00050,-0.00035,0.00031,0.56578,-0.00062,0.11160,0.00082,0.70639,-0.00013,0.70782,1,1,0,0
1765409512.179865,-0.04240,0.05951,-0.01001,-0.00058,-0.00006,-0.00087,0.56601,-0.00062,0.11178,0.00082,0.70622,-0.00013,0.70799,1,1,0,0
1765409512.181856,-0.07384,0.01340,-0.03906,0.00126,0.00049,-0.00059,0.56601,-0.00062,0.11178,0.00082,0.70622,-0.00013,0.70799,1,1,0,0
1765409512.183848,-0.06833,-0.01409,-0.02327,0.00027,0.00057,-0.00084,0.56601,-0.00062,0.11178,0.00082,0.70622,-0.00013,0.70799,1,1,0,0
1765409512.185851,-0.08111,-0.01069,0.00725,0.00053,-0.00017,-0.00067,0.56601,-0.00062,0.11178,0.00082,0.70622,-0.00013,0.70799,1,1,0,0
1765409512.187878,-0.01699,-0.00540,0.01450,-0.00071,0.00007,-0.00032,0.56601,-0.00062,0.11178,0.00082,0.70622,-0.00013,0.70799,1,1,0,0
1765409512.189866,0.00704,-0.01103,0.02186,0.00054,0.00080,-0.00061,0.56601,-0.00062,0.11178,0.00082,0.70622,-0.00013,0.70799,1,1,0,0
1765409512.191868,0.00322,0.03562,-0.00205,-0.00021,0.00081,-0.00051,0.56601,-0.00062,0.11178,0.00082,0.70622,-0.00013,0.70799,1,1,0,0
1765409512.193868,-0.02277,0.03442,0.01364,-0.00307,-0.00104,-0.00059,0.56601,-0.00062,0.11178,0.00082,0.70622,-0.00013,0.70799,1,1,0,0
1765409512.195873,-0.07671,0.06994,-0.07086,-0.00024,0.00022,-0.00076,0.56601,-0.00062,0.11178,0.00082,0.70622,-0.00013,0.70799,1,1,0,0
1765409512.197873,-0.05710,0.03674,-0.05487,0.00067,0.00129,-0.00009,0.56601,-0.00062,0.11178,0.00082,0.70622,-0.00013,0.70799,1,1,0,0
1765409512.199873,-0.01307,0.00202,-0.01591,-0.00062,-0.00023,0.00005,0.56605,-0.00062,0.11180,0.00082,0.70620,-0.00013,0.70801,1,1,0,0
1765409512.201874,0.00451,-0.02749,-0.01529,-0.00076,-0.00080,-0.00036,0.56605,-0.00062,0.11180,0.00082,0.70620,-0.00013,0.70801,1,1,0,0
1765409512.203879,0.01205,-0.06777,-0.02215,0.00007,0.00041,-0.00050,0.56610,-0.00062,0.11182,0.00082,0.70619,-0.00013,0.70802,1,1,0,0
1765409512.205878,0.01573,-0.08017,0.00113,0.00036,0.00038,0.00006,0.56610,-0.00062,0.11182,0.00082,0.70619,-0.00013,0.70802,1,1,0,0
1765409512.207873,-0.01741,-0.03422,-0.00781,0.00047,-0.00029,-0.00114,0.56615,-0.00062,0.11183,0.00082,0.70619,-0.00013,0.70802,1,1,0,0
1765409512.209868,-0.03946,0.05146,0.02053,0.00020,0.00093,-0.00045,0.56615,-0.00062,0.11183,0.00082,0.70619,-0.00013,0.70802,1,1,0,0
1765409512.211871,-0.00995,0.10753,0.00371,0.00001,0.00078,-0.00065,0.56619,-0.00062,0.11185,0.00082,0.70618,-0.00013,0.70803,1,1,0,0
1765409512.213889,-0.02708,0.05887,0.02791,0.00051,0.00065,-0.00046,0.56619,-0.00062,0.11185,0.00082,0.70618,-0.00013,0.70803,1,1,0,0
1765409512.215874,0.01679,0.00393,0.04438,-0.00059,-0.00010,-0.00061,0.56624,-0.00062,0.11187,0.00082,0.70617,-0.00013,0.70804,1,1,0,0
1765409512.217968,-0.00737,-0.00806,0.01422,0.00210,0.00110,-0.00048,0.56629,-0.00062,0.11188,0.00082,0.70616,-0.00013,0.70805,1,1,0,0
1765409512.219911,-0.01837,0.00906,-0.03160,0.00034,0.00084,-0.00037,0.56652,-0.00062,0.11197,0.00082,0.70611,-0.00013,0.70810,1,1,0,0
1765409512.221912,-0.02348,0.00162,0.00649,0.00112,0.00141,-0.00033,0.56652,-0.00062,0.11197,0.00082,0.70611,-0.00013,0.70810,1,1,0,0
1765409512.223896,-0.05910,0.01559,-0.02378,-0.00068,-0.00032,-0.00045,0.56652,-0.00062,0.11197,0.00082,0.70611,-0.00013,0.70810,1,1,0,0
1765409512.225893,-0.06020,-0.00950,-0.01577,0.00033,0.00072,-0.00058,0.56652,-0.00062,0.11197,0.00082,0.70611,-0.00013,0.70810,1,1,0,0
1765409512.227900,-0.01685,-0.00504,-0.00062,-0.00070,-0.00044,-0.00033,0.56652,-0.00062,0.11197,0.00082,0.70611,-0.00013,0.70810,1,1,0,0
1765409512.229900,-0.04496,0.04303,0.07434,-0.00187,-0.00141,-0.00052,0.56652,-0.00062,0.11197,0.00082,0.70611,-0.00013,0.70810,1,1,0,0
1765409512.231899,-0.02996,0.03658,0.02097,-0.00064,0.00045,-0.00045,0.56652,-0.00062,0.11197,0.00082,0.70611,-0.00013,0.70810,1,1,0,0
1765409512.233903,-0.01421,-0.01243,0.04482,0.00096,0.00029,-0.00071,0.56652,-0.00062,0.11197,0.00082,0.70611,-0.00013,0.70810,1,1,0,0
1765409512.235902,-0.04671,-0.04152,-0.02238,-0.00027,-0.00004,-0.00031,0.56652,-0.00062,0.11197,0.00082,0.70611,-0.00013,0.70810,1,1,0,0
1765409512.237922,-0.06590,-0.05814,0.06162,-0.00157,-0.00045,-0.00076,0.56652,-0.00062,0.11197,0.00082,0.70611,-0.00013,0.70810,1,1,0,0
1765409512.239898,-0.03874,-0.00246,-0.02379,0.00020,0.00058,-0.00101,0.56652,-0.00062,0.11197,0.00082,0.70611,-0.00013,0.70810,1,1,0,0
1765409512.241904,-0.02659,0.04315,-0.00184,-0.00056,0.00117,0.00033,0.56652,-0.00062,0.11197,0.00082,0.70611,-0.00013,0.70810,1,1,0,0
1765409512.243893,-0.00574,0.06044,0.02794,-0.00013,0.00078,0.00006,0.56657,-0.00062,0.11198,0.00082,0.70611,-0.00013,0.70811,1,1,0,0
1765409512.245907,-0.00560,0.00122,-0.01612,0.00003,0.00083,0.00004,0.56657,-0.00062,0.11198,0.00082,0.70611,-0.00013,0.70811,1,1,0,0
1765409512.247891,-0.00896,-0.02038,-0.00780,-0.00045,-0.00000,0.00006,0.56662,-0.00062,0.11200,0.00082,0.70610,-0.00013,0.70811,1,1,0,0
1765409512.249921,-0.03078,-0.05107,-0.02982,0.00092,-0.00048,-0.00047,0.56662,-0.00062,0.11200,0.00082,0.70610,-0.00013,0.70811,1,1,0,0
1765409512.251922,-0.03089,0.00256,-0.02365,0.00048,0.00011,-0.00034,0.56666,-0.00062,0.11201,0.00082,0.70609,-0.00013,0.70812,1,1,0,0
1765409512.253918,-0.00904,0.01413,-0.00097,-0.00069,-0.00015,0.00032,0.56666,-0.00062,0.11201,0.00082,0.70609,-0.00013,0.70812,1,1,0,0
1765409512.255930,-0.00549,0.02585,0.02852,0.00011,0.00117,-0.00061,0.56671,-0.00062,0.11202,0.00082,0.70609,-0.00013,0.70812,1,1,0,0
1765409512.257933,0.01689,0.00721,-0.00162,-0.00121,0.00180,-0.00078,0.56676,-0.00062,0.11204,0.00082,0.70608,-0.00013,0.70813,1,1,0,0
1765409512.259925,-0.01746,-0.00610,-0.00825,-0.00072,0.00085,0.00006,0.56694,-0.00062,0.11209,0.00082,0.70607,-0.00013,0.70815,1,1,0,0
1765409512.261941,-0.07233,0.01346,0.04477,-0.00026,-0.00016,-0.00011,0.56694,-0.00062,0.11209,0.00082,0.70607,-0.00013,0.70815,1,1,0,0
1765409512.263920,-0.04799,-0.00690,-0.00061,0.00080,0.00032,-0.00044,0.56694,-0.00062,0.11209,0.00082,0.70607,-0.00013,0.70815,1,1,0,0
1765409512.265948,-0.03997,-0.00817,-0.00085,0.00079,0.00175,-0.00045,0.56694,-0.00062,0.11209,0.00082,0.70607,-0.00013,0.70815,1,1,0,0
1765409512.267919,-0.00962,-0.01202,0.02934,-0.00013,0.00239,-0.00060,0.56694,-0.00062,0.11209,0.00082,0.70607,-0.00013,0.70815,1,1,0,0
1765409512.269928,-0.02318,0.02085,-0.00136,0.00027,0.00153,0.00033,0.56694,-0.00062,0.11209,0.00082,0.70607,-0.00013,0.70815,1,1,0,0
1765409512.271932,-0.00870,0.03006,-0.02429,-0.00028,-0.00132,-0.00050,0.56694,-0.00062,0.11209,0.00082,0.70607,-0.00013,0.70815,1,1,0,0
1765409512.273926,-0.05508,0.00422,-0.03105,0.00006,-0.00138,-0.00072,0.56694,-0.00062,0.11209,0.00082,0.70607,-0.00013,0.70815,1,1,0,0
1765409512.275924,-0.02930,-0.00774,-0.01563,-0.00117,-0.00002,-0.00006,0.56694,-0.00062,0.11209,0.00082,0.70607,-0.00013,0.70815,1,1,0,0
1765409512.277938,-0.00963,-0.05053,-0.00737,0.00028,0.00116,-0.00034,0.56694,-0.00062,0.11209,0.00082,0.70607,-0.00013,0.70815,1,1,0,0
1765409512.279938,-0.00534,-0.05321,0.00020,0.00024,0.00136,-0.00047,0.56699,-0.00062,0.11210,0.00082,0.70607,-0.00013,0.70815,1,1,0,0
1765409512.281932,-0.04419,0.01203,0.03696,-0.00290,-0.00000,-0.00055,0.56699,-0.00062,0.11210,0.00082,0.70607,-0.00013,0.70815,1,1,0,0
1765409512.283925,-0.04238,-0.00507,-0.00821,-0.00071,0.00038,-0.00032,0.56703,-0.00062,0.11211,0.00082,0.70606,-0.00013,0.70815,1,1,0,0
1765409512.285929,-0.03982,0.04180,0.01332,0.00052,0.00069,-0.00019,0.56703,-0.00062,0.11211,0.00082,0.70606,-0.00013,0.70815,1,1,0,0
1765409512.287959,-0.03113,0.01740,0.00652,0.00044,-0.00002,0.00008,0.56708,-0.00062,0.11212,0.00082,0.70606,-0.00013,0.70815,1,1,0,0
1765409512.289929,-0.01713,-0.02069,-0.00040,-0.00067,0.00072,-0.00033,0.56708,-0.00062,0.11212,0.00082,0.70606,-0.00013,0.70815,1,1,0,0
1765409512.291964,-0.01949,-0.00062,0.00669,0.00132,0.00099,-0.00007,0.56713,-0.00062,0.11213,0.00082,0.70606,-0.00013,0.70815,1,1,0,0
1765409512.293981,-0.01436,0.04157,0.01344,0.00030,0.00001,0.00020,0.56713,-0.00062,0.11213,0.00082,0.70606,-0.00013,0.70815,1,1,0,0
1765409512.296021,-0.00403,0.02702,-0.00138,-0.00097,-0.00100,-0.00022,0.56740,-0.00062,0.11219,0.00082,0.70606,-0.00013,0.70816,1,1,0,0
1765409512.297983,-0.01040,0.01875,-0.00890,0.00046,0.00074,0.00018,0.56740,-0.00062,0.11219,0.00082,0.70606,-0.00013,0.70816,1,1,0,0
1765409512.299997,-0.03924,0.00225,-0.03869,0.00004,0.00047,0.00006,0.56740,-0.00062,0.11219,0.00082,0.70606,-0.00013,0.70816,1,1,0,0
1765409512.301982,-0.02275,0.04076,0.03575,0.00029,0.00162,-0.00059,0.56740,-0.00062,0.11219,0.00082,0.70606,-0.00013,0.70816,1,1,0,0
1765409512.303957,-0.04816,0.02671,0.02885,0.00033,0.00131,-0.00016,0.56740,-0.00062,0.11219,0.00082,0.70606,-0.00013,0.70816,1,1,0,0
1765409512.305970,-0.02256,0.04549,0.01295,-0.00009,0.00162,-0.00034,0.56740,-0.00062,0.11219,0.00082,0.70606,-0.00013,0.70816,1,1,0,0
1765409512.307978,-0.00916,-0.02517,-0.03057,-0.00007,-0.00000,-0.00023,0.56740,-0.00062,0.11219,0.00082,0.70606,-0.00013,0.70816,1,1,0,0
1765409512.309973,0.00264,-0.02787,0.00729,0.00077,0.00036,-0.00035,0.56740,-0.00062,0.11219,0.00082,0.70606,-0.00013,0.70816,1,1,0,0
1765409512.311963,-0.02607,-0.02976,0.03026,0.00009,0.00032,-0.00043,0.56740,-0.00062,0.11219,0.00082,0.70606,-0.00013,0.70816,1,1,0,0
1765409512.313972,-0.02097,-0.00390,-0.08435,-0.00135,0.00102,-0.00027,0.56740,-0.00062,0.11219,0.00082,0.70606,-0.00013,0.70816,1,1,0,0
1765409512.315966,-0.04441,-0.00225,0.01480,-0.00264,-0.00074,-0.00016,0.56740,-0.00062,0.11219,0.00082,0.70606,-0.00013,0.70816,1,1,0,0
1765409512.317952,-0.04182,0.00934,-0.00101,-0.00141,0.00061,-0.00032,0.56740,-0.00062,0.11219,0.00082,0.70606,-0.00013,0.70816,1,1,0,0
1765409512.319969,-0.01799,-0.00611,-0.00847,-0.00006,0.00123,-0.00035,0.56744,-0.00062,0.11220,0.00082,0.70606,-0.00013,0.70815,1,1,0,0
1765409512.321968,-0.03440,-0.04922,-0.03747,0.00007,0.00007,-0.00034,0.56744,-0.00062,0.11220,0.00082,0.70606,-0.00013,0.70815,1,1,0,0
1765409512.323970,-0.00973,-0.02534,0.03011,0.00036,0.00051,-0.00018,0.56749,-0.00062,0.11221,0.00082,0.70606,-0.00013,0.70815,1,1,0,0
1765409512.325986,-0.02996,0.01161,-0.02372,-0.00094,0.00048,0.00019,0.56749,-0.00062,0.11221,0.00082,0.70606,-0.00013,0.70815,1,1,0,0
1765409512.327982,-0.05076,0.02995,0.00632,-0.00094,-0.00018,-0.00004,0.56753,-0.00062,0.11222,0.00082,0.70606,-0.00013,0.70815,1,1,0,0
1765409512.330011,-0.04762,-0.00231,-0.00824,0.00020,0.00044,-0.00018,0.56753,-0.00062,0.11222,0.00082,0.70606,-0.00013,0.70815,1,1,0,0
1765409512.331971,-0.04707,-0.00279,-0.00827,-0.00046,0.00082,-0.00018,0.56758,-0.00062,0.11223,0.00082,0.70606,-0.00013,0.70815,1,1,0,0
1765409512.334026,-0.01432,0.00142,0.01410,0.00047,0.00118,-0.00033,0.56758,-0.00062,0.11223,0.00082,0.70606,-0.00013,0.70815,1,1,0,0
1765409512.335986,-0.01388,0.02607,0.00597,-0.00011,0.00090,-0.00021,0.56762,-0.00062,0.11224,0.00082,0.70606,-0.00013,0.70816,1,1,0,0
1765409512.337990,-0.01399,0.00662,0.01398,0.00031,0.00078,-0.00047,0.56762,-0.00062,0.11224,0.00082,0.70606,-0.00013,0.70816,1,1,0,0
1765409512.339977,-0.01261,-0.03772,0.03059,-0.00088,0.00018,-0.00004,0.56767,-0.00062,0.11225,0.00082,0.70605,-0.00013,0.70816,1,1,0,0
1765409512.342030,-0.05164,-0.04415,0.00793,0.00035,0.00065,-0.00042,0.56767,-0.00062,0.11225,0.00082,0.70605,-0.00013,0.70816,1,1,0,0
1765409512.344010,-0.00881,0.03273,-0.06262,-0.00112,0.00122,-0.00027,0.56772,-0.00062,0.11226,0.00082,0.70605,-0.00013,0.70816,1,1,0,0
1765409512.345992,-0.04691,0.03244,0.05926,-0.00047,0.00002,-0.00027,0.56776,-0.00062,0.11227,0.00082,0.70605,-0.00013,0.70816,1,1,0,0
1765409512.348003,0.01531,0.05207,-0.01762,-0.00023,0.00129,-0.00000,0.56781,-0.00062,0.11228,0.00082,0.70605,-0.00013,0.70816,1,1,0,0
1765409512.350022,-0.01919,-0.01094,0.02943,0.00119,0.00175,-0.00059,0.56781,-0.00062,0.11228,0.00082,0.70605,-0.00013,0.70816,1,1,0,0
1765409512.351985,-0.00831,0.00855,-0.01620,-0.00141,0.00047,0.00004,0.56781,-0.00062,0.11228,0.00082,0.70605,-0.00013,0.70816,1,1,0,0
1765409512.353978,-0.02326,-0.06155,-0.05277,0.00189,0.00057,-0.00103,0.56781,-0.00062,0.11228,0.00082,0.70605,-0.00013,0.70816,1,1,0,0
1765409512.356030,-0.05676,-0.03608,-0.03019,0.00132,0.00020,-0.00045,0.56799,-0.00062,0.11233,0.00082,0.70604,-0.00013,0.70817,1,1,0,0
1765409512.358019,-0.03870,-0.00258,0.02230,-0.00046,0.00021,0.00024,0.56799,-0.00062,0.11233,0.00082,0.70604,-0.00013,0.70817,1,1,0,0
1765409512.360015,-0.01773,0.04349,-0.01713,-0.00055,0.00056,-0.00010,0.56799,-0.00062,0.11233,0.00082,0.70604,-0.00013,0.70817,1,1,0,0
1765409512.362004,-0.03123,0.03711,-0.00942,0.00068,0.00021,-0.00048,0.56799,-0.00062,0.11233,0.00082,0.70604,-0.00013,0.70817,1,1,0,0
1765409512.363999,-0.02558,-0.00631,-0.05399,-0.00094,0.00132,-0.00037,0.56799,-0.00062,0.11233,0.00082,0.70604,-0.00013,0.70817,1,1,0,0
1765409512.366020,-0.03859,0.01773,-0.02408,0.00001,-0.00020,-0.00074,0.56799,-0.00062,0.11233,0.00082,0.70604,-0.00013,0.70817,1,1,0,0
1765409512.368001,-0.05866,0.02036,-0.03896,-0.00127,-0.00046,-0.00019,0.56799,-0.00062,0.11233,0.00082,0.70604,-0.00013,0.70817,1,1,0,0
1765409512.370049,-0.05106,-0.02412,-0.01514,-0.00028,-0.00013,-0.00017,0.56799,-0.00062,0.11233,0.00082,0.70604,-0.00013,0.70817,1,1,0,0
1765409512.371998,-0.02304,-0.01340,-0.00073,0.00072,0.00155,-0.00033,0.56803,-0.00062,0.11234,0.00082,0.70604,-0.00013,0.70817,1,1,0,0
1765409512.374009,-0.03089,-0.03702,-0.00772,0.00087,0.00064,-0.00086,0.56803,-0.00062,0.11234,0.00082,0.70604,-0.00013,0.70817,1,1,0,0
1765409512.375997,0.00346,0.01638,0.03658,-0.00022,0.00019,-0.00033,0.56803,-0.00062,0.11234,0.00082,0.70604,-0.00013,0.70817,1,1,0,0
1765409512.378003,0.00236,0.02107,0.05905,0.00071,0.00095,-0.00046,0.56808,-0.00062,0.11235,0.00082,0.70604,-0.00013,0.70817,1,1,0,0
1765409512.380017,-0.00403,0.03061,-0.03956,-0.00158,0.00040,0.00001,0.56808,-0.00062,0.11235,0.00082,0.70604,-0.00013,0.70817,1,1,0,0
1765409512.382008,-0.03102,0.00215,-0.00076,0.00026,0.00050,0.00008,0.56812,-0.00062,0.11236,0.00082,0.70604,-0.00013,0.70817,1,1,0,0
1765409512.384017,-0.02573,0.00947,-0.05423,-0.00053,0.00017,-0.00037,0.56817,-0.00062,0.11237,0.00082,0.70604,-0.00013,0.70817,1,1,0,0
1765409512.386064,-0.05243,-0.01449,-0.00047,0.00093,0.00076,-0.00044,0.56817,-0.00062,0.11237,0.00082,0.70604,-0.00013,0.70817,1,1,0,0
1765409512.388052,-0.03115,0.01121,-0.03183,0.00037,0.00175,-0.00063,0.56822,-0.00062,0.11238,0.00082,0.70603,-0.00013,0.70818,1,1,0,0
1765409512.390049,0.00608,0.01382,0.02125,0.00128,0.00079,-0.00049,0.56844,-0.00062,0.11244,0.00082,0.70602,-0.00013,0.70819,1,1,0,0
1765409512.392029,-0.00442,0.00674,-0.00094,-0.00078,-0.00021,-0.00008,0.56844,-0.00062,0.11244,0.00082,0.70602,-0.00013,0.70819,1,1,0,0
1765409512.394025,-0.04269,-0.00099,-0.06153,-0.00088,0.00128,-0.00009,0.56844,-0.00062,0.11244,0.00082,0.70602,-0.00013,0.70819,1,1,0,0
1765409512.396027,-0.04692,-0.01239,-0.02304,-0.00058,0.00032,0.00008,0.56844,-0.00062,0.11244,0.00082,0.70602,-0.00013,0.70819,1,1,0,0
1765409512.398036,-0.05614,-0.03221,-0.00735,0.00006,0.00096,0.00024,0.56844,-0.00062,0.11244,0.00082,0.70602,-0.00013,0.70819,1,1,0,0
1765409512.400028,0.01170,-0.01411,0.02197,-0.00015,0.00113,-0.00035,0.56844,-0.00062,0.11244,0.00082,0.70602,-0.00013,0.70819,1,1,0,0
1765409512.402033,0.00265,0.02047,0.03638,0.00005,0.00134,-0.00007,0.56844,-0.00062,0.11244,0.00082,0.70602,-0.00013,0.70819,1,1,0,0
1765409512.404060,0.00828,0.02796,-0.00926,-0.00117,0.00051,-0.00011,0.56844,-0.00062,0.11244,0.00082,0.70602,-0.00013,0.70819,1,1,0,0
1765409512.406021,-0.04755,0.01276,-0.00856,0.00017,0.00005,-0.00018,0.56844,-0.00062,0.11244,0.00082,0.70602,-0.00013,0.70819,1,1,0,0
1765409512.408032,-0.04590,0.01767,0.00638,-0.00109,-0.00024,-0.00071,0.56844,-0.00062,0.11244,0.00082,0.70602,-0.00013,0.70819,1,1,0,0
1765409512.410043,-0.04265,-0.05415,0.02350,-0.00021,0.00030,-0.00014,0.56844,-0.00062,0.11244,0.00082,0.70602,-0.00013,0.70819,1,1,0,0
1765409512.412028,-0.03974,-0.00887,-0.00095,0.00034,0.00250,-0.00046,0.56844,-0.00062,0.11244,0.00082,0.70602,-0.00013,0.70819,1,1,0,0
1765409512.414050,-0.01328,0.00657,0.04440,-0.00034,0.00065,-0.00044,0.56849,-0.00062,0.11245,0.00082,0.70602,-0.00013,0.70819,1,1,0,0
1765409512.416041,-0.02554,0.02423,-0.03181,-0.00079,0.00015,-0.00036,0.56854,-0.00062,0.11246,0.00082,0.70602,-0.00013,0.70819,1,1,0,0
1765409512.418049,-0.04775,0.00307,-0.01614,0.00070,0.00018,-0.00073,0.56854,-0.00062,0.11246,0.00082,0.70602,-0.00013,0.70819,1,1,0,0
1765409512.420073,-0.04390,-0.02443,-0.03049,0.00081,0.00042,-0.00020,0.56854,-0.00062,0.11246,0.00082,0.70602,-0.00013,0.70819,1,1,0,0
1765409512.422059,-0.04444,-0.03502,-0.00026,0.00133,0.00182,-0.00071,0.56858,-0.00062,0.11247,0.00082,0.70601,-0.00013,0.70820,1,1,0,0
1765409512.424044,-0.01857,-0.00634,0.00664,0.00037,0.00174,-0.00034,0.56858,-0.00062,0.11247,0.00082,0.70601,-0.00013,0.70820,1,1,0,0
1765409512.426060,-0.00556,0.01069,0.01383,-0.00007,0.00145,-0.00021,0.56872,-0.00062,0.11251,0.00082,0.70600,-0.00012,0.70821,1,1,0,0
1765409512.428044,-0.00988,0.01394,0.02154,0.00018,0.00061,-0.00007,0.56885,-0.00062,0.11254,0.00082,0.70600,-0.00012,0.70821,1,1,0,0
1765409512.430069,0.00719,0.02278,0.02860,-0.00014,0.00141,-0.00035,0.56885,-0.00062,0.11254,0.00082,0.70600,-0.00012,0.70821,1,1,0,0
1765409512.432043,-0.02134,0.03558,0.02841,-0.00109,0.00136,-0.00046,0.56885,-0.00062,0.11254,0.00082,0.70600,-0.00012,0.70821,1,1,0,0
1765409512.434054,-0.01460,0.02102,-0.06208,0.00027,0.00093,0.00027,0.56890,-0.00062,0.11256,0.00082,0.70599,-0.00012,0.70822,1,1,0,0
1765409512.436062,-0.04247,0.00518,0.02980,-0.00080,-0.00026,0.00025,0.56890,-0.00062,0.11256,0.00082,0.70599,-0.00012,0.70822,1,1,0,0
1765409512.438047,-0.01411,-0.01302,-0.03084,0.00029,0.00043,0.00004,0.56890,-0.00062,0.11256,0.00082,0.70599,-0.00012,0.70822,1,1,0,0
1765409512.440048,-0.03503,-0.03403,-0.02264,0.00069,-0.00019,-0.00033,0.56890,-0.00062,0.11256,0.00082,0.70599,-0.00012,0.70822,1,1,0,0
1765409512.442068,-0.00945,0.01745,-0.02440,-0.00065,0.00212,-0.00024,0.56890,-0.00062,0.11256,0.00082,0.70599,-0.00012,0.70822,1,1,0,0
1765409512.444075,-0.02199,0.01464,0.00666,-0.00374,-0.00128,-0.00046,0.56890,-0.00062,0.11256,0.00082,0.70599,-0.00012,0.70822,1,1,0,0
1765409512.446075,-0.05572,0.01735,-0.01637,-0.00022,0.00065,-0.00032,0.56890,-0.00062,0.11256,0.00082,0.70599,-0.00012,0.70822,1,1,0,0
1765409512.448082,-0.03871,-0.01742,0.00730,-0.00020,0.00047,-0.00017,0.56890,-0.00062,0.11256,0.00082,0.70599,-0.00012,0.70822,1,1,0,0
1765409512.450059,-0.03852,-0.02756,0.00005,-0.00054,0.00061,0.00010,0.56890,-0.00062,0.11256,0.00082,0.70599,-0.00012,0.70822,1,1,0,0
1765409512.452096,-0.02670,0.02379,0.02119,0.00008,0.00118,-0.00032,0.56890,-0.00062,0.11256,0.00082,0.70599,-0.00012,0.70822,1,1,0,0
1765409512.454062,-0.02613,0.05865,-0.04022,-0.00059,0.00027,-0.00011,0.56894,-0.00062,0.11257,0.00082,0.70598,-0.00012,0.70823,1,1,0,0
1765409512.456061,-0.02575,0.00879,-0.01636,-0.00076,0.00106,-0.00035,0.56894,-0.00062,0.11257,0.00082,0.70598,-0.00012,0.70823,1,1,0,0
1765409512.458061,-0.02183,-0.02334,-0.00805,-0.00027,0.00129,-0.00047,0.56899,-0.00062,0.11259,0.00082,0.70598,-0.00012,0.70823,1,1,0,0
1765409512.460064,-0.02087,-0.02342,-0.01559,-0.00115,0.00102,-0.00048,0.56899,-0.00062,0.11259,0.00082,0.70598,-0.00012,0.70823,1,1,0,0
1765409512.462072,-0.03206,0.01198,-0.00881,0.00125,0.00100,-0.00020,0.56904,-0.00062,0.11260,0.00082,0.70597,-0.00012,0.70824,1,1,0,0
1765409512.464064,-0.05704,0.07105,0.01251,0.00043,0.00164,-0.00018,0.56904,-0.00062,0.11260,0.00082,0.70597,-0.00012,0.70824,1,1,0,0
1765409512.466113,-0.02743,0.02428,-0.00121,0.00053,0.00044,0.00047,0.56913,-0.00062,0.11263,0.00082,0.70596,-0.00012,0.70825,1,1,0,0
1765409512.468085,-0.01742,-0.04001,0.02298,-0.00025,0.00036,-0.00017,0.56935,-0.00062,0.11269,0.00082,0.70594,-0.00012,0.70827,1,1,0,0
1765409512.470074,-0.00122,0.01861,0.04428,-0.00019,0.00050,0.00021,0.56935,-0.00062,0.11269,0.00082,0.70594,-0.00012,0.70827,1,1,0,0
1765409512.472105,-0.02541,0.03377,0.00611,-0.00132,0.00028,0.00021,0.56935,-0.00062,0.11269,0.00082,0.70594,-0.00012,0.70827,1,1,0,0
1765409512.474079,-0.05140,0.02891,-0.03186,-0.00073,0.00123,-0.00007,0.56935,-0.00062,0.11269,0.00082,0.70594,-0.00012,0.70827,1,1,0,0
1765409512.476887,-0.03495,0.01446,-0.02389,-0.00003,0.00053,-0.00008,0.56935,-0.00062,0.11269,0.00082,0.70594,-0.00012,0.70827,1,1,0,0
1765409512.478093,-0.02117,-0.03779,-0.01517,-0.00066,0.00066,-0.00047,0.56935,-0.00062,0.11269,0.00082,0.70594,-0.00012,0.70827,1,1,0,0
1765409512.480094,-0.04307,-0.02483,-0.00011,-0.00007,0.00066,-0.00017,0.56935,-0.00062,0.11269,0.00082,0.70594,-0.00012,0.70827,1,1,0,0
1765409512.482111,-0.01956,0.00156,0.04493,-0.00259,-0.00002,0.00011,0.56935,-0.00062,0.11269,0.00082,0.70594,-0.00012,0.70827,1,1,0,0
1765409512.484097,-0.01731,0.00301,0.02165,-0.00104,0.00185,-0.00019,0.56935,-0.00062,0.11269,0.00082,0.70594,-0.00012,0.70827,1,1,0,0
1765409512.486094,-0.00429,0.00587,-0.02402,-0.00101,0.00093,-0.00051,0.56935,-0.00062,0.11269,0.00082,0.70594,-0.00012,0.70827,1,1,0,0
1765409512.488090,-0.02645,-0.01088,0.00675,0.00010,0.00146,-0.00059,0.56935,-0.00062,0.11269,0.00082,0.70594,-0.00012,0.70827,1,1,0,0
1765409512.490107,-0.03849,0.00167,-0.00075,-0.00084,0.00097,0.00008,0.56935,-0.00062,0.11269,0.00082,0.70594,-0.00012,0.70827,1,1,0,0
1765409512.492115,-0.05807,0.01520,0.08237,-0.00155,0.00016,-0.00077,0.56935,-0.00062,0.11269,0.00082,0.70594,-0.00012,0.70827,1,1,0,0
1765409512.494083,-0.01812,-0.00023,0.03723,0.00023,0.00008,-0.00004,0.56940,-0.00062,0.11271,0.00082,0.70594,-0.00012,0.70828,1,1,0,0
1765409512.496109,-0.01689,0.00907,-0.02389,-0.00097,0.00032,-0.00036,0.56940,-0.00062,0.11271,0.00082,0.70594,-0.00012,0.70828,1,1,0,0
1765409512.498099,-0.01836,-0.00580,-0.01604,0.00038,0.00098,-0.00035,0.56944,-0.00062,0.11272,0.00082,0.70593,-0.00012,0.70828,1,1,0,0
1765409512.500113,-0.03951,0.00156,0.01434,0.00003,0.00149,0.00009,0.56944,-0.00062,0.11272,0.00082,0.70593,-0.00012,0.70828,1,1,0,0
1765409512.502108,-0.04521,-0.00541,-0.00088,0.00169,0.00181,-0.00032,0.56948,-0.00062,0.11273,0.00082,0.70593,-0.00012,0.70828,1,1,0,0
1765409512.504111,-0.05984,0.01490,-0.06191,-0.00025,0.00070,-0.00048,0.56948,-0.00062,0.11273,0.00082,0.70593,-0.00012,0.70828,1,1,0,0
1765409512.506138,-0.04398,0.03009,-0.00935,0.00103,0.00036,-0.00087,0.56953,-0.00062,0.11274,0.00082,0.70593,-0.00012,0.70828,1,1,0,0
1765409512.508116,0.00356,-0.02877,-0.02298,-0.00055,0.00087,0.00003,0.56957,-0.00062,0.11276,0.00082,0.70592,-0.00012,0.70829,1,1,0,0
1765409512.510113,-0.02196,-0.03355,0.04523,-0.00018,0.00192,-0.00056,0.56957,-0.00062,0.11276,0.00082,0.70592,-0.00012,0.70829,1,1,0,0
1765409512.512120,-0.00867,-0.03078,-0.00008,-0.00080,0.00063,-0.00007,0.56985,-0.00062,0.11284,0.00082,0.70589,-0.00012,0.70832,1,1,0,0
1765409512.514110,-0.03472,0.01379,-0.00120,-0.00048,0.00129,-0.00006,0.56985,-0.00062,0.11284,0.00082,0.70589,-0.00012,0.70832,1,1,0,0
1765409512.516115,-0.04687,0.03678,0.02879,-0.00085,0.00053,-0.00003,0.56985,-0.00062,0.11284,0.00082,0.70589,-0.00012,0.70832,1,1,0,0
1765409512.518167,-0.02955,0.01213,0.00659,-0.00093,-0.00004,-0.00019,0.56985,-0.00062,0.11284,0.00082,0.70589,-0.00012,0.70832,1,1,0,0
1765409512.520113,-0.03070,-0.00255,-0.00829,0.00020,0.00024,-0.00020,0.56985,-0.00062,0.11284,0.00082,0.70589,-0.00012,0.70832,1,1,0,0
1765409512.522204,-0.02626,-0.02464,0.01490,0.00037,0.00020,-0.00058,0.56985,-0.00062,0.11284,0.00082,0.70589,-0.00012,0.70832,1,1,0,0
1765409512.524151,-0.02217,-0.00381,-0.03887,-0.00025,0.00141,-0.00023,0.56985,-0.00062,0.11284,0.00082,0.70589,-0.00012,0.70832,1,1,0,0
1765409512.526103,-0.04858,-0.00224,-0.00070,0.00108,0.00071,-0.00018,0.56985,-0.00062,0.11284,0.00082,0.70589,-0.00012,0.70832,1,1,0,0
1765409512.528145,-0.01664,0.02888,-0.04702,-0.00138,-0.00008,-0.00011,0.56985,-0.00062,0.11284,0.00082,0.70589,-0.00012,0.70832,1,1,0,0
1765409512.530127,-0.04252,-0.00053,-0.00829,-0.00087,0.00076,-0.00005,0.56985,-0.00062,0.11284,0.00082,0.70589,-0.00012,0.70832,1,1,0,0
1765409512.532135,-0.01828,0.03273,-0.01694,-0.00046,0.00172,0.00017,0.56985,-0.00062,0.11284,0.00082,0.70589,-0.00012,0.70832,1,1,0,0
1765409512.534158,-0.00651,0.01569,0.02895,0.00064,0.00158,0.00007,0.56985,-0.00062,0.11284,0.00082,0.70589,-0.00012,0.70832,1,1,0,0
1765409512.536132,-0.01117,0.00878,0.00640,0.00121,0.00127,0.00006,0.56985,-0.00062,0.11284,0.00082,0.70589,-0.00012,0.70832,1,1,0,0
1765409512.538159,-0.04008,-0.03761,-0.01527,0.00108,0.00165,-0.00046,0.56989,-0.00062,0.11285,0.00082,0.70589,-0.00012,0.70832,1,1,0,0
1765409512.540140,-0.03920,-0.05148,-0.02228,0.00070,0.00025,-0.00045,0.56989,-0.00062,0.11285,0.00082,0.70589,-0.00012,0.70832,1,1,0,0
1765409512.542125,-0.02237,0.00189,0.01439,0.00004,0.00052,0.00008,0.56994,-0.00062,0.11286,0.00082,0.70589,-0.00012,0.70832,1,1,0,0
1765409512.544174,-0.04926,0.02704,-0.03193,0.00143,0.00120,-0.00021,0.56994,-0.00062,0.11286,0.00082,0.70589,-0.00012,0.70832,1,1,0,0
1765409512.546130,-0.01894,0.06844,0.03523,0.00062,0.00079,-0.00033,0.56998,-0.00062,0.11287,0.00082,0.70588,-0.00012,0.70833,1,1,0,0
1765409512.548153,-0.01391,0.05013,0.01290,-0.00047,0.00152,-0.00008,0.56998,-0.00062,0.11287,0.00082,0.70588,-0.00012,0.70833,1,1,0,0
1765409512.550145,-0.00578,-0.00347,0.02947,0.00041,0.00082,-0.00019,0.57003,-0.00062,0.11289,0.00082,0.70587,-0.00012,0.70834,1,1,0,0
1765409512.552196,-0.05090,-0.02999,-0.00750,-0.00079,0.00089,-0.00003,0.57003,-0.00062,0.11289,0.00082,0.70587,-0.00012,0.70834,1,1,0,0
1765409512.554188,-0.05259,-0.02483,-0.03833,0.00102,0.00140,-0.00060,0.57007,-0.00062,0.11290,0.00082,0.70587,-0.00012,0.70834,1,1,0,0
1765409512.556189,-0.05946,0.01474,0.00625,-0.00047,0.00107,-0.00084,0.57007,-0.00062,0.11290,0.00082,0.70587,-0.00012,0.70834,1,1,0,0
1765409512.558184,-0.03029,0.00640,-0.02360,-0.00078,0.00087,0.00033,0.57012,-0.00062,0.11292,0.00082,0.70586,-0.00012,0.70835,1,1,0,0
1765409512.560188,-0.00933,-0.00143,0.01427,-0.00044,0.00112,-0.00007,0.57043,-0.00062,0.11302,0.00082,0.70582,-0.00012,0.70839,1,1,0,0
1765409512.562148,-0.04776,-0.02255,-0.00017,0.00017,0.00110,-0.00003,0.57043,-0.00062,0.11302,0.00082,0.70582,-0.00012,0.70839,1,1,0,0
1765409512.564160,-0.03559,0.01400,0.00654,0.00018,0.00118,0.00035,0.57043,-0.00062,0.11302,0.00082,0.70582,-0.00012,0.70839,1,1,0,0
1765409512.566177,-0.03444,0.01953,-0.00883,-0.00041,0.00027,-0.00020,0.57043,-0.00062,0.11302,0.00082,0.70582,-0.00012,0.70839,1,1,0,0
1765409512.568156,-0.05137,0.01484,-0.01637,-0.00025,0.00060,-0.00046,0.57043,-0.00062,0.11302,0.00082,0.70582,-0.00012,0.70839,1,1,0,0
1765409512.570182,-0.01296,-0.00813,0.01444,-0.00052,0.00040,-0.00046,0.57043,-0.00062,0.11302,0.00082,0.70582,-0.00012,0.70839,1,1,0,0
1765409512.572227,0.00397,-0.02327,0.00715,-0.00049,0.00034,-0.00048,0.57043,-0.00062,0.11302,0.00082,0.70582,-0.00012,0.70839,1,1,0,0
1765409512.574165,-0.02323,-0.03314,-0.02297,0.00092,0.00157,-0.00021,0.57043,-0.00062,0.11302,0.00082,0.70582,-0.00012,0.70839,1,1,0,0
1765409512.576209,-0.02201,-0.00828,0.00679,-0.00009,0.00102,-0.00046,0.57043,-0.00062,0.11302,0.00082,0.70582,-0.00012,0.70839,1,1,0,0
1765409512.578183,-0.03502,0.00930,-0.01616,-0.00009,0.00079,0.00007,0.57043,-0.00062,0.11302,0.00082,0.70582,-0.00012,0.70839,1,1,0,0
1765409512.580169,-0.05126,0.01947,-0.01659,-0.00041,0.00097,-0.00059,0.57043,-0.00062,0.11302,0.00082,0.70582,-0.00012,0.70839,1,1,0,0
1765409512.582181,-0.03880,0.01212,-0.01624,-0.00028,0.00045,-0.00020,0.57043,-0.00062,0.11302,0.00082,0.70582,-0.00012,0.70839,1,1,0,0
1765409512.584195,-0.03136,0.00680,-0.03881,0.00031,0.00076,0.00031,0.57043,-0.00062,0.11302,0.00082,0.70582,-0.00012,0.70839,1,1,0,0
1765409512.586207,-0.03868,0.00181,-0.01593,-0.00062,0.00084,0.00007,0.57043,-0.00062,0.11302,0.00082,0.70582,-0.00012,0.70839,1,1,0,0
1765409512.588204,-0.01322,-0.02805,-0.00024,-0.00033,0.00068,-0.00033,0.57043,-0.00062,0.11302,0.00082,0.70582,-0.00012,0.70839,1,1,0,0
1765409512.590187,-0.02723,-0.00611,-0.03130,0.00059,0.00172,-0.00036,0.57047,-0.00062,0.11303,0.00082,0.70581,-0.00012,0.70840,1,1,0,0
1765409512.592189,-0.01687,-0.03554,-0.00002,-0.00085,0.00073,-0.00033,0.57047,-0.00062,0.11303,0.00082,0.70581,-0.00012,0.70840,1,1,0,0
1765409512.594158,-0.00396,0.00239,-0.02359,-0.00083,-0.00098,-0.00037,0.57052,-0.00062,0.11305,0.00082,0.70581,-0.00012,0.70840,1,1,0,0
1765409512.596165,-0.01713,0.01909,0.03649,-0.00063,0.00043,-0.00058,0.57052,-0.00062,0.11305,0.00082,0.70581,-0.00012,0.70840,1,1,0,0
1765409512.598192,-0.01376,0.04056,0.02092,-0.00059,0.00102,0.00020,0.57056,-0.00062,0.11306,0.00082,0.70580,-0.00012,0.70841,1,1,0,0
1765409512.600187,-0.02679,0.05832,-0.00253,0.00006,0.00115,-0.00049,0.57056,-0.00062,0.11306,0.00082,0.70580,-0.00012,0.70841,1,1,0,0
1765409512.602230,-0.03561,0.02409,0.01344,0.00074,0.00141,-0.00073,0.57056,-0.00062,0.11306,0.00082,0.70580,-0.00012,0.70841,1,1,0,0
1765409512.604205,-0.02989,-0.01282,0.00690,-0.00036,0.00074,-0.00072,0.57061,-0.00062,0.11308,0.00082,0.70579,-0.00012,0.70842,1,1,0,0
1765409512.606204,-0.03949,0.00244,0.02930,0.00070,0.00084,-0.00070,0.57061,-0.00062,0.11308,0.00082,0.70579,-0.00012,0.70842,1,1,0,0
1765409512.608203,-0.04179,-0.00970,0.01467,-0.00098,-0.00001,-0.00057,0.57065,-0.00062,0.11309,0.00082,0.70579,-0.00012,0.70842,1,1,0,0
1765409512.610188,-0.04861,-0.00062,0.02226,-0.00306,0.00033,-0.00001,0.57070,-0.00062,0.11311,0.00082,0.70578,-0.00012,0.70843,1,1,0,0
1765409512.612203,-0.06455,0.04637,0.00537,-0.00009,0.00187,-0.00071,0.57096,-0.00062,0.11319,0.00082,0.70575,-0.00012,0.70846,1,1,0,0
1765409512.614190,-0.04354,0.01417,-0.00098,-0.00025,0.00102,0.00035,0.57096,-0.00062,0.11319,0.00082,0.70575,-0.00012,0.70846,1,1,0,0
1765409512.616193,-0.01766,0.01388,-0.03916,-0.00047,0.00058,-0.00010,0.57096,-0.00062,0.11319,0.00082,0.70575,-0.00012,0.70846,1,1,0,0
1765409512.618218,-0.04049,-0.00703,-0.00813,0.00146,0.00036,-0.00005,0.57096,-0.00062,0.11319,0.00082,0.70575,-0.00012,0.70846,1,1,0,0
1765409512.620237,-0.00838,0.00826,-0.04644,-0.00163,0.00061,0.00042,0.57096,-0.00062,0.11319,0.00082,0.70575,-0.00012,0.70846,1,1,0,0
1765409512.622194,-0.03498,-0.03461,-0.00736,0.00025,0.00032,0.00009,0.57096,-0.00062,0.11319,0.00082,0.70575,-0.00012,0.70846,1,1,0,0
1765409512.624204,-0.05046,-0.02248,-0.01573,0.00280,0.00214,-0.00046,0.57096,-0.00062,0.11319,0.00082,0.70575,-0.00012,0.70846,1,1,0,0
1765409512.626225,-0.02722,-0.01975,-0.00778,0.00087,0.00021,0.00007,0.57096,-0.00062,0.11319,0.00082,0.70575,-0.00012,0.70846,1,1,0,0
1765409512.628218,-0.01798,0.01870,0.00618,-0.00020,0.00095,-0.00021,0.57096,-0.00062,0.11319,0.00082,0.70575,-0.00012,0.70846,1,1,0,0
1765409512.630225,-0.01063,0.02933,-0.02418,0.00081,-0.00015,0.00030,0.57096,-0.00062,0.11319,0.00082,0.70575,-0.00012,0.70846,1,1,0,0
1765409512.632233,-0.01662,0.01898,-0.00109,-0.00150,-0.00007,0.00020,0.57096,-0.00062,0.11319,0.00082,0.70575,-0.00012,0.70846,1,1,0,0
1765409512.634218,-0.02618,0.00397,0.00659,-0.00038,0.00107,-0.00019,0.57096,-0.00062,0.11319,0.00082,0.70575,-0.00012,0.70846,1,1,0,0
1765409512.636362,-0.03476,0.01934,0.01390,-0.00019,0.00065,-0.00018,0.57096,-0.00062,0.11319,0.00082,0.70575,-0.00012,0.70846,1,1,0,0
1765409512.638313,-0.03098,0.00170,0.02177,0.00025,0.00125,-0.00031,0.57100,-0.00062,0.11320,0.00082,0.70575,-0.00012,0.70846,1,1,0,0
1765409512.640267,-0.01312,-0.02209,-0.00803,0.00018,-0.00035,-0.00088,0.57100,-0.00062,0.11320,0.00082,0.70575,-0.00012,0.70846,1,1,0,0
1765409512.642231,-0.03828,-0.00754,-0.00081,-0.00030,0.00058,-0.00085,0.57105,-0.00062,0.11321,0.00082,0.70574,-0.00012,0.70847,1,1,0,0
1765409512.644214,-0.03338,0.03397,-0.03196,-0.00154,0.00024,-0.00022,0.57105,-0.00062,0.11321,0.00082,0.70574,-0.00012,0.70847,1,1,0,0
1765409512.646206,-0.04271,-0.01028,-0.00809,-0.00055,0.00077,-0.00018,0.57109,-0.00062,0.11323,0.00082,0.70574,-0.00012,0.70847,1,1,0,0
1765409512.648225,-0.06496,-0.00250,-0.02347,0.00042,0.00129,-0.00018,0.57109,-0.00062,0.11323,0.00082,0.70574,-0.00012,0.70847,1,1,0,0
1765409512.650217,-0.02209,0.02130,0.00603,-0.00017,0.00100,-0.00047,0.57114,-0.00062,0.11324,0.00082,0.70573,-0.00012,0.70848,1,1,0,0
1765409512.652238,-0.03481,0.04350,0.00529,-0.00012,0.00151,-0.00087,0.57118,-0.00062,0.11326,0.00082,0.70573,-0.00012,0.70848,1,1,0,0
1765409512.654267,-0.00145,-0.01541,0.02232,0.00048,0.00015,-0.00006,0.57145,-0.00062,0.11333,0.00082,0.70571,-0.00012,0.70850,1,1,0,0
1765409512.656246,-0.02485,-0.05468,0.00068,-0.00109,0.00008,-0.00018,0.57145,-0.00062,0.11333,0.00082,0.70571,-0.00012,0.70850,1,1,0,0
1765409512.658221,-0.05622,-0.02724,0.03007,0.00055,0.00144,-0.00068,0.57149,-0.00062,0.11334,0.00082,0.70570,-0.00012,0.70851,1,1,0,0
1765409512.660255,-0.03805,0.05059,-0.07062,-0.00134,0.00130,-0.00052,0.57149,-0.00062,0.11334,0.00082,0.70570,-0.00012,0.70851,1,1,0,0
1765409512.662239,-0.04227,0.04416,-0.00175,-0.00120,0.00022,-0.00006,0.57149,-0.00062,0.11334,0.00082,0.70570,-0.00012,0.70851,1,1,0,0
1765409512.664235,-0.02662,0.00911,0.02918,0.00012,0.00106,-0.00031,0.57149,-0.00062,0.11334,0.00082,0.70570,-0.00012,0.70851,1,1,0,0
1765409512.666239,-0.02296,-0.02187,0.01505,0.00106,-0.00022,-0.00005,0.57149,-0.00062,0.11334,0.00082,0.70570,-0.00012,0.70851,1,1,0,0
1765409512.668252,-0.03047,-0.00326,-0.00838,-0.00025,0.00100,-0.00020,0.57149,-0.00062,0.11334,0.00082,0.70570,-0.00012,0.70851,1,1,0,0
1765409512.670304,-0.04331,0.01921,-0.02409,-0.00019,0.00101,-0.00020,0.57149,-0.00062,0.11334,0.00082,0.70570,-0.00012,0.70851,1,1,0,0
1765409512.672245,-0.04700,-0.00261,-0.01583,-0.00046,0.00056,-0.00019,0.57149,-0.00062,0.11334,0.00082,0.70570,-0.00012,0.70851,1,1,0,0
1765409512.674331,-0.03168,-0.01739,-0.06134,0.00133,0.00077,-0.00064,0.57149,-0.00062,0.11334,0.00082,0.70570,-0.00012,0.70851,1,1,0,0
1765409512.676237,-0.02607,-0.01996,-0.00014,-0.00023,0.00007,0.00008,0.57149,-0.00062,0.11334,0.00082,0.70570,-0.00012,0.70851,1,1,0,0
1765409512.678236,-0.00501,0.02507,-0.00176,-0.00077,0.00168,-0.00023,0.57149,-0.00062,0.11334,0.00082,0.70570,-0.00012,0.70851,1,1,0,0
1765409512.680229,-0.03553,0.00933,0.00641,0.00056,0.00117,-0.00032,0.57149,-0.00062,0.11334,0.00082,0.70570,-0.00012,0.70851,1,1,0,0
1765409512.682228,-0.05348,0.01518,-0.02425,0.00194,0.00112,-0.00087,0.57149,-0.00062,0.11334,0.00082,0.70570,-0.00012,0.70851,1,1,0,0
1765409512.684242,-0.04718,-0.00742,-0.00805,-0.00030,0.00044,-0.00004,0.57149,-0.00062,0.11334,0.00082,0.70570,-0.00012,0.70851,1,1,0,0
1765409512.686263,-0.01852,0.01426,0.05196,0.00041,0.00058,-0.00003,0.57149,-0.00062,0.11334,0.00082,0.70570,-0.00012,0.70851,1,1,0,0
1765409512.688301,-0.01337,0.02612,-0.00158,-0.00054,0.00064,-0.00022,0.57154,-0.00062,0.11335,0.00082,0.70570,-0.00012,0.70851,1,1,0,0
1765409512.690254,-0.01758,0.00421,-0.00856,-0.00037,0.00046,-0.00021,0.57154,-0.00062,0.11335,0.00082,0.70570,-0.00012,0.70851,1,1,0,0
1765409512.692260,-0.04378,0.00003,-0.01589,0.00045,0.00052,-0.00006,0.57158,-0.00062,0.11337,0.00082,0.70570,-0.00012,0.70852,1,1,0,0
1765409512.694238,-0.05311,-0.02940,0.00020,0.00118,0.00079,0.00038,0.57158,-0.00062,0.11337,0.00082,0.70570,-0.00012,0.70852,1,1,0,0
1765409512.696341,-0.03194,0.04137,0.01338,0.00073,0.00098,0.00021,0.57163,-0.00062,0.11338,0.00082,0.70569,-0.00012,0.70852,1,1,0,0
1765409512.698297,-0.05234,0.01543,0.01421,0.00063,0.00010,-0.00003,0.57163,-0.00062,0.11338,0.00082,0.70569,-0.00012,0.70852,1,1,0,0
1765409512.700268,-0.04712,0.01628,-0.05450,-0.00067,0.00156,-0.00036,0.57167,-0.00062,0.11340,0.00082,0.70569,-0.00012,0.70852,1,1,0,0
1765409512.702275,-0.04856,0.01203,-0.05432,0.00081,0.00121,-0.00022,0.57167,-0.00062,0.11340,0.00082,0.70569,-0.00012,0.70852,1,1,0,0
1765409512.704278,-0.04894,-0.02728,-0.06875,0.00164,0.00149,-0.00076,0.57194,-0.00062,0.11348,0.00082,0.70566,-0.00012,0.70855,1,1,0,0
1765409512.706263,-0.02209,-0.02717,-0.03032,0.00012,-0.00022,0.00006,0.57194,-0.00062,0.11348,0.00082,0.70566,-0.00012,0.70855,1,1,0,0
1765409512.708256,-0.03197,-0.02185,-0.05350,0.00171,0.00027,-0.00050,0.57194,-0.00062,0.11348,0.00082,0.70566,-0.00012,0.70855,1,1,0,0
1765409512.710270,-0.05788,0.00996,0.05992,-0.00205,0.00017,-0.00025,0.57194,-0.00062,0.11348,0.00082,0.70566,-0.00012,0.70855,1,1,0,0
1765409512.712382,-0.01411,0.04525,-0.02489,-0.00031,0.00140,0.00003,0.57194,-0.00062,0.11348,0.00082,0.70566,-0.00012,0.70855,1,1,0,0
1765409512.714275,-0.03037,-0.00364,-0.03122,-0.00047,0.00138,-0.00022,0.57194,-0.00062,0.11348,0.00082,0.70566,-0.00012,0.70855,1,1,0,0
1765409512.716289,-0.01700,0.00815,-0.02404,-0.00120,0.00146,-0.00036,0.57194,-0.00062,0.11348,0.00082,0.70566,-0.00012,0.70855,1,1,0,0
1765409512.718278,-0.02589,-0.02013,-0.00774,-0.00045,0.00020,0.00008,0.57194,-0.00062,0.11348,0.00082,0.70566,-0.00012,0.70855,1,1,0,0
1765409512.720281,-0.04654,0.00713,-0.00064,-0.00121,0.00030,0.00036,0.57194,-0.00062,0.11348,0.00082,0.70566,-0.00012,0.70855,1,1,0,0
1765409512.722296,-0.04808,0.04255,0.00568,0.00074,0.00015,-0.00059,0.57194,-0.00062,0.11348,0.00082,0.70566,-0.00012,0.70855,1,1,0,0
1765409512.724282,-0.04336,0.01481,-0.03919,0.00019,0.00050,-0.00048,0.57194,-0.00062,0.11348,0.00082,0.70566,-0.00012,0.70855,1,1,0,0
1765409512.726267,-0.03039,-0.01799,0.00738,-0.00042,0.00076,0.00022,0.57199,-0.00062,0.11349,0.00082,0.70566,-0.00012,0.70855,1,1,0,0
1765409512.728387,-0.02214,0.01122,0.05952,-0.00029,0.00126,-0.00016,0.57199,-0.00062,0.11349,0.00082,0.70566,-0.00012,0.70855,1,1,0,0
1765409512.730300,-0.02193,0.02156,0.00644,-0.00060,0.00025,0.00034,0.57199,-0.00062,0.11349,0.00082,0.70566,-0.00012,0.70855,1,1,0,0
1765409512.732306,-0.04281,0.05331,0.02828,-0.00109,0.00123,0.00010,0.57203,-0.00062,0.11350,0.00082,0.70565,-0.00012,0.70856,1,1,0,0
1765409512.734297,-0.02982,0.00217,-0.00844,-0.00062,0.00022,-0.00033,0.57203,-0.00062,0.11350,0.00082,0.70565,-0.00012,0.70856,1,1,0,0
1765409512.736299,-0.03102,-0.02270,-0.00764,0.00017,0.00065,0.00035,0.57208,-0.00062,0.11352,0.00082,0.70565,-0.00012,0.70856,1,1,0,0
1765409512.738297,-0.03538,-0.01024,-0.00800,0.00033,0.00069,0.00021,0.57208,-0.00062,0.11352,0.00082,0.70565,-0.00012,0.70856,1,1,0,0
1765409512.740313,-0.03866,-0.01812,-0.01522,-0.00086,0.00087,0.00062,0.57212,-0.00062,0.11353,0.00082,0.70564,-0.00012,0.70857,1,1,0,0
1765409512.742310,-0.02210,0.01637,-0.00156,-0.00001,0.00113,-0.00075,0.57239,-0.00062,0.11361,0.00082,0.70561,-0.00012,0.70860,1,1,0,0
1765409512.744315,-0.05650,0.00227,-0.03869,0.00026,0.00106,0.00007,0.57239,-0.00062,0.11361,0.00082,0.70561,-0.00012,0.70860,1,1,0,0
1765409512.746300,-0.03544,-0.00039,0.04478,0.00044,0.00093,-0.00002,0.57239,-0.00062,0.11361,0.00082,0.70561,-0.00012,0.70860,1,1,0,0
1765409512.748317,-0.01366,-0.00813,-0.00822,-0.00008,0.00042,-0.00008,0.57239,-0.00062,0.11361,0.00082,0.70561,-0.00012,0.70860,1,1,0,0
1765409512.750396,-0.03021,-0.00820,-0.00059,-0.00052,0.00087,-0.00006,0.57239,-0.00062,0.11361,0.00082,0.70561,-0.00012,0.70860,1,1,0,0
1765409512.752310,-0.01796,0.01440,-0.03151,-0.00003,0.00008,-0.00010,0.57239,-0.00062,0.11361,0.00082,0.70561,-0.00012,0.70860,1,1,0,0
1765409512.754314,-0.06770,0.00037,-0.03088,-0.00086,0.00031,-0.00004,0.57239,-0.00062,0.11361,0.00082,0.70561,-0.00012,0.70860,1,1,0,0
1765409512.756324,-0.02586,-0.00564,0.01426,-0.00028,0.00093,-0.00072,0.57239,-0.00062,0.11361,0.00082,0.70561,-0.00012,0.70860,1,1,0,0
1765409512.758291,-0.02714,-0.01085,0.00689,0.00054,0.00147,-0.00019,0.57239,-0.00062,0.11361,0.00082,0.70561,-0.00012,0.70860,1,1,0,0
1765409512.760312,-0.01293,0.00617,-0.01639,-0.00079,0.00090,-0.00049,0.57239,-0.00062,0.11361,0.00082,0.70561,-0.00012,0.70860,1,1,0,0
1765409512.762325,-0.01048,0.04335,-0.00948,0.00032,0.00073,0.00031,0.57239,-0.00062,0.11361,0.00082,0.70561,-0.00012,0.70860,1,1,0,0
1765409512.764316,-0.05812,0.04165,-0.01717,0.00161,0.00180,-0.00020,0.57239,-0.00062,0.11361,0.00082,0.70561,-0.00012,0.70860,1,1,0,0
1765409512.766339,-0.01802,-0.02044,-0.00043,0.00020,0.00073,-0.00033,0.57239,-0.00062,0.11361,0.00082,0.70561,-0.00012,0.70860,1,1,0,0
1765409512.768330,-0.01277,-0.02826,-0.01524,-0.00098,0.00056,0.00006,0.57243,-0.00062,0.11363,0.00082,0.70560,-0.00012,0.70860,1,1,0,0
1765409512.770338,-0.00846,-0.01517,0.01452,-0.00039,-0.00003,-0.00087,0.57243,-0.00062,0.11363,0.00082,0.70560,-0.00012,0.70860,1,1,0,0
1765409512.772333,-0.01894,0.03359,0.00592,0.00042,0.00096,0.00019,0.57248,-0.00062,0.11364,0.00082,0.70560,-0.00012,0.70861,1,1,0,0
1765409512.774328,-0.01076,0.01782,0.00612,0.00045,0.00202,0.00019,0.57248,-0.00062,0.11364,0.00082,0.70560,-0.00012,0.70861,1,1,0,0
1765409512.776329,-0.03373,0.00463,0.00659,-0.00081,0.00039,-0.00059,0.57252,-0.00062,0.11366,0.00082,0.70559,-0.00012,0.70862,1,1,0,0
1765409512.778326,-0.03140,0.02604,-0.00166,0.00033,0.00162,-0.00020,0.57252,-0.00062,0.11366,0.00082,0.70559,-0.00012,0.70862,1,1,0,0
1765409512.780327,-0.03933,0.01119,-0.02366,-0.00051,0.00136,0.00060,0.57257,-0.00062,0.11367,0.00082,0.70558,-0.00012,0.70863,1,1,0,0
1765409512.782342,-0.03549,0.00501,-0.00072,0.00051,0.00017,0.00022,0.57257,-0.00062,0.11367,0.00082,0.70558,-0.00012,0.70863,1,1,0,0
1765409512.784329,-0.04008,0.02197,0.01366,0.00093,0.00109,-0.00045,0.57283,-0.00062,0.11376,0.00082,0.70556,-0.00012,0.70865,1,1,0,0
1765409512.786322,-0.05173,0.00530,0.01422,0.00029,0.00048,-0.00056,0.57283,-0.00062,0.11376,0.00082,0.70556,-0.00012,0.70865,1,1,0,0
1765409512.788344,-0.02605,0.00441,0.00649,-0.00015,0.00068,-0.00060,0.57283,-0.00062,0.11376,0.00082,0.70556,-0.00012,0.70865,1,1,0,0
1765409512.790340,-0.04581,-0.02184,0.03028,-0.00113,-0.00020,-0.00041,0.57283,-0.00062,0.11376,0.00082,0.70556,-0.00012,0.70865,1,1,0,0
1765409512.792415,0.00033,0.00843,0.00621,-0.00119,0.00073,-0.00076,0.57283,-0.00062,0.11376,0.00082,0.70556,-0.00012,0.70865,1,1,0,0
1765409512.794384,-0.02587,0.03384,-0.03948,-0.00089,0.00029,0.00017,0.57283,-0.00062,0.11376,0.00082,0.70556,-0.00012,0.70865,1,1,0,0
1765409512.796451,-0.01745,0.02943,-0.01680,-0.00029,-0.00020,-0.00049,0.57283,-0.00062,0.11376,0.00082,0.70556,-0.00012,0.70865,1,1,0,0
1765409512.798347,-0.02226,0.00661,0.02919,0.00009,0.00101,-0.00045,0.57283,-0.00062,0.11376,0.00082,0.70556,-0.00012,0.70865,1,1,0,0
1765409512.800345,-0.00080,-0.00631,-0.00091,-0.00028,0.00089,-0.00036,0.57283,-0.00062,0.11376,0.00082,0.70556,-0.00012,0.70865,1,1,0,0
1765409512.802345,-0.02645,-0.01960,-0.01548,0.00043,-0.00005,-0.00033,0.57283,-0.00062,0.11376,0.00082,0.70556,-0.00012,0.70865,1,1,0,0
1765409512.804327,-0.01228,-0.00832,-0.04629,-0.00118,0.00027,-0.00051,0.57283,-0.00062,0.11376,0.00082,0.70556,-0.00012,0.70865,1,1,0,0
1765409512.806342,-0.02505,-0.00129,-0.03116,-0.00153,0.00093,-0.00008,0.57283,-0.00062,0.11376,0.00082,0.70556,-0.00012,0.70865,1,1,0,0
1765409512.808336,-0.04506,0.03565,0.02134,-0.00305,0.00102,0.00037,0.57288,-0.00062,0.11377,0.00082,0.70555,-0.00012,0.70866,1,1,0,0
1765409512.810362,-0.03103,0.01203,-0.01614,0.00016,0.00036,0.00020,0.57288,-0.00062,0.11377,0.00082,0.70555,-0.00012,0.70866,1,1,0,0
1765409512.812360,-0.03908,0.00268,-0.00824,0.00004,-0.00004,0.00008,0.57292,-0.00062,0.11378,0.00082,0.70555,-0.00012,0.70866,1,1,0,0
1765409512.814358,-0.01353,0.00150,0.04473,-0.00040,0.00066,0.00010,0.57292,-0.00062,0.11378,0.00082,0.70555,-0.00012,0.70866,1,1,0,0
1765409512.816357,-0.01318,-0.00871,0.01433,-0.00053,0.00117,-0.00047,0.57297,-0.00062,0.11379,0.00082,0.70555,-0.00012,0.70866,1,1,0,0
1765409512.818359,-0.02614,0.00842,0.01393,-0.00054,0.00169,-0.00032,0.57297,-0.00062,0.11379,0.00082,0.70555,-0.00012,0.70866,1,1,0,0
1765409512.820367,-0.05106,-0.00063,-0.02349,-0.00087,0.00112,-0.00005,0.57301,-0.00062,0.11381,0.00082,0.70554,-0.00012,0.70867,1,1,0,0
1765409512.822366,-0.03896,0.00236,0.01451,-0.00018,0.00034,0.00010,0.57301,-0.00062,0.11381,0.00082,0.70554,-0.00012,0.70867,1,1,0,0
1765409512.824427,-0.03944,0.01672,0.02903,0.00021,0.00121,-0.00030,0.57301,-0.00062,0.11381,0.00082,0.70554,-0.00012,0.70867,1,1,0,0
1765409512.826381,-0.04875,0.02645,0.02117,0.00077,0.00183,-0.00017,0.57305,-0.00062,0.11382,0.00082,0.70554,-0.00012,0.70867,1,1,0,0
1765409512.828372,-0.01775,0.01302,0.00626,-0.00070,0.00172,-0.00007,0.57328,-0.00062,0.11388,0.00082,0.70552,-0.00012,0.70869,1,1,0,0
1765409512.830363,-0.01853,-0.01049,0.02955,0.00076,0.00098,-0.00058,0.57328,-0.00062,0.11388,0.00082,0.70552,-0.00012,0.70869,1,1,0,0
1765409512.832365,-0.02615,-0.02507,-0.00017,-0.00007,0.00046,-0.00019,0.57328,-0.00062,0.11388,0.00082,0.70552,-0.00012,0.70869,1,1,0,0
1765409512.834379,-0.06866,-0.00938,-0.01574,0.00033,0.00082,-0.00057,0.57328,-0.00062,0.11388,0.00082,0.70552,-0.00012,0.70869,1,1,0,0
1765409512.836424,-0.06484,0.01825,-0.00849,0.00045,-0.00012,0.00010,0.57328,-0.00062,0.11388,0.00082,0.70552,-0.00012,0.70869,1,1,0,0
1765409512.838462,-0.02249,0.02571,-0.01669,-0.00033,0.00139,0.00018,0.57328,-0.00062,0.11388,0.00082,0.70552,-0.00012,0.70869,1,1,0,0
1765409512.840431,-0.02644,-0.00595,0.01434,-0.00006,0.00133,-0.00032,0.57328,-0.00062,0.11388,0.00082,0.70552,-0.00012,0.70869,1,1,0,0
1765409512.842391,-0.04013,-0.02712,-0.02314,0.00143,0.00100,-0.00073,0.57328,-0.00062,0.11388,0.00082,0.70552,-0.00012,0.70869,1,1,0,0
1765409512.844385,-0.03821,0.01108,-0.03155,-0.00117,0.00146,-0.00021,0.57328,-0.00062,0.11388,0.00082,0.70552,-0.00012,0.70869,1,1,0,0
1765409512.846376,-0.02634,0.02835,-0.00922,-0.00052,0.00130,-0.00008,0.57328,-0.00062,0.11388,0.00082,0.70552,-0.00012,0.70869,1,1,0,0
1765409512.848372,-0.03870,0.00109,-0.00086,-0.00085,0.00173,0.00008,0.57332,-0.00062,0.11390,0.00082,0.70552,-0.00012,0.70869,1,1,0,0
1765409512.850377,-0.01831,-0.01120,0.02946,0.00031,0.00174,-0.00059,0.57332,-0.00062,0.11390,0.00082,0.70552,-0.00012,0.70869,1,1,0,0
1765409512.852386,-0.02232,-0.00281,-0.00853,0.00042,0.00051,-0.00061,0.57336,-0.00062,0.11391,0.00082,0.70552,-0.00012,0.70869,1,1,0,0
1765409512.854386,-0.00519,-0.00324,0.01437,-0.00002,0.00031,-0.00020,0.57336,-0.00062,0.11391,0.00082,0.70552,-0.00012,0.70869,1,1,0,0
1765409512.856401,-0.02266,0.02093,0.01388,-0.00017,0.00127,0.00034,0.57341,-0.00062,0.11392,0.00082,0.70551,-0.00012,0.70870,1,1,0,0
1765409512.858397,-0.03261,0.01118,-0.00898,0.00146,0.00215,-0.00021,0.57341,-0.00062,0.11392,0.00082,0.70551,-0.00012,0.70870,1,1,0,0
1765409512.860386,-0.02905,0.00594,-0.03153,-0.00166,0.00135,-0.00049,0.57345,-0.00062,0.11393,0.00082,0.70551,-0.00012,0.70870,1,1,0,0
1765409512.862403,-0.05238,0.00550,-0.04655,0.00095,0.00036,-0.00061,0.57345,-0.00062,0.11393,0.00082,0.70551,-0.00012,0.70870,1,1,0,0
1765409512.864400,-0.03687,0.00968,-0.01642,0.00188,0.00119,-0.00034,0.57354,-0.00062,0.11396,0.00082,0.70550,-0.00012,0.70871,1,1,0,0
1765409512.866429,-0.03995,0.00169,0.01433,0.00047,0.00149,0.00009,0.57354,-0.00062,0.11396,0.00082,0.70550,-0.00012,0.70871,1,1,0,0
1765409512.868414,-0.05251,-0.02470,-0.03812,0.00080,0.00103,-0.00019,0.57354,-0.00062,0.11396,0.00082,0.70550,-0.00012,0.70871,1,1,0,0
1765409512.870397,-0.04471,-0.01029,-0.01602,0.00141,0.00168,-0.00060,0.57354,-0.00062,0.11396,0.00082,0.70550,-0.00012,0.70871,1,1,0,0
1765409512.872403,-0.05938,-0.01002,-0.02320,-0.00077,0.00085,-0.00018,0.57372,-0.00062,0.11401,0.00082,0.70548,-0.00012,0.70872,1,1,0,0
1765409512.874418,-0.03370,0.00390,-0.03872,-0.00147,0.00079,0.00019,0.57372,-0.00062,0.11401,0.00082,0.70548,-0.00012,0.70872,1,1,0,0
1765409512.876406,-0.02611,0.01406,0.00644,-0.00047,0.00068,-0.00006,0.57372,-0.00062,0.11401,0.00082,0.70548,-0.00012,0.70872,1,1,0,0
1765409512.878417,-0.03869,-0.00675,-0.00813,0.00015,-0.00043,-0.00045,0.57372,-0.00062,0.11401,0.00082,0.70548,-0.00012,0.70872,1,1,0,0
1765409512.880402,0.00319,-0.00855,-0.00071,-0.00009,0.00047,-0.00009,0.57372,-0.00062,0.11401,0.00082,0.70548,-0.00012,0.70872,1,1,0,0
1765409512.882407,-0.03015,0.01673,-0.03908,-0.00066,0.00035,0.00004,0.57372,-0.00062,0.11401,0.00082,0.70548,-0.00012,0.70872,1,1,0,0
1765409512.884402,-0.03026,0.01580,-0.03923,-0.00089,0.00149,0.00004,0.57372,-0.00062,0.11401,0.00082,0.70548,-0.00012,0.70872,1,1,0,0
1765409512.886400,-0.03053,0.02703,-0.02422,-0.00010,0.00009,-0.00022,0.57372,-0.00062,0.11401,0.00082,0.70548,-0.00012,0.70872,1,1,0,0
1765409512.888424,-0.02469,0.02944,-0.03171,-0.00160,-0.00062,-0.00009,0.57376,-0.00062,0.11403,0.00082,0.70548,-0.00012,0.70873,1,1,0,0
1765409512.890464,-0.02626,0.00005,-0.00826,0.00001,-0.00020,-0.00006,0.57376,-0.00062,0.11403,0.00082,0.70548,-0.00012,0.70873,1,1,0,0
1765409512.892405,-0.01458,0.02615,-0.00167,0.00055,0.00104,-0.00022,0.57381,-0.00062,0.11405,0.00082,0.70547,-0.00012,0.70874,1,1,0,0
1765409512.894439,-0.03951,-0.02321,0.02248,0.00017,0.00176,-0.00003,0.57381,-0.00062,0.11405,0.00082,0.70547,-0.00012,0.70874,1,1,0,0
1765409512.896426,-0.03028,-0.00339,0.00680,-0.00047,0.00112,-0.00019,0.57385,-0.00062,0.11406,0.00082,0.70547,-0.00012,0.70874,1,1,0,0
1765409512.898432,-0.06019,0.01032,-0.00095,0.00013,0.00045,-0.00030,0.57385,-0.00062,0.11406,0.00082,0.70547,-0.00012,0.70874,1,1,0,0
1765409512.900423,-0.06622,0.00802,-0.03143,0.00185,0.00104,-0.00046,0.57390,-0.00062,0.11407,0.00082,0.70546,-0.00012,0.70875,1,1,0,0
1765409512.902433,-0.05268,0.01517,-0.00864,0.00085,0.00049,-0.00005,0.57416,-0.00062,0.11416,0.00082,0.70543,-0.00012,0.70878,1,1,0,0
1765409512.904423,-0.03916,0.00625,-0.00882,-0.00013,0.00185,-0.00046,0.57416,-0.00062,0.11416,0.00082,0.70543,-0.00012,0.70878,1,1,0,0
1765409512.906472,-0.01840,0.05793,-0.01002,-0.00016,0.00118,-0.00010,0.57416,-0.00062,0.11416,0.00082,0.70543,-0.00012,0.70878,1,1,0,0
1765409512.908445,-0.00527,0.00145,-0.01606,-0.00019,0.00044,0.00004,0.57416,-0.00062,0.11416,0.00082,0.70543,-0.00012,0.70878,1,1,0,0
1765409512.910424,-0.02333,-0.02292,-0.00774,0.00083,0.00094,0.00034,0.57416,-0.00062,0.11416,0.00082,0.70543,-0.00012,0.70878,1,1,0,0
1765409512.912426,-0.02542,-0.03926,0.00018,-0.00025,-0.00031,-0.00058,0.57416,-0.00062,0.11416,0.00082,0.70543,-0.00012,0.70878,1,1,0,0
1765409512.914423,-0.02187,-0.00808,-0.03837,-0.00052,0.00027,0.00031,0.57416,-0.00062,0.11416,0.00082,0.70543,-0.00012,0.70878,1,1,0,0
1765409512.916427,-0.02360,-0.01793,-0.02331,0.00132,0.00118,-0.00022,0.57416,-0.00062,0.11416,0.00082,0.70543,-0.00012,0.70878,1,1,0,0
1765409512.918439,-0.03472,0.02367,-0.01657,-0.00057,0.00116,0.00006,0.57416,-0.00062,0.11416,0.00082,0.70543,-0.00012,0.70878,1,1,0,0
1765409512.920432,-0.01395,0.02090,0.01371,-0.00017,0.00116,-0.00007,0.57416,-0.00062,0.11416,0.00082,0.70543,-0.00012,0.70878,1,1,0,0
1765409512.922429,-0.03387,0.00411,-0.00833,-0.00125,0.00066,0.00021,0.57416,-0.00062,0.11416,0.00082,0.70543,-0.00012,0.70878,1,1,0,0
1765409512.924426,-0.06379,0.00796,-0.03125,-0.00033,0.00025,-0.00045,0.57416,-0.00062,0.11416,0.00082,0.70543,-0.00012,0.70878,1,1,0,0
1765409512.926455,-0.04584,0.00468,-0.02368,0.00203,0.00144,0.00020,0.57416,-0.00062,0.11416,0.00082,0.70543,-0.00012,0.70878,1,1,0,0
1765409512.928434,-0.03517,0.00899,-0.00880,0.00012,0.00142,-0.00033,0.57420,-0.00062,0.11417,0.00082,0.70543,-0.00012,0.70878,1,1,0,0
1765409512.930454,-0.02315,-0.00823,-0.03090,0.00057,0.00092,0.00032,0.57420,-0.00062,0.11417,0.00082,0.70543,-0.00012,0.70878,1,1,0,0
1765409512.932458,-0.02230,-0.00282,0.02203,0.00020,0.00039,-0.00018,0.57425,-0.00062,0.11418,0.00082,0.70543,-0.00012,0.70878,1,1,0,0
1765409512.934444,-0.00541,0.01606,0.02132,-0.00001,0.00093,-0.00034,0.57425,-0.00062,0.11418,0.00082,0.70543,-0.00012,0.70878,1,1,0,0
1765409512.936448,-0.03077,0.03554,-0.03965,-0.00065,0.00149,0.00030,0.57429,-0.00062,0.11420,0.00082,0.70542,-0.00012,0.70879,1,1,0,0
1765409512.938446,-0.05721,0.02649,0.00618,0.00055,0.00181,0.00023,0.57429,-0.00062,0.11420,0.00082,0.70542,-0.00012,0.70879,1,1,0,0
1765409512.940552,-0.03923,0.01590,-0.00887,-0.00045,0.00185,0.00007,0.57429,-0.00062,0.11420,0.00082,0.70542,-0.00012,0.70879,1,1,0,0
1765409512.942444,-0.00495,-0.00326,-0.02359,-0.00024,0.00018,-0.00023,0.57429,-0.00062,0.11420,0.00082,0.70542,-0.00012,0.70879,1,1,0,0
1765409512.944449,-0.00083,-0.02550,0.04512,0.00014,0.00052,-0.00058,0.57456,-0.00063,0.11428,0.00082,0.70540,-0.00012,0.70881,1,1,0,0
1765409512.946462,-0.03944,-0.01805,0.01474,0.00023,0.00150,-0.00017,0.57456,-0.00063,0.11428,0.00082,0.70540,-0.00012,0.70881,1,1,0,0
1765409512.948465,-0.04099,0.00869,-0.01569,-0.00294,0.00050,0.00089,0.57456,-0.00063,0.11428,0.00082,0.70540,-0.00012,0.70881,1,1,0,0
1765409512.950547,-0.05577,0.03656,-0.00201,-0.00020,0.00151,-0.00085,0.57456,-0.00063,0.11428,0.00082,0.70540,-0.00012,0.70881,1,1,0,0
1765409512.952437,-0.02677,0.01586,-0.00081,-0.00416,0.00006,0.00048,0.57456,-0.00063,0.11428,0.00082,0.70540,-0.00012,0.70881,1,1,0,0
1765409512.954457,-0.03396,0.01382,-0.04670,-0.00113,0.00090,-0.00009,0.57456,-0.00063,0.11428,0.00082,0.70540,-0.00012,0.70881,1,1,0,0
1765409512.956479,-0.02172,0.01100,-0.00883,-0.00073,0.00126,-0.00021,0.57456,-0.00063,0.11428,0.00082,0.70540,-0.00012,0.70881,1,1,0,0
1765409512.958480,-0.00496,-0.01390,0.01463,-0.00059,0.00108,0.00007,0.57456,-0.00063,0.11428,0.00082,0.70540,-0.00012,0.70881,1,1,0,0
1765409512.960465,-0.02686,-0.00021,-0.01594,0.00045,0.00032,-0.00007,0.57456,-0.00063,0.11428,0.00082,0.70540,-0.00012,0.70881,1,1,0,0
1765409512.962491,-0.02201,0.01645,0.00641,-0.00044,0.00063,0.00007,0.57456,-0.00063,0.11428,0.00082,0.70540,-0.00012,0.70881,1,1,0,0
1765409512.964476,-0.04427,0.02424,-0.03952,0.00074,0.00127,-0.00035,0.57460,-0.00063,0.11429,0.00082,0.70539,-0.00012,0.70882,1,1,0,0
1765409512.966460,-0.02238,0.01186,0.01403,0.00016,0.00051,-0.00019,0.57460,-0.00063,0.11429,0.00082,0.70539,-0.00012,0.70882,1,1,0,0
1765409512.968457,-0.02729,0.02843,-0.00169,0.00036,0.00157,-0.00007,0.57465,-0.00063,0.11430,0.00082,0.70539,-0.00012,0.70882,1,1,0,0
1765409512.970458,-0.06376,0.00308,0.03729,-0.00039,0.00025,-0.00026,0.57465,-0.00063,0.11430,0.00082,0.70539,-0.00012,0.70882,1,1,0,0
1765409512.972456,-0.04437,0.00478,-0.00096,0.00094,0.00103,-0.00018,0.57465,-0.00063,0.11430,0.00082,0.70539,-0.00012,0.70882,1,1,0,0
1765409512.974489,-0.05164,0.00416,0.01423,-0.00038,0.00163,-0.00016,0.57469,-0.00063,0.11432,0.00082,0.70539,-0.00012,0.70882,1,1,0,0
1765409512.976481,-0.02164,-0.00360,0.01418,-0.00047,0.00126,-0.00059,0.57469,-0.00063,0.11432,0.00082,0.70539,-0.00012,0.70882,1,1,0,0
1765409512.978494,-0.05778,0.00212,-0.03122,0.00135,0.00171,0.00007,0.57473,-0.00063,0.11433,0.00082,0.70538,-0.00012,0.70883,1,1,0,0
1765409512.980915,-0.06203,0.00808,0.02965,-0.00186,-0.00041,-0.00040,0.57473,-0.00063,0.11433,0.00082,0.70538,-0.00012,0.70883,1,1,0,0
1765409512.982849,-0.04392,-0.00033,-0.00077,0.00044,0.00103,-0.00005,0.57478,-0.00063,0.11434,0.00082,0.70539,-0.00012,0.70882,1,1,0,0
1765409512.984511,-0.06980,-0.01913,-0.02303,0.00131,0.00098,-0.00030,0.57499,-0.00063,0.11439,0.00082,0.70539,-0.00012,0.70882,1,1,0,0
1765409512.986506,-0.02293,-0.01873,-0.00060,0.00044,0.00193,-0.00020,0.57499,-0.00063,0.11439,0.00082,0.70539,-0.00012,0.70882,1,1,0,0
1765409512.988511,0.00134,-0.02808,-0.03081,0.00186,0.00101,-0.00038,0.57499,-0.00063,0.11439,0.00082,0.70539,-0.00012,0.70882,1,1,0,0
1765409512.990492,-0.01014,0.02748,-0.00183,-0.00009,0.00212,-0.00009,0.57499,-0.00063,0.11439,0.00082,0.70539,-0.00012,0.70882,1,1,0,0
1765409512.992502,-0.03942,0.01743,0.01396,0.00044,0.00032,-0.00031,0.57499,-0.00063,0.11439,0.00082,0.70539,-0.00012,0.70882,1,1,0,0
1765409512.994483,-0.04693,0.02235,-0.03153,-0.00059,0.00004,-0.00007,0.57499,-0.00063,0.11439,0.00082,0.70539,-0.00012,0.70882,1,1,0,0
1765409512.996489,-0.03879,-0.03261,-0.03018,-0.00038,0.00075,0.00021,0.57499,-0.00063,0.11439,0.00082,0.70539,-0.00012,0.70882,1,1,0,0
1765409512.998483,-0.00919,-0.03070,0.01472,0.00008,0.00113,-0.00087,0.57499,-0.00063,0.11439,0.00082,0.70539,-0.00012,0.70882,1,1,0,0
1765409513.000484,-0.00193,0.01245,0.00607,0.00017,0.00229,-0.00009,0.57499,-0.00063,0.11439,0.00082,0.70539,-0.00012,0.70882,1,1,0,0
1765409513.002487,-0.02220,0.02655,-0.00913,-0.00010,0.00049,-0.00021,0.57499,-0.00063,0.11439,0.00082,0.70539,-0.00012,0.70882,1,1,0,0
1765409513.004487,-0.04633,0.01717,-0.05448,-0.00088,0.00041,-0.00076,0.57499,-0.00063,0.11439,0.00082,0.70539,-0.00012,0.70882,1,1,0,0
1765409513.006478,-0.05155,-0.00980,-0.02341,0.00011,0.00074,-0.00059,0.57504,-0.00063,0.11440,0.00082,0.70538,-0.00012,0.70883,1,1,0,0
1765409513.008478,-0.03433,-0.02542,-0.01556,-0.00030,0.00118,-0.00060,0.57504,-0.00063,0.11440,0.00082,0.70538,-0.00012,0.70883,1,1,0,0
1765409513.010494,-0.03029,0.00657,0.00644,-0.00035,0.00111,-0.00046,0.57508,-0.00063,0.11441,0.00082,0.70538,-0.00012,0.70883,1,1,0,0
1765409513.012636,-0.03059,0.01689,-0.01630,-0.00022,0.00035,0.00006,0.57508,-0.00063,0.11441,0.00082,0.70538,-0.00012,0.70883,1,1,0,0
1765409513.014609,-0.02167,-0.00312,0.01444,-0.00046,0.00051,-0.00019,0.57513,-0.00063,0.11443,0.00082,0.70538,-0.00012,0.70883,1,1,0,0
1765409513.016580,-0.01499,0.01575,-0.01660,0.00064,0.00169,0.00004,0.57513,-0.00063,0.11443,0.00082,0.70538,-0.00012,0.70883,1,1,0,0
1765409513.018532,-0.03849,0.03146,0.01371,-0.00092,0.00069,0.00009,0.57522,-0.00063,0.11446,0.00082,0.70537,-0.00012,0.70884,1,1,0,0
1765409513.020520,-0.05121,0.05366,0.01298,-0.00087,0.00120,-0.00031,0.57522,-0.00063,0.11446,0.00082,0.70537,-0.00012,0.70884,1,1,0,0
1765409513.022515,-0.03893,-0.00310,0.01443,-0.00024,0.00110,-0.00017,0.57544,-0.00063,0.11451,0.00082,0.70536,-0.00012,0.70885,1,1,0,0
1765409513.024509,-0.02146,-0.00397,-0.04625,-0.00113,0.00115,0.00017,0.57544,-0.00063,0.11451,0.00082,0.70536,-0.00012,0.70885,1,1,0,0
1765409513.026523,-0.02270,0.00167,0.01433,0.00025,0.00090,0.00008,0.57544,-0.00063,0.11451,0.00082,0.70536,-0.00012,0.70885,1,1,0,0
1765409513.028507,-0.00520,0.03014,-0.00935,-0.00071,0.00143,0.00003,0.57544,-0.00063,0.11451,0.00082,0.70536,-0.00012,0.70885,1,1,0,0
1765409513.030515,0.00144,0.01051,0.01386,0.00102,0.00175,0.00018,0.57544,-0.00063,0.11451,0.00082,0.70536,-0.00012,0.70885,1,1,0,0
1765409513.032514,-0.02182,0.02121,0.00639,-0.00082,0.00063,0.00034,0.57544,-0.00063,0.11451,0.00082,0.70536,-0.00012,0.70885,1,1,0,0
1765409513.034539,-0.04287,0.04876,-0.04742,-0.00093,0.00061,0.00017,0.57544,-0.00063,0.11451,0.00082,0.70536,-0.00012,0.70885,1,1,0,0
1765409513.036516,-0.04617,0.02669,0.01399,-0.00163,0.00041,0.00023,0.57544,-0.00063,0.11451,0.00082,0.70536,-0.00012,0.70885,1,1,0,0
1765409513.038537,-0.02582,-0.00497,0.00695,-0.00027,-0.00008,-0.00032,0.57544,-0.00063,0.11451,0.00082,0.70536,-0.00012,0.70885,1,1,0,0
1765409513.040554,-0.03917,-0.03793,0.02308,-0.00023,0.00139,0.00038,0.57544,-0.00063,0.11451,0.00082,0.70536,-0.00012,0.70885,1,1,0,0
1765409513.042531,-0.02164,0.01611,-0.00880,-0.00088,0.00088,0.00006,0.57544,-0.00063,0.11451,0.00082,0.70536,-0.00012,0.70885,1,1,0,0
1765409513.044526,-0.04138,0.02179,-0.00165,0.00202,0.00174,-0.00046,0.57544,-0.00063,0.11451,0.00082,0.70536,-0.00012,0.70885,1,1,0,0
1765409513.046525,-0.01380,0.00139,-0.00847,-0.00019,0.00080,0.00005,0.57548,-0.00063,0.11452,0.00082,0.70536,-0.00012,0.70885,1,1,0,0
1765409513.048530,-0.04672,-0.04147,-0.03014,-0.00006,0.00008,-0.00072,0.57548,-0.00063,0.11452,0.00082,0.70536,-0.00012,0.70885,1,1,0,0
1765409513.050533,-0.02329,-0.01856,-0.01542,0.00044,0.00144,0.00060,0.57552,-0.00063,0.11453,0.00082,0.70536,-0.00012,0.70885,1,1,0,0
1765409513.052566,-0.03111,0.01182,-0.03137,0.00016,0.00062,0.00018,0.57552,-0.00063,0.11453,0.00082,0.70536,-0.00012,0.70885,1,1,0,0
1765409513.054558,-0.01477,0.02632,0.00594,0.00077,0.00091,-0.00021,0.57557,-0.00063,0.11454,0.00082,0.70536,-0.00012,0.70885,1,1,0,0
1765409513.056563,-0.01736,0.01347,-0.00901,-0.00070,0.00120,-0.00049,0.57557,-0.00063,0.11454,0.00082,0.70536,-0.00012,0.70885,1,1,0,0
1765409513.058545,-0.03054,-0.00340,0.02196,-0.00025,0.00125,-0.00017,0.57561,-0.00063,0.11456,0.00082,0.70536,-0.00012,0.70885,1,1,0,0
1765409513.060615,-0.03432,0.00799,-0.01649,-0.00098,0.00230,-0.00034,0.57561,-0.00063,0.11456,0.00082,0.70536,-0.00012,0.70885,1,1,0,0
1765409513.062547,-0.03467,0.01391,-0.05433,-0.00048,0.00104,-0.00010,0.57565,-0.00063,0.11457,0.00082,0.70535,-0.00012,0.70886,1,1,0,0
1765409513.064531,-0.04822,0.01718,-0.04667,0.00044,0.00069,0.00005,0.57565,-0.00063,0.11457,0.00082,0.70535,-0.00012,0.70886,1,1,0,0
1765409513.066578,-0.04045,0.00232,-0.01599,0.00113,0.00086,0.00007,0.57597,-0.00063,0.11466,0.00082,0.70533,-0.00012,0.70888,1,1,0,0
1765409513.068615,-0.02595,-0.02529,-0.00000,-0.00051,0.00046,0.00022,0.57597,-0.00063,0.11466,0.00082,0.70533,-0.00012,0.70888,1,1,0,0
1765409513.070623,-0.04044,-0.01374,0.01439,0.00094,0.00264,-0.00031,0.57597,-0.00063,0.11466,0.00082,0.70533,-0.00012,0.70888,1,1,0,0
1765409513.072569,-0.03035,-0.01354,0.01471,-0.00059,0.00139,0.00009,0.57597,-0.00063,0.11466,0.00082,0.70533,-0.00012,0.70888,1,1,0,0
1765409513.074577,-0.03499,0.00882,-0.01641,-0.00010,0.00155,-0.00034,0.57597,-0.00063,0.11466,0.00082,0.70533,-0.00012,0.70888,1,1,0,0
1765409513.076578,-0.04589,0.03112,-0.01663,-0.00202,0.00091,0.00007,0.57597,-0.00063,0.11466,0.00082,0.70533,-0.00012,0.70888,1,1,0,0
1765409513.078551,-0.02191,0.02603,-0.01678,-0.00055,0.00100,-0.00022,0.57597,-0.00063,0.11466,0.00082,0.70533,-0.00012,0.70888,1,1,0,0
1765409513.080565,-0.02263,0.00564,0.02141,0.00008,0.00228,-0.00046,0.57597,-0.00063,0.11466,0.00082,0.70533,-0.00012,0.70888,1,1,0,0
1765409513.082550,-0.02223,-0.00885,0.00668,-0.00009,0.00179,-0.00046,0.57597,-0.00063,0.11466,0.00082,0.70533,-0.00012,0.70888,1,1,0,0
1765409513.084547,-0.03447,0.01389,-0.00135,-0.00048,0.00128,-0.00046,0.57597,-0.00063,0.11466,0.00082,0.70533,-0.00012,0.70888,1,1,0,0
1765409513.086604,-0.04718,-0.00244,-0.00822,-0.00024,0.00044,-0.00018,0.57597,-0.00063,0.11466,0.00082,0.70533,-0.00012,0.70888,1,1,0,0
1765409513.088565,-0.00863,0.01824,-0.00885,-0.00129,0.00072,0.00018,0.57597,-0.00063,0.11466,0.00082,0.70533,-0.00012,0.70888,1,1,0,0
1765409513.090566,-0.02201,-0.00338,-0.00841,-0.00025,0.00090,-0.00021,0.57597,-0.00063,0.11466,0.00082,0.70533,-0.00012,0.70888,1,1,0,0
1765409513.092591,-0.02161,0.04040,-0.01720,-0.00103,0.00136,-0.00023,0.57597,-0.00063,0.11466,0.00082,0.70533,-0.00012,0.70888,1,1,0,0
1765409513.094567,-0.04943,0.01243,0.00625,0.00191,0.00133,-0.00058,0.57601,-0.00063,0.11467,0.00082,0.70532,-0.00012,0.70888,1,1,0,0
1765409513.096575,-0.03806,-0.00334,-0.01610,-0.00090,0.00121,-0.00060,0.57601,-0.00063,0.11467,0.00082,0.70532,-0.00012,0.70888,1,1,0,0
1765409513.098569,-0.04032,-0.01796,-0.01532,0.00067,0.00127,0.00062,0.57606,-0.00063,0.11469,0.00082,0.70532,-0.00012,0.70889,1,1,0,0
1765409513.100590,-0.02930,-0.01403,-0.03844,-0.00169,0.00151,0.00005,0.57606,-0.00063,0.11469,0.00082,0.70532,-0.00012,0.70889,1,1,0,0
1765409513.102617,-0.01785,0.05742,-0.03284,-0.00082,0.00156,-0.00011,0.57610,-0.00063,0.11470,0.00082,0.70532,-0.00012,0.70889,1,1,0,0
1765409513.104580,-0.04483,0.01892,-0.00870,0.00068,0.00155,0.00061,0.57610,-0.00063,0.11470,0.00082,0.70532,-0.00012,0.70889,1,1,0,0
1765409513.106596,-0.02279,0.01142,-0.00125,0.00037,0.00115,-0.00021,0.57615,-0.00063,0.11472,0.00082,0.70531,-0.00012,0.70890,1,1,0,0
1765409513.108583,-0.01372,-0.03236,-0.03814,0.00049,0.00018,-0.00063,0.57615,-0.00063,0.11472,0.00082,0.70531,-0.00012,0.70890,1,1,0,0
1765409513.110583,-0.01418,0.00186,0.01400,0.00069,0.00079,-0.00074,0.57619,-0.00063,0.11473,0.00082,0.70531,-0.00012,0.70889,1,1,0,0
1765409513.112626,-0.02189,0.00610,-0.01607,-0.00079,0.00102,0.00032,0.57619,-0.00063,0.11473,0.00082,0.70531,-0.00012,0.70889,1,1,0,0
1765409513.114574,-0.04297,0.03306,-0.01700,-0.00090,0.00201,-0.00021,0.57655,-0.00063,0.11482,0.00082,0.70530,-0.00012,0.70891,1,1,0,0
1765409513.116601,-0.01655,0.04772,-0.00215,-0.00181,0.00104,-0.00022,0.57655,-0.00063,0.11482,0.00082,0.70530,-0.00012,0.70891,1,1,0,0
1765409513.118608,-0.03059,-0.01780,-0.01557,0.00001,0.00076,-0.00020,0.57655,-0.00063,0.11482,0.00082,0.70530,-0.00012,0.70891,1,1,0,0
1765409513.120590,-0.04240,-0.01366,-0.02319,0.00006,-0.00089,-0.00086,0.57655,-0.00063,0.11482,0.00082,0.70530,-0.00012,0.70891,1,1,0,0
1765409513.122596,-0.02213,-0.01784,-0.00058,0.00023,0.00078,-0.00060,0.57655,-0.00063,0.11482,0.00082,0.70530,-0.00012,0.70891,1,1,0,0
1765409513.124636,-0.04802,0.00222,0.00685,0.00026,0.00095,0.00010,0.57655,-0.00063,0.11482,0.00082,0.70530,-0.00012,0.70891,1,1,0,0
1765409513.126595,-0.04917,0.01965,0.01433,-0.00259,-0.00031,0.00024,0.57655,-0.00063,0.11482,0.00082,0.70530,-0.00012,0.70891,1,1,0,0
1765409513.128651,-0.03861,0.01195,-0.02385,-0.00050,0.00058,-0.00020,0.57655,-0.00063,0.11482,0.00082,0.70530,-0.00012,0.70891,1,1,0,0
1765409513.130630,-0.03788,-0.01220,-0.02315,-0.00079,-0.00018,-0.00033,0.57655,-0.00063,0.11482,0.00082,0.70530,-0.00012,0.70891,1,1,0,0
1765409513.132596,-0.01831,0.01341,-0.00873,-0.00026,0.00123,0.00032,0.57655,-0.00063,0.11482,0.00082,0.70530,-0.00012,0.70891,1,1,0,0
1765409513.134591,-0.04396,0.01382,-0.00124,0.00018,0.00178,-0.00005,0.57655,-0.00063,0.11482,0.00082,0.70530,-0.00012,0.70891,1,1,0,0
1765409513.136639,-0.01887,-0.00087,-0.00868,0.00088,0.00123,-0.00048,0.57655,-0.00063,0.11482,0.00082,0.70530,-0.00012,0.70891,1,1,0,0
1765409513.138606,-0.04006,-0.02195,-0.03088,0.00149,0.00074,-0.00088,0.57655,-0.00063,0.11482,0.00082,0.70530,-0.00012,0.70891,1,1,0,0
1765409513.140607,-0.03769,0.00117,-0.03874,-0.00172,0.00121,0.00006,0.57655,-0.00063,0.11482,0.00082,0.70530,-0.00012,0.70891,1,1,0,0
1765409513.142597,-0.04832,0.03617,-0.01698,0.00023,0.00169,-0.00007,0.57655,-0.00063,0.11482,0.00082,0.70530,-0.00012,0.70891,1,1,0,0
1765409513.144655,-0.04063,0.04822,0.02101,-0.00312,0.00058,0.00023,0.57655,-0.00063,0.11482,0.00082,0.70530,-0.00012,0.70891,1,1,0,0
1765409513.146721,-0.02667,0.02451,0.00612,0.00031,0.00029,-0.00033,0.57659,-0.00063,0.11484,0.00082,0.70530,-0.00012,0.70891,1,1,0,0
1765409513.148695,-0.03006,0.00089,0.00653,-0.00085,0.00187,-0.00032,0.57659,-0.00063,0.11484,0.00082,0.70530,-0.00012,0.70891,1,1,0,0
1765409513.150616,-0.02578,-0.01534,0.02207,-0.00017,0.00081,-0.00085,0.57663,-0.00063,0.11485,0.00082,0.70530,-0.00012,0.70891,1,1,0,0
1765409513.152652,-0.04207,-0.00561,0.01469,-0.00137,0.00076,0.00010,0.57663,-0.00063,0.11485,0.00082,0.70530,-0.00012,0.70891,1,1,0,0
1765409513.154613,-0.06090,0.00038,-0.05380,0.00067,0.00061,-0.00007,0.57668,-0.00063,0.11486,0.00082,0.70530,-0.00012,0.70891,1,1,0,0
1765409513.156653,-0.04719,0.02732,-0.01654,-0.00031,0.00016,-0.00019,0.57668,-0.00063,0.11486,0.00082,0.70530,-0.00012,0.70891,1,1,0,0
1765409513.158626,-0.01414,0.01113,-0.00889,0.00015,0.00117,-0.00022,0.57672,-0.00063,0.11487,0.00082,0.70530,-0.00012,0.70891,1,1,0,0
1765409513.160654,-0.02652,-0.00617,-0.00088,-0.00006,0.00158,-0.00033,0.57672,-0.00063,0.11487,0.00082,0.70530,-0.00012,0.70891,1,1,0,0
1765409513.162673,-0.01326,0.01087,-0.00886,-0.00073,0.00116,-0.00022,0.57672,-0.00063,0.11487,0.00082,0.70530,-0.00012,0.70891,1,1,0,0
1765409513.164666,-0.02619,-0.01594,-0.02325,-0.00040,0.00121,-0.00008,0.57712,-0.00063,0.11497,0.00082,0.70528,-0.00012,0.70892,1,1,0,0
1765409513.166621,-0.05412,-0.02271,-0.00003,-0.00179,0.00079,-0.00002,0.57712,-0.00063,0.11497,0.00082,0.70528,-0.00012,0.70892,1,1,0,0
1765409513.168641,-0.03944,-0.00825,-0.01565,-0.00009,0.00125,0.00034,0.57712,-0.00063,0.11497,0.00082,0.70528,-0.00012,0.70892,1,1,0,0
1765409513.170665,-0.03904,-0.00275,0.01448,-0.00002,0.00072,-0.00017,0.57712,-0.00063,0.11497,0.00082,0.70528,-0.00012,0.70892,1,1,0,0
1765409513.172708,-0.00557,0.05033,-0.00987,-0.00025,0.00104,-0.00011,0.57712,-0.00063,0.11497,0.00082,0.70528,-0.00012,0.70892,1,1,0,0
1765409513.174642,-0.00190,0.01320,0.01379,0.00039,0.00140,-0.00008,0.57712,-0.00063,0.11497,0.00082,0.70528,-0.00012,0.70892,1,1,0,0
1765409513.176651,-0.04695,-0.02290,0.02244,-0.00049,0.00146,-0.00042,0.57712,-0.00063,0.11497,0.00082,0.70528,-0.00012,0.70892,1,1,0,0
1765409513.178659,-0.03486,-0.01644,-0.01556,-0.00062,0.00196,0.00034,0.57712,-0.00063,0.11497,0.00082,0.70528,-0.00012,0.70892,1,1,0,0
1765409513.181219,-0.07209,-0.01137,-0.00783,-0.00035,-0.00002,-0.00028,0.57712,-0.00063,0.11497,0.00082,0.70528,-0.00012,0.70892,1,1,0,0
1765409513.182658,-0.05673,0.00812,-0.00874,0.00120,0.00053,-0.00085,0.57712,-0.00063,0.11497,0.00082,0.70528,-0.00012,0.70892,1,1,0,0
1765409513.184653,-0.02769,0.03295,0.01340,0.00041,0.00208,0.00020,0.57712,-0.00063,0.11497,0.00082,0.70528,-0.00012,0.70892,1,1,0,0
1765409513.186633,-0.02779,0.02832,0.01363,0.00058,0.00171,0.00034,0.57712,-0.00063,0.11497,0.00082,0.70528,-0.00012,0.70892,1,1,0,0
1765409513.188665,-0.02734,0.00407,-0.03887,0.00050,0.00109,0.00017,0.57712,-0.00063,0.11497,0.00082,0.70528,-0.00012,0.70892,1,1,0,0
1765409513.190652,-0.05068,0.01037,0.02951,-0.00074,-0.00017,-0.00028,0.57712,-0.00063,0.11497,0.00082,0.70528,-0.00012,0.70892,1,1,0,0
1765409513.192666,-0.05549,-0.00682,0.01467,-0.00007,0.00015,-0.00042,0.57712,-0.00063,0.11497,0.00082,0.70528,-0.00012,0.70892,1,1,0,0
1765409513.194636,-0.02530,0.00363,-0.00840,-0.00147,0.00094,0.00020,0.57712,-0.00063,0.11497,0.00082,0.70528,-0.00012,0.70892,1,1,0,0
1765409513.196644,-0.01420,0.00592,0.00662,-0.00013,0.00131,0.00033,0.57712,-0.00063,0.11497,0.00082,0.70528,-0.00012,0.70892,1,1,0,0
1765409513.198656,-0.02771,-0.00545,-0.03883,0.00126,0.00109,-0.00036,0.57716,-0.00063,0.11498,0.00082,0.70528,-0.00012,0.70893,1,1,0,0
1765409513.200699,-0.00021,-0.00604,0.00677,-0.00071,0.00038,-0.00035,0.57716,-0.00063,0.11498,0.00082,0.70528,-0.00012,0.70893,1,1,0,0
1765409513.202641,-0.04327,-0.00975,-0.01583,0.00033,0.00052,-0.00059,0.57716,-0.00063,0.11498,0.00082,0.70528,-0.00012,0.70893,1,1,0,0
1765409513.204989,-0.06866,-0.00938,-0.01574,0.00033,0.00082,-0.00057,0.57720,-0.00063,0.11500,0.00082,0.70528,-0.00012,0.70893,1,1,0,0
1765409513.206636,-0.03028,0.02150,0.03646,-0.00038,0.00097,-0.00044,0.57720,-0.00063,0.11500,0.00082,0.70528,-0.00012,0.70893,1,1,0,0
1765409513.208645,-0.03111,0.02912,-0.00122,-0.00357,-0.00067,-0.00006,0.57720,-0.00063,0.11500,0.00082,0.70528,-0.00012,0.70893,1,1,0,0
1765409513.210664,-0.02261,0.02619,-0.00939,0.00033,0.00125,-0.00062,0.57720,-0.00063,0.11500,0.00082,0.70528,-0.00012,0.70893,1,1,0,0
1765409513.212727,-0.01356,0.02136,-0.00156,-0.00016,0.00064,-0.00049,0.57729,-0.00063,0.11502,0.00082,0.70528,-0.00012,0.70893,1,1,0,0
1765409513.214669,-0.02625,-0.00609,0.02953,-0.00028,0.00145,-0.00031,0.57729,-0.00063,0.11502,0.00082,0.70528,-0.00012,0.70893,1,1,0,0
1765409513.216659,-0.04801,-0.02746,0.03019,0.00055,0.00135,-0.00028,0.57734,-0.00063,0.11503,0.00082,0.70527,-0.00012,0.70894,1,1,0,0
1765409513.218678,-0.05192,-0.00456,-0.02339,0.00039,0.00037,-0.00032,0.57734,-0.00063,0.11503,0.00082,0.70527,-0.00012,0.70894,1,1,0,0
1765409513.220669,-0.03632,0.02410,-0.00922,0.00118,0.00142,-0.00034,0.57738,-0.00063,0.11505,0.00082,0.70527,-0.00012,0.70894,1,1,0,0
1765409513.222715,-0.02222,0.01097,0.02150,-0.00029,0.00152,-0.00019,0.57738,-0.00063,0.11505,0.00082,0.70527,-0.00012,0.70894,1,1,0,0
1765409513.224674,-0.02268,0.02103,-0.00165,0.00027,0.00151,-0.00048,0.57738,-0.00063,0.11505,0.00082,0.70527,-0.00012,0.70894,1,1,0,0
1765409513.226703,-0.03499,-0.00970,-0.00825,0.00055,0.00029,-0.00059,0.57738,-0.00063,0.11505,0.00082,0.70527,-0.00012,0.70894,1,1,0,0
1765409513.228664,-0.03465,0.00907,0.00644,-0.00032,0.00116,-0.00032,0.57768,-0.00063,0.11513,0.00082,0.70526,-0.00012,0.70895,1,1,0,0
1765409513.230676,-0.03760,0.01141,0.02170,-0.00160,0.00094,-0.00017,0.57768,-0.00063,0.11513,0.00082,0.70526,-0.00012,0.70895,1,1,0,0
1765409513.232694,-0.04826,-0.00208,-0.04622,0.00086,0.00033,-0.00021,0.57768,-0.00063,0.11513,0.00082,0.70526,-0.00012,0.70895,1,1,0,0
1765409513.234682,-0.04528,0.02138,-0.00082,-0.00279,0.00028,0.00076,0.57768,-0.00063,0.11513,0.00082,0.70526,-0.00012,0.70895,1,1,0,0
1765409513.236714,-0.04972,-0.00955,0.03770,-0.00163,-0.00029,-0.00013,0.57768,-0.00063,0.11513,0.00082,0.70526,-0.00012,0.70895,1,1,0,0
1765409513.238692,-0.02940,0.00133,0.00665,-0.00128,0.00110,-0.00032,0.57768,-0.00063,0.11513,0.00082,0.70526,-0.00012,0.70895,1,1,0,0
1765409513.240695,-0.02131,-0.01827,0.00701,-0.00065,0.00102,-0.00059,0.57768,-0.00063,0.11513,0.00082,0.70526,-0.00012,0.70895,1,1,0,0
1765409513.242776,-0.03472,0.00889,0.01400,-0.00032,0.00142,-0.00032,0.57768,-0.00063,0.11513,0.00082,0.70526,-0.00012,0.70895,1,1,0,0
1765409513.244685,-0.03926,0.03634,0.01346,-0.00020,0.00107,-0.00005,0.57768,-0.00063,0.11513,0.00082,0.70526,-0.00012,0.70895,1,1,0,0
1765409513.246666,-0.02689,0.00887,-0.03126,-0.00010,0.00096,0.00045,0.57768,-0.00063,0.11513,0.00082,0.70526,-0.00012,0.70895,1,1,0,0
1765409513.248666,-0.02149,-0.01819,-0.00041,-0.00064,0.00077,-0.00019,0.57768,-0.00063,0.11513,0.00082,0.70526,-0.00012,0.70895,1,1,0,0
1765409513.250665,-0.02988,-0.02777,0.00744,-0.00054,0.00075,-0.00031,0.57768,-0.00063,0.11513,0.00082,0.70526,-0.00012,0.70895,1,1,0,0
1765409513.252712,-0.02918,0.01174,-0.00086,-0.00159,0.00009,0.00021,0.57773,-0.00063,0.11514,0.00082,0.70526,-0.00012,0.70895,1,1,0,0
1765409513.254685,-0.01482,0.02111,0.02145,0.00049,0.00105,0.00034,0.57773,-0.00063,0.11514,0.00082,0.70526,-0.00012,0.70895,1,1,0,0
1765409513.256695,-0.04321,-0.00532,0.02207,-0.00005,0.00102,-0.00030,0.57777,-0.00063,0.11516,0.00082,0.70525,-0.00012,0.70896,1,1,0,0
1765409513.258717,-0.04417,-0.00288,0.06028,-0.00308,0.00002,-0.00012,0.57777,-0.00063,0.11516,0.00082,0.70525,-0.00012,0.70896,1,1,0,0
1765409513.260700,-0.04741,-0.00305,-0.03112,-0.00025,0.00120,-0.00020,0.57782,-0.00063,0.11517,0.00082,0.70525,-0.00012,0.70896,1,1,0,0
1765409513.262709,-0.06321,-0.00242,0.01465,-0.00111,0.00063,-0.00014,0.57782,-0.00063,0.11517,0.00082,0.70525,-0.00012,0.70896,1,1,0,0
1765409513.264708,-0.04318,0.02391,0.02126,-0.00035,0.00138,-0.00031,0.57786,-0.00063,0.11518,0.00082,0.70525,-0.00012,0.70896,1,1,0,0
1765409513.266721,-0.03509,0.02401,-0.00136,-0.00013,0.00091,0.00007,0.57786,-0.00063,0.11518,0.00082,0.70525,-0.00012,0.70896,1,1,0,0
1765409513.268701,-0.02557,0.00372,-0.00877,-0.00082,0.00131,-0.00061,0.57786,-0.00063,0.11518,0.00082,0.70525,-0.00012,0.70896,1,1,0,0
1765409513.270738,-0.04831,-0.01216,0.00727,0.00074,0.00059,0.00010,0.57821,-0.00063,0.11527,0.00082,0.70525,-0.00012,0.70896,1,1,0,0
1765409513.272695,-0.03081,-0.00348,-0.00844,-0.00003,0.00138,-0.00020,0.57821,-0.00063,0.11527,0.00082,0.70525,-0.00012,0.70896,1,1,0,0
1765409513.274723,-0.03018,0.02601,-0.00157,-0.00077,0.00122,-0.00020,0.57821,-0.00063,0.11527,0.00082,0.70525,-0.00012,0.70896,1,1,0,0
1765409513.276700,-0.01398,0.01954,-0.00858,-0.00346,-0.00150,-0.00021,0.57821,-0.00063,0.11527,0.00082,0.70525,-0.00012,0.70896,1,1,0,0
1765409513.278736,-0.02127,0.00218,-0.00826,-0.00083,-0.00025,0.00007,0.57821,-0.00063,0.11527,0.00082,0.70525,-0.00012,0.70896,1,1,0,0
1765409513.280696,-0.00957,0.02328,0.02907,-0.00058,0.00086,0.00048,0.57821,-0.00063,0.11527,0.00082,0.70525,-0.00012,0.70896,1,1,0,0
1765409513.282763,-0.01746,0.01870,0.00640,-0.00085,0.00057,0.00020,0.57821,-0.00063,0.11527,0.00082,0.70525,-0.00012,0.70896,1,1,0,0
1765409513.284886,-0.02267,0.04086,0.01317,0.00007,0.00125,-0.00020,0.57821,-0.00063,0.11527,0.00082,0.70525,-0.00012,0.70896,1,1,0,0
1765409513.286734,-0.04282,-0.00993,-0.00804,-0.00033,0.00039,-0.00018,0.57821,-0.00063,0.11527,0.00082,0.70525,-0.00012,0.70896,1,1,0,0
1765409513.288725,-0.03123,-0.01328,0.01469,0.00029,0.00140,0.00009,0.57821,-0.00063,0.11527,0.00082,0.70525,-0.00012,0.70896,1,1,0,0
1765409513.290747,-0.04569,-0.02216,0.05302,-0.00135,0.00017,-0.00039,0.57821,-0.00063,0.11527,0.00082,0.70525,-0.00012,0.70896,1,1,0,0
1765409513.292731,-0.02600,0.01861,-0.00880,-0.00085,0.00093,0.00020,0.57821,-0.00063,0.11527,0.00082,0.70525,-0.00012,0.70896,1,1,0,0
1765409513.294740,-0.03887,0.00203,-0.01610,-0.00018,0.00084,-0.00033,0.57821,-0.00063,0.11527,0.00082,0.70525,-0.00012,0.70896,1,1,0,0
1765409513.296742,-0.01805,0.00844,-0.02372,-0.00054,0.00110,0.00045,0.57821,-0.00063,0.11527,0.00082,0.70525,-0.00012,0.70896,1,1,0,0
1765409513.298748,-0.06942,-0.01207,0.03783,-0.00298,-0.00005,-0.00025,0.57821,-0.00063,0.11527,0.00082,0.70525,-0.00012,0.70896,1,1,0,0
1765409513.300728,-0.03070,-0.00885,-0.03110,-0.00031,0.00177,-0.00008,0.57825,-0.00063,0.11528,0.00082,0.70525,-0.00012,0.70896,1,1,0,0
1765409513.302730,-0.04278,-0.02527,0.00726,-0.00030,0.00128,-0.00057,0.57825,-0.00063,0.11528,0.00082,0.70525,-0.00012,0.70896,1,1,0,0
1765409513.304759,-0.05130,-0.00489,-0.05377,-0.00027,0.00049,-0.00035,0.57830,-0.00063,0.11529,0.00082,0.70525,-0.00012,0.70896,1,1,0,0
1765409513.306817,-0.01070,0.03286,-0.01700,0.00041,0.00162,0.00016,0.57830,-0.00063,0.11529,0.00082,0.70525,-0.00012,0.70896,1,1,0,0
1765409513.308779,0.00386,0.02530,-0.00152,-0.00121,0.00082,0.00017,0.57834,-0.00063,0.11530,0.00082,0.70524,-0.00012,0.70897,1,1,0,0
1765409513.310855,-0.01391,0.03034,0.02086,-0.00027,0.00178,-0.00034,0.57834,-0.00063,0.11530,0.00082,0.70524,-0.00012,0.70897,1,1,0,0
1765409513.312754,-0.03036,-0.00851,0.00677,-0.00031,0.00150,-0.00046,0.57865,-0.00063,0.11539,0.00082,0.70523,-0.00012,0.70897,1,1,0,0
1765409513.314790,-0.03446,-0.00596,0.01439,-0.00050,0.00142,-0.00031,0.57869,-0.00063,0.11540,0.00082,0.70523,-0.00012,0.70898,1,1,0,0
1765409513.316743,-0.03506,0.00485,-0.02349,0.00007,0.00017,0.00020,0.57869,-0.00063,0.11540,0.00082,0.70523,-0.00012,0.70898,1,1,0,0
1765409513.318739,-0.01920,0.01730,0.02212,-0.00283,-0.00156,0.00049,0.57869,-0.00063,0.11540,0.00082,0.70523,-0.00012,0.70898,1,1,0,0
1765409513.320751,-0.01394,0.00114,0.04446,0.00003,0.00142,-0.00031,0.57869,-0.00063,0.11540,0.00082,0.70523,-0.00012,0.70898,1,1,0,0
1765409513.322758,-0.03287,0.04084,-0.01715,0.00138,0.00189,0.00018,0.57869,-0.00063,0.11540,0.00082,0.70523,-0.00012,0.70898,1,1,0,0
1765409513.324759,-0.05717,0.04155,-0.04749,0.00073,0.00154,-0.00022,0.57869,-0.00063,0.11540,0.00082,0.70523,-0.00012,0.70898,1,1,0,0
1765409513.326747,-0.05605,0.02704,-0.00902,-0.00010,0.00090,-0.00018,0.57869,-0.00063,0.11540,0.00082,0.70523,-0.00012,0.70898,1,1,0,0
1765409513.328783,-0.05631,-0.02136,-0.01517,0.00062,-0.00007,-0.00004,0.57869,-0.00063,0.11540,0.00082,0.70523,-0.00012,0.70898,1,1,0,0
1765409513.330774,-0.02956,-0.02259,-0.01547,-0.00070,0.00036,-0.00046,0.57869,-0.00063,0.11540,0.00082,0.70523,-0.00012,0.70898,1,1,0,0
1765409513.332754,-0.00573,0.00090,0.02179,0.00003,0.00133,0.00007,0.57869,-0.00063,0.11540,0.00082,0.70523,-0.00012,0.70898,1,1,0,0
1765409513.334775,-0.01780,0.01363,0.01377,-0.00026,0.00121,-0.00047,0.57869,-0.00063,0.11540,0.00082,0.70523,-0.00012,0.70898,1,1,0,0
1765409513.336797,-0.03869,0.04025,-0.02481,-0.00103,0.00208,-0.00022,0.57869,-0.00063,0.11540,0.00082,0.70523,-0.00012,0.70898,1,1,0,0
1765409513.338784,-0.04783,0.00196,-0.01577,-0.00018,0.00096,0.00049,0.57869,-0.00063,0.11540,0.00082,0.70523,-0.00012,0.70898,1,1,0,0
1765409513.340786,-0.04660,0.01155,-0.00904,-0.00073,0.00155,-0.00100,0.57869,-0.00063,0.11540,0.00082,0.70523,-0.00012,0.70898,1,1,0,0
1765409513.342809,-0.03914,-0.01726,0.03008,0.00024,0.00048,-0.00015,0.57869,-0.00063,0.11540,0.00082,0.70523,-0.00012,0.70898,1,1,0,0
1765409513.344754,-0.02658,0.01328,-0.03133,-0.00070,0.00133,0.00072,0.57874,-0.00063,0.11541,0.00082,0.70523,-0.00012,0.70898,1,1,0,0
1765409513.346776,-0.00190,0.01328,0.02881,0.00061,0.00152,-0.00048,0.57874,-0.00063,0.11541,0.00082,0.70523,-0.00012,0.70898,1,1,0,0
1765409513.348752,-0.01300,0.00598,-0.00883,-0.00079,0.00116,-0.00049,0.57878,-0.00063,0.11542,0.00082,0.70523,-0.00012,0.70898,1,1,0,0
1765409513.350763,-0.03142,-0.02314,-0.02293,0.00039,0.00129,0.00033,0.57878,-0.00063,0.11542,0.00082,0.70523,-0.00012,0.70898,1,1,0,0
1765409513.352788,-0.03884,-0.00923,0.01462,-0.00097,0.00225,0.00037,0.57882,-0.00063,0.11543,0.00082,0.70523,-0.00012,0.70898,1,1,0,0
1765409513.354797,-0.04646,0.00684,-0.03901,-0.00100,0.00093,-0.00048,0.57882,-0.00063,0.11543,0.00082,0.70523,-0.00012,0.70898,1,1,0,0
1765409513.356785,-0.04297,0.00947,-0.02367,-0.00053,0.00064,0.00007,0.57886,-0.00063,0.11545,0.00082,0.70523,-0.00012,0.70898,1,1,0,0
1765409513.358786,-0.02168,0.00174,-0.02355,-0.00062,0.00039,0.00005,0.57886,-0.00063,0.11545,0.00082,0.70523,-0.00012,0.70898,1,1,0,0
1765409513.360788,-0.00038,0.01268,0.02901,-0.00114,0.00151,-0.00007,0.57891,-0.00063,0.11546,0.00082,0.70523,-0.00012,0.70898,1,1,0,0
1765409513.362803,-0.02822,-0.00058,-0.02369,0.00153,0.00122,-0.00008,0.57891,-0.00063,0.11546,0.00082,0.70523,-0.00012,0.70898,1,1,0,0
1765409513.364785,-0.03926,0.01137,-0.03122,-0.00051,0.00111,0.00060,0.57895,-0.00063,0.11547,0.00082,0.70522,-0.00012,0.70899,1,1,0,0
1765409513.366784,-0.03076,0.01211,0.01427,-0.00006,0.00023,0.00022,0.57899,-0.00063,0.11549,0.00082,0.70522,-0.00012,0.70899,1,1,0,0
1765409513.368783,-0.03050,0.00714,-0.00072,-0.00034,0.00011,0.00035,0.57922,-0.00063,0.11556,0.00082,0.70519,-0.00012,0.70901,1,1,0,0
1765409513.370802,-0.05182,0.00922,0.00664,-0.00031,0.00138,0.00010,0.57922,-0.00063,0.11556,0.00082,0.70519,-0.00012,0.70901,1,1,0,0
1765409513.372792,-0.03860,0.01071,-0.00126,-0.00095,0.00210,-0.00019,0.57922,-0.00063,0.11556,0.00082,0.70519,-0.00012,0.70901,1,1,0,0
1765409513.374887,-0.01018,0.00825,0.02140,0.00033,0.00175,-0.00034,0.57922,-0.00063,0.11556,0.00082,0.70519,-0.00012,0.70901,1,1,0,0
1765409513.376925,-0.03113,0.03608,0.02839,0.00023,0.00147,-0.00045,0.57922,-0.00063,0.11556,0.00082,0.70519,-0.00012,0.70901,1,1,0,0
1765409513.378825,-0.03190,0.03582,-0.00172,0.00045,0.00163,0.00033,0.57922,-0.00063,0.11556,0.00082,0.70519,-0.00012,0.70901,1,1,0,0
1765409513.380800,-0.03856,0.00146,-0.01598,-0.00084,0.00122,0.00007,0.57922,-0.00063,0.11556,0.00082,0.70519,-0.00012,0.70901,1,1,0,0
1765409513.382797,-0.05242,-0.00589,-0.01604,0.00037,0.00215,-0.00032,0.57922,-0.00063,0.11556,0.00082,0.70519,-0.00012,0.70901,1,1,0,0
1765409513.384798,-0.05549,0.00170,-0.01593,-0.00084,0.00143,0.00009,0.57922,-0.00063,0.11556,0.00082,0.70519,-0.00012,0.70901,1,1,0,0
1765409513.386813,-0.02636,0.02903,0.04386,-0.00007,0.00079,-0.00044,0.57922,-0.00063,0.11556,0.00082,0.70519,-0.00012,0.70901,1,1,0,0
1765409513.388796,-0.03569,0.00030,-0.00847,0.00111,0.00029,-0.00046,0.57922,-0.00063,0.11556,0.00082,0.70519,-0.00012,0.70901,1,1,0,0
1765409513.390792,-0.02255,-0.02772,0.00753,0.00033,0.00067,0.00008,0.57922,-0.00063,0.11556,0.00082,0.70519,-0.00012,0.70901,1,1,0,0
1765409513.392791,-0.03039,-0.01791,0.02240,-0.00020,0.00088,-0.00017,0.57926,-0.00063,0.11557,0.00082,0.70519,-0.00012,0.70902,1,1,0,0
1765409513.394792,-0.02343,0.02328,0.05951,-0.00320,0.00051,0.00012,0.57926,-0.00063,0.11557,0.00082,0.70519,-0.00012,0.70902,1,1,0,0
1765409513.396792,-0.03318,0.05855,-0.01716,-0.00212,-0.00003,0.00032,0.57931,-0.00063,0.11559,0.00082,0.70519,-0.00012,0.70902,1,1,0,0
1765409513.398813,-0.03014,0.00696,0.01411,-0.00034,0.00060,-0.00045,0.57931,-0.00063,0.11559,0.00082,0.70519,-0.00012,0.70902,1,1,0,0
1765409513.400798,-0.02539,-0.02003,-0.02306,-0.00067,0.00006,-0.00034,0.57935,-0.00063,0.11560,0.00082,0.70518,-0.00012,0.70902,1,1,0,0
1765409513.402828,-0.03964,-0.01285,0.01440,0.00073,0.00149,-0.00071,0.57935,-0.00063,0.11560,0.00082,0.70518,-0.00012,0.70902,1,1,0,0
1765409513.404818,-0.02773,-0.01613,-0.02340,0.00091,0.00199,-0.00008,0.57939,-0.00063,0.11561,0.00082,0.70519,-0.00012,0.70902,1,1,0,0
1765409513.406823,-0.06148,-0.00475,-0.02349,0.00126,0.00124,-0.00032,0.57939,-0.00063,0.11561,0.00082,0.70519,-0.00012,0.70902,1,1,0,0
1765409513.408822,-0.03764,0.02194,0.03662,-0.00125,0.00030,-0.00043,0.57944,-0.00063,0.11563,0.00082,0.70518,-0.00012,0.70903,1,1,0,0
1765409513.410836,-0.02220,0.03630,-0.03175,-0.00064,0.00012,0.00071,0.57944,-0.00063,0.11563,0.00082,0.70518,-0.00012,0.70903,1,1,0,0
1765409513.412826,-0.05649,0.01717,-0.03146,0.00022,0.00092,0.00007,0.57944,-0.00063,0.11563,0.00082,0.70518,-0.00012,0.70903,1,1,0,0
1765409513.414860,-0.05197,-0.03084,-0.00012,-0.00015,0.00230,-0.00003,0.57944,-0.00063,0.11563,0.00082,0.70518,-0.00012,0.70903,1,1,0,0
1765409513.416831,-0.02381,0.00132,-0.00859,0.00112,0.00168,0.00006,0.57970,-0.00063,0.11570,0.00083,0.70517,-0.00012,0.70904,1,1,0,0
1765409513.418834,-0.00210,-0.00652,-0.03901,0.00081,0.00155,-0.00039,0.57970,-0.00063,0.11570,0.00083,0.70517,-0.00012,0.70904,1,1,0,0
1765409513.421779,-0.01758,-0.01068,-0.01579,-0.00033,0.00060,-0.00021,0.57970,-0.00063,0.11570,0.00083,0.70517,-0.00012,0.70904,1,1,0,0
1765409513.422828,-0.02681,0.00419,-0.00084,0.00006,0.00083,0.00021,0.57970,-0.00063,0.11570,0.00083,0.70517,-0.00012,0.70904,1,1,0,0
1765409513.424835,-0.03522,0.01801,-0.06970,-0.00043,0.00206,0.00015,0.57970,-0.00063,0.11570,0.00083,0.70517,-0.00012,0.70904,1,1,0,0
1765409513.426817,-0.06962,0.02535,-0.03173,0.00097,0.00068,-0.00032,0.57970,-0.00063,0.11570,0.00083,0.70517,-0.00012,0.70904,1,1,0,0
1765409513.428840,-0.05171,-0.00717,0.08324,-0.00357,-0.00066,-0.00036,0.57970,-0.00063,0.11570,0.00083,0.70517,-0.00012,0.70904,1,1,0,0
1765409513.430841,-0.01061,-0.00421,0.05260,-0.00331,0.00051,0.00024,0.57970,-0.00063,0.11570,0.00083,0.70517,-0.00012,0.70904,1,1,0,0
1765409513.432837,-0.02552,-0.03525,0.00762,-0.00063,0.00071,-0.00031,0.57970,-0.00063,0.11570,0.00083,0.70517,-0.00012,0.70904,1,1,0,0
1765409513.434838,-0.02666,0.00327,-0.01616,-0.00038,0.00184,0.00019,0.57970,-0.00063,0.11570,0.00083,0.70517,-0.00012,0.70904,1,1,0,0
1765409513.436872,-0.04286,0.02917,0.01337,-0.00029,0.00111,-0.00085,0.57975,-0.00063,0.11571,0.00082,0.70517,-0.00012,0.70904,1,1,0,0
1765409513.438864,-0.03867,0.02163,-0.00111,-0.00082,0.00058,0.00035,0.57975,-0.00063,0.11571,0.00082,0.70517,-0.00012,0.70904,1,1,0,0
1765409513.440842,-0.03164,0.02108,0.03648,0.00049,0.00175,-0.00004,0.57979,-0.00063,0.11572,0.00082,0.70517,-0.00012,0.70904,1,1,0,0
1765409513.442853,-0.03912,0.00193,-0.01595,-0.00018,0.00085,0.00007,0.57979,-0.00063,0.11572,0.00082,0.70517,-0.00012,0.70904,1,1,0,0
1765409513.444837,-0.02299,-0.01826,-0.05369,0.00066,0.00130,-0.00024,0.57983,-0.00063,0.11573,0.00082,0.70517,-0.00012,0.70904,1,1,0,0
1765409513.446851,-0.02187,0.00690,-0.01612,-0.00034,0.00025,-0.00008,0.57983,-0.00063,0.11573,0.00082,0.70517,-0.00012,0.70904,1,1,0,0
1765409513.448853,-0.01454,0.01566,0.00620,0.00020,0.00168,0.00006,0.57988,-0.00063,0.11575,0.00082,0.70516,-0.00012,0.70904,1,1,0,0
1765409513.450840,-0.02195,0.00660,-0.04637,-0.00056,0.00039,0.00030,0.57988,-0.00063,0.11575,0.00082,0.70516,-0.00012,0.70904,1,1,0,0
1765409513.452854,-0.06596,0.00308,-0.02363,0.00158,0.00091,-0.00031,0.57992,-0.00063,0.11576,0.00082,0.70516,-0.00012,0.70905,1,1,0,0
1765409513.454860,-0.03109,0.00197,0.00680,0.00026,0.00075,0.00008,0.57992,-0.00063,0.11576,0.00082,0.70516,-0.00012,0.70905,1,1,0,0
1765409513.456875,-0.02375,0.02065,0.03654,0.00070,0.00204,0.00036,0.57997,-0.00063,0.11578,0.00083,0.70516,-0.00012,0.70905,1,1,0,0
1765409513.458863,-0.01935,0.01332,-0.02419,0.00083,0.00187,-0.00010,0.57997,-0.00063,0.11578,0.00083,0.70516,-0.00012,0.70905,1,1,0,0
1765409513.460867,-0.01754,0.00360,-0.01606,-0.00082,0.00097,0.00019,0.58028,-0.00063,0.11587,0.00082,0.70514,-0.00012,0.70906,1,1,0,0
1765409513.462899,-0.04503,0.02421,0.00598,0.00140,0.00165,-0.00032,0.58028,-0.00063,0.11587,0.00082,0.70514,-0.00012,0.70906,1,1,0,0
1765409513.464866,-0.04849,0.00653,0.00672,0.00031,0.00172,0.00036,0.58028,-0.00063,0.11587,0.00082,0.70514,-0.00012,0.70906,1,1,0,0
1765409513.466938,-0.04700,-0.00261,-0.01583,-0.00046,0.00056,-0.00019,0.58028,-0.00063,0.11587,0.00082,0.70514,-0.00012,0.70906,1,1,0,0
1765409513.468868,-0.02236,0.01184,0.04459,-0.00006,0.00038,0.00024,0.58028,-0.00063,0.11587,0.00082,0.70514,-0.00012,0.70906,1,1,0,0
1765409513.470903,-0.02373,0.00153,0.00664,0.00112,0.00142,0.00007,0.58028,-0.00063,0.11587,0.00082,0.70514,-0.00012,0.70906,1,1,0,0
1765409513.472873,-0.01787,0.01337,0.00631,-0.00048,0.00134,-0.00007,0.58028,-0.00063,0.11587,0.00082,0.70514,-0.00012,0.70906,1,1,0,0
1765409513.474863,-0.04850,0.00148,-0.03868,0.00025,0.00173,0.00046,0.58028,-0.00063,0.11587,0.00082,0.70514,-0.00012,0.70906,1,1,0,0
1765409513.476864,-0.03892,0.00754,-0.02379,0.00010,0.00020,-0.00047,0.58028,-0.00063,0.11587,0.00082,0.70514,-0.00012,0.70906,1,1,0,0
1765409513.478855,-0.04007,-0.00718,-0.06146,0.00123,0.00048,-0.00050,0.58028,-0.00063,0.11587,0.00082,0.70514,-0.00012,0.70906,1,1,0,0
1765409513.480875,-0.02977,-0.01314,0.02964,-0.00058,0.00111,-0.00070,0.58028,-0.00063,0.11587,0.00082,0.70514,-0.00012,0.70906,1,1,0,0
1765409513.482859,-0.03092,-0.00313,-0.00840,0.00019,0.00100,-0.00020,0.58028,-0.00063,0.11587,0.00082,0.70514,-0.00012,0.70906,1,1,0,0
1765409513.484875,-0.03180,0.02552,-0.03196,0.00032,0.00214,0.00017,0.58028,-0.00063,0.11587,0.00082,0.70514,-0.00012,0.70906,1,1,0,0
1765409513.486888,-0.02729,-0.01133,-0.01580,0.00031,0.00186,0.00020,0.58028,-0.00063,0.11587,0.00082,0.70514,-0.00012,0.70906,1,1,0,0
1765409513.488887,-0.03260,-0.00561,-0.03098,-0.00202,0.00026,-0.00034,0.58028,-0.00063,0.11587,0.00082,0.70514,-0.00012,0.70906,1,1,0,0
1765409513.490876,-0.04769,-0.01249,-0.02311,0.00008,0.00071,0.00008,0.58032,-0.00063,0.11588,0.00082,0.70515,-0.00012,0.70906,1,1,0,0
1765409513.492880,-0.02275,0.05048,-0.00967,-0.00025,0.00125,0.00031,0.58036,-0.00063,0.11589,0.00082,0.70514,-0.00012,0.70907,1,1,0,0
1765409513.494872,-0.02735,0.01828,0.00623,0.00023,0.00184,0.00020,0.58036,-0.00063,0.11589,0.00082,0.70514,-0.00012,0.70907,1,1,0,0
1765409513.496880,-0.04992,0.00599,0.00652,0.00139,0.00288,0.00036,0.58041,-0.00063,0.11590,0.00082,0.70514,-0.00012,0.70907,1,1,0,0
1765409513.498901,-0.05703,-0.02697,-0.00755,0.00099,0.00096,0.00010,0.58041,-0.00063,0.11590,0.00082,0.70514,-0.00012,0.70907,1,1,0,0
1765409513.500876,-0.03079,0.01136,0.00656,-0.00029,0.00112,0.00021,0.58041,-0.00063,0.11590,0.00082,0.70514,-0.00012,0.70907,1,1,0,0
1765409513.502877,-0.03444,0.03442,-0.00160,-0.00044,0.00013,-0.00020,0.58045,-0.00063,0.11592,0.00082,0.70513,-0.00012,0.70907,1,1,0,0
1765409513.504898,-0.02348,0.04985,-0.00222,0.00018,0.00227,0.00032,0.58050,-0.00063,0.11593,0.00082,0.70513,-0.00012,0.70908,1,1,0,0
1765409513.506933,-0.05191,-0.00452,-0.00060,0.00039,0.00037,-0.00030,0.58050,-0.00063,0.11593,0.00082,0.70513,-0.00012,0.70908,1,1,0,0
1765409513.508919,-0.03442,-0.01031,-0.01553,-0.00055,0.00042,0.00021,0.58076,-0.00063,0.11601,0.00082,0.70512,-0.00012,0.70909,1,1,0,0
1765409513.510909,-0.02306,-0.01795,0.00747,0.00045,0.00068,0.00062,0.58076,-0.00063,0.11601,0.00082,0.70512,-0.00012,0.70909,1,1,0,0
1765409513.512913,-0.01883,0.01831,-0.02414,0.00024,0.00148,0.00017,0.58080,-0.00063,0.11602,0.00083,0.70511,-0.00012,0.70909,1,1,0,0
1765409513.514902,-0.05002,0.00698,-0.05408,0.00184,0.00162,0.00032,0.58080,-0.00063,0.11602,0.00083,0.70511,-0.00012,0.70909,1,1,0,0
1765409513.516910,-0.03020,0.03644,0.02888,-0.00086,0.00033,0.00036,0.58080,-0.00063,0.11602,0.00083,0.70511,-0.00012,0.70909,1,1,0,0
1765409513.519481,-0.03405,0.01925,0.02153,-0.00085,0.00051,-0.00017,0.58080,-0.00063,0.11602,0.00083,0.70511,-0.00012,0.70909,1,1,0,0
1765409513.520929,-0.04393,-0.00538,-0.04616,0.00038,0.00104,0.00005,0.58080,-0.00063,0.11602,0.00083,0.70511,-0.00012,0.70909,1,1,0,0
1765409513.522916,-0.04230,-0.01485,-0.01541,-0.00082,0.00014,-0.00005,0.58080,-0.00063,0.11602,0.00083,0.70511,-0.00012,0.70909,1,1,0,0
1765409513.524917,-0.05066,-0.02002,-0.02302,-0.00089,0.00075,-0.00032,0.58080,-0.00063,0.11602,0.00083,0.70511,-0.00012,0.70909,1,1,0,0
1765409513.526908,-0.03402,-0.00119,-0.00080,-0.00109,0.00129,-0.00005,0.58080,-0.00063,0.11602,0.00083,0.70511,-0.00012,0.70909,1,1,0,0
1765409513.528905,-0.01369,0.01602,0.01374,-0.00023,0.00116,-0.00034,0.58080,-0.00063,0.11602,0.00083,0.70511,-0.00012,0.70909,1,1,0,0
1765409513.530905,-0.01297,0.01653,-0.03151,-0.00088,0.00002,0.00003,0.58080,-0.00063,0.11602,0.00083,0.70511,-0.00012,0.70909,1,1,0,0
1765409513.532931,-0.03208,0.00130,0.00662,0.00090,0.00190,0.00008,0.58080,-0.00063,0.11602,0.00083,0.70511,-0.00012,0.70909,1,1,0,0
1765409513.534904,-0.02188,0.01613,0.02915,-0.00066,0.00101,0.00009,0.58080,-0.00063,0.11602,0.00083,0.70511,-0.00012,0.70909,1,1,0,0
1765409513.536936,-0.02992,-0.00875,-0.03103,-0.00097,0.00138,-0.00008,0.58080,-0.00063,0.11602,0.00083,0.70511,-0.00012,0.70909,1,1,0,0
1765409513.538911,-0.04674,-0.02236,-0.00025,-0.00048,0.00070,-0.00044,0.58085,-0.00063,0.11604,0.00082,0.70511,-0.00012,0.70910,1,1,0,0
1765409513.540921,0.00433,0.00601,-0.02364,-0.00144,0.00007,0.00030,0.58085,-0.00063,0.11604,0.00082,0.70511,-0.00012,0.70910,1,1,0,0
1765409513.542918,-0.01312,0.00642,0.00624,-0.00035,0.00090,-0.00088,0.58089,-0.00063,0.11605,0.00083,0.70511,-0.00012,0.70910,1,1,0,0
1765409513.544924,-0.04366,0.04807,0.00539,-0.00028,0.00200,-0.00019,0.58089,-0.00063,0.11605,0.00083,0.70511,-0.00012,0.70910,1,1,0,0
1765409513.546929,-0.05215,0.01393,0.01417,-0.00026,0.00163,0.00037,0.58094,-0.00063,0.11607,0.00082,0.70510,-0.00012,0.70910,1,1,0,0
1765409513.548930,-0.04904,0.01643,-0.03944,0.00108,0.00209,-0.00035,0.58094,-0.00063,0.11607,0.00082,0.70510,-0.00012,0.70910,1,1,0,0
1765409513.550975,-0.05198,-0.01968,-0.01529,0.00021,0.00064,0.00009,0.58098,-0.00063,0.11608,0.00082,0.70510,-0.00012,0.70911,1,1,0,0
1765409513.552971,-0.05094,0.00037,0.02224,-0.00064,-0.00003,-0.00002,0.58098,-0.00063,0.11608,0.00082,0.70510,-0.00012,0.70911,1,1,0,0
1765409513.554977,-0.01425,-0.00342,-0.01607,0.00041,0.00093,-0.00022,0.58103,-0.00063,0.11609,0.00083,0.70510,-0.00012,0.70911,1,1,0,0
1765409513.556947,-0.04305,-0.00065,-0.04631,-0.00043,0.00103,-0.00008,0.58129,-0.00063,0.11617,0.00082,0.70509,-0.00012,0.70912,1,1,0,0
1765409513.558946,-0.03040,0.03523,-0.03207,-0.00109,0.00174,0.00031,0.58129,-0.00063,0.11617,0.00082,0.70509,-0.00012,0.70912,1,1,0,0
1765409513.560981,-0.03787,0.01133,-0.00870,-0.00138,0.00108,-0.00019,0.58129,-0.00063,0.11617,0.00082,0.70509,-0.00012,0.70912,1,1,0,0
1765409513.562954,-0.06063,0.01407,-0.01636,-0.00004,0.00186,-0.00005,0.58129,-0.00063,0.11617,0.00082,0.70509,-0.00012,0.70912,1,1,0,0
1765409513.565124,-0.02144,-0.00318,-0.04631,-0.00068,0.00038,-0.00023,0.58129,-0.00063,0.11617,0.00082,0.70509,-0.00012,0.70912,1,1,0,0
1765409513.566929,-0.00554,0.02117,-0.05443,-0.00017,0.00031,0.00027,0.58129,-0.00063,0.11617,0.00082,0.70509,-0.00012,0.70912,1,1,0,0
1765409513.568968,-0.00209,0.02313,-0.03179,0.00030,0.00103,0.00042,0.58129,-0.00063,0.11617,0.00082,0.70509,-0.00012,0.70912,1,1,0,0
1765409513.570977,-0.07012,-0.00697,0.05280,-0.00226,0.00008,-0.00037,0.58129,-0.00063,0.11617,0.00082,0.70509,-0.00012,0.70912,1,1,0,0
1765409513.572971,-0.04895,0.02385,-0.00096,-0.00320,0.00032,0.00050,0.58133,-0.00063,0.11618,0.00083,0.70509,-0.00012,0.70912,1,1,0,0
1765409513.574949,-0.01710,-0.02485,0.02251,-0.00029,-0.00004,-0.00058,0.58133,-0.00063,0.11618,0.00083,0.70509,-0.00012,0.70912,1,1,0,0
1765409513.576946,-0.02986,0.01122,-0.04655,-0.00116,0.00086,0.00017,0.58133,-0.00063,0.11618,0.00083,0.70509,-0.00012,0.70912,1,1,0,0
1765409513.578952,-0.04451,-0.01541,-0.00066,0.00113,0.00181,-0.00045,0.58133,-0.00063,0.11618,0.00083,0.70509,-0.00012,0.70912,1,1,0,0
1765409513.580956,-0.07340,0.01188,-0.07706,0.00015,0.00189,-0.00022,0.58133,-0.00063,0.11618,0.00083,0.70509,-0.00012,0.70912,1,1,0,0
1765409513.582944,-0.03152,0.00576,0.01418,0.00008,0.00215,0.00035,0.58133,-0.00063,0.11618,0.00083,0.70509,-0.00012,0.70912,1,1,0,0
1765409513.584945,-0.05519,-0.00801,-0.07662,-0.00074,0.00130,-0.00049,0.58133,-0.00063,0.11618,0.00083,0.70509,-0.00012,0.70912,1,1,0,0
1765409513.586948,-0.04613,0.01258,0.03726,-0.00136,-0.00035,0.00026,0.58138,-0.00063,0.11619,0.00083,0.70509,-0.00012,0.70912,1,1,0,0
1765409513.588943,-0.01751,-0.01532,0.00686,0.00004,0.00059,-0.00087,0.58138,-0.00063,0.11619,0.00083,0.70509,-0.00012,0.70912,1,1,0,0
1765409513.590956,-0.05522,0.01177,0.03691,-0.00094,0.00128,-0.00014,0.58142,-0.00063,0.11620,0.00083,0.70509,-0.00012,0.70912,1,1,0,0
1765409513.592951,-0.01863,-0.00159,0.02179,0.00021,0.00187,-0.00006,0.58142,-0.00063,0.11620,0.00083,0.70509,-0.00012,0.70912,1,1,0,0
1765409513.594965,-0.04676,0.02223,-0.04691,-0.00060,0.00028,-0.00049,0.58147,-0.00063,0.11622,0.00083,0.70508,-0.00012,0.70912,1,1,0,0
1765409513.596990,-0.01799,-0.00989,-0.02311,0.00011,-0.00041,0.00019,0.58147,-0.00063,0.11622,0.00083,0.70508,-0.00012,0.70912,1,1,0,0
1765409513.598991,-0.03674,-0.02232,-0.02291,-0.00179,-0.00018,-0.00046,0.58182,-0.00063,0.11631,0.00083,0.70507,-0.00012,0.70913,1,1,0,0
1765409513.600981,-0.00040,0.04730,-0.01730,-0.00138,0.00111,0.00015,0.58182,-0.00063,0.11631,0.00083,0.70507,-0.00012,0.70913,1,1,0,0
1765409513.603032,-0.01815,0.02372,0.00635,-0.00035,0.00058,0.00047,0.58182,-0.00063,0.11631,0.00083,0.70507,-0.00012,0.70913,1,1,0,0
1765409513.605028,-0.03494,0.04791,-0.00203,-0.00072,0.00165,0.00020,0.58182,-0.00063,0.11631,0.00083,0.70507,-0.00012,0.70913,1,1,0,0
1765409513.607011,-0.00580,-0.00427,0.02953,-0.00004,0.00159,0.00021,0.58182,-0.00063,0.11631,0.00083,0.70507,-0.00012,0.70913,1,1,0,0
1765409513.608981,-0.06446,0.02744,-0.03208,0.00034,0.00099,-0.00100,0.58182,-0.00063,0.11631,0.00083,0.70507,-0.00012,0.70913,1,1,0,0
1765409513.611014,-0.01752,0.01836,-0.01608,-0.00129,0.00059,0.00099,0.58182,-0.00063,0.11631,0.00083,0.70507,-0.00012,0.70913,1,1,0,0
1765409513.612993,-0.03871,0.04154,-0.05517,-0.00036,0.00068,-0.00064,0.58182,-0.00063,0.11631,0.00083,0.70507,-0.00012,0.70913,1,1,0,0
1765409513.614966,-0.02373,-0.01336,-0.00060,0.00116,0.00156,0.00007,0.58182,-0.00063,0.11631,0.00083,0.70507,-0.00012,0.70913,1,1,0,0
1765409513.617004,-0.04329,-0.04531,-0.03006,-0.00010,0.00157,-0.00006,0.58182,-0.00063,0.11631,0.00083,0.70507,-0.00012,0.70913,1,1,0,0
1765409513.619019,-0.03406,-0.00555,0.00688,-0.00071,0.00079,-0.00031,0.58182,-0.00063,0.11631,0.00083,0.70507,-0.00012,0.70913,1,1,0,0
1765409513.621024,-0.03066,0.01042,-0.03155,-0.00074,0.00214,0.00018,0.58182,-0.00063,0.11631,0.00083,0.70507,-0.00012,0.70913,1,1,0,0
1765409513.622990,-0.04032,0.03622,-0.02479,0.00089,0.00172,-0.00049,0.58182,-0.00063,0.11631,0.00083,0.70507,-0.00012,0.70913,1,1,0,0
1765409513.624979,-0.01889,0.00828,0.02158,0.00033,0.00187,0.00008,0.58182,-0.00063,0.11631,0.00083,0.70507,-0.00012,0.70913,1,1,0,0
1765409513.626992,-0.02552,0.03363,-0.04744,-0.00089,0.00078,-0.00065,0.58182,-0.00063,0.11631,0.00083,0.70507,-0.00012,0.70913,1,1,0,0
1765409513.628986,-0.01445,0.03068,0.01365,-0.00005,0.00117,0.00047,0.58182,-0.00063,0.11631,0.00083,0.70507,-0.00012,0.70913,1,1,0,0
1765409513.630977,-0.02540,-0.01071,0.03724,-0.00077,0.00093,-0.00057,0.58186,-0.00063,0.11633,0.00083,0.70507,-0.00012,0.70914,1,1,0,0
1765409513.632986,-0.04318,0.00392,-0.02360,-0.00060,0.00141,0.00020,0.58186,-0.00063,0.11633,0.00083,0.70507,-0.00012,0.70914,1,1,0,0
1765409513.634982,-0.02728,0.00360,0.01422,0.00028,0.00172,0.00021,0.58190,-0.00063,0.11634,0.00083,0.70507,-0.00012,0.70913,1,1,0,0
1765409513.637002,-0.05079,0.03238,-0.00133,-0.00441,-0.00120,-0.00071,0.58190,-0.00063,0.11634,0.00083,0.70507,-0.00012,0.70913,1,1,0,0
1765409513.638998,-0.03137,-0.00365,0.05224,0.00041,0.00189,-0.00015,0.58194,-0.00063,0.11635,0.00083,0.70507,-0.00012,0.70913,1,1,0,0
1765409513.641003,-0.02038,0.01636,-0.03181,-0.00154,0.00047,-0.00077,0.58194,-0.00063,0.11635,0.00083,0.70507,-0.00012,0.70913,1,1,0,0
1765409513.642990,-0.00173,0.02839,0.04422,-0.00008,0.00051,0.00075,0.58199,-0.00063,0.11636,0.00083,0.70507,-0.00012,0.70914,1,1,0,0
1765409513.644998,-0.02736,-0.01073,-0.06163,0.00097,0.00147,-0.00065,0.58199,-0.00063,0.11636,0.00083,0.70507,-0.00012,0.70914,1,1,0,0
1765409513.646994,-0.03106,0.01132,-0.00106,-0.00007,0.00125,0.00021,0.58199,-0.00063,0.11636,0.00083,0.70507,-0.00012,0.70914,1,1,0,0
1765409513.649007,-0.03528,-0.02551,-0.03806,0.00014,0.00121,0.00019,0.58203,-0.00063,0.11637,0.00083,0.70507,-0.00012,0.70914,1,1,0,0
1765409513.651019,-0.02120,0.02578,-0.03918,-0.00164,0.00062,0.00057,0.58203,-0.00063,0.11637,0.00083,0.70507,-0.00012,0.70914,1,1,0,0
1765409513.653024,-0.03611,0.01394,0.01409,0.00062,0.00144,0.00036,0.58234,-0.00063,0.11646,0.00083,0.70506,-0.00012,0.70915,1,1,0,0
1765409513.655010,-0.02588,0.02328,0.01376,-0.00102,0.00130,0.00008,0.58234,-0.00063,0.11646,0.00083,0.70506,-0.00012,0.70915,1,1,0,0
1765409513.657026,-0.02291,0.00113,0.03701,0.00025,0.00166,0.00009,0.58234,-0.00063,0.11646,0.00083,0.70506,-0.00012,0.70915,1,1,0,0
1765409513.659184,-0.05306,-0.00052,0.00639,0.00131,0.00214,-0.00084,0.58234,-0.00063,0.11646,0.00083,0.70506,-0.00012,0.70915,1,1,0,0
1765409513.661018,-0.03062,0.01618,-0.00123,-0.00045,0.00124,0.00007,0.58234,-0.00063,0.11646,0.00083,0.70506,-0.00012,0.70915,1,1,0,0
1765409513.663011,-0.05222,-0.02386,-0.03056,0.00103,0.00013,-0.00059,0.58234,-0.00063,0.11646,0.00083,0.70506,-0.00012,0.70915,1,1,0,0
1765409513.665014,-0.05746,0.00730,-0.05413,0.00119,0.00132,-0.00008,0.58234,-0.00063,0.11646,0.00083,0.70506,-0.00012,0.70915,1,1,0,0
1765409513.667011,-0.04014,-0.01797,0.00711,0.00089,0.00163,-0.00018,0.58234,-0.00063,0.11646,0.00083,0.70506,-0.00012,0.70915,1,1,0,0
1765409513.669014,-0.04610,0.02638,-0.04716,-0.00142,0.00103,-0.00062,0.58234,-0.00063,0.11646,0.00083,0.70506,-0.00012,0.70915,1,1,0,0
1765409513.671022,-0.03519,-0.00169,0.00663,-0.00023,0.00232,-0.00005,0.58234,-0.00063,0.11646,0.00083,0.70506,-0.00012,0.70915,1,1,0,0
1765409513.673012,-0.02535,0.00001,-0.07691,-0.00043,-0.00021,-0.00093,0.58234,-0.00063,0.11646,0.00083,0.70506,-0.00012,0.70915,1,1,0,0
1765409513.675015,-0.03188,-0.00387,0.02975,0.00040,0.00191,0.00064,0.58234,-0.00063,0.11646,0.00083,0.70506,-0.00012,0.70915,1,1,0,0
1765409513.677018,-0.02572,0.01942,-0.02403,-0.00063,0.00004,-0.00022,0.58234,-0.00063,0.11646,0.00083,0.70506,-0.00012,0.70915,1,1,0,0
1765409513.679021,-0.03965,0.05140,-0.04747,-0.00002,0.00057,0.00030,0.58238,-0.00063,0.11647,0.00083,0.70506,-0.00012,0.70915,1,1,0,0
1765409513.681015,-0.00948,0.02295,-0.00154,-0.00058,0.00136,0.00005,0.58238,-0.00063,0.11647,0.00083,0.70506,-0.00012,0.70915,1,1,0,0
1765409513.683007,-0.01818,0.00893,-0.01642,0.00012,0.00096,-0.00036,0.58243,-0.00063,0.11649,0.00083,0.70505,-0.00012,0.70915,1,1,0,0
1765409513.685006,-0.01758,-0.03994,0.04612,-0.00047,-0.00001,0.00065,0.58243,-0.00063,0.11649,0.00083,0.70505,-0.00012,0.70915,1,1,0,0
1765409513.687018,-0.02760,-0.00843,-0.00802,-0.00293,0.00021,-0.00006,0.58247,-0.00063,0.11650,0.00083,0.70506,-0.00012,0.70915,1,1,0,0
1765409513.689040,-0.01840,0.01753,0.03652,-0.00043,0.00236,0.00022,0.58247,-0.00063,0.11650,0.00083,0.70506,-0.00012,0.70915,1,1,0,0
1765409513.691034,-0.07394,0.01243,-0.03145,0.00081,0.00151,-0.00018,0.58251,-0.00063,0.11651,0.00083,0.70506,-0.00012,0.70915,1,1,0,0
1765409513.693047,-0.06109,0.03532,-0.03190,0.00087,0.00020,-0.00020,0.58251,-0.00063,0.11651,0.00083,0.70506,-0.00012,0.70915,1,1,0,0
1765409513.695023,-0.00097,0.01862,0.02911,-0.00041,0.00037,0.00020,0.58256,-0.00063,0.11652,0.00083,0.70506,-0.00012,0.70915,1,1,0,0
1765409513.697040,-0.04372,-0.00721,0.00707,-0.00292,-0.00063,-0.00083,0.58260,-0.00063,0.11653,0.00083,0.70506,-0.00012,0.70915,1,1,0,0
1765409513.699039,-0.01029,0.01342,-0.00877,0.00018,0.00113,0.00031,0.58287,-0.00063,0.11660,0.00083,0.70506,-0.00012,0.70915,1,1,0,0
1765409513.701080,-0.05514,-0.00850,-0.04632,-0.00097,0.00193,-0.00047,0.58287,-0.00063,0.11660,0.00083,0.70506,-0.00012,0.70915,1,1,0,0
1765409513.703055,-0.05394,-0.02023,-0.01571,0.00195,0.00218,-0.00032,0.58287,-0.00063,0.11660,0.00083,0.70506,-0.00012,0.70915,1,1,0,0
1765409513.705030,-0.04666,-0.01366,-0.03840,-0.00125,0.00172,0.00007,0.58287,-0.00063,0.11660,0.00083,0.70506,-0.00012,0.70915,1,1,0,0
1765409513.707106,-0.01282,0.00712,0.00655,-0.00056,-0.00024,-0.00047,0.58287,-0.00063,0.11660,0.00083,0.70506,-0.00012,0.70915,1,1,0,0
1765409513.709074,0.00192,0.03462,0.01325,0.00022,0.00211,0.00031,0.58287,-0.00063,0.11660,0.00083,0.70506,-0.00012,0.70915,1,1,0,0
1765409513.711036,-0.02708,0.00428,-0.00121,0.00072,0.00120,-0.00060,0.58287,-0.00063,0.11660,0.00083,0.70506,-0.00012,0.70915,1,1,0,0
1765409513.713052,-0.01806,-0.00131,-0.00109,-0.00000,0.00148,-0.00048,0.58287,-0.00063,0.11660,0.00083,0.70506,-0.00012,0.70915,1,1,0,0
1765409513.715055,-0.04237,-0.03491,-0.01491,-0.00085,0.00054,0.00009,0.58287,-0.00063,0.11660,0.00083,0.70506,-0.00012,0.70915,1,1,0,0
1765409513.717061,-0.04616,0.02742,-0.03164,-0.00119,-0.00036,-0.00020,0.58287,-0.00063,0.11660,0.00083,0.70506,-0.00012,0.70915,1,1,0,0
1765409513.719076,-0.01336,0.01986,-0.00160,-0.00106,0.00217,-0.00008,0.58287,-0.00063,0.11660,0.00083,0.70506,-0.00012,0.70915,1,1,0,0
1765409513.721080,-0.01684,0.03335,-0.00173,-0.00133,0.00068,-0.00021,0.58287,-0.00063,0.11660,0.00083,0.70506,-0.00012,0.70915,1,1,0,0
1765409513.723057,-0.00141,0.02365,0.01390,-0.00013,0.00025,0.00046,0.58287,-0.00063,0.11660,0.00083,0.70506,-0.00012,0.70915,1,1,0,0
1765409513.725056,-0.02612,0.01913,0.02128,-0.00019,0.00079,-0.00059,0.58287,-0.00063,0.11660,0.00083,0.70506,-0.00012,0.70915,1,1,0,0
1765409513.727058,-0.06493,-0.00260,-0.00793,-0.00002,0.00105,0.00064,0.58291,-0.00063,0.11661,0.00083,0.70506,-0.00012,0.70915,1,1,0,0
1765409513.729052,-0.05658,-0.02707,0.01525,0.00056,0.00095,0.00012,0.58291,-0.00063,0.11661,0.00083,0.70506,-0.00012,0.70915,1,1,0,0
1765409513.731043,-0.04675,0.00238,-0.03118,-0.00062,0.00043,-0.00033,0.58295,-0.00063,0.11663,0.00083,0.70505,-0.00012,0.70915,1,1,0,0
1765409513.733060,-0.03185,0.02121,-0.03205,0.00092,0.00175,-0.00050,0.58295,-0.00063,0.11663,0.00083,0.70505,-0.00012,0.70915,1,1,0,0
1765409513.735126,-0.00107,0.02341,-0.01685,-0.00014,0.00075,-0.00038,0.58300,-0.00063,0.11664,0.00083,0.70505,-0.00012,0.70916,1,1,0,0
1765409513.737186,-0.01149,0.02331,0.00633,0.00095,0.00127,0.00086,0.58300,-0.00063,0.11664,0.00083,0.70505,-0.00012,0.70916,1,1,0,0
1765409513.739109,-0.04271,-0.00521,0.00675,-0.00027,0.00088,-0.00071,0.58304,-0.00063,0.11665,0.00083,0.70505,-0.00012,0.70916,1,1,0,0
1765409513.741094,-0.04942,0.00956,-0.00795,-0.00271,-0.00029,0.00090,0.58304,-0.00063,0.11665,0.00083,0.70505,-0.00012,0.70916,1,1,0,0
1765409513.743075,-0.05619,0.00178,-0.02356,-0.00019,0.00156,0.00008,0.58309,-0.00063,0.11666,0.00083,0.70505,-0.00012,0.70916,1,1,0,0
1765409513.745064,-0.03110,0.03535,-0.01692,-0.00043,0.00187,0.00032,0.58313,-0.00063,0.11668,0.00083,0.70505,-0.00012,0.70916,1,1,0,0
1765409513.747076,-0.03955,-0.02260,0.02999,0.00061,0.00124,-0.00042,0.58317,-0.00063,0.11669,0.00083,0.70505,-0.00012,0.70916,1,1,0,0
1765409513.749077,-0.02945,0.02664,-0.00901,-0.00119,0.00020,-0.00020,0.58335,-0.00063,0.11674,0.00083,0.70505,-0.00012,0.70916,1,1,0,0
1765409513.751081,-0.02654,-0.00557,0.03718,0.00016,0.00095,-0.00030,0.58335,-0.00063,0.11674,0.00083,0.70505,-0.00012,0.70916,1,1,0,0
1765409513.753331,-0.06817,0.02036,-0.07719,-0.00018,0.00029,-0.00062,0.58335,-0.00063,0.11674,0.00083,0.70505,-0.00012,0.70916,1,1,0,0
1765409513.755121,-0.06196,-0.01749,0.03080,-0.00282,0.00001,0.00109,0.58335,-0.00063,0.11674,0.00083,0.70505,-0.00012,0.70916,1,1,0,0
1765409513.757092,-0.06958,-0.01485,-0.02330,0.00092,0.00173,-0.00044,0.58335,-0.00063,0.11674,0.00083,0.70505,-0.00012,0.70916,1,1,0,0
1765409513.759095,-0.01027,0.01340,0.02179,-0.00004,0.00101,0.00074,0.58335,-0.00063,0.11674,0.00083,0.70505,-0.00012,0.70916,1,1,0,0
1765409513.761086,0.01644,-0.00207,0.04455,-0.00088,0.00106,-0.00007,0.58335,-0.00063,0.11674,0.00083,0.70505,-0.00012,0.70916,1,1,0,0
1765409513.763090,-0.01283,0.02059,-0.04701,-0.00127,0.00102,-0.00012,0.58335,-0.00063,0.11674,0.00083,0.70505,-0.00012,0.70916,1,1,0,0
1765409513.765080,-0.04759,-0.00288,-0.02351,-0.00002,0.00108,-0.00019,0.58335,-0.00063,0.11674,0.00083,0.70505,-0.00012,0.70916,1,1,0,0
1765409513.767087,-0.05833,0.02565,-0.02406,-0.00121,-0.00073,-0.00072,0.58335,-0.00063,0.11674,0.00083,0.70505,-0.00012,0.70916,1,1,0,0
1765409513.769098,-0.03124,-0.00349,-0.01571,-0.00003,0.00115,0.00060,0.58335,-0.00063,0.11674,0.00083,0.70505,-0.00012,0.70916,1,1,0,0
1765409513.771090,-0.04320,0.01891,-0.03190,-0.00020,0.00151,-0.00062,0.58335,-0.00063,0.11674,0.00083,0.70505,-0.00012,0.70916,1,1,0,0
1765409513.773087,-0.00054,0.05201,0.01266,-0.00110,0.00173,-0.00036,0.58340,-0.00063,0.11675,0.00083,0.70504,-0.00012,0.70917,1,1,0,0
1765409513.775087,0.00671,-0.00142,0.01419,0.00044,0.00093,-0.00008,0.58344,-0.00063,0.11677,0.00083,0.70504,-0.00012,0.70917,1,1,0,0
1765409513.777100,-0.02937,-0.00792,-0.00807,-0.00118,0.00023,-0.00006,0.58344,-0.00063,0.11677,0.00083,0.70504,-0.00012,0.70917,1,1,0,0
1765409513.779110,-0.01898,-0.00130,0.04477,0.00044,0.00150,0.00037,0.58349,-0.00063,0.11678,0.00083,0.70504,-0.00012,0.70917,1,1,0,0
1765409513.781114,-0.03295,0.02389,-0.06215,-0.00188,0.00037,-0.00038,0.58349,-0.00063,0.11678,0.00083,0.70504,-0.00012,0.70917,1,1,0,0
1765409513.783098,-0.04837,0.02601,0.02149,-0.00011,0.00183,0.00064,0.58349,-0.00063,0.11678,0.00083,0.70504,-0.00012,0.70917,1,1,0,0
1765409513.785102,-0.06051,0.01943,-0.06221,0.00024,0.00147,-0.00062,0.58353,-0.00063,0.11679,0.00083,0.70504,-0.00012,0.70917,1,1,0,0
1765409513.787130,-0.01317,0.01112,0.02916,-0.00072,0.00090,-0.00019,0.58357,-0.00063,0.11681,0.00083,0.70503,-0.00012,0.70917,1,1,0,0
1765409513.789104,0.00119,-0.01865,-0.04609,0.00154,0.00127,0.00014,0.58357,-0.00063,0.11681,0.00083,0.70503,-0.00012,0.70917,1,1,0,0
1765409513.791130,-0.03579,0.01422,0.00638,0.00062,0.00118,-0.00005,0.58362,-0.00063,0.11682,0.00083,0.70503,-0.00012,0.70917,1,1,0,0
1765409513.793106,-0.00087,0.03811,0.01334,-0.00061,0.00061,0.00005,0.58366,-0.00063,0.11683,0.00083,0.70503,-0.00012,0.70917,1,1,0,0
1765409513.795113,-0.04167,0.01414,-0.06214,-0.00135,0.00086,-0.00090,0.58366,-0.00063,0.11683,0.00083,0.70503,-0.00012,0.70917,1,1,0,0
1765409513.797124,-0.01304,-0.00924,0.01480,-0.00141,0.00119,0.00075,0.58366,-0.00063,0.11683,0.00083,0.70503,-0.00012,0.70917,1,1,0,0
1765409513.799115,-0.02140,-0.00864,-0.04638,-0.00075,0.00115,-0.00050,0.58389,-0.00063,0.11690,0.00083,0.70502,-0.00012,0.70918,1,1,0,0
1765409513.801224,-0.03507,-0.00571,0.02975,-0.00006,0.00118,0.00011,0.58389,-0.00063,0.11690,0.00083,0.70502,-0.00012,0.70918,1,1,0,0
1765409513.803131,-0.02676,0.02348,0.02150,-0.00036,0.00119,0.00049,0.58389,-0.00063,0.11690,0.00083,0.70502,-0.00012,0.70918,1,1,0,0
1765409513.805128,-0.05210,0.04400,0.00554,0.00011,0.00134,-0.00045,0.58389,-0.00063,0.11690,0.00083,0.70502,-0.00012,0.70918,1,1,0,0
1765409513.807162,-0.03920,0.01160,-0.04655,-0.00028,0.00097,0.00018,0.58389,-0.00063,0.11690,0.00083,0.70502,-0.00012,0.70918,1,1,0,0
1765409513.809129,-0.05089,-0.01564,-0.04609,-0.00084,0.00151,-0.00047,0.58389,-0.00063,0.11690,0.00083,0.70502,-0.00012,0.70918,1,1,0,0
1765409513.811122,-0.03536,0.00835,0.02942,-0.00032,0.00194,0.00050,0.58389,-0.00063,0.11690,0.00083,0.70502,-0.00012,0.70918,1,1,0,0
1765409513.813125,-0.02626,0.00877,0.01397,-0.00032,0.00131,-0.00032,0.58389,-0.00063,0.11690,0.00083,0.70502,-0.00012,0.70918,1,1,0,0
1765409513.815118,-0.03843,0.00182,-0.03110,-0.00084,0.00072,0.00006,0.58389,-0.00063,0.11690,0.00083,0.70502,-0.00012,0.70918,1,1,0,0
1765409513.817122,-0.01901,0.01851,0.00625,0.00046,0.00135,0.00020,0.58389,-0.00063,0.11690,0.00083,0.70502,-0.00012,0.70918,1,1,0,0
1765409513.819134,-0.04881,-0.00778,-0.03119,0.00123,0.00160,-0.00047,0.58389,-0.00063,0.11690,0.00083,0.70502,-0.00012,0.70918,1,1,0,0
1765409513.821134,-0.00476,0.00941,0.02924,-0.00162,0.00234,0.00061,0.58393,-0.00063,0.11691,0.00083,0.70502,-0.00012,0.70918,1,1,0,0
1765409513.823117,-0.04280,0.00442,-0.04664,-0.00037,0.00101,-0.00062,0.58397,-0.00063,0.11692,0.00083,0.70503,-0.00012,0.70918,1,1,0,0
1765409513.825127,-0.03895,0.00173,-0.04634,-0.00040,0.00098,0.00005,0.58397,-0.00063,0.11692,0.00083,0.70503,-0.00012,0.70918,1,1,0,0
1765409513.827133,-0.02528,0.00949,0.00638,-0.00075,0.00028,-0.00073,0.58397,-0.00063,0.11692,0.00083,0.70503,-0.00012,0.70918,1,1,0,0
1765409513.829139,-0.01904,0.04747,-0.00202,-0.00007,0.00185,0.00058,0.58402,-0.00063,0.11693,0.00083,0.70502,-0.00012,0.70918,1,1,0,0
1765409513.831153,-0.00123,0.02735,0.03596,-0.00031,0.00213,-0.00047,0.58406,-0.00063,0.11695,0.00083,0.70502,-0.00012,0.70919,1,1,0,0
1765409513.833135,-0.02557,0.00862,-0.02397,-0.00098,0.00118,-0.00035,0.58406,-0.00063,0.11695,0.00083,0.70502,-0.00012,0.70919,1,1,0,0
1765409513.835133,-0.03217,0.00400,0.06790,-0.00300,0.00013,0.00068,0.58406,-0.00063,0.11695,0.00083,0.70502,-0.00012,0.70919,1,1,0,0
1765409513.837170,-0.05945,0.02947,-0.01655,-0.00094,0.00069,-0.00005,0.58411,-0.00063,0.11696,0.00083,0.70502,-0.00012,0.70919,1,1,0,0
1765409513.839143,-0.04679,0.01584,0.03676,-0.00133,0.00194,0.00012,0.58411,-0.00063,0.11696,0.00083,0.70502,-0.00012,0.70919,1,1,0,0
1765409513.841198,-0.04748,0.00175,-0.02373,-0.00019,0.00145,-0.00033,0.58415,-0.00063,0.11697,0.00083,0.70502,-0.00012,0.70919,1,1,0,0
1765409513.843161,-0.04740,-0.01301,-0.03076,-0.00037,0.00122,0.00007,0.58415,-0.00063,0.11697,0.00083,0.70502,-0.00012,0.70919,1,1,0,0
1765409513.845162,-0.02623,0.00879,0.06731,-0.00053,0.00119,0.00012,0.58419,-0.00063,0.11699,0.00083,0.70502,-0.00012,0.70919,1,1,0,0
1765409513.847172,-0.02552,0.01804,0.01374,-0.00130,0.00168,-0.00019,0.58419,-0.00063,0.11699,0.00083,0.70502,-0.00012,0.70919,1,1,0,0
1765409513.849163,-0.02685,0.00842,-0.00873,-0.00010,0.00171,0.00006,0.58419,-0.00063,0.11699,0.00083,0.70502,-0.00012,0.70919,1,1,0,0
1765409513.851221,-0.04171,0.01479,-0.03184,-0.00090,0.00034,-0.00128,0.58441,-0.00063,0.11704,0.00083,0.70502,-0.00012,0.70919,1,1,0,0
1765409513.853284,-0.00265,0.02790,0.03648,0.00057,0.00141,0.00074,0.58446,-0.00063,0.11705,0.00083,0.70502,-0.00012,0.70918,1,1,0,0
1765409513.855192,-0.01365,-0.00312,0.01439,-0.00002,0.00041,-0.00020,0.58446,-0.00063,0.11705,0.00083,0.70502,-0.00012,0.70918,1,1,0,0
1765409513.857192,0.00147,0.03965,-0.00196,0.00050,0.00199,0.00056,0.58446,-0.00063,0.11705,0.00083,0.70502,-0.00012,0.70918,1,1,0,0
1765409513.859198,-0.03613,0.00906,-0.00127,0.00100,0.00169,-0.00033,0.58446,-0.00063,0.11705,0.00083,0.70502,-0.00012,0.70918,1,1,0,0
1765409513.861197,-0.04707,0.02071,-0.01661,-0.00105,0.00207,-0.00006,0.58446,-0.00063,0.11705,0.00083,0.70502,-0.00012,0.70918,1,1,0,0
1765409513.863146,-0.04906,-0.02265,-0.00047,0.00148,0.00187,-0.00044,0.58446,-0.00063,0.11705,0.00083,0.70502,-0.00012,0.70918,1,1,0,0
1765409513.865164,-0.05521,0.00242,-0.04617,-0.00083,0.00041,0.00007,0.58446,-0.00063,0.11705,0.00083,0.70502,-0.00012,0.70918,1,1,0,0
1765409513.867172,-0.00984,0.01831,0.01386,-0.00020,0.00112,0.00020,0.58446,-0.00063,0.11705,0.00083,0.70502,-0.00012,0.70918,1,1,0,0
1765409513.869177,-0.05702,0.01215,-0.05429,0.00081,0.00131,-0.00021,0.58446,-0.00063,0.11705,0.00083,0.70502,-0.00012,0.70918,1,1,0,0
1765409513.871177,-0.03065,0.04024,0.00571,-0.00081,0.00186,0.00020,0.58446,-0.00063,0.11705,0.00083,0.70502,-0.00012,0.70918,1,1,0,0
1765409513.873157,-0.03423,-0.00176,-0.00090,-0.00110,0.00206,-0.00006,0.58450,-0.00063,0.11706,0.00083,0.70502,-0.00012,0.70918,1,1,0,0
1765409513.875160,-0.04811,-0.03275,-0.05322,0.00049,0.00162,-0.00021,0.58450,-0.00063,0.11706,0.00083,0.70502,-0.00012,0.70918,1,1,0,0
1765409513.877175,-0.01760,-0.01635,0.02225,-0.00062,0.00149,-0.00005,0.58455,-0.00063,0.11707,0.00083,0.70503,-0.00012,0.70918,1,1,0,0
1765409513.879173,-0.02619,0.00405,0.02161,-0.00016,0.00119,-0.00059,0.58455,-0.00063,0.11707,0.00083,0.70503,-0.00012,0.70918,1,1,0,0
1765409513.881174,-0.02686,0.01766,0.03655,-0.00043,0.00246,0.00023,0.58459,-0.00063,0.11709,0.00083,0.70502,-0.00012,0.70918,1,1,0,0
1765409513.883201,-0.02624,0.05414,-0.00219,-0.00021,0.00001,-0.00035,0.58459,-0.00063,0.11709,0.00083,0.70502,-0.00012,0.70918,1,1,0,0
1765409513.885187,-0.03916,0.02098,-0.03162,-0.00061,0.00147,0.00032,0.58464,-0.00063,0.11710,0.00083,0.70502,-0.00012,0.70919,1,1,0,0
1765409513.887181,-0.04698,0.00247,0.05235,-0.00040,0.00055,-0.00027,0.58464,-0.00063,0.11710,0.00083,0.70502,-0.00012,0.70919,1,1,0,0
1765409513.889197,-0.02131,0.00013,-0.03896,-0.00152,0.00216,0.00004,0.58468,-0.00063,0.11712,0.00083,0.70502,-0.00012,0.70919,1,1,0,0
1765409513.891218,-0.04288,-0.02007,-0.00013,-0.00045,0.00066,0.00010,0.58468,-0.00063,0.11712,0.00083,0.70502,-0.00012,0.70919,1,1,0,0
1765409513.893213,-0.04767,0.02180,-0.00907,0.00006,0.00118,-0.00046,0.58473,-0.00063,0.11713,0.00083,0.70502,-0.00012,0.70919,1,1,0,0
1765409513.895178,-0.02342,0.03939,0.02843,-0.00016,0.00292,0.00061,0.58477,-0.00064,0.11714,0.00083,0.70501,-0.00012,0.70919,1,1,0,0
1765409513.897191,-0.03139,0.01110,-0.00112,0.00015,0.00164,0.00021,0.58494,-0.00064,0.11719,0.00083,0.70501,-0.00012,0.70919,1,1,0,0
1765409513.899190,-0.03229,-0.00723,-0.03856,0.00167,0.00039,-0.00009,0.58494,-0.00064,0.11719,0.00083,0.70501,-0.00012,0.70919,1,1,0,0
1765409513.901180,-0.03821,-0.01740,-0.02303,-0.00064,0.00022,-0.00019,0.58494,-0.00064,0.11719,0.00083,0.70501,-0.00012,0.70919,1,1,0,0
1765409513.903241,-0.05269,0.02260,0.03688,-0.00277,-0.00067,-0.00041,0.58494,-0.00064,0.11719,0.00083,0.70501,-0.00012,0.70919,1,1,0,0
1765409513.905230,-0.02750,-0.00190,0.00653,0.00043,0.00261,-0.00006,0.58494,-0.00064,0.11719,0.00083,0.70501,-0.00012,0.70919,1,1,0,0
1765409513.907199,-0.03621,0.02864,-0.02446,0.00080,0.00168,-0.00008,0.58494,-0.00064,0.11719,0.00083,0.70501,-0.00012,0.70919,1,1,0,0
1765409513.909197,-0.02688,-0.00582,0.01433,0.00038,0.00133,-0.00032,0.58494,-0.00064,0.11719,0.00083,0.70501,-0.00012,0.70919,1,1,0,0
1765409513.911192,-0.03618,0.00259,0.06031,-0.00258,-0.00084,0.00014,0.58494,-0.00064,0.11719,0.00083,0.70501,-0.00012,0.70919,1,1,0,0
1765409513.913199,-0.04847,0.00721,-0.03115,0.00054,0.00084,0.00034,0.58494,-0.00064,0.11719,0.00083,0.70501,-0.00012,0.70919,1,1,0,0
1765409513.915202,-0.03138,-0.00507,-0.00855,-0.00027,0.00330,0.00020,0.58494,-0.00064,0.11719,0.00083,0.70501,-0.00012,0.70919,1,1,0,0
1765409513.917204,-0.04632,0.03499,0.00577,-0.00197,0.00243,-0.00005,0.58499,-0.00063,0.11720,0.00083,0.70502,-0.00012,0.70919,1,1,0,0
1765409513.919195,-0.02648,0.03289,-0.00930,-0.00068,0.00169,0.00019,0.58499,-0.00063,0.11720,0.00083,0.70502,-0.00012,0.70919,1,1,0,0
1765409513.921201,-0.04302,0.02495,-0.03172,-0.00012,-0.00002,-0.00034,0.58503,-0.00063,0.11721,0.00083,0.70502,-0.00012,0.70919,1,1,0,0
1765409513.923202,-0.03178,0.01200,0.02936,0.00081,0.00075,0.00023,0.58503,-0.00063,0.11721,0.00083,0.70502,-0.00012,0.70919,1,1,0,0
1765409513.925196,-0.05677,-0.01253,-0.04630,0.00095,0.00157,-0.00074,0.58507,-0.00064,0.11722,0.00083,0.70502,-0.00012,0.70919,1,1,0,0
1765409513.927210,-0.05699,-0.00902,-0.03099,0.00012,0.00285,0.00034,0.58530,-0.00064,0.11729,0.00083,0.70501,-0.00012,0.70920,1,1,0,0
1765409513.929243,-0.00090,-0.00230,0.00653,-0.00067,0.00191,-0.00008,0.58530,-0.00064,0.11729,0.00083,0.70501,-0.00012,0.70920,1,1,0,0
1765409513.931209,-0.04369,0.00626,0.03741,-0.00406,0.00039,0.00040,0.58530,-0.00064,0.11729,0.00083,0.70501,-0.00012,0.70920,1,1,0,0
1765409513.933225,-0.00564,0.01097,0.05220,-0.00029,0.00082,0.00063,0.58530,-0.00064,0.11729,0.00083,0.70501,-0.00012,0.70920,1,1,0,0
1765409513.935222,-0.04670,0.03666,0.01342,-0.00086,0.00077,-0.00044,0.58530,-0.00064,0.11729,0.00083,0.70501,-0.00012,0.70920,1,1,0,0
1765409513.937245,-0.01943,-0.01108,0.03734,0.00097,0.00163,0.00023,0.58530,-0.00064,0.11729,0.00083,0.70501,-0.00012,0.70920,1,1,0,0
1765409513.939252,-0.03125,0.01661,0.01362,0.00065,0.00136,-0.00073,0.58530,-0.00064,0.11729,0.00083,0.70501,-0.00012,0.70920,1,1,0,0
1765409513.941240,-0.01937,0.01746,-0.01654,0.00023,0.00251,0.00058,0.58530,-0.00064,0.11729,0.00083,0.70501,-0.00012,0.70920,1,1,0,0
1765409513.943224,-0.04296,-0.00041,-0.00830,-0.00043,0.00077,-0.00005,0.58530,-0.00064,0.11729,0.00083,0.70501,-0.00012,0.70920,1,1,0,0
1765409513.945229,-0.05234,0.01477,-0.06943,0.00041,0.00075,-0.00010,0.58530,-0.00064,0.11729,0.00083,0.70501,-0.00012,0.70920,1,1,0,0
1765409513.947224,-0.02694,-0.00104,0.05227,0.00022,0.00146,-0.00002,0.58530,-0.00064,0.11729,0.00083,0.70501,-0.00012,0.70920,1,1,0,0
1765409513.949227,-0.04786,0.01692,-0.04686,0.00021,0.00106,-0.00035,0.58534,-0.00063,0.11730,0.00083,0.70501,-0.00012,0.70920,1,1,0,0
1765409513.951259,-0.02341,0.01461,0.03658,-0.00003,0.00319,0.00049,0.58534,-0.00063,0.11730,0.00083,0.70501,-0.00012,0.70920,1,1,0,0
1765409513.953244,-0.03553,0.02414,-0.00137,0.00030,0.00091,0.00007,0.58538,-0.00064,0.11732,0.00083,0.70501,-0.00012,0.70920,1,1,0,0
1765409513.955221,-0.06620,-0.02685,-0.03018,0.00143,0.00108,0.00050,0.58538,-0.00064,0.11732,0.00083,0.70501,-0.00012,0.70920,1,1,0,0
1765409513.957232,-0.07308,-0.01702,-0.00783,0.00024,0.00114,-0.00015,0.58543,-0.00063,0.11733,0.00083,0.70500,-0.00012,0.70920,1,1,0,0
1765409513.959233,-0.03397,0.01880,-0.04688,-0.00107,0.00090,-0.00023,0.58543,-0.00063,0.11733,0.00083,0.70500,-0.00012,0.70920,1,1,0,0
1765409513.961243,-0.00647,0.01015,0.01386,0.00036,0.00222,0.00019,0.58547,-0.00064,0.11734,0.00083,0.70500,-0.00012,0.70920,1,1,0,0
1765409513.963242,-0.04726,-0.01248,-0.01584,0.00008,0.00095,-0.00072,0.58547,-0.00064,0.11734,0.00083,0.70500,-0.00012,0.70920,1,1,0,0
1765409513.965260,-0.02303,0.00145,0.01427,0.00047,0.00129,0.00008,0.58547,-0.00064,0.11734,0.00083,0.70500,-0.00012,0.70920,1,1,0,0
1765409513.967252,-0.03760,-0.00711,0.02987,-0.00095,-0.00032,-0.00042,0.58556,-0.00064,0.11737,0.00083,0.70500,-0.00012,0.70921,1,1,0,0
1765409513.969255,-0.05494,0.02229,-0.02372,-0.00125,0.00001,0.00035,0.58574,-0.00064,0.11742,0.00083,0.70500,-0.00012,0.70921,1,1,0,0
1765409513.971248,-0.00873,0.01735,0.01379,-0.00152,0.00187,0.00019,0.58574,-0.00064,0.11742,0.00083,0.70500,-0.00012,0.70921,1,1,0,0
1765409513.973312,-0.04800,0.02019,-0.04714,-0.00040,0.00297,-0.00009,0.58574,-0.00064,0.11742,0.00083,0.70500,-0.00012,0.70921,1,1,0,0
1765409513.975245,-0.01851,-0.00700,0.00690,-0.00029,0.00213,0.00047,0.58574,-0.00064,0.11742,0.00083,0.70500,-0.00012,0.70921,1,1,0,0
1765409513.977240,-0.03115,-0.01483,0.02239,-0.00279,-0.00065,-0.00083,0.58574,-0.00064,0.11742,0.00083,0.70500,-0.00012,0.70921,1,1,0,0
1765409513.979237,-0.02219,-0.00190,0.02218,0.00043,-0.00075,-0.00018,0.58574,-0.00064,0.11742,0.00083,0.70500,-0.00012,0.70921,1,1,0,0
1765409513.981244,-0.05502,0.01718,-0.02375,-0.00109,0.00039,0.00008,0.58574,-0.00064,0.11742,0.00083,0.70500,-0.00012,0.70921,1,1,0,0
1765409513.983248,-0.05973,0.02245,-0.00912,-0.00147,0.00324,0.00009,0.58574,-0.00064,0.11742,0.00083,0.70500,-0.00012,0.70921,1,1,0,0
1765409513.985250,-0.05242,0.01892,-0.00140,0.00024,0.00188,-0.00018,0.58574,-0.00064,0.11742,0.00083,0.70500,-0.00012,0.70921,1,1,0,0
1765409513.987286,-0.02150,0.00656,-0.03133,-0.00078,0.00050,-0.00009,0.58574,-0.00064,0.11742,0.00083,0.70500,-0.00012,0.70921,1,1,0,0
1765409513.989230,-0.01484,-0.05196,-0.00727,0.00157,0.00046,-0.00047,0.58578,-0.00064,0.11743,0.00083,0.70500,-0.00012,0.70921,1,1,0,0
1765409513.991263,-0.05315,-0.01264,0.07546,-0.00233,0.00063,-0.00064,0.58578,-0.00064,0.11743,0.00083,0.70500,-0.00012,0.70921,1,1,0,0
1765409513.993248,-0.02727,0.00722,-0.00117,-0.00034,0.00312,0.00047,0.58582,-0.00064,0.11745,0.00083,0.70499,-0.00012,0.70921,1,1,0,0
1765409513.995255,-0.05464,0.00217,0.02941,-0.00106,0.00102,-0.00068,0.58582,-0.00064,0.11745,0.00083,0.70499,-0.00012,0.70921,1,1,0,0
1765409513.997268,-0.04377,0.00867,-0.00867,-0.00010,0.00191,0.00008,0.58587,-0.00064,0.11746,0.00083,0.70499,-0.00012,0.70921,1,1,0,0
1765409513.999268,-0.01938,0.02882,0.02111,0.00102,0.00109,-0.00006,0.58587,-0.00064,0.11746,0.00083,0.70499,-0.00012,0.70921,1,1,0,0
1765409514.001272,-0.02316,0.04869,0.00610,-0.00355,-0.00090,0.00061,0.58591,-0.00064,0.11747,0.00083,0.70499,-0.00012,0.70921,1,1,0,0
1765409514.003283,-0.02114,0.03287,-0.00936,0.00194,0.00239,0.00058,0.58591,-0.00064,0.11747,0.00083,0.70499,-0.00012,0.70921,1,1,0,0
1765409514.005284,-0.06833,0.01932,-0.02420,-0.00041,0.00168,-0.00058,0.58595,-0.00064,0.11748,0.00083,0.70499,-0.00012,0.70922,1,1,0,0
1765409514.007272,-0.04905,0.00698,-0.01604,0.00097,0.00135,0.00035,0.58613,-0.00064,0.11754,0.00083,0.70499,-0.00012,0.70922,1,1,0,0
1765409514.009263,-0.01753,0.02359,0.02880,-0.00057,0.00094,-0.00032,0.58613,-0.00064,0.11754,0.00083,0.70499,-0.00012,0.70922,1,1,0,0
1765409514.011307,-0.04336,0.00482,-0.06163,0.00007,0.00052,-0.00023,0.58613,-0.00064,0.11754,0.00083,0.70499,-0.00012,0.70922,1,1,0,0
1765409514.013287,-0.03464,-0.00579,0.02199,-0.00028,0.00130,-0.00030,0.58613,-0.00064,0.11754,0.00083,0.70499,-0.00012,0.70922,1,1,0,0
1765409514.015287,-0.04707,0.00717,-0.00863,-0.00034,0.00080,-0.00045,0.58613,-0.00064,0.11754,0.00083,0.70499,-0.00012,0.70922,1,1,0,0
1765409514.017282,-0.04098,0.01138,-0.00097,0.00102,0.00176,0.00062,0.58613,-0.00064,0.11754,0.00083,0.70499,-0.00012,0.70922,1,1,0,0
1765409514.019324,-0.04638,0.01685,-0.05418,-0.00131,0.00042,0.00005,0.58613,-0.00064,0.11754,0.00083,0.70499,-0.00012,0.70922,1,1,0,0
1765409514.021310,-0.01417,0.02021,-0.02421,-0.00040,0.00181,0.00030,0.58613,-0.00064,0.11754,0.00083,0.70499,-0.00012,0.70922,1,1,0,0
1765409514.023299,-0.04682,0.00212,-0.03864,-0.00084,0.00056,0.00006,0.58613,-0.00064,0.11754,0.00083,0.70499,-0.00012,0.70922,1,1,0,0
1765409514.025359,-0.04777,0.01581,-0.02407,-0.00045,0.00221,0.00007,0.58617,-0.00064,0.11755,0.00083,0.70499,-0.00012,0.70922,1,1,0,0
1765409514.027375,-0.01453,-0.00912,0.01435,0.00034,0.00195,-0.00006,0.58617,-0.00064,0.11755,0.00083,0.70499,-0.00012,0.70922,1,1,0,0
1765409514.029361,-0.05573,-0.00746,-0.03101,-0.00008,0.00092,-0.00046,0.58622,-0.00064,0.11756,0.00083,0.70499,-0.00012,0.70922,1,1,0,0
1765409514.031358,0.01417,0.01314,0.05203,0.00083,0.00096,0.00074,0.58622,-0.00064,0.11756,0.00083,0.70499,-0.00012,0.70922,1,1,0,0
1765409514.033356,-0.04678,0.00665,-0.01628,-0.00078,0.00131,-0.00046,0.58626,-0.00064,0.11757,0.00083,0.70499,-0.00012,0.70922,1,1,0,0
1765409514.035301,-0.04807,0.00700,0.04479,0.00010,0.00108,0.00040,0.58626,-0.00064,0.11757,0.00083,0.70499,-0.00012,0.70922,1,1,0,0
1765409514.037281,-0.05086,-0.00502,-0.05376,-0.00071,0.00049,-0.00034,0.58630,-0.00064,0.11758,0.00083,0.70499,-0.00012,0.70921,1,1,0,0
1765409514.039293,0.00264,-0.00518,0.02956,-0.00048,0.00226,0.00060,0.58630,-0.00064,0.11758,0.00083,0.70499,-0.00012,0.70921,1,1,0,0
1765409514.041332,-0.03933,-0.01840,0.01470,0.00001,0.00188,-0.00017,0.58635,-0.00064,0.11759,0.00083,0.70499,-0.00012,0.70921,1,1,0,0
1765409514.043341,-0.03082,0.05105,-0.02491,-0.00024,0.00083,-0.00009,0.58639,-0.00064,0.11761,0.00083,0.70499,-0.00012,0.70922,1,1,0,0
1765409514.045336,-0.04040,0.05140,0.02082,0.00064,0.00095,0.00036,0.58661,-0.00064,0.11768,0.00083,0.70498,-0.00012,0.70923,1,1,0,0
1765409514.047405,-0.02561,0.02898,-0.01666,-0.00095,0.00028,-0.00008,0.58661,-0.00064,0.11768,0.00083,0.70498,-0.00012,0.70923,1,1,0,0
1765409514.049402,-0.01085,-0.02662,-0.00000,0.00035,0.00181,0.00100,0.58661,-0.00064,0.11768,0.00083,0.70498,-0.00012,0.70923,1,1,0,0
1765409514.051322,-0.04622,0.00748,0.00667,-0.00099,0.00016,-0.00044,0.58661,-0.00064,0.11768,0.00083,0.70498,-0.00012,0.70923,1,1,0,0
1765409514.053320,-0.01780,0.01355,-0.00125,-0.00048,0.00109,-0.00008,0.58661,-0.00064,0.11768,0.00083,0.70498,-0.00012,0.70923,1,1,0,0
1765409514.055310,-0.04318,0.00902,0.01403,-0.00032,0.00152,-0.00031,0.58661,-0.00064,0.11768,0.00083,0.70498,-0.00012,0.70923,1,1,0,0
1765409514.057317,-0.03919,0.00175,-0.00839,-0.00019,0.00110,0.00008,0.58661,-0.00064,0.11768,0.00083,0.70498,-0.00012,0.70923,1,1,0,0
1765409514.059315,-0.01511,0.01036,0.00647,0.00036,0.00208,0.00060,0.58661,-0.00064,0.11768,0.00083,0.70498,-0.00012,0.70923,1,1,0,0
1765409514.061322,-0.04878,0.01154,-0.03940,0.00102,0.00209,-0.00062,0.58661,-0.00064,0.11768,0.00083,0.70498,-0.00012,0.70923,1,1,0,0
1765409514.063323,-0.04911,0.02172,0.02154,0.00093,0.00146,0.00037,0.58661,-0.00064,0.11768,0.00083,0.70498,-0.00012,0.70923,1,1,0,0
1765409514.065357,-0.05560,0.02764,-0.05463,-0.00009,0.00013,-0.00062,0.58661,-0.00064,0.11768,0.00083,0.70498,-0.00012,0.70923,1,1,0,0
1765409514.067311,-0.04093,0.03149,-0.00925,0.00127,0.00148,0.00007,0.58661,-0.00064,0.11768,0.00083,0.70498,-0.00012,0.70923,1,1,0,0
1765409514.069322,-0.01402,0.01443,-0.00154,-0.00069,0.00295,0.00005,0.58661,-0.00064,0.11768,0.00083,0.70498,-0.00012,0.70923,1,1,0,0
1765409514.071318,-0.04277,0.01814,0.02876,-0.00086,0.00239,-0.00057,0.58666,-0.00064,0.11769,0.00083,0.70498,-0.00012,0.70923,1,1,0,0
1765409514.073326,-0.01389,-0.02436,0.00729,-0.00050,0.00209,0.00034,0.58670,-0.00064,0.11771,0.00083,0.70497,-0.00012,0.70923,1,1,0,0
1765409514.075346,-0.04675,-0.01243,-0.02339,-0.00036,0.00069,-0.00073,0.58670,-0.00064,0.11771,0.00083,0.70497,-0.00012,0.70923,1,1,0,0
1765409514.077328,-0.02310,0.01110,0.01422,0.00015,0.00129,0.00061,0.58675,-0.00064,0.11772,0.00083,0.70497,-0.00012,0.70923,1,1,0,0
1765409514.079330,-0.02628,0.03858,-0.00212,-0.00018,0.00116,-0.00075,0.58675,-0.00064,0.11772,0.00083,0.70497,-0.00012,0.70923,1,1,0,0
1765409514.081332,-0.03993,0.01529,0.05192,-0.00024,0.00275,0.00052,0.58675,-0.00064,0.11772,0.00083,0.70497,-0.00012,0.70923,1,1,0,0
1765409514.083371,-0.03095,0.01102,-0.00888,-0.00007,0.00175,-0.00021,0.58679,-0.00064,0.11773,0.00083,0.70497,-0.00012,0.70924,1,1,0,0
1765409514.085371,-0.03389,0.03873,-0.05464,-0.00148,0.00026,0.00043,0.58679,-0.00064,0.11773,0.00083,0.70497,-0.00012,0.70924,1,1,0,0
1765409514.087384,-0.00178,0.00416,0.01429,0.00050,0.00027,0.00019,0.58679,-0.00064,0.11773,0.00083,0.70497,-0.00012,0.70924,1,1,0,0
1765409514.089419,-0.06419,-0.00734,-0.03099,-0.00008,0.00102,-0.00045,0.58706,-0.00064,0.11781,0.00083,0.70496,-0.00012,0.70925,1,1,0,0
1765409514.091429,-0.04350,-0.02603,0.00745,-0.00030,0.00207,0.00023,0.58706,-0.00064,0.11781,0.00083,0.70496,-0.00012,0.70925,1,1,0,0
1765409514.093365,-0.03932,-0.01277,-0.04613,0.00029,0.00099,-0.00035,0.58706,-0.00064,0.11781,0.00083,0.70496,-0.00012,0.70925,1,1,0,0
1765409514.095373,-0.02669,0.03362,0.01358,-0.00023,0.00093,0.00021,0.58706,-0.00064,0.11781,0.00083,0.70496,-0.00012,0.70925,1,1,0,0
1765409514.097454,-0.02635,0.01351,-0.02422,-0.00026,0.00157,-0.00049,0.58706,-0.00064,0.11781,0.00083,0.70496,-0.00012,0.70925,1,1,0,0
1765409514.099374,-0.04889,0.00613,0.01422,0.00052,0.00236,0.00037,0.58706,-0.00064,0.11781,0.00083,0.70496,-0.00012,0.70925,1,1,0,0
1765409514.101384,-0.02248,0.00094,-0.00855,-0.00019,0.00166,0.00006,0.58706,-0.00064,0.11781,0.00083,0.70496,-0.00012,0.70925,1,1,0,0
1765409514.103368,-0.03979,0.01145,-0.01642,0.00037,0.00161,-0.00020,0.58706,-0.00064,0.11781,0.00083,0.70496,-0.00012,0.70925,1,1,0,0
1765409514.105352,-0.04148,0.00719,-0.00107,0.00207,0.00138,-0.00006,0.58706,-0.00064,0.11781,0.00083,0.70496,-0.00012,0.70925,1,1,0,0
1765409514.107370,-0.04442,0.03249,0.00630,-0.00265,-0.00102,-0.00031,0.58706,-0.00064,0.11781,0.00083,0.70496,-0.00012,0.70925,1,1,0,0
1765409514.109375,0.00710,0.02793,0.02898,-0.00052,0.00066,0.00073,0.58706,-0.00064,0.11781,0.00083,0.70496,-0.00012,0.70925,1,1,0,0
1765409514.111367,-0.02602,0.02781,0.01368,-0.00118,0.00169,0.00034,0.58710,-0.00064,0.11783,0.00083,0.70496,-0.00012,0.70925,1,1,0,0
1765409514.113347,-0.01527,0.02483,-0.01675,0.00032,0.00245,0.00057,0.58710,-0.00064,0.11783,0.00083,0.70496,-0.00012,0.70925,1,1,0,0
1765409514.115358,-0.02689,-0.02084,-0.03071,0.00020,0.00136,0.00005,0.58715,-0.00064,0.11784,0.00083,0.70495,-0.00012,0.70925,1,1,0,0
1765409514.117395,-0.03416,-0.01517,0.00729,-0.00061,0.00042,-0.00004,0.58719,-0.00064,0.11785,0.00083,0.70496,-0.00012,0.70925,1,1,0,0
1765409514.119375,-0.02280,-0.00922,0.01454,-0.00010,0.00206,0.00035,0.58719,-0.00064,0.11785,0.00083,0.70496,-0.00012,0.70925,1,1,0,0
1765409514.121388,-0.02568,0.06724,-0.01797,-0.00136,0.00177,-0.00037,0.58719,-0.00064,0.11785,0.00083,0.70496,-0.00012,0.70925,1,1,0,0
1765409514.123361,-0.05099,0.04852,0.05890,-0.00137,0.00120,0.00027,0.58723,-0.00064,0.11787,0.00083,0.70495,-0.00012,0.70925,1,1,0,0
1765409514.125391,-0.03774,0.01166,-0.04661,-0.00138,0.00057,-0.00022,0.58723,-0.00064,0.11787,0.00083,0.70495,-0.00012,0.70925,1,1,0,0
1765409514.127383,-0.01386,0.00119,0.02965,-0.00041,0.00093,0.00049,0.58728,-0.00064,0.11788,0.00083,0.70495,-0.00012,0.70926,1,1,0,0
1765409514.129390,-0.02087,-0.02840,-0.01541,-0.00121,0.00103,-0.00034,0.58750,-0.00064,0.11795,0.00083,0.70494,-0.00012,0.70926,1,1,0,0
1765409514.131394,-0.01406,0.00497,-0.03149,-0.00058,0.00233,0.00030,0.58750,-0.00064,0.11795,0.00083,0.70494,-0.00012,0.70926,1,1,0,0
1765409514.133387,-0.03770,-0.01052,-0.00822,0.00229,0.00186,0.00021,0.58750,-0.00064,0.11795,0.00083,0.70494,-0.00012,0.70926,1,1,0,0
1765409514.135371,-0.05676,0.01729,-0.00904,0.00087,0.00129,-0.00072,0.58750,-0.00064,0.11795,0.00083,0.70494,-0.00012,0.70926,1,1,0,0
1765409514.137393,-0.02323,0.01077,0.05213,0.00015,0.00180,0.00064,0.58750,-0.00064,0.11795,0.00083,0.70494,-0.00012,0.70926,1,1,0,0
1765409514.139430,-0.05275,0.02441,-0.04726,0.00096,0.00149,-0.00076,0.58750,-0.00064,0.11795,0.00083,0.70494,-0.00012,0.70926,1,1,0,0
1765409514.141401,0.00738,0.04235,0.02079,-0.00078,0.00114,0.00031,0.58750,-0.00064,0.11795,0.00083,0.70494,-0.00012,0.70926,1,1,0,0
1765409514.143402,-0.03876,0.01665,0.00611,-0.00022,0.00120,-0.00072,0.58750,-0.00064,0.11795,0.00083,0.70494,-0.00012,0.70926,1,1,0,0
1765409514.145415,-0.04797,-0.00338,-0.00047,-0.00025,0.00147,0.00063,0.58750,-0.00064,0.11795,0.00083,0.70494,-0.00012,0.70926,1,1,0,0
1765409514.147396,-0.03054,-0.00344,-0.00082,-0.00025,0.00125,-0.00019,0.58750,-0.00064,0.11795,0.00083,0.70494,-0.00012,0.70926,1,1,0,0
1765409514.149391,-0.03921,0.00667,-0.05414,-0.00013,0.00110,-0.00009,0.58750,-0.00064,0.11795,0.00083,0.70494,-0.00012,0.70926,1,1,0,0
1765409514.151419,-0.02653,-0.00693,0.02196,-0.00051,0.00235,0.00009,0.58754,-0.00064,0.11796,0.00083,0.70495,-0.00012,0.70926,1,1,0,0
1765409514.153395,-0.05267,0.00471,-0.06188,0.00094,0.00138,-0.00063,0.58754,-0.00064,0.11796,0.00083,0.70495,-0.00012,0.70926,1,1,0,0
1765409514.155507,-0.02239,0.00974,0.02166,-0.00096,0.00268,0.00062,0.58759,-0.00064,0.11797,0.00083,0.70495,-0.00012,0.70926,1,1,0,0
1765409514.157402,-0.02539,0.01466,-0.02379,-0.00090,-0.00034,-0.00008,0.58759,-0.00064,0.11797,0.00083,0.70495,-0.00012,0.70926,1,1,0,0
1765409514.159394,-0.04933,-0.00489,0.07566,-0.00223,-0.00017,0.00016,0.58763,-0.00064,0.11798,0.00083,0.70494,-0.00012,0.70926,1,1,0,0
1765409514.161412,-0.03991,-0.01173,-0.03082,0.00118,-0.00002,-0.00034,0.58763,-0.00064,0.11798,0.00083,0.70494,-0.00012,0.70926,1,1,0,0
1765409514.163409,-0.03236,0.02482,0.02916,-0.00209,-0.00078,-0.00030,0.58768,-0.00064,0.11800,0.00083,0.70494,-0.00011,0.70926,1,1,0,0
1765409514.165404,-0.02582,0.00853,-0.02382,-0.00098,0.00119,0.00005,0.58768,-0.00064,0.11800,0.00083,0.70494,-0.00011,0.70926,1,1,0,0
1765409514.167430,-0.07009,-0.00010,-0.02354,0.00110,0.00173,-0.00004,0.58768,-0.00064,0.11800,0.00083,0.70494,-0.00011,0.70926,1,1,0,0
1765409514.169462,-0.03982,-0.01357,0.03760,0.00007,0.00189,0.00052,0.58794,-0.00064,0.11808,0.00083,0.70494,-0.00012,0.70927,1,1,0,0
1765409514.171428,-0.04220,0.02332,-0.00931,-0.00124,0.00187,-0.00073,0.58794,-0.00064,0.11808,0.00083,0.70494,-0.00012,0.70927,1,1,0,0
1765409514.173419,-0.04874,0.00652,0.02188,0.00053,0.00185,0.00038,0.58794,-0.00064,0.11808,0.00083,0.70494,-0.00012,0.70927,1,1,0,0
1765409514.175421,-0.05631,0.01210,-0.02387,0.00016,0.00117,-0.00019,0.58794,-0.00064,0.11808,0.00083,0.70494,-0.00012,0.70927,1,1,0,0
1765409514.177465,-0.03082,0.01196,0.04462,-0.00006,0.00048,0.00024,0.58794,-0.00064,0.11808,0.00083,0.70494,-0.00012,0.70927,1,1,0,0
1765409514.179412,-0.02574,0.02372,0.01366,-0.00079,0.00092,-0.00033,0.58794,-0.00064,0.11808,0.00083,0.70494,-0.00012,0.70927,1,1,0,0
1765409514.181411,-0.04301,0.00502,-0.03101,-0.00036,0.00001,0.00020,0.58794,-0.00064,0.11808,0.00083,0.70494,-0.00012,0.70927,1,1,0,0
1765409514.183408,-0.02177,-0.00911,-0.00056,-0.00097,0.00154,0.00034,0.58794,-0.00064,0.11808,0.00083,0.70494,-0.00012,0.70927,1,1,0,0
1765409514.185437,-0.05062,-0.00075,-0.02347,-0.00131,0.00112,-0.00005,0.58794,-0.00064,0.11808,0.00083,0.70494,-0.00012,0.70927,1,1,0,0
1765409514.187423,-0.00178,0.02758,-0.00907,-0.00030,0.00140,0.00070,0.58794,-0.00064,0.11808,0.00083,0.70494,-0.00012,0.70927,1,1,0,0
1765409514.189422,-0.03926,0.01157,0.02160,-0.00007,0.00134,-0.00017,0.58794,-0.00064,0.11808,0.00083,0.70494,-0.00012,0.70927,1,1,0,0
1765409514.191479,-0.02317,0.04067,0.01346,0.00007,0.00127,0.00060,0.58799,-0.00064,0.11809,0.00083,0.70493,-0.00012,0.70927,1,1,0,0
1765409514.193424,-0.04395,-0.01026,-0.06152,0.00076,0.00129,-0.00063,0.58799,-0.00064,0.11809,0.00083,0.70493,-0.00012,0.70927,1,1,0,0
1765409514.195412,-0.01843,0.02793,0.04418,-0.00052,0.00147,0.00076,0.58803,-0.00064,0.11811,0.00083,0.70493,-0.00012,0.70928,1,1,0,0
1765409514.197439,-0.00090,0.02749,0.02100,-0.00074,0.00163,-0.00008,0.58803,-0.00064,0.11811,0.00083,0.70493,-0.00012,0.70928,1,1,0,0
1765409514.199451,-0.01004,0.02841,-0.00168,0.00014,0.00098,-0.00009,0.58808,-0.00064,0.11812,0.00083,0.70493,-0.00011,0.70928,1,1,0,0
1765409514.201449,-0.04878,-0.00529,0.09064,-0.00267,0.00032,-0.00023,0.58808,-0.00064,0.11812,0.00083,0.70493,-0.00011,0.70928,1,1,0,0
1765409514.203437,-0.05529,0.00221,-0.06140,-0.00084,0.00067,0.00005,0.58812,-0.00064,0.11813,0.00083,0.70493,-0.00011,0.70927,1,1,0,0
1765409514.205434,-0.04129,0.03183,0.00597,0.00171,0.00123,0.00008,0.58812,-0.00064,0.11813,0.00083,0.70493,-0.00011,0.70927,1,1,0,0
1765409514.207482,-0.04643,0.00266,-0.03888,-0.00061,0.00016,-0.00074,0.58816,-0.00064,0.11815,0.00083,0.70493,-0.00012,0.70928,1,1,0,0
1765409514.209440,-0.00644,0.01576,-0.01642,0.00043,0.00121,0.00044,0.58821,-0.00064,0.11816,0.00083,0.70493,-0.00012,0.70928,1,1,0,0
1765409514.211440,-0.03894,-0.01305,-0.01577,-0.00015,0.00123,-0.00033,0.58838,-0.00064,0.11821,0.00083,0.70492,-0.00012,0.70928,1,1,0,0
1765409514.213438,-0.03734,0.00146,0.00689,-0.00194,0.00083,0.00009,0.58838,-0.00064,0.11821,0.00083,0.70492,-0.00012,0.70928,1,1,0,0
1765409514.215441,-0.03890,0.03102,-0.00157,-0.00070,0.00133,0.00007,0.58838,-0.00064,0.11821,0.00083,0.70492,-0.00012,0.70928,1,1,0,0
1765409514.217439,-0.06338,0.00709,-0.03895,-0.00100,0.00113,-0.00046,0.58838,-0.00064,0.11821,0.00083,0.70492,-0.00012,0.70928,1,1,0,0
1765409514.219490,-0.00684,-0.01811,-0.00022,0.00111,0.00061,0.00060,0.58838,-0.00064,0.11821,0.00083,0.70492,-0.00012,0.70928,1,1,0,0
1765409514.221493,-0.03367,-0.01999,-0.01562,-0.00067,0.00041,-0.00073,0.58838,-0.00064,0.11821,0.00083,0.70492,-0.00012,0.70928,1,1,0,0
1765409514.223449,-0.02317,0.00590,-0.00082,0.00009,0.00155,0.00074,0.58838,-0.00064,0.11821,0.00083,0.70492,-0.00012,0.70928,1,1,0,0
1765409514.225464,-0.04512,0.03392,-0.03239,0.00151,0.00190,-0.00062,0.58838,-0.00064,0.11821,0.00083,0.70492,-0.00012,0.70928,1,1,0,0
1765409514.227456,-0.03917,0.06494,0.03571,-0.00117,0.00182,0.00077,0.58838,-0.00064,0.11821,0.00083,0.70492,-0.00012,0.70928,1,1,0,0
1765409514.229460,-0.04949,0.00456,0.02983,-0.00234,0.00021,0.00026,0.58838,-0.00064,0.11821,0.00083,0.70492,-0.00012,0.70928,1,1,0,0
1765409514.231445,-0.02156,0.01624,-0.00859,-0.00110,0.00050,0.00046,0.58843,-0.00064,0.11823,0.00083,0.70492,-0.00011,0.70929,1,1,0,0
1765409514.233453,-0.02270,-0.01314,0.02212,0.00051,0.00116,-0.00032,0.58843,-0.00064,0.11823,0.00083,0.70492,-0.00011,0.70929,1,1,0,0
1765409514.235459,-0.01682,0.00288,-0.06928,-0.00170,0.00147,0.00014,0.58847,-0.00064,0.11824,0.00083,0.70492,-0.00012,0.70929,1,1,0,0
1765409514.237454,-0.00919,-0.00189,0.02976,-0.00110,0.00126,0.00075,0.58847,-0.00064,0.11824,0.00083,0.70492,-0.00012,0.70929,1,1,0,0
1765409514.239444,-0.04375,-0.00547,-0.03875,0.00038,0.00129,-0.00034,0.58852,-0.00064,0.11826,0.00083,0.70491,-0.00012,0.70929,1,1,0,0
1765409514.241461,-0.02208,0.01627,0.01397,-0.00044,0.00088,0.00008,0.58852,-0.00064,0.11826,0.00083,0.70491,-0.00012,0.70929,1,1,0,0
1765409514.243465,-0.02610,0.00410,0.00680,-0.00059,0.00069,0.00021,0.58856,-0.00064,0.11827,0.00083,0.70492,-0.00012,0.70929,1,1,0,0
1765409514.245460,-0.04730,0.01146,-0.04672,-0.00051,0.00145,-0.00022,0.58856,-0.00064,0.11827,0.00083,0.70492,-0.00012,0.70929,1,1,0,0
1765409514.247477,-0.03183,0.00621,-0.02375,0.00052,0.00165,0.00032,0.58861,-0.00064,0.11829,0.00083,0.70491,-0.00012,0.70930,1,1,0,0
1765409514.249466,-0.03427,0.01439,-0.04682,-0.00047,0.00052,-0.00050,0.58883,-0.00064,0.11836,0.00083,0.70490,-0.00012,0.70930,1,1,0,0
1765409514.251445,-0.01180,0.00406,-0.00861,0.00181,0.00115,0.00018,0.58883,-0.00064,0.11836,0.00083,0.70490,-0.00012,0.70930,1,1,0,0
1765409514.253487,-0.03851,0.02654,-0.02443,-0.00054,0.00094,-0.00061,0.58883,-0.00064,0.11836,0.00083,0.70490,-0.00012,0.70930,1,1,0,0
1765409514.256076,-0.01423,0.04986,0.02061,-0.00047,0.00178,0.00033,0.58883,-0.00064,0.11836,0.00083,0.70490,-0.00012,0.70930,1,1,0,0
1765409514.257459,-0.05161,-0.00142,-0.02365,-0.00066,0.00227,-0.00006,0.58883,-0.00064,0.11836,0.00083,0.70490,-0.00012,0.70930,1,1,0,0
1765409514.259448,-0.03410,-0.00143,-0.03881,-0.00110,0.00155,-0.00008,0.58883,-0.00064,0.11836,0.00083,0.70490,-0.00012,0.70930,1,1,0,0
1765409514.261477,-0.03168,-0.02315,-0.00776,0.00061,0.00142,0.00035,0.58883,-0.00064,0.11836,0.00083,0.70490,-0.00012,0.70930,1,1,0,0
1765409514.263476,-0.02733,0.03132,0.02148,-0.00332,-0.00033,0.00009,0.58883,-0.00064,0.11836,0.00083,0.70490,-0.00012,0.70930,1,1,0,0
1765409514.265490,-0.02746,0.00875,0.02165,0.00056,0.00159,0.00008,0.58883,-0.00064,0.11836,0.00083,0.70490,-0.00012,0.70930,1,1,0,0
1765409514.267468,-0.04757,0.04048,0.00576,-0.00081,0.00206,0.00022,0.58883,-0.00064,0.11836,0.00083,0.70490,-0.00012,0.70930,1,1,0,0
1765409514.269470,-0.01853,-0.00768,0.04476,-0.00052,0.00302,0.00050,0.58883,-0.00064,0.11836,0.00083,0.70490,-0.00012,0.70930,1,1,0,0
1765409514.271489,-0.03787,0.02631,0.01355,-0.00120,0.00106,-0.00058,0.58887,-0.00064,0.11837,0.00083,0.70490,-0.00011,0.70930,1,1,0,0
1765409514.273472,-0.02644,0.01368,-0.02366,-0.00069,0.00082,0.00072,0.58887,-0.00064,0.11837,0.00083,0.70490,-0.00011,0.70930,1,1,0,0
1765409514.275468,-0.02593,0.00900,0.01403,-0.00053,0.00093,-0.00032,0.58892,-0.00064,0.11838,0.00083,0.70490,-0.00012,0.70931,1,1,0,0
1765409514.277467,-0.01761,0.02321,-0.01647,-0.00102,0.00096,0.00045,0.58892,-0.00064,0.11838,0.00083,0.70490,-0.00012,0.70931,1,1,0,0
1765409514.279461,-0.00569,0.00526,0.01411,-0.00036,0.00184,0.00033,0.58896,-0.00064,0.11840,0.00083,0.70490,-0.00012,0.70931,1,1,0,0
1765409514.281475,-0.02753,-0.01044,-0.01622,0.00141,0.00146,-0.00102,0.58896,-0.00064,0.11840,0.00083,0.70490,-0.00012,0.70931,1,1,0,0
1765409514.283492,-0.01088,0.00817,-0.01627,0.00055,0.00165,0.00044,0.58901,-0.00064,0.11841,0.00083,0.70489,-0.00012,0.70931,1,1,0,0
1765409514.285513,-0.03348,0.01444,-0.03897,-0.00134,0.00001,-0.00008,0.58901,-0.00064,0.11841,0.00083,0.70489,-0.00012,0.70931,1,1,0,0
1765409514.287502,-0.04725,0.00726,-0.01604,-0.00034,0.00056,-0.00005,0.58931,-0.00064,0.11851,0.00083,0.70488,-0.00011,0.70933,1,1,0,0
1765409514.289522,-0.04489,-0.00522,-0.02361,0.00148,0.00143,-0.00033,0.58931,-0.00064,0.11851,0.00083,0.70488,-0.00011,0.70933,1,1,0,0
1765409514.291509,-0.01882,0.03324,0.00588,0.00020,0.00134,0.00019,0.58931,-0.00064,0.11851,0.00083,0.70488,-0.00011,0.70933,1,1,0,0
1765409514.293497,-0.05774,0.00159,-0.02371,0.00112,0.00234,0.00008,0.58931,-0.00064,0.11851,0.00083,0.70488,-0.00011,0.70933,1,1,0,0
1765409514.295487,-0.04326,0.03361,0.01344,-0.00046,0.00150,-0.00018,0.58931,-0.00064,0.11851,0.00083,0.70488,-0.00011,0.70933,1,1,0,0
1765409514.297520,-0.03138,0.00122,0.01425,0.00025,0.00177,0.00009,0.58931,-0.00064,0.11851,0.00083,0.70488,-0.00011,0.70933,1,1,0,0
1765409514.299531,-0.02583,0.00360,-0.03141,-0.00082,0.00132,-0.00022,0.58931,-0.00064,0.11851,0.00083,0.70488,-0.00011,0.70933,1,1,0,0
1765409514.302165,-0.02702,0.00361,-0.00094,0.00006,0.00159,0.00020,0.58931,-0.00064,0.11851,0.00083,0.70488,-0.00011,0.70933,1,1,0,0
1765409514.303485,-0.04765,0.00697,0.02927,0.00009,0.00132,-0.00042,0.58931,-0.00064,0.11851,0.00083,0.70488,-0.00011,0.70933,1,1,0,0
1765409514.305495,-0.03641,-0.00038,0.00674,0.00132,0.00119,-0.00005,0.58931,-0.00064,0.11851,0.00083,0.70488,-0.00011,0.70933,1,1,0,0
1765409514.307483,-0.02252,-0.01813,0.04473,0.00067,0.00153,-0.00097,0.58931,-0.00064,0.11851,0.00083,0.70488,-0.00011,0.70933,1,1,0,0
1765409514.309497,-0.03473,0.01866,-0.03918,-0.00064,0.00117,0.00018,0.58931,-0.00064,0.11851,0.00083,0.70488,-0.00011,0.70933,1,1,0,0
1765409514.311506,-0.03497,0.00382,0.01432,-0.00038,0.00143,0.00022,0.58931,-0.00064,0.11851,0.00083,0.70488,-0.00011,0.70933,1,1,0,0
1765409514.313483,-0.05001,0.03867,-0.03974,-0.00193,0.00095,-0.00035,0.58931,-0.00064,0.11851,0.00083,0.70488,-0.00011,0.70933,1,1,0,0
1765409514.315506,-0.01085,0.01317,0.03690,0.00039,0.00152,0.00075,0.58936,-0.00064,0.11853,0.00083,0.70488,-0.00012,0.70933,1,1,0,0
1765409514.317517,-0.03008,0.03559,-0.02476,-0.00087,0.00159,-0.00049,0.58936,-0.00064,0.11853,0.00083,0.70488,-0.00012,0.70933,1,1,0,0
1765409514.319527,-0.02341,0.00094,0.03731,0.00025,0.00168,0.00090,0.58940,-0.00064,0.11854,0.00083,0.70488,-0.00011,0.70933,1,1,0,0
1765409514.321538,-0.03344,-0.00589,-0.02350,-0.00137,0.00091,-0.00034,0.58940,-0.00064,0.11854,0.00083,0.70488,-0.00011,0.70933,1,1,0,0
1765409514.323515,-0.04121,-0.01272,-0.01553,0.00161,0.00127,0.00048,0.58944,-0.00064,0.11855,0.00083,0.70488,-0.00012,0.70933,1,1,0,0
1765409514.325516,-0.03618,0.00192,-0.02332,-0.00281,-0.00020,0.00007,0.58944,-0.00064,0.11855,0.00083,0.70488,-0.00012,0.70933,1,1,0,0
1765409514.327512,-0.01746,0.02850,-0.02400,-0.00117,0.00032,0.00071,0.58949,-0.00064,0.11857,0.00083,0.70487,-0.00012,0.70933,1,1,0,0
1765409514.329580,-0.02236,0.01045,0.00658,-0.00073,0.00179,0.00061,0.58949,-0.00064,0.11857,0.00083,0.70487,-0.00012,0.70933,1,1,0,0
1765409514.331516,-0.02527,0.00304,-0.04646,-0.00170,0.00157,0.00017,0.58949,-0.00064,0.11857,0.00083,0.70487,-0.00012,0.70933,1,1,0,0
1765409514.333545,-0.03069,0.01600,0.00633,-0.00045,0.00150,0.00008,0.58953,-0.00064,0.11858,0.00083,0.70487,-0.00011,0.70933,1,1,0,0
1765409514.335530,-0.02613,0.04379,-0.02467,-0.00055,0.00040,-0.00009,0.58953,-0.00064,0.11858,0.00083,0.70487,-0.00011,0.70933,1,1,0,0
1765409514.337522,-0.03976,0.01138,0.02190,-0.00007,0.00136,0.00064,0.58957,-0.00064,0.11860,0.00083,0.70487,-0.00011,0.70934,1,1,0,0
1765409514.339529,-0.03846,0.02106,0.00605,-0.00083,0.00158,-0.00046,0.58975,-0.00064,0.11865,0.00083,0.70486,-0.00011,0.70934,1,1,0,0
1765409514.341543,-0.02738,0.01251,0.00646,-0.00027,0.00261,0.00074,0.58975,-0.00064,0.11865,0.00083,0.70486,-0.00011,0.70934,1,1,0,0
1765409514.344058,-0.01429,-0.00416,-0.02379,0.00018,0.00182,-0.00023,0.58975,-0.00064,0.11865,0.00083,0.70486,-0.00011,0.70934,1,1,0,0
1765409514.345632,-0.04869,0.03219,-0.09279,0.00105,0.00068,-0.00039,0.58975,-0.00064,0.11865,0.00083,0.70486,-0.00011,0.70934,1,1,0,0
1765409514.347530,-0.05615,0.01252,0.00658,0.00016,0.00066,-0.00016,0.58975,-0.00064,0.11865,0.00083,0.70486,-0.00011,0.70934,1,1,0,0
1765409514.349530,-0.05851,0.04924,-0.03982,-0.00180,0.00028,-0.00021,0.58975,-0.00064,0.11865,0.00083,0.70486,-0.00011,0.70934,1,1,0,0
1765409514.351531,-0.03578,-0.02175,0.00691,0.00040,0.00310,-0.00032,0.58975,-0.00064,0.11865,0.00083,0.70486,-0.00011,0.70934,1,1,0,0
1765409514.353533,-0.03579,0.00176,0.04485,-0.00303,0.00016,-0.00028,0.58975,-0.00064,0.11865,0.00083,0.70486,-0.00011,0.70934,1,1,0,0
1765409514.355526,-0.01859,-0.00710,0.02948,-0.00007,0.00251,0.00008,0.58975,-0.00064,0.11865,0.00083,0.70486,-0.00011,0.70934,1,1,0,0
1765409514.357550,-0.02997,0.04635,-0.03222,-0.00096,0.00020,0.00004,0.58979,-0.00064,0.11866,0.00083,0.70486,-0.00011,0.70934,1,1,0,0
1765409514.359542,0.00347,0.00143,0.03711,-0.00040,0.00020,0.00007,0.58979,-0.00064,0.11866,0.00083,0.70486,-0.00011,0.70934,1,1,0,0
1765409514.361542,-0.06451,0.01716,-0.03142,-0.00022,0.00102,0.00008,0.58984,-0.00064,0.11868,0.00083,0.70486,-0.00011,0.70935,1,1,0,0
1765409514.363543,-0.01043,-0.01673,-0.00811,0.00025,0.00192,0.00032,0.58988,-0.00064,0.11869,0.00083,0.70485,-0.00011,0.70935,1,1,0,0
1765409514.365562,-0.03500,0.00878,-0.03920,-0.00010,0.00155,-0.00036,0.58988,-0.00064,0.11869,0.00083,0.70485,-0.00011,0.70935,1,1,0,0
1765409514.367555,0.02229,0.02137,0.01358,0.00050,0.00264,0.00083,0.58992,-0.00064,0.11871,0.00083,0.70486,-0.00011,0.70935,1,1,0,0
1765409514.369563,-0.03011,0.00138,-0.02378,-0.00063,0.00124,-0.00035,0.58992,-0.00064,0.11871,0.00083,0.70486,-0.00011,0.70935,1,1,0,0
1765409514.371559,-0.05278,0.01918,-0.00120,0.00046,0.00151,0.00022,0.58992,-0.00064,0.11871,0.00083,0.70486,-0.00011,0.70935,1,1,0,0
1765409514.373565,-0.07789,-0.01935,-0.03822,0.00086,0.00133,-0.00031,0.58997,-0.00064,0.11872,0.00083,0.70485,-0.00011,0.70935,1,1,0,0
1765409514.375598,-0.05116,0.00959,-0.00826,-0.00096,0.00049,0.00050,0.58997,-0.00064,0.11872,0.00083,0.70485,-0.00011,0.70935,1,1,0,0
1765409514.377564,-0.04040,-0.00801,0.02192,0.00122,0.00175,-0.00044,0.59024,-0.00064,0.11880,0.00083,0.70485,-0.00011,0.70936,1,1,0,0
1765409514.379560,-0.03638,0.04363,-0.02464,0.00076,0.00129,0.00032,0.59024,-0.00064,0.11880,0.00083,0.70485,-0.00011,0.70936,1,1,0,0
1765409514.381573,-0.03100,0.01082,0.02924,-0.00029,0.00188,0.00023,0.59024,-0.00064,0.11880,0.00083,0.70485,-0.00011,0.70936,1,1,0,0
1765409514.384351,-0.03846,0.04445,-0.04010,-0.00164,0.00271,0.00004,0.59024,-0.00064,0.11880,0.00083,0.70485,-0.00011,0.70936,1,1,0,0
1765409514.385609,-0.01919,-0.04090,-0.01508,0.00083,0.00179,0.00020,0.59024,-0.00064,0.11880,0.00083,0.70485,-0.00011,0.70936,1,1,0,0
1765409514.387563,-0.06274,-0.00183,-0.00042,-0.00132,-0.00026,-0.00015,0.59024,-0.00064,0.11880,0.00083,0.70485,-0.00011,0.70936,1,1,0,0
1765409514.389570,-0.02229,-0.02776,0.00013,-0.00010,0.00042,0.00048,0.59024,-0.00064,0.11880,0.00083,0.70485,-0.00011,0.70936,1,1,0,0
1765409514.391643,-0.04667,0.05099,0.00538,-0.00112,0.00127,-0.00046,0.59024,-0.00064,0.11880,0.00083,0.70485,-0.00011,0.70936,1,1,0,0
1765409514.393560,-0.04431,0.00420,0.01433,0.00050,0.00154,0.00023,0.59024,-0.00064,0.11880,0.00083,0.70485,-0.00011,0.70936,1,1,0,0
1765409514.395597,-0.03114,0.01119,-0.00127,0.00015,0.00163,-0.00020,0.59024,-0.00064,0.11880,0.00083,0.70485,-0.00011,0.70936,1,1,0,0
1765409514.397570,-0.02662,-0.00595,-0.00809,-0.00028,0.00096,0.00047,0.59024,-0.00064,0.11880,0.00083,0.70485,-0.00011,0.70936,1,1,0,0
1765409514.399580,-0.02667,0.01323,-0.01651,-0.00026,0.00183,-0.00008,0.59024,-0.00064,0.11880,0.00083,0.70485,-0.00011,0.70936,1,1,0,0
1765409514.401571,-0.03850,0.03632,-0.02427,-0.00108,0.00056,0.00033,0.59028,-0.00064,0.11881,0.00083,0.70485,-0.00011,0.70936,1,1,0,0
1765409514.403578,-0.02263,0.01176,0.01418,0.00016,0.00051,0.00021,0.59028,-0.00064,0.11881,0.00083,0.70485,-0.00011,0.70936,1,1,0,0
1765409514.405597,-0.01855,0.03265,-0.04735,-0.00025,0.00185,0.00015,0.59032,-0.00064,0.11883,0.00083,0.70485,-0.00011,0.70936,1,1,0,0
1765409514.407578,-0.01924,-0.00624,0.05235,0.00081,0.00175,0.00010,0.59032,-0.00064,0.11883,0.00083,0.70485,-0.00011,0.70936,1,1,0,0
1765409514.409602,-0.03389,0.02400,-0.03183,-0.00101,0.00064,-0.00035,0.59037,-0.00064,0.11884,0.00083,0.70485,-0.00011,0.70936,1,1,0,0
1765409514.411593,-0.01350,0.02563,0.00629,-0.00098,0.00091,0.00060,0.59041,-0.00064,0.11886,0.00083,0.70485,-0.00011,0.70936,1,1,0,0
1765409514.413584,-0.07397,0.00054,0.02229,-0.00261,-0.00014,-0.00039,0.59041,-0.00064,0.11886,0.00083,0.70485,-0.00011,0.70936,1,1,0,0
1765409514.415576,-0.01843,0.00810,0.02936,-0.00032,0.00174,0.00049,0.59046,-0.00064,0.11887,0.00083,0.70485,-0.00011,0.70936,1,1,0,0
1765409514.417644,-0.02830,-0.02548,-0.01576,0.00189,0.00187,-0.00061,0.59063,-0.00064,0.11892,0.00083,0.70484,-0.00011,0.70936,1,1,0,0
1765409514.419610,-0.04878,0.02308,0.04432,-0.00342,0.00145,0.00013,0.59063,-0.00064,0.11892,0.00083,0.70484,-0.00011,0.70936,1,1,0,0
1765409514.421593,-0.01893,0.02240,-0.00169,0.00007,0.00262,0.00005,0.59063,-0.00064,0.11892,0.00083,0.70484,-0.00011,0.70936,1,1,0,0
1765409514.423590,-0.02922,0.03079,-0.01653,-0.00202,0.00071,0.00046,0.59063,-0.00064,0.11892,0.00083,0.70484,-0.00011,0.70936,1,1,0,0
1765409514.425651,-0.00667,-0.00325,0.00666,0.00129,0.00084,-0.00021,0.59063,-0.00064,0.11892,0.00083,0.70484,-0.00011,0.70936,1,1,0,0
1765409514.427658,-0.03981,0.00278,-0.04642,0.00092,0.00022,-0.00035,0.59063,-0.00064,0.11892,0.00083,0.70484,-0.00011,0.70936,1,1,0,0
1765409514.429617,-0.03064,0.00678,0.01440,-0.00034,0.00062,0.00036,0.59063,-0.00064,0.11892,0.00083,0.70484,-0.00011,0.70936,1,1,0,0
1765409514.431616,-0.05871,0.05371,0.00547,-0.00174,0.00104,-0.00031,0.59063,-0.00064,0.11892,0.00083,0.70484,-0.00011,0.70936,1,1,0,0
1765409514.433653,-0.02881,0.00907,-0.02396,0.00187,0.00161,0.00005,0.59063,-0.00064,0.11892,0.00083,0.70484,-0.00011,0.70936,1,1,0,0
1765409514.435604,-0.05973,0.00458,-0.06160,-0.00059,0.00109,-0.00021,0.59063,-0.00064,0.11892,0.00083,0.70484,-0.00011,0.70936,1,1,0,0
1765409514.437629,-0.02542,-0.03004,0.07601,-0.00079,0.00032,0.00001,0.59068,-0.00064,0.11893,0.00083,0.70484,-0.00011,0.70936,1,1,0,0
1765409514.439592,-0.04412,0.01837,-0.03188,0.00023,0.00229,-0.00021,0.59068,-0.00064,0.11893,0.00083,0.70484,-0.00011,0.70936,1,1,0,0
1765409514.441633,-0.02391,-0.01324,0.01478,0.00116,0.00132,0.00049,0.59072,-0.00064,0.11895,0.00083,0.70484,-0.00011,0.70936,1,1,0,0
1765409514.443622,-0.02226,0.02937,-0.03153,-0.00378,-0.00141,-0.00009,0.59072,-0.00064,0.11895,0.00083,0.70484,-0.00011,0.70936,1,1,0,0
1765409514.445624,-0.02291,0.01093,0.00662,-0.00007,0.00141,0.00061,0.59077,-0.00064,0.11896,0.00083,0.70484,-0.00011,0.70936,1,1,0,0
1765409514.447615,-0.04293,0.01902,0.02129,-0.00041,0.00137,-0.00057,0.59077,-0.00064,0.11896,0.00083,0.70484,-0.00011,0.70936,1,1,0,0
1765409514.449656,-0.00998,0.00313,0.03676,0.00005,0.00188,-0.00019,0.59081,-0.00064,0.11897,0.00083,0.70484,-0.00011,0.70936,1,1,0,0
1765409514.451723,-0.01843,0.02115,0.01405,-0.00366,-0.00031,-0.00005,0.59081,-0.00064,0.11897,0.00083,0.70484,-0.00011,0.70936,1,1,0,0
1765409514.453658,-0.00238,0.04237,0.02053,0.00053,0.00202,-0.00009,0.59086,-0.00064,0.11899,0.00083,0.70484,-0.00011,0.70936,1,1,0,0
1765409514.455618,-0.05756,0.01269,-0.00868,0.00147,0.00093,-0.00018,0.59090,-0.00064,0.11900,0.00083,0.70484,-0.00011,0.70937,1,1,0,0
1765409514.457622,-0.03875,0.01142,-0.03877,-0.00094,0.00085,0.00059,0.59108,-0.00064,0.11906,0.00083,0.70484,-0.00011,0.70937,1,1,0,0
1765409514.459665,-0.03969,0.03152,0.03641,0.00018,0.00108,0.00010,0.59108,-0.00064,0.11906,0.00083,0.70484,-0.00011,0.70937,1,1,0,0
1765409514.461623,-0.02893,0.02040,-0.03937,-0.00214,0.00147,-0.00009,0.59108,-0.00064,0.11906,0.00083,0.70484,-0.00011,0.70937,1,1,0,0
1765409514.463623,-0.01449,0.00516,0.01408,-0.00014,0.00233,0.00033,0.59108,-0.00064,0.11906,0.00083,0.70484,-0.00011,0.70937,1,1,0,0
1765409514.465614,-0.03531,0.01353,-0.00888,-0.00004,0.00181,-0.00007,0.59108,-0.00064,0.11906,0.00083,0.70484,-0.00011,0.70937,1,1,0,0
1765409514.467626,-0.02610,-0.01079,-0.00044,-0.00055,0.00083,0.00021,0.59108,-0.00064,0.11906,0.00083,0.70484,-0.00011,0.70937,1,1,0,0
1765409514.469624,-0.04122,0.04367,-0.05491,-0.00230,0.00033,-0.00010,0.59108,-0.00064,0.11906,0.00083,0.70484,-0.00011,0.70937,1,1,0,0
1765409514.471643,-0.04415,0.01323,0.02921,-0.00005,0.00242,0.00037,0.59108,-0.00064,0.11906,0.00083,0.70484,-0.00011,0.70937,1,1,0,0
1765409514.473629,-0.05096,-0.00463,-0.03092,-0.00048,0.00010,-0.00033,0.59108,-0.00064,0.11906,0.00083,0.70484,-0.00011,0.70937,1,1,0,0
1765409514.475607,-0.01935,-0.03830,0.06878,-0.00285,0.00039,0.00041,0.59108,-0.00064,0.11906,0.00083,0.70484,-0.00011,0.70937,1,1,0,0
1765409514.477636,-0.03746,0.03156,-0.00138,-0.00179,0.00017,0.00008,0.59112,-0.00064,0.11906,0.00083,0.70484,-0.00011,0.70936,1,1,0,0
1765409514.479650,-0.01882,0.00838,-0.00100,0.00012,0.00149,0.00046,0.59112,-0.00064,0.11906,0.00083,0.70484,-0.00011,0.70936,1,1,0,0
1765409514.481647,-0.03102,0.02300,-0.00103,-0.00430,0.00049,0.00048,0.59116,-0.00064,0.11908,0.00083,0.70484,-0.00011,0.70936,1,1,0,0
1765409514.483636,-0.01879,0.00786,-0.02404,0.00011,0.00225,0.00004,0.59116,-0.00064,0.11908,0.00083,0.70484,-0.00011,0.70936,1,1,0,0
1765409514.485658,-0.05473,0.02654,-0.04678,-0.00163,0.00077,0.00019,0.59121,-0.00064,0.11909,0.00083,0.70484,-0.00011,0.70936,1,1,0,0
1765409514.487654,-0.02235,0.00138,-0.00865,0.00003,0.00127,-0.00034,0.59121,-0.00064,0.11909,0.00083,0.70484,-0.00011,0.70936,1,1,0,0
1765409514.489652,-0.04599,-0.00318,0.00694,-0.00156,0.00093,-0.00017,0.59125,-0.00064,0.11910,0.00083,0.70485,-0.00011,0.70936,1,1,0,0
1765409514.491674,-0.01492,0.00532,0.03685,0.00030,0.00233,0.00035,0.59125,-0.00064,0.11910,0.00083,0.70485,-0.00011,0.70936,1,1,0,0
1765409514.493670,-0.07010,0.00983,-0.04669,0.00122,0.00172,-0.00033,0.59134,-0.00064,0.11913,0.00083,0.70485,-0.00011,0.70936,1,1,0,0
1765409514.495659,-0.02662,0.00402,-0.00844,-0.00016,0.00095,0.00020,0.59134,-0.00064,0.11913,0.00083,0.70485,-0.00011,0.70936,1,1,0,0
1765409514.497648,-0.06016,-0.01015,-0.04606,-0.00011,0.00124,-0.00020,0.59152,-0.00064,0.11918,0.00083,0.70485,-0.00011,0.70936,1,1,0,0
1765409514.499665,-0.04004,0.00275,-0.00070,0.00092,0.00022,0.00009,0.59152,-0.00064,0.11918,0.00083,0.70485,-0.00011,0.70936,1,1,0,0
1765409514.501678,-0.02521,0.00828,-0.03918,-0.00142,0.00143,-0.00037,0.59152,-0.00064,0.11918,0.00083,0.70485,-0.00011,0.70936,1,1,0,0
1765409514.503656,-0.00112,0.03181,0.00570,-0.00091,0.00227,0.00017,0.59152,-0.00064,0.11918,0.00083,0.70485,-0.00011,0.70936,1,1,0,0
1765409514.505651,-0.01466,0.02096,-0.01671,0.00049,0.00130,-0.00010,0.59152,-0.00064,0.11918,0.00083,0.70485,-0.00011,0.70936,1,1,0,0
1765409514.507652,-0.05565,0.01254,-0.02375,-0.00028,0.00040,-0.00019,0.59152,-0.00064,0.11918,0.00083,0.70485,-0.00011,0.70936,1,1,0,0
1765409514.509656,-0.01848,-0.01609,0.02222,0.00026,0.00150,-0.00005,0.59152,-0.00064,0.11918,0.00083,0.70485,-0.00011,0.70936,1,1,0,0
1765409514.511669,-0.05234,0.03647,0.06677,-0.00348,0.00033,-0.00039,0.59152,-0.00064,0.11918,0.00083,0.70485,-0.00011,0.70936,1,1,0,0
1765409514.513661,-0.04035,-0.01769,-0.00082,0.00154,0.00175,-0.00099,0.59152,-0.00064,0.11918,0.00083,0.70485,-0.00011,0.70936,1,1,0,0
1765409514.515657,-0.02549,0.03834,-0.06212,-0.00171,0.00029,0.00082,0.59152,-0.00064,0.11918,0.00083,0.70485,-0.00011,0.70936,1,1,0,0
1765409514.517686,-0.02200,-0.01339,-0.00029,-0.00059,0.00079,0.00048,0.59156,-0.00064,0.11919,0.00083,0.70485,-0.00011,0.70936,1,1,0,0
1765409514.519664,-0.05396,0.03161,-0.04689,-0.00223,0.00037,0.00006,0.59156,-0.00064,0.11919,0.00083,0.70485,-0.00011,0.70936,1,1,0,0
1765409514.521657,-0.03182,-0.01352,0.02979,0.00072,0.00191,0.00010,0.59161,-0.00064,0.11921,0.00083,0.70484,-0.00011,0.70936,1,1,0,0
1765409514.523660,-0.04729,0.03121,-0.04691,-0.00092,0.00106,0.00045,0.59161,-0.00064,0.11921,0.00083,0.70484,-0.00011,0.70936,1,1,0,0
1765409514.525658,-0.03264,-0.01577,0.00749,-0.00236,0.00041,0.00036,0.59165,-0.00064,0.11922,0.00083,0.70484,-0.00011,0.70937,1,1,0,0
1765409514.527664,-0.05668,0.02722,-0.03923,0.00034,0.00066,0.00020,0.59165,-0.00064,0.11922,0.00083,0.70484,-0.00011,0.70937,1,1,0,0
1765409514.529662,-0.02163,-0.01855,0.01472,-0.00065,0.00128,-0.00018,0.59170,-0.00064,0.11924,0.00083,0.70484,-0.00011,0.70937,1,1,0,0
1765409514.531667,-0.02947,0.00597,-0.01601,-0.00166,0.00111,0.00033,0.59170,-0.00064,0.11924,0.00083,0.70484,-0.00011,0.70937,1,1,0,0
1765409514.533680,-0.00974,0.01299,-0.01657,-0.00027,0.00163,-0.00010,0.59196,-0.00064,0.11931,0.00083,0.70484,-0.00011,0.70936,1,1,0,0
1765409514.535697,-0.03076,0.03068,-0.00166,-0.00049,0.00161,0.00006,0.59196,-0.00064,0.11931,0.00083,0.70484,-0.00011,0.70936,1,1,0,0
1765409514.537680,-0.02209,-0.00857,-0.02346,-0.00031,0.00116,-0.00008,0.59196,-0.00064,0.11931,0.00083,0.70484,-0.00011,0.70936,1,1,0,0
1765409514.539693,-0.01746,0.02360,-0.00880,-0.00101,0.00045,0.00046,0.59196,-0.00064,0.11931,0.00083,0.70484,-0.00011,0.70936,1,1,0,0
1765409514.541691,-0.02822,-0.00548,-0.00850,0.00169,0.00135,-0.00034,0.59196,-0.00064,0.11931,0.00083,0.70484,-0.00011,0.70936,1,1,0,0
1765409514.543754,-0.06085,0.03709,0.03649,-0.00326,-0.00020,-0.00040,0.59196,-0.00064,0.11931,0.00083,0.70484,-0.00011,0.70936,1,1,0,0
1765409514.545687,-0.02832,0.02832,0.01341,0.00123,0.00209,-0.00006,0.59196,-0.00064,0.11931,0.00083,0.70484,-0.00011,0.70936,1,1,0,0
1765409514.547703,-0.06093,0.02447,-0.02408,0.00031,0.00122,0.00008,0.59196,-0.00064,0.11931,0.00083,0.70484,-0.00011,0.70936,1,1,0,0
1765409514.549679,-0.01314,-0.01804,-0.01541,-0.00064,0.00017,0.00019,0.59196,-0.00064,0.11931,0.00083,0.70484,-0.00011,0.70936,1,1,0,0
1765409514.551695,-0.04319,0.02878,-0.01673,-0.00051,0.00125,-0.00007,0.59196,-0.00064,0.11931,0.00083,0.70484,-0.00011,0.70936,1,1,0,0
1765409514.553705,0.00276,0.01510,0.01372,-0.00024,0.00173,0.00005,0.59196,-0.00064,0.11931,0.00083,0.70484,-0.00011,0.70936,1,1,0,0
1765409514.555678,-0.02444,0.02324,-0.05466,-0.00211,0.00091,-0.00038,0.59196,-0.00064,0.11931,0.00083,0.70484,-0.00011,0.70936,1,1,0,0
1765409514.557682,-0.02624,-0.06942,0.00873,0.00005,0.00037,0.00024,0.59200,-0.00064,0.11933,0.00083,0.70484,-0.00011,0.70936,1,1,0,0
1765409514.559682,-0.01417,-0.00958,-0.03867,-0.00032,0.00209,0.00030,0.59200,-0.00064,0.11933,0.00083,0.70484,-0.00011,0.70936,1,1,0,0
1765409514.561706,-0.01798,0.01372,0.00635,-0.00026,0.00096,-0.00007,0.59205,-0.00064,0.11934,0.00083,0.70484,-0.00011,0.70936,1,1,0,0
1765409514.563702,-0.02557,0.06812,-0.01005,-0.00135,0.00050,0.00005,0.59205,-0.00064,0.11934,0.00083,0.70484,-0.00011,0.70936,1,1,0,0
1765409514.565693,-0.03502,0.02411,-0.02394,-0.00035,0.00053,0.00046,0.59209,-0.00064,0.11935,0.00083,0.70484,-0.00011,0.70936,1,1,0,0
1765409514.567701,-0.02615,0.01332,-0.00127,-0.00070,0.00157,-0.00007,0.59209,-0.00064,0.11935,0.00083,0.70484,-0.00011,0.70936,1,1,0,0
1765409514.569710,-0.02324,0.01074,0.02935,0.00014,0.00180,0.00062,0.59214,-0.00064,0.11937,0.00083,0.70484,-0.00011,0.70936,1,1,0,0
1765409514.571750,-0.05061,0.01409,-0.00847,-0.00157,0.00085,0.00036,0.59214,-0.00064,0.11937,0.00083,0.70484,-0.00011,0.70936,1,1,0,0
1765409514.573698,-0.05621,0.03649,-0.05485,-0.00020,0.00128,-0.00009,0.59236,-0.00064,0.11943,0.00083,0.70484,-0.00011,0.70936,1,1,0,0
1765409514.575745,-0.04521,-0.00541,-0.00088,0.00169,0.00181,-0.00032,0.59236,-0.00064,0.11943,0.00083,0.70484,-0.00011,0.70936,1,1,0,0
1765409514.577706,-0.06420,-0.00746,-0.06879,-0.00030,0.00091,-0.00008,0.59236,-0.00064,0.11943,0.00083,0.70484,-0.00011,0.70936,1,1,0,0
1765409514.579706,-0.02746,-0.01112,0.01460,0.00053,0.00173,0.00022,0.59236,-0.00064,0.11943,0.00083,0.70484,-0.00011,0.70936,1,1,0,0
1765409514.581707,-0.03153,0.02552,-0.01658,-0.00011,0.00189,0.00059,0.59236,-0.00064,0.11943,0.00083,0.70484,-0.00011,0.70936,1,1,0,0
1765409514.583717,-0.03560,0.00915,0.01397,0.00056,0.00143,-0.00032,0.59236,-0.00064,0.11943,0.00083,0.70484,-0.00011,0.70936,1,1,0,0
1765409514.585691,-0.04231,0.01852,-0.03913,-0.00151,0.00126,0.00019,0.59236,-0.00064,0.11943,0.00083,0.70484,-0.00011,0.70936,1,1,0,0
1765409514.587702,-0.02385,0.01168,-0.02371,0.00103,0.00079,0.00058,0.59236,-0.00064,0.11943,0.00083,0.70484,-0.00011,0.70936,1,1,0,0
1765409514.589720,-0.00115,0.01748,0.01374,-0.00065,0.00177,0.00019,0.59236,-0.00064,0.11943,0.00083,0.70484,-0.00011,0.70936,1,1,0,0
1765409514.591708,-0.02956,-0.00408,-0.02363,-0.00135,0.00162,-0.00021,0.59236,-0.00064,0.11943,0.00083,0.70484,-0.00011,0.70936,1,1,0,0
1765409514.593732,-0.04022,0.00165,0.00671,0.00069,0.00162,0.00009,0.59240,-0.00064,0.11945,0.00083,0.70484,-0.00011,0.70937,1,1,0,0
1765409514.595765,-0.03484,0.01403,-0.03896,-0.00047,0.00079,0.00032,0.59240,-0.00064,0.11945,0.00083,0.70484,-0.00011,0.70937,1,1,0,0
1765409514.597715,-0.02181,0.02194,-0.03924,-0.00038,-0.00014,-0.00010,0.59245,-0.00064,0.11946,0.00083,0.70484,-0.00011,0.70937,1,1,0,0
1765409514.599762,-0.00832,0.03338,-0.03211,-0.00133,0.00032,-0.00025,0.59245,-0.00064,0.11946,0.00083,0.70484,-0.00011,0.70937,1,1,0,0
1765409514.601763,-0.02903,0.01584,0.00643,-0.00198,0.00110,0.00008,0.59249,-0.00064,0.11947,0.00083,0.70484,-0.00011,0.70937,1,1,0,0
1765409514.603743,-0.05920,-0.00031,-0.04619,-0.00109,0.00084,-0.00006,0.59249,-0.00064,0.11947,0.00083,0.70484,-0.00011,0.70937,1,1,0,0
1765409514.605741,-0.05205,0.01360,-0.01643,-0.00026,0.00213,-0.00006,0.59249,-0.00064,0.11947,0.00083,0.70484,-0.00011,0.70937,1,1,0,0
1765409514.607752,-0.02736,-0.00661,-0.02343,0.00015,0.00199,0.00046,0.59254,-0.00064,0.11949,0.00083,0.70484,-0.00011,0.70937,1,1,0,0
1765409514.609748,-0.01881,-0.01142,0.00696,0.00031,0.00176,0.00020,0.59258,-0.00064,0.11950,0.00083,0.70484,-0.00011,0.70937,1,1,0,0
1765409514.611766,-0.02964,-0.00791,-0.02346,-0.00074,0.00048,-0.00048,0.59258,-0.00064,0.11950,0.00083,0.70484,-0.00011,0.70937,1,1,0,0
1765409514.613744,-0.04695,0.03648,-0.00146,-0.00108,0.00066,0.00035,0.59276,-0.00064,0.11956,0.00083,0.70483,-0.00011,0.70938,1,1,0,0
1765409514.615739,-0.04813,0.01615,-0.00885,-0.00001,0.00196,0.00008,0.59276,-0.00064,0.11956,0.00083,0.70483,-0.00011,0.70938,1,1,0,0
1765409514.617759,-0.03491,0.02393,0.00605,-0.00014,0.00115,-0.00033,0.59276,-0.00064,0.11956,0.00083,0.70483,-0.00011,0.70938,1,1,0,0
1765409514.619766,-0.00228,0.01270,0.03682,0.00017,0.00180,0.00074,0.59276,-0.00064,0.11956,0.00083,0.70483,-0.00011,0.70938,1,1,0,0
1765409514.621725,-0.02160,0.02546,-0.01666,-0.00121,0.00138,0.00018,0.59276,-0.00064,0.11956,0.00083,0.70483,-0.00011,0.70938,1,1,0,0
1765409514.623801,-0.02318,0.02085,-0.00136,0.00027,0.00153,0.00033,0.59276,-0.00064,0.11956,0.00083,0.70483,-0.00011,0.70938,1,1,0,0
1765409514.625738,-0.05854,0.03363,-0.03197,-0.00199,0.00131,-0.00020,0.59276,-0.00064,0.11956,0.00083,0.70483,-0.00011,0.70938,1,1,0,0
1765409514.627783,-0.03175,0.01642,0.01391,0.00065,0.00138,0.00008,0.59276,-0.00064,0.11956,0.00083,0.70483,-0.00011,0.70938,1,1,0,0
1765409514.629742,-0.06580,0.00702,-0.04638,0.00075,0.00168,0.00034,0.59280,-0.00064,0.11958,0.00083,0.70482,-0.00011,0.70938,1,1,0,0
1765409514.631773,-0.01515,-0.01878,0.02230,0.00088,0.00184,0.00021,0.59280,-0.00064,0.11958,0.00083,0.70482,-0.00011,0.70938,1,1,0,0
1765409514.633789,-0.03307,0.01360,-0.02389,-0.00201,0.00089,-0.00007,0.59280,-0.00064,0.11958,0.00083,0.70482,-0.00011,0.70938,1,1,0,0
1765409514.635742,-0.01882,0.00356,0.02922,0.00049,0.00174,-0.00019,0.59285,-0.00064,0.11959,0.00083,0.70482,-0.00011,0.70938,1,1,0,0
1765409514.637752,-0.02831,0.01562,0.00682,-0.00307,0.00072,0.00089,0.59285,-0.00064,0.11959,0.00083,0.70482,-0.00011,0.70938,1,1,0,0
1765409514.639770,0.00702,-0.00191,0.02933,-0.00001,0.00143,-0.00007,0.59289,-0.00064,0.11961,0.00083,0.70482,-0.00011,0.70938,1,1,0,0
1765409514.641740,-0.05465,0.02193,-0.00134,-0.00125,0.00076,-0.00044,0.59289,-0.00064,0.11961,0.00083,0.70482,-0.00011,0.70938,1,1,0,0
1765409514.643748,-0.05220,-0.00038,-0.00834,0.00022,0.00126,-0.00004,0.59293,-0.00064,0.11962,0.00083,0.70482,-0.00011,0.70939,1,1,0,0
1765409514.645773,-0.02144,0.02032,-0.05465,-0.00127,0.00164,-0.00012,0.59293,-0.00064,0.11962,0.00083,0.70482,-0.00011,0.70939,1,1,0,0
1765409514.647779,-0.02311,0.01123,0.02148,0.00059,0.00153,-0.00019,0.59316,-0.00064,0.11969,0.00083,0.70482,-0.00011,0.70939,1,1,0,0
1765409514.649802,-0.02981,0.02077,-0.00159,-0.00105,0.00160,-0.00047,0.59320,-0.00064,0.11971,0.00083,0.70481,-0.00011,0.70939,1,1,0,0
1765409514.651811,-0.04975,-0.01270,0.00708,0.00182,0.00175,0.00010,0.59320,-0.00064,0.11971,0.00083,0.70481,-0.00011,0.70939,1,1,0,0
1765409514.653777,-0.04034,0.00197,-0.01604,0.00091,0.00124,0.00007,0.59320,-0.00064,0.11971,0.00083,0.70481,-0.00011,0.70939,1,1,0,0
1765409514.655784,-0.05705,0.01695,0.03699,0.00044,0.00131,0.00053,0.59320,-0.00064,0.11971,0.00083,0.70481,-0.00011,0.70939,1,1,0,0
1765409514.657773,-0.03606,0.00924,-0.00883,0.00100,0.00143,-0.00033,0.59320,-0.00064,0.11971,0.00083,0.70481,-0.00011,0.70939,1,1,0,0
1765409514.659786,-0.05212,0.02325,-0.01648,-0.00058,0.00214,0.00048,0.59320,-0.00064,0.11971,0.00083,0.70481,-0.00011,0.70939,1,1,0,0
1765409514.661791,0.00328,-0.03443,-0.00033,-0.00040,0.00201,-0.00022,0.59320,-0.00064,0.11971,0.00083,0.70481,-0.00011,0.70939,1,1,0,0
1765409514.663774,-0.05648,0.00103,-0.01611,-0.00020,0.00258,0.00008,0.59320,-0.00064,0.11971,0.00083,0.70481,-0.00011,0.70939,1,1,0,0
1765409514.665780,-0.02269,-0.01319,0.02989,0.00029,0.00104,0.00010,0.59320,-0.00064,0.11971,0.00083,0.70481,-0.00011,0.70939,1,1,0,0
1765409514.667803,-0.03742,0.07062,-0.00979,-0.00241,0.00027,0.00060,0.59320,-0.00064,0.11971,0.00083,0.70481,-0.00011,0.70939,1,1,0,0
1765409514.669776,0.00200,-0.00503,-0.02344,-0.00004,0.00202,0.00097,0.59320,-0.00064,0.11971,0.00083,0.70481,-0.00011,0.70939,1,1,0,0
1765409514.671859,-0.01895,0.01373,-0.03169,0.00062,0.00123,-0.00010,0.59325,-0.00064,0.11972,0.00083,0.70481,-0.00011,0.70940,1,1,0,0
1765409514.673813,-0.00691,-0.02441,0.01457,0.00103,0.00263,-0.00007,0.59325,-0.00064,0.11972,0.00083,0.70481,-0.00011,0.70940,1,1,0,0
1765409514.675824,-0.04578,0.03094,0.01337,-0.00180,0.00153,-0.00071,0.59329,-0.00064,0.11974,0.00083,0.70481,-0.00011,0.70940,1,1,0,0
1765409514.677836,-0.02606,0.02345,0.02137,-0.00079,0.00118,0.00008,0.59329,-0.00064,0.11974,0.00083,0.70481,-0.00011,0.70940,1,1,0,0
1765409514.679793,-0.07280,0.01218,-0.04659,-0.00028,0.00137,-0.00019,0.59334,-0.00064,0.11975,0.00083,0.70480,-0.00011,0.70940,1,1,0,0
1765409514.681874,-0.03163,-0.00369,0.04462,0.00062,0.00202,-0.00016,0.59334,-0.00064,0.11975,0.00083,0.70480,-0.00011,0.70940,1,1,0,0
1765409514.683795,-0.02275,0.01086,-0.01652,0.00014,0.00178,-0.00022,0.59360,-0.00064,0.11984,0.00083,0.70480,-0.00011,0.70940,1,1,0,0
1765409514.685796,-0.03061,0.03099,-0.00901,-0.00070,0.00098,0.00047,0.59360,-0.00064,0.11984,0.00083,0.70480,-0.00011,0.70940,1,1,0,0
1765409514.687807,-0.03723,0.06146,-0.01762,-0.00165,0.00000,-0.00075,0.59360,-0.00064,0.11984,0.00083,0.70480,-0.00011,0.70940,1,1,0,0
1765409514.689831,-0.05522,0.03156,0.02895,-0.00114,0.00102,0.00012,0.59360,-0.00064,0.11984,0.00083,0.70480,-0.00011,0.70940,1,1,0,0
1765409514.691861,-0.02939,-0.01280,-0.02343,-0.00080,0.00048,-0.00074,0.59360,-0.00064,0.11984,0.00083,0.70480,-0.00011,0.70940,1,1,0,0
1765409514.693786,-0.01465,0.00601,-0.01618,0.00031,0.00132,0.00031,0.59360,-0.00064,0.11984,0.00083,0.70480,-0.00011,0.70940,1,1,0,0
1765409514.695827,-0.01829,0.01287,-0.05455,-0.00027,0.00198,-0.00012,0.59360,-0.00064,0.11984,0.00083,0.70480,-0.00011,0.70940,1,1,0,0
1765409514.697800,-0.01834,0.01899,0.02916,0.00003,0.00058,0.00022,0.59360,-0.00064,0.11984,0.00083,0.70480,-0.00011,0.70940,1,1,0,0
1765409514.699811,-0.04874,-0.01258,-0.03857,0.00117,0.00135,-0.00034,0.59360,-0.00064,0.11984,0.00083,0.70480,-0.00011,0.70940,1,1,0,0
1765409514.701810,-0.03997,0.00162,-0.03125,0.00047,0.00149,0.00006,0.59360,-0.00064,0.11984,0.00083,0.70480,-0.00011,0.70940,1,1,0,0
1765409514.703803,-0.02268,0.01597,-0.01650,-0.00001,0.00140,0.00005,0.59360,-0.00064,0.11984,0.00083,0.70480,-0.00011,0.70940,1,1,0,0
1765409514.705806,-0.02667,0.04801,-0.00222,-0.00028,0.00154,-0.00021,0.59360,-0.00064,0.11984,0.00083,0.70480,-0.00011,0.70940,1,1,0,0
1765409514.707805,-0.04426,-0.01039,0.00678,0.00098,0.00167,-0.00058,0.59364,-0.00064,0.11985,0.00083,0.70480,-0.00011,0.70940,1,1,0,0
1765409514.709821,-0.03530,0.00604,0.05996,-0.00385,0.00067,0.00000,0.59364,-0.00064,0.11985,0.00083,0.70480,-0.00011,0.70940,1,1,0,0
1765409514.711803,-0.03033,-0.01347,0.06029,-0.00059,0.00138,0.00013,0.59368,-0.00064,0.11986,0.00083,0.70480,-0.00011,0.70941,1,1,0,0
1765409514.713801,-0.02559,0.01403,-0.01613,-0.00113,0.00030,0.00033,0.59368,-0.00064,0.11986,0.00083,0.70480,-0.00011,0.70941,1,1,0,0
1765409514.715803,-0.04457,-0.01074,-0.00053,0.00076,0.00181,0.00022,0.59373,-0.00064,0.11988,0.00083,0.70480,-0.00011,0.70940,1,1,0,0
1765409514.717803,-0.04396,0.03096,-0.00114,-0.00398,0.00026,0.00049,0.59373,-0.00064,0.11988,0.00083,0.70480,-0.00011,0.70940,1,1,0,0
1765409514.719836,-0.01101,-0.02685,0.02237,0.00078,0.00256,0.00021,0.59377,-0.00064,0.11989,0.00083,0.70480,-0.00011,0.70940,1,1,0,0
1765409514.721810,-0.01654,0.03726,-0.05539,-0.00172,0.00193,-0.00080,0.59377,-0.00064,0.11989,0.00083,0.70480,-0.00011,0.70940,1,1,0,0
1765409514.723812,-0.00609,0.00127,0.05979,0.00047,0.00108,0.00010,0.59382,-0.00064,0.11990,0.00083,0.70480,-0.00011,0.70940,1,1,0,0
1765409514.725890,-0.07233,0.02774,-0.03940,-0.00031,0.00046,-0.00059,0.59382,-0.00064,0.11990,0.00083,0.70480,-0.00011,0.70940,1,1,0,0
1765409514.727819,-0.01421,0.01507,0.03688,-0.00068,0.00194,0.00089,0.59409,-0.00064,0.12000,0.00083,0.70478,-0.00011,0.70942,1,1,0,0
1765409514.729815,-0.03030,-0.00836,-0.02358,-0.00031,0.00125,-0.00048,0.59409,-0.00064,0.12000,0.00083,0.70478,-0.00011,0.70942,1,1,0,0
1765409514.731845,0.00276,0.01992,-0.01649,-0.00062,0.00148,0.00070,0.59409,-0.00064,0.12000,0.00083,0.70478,-0.00011,0.70942,1,1,0,0
1765409514.733832,-0.03140,0.02604,-0.00166,0.00033,0.00162,-0.00020,0.59409,-0.00064,0.12000,0.00083,0.70478,-0.00011,0.70942,1,1,0,0
1765409514.735811,-0.02621,0.08753,0.02744,-0.00111,0.00101,0.00034,0.59409,-0.00064,0.12000,0.00083,0.70478,-0.00011,0.70942,1,1,0,0
1765409514.738145,-0.04156,0.01196,-0.01648,0.00212,0.00163,-0.00020,0.59409,-0.00064,0.12000,0.00083,0.70478,-0.00011,0.70942,1,1,0,0
1765409514.739811,-0.04614,0.02601,-0.03909,-0.00208,0.00092,0.00060,0.59409,-0.00064,0.12000,0.00083,0.70478,-0.00011,0.70942,1,1,0,0
1765409514.741872,-0.00160,-0.01580,0.01465,0.00048,0.00066,-0.00007,0.59409,-0.00064,0.12000,0.00083,0.70478,-0.00011,0.70942,1,1,0,0
1765409514.743847,-0.04079,0.02800,-0.00148,-0.00293,0.00135,-0.00005,0.59409,-0.00064,0.12000,0.00083,0.70478,-0.00011,0.70942,1,1,0,0
1765409514.745845,-0.04073,0.00649,-0.00094,0.00096,0.00176,0.00035,0.59409,-0.00064,0.12000,0.00083,0.70478,-0.00011,0.70942,1,1,0,0
1765409514.747841,-0.06283,0.04628,-0.03989,-0.00183,0.00109,-0.00034,0.59409,-0.00064,0.12000,0.00083,0.70478,-0.00011,0.70942,1,1,0,0
1765409514.749831,-0.00898,-0.03595,0.02283,-0.00064,0.00102,0.00008,0.59409,-0.00064,0.12000,0.00083,0.70478,-0.00011,0.70942,1,1,0,0
1765409514.751828,-0.03289,0.01972,-0.00869,-0.00172,-0.00051,-0.00019,0.59413,-0.00064,0.12001,0.00083,0.70478,-0.00011,0.70942,1,1,0,0
1765409514.753836,-0.00531,0.00079,-0.00875,-0.00019,0.00145,-0.00036,0.59413,-0.00064,0.12001,0.00083,0.70478,-0.00011,0.70942,1,1,0,0
1765409514.755827,-0.03854,0.03065,-0.03957,-0.00115,0.00158,0.00004,0.59418,-0.00064,0.12003,0.00083,0.70478,-0.00011,0.70943,1,1,0,0
1765409514.757842,-0.00580,-0.01916,0.02230,0.00000,0.00173,0.00021,0.59418,-0.00064,0.12003,0.00083,0.70478,-0.00011,0.70943,1,1,0,0
1765409514.759838,-0.05170,0.00454,-0.05388,-0.00037,0.00088,0.00019,0.59422,-0.00064,0.12004,0.00083,0.70478,-0.00011,0.70943,1,1,0,0
1765409514.761831,-0.01852,-0.01553,0.03749,0.00048,0.00086,-0.00004,0.59422,-0.00064,0.12004,0.00083,0.70478,-0.00011,0.70943,1,1,0,0
1765409514.763843,-0.01748,0.08189,-0.03341,-0.00140,0.00154,0.00001,0.59426,-0.00064,0.12005,0.00083,0.70478,-0.00011,0.70943,1,1,0,0
1765409514.765853,-0.02264,0.02042,-0.00916,-0.00018,0.00203,-0.00008,0.59426,-0.00064,0.12005,0.00083,0.70478,-0.00011,0.70943,1,1,0,0
1765409514.767872,-0.04114,0.01331,-0.00075,-0.00288,0.00100,0.00076,0.59431,-0.00064,0.12007,0.00083,0.70477,-0.00011,0.70943,1,1,0,0
1765409514.769904,-0.01412,0.00972,-0.01634,-0.00074,0.00245,0.00058,0.59453,-0.00064,0.12014,0.00083,0.70477,-0.00011,0.70943,1,1,0,0
1765409514.771862,-0.05232,0.01854,-0.02423,0.00002,0.00226,-0.00020,0.59453,-0.00064,0.12014,0.00083,0.70477,-0.00011,0.70943,1,1,0,0
1765409514.773862,-0.03642,-0.03012,-0.01549,0.00161,0.00159,-0.00046,0.59453,-0.00064,0.12014,0.00083,0.70477,-0.00011,0.70943,1,1,0,0
1765409514.775856,-0.04877,-0.00341,-0.03887,0.00084,0.00211,-0.00021,0.59453,-0.00064,0.12014,0.00083,0.70477,-0.00011,0.70943,1,1,0,0
1765409514.777864,-0.03692,0.01694,0.09001,-0.00197,0.00016,-0.00025,0.59453,-0.00064,0.12014,0.00083,0.70477,-0.00011,0.70943,1,1,0,0
1765409514.779906,-0.02173,0.02096,-0.00919,-0.00061,0.00125,-0.00048,0.59453,-0.00064,0.12014,0.00083,0.70477,-0.00011,0.70943,1,1,0,0
1765409514.781876,-0.01392,0.01451,0.00643,-0.00112,0.00245,0.00086,0.59453,-0.00064,0.12014,0.00083,0.70477,-0.00011,0.70943,1,1,0,0
1765409514.783847,-0.02960,-0.00844,-0.01595,-0.00097,0.00111,-0.00047,0.59453,-0.00064,0.12014,0.00083,0.70477,-0.00011,0.70943,1,1,0,0
1765409514.785879,-0.04601,0.01577,0.00680,-0.00242,0.00131,0.00090,0.59453,-0.00064,0.12014,0.00083,0.70477,-0.00011,0.70943,1,1,0,0
1765409514.787855,-0.06108,0.00927,-0.02396,0.00056,0.00199,-0.00032,0.59453,-0.00064,0.12014,0.00083,0.70477,-0.00011,0.70943,1,1,0,0
1765409514.789848,-0.05622,0.01218,-0.01589,-0.00028,0.00067,0.00063,0.59453,-0.00064,0.12014,0.00083,0.70477,-0.00011,0.70943,1,1,0,0
1765409514.791846,0.00721,0.03704,-0.02502,-0.00041,0.00190,-0.00040,0.59458,-0.00064,0.12016,0.00083,0.70477,-0.00011,0.70944,1,1,0,0
1765409514.793875,-0.00965,0.04286,0.00587,-0.00078,0.00085,0.00072,0.59458,-0.00064,0.12016,0.00083,0.70477,-0.00011,0.70944,1,1,0,0
1765409514.795850,-0.02677,-0.00618,0.01428,0.00016,0.00171,-0.00032,0.59462,-0.00064,0.12017,0.00083,0.70477,-0.00011,0.70944,1,1,0,0
1765409514.797876,-0.04972,-0.03452,-0.00698,-0.00194,-0.00026,0.00051,0.59462,-0.00064,0.12017,0.00083,0.70477,-0.00011,0.70944,1,1,0,0
1765409514.799871,-0.03826,-0.01384,0.00694,-0.00103,0.00199,-0.00031,0.59467,-0.00064,0.12019,0.00083,0.70477,-0.00011,0.70944,1,1,0,0
1765409514.801884,-0.04927,0.04835,-0.00139,-0.00333,0.00031,0.00103,0.59467,-0.00064,0.12019,0.00083,0.70477,-0.00011,0.70944,1,1,0,0
1765409514.803868,-0.01886,0.06738,0.05026,0.00018,0.00206,-0.00032,0.59471,-0.00064,0.12020,0.00083,0.70476,-0.00011,0.70944,1,1,0,0
1765409514.805886,-0.03139,0.04085,-0.00944,0.00007,0.00136,0.00019,0.59471,-0.00064,0.12020,0.00083,0.70476,-0.00011,0.70944,1,1,0,0
1765409514.807868,-0.00295,-0.02374,0.06072,-0.00246,0.00031,0.00038,0.59476,-0.00064,0.12022,0.00083,0.70476,-0.00011,0.70945,1,1,0,0
1765409514.809949,-0.04651,0.01656,0.00652,-0.00132,0.00092,0.00010,0.59476,-0.00064,0.12022,0.00083,0.70476,-0.00011,0.70945,1,1,0,0
1765409514.811880,-0.01547,-0.00338,-0.01616,0.00150,0.00132,-0.00022,0.59476,-0.00064,0.12022,0.00083,0.70476,-0.00011,0.70945,1,1,0,0
1765409514.813871,-0.05443,0.02605,-0.03165,-0.00208,0.00127,0.00021,0.59480,-0.00064,0.12023,0.00083,0.70476,-0.00011,0.70945,1,1,0,0
1765409514.815866,-0.00213,0.00326,0.05210,0.00049,0.00154,0.00022,0.59480,-0.00064,0.12023,0.00083,0.70476,-0.00011,0.70945,1,1,0,0
1765409514.817872,-0.04026,0.02294,-0.01610,-0.00386,0.00086,0.00088,0.59485,-0.00064,0.12025,0.00083,0.70476,-0.00011,0.70944,1,1,0,0
1765409514.819941,-0.02821,0.00308,-0.01630,0.00092,0.00262,0.00019,0.59498,-0.00064,0.12029,0.00083,0.70476,-0.00011,0.70945,1,1,0,0
1765409514.821875,-0.04386,0.02328,-0.06224,-0.00014,0.00203,0.00003,0.59498,-0.00064,0.12029,0.00083,0.70476,-0.00011,0.70945,1,1,0,0
1765409514.823866,-0.04706,-0.02275,-0.03035,-0.00070,0.00084,0.00035,0.59498,-0.00064,0.12029,0.00083,0.70476,-0.00011,0.70945,1,1,0,0
1765409514.825883,-0.05644,-0.01312,-0.01563,0.00007,0.00183,0.00009,0.59498,-0.00064,0.12029,0.00083,0.70476,-0.00011,0.70945,1,1,0,0
1765409514.827871,-0.03115,0.01035,0.00655,-0.00052,0.00228,0.00061,0.59498,-0.00064,0.12029,0.00083,0.70476,-0.00011,0.70945,1,1,0,0
1765409514.829894,-0.03777,0.00095,-0.05397,-0.00173,0.00147,0.00004,0.59498,-0.00064,0.12029,0.00083,0.70476,-0.00011,0.70945,1,1,0,0
1765409514.831904,-0.01805,0.02342,-0.00146,-0.00036,0.00108,0.00006,0.59503,-0.00064,0.12031,0.00083,0.70476,-0.00011,0.70945,1,1,0,0
1765409514.833901,-0.01484,0.00125,-0.01616,0.00068,0.00132,0.00005,0.59503,-0.00064,0.12031,0.00083,0.70476,-0.00011,0.70945,1,1,0,0
1765409514.835895,-0.03017,0.00115,-0.00845,-0.00085,0.00138,0.00007,0.59507,-0.00064,0.12032,0.00083,0.70476,-0.00011,0.70945,1,1,0,0
1765409514.837909,-0.03058,0.03042,-0.02429,-0.00093,0.00162,0.00045,0.59507,-0.00064,0.12032,0.00083,0.70476,-0.00011,0.70945,1,1,0,0
1765409514.839889,-0.00028,0.02226,0.00582,-0.00124,0.00188,-0.00036,0.59512,-0.00064,0.12033,0.00083,0.70476,-0.00011,0.70945,1,1,0,0
1765409514.841916,-0.03370,-0.00103,-0.04631,-0.00131,0.00091,-0.00009,0.59512,-0.00064,0.12033,0.00083,0.70476,-0.00011,0.70945,1,1,0,0
1765409514.843917,-0.01509,0.01115,0.00642,0.00081,0.00131,0.00019,0.59516,-0.00064,0.12035,0.00083,0.70475,-0.00011,0.70945,1,1,0,0
1765409514.845896,-0.02152,0.01069,-0.02369,-0.00139,0.00115,0.00059,0.59516,-0.00064,0.12035,0.00083,0.70475,-0.00011,0.70945,1,1,0,0
1765409514.847991,-0.01400,0.02569,0.05164,-0.00033,0.00128,0.00023,0.59542,-0.00064,0.12044,0.00083,0.70474,-0.00011,0.70946,1,1,0,0
1765409514.849899,-0.04255,0.03842,0.00588,-0.00127,0.00124,0.00008,0.59542,-0.00064,0.12044,0.00083,0.70474,-0.00011,0.70946,1,1,0,0
1765409514.851919,-0.01770,0.01363,0.00672,-0.00091,0.00059,0.00074,0.59542,-0.00064,0.12044,0.00083,0.70474,-0.00011,0.70946,1,1,0,0
1765409514.853949,-0.04298,0.06290,-0.01030,-0.00076,0.00185,-0.00061,0.59542,-0.00064,0.12044,0.00083,0.70474,-0.00011,0.70946,1,1,0,0
1765409514.856166,-0.05534,0.00148,0.07518,-0.00106,0.00180,0.00016,0.59542,-0.00064,0.12044,0.00083,0.70474,-0.00011,0.70946,1,1,0,0
1765409514.857924,-0.03951,-0.00762,-0.03870,0.00057,0.00085,-0.00048,0.59542,-0.00064,0.12044,0.00083,0.70474,-0.00011,0.70946,1,1,0,0
1765409514.859918,-0.03137,-0.01364,0.02981,0.00028,0.00191,0.00010,0.59542,-0.00064,0.12044,0.00083,0.70474,-0.00011,0.70946,1,1,0,0
1765409514.861922,-0.03058,-0.00418,-0.00854,-0.00048,0.00214,-0.00020,0.59542,-0.00064,0.12044,0.00083,0.70474,-0.00011,0.70946,1,1,0,0
1765409514.863908,-0.04694,-0.00308,0.03726,-0.00068,0.00119,-0.00015,0.59542,-0.00064,0.12044,0.00083,0.70474,-0.00011,0.70946,1,1,0,0
1765409514.865912,-0.03840,0.02603,-0.05452,-0.00120,0.00108,0.00017,0.59542,-0.00064,0.12044,0.00083,0.70474,-0.00011,0.70946,1,1,0,0
1765409514.867909,-0.02720,0.03674,0.02120,-0.00304,-0.00073,-0.00045,0.59542,-0.00064,0.12044,0.00083,0.70474,-0.00011,0.70946,1,1,0,0
1765409514.869921,-0.00483,0.02988,-0.00954,-0.00093,0.00180,-0.00037,0.59542,-0.00064,0.12044,0.00083,0.70474,-0.00011,0.70946,1,1,0,0
1765409514.871912,0.01654,0.01742,0.02877,-0.00108,0.00130,-0.00022,0.59547,-0.00064,0.12046,0.00083,0.70474,-0.00011,0.70947,1,1,0,0
1765409514.873930,-0.01521,-0.04803,-0.03024,0.00140,0.00161,-0.00022,0.59547,-0.00064,0.12046,0.00083,0.70474,-0.00011,0.70947,1,1,0,0
1765409514.875911,-0.03927,-0.00336,-0.00842,-0.00003,0.00148,-0.00019,0.59551,-0.00064,0.12047,0.00083,0.70474,-0.00011,0.70946,1,1,0,0
1765409514.877934,-0.06396,-0.01180,-0.02293,-0.00035,0.00015,0.00010,0.59551,-0.00064,0.12047,0.00083,0.70474,-0.00011,0.70946,1,1,0,0
1765409514.879936,-0.05110,-0.01496,-0.01545,-0.00061,0.00062,-0.00004,0.59556,-0.00064,0.12048,0.00083,0.70474,-0.00011,0.70947,1,1,0,0
1765409514.881998,-0.02203,0.02063,0.00629,-0.00083,0.00139,0.00034,0.59556,-0.00064,0.12048,0.00083,0.70474,-0.00011,0.70947,1,1,0,0
1765409514.883946,-0.02352,0.02059,-0.02421,0.00048,0.00192,0.00031,0.59560,-0.00064,0.12049,0.00083,0.70474,-0.00011,0.70946,1,1,0,0
1765409514.885960,-0.03067,0.04643,-0.03985,-0.00030,0.00033,0.00003,0.59560,-0.00064,0.12049,0.00083,0.70474,-0.00011,0.70946,1,1,0,0
1765409514.887938,-0.03046,0.00661,0.00679,-0.00056,0.00074,0.00035,0.59582,-0.00064,0.12058,0.00083,0.70473,-0.00011,0.70948,1,1,0,0
1765409514.889943,-0.05524,0.00171,-0.03109,-0.00106,0.00130,0.00008,0.59587,-0.00064,0.12059,0.00083,0.70473,-0.00011,0.70948,1,1,0,0
1765409514.891943,-0.01420,0.01588,0.00626,-0.00001,0.00130,0.00006,0.59587,-0.00064,0.12059,0.00083,0.70473,-0.00011,0.70948,1,1,0,0
1765409514.893951,-0.03905,0.04557,-0.00977,-0.00053,0.00182,-0.00034,0.59587,-0.00064,0.12059,0.00083,0.70473,-0.00011,0.70948,1,1,0,0
1765409514.895970,-0.00221,0.02777,0.03650,0.00014,0.00140,0.00074,0.59587,-0.00064,0.12059,0.00083,0.70473,-0.00011,0.70948,1,1,0,0
1765409514.897938,-0.02878,0.01581,-0.03152,-0.00220,0.00097,0.00005,0.59587,-0.00064,0.12059,0.00083,0.70473,-0.00011,0.70948,1,1,0,0
1765409514.899944,-0.00716,-0.01961,-0.00048,0.00087,0.00252,0.00059,0.59587,-0.00064,0.12059,0.00083,0.70473,-0.00011,0.70948,1,1,0,0
1765409514.901938,-0.05967,0.04448,-0.07784,-0.00055,0.00055,-0.00050,0.59587,-0.00064,0.12059,0.00083,0.70473,-0.00011,0.70948,1,1,0,0
1765409514.903939,-0.04299,0.04348,0.01346,-0.00099,0.00112,0.00036,0.59587,-0.00064,0.12059,0.00083,0.70473,-0.00011,0.70948,1,1,0,0
1765409514.905937,-0.03802,0.03572,-0.02451,-0.00152,0.00131,-0.00008,0.59587,-0.00064,0.12059,0.00083,0.70473,-0.00011,0.70948,1,1,0,0
1765409514.907939,-0.02298,0.00095,0.04457,0.00024,0.00192,0.00010,0.59587,-0.00064,0.12059,0.00083,0.70473,-0.00011,0.70948,1,1,0,0
1765409514.909945,-0.02149,0.00033,-0.00857,-0.00129,0.00203,0.00006,0.59587,-0.00064,0.12059,0.00083,0.70473,-0.00011,0.70948,1,1,0,0
1765409514.911950,-0.03275,0.00575,-0.00870,0.00117,0.00255,0.00033,0.59591,-0.00064,0.12060,0.00083,0.70473,-0.00011,0.70948,1,1,0,0
1765409514.913945,-0.02636,0.01258,-0.03142,-0.00114,0.00209,0.00071,0.59591,-0.00064,0.12060,0.00083,0.70473,-0.00011,0.70948,1,1,0,0
1765409514.915952,-0.03756,0.00648,-0.07683,-0.00166,0.00070,-0.00011,0.59591,-0.00064,0.12060,0.00083,0.70473,-0.00011,0.70948,1,1,0,0
1765409514.917954,-0.02552,-0.00566,-0.03074,-0.00115,0.00019,0.00046,0.59596,-0.00064,0.12062,0.00083,0.70472,-0.00011,0.70948,1,1,0,0
1765409514.919964,-0.01352,0.00092,-0.02389,-0.00041,0.00142,-0.00036,0.59596,-0.00064,0.12062,0.00083,0.70472,-0.00011,0.70948,1,1,0,0
1765409514.921968,0.01615,0.00705,0.03663,-0.00099,0.00195,0.00005,0.59600,-0.00064,0.12063,0.00083,0.70472,-0.00011,0.70948,1,1,0,0
1765409514.923997,-0.01722,0.02737,-0.03211,-0.00140,0.00196,-0.00011,0.59600,-0.00064,0.12063,0.00083,0.70472,-0.00011,0.70948,1,1,0,0
1765409514.925971,-0.04793,0.02585,-0.00128,-0.00055,0.00183,0.00062,0.59626,-0.00064,0.12072,0.00083,0.70471,-0.00011,0.70949,1,1,0,0
1765409514.927988,-0.05746,0.03709,-0.03966,0.00111,0.00104,-0.00008,0.59626,-0.00064,0.12072,0.00083,0.70471,-0.00011,0.70949,1,1,0,0
1765409514.929973,-0.02214,-0.00877,0.01465,-0.00053,0.00129,0.00035,0.59626,-0.00064,0.12072,0.00083,0.70471,-0.00011,0.70949,1,1,0,0
1765409514.931965,-0.02998,-0.01886,-0.00032,-0.00109,0.00164,0.00022,0.59626,-0.00064,0.12072,0.00083,0.70471,-0.00011,0.70949,1,1,0,0
1765409514.934059,-0.02425,0.01498,-0.01659,0.00085,0.00295,0.00045,0.59626,-0.00064,0.12072,0.00083,0.70471,-0.00011,0.70949,1,1,0,0
1765409514.935955,-0.05333,0.02074,0.02931,-0.00323,0.00139,0.00039,0.59626,-0.00064,0.12072,0.00083,0.70471,-0.00011,0.70949,1,1,0,0
1765409514.937992,-0.03048,0.06979,-0.03301,-0.00111,0.00171,0.00016,0.59626,-0.00064,0.12072,0.00083,0.70471,-0.00011,0.70949,1,1,0,0
1765409514.940010,-0.06584,-0.01225,-0.04593,0.00117,0.00131,0.00008,0.59626,-0.00064,0.12072,0.00083,0.70471,-0.00011,0.70949,1,1,0,0
1765409514.941988,-0.05126,0.02927,-0.04699,-0.00073,0.00072,-0.00008,0.59626,-0.00064,0.12072,0.00083,0.70471,-0.00011,0.70949,1,1,0,0
1765409514.944028,-0.01018,-0.04512,0.00026,0.00078,0.00066,-0.00007,0.59626,-0.00064,0.12072,0.00083,0.70471,-0.00011,0.70949,1,1,0,0
1765409514.945982,-0.03103,0.04060,-0.00964,-0.00015,0.00173,-0.00021,0.59626,-0.00064,0.12072,0.00083,0.70471,-0.00011,0.70949,1,1,0,0
1765409514.947969,-0.02326,0.00084,-0.00862,0.00046,0.00205,0.00006,0.59626,-0.00064,0.12072,0.00083,0.70471,-0.00011,0.70949,1,1,0,0
1765409514.949969,-0.04120,-0.00095,-0.03103,-0.00219,0.00075,-0.00007,0.59631,-0.00064,0.12074,0.00083,0.70471,-0.00011,0.70949,1,1,0,0
1765409514.951971,-0.03134,-0.03771,0.02287,0.00065,0.00129,-0.00003,0.59631,-0.00064,0.12074,0.00083,0.70471,-0.00011,0.70949,1,1,0,0
1765409514.954001,-0.04971,0.01966,-0.01644,-0.00172,0.00019,-0.00059,0.59635,-0.00064,0.12075,0.00083,0.70471,-0.00011,0.70949,1,1,0,0
1765409514.955992,-0.02328,0.03604,0.01369,0.00023,0.00089,0.00074,0.59635,-0.00064,0.12075,0.00083,0.70471,-0.00011,0.70949,1,1,0,0
1765409514.957992,-0.02279,0.05480,-0.00254,-0.00020,0.00225,-0.00022,0.59640,-0.00064,0.12077,0.00083,0.70471,-0.00011,0.70950,1,1,0,0
1765409514.959987,-0.00972,0.00799,0.01417,-0.00054,0.00151,0.00047,0.59640,-0.00064,0.12077,0.00083,0.70471,-0.00011,0.70950,1,1,0,0
1765409514.962015,-0.02270,-0.00833,-0.00810,0.00013,0.00092,0.00033,0.59649,-0.00064,0.12080,0.00083,0.70471,-0.00011,0.70950,1,1,0,0
1765409514.963987,-0.04265,0.03945,-0.03194,-0.00082,-0.00003,0.00006,0.59671,-0.00065,0.12087,0.00083,0.70470,-0.00011,0.70950,1,1,0,0
1765409514.966003,-0.04788,-0.00235,-0.01586,0.00042,0.00057,-0.00019,0.59671,-0.00065,0.12087,0.00083,0.70470,-0.00011,0.70950,1,1,0,0
1765409514.967996,-0.05461,0.03610,-0.03942,-0.00196,0.00101,0.00033,0.59671,-0.00065,0.12087,0.00083,0.70470,-0.00011,0.70950,1,1,0,0
1765409514.969982,-0.01486,-0.00444,-0.00091,0.00040,0.00221,0.00019,0.59671,-0.00065,0.12087,0.00083,0.70470,-0.00011,0.70950,1,1,0,0
1765409514.972010,-0.02944,0.01540,-0.00885,-0.00177,0.00174,0.00006,0.59671,-0.00065,0.12087,0.00083,0.70470,-0.00011,0.70950,1,1,0,0
1765409514.973999,-0.00662,0.00967,-0.00883,0.00013,0.00262,0.00058,0.59671,-0.00065,0.12087,0.00083,0.70470,-0.00011,0.70950,1,1,0,0
1765409514.975995,-0.01373,0.06477,-0.00249,-0.00095,0.00138,0.00031,0.59671,-0.00065,0.12087,0.00083,0.70470,-0.00011,0.70950,1,1,0,0
1765409514.977999,-0.01413,0.03099,0.02873,-0.00005,0.00090,0.00007,0.59671,-0.00065,0.12087,0.00083,0.70470,-0.00011,0.70950,1,1,0,0
1765409514.979997,-0.03951,0.01156,0.03677,0.00015,0.00147,-0.00016,0.59671,-0.00065,0.12087,0.00083,0.70470,-0.00011,0.70950,1,1,0,0
1765409514.982033,-0.03173,0.01501,0.00646,-0.00024,0.00266,0.00088,0.59671,-0.00065,0.12087,0.00083,0.70470,-0.00011,0.70950,1,1,0,0
1765409514.984060,-0.01743,0.02691,0.00559,-0.00119,0.00284,-0.00048,0.59671,-0.00065,0.12087,0.00083,0.70470,-0.00011,0.70950,1,1,0,0
1765409514.985996,-0.01508,0.02342,0.04451,-0.00320,-0.00009,0.00050,0.59671,-0.00065,0.12087,0.00083,0.70470,-0.00011,0.70950,1,1,0,0
1765409514.987990,-0.03865,0.03729,-0.01672,-0.00041,-0.00033,-0.00007,0.59671,-0.00065,0.12087,0.00083,0.70470,-0.00011,0.70950,1,1,0,0
1765409514.990030,-0.03187,-0.00812,-0.01571,0.00079,0.00115,0.00034,0.59675,-0.00064,0.12088,0.00083,0.70470,-0.00011,0.70950,1,1,0,0
1765409514.991991,-0.04506,-0.00131,0.00641,0.00131,0.00282,-0.00045,0.59675,-0.00064,0.12088,0.00083,0.70470,-0.00011,0.70950,1,1,0,0
1765409514.994012,-0.04424,0.02779,-0.01660,-0.00031,0.00242,0.00074,0.59679,-0.00064,0.12090,0.00083,0.70470,-0.00011,0.70950,1,1,0,0
1765409514.995996,-0.05532,-0.00833,-0.03871,-0.00075,0.00181,-0.00047,0.59679,-0.00064,0.12090,0.00083,0.70470,-0.00011,0.70950,1,1,0,0
1765409514.997996,-0.06317,0.00187,-0.00806,-0.00172,0.00102,0.00051,0.59683,-0.00064,0.12091,0.00083,0.70470,-0.00011,0.70950,1,1,0,0
1765409515.000032,-0.03424,-0.03526,-0.01500,-0.00063,0.00082,0.00008,0.59683,-0.00064,0.12091,0.00083,0.70470,-0.00011,0.70950,1,1,0,0
1765409515.002048,-0.01053,0.03918,0.01372,-0.00432,0.00112,0.00100,0.59688,-0.00064,0.12092,0.00083,0.70470,-0.00011,0.70950,1,1,0,0
1765409515.004020,-0.02538,0.01106,-0.03188,0.00255,0.00245,-0.00024,0.59688,-0.00064,0.12092,0.00083,0.70470,-0.00011,0.70950,1,1,0,0
1765409515.006050,-0.05707,0.03010,0.00615,-0.00247,-0.00050,-0.00083,0.59688,-0.00064,0.12092,0.00083,0.70470,-0.00011,0.70950,1,1,0,0
1765409515.008034,-0.03724,-0.07151,0.03949,-0.00151,-0.00038,0.00055,0.59714,-0.00065,0.12101,0.00083,0.70470,-0.00011,0.70951,1,1,0,0
1765409515.010038,-0.05560,-0.05614,-0.00681,0.00020,0.00020,-0.00029,0.59714,-0.00065,0.12101,0.00083,0.70470,-0.00011,0.70951,1,1,0,0
1765409515.012138,-0.00216,0.01234,0.03678,-0.00005,0.00218,0.00074,0.59714,-0.00065,0.12101,0.00083,0.70470,-0.00011,0.70951,1,1,0,0
1765409515.014066,-0.03581,0.09238,-0.01117,0.00026,0.00212,-0.00063,0.59714,-0.00065,0.12101,0.00083,0.70470,-0.00011,0.70951,1,1,0,0
1765409515.016116,-0.01908,0.03801,-0.03196,0.00004,0.00123,0.00083,0.59714,-0.00065,0.12101,0.00083,0.70470,-0.00011,0.70951,1,1,0,0
1765409515.018116,-0.03864,0.00144,0.02162,-0.00041,0.00172,-0.00071,0.59714,-0.00065,0.12101,0.00083,0.70470,-0.00011,0.70951,1,1,0,0
1765409515.020078,-0.01832,0.02836,-0.00926,-0.00008,0.00121,-0.00009,0.59714,-0.00065,0.12101,0.00083,0.70470,-0.00011,0.70951,1,1,0,0
1765409515.022042,-0.04413,0.00892,-0.00848,0.00012,0.00154,0.00048,0.59714,-0.00065,0.12101,0.00083,0.70470,-0.00011,0.70951,1,1,0,0
1765409515.024019,-0.04699,0.03570,-0.03196,-0.00130,0.00156,0.00033,0.59714,-0.00065,0.12101,0.00083,0.70470,-0.00011,0.70951,1,1,0,0
1765409515.026018,-0.04479,0.03827,0.00587,0.00048,0.00203,0.00048,0.59714,-0.00065,0.12101,0.00083,0.70470,-0.00011,0.70951,1,1,0,0
1765409515.028014,-0.01759,0.02768,-0.03969,-0.00096,0.00171,-0.00011,0.59714,-0.00065,0.12101,0.00083,0.70470,-0.00011,0.70951,1,1,0,0
1765409515.030030,0.01065,-0.00398,0.01469,0.00019,0.00052,0.00099,0.59719,-0.00065,0.12103,0.00083,0.70470,-0.00011,0.70951,1,1,0,0
1765409515.032010,-0.02267,0.01107,-0.00130,0.00015,0.00153,-0.00021,0.59719,-0.00065,0.12103,0.00083,0.70470,-0.00011,0.70951,1,1,0,0
1765409515.034028,-0.04324,-0.00619,0.00710,-0.00072,0.00167,0.00050,0.59723,-0.00064,0.12104,0.00083,0.70470,-0.00011,0.70951,1,1,0,0
1765409515.036037,-0.05739,0.03840,-0.02451,-0.00302,0.00116,-0.00033,0.59723,-0.00064,0.12104,0.00083,0.70470,-0.00011,0.70951,1,1,0,0
1765409515.038043,-0.03445,0.02745,0.01346,-0.00118,0.00254,-0.00006,0.59728,-0.00064,0.12106,0.00083,0.70470,-0.00011,0.70951,1,1,0,0
1765409515.040051,-0.00854,-0.00131,0.03713,-0.00109,0.00073,-0.00005,0.59728,-0.00064,0.12106,0.00083,0.70470,-0.00011,0.70951,1,1,0,0
1765409515.042061,-0.00985,-0.01642,-0.00820,0.00003,0.00152,-0.00008,0.59732,-0.00065,0.12107,0.00083,0.70470,-0.00011,0.70951,1,1,0,0
1765409515.044048,-0.06245,-0.00169,0.07557,-0.00154,-0.00040,-0.00009,0.59732,-0.00065,0.12107,0.00083,0.70470,-0.00011,0.70951,1,1,0,0
1765409515.046118,-0.06723,0.03943,-0.03203,-0.00148,0.00064,-0.00032,0.59737,-0.00064,0.12108,0.00083,0.70470,-0.00011,0.70950,1,1,0,0
1765409515.048054,-0.02324,-0.00416,0.02211,0.00018,0.00194,0.00062,0.59737,-0.00064,0.12108,0.00083,0.70470,-0.00011,0.70950,1,1,0,0
1765409515.050064,-0.04006,0.02137,-0.02440,0.00071,0.00172,-0.00048,0.59759,-0.00065,0.12115,0.00083,0.70470,-0.00011,0.70951,1,1,0,0
1765409515.052057,-0.01407,-0.01918,0.03750,-0.00022,0.00196,0.00023,0.59759,-0.00065,0.12115,0.00083,0.70470,-0.00011,0.70951,1,1,0,0
1765409515.054046,-0.04143,0.04313,-0.03222,-0.00231,0.00110,-0.00008,0.59759,-0.00065,0.12115,0.00083,0.70470,-0.00011,0.70951,1,1,0,0
1765409515.056065,-0.01366,-0.00303,0.02941,0.00020,0.00053,-0.00059,0.59759,-0.00065,0.12115,0.00083,0.70470,-0.00011,0.70951,1,1,0,0
1765409515.058040,-0.01265,0.05511,-0.05535,-0.00172,0.00075,0.00014,0.59759,-0.00065,0.12115,0.00083,0.70470,-0.00011,0.70951,1,1,0,0
1765409515.060044,-0.00980,0.00778,-0.00106,-0.00055,0.00176,0.00045,0.59759,-0.00065,0.12115,0.00083,0.70470,-0.00011,0.70951,1,1,0,0
1765409515.062077,-0.03904,0.00087,-0.00092,-0.00063,0.00212,0.00008,0.59759,-0.00065,0.12115,0.00083,0.70470,-0.00011,0.70951,1,1,0,0
1765409515.064057,-0.03199,-0.06298,0.03866,0.00100,0.00221,0.00026,0.59759,-0.00065,0.12115,0.00083,0.70470,-0.00011,0.70951,1,1,0,0
1765409515.066058,-0.02594,-0.00103,-0.03119,-0.00066,0.00095,-0.00009,0.59759,-0.00065,0.12115,0.00083,0.70470,-0.00011,0.70951,1,1,0,0
1765409515.068055,-0.00584,0.04095,0.04372,0.00008,0.00054,0.00021,0.59759,-0.00065,0.12115,0.00083,0.70470,-0.00011,0.70951,1,1,0,0
1765409515.070095,-0.03400,0.03307,-0.00955,-0.00112,0.00177,-0.00061,0.59763,-0.00065,0.12117,0.00083,0.70470,-0.00011,0.70951,1,1,0,0
1765409515.072065,-0.02723,-0.00191,0.02192,-0.00001,0.00236,0.00036,0.59763,-0.00065,0.12117,0.00083,0.70470,-0.00011,0.70951,1,1,0,0
1765409515.074095,-0.02982,0.02066,-0.03939,-0.00127,0.00148,-0.00010,0.59768,-0.00065,0.12118,0.00083,0.70469,-0.00011,0.70951,1,1,0,0
1765409515.076099,-0.01910,0.03733,0.00590,-0.00019,0.00211,0.00086,0.59768,-0.00065,0.12118,0.00083,0.70469,-0.00011,0.70951,1,1,0,0
1765409515.078073,-0.01724,0.03776,-0.02445,-0.00149,0.00107,0.00044,0.59772,-0.00065,0.12120,0.00083,0.70469,-0.00011,0.70951,1,1,0,0
1765409515.080061,-0.02194,-0.00398,0.03743,-0.00091,0.00129,0.00064,0.59772,-0.00065,0.12120,0.00083,0.70469,-0.00011,0.70951,1,1,0,0
1765409515.082067,-0.03863,0.00128,-0.00842,-0.00085,0.00148,0.00008,0.59777,-0.00065,0.12121,0.00083,0.70469,-0.00011,0.70951,1,1,0,0
1765409515.084102,-0.04188,0.00177,-0.01618,0.00222,0.00202,0.00007,0.59777,-0.00065,0.12121,0.00083,0.70469,-0.00011,0.70951,1,1,0,0
1765409515.086095,-0.06421,0.02165,-0.01646,-0.00060,0.00151,-0.00004,0.59781,-0.00065,0.12123,0.00083,0.70469,-0.00011,0.70952,1,1,0,0
1765409515.088089,-0.02458,0.01105,-0.01627,0.00146,0.00182,0.00059,0.59781,-0.00065,0.12123,0.00083,0.70469,-0.00011,0.70952,1,1,0,0
1765409515.090106,-0.02102,0.02087,-0.00155,-0.00126,0.00111,-0.00048,0.59786,-0.00065,0.12125,0.00083,0.70468,-0.00011,0.70952,1,1,0,0
1765409515.092080,-0.03449,-0.00548,0.01464,-0.00049,0.00067,0.00010,0.59799,-0.00065,0.12130,0.00083,0.70468,-0.00011,0.70953,1,1,0,0
1765409515.094808,-0.05289,-0.00154,0.00661,0.00043,0.00292,-0.00004,0.59799,-0.00065,0.12130,0.00083,0.70468,-0.00011,0.70953,1,1,0,0
1765409515.096063,-0.01452,0.05400,0.01287,-0.00064,0.00267,0.00059,0.59799,-0.00065,0.12130,0.00083,0.70468,-0.00011,0.70953,1,1,0,0
1765409515.098085,-0.05165,-0.00089,-0.03116,-0.00044,0.00164,-0.00006,0.59799,-0.00065,0.12130,0.00083,0.70468,-0.00011,0.70953,1,1,0,0
1765409515.100085,-0.05813,-0.01992,0.04560,-0.00198,0.00046,0.00015,0.59799,-0.00065,0.12130,0.00083,0.70468,-0.00011,0.70953,1,1,0,0
1765409515.102086,-0.01314,-0.00434,0.00665,-0.00091,0.00168,-0.00020,0.59799,-0.00065,0.12130,0.00083,0.70468,-0.00011,0.70953,1,1,0,0
1765409515.104084,-0.03394,0.06219,0.00518,-0.00186,0.00188,0.00020,0.59799,-0.00065,0.12130,0.00083,0.70468,-0.00011,0.70953,1,1,0,0
1765409515.106075,-0.05731,0.03127,-0.03978,0.00082,0.00218,-0.00035,0.59803,-0.00065,0.12131,0.00083,0.70468,-0.00011,0.70953,1,1,0,0
1765409515.108083,-0.03875,0.00171,0.00665,-0.00041,0.00122,-0.00031,0.59803,-0.00065,0.12131,0.00083,0.70468,-0.00011,0.70953,1,1,0,0
1765409515.110075,-0.00893,-0.04065,-0.00009,-0.00026,0.00102,-0.00061,0.59808,-0.00065,0.12132,0.00083,0.70468,-0.00011,0.70952,1,1,0,0
1765409515.112087,-0.04661,-0.00285,0.03732,-0.00090,0.00081,-0.00014,0.59808,-0.00065,0.12132,0.00083,0.70468,-0.00011,0.70952,1,1,0,0
1765409515.114071,-0.02561,0.03265,-0.03982,-0.00134,0.00180,-0.00024,0.59812,-0.00065,0.12133,0.00083,0.70468,-0.00011,0.70952,1,1,0,0
1765409515.116090,-0.05825,0.01888,0.03677,-0.00216,0.00131,-0.00014,0.59812,-0.00065,0.12133,0.00083,0.70468,-0.00011,0.70952,1,1,0,0
1765409515.118073,-0.02656,-0.00082,-0.03861,-0.00022,0.00071,0.00031,0.59817,-0.00065,0.12135,0.00083,0.70468,-0.00011,0.70952,1,1,0,0
1765409515.120102,-0.04523,0.04153,-0.01686,-0.00233,0.00013,-0.00020,0.59817,-0.00065,0.12135,0.00083,0.70468,-0.00011,0.70952,1,1,0,0
1765409515.122112,-0.00100,0.00301,0.03696,-0.00060,0.00140,0.00021,0.59821,-0.00065,0.12136,0.00083,0.70468,-0.00011,0.70952,1,1,0,0
1765409515.124123,-0.00952,0.01356,-0.01646,-0.00026,0.00086,-0.00010,0.59821,-0.00065,0.12136,0.00083,0.70468,-0.00011,0.70952,1,1,0,0
1765409515.126106,-0.01797,-0.00114,0.02191,-0.00022,0.00110,-0.00005,0.59844,-0.00065,0.12144,0.00083,0.70468,-0.00011,0.70953,1,1,0,0
1765409515.128108,-0.03055,-0.00347,-0.02361,-0.00025,0.00125,-0.00021,0.59844,-0.00065,0.12144,0.00083,0.70468,-0.00011,0.70953,1,1,0,0
1765409515.130130,-0.04712,0.04537,0.02838,-0.00119,0.00205,0.00010,0.59844,-0.00065,0.12144,0.00083,0.70468,-0.00011,0.70953,1,1,0,0
1765409515.132111,-0.04722,0.03640,-0.03186,-0.00086,0.00080,0.00033,0.59844,-0.00065,0.12144,0.00083,0.70468,-0.00011,0.70953,1,1,0,0
1765409515.134107,-0.05787,0.06644,-0.04048,0.00125,0.00140,-0.00009,0.59844,-0.00065,0.12144,0.00083,0.70468,-0.00011,0.70953,1,1,0,0
1765409515.136194,-0.06419,0.00257,-0.02357,-0.00018,0.00089,-0.00031,0.59844,-0.00065,0.12144,0.00083,0.70468,-0.00011,0.70953,1,1,0,0
1765409515.138113,-0.02632,0.00843,-0.00851,-0.00076,0.00133,0.00047,0.59844,-0.00065,0.12144,0.00083,0.70468,-0.00011,0.70953,1,1,0,0
1765409515.140104,-0.03481,-0.04542,0.02326,-0.00032,0.00134,0.00038,0.59844,-0.00065,0.12144,0.00083,0.70468,-0.00011,0.70953,1,1,0,0
1765409515.142120,-0.01670,0.01253,-0.04689,-0.00180,0.00184,-0.00011,0.59844,-0.00065,0.12144,0.00083,0.70468,-0.00011,0.70953,1,1,0,0
1765409515.144114,-0.03169,-0.02302,-0.00051,0.00104,0.00166,-0.00046,0.59844,-0.00065,0.12144,0.00083,0.70468,-0.00011,0.70953,1,1,0,0
1765409515.146101,-0.04175,0.03792,-0.03211,-0.00215,0.00149,0.00005,0.59848,-0.00065,0.12145,0.00083,0.70468,-0.00011,0.70953,1,1,0,0
1765409515.148142,-0.01945,0.03353,0.01347,0.00086,0.00122,0.00020,0.59848,-0.00065,0.12145,0.00083,0.70468,-0.00011,0.70953,1,1,0,0
1765409515.150115,-0.03557,0.03818,-0.03966,-0.00018,0.00155,0.00044,0.59852,-0.00065,0.12147,0.00083,0.70467,-0.00011,0.70953,1,1,0,0
1765409515.152121,0.00175,-0.01982,0.02230,0.00043,0.00241,0.00060,0.59852,-0.00065,0.12147,0.00083,0.70467,-0.00011,0.70953,1,1,0,0
1765409515.154113,-0.01693,0.01339,-0.01676,-0.00092,0.00132,-0.00090,0.59857,-0.00065,0.12148,0.00083,0.70467,-0.00011,0.70953,1,1,0,0
1765409515.156132,-0.05295,0.00020,-0.04628,0.00110,0.00076,-0.00007,0.59857,-0.00065,0.12148,0.00083,0.70467,-0.00011,0.70953,1,1,0,0
1765409515.158128,-0.01753,0.02840,-0.00142,-0.00095,0.00070,0.00033,0.59861,-0.00065,0.12150,0.00083,0.70467,-0.00011,0.70953,1,1,0,0
1765409515.160164,-0.03937,0.01175,-0.00839,-0.00028,0.00073,0.00062,0.59861,-0.00065,0.12150,0.00083,0.70467,-0.00011,0.70953,1,1,0,0
1765409515.162130,-0.00534,0.01497,0.01356,-0.00046,0.00220,-0.00035,0.59888,-0.00065,0.12158,0.00084,0.70467,-0.00011,0.70953,1,1,0,0
1765409515.164129,-0.03423,0.02795,-0.00146,-0.00140,0.00166,0.00034,0.59888,-0.00065,0.12158,0.00084,0.70467,-0.00011,0.70953,1,1,0,0
1765409515.166137,-0.05205,-0.02978,-0.01515,0.00030,0.00103,-0.00004,0.59888,-0.00065,0.12158,0.00084,0.70467,-0.00011,0.70953,1,1,0,0
1765409515.168139,-0.03747,0.03153,-0.02417,-0.00179,0.00017,0.00006,0.59888,-0.00065,0.12158,0.00084,0.70467,-0.00011,0.70953,1,1,0,0
1765409515.170197,-0.03101,0.02079,0.02888,-0.00017,0.00187,-0.00004,0.59888,-0.00065,0.12158,0.00084,0.70467,-0.00011,0.70953,1,1,0,0
1765409515.172200,-0.02126,0.03941,0.02824,-0.00169,0.00250,-0.00019,0.59888,-0.00065,0.12158,0.00084,0.70467,-0.00011,0.70953,1,1,0,0
1765409515.174158,-0.03692,-0.00171,0.01409,0.00130,0.00298,-0.00005,0.59888,-0.00065,0.12158,0.00084,0.70467,-0.00011,0.70953,1,1,0,0
1765409515.176144,-0.04612,0.00139,0.02965,-0.00172,0.00131,0.00012,0.59888,-0.00065,0.12158,0.00084,0.70467,-0.00011,0.70953,1,1,0,0
1765409515.178142,-0.02974,0.01589,-0.02399,-0.00132,0.00123,0.00005,0.59888,-0.00065,0.12158,0.00084,0.70467,-0.00011,0.70953,1,1,0,0
1765409515.180162,-0.03112,0.07932,0.01986,-0.00077,0.00234,0.00033,0.59888,-0.00065,0.12158,0.00084,0.70467,-0.00011,0.70953,1,1,0,0
1765409515.182149,-0.02796,0.02708,0.01379,-0.00009,0.00287,0.00115,0.59888,-0.00065,0.12158,0.00084,0.70467,-0.00011,0.70953,1,1,0,0
1765409515.184150,-0.03221,-0.00331,-0.02371,0.00128,0.00165,-0.00021,0.59888,-0.00065,0.12158,0.00084,0.70467,-0.00011,0.70953,1,1,0,0
1765409515.186136,-0.01354,-0.03317,0.01490,0.00005,0.00119,-0.00059,0.59888,-0.00065,0.12158,0.00084,0.70467,-0.00011,0.70953,1,1,0,0
1765409515.188147,-0.03828,0.02200,-0.03140,-0.00103,-0.00006,0.00033,0.59893,-0.00065,0.12160,0.00083,0.70467,-0.00011,0.70953,1,1,0,0
1765409515.190156,-0.03026,0.02580,-0.01680,-0.00077,0.00148,-0.00021,0.59897,-0.00065,0.12161,0.00084,0.70468,-0.00011,0.70953,1,1,0,0
1765409515.192151,-0.04275,0.04844,-0.02468,-0.00115,0.00098,0.00019,0.59897,-0.00065,0.12161,0.00084,0.70468,-0.00011,0.70953,1,1,0,0
1765409515.194161,-0.00987,-0.00730,-0.00073,-0.00051,0.00216,0.00046,0.59897,-0.00065,0.12161,0.00084,0.70468,-0.00011,0.70953,1,1,0,0
1765409515.196190,-0.06131,-0.00341,0.00740,-0.00353,0.00075,0.00066,0.59901,-0.00065,0.12162,0.00083,0.70468,-0.00011,0.70953,1,1,0,0
1765409515.198174,0.01082,0.00948,-0.01643,-0.00030,0.00215,0.00055,0.59901,-0.00065,0.12162,0.00083,0.70468,-0.00011,0.70953,1,1,0,0
1765409515.200178,-0.04722,0.00302,-0.00815,-0.00017,-0.00032,0.00009,0.59906,-0.00065,0.12164,0.00083,0.70468,-0.00011,0.70953,1,1,0,0
1765409515.202198,-0.00626,-0.00919,-0.01588,0.00034,0.00161,0.00031,0.59928,-0.00065,0.12172,0.00083,0.70467,-0.00011,0.70953,1,1,0,0
1765409515.204178,-0.05615,0.02235,-0.00102,-0.00016,0.00041,0.00037,0.59928,-0.00065,0.12172,0.00083,0.70467,-0.00011,0.70953,1,1,0,0
1765409515.206181,-0.00151,0.00246,-0.00909,0.00004,0.00254,-0.00064,0.59928,-0.00065,0.12172,0.00083,0.70467,-0.00011,0.70953,1,1,0,0
1765409515.208178,-0.02639,0.04285,-0.01670,-0.00121,0.00106,0.00112,0.59928,-0.00065,0.12172,0.00083,0.70467,-0.00011,0.70953,1,1,0,0
1765409515.210192,0.01198,0.03990,-0.00214,-0.00081,0.00108,-0.00025,0.59928,-0.00065,0.12172,0.00083,0.70467,-0.00011,0.70953,1,1,0,0
1765409515.212190,-0.03153,-0.00210,-0.04644,0.00130,0.00012,-0.00063,0.59928,-0.00065,0.12172,0.00083,0.70467,-0.00011,0.70953,1,1,0,0
1765409515.214178,-0.01485,-0.02429,0.01482,0.00038,0.00236,0.00034,0.59928,-0.00065,0.12172,0.00083,0.70467,-0.00011,0.70953,1,1,0,0
1765409515.216165,-0.02228,0.03045,0.01385,-0.00093,0.00127,0.00088,0.59928,-0.00065,0.12172,0.00083,0.70467,-0.00011,0.70953,1,1,0,0
1765409515.218164,-0.06667,0.01977,0.06730,-0.00194,0.00052,-0.00010,0.59928,-0.00065,0.12172,0.00083,0.70467,-0.00011,0.70953,1,1,0,0
1765409515.220174,-0.07893,0.01274,0.01425,-0.00202,0.00042,-0.00053,0.59928,-0.00065,0.12172,0.00083,0.70467,-0.00011,0.70953,1,1,0,0
1765409515.222169,-0.02267,0.02090,-0.00891,-0.00017,0.00127,0.00032,0.59928,-0.00065,0.12172,0.00083,0.70467,-0.00011,0.70953,1,1,0,0
1765409515.224188,-0.00940,-0.00655,0.01424,-0.00028,0.00150,-0.00034,0.59933,-0.00065,0.12173,0.00084,0.70467,-0.00011,0.70953,1,1,0,0
1765409515.226179,-0.01460,0.02531,0.00616,-0.00011,0.00168,0.00059,0.59933,-0.00065,0.12173,0.00084,0.70467,-0.00011,0.70953,1,1,0,0
1765409515.228201,-0.05203,0.04925,0.01282,0.00039,0.00120,-0.00098,0.59937,-0.00065,0.12175,0.00083,0.70467,-0.00011,0.70953,1,1,0,0
1765409515.230183,-0.04774,0.00093,0.02204,-0.00063,0.00223,0.00051,0.59937,-0.00065,0.12175,0.00083,0.70467,-0.00011,0.70953,1,1,0,0
1765409515.232193,-0.01928,-0.03558,0.01534,0.00089,0.00128,0.00049,0.59942,-0.00065,0.12176,0.00084,0.70467,-0.00011,0.70954,1,1,0,0
1765409515.234181,-0.01765,0.04362,-0.01693,-0.00077,0.00018,0.00031,0.59942,-0.00065,0.12176,0.00084,0.70467,-0.00011,0.70954,1,1,0,0
1765409515.236201,-0.01914,0.02386,-0.02444,0.00096,0.00109,-0.00037,0.59946,-0.00065,0.12178,0.00084,0.70467,-0.00011,0.70954,1,1,0,0
1765409515.238191,-0.03035,0.01866,0.05209,-0.00435,-0.00004,-0.00015,0.59946,-0.00065,0.12178,0.00084,0.70467,-0.00011,0.70954,1,1,0,0
1765409515.240201,-0.03603,-0.00074,0.02208,0.00066,0.00132,0.00037,0.59951,-0.00065,0.12179,0.00083,0.70467,-0.00011,0.70954,1,1,0,0
1765409515.242201,-0.03528,0.00806,-0.00895,-0.00011,0.00257,-0.00034,0.59951,-0.00065,0.12179,0.00083,0.70467,-0.00011,0.70954,1,1,0,0
1765409515.244202,-0.03105,-0.00847,0.00690,0.00013,0.00152,-0.00005,0.59977,-0.00065,0.12188,0.00083,0.70466,-0.00011,0.70954,1,1,0,0
1765409515.246214,-0.04666,0.04180,-0.04767,-0.00058,0.00064,-0.00103,0.59977,-0.00065,0.12188,0.00083,0.70466,-0.00011,0.70954,1,1,0,0
1765409515.248210,-0.03039,0.02530,-0.00893,-0.00121,0.00175,0.00060,0.59977,-0.00065,0.12188,0.00083,0.70466,-0.00011,0.70954,1,1,0,0
1765409515.250201,-0.03579,0.02891,-0.03921,0.00015,0.00080,0.00072,0.59982,-0.00065,0.12190,0.00083,0.70466,-0.00011,0.70954,1,1,0,0
1765409515.252235,-0.02711,0.01336,-0.01653,0.00017,0.00183,-0.00008,0.59982,-0.00065,0.12190,0.00083,0.70466,-0.00011,0.70954,1,1,0,0
1765409515.254246,-0.02305,-0.00352,-0.01611,0.00063,0.00142,-0.00021,0.59982,-0.00065,0.12190,0.00083,0.70466,-0.00011,0.70954,1,1,0,0
1765409515.256237,-0.02675,0.01352,0.02186,-0.00048,0.00121,0.00076,0.59982,-0.00065,0.12190,0.00083,0.70466,-0.00011,0.70954,1,1,0,0
1765409515.258212,-0.03815,0.00062,-0.00089,-0.00151,0.00211,0.00008,0.59982,-0.00065,0.12190,0.00083,0.70466,-0.00011,0.70954,1,1,0,0
1765409515.260224,-0.00185,0.04731,0.02834,-0.00028,0.00151,0.00059,0.59982,-0.00065,0.12190,0.00083,0.70466,-0.00011,0.70954,1,1,0,0
1765409515.262208,-0.02666,0.00327,-0.01616,-0.00038,0.00184,0.00019,0.59982,-0.00065,0.12190,0.00083,0.70466,-0.00011,0.70954,1,1,0,0
1765409515.264205,-0.03217,0.02093,-0.02434,0.00092,0.00202,-0.00009,0.59982,-0.00065,0.12190,0.00083,0.70466,-0.00011,0.70954,1,1,0,0
1765409515.266207,-0.01981,0.06961,0.03565,-0.00329,0.00082,0.00062,0.59982,-0.00065,0.12190,0.00083,0.70466,-0.00011,0.70954,1,1,0,0
1765409515.268202,-0.03480,0.05818,-0.00974,-0.00081,0.00101,0.00033,0.59982,-0.00065,0.12190,0.00083,0.70466,-0.00011,0.70954,1,1,0,0
1765409515.270197,-0.01767,-0.02154,0.00720,-0.00068,0.00175,0.00007,0.59982,-0.00065,0.12190,0.00083,0.70466,-0.00011,0.70954,1,1,0,0
1765409515.272205,-0.01824,-0.03101,-0.02297,0.00007,0.00151,-0.00008,0.59986,-0.00065,0.12191,0.00084,0.70466,-0.00011,0.70954,1,1,0,0
1765409515.274205,-0.02756,-0.01580,0.02259,0.00048,0.00124,0.00077,0.59986,-0.00065,0.12191,0.00084,0.70466,-0.00011,0.70954,1,1,0,0
1765409515.276221,-0.02565,0.09137,-0.05641,-0.00194,0.00201,0.00013,0.59991,-0.00065,0.12193,0.00083,0.70466,-0.00011,0.70955,1,1,0,0
1765409515.278235,-0.01794,0.02797,-0.01671,-0.00074,0.00134,0.00031,0.59991,-0.00065,0.12193,0.00083,0.70466,-0.00011,0.70955,1,1,0,0
1765409515.280248,-0.03759,0.01206,-0.03895,-0.00137,0.00006,-0.00021,0.59995,-0.00065,0.12195,0.00084,0.70466,-0.00011,0.70955,1,1,0,0
1765409515.282303,-0.02775,-0.06027,0.00073,0.00103,0.00165,0.00036,0.59995,-0.00065,0.12195,0.00084,0.70466,-0.00011,0.70955,1,1,0,0
1765409515.284214,-0.00868,0.04725,-0.02488,-0.00160,0.00134,0.00016,0.59995,-0.00065,0.12195,0.00084,0.70466,-0.00011,0.70955,1,1,0,0
1765409515.286257,-0.02324,0.05901,0.01286,-0.00058,0.00278,0.00086,0.59995,-0.00065,0.12195,0.00084,0.70466,-0.00011,0.70955,1,1,0,0
1765409515.288254,-0.05318,0.03437,-0.05488,0.00108,0.00124,-0.00023,0.60000,-0.00065,0.12196,0.00083,0.70466,-0.00011,0.70955,1,1,0,0
1765409515.290364,0.00389,0.02103,-0.01642,-0.00104,-0.00006,0.00030,0.60018,-0.00065,0.12202,0.00084,0.70465,-0.00011,0.70955,1,1,0,0
1765409515.292261,-0.02685,-0.04487,-0.01486,0.00056,0.00074,-0.00006,0.60018,-0.00065,0.12202,0.00084,0.70465,-0.00011,0.70955,1,1,0,0
1765409515.294252,-0.01115,0.04217,0.03603,0.00031,0.00226,0.00074,0.60018,-0.00065,0.12202,0.00084,0.70465,-0.00011,0.70955,1,1,0,0
1765409515.296247,-0.04896,0.02076,0.01399,0.00026,0.00236,0.00077,0.60018,-0.00065,0.12202,0.00084,0.70465,-0.00011,0.70955,1,1,0,0
1765409515.298238,-0.01732,0.04265,-0.00205,-0.00122,0.00144,-0.00009,0.60018,-0.00065,0.12202,0.00084,0.70465,-0.00011,0.70955,1,1,0,0
1765409515.300246,-0.03890,-0.01728,-0.00788,0.00002,0.00035,-0.00018,0.60018,-0.00065,0.12202,0.00084,0.70465,-0.00011,0.70955,1,1,0,0
1765409515.302243,-0.01656,0.03271,-0.04719,-0.00199,0.00106,0.00015,0.60018,-0.00065,0.12202,0.00084,0.70465,-0.00011,0.70955,1,1,0,0
1765409515.304259,-0.03702,0.01839,0.01394,0.00111,0.00221,0.00062,0.60022,-0.00065,0.12203,0.00084,0.70465,-0.00011,0.70955,1,1,0,0
1765409515.306241,-0.07238,0.01636,-0.00889,-0.00089,0.00225,-0.00030,0.60022,-0.00065,0.12203,0.00084,0.70465,-0.00011,0.70955,1,1,0,0
1765409515.308258,-0.03168,-0.04507,0.00783,-0.00031,0.00385,0.00090,0.60027,-0.00065,0.12205,0.00084,0.70465,-0.00011,0.70955,1,1,0,0
1765409515.310256,-0.02161,-0.01787,-0.02315,-0.00042,0.00040,-0.00021,0.60027,-0.00065,0.12205,0.00084,0.70465,-0.00011,0.70955,1,1,0,0
1765409515.312258,-0.03876,0.02197,0.02949,-0.00081,0.00007,0.00078,0.60031,-0.00065,0.12206,0.00084,0.70465,-0.00011,0.70955,1,1,0,0
1765409515.314251,0.00253,0.04919,-0.00990,-0.00048,0.00209,0.00029,0.60031,-0.00065,0.12206,0.00084,0.70465,-0.00011,0.70955,1,1,0,0
1765409515.316266,-0.01947,0.01295,0.02149,0.00061,0.00225,0.00034,0.60035,-0.00065,0.12208,0.00084,0.70465,-0.00011,0.70955,1,1,0,0
1765409515.318247,-0.03443,0.04796,-0.00958,-0.00115,0.00139,0.00019,0.60035,-0.00065,0.12208,0.00084,0.70465,-0.00011,0.70955,1,1,0,0
1765409515.320259,-0.03040,-0.00304,0.00684,-0.00024,0.00074,-0.00019,0.60040,-0.00065,0.12209,0.00083,0.70465,-0.00011,0.70955,1,1,0,0
1765409515.322289,-0.03717,0.02105,-0.03146,-0.00235,0.00069,0.00033,0.60040,-0.00065,0.12209,0.00083,0.70465,-0.00011,0.70955,1,1,0,0
1765409515.324291,-0.01336,0.00488,-0.02385,-0.00124,0.00219,0.00031,0.60062,-0.00065,0.12216,0.00084,0.70465,-0.00011,0.70955,1,1,0,0
1765409515.326241,-0.05224,0.00875,-0.03143,-0.00010,0.00202,0.00007,0.60062,-0.00065,0.12216,0.00084,0.70465,-0.00011,0.70955,1,1,0,0
1765409515.328262,-0.00200,0.00231,0.01399,0.00004,0.00256,0.00019,0.60062,-0.00065,0.12216,0.00084,0.70465,-0.00011,0.70955,1,1,0,0
1765409515.330245,-0.04342,0.03434,-0.05462,-0.00023,0.00037,0.00017,0.60062,-0.00065,0.12216,0.00084,0.70465,-0.00011,0.70955,1,1,0,0
1765409515.332271,-0.03817,0.00183,-0.04627,-0.00106,0.00059,0.00005,0.60062,-0.00065,0.12216,0.00084,0.70465,-0.00011,0.70955,1,1,0,0
1765409515.334285,-0.03888,0.01681,-0.04667,-0.00044,0.00058,0.00005,0.60062,-0.00065,0.12216,0.00084,0.70465,-0.00011,0.70955,1,1,0,0
1765409515.336289,-0.00193,-0.00750,-0.01600,-0.00008,0.00232,0.00044,0.60062,-0.00065,0.12216,0.00084,0.70465,-0.00011,0.70955,1,1,0,0
1765409515.338291,-0.02178,0.03064,0.01355,-0.00093,0.00125,0.00007,0.60062,-0.00065,0.12216,0.00084,0.70465,-0.00011,0.70955,1,1,0,0
1765409515.340274,0.00725,-0.00258,0.05202,-0.00045,0.00219,-0.00006,0.60062,-0.00065,0.12216,0.00084,0.70465,-0.00011,0.70955,1,1,0,0
1765409515.342276,-0.03024,0.00097,-0.00089,-0.00085,0.00163,0.00007,0.60062,-0.00065,0.12216,0.00084,0.70465,-0.00011,0.70955,1,1,0,0
1765409515.344283,-0.03688,0.01875,-0.00118,0.00111,0.00170,0.00061,0.60066,-0.00065,0.12218,0.00083,0.70465,-0.00011,0.70955,1,1,0,0
1765409515.346273,-0.03771,0.02159,0.01414,-0.00169,0.00031,0.00036,0.60066,-0.00065,0.12218,0.00083,0.70465,-0.00011,0.70955,1,1,0,0
1765409515.348280,-0.05991,0.01525,0.02203,-0.00046,0.00008,0.00039,0.60071,-0.00065,0.12220,0.00083,0.70465,-0.00011,0.70955,1,1,0,0
1765409515.350280,-0.02341,0.00041,-0.03908,0.00045,0.00257,0.00003,0.60071,-0.00065,0.12220,0.00083,0.70465,-0.00011,0.70955,1,1,0,0
1765409515.352334,-0.05642,0.02036,0.02902,-0.00062,0.00295,0.00038,0.60075,-0.00065,0.12221,0.00084,0.70465,-0.00011,0.70956,1,1,0,0
1765409515.354366,-0.02607,0.00354,-0.00848,-0.00082,0.00133,0.00020,0.60075,-0.00065,0.12221,0.00084,0.70465,-0.00011,0.70956,1,1,0,0
1765409515.356292,-0.05478,0.03642,0.02878,-0.00151,0.00100,-0.00002,0.60080,-0.00065,0.12223,0.00084,0.70465,-0.00011,0.70956,1,1,0,0
1765409515.358281,-0.02568,-0.00099,-0.02357,-0.00087,0.00081,-0.00008,0.60080,-0.00065,0.12223,0.00084,0.70465,-0.00011,0.70956,1,1,0,0
1765409515.360295,-0.02192,0.04008,-0.00172,-0.00125,0.00151,0.00059,0.60080,-0.00065,0.12223,0.00084,0.70465,-0.00011,0.70956,1,1,0,0
1765409515.362309,-0.00128,-0.00684,0.00639,0.00015,0.00191,-0.00076,0.60102,-0.00065,0.12231,0.00083,0.70464,-0.00011,0.70957,1,1,0,0
1765409515.364275,-0.05240,0.01462,-0.03908,0.00041,0.00100,-0.00007,0.60102,-0.00065,0.12231,0.00083,0.70464,-0.00011,0.70957,1,1,0,0
1765409515.366299,-0.01825,0.02090,-0.00857,-0.00410,-0.00030,0.00033,0.60102,-0.00065,0.12231,0.00083,0.70464,-0.00011,0.70957,1,1,0,0
1765409515.368311,-0.04897,0.01588,-0.00137,0.00064,0.00260,0.00008,0.60102,-0.00065,0.12231,0.00083,0.70464,-0.00011,0.70957,1,1,0,0
1765409515.370302,-0.02607,-0.02609,0.00710,-0.00030,0.00184,-0.00059,0.60102,-0.00065,0.12231,0.00083,0.70464,-0.00011,0.70957,1,1,0,0
1765409515.372297,-0.04643,-0.00302,0.02971,-0.00112,0.00093,-0.00015,0.60102,-0.00065,0.12231,0.00083,0.70464,-0.00011,0.70957,1,1,0,0
1765409515.374297,-0.01850,0.01862,-0.00907,0.00024,0.00122,-0.00022,0.60102,-0.00065,0.12231,0.00083,0.70464,-0.00011,0.70957,1,1,0,0
1765409515.376310,-0.01815,0.05713,0.00542,-0.00104,0.00170,0.00072,0.60102,-0.00065,0.12231,0.00083,0.70464,-0.00011,0.70957,1,1,0,0
1765409515.378303,-0.00948,0.01796,-0.00136,-0.00064,0.00137,0.00018,0.60102,-0.00065,0.12231,0.00083,0.70464,-0.00011,0.70957,1,1,0,0
1765409515.380326,-0.02628,0.04258,-0.00172,-0.00122,0.00156,0.00073,0.60107,-0.00065,0.12233,0.00084,0.70464,-0.00011,0.70957,1,1,0,0
1765409515.382286,-0.03062,0.01626,0.01379,-0.00023,0.00136,-0.00032,0.60107,-0.00065,0.12233,0.00084,0.70464,-0.00011,0.70957,1,1,0,0
1765409515.384299,-0.03864,0.01124,-0.00878,-0.00073,0.00147,-0.00020,0.60111,-0.00065,0.12234,0.00083,0.70464,-0.00011,0.70957,1,1,0,0
1765409515.386299,-0.01919,-0.01601,0.01459,0.00091,0.00163,-0.00006,0.60111,-0.00065,0.12234,0.00083,0.70464,-0.00011,0.70957,1,1,0,0
1765409515.388313,-0.03936,0.03525,-0.01673,-0.00087,0.00198,0.00073,0.60115,-0.00065,0.12235,0.00084,0.70464,-0.00011,0.70957,1,1,0,0
1765409515.390320,0.00366,0.01472,0.00650,-0.00155,0.00148,0.00085,0.60115,-0.00065,0.12235,0.00084,0.70464,-0.00011,0.70957,1,1,0,0
1765409515.392323,-0.01343,0.02581,-0.00127,-0.00098,0.00065,0.00059,0.60120,-0.00065,0.12237,0.00083,0.70463,-0.00011,0.70957,1,1,0,0
1765409515.394334,-0.00714,-0.01873,0.01449,0.00154,0.00187,-0.00021,0.60120,-0.00065,0.12237,0.00083,0.70463,-0.00011,0.70957,1,1,0,0
1765409515.396336,-0.08931,0.07598,-0.03273,-0.00148,0.00166,0.00049,0.60147,-0.00065,0.12246,0.00084,0.70463,-0.00011,0.70957,1,1,0,0
1765409515.398327,-0.02388,0.03945,-0.01715,0.00027,0.00293,0.00058,0.60147,-0.00065,0.12246,0.00084,0.70463,-0.00011,0.70957,1,1,0,0
1765409515.400322,-0.05213,-0.00767,0.02238,-0.00336,-0.00001,-0.00041,0.60147,-0.00065,0.12246,0.00084,0.70463,-0.00011,0.70957,1,1,0,0
1765409515.402324,-0.00608,-0.02417,-0.01570,0.00038,0.00199,-0.00009,0.60147,-0.00065,0.12246,0.00084,0.70463,-0.00011,0.70957,1,1,0,0
1765409515.404317,-0.03860,0.01680,-0.03128,-0.00088,0.00033,0.00046,0.60147,-0.00065,0.12246,0.00084,0.70463,-0.00011,0.70957,1,1,0,0
1765409515.406335,-0.02700,0.02791,-0.00934,-0.00009,0.00207,-0.00008,0.60147,-0.00065,0.12246,0.00084,0.70463,-0.00011,0.70957,1,1,0,0
1765409515.408328,-0.07427,0.01710,-0.04671,0.00087,0.00177,0.00007,0.60147,-0.00065,0.12246,0.00084,0.70463,-0.00011,0.70957,1,1,0,0
1765409515.410315,-0.00174,0.00232,-0.00118,-0.00017,0.00243,0.00018,0.60147,-0.00065,0.12246,0.00084,0.70463,-0.00011,0.70957,1,1,0,0
1765409515.412323,-0.06459,0.00082,0.01498,-0.00348,-0.00126,0.00000,0.60147,-0.00065,0.12246,0.00084,0.70463,-0.00011,0.70957,1,1,0,0
1765409515.414355,-0.03227,-0.01844,-0.01562,0.00110,0.00193,0.00020,0.60147,-0.00065,0.12246,0.00084,0.70463,-0.00011,0.70957,1,1,0,0
1765409515.416318,-0.04004,-0.01724,-0.04557,0.00068,0.00025,0.00060,0.60147,-0.00065,0.12246,0.00084,0.70463,-0.00011,0.70957,1,1,0,0
1765409515.418343,-0.00596,0.02008,-0.00907,-0.00018,0.00183,0.00031,0.60147,-0.00065,0.12246,0.00084,0.70463,-0.00011,0.70957,1,1,0,0
1765409515.420346,-0.05552,0.04637,-0.04757,-0.00074,0.00113,-0.00035,0.60147,-0.00065,0.12246,0.00084,0.70463,-0.00011,0.70957,1,1,0,0
1765409515.422344,-0.02317,0.04438,0.01309,-0.00032,0.00278,0.00046,0.60151,-0.00065,0.12248,0.00084,0.70463,-0.00011,0.70957,1,1,0,0
1765409515.424325,-0.01226,0.01027,-0.00888,-0.00183,0.00153,-0.00022,0.60155,-0.00065,0.12249,0.00083,0.70463,-0.00011,0.70957,1,1,0,0
1765409515.426343,-0.00081,-0.00712,0.02971,-0.00094,0.00154,0.00048,0.60155,-0.00065,0.12249,0.00083,0.70463,-0.00011,0.70957,1,1,0,0
1765409515.428338,-0.01384,-0.00425,-0.00098,-0.00026,0.00181,-0.00021,0.60160,-0.00065,0.12250,0.00084,0.70464,-0.00011,0.70957,1,1,0,0
1765409515.430341,-0.04339,0.03448,0.03653,-0.00023,0.00036,0.00025,0.60160,-0.00065,0.12250,0.00084,0.70464,-0.00011,0.70957,1,1,0,0
1765409515.432346,-0.03913,0.02679,-0.00907,-0.00010,0.00070,-0.00020,0.60160,-0.00065,0.12250,0.00084,0.70464,-0.00011,0.70957,1,1,0,0
1765409515.434422,-0.00936,0.04234,-0.00178,-0.00122,0.00135,0.00071,0.60160,-0.00065,0.12250,0.00084,0.70464,-0.00011,0.70957,1,1,0,0
1765409515.436357,-0.03408,-0.02124,-0.00029,-0.00112,0.00169,0.00009,0.60160,-0.00065,0.12250,0.00084,0.70464,-0.00011,0.70957,1,1,0,0
1765409515.438367,-0.00816,0.02253,-0.02428,-0.00190,0.00135,0.00003,0.60160,-0.00065,0.12250,0.00084,0.70464,-0.00011,0.70957,1,1,0,0
1765409515.440357,-0.01441,-0.01812,0.03764,0.00045,0.00082,0.00023,0.60187,-0.00065,0.12260,0.00084,0.70463,-0.00011,0.70958,1,1,0,0
1765409515.442379,-0.04205,0.05832,-0.01740,-0.00169,0.00084,-0.00007,0.60187,-0.00065,0.12260,0.00084,0.70463,-0.00011,0.70958,1,1,0,0
1765409515.444371,-0.03182,0.01627,0.04426,0.00065,0.00163,0.00010,0.60187,-0.00065,0.12260,0.00084,0.70463,-0.00011,0.70958,1,1,0,0
1765409515.446372,-0.03864,0.05453,-0.02508,-0.00151,0.00245,0.00018,0.60187,-0.00065,0.12260,0.00084,0.70463,-0.00011,0.70958,1,1,0,0
1765409515.448349,-0.02313,-0.05772,0.03096,0.00084,0.00146,0.00011,0.60187,-0.00065,0.12260,0.00084,0.70463,-0.00011,0.70958,1,1,0,0
1765409515.450379,-0.01742,0.01814,-0.00888,-0.00108,0.00121,0.00019,0.60187,-0.00065,0.12260,0.00084,0.70463,-0.00011,0.70958,1,1,0,0
1765409515.452403,-0.00608,0.03040,-0.00938,0.00016,0.00144,0.00003,0.60187,-0.00065,0.12260,0.00084,0.70463,-0.00011,0.70958,1,1,0,0
1765409515.454379,-0.04142,0.05307,-0.00203,-0.00240,0.00096,0.00007,0.60187,-0.00065,0.12260,0.00084,0.70463,-0.00011,0.70958,1,1,0,0
1765409515.456397,-0.01980,0.01264,0.00641,0.00061,0.00252,0.00073,0.60191,-0.00065,0.12261,0.00084,0.70463,-0.00011,0.70957,1,1,0,0
1765409515.458380,-0.06640,-0.00006,0.06787,-0.00218,0.00054,0.00004,0.60191,-0.00065,0.12261,0.00084,0.70463,-0.00011,0.70957,1,1,0,0
1765409515.460364,-0.01003,0.00853,-0.00874,0.00012,0.00113,0.00005,0.60196,-0.00065,0.12263,0.00084,0.70463,-0.00011,0.70957,1,1,0,0
1765409515.462365,-0.06019,0.02012,-0.03134,-0.00018,0.00020,0.00021,0.60196,-0.00065,0.12263,0.00084,0.70463,-0.00011,0.70957,1,1,0,0
1765409515.464375,0.00362,0.00916,0.02900,-0.00140,0.00261,0.00019,0.60200,-0.00065,0.12264,0.00084,0.70463,-0.00011,0.70957,1,1,0,0
1765409515.466370,-0.06497,0.00665,0.00679,-0.00013,0.00192,0.00038,0.60200,-0.00065,0.12264,0.00084,0.70463,-0.00011,0.70957,1,1,0,0
1765409515.468393,-0.01125,0.04696,-0.00993,0.00058,0.00263,0.00016,0.60200,-0.00065,0.12264,0.00084,0.70463,-0.00011,0.70957,1,1,0,0
1765409515.470381,-0.04977,0.01699,-0.04682,0.00175,0.00147,0.00005,0.60205,-0.00065,0.12266,0.00084,0.70463,-0.00011,0.70957,1,1,0,0
1765409515.472372,-0.03273,0.02149,-0.00929,0.00180,0.00176,-0.00048,0.60205,-0.00065,0.12266,0.00084,0.70463,-0.00011,0.70957,1,1,0,0
1765409515.474398,-0.02537,-0.01025,-0.02290,-0.00120,-0.00031,0.00060,0.60236,-0.00065,0.12277,0.00084,0.70462,-0.00011,0.70959,1,1,0,0
1765409515.476372,0.00772,-0.03179,0.02249,-0.00059,0.00158,-0.00007,0.60236,-0.00065,0.12277,0.00084,0.70462,-0.00011,0.70959,1,1,0,0
1765409515.478374,-0.01273,0.00467,-0.01643,-0.00168,0.00243,-0.00009,0.60236,-0.00065,0.12277,0.00084,0.70462,-0.00011,0.70959,1,1,0,0
1765409515.480438,-0.02342,0.00343,0.07524,-0.00322,0.00065,0.00027,0.60236,-0.00065,0.12277,0.00084,0.70462,-0.00011,0.70959,1,1,0,0
1765409515.482455,-0.04586,0.05174,-0.00186,-0.00177,-0.00013,-0.00005,0.60236,-0.00065,0.12277,0.00084,0.70462,-0.00011,0.70959,1,1,0,0
1765409515.484433,-0.04379,0.00999,-0.01624,0.00057,0.00051,-0.00033,0.60236,-0.00065,0.12277,0.00084,0.70462,-0.00011,0.70959,1,1,0,0
1765409515.486396,-0.02721,0.01358,-0.02373,-0.00004,0.00121,0.00072,0.60236,-0.00065,0.12277,0.00084,0.70462,-0.00011,0.70959,1,1,0,0
1765409515.488395,-0.02607,0.00852,-0.00865,-0.00076,0.00132,0.00006,0.60236,-0.00065,0.12277,0.00084,0.70462,-0.00011,0.70959,1,1,0,0
1765409515.490401,-0.02340,0.02019,-0.01648,0.00004,0.00218,0.00072,0.60236,-0.00065,0.12277,0.00084,0.70462,-0.00011,0.70959,1,1,0,0
1765409515.492409,-0.05425,0.02234,-0.00884,-0.00147,0.00012,-0.00045,0.60236,-0.00065,0.12277,0.00084,0.70462,-0.00011,0.70959,1,1,0,0
1765409515.494415,-0.04768,0.01606,0.01395,-0.00045,0.00195,0.00010,0.60236,-0.00065,0.12277,0.00084,0.70462,-0.00011,0.70959,1,1,0,0
1765409515.496399,-0.03535,0.00409,-0.01604,0.00006,0.00118,0.00020,0.60236,-0.00065,0.12277,0.00084,0.70462,-0.00011,0.70959,1,1,0,0
1765409515.498391,-0.03980,0.01562,0.01401,-0.00024,0.00225,0.00049,0.60236,-0.00065,0.12277,0.00084,0.70462,-0.00011,0.70959,1,1,0,0
1765409515.500388,-0.03121,0.02571,-0.03930,-0.00033,0.00151,0.00058,0.60236,-0.00065,0.12277,0.00084,0.70462,-0.00011,0.70959,1,1,0,0
1765409515.502408,-0.01885,0.00131,0.02252,-0.00368,-0.00040,0.00090,0.60241,-0.00065,0.12279,0.00084,0.70461,-0.00011,0.70959,1,1,0,0
1765409515.504384,-0.03997,0.00664,-0.00864,0.00053,0.00149,-0.00006,0.60241,-0.00065,0.12279,0.00084,0.70461,-0.00011,0.70959,1,1,0,0
1765409515.506408,-0.01480,0.01488,0.04421,-0.00002,0.00258,0.00049,0.60245,-0.00065,0.12280,0.00084,0.70461,-0.00011,0.70959,1,1,0,0
1765409515.508406,-0.01888,0.01819,0.02899,0.00023,0.00173,0.00021,0.60245,-0.00065,0.12280,0.00084,0.70461,-0.00011,0.70959,1,1,0,0
1765409515.510399,-0.00083,0.07088,-0.01788,-0.00175,0.00224,0.00068,0.60250,-0.00065,0.12282,0.00084,0.70461,-0.00011,0.70959,1,1,0,0
1765409515.512577,-0.04983,0.00203,-0.00868,0.00200,0.00199,-0.00032,0.60250,-0.00065,0.12282,0.00084,0.70461,-0.00011,0.70959,1,1,0,0
1765409515.514427,-0.02168,0.02647,-0.02392,-0.00098,-0.00001,0.00058,0.60250,-0.00065,0.12282,0.00084,0.70461,-0.00011,0.70959,1,1,0,0
1765409515.516438,-0.02208,-0.02335,0.00711,-0.00005,0.00141,-0.00046,0.60250,-0.00065,0.12282,0.00084,0.70461,-0.00011,0.70959,1,1,0,0
1765409515.518442,-0.03788,0.01670,0.00691,-0.00175,0.00007,0.00090,0.60250,-0.00065,0.12282,0.00084,0.70461,-0.00011,0.70959,1,1,0,0
1765409515.520435,-0.00076,0.03144,-0.03230,-0.00135,0.00252,0.00014,0.60250,-0.00065,0.12282,0.00084,0.70461,-0.00011,0.70959,1,1,0,0
1765409515.522426,-0.05423,0.02093,-0.01629,-0.00236,0.00140,0.00035,0.60277,-0.00065,0.12292,0.00084,0.70460,-0.00011,0.70960,1,1,0,0
1765409515.524420,-0.01787,0.00337,-0.01612,-0.00060,0.00135,0.00018,0.60277,-0.00065,0.12292,0.00084,0.70460,-0.00011,0.70960,1,1,0,0
1765409515.526431,-0.05400,0.03713,-0.05458,-0.00194,-0.00027,-0.00008,0.60277,-0.00065,0.12292,0.00084,0.70460,-0.00011,0.70960,1,1,0,0
1765409515.528428,-0.02359,0.00062,-0.00868,0.00068,0.00244,0.00006,0.60277,-0.00065,0.12292,0.00084,0.70460,-0.00011,0.70960,1,1,0,0
1765409515.530433,-0.03879,0.02566,-0.02423,-0.00099,0.00172,0.00019,0.60277,-0.00065,0.12292,0.00084,0.70460,-0.00011,0.70960,1,1,0,0
1765409515.532413,-0.00523,-0.01888,-0.00058,-0.00021,0.00134,-0.00021,0.60277,-0.00065,0.12292,0.00084,0.70460,-0.00011,0.70960,1,1,0,0
1765409515.534439,-0.00907,0.01837,-0.00886,-0.00085,0.00073,0.00018,0.60277,-0.00065,0.12292,0.00084,0.70460,-0.00011,0.70960,1,1,0,0
1765409515.536418,-0.00530,0.01065,0.00643,-0.00051,0.00120,0.00019,0.60277,-0.00065,0.12292,0.00084,0.70460,-0.00011,0.70960,1,1,0,0
1765409515.538436,-0.05358,0.03134,-0.01653,-0.00267,0.00062,0.00008,0.60281,-0.00065,0.12293,0.00084,0.70460,-0.00011,0.70960,1,1,0,0
1765409515.540428,-0.04740,0.08496,-0.00293,-0.00114,0.00177,0.00020,0.60281,-0.00065,0.12293,0.00084,0.70460,-0.00011,0.70960,1,1,0,0
1765409515.542434,-0.03916,0.00617,-0.02384,-0.00035,0.00173,-0.00007,0.60285,-0.00065,0.12295,0.00084,0.70460,-0.00011,0.70961,1,1,0,0
1765409515.544415,-0.00120,-0.05580,0.05369,-0.00000,0.00120,0.00024,0.60285,-0.00065,0.12295,0.00084,0.70460,-0.00011,0.70961,1,1,0,0
1765409515.546448,-0.02638,-0.01070,-0.00081,0.00010,0.00120,-0.00060,0.60290,-0.00065,0.12297,0.00084,0.70460,-0.00011,0.70960,1,1,0,0
1765409515.548468,-0.03248,0.05145,0.01330,-0.00373,0.00214,0.00088,0.60290,-0.00065,0.12297,0.00084,0.70460,-0.00011,0.70960,1,1,0,0
1765409515.550454,-0.03833,0.06468,-0.04816,-0.00161,0.00206,-0.00011,0.60294,-0.00065,0.12298,0.00084,0.70460,-0.00011,0.70961,1,1,0,0
1765409515.552460,-0.04743,0.07063,0.00511,-0.00088,0.00127,0.00021,0.60294,-0.00065,0.12298,0.00084,0.70460,-0.00011,0.70961,1,1,0,0
1765409515.554515,-0.02285,-0.02353,-0.00798,0.00038,0.00169,-0.00007,0.60299,-0.00065,0.12300,0.00084,0.70459,-0.00011,0.70961,1,1,0,0
1765409515.556471,-0.02969,-0.04790,-0.02224,-0.00101,0.00091,0.00021,0.60303,-0.00065,0.12302,0.00084,0.70459,-0.00011,0.70961,1,1,0,0
1765409515.558443,-0.01717,-0.00663,-0.01590,-0.00116,0.00135,0.00005,0.60303,-0.00065,0.12302,0.00084,0.70459,-0.00011,0.70961,1,1,0,0
1765409515.560449,0.00317,0.06373,-0.00249,-0.00140,0.00195,0.00069,0.60317,-0.00065,0.12307,0.00084,0.70458,-0.00011,0.70962,1,1,0,0
1765409515.563012,-0.02629,0.02276,-0.01655,-0.00102,0.00183,0.00046,0.60321,-0.00065,0.12308,0.00084,0.70459,-0.00011,0.70962,1,1,0,0
1765409515.564450,-0.04252,0.06835,-0.06334,-0.00113,0.00083,-0.00038,0.60321,-0.00065,0.12308,0.00084,0.70459,-0.00011,0.70962,1,1,0,0
1765409515.566440,-0.04402,0.00367,0.00667,0.00006,0.00205,0.00023,0.60321,-0.00065,0.12308,0.00084,0.70459,-0.00011,0.70962,1,1,0,0
1765409515.568442,-0.01705,0.01285,-0.00113,-0.00158,0.00147,0.00033,0.60321,-0.00065,0.12308,0.00084,0.70459,-0.00011,0.70962,1,1,0,0
1765409515.570455,-0.01469,-0.05365,0.03081,0.00046,0.00212,0.00037,0.60321,-0.00065,0.12308,0.00084,0.70459,-0.00011,0.70962,1,1,0,0
1765409515.572454,-0.03475,0.02856,-0.08512,-0.00052,0.00116,-0.00013,0.60321,-0.00065,0.12308,0.00084,0.70459,-0.00011,0.70962,1,1,0,0
1765409515.574455,-0.01943,0.00879,0.04440,0.00099,0.00149,0.00009,0.60321,-0.00065,0.12308,0.00084,0.70459,-0.00011,0.70962,1,1,0,0
1765409515.576454,-0.04411,0.06035,0.00566,-0.00406,0.00049,0.00049,0.60321,-0.00065,0.12308,0.00084,0.70459,-0.00011,0.70962,1,1,0,0
1765409515.578456,-0.04895,0.00598,0.04457,0.00052,0.00261,0.00039,0.60326,-0.00065,0.12310,0.00084,0.70458,-0.00011,0.70962,1,1,0,0
1765409515.580471,-0.06976,0.01869,-0.03941,0.00045,0.00272,-0.00020,0.60326,-0.00065,0.12310,0.00084,0.70458,-0.00011,0.70962,1,1,0,0
1765409515.582456,-0.02348,-0.00842,-0.00817,0.00079,0.00131,0.00033,0.60330,-0.00065,0.12312,0.00084,0.70458,-0.00011,0.70962,1,1,0,0
1765409515.584474,-0.02197,0.03078,-0.00163,-0.00071,0.00113,0.00006,0.60330,-0.00065,0.12312,0.00084,0.70458,-0.00011,0.70962,1,1,0,0
1765409515.586460,-0.01028,0.05814,0.03572,0.00007,0.00071,0.00034,0.60335,-0.00065,0.12313,0.00084,0.70458,-0.00011,0.70962,1,1,0,0
1765409515.588485,-0.03421,0.02253,-0.00930,-0.00125,0.00254,-0.00034,0.60335,-0.00065,0.12313,0.00084,0.70458,-0.00011,0.70962,1,1,0,0
1765409515.590454,-0.01364,-0.01444,-0.00047,-0.00082,0.00183,0.00047,0.60339,-0.00065,0.12315,0.00084,0.70458,-0.00011,0.70962,1,1,0,0
1765409515.592477,-0.03481,0.00865,-0.02402,-0.00032,0.00167,-0.00035,0.60339,-0.00065,0.12315,0.00084,0.70458,-0.00011,0.70962,1,1,0,0
1765409515.594491,-0.03075,0.02564,0.00629,-0.00077,0.00150,0.00061,0.60339,-0.00065,0.12315,0.00084,0.70458,-0.00011,0.70962,1,1,0,0
1765409515.596485,-0.05142,0.02394,-0.06224,-0.00057,0.00136,-0.00036,0.60361,-0.00065,0.12322,0.00084,0.70458,-0.00011,0.70962,1,1,0,0
1765409515.598507,-0.03644,0.01107,0.02210,-0.00313,0.00056,0.00064,0.60361,-0.00065,0.12322,0.00084,0.70458,-0.00011,0.70962,1,1,0,0
1765409515.600508,-0.01813,0.01831,-0.00149,-0.00020,0.00147,-0.00021,0.60361,-0.00065,0.12322,0.00084,0.70458,-0.00011,0.70962,1,1,0,0
1765409515.602517,-0.02925,0.04995,0.00560,-0.00222,0.00145,0.00034,0.60361,-0.00065,0.12322,0.00084,0.70458,-0.00011,0.70962,1,1,0,0
1765409515.604484,-0.04111,0.00913,-0.00063,-0.00250,0.00024,0.00049,0.60361,-0.00065,0.12322,0.00084,0.70458,-0.00011,0.70962,1,1,0,0
1765409515.606477,-0.04371,0.01800,0.01402,-0.00064,0.00229,0.00063,0.60361,-0.00065,0.12322,0.00084,0.70458,-0.00011,0.70962,1,1,0,0
1765409515.608498,-0.04277,-0.05021,-0.01464,-0.00060,0.00132,0.00009,0.60361,-0.00065,0.12322,0.00084,0.70458,-0.00011,0.70962,1,1,0,0
1765409515.610497,-0.03771,0.02535,0.00600,-0.00187,0.00195,-0.00019,0.60361,-0.00065,0.12322,0.00084,0.70458,-0.00011,0.70962,1,1,0,0
1765409515.612485,-0.00982,0.02767,-0.02456,-0.00031,0.00174,-0.00011,0.60361,-0.00065,0.12322,0.00084,0.70458,-0.00011,0.70962,1,1,0,0
1765409515.614573,-0.03845,0.04089,0.02087,-0.00102,0.00131,-0.00018,0.60366,-0.00065,0.12324,0.00084,0.70457,-0.00011,0.70963,1,1,0,0
1765409515.616568,-0.01692,-0.00653,-0.01605,-0.00116,0.00134,-0.00035,0.60366,-0.00065,0.12324,0.00084,0.70457,-0.00011,0.70963,1,1,0,0
1765409515.618593,-0.01977,0.00355,0.02173,0.00115,0.00188,0.00021,0.60370,-0.00065,0.12326,0.00084,0.70457,-0.00011,0.70963,1,1,0,0
1765409515.620559,-0.02592,0.03249,0.00569,-0.00112,0.00218,-0.00020,0.60370,-0.00065,0.12326,0.00084,0.70457,-0.00011,0.70963,1,1,0,0
1765409515.622571,-0.02654,0.01785,0.01382,-0.00064,0.00208,0.00021,0.60375,-0.00065,0.12327,0.00084,0.70457,-0.00011,0.70963,1,1,0,0
1765409515.624492,-0.04477,-0.02533,0.00710,0.00145,0.00207,-0.00058,0.60375,-0.00065,0.12327,0.00084,0.70457,-0.00011,0.70963,1,1,0,0
1765409515.626572,-0.04239,-0.00151,-0.06918,-0.00132,0.00178,-0.00010,0.60379,-0.00065,0.12329,0.00084,0.70457,-0.00011,0.70963,1,1,0,0
1765409515.628515,-0.00162,0.00763,-0.03926,-0.00011,0.00192,0.00001,0.60379,-0.00065,0.12329,0.00084,0.70457,-0.00011,0.70963,1,1,0,0
1765409515.630582,-0.05143,0.05375,-0.07833,-0.00043,0.00120,-0.00079,0.60384,-0.00065,0.12331,0.00084,0.70457,-0.00011,0.70963,1,1,0,0
1765409515.632516,-0.04696,0.01106,0.06734,-0.00116,0.00182,0.00028,0.60384,-0.00065,0.12331,0.00084,0.70457,-0.00011,0.70963,1,1,0,0
1765409515.634493,-0.04426,0.01663,-0.00849,-0.00328,0.00001,0.00009,0.60388,-0.00065,0.12333,0.00084,0.70457,-0.00011,0.70964,1,1,0,0
1765409515.636513,-0.03094,-0.01870,0.02223,0.00000,0.00203,-0.00017,0.60406,-0.00065,0.12339,0.00084,0.70456,-0.00011,0.70965,1,1,0,0
1765409515.638509,-0.03033,-0.01286,-0.02315,-0.00036,0.00050,0.00006,0.60406,-0.00065,0.12339,0.00084,0.70456,-0.00011,0.70965,1,1,0,0
1765409515.640499,-0.06814,-0.00011,0.05254,-0.00065,0.00119,0.00002,0.60406,-0.00065,0.12339,0.00084,0.70456,-0.00011,0.70965,1,1,0,0
1765409515.642505,-0.02168,0.02533,-0.01687,-0.00099,0.00176,-0.00022,0.60406,-0.00065,0.12339,0.00084,0.70456,-0.00011,0.70965,1,1,0,0
1765409515.644529,-0.03511,0.08271,0.01261,-0.00095,0.00100,0.00088,0.60406,-0.00065,0.12339,0.00084,0.70456,-0.00011,0.70965,1,1,0,0
1765409515.646534,-0.04755,0.04116,-0.03210,-0.00058,0.00118,0.00019,0.60406,-0.00065,0.12339,0.00084,0.70456,-0.00011,0.70965,1,1,0,0
1765409515.648510,-0.02625,0.01860,0.00636,-0.00064,0.00106,0.00021,0.60406,-0.00065,0.12339,0.00084,0.70456,-0.00011,0.70965,1,1,0,0
1765409515.650518,-0.01336,-0.02845,-0.00790,-0.00033,0.00119,-0.00034,0.60406,-0.00065,0.12339,0.00084,0.70456,-0.00011,0.70965,1,1,0,0
1765409515.652527,-0.05619,0.01158,-0.05396,-0.00050,0.00131,0.00059,0.60406,-0.00065,0.12339,0.00084,0.70456,-0.00011,0.70965,1,1,0,0
1765409515.654527,-0.03113,0.00621,-0.00109,0.00009,0.00163,-0.00006,0.60411,-0.00065,0.12341,0.00084,0.70456,-0.00011,0.70965,1,1,0,0
1765409515.656539,-0.05989,0.02832,-0.01676,-0.00096,0.00222,-0.00005,0.60411,-0.00065,0.12341,0.00084,0.70456,-0.00011,0.70965,1,1,0,0
1765409515.658531,-0.00640,0.01033,0.00630,0.00036,0.00197,0.00018,0.60415,-0.00065,0.12342,0.00084,0.70456,-0.00011,0.70965,1,1,0,0
1765409515.660521,-0.05150,0.04410,-0.01682,-0.00077,0.00059,0.00034,0.60415,-0.00065,0.12342,0.00084,0.70456,-0.00011,0.70965,1,1,0,0
1765409515.662521,-0.02710,-0.01640,-0.00821,0.00025,0.00211,-0.00007,0.60419,-0.00065,0.12344,0.00084,0.70455,-0.00011,0.70965,1,1,0,0
1765409515.664544,-0.04676,0.00524,-0.02373,-0.00167,0.00259,0.00034,0.60419,-0.00065,0.12344,0.00084,0.70455,-0.00011,0.70965,1,1,0,0
1765409515.666519,-0.04420,-0.00604,0.02965,0.00038,0.00205,0.00011,0.60424,-0.00065,0.12346,0.00084,0.70455,-0.00011,0.70965,1,1,0,0
1765409515.668996,-0.06187,0.01703,0.02951,-0.00262,0.00035,0.00013,0.60446,-0.00065,0.12354,0.00084,0.70454,-0.00010,0.70966,1,1,0,0
1765409515.670588,-0.01437,0.01102,0.02182,-0.00007,0.00106,0.00061,0.60446,-0.00065,0.12354,0.00084,0.70454,-0.00010,0.70966,1,1,0,0
1765409515.672534,-0.01647,0.03304,0.00584,-0.00177,0.00093,-0.00021,0.60446,-0.00065,0.12354,0.00084,0.70454,-0.00010,0.70966,1,1,0,0
1765409515.674552,-0.00158,-0.01721,0.00720,-0.00041,0.00194,0.00073,0.60446,-0.00065,0.12354,0.00084,0.70454,-0.00010,0.70966,1,1,0,0
1765409515.676565,-0.02235,0.01627,-0.00142,-0.00001,0.00113,-0.00034,0.60446,-0.00065,0.12354,0.00084,0.70454,-0.00010,0.70966,1,1,0,0
1765409515.678549,-0.00897,0.04279,-0.01705,-0.00121,0.00084,0.00030,0.60446,-0.00065,0.12354,0.00084,0.70454,-0.00010,0.70966,1,1,0,0
1765409515.680554,-0.03050,0.01582,-0.00127,-0.00067,0.00162,0.00007,0.60446,-0.00065,0.12354,0.00084,0.70454,-0.00010,0.70966,1,1,0,0
1765409515.682563,-0.03850,0.03012,-0.03206,-0.00137,0.00222,0.00005,0.60446,-0.00065,0.12354,0.00084,0.70454,-0.00010,0.70966,1,1,0,0
1765409515.684544,-0.04475,-0.00066,0.01449,0.00088,0.00156,0.00037,0.60446,-0.00065,0.12354,0.00084,0.70454,-0.00010,0.70966,1,1,0,0
1765409515.686546,-0.07166,0.05654,-0.05505,-0.00171,0.00069,0.00020,0.60446,-0.00065,0.12354,0.00084,0.70454,-0.00010,0.70966,1,1,0,0
1765409515.688551,-0.03770,0.00927,-0.01618,0.00209,0.00159,0.00047,0.60446,-0.00065,0.12354,0.00084,0.70454,-0.00010,0.70966,1,1,0,0
1765409515.690579,-0.03420,0.00878,-0.02359,-0.00119,0.00092,0.00047,0.60451,-0.00065,0.12356,0.00084,0.70454,-0.00011,0.70966,1,1,0,0
1765409515.692552,-0.00588,0.00543,0.02171,-0.00014,0.00172,0.00033,0.60451,-0.00065,0.12356,0.00084,0.70454,-0.00011,0.70966,1,1,0,0
1765409515.694546,-0.02598,0.01807,-0.05463,-0.00086,0.00169,-0.00025,0.60455,-0.00065,0.12357,0.00084,0.70454,-0.00011,0.70966,1,1,0,0
1765409515.696570,-0.04195,0.02864,-0.00110,-0.00204,0.00062,0.00076,0.60455,-0.00065,0.12357,0.00084,0.70454,-0.00011,0.70966,1,1,0,0
1765409515.698566,-0.02904,0.01577,-0.03914,-0.00198,0.00110,0.00004,0.60460,-0.00065,0.12359,0.00084,0.70454,-0.00010,0.70967,1,1,0,0
1765409515.700573,-0.02221,-0.01878,0.02982,-0.00021,0.00180,-0.00017,0.60460,-0.00065,0.12359,0.00084,0.70454,-0.00010,0.70967,1,1,0,0
1765409515.702578,-0.03640,-0.02660,-0.01535,0.00056,0.00275,0.00061,0.60464,-0.00065,0.12360,0.00084,0.70454,-0.00011,0.70966,1,1,0,0
1765409515.704584,-0.01404,0.05462,0.02059,-0.00085,0.00178,0.00060,0.60464,-0.00065,0.12360,0.00084,0.70454,-0.00011,0.70966,1,1,0,0
1765409515.706575,-0.01829,0.04767,-0.01748,-0.00028,0.00170,-0.00024,0.60468,-0.00065,0.12362,0.00084,0.70454,-0.00010,0.70967,1,1,0,0
1765409515.708665,-0.03922,0.03573,0.00596,-0.00065,0.00159,0.00035,0.60495,-0.00065,0.12372,0.00084,0.70454,-0.00010,0.70967,1,1,0,0
1765409515.710574,-0.03678,-0.00319,-0.02357,-0.00199,0.00056,-0.00060,0.60495,-0.00065,0.12372,0.00084,0.70454,-0.00010,0.70967,1,1,0,0
1765409515.712571,-0.03239,-0.01392,0.01486,0.00072,0.00219,0.00090,0.60495,-0.00065,0.12372,0.00084,0.70454,-0.00010,0.70967,1,1,0,0
1765409515.714579,-0.00899,-0.00750,-0.00848,-0.00117,0.00227,0.00005,0.60495,-0.00065,0.12372,0.00084,0.70454,-0.00010,0.70967,1,1,0,0
1765409515.716584,-0.01875,0.04333,0.00573,0.00010,0.00095,0.00033,0.60495,-0.00065,0.12372,0.00084,0.70454,-0.00010,0.70967,1,1,0,0
1765409515.718587,-0.03620,0.02622,0.05923,-0.00273,0.00065,-0.00055,0.60495,-0.00065,0.12372,0.00084,0.70454,-0.00010,0.70967,1,1,0,0
1765409515.720575,-0.03792,0.02603,0.03665,-0.00164,0.00107,0.00024,0.60495,-0.00065,0.12372,0.00084,0.70454,-0.00010,0.70967,1,1,0,0
1765409515.722573,-0.03960,-0.03337,-0.02294,0.00026,0.00215,-0.00020,0.60495,-0.00065,0.12372,0.00084,0.70454,-0.00010,0.70967,1,1,0,0
1765409515.724588,-0.04010,-0.02846,0.01498,0.00054,0.00228,0.00010,0.60495,-0.00065,0.12372,0.00084,0.70454,-0.00010,0.70967,1,1,0,0
1765409515.726589,-0.05553,-0.01258,-0.01565,-0.00036,0.00105,-0.00031,0.60495,-0.00065,0.12372,0.00084,0.70454,-0.00010,0.70967,1,1,0,0
1765409515.728596,-0.03689,0.06217,-0.01023,0.00077,0.00293,0.00018,0.60495,-0.00065,0.12372,0.00084,0.70454,-0.00010,0.70967,1,1,0,0
1765409515.730596,-0.00945,0.05835,-0.01734,-0.00059,0.00007,0.00030,0.60495,-0.00065,0.12372,0.00084,0.70454,-0.00010,0.70967,1,1,0,0
1765409515.732604,-0.02811,0.03551,0.08965,-0.00305,0.00081,0.00041,0.60495,-0.00065,0.12372,0.00084,0.70454,-0.00010,0.70967,1,1,0,0
1765409515.734583,-0.03694,-0.00041,-0.01627,0.00197,0.00158,-0.00047,0.60500,-0.00065,0.12373,0.00084,0.70453,-0.00011,0.70967,1,1,0,0
1765409515.736618,-0.05807,0.04597,-0.01708,0.00100,0.00219,0.00047,0.60500,-0.00065,0.12373,0.00084,0.70453,-0.00011,0.70967,1,1,0,0
1765409515.738579,-0.05998,0.00457,-0.04644,-0.00037,0.00122,-0.00020,0.60504,-0.00065,0.12375,0.00084,0.70453,-0.00010,0.70967,1,1,0,0
1765409515.740581,-0.05852,0.00872,-0.03108,-0.00229,0.00134,0.00048,0.60504,-0.00065,0.12375,0.00084,0.70453,-0.00010,0.70967,1,1,0,0
1765409515.742578,-0.02641,-0.02643,-0.03077,-0.00031,0.00211,-0.00022,0.60504,-0.00065,0.12375,0.00084,0.70453,-0.00010,0.70967,1,1,0,0
1765409515.744605,-0.04852,0.00582,0.02179,0.00008,0.00261,0.00037,0.60509,-0.00065,0.12376,0.00084,0.70454,-0.00011,0.70967,1,1,0,0
1765409515.746587,-0.01016,0.00873,-0.06929,0.00012,0.00063,0.00040,0.60509,-0.00065,0.12376,0.00084,0.70454,-0.00011,0.70967,1,1,0,0
1765409515.748591,-0.03043,0.05061,-0.02458,-0.00112,0.00084,0.00072,0.60513,-0.00065,0.12378,0.00084,0.70453,-0.00010,0.70967,1,1,0,0
1765409515.750609,-0.03509,-0.02569,-0.04567,-0.00008,0.00133,0.00019,0.60522,-0.00065,0.12381,0.00084,0.70454,-0.00010,0.70967,1,1,0,0
1765409515.752623,-0.05720,0.00263,0.01476,-0.00411,0.00209,0.00106,0.60540,-0.00065,0.12388,0.00084,0.70453,-0.00011,0.70968,1,1,0,0
1765409515.754607,-0.02614,-0.03133,-0.00019,-0.00059,0.00198,-0.00006,0.60540,-0.00065,0.12388,0.00084,0.70453,-0.00011,0.70968,1,1,0,0
1765409515.756673,-0.04864,0.03589,-0.00927,0.00023,0.00195,0.00034,0.60540,-0.00065,0.12388,0.00084,0.70453,-0.00011,0.70968,1,1,0,0
1765409515.758611,-0.00654,0.03466,-0.00175,-0.00000,0.00209,0.00071,0.60540,-0.00065,0.12388,0.00084,0.70453,-0.00011,0.70968,1,1,0,0
1765409515.760687,-0.02563,0.05299,-0.00196,-0.00153,0.00078,0.00046,0.60540,-0.00065,0.12388,0.00084,0.70453,-0.00011,0.70968,1,1,0,0
1765409515.762609,-0.01563,-0.00451,0.02180,0.00105,0.00260,0.00021,0.60540,-0.00065,0.12388,0.00084,0.70453,-0.00011,0.70968,1,1,0,0
1765409515.764675,-0.03062,0.02116,-0.00141,-0.00039,0.00123,-0.00007,0.60540,-0.00065,0.12388,0.00084,0.70453,-0.00011,0.70968,1,1,0,0
1765409515.766610,-0.04831,0.00636,-0.00089,0.00009,0.00185,0.00036,0.60540,-0.00065,0.12388,0.00084,0.70453,-0.00011,0.70968,1,1,0,0
1765409515.768609,-0.05535,0.02687,-0.01640,-0.00097,0.00065,0.00022,0.60540,-0.00065,0.12388,0.00084,0.70453,-0.00011,0.70968,1,1,0,0
1765409515.770635,-0.03248,-0.00535,0.06037,-0.00224,-0.00012,0.00014,0.60540,-0.00065,0.12388,0.00084,0.70453,-0.00011,0.70968,1,1,0,0
1765409515.772606,-0.03546,0.00453,-0.00097,0.00050,0.00092,-0.00019,0.60540,-0.00065,0.12388,0.00084,0.70453,-0.00011,0.70968,1,1,0,0
1765409515.774647,-0.03652,-0.00629,0.00677,0.00103,0.00234,0.00008,0.60545,-0.00065,0.12390,0.00084,0.70452,-0.00010,0.70968,1,1,0,0
1765409515.776622,-0.03033,0.03550,-0.02461,-0.00087,0.00160,-0.00009,0.60545,-0.00065,0.12390,0.00084,0.70452,-0.00010,0.70968,1,1,0,0
1765409515.778624,-0.04352,0.02357,-0.01661,-0.00036,0.00165,0.00007,0.60549,-0.00065,0.12391,0.00084,0.70452,-0.00011,0.70968,1,1,0,0
1765409515.780654,-0.02536,-0.00145,0.01435,-0.00132,0.00132,-0.00005,0.60549,-0.00065,0.12391,0.00084,0.70452,-0.00011,0.70968,1,1,0,0
1765409515.782642,-0.01368,-0.01399,-0.02300,-0.00081,0.00108,0.00085,0.60549,-0.00065,0.12391,0.00084,0.70452,-0.00011,0.70968,1,1,0,0
1765409515.784659,-0.04920,0.01658,-0.00127,0.00109,0.00185,0.00008,0.60554,-0.00065,0.12393,0.00084,0.70452,-0.00010,0.70968,1,1,0,0
1765409515.786633,-0.00640,0.06852,-0.00278,-0.00046,0.00282,0.00056,0.60554,-0.00065,0.12393,0.00084,0.70452,-0.00010,0.70968,1,1,0,0
1765409515.788679,-0.03990,0.02670,-0.00914,0.00055,0.00109,-0.00020,0.60558,-0.00065,0.12395,0.00084,0.70452,-0.00011,0.70969,1,1,0,0
1765409515.790628,-0.05567,0.00179,-0.02334,-0.00084,0.00118,0.00049,0.60581,-0.00065,0.12403,0.00084,0.70451,-0.00011,0.70969,1,1,0,0
1765409515.792661,-0.05592,-0.01793,0.01481,-0.00021,0.00170,-0.00015,0.60581,-0.00065,0.12403,0.00084,0.70451,-0.00011,0.70969,1,1,0,0
1765409515.794652,-0.05530,0.03625,-0.00148,-0.00130,0.00115,0.00036,0.60581,-0.00065,0.12403,0.00084,0.70451,-0.00011,0.70969,1,1,0,0
1765409515.796662,-0.03033,0.01052,-0.06930,-0.00117,0.00164,0.00056,0.60581,-0.00065,0.12403,0.00084,0.70451,-0.00011,0.70969,1,1,0,0
1765409515.799191,-0.05593,0.01664,-0.02373,-0.00066,0.00117,0.00048,0.60581,-0.00065,0.12403,0.00084,0.70451,-0.00011,0.70969,1,1,0,0
1765409515.800655,-0.01384,-0.03894,-0.00025,-0.00002,0.00222,-0.00047,0.60581,-0.00065,0.12403,0.00084,0.70451,-0.00011,0.70969,1,1,0,0
1765409515.802647,-0.00834,0.02270,-0.01668,-0.00168,0.00122,0.00004,0.60581,-0.00065,0.12403,0.00084,0.70451,-0.00011,0.70969,1,1,0,0
1765409515.804666,-0.05428,0.00927,-0.04688,0.00209,0.00229,-0.00035,0.60581,-0.00065,0.12403,0.00084,0.70451,-0.00011,0.70969,1,1,0,0
1765409515.806656,-0.05066,0.03319,-0.03191,-0.00177,0.00160,0.00020,0.60581,-0.00065,0.12403,0.00084,0.70451,-0.00011,0.70969,1,1,0,0
1765409515.808667,-0.01500,0.01992,0.01384,0.00004,0.00233,0.00073,0.60581,-0.00065,0.12403,0.00084,0.70451,-0.00011,0.70969,1,1,0,0
1765409515.810652,-0.01792,0.05226,-0.02510,-0.00088,0.00182,0.00003,0.60581,-0.00065,0.12403,0.00084,0.70451,-0.00011,0.70969,1,1,0,0
1765409515.812671,0.01078,0.02001,-0.00151,0.00004,0.00150,0.00029,0.60585,-0.00065,0.12404,0.00084,0.70451,-0.00011,0.70969,1,1,0,0
1765409515.814653,-0.05583,0.03123,-0.02431,-0.00070,0.00153,0.00007,0.60585,-0.00065,0.12404,0.00084,0.70451,-0.00011,0.70969,1,1,0,0
1765409515.816658,-0.03156,-0.00368,0.00702,0.00019,0.00153,0.00062,0.60589,-0.00065,0.12406,0.00084,0.70451,-0.00011,0.70969,1,1,0,0
1765409515.818645,-0.06395,0.00304,0.02184,-0.00476,0.00202,-0.00054,0.60589,-0.00065,0.12406,0.00084,0.70451,-0.00011,0.70969,1,1,0,0
1765409515.820670,-0.01051,0.00783,-0.03148,0.00011,0.00190,0.00043,0.60594,-0.00065,0.12407,0.00084,0.70452,-0.00011,0.70969,1,1,0,0
1765409515.822644,-0.04641,0.02602,-0.05448,-0.00164,0.00118,0.00018,0.60594,-0.00065,0.12407,0.00084,0.70452,-0.00011,0.70969,1,1,0,0
1765409515.824664,-0.01395,0.00589,-0.03133,-0.00035,0.00118,0.00030,0.60598,-0.00065,0.12409,0.00084,0.70452,-0.00010,0.70969,1,1,0,0
1765409515.826668,-0.04627,0.01650,-0.05422,-0.00154,0.00080,0.00005,0.60598,-0.00065,0.12409,0.00084,0.70452,-0.00010,0.70969,1,1,0,0
1765409515.828720,-0.01787,-0.00153,-0.00093,-0.00044,0.00148,-0.00007,0.60603,-0.00065,0.12410,0.00084,0.70452,-0.00011,0.70969,1,1,0,0
1765409515.830652,-0.05524,-0.02260,0.00786,-0.00114,0.00069,0.00079,0.60625,-0.00065,0.12418,0.00084,0.70452,-0.00011,0.70968,1,1,0,0
1765409515.832678,-0.03515,-0.00091,0.03713,0.00000,0.00143,-0.00003,0.60625,-0.00065,0.12418,0.00084,0.70452,-0.00011,0.70968,1,1,0,0
1765409515.834672,-0.01669,0.05218,-0.01725,-0.00219,0.00131,0.00044,0.60625,-0.00065,0.12418,0.00084,0.70452,-0.00011,0.70968,1,1,0,0
1765409515.836704,-0.00178,0.00289,0.01410,0.00005,0.00179,0.00019,0.60625,-0.00065,0.12418,0.00084,0.70452,-0.00011,0.70968,1,1,0,0
1765409515.838676,-0.04847,0.03463,0.05924,-0.00285,-0.00035,-0.00053,0.60625,-0.00065,0.12418,0.00084,0.70452,-0.00011,0.70968,1,1,0,0
1765409515.840689,-0.01401,-0.00413,0.01439,-0.00025,0.00157,0.00021,0.60625,-0.00065,0.12418,0.00084,0.70452,-0.00011,0.70968,1,1,0,0
1765409515.842680,-0.05527,-0.01752,-0.00786,-0.00064,0.00093,-0.00017,0.60625,-0.00065,0.12418,0.00084,0.70452,-0.00011,0.70968,1,1,0,0
1765409515.844667,-0.03683,0.01069,0.05239,-0.00292,0.00120,0.00066,0.60625,-0.00065,0.12418,0.00084,0.70452,-0.00011,0.70968,1,1,0,0
1765409515.846671,-0.03444,0.03793,-0.05480,-0.00128,0.00141,0.00043,0.60625,-0.00065,0.12418,0.00084,0.70452,-0.00011,0.70968,1,1,0,0
1765409515.848671,-0.05305,0.04383,-0.03198,0.00032,0.00125,0.00073,0.60625,-0.00065,0.12418,0.00084,0.70452,-0.00011,0.70968,1,1,0,0
1765409515.850670,-0.03045,0.06441,-0.01806,-0.00096,0.00259,-0.00050,0.60625,-0.00065,0.12418,0.00084,0.70452,-0.00011,0.70968,1,1,0,0
1765409515.852669,-0.05425,0.03214,-0.03923,-0.00179,-0.00013,0.00007,0.60630,-0.00065,0.12420,0.00084,0.70452,-0.00010,0.70968,1,1,0,0
1765409515.854683,-0.03570,-0.01663,0.00694,0.00025,0.00272,-0.00005,0.60630,-0.00065,0.12420,0.00084,0.70452,-0.00010,0.70968,1,1,0,0
1765409515.856667,-0.06463,-0.02659,0.01554,0.00013,0.00030,0.00054,0.60634,-0.00065,0.12421,0.00084,0.70452,-0.00010,0.70968,1,1,0,0
1765409515.858685,0.00222,-0.00418,0.04451,0.00062,0.00162,-0.00019,0.60634,-0.00065,0.12421,0.00084,0.70452,-0.00010,0.70968,1,1,0,0
1765409515.860770,-0.03643,0.04293,-0.04012,0.00075,0.00230,-0.00010,0.60639,-0.00065,0.12422,0.00084,0.70453,-0.00010,0.70968,1,1,0,0
1765409515.862767,-0.00633,0.04022,-0.00182,0.00007,0.00132,0.00058,0.60639,-0.00065,0.12422,0.00084,0.70453,-0.00010,0.70968,1,1,0,0
1765409515.864706,-0.04737,0.04601,-0.01710,-0.00074,0.00129,0.00007,0.60643,-0.00065,0.12424,0.00084,0.70453,-0.00010,0.70968,1,1,0,0
1765409515.866713,-0.04868,-0.00316,-0.00086,0.00085,0.00185,-0.00018,0.60643,-0.00065,0.12424,0.00084,0.70453,-0.00010,0.70968,1,1,0,0
1765409515.868697,-0.07149,0.00243,-0.00813,-0.00149,0.00073,0.00011,0.60652,-0.00065,0.12427,0.00084,0.70453,-0.00010,0.70967,1,1,0,0
1765409515.870741,-0.00944,-0.04585,-0.02240,-0.00032,0.00104,0.00032,0.60670,-0.00065,0.12433,0.00084,0.70453,-0.00010,0.70967,1,1,0,0
1765409515.872717,-0.01449,0.04981,0.01299,-0.00026,0.00191,0.00032,0.60670,-0.00065,0.12433,0.00084,0.70453,-0.00010,0.70967,1,1,0,0
1765409515.874708,-0.01033,0.00276,-0.02389,0.00005,0.00215,0.00017,0.60670,-0.00065,0.12433,0.00084,0.70453,-0.00010,0.70967,1,1,0,0
1765409515.876773,-0.03015,0.02398,-0.02359,-0.00472,-0.00105,0.00047,0.60670,-0.00065,0.12433,0.00084,0.70453,-0.00010,0.70967,1,1,0,0
1765409515.878705,-0.03050,-0.02874,0.01483,-0.00034,0.00216,-0.00031,0.60670,-0.00065,0.12433,0.00084,0.70453,-0.00010,0.70967,1,1,0,0
1765409515.880758,-0.05896,-0.02584,-0.03037,-0.00161,0.00175,0.00022,0.60670,-0.00065,0.12433,0.00084,0.70453,-0.00010,0.70967,1,1,0,0
1765409515.882701,-0.03034,0.00498,0.00655,-0.00124,0.00265,0.00035,0.60670,-0.00065,0.12433,0.00084,0.70453,-0.00010,0.70967,1,1,0,0
1765409515.884706,-0.03101,0.08468,-0.02600,-0.00049,0.00195,-0.00024,0.60670,-0.00065,0.12433,0.00084,0.70453,-0.00010,0.70967,1,1,0,0
1765409515.886707,-0.01808,0.03880,0.00602,-0.00039,0.00019,0.00046,0.60670,-0.00065,0.12433,0.00084,0.70453,-0.00010,0.70967,1,1,0,0
1765409515.888695,0.01221,0.01080,0.02131,-0.00051,0.00072,-0.00062,0.60670,-0.00065,0.12433,0.00084,0.70453,-0.00010,0.70967,1,1,0,0
1765409515.890759,0.00355,0.00026,0.01433,-0.00107,0.00135,0.00046,0.60670,-0.00065,0.12433,0.00084,0.70453,-0.00010,0.70967,1,1,0,0
1765409515.892704,-0.04840,-0.00742,-0.03092,0.00079,0.00084,-0.00006,0.60674,-0.00065,0.12434,0.00084,0.70453,-0.00010,0.70967,1,1,0,0
1765409515.894721,-0.02765,0.05711,-0.00224,-0.00017,0.00232,0.00072,0.60674,-0.00065,0.12434,0.00084,0.70453,-0.00010,0.70967,1,1,0,0
1765409515.896722,-0.04497,-0.00115,0.02940,0.00109,0.00244,-0.00003,0.60679,-0.00065,0.12436,0.00084,0.70453,-0.00010,0.70967,1,1,0,0
1765409515.898708,-0.03718,0.02101,-0.05425,-0.00236,0.00069,0.00031,0.60679,-0.00065,0.12436,0.00084,0.70453,-0.00010,0.70967,1,1,0,0
1765409515.900727,-0.01085,-0.01164,0.02225,0.00053,0.00179,0.00061,0.60683,-0.00065,0.12437,0.00084,0.70453,-0.00010,0.70967,1,1,0,0
1765409515.902717,-0.02686,0.04814,-0.01740,-0.00006,0.00142,-0.00023,0.60683,-0.00065,0.12437,0.00084,0.70453,-0.00010,0.70967,1,1,0,0
1765409515.904716,-0.01440,0.00541,0.05209,-0.00014,0.00207,0.00037,0.60688,-0.00065,0.12439,0.00084,0.70453,-0.00010,0.70967,1,1,0,0
1765409515.906760,-0.08363,0.03845,-0.03972,-0.00237,0.00211,-0.00032,0.60692,-0.00065,0.12441,0.00084,0.70453,-0.00010,0.70967,1,1,0,0
1765409515.908751,-0.07470,0.00240,-0.00838,0.00135,0.00191,0.00011,0.60697,-0.00065,0.12443,0.00084,0.70453,-0.00010,0.70968,1,1,0,0
1765409515.910828,-0.03883,0.01138,-0.02396,-0.00051,0.00134,-0.00021,0.60710,-0.00065,0.12448,0.00084,0.70452,-0.00010,0.70968,1,1,0,0
1765409515.912749,-0.00537,-0.03984,0.05312,-0.00069,0.00276,0.00037,0.60710,-0.00065,0.12448,0.00084,0.70452,-0.00010,0.70968,1,1,0,0
1765409515.914768,-0.00430,-0.00477,0.01420,-0.00135,0.00182,-0.00021,0.60710,-0.00065,0.12448,0.00084,0.70452,-0.00010,0.70968,1,1,0,0
1765409515.916726,-0.01380,0.00501,-0.02387,-0.00080,0.00220,0.00031,0.60710,-0.00065,0.12448,0.00084,0.70452,-0.00010,0.70968,1,1,0,0
1765409515.918732,-0.05210,0.01043,-0.02357,0.00036,-0.00002,0.00008,0.60710,-0.00065,0.12448,0.00084,0.70452,-0.00010,0.70968,1,1,0,0
1765409515.920754,-0.04360,0.05813,-0.01754,-0.00038,0.00162,-0.00008,0.60710,-0.00065,0.12448,0.00084,0.70452,-0.00010,0.70968,1,1,0,0
1765409515.922761,-0.06195,-0.00041,-0.00084,0.00132,0.00201,-0.00003,0.60710,-0.00065,0.12448,0.00084,0.70452,-0.00010,0.70968,1,1,0,0
1765409515.924724,-0.02062,0.04478,-0.01739,-0.00207,0.00173,-0.00036,0.60710,-0.00065,0.12448,0.00084,0.70452,-0.00010,0.70968,1,1,0,0
1765409515.926726,-0.01830,0.00365,0.04446,0.00006,0.00148,-0.00017,0.60710,-0.00065,0.12448,0.00084,0.70452,-0.00010,0.70968,1,1,0,0
1765409515.928747,-0.03318,0.02774,0.01324,-0.00184,0.00213,-0.00086,0.60715,-0.00065,0.12450,0.00084,0.70452,-0.00010,0.70969,1,1,0,0
1765409515.930754,-0.04174,-0.01118,0.04554,-0.00231,0.00103,0.00107,0.60715,-0.00065,0.12450,0.00084,0.70452,-0.00010,0.70969,1,1,0,0
1765409515.932762,-0.04647,0.02579,-0.03915,-0.00186,0.00131,0.00059,0.60720,-0.00065,0.12452,0.00084,0.70452,-0.00010,0.70969,1,1,0,0
1765409515.934758,-0.04863,0.01605,0.00646,0.00021,0.00210,0.00049,0.60720,-0.00065,0.12452,0.00084,0.70452,-0.00010,0.70969,1,1,0,0
1765409515.936739,-0.04742,0.01109,-0.00104,-0.00073,0.00183,0.00022,0.60724,-0.00065,0.12453,0.00084,0.70452,-0.00010,0.70969,1,1,0,0
1765409515.938789,0.00749,0.01719,0.00610,-0.00087,0.00180,0.00017,0.60724,-0.00065,0.12453,0.00084,0.70452,-0.00010,0.70969,1,1,0,0
1765409515.940755,-0.02633,0.01349,0.00633,-0.00048,0.00144,-0.00006,0.60728,-0.00065,0.12455,0.00084,0.70452,-0.00010,0.70969,1,1,0,0
1765409515.942770,-0.02199,0.00521,0.00657,-0.00102,0.00216,0.00034,0.60728,-0.00065,0.12455,0.00084,0.70452,-0.00010,0.70969,1,1,0,0
1765409515.944758,-0.07298,0.00239,-0.03863,-0.00018,0.00126,0.00009,0.60751,-0.00065,0.12463,0.00084,0.70452,-0.00010,0.70969,1,1,0,0
1765409515.946769,-0.05157,0.02405,-0.01631,-0.00079,0.00099,0.00048,0.60751,-0.00065,0.12463,0.00084,0.70452,-0.00010,0.70969,1,1,0,0
1765409515.948754,-0.05199,-0.00474,-0.01583,0.00039,0.00062,-0.00032,0.60751,-0.00065,0.12463,0.00084,0.70452,-0.00010,0.70969,1,1,0,0
1765409515.951348,-0.02260,0.03108,0.00596,-0.00005,0.00100,0.00006,0.60751,-0.00065,0.12463,0.00084,0.70452,-0.00010,0.70969,1,1,0,0
1765409515.952810,-0.01424,0.00024,-0.00868,-0.00020,0.00233,0.00005,0.60751,-0.00065,0.12463,0.00084,0.70452,-0.00010,0.70969,1,1,0,0
1765409515.954762,-0.02151,0.00574,-0.00072,-0.00145,0.00115,0.00074,0.60751,-0.00065,0.12463,0.00084,0.70452,-0.00010,0.70969,1,1,0,0
1765409515.956897,-0.02996,-0.02809,-0.04560,-0.00077,0.00089,0.00005,0.60751,-0.00065,0.12463,0.00084,0.70452,-0.00010,0.70969,1,1,0,0
1765409515.958751,-0.03457,0.02892,-0.01634,-0.00095,0.00040,0.00074,0.60751,-0.00065,0.12463,0.00084,0.70452,-0.00010,0.70969,1,1,0,0
1765409515.960757,-0.02586,0.03387,-0.01669,-0.00089,0.00028,0.00019,0.60751,-0.00065,0.12463,0.00084,0.70452,-0.00010,0.70969,1,1,0,0
1765409515.962795,-0.03853,0.06047,-0.00232,-0.00122,0.00130,0.00007,0.60751,-0.00065,0.12463,0.00084,0.70452,-0.00010,0.70969,1,1,0,0
1765409515.964778,-0.02369,0.01952,0.00599,0.00025,0.00332,0.00033,0.60755,-0.00065,0.12464,0.00084,0.70451,-0.00010,0.70969,1,1,0,0
1765409515.966781,-0.02199,0.03492,0.00602,-0.00131,0.00177,0.00073,0.60755,-0.00065,0.12464,0.00084,0.70451,-0.00010,0.70969,1,1,0,0
1765409515.968772,-0.01898,-0.04027,-0.02274,0.00105,0.00114,-0.00021,0.60760,-0.00065,0.12466,0.00084,0.70451,-0.00010,0.70969,1,1,0,0
1765409515.970782,-0.03006,0.00701,-0.00071,-0.00078,0.00010,0.00035,0.60760,-0.00065,0.12466,0.00084,0.70451,-0.00010,0.70969,1,1,0,0
1765409515.972771,-0.01797,-0.00114,0.02191,-0.00022,0.00110,-0.00005,0.60764,-0.00065,0.12468,0.00084,0.70451,-0.00010,0.70969,1,1,0,0
1765409515.974786,-0.04348,0.05291,0.02039,-0.00044,0.00212,-0.00032,0.60764,-0.00065,0.12468,0.00084,0.70451,-0.00010,0.70969,1,1,0,0
1765409515.976782,-0.02754,0.04693,0.00532,-0.00007,0.00296,0.00019,0.60769,-0.00065,0.12469,0.00084,0.70451,-0.00010,0.70969,1,1,0,0
1765409515.978804,-0.04410,0.05304,-0.00205,-0.00022,0.00176,0.00047,0.60791,-0.00065,0.12478,0.00084,0.70451,-0.00010,0.70970,1,1,0,0
1765409515.980781,-0.05326,-0.01983,-0.00782,0.00130,0.00129,0.00010,0.60791,-0.00065,0.12478,0.00084,0.70451,-0.00010,0.70970,1,1,0,0
1765409515.982802,-0.02587,0.01331,0.01412,-0.00114,0.00132,0.00035,0.60791,-0.00065,0.12478,0.00084,0.70451,-0.00010,0.70970,1,1,0,0
1765409515.984780,-0.02654,-0.01684,0.01455,-0.00041,0.00248,-0.00005,0.60791,-0.00065,0.12478,0.00084,0.70451,-0.00010,0.70970,1,1,0,0
1765409515.986783,-0.04356,0.01831,0.00667,-0.00086,0.00166,0.00103,0.60791,-0.00065,0.12478,0.00084,0.70451,-0.00010,0.70970,1,1,0,0
1765409515.988800,-0.04463,0.00849,-0.01672,0.00099,0.00280,-0.00074,0.60791,-0.00065,0.12478,0.00084,0.70451,-0.00010,0.70970,1,1,0,0
1765409515.990792,-0.03821,0.01598,-0.04675,-0.00132,0.00134,0.00004,0.60791,-0.00065,0.12478,0.00084,0.70451,-0.00010,0.70970,1,1,0,0
1765409515.992790,-0.03450,-0.00674,-0.01611,-0.00073,0.00232,-0.00034,0.60791,-0.00065,0.12478,0.00084,0.70451,-0.00010,0.70970,1,1,0,0
1765409515.994792,-0.03123,0.00654,0.02951,0.00009,0.00113,0.00037,0.60791,-0.00065,0.12478,0.00084,0.70451,-0.00010,0.70970,1,1,0,0
1765409515.996805,-0.02683,-0.01142,0.00700,-0.00013,0.00185,0.00021,0.60791,-0.00065,0.12478,0.00084,0.70451,-0.00010,0.70970,1,1,0,0
1765409515.998793,-0.04489,0.01484,0.02952,-0.00374,0.00206,0.00092,0.60791,-0.00065,0.12478,0.00084,0.70451,-0.00010,0.70970,1,1,0,0
1765409516.000805,0.00672,0.02692,-0.00158,-0.00053,0.00193,0.00070,0.60795,-0.00065,0.12479,0.00084,0.70451,-0.00010,0.70970,1,1,0,0
1765409516.002805,-0.03511,0.04382,-0.03988,-0.00011,0.00077,-0.00010,0.60795,-0.00065,0.12479,0.00084,0.70451,-0.00010,0.70970,1,1,0,0
1765409516.004870,0.00248,-0.00422,0.03711,0.00018,0.00137,0.00021,0.60800,-0.00065,0.12481,0.00084,0.70451,-0.00010,0.70970,1,1,0,0
1765409516.006866,-0.01856,0.01565,-0.00069,-0.00417,-0.00003,0.00088,0.60800,-0.00065,0.12481,0.00084,0.70451,-0.00010,0.70970,1,1,0,0
1765409516.008794,-0.00287,0.02732,0.03638,0.00057,0.00217,0.00074,0.60804,-0.00065,0.12482,0.00084,0.70451,-0.00010,0.70970,1,1,0,0
1765409516.010870,-0.06468,0.07628,-0.05573,-0.00038,0.00097,0.00004,0.60804,-0.00065,0.12482,0.00084,0.70451,-0.00010,0.70970,1,1,0,0
1765409516.012840,-0.03626,0.00854,-0.01619,0.00055,0.00196,0.00047,0.60804,-0.00065,0.12482,0.00084,0.70451,-0.00010,0.70970,1,1,0,0
1765409516.014908,-0.06096,0.03230,0.00668,-0.00353,-0.00081,0.00052,0.60808,-0.00065,0.12484,0.00084,0.70450,-0.00010,0.70970,1,1,0,0
1765409516.016935,-0.02701,-0.06952,0.00866,0.00070,0.00076,0.00023,0.60808,-0.00065,0.12484,0.00084,0.70450,-0.00010,0.70970,1,1,0,0
1765409516.018886,-0.04775,0.03628,-0.06989,-0.00042,0.00106,0.00030,0.60813,-0.00065,0.12486,0.00084,0.70450,-0.00010,0.70970,1,1,0,0
1765409516.020826,0.00133,0.03436,0.00557,0.00065,0.00262,0.00030,0.60835,-0.00065,0.12494,0.00084,0.70449,-0.00010,0.70971,1,1,0,0
1765409516.022863,-0.04485,0.03118,-0.02395,-0.00311,0.00027,0.00047,0.60835,-0.00065,0.12494,0.00084,0.70449,-0.00010,0.70971,1,1,0,0
1765409516.024830,-0.02869,-0.02095,-0.00067,0.00194,0.00238,-0.00033,0.60835,-0.00065,0.12494,0.00084,0.70449,-0.00010,0.70971,1,1,0,0
1765409516.026865,-0.04633,0.00636,-0.04630,-0.00166,0.00107,0.00033,0.60835,-0.00065,0.12494,0.00084,0.70449,-0.00010,0.70971,1,1,0,0
1765409516.028821,-0.02825,0.00369,-0.00880,0.00137,0.00211,-0.00021,0.60835,-0.00065,0.12494,0.00084,0.70449,-0.00010,0.70971,1,1,0,0
1765409516.030821,-0.04249,0.00380,-0.03876,-0.00125,0.00127,0.00019,0.60835,-0.00065,0.12494,0.00084,0.70449,-0.00010,0.70971,1,1,0,0
1765409516.032830,-0.01497,-0.01397,0.01451,0.00072,0.00196,0.00007,0.60835,-0.00065,0.12494,0.00084,0.70449,-0.00010,0.70971,1,1,0,0
1765409516.034814,-0.03230,0.02133,-0.03206,0.00136,0.00176,-0.00050,0.60835,-0.00065,0.12494,0.00084,0.70449,-0.00010,0.70971,1,1,0,0
1765409516.036835,-0.00992,0.01809,-0.00137,-0.00020,0.00137,0.00018,0.60835,-0.00065,0.12494,0.00084,0.70449,-0.00010,0.70971,1,1,0,0
1765409516.038815,-0.02963,0.03533,-0.03200,-0.00174,0.00135,0.00031,0.60835,-0.00065,0.12494,0.00084,0.70449,-0.00010,0.70971,1,1,0,0
1765409516.040882,-0.02688,-0.01089,-0.00051,0.00010,0.00122,0.00021,0.60835,-0.00065,0.12494,0.00084,0.70449,-0.00010,0.70971,1,1,0,0
1765409516.042825,-0.03915,-0.00371,-0.00846,-0.00025,0.00186,-0.00019,0.60840,-0.00066,0.12496,0.00084,0.70449,-0.00010,0.70971,1,1,0,0
1765409516.044865,-0.02317,0.00100,0.01437,0.00024,0.00168,0.00048,0.60840,-0.00066,0.12496,0.00084,0.70449,-0.00010,0.70971,1,1,0,0
1765409516.046895,-0.01366,0.04014,-0.02470,-0.00081,0.00140,0.00016,0.60844,-0.00065,0.12498,0.00084,0.70449,-0.00010,0.70971,1,1,0,0
1765409516.048816,-0.04090,0.02746,0.01416,-0.00359,0.00150,0.00117,0.60844,-0.00065,0.12498,0.00084,0.70449,-0.00010,0.70971,1,1,0,0
1765409516.050829,-0.04589,0.01125,-0.02368,-0.00204,0.00105,0.00021,0.60849,-0.00066,0.12500,0.00084,0.70448,-0.00010,0.70972,1,1,0,0
1765409516.052831,-0.03906,0.03106,-0.00122,-0.00092,0.00096,0.00088,0.60849,-0.00066,0.12500,0.00084,0.70448,-0.00010,0.70972,1,1,0,0
1765409516.054832,-0.01095,0.01795,-0.00906,0.00067,0.00189,0.00017,0.60853,-0.00065,0.12502,0.00084,0.70448,-0.00010,0.70972,1,1,0,0
1765409516.056914,-0.00546,0.03928,0.03607,-0.00104,0.00219,0.00060,0.60853,-0.00065,0.12502,0.00084,0.70448,-0.00010,0.70972,1,1,0,0
1765409516.058839,-0.01148,-0.01632,0.03002,0.00113,0.00168,0.00075,0.60858,-0.00066,0.12504,0.00084,0.70448,-0.00010,0.70972,1,1,0,0
1765409516.060862,-0.03074,0.06608,-0.01747,-0.00050,0.00032,0.00032,0.60858,-0.00066,0.12504,0.00084,0.70448,-0.00010,0.70972,1,1,0,0
1765409516.062846,-0.02790,0.01373,0.01421,0.00062,0.00135,0.00075,0.60885,-0.00066,0.12515,0.00084,0.70446,-0.00010,0.70974,1,1,0,0
1765409516.064837,-0.04296,0.03301,-0.00923,-0.00112,0.00189,0.00021,0.60885,-0.00066,0.12515,0.00084,0.70446,-0.00010,0.70974,1,1,0,0
1765409516.066854,-0.02307,-0.01990,0.04513,-0.00023,0.00309,0.00064,0.60885,-0.00066,0.12515,0.00084,0.70446,-0.00010,0.70974,1,1,0,0
1765409516.068851,-0.06456,0.02638,-0.03949,-0.00033,0.00189,-0.00020,0.60885,-0.00066,0.12515,0.00084,0.70446,-0.00010,0.70974,1,1,0,0
1765409516.070914,-0.02252,-0.01829,0.01469,0.00023,0.00129,-0.00019,0.60885,-0.00066,0.12515,0.00084,0.70446,-0.00010,0.70974,1,1,0,0
1765409516.072875,-0.04537,0.02631,0.01381,-0.00229,0.00077,-0.00017,0.60885,-0.00066,0.12515,0.00084,0.70446,-0.00010,0.70974,1,1,0,0
1765409516.074895,-0.01515,-0.00401,-0.00828,0.00062,0.00159,0.00059,0.60885,-0.00066,0.12515,0.00084,0.70446,-0.00010,0.70974,1,1,0,0
1765409516.076926,-0.03384,0.04382,-0.10795,-0.00142,0.00000,0.00026,0.60885,-0.00066,0.12515,0.00084,0.70446,-0.00010,0.70974,1,1,0,0
1765409516.078891,-0.02243,-0.00833,0.00729,-0.00030,0.00067,0.00075,0.60885,-0.00066,0.12515,0.00084,0.70446,-0.00010,0.70974,1,1,0,0
1765409516.080969,-0.03077,0.04056,-0.01704,-0.00059,0.00148,0.00019,0.60885,-0.00066,0.12515,0.00084,0.70446,-0.00010,0.70974,1,1,0,0
1765409516.082888,0.00226,-0.00479,0.03700,0.00018,0.00213,0.00020,0.60885,-0.00066,0.12515,0.00084,0.70446,-0.00010,0.70974,1,1,0,0
1765409516.084936,-0.04751,0.00602,-0.00884,-0.00035,0.00233,-0.00046,0.60885,-0.00066,0.12515,0.00084,0.70446,-0.00010,0.70974,1,1,0,0
1765409516.086929,-0.05714,0.00425,0.03744,-0.00322,0.00056,0.00027,0.60889,-0.00065,0.12516,0.00084,0.70446,-0.00010,0.70974,1,1,0,0
1765409516.088930,-0.02146,0.00243,0.01436,-0.00039,-0.00026,-0.00032,0.60889,-0.00065,0.12516,0.00084,0.70446,-0.00010,0.70974,1,1,0,0
1765409516.090873,-0.02963,0.01681,-0.02384,-0.00109,0.00009,0.00006,0.60894,-0.00065,0.12518,0.00084,0.70446,-0.00010,0.70974,1,1,0,0
1765409516.092940,-0.02648,-0.00180,-0.00857,-0.00045,0.00209,-0.00007,0.60894,-0.00065,0.12518,0.00084,0.70446,-0.00010,0.70974,1,1,0,0
1765409516.094858,-0.03423,0.02795,-0.00146,-0.00140,0.00166,0.00034,0.60898,-0.00065,0.12520,0.00084,0.70446,-0.00010,0.70975,1,1,0,0
1765409516.096951,-0.02269,0.03002,-0.00144,-0.00071,0.00191,0.00086,0.60898,-0.00065,0.12520,0.00084,0.70446,-0.00010,0.70975,1,1,0,0
1765409516.098863,-0.05827,0.02869,-0.02418,-0.00226,0.00118,-0.00005,0.60903,-0.00065,0.12522,0.00084,0.70445,-0.00010,0.70975,1,1,0,0
1765409516.100884,-0.02700,-0.01127,0.04517,-0.00012,0.00161,0.00065,0.60903,-0.00065,0.12522,0.00084,0.70445,-0.00010,0.70975,1,1,0,0
1765409516.102893,-0.02575,0.03221,-0.03972,-0.00156,0.00219,0.00016,0.60930,-0.00066,0.12532,0.00084,0.70444,-0.00010,0.70976,1,1,0,0
1765409516.104890,-0.00255,-0.00228,-0.00082,0.00043,0.00207,0.00072,0.60930,-0.00066,0.12532,0.00084,0.70444,-0.00010,0.70976,1,1,0,0
1765409516.106887,-0.03828,0.04550,-0.03974,-0.00162,0.00119,0.00045,0.60930,-0.00066,0.12532,0.00084,0.70444,-0.00010,0.70976,1,1,0,0
1765409516.108891,-0.04367,0.02877,0.06695,-0.00029,0.00139,0.00040,0.60930,-0.00066,0.12532,0.00084,0.70444,-0.00010,0.70976,1,1,0,0
1765409516.110887,-0.04637,0.05038,-0.01730,-0.00178,0.00166,-0.00007,0.60930,-0.00066,0.12532,0.00084,0.70444,-0.00010,0.70976,1,1,0,0
1765409516.112946,-0.03344,0.00587,0.00646,0.00183,0.00268,0.00034,0.60930,-0.00066,0.12532,0.00084,0.70444,-0.00010,0.70976,1,1,0,0
1765409516.114893,-0.03027,0.03066,-0.05478,-0.00093,0.00136,0.00002,0.60930,-0.00066,0.12532,0.00084,0.70444,-0.00010,0.70976,1,1,0,0
1765409516.116879,-0.05823,-0.01472,0.03822,-0.00213,-0.00017,0.00082,0.60930,-0.00066,0.12532,0.00084,0.70444,-0.00010,0.70976,1,1,0,0
1765409516.118880,-0.05450,0.03583,-0.02444,-0.00196,0.00151,-0.00006,0.60930,-0.00066,0.12532,0.00084,0.70444,-0.00010,0.70976,1,1,0,0
1765409516.120896,-0.03420,0.00878,-0.02359,-0.00119,0.00092,0.00047,0.60930,-0.00066,0.12532,0.00084,0.70444,-0.00010,0.70976,1,1,0,0
1765409516.122878,-0.04308,-0.00128,-0.01622,-0.00044,0.00203,-0.00046,0.60930,-0.00066,0.12532,0.00084,0.70444,-0.00010,0.70976,1,1,0,0
1765409516.124906,-0.05825,0.01153,0.00627,0.00168,0.00259,-0.00017,0.60930,-0.00066,0.12532,0.00084,0.70444,-0.00010,0.70976,1,1,0,0
1765409516.126876,-0.04874,-0.00034,-0.02327,-0.00283,-0.00005,-0.00005,0.60935,-0.00065,0.12534,0.00084,0.70444,-0.00010,0.70976,1,1,0,0
1765409516.128900,-0.02647,-0.01045,0.01478,-0.00011,0.00058,0.00022,0.60935,-0.00065,0.12534,0.00084,0.70444,-0.00010,0.70976,1,1,0,0
1765409516.130904,-0.03143,0.01407,0.03706,-0.00331,-0.00015,-0.00002,0.60939,-0.00066,0.12536,0.00084,0.70444,-0.00010,0.70976,1,1,0,0
1765409516.132904,-0.02844,0.03234,-0.00971,0.00106,0.00323,-0.00022,0.60939,-0.00066,0.12536,0.00084,0.70444,-0.00010,0.70976,1,1,0,0
1765409516.134907,-0.04637,0.04557,0.01292,-0.00140,0.00190,-0.00072,0.60944,-0.00066,0.12538,0.00084,0.70444,-0.00010,0.70976,1,1,0,0
1765409516.136907,-0.03968,0.01160,0.03713,-0.00006,0.00111,0.00065,0.60944,-0.00066,0.12538,0.00084,0.70444,-0.00010,0.70976,1,1,0,0
1765409516.138906,-0.00544,-0.00954,0.00673,-0.00032,0.00197,-0.00008,0.60948,-0.00066,0.12539,0.00084,0.70444,-0.00010,0.70976,1,1,0,0
1765409516.140927,-0.02188,-0.02362,0.01504,-0.00071,0.00130,0.00036,0.60948,-0.00066,0.12539,0.00084,0.70444,-0.00010,0.70976,1,1,0,0
1765409516.142970,0.00723,0.00225,-0.00875,-0.00061,0.00207,0.00016,0.60953,-0.00066,0.12541,0.00084,0.70444,-0.00010,0.70976,1,1,0,0
1765409516.144918,-0.03127,0.05037,0.00569,-0.00047,0.00148,0.00074,0.60953,-0.00066,0.12541,0.00084,0.70444,-0.00010,0.70976,1,1,0,0
1765409516.146907,-0.03535,0.04817,-0.08574,-0.00006,0.00153,-0.00027,0.60970,-0.00066,0.12547,0.00084,0.70444,-0.00010,0.70976,1,1,0,0
1765409516.148898,-0.05651,0.03122,-0.01640,-0.00048,0.00143,0.00089,0.60975,-0.00066,0.12549,0.00084,0.70444,-0.00010,0.70976,1,1,0,0
1765409516.150953,-0.00874,-0.00741,-0.00862,-0.00117,0.00226,-0.00036,0.60975,-0.00066,0.12549,0.00084,0.70444,-0.00010,0.70976,1,1,0,0
1765409516.152925,-0.03083,0.00071,-0.00857,-0.00042,0.00214,0.00007,0.60975,-0.00066,0.12549,0.00084,0.70444,-0.00010,0.70976,1,1,0,0
1765409516.154932,-0.04797,0.00238,-0.05405,0.00048,0.00082,-0.00035,0.60975,-0.00066,0.12549,0.00084,0.70444,-0.00010,0.70976,1,1,0,0
1765409516.156944,-0.05941,-0.00085,-0.02350,-0.00109,0.00160,-0.00005,0.60975,-0.00066,0.12549,0.00084,0.70444,-0.00010,0.70976,1,1,0,0
1765409516.158918,-0.05617,0.00748,-0.03881,0.00010,0.00067,-0.00006,0.60975,-0.00066,0.12549,0.00084,0.70444,-0.00010,0.70976,1,1,0,0
1765409516.160925,0.00366,0.00982,0.02170,-0.00139,0.00160,0.00059,0.60975,-0.00066,0.12549,0.00084,0.70444,-0.00010,0.70976,1,1,0,0
1765409516.162925,-0.00433,-0.00977,-0.03897,-0.00120,0.00195,-0.00052,0.60975,-0.00066,0.12549,0.00084,0.70444,-0.00010,0.70976,1,1,0,0
1765409516.164931,-0.05358,0.00205,0.02260,-0.00280,0.00002,0.00093,0.60975,-0.00066,0.12549,0.00084,0.70444,-0.00010,0.70976,1,1,0,0
1765409516.166919,-0.05792,0.03155,-0.00163,0.00127,0.00194,0.00009,0.60979,-0.00066,0.12550,0.00084,0.70444,-0.00010,0.70976,1,1,0,0
1765409516.168930,-0.03814,0.05023,0.02840,-0.00178,0.00156,0.00036,0.60979,-0.00066,0.12550,0.00084,0.70444,-0.00010,0.70976,1,1,0,0
1765409516.170921,-0.02713,0.01268,0.02134,-0.00005,0.00272,-0.00005,0.60984,-0.00066,0.12552,0.00084,0.70444,-0.00010,0.70976,1,1,0,0
1765409516.172920,-0.04362,-0.01339,0.01503,-0.00387,0.00041,0.00011,0.60984,-0.00066,0.12552,0.00084,0.70444,-0.00010,0.70976,1,1,0,0
1765409516.174919,-0.00225,0.02209,0.02119,0.00007,0.00242,0.00046,0.60988,-0.00066,0.12554,0.00084,0.70444,-0.00010,0.70976,1,1,0,0
1765409516.176941,-0.04483,0.02460,-0.07730,0.00118,0.00078,0.00002,0.60988,-0.00066,0.12554,0.00084,0.70444,-0.00010,0.70976,1,1,0,0
1765409516.178933,-0.03162,0.01605,0.04442,0.00021,0.00164,0.00051,0.60993,-0.00066,0.12556,0.00084,0.70444,-0.00010,0.70977,1,1,0,0
1765409516.180956,-0.05203,0.02917,-0.04706,-0.00007,0.00111,-0.00008,0.60998,-0.00066,0.12558,0.00084,0.70443,-0.00010,0.70977,1,1,0,0
1765409516.182941,-0.03192,-0.00461,0.02203,0.00018,0.00280,0.00063,0.60998,-0.00066,0.12558,0.00084,0.70443,-0.00010,0.70977,1,1,0,0
1765409516.184943,-0.01239,0.00484,-0.00860,-0.00211,0.00192,0.00032,0.61016,-0.00066,0.12565,0.00084,0.70442,-0.00010,0.70978,1,1,0,0
1765409516.186953,-0.01845,0.02305,0.02883,-0.00014,0.00172,0.00008,0.61016,-0.00066,0.12565,0.00084,0.70442,-0.00010,0.70978,1,1,0,0
1765409516.189000,-0.00915,0.03305,-0.01685,-0.00090,0.00084,0.00017,0.61016,-0.00066,0.12565,0.00084,0.70442,-0.00010,0.70978,1,1,0,0
1765409516.190942,-0.03017,0.05074,-0.00194,-0.00112,0.00083,0.00033,0.61016,-0.00066,0.12565,0.00084,0.70442,-0.00010,0.70978,1,1,0,0
1765409516.192943,-0.05605,0.01136,0.03715,-0.00072,0.00168,0.00067,0.61016,-0.00066,0.12565,0.00084,0.70442,-0.00010,0.70978,1,1,0,0
1765409516.194937,-0.05115,0.03390,-0.04721,-0.00089,0.00109,-0.00022,0.61016,-0.00066,0.12565,0.00084,0.70442,-0.00010,0.70978,1,1,0,0
1765409516.196950,-0.03045,-0.01833,-0.01510,-0.00086,0.00078,0.00101,0.61016,-0.00066,0.12565,0.00084,0.70442,-0.00010,0.70978,1,1,0,0
1765409516.198959,-0.02127,0.02070,-0.01643,-0.00148,0.00100,0.00032,0.61016,-0.00066,0.12565,0.00084,0.70442,-0.00010,0.70978,1,1,0,0
1765409516.200968,0.00212,-0.02523,-0.00776,-0.00029,0.00255,0.00112,0.61016,-0.00066,0.12565,0.00084,0.70442,-0.00010,0.70978,1,1,0,0
1765409516.202989,-0.05395,0.01185,-0.01614,-0.00203,0.00064,-0.00018,0.61020,-0.00066,0.12567,0.00084,0.70442,-0.00010,0.70978,1,1,0,0
1765409516.204970,-0.04469,0.00940,-0.00845,0.00078,0.00117,0.00048,0.61020,-0.00066,0.12567,0.00084,0.70442,-0.00010,0.70978,1,1,0,0
1765409516.206955,-0.06342,0.04593,-0.06259,-0.00162,0.00149,0.00005,0.61025,-0.00066,0.12569,0.00084,0.70442,-0.00010,0.70979,1,1,0,0
1765409516.208972,-0.01815,0.05223,0.02062,-0.00088,0.00183,0.00047,0.61025,-0.00066,0.12569,0.00084,0.70442,-0.00010,0.70979,1,1,0,0
1765409516.210969,-0.02910,-0.00286,0.02216,-0.00133,0.00009,-0.00017,0.61029,-0.00066,0.12571,0.00084,0.70441,-0.00010,0.70979,1,1,0,0
1765409516.212969,-0.03041,0.02092,0.02931,-0.00104,0.00112,0.00077,0.61029,-0.00066,0.12571,0.00084,0.70441,-0.00010,0.70979,1,1,0,0
1765409516.214965,-0.00941,0.02811,-0.00927,-0.00052,0.00110,-0.00009,0.61034,-0.00066,0.12572,0.00084,0.70442,-0.00010,0.70979,1,1,0,0
1765409516.216985,-0.03078,0.02621,0.02156,-0.00054,0.00086,0.00063,0.61034,-0.00066,0.12572,0.00084,0.70442,-0.00010,0.70979,1,1,0,0
1765409516.218972,-0.03534,0.01281,0.00620,-0.00027,0.00269,-0.00006,0.61034,-0.00066,0.12572,0.00084,0.70442,-0.00010,0.70979,1,1,0,0
1765409516.220963,-0.03480,0.03346,-0.00937,-0.00046,0.00140,-0.00021,0.61038,-0.00066,0.12574,0.00084,0.70442,-0.00010,0.70979,1,1,0,0
1765409516.222965,-0.04319,0.00389,-0.04639,-0.00060,0.00141,0.00019,0.61060,-0.00066,0.12582,0.00084,0.70441,-0.00010,0.70979,1,1,0,0
1765409516.224955,-0.01024,0.01280,-0.01627,-0.00027,0.00164,0.00071,0.61060,-0.00066,0.12582,0.00084,0.70441,-0.00010,0.70979,1,1,0,0
1765409516.226992,-0.03072,0.02525,0.02105,-0.00056,0.00237,-0.00019,0.61060,-0.00066,0.12582,0.00084,0.70441,-0.00010,0.70979,1,1,0,0
1765409516.229022,-0.04310,0.01894,-0.01616,-0.00085,0.00089,0.00061,0.61060,-0.00066,0.12582,0.00084,0.70441,-0.00010,0.70979,1,1,0,0
1765409516.230985,-0.04271,-0.00538,-0.02329,-0.00071,0.00065,0.00007,0.61060,-0.00066,0.12582,0.00084,0.70441,-0.00010,0.70979,1,1,0,0
1765409516.232989,-0.05118,0.00899,0.04462,-0.00097,0.00149,0.00013,0.61060,-0.00066,0.12582,0.00084,0.70441,-0.00010,0.70979,1,1,0,0
1765409516.235010,-0.02058,0.00075,-0.04640,-0.00194,0.00114,0.00003,0.61060,-0.00066,0.12582,0.00084,0.70441,-0.00010,0.70979,1,1,0,0
1765409516.236991,-0.04053,-0.01035,0.00725,-0.00252,0.00011,-0.00017,0.61060,-0.00066,0.12582,0.00084,0.70441,-0.00010,0.70979,1,1,0,0
1765409516.239010,-0.01758,0.00783,-0.02396,-0.00098,0.00185,0.00004,0.61060,-0.00066,0.12582,0.00084,0.70441,-0.00010,0.70979,1,1,0,0
1765409516.241001,-0.04690,-0.02360,-0.00009,-0.00115,0.00185,0.00037,0.61060,-0.00066,0.12582,0.00084,0.70441,-0.00010,0.70979,1,1,0,0
1765409516.242990,-0.03477,-0.01121,0.02227,-0.00056,0.00169,0.00023,0.61065,-0.00066,0.12584,0.00084,0.70442,-0.00010,0.70979,1,1,0,0
1765409516.245000,-0.02700,0.06766,0.00477,-0.00004,0.00178,-0.00035,0.61065,-0.00066,0.12584,0.00084,0.70442,-0.00010,0.70979,1,1,0,0
1765409516.247001,-0.04064,0.03595,-0.01708,0.00088,0.00198,-0.00008,0.61069,-0.00066,0.12585,0.00084,0.70441,-0.00010,0.70979,1,1,0,0
1765409516.248984,-0.01704,0.03268,0.01370,-0.00177,0.00120,0.00060,0.61069,-0.00066,0.12585,0.00084,0.70441,-0.00010,0.70979,1,1,0,0
1765409516.251004,-0.04366,-0.00530,-0.01575,0.00017,0.00091,0.00008,0.61074,-0.00066,0.12587,0.00084,0.70441,-0.00010,0.70979,1,1,0,0
1765409516.253011,-0.03867,-0.00314,0.00703,-0.00068,0.00085,0.00023,0.61074,-0.00066,0.12587,0.00084,0.70441,-0.00010,0.70979,1,1,0,0
1765409516.255018,-0.03631,-0.01068,-0.02350,0.00119,0.00171,-0.00021,0.61078,-0.00066,0.12589,0.00084,0.70441,-0.00010,0.70979,1,1,0,0
1765409516.257024,-0.05346,-0.01790,0.08335,-0.00239,0.00090,-0.00009,0.61083,-0.00066,0.12591,0.00084,0.70441,-0.00010,0.70979,1,1,0,0
1765409516.259009,-0.04232,0.02405,0.00652,-0.00144,0.00049,0.00049,0.61101,-0.00066,0.12598,0.00084,0.70441,-0.00010,0.70980,1,1,0,0
1765409516.261052,-0.03032,0.06524,-0.00238,-0.00116,0.00120,0.00033,0.61101,-0.00066,0.12598,0.00084,0.70441,-0.00010,0.70980,1,1,0,0
1765409516.263000,-0.03036,0.03968,-0.02474,-0.00125,0.00236,0.00018,0.61101,-0.00066,0.12598,0.00084,0.70441,-0.00010,0.70980,1,1,0,0
1765409516.265625,-0.00142,0.00382,-0.00092,0.00006,0.00052,0.00018,0.61101,-0.00066,0.12598,0.00084,0.70441,-0.00010,0.70980,1,1,0,0
1765409516.267059,-0.02725,-0.01548,0.00711,0.00070,0.00110,-0.00005,0.61101,-0.00066,0.12598,0.00084,0.70441,-0.00010,0.70980,1,1,0,0
1765409516.269002,-0.02666,0.01817,-0.00892,-0.00042,0.00170,0.00019,0.61101,-0.00066,0.12598,0.00084,0.70441,-0.00010,0.70980,1,1,0,0
1765409516.271024,-0.02318,0.02583,-0.00154,0.00033,0.00153,0.00019,0.61101,-0.00066,0.12598,0.00084,0.70441,-0.00010,0.70980,1,1,0,0
1765409516.273000,-0.04024,0.02073,0.01382,0.00026,0.00224,0.00036,0.61101,-0.00066,0.12598,0.00084,0.70441,-0.00010,0.70980,1,1,0,0
1765409516.275013,-0.01325,0.00083,-0.02352,-0.00107,0.00105,0.00045,0.61101,-0.00066,0.12598,0.00084,0.70441,-0.00010,0.70980,1,1,0,0
1765409516.277031,-0.04370,-0.00115,-0.03867,-0.00022,0.00167,0.00033,0.61101,-0.00066,0.12598,0.00084,0.70441,-0.00010,0.70980,1,1,0,0
1765409516.279020,-0.03225,0.02495,0.03644,0.00032,0.00291,0.00063,0.61105,-0.00066,0.12599,0.00084,0.70441,-0.00010,0.70980,1,1,0,0
1765409516.281031,-0.03989,0.03146,-0.03159,-0.00004,0.00072,0.00086,0.61105,-0.00066,0.12599,0.00084,0.70441,-0.00010,0.70980,1,1,0,0
1765409516.283011,-0.03082,-0.00413,0.05221,-0.00026,0.00227,-0.00015,0.61110,-0.00066,0.12601,0.00084,0.70441,-0.00010,0.70980,1,1,0,0
1765409516.285030,-0.02748,0.04565,-0.00899,-0.00380,-0.00020,0.00087,0.61110,-0.00066,0.12601,0.00084,0.70441,-0.00010,0.70980,1,1,0,0
1765409516.287067,-0.02317,0.00109,0.02939,0.00046,0.00180,0.00009,0.61110,-0.00066,0.12601,0.00084,0.70441,-0.00010,0.70980,1,1,0,0
1765409516.289026,-0.02754,0.03551,-0.00108,-0.00392,0.00006,0.00115,0.61114,-0.00066,0.12603,0.00084,0.70440,-0.00010,0.70980,1,1,0,0
1765409516.291039,-0.02060,-0.03076,-0.03070,0.00226,0.00205,-0.00009,0.61119,-0.00066,0.12605,0.00084,0.70440,-0.00010,0.70980,1,1,0,0
1765409516.293035,-0.03377,0.04837,-0.03225,-0.00159,0.00062,0.00018,0.61123,-0.00066,0.12607,0.00084,0.70440,-0.00010,0.70980,1,1,0,0
1765409516.295049,-0.04194,0.00154,-0.00085,0.00200,0.00216,0.00048,0.61128,-0.00066,0.12608,0.00084,0.70440,-0.00010,0.70981,1,1,0,0
1765409516.297071,-0.03396,0.09192,-0.02593,-0.00193,0.00160,0.00017,0.61128,-0.00066,0.12608,0.00084,0.70440,-0.00010,0.70981,1,1,0,0
1765409516.299051,-0.02292,-0.00890,-0.00821,0.00012,0.00168,0.00033,0.61128,-0.00066,0.12608,0.00084,0.70440,-0.00010,0.70981,1,1,0,0
1765409516.301062,-0.02571,0.01817,-0.00144,-0.00108,0.00156,-0.00020,0.61141,-0.00066,0.12614,0.00084,0.70439,-0.00010,0.70981,1,1,0,0
1765409516.303657,-0.04044,-0.05723,-0.02214,0.00128,0.00142,0.00008,0.61141,-0.00066,0.12614,0.00084,0.70439,-0.00010,0.70981,1,1,0,0
1765409516.305054,-0.00881,0.03203,0.00580,-0.00156,0.00198,0.00018,0.61141,-0.00066,0.12614,0.00084,0.70439,-0.00010,0.70981,1,1,0,0
1765409516.307049,-0.06318,0.02171,-0.02379,-0.00169,0.00087,0.00036,0.61141,-0.00066,0.12614,0.00084,0.70439,-0.00010,0.70981,1,1,0,0
1765409516.309055,-0.05343,0.01448,-0.04677,0.00128,0.00152,-0.00008,0.61141,-0.00066,0.12614,0.00084,0.70439,-0.00010,0.70981,1,1,0,0
1765409516.311092,-0.03082,0.02045,-0.00876,-0.00083,0.00176,0.00074,0.61141,-0.00066,0.12614,0.00084,0.70439,-0.00010,0.70981,1,1,0,0
1765409516.313053,-0.01072,-0.00251,0.02159,0.00042,0.00292,-0.00007,0.61141,-0.00066,0.12614,0.00084,0.70439,-0.00010,0.70981,1,1,0,0
1765409516.315049,-0.05115,-0.02009,0.01508,-0.00067,0.00088,0.00012,0.61141,-0.00066,0.12614,0.00084,0.70439,-0.00010,0.70981,1,1,0,0
1765409516.317048,-0.00541,-0.01381,-0.00817,-0.00015,0.00109,0.00005,0.61145,-0.00066,0.12616,0.00084,0.70439,-0.00010,0.70982,1,1,0,0
1765409516.319075,-0.03772,0.02654,-0.00882,-0.00163,0.00031,0.00021,0.61150,-0.00066,0.12617,0.00084,0.70439,-0.00010,0.70982,1,1,0,0
1765409516.321048,-0.01547,0.01131,-0.06175,0.00103,0.00095,0.00055,0.61150,-0.00066,0.12617,0.00084,0.70439,-0.00010,0.70982,1,1,0,0
1765409516.323046,-0.03077,0.04537,-0.04725,-0.00097,0.00124,0.00083,0.61155,-0.00066,0.12619,0.00084,0.70438,-0.00010,0.70982,1,1,0,0
1765409516.325085,-0.00541,0.01960,-0.00910,-0.00084,0.00221,0.00030,0.61155,-0.00066,0.12619,0.00084,0.70438,-0.00010,0.70982,1,1,0,0
1765409516.327067,-0.05127,0.04343,0.00588,-0.00121,0.00134,0.00036,0.61155,-0.00066,0.12619,0.00084,0.70438,-0.00010,0.70982,1,1,0,0
1765409516.329082,-0.01056,0.00772,0.02165,0.00011,0.00215,0.00047,0.61159,-0.00066,0.12621,0.00084,0.70438,-0.00010,0.70982,1,1,0,0
1765409516.331075,-0.05039,0.01965,-0.00854,-0.00150,0.00008,0.00022,0.61159,-0.00066,0.12621,0.00084,0.70438,-0.00010,0.70982,1,1,0,0
1765409516.333080,-0.00183,0.01338,0.00622,0.00040,0.00115,-0.00009,0.61164,-0.00066,0.12623,0.00084,0.70438,-0.00010,0.70983,1,1,0,0
1765409516.335085,-0.04689,0.07012,-0.01771,-0.00154,0.00165,0.00019,0.61173,-0.00066,0.12627,0.00084,0.70437,-0.00010,0.70983,1,1,0,0
1765409516.337085,-0.03329,0.02478,0.00596,0.00119,0.00343,0.00060,0.61186,-0.00066,0.12632,0.00084,0.70437,-0.00010,0.70983,1,1,0,0
1765409516.339093,-0.03125,0.02370,-0.00094,-0.00385,-0.00027,0.00048,0.61190,-0.00066,0.12634,0.00084,0.70437,-0.00010,0.70984,1,1,0,0
1765409516.341079,-0.03116,-0.01310,0.00713,0.00029,0.00114,0.00009,0.61190,-0.00066,0.12634,0.00084,0.70437,-0.00010,0.70984,1,1,0,0
1765409516.343093,-0.04641,0.00615,-0.06153,-0.00166,0.00132,0.00031,0.61190,-0.00066,0.12634,0.00084,0.70437,-0.00010,0.70984,1,1,0,0
1765409516.345465,-0.02453,0.02537,0.00625,0.00098,0.00219,0.00100,0.61190,-0.00066,0.12634,0.00084,0.70437,-0.00010,0.70984,1,1,0,0
1765409516.347192,-0.00087,0.04310,0.01316,-0.00055,0.00060,-0.00009,0.61190,-0.00066,0.12634,0.00084,0.70437,-0.00010,0.70984,1,1,0,0
1765409516.349171,-0.01441,0.00036,0.00669,-0.00020,0.00208,0.00047,0.61190,-0.00066,0.12634,0.00084,0.70437,-0.00010,0.70984,1,1,0,0
1765409516.351166,-0.04848,0.00726,-0.03891,0.00075,0.00096,-0.00007,0.61190,-0.00066,0.12634,0.00084,0.70437,-0.00010,0.70984,1,1,0,0
1765409516.353194,-0.03443,0.03306,-0.01682,-0.00112,0.00153,0.00019,0.61190,-0.00066,0.12634,0.00084,0.70437,-0.00010,0.70984,1,1,0,0
1765409516.355164,-0.00486,0.04019,-0.01690,-0.00124,0.00079,0.00057,0.61190,-0.00066,0.12634,0.00084,0.70437,-0.00010,0.70984,1,1,0,0
1765409516.357165,-0.03948,0.03079,0.01353,-0.00027,0.00184,0.00008,0.61190,-0.00066,0.12634,0.00084,0.70437,-0.00010,0.70984,1,1,0,0
1765409516.359104,0.00689,0.00620,0.02162,-0.00100,0.00309,0.00086,0.61190,-0.00066,0.12634,0.00084,0.70437,-0.00010,0.70984,1,1,0,0
1765409516.361092,-0.02282,0.01557,-0.02416,-0.00002,0.00191,0.00004,0.61195,-0.00066,0.12636,0.00084,0.70436,-0.00010,0.70984,1,1,0,0
1765409516.363089,-0.02936,0.02043,-0.02384,-0.00214,0.00124,0.00073,0.61195,-0.00066,0.12636,0.00084,0.70436,-0.00010,0.70984,1,1,0,0
1765409516.365097,-0.04846,0.03572,-0.01688,0.00001,0.00208,0.00034,0.61199,-0.00066,0.12637,0.00084,0.70436,-0.00010,0.70984,1,1,0,0
1765409516.367107,-0.07077,0.00303,-0.03836,-0.00192,-0.00029,0.00009,0.61199,-0.00066,0.12637,0.00084,0.70436,-0.00010,0.70984,1,1,0,0
1765409516.369094,-0.02719,-0.02674,-0.48591,0.00449,-0.00011,0.00050,0.61203,-0.00066,0.12639,0.00084,0.70436,-0.00010,0.70984,1,1,0,0
1765409516.371149,-0.04725,0.01590,-0.00883,-0.00089,0.00195,0.00008,0.61203,-0.00066,0.12639,0.00084,0.70436,-0.00010,0.70984,1,1,0,0
1765409516.373106,-0.01217,0.01892,-0.03926,-0.00281,0.00243,0.00069,0.61208,-0.00066,0.12641,0.00084,0.70436,-0.00010,0.70984,1,1,0,0
1765409516.375130,-0.04652,0.01522,-0.03925,-0.00177,0.00245,0.00006,0.61208,-0.00066,0.12641,0.00084,0.70436,-0.00010,0.70984,1,1,0,0
1765409516.377145,-0.00965,0.03796,0.02107,-0.00062,0.00098,0.00047,0.61231,-0.00066,0.12650,0.00084,0.70435,-0.00010,0.70985,1,1,0,0
1765409516.379154,-0.03996,-0.00834,-0.03089,0.00035,0.00151,0.00033,0.61231,-0.00066,0.12650,0.00084,0.70435,-0.00010,0.70985,1,1,0,0
1765409516.381175,-0.04509,0.00900,-0.00095,0.00100,0.00181,0.00049,0.61231,-0.00066,0.12650,0.00084,0.70435,-0.00010,0.70985,1,1,0,0
1765409516.383189,0.01079,-0.00448,-0.56340,0.00301,0.00449,0.00025,0.61231,-0.00066,0.12650,0.00084,0.70435,-0.00010,0.70985,1,1,0,0
1765409516.385127,0.00327,-0.00116,-0.06185,-0.00131,0.00301,0.00039,0.61231,-0.00066,0.12650,0.00084,0.70435,-0.00010,0.70985,1,1,0,0
1765409516.387132,-0.07620,0.00168,-0.00101,0.00243,0.00332,0.00011,0.61231,-0.00066,0.12650,0.00084,0.70435,-0.00010,0.70985,1,1,0,0
1765409516.389115,-0.00713,0.01961,0.02115,0.00069,0.00286,0.00033,0.61231,-0.00066,0.12650,0.00084,0.70435,-0.00010,0.70985,1,1,0,0
1765409516.391110,-0.05025,0.02001,-0.02366,-0.00149,-0.00042,0.00021,0.61231,-0.00066,0.12650,0.00084,0.70435,-0.00010,0.70985,1,1,0,0
1765409516.393151,-0.02144,-0.00318,-0.04631,-0.00068,0.00038,-0.00023,0.61231,-0.00066,0.12650,0.00084,0.70435,-0.00010,0.70985,1,1,0,0
1765409516.395142,0.00482,-0.00464,-0.03854,-0.00222,0.00072,0.00055,0.61231,-0.00066,0.12650,0.00084,0.70435,-0.00010,0.70985,1,1,0,0
1765409516.397154,-0.02062,0.00414,-0.47219,0.00465,0.00448,0.00075,0.61235,-0.00066,0.12652,0.00084,0.70435,-0.00010,0.70985,1,1,0,0
1765409516.399143,0.00684,-0.00252,-0.08451,-0.00023,0.00183,0.00024,0.61235,-0.00066,0.12652,0.00084,0.70435,-0.00010,0.70985,1,1,0,0
1765409516.401145,-0.06343,0.05403,-0.04003,0.00219,0.00187,0.00046,0.61240,-0.00066,0.12654,0.00084,0.70435,-0.00010,0.70985,1,1,0,0
1765409516.403141,-0.02751,0.00937,0.02916,0.00100,0.00107,-0.00031,0.61240,-0.00066,0.12654,0.00084,0.70435,-0.00010,0.70985,1,1,0,0
1765409516.405134,-0.02630,0.03762,-0.03210,-0.00106,0.00169,0.00044,0.61244,-0.00066,0.12656,0.00084,0.70434,-0.00010,0.70986,1,1,0,0
1765409516.407135,-0.01658,-0.01627,-0.01563,-0.00149,0.00097,-0.00008,0.61244,-0.00066,0.12656,0.00084,0.70434,-0.00010,0.70986,1,1,0,0
1765409516.409129,-0.03234,0.01414,-0.04635,-0.00266,-0.00025,0.00032,0.61249,-0.00066,0.12657,0.00084,0.70434,-0.00010,0.70986,1,1,0,0
1765409516.411128,0.00372,0.00042,-0.39623,0.00155,0.00444,0.00066,0.61249,-0.00066,0.12657,0.00084,0.70434,-0.00010,0.70986,1,1,0,0
1765409516.413141,-0.06001,0.02003,-0.02393,-0.00019,0.00045,-0.00019,0.61253,-0.00066,0.12659,0.00084,0.70434,-0.00010,0.70986,1,1,0,0
1765409516.415157,-0.03581,0.02395,-0.06959,0.00030,0.00093,0.00042,0.61253,-0.00066,0.12659,0.00084,0.70434,-0.00010,0.70986,1,1,0,0
1765409516.417172,-0.03075,0.02013,-0.06992,-0.00062,0.00238,-0.00012,0.61258,-0.00066,0.12661,0.00084,0.70434,-0.00010,0.70987,1,1,0,0
1765409516.419157,-0.04547,0.03286,-0.02463,0.00106,0.00293,0.00019,0.61258,-0.00066,0.12661,0.00084,0.70434,-0.00010,0.70987,1,1,0,0
1765409516.421163,-0.02249,0.00090,-0.03134,-0.00019,0.00167,0.00004,0.61262,-0.00066,0.12663,0.00084,0.70433,-0.00010,0.70987,1,1,0,0
1765409516.423183,0.00349,0.02092,-0.40410,0.00180,0.00341,0.00092,0.61262,-0.00066,0.12663,0.00084,0.70433,-0.00010,0.70987,1,1,0,0
1765409516.425175,-0.01312,0.01051,0.02165,-0.00117,0.00142,0.00021,0.61267,-0.00066,0.12665,0.00084,0.70433,-0.00010,0.70987,1,1,0,0
1765409516.427171,-0.03836,0.04027,-0.07758,-0.00168,0.00146,0.00055,0.61267,-0.00066,0.12665,0.00084,0.70433,-0.00010,0.70987,1,1,0,0
1765409516.429181,-0.03810,0.02489,0.02127,-0.00187,0.00247,0.00023,0.61285,-0.00066,0.12672,0.00084,0.70433,-0.00010,0.70987,1,1,0,0
1765409516.431252,-0.05085,0.02472,-0.03152,-0.00100,0.00009,0.00007,0.61285,-0.00066,0.12672,0.00084,0.70433,-0.00010,0.70987,1,1,0,0
1765409516.433174,-0.00275,-0.01139,-0.11462,0.00119,0.00132,0.00009,0.61285,-0.00066,0.12672,0.00084,0.70433,-0.00010,0.70987,1,1,0,0
1765409516.435172,-0.00577,-0.00063,-0.28221,-0.00043,0.00262,-0.00018,0.61285,-0.00066,0.12672,0.00084,0.70433,-0.00010,0.70987,1,1,0,0
1765409516.437152,-0.00602,0.02976,0.01367,-0.00050,0.00183,0.00086,0.61285,-0.00066,0.12672,0.00084,0.70433,-0.00010,0.70987,1,1,0,0
1765409516.439156,-0.01739,0.02247,-0.03935,-0.00146,0.00172,0.00043,0.61285,-0.00066,0.12672,0.00084,0.70433,-0.00010,0.70987,1,1,0,0
1765409516.441178,-0.02196,0.00086,-0.02335,-0.00107,0.00116,0.00086,0.61285,-0.00066,0.12672,0.00084,0.70433,-0.00010,0.70987,1,1,0,0
1765409516.443173,-0.06156,0.01718,-0.01601,-0.00284,-0.00003,0.00010,0.61285,-0.00066,0.12672,0.00084,0.70433,-0.00010,0.70987,1,1,0,0
1765409516.445180,-0.01159,0.00613,-0.36596,0.00052,0.00372,0.00016,0.61289,-0.00066,0.12673,0.00084,0.70433,-0.00010,0.70987,1,1,0,0
1765409516.447174,-0.02423,0.02737,-0.11553,-0.00272,0.00154,-0.00016,0.61289,-0.00066,0.12673,0.00084,0.70433,-0.00010,0.70987,1,1,0,0
1765409516.449190,-0.01529,-0.03416,-0.00762,0.00069,0.00237,0.00060,0.61294,-0.00066,0.12675,0.00084,0.70433,-0.00010,0.70987,1,1,0,0
1765409516.451176,-0.02195,0.05014,-0.01761,-0.00069,0.00174,-0.00050,0.61294,-0.00066,0.12675,0.00084,0.70433,-0.00010,0.70987,1,1,0,0
1765409516.453179,-0.01637,0.00602,0.01407,0.00184,0.00197,0.00033,0.61298,-0.00066,0.12677,0.00084,0.70433,-0.00010,0.70987,1,1,0,0
1765409516.455186,-0.04360,0.01826,-0.24430,-0.00043,0.00167,0.00002,0.61298,-0.00066,0.12677,0.00084,0.70433,-0.00010,0.70987,1,1,0,0
1765409516.457180,-0.03605,0.01760,-0.24430,0.00000,0.00235,0.00042,0.61303,-0.00066,0.12679,0.00084,0.70433,-0.00010,0.70988,1,1,0,0
1765409516.459526,-0.06378,0.02778,-0.01643,-0.00053,-0.00002,-0.00018,0.61303,-0.00066,0.12679,0.00084,0.70433,-0.00010,0.70988,1,1,0,0
1765409516.461177,0.00123,0.02478,0.02876,0.00075,0.00225,0.00059,0.61330,-0.00066,0.12690,0.00084,0.70431,-0.00010,0.70989,1,1,0,0
1765409516.463199,-0.00550,0.00023,0.04449,-0.00042,0.00209,0.00008,0.61330,-0.00066,0.12690,0.00084,0.70431,-0.00010,0.70989,1,1,0,0
1765409516.465195,-0.00929,0.01331,-0.13003,-0.00092,0.00050,0.00062,0.61330,-0.00066,0.12690,0.00084,0.70431,-0.00010,0.70989,1,1,0,0
1765409516.467212,-0.02441,0.01326,-0.19859,-0.00223,0.00067,-0.00022,0.61330,-0.00066,0.12690,0.00084,0.70431,-0.00010,0.70989,1,1,0,0
1765409516.469180,-0.04768,0.04646,-0.05502,-0.00030,0.00079,0.00004,0.61330,-0.00066,0.12690,0.00084,0.70431,-0.00010,0.70989,1,1,0,0
1765409516.471192,-0.04046,0.00403,0.07534,-0.00300,0.00048,0.00029,0.61330,-0.00066,0.12690,0.00084,0.70431,-0.00010,0.70989,1,1,0,0
1765409516.473210,-0.03558,0.01226,-0.02446,-0.00006,0.00358,-0.00049,0.61330,-0.00066,0.12690,0.00084,0.70431,-0.00010,0.70989,1,1,0,0
1765409516.475202,-0.01894,0.03331,-0.23676,-0.00002,0.00048,0.00081,0.61330,-0.00066,0.12690,0.00084,0.70431,-0.00010,0.70989,1,1,0,0
1765409516.477245,-0.02946,0.04011,-0.06257,-0.00191,0.00147,0.00015,0.61330,-0.00066,0.12690,0.00084,0.70431,-0.00010,0.70989,1,1,0,0
1765409516.479203,-0.03901,0.00286,-0.01580,0.00005,-0.00029,0.00008,0.61330,-0.00066,0.12690,0.00084,0.70431,-0.00010,0.70989,1,1,0,0
1765409516.481190,-0.03951,0.02136,0.00638,-0.00017,0.00122,0.00035,0.61330,-0.00066,0.12690,0.00084,0.70431,-0.00010,0.70989,1,1,0,0
1765409516.483196,-0.06201,0.01160,-0.14505,-0.00269,0.00062,0.00013,0.61330,-0.00066,0.12690,0.00084,0.70431,-0.00010,0.70989,1,1,0,0
1765409516.485190,-0.02985,0.00196,-0.11461,-0.00084,0.00011,-0.00001,0.61335,-0.00066,0.12692,0.00084,0.70431,-0.00010,0.70989,1,1,0,0
1765409516.487192,-0.04012,0.02601,-0.04706,0.00033,0.00173,0.00017,0.61335,-0.00066,0.12692,0.00084,0.70431,-0.00010,0.70989,1,1,0,0
1765409516.489196,-0.02803,0.00341,0.02969,0.00049,0.00187,0.00103,0.61339,-0.00066,0.12693,0.00084,0.70432,-0.00010,0.70989,1,1,0,0
1765409516.491218,-0.02233,0.00618,-0.18315,-0.00035,0.00079,0.00019,0.61339,-0.00066,0.12693,0.00084,0.70432,-0.00010,0.70989,1,1,0,0
1765409516.493196,-0.01953,-0.01218,-0.16769,0.00052,0.00242,0.00047,0.61344,-0.00066,0.12695,0.00084,0.70431,-0.00010,0.70989,1,1,0,0
1765409516.495226,-0.05459,0.04188,-0.03965,-0.00145,0.00024,-0.00021,0.61344,-0.00066,0.12695,0.00084,0.70431,-0.00010,0.70989,1,1,0,0
1765409516.497221,-0.01994,0.02339,0.01412,0.00074,0.00125,0.00128,0.61348,-0.00066,0.12697,0.00084,0.70431,-0.00010,0.70989,1,1,0,0
1765409516.499366,-0.03330,0.02337,-0.18340,-0.00211,0.00053,0.00034,0.61348,-0.00066,0.12697,0.00084,0.70431,-0.00010,0.70989,1,1,0,0
1765409516.501259,-0.03065,0.03445,-0.13835,-0.00132,0.00239,0.00063,0.61380,-0.00066,0.12709,0.00084,0.70431,-0.00010,0.70989,1,1,0,0
1765409516.503228,-0.02642,0.01814,-0.04688,-0.00064,0.00157,0.00016,0.61380,-0.00066,0.12709,0.00084,0.70431,-0.00010,0.70989,1,1,0,0
1765409516.505229,-0.03515,0.03436,-0.06983,-0.00001,0.00015,0.00015,0.61380,-0.00066,0.12709,0.00084,0.70431,-0.00010,0.70989,1,1,0,0
1765409516.507242,-0.03749,-0.01464,-0.15224,-0.00235,0.00200,0.00037,0.61380,-0.00066,0.12709,0.00084,0.70431,-0.00010,0.70989,1,1,0,0
1765409516.509224,-0.04422,0.00610,-0.02340,-0.00363,0.00066,0.00035,0.61380,-0.00066,0.12709,0.00084,0.70431,-0.00010,0.70989,1,1,0,0
1765409516.511225,-0.02249,0.01992,0.01410,-0.00105,0.00204,0.00115,0.61380,-0.00066,0.12709,0.00084,0.70431,-0.00010,0.70989,1,1,0,0
1765409516.513216,-0.03049,0.04980,-0.07787,-0.00135,0.00174,0.00067,0.61380,-0.00066,0.12709,0.00084,0.70431,-0.00010,0.70989,1,1,0,0
1765409516.515238,-0.02212,0.03439,-0.18374,-0.00154,0.00192,0.00099,0.61380,-0.00066,0.12709,0.00084,0.70431,-0.00010,0.70989,1,1,0,0
1765409516.517220,-0.00402,0.00578,-0.02365,-0.00166,0.00055,0.00030,0.61380,-0.00066,0.12709,0.00084,0.70431,-0.00010,0.70989,1,1,0,0
1765409516.519232,-0.01380,0.01982,-0.03165,-0.00106,0.00194,0.00070,0.61380,-0.00066,0.12709,0.00084,0.70431,-0.00010,0.70989,1,1,0,0
1765409516.521234,-0.02262,0.01032,-0.19090,-0.00052,0.00168,0.00045,0.61380,-0.00066,0.12709,0.00084,0.70431,-0.00010,0.70989,1,1,0,0
1765409516.523217,-0.04424,0.01595,-0.06157,-0.00373,0.00053,0.00045,0.61380,-0.00066,0.12709,0.00084,0.70431,-0.00010,0.70989,1,1,0,0
1765409516.525218,-0.01848,0.04332,0.02112,-0.00033,0.00070,0.00074,0.61380,-0.00066,0.12709,0.00084,0.70431,-0.00010,0.70989,1,1,0,0
1765409516.527253,-0.04680,0.04046,-0.20681,-0.00147,0.00143,0.00005,0.61380,-0.00066,0.12709,0.00084,0.70431,-0.00010,0.70989,1,1,0,0
1765409516.529237,-0.01942,0.01718,-0.16829,0.00000,0.00240,0.00086,0.61384,-0.00066,0.12711,0.00084,0.70431,-0.00010,0.70989,1,1,0,0
1765409516.531236,-0.02446,0.01387,-0.01625,-0.00200,0.00028,-0.00008,0.61384,-0.00066,0.12711,0.00084,0.70431,-0.00010,0.70989,1,1,0,0
1765409516.533268,-0.04407,0.01397,-0.05403,-0.00004,0.00117,0.00072,0.61389,-0.00066,0.12713,0.00084,0.70431,-0.00010,0.70989,1,1,0,0
1765409516.535237,-0.04291,-0.00230,-0.19084,-0.00111,0.00269,-0.00020,0.61389,-0.00066,0.12713,0.00084,0.70431,-0.00010,0.70989,1,1,0,0
1765409516.537256,-0.03993,0.01089,-0.05413,-0.00007,0.00188,0.00058,0.61393,-0.00066,0.12714,0.00084,0.70431,-0.00010,0.70989,1,1,0,0
1765409516.539254,-0.01964,-0.03590,-0.05308,0.00111,0.00167,0.00043,0.61393,-0.00066,0.12714,0.00084,0.70431,-0.00010,0.70989,1,1,0,0
1765409516.541242,-0.02017,0.04000,-0.16849,-0.00300,0.00049,0.00087,0.61398,-0.00066,0.12716,0.00084,0.70431,-0.00010,0.70989,1,1,0,0
1765409516.543301,-0.02234,0.04462,-0.01719,-0.00097,0.00214,0.00044,0.61398,-0.00066,0.12716,0.00084,0.70431,-0.00010,0.70989,1,1,0,0
1765409516.545271,-0.03259,0.05017,-0.06297,0.00084,0.00226,0.00028,0.61420,-0.00066,0.12724,0.00084,0.70431,-0.00010,0.70989,1,1,0,0
1765409516.547298,-0.03964,-0.00395,-0.17524,-0.00026,0.00164,0.00049,0.61420,-0.00066,0.12724,0.00084,0.70431,-0.00010,0.70989,1,1,0,0
1765409516.549342,-0.03456,0.00589,-0.06892,-0.00472,0.00017,0.00030,0.61420,-0.00066,0.12724,0.00084,0.70431,-0.00010,0.70989,1,1,0,0
1765409516.551336,-0.02406,-0.00877,-0.03087,0.00100,0.00170,0.00072,0.61420,-0.00066,0.12724,0.00084,0.70431,-0.00010,0.70989,1,1,0,0
1765409516.553260,-0.01794,0.05706,-0.10866,-0.00104,0.00170,0.00023,0.61420,-0.00066,0.12724,0.00084,0.70431,-0.00010,0.70989,1,1,0,0
1765409516.555243,-0.02231,0.03962,-0.16129,-0.00104,0.00190,0.00047,0.61420,-0.00066,0.12724,0.00084,0.70431,-0.00010,0.70989,1,1,0,0
1765409516.557252,-0.05225,-0.01732,-0.00000,-0.00326,-0.00038,-0.00016,0.61420,-0.00066,0.12724,0.00084,0.70431,-0.00010,0.70989,1,1,0,0
1765409516.559252,-0.04090,0.00836,-0.04629,-0.00295,0.00100,0.00046,0.61420,-0.00066,0.12724,0.00084,0.70431,-0.00010,0.70989,1,1,0,0
1765409516.561261,-0.02404,-0.03691,-0.09053,-0.00327,0.00123,0.00123,0.61420,-0.00066,0.12724,0.00084,0.70431,-0.00010,0.70989,1,1,0,0
1765409516.563269,-0.04538,0.02624,-0.03176,-0.00229,0.00078,-0.00021,0.61420,-0.00066,0.12724,0.00084,0.70431,-0.00010,0.70989,1,1,0,0
1765409516.565337,-0.02532,0.00040,-0.05405,0.00177,0.00286,0.00083,0.61424,-0.00066,0.12726,0.00084,0.70431,-0.00010,0.70989,1,1,0,0
1765409516.567347,-0.03192,0.05575,-0.17727,0.00090,0.00148,-0.00076,0.61424,-0.00066,0.12726,0.00084,0.70431,-0.00010,0.70989,1,1,0,0
1765409516.569268,-0.03051,-0.00898,-0.01592,-0.00053,0.00189,-0.00007,0.61429,-0.00066,0.12728,0.00084,0.70431,-0.00010,0.70989,1,1,0,0
1765409516.571265,-0.04050,0.00640,-0.08447,0.00074,0.00163,0.00028,0.61429,-0.00066,0.12728,0.00084,0.70431,-0.00010,0.70989,1,1,0,0
1765409516.573251,-0.03902,0.01065,-0.17560,-0.00095,0.00162,0.00048,0.61433,-0.00066,0.12730,0.00084,0.70431,-0.00010,0.70989,1,1,0,0
1765409516.575267,-0.01023,0.00724,-0.08471,-0.00034,0.00241,0.00039,0.61433,-0.00066,0.12730,0.00084,0.70431,-0.00010,0.70989,1,1,0,0
1765409516.577259,-0.04434,-0.00337,-0.01575,-0.00309,0.00053,-0.00018,0.61438,-0.00066,0.12731,0.00084,0.70431,-0.00010,0.70989,1,1,0,0
1765409516.579262,-0.02915,-0.02363,-0.05321,-0.00180,0.00101,0.00031,0.61438,-0.00066,0.12731,0.00084,0.70431,-0.00010,0.70989,1,1,0,0
1765409516.581263,-0.04003,0.00571,-0.09973,0.00008,0.00226,0.00027,0.61438,-0.00066,0.12731,0.00084,0.70431,-0.00010,0.70989,1,1,0,0
1765409516.583365,-0.02441,0.02301,-0.04638,-0.00298,0.00042,0.00125,0.61442,-0.00066,0.12733,0.00084,0.70431,-0.00010,0.70989,1,1,0,0
1765409516.585262,-0.02423,0.02868,-0.09254,-0.00226,0.00002,-0.00014,0.61447,-0.00066,0.12735,0.00084,0.70431,-0.00010,0.70989,1,1,0,0
1765409516.587313,-0.01872,0.01286,-0.06182,-0.00027,0.00175,0.00068,0.61451,-0.00066,0.12737,0.00084,0.70431,-0.00010,0.70989,1,1,0,0
1765409516.589306,-0.03171,0.00397,-0.03856,-0.00322,0.00000,0.00019,0.61451,-0.00066,0.12737,0.00084,0.70431,-0.00010,0.70989,1,1,0,0
1765409516.591279,-0.00314,0.02031,-0.05420,-0.00280,0.00029,0.00068,0.61451,-0.00066,0.12737,0.00084,0.70431,-0.00010,0.70989,1,1,0,0
1765409516.593269,-0.02669,0.01244,-0.01646,-0.00071,0.00260,0.00032,0.61465,-0.00066,0.12742,0.00084,0.70431,-0.00010,0.70989,1,1,0,0
1765409516.595292,-0.04890,0.03148,-0.10015,0.00061,0.00121,0.00041,0.61465,-0.00066,0.12742,0.00084,0.70431,-0.00010,0.70989,1,1,0,0
1765409516.597282,-0.03960,0.01462,-0.10727,-0.00112,0.00277,0.00120,0.61465,-0.00066,0.12742,0.00084,0.70431,-0.00010,0.70989,1,1,0,0
1765409516.599299,-0.03768,0.02030,-0.13034,-0.00215,0.00159,0.00025,0.61465,-0.00066,0.12742,0.00084,0.70431,-0.00010,0.70989,1,1,0,0
1765409516.601270,-0.03171,-0.01407,-0.02308,0.00006,0.00205,0.00087,0.61465,-0.00066,0.12742,0.00084,0.70431,-0.00010,0.70989,1,1,0,0
1765409516.603288,-0.03752,0.01093,-0.06949,-0.00182,0.00133,-0.00024,0.61465,-0.00066,0.12742,0.00084,0.70431,-0.00010,0.70989,1,1,0,0
1765409516.605367,-0.02827,0.01824,-0.11499,0.00067,0.00161,0.00092,0.61465,-0.00066,0.12742,0.00084,0.70431,-0.00010,0.70989,1,1,0,0
1765409516.607294,-0.05572,0.04644,-0.10832,-0.00052,0.00101,-0.00040,0.61469,-0.00066,0.12744,0.00084,0.70431,-0.00010,0.70989,1,1,0,0
1765409516.609299,-0.03968,0.00592,-0.06912,-0.00035,0.00175,0.00070,0.61469,-0.00066,0.12744,0.00084,0.70431,-0.00010,0.70989,1,1,0,0
1765409516.611348,-0.02948,0.00524,-0.14522,-0.00189,0.00176,0.00023,0.61474,-0.00066,0.12746,0.00084,0.70431,-0.00010,0.70990,1,1,0,0
1765409516.613327,-0.03087,-0.02791,-0.09120,0.00011,0.00091,0.00001,0.61474,-0.00066,0.12746,0.00084,0.70431,-0.00010,0.70990,1,1,0,0
1765409516.615319,-0.01241,0.01588,-0.06158,-0.00198,0.00015,0.00082,0.61479,-0.00066,0.12747,0.00084,0.70431,-0.00010,0.70989,1,1,0,0
1765409516.617306,-0.03879,0.05603,-0.11599,-0.00084,0.00056,0.00011,0.61479,-0.00066,0.12747,0.00084,0.70431,-0.00010,0.70989,1,1,0,0
1765409516.619337,-0.03132,0.04034,-0.12343,-0.00016,0.00175,0.00010,0.61483,-0.00066,0.12749,0.00084,0.70431,-0.00010,0.70989,1,1,0,0
1765409516.621319,-0.04625,0.01587,-0.11507,-0.00176,0.00144,-0.00000,0.61483,-0.00066,0.12749,0.00084,0.70431,-0.00010,0.70989,1,1,0,0
1765409516.623343,-0.00163,-0.04843,-0.07513,-0.00363,-0.00044,0.00055,0.61509,-0.00066,0.12759,0.00084,0.70431,-0.00010,0.70989,1,1,0,0
1765409516.625311,-0.02383,0.00230,-0.04647,-0.00324,0.00194,0.00017,0.61509,-0.00066,0.12759,0.00084,0.70431,-0.00010,0.70989,1,1,0,0
1765409516.627331,-0.03192,0.00098,-0.06158,0.00046,0.00191,0.00043,0.61509,-0.00066,0.12759,0.00084,0.70431,-0.00010,0.70989,1,1,0,0
1765409516.629323,-0.06028,0.04415,-0.13110,-0.00011,0.00107,-0.00055,0.61509,-0.00066,0.12759,0.00084,0.70431,-0.00010,0.70989,1,1,0,0
1765409516.631364,-0.03291,0.01512,-0.06955,0.00085,0.00281,0.00082,0.61509,-0.00066,0.12759,0.00084,0.70431,-0.00010,0.70989,1,1,0,0
1765409516.633338,-0.05171,0.01181,-0.06895,-0.00422,-0.00040,0.00019,0.61509,-0.00066,0.12759,0.00084,0.70431,-0.00010,0.70989,1,1,0,0
1765409516.635332,-0.02437,-0.02947,-0.07605,0.00097,0.00287,0.00082,0.61509,-0.00066,0.12759,0.00084,0.70431,-0.00010,0.70989,1,1,0,0
1765409516.637365,-0.01723,0.01302,-0.16836,-0.00114,0.00122,-0.00021,0.61509,-0.00066,0.12759,0.00084,0.70431,-0.00010,0.70989,1,1,0,0
1765409516.639320,-0.03218,-0.00041,-0.03815,-0.00283,-0.00074,0.00073,0.61509,-0.00066,0.12759,0.00084,0.70431,-0.00010,0.70989,1,1,0,0
1765409516.641339,-0.03567,0.02544,-0.06200,-0.00383,0.00079,0.00017,0.61509,-0.00066,0.12759,0.00084,0.70431,-0.00010,0.70989,1,1,0,0
1765409516.643322,-0.03943,0.00091,-0.10690,-0.00063,0.00163,0.00081,0.61509,-0.00066,0.12759,0.00084,0.70431,-0.00010,0.70989,1,1,0,0
1765409516.645334,-0.02422,0.01295,-0.03861,-0.00311,0.00068,0.00112,0.61509,-0.00066,0.12759,0.00084,0.70431,-0.00010,0.70989,1,1,0,0
1765409516.647328,-0.06187,0.00401,-0.10724,0.00093,0.00227,0.00015,0.61514,-0.00066,0.12760,0.00084,0.70431,-0.00010,0.70989,1,1,0,0
1765409516.649340,-0.00146,0.01287,-0.03903,-0.00048,0.00116,0.00069,0.61514,-0.00066,0.12760,0.00084,0.70431,-0.00010,0.70989,1,1,0,0
1765409516.651353,-0.03552,0.00858,-0.09224,0.00011,0.00169,0.00000,0.61519,-0.00066,0.12762,0.00084,0.70431,-0.00010,0.70989,1,1,0,0
1765409516.653358,0.00219,0.00914,-0.06965,-0.00031,0.00277,0.00052,0.61519,-0.00066,0.12762,0.00084,0.70431,-0.00010,0.70989,1,1,0,0
1765409516.655351,-0.03852,0.03133,-0.07744,-0.00092,0.00070,0.00002,0.61523,-0.00066,0.12764,0.00084,0.70431,-0.00010,0.70989,1,1,0,0
1765409516.657346,-0.02298,-0.00843,-0.06130,0.00035,0.00105,0.00029,0.61523,-0.00066,0.12764,0.00084,0.70431,-0.00010,0.70989,1,1,0,0
1765409516.659409,-0.05685,0.01920,-0.06920,-0.00347,0.00004,0.00019,0.61527,-0.00066,0.12766,0.00084,0.70431,-0.00010,0.70989,1,1,0,0
1765409516.661361,-0.01969,0.01780,-0.09227,0.00045,0.00189,0.00093,0.61550,-0.00066,0.12774,0.00084,0.70431,-0.00010,0.70989,1,1,0,0
1765409516.663354,-0.04620,0.05079,-0.13113,-0.00178,0.00090,-0.00016,0.61550,-0.00066,0.12774,0.00084,0.70431,-0.00010,0.70989,1,1,0,0
1765409516.665358,-0.00629,0.02467,-0.03934,-0.00034,0.00197,0.00095,0.61550,-0.00066,0.12774,0.00084,0.70431,-0.00010,0.70989,1,1,0,0
1765409516.667339,-0.03450,0.02594,-0.06942,-0.00470,-0.00023,0.00016,0.61550,-0.00066,0.12774,0.00084,0.70431,-0.00010,0.70989,1,1,0,0
1765409516.669382,-0.01574,-0.02680,-0.01494,-0.00293,0.00099,0.00101,0.61550,-0.00066,0.12774,0.00084,0.70431,-0.00010,0.70989,1,1,0,0
1765409516.671351,-0.03921,0.00169,-0.05396,-0.00019,0.00111,0.00004,0.61550,-0.00066,0.12774,0.00084,0.70431,-0.00010,0.70989,1,1,0,0
1765409516.673374,-0.01635,0.01021,-0.07700,0.00123,0.00236,0.00093,0.61550,-0.00066,0.12774,0.00084,0.70431,-0.00010,0.70989,1,1,0,0
1765409516.675363,-0.02324,0.01857,-0.06140,-0.00369,-0.00048,0.00097,0.61550,-0.00066,0.12774,0.00084,0.70431,-0.00010,0.70989,1,1,0,0
1765409516.677362,-0.02397,0.02285,-0.06915,-0.00342,0.00042,0.00123,0.61550,-0.00066,0.12774,0.00084,0.70431,-0.00010,0.70989,1,1,0,0
1765409516.679357,-0.02225,0.00080,-0.08431,-0.00063,0.00142,0.00040,0.61550,-0.00066,0.12774,0.00084,0.70431,-0.00010,0.70989,1,1,0,0
1765409516.681382,-0.02647,0.00865,-0.09961,-0.00054,0.00096,0.00040,0.61550,-0.00066,0.12774,0.00084,0.70431,-0.00010,0.70989,1,1,0,0
1765409516.683382,-0.04310,-0.00146,-0.09960,-0.00066,0.00192,-0.00013,0.61554,-0.00066,0.12776,0.00084,0.70431,-0.00010,0.70989,1,1,0,0
1765409516.685381,-0.05493,0.02533,-0.10774,-0.00187,0.00217,0.00014,0.61554,-0.00066,0.12776,0.00084,0.70431,-0.00010,0.70989,1,1,0,0
1765409516.687376,-0.04827,0.00139,-0.12221,0.00003,0.00161,0.00040,0.61558,-0.00066,0.12778,0.00084,0.70431,-0.00010,0.70989,1,1,0,0
1765409516.689365,-0.01368,0.00041,-0.06936,-0.00064,0.00182,0.00000,0.61558,-0.00066,0.12778,0.00084,0.70431,-0.00010,0.70989,1,1,0,0
1765409516.691385,-0.00672,-0.01422,-0.09910,0.00050,0.00150,0.00078,0.61563,-0.00066,0.12779,0.00084,0.70431,-0.00010,0.70989,1,1,0,0
1765409516.693372,-0.01424,0.01811,-0.05421,-0.00392,0.00003,0.00016,0.61563,-0.00066,0.12779,0.00084,0.70431,-0.00010,0.70989,1,1,0,0
1765409516.695381,0.00980,0.01856,-0.04631,-0.00282,-0.00113,0.00095,0.61567,-0.00066,0.12781,0.00084,0.70431,-0.00010,0.70989,1,1,0,0
1765409516.697408,-0.03617,0.02024,-0.08431,-0.00389,0.00082,0.00109,0.61567,-0.00066,0.12781,0.00084,0.70431,-0.00010,0.70989,1,1,0,0
1765409516.699364,-0.03128,-0.00866,-0.15226,-0.00009,0.00116,0.00063,0.61567,-0.00066,0.12781,0.00084,0.70431,-0.00010,0.70989,1,1,0,0
1765409516.701364,-0.05727,-0.03263,-0.07584,0.00092,0.00174,0.00018,0.61590,-0.00066,0.12790,0.00084,0.70431,-0.00010,0.70990,1,1,0,0
1765409516.703386,-0.03827,0.02142,-0.10002,-0.00104,0.00070,-0.00013,0.61590,-0.00066,0.12790,0.00084,0.70431,-0.00010,0.70990,1,1,0,0
1765409516.705438,-0.02247,0.02500,-0.09256,-0.00078,0.00191,0.00052,0.61590,-0.00066,0.12790,0.00084,0.70431,-0.00010,0.70990,1,1,0,0
1765409516.707395,-0.04820,0.03588,-0.14629,0.00022,0.00195,-0.00057,0.61590,-0.00066,0.12790,0.00084,0.70431,-0.00010,0.70990,1,1,0,0
1765409516.709395,-0.02705,0.00780,-0.00107,-0.00033,0.00235,0.00047,0.61590,-0.00066,0.12790,0.00084,0.70431,-0.00010,0.70990,1,1,0,0
1765409516.711392,-0.03969,-0.00159,-0.05362,-0.00394,0.00074,0.00032,0.61590,-0.00066,0.12790,0.00084,0.70431,-0.00010,0.70990,1,1,0,0
1765409516.713387,-0.04980,-0.01065,0.03807,-0.00252,0.00049,0.00108,0.61590,-0.00066,0.12790,0.00084,0.70431,-0.00010,0.70990,1,1,0,0
1765409516.715400,-0.05493,0.00685,-0.07679,-0.00122,0.00091,-0.00009,0.61590,-0.00066,0.12790,0.00084,0.70431,-0.00010,0.70990,1,1,0,0
1765409516.717400,-0.04790,0.01590,-0.12242,-0.00067,0.00160,0.00080,0.61590,-0.00066,0.12790,0.00084,0.70431,-0.00010,0.70990,1,1,0,0
1765409516.719378,-0.01484,0.02760,-0.11507,-0.00380,0.00030,0.00064,0.61595,-0.00066,0.12792,0.00084,0.70431,-0.00010,0.70989,1,1,0,0
1765409516.721390,-0.04005,0.00993,-0.07707,-0.00031,0.00302,0.00055,0.61595,-0.00066,0.12792,0.00084,0.70431,-0.00010,0.70989,1,1,0,0
1765409516.723411,-0.00966,-0.00806,-0.04640,-0.00096,0.00292,0.00042,0.61599,-0.00066,0.12794,0.00084,0.70430,-0.00010,0.70990,1,1,0,0
1765409516.725419,-0.04524,-0.00413,-0.03799,-0.00331,0.00095,0.00141,0.61599,-0.00066,0.12794,0.00084,0.70430,-0.00010,0.70990,1,1,0,0
1765409516.727375,-0.02714,0.02225,-0.08467,-0.00081,0.00223,0.00121,0.61604,-0.00066,0.12796,0.00084,0.70430,-0.00010,0.70990,1,1,1,0
1765409516.729388,-0.03503,0.03766,-0.06248,-0.00084,0.00192,0.00042,0.61604,-0.00066,0.12796,0.00084,0.70430,-0.00010,0.70990,1,1,1,0
1765409516.731415,-0.00960,0.01319,-0.06173,-0.00070,0.00088,0.00068,0.61608,-0.00066,0.12798,0.00084,0.70430,-0.00010,0.70990,1,1,1,0
1765409516.733428,-0.02918,0.02961,-0.12321,-0.00225,0.00211,-0.00003,0.61608,-0.00066,0.12798,0.00084,0.70430,-0.00010,0.70990,1,1,1,0
1765409516.735428,-0.01056,0.02175,-0.10758,-0.00060,0.00242,0.00117,0.61613,-0.00066,0.12800,0.00084,0.70430,-0.00010,0.70990,1,1,1,0
1765409516.737407,-0.05614,-0.00300,-0.06150,-0.00003,0.00144,-0.00022,0.61613,-0.00066,0.12800,0.00084,0.70430,-0.00010,0.70990,1,1,1,0
1765409516.739425,-0.03319,0.00078,-0.04634,0.00133,0.00244,0.00084,0.61617,-0.00066,0.12802,0.00084,0.70430,-0.00010,0.70991,1,1,1,0
1765409516.741621,-0.02707,0.00218,-0.06880,-0.00324,-0.00107,0.00003,0.61617,-0.00066,0.12802,0.00084,0.70430,-0.00010,0.70991,1,1,1,0
1765409516.743418,-0.03492,0.02732,-0.08496,-0.00119,0.00232,0.00068,0.61640,-0.00066,0.12812,0.00084,0.70428,-0.00010,0.70992,1,1,1,0
1765409516.745420,-0.02989,0.00550,-0.05409,-0.00145,0.00176,0.00030,0.61645,-0.00066,0.12813,0.00084,0.70428,-0.00010,0.70992,1,1,1,0
1765409516.747421,-0.03354,0.03211,-0.12321,-0.00222,0.00216,0.00011,0.61645,-0.00066,0.12813,0.00084,0.70428,-0.00010,0.70992,1,1,1,0
1765409516.749428,-0.02334,0.01042,-0.05424,0.00014,0.00206,0.00056,0.61645,-0.00066,0.12813,0.00084,0.70428,-0.00010,0.70992,1,1,1,0
1765409516.751428,-0.01360,-0.00439,-0.07675,-0.00070,0.00157,0.00013,0.61645,-0.00066,0.12813,0.00084,0.70428,-0.00010,0.70992,1,1,1,0
1765409516.753416,-0.05477,-0.01313,0.04507,-0.00124,0.00155,-0.00026,0.61645,-0.00066,0.12813,0.00084,0.70428,-0.00010,0.70992,1,1,1,0
1765409516.755433,-0.02943,0.03091,-0.08506,-0.00158,0.00071,0.00000,0.61645,-0.00066,0.12813,0.00084,0.70428,-0.00010,0.70992,1,1,1,0
1765409516.757430,-0.02326,0.03895,-0.07757,-0.00082,0.00281,0.00134,0.61645,-0.00066,0.12813,0.00084,0.70428,-0.00010,0.70992,1,1,1,0
1765409516.759441,-0.03362,0.07169,-0.10154,-0.00218,0.00213,-0.00016,0.61645,-0.00066,0.12813,0.00084,0.70428,-0.00010,0.70992,1,1,1,0
1765409516.761444,-0.02334,-0.00447,-0.06148,0.00018,0.00220,0.00056,0.61645,-0.00066,0.12813,0.00084,0.70428,-0.00010,0.70992,1,1,1,0
1765409516.763420,-0.01285,0.01988,-0.03193,-0.00149,0.00191,-0.00011,0.61645,-0.00066,0.12813,0.00084,0.70428,-0.00010,0.70992,1,1,1,0
1765409516.765449,-0.05716,0.01162,-0.06921,0.00037,0.00158,0.00058,0.61645,-0.00066,0.12813,0.00084,0.70428,-0.00010,0.70992,1,1,1,0
1765409516.767441,-0.03795,0.04639,-0.13089,-0.00139,0.00005,-0.00003,0.61649,-0.00066,0.12815,0.00084,0.70428,-0.00010,0.70992,1,1,1,0
1765409516.769516,-0.04470,0.03511,-0.04670,-0.00393,0.00104,0.00113,0.61649,-0.00066,0.12815,0.00084,0.70428,-0.00010,0.70992,1,1,1,0
1765409516.771485,-0.02151,0.02238,-0.05421,-0.00540,0.00050,0.00043,0.61654,-0.00066,0.12817,0.00084,0.70428,-0.00010,0.70992,1,1,1,0
1765409516.773454,-0.03396,0.00737,-0.09955,-0.00208,0.00220,0.00081,0.61654,-0.00066,0.12817,0.00084,0.70428,-0.00010,0.70992,1,1,1,0
1765409516.775459,-0.03544,-0.01354,-0.02318,-0.00343,0.00056,-0.00033,0.61658,-0.00066,0.12819,0.00084,0.70428,-0.00010,0.70992,1,1,1,0
1765409516.777443,-0.04253,0.01923,-0.03904,-0.00107,0.00050,0.00019,0.61658,-0.00066,0.12819,0.00084,0.70428,-0.00010,0.70992,1,1,1,0
1765409516.779439,-0.03604,0.01331,-0.13770,0.00017,0.00171,0.00064,0.61663,-0.00066,0.12821,0.00084,0.70428,-0.00010,0.70992,1,1,1,0
1765409516.781452,-0.03943,0.01091,-0.08446,-0.00051,0.00162,0.00055,0.61663,-0.00066,0.12821,0.00084,0.70428,-0.00010,0.70992,1,1,1,0
1765409516.783443,-0.01714,-0.00711,-0.01616,-0.00117,0.00211,-0.00035,0.61672,-0.00066,0.12824,0.00084,0.70428,-0.00010,0.70992,1,1,1,0
1765409516.785450,-0.02024,0.03553,-0.05433,-0.00283,0.00011,0.00110,0.61685,-0.00066,0.12830,0.00084,0.70427,-0.00010,0.70993,1,1,1,0
1765409516.787479,-0.02842,0.03510,-0.08474,-0.00328,0.00072,0.00108,0.61685,-0.00066,0.12830,0.00084,0.70427,-0.00010,0.70993,1,1,1,0
1765409516.789477,-0.04302,0.04216,-0.06287,-0.00123,0.00277,-0.00011,0.61685,-0.00066,0.12830,0.00084,0.70427,-0.00010,0.70993,1,1,1,0
1765409516.791457,-0.00472,-0.00544,-0.07671,-0.00158,0.00223,0.00053,0.61685,-0.00066,0.12830,0.00084,0.70427,-0.00010,0.70993,1,1,1,0
1765409516.793465,-0.03552,0.01584,-0.07676,-0.00395,0.00030,0.00043,0.61685,-0.00066,0.12830,0.00084,0.70427,-0.00010,0.70993,1,1,1,0
1765409516.795469,0.00425,-0.00501,-0.03068,-0.00223,0.00099,0.00137,0.61685,-0.00066,0.12830,0.00084,0.70427,-0.00010,0.70993,1,1,1,0
1765409516.797461,-0.03028,0.04777,-0.07746,-0.00509,-0.00017,0.00055,0.61685,-0.00066,0.12830,0.00084,0.70427,-0.00010,0.70993,1,1,1,0
1765409516.799461,-0.04387,0.00329,-0.10710,-0.00039,0.00206,0.00054,0.61685,-0.00066,0.12830,0.00084,0.70427,-0.00010,0.70993,1,1,1,0
1765409516.801445,-0.05005,0.01423,-0.09194,-0.00200,0.00035,0.00029,0.61685,-0.00066,0.12830,0.00084,0.70427,-0.00010,0.70993,1,1,1,0
1765409516.803452,-0.03977,-0.03843,-0.06022,-0.00023,0.00167,0.00112,0.61685,-0.00066,0.12830,0.00084,0.70427,-0.00010,0.70993,1,1,1,0
1765409516.805465,-0.04045,0.01815,-0.03887,-0.00348,0.00086,0.00060,0.61690,-0.00066,0.12832,0.00084,0.70427,-0.00010,0.70993,1,1,1,0
1765409516.807449,-0.03495,0.03768,-0.10008,-0.00128,0.00143,0.00120,0.61694,-0.00066,0.12834,0.00084,0.70427,-0.00010,0.70993,1,1,1,0
1765409516.809451,-0.02197,0.02518,-0.09285,-0.00078,0.00189,-0.00028,0.61694,-0.00066,0.12834,0.00084,0.70427,-0.00010,0.70993,1,1,1,0
1765409516.811445,-0.03732,0.00332,-0.09206,0.00136,0.00249,0.00054,0.61699,-0.00066,0.12836,0.00084,0.70427,-0.00010,0.70994,1,1,1,0
1765409516.813473,-0.02336,-0.01877,-0.03065,0.00044,0.00170,0.00059,0.61699,-0.00066,0.12836,0.00084,0.70427,-0.00010,0.70994,1,1,1,0
1765409516.815444,-0.04878,0.00382,-0.04618,-0.00322,0.00072,0.00020,0.61703,-0.00066,0.12838,0.00084,0.70427,-0.00010,0.70994,1,1,1,0
1765409516.817481,-0.04778,0.00146,0.01453,-0.00041,0.00159,0.00051,0.61703,-0.00066,0.12838,0.00084,0.70427,-0.00010,0.70994,1,1,1,0
1765409516.819466,-0.04119,0.01250,-0.05404,-0.00311,0.00189,0.00072,0.61708,-0.00066,0.12839,0.00084,0.70427,-0.00010,0.70994,1,1,1,0
1765409516.821462,-0.04056,0.00617,-0.06915,0.00052,0.00177,0.00070,0.61708,-0.00066,0.12839,0.00084,0.70427,-0.00010,0.70994,1,1,1,0
1765409516.823466,-0.02256,0.01985,-0.11538,-0.00062,0.00230,0.00024,0.61708,-0.00066,0.12839,0.00084,0.70427,-0.00010,0.70994,1,1,1,0
1765409516.825484,-0.04110,0.00896,-0.03067,-0.00294,0.00000,0.00128,0.61712,-0.00066,0.12841,0.00084,0.70427,-0.00010,0.70993,1,1,1,0
1765409516.827494,-0.06399,-0.00324,-0.11464,-0.00069,0.00166,-0.00025,0.61735,-0.00066,0.12850,0.00084,0.70426,-0.00010,0.70994,1,1,1,0
1765409516.829504,-0.06145,-0.00296,-0.00809,-0.00287,0.00061,-0.00016,0.61735,-0.00066,0.12850,0.00084,0.70426,-0.00010,0.70994,1,1,1,0
1765409516.831459,-0.02309,0.00060,-0.06180,0.00024,0.00218,0.00002,0.61735,-0.00066,0.12850,0.00084,0.70426,-0.00010,0.70994,1,1,1,0
1765409516.833482,-0.05600,0.01148,-0.01599,-0.00072,0.00143,0.00062,0.61735,-0.00066,0.12850,0.00084,0.70426,-0.00010,0.70994,1,1,1,0
1765409516.835477,0.01417,0.03603,-0.04772,0.00024,0.00298,0.00038,0.61735,-0.00066,0.12850,0.00084,0.70426,-0.00010,0.70994,1,1,1,0
1765409516.837475,-0.04042,0.05227,-0.05487,-0.00394,0.00109,0.00084,0.61735,-0.00066,0.12850,0.00084,0.70426,-0.00010,0.70994,1,1,1,0
1765409516.839463,-0.02743,-0.03090,-0.09894,0.00073,0.00175,-0.00013,0.61735,-0.00066,0.12850,0.00084,0.70426,-0.00010,0.70994,1,1,1,0
1765409516.841486,-0.03494,-0.00469,-0.07658,0.00039,-0.00009,-0.00038,0.61735,-0.00066,0.12850,0.00084,0.70426,-0.00010,0.70994,1,1,1,0
1765409516.843469,-0.00235,-0.00797,-0.05408,0.00014,0.00296,0.00040,0.61735,-0.00066,0.12850,0.00084,0.70426,-0.00010,0.70994,1,1,1,0
1765409516.845490,-0.05329,0.05066,-0.03991,-0.00309,0.00098,-0.00008,0.61735,-0.00066,0.12850,0.00084,0.70426,-0.00010,0.70994,1,1,1,0
1765409516.847502,-0.01838,0.01744,-0.12279,-0.00065,0.00200,0.00050,0.61735,-0.00066,0.12850,0.00084,0.70426,-0.00010,0.70994,1,1,1,0
1765409516.849505,-0.03768,0.00120,-0.01595,-0.00172,0.00121,0.00007,0.61739,-0.00066,0.12852,0.00084,0.70426,-0.00010,0.70995,1,1,1,0
1765409516.851512,-0.01077,-0.00221,-0.06153,0.00021,0.00205,0.00068,0.61744,-0.00066,0.12855,0.00084,0.70425,-0.00010,0.70995,1,1,1,0
1765409516.853533,-0.03342,-0.00158,-0.07675,-0.00176,0.00142,-0.00011,0.61744,-0.00066,0.12855,0.00084,0.70425,-0.00010,0.70995,1,1,1,0
1765409516.855482,-0.04366,0.01321,-0.02392,-0.00048,0.00217,0.00033,0.61744,-0.00066,0.12855,0.00084,0.70425,-0.00010,0.70995,1,1,1,0
1765409516.857520,-0.03947,0.01887,-0.04646,-0.00391,-0.00017,0.00019,0.61748,-0.00066,0.12857,0.00084,0.70425,-0.00010,0.70995,1,1,1,0
1765409516.859494,-0.03651,0.01069,-0.02317,-0.00357,0.00058,0.00141,0.61753,-0.00066,0.12858,0.00084,0.70425,-0.00010,0.70995,1,1,1,0
1765409516.861503,-0.02346,0.00820,-0.03111,-0.00338,0.00054,0.00045,0.61753,-0.00066,0.12858,0.00084,0.70425,-0.00010,0.70995,1,1,1,0
1765409516.863495,-0.00586,0.02950,-0.06230,-0.00072,0.00196,0.00080,0.61757,-0.00066,0.12861,0.00084,0.70425,-0.00010,0.70996,1,1,1,0
1765409516.865515,-0.01772,-0.00673,-0.08449,-0.00051,0.00174,-0.00041,0.61762,-0.00066,0.12863,0.00084,0.70424,-0.00010,0.70996,1,1,1,1
1765409516.867489,-0.06545,0.01162,-0.08456,0.00037,0.00193,0.00017,0.61767,-0.00066,0.12865,0.00084,0.70424,-0.00010,0.70996,1,1,1,1
1765409516.869521,-0.02344,0.02443,-0.02437,-0.00013,0.00306,0.00057,0.61767,-0.00066,0.12865,0.00084,0.70424,-0.00010,0.70996,1,1,1,1
1765409516.871534,-0.03958,0.03048,-0.07006,-0.00028,0.00210,0.00002,0.61767,-0.00066,0.12865,0.00084,0.70424,-0.00010,0.70996,1,1,1,1
1765409516.873519,-0.02639,0.02314,0.00629,-0.00080,0.00144,0.00047,0.61780,-0.00066,0.12870,0.00084,0.70423,-0.00010,0.70997,1,1,1,1
1765409516.875510,-0.03078,0.01396,-0.06199,-0.00354,-0.00003,-0.00091,0.61780,-0.00066,0.12870,0.00084,0.70423,-0.00010,0.70997,1,1,1,1
1765409516.877509,-0.02344,-0.03396,-0.06813,0.00026,0.00198,0.00096,0.61780,-0.00066,0.12870,0.00084,0.70423,-0.00010,0.70997,1,1,1,1
1765409516.879502,-0.03108,0.01347,-0.07655,-0.00419,-0.00013,0.00070,0.61780,-0.00066,0.12870,0.00084,0.70423,-0.00010,0.70997,1,1,1,1
1765409516.881508,-0.00832,0.00253,-0.06102,-0.00257,0.00089,0.00176,0.61780,-0.00066,0.12870,0.00084,0.70423,-0.00010,0.70997,1,1,1,1
1765409516.883505,-0.03464,0.05293,-0.08554,-0.00109,0.00115,0.00040,0.61780,-0.00066,0.12870,0.00084,0.70423,-0.00010,0.70997,1,1,1,1
1765409516.885516,-0.03478,0.00855,-0.00848,-0.00076,0.00143,0.00048,0.61780,-0.00066,0.12870,0.00084,0.70423,-0.00010,0.70997,1,1,1,1
1765409516.887518,-0.03936,-0.00372,-0.08424,-0.00025,0.00162,0.00015,0.61780,-0.00066,0.12870,0.00084,0.70423,-0.00010,0.70997,1,1,1,1
1765409516.889522,-0.01540,-0.03879,-0.00740,0.00086,0.00200,0.00074,0.61785,-0.00066,0.12872,0.00084,0.70423,-0.00010,0.70997,1,1,1,1
1765409516.891501,-0.01803,0.01274,-0.07697,-0.00092,0.00162,0.00067,0.61785,-0.00066,0.12872,0.00084,0.70423,-0.00010,0.70997,1,1,1,1
1765409516.893519,-0.04423,0.01729,-0.01579,-0.00327,-0.00100,0.00049,0.61789,-0.00066,0.12874,0.00084,0.70423,-0.00010,0.70997,1,1,1,1
1765409516.895499,-0.04462,0.02060,-0.00867,-0.00345,0.00116,0.00035,0.61789,-0.00066,0.12874,0.00084,0.70423,-0.00010,0.70997,1,1,1,1
1765409516.897516,-0.04965,0.02883,-0.02379,-0.00270,0.00033,0.00075,0.61794,-0.00066,0.12876,0.00084,0.70423,-0.00010,0.70997,1,1,1,1
1765409516.899513,-0.01835,0.01762,-0.03940,-0.00043,0.00211,0.00016,0.61794,-0.00066,0.12876,0.00084,0.70423,-0.00010,0.70997,1,1,1,1
1765409516.901522,-0.01725,0.02275,-0.06949,-0.00168,0.00109,0.00081,0.61798,-0.00066,0.12878,0.00084,0.70423,-0.00010,0.70997,1,1,1,1
1765409516.903591,0.00238,0.00407,-0.06205,-0.00037,0.00302,0.00026,0.61798,-0.00066,0.12878,0.00084,0.70423,-0.00010,0.70997,1,1,1,1
1765409516.905573,-0.04449,0.01586,-0.06142,-0.00373,0.00054,0.00085,0.61823,-0.00066,0.12888,0.00084,0.70423,-0.00010,0.70997,1,1,1,1
1765409516.907601,-0.04891,0.00603,-0.05414,0.00052,0.00237,0.00031,0.61823,-0.00066,0.12888,0.00084,0.70423,-0.00010,0.70997,1,1,1,1
1765409516.909621,-0.06215,0.02691,-0.00125,-0.00229,0.00047,-0.00016,0.61823,-0.00066,0.12888,0.00084,0.70423,-0.00010,0.70997,1,1,1,1
1765409516.911578,-0.02831,-0.01152,-0.01572,0.00097,0.00226,0.00060,0.61823,-0.00066,0.12888,0.00084,0.70423,-0.00010,0.70997,1,1,1,1
1765409516.913559,-0.02231,0.00575,-0.01633,-0.00035,0.00178,-0.00008,0.61823,-0.00066,0.12888,0.00084,0.70423,-0.00010,0.70997,1,1,1,1
1765409516.915580,-0.03254,0.00630,-0.03138,0.00118,0.00179,0.00032,0.61823,-0.00066,0.12888,0.00084,0.70423,-0.00010,0.70997,1,1,1,1
1765409516.917554,-0.01555,0.01130,-0.02415,0.00146,0.00144,-0.00023,0.61823,-0.00066,0.12888,0.00084,0.70423,-0.00010,0.70997,1,1,1,1
1765409516.919554,-0.03491,0.07212,-0.02545,-0.00108,0.00201,0.00031,0.61823,-0.00066,0.12888,0.00084,0.70423,-0.00010,0.70997,1,1,1,1
1765409516.921587,0.00283,0.04377,-0.00235,-0.00076,0.00272,0.00002,0.61823,-0.00066,0.12888,0.00084,0.70423,-0.00010,0.70997,1,1,1,1
1765409516.923550,-0.02685,0.06168,-0.02539,-0.00077,0.00268,0.00016,0.61823,-0.00066,0.12888,0.00084,0.70423,-0.00010,0.70997,1,1,1,1
1765409516.925591,-0.02360,0.02087,0.01416,0.00027,0.00130,0.00115,0.61823,-0.00066,0.12888,0.00084,0.70423,-0.00010,0.70997,1,1,1,1
1765409516.927560,-0.01793,0.07268,0.02778,-0.00085,0.00092,0.00033,0.61823,-0.00066,0.12888,0.00084,0.70423,-0.00010,0.70997,1,1,1,1
1765409516.929557,-0.01034,0.05660,0.02806,-0.00061,0.00237,0.00073,0.61827,-0.00066,0.12889,0.00084,0.70423,-0.00010,0.70997,1,1,1,1
1765409516.931555,-0.02717,0.05280,-0.00211,-0.00022,0.00156,0.00046,0.61827,-0.00066,0.12889,0.00084,0.70423,-0.00010,0.70997,1,1,1,1
1765409516.933550,-0.04669,0.04023,0.00579,-0.00169,0.00205,0.00022,0.61829,-0.00066,0.12890,0.00084,0.70423,-0.00010,0.70997,1,1,1,1
1765409516.935552,-0.04762,0.03102,-0.02419,-0.00071,0.00144,0.00047,0.61829,-0.00066,0.12890,0.00084,0.70423,-0.00010,0.70997,1,1,1,1
1765409516.937561,-0.00570,0.05974,0.00541,-0.00079,0.00117,0.00085,0.61832,-0.00066,0.12891,0.00084,0.70423,-0.00010,0.70997,1,1,1,1
1765409516.939547,-0.01437,0.03460,0.02850,-0.00044,0.00243,0.00034,0.61832,-0.00066,0.12891,0.00084,0.70423,-0.00010,0.70997,1,1,1,1
1765409516.941573,-0.00540,0.03960,0.03576,-0.00060,0.00218,-0.00020,0.61834,-0.00066,0.12891,0.00084,0.70423,-0.00010,0.70997,1,1,1,1
1765409516.943553,-0.05685,0.01859,0.01423,-0.00370,0.00092,0.00025,0.61834,-0.00066,0.12891,0.00084,0.70423,-0.00010,0.70997,1,1,1,1
1765409516.945563,-0.02239,0.04994,-0.07771,-0.00113,0.00126,0.00107,0.61836,-0.00066,0.12892,0.00084,0.70423,-0.00010,0.70997,1,1,1,1
1765409516.947578,-0.03849,0.03076,-0.09271,-0.00115,0.00133,0.00000,0.61836,-0.00066,0.12892,0.00084,0.70423,-0.00010,0.70997,1,1,1,1
1765409516.949588,-0.05436,0.03619,-0.03956,-0.00196,0.00100,-0.00007,0.61836,-0.00066,0.12892,0.00084,0.70423,-0.00010,0.70997,1,1,1,1
1765409516.951571,-0.01659,0.00847,-0.04656,-0.00163,0.00070,0.00003,0.61836,-0.00066,0.12892,0.00084,0.70423,-0.00010,0.70997,1,1,1,1
1765409516.953582,-0.03539,0.02065,0.00640,-0.00389,0.00079,-0.00005,0.61838,-0.00066,0.12894,0.00084,0.70423,-0.00010,0.70997,1,1,1,1
1765409516.955575,0.00283,0.02733,-0.03136,-0.00468,-0.00017,0.00110,0.61838,-0.00066,0.12894,0.00084,0.70423,-0.00010,0.70997,1,1,1,1
1765409516.957609,-0.02491,0.03245,-0.07000,-0.00222,0.00155,0.00014,0.61838,-0.00066,0.12894,0.00084,0.70423,-0.00010,0.70997,1,1,1,1
1765409516.959588,-0.04272,0.03287,-0.08499,-0.00156,0.00164,0.00055,0.61838,-0.00066,0.12894,0.00084,0.70423,-0.00010,0.70997,1,1,1,1
1765409516.961594,-0.04104,-0.01102,-0.07661,-0.00209,0.00113,-0.00064,0.61838,-0.00066,0.12894,0.00084,0.70423,-0.00010,0.70997,1,1,1,1
1765409516.963600,-0.02523,0.05209,-0.03245,-0.00220,0.00166,0.00044,0.61838,-0.00066,0.12894,0.00084,0.70423,-0.00010,0.70997,1,1,1,1
1765409516.965569,-0.01660,0.04304,-0.08510,-0.00209,0.00018,0.00066,0.61838,-0.00066,0.12894,0.00084,0.70423,-0.00010,0.70997,1,1,1,1
1765409516.967576,-0.02594,0.03235,-0.05490,-0.00134,0.00207,0.00015,0.61838,-0.00066,0.12894,0.00084,0.70423,-0.00010,0.70997,1,1,1,1
1765409516.969603,-0.03455,0.00849,-0.06922,-0.00098,0.00131,0.00043,0.61838,-0.00066,0.12894,0.00084,0.70423,-0.00010,0.70997,1,1,1,1
1765409516.971605,-0.03810,0.03032,-0.09239,-0.00202,0.00134,0.00081,0.61838,-0.00066,0.12894,0.00084,0.70423,-0.00010,0.70997,1,1,1,1
1765409516.973605,-0.03543,0.01111,-0.03857,-0.00400,0.00005,0.00060,0.61839,-0.00066,0.12894,0.00084,0.70423,-0.00010,0.70997,1,1,1,1
1765409516.975603,-0.02506,0.03337,-0.05468,-0.00177,0.00053,0.00016,0.61839,-0.00066,0.12894,0.00084,0.70423,-0.00010,0.70997,1,1,1,1
1765409516.977592,-0.03962,0.01480,-0.03096,-0.00352,-0.00118,0.00034,0.61839,-0.00066,0.12894,0.00084,0.70423,-0.00010,0.70997,1,1,1,1
1765409516.979614,-0.04365,-0.00605,-0.11441,-0.00028,0.00143,0.00040,0.61839,-0.00066,0.12894,0.00084,0.70423,-0.00010,0.70997,1,1,1,1
1765409516.981604,-0.03616,0.01873,-0.12281,0.00067,0.00144,0.00011,0.61839,-0.00066,0.12894,0.00084,0.70423,-0.00010,0.70997,1,1,1,1
1765409516.983601,-0.02554,0.02259,-0.11488,-0.00212,0.00120,0.00119,0.61839,-0.00066,0.12894,0.00084,0.70423,-0.00010,0.70997,1,1,1,1
1765409516.985625,-0.03956,0.01136,-0.09995,0.00015,0.00148,-0.00027,0.61839,-0.00066,0.12894,0.00084,0.70423,-0.00010,0.70997,1,1,1,1
1765409516.987637,-0.05649,0.03137,-0.13065,-0.00005,0.00142,-0.00001,0.61839,-0.00066,0.12894,0.00084,0.70423,-0.00010,0.70997,1,1,1,1
1765409516.989639,-0.05162,-0.00524,-0.06108,-0.00049,0.00063,0.00046,0.61839,-0.00066,0.12894,0.00084,0.70423,-0.00010,0.70997,1,1,1,1
1765409516.991606,-0.05017,0.00965,-0.09948,-0.00162,0.00009,0.00002,0.61839,-0.00066,0.12894,0.00084,0.70423,-0.00010,0.70997,1,1,1,1
1765409516.993649,-0.01891,0.01810,-0.03937,0.00023,0.00174,0.00016,0.61839,-0.00066,0.12894,0.00084,0.70423,-0.00010,0.70997,1,1,1,1
1765409516.995976,-0.05900,0.00398,-0.07701,-0.00126,0.00172,-0.00063,0.61839,-0.00066,0.12894,0.00084,0.70423,-0.00010,0.70997,1,1,1,1
1765409516.997619,-0.00956,0.01262,-0.07700,-0.00092,0.00151,0.00066,0.61839,-0.00066,0.12894,0.00084,0.70423,-0.00010,0.70997,1,1,1,1
1765409516.999621,-0.04823,-0.00281,-0.09153,0.00020,0.00072,0.00056,0.61839,-0.00066,0.12894,0.00084,0.70423,-0.00010,0.70997,1,1,1,1
1765409517.001615,-0.01625,0.01774,-0.00071,-0.00283,0.00071,0.00141,0.61839,-0.00066,0.12894,0.00084,0.70423,-0.00010,0.70997,1,1,1,1
1765409517.003631,-0.03446,0.00454,-0.08443,-0.00037,0.00041,-0.00025,0.61839,-0.00066,0.12894,0.00084,0.70423,-0.00010,0.70997,1,1,1,1
1765409517.005629,-0.04154,0.02113,-0.10772,0.00158,0.00201,0.00026,0.61839,-0.00066,0.12894,0.00084,0.70423,-0.00010,0.70997,1,1,1,1
1765409517.007626,-0.01530,0.01539,-0.02391,0.00042,0.00183,0.00084,0.61839,-0.00066,0.12894,0.00084,0.70423,-0.00010,0.70997,1,1,1,1
1765409517.009616,-0.04752,-0.00417,-0.08410,-0.00091,0.00211,0.00056,0.61839,-0.00066,0.12894,0.00084,0.70423,-0.00010,0.70997,1,1,1,1
1765409517.011611,-0.04059,-0.01061,-0.00021,-0.00274,0.00024,0.00023,0.61839,-0.00066,0.12894,0.00084,0.70423,-0.00010,0.70997,1,1,1,1
1765409517.013629,-0.02982,-0.00423,-0.06906,-0.00135,0.00164,0.00016,0.61839,-0.00066,0.12894,0.00084,0.70423,-0.00010,0.70997,1,1,1,1
1765409517.015629,-0.02628,0.02830,-0.09239,-0.00095,0.00082,0.00067,0.61839,-0.00066,0.12894,0.00084,0.70423,-0.00010,0.70997,1,1,1,1
1765409517.017636,-0.06228,-0.01818,-0.00007,-0.00240,0.00127,0.00025,0.61839,-0.00066,0.12894,0.00084,0.70423,-0.00010,0.70997,1,1,1,1
1765409517.019637,-0.01672,0.01296,-0.03887,-0.00201,0.00096,0.00070,0.61839,-0.00066,0.12894,0.00084,0.70423,-0.00010,0.70997,1,1,1,1
1765409517.021666,-0.03989,0.00743,-0.09964,0.00076,0.00035,-0.00013,0.61839,-0.00066,0.12894,0.00084,0.70423,-0.00010,0.70997,1,1,1,1
1765409517.023716,-0.02757,0.03048,-0.07703,-0.00377,0.00020,0.00082,0.61839,-0.00066,0.12894,0.00084,0.70423,-0.00010,0.70997,1,1,1,1
1765409517.025650,-0.02862,0.00628,-0.00071,-0.00231,0.00047,0.00035,0.61839,-0.00066,0.12894,0.00084,0.70423,-0.00010,0.70997,1,1,1,1
1765409517.027699,-0.05713,0.01840,-0.05398,-0.00370,0.00094,0.00060,0.61839,-0.00066,0.12894,0.00084,0.70423,-0.00010,0.70997,1,1,1,1
1765409517.029669,-0.01599,0.03831,-0.04669,-0.00280,-0.00045,0.00123,0.61839,-0.00066,0.12894,0.00084,0.70423,-0.00010,0.70997,1,1,1,1
1765409517.031652,-0.04601,-0.00823,-0.03846,-0.00162,0.00094,-0.00007,0.61839,-0.00066,0.12894,0.00084,0.70423,-0.00010,0.70997,1,1,1,1
1765409517.033645,-0.00127,0.01763,-0.03904,-0.00086,0.00116,0.00095,0.61839,-0.00066,0.12894,0.00084,0.70423,-0.00010,0.70997,1,1,1,1
1765409517.035646,-0.04432,-0.00143,-0.09969,0.00043,0.00231,-0.00013,0.61839,-0.00066,0.12894,0.00084,0.70423,-0.00010,0.70997,1,1,1,1
1765409517.037677,-0.04199,0.01370,-0.08447,-0.00179,0.00088,0.00029,0.61839,-0.00066,0.12894,0.00084,0.70423,-0.00010,0.70997,1,1,1,1
1765409517.039639,-0.04857,0.00864,-0.00062,-0.00360,0.00071,0.00050,0.61839,-0.00066,0.12894,0.00084,0.70423,-0.00010,0.70997,1,1,1,1
1765409517.041670,-0.02998,0.02142,-0.08467,-0.00104,0.00035,0.00028,0.61839,-0.00066,0.12894,0.00084,0.70423,-0.00010,0.70997,1,1,1,1
1765409517.043656,-0.00987,0.01817,-0.07729,-0.00020,0.00112,0.00012,0.61839,-0.00066,0.12894,0.00084,0.70423,-0.00010,0.70997,1,1,1,1
1765409517.045652,-0.06438,0.02347,-0.05404,-0.00473,0.00064,0.00047,0.61839,-0.00066,0.12894,0.00084,0.70423,-0.00010,0.70997,1,1,1,1
1765409517.047649,-0.01245,0.04000,-0.06242,-0.00212,0.00089,0.00054,0.61839,-0.00066,0.12894,0.00084,0.70423,-0.00010,0.70997,1,1,1,1
1765409517.049655,-0.04308,0.01569,-0.04615,-0.00504,0.00027,0.00087,0.61839,-0.00066,0.12894,0.00084,0.70423,-0.00010,0.70997,1,1,1,1
1765409517.051653,-0.03397,0.02362,-0.07710,-0.00145,0.00065,0.00042,0.61839,-0.00066,0.12894,0.00084,0.70423,-0.00010,0.70997,1,1,1,1
1765409517.053654,-0.04188,0.01841,-0.06967,-0.00173,0.00138,-0.00024,0.61839,-0.00066,0.12894,0.00084,0.70423,-0.00010,0.70997,1,1,1,1
1765409517.055654,-0.04539,0.03604,-0.06216,-0.00261,0.00052,0.00031,0.61839,-0.00066,0.12894,0.00084,0.70423,-0.00010,0.70997,1,1,1,1
1765409517.057663,-0.00325,0.02074,-0.03914,-0.00236,0.00003,0.00029,0.61839,-0.00066,0.12894,0.00084,0.70423,-0.00010,0.70997,1,1,1,1
1765409517.059671,-0.04388,0.02803,-0.13803,-0.00052,0.00179,0.00064,0.61839,-0.00066,0.12894,0.00084,0.70423,-0.00010,0.70997,1,1,1,1
1765409517.061676,-0.02332,0.01363,-0.03139,-0.00310,0.00014,-0.00009,0.61839,-0.00066,0.12894,0.00084,0.70423,-0.00010,0.70997,1,1,1,1
1765409517.063658,-0.05150,0.02851,-0.13047,-0.00096,0.00137,0.00026,0.61839,-0.00066,0.12894,0.00084,0.70423,-0.00010,0.70997,1,1,1,1
1765409517.065667,-0.02774,0.00599,-0.02347,-0.00319,0.00046,0.00033,0.61840,-0.00066,0.12894,0.00084,0.70423,-0.00010,0.70997,1,1,1,1
1765409517.067682,-0.04336,0.04044,-0.09247,-0.00474,0.00025,0.00055,0.61840,-0.00066,0.12894,0.00084,0.70423,-0.00010,0.70997,1,1,1,1
1765409517.069705,-0.01414,0.03944,-0.04744,-0.00082,0.00218,0.00055,0.61840,-0.00066,0.12894,0.00084,0.70423,-0.00010,0.70997,1,1,1,1
1765409517.071692,-0.04327,0.00102,-0.05355,-0.00456,0.00040,0.00046,0.61840,-0.00066,0.12894,0.00084,0.70423,-0.00010,0.70997,1,1,1,1
1765409517.073747,-0.00424,0.02990,-0.04692,-0.00202,0.00093,0.00082,0.61840,-0.00066,0.12894,0.00084,0.70423,-0.00010,0.70997,1,1,1,1
1765409517.075705,-0.03828,0.01588,-0.02417,-0.00111,0.00171,-0.00034,0.61840,-0.00066,0.12894,0.00084,0.70423,-0.00010,0.70997,1,1,1,1
1765409517.077690,-0.01808,0.01560,-0.07660,-0.00460,-0.00029,0.00082,0.61840,-0.00066,0.12894,0.00084,0.70423,-0.00010,0.70997,1,1,1,1
1765409517.079703,-0.03992,0.00174,-0.08438,0.00047,0.00124,0.00002,0.61840,-0.00066,0.12894,0.00084,0.70423,-0.00010,0.70997,1,1,1,1
1765409517.081692,-0.05660,0.00371,-0.00817,-0.00388,0.00093,0.00024,0.61840,-0.00066,0.12894,0.00084,0.70423,-0.00010,0.70997,1,1,1,1
1765409517.083670,-0.03126,0.00641,-0.06164,0.00009,0.00114,0.00030,0.61840,-0.00066,0.12894,0.00084,0.70423,-0.00010,0.70997,1,1,1,1
1765409517.085707,-0.04729,0.00721,-0.09217,-0.00012,0.00069,-0.00052,0.61840,-0.00066,0.12894,0.00084,0.70423,-0.00010,0.70997,1,1,1,1
1765409517.087676,-0.04510,0.01946,-0.12255,0.00112,0.00080,0.00053,0.61840,-0.00066,0.12894,0.00084,0.70423,-0.00010,0.70997,1,1,1,1
1765409517.089683,-0.04719,-0.00395,-0.08404,-0.00113,0.00173,0.00057,0.61840,-0.00066,0.12894,0.00084,0.70423,-0.00010,0.70997,1,1,1,1
1765409517.091679,-0.00670,0.02057,-0.03147,0.00027,0.00110,0.00110,0.61840,-0.00066,0.12894,0.00084,0.70423,-0.00010,0.70997,1,1,1,1
1765409517.093704,-0.03415,-0.00093,-0.06911,-0.00087,0.00092,-0.00011,0.61840,-0.00066,0.12894,0.00084,0.70423,-0.00010,0.70997,1,1,1,1
1765409517.095707,-0.01602,0.03748,-0.06942,-0.00324,0.00032,0.00162,0.61840,-0.00066,0.12894,0.00084,0.70423,-0.00010,0.70997,1,1,1,1
1765409517.097793,-0.01359,0.00555,-0.04655,-0.00079,0.00143,0.00029,0.61839,-0.00066,0.12894,0.00084,0.70423,-0.00010,0.70997,1,1,1,1
1765409517.099708,-0.04405,0.00844,-0.09968,-0.00011,0.00193,0.00041,0.61839,-0.00066,0.12894,0.00084,0.70423,-0.00010,0.70997,1,1,1,1
1765409517.101708,-0.01951,0.01409,-0.06946,0.00106,0.00074,0.00027,0.61840,-0.00066,0.12894,0.00084,0.70423,-0.00010,0.70997,1,1,1,1
1765409517.103711,-0.03812,0.04025,-0.11553,-0.00190,0.00133,0.00052,0.61840,-0.00066,0.12894,0.00084,0.70423,-0.00010,0.70997,1,1,1,1
1765409517.105705,-0.01574,0.00634,-0.07696,0.00140,0.00121,0.00026,0.61840,-0.00066,0.12894,0.00084,0.70423,-0.00010,0.70997,1,1,1,1
1765409517.107710,-0.06334,0.02696,-0.12284,-0.00120,0.00062,-0.00026,0.61840,-0.00066,0.12894,0.00084,0.70423,-0.00010,0.70997,1,1,1,1
1765409517.109725,-0.02538,0.02950,-0.00879,-0.00116,-0.00060,0.00033,0.61840,-0.00066,0.12894,0.00084,0.70423,-0.00010,0.70997,1,1,1,1
1765409517.111712,-0.04749,0.01653,-0.05431,-0.00044,0.00119,0.00005,0.61840,-0.00066,0.12894,0.00084,0.70423,-0.00010,0.70997,1,1,1,1
1765409517.113713,-0.01985,0.03521,-0.01620,-0.00349,0.00023,0.00153,0.61840,-0.00066,0.12894,0.00084,0.70423,-0.00010,0.70997,1,1,1,1
1765409517.115711,-0.04433,0.00474,-0.11469,0.00072,0.00066,0.00013,0.61840,-0.00066,0.12894,0.00084,0.70423,-0.00010,0.70997,1,1,1,1
1765409517.117739,-0.02718,0.02514,-0.06151,-0.00449,0.00033,0.00137,0.61840,-0.00066,0.12894,0.00084,0.70423,-0.00010,0.70997,1,1,1,1
1765409517.119753,-0.01741,0.01759,-0.05471,-0.00109,0.00197,-0.00026,0.61840,-0.00066,0.12894,0.00084,0.70423,-0.00010,0.70997,1,1,1,1
1765409517.121723,-0.05451,0.01091,-0.07690,-0.00204,0.00167,0.00017,0.61840,-0.00066,0.12894,0.00084,0.70423,-0.00010,0.70997,1,1,1,1
1765409517.123716,-0.01369,0.01944,-0.05449,-0.00128,0.00232,0.00068,0.61840,-0.00066,0.12894,0.00084,0.70423,-0.00010,0.70997,1,1,1,1
1765409517.125720,-0.04998,0.02930,-0.09227,-0.00204,-0.00005,0.00029,0.61840,-0.00066,0.12894,0.00084,0.70423,-0.00010,0.70997,1,1,1,1
1765409517.127722,-0.02185,0.02606,-0.08493,-0.00076,0.00063,0.00013,0.61840,-0.00066,0.12894,0.00084,0.70423,-0.00010,0.70997,1,1,1,1
1765409517.129729,-0.05265,0.03035,-0.06181,-0.00421,0.00101,0.00086,0.61840,-0.00066,0.12894,0.00084,0.70423,-0.00010,0.70997,1,1,1,1
1765409517.131709,-0.02827,-0.00393,-0.03110,-0.00244,0.00097,-0.00021,0.61840,-0.00066,0.12894,0.00084,0.70423,-0.00010,0.70997,1,1,1,1
1765409517.133722,-0.06060,0.02327,-0.08481,-0.00058,0.00224,0.00043,0.61840,-0.00066,0.12894,0.00084,0.70423,-0.00010,0.70997,1,1,1,1
1765409517.135752,0.02619,-0.00143,-0.04639,-0.00175,-0.00057,-0.00014,0.61840,-0.00066,0.12894,0.00084,0.70423,-0.00010,0.70997,1,1,1,1
1765409517.137739,-0.05616,0.02326,-0.05392,-0.00473,0.00055,0.00087,0.61840,-0.00066,0.12894,0.00084,0.70423,-0.00010,0.70997,1,1,1,1
1765409517.139822,-0.01757,-0.00143,-0.09202,-0.00066,0.00110,-0.00014,0.61840,-0.00066,0.12894,0.00084,0.70423,-0.00010,0.70997,1,1,1,1
1765409517.141752,-0.04573,0.02999,-0.05422,-0.00312,0.00156,0.00125,0.61840,-0.00066,0.12894,0.00084,0.70423,-0.00010,0.70997,1,1,1,1
1765409517.143795,-0.01755,0.00589,-0.03096,-0.00472,-0.00030,0.00032,0.61840,-0.00066,0.12894,0.00084,0.70423,-0.00010,0.70997,1,1,1,1
1765409517.145793,-0.05895,0.02809,-0.08489,-0.00205,0.00184,0.00030,0.61840,-0.00066,0.12894,0.00084,0.70423,-0.00010,0.70997,1,1,1,1
1765409517.147786,-0.01255,0.03482,-0.10802,-0.00197,0.00127,0.00023,0.61840,-0.00066,0.12894,0.00084,0.70423,-0.00010,0.70997,1,1,1,1
1765409517.149757,-0.06466,0.03656,-0.04705,-0.00042,0.00126,0.00033,0.61840,-0.00066,0.12894,0.00084,0.70423,-0.00010,0.70997,1,1,1,1
1765409517.151794,-0.00076,0.00357,-0.10722,-0.00060,0.00039,0.00010,0.61840,-0.00066,0.12894,0.00084,0.70423,-0.00010,0.70997,1,1,1,1
1765409517.153747,-0.02969,0.03498,-0.05448,-0.00218,0.00136,0.00110,0.61840,-0.00066,0.12894,0.00084,0.70423,-0.00010,0.70997,1,1,1,1
1765409517.155787,-0.00408,0.00552,-0.03111,-0.00188,0.00069,0.00070,0.61840,-0.00066,0.12894,0.00084,0.70423,-0.00010,0.70997,1,1,1,1
1765409517.157763,-0.05181,0.02565,-0.06912,-0.00492,0.00037,0.00099,0.61840,-0.00066,0.12894,0.00084,0.70423,-0.00010,0.70997,1,1,1,1
1765409517.159826,-0.02999,0.01641,-0.10728,-0.00110,0.00036,0.00039,0.61840,-0.00066,0.12894,0.00084,0.70423,-0.00010,0.70997,1,1,1,1
1765409517.161870,-0.04381,0.01637,-0.01572,-0.00416,-0.00023,0.00089,0.61840,-0.00066,0.12894,0.00084,0.70423,-0.00010,0.70997,1,1,1,1
1765409517.163794,-0.00945,0.00611,-0.01577,-0.00428,-0.00065,0.00032,0.61840,-0.00066,0.12894,0.00084,0.70423,-0.00010,0.70997,1,1,1,1
1765409517.165842,-0.04635,0.02119,-0.08465,-0.00170,0.00093,0.00029,0.61840,-0.00066,0.12894,0.00084,0.70423,-0.00010,0.70997,1,1,1,1
1765409517.167843,-0.02253,0.03476,-0.05480,-0.00088,0.00203,0.00069,0.61840,-0.00066,0.12894,0.00084,0.70423,-0.00010,0.70997,1,1,1,1
1765409517.169868,-0.06031,0.01177,-0.00097,-0.00378,0.00045,-0.00056,0.61840,-0.00066,0.12894,0.00084,0.70423,-0.00010,0.70997,1,1,1,1
1765409517.171843,-0.03100,0.02127,-0.06181,-0.00038,0.00075,0.00070,0.61840,-0.00066,0.12894,0.00084,0.70423,-0.00010,0.70997,1,1,1,1
1765409517.173879,-0.04660,0.00637,-0.06169,-0.00122,0.00132,-0.00009,0.61840,-0.00066,0.12894,0.00084,0.70423,-0.00010,0.70997,1,1,1,1
1765409517.175845,-0.02727,0.01405,-0.07682,0.00018,0.00058,0.00068,0.61840,-0.00066,0.12894,0.00084,0.70423,-0.00010,0.70997,1,1,1,1
1765409517.177884,-0.05971,-0.01526,-0.04587,-0.00061,0.00124,-0.00006,0.61840,-0.00066,0.12894,0.00084,0.70423,-0.00010,0.70997,1,1,1,1
1765409517.179818,-0.04605,-0.00350,0.00725,-0.00200,0.00094,0.00064,0.61840,-0.00066,0.12894,0.00084,0.70423,-0.00010,0.70997,1,1,1,1
1765409517.181805,-0.04080,-0.00797,-0.08405,0.00123,0.00127,0.00029,0.61840,-0.00066,0.12894,0.00084,0.70423,-0.00010,0.70997,1,1,1,1
1765409517.183797,-0.05361,0.01194,-0.02333,-0.00268,0.00001,0.00062,0.61840,-0.00066,0.12894,0.00084,0.70423,-0.00010,0.70997,1,1,1,1
1765409517.185790,-0.02734,-0.00593,-0.06130,0.00038,0.00110,0.00043,0.61840,-0.00066,0.12894,0.00084,0.70423,-0.00010,0.70997,1,1,1,1
1765409517.187799,-0.04694,0.01586,-0.10717,-0.00154,0.00133,0.00081,0.61840,-0.00066,0.12894,0.00084,0.70423,-0.00010,0.70997,1,1,1,1
1765409517.189812,-0.02735,0.00400,-0.08444,0.00050,0.00109,0.00014,0.61840,-0.00066,0.12894,0.00084,0.70423,-0.00010,0.70997,1,1,1,1
1765409517.191779,-0.04284,0.02837,-0.07751,-0.00096,0.00151,-0.00012,0.61840,-0.00066,0.12894,0.00084,0.70423,-0.00010,0.70997,1,1,1,1
1765409517.193800,-0.02366,0.01521,-0.03169,0.00042,0.00244,0.00044,0.61840,-0.00066,0.12894,0.00084,0.70423,-0.00010,0.70997,1,1,1,1
1765409517.195816,-0.03173,0.04553,-0.02470,0.00013,0.00162,0.00045,0.61840,-0.00066,0.12894,0.00084,0.70423,-0.00010,0.70997,1,1,1,1
1765409517.197803,-0.02704,0.01416,-0.10752,0.00040,0.00070,-0.00015,0.61840,-0.00066,0.12894,0.00084,0.70423,-0.00010,0.70997,1,1,1,1
1765409517.199818,-0.04678,0.02127,-0.07689,-0.00148,0.00081,0.00070,0.61840,-0.00066,0.12894,0.00084,0.70423,-0.00010,0.70997,1,1,1,1
1765409517.201799,-0.02705,-0.00396,-0.03102,-0.00353,0.00058,-0.00021,0.61840,-0.00066,0.12894,0.00084,0.70423,-0.00010,0.70997,1,1,1,1
1765409517.203807,-0.04548,0.01650,-0.03861,-0.00263,0.00017,0.00087,0.61840,-0.00066,0.12894,0.00084,0.70424,-0.00010,0.70997,1,1,1,1
1765409517.205818,-0.04804,-0.00042,-0.01563,-0.00349,-0.00018,-0.00004,0.61840,-0.00066,0.12894,0.00084,0.70424,-0.00010,0.70997,1,1,1,1
1765409517.207819,-0.04289,0.03870,-0.11542,-0.00105,0.00062,0.00039,0.61840,-0.00066,0.12894,0.00084,0.70424,-0.00010,0.70997,1,1,1,1
1765409517.209822,-0.01264,0.01536,-0.06946,-0.00177,0.00104,0.00041,0.61840,-0.00066,0.12894,0.00084,0.70424,-0.00010,0.70997,1,1,1,1
1765409517.211816,-0.05142,0.01885,-0.09987,-0.00085,0.00125,0.00015,0.61840,-0.00066,0.12894,0.00084,0.70424,-0.00010,0.70997,1,1,1,1
1765409517.213822,-0.00405,0.02475,-0.05435,-0.00231,0.00106,0.00095,0.61840,-0.00066,0.12894,0.00084,0.70424,-0.00010,0.70997,1,1,1,1
1765409517.215810,-0.05078,0.02841,-0.09228,-0.00183,0.00111,0.00069,0.61840,-0.00066,0.12894,0.00084,0.70423,-0.00010,0.70997,1,1,1,1
1765409517.217865,-0.02166,0.02094,-0.06957,-0.00104,0.00076,0.00028,0.61840,-0.00066,0.12894,0.00084,0.70423,-0.00010,0.70997,1,1,1,1
1765409517.219842,-0.06270,0.01673,-0.10729,-0.00197,0.00075,0.00002,0.61840,-0.00066,0.12894,0.00084,0.70423,-0.00010,0.70997,1,1,1,1
1765409517.221809,-0.04127,0.00377,-0.03867,-0.00235,0.00088,0.00019,0.61840,-0.00066,0.12894,0.00084,0.70423,-0.00010,0.70997,1,1,1,1
1765409517.223836,-0.05998,0.00693,-0.01576,-0.00428,-0.00005,-0.00003,0.61840,-0.00066,0.12894,0.00084,0.70423,-0.00010,0.70997,1,1,1,1
1765409517.225822,-0.02656,0.01504,-0.03871,-0.00483,0.00070,0.00085,0.61840,-0.00066,0.12894,0.00084,0.70423,-0.00010,0.70997,1,1,1,1
1765409517.227842,-0.05943,0.01386,-0.09965,-0.00135,0.00135,0.00029,0.61840,-0.00066,0.12894,0.00084,0.70423,-0.00010,0.70997,1,1,1,1
1765409517.229828,-0.02232,0.02775,-0.05421,-0.00468,0.00013,0.00070,0.61840,-0.00066,0.12894,0.00084,0.70423,-0.00010,0.70997,1,1,1,1
1765409517.231836,-0.04575,0.01651,-0.05400,-0.00219,0.00042,0.00045,0.61840,-0.00066,0.12894,0.00084,0.70423,-0.00010,0.70997,1,1,1,1
1765409517.233837,-0.02956,0.02050,-0.08460,-0.00192,0.00112,0.00068,0.61840,-0.00066,0.12894,0.00084,0.70423,-0.00010,0.70997,1,1,1,1
1765409517.235842,-0.02191,0.02076,-0.08445,-0.00126,0.00065,0.00108,0.61840,-0.00066,0.12894,0.00084,0.70423,-0.00010,0.70997,1,1,1,1
1765409517.237817,-0.02217,0.02806,-0.06157,-0.00489,-0.00050,0.00110,0.61840,-0.00066,0.12894,0.00084,0.70423,-0.00010,0.70997,1,1,1,1
1765409517.239818,-0.03042,0.01411,-0.02361,-0.00419,-0.00066,-0.00007,0.61840,-0.00066,0.12894,0.00084,0.70423,-0.00010,0.70997,1,1,1,1
1765409517.241829,-0.00953,0.02569,-0.03896,-0.00448,-0.00066,0.00057,0.61840,-0.00066,0.12894,0.00084,0.70423,-0.00010,0.70997,1,1,1,1
1765409517.243824,-0.03099,0.01745,-0.01613,-0.00458,0.00113,0.00060,0.61840,-0.00066,0.12894,0.00084,0.70423,-0.00010,0.70997,1,1,1,1
1765409517.245826,-0.04607,0.02199,-0.09987,-0.00147,0.00003,-0.00012,0.61840,-0.00066,0.12894,0.00084,0.70423,-0.00010,0.70997,1,1,1,1
1765409517.247850,-0.03943,0.02323,-0.05414,-0.00430,0.00034,0.00045,0.61840,-0.00066,0.12894,0.00084,0.70423,-0.00010,0.70997,1,1,1,1
1765409517.249846,-0.02980,0.02615,-0.10747,-0.00142,0.00035,0.00053,0.61840,-0.00066,0.12894,0.00084,0.70423,-0.00010,0.70997,1,1,1,1
1765409517.251843,-0.02502,0.00794,-0.07683,-0.00208,0.00132,0.00041,0.61840,-0.00066,0.12894,0.00084,0.70423,-0.00010,0.70997,1,1,1,1
1765409517.253855,-0.02603,0.00790,-0.01616,-0.00120,0.00183,0.00046,0.61840,-0.00066,0.12894,0.00084,0.70423,-0.00010,0.70997,1,1,1,1
1765409517.255857,-0.03115,0.01586,-0.09208,-0.00045,0.00127,0.00081,0.61840,-0.00066,0.12894,0.00084,0.70423,-0.00010,0.70997,1,1,1,1
1765409517.257852,-0.04312,0.00407,-0.05395,-0.00060,0.00115,0.00018,0.61840,-0.00066,0.12894,0.00084,0.70423,-0.00010,0.70997,1,1,1,1
1765409517.259846,-0.04933,-0.00559,-0.03077,-0.00246,0.00047,0.00008,0.61840,-0.00066,0.12894,0.00084,0.70423,-0.00010,0.70997,1,1,1,1
1765409517.261846,-0.03473,-0.00122,-0.04624,-0.00066,0.00131,0.00031,0.61840,-0.00066,0.12894,0.00084,0.70423,-0.00010,0.70997,1,1,1,1
1765409517.263886,-0.02232,0.01050,-0.09213,-0.00073,0.00154,0.00053,0.61840,-0.00066,0.12894,0.00084,0.70423,-0.00010,0.70997,1,1,1,1
1765409517.265890,-0.04804,-0.00788,-0.08394,0.00013,0.00097,0.00030,0.61840,-0.00066,0.12894,0.00084,0.70423,-0.00010,0.70997,1,1,1,1
1765409517.267889,-0.05436,0.00192,-0.00026,-0.00215,0.00041,0.00091,0.61840,-0.00066,0.12894,0.00084,0.70423,-0.00010,0.70997,1,1,1,1
1765409517.269867,-0.03514,0.01452,-0.05409,-0.00003,0.00029,0.00031,0.61840,-0.00066,0.12894,0.00084,0.70423,-0.00010,0.70997,1,1,1,1
1765409517.271875,-0.03888,0.00191,-0.05390,-0.00040,0.00072,0.00004,0.61840,-0.00066,0.12894,0.00084,0.70423,-0.00010,0.70997,1,1,1,1
1765409517.273868,-0.02192,0.00110,-0.06923,-0.00063,0.00115,0.00001,0.61840,-0.00066,0.12894,0.00084,0.70423,-0.00010,0.70997,1,1,1,1
1765409517.275874,-0.04316,0.00460,-0.06147,-0.00037,0.00052,0.00018,0.61840,-0.00066,0.12894,0.00084,0.70423,-0.00010,0.70997,1,1,1,1
1765409517.277864,-0.04336,0.00470,-0.09943,-0.00015,0.00040,0.00015,0.61840,-0.00066,0.12894,0.00084,0.70423,-0.00010,0.70997,1,1,1,1
1765409517.279880,-0.05860,0.00488,-0.03092,-0.00168,0.00020,0.00022,0.61840,-0.00066,0.12894,0.00084,0.70423,-0.00010,0.70997,1,1,1,1
1765409517.281860,-0.04441,-0.00225,0.01480,-0.00264,-0.00074,-0.00016,0.61840,-0.00066,0.12894,0.00084,0.70423,-0.00010,0.70997,1,1,1,1
1765409517.283880,-0.04045,0.00328,-0.02331,-0.00344,0.00100,0.00061,0.61840,-0.00066,0.12894,0.00084,0.70423,-0.00010,0.70997,1,1,1,1
1765409517.285869,-0.04049,0.00647,-0.03890,0.00075,0.00163,0.00032,0.61840,-0.00066,0.12894,0.00084,0.70423,-0.00010,0.70997,1,1,1,1
1765409517.287890,-0.03935,0.01112,-0.06924,-0.00051,0.00136,0.00057,0.61840,-0.00066,0.12894,0.00084,0.70423,-0.00010,0.70997,1,1,1,1
1765409517.289886,-0.05040,0.01463,-0.03115,-0.00156,0.00009,0.00034,0.61840,-0.00066,0.12894,0.00084,0.70423,-0.00010,0.70997,1,1,1,1
1765409517.291885,-0.03662,-0.01022,-0.06143,0.00163,0.00121,-0.00024,0.61840,-0.00066,0.12894,0.00084,0.70423,-0.00010,0.70997,1,1,1,1
1765409517.293888,-0.01584,0.03241,-0.06183,-0.00331,0.00057,0.00136,0.61840,-0.00066,0.12894,0.00084,0.70423,-0.00010,0.70997,1,1,1,1
1765409517.295890,-0.03240,0.01391,-0.03102,-0.00288,-0.00012,0.00073,0.61840,-0.00066,0.12894,0.00084,0.70423,-0.00010,0.70997,1,1,1,1
1765409517.297899,-0.05912,0.01973,-0.01613,-0.00128,0.00032,0.00023,0.61840,-0.00066,0.12894,0.00084,0.70423,-0.00010,0.70997,1,1,1,1
1765409517.299895,-0.00931,0.02753,-0.08493,-0.00118,0.00125,0.00065,0.61840,-0.00066,0.12894,0.00084,0.70423,-0.00010,0.70997,1,1,1,1
1765409517.301888,-0.06599,0.01695,-0.09195,0.00065,0.00131,0.00084,0.61840,-0.00066,0.12894,0.00084,0.70423,-0.00010,0.70997,1,1,1,1
1765409517.303889,-0.01749,0.00368,-0.09199,-0.00082,0.00072,0.00013,0.61840,-0.00066,0.12894,0.00084,0.70423,-0.00010,0.70997,1,1,1,1
1765409517.305972,-0.04515,0.02538,-0.06189,-0.00318,0.00130,0.00058,0.61840,-0.00066,0.12894,0.00084,0.70423,-0.00010,0.70997,1,1,1,1
1765409517.307886,-0.02225,0.04047,-0.08522,-0.00081,0.00101,0.00053,0.61840,-0.00066,0.12894,0.00084,0.70423,-0.00010,0.70997,1,1,1,1
1765409517.309978,-0.05357,0.00648,-0.02340,-0.00275,0.00077,0.00035,0.61840,-0.00066,0.12894,0.00084,0.70423,-0.00010,0.70997,1,1,1,1
1765409517.311901,-0.00621,0.02716,-0.00846,-0.00446,0.00033,0.00153,0.61840,-0.00066,0.12894,0.00084,0.70423,-0.00010,0.70997,1,1,1,1
1765409517.313918,-0.06617,-0.00011,0.00712,-0.00240,0.00041,-0.00001,0.61840,-0.00066,0.12894,0.00084,0.70423,-0.00010,0.70997,1,1,1,1
1765409517.315917,-0.01687,0.03236,-0.05450,-0.00221,0.00121,0.00096,0.61840,-0.00066,0.12894,0.00084,0.70423,-0.00010,0.70997,1,1,1,1
1765409517.317909,-0.03871,0.00657,-0.12228,-0.00078,0.00073,0.00026,0.61840,-0.00066,0.12894,0.00084,0.70423,-0.00010,0.70997,1,1,1,1
1765409517.319942,-0.05508,0.02622,-0.11520,-0.00142,0.00116,0.00014,0.61840,-0.00066,0.12894,0.00084,0.70423,-0.00010,0.70997,1,1,1,1
1765409517.321917,-0.02147,0.02080,-0.05439,-0.00126,0.00088,0.00029,0.61840,-0.00066,0.12894,0.00084,0.70423,-0.00010,0.70997,1,1,1,1
1765409517.323907,-0.04683,-0.00530,-0.00811,-0.00421,-0.00033,-0.00071,0.61840,-0.00066,0.12894,0.00084,0.70423,-0.00010,0.70997,1,1,1,1
1765409517.325908,-0.02205,0.02049,-0.05431,-0.00105,0.00128,0.00069,0.61840,-0.00066,0.12894,0.00084,0.70423,-0.00010,0.70997,1,1,1,1
1765409517.327908,-0.06533,0.00629,-0.08442,0.00008,0.00231,0.00031,0.61840,-0.00066,0.12894,0.00084,0.70423,-0.00010,0.70997,1,1,1,1
1765409517.329913,-0.03603,0.02709,-0.02380,-0.00294,-0.00098,0.00020,0.61840,-0.00066,0.12894,0.00084,0.70423,-0.00010,0.70997,1,1,1,1
1765409517.331917,-0.04522,-0.01308,-0.01542,-0.00233,0.00055,0.00009,0.61840,-0.00066,0.12894,0.00084,0.70423,-0.00010,0.70997,1,1,1,1
1765409517.333967,-0.04599,0.02093,-0.08484,-0.00192,0.00130,-0.00011,0.61840,-0.00066,0.12894,0.00084,0.70423,-0.00010,0.70997,1,1,1,1
1765409517.335922,-0.04060,0.01416,-0.00835,-0.00288,-0.00003,0.00035,0.61840,-0.00066,0.12894,0.00084,0.70423,-0.00010,0.70997,1,1,1,1
1765409517.337920,-0.01648,0.02293,-0.05440,-0.00211,0.00082,0.00042,0.61840,-0.00066,0.12894,0.00084,0.70423,-0.00010,0.70997,1,1,1,1
1765409517.339932,-0.02818,0.01849,-0.07697,0.00067,0.00136,0.00095,0.61840,-0.00066,0.12894,0.00084,0.70423,-0.00010,0.70997,1,1,1,1
1765409517.342053,-0.06107,-0.02804,0.00763,-0.00317,0.00113,-0.00028,0.61840,-0.00066,0.12894,0.00084,0.70423,-0.00010,0.70997,1,1,1,1
1765409517.343964,-0.02030,0.02539,-0.04641,-0.00295,0.00037,0.00138,0.61840,-0.00066,0.12894,0.00084,0.70423,-0.00010,0.70997,1,1,1,1
1765409517.345927,-0.02742,-0.00614,-0.07652,0.00038,0.00136,0.00042,0.61840,-0.00066,0.12894,0.00084,0.70423,-0.00010,0.70997,1,1,1,1
1765409517.348016,-0.05655,0.01126,-0.12238,-0.00029,0.00170,0.00054,0.61840,-0.00066,0.12894,0.00084,0.70423,-0.00010,0.70997,1,1,1,1
1765409517.349929,-0.01495,0.03000,-0.03966,0.00016,0.00206,0.00042,0.61840,-0.00066,0.12894,0.00084,0.70423,-0.00010,0.70997,1,1,1,1
1765409517.351940,-0.03085,0.02052,-0.04709,-0.00040,0.00200,-0.00010,0.61840,-0.00066,0.12894,0.00084,0.70423,-0.00010,0.70997,1,1,1,1
1765409517.354005,-0.02282,0.02051,-0.01657,-0.00017,0.00178,0.00032,0.61840,-0.00066,0.12894,0.00084,0.70423,-0.00010,0.70997,1,1,1,1
1765409517.355931,-0.04387,-0.02013,-0.08374,0.00042,0.00093,0.00003,0.61840,-0.00066,0.12894,0.00084,0.70423,-0.00010,0.70997,1,1,1,1
1765409517.357924,-0.02236,0.03085,-0.08482,-0.00070,0.00064,0.00080,0.61840,-0.00066,0.12894,0.00084,0.70423,-0.00010,0.70997,1,1,1,1
1765409517.359923,-0.04811,-0.00794,-0.03857,0.00035,0.00135,-0.00007,0.61840,-0.00066,0.12894,0.00084,0.70423,-0.00010,0.70997,1,1,1,1
1765409517.361948,-0.03243,0.01574,-0.06182,0.00064,0.00191,0.00083,0.61840,-0.00066,0.12894,0.00084,0.70423,-0.00010,0.70997,1,1,1,1
1765409517.363952,-0.03144,0.00658,-0.05403,0.00031,0.00101,0.00030,0.61840,-0.00066,0.12894,0.00084,0.70423,-0.00010,0.70997,1,1,1,1
1765409517.365938,-0.03916,0.00185,-0.11487,0.00003,0.00098,-0.00041,0.61840,-0.00066,0.12894,0.00084,0.70423,-0.00010,0.70997,1,1,1,1
1765409517.367960,-0.02425,0.03666,-0.10779,0.00133,0.00028,0.00065,0.61840,-0.00066,0.12894,0.00084,0.70423,-0.00010,0.70997,1,1,1,1
1765409517.369971,-0.04653,0.00646,-0.08427,-0.00144,0.00094,0.00030,0.61840,-0.00066,0.12894,0.00084,0.70423,-0.00010,0.70997,1,1,1,1
1765409517.372030,-0.00964,0.02363,-0.06183,-0.00057,0.00011,0.00081,0.61840,-0.00066,0.12894,0.00084,0.70423,-0.00010,0.70997,1,1,1,1
1765409517.373989,-0.00923,0.01288,-0.05415,-0.00114,0.00113,0.00068,0.61840,-0.00066,0.12894,0.00084,0.70423,-0.00010,0.70997,1,1,1,1
1765409517.375974,-0.05578,-0.00346,-0.11452,-0.00069,0.00157,0.00015,0.61840,-0.00066,0.12894,0.00084,0.70423,-0.00010,0.70997,1,1,1,1
1765409517.377961,0.00265,0.03887,-0.00959,-0.00082,0.00248,0.00056,0.61840,-0.00066,0.12894,0.00084,0.70423,-0.00010,0.70997,1,1,1,1
1765409517.380032,-0.05530,0.00214,-0.10697,-0.00084,0.00067,0.00002,0.61840,-0.00066,0.12894,0.00084,0.70423,-0.00010,0.70997,1,1,1,1
1765409517.381972,-0.00866,0.02733,-0.02417,-0.00184,0.00136,0.00070,0.61840,-0.00066,0.12894,0.00084,0.70423,-0.00010,0.70997,1,1,1,1
1765409517.384018,-0.03807,0.01495,-0.09987,-0.00199,0.00223,0.00040,0.61840,-0.00066,0.12894,0.00084,0.70423,-0.00010,0.70997,1,1,1,1
1765409517.385948,-0.06069,0.01373,-0.03884,-0.00048,0.00187,0.00074,0.61840,-0.00066,0.12894,0.00084,0.70423,-0.00010,0.70997,1,1,1,1
1765409517.387953,-0.02090,0.02598,-0.09247,-0.00164,0.00036,0.00013,0.61840,-0.00066,0.12894,0.00084,0.70423,-0.00010,0.70997,1,1,1,1
1765409517.389949,-0.04693,0.02589,-0.06195,-0.00142,0.00132,0.00058,0.61840,-0.00066,0.12894,0.00084,0.70423,-0.00010,0.70997,1,1,1,1
1765409517.391961,0.00448,0.01489,-0.06935,-0.00221,0.00084,0.00079,0.61840,-0.00066,0.12894,0.00084,0.70423,-0.00010,0.70997,1,1,1,1
1765409517.393962,-0.07025,-0.00310,-0.03091,-0.00265,0.00110,-0.00017,0.61840,-0.00066,0.12894,0.00084,0.70423,-0.00010,0.70997,1,1,1,1
1765409517.395971,-0.02668,0.01439,-0.05412,-0.00003,0.00019,0.00030,0.61840,-0.00066,0.12894,0.00084,0.70423,-0.00010,0.70997,1,1,1,1
1765409517.397980,-0.04536,0.01064,-0.11486,-0.00270,0.00143,0.00014,0.61840,-0.00066,0.12894,0.00084,0.70423,-0.00010,0.70997,1,1,1,1
1765409517.399999,-0.02700,0.01902,-0.06161,-0.00019,0.00033,0.00096,0.61840,-0.00066,0.12894,0.00084,0.70423,-0.00010,0.70997,1,1,1,1
1765409517.401967,-0.01379,0.01422,-0.04605,-0.00418,-0.00161,0.00071,0.61840,-0.00066,0.12894,0.00084,0.70423,-0.00010,0.70997,1,1,1,1
1765409517.403980,-0.01872,0.01367,-0.09243,0.00040,0.00110,-0.00015,0.61840,-0.00066,0.12894,0.00084,0.70423,-0.00010,0.70997,1,1,1,1
1765409517.405994,-0.02296,0.03492,-0.03202,-0.00044,0.00203,0.00070,0.61840,-0.00066,0.12894,0.00084,0.70423,-0.00010,0.70997,1,1,1,1
1765409517.408023,-0.05178,0.01155,-0.07641,-0.00444,-0.00026,0.00058,0.61840,-0.00066,0.12894,0.00084,0.70423,-0.00010,0.70997,1,1,1,1
1765409517.409995,-0.02600,0.01853,-0.02382,-0.00107,0.00081,0.00059,0.61840,-0.00066,0.12894,0.00084,0.70423,-0.00010,0.70997,1,1,1,1
1765409517.411968,-0.05635,-0.01970,0.00003,-0.00329,-0.00033,-0.00029,0.61840,-0.00066,0.12894,0.00084,0.70423,-0.00010,0.70997,1,1,1,1
1765409517.413975,-0.03883,0.01121,-0.05400,-0.00094,0.00110,0.00058,0.61840,-0.00066,0.12894,0.00084,0.70423,-0.00010,0.70997,1,1,1,1
1765409517.415992,-0.03034,0.00690,-0.05390,-0.00056,0.00024,0.00030,0.61840,-0.00066,0.12894,0.00084,0.70423,-0.00010,0.70997,1,1,1,1
1765409517.418055,-0.06881,-0.00499,-0.07641,-0.00005,0.00109,0.00006,0.61840,-0.00066,0.12894,0.00084,0.70423,-0.00010,0.70997,1,1,1,1
1765409517.420010,-0.01520,0.02562,-0.10775,0.00054,0.00132,0.00050,0.61840,-0.00066,0.12894,0.00084,0.70423,-0.00010,0.70997,1,1,1,1
1765409517.422007,-0.05089,-0.00576,-0.06147,-0.00093,0.00137,-0.00035,0.61840,-0.00066,0.12894,0.00084,0.70423,-0.00010,0.70997,1,1,1,1
1765409517.423991,-0.02133,0.00137,-0.06155,-0.00106,0.00064,0.00002,0.61840,-0.00066,0.12894,0.00084,0.70423,-0.00010,0.70997,1,1,1,1
1765409517.426016,-0.02333,0.03025,-0.03942,-0.00006,0.00179,0.00083,0.61840,-0.00066,0.12894,0.00084,0.70423,-0.00010,0.70997,1,1,1,1
1765409517.427990,-0.04127,0.02348,-0.06165,-0.00276,0.00049,0.00085,0.61840,-0.00066,0.12894,0.00084,0.70423,-0.00010,0.70997,1,1,1,1
1765409517.430006,-0.00759,0.02813,-0.02378,-0.00270,-0.00017,0.00111,0.61840,-0.00066,0.12894,0.00084,0.70423,-0.00010,0.70997,1,1,1,1
1765409517.431990,-0.02566,-0.00162,-0.08442,-0.00110,0.00145,-0.00013,0.61840,-0.00066,0.12894,0.00084,0.70423,-0.00010,0.70997,1,1,1,1
1765409517.433995,-0.03796,0.00660,0.00706,-0.00165,0.00046,0.00077,0.61840,-0.00066,0.12894,0.00084,0.70423,-0.00010,0.70997,1,1,1,1
1765409517.436012,-0.02602,-0.00128,-0.06920,-0.00066,0.00120,-0.00012,0.61840,-0.00066,0.12894,0.00084,0.70423,-0.00010,0.70997,1,1,1,1
1765409517.438020,-0.04371,0.00870,-0.07683,-0.00032,0.00154,0.00043,0.61840,-0.00066,0.12894,0.00084,0.70423,-0.00010,0.70997,1,1,1,1
1765409517.440009,-0.01886,-0.00031,-0.08435,0.00088,0.00023,-0.00014,0.61840,-0.00066,0.12894,0.00084,0.70423,-0.00010,0.70997,1,1,1,1
1765409517.442014,-0.03423,0.01366,-0.09213,-0.00113,0.00092,0.00027,0.61840,-0.00066,0.12894,0.00084,0.70423,-0.00010,0.70997,1,1,1,1
1765409517.444025,0.00666,0.02246,-0.06226,-0.00015,0.00143,0.00039,0.61840,-0.00066,0.12894,0.00084,0.70423,-0.00010,0.70997,1,1,1,1
1765409517.446018,-0.07846,0.00831,-0.02342,-0.00230,-0.00047,-0.00043,0.61840,-0.00066,0.12894,0.00084,0.70423,-0.00010,0.70997,1,1,1,1
1765409517.448006,-0.04046,0.03057,-0.10012,0.00016,0.00188,0.00080,0.61840,-0.00066,0.12894,0.00084,0.70423,-0.00010,0.70997,1,1,1,1
1765409517.450059,-0.05343,-0.01785,-0.01536,-0.00239,0.00065,-0.00017,0.61840,-0.00066,0.12894,0.00084,0.70423,-0.00010,0.70997,1,1,1,1
1765409517.452014,-0.02106,0.02124,-0.03911,-0.00148,0.00024,0.00030,0.61840,-0.00066,0.12894,0.00084,0.70423,-0.00010,0.70997,1,1,1,1
1765409517.454047,-0.02580,0.01781,-0.07726,-0.00130,0.00170,0.00014,0.61840,-0.00066,0.12894,0.00084,0.70423,-0.00010,0.70997,1,1,1,1
1765409517.456033,-0.05757,0.00012,-0.00802,-0.00239,-0.00020,-0.00003,0.61840,-0.00066,0.12894,0.00084,0.70423,-0.00010,0.70997,1,1,1,1
1765409517.458049,-0.03664,0.01117,-0.01587,-0.00291,0.00044,0.00061,0.61840,-0.00066,0.12894,0.00084,0.70423,-0.00010,0.70997,1,1,1,1
1765409517.460034,-0.04235,0.00285,-0.07686,-0.00170,0.00229,0.00016,0.61840,-0.00066,0.12894,0.00084,0.70423,-0.00010,0.70997,1,1,1,1
1765409517.462056,-0.00191,0.03276,-0.06979,-0.00024,0.00090,0.00093,0.61840,-0.00066,0.12894,0.00084,0.70423,-0.00010,0.70997,1,1,1,1
1765409517.464024,-0.05834,-0.00067,-0.11452,-0.00197,0.00083,-0.00012,0.61840,-0.00066,0.12894,0.00084,0.70423,-0.00010,0.70997,1,1,1,1
1765409517.466046,-0.02634,0.02317,-0.06187,-0.00102,0.00107,0.00083,0.61840,-0.00066,0.12894,0.00084,0.70423,-0.00010,0.70997,1,1,1,1
1765409517.468033,-0.02510,0.02271,-0.06980,-0.00190,0.00156,0.00001,0.61840,-0.00066,0.12894,0.00084,0.70423,-0.00010,0.70997,1,1,1,1
1765409517.470042,-0.04700,0.02567,-0.07718,-0.00143,0.00157,0.00056,0.61840,-0.00066,0.12894,0.00084,0.70423,-0.00010,0.70997,1,1,1,1
1765409517.472036,-0.00842,0.01739,-0.06953,-0.00196,0.00137,0.00053,0.61840,-0.00066,0.12894,0.00084,0.70423,-0.00010,0.70997,1,1,1,1
1765409517.474039,-0.07050,0.00179,-0.03094,-0.00259,0.00110,0.00010,0.61840,-0.00066,0.12894,0.00084,0.70423,-0.00010,0.70997,1,1,1,1
1765409517.476044,-0.01306,0.03028,-0.04670,-0.00180,0.00066,0.00123,0.61840,-0.00066,0.12894,0.00084,0.70423,-0.00010,0.70997,1,1,1,1
1765409517.478058,-0.04532,0.01022,-0.06954,-0.00271,0.00219,-0.00024,0.61840,-0.00066,0.12894,0.00084,0.70423,-0.00010,0.70997,1,1,1,1
1765409517.480048,-0.01404,0.03527,-0.08492,-0.00087,0.00092,0.00106,0.61840,-0.00066,0.12894,0.00084,0.70423,-0.00010,0.70997,1,1,1,1
1765409517.482051,-0.02997,0.00158,-0.06894,-0.00106,0.00050,0.00043,0.61840,-0.00066,0.12894,0.00084,0.70423,-0.00010,0.70997,1,1,1,1
1765409517.484033,-0.05516,0.01543,-0.04664,-0.00177,0.00231,0.00046,0.61840,-0.00066,0.12894,0.00084,0.70423,-0.00010,0.70997,1,1,1,1
1765409517.486057,-0.01913,0.03099,-0.01621,-0.00354,-0.00054,0.00086,0.61840,-0.00066,0.12894,0.00084,0.70423,-0.00010,0.70997,1,1,1,1
1765409517.488075,-0.04309,0.03063,-0.04669,-0.00486,0.00025,0.00046,0.61840,-0.00066,0.12894,0.00084,0.70423,-0.00010,0.70997,1,1,1,1
1765409517.490053,-0.02800,0.03329,-0.06232,0.00064,0.00146,0.00055,0.61840,-0.00066,0.12894,0.00084,0.70423,-0.00010,0.70997,1,1,1,1
1765409517.492057,-0.03912,-0.00366,-0.10717,-0.00025,0.00162,-0.00027,0.61840,-0.00066,0.12894,0.00084,0.70423,-0.00010,0.70997,1,1,1,1
1765409517.494087,-0.01914,0.02602,-0.04658,-0.00338,-0.00042,0.00057,0.61840,-0.00066,0.12894,0.00084,0.70423,-0.00010,0.70997,1,1,1,1
1765409517.496052,-0.05060,0.00001,-0.04631,-0.00086,0.00035,-0.00047,0.61840,-0.00066,0.12894,0.00084,0.70423,-0.00010,0.70997,1,1,1,1
1765409517.498049,-0.03045,0.03565,-0.07739,-0.00108,0.00099,0.00068,0.61840,-0.00066,0.12894,0.00084,0.70423,-0.00010,0.70997,1,1,1,1
1765409517.500052,-0.02364,0.01817,-0.05390,-0.00348,0.00016,0.00097,0.61840,-0.00066,0.12894,0.00084,0.70423,-0.00010,0.70997,1,1,1,1
1765409517.502071,-0.05077,0.00873,-0.04651,-0.00141,0.00149,0.00006,0.61840,-0.00066,0.12894,0.00084,0.70423,-0.00010,0.70997,1,1,1,1
1765409517.504051,-0.01412,0.02514,-0.10756,-0.00077,0.00131,0.00091,0.61840,-0.00066,0.12894,0.00084,0.70423,-0.00010,0.70997,1,1,1,1
1765409517.506067,-0.05924,-0.00599,-0.06149,-0.00116,0.00186,-0.00035,0.61840,-0.00066,0.12894,0.00084,0.70423,-0.00010,0.70997,1,1,1,1
1765409517.508085,-0.03595,0.03085,-0.03899,-0.00376,0.00004,0.00086,0.61840,-0.00066,0.12894,0.00084,0.70423,-0.00010,0.70997,1,1,1,1
1765409517.510067,-0.04772,-0.00259,-0.06904,0.00020,0.00070,-0.00023,0.61840,-0.00066,0.12894,0.00084,0.70423,-0.00010,0.70997,1,1,1,1
1765409517.512093,-0.04476,0.01980,-0.08468,0.00112,0.00053,0.00015,0.61840,-0.00066,0.12894,0.00084,0.70423,-0.00010,0.70997,1,1,1,1
1765409517.514087,-0.03885,0.02049,-0.01649,-0.00105,0.00198,0.00033,0.61840,-0.00066,0.12894,0.00084,0.70423,-0.00010,0.70997,1,1,1,1
1765409517.516096,-0.05191,-0.00032,-0.12222,0.00000,0.00088,-0.00013,0.61840,-0.00066,0.12894,0.00084,0.70423,-0.00010,0.70997,1,1,1,1
1765409517.518083,-0.03898,0.01082,-0.06166,-0.00095,0.00161,0.00057,0.61840,-0.00066,0.12894,0.00084,0.70423,-0.00010,0.70997,1,1,1,1
1765409517.520082,-0.04313,0.01137,-0.04624,-0.00444,-0.00012,0.00020,0.61840,-0.00066,0.12894,0.00084,0.70423,-0.00010,0.70997,1,1,1,1
1765409517.522073,-0.01484,0.03574,-0.06972,0.00001,0.00068,0.00107,0.61840,-0.00066,0.12894,0.00084,0.70423,-0.00010,0.70997,1,1,1,1
1765409517.524073,-0.04711,-0.00855,-0.03859,-0.00075,0.00171,-0.00007,0.61840,-0.00066,0.12894,0.00084,0.70423,-0.00010,0.70997,1,1,1,1
1765409517.526090,-0.06148,0.01740,-0.00078,-0.00284,-0.00029,0.00011,0.61840,-0.00066,0.12894,0.00084,0.70423,-0.00010,0.70997,1,1,1,1
1765409517.528150,-0.03766,0.00188,-0.05382,-0.00150,0.00033,0.00005,0.61840,-0.00066,0.12894,0.00084,0.70423,-0.00010,0.70997,1,1,1,1
1765409517.530099,-0.04932,-0.00074,-0.03820,-0.00284,0.00023,0.00075,0.61840,-0.00066,0.12894,0.00084,0.70423,-0.00010,0.70997,1,1,1,1
1765409517.532103,-0.01686,0.01391,-0.00077,-0.00156,-0.00005,0.00074,0.61840,-0.00066,0.12894,0.00084,0.70423,-0.00010,0.70997,1,1,1,1
1765409517.534102,-0.02240,0.01048,-0.05453,-0.00030,0.00203,-0.00025,0.61840,-0.00066,0.12894,0.00084,0.70423,-0.00010,0.70997,1,1,1,1
1765409517.536098,-0.03418,0.03183,-0.09250,0.00258,0.00091,0.00080,0.61840,-0.00066,0.12894,0.00084,0.70423,-0.00010,0.70997,1,1,1,1
1765409517.538104,-0.03047,-0.01579,0.01506,-0.00411,-0.00013,-0.00003,0.61840,-0.00066,0.12894,0.00084,0.70423,-0.00010,0.70997,1,1,1,1
1765409517.540099,-0.02885,0.03156,-0.06159,-0.00244,-0.00080,0.00124,0.61840,-0.00066,0.12894,0.00084,0.70423,-0.00010,0.70997,1,1,1,1
1765409517.542093,-0.01448,0.01560,-0.07697,-0.00023,0.00119,0.00080,0.61840,-0.00066,0.12894,0.00084,0.70423,-0.00010,0.70997,1,1,1,1
1765409517.544090,-0.06483,-0.00349,-0.08436,-0.00003,0.00231,-0.00023,0.61840,-0.00066,0.12894,0.00084,0.70423,-0.00010,0.70997,1,1,1,1
1765409517.546098,-0.01133,0.02042,-0.03879,-0.00323,0.00014,0.00111,0.61840,-0.00066,0.12894,0.00084,0.70423,-0.00010,0.70997,1,1,1,1
1765409517.548131,-0.06136,0.00790,-0.03108,-0.00252,-0.00054,-0.00045,0.61840,-0.00066,0.12894,0.00084,0.70423,-0.00010,0.70997,1,1,1,1
1765409517.550124,-0.02493,0.03292,-0.03919,-0.00243,0.00067,0.00098,0.61840,-0.00066,0.12894,0.00084,0.70423,-0.00010,0.70997,1,1,1,1
1765409517.552142,-0.05288,-0.00836,-0.01575,-0.00293,0.00102,-0.00044,0.61840,-0.00066,0.12894,0.00084,0.70423,-0.00010,0.70997,1,1,1,1
1765409517.554129,-0.04420,0.00936,-0.08436,0.00034,0.00092,0.00042,0.61840,-0.00066,0.12894,0.00084,0.70423,-0.00010,0.70997,1,1,1,1
1765409517.556136,-0.02710,-0.00089,-0.08441,0.00044,0.00109,-0.00013,0.61840,-0.00066,0.12894,0.00084,0.70423,-0.00010,0.70997,1,1,1,1
1765409517.558130,-0.05632,0.01190,-0.07670,-0.00028,0.00093,0.00058,0.61840,-0.00066,0.12894,0.00084,0.70423,-0.00010,0.70997,1,1,1,1
1765409517.560129,-0.02862,0.00126,-0.02332,-0.00237,0.00048,0.00047,0.61840,-0.00066,0.12894,0.00084,0.70423,-0.00010,0.70997,1,1,1,1
1765409517.562136,-0.05050,0.01934,-0.09213,-0.00150,0.00035,0.00016,0.61840,-0.00066,0.12894,0.00084,0.70423,-0.00010,0.70997,1,1,1,1
1765409517.564145,-0.00705,0.01408,-0.03862,-0.00265,-0.00106,0.00070,0.61840,-0.00066,0.12894,0.00084,0.70423,-0.00010,0.70997,1,1,1,1
1765409517.566124,-0.06971,0.01256,-0.04630,-0.00290,-0.00019,-0.00018,0.61840,-0.00066,0.12894,0.00084,0.70423,-0.00010,0.70997,1,1,1,1
1765409517.568140,-0.01539,0.04992,-0.04763,0.00040,0.00180,0.00068,0.61840,-0.00066,0.12894,0.00084,0.70423,-0.00010,0.70997,1,1,1,1
1765409517.570156,-0.05295,0.00109,-0.06863,-0.00369,0.00078,0.00086,0.61840,-0.00066,0.12894,0.00084,0.70423,-0.00010,0.70997,1,1,1,1
1765409517.572196,-0.01216,0.02998,-0.03891,-0.00290,0.00053,0.00164,0.61840,-0.00066,0.12894,0.00084,0.70423,-0.00010,0.70997,1,1,1,1
1765409517.574146,-0.05578,-0.01325,-0.08412,-0.00037,0.00182,-0.00037,0.61840,-0.00066,0.12894,0.00084,0.70423,-0.00010,0.70997,1,1,1,1
1765409517.576170,-0.02324,0.02874,-0.00893,-0.00313,-0.00025,-0.00007,0.61840,-0.00066,0.12894,0.00084,0.70423,-0.00010,0.70997,1,1,1,1
1765409517.578148,-0.05312,-0.00851,-0.00784,-0.00315,0.00090,0.00037,0.61840,-0.00066,0.12894,0.00084,0.70423,-0.00010,0.70997,1,1,1,1
1765409517.580143,-0.02856,0.02112,-0.07665,-0.00279,-0.00016,0.00109,0.61840,-0.00066,0.12894,0.00084,0.70423,-0.00010,0.70997,1,1,1,1
1765409517.582127,-0.01425,0.01630,-0.03906,-0.00001,0.00055,0.00043,0.61840,-0.00066,0.12894,0.00084,0.70423,-0.00010,0.70997,1,1,1,1
1765409517.584145,-0.04078,0.01119,-0.15287,0.00080,0.00164,0.00050,0.61840,-0.00066,0.12894,0.00084,0.70423,-0.00010,0.70997,1,1,1,1
1765409517.586127,-0.02414,0.00171,-0.09209,0.00156,0.00118,-0.00001,0.61840,-0.00066,0.12894,0.00084,0.70423,-0.00010,0.70997,1,1,1,1
1765409517.588147,-0.05497,0.02088,-0.11507,-0.00170,0.00154,0.00027,0.61840,-0.00066,0.12894,0.00084,0.70423,-0.00010,0.70997,1,1,1,1
1765409517.590157,-0.02394,0.02140,-0.06208,0.00115,0.00104,0.00028,0.61840,-0.00066,0.12894,0.00084,0.70423,-0.00010,0.70997,1,1,1,1
1765409517.592151,-0.04871,0.00164,-0.08442,0.00068,0.00173,0.00002,0.61840,-0.00066,0.12894,0.00084,0.70423,-0.00010,0.70997,1,1,1,1
1765409517.594159,0.00194,0.01534,-0.04669,0.00020,0.00125,0.00081,0.61840,-0.00066,0.12894,0.00084,0.70423,-0.00010,0.70997,1,1,1,1
1765409517.596148,-0.05791,-0.00013,-0.03087,-0.00218,0.00019,-0.00005,0.61840,-0.00066,0.12894,0.00084,0.70423,-0.00010,0.70997,1,1,1,1
1765409517.598177,-0.02285,0.00186,-0.09956,0.00047,0.00053,-0.00001,0.61840,-0.00066,0.12894,0.00084,0.70423,-0.00010,0.70997,1,1,1,1
1765409517.600139,-0.04913,-0.00323,-0.05370,0.00085,0.00162,0.00059,0.61840,-0.00066,0.12894,0.00084,0.70423,-0.00010,0.70997,1,1,1,1
1765409517.602160,-0.02664,0.00395,-0.05402,-0.00016,0.00096,0.00016,0.61840,-0.00066,0.12894,0.00084,0.70423,-0.00010,0.70997,1,1,1,1
1765409517.604424,-0.05646,0.00661,-0.06917,-0.00013,0.00157,0.00031,0.61840,-0.00066,0.12894,0.00084,0.70423,-0.00010,0.70997,1,1,1,1
1765409517.606164,-0.02299,0.00150,-0.08444,0.00047,0.00104,0.00000,0.61840,-0.00066,0.12894,0.00084,0.70423,-0.00010,0.70997,1,1,1,1
1765409517.608176,-0.06978,0.01238,-0.03874,-0.00290,0.00007,-0.00018,0.61840,-0.00066,0.12894,0.00084,0.70423,-0.00010,0.70997,1,1,1,1
1765409517.610157,-0.02308,0.01055,-0.03160,0.00014,0.00205,0.00017,0.61840,-0.00066,0.12894,0.00084,0.70423,-0.00010,0.70997,1,1,1,1
1765409517.612170,-0.05187,-0.00085,-0.11471,-0.00022,0.00152,-0.00013,0.61840,-0.00066,0.12894,0.00084,0.70423,-0.00010,0.70997,1,1,1,1
1765409517.614151,-0.03244,0.01571,-0.08461,0.00064,0.00192,0.00081,0.61840,-0.00066,0.12894,0.00084,0.70423,-0.00010,0.70997,1,1,1,1
1765409517.616169,-0.07727,-0.00240,-0.00790,-0.00374,0.00004,-0.00014,0.61840,-0.00066,0.12894,0.00084,0.70423,-0.00010,0.70997,1,1,1,1
1765409517.618188,-0.02083,0.02185,-0.01621,-0.00147,-0.00053,0.00032,0.61840,-0.00066,0.12894,0.00084,0.70423,-0.00010,0.70997,1,1,1,1
1765409517.620167,-0.05573,0.01086,-0.09200,-0.00117,0.00194,0.00056,0.61840,-0.00066,0.12894,0.00084,0.70423,-0.00010,0.70997,1,1,1,1
1765409517.622174,-0.03532,0.02819,-0.07726,-0.00052,0.00143,0.00068,0.61840,-0.00066,0.12894,0.00084,0.70423,-0.00010,0.70997,1,1,1,1
1765409517.624159,-0.03335,0.02819,-0.12267,-0.00227,0.00065,0.00065,0.61840,-0.00066,0.12894,0.00084,0.70423,-0.00010,0.70997,1,1,1,1
1765409517.626187,-0.01140,0.03514,-0.02399,-0.00327,0.00025,0.00111,0.61840,-0.00066,0.12894,0.00084,0.70423,-0.00010,0.70997,1,1,1,1
1765409517.628197,-0.03589,0.02108,-0.07675,-0.00367,-0.00008,0.00070,0.61840,-0.00066,0.12894,0.00084,0.70423,-0.00010,0.70997,1,1,1,1
1765409517.630213,-0.04058,0.02854,-0.02416,-0.00292,0.00059,-0.00007,0.61840,-0.00066,0.12894,0.00084,0.70423,-0.00010,0.70997,1,1,1,1
1765409517.632235,-0.06030,0.00500,-0.10715,0.00007,0.00072,-0.00025,0.61840,-0.00066,0.12894,0.00084,0.70423,-0.00010,0.70997,1,1,1,1
1765409517.634187,-0.01237,0.02033,-0.05425,-0.00214,0.00078,0.00069,0.61840,-0.00066,0.12894,0.00084,0.70423,-0.00010,0.70997,1,1,1,1
1765409517.636188,-0.04595,-0.00310,-0.06899,-0.00156,0.00068,-0.00023,0.61840,-0.00066,0.12894,0.00084,0.70423,-0.00010,0.70997,1,1,1,1
1765409517.638202,-0.01679,0.03327,-0.10769,-0.00177,0.00019,0.00051,0.61840,-0.00066,0.12894,0.00084,0.70423,-0.00010,0.70997,1,1,1,1
1765409517.640203,-0.01184,0.02605,-0.09983,-0.00229,-0.00037,0.00052,0.61840,-0.00066,0.12894,0.00084,0.70423,-0.00010,0.70997,1,1,1,1
1765409517.642494,-0.02035,0.01119,-0.03112,-0.00225,0.00012,0.00058,0.61840,-0.00066,0.12894,0.00084,0.70423,-0.00010,0.70997,1,1,1,1
1765409517.644192,-0.03099,0.02999,-0.03957,-0.00072,0.00226,0.00044,0.61840,-0.00066,0.12894,0.00084,0.70423,-0.00010,0.70997,1,1,1,1
1765409517.646188,-0.00971,0.04213,-0.03239,-0.00079,0.00186,0.00028,0.61840,-0.00066,0.12894,0.00084,0.70423,-0.00010,0.70997,1,1,1,1
1765409517.648213,-0.02994,0.02579,-0.09235,-0.00142,0.00086,0.00054,0.61840,-0.00066,0.12894,0.00084,0.70423,-0.00010,0.70997,1,1,1,1
1765409517.650199,-0.03664,0.02097,-0.04626,-0.00323,0.00019,0.00113,0.61840,-0.00066,0.12894,0.00084,0.70423,-0.00010,0.70997,1,1,1,1
1765409517.652209,-0.03910,0.00130,-0.07680,-0.00041,0.00149,0.00002,0.61840,-0.00066,0.12894,0.00084,0.70423,-0.00010,0.70997,1,1,1,1
1765409517.654209,0.00369,0.01983,-0.07737,-0.00127,0.00134,0.00025,0.61840,-0.00066,0.12894,0.00084,0.70423,-0.00010,0.70997,1,1,1,1
1765409517.656206,-0.04804,0.00702,-0.07671,0.00010,0.00083,0.00030,0.61840,-0.00066,0.12894,0.00084,0.70423,-0.00010,0.70997,1,1,1,1
1765409517.658204,-0.02652,0.00109,0.01460,-0.00413,0.00019,0.00009,0.61840,-0.00066,0.12894,0.00084,0.70423,-0.00010,0.70997,1,1,1,1
1765409517.660198,-0.05514,-0.00369,-0.07654,-0.00135,0.00169,0.00018,0.61840,-0.00066,0.12894,0.00084,0.70423,-0.00010,0.70997,1,1,1,1
1765409517.662235,-0.03226,0.00946,-0.01592,-0.00249,-0.00038,0.00007,0.61840,-0.00066,0.12894,0.00084,0.70423,-0.00010,0.70997,1,1,1,1
1765409517.664211,-0.04838,0.00676,-0.09955,0.00031,0.00122,0.00028,0.61840,-0.00066,0.12894,0.00084,0.70423,-0.00010,0.70997,1,1,1,1
1765409517.666219,-0.02754,0.01641,-0.06153,-0.00328,-0.00043,0.00043,0.61840,-0.00066,0.12894,0.00084,0.70423,-0.00010,0.70997,1,1,1,1
1765409517.668221,-0.04132,0.02899,-0.06935,-0.00248,-0.00015,0.00071,0.61840,-0.00066,0.12894,0.00084,0.70423,-0.00010,0.70997,1,1,1,1
1765409517.670205,-0.03338,-0.00162,-0.01564,-0.00219,0.00117,0.00074,0.61840,-0.00066,0.12894,0.00084,0.70423,-0.00010,0.70997,1,1,1,1
1765409517.672232,-0.00961,0.02312,-0.08487,-0.00058,0.00087,0.00039,0.61840,-0.00066,0.12894,0.00084,0.70423,-0.00010,0.70997,1,1,1,1
1765409517.674229,-0.03845,0.00612,0.00658,-0.00101,0.00159,-0.00005,0.61840,-0.00066,0.12894,0.00084,0.70424,-0.00010,0.70996,1,1,1,1
1765409517.676222,-0.06057,0.01912,-0.06190,-0.00020,0.00148,0.00019,0.61840,-0.00066,0.12894,0.00084,0.70424,-0.00010,0.70996,1,1,1,1
1765409517.678251,-0.02754,0.01641,-0.06153,-0.00328,-0.00043,0.00043,0.61840,-0.00066,0.12894,0.00084,0.70424,-0.00010,0.70996,1,1,1,1
1765409517.680214,-0.03884,0.01608,-0.09198,-0.00110,0.00098,0.00082,0.61840,-0.00066,0.12894,0.00084,0.70424,-0.00010,0.70996,1,1,1,1
1765409517.682213,-0.03706,-0.00280,-0.02317,-0.00199,-0.00018,0.00021,0.61840,-0.00066,0.12894,0.00084,0.70424,-0.00010,0.70996,1,1,1,1
1765409517.684882,-0.01732,0.00776,-0.05414,-0.00142,0.00161,0.00042,0.61840,-0.00066,0.12894,0.00084,0.70424,-0.00010,0.70996,1,1,1,1
1765409517.686221,-0.01999,0.00359,-0.06181,0.00137,0.00176,0.00015,0.61840,-0.00066,0.12894,0.00084,0.70424,-0.00010,0.70996,1,1,1,1
1765409517.688221,-0.06680,0.00505,-0.02327,-0.00190,0.00017,0.00023,0.61840,-0.00066,0.12894,0.00084,0.70424,-0.00010,0.70996,1,1,1,1
1765409517.690226,-0.04155,-0.00066,-0.00805,-0.00196,0.00038,0.00036,0.61840,-0.00066,0.12894,0.00084,0.70424,-0.00010,0.70996,1,1,1,1
1765409517.692240,-0.03536,0.00884,-0.09183,-0.00032,0.00094,0.00081,0.61840,-0.00066,0.12894,0.00084,0.70424,-0.00010,0.70996,1,1,1,1
1765409517.694244,-0.03571,0.00802,-0.03901,-0.00011,0.00233,0.00045,0.61840,-0.00066,0.12894,0.00084,0.70424,-0.00010,0.70996,1,1,1,1
1765409517.696257,-0.04830,0.02677,-0.09229,0.00012,0.00070,0.00055,0.61840,-0.00066,0.12894,0.00084,0.70424,-0.00010,0.70996,1,1,1,1
1765409517.698242,-0.02234,0.00121,-0.03869,-0.00041,0.00104,0.00044,0.61840,-0.00066,0.12894,0.00084,0.70424,-0.00010,0.70996,1,1,1,1
1765409517.700259,-0.01833,0.01323,-0.09211,-0.00048,0.00111,0.00066,0.61840,-0.00066,0.12894,0.00084,0.70424,-0.00010,0.70996,1,1,1,1
1765409517.702261,-0.03449,0.00012,-0.06898,-0.00021,-0.00022,-0.00010,0.61840,-0.00066,0.12894,0.00084,0.70424,-0.00010,0.70996,1,1,1,1
1765409517.704255,-0.02682,0.03260,-0.05493,-0.00047,0.00208,0.00015,0.61840,-0.00066,0.12894,0.00084,0.70424,-0.00010,0.70996,1,1,1,1
1765409517.706264,-0.03147,0.00587,-0.03896,0.00008,0.00190,0.00031,0.61840,-0.00066,0.12894,0.00084,0.70424,-0.00010,0.70996,1,1,1,1
1765409517.708261,-0.03896,0.02149,-0.07709,-0.00060,0.00071,0.00029,0.61840,-0.00066,0.12894,0.00084,0.70424,-0.00010,0.70996,1,1,1,1
1765409517.710243,-0.02344,0.02064,-0.03902,0.00005,0.00142,0.00111,0.61840,-0.00066,0.12894,0.00084,0.70424,-0.00010,0.70996,1,1,1,1
1765409517.712271,-0.02576,0.00366,-0.07678,-0.00104,0.00095,0.00015,0.61840,-0.00066,0.12894,0.00084,0.70424,-0.00010,0.70996,1,1,1,1
1765409517.714266,-0.03956,0.02548,-0.03932,-0.00055,0.00199,0.00058,0.61840,-0.00066,0.12894,0.00084,0.70424,-0.00010,0.70996,1,1,1,1
1765409517.716285,-0.03020,-0.01384,-0.08404,-0.00081,0.00152,0.00001,0.61840,-0.00066,0.12894,0.00084,0.70424,-0.00010,0.70996,1,1,1,1
1765409517.718275,-0.03873,0.02079,-0.07719,-0.00105,0.00147,0.00029,0.61840,-0.00066,0.12894,0.00084,0.70424,-0.00010,0.70996,1,1,1,1
1765409517.720272,-0.02892,0.01108,-0.09966,-0.00204,0.00060,0.00013,0.61840,-0.00066,0.12894,0.00084,0.70424,-0.00010,0.70996,1,1,1,1
1765409517.722265,-0.05228,0.00675,0.00693,-0.00362,0.00024,-0.00002,0.61840,-0.00066,0.12894,0.00084,0.70424,-0.00010,0.70996,1,1,1,1
1765409517.724826,-0.02566,0.00459,-0.07663,-0.00081,-0.00020,0.00015,0.61840,-0.00066,0.12894,0.00084,0.70424,-0.00010,0.70996,1,1,1,1
1765409517.726274,-0.02177,0.03109,-0.09992,-0.00114,0.00013,0.00079,0.61840,-0.00066,0.12894,0.00084,0.70424,-0.00010,0.70996,1,1,1,1
1765409517.728283,-0.03823,0.03077,-0.10788,-0.00136,0.00120,-0.00001,0.61840,-0.00066,0.12894,0.00084,0.70424,-0.00010,0.70996,1,1,1,1
1765409517.730277,-0.04357,0.01897,-0.08454,-0.00041,0.00090,0.00056,0.61840,-0.00066,0.12894,0.00084,0.70424,-0.00010,0.70996,1,1,1,1
1765409517.732286,-0.03210,0.00597,-0.08419,0.00030,0.00154,0.00108,0.61840,-0.00066,0.12894,0.00084,0.70424,-0.00010,0.70996,1,1,1,1
1765409517.734281,-0.02325,0.00647,-0.06945,0.00075,0.00116,-0.00012,0.61840,-0.00066,0.12894,0.00084,0.70424,-0.00010,0.70996,1,1,1,1
1765409517.736309,-0.04095,0.01633,-0.11488,0.00087,0.00139,0.00080,0.61840,-0.00066,0.12894,0.00084,0.70424,-0.00010,0.70996,1,1,1,1
1765409517.738291,-0.04010,0.00191,-0.07678,0.00069,0.00112,0.00002,0.61840,-0.00066,0.12894,0.00084,0.70424,-0.00010,0.70996,1,1,1,1
1765409517.740319,-0.04911,-0.00003,-0.03084,-0.00239,-0.00030,-0.00006,0.61840,-0.00066,0.12894,0.00084,0.70424,-0.00010,0.70996,1,1,1,1
1765409517.742303,-0.03023,0.00652,-0.07673,-0.00078,0.00062,0.00029,0.61840,-0.00066,0.12894,0.00084,0.70424,-0.00010,0.70996,1,1,1,1
1765409517.744312,-0.03932,0.01420,-0.05363,-0.00419,-0.00079,0.00073,0.61840,-0.00066,0.12894,0.00084,0.70424,-0.00010,0.70996,1,1,1,1
1765409517.746296,-0.03953,-0.00104,0.01464,-0.00372,0.00035,-0.00003,0.61840,-0.00066,0.12894,0.00084,0.70424,-0.00010,0.70996,1,1,1,1
1765409517.748285,-0.04768,0.00668,-0.09192,-0.00035,0.00108,0.00029,0.61840,-0.00066,0.12894,0.00084,0.70424,-0.00010,0.70996,1,1,1,1
1765409517.750293,-0.02200,0.02497,-0.02418,-0.00121,0.00190,0.00058,0.61840,-0.00066,0.12894,0.00084,0.70424,-0.00010,0.70996,1,1,1,1
1765409517.752306,-0.00889,0.01692,-0.01666,-0.00153,0.00238,0.00017,0.61840,-0.00066,0.12894,0.00084,0.70424,-0.00010,0.70996,1,1,1,1
1765409517.754308,-0.02394,0.01625,-0.09194,0.00065,0.00081,0.00120,0.61840,-0.00066,0.12894,0.00084,0.70424,-0.00010,0.70996,1,1,1,1
1765409517.756315,-0.03804,-0.00842,-0.00038,-0.00140,0.00097,0.00036,0.61840,-0.00066,0.12894,0.00084,0.70424,-0.00010,0.70996,1,1,1,1
1765409517.758895,-0.05612,0.00258,-0.11456,0.00004,0.00043,0.00001,0.61840,-0.00066,0.12894,0.00084,0.70424,-0.00010,0.70996,1,1,1,1
1765409517.760312,-0.02717,-0.00107,-0.07685,0.00044,0.00134,-0.00012,0.61840,-0.00066,0.12894,0.00084,0.70424,-0.00010,0.70996,1,1,1,1
1765409517.762314,-0.02312,0.01336,-0.02346,-0.00376,0.00002,0.00073,0.61840,-0.00066,0.12894,0.00084,0.70424,-0.00010,0.70996,1,1,1,1
1765409517.764313,-0.03939,0.01418,-0.01603,-0.00375,-0.00030,-0.00006,0.61840,-0.00066,0.12894,0.00084,0.70424,-0.00010,0.70996,1,1,1,1
1765409517.766312,-0.04760,0.01187,-0.07687,-0.00028,0.00082,0.00017,0.61840,-0.00066,0.12894,0.00084,0.70424,-0.00010,0.70996,1,1,1,1
1765409517.768308,-0.02774,0.02852,-0.02449,0.00080,0.00158,-0.00009,0.61840,-0.00066,0.12894,0.00084,0.70424,-0.00010,0.70996,1,1,1,1
1765409517.770318,-0.04431,-0.00756,-0.01563,-0.00270,-0.00023,-0.00045,0.61840,-0.00066,0.12894,0.00084,0.70424,-0.00010,0.70996,1,1,1,1
1765409517.772307,-0.04750,0.00650,-0.09953,-0.00057,0.00121,0.00028,0.61840,-0.00066,0.12894,0.00084,0.70424,-0.00010,0.70996,1,1,1,1
1765409517.774324,-0.03754,0.02136,-0.03904,-0.00191,0.00044,0.00032,0.61840,-0.00066,0.12894,0.00084,0.70424,-0.00010,0.70996,1,1,1,1
1765409517.776308,-0.03095,0.02808,-0.02379,-0.00445,0.00011,0.00073,0.61840,-0.00066,0.12894,0.00084,0.70424,-0.00010,0.70996,1,1,1,1
1765409517.778321,-0.03101,0.02303,0.02176,-0.00430,0.00048,0.00050,0.61840,-0.00066,0.12894,0.00084,0.70424,-0.00010,0.70996,1,1,1,1
1765409517.780335,-0.02573,0.01298,-0.10743,-0.00136,0.00145,0.00025,0.61840,-0.00066,0.12894,0.00084,0.70424,-0.00010,0.70996,1,1,1,1
1765409517.782325,-0.03361,0.01974,-0.06189,-0.00106,-0.00037,-0.00024,0.61840,-0.00066,0.12894,0.00084,0.70424,-0.00010,0.70996,1,1,1,1
1765409517.784335,-0.03072,0.01741,-0.02353,-0.00502,0.00088,0.00100,0.61840,-0.00066,0.12894,0.00084,0.70424,-0.00010,0.70996,1,1,1,1
1765409517.786351,-0.01270,0.03990,-0.06227,-0.00212,0.00090,0.00094,0.61840,-0.00066,0.12894,0.00084,0.70424,-0.00010,0.70996,1,1,1,1
1765409517.788335,-0.07325,0.00228,-0.09182,0.00003,0.00139,0.00005,0.61839,-0.00066,0.12894,0.00084,0.70424,-0.00010,0.70996,1,1,1,1
1765409517.790333,-0.01066,0.02294,-0.11535,0.00029,0.00139,0.00036,0.61839,-0.00066,0.12894,0.00084,0.70424,-0.00010,0.70996,1,1,1,1
1765409517.792323,-0.03996,0.01871,-0.02337,-0.00391,-0.00015,0.00101,0.61839,-0.00066,0.12894,0.00084,0.70424,-0.00010,0.70996,1,1,1,1
1765409517.794364,-0.01399,0.01506,-0.03164,-0.00068,0.00194,0.00043,0.61839,-0.00066,0.12894,0.00084,0.70424,-0.00010,0.70996,1,1,1,1
1765409517.796341,-0.05764,-0.00006,-0.00046,-0.00239,0.00006,-0.00002,0.61839,-0.00066,0.12894,0.00084,0.70424,-0.00010,0.70996,1,1,1,1
1765409517.798344,-0.02858,0.00555,-0.04602,-0.00298,0.00087,0.00112,0.61839,-0.00066,0.12894,0.00084,0.70424,-0.00010,0.70996,1,1,1,1
1765409517.800322,-0.04024,0.02126,-0.08464,0.00027,0.00124,0.00068,0.61839,-0.00066,0.12894,0.00084,0.70424,-0.00010,0.70996,1,1,1,1
1765409517.802330,-0.01044,0.01291,-0.05424,-0.00005,0.00152,0.00068,0.61839,-0.00066,0.12894,0.00084,0.70424,-0.00010,0.70996,1,1,1,1
1765409517.804338,-0.00530,0.02543,-0.02414,-0.00077,0.00094,0.00056,0.61839,-0.00066,0.12894,0.00084,0.70424,-0.00010,0.70996,1,1,1,1
1765409517.806332,-0.04138,0.01159,-0.07691,0.00146,0.00152,0.00056,0.61839,-0.00066,0.12894,0.00084,0.70424,-0.00010,0.70996,1,1,1,1
1765409517.808364,-0.03657,0.02123,-0.03880,-0.00301,0.00005,0.00073,0.61839,-0.00066,0.12894,0.00084,0.70424,-0.00010,0.70996,1,1,1,1
1765409517.810327,-0.03455,0.01837,-0.08460,-0.00108,0.00117,0.00055,0.61839,-0.00066,0.12894,0.00084,0.70424,-0.00010,0.70996,1,1,1,1
1765409517.812351,-0.04488,0.01696,0.02189,-0.00262,-0.00011,0.00011,0.61838,-0.00066,0.12894,0.00084,0.70424,-0.00010,0.70996,1,1,1,1
1765409517.814342,-0.01249,0.03563,-0.05473,-0.00174,0.00038,0.00028,0.61838,-0.00066,0.12894,0.00084,0.70424,-0.00010,0.70996,1,1,1,1
1765409517.816363,-0.03522,0.03662,-0.01657,-0.00370,-0.00075,-0.00007,0.61838,-0.00066,0.12894,0.00084,0.70424,-0.00010,0.70996,1,1,1,1
1765409517.818362,-0.03616,0.03030,-0.01630,-0.00377,0.00080,0.00088,0.61838,-0.00066,0.12894,0.00084,0.70424,-0.00010,0.70996,1,1,1,1
1765409517.820366,-0.01872,0.04991,-0.03187,-0.00441,0.00008,0.00111,0.61837,-0.00066,0.12894,0.00084,0.70425,-0.00010,0.70995,1,1,1,1
1765409517.822367,-0.03737,0.03115,-0.04700,-0.00201,0.00055,0.00004,0.61837,-0.00066,0.12894,0.00084,0.70425,-0.00010,0.70995,1,1,1,1
1765409517.824375,-0.04389,0.02612,-0.03131,-0.00404,0.00001,0.00061,0.61837,-0.00066,0.12893,0.00084,0.70425,-0.00010,0.70995,1,1,1,1
1765409517.826355,-0.02677,0.03067,-0.00859,-0.00442,-0.00020,0.00088,0.61837,-0.00066,0.12893,0.00084,0.70425,-0.00010,0.70995,1,1,1,1
1765409517.828376,-0.05059,0.01844,-0.06950,-0.00173,0.00149,0.00017,0.61836,-0.00066,0.12893,0.00084,0.70426,-0.00010,0.70994,1,1,1,1
1765409517.830368,-0.03424,0.02911,-0.03907,-0.00116,0.00002,0.00072,0.61831,-0.00066,0.12890,0.00084,0.70430,-0.00010,0.70990,1,1,1,1
1765409517.832377,-0.02076,0.01582,-0.03156,-0.00176,0.00087,0.00004,0.61831,-0.00066,0.12890,0.00084,0.70430,-0.00010,0.70990,1,1,1,1
1765409517.834369,-0.02790,0.02311,-0.05476,0.00073,0.00209,0.00002,0.61831,-0.00066,0.12890,0.00084,0.70430,-0.00010,0.70990,1,1,1,1
1765409517.836947,-0.00089,0.03528,-0.06197,-0.00480,-0.00077,0.00067,0.61831,-0.00066,0.12890,0.00084,0.70430,-0.00010,0.70990,1,1,1,1
1765409517.838390,-0.05526,0.02140,-0.10742,-0.00126,0.00104,0.00028,0.61831,-0.00066,0.12890,0.00084,0.70430,-0.00010,0.70990,1,1,1,1
1765409517.840385,-0.04642,0.01591,-0.11471,-0.00198,0.00107,0.00081,0.61831,-0.00066,0.12890,0.00084,0.70430,-0.00010,0.70990,1,1,1,1
1765409517.842389,-0.04665,-0.00302,-0.07662,-0.00090,0.00082,-0.00023,0.61831,-0.00066,0.12890,0.00084,0.70430,-0.00010,0.70990,1,1,1,1
1765409517.844387,-0.03054,0.02423,-0.07674,-0.00428,-0.00129,0.00043,0.61831,-0.00066,0.12890,0.00084,0.70430,-0.00010,0.70990,1,1,1,1
1765409517.846382,-0.01717,0.03366,-0.10025,-0.00111,0.00006,0.00011,0.61831,-0.00066,0.12890,0.00084,0.70430,-0.00010,0.70990,1,1,1,1
1765409517.848388,-0.03831,0.01208,-0.09215,-0.00072,0.00020,-0.00026,0.61831,-0.00066,0.12890,0.00084,0.70430,-0.00010,0.70990,1,1,1,1
1765409517.850397,-0.02303,0.00870,0.02975,-0.00359,-0.00011,0.00050,0.61831,-0.00066,0.12890,0.00084,0.70430,-0.00010,0.70990,1,1,1,1
1765409517.852374,-0.05390,-0.00366,-0.03087,-0.00244,0.00129,0.00021,0.61830,-0.00066,0.12889,0.00084,0.70431,-0.00010,0.70989,1,1,1,1
1765409517.854379,-0.06020,0.01624,-0.03124,-0.00438,0.00059,0.00009,0.61830,-0.00066,0.12889,0.00084,0.70431,-0.00010,0.70989,1,1,1,1
1765409517.856378,-0.05373,0.01733,-0.03123,-0.00218,-0.00025,0.00008,0.61829,-0.00066,0.12888,0.00084,0.70432,-0.00010,0.70988,1,1,1,1
1765409517.858403,-0.04242,-0.00092,-0.03112,-0.00109,0.00114,-0.00007,0.61829,-0.00066,0.12888,0.00084,0.70432,-0.00010,0.70988,1,1,1,1
1765409517.860388,-0.04331,0.00910,-0.08433,-0.00053,0.00091,0.00043,0.61828,-0.00066,0.12888,0.00084,0.70432,-0.00010,0.70988,1,1,1,1
1765409517.862401,-0.00948,0.04772,-0.00968,-0.00072,0.00109,0.00017,0.61828,-0.00066,0.12888,0.00084,0.70432,-0.00010,0.70988,1,1,1,1
1765409517.864402,-0.01762,0.02685,-0.06242,-0.00141,0.00248,0.00027,0.61820,-0.00066,0.12884,0.00084,0.70438,-0.00010,0.70983,1,1,1,1
1765409517.866404,-0.04260,0.02773,-0.03203,-0.00140,0.00226,-0.00008,0.61820,-0.00066,0.12884,0.00084,0.70438,-0.00010,0.70983,1,1,1,1
1765409517.868388,-0.04966,0.03748,-0.04713,-0.00303,0.00184,0.00045,0.61820,-0.00066,0.12884,0.00084,0.70438,-0.00010,0.70983,1,1,1,1
1765409517.870401,-0.04445,0.01171,-0.03851,-0.00334,-0.00023,0.00061,0.61820,-0.00066,0.12884,0.00084,0.70438,-0.00010,0.70983,1,1,1,1
1765409517.872392,-0.03115,0.01969,-0.00838,-0.00346,-0.00129,0.00021,0.61820,-0.00066,0.12884,0.00084,0.70438,-0.00010,0.70983,1,1,1,1
1765409517.874474,-0.00883,0.04805,-0.04737,-0.00137,0.00020,0.00055,0.61820,-0.00066,0.12884,0.00084,0.70438,-0.00010,0.70983,1,1,1,1
1765409517.876496,-0.00489,0.02528,-0.07747,-0.00099,0.00106,0.00012,0.61820,-0.00066,0.12884,0.00084,0.70438,-0.00010,0.70983,1,1,1,1
1765409517.878392,-0.02214,0.01889,-0.06126,-0.00456,-0.00125,0.00097,0.61820,-0.00066,0.12884,0.00084,0.70438,-0.00010,0.70983,1,1,1,1
1765409517.880396,-0.04251,0.00863,-0.09953,-0.00141,0.00115,0.00041,0.61820,-0.00066,0.12884,0.00084,0.70438,-0.00010,0.70983,1,1,1,1
1765409517.882419,-0.05179,0.00091,-0.03819,-0.00478,0.00064,0.00088,0.61820,-0.00066,0.12884,0.00084,0.70438,-0.00010,0.70983,1,1,1,1
1765409517.884429,-0.01428,0.02276,-0.02352,-0.00451,-0.00008,0.00126,0.61820,-0.00066,0.12884,0.00084,0.70438,-0.00010,0.70983,1,1,1,1
1765409517.886410,-0.02239,0.02154,-0.05417,-0.00038,0.00014,0.00070,0.61820,-0.00066,0.12884,0.00084,0.70438,-0.00010,0.70983,1,1,1,1
1765409517.888409,-0.04768,0.02390,-0.07679,-0.00429,-0.00032,0.00044,0.61819,-0.00066,0.12883,0.00084,0.70439,-0.00010,0.70982,1,1,1,1
1765409517.890429,-0.02161,0.01045,-0.06170,-0.00139,0.00140,0.00056,0.61819,-0.00066,0.12883,0.00084,0.70439,-0.00010,0.70982,1,1,1,1
1765409517.892409,-0.04920,0.00471,-0.06903,-0.00234,-0.00005,-0.00022,0.61818,-0.00066,0.12883,0.00084,0.70439,-0.00010,0.70981,1,1,1,1
1765409517.894426,-0.02974,0.01650,-0.10743,-0.00110,0.00035,-0.00001,0.61818,-0.00066,0.12883,0.00084,0.70439,-0.00010,0.70981,1,1,1,1
1765409517.896419,-0.05600,0.02707,-0.07717,-0.00032,0.00053,0.00017,0.61817,-0.00066,0.12882,0.00084,0.70441,-0.00010,0.70980,1,1,1,1
1765409517.898427,-0.04247,0.03419,-0.07717,-0.00132,-0.00001,0.00056,0.61817,-0.00066,0.12882,0.00084,0.70441,-0.00010,0.70980,1,1,1,1
1765409517.900415,-0.02356,0.01838,-0.03867,-0.00348,-0.00010,0.00099,0.61815,-0.00066,0.12881,0.00084,0.70441,-0.00010,0.70979,1,1,1,1
1765409517.902482,-0.02534,-0.00077,-0.02351,-0.00109,0.00043,-0.00008,0.61814,-0.00066,0.12881,0.00084,0.70442,-0.00010,0.70978,1,1,1,1
1765409517.904415,-0.03094,0.01386,-0.06889,-0.00419,-0.00064,0.00070,0.61814,-0.00066,0.12881,0.00084,0.70442,-0.00010,0.70978,1,1,1,1
1765409517.906434,-0.03090,0.01595,-0.09223,-0.00045,0.00126,0.00040,0.61807,-0.00066,0.12878,0.00084,0.70446,-0.00010,0.70974,1,1,1,1
1765409517.908417,-0.05414,0.01550,-0.08452,-0.00264,0.00179,0.00043,0.61807,-0.00066,0.12878,0.00084,0.70446,-0.00010,0.70974,1,1,1,1
1765409517.910438,-0.05033,0.02979,-0.01646,-0.00138,-0.00018,-0.00005,0.61807,-0.00066,0.12878,0.00084,0.70446,-0.00010,0.70974,1,1,1,1
1765409517.913040,-0.01798,0.02413,-0.10748,-0.00035,-0.00017,0.00038,0.61807,-0.00066,0.12878,0.00084,0.70446,-0.00010,0.70974,1,1,1,1
1765409517.914482,-0.03771,0.01160,-0.00829,-0.00181,0.00032,0.00062,0.61807,-0.00066,0.12878,0.00084,0.70446,-0.00010,0.70974,1,1,1,1
1765409517.916457,-0.01775,0.00853,-0.11481,-0.00076,0.00073,0.00038,0.61807,-0.00066,0.12878,0.00084,0.70446,-0.00010,0.70974,1,1,1,1
1765409517.918452,-0.04396,0.00746,0.00720,-0.00339,-0.00100,0.00038,0.61807,-0.00066,0.12878,0.00084,0.70446,-0.00010,0.70974,1,1,1,1
1765409517.920435,-0.03927,0.02358,-0.03871,-0.00451,-0.00029,0.00087,0.61807,-0.00066,0.12878,0.00084,0.70446,-0.00010,0.70974,1,1,1,1
1765409517.922448,-0.02963,0.01245,-0.10710,-0.00093,-0.00079,0.00013,0.61807,-0.00066,0.12878,0.00084,0.70446,-0.00010,0.70974,1,1,1,1
1765409517.924433,-0.01744,0.01301,-0.06929,-0.00136,0.00110,0.00068,0.61807,-0.00066,0.12878,0.00084,0.70446,-0.00010,0.70974,1,1,1,1
1765409517.926447,-0.01281,0.03608,-0.09266,-0.00130,-0.00012,0.00025,0.61807,-0.00066,0.12878,0.00084,0.70446,-0.00010,0.70974,1,1,1,1
1765409517.928438,-0.03442,0.02009,-0.08450,-0.00040,-0.00074,0.00015,0.61806,-0.00066,0.12877,0.00084,0.70447,-0.00010,0.70974,1,1,1,1
1765409517.930452,-0.01319,0.04073,-0.03976,-0.00102,0.00051,0.00015,0.61806,-0.00066,0.12877,0.00084,0.70447,-0.00010,0.70974,1,1,1,1
1765409517.932443,-0.01637,0.00279,-0.04648,-0.00214,0.00147,0.00016,0.61804,-0.00066,0.12877,0.00084,0.70447,-0.00010,0.70973,1,1,1,1
1765409517.934458,-0.03453,0.01908,-0.09967,-0.00085,0.00029,0.00054,0.61804,-0.00066,0.12877,0.00084,0.70447,-0.00010,0.70973,1,1,1,1
1765409517.936457,-0.04383,0.02627,-0.06166,-0.00404,-0.00024,0.00058,0.61803,-0.00066,0.12876,0.00084,0.70448,-0.00010,0.70973,1,1,1,1
1765409517.938456,-0.02098,0.01146,-0.04631,-0.00160,-0.00000,0.00057,0.61803,-0.00066,0.12876,0.00084,0.70448,-0.00010,0.70973,1,1,1,1
1765409517.940471,-0.00567,0.02145,-0.09996,0.00006,-0.00007,0.00024,0.61800,-0.00066,0.12876,0.00084,0.70449,-0.00010,0.70972,1,1,1,1
1765409517.942470,-0.01977,0.03122,-0.05419,-0.00288,-0.00066,0.00083,0.61795,-0.00066,0.12875,0.00084,0.70450,-0.00010,0.70971,1,1,1,1
1765409517.944458,-0.03980,-0.00359,-0.08425,0.00019,0.00163,0.00015,0.61795,-0.00066,0.12875,0.00084,0.70450,-0.00010,0.70971,1,1,1,1
1765409517.946460,-0.03060,0.00196,-0.04632,-0.00018,0.00049,0.00004,0.61795,-0.00066,0.12875,0.00084,0.70450,-0.00010,0.70971,1,1,1,1
1765409517.948461,-0.03102,0.00767,-0.09940,0.00032,-0.00051,0.00027,0.61795,-0.00066,0.12875,0.00084,0.70450,-0.00010,0.70971,1,1,1,1
1765409517.950473,-0.04299,0.00999,-0.00063,-0.00052,-0.00012,0.00049,0.61795,-0.00066,0.12875,0.00084,0.70450,-0.00010,0.70971,1,1,1,1
1765409517.952465,-0.03123,-0.00148,-0.06114,0.00087,-0.00114,0.00017,0.61795,-0.00066,0.12875,0.00084,0.70450,-0.00010,0.70971,1,1,1,1
1765409517.954472,-0.01886,0.02369,-0.03909,0.00008,0.00060,0.00084,0.61795,-0.00066,0.12875,0.00084,0.70450,-0.00010,0.70971,1,1,1,1
1765409517.956457,-0.02613,0.00528,-0.06137,-0.00014,-0.00083,0.00016,0.61795,-0.00066,0.12875,0.00084,0.70450,-0.00010,0.70971,1,1,1,1
1765409517.958476,-0.03238,-0.00523,-0.08370,-0.00245,-0.00074,0.00043,0.61795,-0.00066,0.12875,0.00084,0.70450,-0.00010,0.70971,1,1,1,1
1765409517.960483,-0.02379,0.01415,-0.04617,-0.00287,-0.00073,0.00071,0.61795,-0.00066,0.12875,0.00084,0.70450,-0.00010,0.70971,1,1,1,1
1765409517.962474,-0.04970,-0.00898,-0.03797,-0.00163,-0.00129,0.00021,0.61795,-0.00066,0.12875,0.00084,0.70450,-0.00010,0.70971,1,1,1,1
1765409517.964470,-0.04678,-0.02681,-0.00758,-0.00031,0.00007,-0.00031,0.61793,-0.00066,0.12875,0.00084,0.70450,-0.00010,0.70971,1,1,1,1
1765409517.966497,-0.06135,-0.04116,0.03880,-0.00246,-0.00088,0.00016,0.61793,-0.00066,0.12875,0.00084,0.70450,-0.00010,0.70971,1,1,1,1
1765409517.968469,-0.00278,-0.01838,-0.07608,-0.00239,-0.00045,0.00014,0.61792,-0.00066,0.12875,0.00084,0.70450,-0.00010,0.70971,1,1,1,1
1765409517.970471,-0.03286,0.00800,-0.09189,0.00208,-0.00024,0.00027,0.61792,-0.00066,0.12875,0.00084,0.70450,-0.00010,0.70971,1,1,1,1
1765409517.972483,-0.01831,0.04378,-0.10048,-0.00011,0.00007,0.00024,0.61790,-0.00066,0.12876,0.00084,0.70449,-0.00010,0.70972,1,1,1,1
1765409517.974472,-0.02263,0.05196,-0.08518,-0.00001,-0.00090,0.00067,0.61790,-0.00066,0.12876,0.00084,0.70449,-0.00010,0.70972,1,1,1,1
1765409517.976489,-0.03905,0.01191,-0.05390,-0.00050,0.00034,0.00058,0.61789,-0.00066,0.12876,0.00084,0.70448,-0.00010,0.70973,1,1,1,1
1765409517.978477,-0.03661,0.01188,-0.03094,-0.00268,-0.00045,0.00060,0.61789,-0.00066,0.12876,0.00084,0.70448,-0.00010,0.70973,1,1,1,1
1765409517.980478,-0.02251,-0.00916,-0.09934,-0.00032,0.00168,0.00026,0.61789,-0.00066,0.12876,0.00084,0.70448,-0.00010,0.70973,1,1,1,1
1765409517.982524,-0.04737,-0.01230,-0.04584,-0.00014,0.00033,0.00006,0.61781,-0.00066,0.12878,0.00084,0.70446,-0.00010,0.70974,1,1,1,1
1765409517.984522,-0.02406,0.00420,-0.06120,-0.00256,-0.00046,0.00057,0.61781,-0.00066,0.12878,0.00084,0.70446,-0.00010,0.70974,1,1,1,1
1765409517.986532,-0.03780,-0.01288,0.00767,-0.00167,0.00010,0.00091,0.61781,-0.00066,0.12878,0.00084,0.70446,-0.00010,0.70974,1,1,1,1
1765409517.988540,-0.04516,0.03167,-0.03909,-0.00266,-0.00024,0.00046,0.61781,-0.00066,0.12878,0.00084,0.70446,-0.00010,0.70974,1,1,1,1
1765409517.990490,-0.01162,0.01858,-0.06181,0.00111,0.00090,0.00094,0.61781,-0.00066,0.12878,0.00084,0.70446,-0.00010,0.70974,1,1,1,1
1765409517.992495,-0.00549,0.01630,-0.10739,-0.00022,0.00006,0.00037,0.61781,-0.00066,0.12878,0.00084,0.70446,-0.00010,0.70974,1,1,1,1
1765409517.994513,-0.02041,0.01362,-0.02386,0.00149,0.00151,0.00071,0.61781,-0.00066,0.12878,0.00084,0.70446,-0.00010,0.70974,1,1,1,1
1765409517.996510,-0.03002,0.00706,-0.09942,-0.00078,-0.00014,0.00027,0.61781,-0.00066,0.12878,0.00084,0.70446,-0.00010,0.70974,1,1,1,1
1765409517.998511,-0.03977,0.00205,-0.09174,0.00025,0.00061,0.00042,0.61781,-0.00066,0.12878,0.00084,0.70446,-0.00010,0.70974,1,1,1,1
1765409518.000493,-0.02616,0.01309,-0.07689,-0.00114,0.00133,0.00068,0.61781,-0.00066,0.12878,0.00084,0.70446,-0.00010,0.70974,1,1,1,1
1765409518.002515,-0.00564,0.02027,-0.03179,-0.00039,0.00145,0.00029,0.61780,-0.00066,0.12878,0.00084,0.70445,-0.00010,0.70975,1,1,1,1
1765409518.004508,-0.02872,-0.00252,-0.03092,-0.00155,-0.00054,-0.00021,0.61780,-0.00066,0.12878,0.00084,0.70445,-0.00010,0.70975,1,1,1,1
1765409518.006528,-0.03227,0.03420,-0.04685,-0.00263,-0.00065,0.00018,0.61778,-0.00066,0.12879,0.00084,0.70445,-0.00010,0.70976,1,1,1,1
1765409518.008512,-0.03054,0.00697,-0.11466,-0.00034,0.00012,0.00026,0.61778,-0.00066,0.12879,0.00084,0.70445,-0.00010,0.70976,1,1,1,1
1765409518.010525,-0.06636,-0.02229,-0.06081,0.00149,0.00158,0.00034,0.61777,-0.00066,0.12879,0.00084,0.70444,-0.00010,0.70976,1,1,1,1
1765409518.012518,-0.02216,-0.00386,-0.03110,-0.00047,0.00129,0.00018,0.61777,-0.00066,0.12879,0.00084,0.70444,-0.00010,0.70976,1,1,1,1
1765409518.014535,-0.01797,0.01849,-0.01610,-0.00085,0.00060,0.00099,0.61775,-0.00066,0.12880,0.00084,0.70443,-0.00010,0.70977,1,1,1,1
1765409518.016569,-0.03615,0.02622,-0.03172,-0.00295,0.00028,-0.00021,0.61773,-0.00066,0.12880,0.00084,0.70443,-0.00010,0.70977,1,1,1,1
1765409518.018539,-0.03259,0.02883,-0.07677,-0.00291,-0.00050,0.00110,0.61769,-0.00066,0.12881,0.00084,0.70442,-0.00010,0.70978,1,1,1,1
1765409518.020532,-0.07312,-0.01298,-0.06855,-0.00037,0.00179,0.00047,0.61769,-0.00066,0.12881,0.00084,0.70442,-0.00010,0.70978,1,1,1,1
1765409518.022531,-0.06020,-0.03320,-0.06026,0.00048,-0.00077,0.00007,0.61769,-0.00066,0.12881,0.00084,0.70442,-0.00010,0.70978,1,1,1,1
1765409518.024548,-0.05278,-0.00616,-0.01540,-0.00225,-0.00165,-0.00044,0.61769,-0.00066,0.12881,0.00084,0.70442,-0.00010,0.70978,1,1,1,1
1765409518.026523,-0.03022,0.00658,-0.03116,-0.00078,0.00062,0.00032,0.61769,-0.00066,0.12881,0.00084,0.70442,-0.00010,0.70978,1,1,1,1
1765409518.028527,-0.00544,0.01079,-0.09969,-0.00051,0.00070,0.00051,0.61767,-0.00066,0.12881,0.00084,0.70441,-0.00010,0.70979,1,1,1,1
1765409518.030538,-0.01105,0.03114,-0.04660,-0.00310,-0.00089,0.00083,0.61767,-0.00066,0.12881,0.00084,0.70441,-0.00010,0.70979,1,1,1,1
1765409518.032527,-0.01085,0.03728,-0.05488,0.00003,0.00189,0.00081,0.61767,-0.00066,0.12881,0.00084,0.70441,-0.00010,0.70979,1,1,1,1
1765409518.034536,-0.03472,0.03848,-0.02436,-0.00083,0.00090,0.00046,0.61767,-0.00066,0.12881,0.00084,0.70441,-0.00010,0.70979,1,1,1,1
1765409518.036534,-0.03306,-0.00015,-0.03817,-0.00195,-0.00073,0.00073,0.61767,-0.00066,0.12881,0.00084,0.70441,-0.00010,0.70979,1,1,1,1
1765409518.038537,-0.04889,-0.00950,-0.04540,-0.00273,-0.00117,0.00061,0.61766,-0.00066,0.12882,0.00084,0.70441,-0.00010,0.70979,1,1,1,1
1765409518.040533,-0.02244,-0.00269,-0.08410,0.00020,-0.00010,0.00014,0.61766,-0.00066,0.12882,0.00084,0.70441,-0.00010,0.70979,1,1,1,1
1765409518.042532,-0.01894,0.01192,-0.03144,-0.00268,-0.00068,-0.00063,0.61764,-0.00066,0.12882,0.00084,0.70441,-0.00010,0.70980,1,1,1,1
1765409518.044537,-0.01880,0.02273,-0.03960,0.00007,0.00211,0.00002,0.61764,-0.00066,0.12882,0.00084,0.70441,-0.00010,0.70980,1,1,1,1
1765409518.046557,-0.03639,0.00392,-0.04652,0.00093,0.00171,0.00018,0.61762,-0.00066,0.12882,0.00084,0.70440,-0.00010,0.70980,1,1,1,1
1765409518.048570,-0.05250,0.00072,-0.10692,0.00089,-0.00013,-0.00012,0.61761,-0.00066,0.12882,0.00084,0.70440,-0.00010,0.70980,1,1,1,1
1765409518.050541,-0.05688,0.00235,-0.12188,0.00026,0.00058,0.00081,0.61761,-0.00066,0.12882,0.00084,0.70440,-0.00010,0.70980,1,1,1,1
1765409518.052573,-0.04006,0.01484,-0.04599,-0.00330,-0.00129,0.00073,0.61761,-0.00066,0.12882,0.00084,0.70440,-0.00010,0.70980,1,1,1,1
1765409518.054542,-0.05148,-0.01468,-0.04581,-0.00017,0.00038,-0.00007,0.61756,-0.00066,0.12883,0.00084,0.70439,-0.00010,0.70981,1,1,1,1
1765409518.056561,-0.04418,0.01513,-0.08459,0.00085,0.00014,-0.00011,0.61752,-0.00066,0.12883,0.00084,0.70438,-0.00010,0.70982,1,1,1,1
1765409518.058542,-0.00853,0.00803,-0.02407,-0.00120,0.00136,-0.00037,0.61752,-0.00066,0.12883,0.00084,0.70438,-0.00010,0.70982,1,1,1,1
1765409518.060570,-0.03610,0.00214,-0.00809,-0.00280,-0.00046,0.00008,0.61752,-0.00066,0.12883,0.00084,0.70438,-0.00010,0.70982,1,1,1,1
1765409518.062583,-0.03265,-0.01580,-0.01530,-0.00236,0.00041,0.00035,0.61752,-0.00066,0.12883,0.00084,0.70438,-0.00010,0.70982,1,1,1,1
1765409518.064546,-0.04043,0.01396,-0.03875,-0.00310,0.00010,0.00033,0.61752,-0.00066,0.12883,0.00084,0.70438,-0.00010,0.70982,1,1,1,1
1765409518.066564,-0.06564,0.00062,-0.03829,-0.00261,-0.00073,-0.00004,0.61752,-0.00066,0.12883,0.00084,0.70438,-0.00010,0.70982,1,1,1,1
1765409518.068563,-0.06986,-0.00713,0.00760,-0.00292,-0.00029,0.00040,0.61752,-0.00066,0.12883,0.00084,0.70438,-0.00010,0.70982,1,1,1,1
1765409518.070553,-0.02253,0.00645,-0.01624,0.00009,0.00102,-0.00008,0.61752,-0.00066,0.12883,0.00084,0.70438,-0.00010,0.70982,1,1,1,1
1765409518.072576,-0.02287,0.01101,-0.06931,-0.00007,0.00117,0.00055,0.61752,-0.00066,0.12883,0.00084,0.70438,-0.00010,0.70982,1,1,1,1
1765409518.074559,-0.04400,-0.00564,-0.05362,0.00016,0.00118,0.00045,0.61751,-0.00066,0.12884,0.00084,0.70438,-0.00010,0.70982,1,1,1,1
1765409518.076560,-0.03749,0.00217,-0.03061,-0.00193,-0.00043,0.00087,0.61751,-0.00066,0.12884,0.00084,0.70438,-0.00010,0.70982,1,1,1,1
1765409518.078557,-0.02233,0.03666,-0.06226,-0.00020,-0.00014,0.00028,0.61749,-0.00066,0.12884,0.00084,0.70437,-0.00010,0.70983,1,1,1,1
1765409518.080555,-0.02040,0.04148,-0.04695,-0.00210,-0.00079,0.00056,0.61749,-0.00066,0.12884,0.00084,0.70437,-0.00010,0.70983,1,1,1,1
1765409518.082561,-0.03410,-0.00522,-0.05346,-0.00092,-0.00008,0.00045,0.61747,-0.00066,0.12885,0.00084,0.70437,-0.00010,0.70984,1,1,1,1
1765409518.084564,-0.00596,0.01012,-0.00871,-0.00030,0.00185,0.00058,0.61747,-0.00066,0.12885,0.00084,0.70437,-0.00010,0.70984,1,1,1,1
1765409518.086582,-0.02327,-0.00788,-0.03085,0.00079,0.00054,0.00032,0.61746,-0.00066,0.12885,0.00084,0.70437,-0.00010,0.70984,1,1,1,1
1765409518.088590,-0.04084,0.01472,-0.06885,-0.00265,-0.00090,0.00071,0.61746,-0.00066,0.12885,0.00084,0.70437,-0.00010,0.70984,1,1,1,1
1765409518.090698,-0.03276,-0.00798,-0.05354,0.00145,0.00105,0.00071,0.61737,-0.00066,0.12886,0.00084,0.70434,-0.00010,0.70986,1,1,1,1
1765409518.092589,-0.05669,-0.00759,-0.07631,0.00035,0.00095,0.00031,0.61737,-0.00066,0.12886,0.00084,0.70434,-0.00010,0.70986,1,1,1,1
1765409518.094582,-0.03529,0.00421,-0.06917,0.00006,0.00093,0.00016,0.61737,-0.00066,0.12886,0.00084,0.70434,-0.00010,0.70986,1,1,1,1
1765409518.096594,-0.05265,0.01951,-0.03911,0.00047,0.00100,0.00020,0.61737,-0.00066,0.12886,0.00084,0.70434,-0.00010,0.70986,1,1,1,1
1765409518.098641,-0.01466,0.02577,-0.04693,0.00011,0.00105,0.00055,0.61737,-0.00066,0.12886,0.00084,0.70434,-0.00010,0.70986,1,1,1,1
1765409518.100585,-0.03896,0.00167,-0.09192,-0.00041,0.00098,0.00001,0.61737,-0.00066,0.12886,0.00084,0.70434,-0.00010,0.70986,1,1,1,1
1765409518.102596,-0.01792,0.00387,-0.04643,-0.00038,0.00072,0.00016,0.61737,-0.00066,0.12886,0.00084,0.70434,-0.00010,0.70986,1,1,1,1
1765409518.104583,-0.04266,0.02441,-0.09976,-0.00100,-0.00000,0.00041,0.61737,-0.00066,0.12886,0.00084,0.70434,-0.00010,0.70986,1,1,1,1
1765409518.106584,-0.05389,0.01328,-0.04629,-0.00158,-0.00114,-0.00020,0.61737,-0.00066,0.12886,0.00084,0.70434,-0.00010,0.70986,1,1,1,1
1765409518.108581,-0.05005,0.02043,-0.08415,-0.00171,-0.00130,0.00057,0.61737,-0.00066,0.12886,0.00084,0.70434,-0.00010,0.70986,1,1,1,1
1765409518.110586,-0.03881,-0.00284,-0.06905,-0.00024,0.00060,-0.00024,0.61735,-0.00066,0.12886,0.00084,0.70434,-0.00010,0.70986,1,1,1,1
1765409518.112590,-0.05215,0.00463,-0.07668,0.00007,0.00088,0.00017,0.61735,-0.00066,0.12886,0.00084,0.70434,-0.00010,0.70986,1,1,1,1
1765409518.114594,-0.01754,0.01339,-0.04646,-0.00113,0.00072,0.00070,0.61734,-0.00066,0.12887,0.00084,0.70434,-0.00010,0.70987,1,1,1,1
1765409518.116578,-0.03231,-0.02546,0.00014,-0.00248,0.00016,0.00023,0.61734,-0.00066,0.12887,0.00084,0.70434,-0.00010,0.70987,1,1,1,1
1765409518.118614,-0.01814,0.00326,-0.06932,-0.00038,0.00149,0.00014,0.61732,-0.00066,0.12887,0.00084,0.70433,-0.00010,0.70987,1,1,1,1
1765409518.120593,-0.05359,0.01262,-0.06119,-0.00246,-0.00088,0.00060,0.61732,-0.00066,0.12887,0.00084,0.70433,-0.00010,0.70987,1,1,1,1
1765409518.122608,-0.04474,0.02712,-0.02362,-0.00294,-0.00087,0.00061,0.61730,-0.00066,0.12888,0.00084,0.70433,-0.00010,0.70987,1,1,1,1
1765409518.124648,-0.00188,0.04591,-0.01674,-0.00358,-0.00115,0.00044,0.61729,-0.00066,0.12888,0.00084,0.70433,-0.00010,0.70988,1,1,1,1
1765409518.126621,-0.01598,0.02680,-0.10762,0.00165,0.00018,0.00051,0.61722,-0.00066,0.12889,0.00084,0.70431,-0.00010,0.70989,1,1,1,1
1765409518.128643,-0.04993,0.01530,-0.03119,-0.00155,-0.00068,-0.00006,0.61722,-0.00066,0.12889,0.00084,0.70431,-0.00010,0.70989,1,1,1,1
1765409518.130609,-0.02794,0.00513,-0.05412,0.00160,0.00020,-0.00024,0.61722,-0.00066,0.12889,0.00084,0.70431,-0.00010,0.70989,1,1,1,1
1765409518.132606,-0.03176,-0.01148,-0.08379,0.00140,-0.00075,0.00002,0.61722,-0.00066,0.12889,0.00084,0.70431,-0.00010,0.70989,1,1,1,1
1765409518.134635,-0.03148,-0.00285,-0.06119,0.00042,0.00039,0.00057,0.61722,-0.00066,0.12889,0.00084,0.70431,-0.00010,0.70989,1,1,1,1
1765409518.136617,-0.03711,0.00525,-0.07674,0.00204,0.00032,0.00015,0.61722,-0.00066,0.12889,0.00084,0.70431,-0.00010,0.70989,1,1,1,1
1765409518.138615,-0.03052,0.00777,-0.11471,0.00011,-0.00065,-0.00015,0.61722,-0.00066,0.12889,0.00084,0.70431,-0.00010,0.70989,1,1,1,1
1765409518.140612,-0.02737,-0.00047,-0.06122,0.00044,0.00034,0.00070,0.61722,-0.00066,0.12889,0.00084,0.70431,-0.00010,0.70989,1,1,1,1
1765409518.142636,-0.00572,-0.00764,-0.09190,0.00079,-0.00018,-0.00055,0.61722,-0.00066,0.12889,0.00084,0.70431,-0.00010,0.70989,1,1,1,1
1765409518.144614,-0.03160,0.00743,-0.08429,0.00076,0.00000,0.00028,0.61722,-0.00066,0.12889,0.00084,0.70431,-0.00010,0.70989,1,1,1,1
1765409518.146607,-0.03601,0.00737,0.02974,-0.00274,-0.00072,-0.00002,0.61720,-0.00066,0.12889,0.00084,0.70431,-0.00010,0.70989,1,1,1,1
1765409518.148622,-0.04047,0.03184,-0.09992,0.00062,0.00035,0.00081,0.61720,-0.00066,0.12889,0.00084,0.70431,-0.00010,0.70989,1,1,1,1
1765409518.150630,-0.04758,-0.02144,-0.00758,0.00041,-0.00030,-0.00004,0.61718,-0.00066,0.12889,0.00084,0.70431,-0.00010,0.70990,1,1,1,1
1765409518.152645,-0.02187,0.00188,-0.03873,-0.00040,0.00026,0.00004,0.61718,-0.00066,0.12889,0.00084,0.70431,-0.00010,0.70990,1,1,1,1
1765409518.154632,-0.03165,0.00114,-0.01615,0.00046,0.00190,0.00006,0.61717,-0.00066,0.12889,0.00084,0.70430,-0.00010,0.70990,1,1,1,1
1765409518.156637,-0.00566,0.02021,-0.07737,-0.00040,0.00145,0.00025,0.61717,-0.00066,0.12889,0.00084,0.70430,-0.00010,0.70990,1,1,1,1
1765409518.158653,-0.03706,-0.00798,-0.07582,-0.00249,-0.00041,0.00111,0.61715,-0.00066,0.12890,0.00084,0.70430,-0.00010,0.70990,1,1,1,1
1765409518.160659,-0.06913,0.01036,-0.10710,0.00035,0.00045,0.00003,0.61706,-0.00066,0.12890,0.00084,0.70430,-0.00010,0.70991,1,1,1,1
1765409518.162649,-0.05699,0.02269,-0.07697,0.00072,0.00017,0.00031,0.61706,-0.00066,0.12890,0.00084,0.70430,-0.00010,0.70991,1,1,1,1
1765409518.164667,-0.04336,0.01091,-0.09165,0.00014,-0.00125,0.00043,0.61706,-0.00066,0.12890,0.00084,0.70430,-0.00010,0.70991,1,1,1,1
1765409518.166636,-0.00984,0.01884,-0.08460,-0.00019,0.00011,0.00052,0.61706,-0.00066,0.12890,0.00084,0.70430,-0.00010,0.70991,1,1,1,1
1765409518.168676,-0.00803,0.00846,-0.01583,-0.00207,0.00010,0.00085,0.61706,-0.00066,0.12890,0.00084,0.70430,-0.00010,0.70991,1,1,1,1
1765409518.170670,-0.00632,-0.00872,-0.06897,0.00056,0.00098,0.00027,0.61706,-0.00066,0.12890,0.00084,0.70430,-0.00010,0.70991,1,1,1,1
1765409518.172641,-0.04404,0.00358,-0.06169,0.00005,0.00205,0.00017,0.61706,-0.00066,0.12890,0.00084,0.70430,-0.00010,0.70991,1,1,1,1
1765409518.174643,-0.04549,-0.00569,-0.08412,0.00147,0.00170,0.00043,0.61706,-0.00066,0.12890,0.00084,0.70430,-0.00010,0.70991,1,1,1,1
1765409518.177637,-0.06684,0.00877,-0.13731,0.00230,-0.00021,0.00027,0.61706,-0.00066,0.12890,0.00084,0.70430,-0.00010,0.70991,1,1,1,1
1765409518.178635,-0.06221,-0.01171,0.01518,-0.00188,-0.00051,0.00013,0.61706,-0.00066,0.12890,0.00084,0.70430,-0.00010,0.70991,1,1,1,1
1765409518.180643,-0.04441,-0.00723,0.01497,-0.00270,-0.00073,-0.00002,0.61706,-0.00066,0.12890,0.00084,0.70430,-0.00010,0.70991,1,1,1,1
1765409518.182636,-0.01167,0.00675,-0.01584,-0.00209,-0.00062,0.00032,0.61704,-0.00066,0.12890,0.00084,0.70429,-0.00010,0.70991,1,1,1,1
1765409518.184649,0.00614,0.02241,-0.05471,0.00029,0.00169,0.00039,0.61704,-0.00066,0.12890,0.00084,0.70429,-0.00010,0.70991,1,1,1,1
1765409518.186644,-0.04916,0.00296,-0.09925,0.00136,0.00009,0.00042,0.61702,-0.00066,0.12890,0.00084,0.70429,-0.00010,0.70991,1,1,1,1
1765409518.188666,-0.04205,0.01466,-0.08396,-0.00178,-0.00063,0.00110,0.61702,-0.00066,0.12890,0.00084,0.70429,-0.00010,0.70991,1,1,1,1
1765409518.190740,-0.04670,0.00283,-0.06075,-0.00126,-0.00094,0.00126,0.61700,-0.00066,0.12890,0.00084,0.70429,-0.00010,0.70991,1,1,1,1
1765409518.192693,-0.04047,-0.00901,-0.03792,-0.00228,-0.00179,0.00021,0.61700,-0.00066,0.12890,0.00084,0.70429,-0.00010,0.70991,1,1,1,1
1765409518.194748,0.00220,0.02535,-0.03943,0.00011,0.00110,0.00054,0.61698,-0.00066,0.12890,0.00084,0.70429,-0.00010,0.70991,1,1,1,1
1765409518.196684,-0.00524,0.01566,-0.06190,-0.00067,0.00082,0.00040,0.61696,-0.00066,0.12890,0.00084,0.70429,-0.00010,0.70991,1,1,1,1
1765409518.198673,-0.00654,0.01050,-0.07704,0.00036,0.00148,0.00052,0.61691,-0.00066,0.12891,0.00084,0.70428,-0.00010,0.70992,1,1,1,1
1765409518.200698,-0.03147,-0.00783,-0.06101,0.00036,0.00040,0.00071,0.61691,-0.00066,0.12891,0.00084,0.70428,-0.00010,0.70992,1,1,1,1
1765409518.203457,-0.07314,0.00324,-0.06888,0.00027,0.00025,0.00007,0.61691,-0.00066,0.12891,0.00084,0.70428,-0.00010,0.70992,1,1,1,1
1765409518.204707,-0.07848,0.00874,-0.01540,-0.00251,-0.00134,0.00039,0.61691,-0.00066,0.12891,0.00084,0.70428,-0.00010,0.70992,1,1,1,1
1765409518.206662,-0.04761,0.01813,-0.07685,0.00023,-0.00071,0.00003,0.61691,-0.00066,0.12891,0.00084,0.70428,-0.00010,0.70992,1,1,1,1
1765409518.208685,0.00707,0.03351,-0.10798,-0.00002,-0.00011,0.00008,0.61691,-0.00066,0.12891,0.00084,0.70428,-0.00010,0.70992,1,1,1,1
1765409518.210762,-0.02613,-0.00090,-0.04637,-0.00044,0.00082,-0.00010,0.61691,-0.00066,0.12891,0.00084,0.70428,-0.00010,0.70992,1,1,1,1
1765409518.212733,-0.02669,-0.02033,-0.07618,0.00020,0.00059,0.00002,0.61691,-0.00066,0.12891,0.00084,0.70428,-0.00010,0.70992,1,1,1,1
1765409518.214687,-0.03061,0.02662,-0.09227,-0.00054,0.00011,0.00054,0.61689,-0.00066,0.12891,0.00084,0.70428,-0.00010,0.70992,1,1,1,1
1765409518.216677,-0.05761,0.01057,-0.00813,-0.00227,-0.00097,0.00010,0.61689,-0.00066,0.12891,0.00084,0.70428,-0.00010,0.70992,1,1,1,1
1765409518.218687,-0.04358,-0.00946,-0.08379,0.00033,-0.00022,0.00016,0.61687,-0.00066,0.12891,0.00084,0.70428,-0.00010,0.70992,1,1,1,1
1765409518.220668,-0.03088,0.02173,-0.09246,0.00006,0.00048,-0.00014,0.61687,-0.00066,0.12891,0.00084,0.70428,-0.00010,0.70992,1,1,1,1
1765409518.222682,-0.00751,0.02422,-0.04675,-0.00188,-0.00094,0.00002,0.61687,-0.00066,0.12891,0.00084,0.70428,-0.00010,0.70992,1,1,1,1
1765409518.224680,-0.01782,0.03316,-0.09260,-0.00090,0.00071,0.00052,0.61685,-0.00066,0.12891,0.00084,0.70428,-0.00010,0.70992,1,1,1,1
1765409518.226721,0.00180,0.01498,-0.03157,0.00020,0.00175,0.00082,0.61683,-0.00066,0.12891,0.00084,0.70428,-0.00010,0.70992,1,1,1,1
1765409518.228761,-0.04702,0.00712,-0.09180,-0.00078,0.00032,0.00029,0.61683,-0.00066,0.12891,0.00084,0.70428,-0.00010,0.70992,1,1,1,1
1765409518.230787,-0.05736,0.00321,-0.07658,0.00136,0.00018,0.00004,0.61681,-0.00066,0.12891,0.00084,0.70428,-0.00010,0.70992,1,1,1,1
1765409518.232695,-0.03532,-0.00948,-0.12178,0.00055,-0.00045,0.00013,0.61681,-0.00066,0.12891,0.00084,0.70428,-0.00010,0.70992,1,1,1,1
1765409518.234691,-0.04000,-0.00716,-0.09906,0.00080,-0.00001,0.00028,0.61679,-0.00066,0.12891,0.00084,0.70428,-0.00010,0.70992,1,1,1,1
1765409518.236685,-0.01798,0.01433,-0.07708,-0.00003,0.00008,-0.00013,0.61672,-0.00066,0.12891,0.00084,0.70428,-0.00010,0.70992,1,1,1,1
1765409518.238725,-0.01811,0.02372,-0.08459,-0.00057,0.00022,0.00080,0.61672,-0.00066,0.12891,0.00084,0.70428,-0.00010,0.70992,1,1,1,1
1765409518.240730,-0.01369,0.00655,-0.10715,-0.00034,0.00017,0.00025,0.61672,-0.00066,0.12891,0.00084,0.70428,-0.00010,0.70992,1,1,1,1
1765409518.242816,-0.02626,0.00927,-0.10727,-0.00031,0.00031,-0.00001,0.61672,-0.00066,0.12891,0.00084,0.70428,-0.00010,0.70992,1,1,1,1
1765409518.244789,-0.04967,-0.00963,-0.06826,-0.00207,-0.00078,0.00059,0.61672,-0.00066,0.12891,0.00084,0.70428,-0.00010,0.70992,1,1,1,1
1765409518.246783,-0.03804,0.02195,-0.09214,-0.00125,-0.00019,0.00028,0.61672,-0.00066,0.12891,0.00084,0.70428,-0.00010,0.70992,1,1,1,1
1765409518.248711,-0.07180,0.00420,-0.02307,-0.00060,-0.00130,0.00011,0.61672,-0.00066,0.12891,0.00084,0.70428,-0.00010,0.70992,1,1,1,1
1765409518.250716,-0.01432,0.00623,-0.01612,0.00009,0.00093,0.00031,0.61672,-0.00066,0.12891,0.00084,0.70428,-0.00010,0.70992,1,1,1,1
1765409518.252713,-0.00647,-0.02265,-0.06865,0.00127,0.00022,-0.00013,0.61672,-0.00066,0.12891,0.00084,0.70428,-0.00010,0.70992,1,1,1,1
1765409518.254703,-0.02279,-0.00857,-0.04611,0.00013,0.00117,0.00030,0.61672,-0.00066,0.12891,0.00084,0.70428,-0.00010,0.70992,1,1,1,1
1765409518.256717,-0.03044,0.00598,-0.05405,-0.00079,0.00138,0.00030,0.61670,-0.00066,0.12891,0.00084,0.70428,-0.00010,0.70993,1,1,1,1
1765409518.258700,-0.06660,0.03045,-0.03907,-0.00181,-0.00075,-0.00005,0.61668,-0.00066,0.12891,0.00084,0.70428,-0.00010,0.70993,1,1,1,1
1765409518.260696,-0.03572,0.00012,-0.09185,0.00089,0.00018,-0.00012,0.61668,-0.00066,0.12891,0.00084,0.70428,-0.00010,0.70993,1,1,1,1
1765409518.262700,-0.02725,0.01982,-0.07705,0.00069,-0.00019,0.00014,0.61666,-0.00066,0.12892,0.00084,0.70427,-0.00010,0.70993,1,1,1,1
1765409518.264724,-0.01803,0.00912,-0.06158,-0.00031,0.00022,0.00042,0.61666,-0.00066,0.12892,0.00084,0.70427,-0.00010,0.70993,1,1,1,1
1765409518.266705,-0.01952,0.02397,-0.08484,0.00096,0.00061,0.00039,0.61664,-0.00066,0.12892,0.00084,0.70427,-0.00010,0.70993,1,1,1,1
1765409518.268734,-0.02394,0.02621,-0.09230,0.00077,0.00079,0.00093,0.61664,-0.00066,0.12892,0.00084,0.70427,-0.00010,0.70993,1,1,1,1
1765409518.270748,-0.05395,0.01798,-0.02337,-0.00196,-0.00113,0.00049,0.61664,-0.00066,0.12892,0.00084,0.70427,-0.00010,0.70993,1,1,1,1
1765409518.272732,-0.05578,0.00283,-0.09171,-0.00018,0.00004,0.00003,0.61664,-0.00066,0.12892,0.00084,0.70427,-0.00010,0.70993,1,1,1,1
1765409518.274730,-0.03684,-0.00724,-0.04567,-0.00204,-0.00094,0.00033,0.61652,-0.00066,0.12892,0.00084,0.70427,-0.00010,0.70993,1,1,1,1
1765409518.276734,-0.03830,-0.01267,-0.06122,-0.00058,0.00047,-0.00036,0.61652,-0.00066,0.12892,0.00084,0.70427,-0.00010,0.70993,1,1,1,1
1765409518.278726,-0.03080,0.02676,-0.10745,-0.00032,-0.00002,0.00053,0.61652,-0.00066,0.12892,0.00084,0.70427,-0.00010,0.70993,1,1,1,1
1765409518.280742,-0.03558,0.00966,-0.05393,0.00035,0.00030,0.00044,0.61652,-0.00066,0.12892,0.00084,0.70427,-0.00010,0.70993,1,1,1,1
1765409518.282724,-0.03434,0.00561,-0.02368,0.00008,-0.00062,-0.00061,0.61652,-0.00066,0.12892,0.00084,0.70427,-0.00010,0.70993,1,1,1,1
1765409518.284736,-0.02398,0.00939,-0.04615,-0.00249,-0.00073,0.00044,0.61652,-0.00066,0.12892,0.00084,0.70427,-0.00010,0.70993,1,1,1,1
1765409518.286731,-0.03180,-0.01724,-0.11412,0.00111,0.00015,0.00013,0.61652,-0.00066,0.12892,0.00084,0.70427,-0.00010,0.70993,1,1,1,1
1765409518.288733,-0.02436,-0.00523,-0.08375,-0.00202,-0.00083,0.00042,0.61652,-0.00066,0.12892,0.00084,0.70427,-0.00010,0.70993,1,1,1,1
1765409518.290769,-0.03110,-0.01724,-0.09146,0.00068,0.00013,-0.00026,0.61652,-0.00066,0.12892,0.00084,0.70427,-0.00010,0.70993,1,1,1,1
1765409518.292731,-0.00932,0.02390,-0.06954,-0.00057,-0.00015,0.00040,0.61652,-0.00066,0.12892,0.00084,0.70427,-0.00010,0.70993,1,1,1,1
1765409518.294737,-0.01124,0.00913,-0.08449,0.00122,0.00052,0.00039,0.61652,-0.00066,0.12892,0.00084,0.70427,-0.00010,0.70993,1,1,1,1
1765409518.296727,-0.01848,0.00440,-0.05416,0.00050,0.00047,-0.00025,0.61650,-0.00066,0.12892,0.00084,0.70427,-0.00010,0.70993,1,1,1,1
1765409518.298755,-0.02892,-0.00323,-0.03828,-0.00199,-0.00002,0.00059,0.61650,-0.00066,0.12892,0.00084,0.70427,-0.00010,0.70993,1,1,1,1
1765409518.300743,-0.03585,-0.01021,-0.07637,0.00076,0.00070,0.00016,0.61647,-0.00066,0.12892,0.00084,0.70427,-0.00010,0.70993,1,1,1,1
1765409518.302794,-0.06073,0.00516,-0.08437,0.00051,0.00073,-0.00023,0.61645,-0.00066,0.12892,0.00084,0.70427,-0.00010,0.70994,1,1,1,1
1765409518.304760,-0.04829,-0.00708,-0.09938,0.00102,0.00046,-0.00052,0.61645,-0.00066,0.12892,0.00084,0.70427,-0.00010,0.70994,1,1,1,1
1765409518.306784,-0.03910,-0.01796,0.00755,-0.00042,0.00087,0.00064,0.61645,-0.00066,0.12892,0.00084,0.70427,-0.00010,0.70994,1,1,1,1
1765409518.308757,-0.02344,0.02648,-0.07757,0.00099,0.00089,-0.00027,0.61644,-0.00066,0.12892,0.00084,0.70427,-0.00010,0.70994,1,1,1,1
1765409518.310751,-0.00005,0.01760,-0.03896,-0.00195,0.00076,0.00096,0.61641,-0.00066,0.12892,0.00084,0.70426,-0.00010,0.70994,1,1,1,1
1765409518.312757,-0.02476,0.02909,-0.05419,-0.00204,-0.00060,0.00070,0.61641,-0.00066,0.12892,0.00084,0.70426,-0.00010,0.70994,1,1,1,1
1765409518.314777,-0.04946,-0.01214,-0.05320,0.00139,0.00049,0.00086,0.61633,-0.00066,0.12893,0.00084,0.70426,-0.00010,0.70994,1,1,1,1
1765409518.316816,-0.03700,0.00653,-0.00048,-0.00253,0.00020,0.00076,0.61633,-0.00066,0.12893,0.00084,0.70426,-0.00010,0.70994,1,1,1,1
1765409518.318760,-0.01921,0.02205,-0.05367,-0.00321,-0.00180,0.00111,0.61633,-0.00066,0.12893,0.00084,0.70426,-0.00010,0.70994,1,1,1,1
1765409518.320742,-0.03566,0.02667,-0.05403,-0.00360,-0.00085,0.00058,0.61633,-0.00066,0.12893,0.00084,0.70426,-0.00010,0.70994,1,1,1,1
1765409518.322771,-0.06143,0.04232,-0.03927,-0.00297,-0.00081,0.00021,0.61633,-0.00066,0.12893,0.00084,0.70426,-0.00010,0.70994,1,1,1,1
1765409518.324764,-0.02574,0.00446,-0.07683,-0.00059,0.00018,-0.00026,0.61633,-0.00066,0.12893,0.00084,0.70426,-0.00010,0.70994,1,1,1,1
1765409518.326781,-0.04427,0.00791,-0.03072,-0.00295,-0.00150,0.00035,0.61633,-0.00066,0.12893,0.00084,0.70426,-0.00010,0.70994,1,1,1,1
1765409518.328769,-0.04009,-0.03781,-0.06810,0.00065,0.00141,0.00031,0.61633,-0.00066,0.12893,0.00084,0.70426,-0.00010,0.70994,1,1,1,1
1765409518.330771,-0.05394,0.00994,-0.16029,0.00166,0.00078,0.00037,0.61633,-0.00066,0.12893,0.00084,0.70426,-0.00010,0.70994,1,1,1,1
1765409518.332767,-0.04248,-0.00906,-0.06863,-0.00032,-0.00088,-0.00023,0.61631,-0.00066,0.12892,0.00084,0.70426,-0.00010,0.70994,1,1,1,1
1765409518.334768,-0.05284,0.01466,-0.05411,0.00063,0.00088,0.00032,0.61631,-0.00066,0.12892,0.00084,0.70426,-0.00010,0.70994,1,1,1,1
1765409518.336767,-0.03672,-0.00931,-0.13705,0.00186,-0.00018,0.00011,0.61629,-0.00066,0.12892,0.00084,0.70426,-0.00010,0.70994,1,1,1,1
1765409518.338770,-0.02824,-0.00828,-0.06102,-0.00249,-0.00003,0.00031,0.61629,-0.00066,0.12892,0.00084,0.70426,-0.00010,0.70994,1,1,1,1
1765409518.340771,-0.03680,-0.00276,-0.01555,-0.00221,-0.00031,0.00021,0.61626,-0.00066,0.12892,0.00084,0.70426,-0.00010,0.70994,1,1,1,1
1765409518.342824,-0.03968,0.02217,-0.04667,0.00028,0.00021,0.00031,0.61626,-0.00066,0.12892,0.00084,0.70426,-0.00010,0.70994,1,1,1,1
1765409518.344801,-0.03860,0.00260,-0.10693,-0.00039,-0.00029,0.00000,0.61613,-0.00066,0.12893,0.00084,0.70425,-0.00010,0.70995,1,1,1,1
1765409518.346771,-0.03981,-0.00733,-0.10666,0.00058,0.00011,0.00028,0.61613,-0.00066,0.12893,0.00084,0.70425,-0.00010,0.70995,1,1,1,1
1765409518.348793,-0.04775,0.00279,-0.08398,0.00004,-0.00018,0.00043,0.61613,-0.00066,0.12893,0.00084,0.70425,-0.00010,0.70995,1,1,1,1
1765409518.350829,-0.02200,0.01216,-0.06183,-0.00006,-0.00013,-0.00025,0.61613,-0.00066,0.12893,0.00084,0.70425,-0.00010,0.70995,1,1,1,1
1765409518.352815,-0.02106,-0.01217,-0.03818,-0.00079,-0.00088,0.00005,0.61613,-0.00066,0.12893,0.00084,0.70425,-0.00010,0.70995,1,1,1,1
1765409518.354893,-0.05711,-0.01736,-0.03039,0.00067,0.00096,0.00062,0.61613,-0.00066,0.12893,0.00084,0.70425,-0.00010,0.70995,1,1,1,1
1765409518.356795,-0.01452,0.00634,-0.05409,0.00031,0.00081,0.00028,0.61613,-0.00066,0.12893,0.00084,0.70425,-0.00010,0.70995,1,1,1,1
1765409518.358810,-0.03241,0.01642,-0.09968,0.00087,0.00103,0.00080,0.61613,-0.00066,0.12893,0.00084,0.70425,-0.00010,0.70995,1,1,1,1
1765409518.360811,-0.03647,0.01233,-0.03104,-0.00246,-0.00084,0.00020,0.61613,-0.00066,0.12893,0.00084,0.70425,-0.00010,0.70995,1,1,1,1
1765409518.362808,-0.03690,0.02232,-0.01588,-0.00234,-0.00109,0.00075,0.61613,-0.00066,0.12893,0.00084,0.70425,-0.00010,0.70995,1,1,1,1
1765409518.364863,-0.03603,-0.00506,-0.06894,0.00104,0.00057,0.00003,0.61613,-0.00066,0.12893,0.00084,0.70425,-0.00010,0.70995,1,1,1,1
1765409518.366875,-0.01548,0.05098,-0.06266,0.00085,0.00054,0.00067,0.61613,-0.00066,0.12893,0.00084,0.70425,-0.00010,0.70995,1,1,1,1
1765409518.368880,-0.01439,0.02156,-0.08476,0.00028,0.00016,0.00026,0.61611,-0.00066,0.12893,0.00084,0.70425,-0.00010,0.70995,1,1,1,1
1765409518.370878,-0.04656,0.00834,-0.04601,-0.00076,-0.00122,0.00033,0.61611,-0.00066,0.12893,0.00084,0.70425,-0.00010,0.70995,1,1,1,1
1765409518.372862,-0.04026,0.00279,-0.08425,0.00114,0.00011,0.00002,0.61609,-0.00066,0.12893,0.00084,0.70425,-0.00010,0.70995,1,1,1,1
1765409518.374884,-0.03858,-0.00779,-0.11460,-0.00030,0.00060,-0.00054,0.61609,-0.00066,0.12893,0.00084,0.70425,-0.00010,0.70995,1,1,1,1
1765409518.376882,-0.03486,-0.01945,-0.08361,0.00021,-0.00032,0.00002,0.61607,-0.00066,0.12893,0.00084,0.70425,-0.00010,0.70995,1,1,1,1
1765409518.378882,-0.06105,-0.01124,-0.01503,-0.00275,-0.00154,0.00011,0.61607,-0.00066,0.12893,0.00084,0.70425,-0.00010,0.70995,1,1,1,1
1765409518.380934,-0.03654,0.00708,-0.03833,-0.00274,-0.00070,0.00073,0.61604,-0.00066,0.12893,0.00084,0.70425,-0.00010,0.70995,1,1,1,1
1765409518.382840,-0.01160,0.00191,-0.04601,-0.00215,-0.00087,0.00043,0.61600,-0.00066,0.12893,0.00084,0.70425,-0.00010,0.70995,1,1,1,1
1765409518.384905,-0.00959,0.01391,-0.10736,-0.00025,0.00011,0.00024,0.61600,-0.00066,0.12893,0.00084,0.70425,-0.00010,0.70995,1,1,1,1
1765409518.386817,-0.01891,0.00512,-0.10706,0.00095,-0.00053,0.00012,0.61600,-0.00066,0.12893,0.00084,0.70425,-0.00010,0.70995,1,1,1,1
1765409518.388919,-0.06522,0.01786,-0.12249,0.00066,0.00027,0.00001,0.61594,-0.00066,0.12894,0.00084,0.70424,-0.00010,0.70997,1,1,1,1
1765409518.390888,-0.05450,0.01217,-0.04614,-0.00181,0.00002,0.00061,0.61594,-0.00066,0.12894,0.00084,0.70424,-0.00010,0.70997,1,1,1,1
1765409518.392939,-0.03965,-0.01185,-0.05324,0.00052,-0.00039,0.00045,0.61592,-0.00066,0.12894,0.00084,0.70423,-0.00010,0.70997,1,1,1,1
1765409518.394819,-0.03196,-0.00338,-0.05390,0.00084,0.00141,0.00017,0.61592,-0.00066,0.12894,0.00084,0.70423,-0.00010,0.70997,1,1,1,1
1765409518.396834,-0.00038,0.00820,-0.09206,-0.00120,0.00052,0.00038,0.61592,-0.00066,0.12894,0.00084,0.70423,-0.00010,0.70997,1,1,1,1
1765409518.398855,-0.01049,0.01087,-0.03866,-0.00357,-0.00025,0.00057,0.61592,-0.00066,0.12894,0.00084,0.70423,-0.00010,0.70997,1,1,1,1
1765409518.400836,-0.02804,-0.00221,-0.03805,-0.00242,-0.00155,0.00060,0.61592,-0.00066,0.12894,0.00084,0.70423,-0.00010,0.70997,1,1,1,1
1765409518.402841,-0.07344,-0.02105,-0.07587,0.00084,0.00002,-0.00007,0.61592,-0.00066,0.12894,0.00084,0.70423,-0.00010,0.70997,1,1,1,1
1765409518.404837,-0.04887,-0.00319,-0.04608,0.00063,0.00149,0.00060,0.61592,-0.00066,0.12894,0.00084,0.70423,-0.00010,0.70997,1,1,1,1
1765409518.406835,-0.02046,0.01979,-0.12276,0.00222,0.00011,0.00010,0.61592,-0.00066,0.12894,0.00084,0.70423,-0.00010,0.70997,1,1,1,1
1765409518.408831,-0.04610,0.02757,-0.06199,-0.00119,-0.00061,-0.00023,0.61589,-0.00066,0.12895,0.00084,0.70423,-0.00010,0.70997,1,1,1,1
1765409518.410832,-0.05687,0.01246,-0.06164,0.00060,0.00068,0.00019,0.61589,-0.00066,0.12895,0.00084,0.70423,-0.00010,0.70997,1,1,1,1
1765409518.412855,-0.02790,0.01185,-0.03112,-0.00268,-0.00056,0.00019,0.61587,-0.00066,0.12895,0.00084,0.70423,-0.00010,0.70997,1,1,1,1
1765409518.414865,-0.02554,-0.00063,-0.03869,-0.00087,0.00031,-0.00009,0.61587,-0.00066,0.12895,0.00084,0.70423,-0.00010,0.70997,1,1,1,1
1765409518.416862,-0.01408,0.01609,-0.06945,-0.00023,0.00067,0.00041,0.61585,-0.00066,0.12895,0.00084,0.70423,-0.00010,0.70997,1,1,1,1
1765409518.418883,-0.03004,0.01267,-0.03875,-0.00049,-0.00079,0.00018,0.61585,-0.00066,0.12895,0.00084,0.70423,-0.00010,0.70997,1,1,1,1
1765409518.420890,-0.04635,-0.00223,-0.06129,-0.00089,-0.00020,-0.00022,0.61585,-0.00066,0.12895,0.00084,0.70423,-0.00010,0.70997,1,1,1,1
1765409518.422923,-0.04849,0.03436,-0.03916,-0.00329,-0.00058,0.00020,0.61573,-0.00066,0.12894,0.00084,0.70423,-0.00010,0.70997,1,1,1,1
1765409518.424854,-0.03453,0.03896,-0.09262,-0.00083,0.00014,0.00040,0.61573,-0.00066,0.12894,0.00084,0.70423,-0.00010,0.70997,1,1,1,1
1765409518.426854,-0.06084,0.00053,-0.08415,0.00067,0.00035,-0.00009,0.61573,-0.00066,0.12894,0.00084,0.70423,-0.00010,0.70997,1,1,1,1
1765409518.429163,-0.02167,-0.00390,-0.10701,-0.00091,0.00103,0.00012,0.61573,-0.00066,0.12894,0.00084,0.70423,-0.00010,0.70997,1,1,1,1
1765409518.430863,-0.02064,0.00192,0.00693,-0.00149,-0.00014,0.00008,0.61573,-0.00066,0.12894,0.00084,0.70423,-0.00010,0.70997,1,1,1,1
1765409518.432924,-0.03143,0.00723,-0.11468,0.00054,0.00013,0.00026,0.61573,-0.00066,0.12894,0.00084,0.70423,-0.00010,0.70997,1,1,1,1
1765409518.434859,-0.02625,0.01420,-0.09968,-0.00047,0.00019,0.00026,0.61573,-0.00066,0.12894,0.00084,0.70423,-0.00010,0.70997,1,1,1,1
1765409518.436896,-0.05525,0.00295,-0.05368,-0.00061,-0.00022,0.00006,0.61573,-0.00066,0.12894,0.00084,0.70423,-0.00010,0.70997,1,1,1,1
1765409518.438874,-0.04252,0.00498,-0.10692,-0.00080,-0.00025,0.00014,0.61573,-0.00066,0.12894,0.00084,0.70423,-0.00010,0.70997,1,1,1,1
1765409518.440901,-0.01449,0.01431,-0.05368,-0.00353,-0.00147,0.00070,0.61571,-0.00066,0.12895,0.00084,0.70423,-0.00010,0.70997,1,1,1,1
1765409518.442890,0.00393,0.00630,-0.08455,-0.00078,-0.00005,-0.00016,0.61571,-0.00066,0.12895,0.00084,0.70423,-0.00010,0.70997,1,1,1,1
1765409518.444907,0.00644,0.01320,-0.06181,0.00018,0.00068,0.00066,0.61569,-0.00066,0.12894,0.00084,0.70423,-0.00010,0.70997,1,1,1,1
1765409518.446896,-0.03635,0.01026,-0.12242,0.00145,-0.00007,-0.00002,0.61569,-0.00066,0.12894,0.00084,0.70423,-0.00010,0.70997,1,1,1,1
1765409518.448906,-0.04126,0.01328,-0.09960,0.00214,-0.00040,0.00014,0.61566,-0.00066,0.12895,0.00084,0.70423,-0.00010,0.70997,1,1,1,1
1765409518.450890,-0.04551,0.01726,0.02949,-0.00196,-0.00023,0.00012,0.61566,-0.00066,0.12895,0.00084,0.70423,-0.00010,0.70997,1,1,1,1
1765409518.452898,-0.01815,0.00944,-0.08432,-0.00009,-0.00016,0.00040,0.61564,-0.00066,0.12895,0.00084,0.70423,-0.00010,0.70997,1,1,1,1
1765409518.454881,-0.00690,0.00096,-0.04645,0.00090,0.00136,0.00042,0.61564,-0.00066,0.12895,0.00084,0.70423,-0.00010,0.70997,1,1,1,1
1765409518.456889,-0.01470,0.01631,-0.07688,0.00021,0.00043,0.00080,0.61562,-0.00066,0.12895,0.00084,0.70423,-0.00010,0.70997,1,1,1,1
1765409518.458890,-0.01870,0.00374,-0.06929,0.00028,0.00111,0.00014,0.61562,-0.00066,0.12895,0.00084,0.70423,-0.00010,0.70997,1,1,1,1
1765409518.461022,-0.04665,-0.00171,-0.05363,-0.00045,-0.00071,-0.00021,0.61559,-0.00066,0.12894,0.00084,0.70423,-0.00010,0.70997,1,1,1,1
1765409518.462914,-0.02556,-0.00510,-0.01547,-0.00092,-0.00044,0.00047,0.61550,-0.00066,0.12894,0.00084,0.70424,-0.00010,0.70996,1,1,1,1
1765409518.464892,-0.03081,0.00331,-0.10688,0.00049,-0.00115,-0.00000,0.61550,-0.00066,0.12894,0.00084,0.70424,-0.00010,0.70996,1,1,1,1
1765409518.466893,-0.02281,-0.02715,-0.08353,0.00078,-0.00008,0.00001,0.61550,-0.00066,0.12894,0.00084,0.70424,-0.00010,0.70996,1,1,1,1
1765409518.469073,-0.02621,-0.01983,-0.10626,-0.00023,-0.00042,0.00040,0.61550,-0.00066,0.12894,0.00084,0.70424,-0.00010,0.70996,1,1,1,1
1765409518.470892,-0.02725,-0.01478,-0.06130,0.00114,0.00033,-0.00051,0.61550,-0.00066,0.12894,0.00084,0.70424,-0.00010,0.70996,1,1,1,1
1765409518.472891,-0.02411,0.01225,-0.11477,0.00147,0.00004,0.00051,0.61550,-0.00066,0.12894,0.00084,0.70424,-0.00010,0.70996,1,1,1,1
1765409518.474895,-0.03920,-0.00329,-0.05378,-0.00025,0.00111,0.00018,0.61550,-0.00066,0.12894,0.00084,0.70424,-0.00010,0.70996,1,1,1,1
1765409518.476902,-0.04760,0.00318,-0.07632,0.00005,-0.00069,0.00044,0.61550,-0.00066,0.12894,0.00084,0.70424,-0.00010,0.70996,1,1,1,1
1765409518.478892,-0.04085,0.00253,-0.09193,0.00157,0.00062,0.00001,0.61550,-0.00066,0.12894,0.00084,0.70424,-0.00010,0.70996,1,1,1,1
1765409518.480889,-0.02675,0.01911,-0.06176,-0.00019,0.00032,0.00056,0.61547,-0.00066,0.12894,0.00084,0.70424,-0.00010,0.70996,1,1,1,1
1765409518.482908,-0.00186,-0.01033,-0.09160,0.00076,-0.00022,0.00012,0.61547,-0.00066,0.12894,0.00084,0.70424,-0.00010,0.70996,1,1,1,1
1765409518.484912,0.00621,-0.01589,-0.07619,0.00070,0.00020,0.00066,0.61545,-0.00066,0.12894,0.00084,0.70424,-0.00010,0.70996,1,1,1,1
1765409518.486908,-0.02576,-0.00491,-0.03842,-0.00048,-0.00045,0.00005,0.61545,-0.00066,0.12894,0.00084,0.70424,-0.00010,0.70996,1,1,1,1
1765409518.488922,-0.03360,0.02713,-0.11520,0.00231,0.00052,0.00052,0.61543,-0.00066,0.12894,0.00084,0.70424,-0.00010,0.70996,1,1,1,1
1765409518.490915,-0.04508,0.02687,-0.04647,-0.00272,-0.00048,0.00059,0.61543,-0.00066,0.12894,0.00084,0.70424,-0.00010,0.70996,1,1,1,1
1765409518.492912,-0.02332,0.00751,-0.05392,0.00098,-0.00023,0.00030,0.61540,-0.00066,0.12894,0.00084,0.70424,-0.00010,0.70996,1,1,1,1
1765409518.494939,-0.01733,0.01402,-0.05412,-0.00091,0.00008,0.00029,0.61540,-0.00066,0.12894,0.00084,0.70424,-0.00010,0.70996,1,1,1,1
1765409518.496920,-0.01443,0.00720,-0.09951,0.00054,-0.00033,0.00025,0.61538,-0.00066,0.12894,0.00084,0.70424,-0.00010,0.70996,1,1,1,1
1765409518.498988,-0.02316,0.00165,-0.04628,0.00047,0.00079,0.00044,0.61529,-0.00066,0.12894,0.00084,0.70424,-0.00010,0.70996,1,1,1,1
1765409518.500952,-0.01382,0.01112,-0.08444,-0.00051,0.00055,0.00053,0.61529,-0.00066,0.12894,0.00084,0.70424,-0.00010,0.70996,1,1,1,1
1765409518.503014,-0.05372,0.01230,-0.02328,-0.00246,-0.00037,0.00063,0.61529,-0.00066,0.12894,0.00084,0.70424,-0.00010,0.70996,1,1,1,1
1765409518.504994,-0.04811,-0.01593,-0.10644,0.00113,-0.00093,-0.00025,0.61529,-0.00066,0.12894,0.00084,0.70424,-0.00010,0.70996,1,1,1,1
1765409518.506989,-0.02729,0.00044,-0.11441,0.00089,-0.00068,0.00026,0.61529,-0.00066,0.12894,0.00084,0.70424,-0.00010,0.70996,1,1,1,1
1765409518.509000,-0.02327,-0.01718,-0.12170,0.00111,-0.00021,0.00012,0.61529,-0.00066,0.12894,0.00084,0.70424,-0.00010,0.70996,1,1,1,1
1765409518.511002,-0.03865,0.00692,-0.09980,-0.00034,0.00071,-0.00053,0.61529,-0.00066,0.12894,0.00084,0.70424,-0.00010,0.70996,1,1,1,1
1765409518.513015,-0.06327,-0.00064,-0.01546,-0.00044,-0.00153,-0.00016,0.61529,-0.00066,0.12894,0.00084,0.70424,-0.00010,0.70996,1,1,1,1
1765409518.514961,-0.02669,0.02926,-0.06968,-0.00007,0.00005,0.00028,0.61529,-0.00066,0.12894,0.00084,0.70424,-0.00010,0.70996,1,1,1,1
1765409518.516977,-0.00526,0.00193,-0.10675,-0.00040,-0.00068,0.00078,0.61526,-0.00066,0.12894,0.00084,0.70424,-0.00010,0.70996,1,1,1,1
1765409518.519000,-0.01824,-0.01631,-0.06856,-0.00040,0.00113,0.00069,0.61526,-0.00066,0.12894,0.00084,0.70424,-0.00010,0.70996,1,1,1,1
1765409518.520962,-0.03332,-0.01489,-0.00020,-0.00126,-0.00023,-0.00004,0.61524,-0.00066,0.12894,0.00084,0.70424,-0.00010,0.70996,1,1,1,1
1765409518.522997,-0.03578,-0.00015,-0.09931,0.00067,0.00031,0.00027,0.61524,-0.00066,0.12894,0.00084,0.70424,-0.00010,0.70996,1,1,1,1
1765409518.524982,-0.03404,0.00002,-0.04618,-0.00064,-0.00023,-0.00009,0.61521,-0.00066,0.12894,0.00084,0.70424,-0.00010,0.70996,1,1,1,1
1765409518.526956,-0.03925,0.01711,-0.05424,0.00000,0.00033,0.00004,0.61521,-0.00066,0.12894,0.00084,0.70424,-0.00010,0.70996,1,1,1,1
1765409518.528965,-0.00489,0.02158,-0.07710,-0.00060,-0.00046,0.00026,0.61519,-0.00066,0.12894,0.00084,0.70424,-0.00010,0.70996,1,1,1,1
1765409518.530947,-0.02451,0.02184,-0.08484,0.00181,0.00067,0.00026,0.61519,-0.00066,0.12894,0.00084,0.70424,-0.00010,0.70996,1,1,1,1
1765409518.533592,-0.01836,0.00890,-0.06164,-0.00010,0.00060,0.00042,0.61516,-0.00066,0.12894,0.00084,0.70424,-0.00010,0.70996,1,1,1,1
1765409518.534976,-0.03116,0.02212,-0.09206,0.00006,-0.00026,0.00068,0.61514,-0.00066,0.12894,0.00084,0.70424,-0.00010,0.70996,1,1,1,1
1765409518.536967,-0.03960,0.01320,-0.08448,0.00083,-0.00068,-0.00025,0.61506,-0.00066,0.12894,0.00084,0.70424,-0.00010,0.70996,1,1,1,1
1765409518.538968,-0.02333,0.00255,-0.08430,0.00114,-0.00010,0.00000,0.61506,-0.00066,0.12894,0.00084,0.70424,-0.00010,0.70996,1,1,1,1
1765409518.540959,-0.03575,0.01427,-0.09233,0.00062,0.00093,-0.00013,0.61506,-0.00066,0.12894,0.00084,0.70424,-0.00010,0.70996,1,1,1,1
1765409518.542994,-0.02359,0.00744,-0.08433,0.00120,-0.00010,0.00027,0.61506,-0.00066,0.12894,0.00084,0.70424,-0.00010,0.70996,1,1,1,1
1765409518.544954,-0.02129,0.00701,-0.06904,-0.00099,-0.00038,0.00029,0.61506,-0.00066,0.12894,0.00084,0.70424,-0.00010,0.70996,1,1,1,1
1765409518.546973,-0.04308,-0.00388,-0.04568,-0.00004,-0.00125,0.00047,0.61506,-0.00066,0.12894,0.00084,0.70424,-0.00010,0.70996,1,1,1,1
1765409518.548958,-0.01780,0.00915,-0.10730,-0.00031,0.00021,-0.00002,0.61506,-0.00066,0.12894,0.00084,0.70424,-0.00010,0.70996,1,1,1,1
1765409518.550974,-0.04073,-0.01025,-0.03072,-0.00230,-0.00001,-0.00020,0.61506,-0.00066,0.12894,0.00084,0.70424,-0.00010,0.70996,1,1,1,1
1765409518.552964,-0.03475,-0.00992,-0.09903,-0.00011,-0.00007,0.00014,0.61506,-0.00066,0.12894,0.00084,0.70424,-0.00010,0.70996,1,1,1,1
1765409518.554969,-0.01833,-0.01018,-0.06875,0.00033,-0.00002,0.00015,0.61503,-0.00066,0.12894,0.00084,0.70424,-0.00010,0.70996,1,1,1,1
1765409518.556956,-0.04870,-0.01947,-0.02261,-0.00263,-0.00079,0.00009,0.61503,-0.00066,0.12894,0.00084,0.70424,-0.00010,0.70996,1,1,1,1
1765409518.558970,-0.01435,-0.02238,-0.09875,0.00062,-0.00031,0.00026,0.61501,-0.00066,0.12894,0.00084,0.70424,-0.00010,0.70996,1,1,1,1
1765409518.560982,-0.04060,-0.01717,-0.08411,0.00177,0.00088,-0.00065,0.61498,-0.00066,0.12894,0.00084,0.70424,-0.00010,0.70996,1,1,1,1
1765409518.562979,-0.03642,-0.00797,0.00722,-0.00249,0.00006,-0.00004,0.61498,-0.00066,0.12894,0.00084,0.70424,-0.00010,0.70996,1,1,1,1
1765409518.564973,-0.04575,0.02288,-0.01617,-0.00146,-0.00099,-0.00005,0.61496,-0.00066,0.12894,0.00084,0.70424,-0.00010,0.70996,1,1,1,1
1765409518.566978,-0.02497,0.01864,-0.03892,-0.00195,0.00029,0.00058,0.61496,-0.00066,0.12894,0.00084,0.70424,-0.00010,0.70996,1,1,1,1
1765409518.568985,-0.04451,0.02487,-0.08501,0.00119,0.00051,-0.00039,0.61493,-0.00066,0.12894,0.00084,0.70424,-0.00010,0.70996,1,1,1,1
1765409518.570984,-0.01516,0.02077,-0.01642,0.00049,0.00132,0.00071,0.61493,-0.00066,0.12894,0.00084,0.70424,-0.00010,0.70996,1,1,1,1
1765409518.572974,-0.01964,-0.02717,0.01543,-0.00206,-0.00101,0.00010,0.61483,-0.00066,0.12894,0.00084,0.70424,-0.00010,0.70996,1,1,1,1
1765409518.574995,-0.00279,0.00334,-0.04648,0.00093,0.00131,0.00055,0.61483,-0.00066,0.12894,0.00084,0.70424,-0.00010,0.70996,1,1,1,1
1765409518.576973,-0.03777,0.00970,-0.09206,0.00231,0.00096,0.00041,0.61483,-0.00066,0.12894,0.00084,0.70424,-0.00010,0.70996,1,1,1,1
1765409518.578985,-0.05744,0.01291,-0.08440,0.00126,0.00031,0.00017,0.61483,-0.00066,0.12894,0.00084,0.70424,-0.00010,0.70996,1,1,1,1
1765409518.580967,-0.01430,-0.00798,-0.06122,0.00035,0.00018,0.00029,0.61483,-0.00066,0.12894,0.00084,0.70424,-0.00010,0.70996,1,1,1,1
1765409518.582964,0.00173,0.01179,-0.09205,0.00103,-0.00027,0.00051,0.61483,-0.00066,0.12894,0.00084,0.70424,-0.00010,0.70996,1,1,1,1
1765409518.584975,-0.01434,0.02095,-0.09227,-0.00017,0.00068,0.00066,0.61483,-0.00066,0.12894,0.00084,0.70424,-0.00010,0.70996,1,1,1,1
1765409518.586979,-0.02760,0.02382,-0.05445,0.00052,0.00095,0.00043,0.61483,-0.00066,0.12894,0.00084,0.70424,-0.00010,0.70996,1,1,1,1
1765409518.588976,-0.06634,0.00316,-0.10682,0.00158,0.00043,0.00043,0.61483,-0.00066,0.12894,0.00084,0.70424,-0.00010,0.70996,1,1,1,1
1765409518.590970,-0.04434,-0.00708,-0.01537,-0.00270,-0.00099,-0.00004,0.61480,-0.00066,0.12894,0.00084,0.70424,-0.00010,0.70996,1,1,1,1
1765409518.592996,-0.01996,-0.02059,-0.10655,0.00151,0.00103,0.00039,0.61480,-0.00066,0.12894,0.00084,0.70424,-0.00010,0.70996,1,1,1,1
1765409518.594995,-0.03562,-0.02087,-0.07611,0.00020,0.00147,0.00043,0.61478,-0.00066,0.12894,0.00084,0.70424,-0.00010,0.70996,1,1,1,1
1765409518.597044,-0.02736,-0.00472,-0.10667,0.00083,-0.00042,0.00040,0.61478,-0.00066,0.12894,0.00084,0.70424,-0.00010,0.70996,1,1,1,1
1765409518.599009,-0.03606,-0.02209,-0.04507,-0.00288,-0.00131,0.00074,0.61475,-0.00066,0.12894,0.00084,0.70424,-0.00010,0.70996,1,1,1,1
1765409518.601012,-0.01622,0.01429,-0.04622,-0.00200,-0.00082,0.00070,0.61473,-0.00066,0.12895,0.00084,0.70424,-0.00010,0.70997,1,1,1,1
1765409518.603017,-0.02820,-0.00264,-0.06851,-0.00242,-0.00104,0.00057,0.61473,-0.00066,0.12895,0.00084,0.70424,-0.00010,0.70997,1,1,1,1
1765409518.605093,-0.03584,-0.00948,-0.12200,0.00121,-0.00007,-0.00028,0.61473,-0.00066,0.12895,0.00084,0.70424,-0.00010,0.70997,1,1,1,1
1765409518.607008,-0.02404,0.01251,-0.10731,0.00169,-0.00009,0.00012,0.61470,-0.00066,0.12895,0.00084,0.70423,-0.00010,0.70997,1,1,1,1
1765409518.609012,-0.02816,0.03160,-0.04670,-0.00266,-0.00069,0.00044,0.61456,-0.00066,0.12895,0.00084,0.70423,-0.00010,0.70997,1,1,1,1
1765409518.611013,0.00792,0.01452,-0.03112,-0.00068,-0.00137,0.00069,0.61456,-0.00066,0.12895,0.00084,0.70423,-0.00010,0.70997,1,1,1,1
1765409518.613032,-0.03548,-0.00553,-0.06898,0.00038,0.00094,0.00003,0.61456,-0.00066,0.12895,0.00084,0.70423,-0.00010,0.70997,1,1,1,1
1765409518.615002,-0.00253,-0.00653,-0.04627,0.00081,0.00131,0.00041,0.61456,-0.00066,0.12895,0.00084,0.70423,-0.00010,0.70997,1,1,1,1
1765409518.617032,-0.04011,-0.00174,-0.08417,0.00130,-0.00028,-0.00025,0.61456,-0.00066,0.12895,0.00084,0.70423,-0.00010,0.70997,1,1,1,1
1765409518.619020,-0.02825,0.02533,-0.09223,0.00163,-0.00069,0.00040,0.61456,-0.00066,0.12895,0.00084,0.70423,-0.00010,0.70997,1,1,1,1
1765409518.621020,-0.04630,0.03188,-0.04673,-0.00157,-0.00009,0.00046,0.61456,-0.00066,0.12895,0.00084,0.70423,-0.00010,0.70997,1,1,1,1
1765409518.623024,-0.02352,0.00770,-0.07687,0.00142,-0.00023,-0.00013,0.61456,-0.00066,0.12895,0.00084,0.70423,-0.00010,0.70997,1,1,1,1
1765409518.625020,-0.03147,-0.05162,-0.09831,0.00135,0.00029,-0.00052,0.61456,-0.00066,0.12895,0.00084,0.70423,-0.00010,0.70997,1,1,1,1
1765409518.627015,-0.02678,-0.03979,-0.03761,0.00040,0.00036,0.00019,0.61456,-0.00066,0.12895,0.00084,0.70423,-0.00010,0.70997,1,1,1,1
1765409518.629036,-0.03625,-0.00571,-0.08407,0.00082,0.00121,0.00042,0.61456,-0.00066,0.12895,0.00084,0.70423,-0.00010,0.70997,1,1,1,1
1765409518.631012,-0.03559,0.00473,-0.06152,0.00051,0.00043,0.00017,0.61454,-0.00066,0.12896,0.00084,0.70422,-0.00010,0.70998,1,1,1,1
1765409518.633027,-0.03106,-0.00789,-0.09932,0.00035,0.00064,-0.00013,0.61454,-0.00066,0.12896,0.00084,0.70422,-0.00010,0.70998,1,1,1,1
1765409518.635011,-0.03224,-0.01210,-0.09152,0.00161,0.00015,0.00001,0.61451,-0.00066,0.12895,0.00084,0.70423,-0.00010,0.70998,1,1,1,1
1765409518.637012,-0.01441,0.00106,-0.06173,0.00024,0.00132,0.00001,0.61451,-0.00066,0.12895,0.00084,0.70423,-0.00010,0.70998,1,1,1,1
1765409518.639013,-0.05032,0.00812,-0.12986,0.00251,0.00023,0.00026,0.61448,-0.00066,0.12896,0.00084,0.70422,-0.00010,0.70998,1,1,1,1
1765409518.641031,-0.01973,0.00727,-0.02331,-0.00230,-0.00116,0.00033,0.61448,-0.00066,0.12896,0.00084,0.70422,-0.00010,0.70998,1,1,1,1
1765409518.643105,0.00228,0.00638,-0.09967,0.00053,0.00023,0.00023,0.61432,-0.00066,0.12896,0.00084,0.70422,-0.00010,0.70998,1,1,1,1
1765409518.645056,-0.03673,-0.01485,-0.06120,0.00180,0.00083,-0.00010,0.61432,-0.00066,0.12896,0.00084,0.70422,-0.00010,0.70998,1,1,1,1
1765409518.647038,-0.02920,0.02567,-0.02361,-0.00251,0.00048,0.00140,0.61432,-0.00066,0.12896,0.00084,0.70422,-0.00010,0.70998,1,1,1,1
1765409518.649059,-0.06645,0.00105,-0.04587,-0.00173,-0.00098,-0.00005,0.61432,-0.00066,0.12896,0.00084,0.70422,-0.00010,0.70998,1,1,1,1
1765409518.651038,-0.05549,-0.01682,-0.00776,-0.00019,0.00017,-0.00017,0.61432,-0.00066,0.12896,0.00084,0.70422,-0.00010,0.70998,1,1,1,1
1765409518.653057,-0.01831,-0.00939,-0.06880,0.00077,-0.00079,-0.00025,0.61432,-0.00066,0.12896,0.00084,0.70422,-0.00010,0.70998,1,1,1,1
1765409518.655047,0.00276,0.01569,-0.09250,-0.00001,0.00085,-0.00003,0.61432,-0.00066,0.12896,0.00084,0.70422,-0.00010,0.70998,1,1,1,1
1765409518.657060,-0.01100,0.03897,-0.09296,0.00114,0.00023,-0.00003,0.61432,-0.00066,0.12896,0.00084,0.70422,-0.00010,0.70998,1,1,1,1
1765409518.659045,-0.03707,-0.00400,-0.09146,0.00215,-0.00055,0.00042,0.61432,-0.00066,0.12896,0.00084,0.70422,-0.00010,0.70998,1,1,1,1
1765409518.661051,-0.04366,-0.02448,-0.09123,0.00059,0.00029,-0.00024,0.61432,-0.00066,0.12896,0.00084,0.70422,-0.00010,0.70998,1,1,1,1
1765409518.663041,-0.01849,-0.00563,-0.09938,0.00038,0.00049,-0.00001,0.61432,-0.00066,0.12896,0.00084,0.70422,-0.00010,0.70998,1,1,1,1
1765409518.665033,-0.00995,0.02907,-0.09993,-0.00007,-0.00040,0.00065,0.61432,-0.00066,0.12896,0.00084,0.70422,-0.00010,0.70998,1,1,1,1
1765409518.667034,-0.01881,0.00899,-0.08444,0.00034,0.00061,0.00040,0.61429,-0.00066,0.12896,0.00084,0.70422,-0.00010,0.70999,1,1,1,1
1765409518.669052,-0.01010,0.02867,-0.10760,-0.00007,0.00011,0.00064,0.61429,-0.00066,0.12896,0.00084,0.70422,-0.00010,0.70999,1,1,1,1
1765409518.671035,-0.03424,-0.00567,-0.05336,-0.00115,0.00030,0.00085,0.61426,-0.00066,0.12896,0.00084,0.70422,-0.00010,0.70999,1,1,1,1
1765409518.673068,-0.03967,-0.02183,-0.10623,0.00062,-0.00026,0.00028,0.61426,-0.00066,0.12896,0.00084,0.70422,-0.00010,0.70999,1,1,1,1
1765409518.675070,-0.03222,-0.01203,-0.04595,0.00161,0.00014,0.00005,0.61424,-0.00066,0.12896,0.00084,0.70422,-0.00010,0.70998,1,1,1,1
1765409518.677075,-0.01902,-0.00633,-0.03118,0.00059,0.00163,0.00004,0.61424,-0.00066,0.12896,0.00084,0.70422,-0.00010,0.70998,1,1,1,1
1765409518.679077,0.01094,-0.02870,-0.09104,0.00011,0.00042,0.00078,0.61409,-0.00066,0.12895,0.00084,0.70422,-0.00010,0.70998,1,1,1,1
1765409518.681073,-0.00610,0.02389,-0.06152,-0.00363,-0.00145,0.00082,0.61409,-0.00066,0.12895,0.00084,0.70422,-0.00010,0.70998,1,1,1,1
1765409518.683094,-0.01868,0.03919,-0.09286,0.00049,-0.00006,-0.00002,0.61409,-0.00066,0.12895,0.00084,0.70422,-0.00010,0.70998,1,1,1,1
1765409518.685060,-0.03595,0.00009,-0.04613,0.00089,0.00018,0.00032,0.61409,-0.00066,0.12895,0.00084,0.70422,-0.00010,0.70998,1,1,1,1
1765409518.687089,-0.04893,0.01951,-0.06143,-0.00303,-0.00056,0.00059,0.61409,-0.00066,0.12895,0.00084,0.70422,-0.00010,0.70998,1,1,1,1
1765409518.689088,-0.03584,0.01533,-0.10736,0.00107,-0.00034,-0.00014,0.61409,-0.00066,0.12895,0.00084,0.70422,-0.00010,0.70998,1,1,1,1
1765409518.691057,-0.01930,0.04442,-0.07768,0.00099,-0.00030,0.00026,0.61409,-0.00066,0.12895,0.00084,0.70422,-0.00010,0.70998,1,1,1,1
1765409518.693068,-0.03608,0.00046,-0.07664,0.00133,-0.00007,-0.00011,0.61409,-0.00066,0.12895,0.00084,0.70422,-0.00010,0.70998,1,1,1,1
1765409518.695071,-0.02669,0.00445,-0.08432,0.00007,0.00032,0.00014,0.61409,-0.00066,0.12895,0.00084,0.70422,-0.00010,0.70998,1,1,1,1
1765409518.697071,-0.03522,-0.03389,-0.03782,0.00091,-0.00032,-0.00034,0.61409,-0.00066,0.12895,0.00084,0.70422,-0.00010,0.70998,1,1,1,1
1765409518.699084,-0.02023,-0.02425,-0.09878,0.00234,-0.00024,0.00013,0.61407,-0.00066,0.12895,0.00084,0.70423,-0.00010,0.70998,1,1,1,1
1765409518.701062,-0.02043,-0.03476,-0.07574,0.00221,0.00054,0.00042,0.61407,-0.00066,0.12895,0.00084,0.70423,-0.00010,0.70998,1,1,1,1
1765409518.703081,-0.02024,-0.01004,-0.05368,0.00208,0.00051,0.00016,0.61404,-0.00066,0.12895,0.00084,0.70423,-0.00010,0.70997,1,1,1,1
1765409518.705081,-0.02696,-0.00542,-0.08433,0.00060,0.00071,-0.00040,0.61404,-0.00066,0.12895,0.00084,0.70423,-0.00010,0.70997,1,1,1,1
1765409518.707076,-0.01544,-0.01267,-0.05367,0.00161,0.00045,0.00002,0.61401,-0.00066,0.12895,0.00084,0.70423,-0.00010,0.70997,1,1,1,1
1765409518.709076,-0.02290,0.00239,-0.10707,0.00070,-0.00010,-0.00001,0.61401,-0.00066,0.12895,0.00084,0.70423,-0.00010,0.70997,1,1,1,1
1765409518.711100,-0.02110,-0.01671,-0.06053,-0.00084,-0.00162,0.00057,0.61398,-0.00066,0.12894,0.00084,0.70423,-0.00010,0.70997,1,1,1,1
1765409518.713079,-0.01065,0.00936,-0.09960,0.00078,0.00000,0.00038,0.61398,-0.00066,0.12894,0.00084,0.70423,-0.00010,0.70997,1,1,1,1
1765409518.715100,-0.03428,-0.01991,-0.03030,-0.00067,-0.00007,0.00047,0.61395,-0.00066,0.12894,0.00084,0.70423,-0.00010,0.70997,1,1,1,1
1765409518.717142,-0.04109,-0.00990,-0.01550,-0.00186,-0.00026,-0.00018,0.61389,-0.00066,0.12894,0.00084,0.70423,-0.00010,0.70997,1,1,1,1
1765409518.719117,-0.02268,-0.04662,-0.11347,0.00098,-0.00032,-0.00027,0.61378,-0.00066,0.12894,0.00084,0.70424,-0.00010,0.70997,1,1,1,1
1765409518.721093,-0.04065,-0.01259,-0.09900,0.00117,0.00076,0.00041,0.61378,-0.00066,0.12894,0.00084,0.70424,-0.00010,0.70997,1,1,1,1
1765409518.723113,-0.04893,0.00727,-0.07673,0.00097,0.00084,0.00030,0.61378,-0.00066,0.12894,0.00084,0.70424,-0.00010,0.70997,1,1,1,1
1765409518.725144,-0.01793,0.01511,-0.04658,0.00020,-0.00081,-0.00011,0.61378,-0.00066,0.12894,0.00084,0.70424,-0.00010,0.70997,1,1,1,1
1765409518.727121,-0.01421,0.00646,-0.12239,0.00009,0.00043,0.00023,0.61378,-0.00066,0.12894,0.00084,0.70424,-0.00010,0.70997,1,1,1,1
1765409518.729120,-0.01757,0.00346,-0.10721,-0.00082,0.00098,0.00011,0.61378,-0.00066,0.12894,0.00084,0.70424,-0.00010,0.70997,1,1,1,1
1765409518.731107,-0.04978,-0.02152,-0.08352,0.00215,0.00024,0.00030,0.61378,-0.00066,0.12894,0.00084,0.70424,-0.00010,0.70997,1,1,1,1
1765409518.733109,-0.04114,-0.00932,-0.03079,-0.00141,-0.00078,-0.00060,0.61378,-0.00066,0.12894,0.00084,0.70424,-0.00010,0.70997,1,1,1,1
1765409518.735109,-0.04593,-0.00192,-0.05325,-0.00154,-0.00108,0.00060,0.61378,-0.00066,0.12894,0.00084,0.70424,-0.00010,0.70997,1,1,1,1
1765409518.737107,-0.04795,-0.00192,-0.09173,0.00064,-0.00006,-0.00024,0.61378,-0.00066,0.12894,0.00084,0.70424,-0.00010,0.70997,1,1,1,1
1765409518.739106,-0.04113,0.01042,-0.03098,-0.00183,-0.00116,0.00007,0.61378,-0.00066,0.12894,0.00084,0.70424,-0.00010,0.70997,1,1,1,1
1765409518.741157,-0.02726,-0.00502,-0.11449,0.00082,0.00008,-0.00001,0.61378,-0.00066,0.12894,0.00084,0.70424,-0.00010,0.70997,1,1,1,1
1765409518.743098,-0.01815,0.00944,-0.08432,-0.00009,-0.00016,0.00040,0.61375,-0.00066,0.12894,0.00084,0.70424,-0.00010,0.70996,1,1,1,1
1765409518.745119,-0.06577,-0.01145,-0.13693,0.00140,0.00017,0.00001,0.61375,-0.00066,0.12894,0.00084,0.70424,-0.00010,0.70996,1,1,1,1
1765409518.747103,-0.03127,0.00766,-0.08423,0.00054,-0.00038,0.00028,0.61372,-0.00066,0.12894,0.00084,0.70423,-0.00010,0.70997,1,1,1,1
1765409518.749146,-0.03295,0.00285,-0.11471,0.00223,0.00015,-0.00001,0.61372,-0.00066,0.12894,0.00084,0.70423,-0.00010,0.70997,1,1,1,1
1765409518.751151,-0.02343,-0.00332,-0.06149,0.00085,0.00105,0.00015,0.61369,-0.00066,0.12894,0.00084,0.70424,-0.00010,0.70997,1,1,1,1
1765409518.753138,-0.00150,-0.00071,-0.10717,0.00044,0.00002,-0.00017,0.61369,-0.00066,0.12894,0.00084,0.70424,-0.00010,0.70997,1,1,1,1
1765409518.755166,-0.03169,0.00657,-0.03887,0.00053,0.00114,0.00031,0.61366,-0.00066,0.12894,0.00084,0.70423,-0.00010,0.70997,1,1,1,1
1765409518.757138,-0.01424,0.03192,-0.07745,0.00040,-0.00036,-0.00001,0.61366,-0.00066,0.12894,0.00084,0.70423,-0.00010,0.70997,1,1,1,1
1765409518.759135,-0.05796,0.00527,-0.07637,-0.00211,-0.00057,0.00019,0.61351,-0.00066,0.12895,0.00084,0.70423,-0.00010,0.70997,1,1,1,1
1765409518.761160,-0.01353,-0.00171,-0.07614,-0.00001,-0.00185,0.00055,0.61348,-0.00066,0.12895,0.00084,0.70423,-0.00010,0.70997,1,1,1,1
1765409518.763144,-0.02663,-0.02010,-0.09151,0.00042,0.00046,-0.00040,0.61348,-0.00066,0.12895,0.00084,0.70423,-0.00010,0.70997,1,1,1,1
1765409518.765272,-0.03449,0.00502,-0.08417,-0.00036,-0.00034,0.00015,0.61348,-0.00066,0.12895,0.00084,0.70423,-0.00010,0.70997,1,1,1,1
1765409518.767135,-0.01428,0.01739,-0.12224,0.00023,-0.00109,0.00077,0.61348,-0.00066,0.12895,0.00084,0.70423,-0.00010,0.70997,1,1,1,1
1765409518.769146,-0.06530,0.00586,-0.01562,-0.00276,-0.00113,-0.00016,0.61348,-0.00066,0.12895,0.00084,0.70423,-0.00010,0.70997,1,1,1,1
1765409518.771146,-0.01985,-0.01710,-0.02289,-0.00172,-0.00115,-0.00021,0.61348,-0.00066,0.12895,0.00084,0.70423,-0.00010,0.70997,1,1,1,1
1765409518.773168,-0.01982,0.01466,-0.06958,0.00172,0.00035,-0.00013,0.61348,-0.00066,0.12895,0.00084,0.70423,-0.00010,0.70997,1,1,1,1
1765409518.775151,-0.01535,0.03650,-0.09278,0.00111,0.00029,0.00025,0.61348,-0.00066,0.12895,0.00084,0.70423,-0.00010,0.70997,1,1,1,1
1765409518.777146,-0.03235,-0.00175,-0.06904,0.00196,-0.00025,-0.00024,0.61348,-0.00066,0.12895,0.00084,0.70423,-0.00010,0.70997,1,1,1,1
1765409518.779143,-0.05682,-0.03639,-0.02988,0.00088,0.00021,0.00036,0.61348,-0.00066,0.12895,0.00084,0.70423,-0.00010,0.70997,1,1,1,1
1765409518.781155,-0.03116,-0.04228,-0.09078,0.00059,0.00054,0.00002,0.61348,-0.00066,0.12895,0.00084,0.70423,-0.00010,0.70997,1,1,1,1
1765409518.783140,-0.01302,-0.02844,-0.03012,-0.00120,0.00045,0.00086,0.61345,-0.00066,0.12894,0.00084,0.70423,-0.00010,0.70997,1,1,1,1
1765409518.785155,-0.01630,-0.00318,-0.09936,0.00194,0.00085,0.00052,0.61345,-0.00066,0.12894,0.00084,0.70423,-0.00010,0.70997,1,1,1,1
1765409518.787141,-0.03438,0.00108,-0.04604,0.00002,-0.00136,-0.00008,0.61342,-0.00066,0.12894,0.00084,0.70423,-0.00010,0.70997,1,1,1,1
1765409518.789176,-0.05391,0.02223,-0.06886,-0.00256,-0.00074,0.00113,0.61342,-0.00066,0.12894,0.00084,0.70423,-0.00010,0.70997,1,1,1,1
1765409518.791152,-0.03274,0.00522,-0.00825,-0.00167,-0.00088,-0.00019,0.61339,-0.00066,0.12894,0.00084,0.70423,-0.00010,0.70997,1,1,1,1
1765409518.793169,-0.01456,0.01667,-0.09200,0.00022,-0.00008,0.00079,0.61339,-0.00066,0.12894,0.00084,0.70423,-0.00010,0.70997,1,1,1,1
1765409518.795177,-0.01069,-0.02970,-0.09119,0.00140,-0.00010,-0.00014,0.61335,-0.00066,0.12894,0.00084,0.70423,-0.00010,0.70997,1,1,1,1
1765409518.797226,-0.03192,-0.00692,-0.11443,0.00146,-0.00024,-0.00014,0.61335,-0.00066,0.12894,0.00084,0.70423,-0.00010,0.70997,1,1,1,1
1765409518.799177,-0.02606,0.00546,-0.06893,-0.00014,-0.00108,0.00016,0.61320,-0.00066,0.12894,0.00084,0.70423,-0.00010,0.70997,1,1,1,1
1765409518.801181,-0.02943,0.01226,-0.08415,-0.00137,-0.00078,0.00055,0.61320,-0.00066,0.12894,0.00084,0.70423,-0.00010,0.70997,1,1,1,1
1765409518.803174,-0.03720,-0.02686,-0.05254,-0.00184,-0.00116,0.00087,0.61320,-0.00066,0.12894,0.00084,0.70423,-0.00010,0.70997,1,1,1,1
1765409518.805181,-0.02583,-0.00509,-0.03086,-0.00049,-0.00019,0.00005,0.61320,-0.00066,0.12894,0.00084,0.70423,-0.00010,0.70997,1,1,1,1
1765409518.807511,-0.01073,0.02404,-0.10759,0.00074,0.00012,0.00037,0.61320,-0.00066,0.12894,0.00084,0.70423,-0.00010,0.70997,1,1,1,1
1765409518.809171,-0.02092,0.03140,-0.08462,-0.00179,-0.00052,0.00081,0.61320,-0.00066,0.12894,0.00084,0.70423,-0.00010,0.70997,1,1,1,1
1765409518.811164,-0.02348,-0.00356,-0.04616,0.00063,0.00118,0.00057,0.61320,-0.00066,0.12894,0.00084,0.70423,-0.00010,0.70997,1,1,1,1
1765409518.813168,-0.02357,-0.01005,-0.03792,-0.00273,-0.00122,0.00059,0.61320,-0.00066,0.12894,0.00084,0.70423,-0.00010,0.70997,1,1,1,1
1765409518.815170,-0.03406,-0.03913,-0.02223,-0.00046,-0.00057,0.00022,0.61320,-0.00066,0.12894,0.00084,0.70423,-0.00010,0.70997,1,1,1,1
1765409518.817265,-0.02328,-0.00795,-0.07643,0.00079,0.00055,0.00028,0.61320,-0.00066,0.12894,0.00084,0.70423,-0.00010,0.70997,1,1,1,1
1765409518.819284,-0.04638,0.01800,-0.06123,-0.00130,-0.00134,0.00086,0.61317,-0.00066,0.12894,0.00084,0.70423,-0.00010,0.70997,1,1,1,1
1765409518.821266,-0.04246,-0.00221,-0.16777,0.00304,0.00078,0.00009,0.61317,-0.00066,0.12894,0.00084,0.70423,-0.00010,0.70997,1,1,1,1
1765409518.823260,-0.04068,0.01514,-0.03840,-0.00264,-0.00141,0.00074,0.61314,-0.00066,0.12895,0.00084,0.70423,-0.00010,0.70997,1,1,1,1
1765409518.825213,-0.04499,-0.00685,-0.05336,-0.00204,-0.00110,-0.00007,0.61314,-0.00066,0.12895,0.00084,0.70423,-0.00010,0.70997,1,1,1,1
1765409518.827188,-0.01904,-0.00022,-0.09176,0.00088,-0.00002,0.00026,0.61314,-0.00066,0.12895,0.00084,0.70423,-0.00010,0.70997,1,1,1,1
1765409518.829194,-0.02207,0.00692,-0.06911,-0.00034,0.00001,0.00028,0.61311,-0.00066,0.12894,0.00084,0.70423,-0.00010,0.70997,1,1,1,1
1765409518.831187,-0.01590,0.01718,-0.08479,0.00197,0.00018,-0.00001,0.61311,-0.00066,0.12894,0.00084,0.70423,-0.00010,0.70997,1,1,1,1
1765409518.833217,-0.01975,-0.01996,-0.11422,0.00174,0.00039,-0.00002,0.61307,-0.00066,0.12895,0.00084,0.70423,-0.00010,0.70997,1,1,1,1
1765409518.835210,-0.03043,-0.03247,-0.04518,-0.00038,0.00015,0.00059,0.61307,-0.00066,0.12895,0.00084,0.70423,-0.00010,0.70997,1,1,1,1
1765409518.837199,-0.05564,-0.02606,-0.04492,-0.00030,-0.00107,0.00089,0.61292,-0.00066,0.12895,0.00084,0.70423,-0.00010,0.70997,1,1,1,1
1765409518.839225,-0.01723,-0.02222,-0.12173,0.00324,0.00049,0.00024,0.61292,-0.00066,0.12895,0.00084,0.70423,-0.00010,0.70997,1,1,1,1
1765409518.841237,-0.01038,-0.01905,-0.06067,0.00110,-0.00137,0.00042,0.61292,-0.00066,0.12895,0.00084,0.70423,-0.00010,0.70997,1,1,1,1
1765409518.843210,0.01191,-0.01539,-0.12984,0.00376,0.00063,-0.00020,0.61292,-0.00066,0.12895,0.00084,0.70423,-0.00010,0.70997,1,1,1,1
1765409518.845212,-0.03377,-0.03221,-0.09095,0.00268,0.00095,0.00055,0.61292,-0.00066,0.12895,0.00084,0.70423,-0.00010,0.70997,1,1,1,1
1765409518.847216,-0.04860,-0.01600,-0.06833,0.00135,-0.00079,0.00018,0.61292,-0.00066,0.12895,0.00084,0.70423,-0.00010,0.70997,1,1,1,1
1765409518.849216,-0.05324,-0.03405,-0.05292,0.00156,0.00054,0.00007,0.61292,-0.00066,0.12895,0.00084,0.70423,-0.00010,0.70997,1,1,1,1
1765409518.851218,-0.03803,-0.00140,-0.02321,-0.00044,-0.00132,-0.00019,0.61292,-0.00066,0.12895,0.00084,0.70423,-0.00010,0.70997,1,1,1,1
1765409518.853266,-0.01885,0.00964,-0.05415,0.00079,0.00009,0.00002,0.61292,-0.00066,0.12895,0.00084,0.70423,-0.00010,0.70997,1,1,1,1
1765409518.855258,-0.01573,0.02852,-0.03146,-0.00270,-0.00033,0.00071,0.61292,-0.00066,0.12895,0.00084,0.70423,-0.00010,0.70997,1,1,1,1
1765409518.857212,-0.00002,0.00599,-0.08436,0.00206,0.00116,0.00105,0.61289,-0.00066,0.12895,0.00084,0.70423,-0.00010,0.70998,1,1,1,1
1765409518.859204,-0.01095,0.00980,-0.10697,0.00101,-0.00062,0.00078,0.61289,-0.00066,0.12895,0.00084,0.70423,-0.00010,0.70998,1,1,1,1
1765409518.861242,-0.02741,-0.04940,-0.03743,0.00116,0.00037,0.00006,0.61286,-0.00066,0.12895,0.00084,0.70423,-0.00010,0.70997,1,1,1,1
1765409518.863219,-0.05246,0.00640,-0.09161,0.00096,-0.00114,0.00016,0.61286,-0.00066,0.12895,0.00084,0.70423,-0.00010,0.70997,1,1,1,1
1765409518.865209,-0.04010,-0.01677,-0.09865,0.00090,-0.00038,0.00055,0.61283,-0.00066,0.12895,0.00084,0.70423,-0.00010,0.70997,1,1,1,1
1765409518.867211,-0.03091,0.01731,-0.07701,0.00022,-0.00015,0.00001,0.61283,-0.00066,0.12895,0.00084,0.70423,-0.00010,0.70997,1,1,1,1
1765409518.869236,-0.02338,0.00177,-0.11480,0.00091,0.00079,-0.00002,0.61280,-0.00066,0.12895,0.00084,0.70423,-0.00010,0.70997,1,1,1,1
1765409518.871231,-0.01194,0.00157,-0.08388,-0.00215,-0.00060,0.00081,0.61280,-0.00066,0.12895,0.00084,0.70423,-0.00010,0.70997,1,1,1,1
1765409518.873236,-0.04079,-0.00912,-0.00017,-0.00185,-0.00128,-0.00017,0.61277,-0.00066,0.12895,0.00084,0.70423,-0.00010,0.70997,1,1,1,1
1765409518.875240,-0.03717,0.00253,-0.02330,-0.00171,-0.00057,0.00007,0.61277,-0.00066,0.12895,0.00084,0.70423,-0.00010,0.70997,1,1,1,1
1765409518.877229,-0.05481,0.00274,-0.06869,-0.00127,-0.00035,0.00046,0.61274,-0.00066,0.12896,0.00084,0.70422,-0.00010,0.70998,1,1,1,1
1765409518.879259,-0.03696,0.00063,-0.09168,0.00199,-0.00018,0.00028,0.61270,-0.00066,0.12895,0.00084,0.70422,-0.00010,0.70998,1,1,1,1
1765409518.881235,-0.04152,-0.00664,-0.11428,0.00233,-0.00012,0.00027,0.61270,-0.00066,0.12895,0.00084,0.70422,-0.00010,0.70998,1,1,1,1
1765409518.883233,-0.03222,-0.00223,-0.07634,0.00130,-0.00011,0.00056,0.61261,-0.00066,0.12895,0.00084,0.70422,-0.00010,0.70998,1,1,1,1
1765409518.885245,-0.01123,-0.00321,-0.00822,-0.00221,-0.00038,-0.00021,0.61261,-0.00066,0.12895,0.00084,0.70422,-0.00010,0.70998,1,1,1,1
1765409518.887226,-0.01848,0.02431,-0.02432,0.00053,0.00032,-0.00036,0.61261,-0.00066,0.12895,0.00084,0.70422,-0.00010,0.70998,1,1,1,1
1765409518.889241,-0.03920,0.03209,-0.12293,-0.00004,-0.00005,-0.00002,0.61261,-0.00066,0.12895,0.00084,0.70422,-0.00010,0.70998,1,1,1,1
1765409518.891243,-0.02784,0.00104,-0.07657,0.00177,-0.00093,-0.00012,0.61261,-0.00066,0.12895,0.00084,0.70422,-0.00010,0.70998,1,1,1,1
1765409518.893231,-0.02530,-0.00929,-0.08386,-0.00054,-0.00121,-0.00025,0.61261,-0.00066,0.12895,0.00084,0.70422,-0.00010,0.70998,1,1,1,1
1765409518.895260,-0.02321,-0.01197,-0.13721,0.00140,-0.00034,-0.00044,0.61261,-0.00066,0.12895,0.00084,0.70422,-0.00010,0.70998,1,1,1,1
1765409518.897226,-0.04462,0.00782,-0.02353,-0.00230,-0.00087,-0.00046,0.61257,-0.00066,0.12895,0.00084,0.70422,-0.00010,0.70998,1,1,1,1
1765409518.899239,-0.02449,0.01444,-0.00097,-0.00178,-0.00036,-0.00006,0.61257,-0.00066,0.12895,0.00084,0.70422,-0.00010,0.70998,1,1,1,1
1765409518.901273,-0.05316,0.01007,-0.13743,0.00101,0.00039,0.00039,0.61254,-0.00066,0.12895,0.00084,0.70422,-0.00010,0.70998,1,1,1,1
1765409518.903247,-0.03849,0.00356,-0.08399,-0.00016,-0.00144,0.00003,0.61254,-0.00066,0.12895,0.00084,0.70422,-0.00010,0.70998,1,1,1,1
1765409518.905262,-0.04657,-0.01149,-0.06084,-0.00057,-0.00095,0.00006,0.61251,-0.00066,0.12895,0.00084,0.70423,-0.00010,0.70998,1,1,1,1
1765409518.907265,-0.03087,-0.01301,-0.08397,0.00007,0.00077,0.00002,0.61251,-0.00066,0.12895,0.00084,0.70423,-0.00010,0.70998,1,1,1,1
1765409518.909280,-0.01887,-0.01523,-0.11437,0.00092,0.00037,-0.00016,0.61247,-0.00066,0.12895,0.00084,0.70423,-0.00010,0.70997,1,1,1,1
1765409518.911283,-0.02268,0.02087,-0.03169,-0.00017,0.00127,0.00031,0.61241,-0.00066,0.12895,0.00084,0.70423,-0.00010,0.70997,1,1,1,1
1765409518.913291,-0.01342,0.01724,-0.13775,-0.00022,-0.00086,-0.00005,0.61241,-0.00066,0.12895,0.00084,0.70423,-0.00010,0.70997,1,1,1,1
1765409518.915288,-0.05543,-0.00202,-0.07594,-0.00089,-0.00058,0.00099,0.61241,-0.00066,0.12895,0.00084,0.70423,-0.00010,0.70997,1,1,1,1
1765409518.917260,-0.03253,-0.00432,-0.06838,-0.00201,-0.00175,0.00044,0.61241,-0.00066,0.12895,0.00084,0.70423,-0.00010,0.70997,1,1,1,1
1765409518.919267,-0.03306,-0.02536,-0.12116,0.00276,-0.00160,0.00040,0.61231,-0.00066,0.12895,0.00084,0.70423,-0.00010,0.70997,1,1,1,1
1765409518.921276,-0.01875,-0.02424,-0.09107,0.00103,-0.00076,0.00014,0.61231,-0.00066,0.12895,0.00084,0.70423,-0.00010,0.70997,1,1,1,1
1765409518.923257,-0.01140,0.00192,0.02976,-0.00215,-0.00063,0.00009,0.61231,-0.00066,0.12895,0.00084,0.70423,-0.00010,0.70997,1,1,1,1
1765409518.925275,-0.02027,0.01464,-0.13019,0.00194,0.00024,0.00023,0.61231,-0.00066,0.12895,0.00084,0.70423,-0.00010,0.70997,1,1,1,1
1765409518.927285,-0.02975,0.01697,-0.07662,-0.00131,-0.00053,0.00083,0.61231,-0.00066,0.12895,0.00084,0.70423,-0.00010,0.70997,1,1,1,1
1765409518.929279,-0.05431,-0.00657,-0.03782,-0.00160,-0.00123,0.00076,0.61231,-0.00066,0.12895,0.00084,0.70423,-0.00010,0.70997,1,1,1,1
1765409518.931283,-0.02860,-0.03650,-0.05231,-0.00174,-0.00164,0.00073,0.61231,-0.00066,0.12895,0.00084,0.70423,-0.00010,0.70997,1,1,1,1
1765409518.933284,-0.01946,-0.01419,-0.09906,0.00181,-0.00064,-0.00014,0.61228,-0.00066,0.12894,0.00084,0.70423,-0.00010,0.70997,1,1,1,1
1765409518.935296,0.00292,0.01606,-0.05428,-0.00023,0.00021,0.00040,0.61228,-0.00066,0.12894,0.00084,0.70423,-0.00010,0.70997,1,1,1,1
1765409518.937272,-0.02002,0.03121,-0.03902,-0.00267,-0.00053,0.00084,0.61224,-0.00066,0.12895,0.00084,0.70423,-0.00010,0.70997,1,1,1,1
1765409518.939267,-0.04555,0.01289,0.03717,-0.00158,-0.00074,-0.00014,0.61224,-0.00066,0.12895,0.00084,0.70423,-0.00010,0.70997,1,1,1,1
1765409518.941297,-0.03216,-0.00381,0.00659,0.00106,0.00229,-0.00019,0.61221,-0.00066,0.12895,0.00084,0.70423,-0.00010,0.70997,1,1,1,1
1765409518.943295,-0.03189,-0.00891,-0.01565,0.00034,0.00192,0.00074,0.61221,-0.00066,0.12895,0.00084,0.70423,-0.00010,0.70997,1,1,1,1
1765409518.945348,-0.01761,0.00342,-0.00850,-0.00082,0.00122,0.00019,0.61218,-0.00066,0.12895,0.00084,0.70423,-0.00010,0.70997,1,1,1,1
1765409518.947289,-0.03446,0.00384,-0.01601,-0.00082,0.00117,0.00020,0.61218,-0.00066,0.12895,0.00084,0.70423,-0.00010,0.70997,1,1,1,1
1765409518.949313,-0.00167,0.03229,0.00573,-0.00025,0.00190,0.00017,0.61218,-0.00066,0.12895,0.00084,0.70423,-0.00010,0.70997,1,1,1,1
1765409518.951274,-0.02758,0.04388,0.03599,0.00076,0.00092,-0.00005,0.61218,-0.00066,0.12895,0.00084,0.70423,-0.00010,0.70997,1,1,1,1
1765409518.953311,0.00289,0.03584,-0.11559,-0.00021,0.00007,0.00021,0.61204,-0.00066,0.12894,0.00084,0.70424,-0.00010,0.70996,1,1,1,1
1765409518.955308,-0.05019,0.00718,-0.12170,-0.00078,-0.00294,0.00015,0.61204,-0.00066,0.12894,0.00084,0.70424,-0.00010,0.70996,1,1,1,1
1765409518.957332,-0.02847,-0.00202,0.00751,-0.00198,-0.00155,0.00063,0.61204,-0.00066,0.12894,0.00084,0.70424,-0.00010,0.70996,1,1,1,1
1765409518.959293,-0.05349,-0.06137,0.01627,-0.00183,-0.00020,-0.00013,0.61204,-0.00066,0.12894,0.00084,0.70424,-0.00010,0.70996,1,1,1,1
1765409518.961304,-0.01818,-0.02168,-0.00027,-0.00047,0.00189,0.00047,0.61204,-0.00066,0.12894,0.00084,0.70424,-0.00010,0.70996,1,1,1,1
1765409518.963290,0.02449,0.00227,0.01404,-0.00083,0.00148,0.00017,0.61204,-0.00066,0.12894,0.00084,0.70424,-0.00010,0.70996,1,1,1,1
1765409518.965289,0.01281,0.01094,0.02173,-0.00138,-0.00004,0.00019,0.61201,-0.00066,0.12894,0.00084,0.70424,-0.00010,0.70996,1,1,1,1
1765409518.967292,0.01155,0.04989,0.01303,-0.00069,0.00084,0.00030,0.61201,-0.00066,0.12894,0.00084,0.70424,-0.00010,0.70996,1,1,1,1
1765409518.969295,-0.03867,0.03731,-0.04728,-0.00019,-0.00021,-0.00050,0.61197,-0.00066,0.12894,0.00084,0.70424,-0.00010,0.70996,1,1,1,1
1765409518.971314,-0.01461,0.05005,-0.02477,-0.00025,0.00141,0.00070,0.61197,-0.00066,0.12894,0.00084,0.70424,-0.00010,0.70996,1,1,1,1
1765409518.973336,-0.02282,-0.00299,-0.00823,0.00041,0.00053,0.00020,0.61194,-0.00066,0.12894,0.00084,0.70424,-0.00010,0.70996,1,1,1,1
1765409518.975322,-0.02126,-0.00767,0.02990,-0.00073,-0.00013,-0.00004,0.61194,-0.00066,0.12894,0.00084,0.70424,-0.00010,0.70996,1,1,1,1
1765409518.977325,-0.00183,0.00837,-0.01638,0.00034,0.00116,0.00003,0.61190,-0.00066,0.12894,0.00084,0.70424,-0.00010,0.70996,1,1,1,1
1765409518.979414,-0.00961,0.00883,-0.00070,-0.00053,0.00025,0.00086,0.61190,-0.00066,0.12894,0.00084,0.70424,-0.00010,0.70996,1,1,1,1
1765409518.981326,-0.03210,-0.00864,-0.02358,0.00100,0.00204,-0.00008,0.61177,-0.00066,0.12894,0.00084,0.70423,-0.00010,0.70997,1,1,1,1
1765409518.983327,0.00694,-0.00212,0.01410,-0.00001,0.00169,-0.00009,0.61177,-0.00066,0.12894,0.00084,0.70423,-0.00010,0.70997,1,1,1,1
1765409518.985325,-0.01758,-0.01077,-0.03081,-0.00055,0.00048,0.00018,0.61177,-0.00066,0.12894,0.00084,0.70423,-0.00010,0.70997,1,1,1,1
1765409518.987385,-0.00198,0.03132,-0.01616,-0.00354,-0.00151,0.00085,0.61173,-0.00066,0.12894,0.00084,0.70423,-0.00010,0.70997,1,1,1,1
1765409518.989325,-0.04029,0.02350,-0.00082,-0.00363,0.00022,0.00090,0.61173,-0.00066,0.12894,0.00084,0.70423,-0.00010,0.70997,1,1,1,1
1765409518.991323,-0.04015,0.01661,-0.03143,0.00043,0.00111,0.00046,0.61173,-0.00066,0.12894,0.00084,0.70423,-0.00010,0.70997,1,1,1,1
1765409518.993314,-0.00552,0.00645,0.02172,0.00009,0.00056,-0.00007,0.61173,-0.00066,0.12894,0.00084,0.70423,-0.00010,0.70997,1,1,1,1
1765409518.995313,0.00647,0.00342,0.02193,0.00028,0.00081,0.00059,0.61173,-0.00066,0.12894,0.00084,0.70423,-0.00010,0.70997,1,1,1,1
1765409518.997329,0.01972,0.00561,-0.00105,-0.00013,0.00065,0.00029,0.61173,-0.00066,0.12894,0.00084,0.70423,-0.00010,0.70997,1,1,1,1
1765409518.999328,-0.01814,-0.00041,-0.04616,0.00001,-0.00003,0.00030,0.61173,-0.00066,0.12894,0.00084,0.70423,-0.00010,0.70997,1,1,1,1
1765409519.001317,-0.02202,0.02131,-0.03157,-0.00060,0.00051,0.00031,0.61170,-0.00066,0.12894,0.00084,0.70423,-0.00010,0.70997,1,1,1,1
1765409519.003331,-0.06117,0.00462,0.00682,0.00050,0.00149,0.00024,0.61170,-0.00066,0.12894,0.00084,0.70423,-0.00010,0.70997,1,1,1,1
1765409519.005346,-0.02303,0.04605,0.02095,0.00014,0.00075,0.00048,0.61167,-0.00066,0.12894,0.00084,0.70423,-0.00010,0.70997,1,1,1,1
1765409519.007373,-0.03278,0.02357,0.04449,-0.00254,0.00050,0.00052,0.61167,-0.00066,0.12894,0.00084,0.70423,-0.00010,0.70997,1,1,1,1
1765409519.009341,0.01088,0.02962,-0.00192,-0.00006,0.00187,0.00002,0.61163,-0.00066,0.12895,0.00084,0.70423,-0.00010,0.70997,1,1,1,1
1765409519.011362,-0.00112,0.00815,-0.01600,-0.00076,0.00078,0.00084,0.61163,-0.00066,0.12895,0.00084,0.70423,-0.00010,0.70997,1,1,1,1
1765409519.013398,0.00378,0.03505,-0.01710,-0.00109,0.00106,-0.00012,0.61160,-0.00066,0.12895,0.00084,0.70422,-0.00010,0.70998,1,1,1,1
1765409519.015345,-0.05604,0.00711,-0.00830,-0.00034,0.00093,0.00036,0.61146,-0.00066,0.12896,0.00084,0.70422,-0.00010,0.70998,1,1,1,1
1765409519.017346,-0.03539,0.00961,-0.02373,0.00035,0.00054,0.00006,0.61146,-0.00066,0.12896,0.00084,0.70422,-0.00010,0.70998,1,1,1,1
1765409519.019333,-0.02304,-0.00357,-0.00834,0.00041,0.00130,0.00020,0.61146,-0.00066,0.12896,0.00084,0.70422,-0.00010,0.70998,1,1,1,1
1765409519.021360,-0.01753,-0.00139,-0.01589,-0.00088,0.00098,0.00032,0.61146,-0.00066,0.12896,0.00084,0.70422,-0.00010,0.70998,1,1,1,1
1765409519.023372,-0.01334,0.00634,0.05973,-0.00056,0.00078,-0.00003,0.61146,-0.00066,0.12896,0.00084,0.70422,-0.00010,0.70998,1,1,1,1
1765409519.025336,-0.00056,0.04746,0.02086,-0.00137,0.00086,0.00059,0.61146,-0.00066,0.12896,0.00084,0.70422,-0.00010,0.70998,1,1,1,1
1765409519.027364,0.00037,-0.00152,0.05991,-0.00153,0.00062,-0.00004,0.61146,-0.00066,0.12896,0.00084,0.70422,-0.00010,0.70998,1,1,1,1
1765409519.029366,-0.01931,0.04115,0.01383,-0.00320,-0.00068,0.00061,0.61146,-0.00066,0.12896,0.00084,0.70422,-0.00010,0.70998,1,1,1,1
1765409519.031359,-0.03667,-0.01042,-0.02331,0.00142,0.00134,0.00020,0.61146,-0.00066,0.12896,0.00084,0.70422,-0.00010,0.70998,1,1,1,1
1765409519.033358,-0.01339,0.01664,-0.00097,-0.00066,-0.00010,0.00046,0.61142,-0.00066,0.12896,0.00084,0.70422,-0.00010,0.70998,1,1,1,1
1765409519.035358,-0.02249,-0.00770,-0.01576,0.00036,0.00027,-0.00007,0.61142,-0.00066,0.12896,0.00084,0.70422,-0.00010,0.70998,1,1,1,1
1765409519.037372,0.00330,0.02587,0.01353,-0.00033,0.00056,-0.00022,0.61139,-0.00066,0.12895,0.00084,0.70422,-0.00010,0.70998,1,1,1,1
1765409519.039387,0.00757,0.03291,-0.05488,-0.00068,0.00052,0.00012,0.61139,-0.00066,0.12895,0.00084,0.70422,-0.00010,0.70998,1,1,1,1
1765409519.041366,0.01547,0.03254,-0.00924,-0.00046,0.00081,0.00055,0.61135,-0.00066,0.12895,0.00084,0.70422,-0.00010,0.70998,1,1,1,1
1765409519.043386,-0.05276,-0.01981,-0.03816,0.00086,0.00103,0.00007,0.61135,-0.00066,0.12895,0.00084,0.70422,-0.00010,0.70998,1,1,1,1
1765409519.045365,-0.03416,-0.02023,-0.00755,-0.00089,0.00031,0.00049,0.61132,-0.00066,0.12895,0.00084,0.70422,-0.00010,0.70998,1,1,1,1
1765409519.047406,-0.04044,0.00296,-0.07664,0.00136,-0.00002,0.00003,0.61132,-0.00066,0.12895,0.00084,0.70422,-0.00010,0.70998,1,1,1,1
1765409519.049398,0.01014,0.04007,-0.02467,0.00050,0.00112,0.00054,0.61128,-0.00066,0.12895,0.00084,0.70423,-0.00010,0.70998,1,1,1,1
1765409519.051399,0.03286,0.03165,-0.03232,-0.00091,0.00136,0.00011,0.61128,-0.00066,0.12895,0.00084,0.70423,-0.00010,0.70998,1,1,1,1
1765409519.053391,0.00190,0.00608,-0.02381,0.00075,0.00086,0.00029,0.61114,-0.00066,0.12895,0.00084,0.70423,-0.00010,0.70997,1,1,1,1
1765409519.055387,-0.03898,0.01711,-0.03886,-0.00044,0.00008,0.00046,0.61114,-0.00066,0.12895,0.00084,0.70423,-0.00010,0.70997,1,1,1,1
1765409519.057400,-0.02994,0.00669,0.02204,-0.00100,0.00048,0.00036,0.61114,-0.00066,0.12895,0.00084,0.70423,-0.00010,0.70997,1,1,1,1
1765409519.059387,-0.05266,-0.02216,0.05350,-0.00310,-0.00049,0.00043,0.61114,-0.00066,0.12895,0.00084,0.70423,-0.00010,0.70997,1,1,1,1
1765409519.061380,-0.00958,-0.00153,0.01442,-0.00044,0.00113,0.00034,0.61114,-0.00066,0.12895,0.00084,0.70423,-0.00010,0.70997,1,1,1,1
1765409519.063403,-0.01540,0.00092,0.01448,0.00068,0.00159,0.00088,0.61114,-0.00066,0.12895,0.00084,0.70423,-0.00010,0.70997,1,1,1,1
1765409519.065407,0.00733,0.00808,-0.02380,-0.00054,0.00080,0.00042,0.61114,-0.00066,0.12895,0.00084,0.70423,-0.00010,0.70997,1,1,1,1
1765409519.067397,-0.01623,0.03617,0.01341,0.00176,0.00118,0.00033,0.61114,-0.00066,0.12895,0.00084,0.70423,-0.00010,0.70997,1,1,1,1
1765409519.069376,-0.03611,0.03108,0.01420,-0.00354,-0.00009,0.00090,0.61114,-0.00066,0.12895,0.00084,0.70423,-0.00010,0.70997,1,1,1,1
1765409519.071410,-0.02753,0.03327,0.00605,0.00020,0.00145,0.00060,0.61110,-0.00066,0.12894,0.00084,0.70424,-0.00010,0.70996,1,1,1,1
1765409519.073412,-0.02157,0.00637,-0.02377,-0.00078,0.00076,-0.00009,0.61107,-0.00066,0.12894,0.00084,0.70424,-0.00010,0.70997,1,1,1,1
1765409519.075414,-0.00205,0.00902,-0.00852,0.00056,0.00027,0.00044,0.61107,-0.00066,0.12894,0.00084,0.70424,-0.00010,0.70997,1,1,1,1
1765409519.077402,0.00299,-0.00297,0.01474,-0.00002,-0.00054,0.00060,0.61103,-0.00066,0.12894,0.00084,0.70424,-0.00010,0.70996,1,1,1,1
1765409519.079406,0.00027,-0.00682,-0.02350,-0.00160,0.00089,0.00003,0.61103,-0.00066,0.12894,0.00084,0.70424,-0.00010,0.70996,1,1,1,1
1765409519.081495,-0.01726,0.02848,0.02899,-0.00117,0.00056,0.00035,0.61100,-0.00066,0.12894,0.00084,0.70424,-0.00010,0.70996,1,1,1,1
1765409519.083482,-0.02611,-0.00083,-0.00079,-0.00043,0.00082,-0.00006,0.61096,-0.00066,0.12894,0.00084,0.70424,-0.00010,0.70996,1,1,1,1
1765409519.085410,-0.03807,0.00214,0.03732,-0.00105,0.00032,0.00012,0.61092,-0.00066,0.12894,0.00084,0.70424,-0.00010,0.70996,1,1,1,1
1765409519.087389,-0.01495,-0.00330,-0.00092,0.00107,0.00106,-0.00021,0.61081,-0.00066,0.12893,0.00084,0.70425,-0.00010,0.70995,1,1,1,1
1765409519.089394,0.01693,0.02767,-0.01689,-0.00140,0.00053,-0.00012,0.61081,-0.00066,0.12893,0.00084,0.70425,-0.00010,0.70995,1,1,1,1
1765409519.091415,0.01217,0.02977,-0.00939,-0.00115,0.00122,0.00002,0.61081,-0.00066,0.12893,0.00084,0.70425,-0.00010,0.70995,1,1,1,1
1765409519.093400,-0.01802,0.01294,-0.02415,-0.00049,0.00185,-0.00010,0.61081,-0.00066,0.12893,0.00084,0.70425,-0.00010,0.70995,1,1,1,1
1765409519.095404,-0.05186,-0.02502,-0.01516,-0.00007,0.00103,0.00023,0.61081,-0.00066,0.12893,0.00084,0.70425,-0.00010,0.70995,1,1,1,1
1765409519.097393,-0.02723,-0.00562,0.02229,0.00038,0.00084,0.00050,0.61081,-0.00066,0.12893,0.00084,0.70425,-0.00010,0.70995,1,1,1,1
1765409519.099398,-0.03161,-0.01424,0.05319,-0.00256,-0.00152,0.00000,0.61081,-0.00066,0.12893,0.00084,0.70425,-0.00010,0.70995,1,1,1,1
1765409519.101411,0.00602,-0.01130,0.00691,0.00097,0.00108,0.00018,0.61081,-0.00066,0.12893,0.00084,0.70425,-0.00010,0.70995,1,1,1,1
1765409519.103426,-0.00560,-0.00857,0.01428,0.00035,0.00108,-0.00047,0.61081,-0.00066,0.12893,0.00084,0.70425,-0.00010,0.70995,1,1,1,1
1765409519.105418,-0.00631,-0.01860,-0.05359,0.00066,0.00111,0.00015,0.61078,-0.00066,0.12893,0.00084,0.70425,-0.00010,0.70995,1,1,1,1
1765409519.107447,-0.03474,0.03903,0.02147,-0.00082,0.00014,0.00090,0.61078,-0.00066,0.12893,0.00084,0.70425,-0.00010,0.70995,1,1,1,1
1765409519.109419,-0.00037,0.02814,-0.03943,-0.00117,0.00037,0.00028,0.61078,-0.00066,0.12893,0.00084,0.70425,-0.00010,0.70995,1,1,1,1
1765409519.111439,-0.00467,-0.02314,-0.01526,-0.00070,0.00008,0.00032,0.61074,-0.00066,0.12893,0.00084,0.70425,-0.00010,0.70995,1,1,1,1
1765409519.113418,-0.01565,-0.03300,-0.02302,0.00180,0.00148,-0.00022,0.61070,-0.00066,0.12893,0.00084,0.70426,-0.00010,0.70994,1,1,1,1
1765409519.115442,0.01050,0.00562,0.02946,0.00031,0.00102,0.00073,0.61070,-0.00066,0.12893,0.00084,0.70426,-0.00010,0.70994,1,1,1,1
1765409519.117434,-0.02322,0.01142,-0.00852,0.00037,0.00091,0.00060,0.61067,-0.00066,0.12893,0.00084,0.70425,-0.00010,0.70995,1,1,1,1
1765409519.119485,-0.00173,0.04768,-0.01734,-0.00006,0.00112,0.00015,0.61067,-0.00066,0.12893,0.00084,0.70425,-0.00010,0.70995,1,1,1,1
1765409519.121418,-0.03526,0.06951,-0.03270,0.00020,-0.00052,0.00004,0.61063,-0.00066,0.12893,0.00084,0.70426,-0.00010,0.70995,1,1,1,1
1765409519.123433,-0.01861,0.05585,-0.00911,-0.00411,-0.00108,0.00100,0.61052,-0.00066,0.12893,0.00084,0.70426,-0.00010,0.70994,1,1,1,1
1765409519.125442,-0.02124,-0.00830,-0.03095,-0.00096,0.00051,-0.00009,0.61048,-0.00066,0.12893,0.00084,0.70426,-0.00010,0.70994,1,1,1,1
1765409519.127939,-0.03024,-0.03372,-0.00016,-0.00062,0.00203,-0.00019,0.61048,-0.00066,0.12893,0.00084,0.70426,-0.00010,0.70994,1,1,1,1
1765409519.129476,-0.02603,-0.01061,-0.00800,-0.00055,0.00058,0.00021,0.61048,-0.00066,0.12893,0.00084,0.70426,-0.00010,0.70994,1,1,1,1
1765409519.131460,-0.00861,0.01402,-0.03151,-0.00091,-0.00004,-0.00010,0.61048,-0.00066,0.12893,0.00084,0.70426,-0.00010,0.70994,1,1,1,1
1765409519.133443,0.01178,0.01072,-0.00098,-0.00073,0.00036,0.00057,0.61048,-0.00066,0.12893,0.00084,0.70426,-0.00010,0.70994,1,1,1,1
1765409519.135456,-0.02168,0.00178,-0.00076,-0.00062,0.00038,0.00007,0.61048,-0.00066,0.12893,0.00084,0.70426,-0.00010,0.70994,1,1,1,1
1765409519.137447,-0.00152,0.03260,-0.00162,-0.00046,0.00127,0.00057,0.61048,-0.00066,0.12893,0.00084,0.70426,-0.00010,0.70994,1,1,1,1
1765409519.139457,-0.02714,0.03375,0.01357,0.00020,0.00093,0.00021,0.61048,-0.00066,0.12893,0.00084,0.70426,-0.00010,0.70994,1,1,1,1
1765409519.141461,-0.03183,-0.00983,0.05290,-0.00251,-0.00076,-0.00014,0.61048,-0.00066,0.12893,0.00084,0.70426,-0.00010,0.70994,1,1,1,1
1765409519.143452,-0.03886,-0.02781,-0.02280,-0.00033,0.00100,0.00008,0.61045,-0.00066,0.12893,0.00084,0.70426,-0.00010,0.70994,1,1,1,1
1765409519.145439,-0.00447,0.03563,-0.05478,-0.00130,0.00028,0.00027,0.61045,-0.00066,0.12893,0.00084,0.70426,-0.00010,0.70994,1,1,1,1
1765409519.147455,-0.00574,0.02069,0.01383,-0.00017,0.00107,0.00033,0.61041,-0.00066,0.12893,0.00084,0.70426,-0.00010,0.70994,1,1,1,1
1765409519.149443,-0.04203,0.00012,0.02223,-0.00108,-0.00013,-0.00002,0.61041,-0.00066,0.12893,0.00084,0.70426,-0.00010,0.70994,1,1,1,1
1765409519.151445,-0.01849,-0.00000,0.01463,0.00045,-0.00028,0.00035,0.61037,-0.00066,0.12893,0.00084,0.70426,-0.00010,0.70995,1,1,1,1
1765409519.153452,-0.00170,-0.00609,-0.02372,0.00060,0.00091,-0.00037,0.61037,-0.00066,0.12893,0.00084,0.70426,-0.00010,0.70995,1,1,1,1
1765409519.155488,-0.00196,-0.01184,0.01447,0.00031,0.00181,0.00019,0.61037,-0.00066,0.12893,0.00084,0.70426,-0.00010,0.70995,1,1,1,1
1765409519.157460,-0.02157,0.01620,-0.03138,-0.00110,0.00051,0.00045,0.61033,-0.00066,0.12893,0.00084,0.70426,-0.00010,0.70995,1,1,1,1
1765409519.159467,-0.03535,-0.01092,-0.06108,-0.00012,0.00121,0.00057,0.61033,-0.00066,0.12893,0.00084,0.70426,-0.00010,0.70995,1,1,1,1
1765409519.161464,-0.03624,0.02157,-0.00094,-0.00300,-0.00021,0.00035,0.61018,-0.00066,0.12893,0.00084,0.70426,-0.00010,0.70994,1,1,1,1
1765409519.163467,-0.00276,0.03041,0.01438,-0.00355,-0.00048,0.00168,0.61018,-0.00066,0.12893,0.00084,0.70426,-0.00010,0.70994,1,1,1,1
1765409519.165480,0.02061,0.00535,-0.00102,-0.00101,0.00064,0.00029,0.61018,-0.00066,0.12893,0.00084,0.70426,-0.00010,0.70994,1,1,1,1
1765409519.167465,-0.00286,0.00325,-0.02390,0.00115,0.00168,0.00016,0.61018,-0.00066,0.12893,0.00084,0.70426,-0.00010,0.70994,1,1,1,1
1765409519.169473,-0.01308,-0.00422,-0.04649,-0.00091,0.00143,-0.00025,0.61018,-0.00066,0.12893,0.00084,0.70426,-0.00010,0.70994,1,1,1,1
1765409519.171466,-0.02239,0.01672,-0.02395,-0.00000,0.00038,0.00005,0.61018,-0.00066,0.12893,0.00084,0.70426,-0.00010,0.70994,1,1,1,1
1765409519.173495,-0.06447,-0.00185,0.00704,0.00021,0.00039,-0.00015,0.61018,-0.00066,0.12893,0.00084,0.70426,-0.00010,0.70994,1,1,1,1
1765409519.175480,-0.01354,0.01633,0.00638,-0.00044,0.00053,0.00006,0.61014,-0.00066,0.12893,0.00084,0.70426,-0.00010,0.70994,1,1,1,1
1765409519.177474,-0.00166,0.01857,0.01423,-0.00019,0.00027,0.00100,0.61014,-0.00066,0.12893,0.00084,0.70426,-0.00010,0.70994,1,1,1,1
1765409519.179491,0.01951,0.00005,-0.00098,-0.00020,0.00142,0.00043,0.61010,-0.00066,0.12893,0.00084,0.70426,-0.00010,0.70994,1,1,1,1
1765409519.181478,-0.00932,0.00338,-0.01594,-0.00082,0.00088,0.00058,0.61010,-0.00066,0.12893,0.00084,0.70426,-0.00010,0.70994,1,1,1,1
1765409519.183502,-0.04864,0.00365,0.03716,-0.00322,0.00121,-0.00014,0.61007,-0.00066,0.12893,0.00084,0.70426,-0.00010,0.70994,1,1,1,1
1765409519.185495,-0.03094,0.02570,-0.02391,-0.00077,0.00125,0.00099,0.61007,-0.00066,0.12893,0.00084,0.70426,-0.00010,0.70994,1,1,1,1
1765409519.187470,-0.02162,0.01679,-0.04666,-0.00066,-0.00001,0.00003,0.61003,-0.00066,0.12893,0.00084,0.70426,-0.00010,0.70994,1,1,1,1
1765409519.189538,-0.03937,0.01175,-0.00839,-0.00028,0.00073,0.00062,0.61003,-0.00066,0.12893,0.00084,0.70426,-0.00010,0.70994,1,1,1,1
1765409519.191501,0.01196,0.01071,0.02145,-0.00051,0.00073,-0.00022,0.60995,-0.00066,0.12893,0.00084,0.70426,-0.00010,0.70994,1,1,1,1
1765409519.193505,0.01529,-0.01186,0.01447,0.00009,0.00122,0.00018,0.60995,-0.00066,0.12893,0.00084,0.70426,-0.00010,0.70994,1,1,1,1
1765409519.195491,0.01086,0.01524,0.01389,-0.00002,0.00125,0.00044,0.60995,-0.00066,0.12893,0.00084,0.70426,-0.00010,0.70994,1,1,1,1
1765409519.197488,-0.01294,0.02144,0.00663,-0.00125,-0.00023,0.00074,0.60995,-0.00066,0.12893,0.00084,0.70426,-0.00010,0.70994,1,1,1,1
1765409519.199522,-0.04726,0.03195,-0.03920,-0.00069,0.00017,0.00046,0.60984,-0.00066,0.12892,0.00084,0.70427,-0.00010,0.70994,1,1,1,1
1765409519.201511,0.00291,0.05509,0.00546,-0.00063,0.00069,0.00057,0.60984,-0.00066,0.12892,0.00084,0.70427,-0.00010,0.70994,1,1,1,1
1765409519.203547,0.01632,0.01297,-0.00100,-0.00114,0.00031,0.00070,0.60980,-0.00066,0.12892,0.00084,0.70427,-0.00010,0.70993,1,1,1,1
1765409519.205541,0.01085,-0.00960,-0.02354,0.00012,0.00153,0.00029,0.60980,-0.00066,0.12892,0.00084,0.70427,-0.00010,0.70993,1,1,1,1
1765409519.207541,-0.00936,-0.00597,-0.00808,-0.00049,0.00038,0.00046,0.60980,-0.00066,0.12892,0.00084,0.70427,-0.00010,0.70993,1,1,1,1
1765409519.209546,-0.01317,0.02582,-0.01644,-0.00120,0.00053,0.00058,0.60980,-0.00066,0.12892,0.00084,0.70427,-0.00010,0.70993,1,1,1,1
1765409519.211526,-0.02967,-0.00323,0.03001,-0.00134,0.00036,0.00064,0.60980,-0.00066,0.12892,0.00084,0.70427,-0.00010,0.70993,1,1,1,1
1765409519.213542,0.00556,-0.00631,-0.03109,0.00125,0.00096,0.00042,0.60980,-0.00066,0.12892,0.00084,0.70427,-0.00010,0.70993,1,1,1,1
1765409519.215516,0.00171,0.01543,0.03684,0.00042,0.00137,0.00087,0.60976,-0.00066,0.12892,0.00084,0.70427,-0.00010,0.70993,1,1,1,1
1765409519.217532,0.01439,0.05043,0.05853,-0.00265,-0.00036,-0.00047,0.60976,-0.00066,0.12892,0.00084,0.70427,-0.00010,0.70993,1,1,1,1
1765409519.219517,-0.01601,0.02547,-0.00911,0.00120,0.00195,0.00058,0.60972,-0.00066,0.12892,0.00084,0.70428,-0.00010,0.70993,1,1,1,1
1765409519.221519,-0.04873,0.00717,-0.03877,0.00075,0.00097,0.00033,0.60972,-0.00066,0.12892,0.00084,0.70428,-0.00010,0.70993,1,1,1,1
1765409519.223538,-0.02336,-0.00384,-0.00063,0.00040,0.00156,0.00061,0.60968,-0.00066,0.12892,0.00084,0.70428,-0.00010,0.70992,1,1,1,1
1765409519.225521,-0.03501,-0.02054,-0.02285,-0.00024,0.00095,0.00047,0.60968,-0.00066,0.12892,0.00084,0.70428,-0.00010,0.70992,1,1,1,1
1765409519.227528,0.01656,0.00810,-0.03152,-0.00098,0.00043,0.00001,0.60945,-0.00065,0.12892,0.00084,0.70428,-0.00010,0.70993,1,1,1,1
1765409519.229541,0.00288,-0.01389,-0.00784,-0.00037,0.00062,0.00085,0.60945,-0.00065,0.12892,0.00084,0.70428,-0.00010,0.70993,1,1,1,1
1765409519.231545,-0.02541,0.02386,-0.00130,-0.00123,0.00041,0.00007,0.60945,-0.00065,0.12892,0.00084,0.70428,-0.00010,0.70993,1,1,1,1
1765409519.233536,-0.02280,-0.00440,-0.01568,-0.00048,0.00181,0.00100,0.60945,-0.00065,0.12892,0.00084,0.70428,-0.00010,0.70993,1,1,1,1
1765409519.235554,-0.06598,0.01702,-0.04638,0.00065,0.00130,0.00088,0.60945,-0.00065,0.12892,0.00084,0.70428,-0.00010,0.70993,1,1,1,1
1765409519.237546,-0.03511,0.00963,0.01445,-0.00009,0.00029,0.00050,0.60945,-0.00065,0.12892,0.00084,0.70428,-0.00010,0.70993,1,1,1,1
1765409519.239565,-0.00050,-0.00206,-0.03101,-0.00132,0.00103,0.00070,0.60945,-0.00065,0.12892,0.00084,0.70428,-0.00010,0.70993,1,1,1,1
1765409519.241540,0.02362,-0.05218,0.00044,-0.00018,0.00180,0.00084,0.60945,-0.00065,0.12892,0.00084,0.70428,-0.00010,0.70993,1,1,1,1
1765409519.243545,0.02496,0.01281,-0.00138,-0.00092,0.00057,-0.00012,0.60945,-0.00065,0.12892,0.00084,0.70428,-0.00010,0.70993,1,1,1,1
1765409519.245539,-0.01014,-0.03948,-0.00723,0.00085,-0.00035,0.00020,0.60945,-0.00065,0.12892,0.00084,0.70428,-0.00010,0.70993,1,1,1,1
1765409519.247536,-0.05551,0.09100,-0.01810,-0.00107,0.00059,0.00006,0.60945,-0.00065,0.12892,0.00084,0.70428,-0.00010,0.70993,1,1,1,1
1765409519.249546,-0.03506,0.04822,-0.02478,-0.00050,0.00127,0.00018,0.60945,-0.00065,0.12892,0.00084,0.70428,-0.00010,0.70993,1,1,1,1
1765409519.251541,-0.00172,0.04772,0.00545,-0.00006,0.00112,0.00017,0.60941,-0.00065,0.12892,0.00084,0.70427,-0.00010,0.70993,1,1,1,1
1765409519.253566,0.04900,0.00709,0.02152,-0.00011,0.00105,0.00041,0.60941,-0.00065,0.12892,0.00084,0.70427,-0.00010,0.70993,1,1,1,1
1765409519.255544,0.01965,-0.01436,0.01447,0.00006,0.00117,0.00004,0.60937,-0.00065,0.12892,0.00084,0.70427,-0.00010,0.70993,1,1,1,1
1765409519.257556,-0.02716,-0.00054,-0.00047,0.00023,0.00046,0.00075,0.60937,-0.00065,0.12892,0.00084,0.70427,-0.00010,0.70993,1,1,1,1
1765409519.259551,-0.03183,0.00131,-0.00855,0.00068,0.00178,0.00007,0.60933,-0.00065,0.12892,0.00084,0.70427,-0.00010,0.70993,1,1,1,1
1765409519.261576,-0.07059,-0.02624,0.04599,-0.00184,-0.00053,0.00017,0.60933,-0.00065,0.12892,0.00084,0.70427,-0.00010,0.70993,1,1,1,1
1765409519.263623,-0.01435,0.00552,-0.00105,-0.00014,0.00182,0.00032,0.60929,-0.00065,0.12892,0.00084,0.70427,-0.00010,0.70993,1,1,1,1
1765409519.265562,0.02437,0.02744,-0.00182,-0.00052,0.00095,-0.00012,0.60929,-0.00065,0.12892,0.00084,0.70427,-0.00010,0.70993,1,1,1,1
1765409519.267549,0.01155,0.02011,-0.00144,-0.00061,0.00111,0.00030,0.60925,-0.00065,0.12892,0.00084,0.70427,-0.00010,0.70993,1,1,1,1
1765409519.269556,-0.01492,0.00092,-0.06920,0.00046,0.00146,0.00041,0.60925,-0.00065,0.12892,0.00084,0.70427,-0.00010,0.70993,1,1,1,1
1765409519.271543,-0.05634,0.02249,-0.01620,0.00006,0.00028,0.00035,0.60925,-0.00065,0.12892,0.00084,0.70427,-0.00010,0.70993,1,1,1,1
1765409519.274192,-0.04830,0.01828,-0.03891,0.00089,-0.00057,0.00006,0.60909,-0.00065,0.12893,0.00084,0.70426,-0.00010,0.70994,1,1,1,1
1765409519.275593,-0.03606,-0.00026,0.02234,0.00067,0.00057,0.00077,0.60909,-0.00065,0.12893,0.00084,0.70426,-0.00010,0.70994,1,1,1,1
1765409519.277568,0.00298,-0.01909,-0.00046,-0.00022,0.00125,0.00018,0.60909,-0.00065,0.12893,0.00084,0.70426,-0.00010,0.70994,1,1,1,1
1765409519.279588,0.01174,0.00507,0.00651,-0.00080,0.00138,0.00031,0.60909,-0.00065,0.12893,0.00084,0.70426,-0.00010,0.70994,1,1,1,1
1765409519.281575,0.02451,0.01294,-0.00139,-0.00048,0.00058,-0.00012,0.60909,-0.00065,0.12893,0.00084,0.70426,-0.00010,0.70994,1,1,1,1
1765409519.283584,0.01073,0.01182,-0.03126,0.00060,-0.00064,0.00055,0.60909,-0.00065,0.12893,0.00084,0.70426,-0.00010,0.70994,1,1,1,1
1765409519.285591,-0.02711,0.00957,-0.03117,0.00035,0.00020,0.00045,0.60909,-0.00065,0.12893,0.00084,0.70426,-0.00010,0.70994,1,1,1,1
1765409519.287568,-0.05612,0.00327,-0.00813,0.00027,-0.00022,0.00010,0.60905,-0.00065,0.12893,0.00084,0.70426,-0.00010,0.70994,1,1,1,1
1765409519.289588,-0.03840,0.01249,-0.04653,-0.00049,-0.00019,-0.00022,0.60905,-0.00065,0.12893,0.00084,0.70426,-0.00010,0.70994,1,1,1,1
1765409519.291559,0.01223,0.00572,0.03702,-0.00101,0.00048,0.00033,0.60901,-0.00065,0.12894,0.00084,0.70426,-0.00010,0.70994,1,1,1,1
1765409519.293589,0.00190,0.03097,0.00586,0.00083,0.00071,0.00004,0.60901,-0.00065,0.12894,0.00084,0.70426,-0.00010,0.70994,1,1,1,1
1765409519.295600,0.01059,-0.02315,-0.00039,0.00105,0.00039,-0.00009,0.60897,-0.00065,0.12893,0.00084,0.70426,-0.00010,0.70994,1,1,1,1
1765409519.297570,-0.01373,0.02140,-0.00121,-0.00038,0.00028,0.00032,0.60897,-0.00065,0.12893,0.00084,0.70426,-0.00010,0.70994,1,1,1,1
1765409519.299603,-0.01440,0.01602,-0.00892,0.00021,0.00117,0.00005,0.60893,-0.00065,0.12893,0.00084,0.70426,-0.00010,0.70994,1,1,1,1
1765409519.301604,-0.05253,-0.00562,-0.03101,0.00038,0.00165,0.00007,0.60893,-0.00065,0.12893,0.00084,0.70426,-0.00010,0.70994,1,1,1,1
1765409519.303591,-0.02157,0.02119,-0.03156,-0.00104,0.00050,0.00031,0.60889,-0.00065,0.12894,0.00084,0.70425,-0.00010,0.70995,1,1,1,1
1765409519.305611,-0.00896,0.00802,-0.03134,-0.00120,0.00112,0.00043,0.60885,-0.00065,0.12894,0.00084,0.70425,-0.00010,0.70995,1,1,1,1
1765409519.307591,-0.00955,0.00906,-0.01603,-0.00031,0.00011,0.00045,0.60885,-0.00065,0.12894,0.00084,0.70425,-0.00010,0.70995,1,1,1,1
1765409519.309605,-0.00978,0.01336,-0.05412,-0.00048,0.00075,0.00068,0.60873,-0.00065,0.12894,0.00084,0.70425,-0.00010,0.70995,1,1,1,1
1765409519.311605,-0.02632,0.00973,0.01448,-0.00030,-0.00020,0.00049,0.60873,-0.00065,0.12894,0.00084,0.70425,-0.00010,0.70995,1,1,1,1
1765409519.313616,-0.00707,-0.00385,-0.03867,0.00106,0.00124,0.00056,0.60873,-0.00065,0.12894,0.00084,0.70425,-0.00010,0.70995,1,1,1,1
1765409519.315592,-0.03031,-0.02769,0.01519,-0.00032,0.00064,0.00010,0.60873,-0.00065,0.12894,0.00084,0.70425,-0.00010,0.70995,1,1,1,1
1765409519.317607,-0.00637,0.01597,-0.00119,0.00043,0.00096,0.00045,0.60873,-0.00065,0.12894,0.00084,0.70425,-0.00010,0.70995,1,1,1,1
1765409519.319585,0.01220,0.04031,-0.03207,-0.00124,0.00008,0.00054,0.60873,-0.00065,0.12894,0.00084,0.70425,-0.00010,0.70995,1,1,1,1
1765409519.321629,-0.02281,0.01054,-0.01622,-0.00030,0.00180,0.00059,0.60873,-0.00065,0.12894,0.00084,0.70425,-0.00010,0.70995,1,1,1,1
1765409519.323599,-0.02159,0.00264,-0.04619,-0.00039,-0.00076,0.00004,0.60869,-0.00065,0.12894,0.00084,0.70425,-0.00010,0.70995,1,1,1,1
1765409519.325609,-0.01828,-0.00575,-0.03086,-0.00006,0.00048,0.00045,0.60869,-0.00065,0.12894,0.00084,0.70425,-0.00010,0.70995,1,1,1,1
1765409519.327602,-0.01927,-0.01004,-0.01564,0.00120,0.00024,0.00019,0.60865,-0.00065,0.12895,0.00084,0.70424,-0.00010,0.70996,1,1,1,1
1765409519.329613,-0.00992,0.02867,-0.08516,0.00014,0.00048,-0.00015,0.60865,-0.00065,0.12895,0.00084,0.70424,-0.00010,0.70996,1,1,1,1
1765409519.331620,-0.00533,-0.00376,-0.00055,-0.00047,0.00058,0.00059,0.60861,-0.00065,0.12895,0.00084,0.70424,-0.00010,0.70996,1,1,1,1
1765409519.333622,-0.01719,-0.00121,-0.00806,-0.00131,0.00047,0.00073,0.60861,-0.00065,0.12895,0.00084,0.70424,-0.00010,0.70996,1,1,1,1
1765409519.335606,-0.05730,0.02253,-0.03146,0.00094,0.00055,0.00034,0.60857,-0.00065,0.12895,0.00084,0.70424,-0.00010,0.70996,1,1,1,1
1765409519.337624,-0.01366,0.01668,0.00643,-0.00022,0.00015,0.00006,0.60857,-0.00065,0.12895,0.00084,0.70424,-0.00010,0.70996,1,1,1,1
1765409519.339611,-0.01970,0.03842,0.01344,0.00092,0.00122,0.00047,0.60853,-0.00065,0.12895,0.00084,0.70423,-0.00010,0.70997,1,1,1,1
1765409519.341623,-0.01512,0.01172,0.02169,0.00103,0.00068,0.00021,0.60853,-0.00065,0.12895,0.00084,0.70423,-0.00010,0.70997,1,1,1,1
1765409519.343609,-0.02258,-0.00844,0.06747,0.00035,0.00153,-0.00042,0.60853,-0.00065,0.12895,0.00084,0.70423,-0.00010,0.70997,1,1,1,1
1765409519.345616,-0.04033,-0.02771,0.00730,0.00120,0.00164,-0.00031,0.60833,-0.00065,0.12895,0.00084,0.70424,-0.00010,0.70996,1,1,1,1
1765409519.347613,-0.00974,0.00920,-0.03121,-0.00009,-0.00001,0.00044,0.60833,-0.00065,0.12895,0.00084,0.70424,-0.00010,0.70996,1,1,1,1
1765409519.349621,-0.03421,0.04483,-0.00910,-0.00075,-0.00089,0.00034,0.60833,-0.00065,0.12895,0.00084,0.70424,-0.00010,0.70996,1,1,1,1
1765409519.351645,-0.01852,0.01785,0.01378,-0.00021,0.00198,0.00020,0.60833,-0.00065,0.12895,0.00084,0.70424,-0.00010,0.70996,1,1,1,1
1765409519.353637,0.01946,0.02038,-0.01646,-0.00017,0.00052,0.00068,0.60833,-0.00065,0.12895,0.00084,0.70424,-0.00010,0.70996,1,1,1,1
1765409519.355645,-0.00659,0.00055,-0.01630,0.00068,0.00198,0.00003,0.60833,-0.00065,0.12895,0.00084,0.70424,-0.00010,0.70996,1,1,1,1
1765409519.357645,-0.02622,0.00442,-0.01594,-0.00037,0.00031,0.00020,0.60833,-0.00065,0.12895,0.00084,0.70424,-0.00010,0.70996,1,1,1,1
1765409519.359663,-0.02597,0.00941,-0.03129,-0.00053,0.00018,0.00005,0.60833,-0.00065,0.12895,0.00084,0.70424,-0.00010,0.70996,1,1,1,1
1765409519.361661,-0.00878,0.00426,-0.00076,-0.00081,-0.00015,0.00019,0.60833,-0.00065,0.12895,0.00084,0.70424,-0.00010,0.70996,1,1,1,1
1765409519.363625,-0.01249,0.00164,0.05242,-0.00128,0.00014,0.00010,0.60833,-0.00065,0.12895,0.00084,0.70424,-0.00010,0.70996,1,1,1,1
1765409519.365638,0.00689,0.00331,-0.00861,0.00006,0.00093,0.00017,0.60829,-0.00065,0.12895,0.00084,0.70424,-0.00010,0.70996,1,1,1,1
1765409519.367639,-0.01680,0.01422,-0.00107,-0.00112,-0.00007,-0.00007,0.60825,-0.00065,0.12895,0.00084,0.70424,-0.00010,0.70996,1,1,1,1
1765409519.369641,-0.03147,0.01706,-0.03135,0.00044,0.00024,0.00045,0.60825,-0.00065,0.12895,0.00084,0.70424,-0.00010,0.70996,1,1,1,1
1765409519.371629,-0.03289,0.03707,-0.06235,0.00177,0.00037,0.00029,0.60821,-0.00065,0.12895,0.00084,0.70424,-0.00010,0.70996,1,1,1,1
1765409519.373667,0.02297,-0.00211,0.01402,0.00087,0.00149,-0.00010,0.60821,-0.00065,0.12895,0.00084,0.70424,-0.00010,0.70996,1,1,1,1
1765409519.375658,-0.00515,0.01093,-0.02371,-0.00073,0.00057,0.00057,0.60816,-0.00065,0.12895,0.00084,0.70424,-0.00010,0.70996,1,1,1,1
1765409519.377646,-0.01466,0.00108,-0.02377,0.00046,0.00144,0.00004,0.60812,-0.00065,0.12895,0.00084,0.70424,-0.00010,0.70996,1,1,1,1
1765409519.379658,-0.03693,0.02434,0.00615,0.00162,0.00118,0.00008,0.60812,-0.00065,0.12895,0.00084,0.70424,-0.00010,0.70996,1,1,1,1
1765409519.381667,-0.03741,-0.02720,0.02297,-0.00141,-0.00017,0.00012,0.60797,-0.00065,0.12895,0.00084,0.70424,-0.00010,0.70996,1,1,1,1
1765409519.383650,-0.01456,0.00128,0.02201,0.00025,0.00106,0.00048,0.60797,-0.00065,0.12895,0.00084,0.70424,-0.00010,0.70996,1,1,1,1
1765409519.385660,0.01263,0.01543,-0.05447,-0.00133,0.00047,-0.00001,0.60797,-0.00065,0.12895,0.00084,0.70424,-0.00010,0.70996,1,1,1,1
1765409519.387771,0.01915,0.02462,-0.03973,0.00010,0.00165,0.00012,0.60797,-0.00065,0.12895,0.00084,0.70424,-0.00010,0.70996,1,1,1,1
1765409519.389657,-0.03171,0.02642,-0.05460,0.00055,0.00100,0.00016,0.60797,-0.00065,0.12895,0.00084,0.70424,-0.00010,0.70996,1,1,1,1
1765409519.391666,-0.03075,-0.01263,0.04520,0.00008,0.00050,0.00012,0.60797,-0.00065,0.12895,0.00084,0.70424,-0.00010,0.70996,1,1,1,1
1765409519.393661,-0.00478,-0.01766,0.04521,-0.00020,-0.00019,-0.00017,0.60797,-0.00065,0.12895,0.00084,0.70424,-0.00010,0.70996,1,1,1,1
1765409519.395658,0.01569,0.00834,-0.00099,-0.00032,0.00031,0.00043,0.60797,-0.00065,0.12895,0.00084,0.70424,-0.00010,0.70996,1,1,1,1
1765409519.397664,0.02392,0.03745,-0.01721,-0.00018,0.00082,-0.00000,0.60797,-0.00065,0.12895,0.00084,0.70424,-0.00010,0.70996,1,1,1,1
1765409519.399655,-0.02172,0.03569,-0.03199,-0.00108,0.00087,0.00030,0.60792,-0.00065,0.12895,0.00084,0.70424,-0.00010,0.70996,1,1,1,1
1765409519.401656,-0.01497,0.04541,-0.00938,0.00013,0.00117,0.00085,0.60792,-0.00065,0.12895,0.00084,0.70424,-0.00010,0.70996,1,1,1,1
1765409519.403678,-0.05184,0.00801,0.04495,-0.00339,-0.00117,-0.00039,0.60789,-0.00065,0.12895,0.00084,0.70424,-0.00010,0.70996,1,1,1,1
1765409519.405657,-0.01883,-0.01017,-0.01563,0.00076,0.00024,0.00019,0.60789,-0.00065,0.12895,0.00084,0.70424,-0.00010,0.70996,1,1,1,1
1765409519.407706,-0.02218,0.00237,-0.05387,0.00004,-0.00024,0.00003,0.60789,-0.00065,0.12895,0.00084,0.70424,-0.00010,0.70996,1,1,1,1
1765409519.409654,-0.01446,0.00587,-0.00100,0.00009,0.00144,0.00033,0.60785,-0.00065,0.12895,0.00084,0.70424,-0.00010,0.70996,1,1,1,1
1765409519.411679,-0.02381,0.00132,-0.00859,0.00112,0.00168,0.00006,0.60785,-0.00065,0.12895,0.00084,0.70424,-0.00010,0.70996,1,1,1,1
1765409519.413682,-0.01931,0.00900,-0.03132,0.00078,0.00087,0.00044,0.60781,-0.00065,0.12895,0.00084,0.70424,-0.00010,0.70996,1,1,1,1
1765409519.415679,-0.03109,0.04727,-0.05494,0.00037,-0.00055,0.00002,0.60781,-0.00065,0.12895,0.00084,0.70424,-0.00010,0.70996,1,1,1,1
1765409519.417682,-0.01325,0.04559,0.01320,-0.00096,0.00075,0.00006,0.60760,-0.00065,0.12895,0.00084,0.70424,-0.00010,0.70996,1,1,1,1
1765409519.419703,-0.01509,0.00614,-0.01619,0.00074,0.00132,0.00031,0.60760,-0.00065,0.12895,0.00084,0.70424,-0.00010,0.70996,1,1,1,1
1765409519.421675,-0.00135,-0.01571,0.01450,0.00048,0.00065,-0.00047,0.60760,-0.00065,0.12895,0.00084,0.70424,-0.00010,0.70996,1,1,1,1
1765409519.423674,-0.00113,-0.00530,0.00700,0.00017,-0.00037,0.00006,0.60760,-0.00065,0.12895,0.00084,0.70424,-0.00010,0.70996,1,1,1,1
1765409519.425671,-0.02139,0.00122,-0.03120,-0.00106,0.00089,0.00004,0.60760,-0.00065,0.12895,0.00084,0.70424,-0.00010,0.70996,1,1,1,1
1765409519.427701,-0.03493,-0.01041,-0.00022,-0.00033,0.00056,0.00062,0.60760,-0.00065,0.12895,0.00084,0.70424,-0.00010,0.70996,1,1,1,1
1765409519.429688,-0.02557,0.01842,-0.05437,-0.00129,0.00093,0.00016,0.60760,-0.00065,0.12895,0.00084,0.70424,-0.00010,0.70996,1,1,1,1
1765409519.431687,-0.03040,0.00675,-0.02355,-0.00056,0.00049,0.00033,0.60760,-0.00065,0.12895,0.00084,0.70424,-0.00010,0.70996,1,1,1,1
1765409519.433703,-0.01788,0.01951,-0.03148,-0.00019,-0.00031,0.00017,0.60760,-0.00065,0.12895,0.00084,0.70424,-0.00010,0.70996,1,1,1,1
1765409519.435689,0.00634,0.02859,0.00606,0.00058,0.00028,0.00031,0.60760,-0.00065,0.12895,0.00084,0.70424,-0.00010,0.70996,1,1,1,1
1765409519.437715,-0.00094,0.00316,0.00661,-0.00060,0.00115,0.00019,0.60756,-0.00065,0.12895,0.00084,0.70424,-0.00010,0.70996,1,1,1,1
1765409519.439723,-0.02276,-0.01844,0.02260,0.00001,0.00118,0.00063,0.60756,-0.00065,0.12895,0.00084,0.70424,-0.00010,0.70996,1,1,1,1
1765409519.441707,-0.01771,-0.01110,0.00710,-0.00056,0.00098,0.00021,0.60752,-0.00065,0.12895,0.00084,0.70424,-0.00010,0.70996,1,1,1,1
1765409519.443704,-0.02266,-0.01256,-0.00021,0.00030,0.00003,0.00048,0.60752,-0.00065,0.12895,0.00084,0.70424,-0.00010,0.70996,1,1,1,1
1765409519.445692,-0.00742,0.02585,-0.01701,0.00164,0.00158,-0.00024,0.60748,-0.00065,0.12895,0.00084,0.70424,-0.00010,0.70996,1,1,1,1
1765409519.447705,-0.02339,0.00415,0.06017,-0.00299,-0.00023,0.00026,0.60748,-0.00065,0.12895,0.00084,0.70424,-0.00010,0.70996,1,1,1,1
1765409519.449698,0.00272,0.02053,-0.00899,-0.00017,0.00097,0.00030,0.60744,-0.00065,0.12895,0.00084,0.70424,-0.00010,0.70996,1,1,1,1
1765409519.451712,-0.01890,0.03792,-0.02455,0.00004,0.00147,0.00044,0.60744,-0.00065,0.12895,0.00084,0.70424,-0.00010,0.70996,1,1,1,1
1765409519.453698,-0.02288,-0.01812,-0.00014,0.00023,0.00080,0.00061,0.60740,-0.00065,0.12896,0.00084,0.70423,-0.00010,0.70997,1,1,1,1
1765409519.455799,-0.03934,-0.02214,-0.00771,0.00040,0.00036,-0.00005,0.60740,-0.00065,0.12896,0.00084,0.70423,-0.00010,0.70997,1,1,1,1
1765409519.457714,-0.03800,0.00232,0.02976,-0.00105,0.00007,0.00011,0.60736,-0.00065,0.12896,0.00084,0.70423,-0.00010,0.70997,1,1,1,1
1765409519.459695,0.00738,0.01754,0.00615,-0.00064,0.00142,0.00017,0.60736,-0.00065,0.12896,0.00084,0.70423,-0.00010,0.70997,1,1,1,1
1765409519.461741,0.03717,0.01528,0.00653,-0.00089,-0.00007,0.00082,0.60719,-0.00065,0.12896,0.00084,0.70422,-0.00010,0.70998,1,1,1,1
1765409519.463807,0.00562,0.03290,0.02110,0.00085,0.00118,0.00058,0.60719,-0.00065,0.12896,0.00084,0.70422,-0.00010,0.70998,1,1,1,1
1765409519.465719,-0.03900,0.01141,-0.02360,-0.00072,0.00098,0.00060,0.60719,-0.00065,0.12896,0.00084,0.70422,-0.00010,0.70998,1,1,1,1
1765409519.467720,-0.04338,0.04871,-0.03987,-0.00049,0.00087,0.00018,0.60719,-0.00065,0.12896,0.00084,0.70422,-0.00010,0.70998,1,1,1,1
1765409519.469755,-0.01009,0.03809,0.02106,-0.00018,0.00098,0.00047,0.60719,-0.00065,0.12896,0.00084,0.70422,-0.00010,0.70998,1,1,1,1
1765409519.471727,0.00667,-0.01080,-0.00074,0.00076,0.00043,-0.00023,0.60719,-0.00065,0.12896,0.00084,0.70422,-0.00010,0.70998,1,1,1,1
1765409519.473712,0.01939,0.03019,0.01354,-0.00005,0.00076,0.00043,0.60719,-0.00065,0.12896,0.00084,0.70422,-0.00010,0.70998,1,1,1,1
1765409519.475712,-0.01553,-0.01969,0.05303,-0.00175,-0.00095,-0.00029,0.60719,-0.00065,0.12896,0.00084,0.70422,-0.00010,0.70998,1,1,1,1
1765409519.477728,-0.04504,-0.01276,0.03057,-0.00276,-0.00020,0.00094,0.60715,-0.00065,0.12896,0.00084,0.70422,-0.00010,0.70998,1,1,1,1
1765409519.479708,-0.05258,0.00479,-0.05390,0.00051,0.00089,0.00019,0.60715,-0.00065,0.12896,0.00084,0.70422,-0.00010,0.70998,1,1,1,1
1765409519.481721,-0.01063,0.03169,0.00650,-0.00310,-0.00142,0.00047,0.60711,-0.00065,0.12896,0.00084,0.70422,-0.00010,0.70998,1,1,1,1
1765409519.483764,0.00812,-0.03016,0.02296,-0.00057,-0.00071,0.00034,0.60711,-0.00065,0.12896,0.00084,0.70422,-0.00010,0.70998,1,1,1,1
1765409519.485754,0.01697,0.00356,-0.01606,-0.00125,-0.00021,0.00016,0.60707,-0.00065,0.12896,0.00084,0.70422,-0.00010,0.70998,1,1,1,1
1765409519.487763,0.01100,0.01568,0.01379,0.00021,0.00087,0.00004,0.60707,-0.00065,0.12896,0.00084,0.70422,-0.00010,0.70998,1,1,1,1
1765409519.489768,-0.02647,0.01424,-0.00839,-0.00047,0.00019,0.00074,0.60703,-0.00065,0.12896,0.00084,0.70423,-0.00010,0.70997,1,1,1,1
1765409519.491753,-0.00139,-0.00164,-0.00100,-0.00000,0.00128,-0.00009,0.60699,-0.00065,0.12896,0.00084,0.70423,-0.00010,0.70997,1,1,1,1
1765409519.493736,-0.00201,0.00711,0.00726,-0.00317,-0.00188,0.00074,0.60687,-0.00065,0.12895,0.00084,0.70424,-0.00010,0.70996,1,1,1,1
1765409519.495748,-0.00930,-0.00574,-0.02341,-0.00027,0.00024,0.00004,0.60683,-0.00065,0.12896,0.00084,0.70423,-0.00010,0.70997,1,1,1,1
1765409519.497753,-0.01009,0.02801,-0.01639,-0.00052,0.00088,0.00111,0.60683,-0.00065,0.12896,0.00084,0.70423,-0.00010,0.70997,1,1,1,1
1765409519.499756,0.00306,0.02572,0.02145,-0.00054,0.00045,0.00059,0.60683,-0.00065,0.12896,0.00084,0.70423,-0.00010,0.70997,1,1,1,1
1765409519.501729,0.02443,-0.00217,-0.02385,-0.00045,0.00097,-0.00013,0.60683,-0.00065,0.12896,0.00084,0.70423,-0.00010,0.70997,1,1,1,1
1765409519.503774,-0.02322,0.00660,0.02170,0.00075,0.00116,-0.00005,0.60683,-0.00065,0.12896,0.00084,0.70423,-0.00010,0.70997,1,1,1,1
1765409519.505734,-0.01308,0.01560,-0.03166,-0.00111,0.00116,0.00003,0.60683,-0.00065,0.12896,0.00084,0.70423,-0.00010,0.70997,1,1,1,1
1765409519.507756,-0.02386,0.00182,-0.03889,0.00135,0.00105,0.00004,0.60683,-0.00065,0.12896,0.00084,0.70423,-0.00010,0.70997,1,1,1,1
1765409519.509795,-0.00901,0.00365,-0.02365,-0.00082,0.00061,0.00017,0.60683,-0.00065,0.12896,0.00084,0.70423,-0.00010,0.70997,1,1,1,1
1765409519.511768,-0.02476,0.00143,0.02173,0.00200,0.00194,0.00008,0.60683,-0.00065,0.12896,0.00084,0.70423,-0.00010,0.70997,1,1,1,1
1765409519.513762,-0.01757,-0.00082,-0.00061,-0.00065,0.00034,0.00034,0.60679,-0.00065,0.12896,0.00084,0.70423,-0.00010,0.70997,1,1,1,1
1765409519.515786,-0.02650,0.00370,0.01430,-0.00038,0.00133,0.00022,0.60679,-0.00065,0.12896,0.00084,0.70423,-0.00010,0.70997,1,1,1,1
1765409519.517778,0.01262,-0.00880,-0.00050,-0.00118,-0.00002,0.00031,0.60675,-0.00065,0.12895,0.00084,0.70424,-0.00010,0.70997,1,1,1,1
1765409519.519830,-0.00863,0.02824,0.01359,-0.00117,0.00071,-0.00008,0.60675,-0.00065,0.12895,0.00084,0.70424,-0.00010,0.70997,1,1,1,1
1765409519.521852,-0.01823,0.02351,-0.00888,-0.00036,0.00084,0.00045,0.60671,-0.00065,0.12896,0.00084,0.70424,-0.00010,0.70997,1,1,1,1
1765409519.523832,-0.02684,0.03315,-0.00910,-0.00046,0.00132,0.00059,0.60671,-0.00065,0.12896,0.00084,0.70424,-0.00010,0.70997,1,1,1,1
1765409519.525796,-0.03493,-0.00535,0.01463,-0.00005,0.00068,0.00010,0.60651,-0.00065,0.12895,0.00084,0.70424,-0.00010,0.70996,1,1,1,1
1765409519.527765,-0.02350,-0.01704,-0.04594,0.00155,0.00004,-0.00023,0.60651,-0.00065,0.12895,0.00084,0.70424,-0.00010,0.70996,1,1,1,1
1765409519.529792,-0.03601,-0.00014,-0.03080,0.00067,0.00032,0.00073,0.60651,-0.00065,0.12895,0.00084,0.70424,-0.00010,0.70996,1,1,1,1
1765409519.531782,0.00144,0.00788,0.04472,-0.00295,0.00048,0.00049,0.60651,-0.00065,0.12895,0.00084,0.70424,-0.00010,0.70996,1,1,1,1
1765409519.533790,-0.01047,0.01367,0.01386,0.00062,0.00112,-0.00007,0.60651,-0.00065,0.12895,0.00084,0.70424,-0.00010,0.70996,1,1,1,1
1765409519.535793,-0.01132,-0.00153,-0.00867,0.00131,0.00191,-0.00009,0.60651,-0.00065,0.12895,0.00084,0.70424,-0.00010,0.70996,1,1,1,1
1765409519.537773,-0.00263,0.01368,-0.00861,0.00084,0.00066,0.00071,0.60651,-0.00065,0.12895,0.00084,0.70424,-0.00010,0.70996,1,1,1,1
1765409519.539787,-0.02733,0.01537,0.00655,0.00107,-0.00045,-0.00006,0.60651,-0.00065,0.12895,0.00084,0.70424,-0.00010,0.70996,1,1,1,1
1765409519.541773,-0.00088,-0.00660,-0.03115,-0.00050,0.00103,0.00002,0.60651,-0.00065,0.12895,0.00084,0.70424,-0.00010,0.70996,1,1,1,1
1765409519.543786,-0.00525,0.01134,0.02191,-0.00050,0.00018,0.00061,0.60651,-0.00065,0.12895,0.00084,0.70424,-0.00010,0.70996,1,1,1,1
1765409519.545774,0.01615,0.00268,-0.04663,-0.00082,0.00107,0.00013,0.60647,-0.00065,0.12895,0.00084,0.70424,-0.00010,0.70996,1,1,1,1
1765409519.547771,-0.00539,-0.00375,0.05984,-0.00003,0.00107,-0.00017,0.60647,-0.00065,0.12895,0.00084,0.70424,-0.00010,0.70996,1,1,1,1
1765409519.549827,-0.02166,0.03600,-0.03230,-0.00064,0.00086,-0.00051,0.60643,-0.00065,0.12896,0.00084,0.70424,-0.00010,0.70997,1,1,1,1
1765409519.551813,-0.04773,-0.00193,0.01460,0.00042,0.00006,-0.00016,0.60643,-0.00065,0.12896,0.00084,0.70424,-0.00010,0.70997,1,1,1,1
1765409519.553838,-0.01429,0.00703,-0.01618,0.00054,0.00016,-0.00009,0.60639,-0.00065,0.12896,0.00084,0.70424,-0.00010,0.70997,1,1,1,1
1765409519.555925,-0.00945,0.07324,-0.01011,-0.00063,-0.00007,0.00030,0.60639,-0.00065,0.12896,0.00084,0.70424,-0.00010,0.70997,1,1,1,1
1765409519.557897,-0.00552,0.04974,0.00541,-0.00069,0.00155,0.00031,0.60635,-0.00065,0.12895,0.00084,0.70424,-0.00010,0.70996,1,1,1,1
1765409519.559846,-0.01786,0.00830,-0.00853,-0.00076,0.00123,0.00046,0.60635,-0.00065,0.12895,0.00084,0.70424,-0.00010,0.70996,1,1,1,1
1765409519.561821,-0.01748,-0.04657,-0.00729,-0.00099,0.00203,0.00034,0.60635,-0.00065,0.12895,0.00084,0.70424,-0.00010,0.70996,1,1,1,1
1765409519.563821,-0.00032,-0.05046,-0.02990,-0.00060,0.00030,0.00004,0.60615,-0.00065,0.12895,0.00084,0.70425,-0.00010,0.70995,1,1,1,1
1765409519.565814,-0.01891,-0.00529,0.00678,0.00104,0.00060,-0.00033,0.60615,-0.00065,0.12895,0.00084,0.70425,-0.00010,0.70995,1,1,1,1
1765409519.567810,-0.01487,0.00671,-0.01609,0.00075,0.00056,0.00032,0.60615,-0.00065,0.12895,0.00084,0.70425,-0.00010,0.70995,1,1,1,1
1765409519.569903,-0.00474,0.03567,-0.04738,-0.00086,0.00053,-0.00013,0.60615,-0.00065,0.12895,0.00084,0.70425,-0.00010,0.70995,1,1,1,1
1765409519.571864,-0.00626,0.02559,-0.00159,0.00033,0.00132,0.00018,0.60615,-0.00065,0.12895,0.00084,0.70425,-0.00010,0.70995,1,1,1,1
1765409519.573917,-0.00868,-0.00604,-0.03100,-0.00093,0.00036,0.00004,0.60615,-0.00065,0.12895,0.00084,0.70425,-0.00010,0.70995,1,1,1,1
1765409519.576048,-0.01648,-0.00037,0.00677,-0.00108,-0.00019,-0.00046,0.60615,-0.00065,0.12895,0.00084,0.70425,-0.00010,0.70995,1,1,1,1
1765409519.577901,-0.03058,0.00692,-0.01595,-0.00034,0.00037,0.00033,0.60615,-0.00065,0.12895,0.00084,0.70425,-0.00010,0.70995,1,1,1,1
1765409519.579812,-0.01750,-0.00546,0.02204,-0.00027,0.00033,-0.00032,0.60615,-0.00065,0.12895,0.00084,0.70425,-0.00010,0.70995,1,1,1,1
1765409519.581816,-0.00656,-0.02849,-0.02305,0.00098,0.00137,0.00004,0.60610,-0.00065,0.12894,0.00084,0.70425,-0.00010,0.70995,1,1,1,1
1765409519.583817,0.01115,0.02599,0.02887,0.00011,0.00022,0.00019,0.60610,-0.00065,0.12894,0.00084,0.70425,-0.00010,0.70995,1,1,1,1
1765409519.585816,-0.00902,0.04766,0.03591,-0.00115,0.00108,0.00020,0.60607,-0.00065,0.12895,0.00084,0.70425,-0.00010,0.70995,1,1,1,1
1765409519.587811,-0.01350,0.04060,0.02854,-0.00080,0.00089,0.00021,0.60607,-0.00065,0.12895,0.00084,0.70425,-0.00010,0.70995,1,1,1,1
1765409519.589818,-0.02951,0.01151,-0.00092,-0.00138,0.00047,0.00021,0.60603,-0.00065,0.12895,0.00084,0.70424,-0.00010,0.70996,1,1,1,1
1765409519.591818,-0.02860,0.01127,0.05245,-0.00247,0.00034,0.00066,0.60603,-0.00065,0.12895,0.00084,0.70424,-0.00010,0.70996,1,1,1,1
1765409519.593813,-0.02255,-0.03769,0.00789,0.00021,0.00068,0.00036,0.60599,-0.00065,0.12895,0.00084,0.70424,-0.00010,0.70996,1,1,1,1
1765409519.595823,0.01477,0.00295,0.00647,0.00049,0.00134,0.00017,0.60599,-0.00065,0.12895,0.00084,0.70424,-0.00010,0.70996,1,1,1,1
1765409519.597821,0.00262,0.01585,-0.00100,-0.00023,0.00047,0.00085,0.60599,-0.00065,0.12895,0.00084,0.70424,-0.00010,0.70996,1,1,1,1
1765409519.599820,-0.00032,0.01271,-0.03915,-0.00136,0.00114,0.00028,0.60595,-0.00065,0.12895,0.00084,0.70424,-0.00010,0.70996,1,1,1,1
1765409519.601827,-0.03084,0.02178,-0.01633,-0.00016,0.00036,0.00033,0.60578,-0.00065,0.12895,0.00084,0.70424,-0.00010,0.70996,1,1,1,1
1765409519.603830,-0.00183,0.00338,-0.01621,0.00028,0.00116,0.00017,0.60578,-0.00065,0.12895,0.00084,0.70424,-0.00010,0.70996,1,1,1,1
1765409519.605880,-0.01398,-0.01832,-0.00792,0.00001,0.00082,0.00019,0.60578,-0.00065,0.12895,0.00084,0.70424,-0.00010,0.70996,1,1,1,1
1765409519.607818,-0.00699,0.00636,-0.00101,0.00119,0.00097,0.00032,0.60578,-0.00065,0.12895,0.00084,0.70424,-0.00010,0.70996,1,1,1,1
1765409519.609832,-0.00871,0.01424,-0.03872,-0.00112,-0.00066,0.00070,0.60578,-0.00065,0.12895,0.00084,0.70424,-0.00010,0.70996,1,1,1,1
1765409519.611811,-0.03045,-0.01315,0.03755,-0.00036,0.00101,0.00011,0.60578,-0.00065,0.12895,0.00084,0.70424,-0.00010,0.70996,1,1,1,1
1765409519.613814,0.01226,0.02002,0.00619,-0.00127,0.00098,0.00030,0.60578,-0.00065,0.12895,0.00084,0.70424,-0.00010,0.70996,1,1,1,1
1765409519.615848,-0.00126,0.02766,0.00617,-0.00074,0.00114,0.00072,0.60578,-0.00065,0.12895,0.00084,0.70424,-0.00010,0.70996,1,1,1,1
1765409519.617847,0.00183,0.02577,-0.00919,0.00077,0.00097,0.00016,0.60574,-0.00065,0.12896,0.00084,0.70424,-0.00010,0.70996,1,1,1,1
1765409519.619840,-0.01781,0.00973,-0.03868,-0.00030,-0.00055,0.00044,0.60574,-0.00065,0.12896,0.00084,0.70424,-0.00010,0.70996,1,1,1,1
1765409519.621839,-0.03062,0.00746,-0.02346,-0.00012,-0.00027,0.00033,0.60570,-0.00065,0.12896,0.00084,0.70424,-0.00010,0.70996,1,1,1,1
1765409519.623836,-0.00090,0.00881,-0.00088,-0.00053,0.00013,0.00045,0.60570,-0.00065,0.12896,0.00084,0.70424,-0.00010,0.70996,1,1,1,1
1765409519.625838,0.00700,0.04761,-0.00975,-0.00028,0.00089,0.00015,0.60566,-0.00065,0.12895,0.00084,0.70424,-0.00010,0.70996,1,1,1,1
1765409519.627843,0.02298,0.03742,0.00586,0.00025,0.00084,0.00082,0.60566,-0.00065,0.12895,0.00084,0.70424,-0.00010,0.70996,1,1,1,1
1765409519.629851,-0.02617,0.02453,-0.02422,-0.00013,0.00003,-0.00035,0.60562,-0.00065,0.12895,0.00084,0.70424,-0.00010,0.70996,1,1,1,1
1765409519.631860,-0.00563,-0.00817,-0.00049,0.00014,0.00020,0.00033,0.60558,-0.00065,0.12895,0.00084,0.70424,-0.00010,0.70996,1,1,1,1
1765409519.633853,-0.02760,0.02872,-0.06965,0.00036,0.00083,0.00068,0.60542,-0.00065,0.12896,0.00084,0.70423,-0.00010,0.70997,1,1,1,1
1765409519.635842,-0.02465,0.01323,0.02197,-0.00245,0.00080,0.00076,0.60542,-0.00065,0.12896,0.00084,0.70423,-0.00010,0.70997,1,1,1,1
1765409519.637851,-0.01354,0.01616,-0.02366,-0.00088,0.00029,0.00085,0.60542,-0.00065,0.12896,0.00084,0.70423,-0.00010,0.70997,1,1,1,1
1765409519.639863,-0.00105,-0.00158,-0.03097,-0.00066,0.00066,0.00070,0.60542,-0.00065,0.12896,0.00084,0.70423,-0.00010,0.70997,1,1,1,1
1765409519.641893,0.00401,0.03561,0.01356,-0.00130,0.00018,0.00032,0.60542,-0.00065,0.12896,0.00084,0.70423,-0.00010,0.70997,1,1,1,1
1765409519.643862,-0.00956,0.01405,-0.01621,-0.00025,0.00011,0.00031,0.60542,-0.00065,0.12896,0.00084,0.70423,-0.00010,0.70997,1,1,1,1
1765409519.645866,-0.00674,0.01127,-0.03137,0.00081,0.00071,0.00056,0.60542,-0.00065,0.12896,0.00084,0.70423,-0.00010,0.70997,1,1,1,1
1765409519.647868,-0.02721,0.00489,-0.02318,0.00029,-0.00030,0.00100,0.60542,-0.00065,0.12896,0.00084,0.70423,-0.00010,0.70997,1,1,1,1
1765409519.649867,-0.03148,-0.00268,-0.03115,0.00085,0.00063,-0.00022,0.60542,-0.00065,0.12896,0.00084,0.70423,-0.00010,0.70997,1,1,1,1
1765409519.651871,-0.00464,0.02098,-0.00883,-0.00104,0.00029,0.00031,0.60542,-0.00065,0.12896,0.00084,0.70423,-0.00010,0.70997,1,1,1,1
1765409519.653867,0.00236,-0.02300,-0.04609,0.00105,0.00049,-0.00052,0.60538,-0.00065,0.12896,0.00084,0.70423,-0.00010,0.70997,1,1,1,1
1765409519.655869,-0.01461,-0.03283,0.00746,0.00093,0.00096,-0.00019,0.60538,-0.00065,0.12896,0.00084,0.70423,-0.00010,0.70997,1,1,1,1
1765409519.657871,-0.02856,-0.01935,-0.03838,0.00240,0.00035,-0.00036,0.60534,-0.00065,0.12896,0.00084,0.70423,-0.00010,0.70997,1,1,1,1
1765409519.659877,-0.01560,0.02591,0.00618,0.00098,0.00131,0.00059,0.60534,-0.00065,0.12896,0.00084,0.70423,-0.00010,0.70997,1,1,1,1
1765409519.661858,-0.00953,0.00855,-0.03907,-0.00032,0.00087,0.00002,0.60530,-0.00065,0.12895,0.00084,0.70424,-0.00010,0.70997,1,1,1,1
1765409519.663881,-0.02762,0.00952,-0.02362,0.00078,0.00046,0.00046,0.60530,-0.00065,0.12895,0.00084,0.70424,-0.00010,0.70997,1,1,1,1
1765409519.665880,0.01949,0.01354,-0.00826,-0.00375,-0.00151,0.00070,0.60526,-0.00065,0.12896,0.00084,0.70423,-0.00010,0.70997,1,1,1,1
1765409519.667902,-0.00563,0.00672,0.00675,0.00010,0.00006,0.00033,0.60526,-0.00065,0.12896,0.00084,0.70423,-0.00010,0.70997,1,1,1,1
1765409519.669895,-0.00626,0.02060,-0.00141,0.00027,0.00133,0.00031,0.60522,-0.00065,0.12896,0.00084,0.70423,-0.00010,0.70997,1,1,1,1
1765409519.671883,-0.04764,-0.00299,0.02962,-0.00003,0.00133,-0.00015,0.60518,-0.00065,0.12896,0.00084,0.70423,-0.00010,0.70997,1,1,1,1
1765409519.673881,0.00257,0.00166,0.01430,0.00047,0.00022,0.00006,0.60506,-0.00065,0.12896,0.00084,0.70423,-0.00010,0.70997,1,1,1,1
1765409519.675888,-0.01929,0.01976,-0.03173,0.00135,0.00008,-0.00023,0.60506,-0.00065,0.12896,0.00084,0.70423,-0.00010,0.70997,1,1,1,1
1765409519.677882,-0.01926,0.00234,0.06026,-0.00258,-0.00105,0.00012,0.60506,-0.00065,0.12896,0.00084,0.70423,-0.00010,0.70997,1,1,1,1
1765409519.679881,-0.03152,0.03616,-0.05479,0.00023,0.00099,0.00029,0.60506,-0.00065,0.12896,0.00084,0.70423,-0.00010,0.70997,1,1,1,1
1765409519.681884,-0.02569,0.00446,0.00706,-0.00102,-0.00007,0.00062,0.60506,-0.00065,0.12896,0.00084,0.70423,-0.00010,0.70997,1,1,1,1
1765409519.683897,-0.02737,0.00463,-0.02359,0.00072,0.00045,0.00019,0.60506,-0.00065,0.12896,0.00084,0.70423,-0.00010,0.70997,1,1,1,1
1765409519.685890,-0.00454,0.00709,-0.00089,-0.00055,-0.00059,-0.00008,0.60506,-0.00065,0.12896,0.00084,0.70423,-0.00010,0.70997,1,1,1,1
1765409519.687885,0.01214,0.03033,0.00588,-0.00093,0.00059,0.00003,0.60506,-0.00065,0.12896,0.00084,0.70423,-0.00010,0.70997,1,1,1,1
1765409519.689886,-0.03484,-0.02428,-0.02283,0.00037,-0.00020,-0.00020,0.60502,-0.00065,0.12896,0.00084,0.70423,-0.00010,0.70997,1,1,1,1
1765409519.691907,-0.00425,-0.01334,-0.03839,-0.00102,0.00006,0.00003,0.60502,-0.00065,0.12896,0.00084,0.70423,-0.00010,0.70997,1,1,1,1
1765409519.693898,-0.01778,0.00362,0.02189,-0.00060,0.00110,0.00022,0.60502,-0.00065,0.12896,0.00084,0.70423,-0.00010,0.70997,1,1,1,1
1765409519.695894,0.01488,0.03239,0.02089,0.00019,0.00144,0.00017,0.60498,-0.00065,0.12896,0.00084,0.70423,-0.00010,0.70997,1,1,1,1
1765409519.697894,-0.01946,0.08051,0.02028,-0.00316,-0.00047,0.00034,0.60498,-0.00065,0.12896,0.00084,0.70423,-0.00010,0.70997,1,1,1,1
1765409519.699907,0.01438,0.04217,0.02083,0.00031,0.00145,0.00071,0.60494,-0.00065,0.12896,0.00084,0.70423,-0.00010,0.70997,1,1,1,1
1765409519.701899,0.00729,-0.04098,-0.03782,-0.00004,0.00071,0.00016,0.60489,-0.00065,0.12896,0.00084,0.70423,-0.00010,0.70997,1,1,1,1
1765409519.703907,-0.01086,-0.06994,-0.00649,0.00113,0.00083,0.00061,0.60489,-0.00065,0.12896,0.00084,0.70423,-0.00010,0.70997,1,1,1,1
1765409519.705905,-0.03468,-0.01534,-0.02297,-0.00039,0.00056,0.00034,0.60469,-0.00065,0.12895,0.00084,0.70424,-0.00010,0.70996,1,1,1,1
1765409519.707898,-0.01061,0.00821,-0.00865,0.00033,0.00152,0.00045,0.60469,-0.00065,0.12895,0.00084,0.70424,-0.00010,0.70996,1,1,1,1
1765409519.709919,-0.00464,0.02587,-0.02403,-0.00120,0.00017,0.00057,0.60469,-0.00065,0.12895,0.00084,0.70424,-0.00010,0.70996,1,1,1,1
1765409519.711923,0.00219,0.03543,-0.00198,0.00045,0.00121,-0.00010,0.60469,-0.00065,0.12895,0.00084,0.70424,-0.00010,0.70996,1,1,1,1
1765409519.713936,0.00830,-0.00188,-0.01596,-0.00132,0.00067,0.00030,0.60469,-0.00065,0.12895,0.00084,0.70424,-0.00010,0.70996,1,1,1,1
1765409519.715901,-0.02684,0.00976,0.03705,0.00035,0.00018,0.00010,0.60469,-0.00065,0.12895,0.00084,0.70424,-0.00010,0.70996,1,1,1,1
1765409519.717927,-0.00761,0.01109,-0.03942,0.00190,0.00160,-0.00026,0.60469,-0.00065,0.12895,0.00084,0.70424,-0.00010,0.70996,1,1,1,1
1765409519.719926,-0.02680,0.02908,0.02883,0.00015,0.00067,-0.00005,0.60469,-0.00065,0.12895,0.00084,0.70424,-0.00010,0.70996,1,1,1,1
1765409519.721929,0.00768,-0.00645,0.02962,-0.00050,0.00067,0.00007,0.60469,-0.00065,0.12895,0.00084,0.70424,-0.00010,0.70996,1,1,1,1
1765409519.723931,0.00013,0.00421,0.05205,-0.00081,-0.00002,-0.00058,0.60469,-0.00065,0.12895,0.00084,0.70424,-0.00010,0.70996,1,1,1,1
1765409519.725917,-0.00871,0.04292,0.00559,-0.00121,0.00083,-0.00009,0.60469,-0.00065,0.12895,0.00084,0.70424,-0.00010,0.70996,1,1,1,1
1765409519.727928,0.02808,0.04925,0.02047,-0.00048,0.00127,0.00029,0.60465,-0.00065,0.12895,0.00084,0.70424,-0.00010,0.70996,1,1,1,1
1765409519.729922,-0.03168,0.01660,0.00635,0.00065,0.00113,0.00008,0.60465,-0.00065,0.12895,0.00084,0.70424,-0.00010,0.70996,1,1,1,1
1765409519.731922,-0.00545,-0.01818,-0.00049,0.00023,0.00058,-0.00021,0.60461,-0.00065,0.12895,0.00084,0.70424,-0.00010,0.70996,1,1,1,1
1765409519.733938,-0.01881,-0.03137,-0.01511,0.00007,0.00178,0.00073,0.60461,-0.00065,0.12895,0.00084,0.70424,-0.00010,0.70996,1,1,1,1
1765409519.735928,-0.03114,-0.00259,-0.03835,0.00020,0.00001,0.00059,0.60457,-0.00065,0.12895,0.00084,0.70424,-0.00010,0.70996,1,1,1,1
1765409519.737956,-0.01806,0.03820,-0.03204,-0.00062,0.00083,0.00043,0.60436,-0.00065,0.12895,0.00084,0.70424,-0.00010,0.70996,1,1,1,1
1765409519.740004,-0.02950,-0.01685,0.04541,-0.00063,-0.00066,-0.00015,0.60436,-0.00065,0.12895,0.00084,0.70424,-0.00010,0.70996,1,1,1,1
1765409519.741952,0.01505,-0.00613,0.00662,0.00082,0.00057,-0.00037,0.60436,-0.00065,0.12895,0.00084,0.70424,-0.00010,0.70996,1,1,1,1
1765409519.743975,0.01467,0.00823,0.01410,0.00055,0.00083,0.00044,0.60436,-0.00065,0.12895,0.00084,0.70424,-0.00010,0.70996,1,1,1,1
1765409519.745958,-0.02234,-0.00368,-0.02349,-0.00025,0.00116,0.00019,0.60436,-0.00065,0.12895,0.00084,0.70424,-0.00010,0.70996,1,1,1,1
1765409519.747955,-0.04794,-0.00267,-0.01555,-0.00002,0.00059,0.00062,0.60436,-0.00065,0.12895,0.00084,0.70424,-0.00010,0.70996,1,1,1,1
1765409519.749962,-0.03434,0.02903,-0.04704,-0.00073,0.00052,-0.00010,0.60436,-0.00065,0.12895,0.00084,0.70424,-0.00010,0.70996,1,1,1,1
1765409519.751950,-0.03059,0.01689,-0.01630,-0.00022,0.00035,0.00006,0.60436,-0.00065,0.12895,0.00084,0.70424,-0.00010,0.70996,1,1,1,1
1765409519.753961,-0.01769,-0.00042,-0.00834,-0.00021,0.00008,-0.00007,0.60436,-0.00065,0.12895,0.00084,0.70424,-0.00010,0.70996,1,1,1,1
1765409519.755949,0.01478,-0.00701,0.00682,0.00037,0.00135,0.00044,0.60436,-0.00065,0.12895,0.00084,0.70424,-0.00010,0.70996,1,1,1,1
1765409519.758010,0.00493,0.00138,-0.00076,-0.00172,-0.00032,0.00005,0.60436,-0.00065,0.12895,0.00084,0.70424,-0.00010,0.70996,1,1,1,1
1765409519.759968,-0.00494,-0.04293,-0.02268,-0.00007,0.00059,-0.00036,0.60432,-0.00065,0.12895,0.00084,0.70424,-0.00010,0.70996,1,1,1,1
1765409519.761968,-0.01732,-0.00452,-0.01540,-0.00048,-0.00131,0.00046,0.60432,-0.00065,0.12895,0.00084,0.70424,-0.00010,0.70996,1,1,1,1
1765409519.763946,-0.00140,0.00450,-0.03878,0.00029,-0.00037,0.00015,0.60428,-0.00065,0.12895,0.00084,0.70424,-0.00010,0.70996,1,1,1,1
1765409519.765975,-0.00974,0.03772,-0.01694,-0.00062,0.00123,0.00043,0.60428,-0.00065,0.12895,0.00084,0.70424,-0.00010,0.70996,1,1,1,1
1765409519.767967,-0.00539,0.04027,-0.00210,-0.00037,0.00129,-0.00023,0.60424,-0.00065,0.12895,0.00084,0.70424,-0.00010,0.70996,1,1,1,1
1765409519.769975,0.00937,0.02018,-0.01678,0.00135,0.00178,0.00028,0.60424,-0.00065,0.12895,0.00084,0.70424,-0.00010,0.70996,1,1,1,1
1765409519.771979,0.01576,-0.01119,0.01443,0.00010,0.00044,-0.00022,0.60420,-0.00065,0.12895,0.00084,0.70424,-0.00010,0.70996,1,1,1,1
1765409519.773977,-0.01266,-0.00245,0.01457,-0.00067,-0.00074,-0.00019,0.60420,-0.00065,0.12895,0.00084,0.70424,-0.00010,0.70996,1,1,1,1
1765409519.775995,-0.01392,-0.00319,-0.01601,0.00019,0.00054,-0.00022,0.60420,-0.00065,0.12895,0.00084,0.70424,-0.00010,0.70996,1,1,1,1
1765409519.778045,-0.04846,0.02704,-0.01632,0.00034,0.00057,0.00061,0.60416,-0.00065,0.12895,0.00084,0.70424,-0.00010,0.70996,1,1,1,1
1765409519.780034,-0.01460,0.02029,-0.01645,-0.00018,0.00169,0.00071,0.60412,-0.00065,0.12895,0.00084,0.70424,-0.00010,0.70996,1,1,1,1
1765409519.781968,-0.02270,-0.03811,-0.02257,0.00021,0.00120,0.00033,0.60396,-0.00065,0.12896,0.00084,0.70423,-0.00010,0.70997,1,1,1,1
1765409519.784476,0.01917,0.01102,0.00657,0.00037,0.00015,0.00057,0.60396,-0.00065,0.12896,0.00084,0.70423,-0.00010,0.70997,1,1,1,1
1765409519.785968,-0.02179,0.02674,-0.03890,-0.00097,-0.00051,0.00098,0.60396,-0.00065,0.12896,0.00084,0.70423,-0.00010,0.70997,1,1,1,1
1765409519.787992,-0.02023,-0.00997,-0.00811,0.00208,0.00050,0.00020,0.60396,-0.00065,0.12896,0.00084,0.70423,-0.00010,0.70997,1,1,1,1
1765409519.789997,-0.02832,0.04310,-0.01717,0.00097,0.00183,0.00031,0.60396,-0.00065,0.12896,0.00084,0.70423,-0.00010,0.70997,1,1,1,1
1765409519.791987,-0.01615,-0.02067,0.06043,-0.00155,0.00045,-0.00028,0.60396,-0.00065,0.12896,0.00084,0.70423,-0.00010,0.70997,1,1,1,1
1765409519.793985,0.00838,0.00906,-0.02393,-0.00075,-0.00037,-0.00038,0.60396,-0.00065,0.12896,0.00084,0.70423,-0.00010,0.70997,1,1,1,1
1765409519.796088,0.01112,0.00537,0.01410,-0.00014,0.00126,0.00031,0.60396,-0.00065,0.12896,0.00084,0.70423,-0.00010,0.70997,1,1,1,1
1765409519.798047,-0.02584,0.03875,-0.00133,-0.00126,0.00004,0.00087,0.60396,-0.00065,0.12896,0.00084,0.70423,-0.00010,0.70997,1,1,1,1
1765409519.799984,-0.02179,0.02559,-0.03184,-0.00099,0.00126,0.00017,0.60392,-0.00065,0.12896,0.00084,0.70423,-0.00010,0.70997,1,1,1,1
1765409519.801975,-0.02810,0.03106,-0.00863,-0.00311,-0.00018,0.00087,0.60392,-0.00065,0.12896,0.00084,0.70423,-0.00010,0.70997,1,1,1,1
1765409519.803973,-0.01407,-0.02844,-0.03056,0.00011,0.00121,0.00004,0.60388,-0.00065,0.12896,0.00084,0.70423,-0.00010,0.70997,1,1,1,1
1765409519.805990,0.01611,-0.00110,0.02967,-0.00043,-0.00019,0.00033,0.60388,-0.00065,0.12896,0.00084,0.70423,-0.00010,0.70997,1,1,1,1
1765409519.808006,-0.00964,-0.01456,-0.00790,0.00049,-0.00076,-0.00008,0.60384,-0.00065,0.12896,0.00084,0.70423,-0.00010,0.70997,1,1,1,1
1765409519.810017,0.00690,0.06272,-0.00972,-0.00053,0.00013,0.00096,0.60384,-0.00065,0.12896,0.00084,0.70423,-0.00010,0.70997,1,1,1,1
1765409519.812004,-0.04507,0.00968,-0.03881,0.00122,0.00092,0.00046,0.60359,-0.00065,0.12896,0.00084,0.70423,-0.00010,0.70997,1,1,1,1
1765409519.814017,-0.03604,-0.00570,-0.00829,0.00082,0.00145,0.00007,0.60359,-0.00065,0.12896,0.00084,0.70423,-0.00010,0.70997,1,1,1,1
1765409519.816020,-0.00516,0.01109,0.00633,-0.00029,0.00081,-0.00022,0.60359,-0.00065,0.12896,0.00084,0.70423,-0.00010,0.70997,1,1,1,1
1765409519.818034,0.01114,-0.00383,-0.00839,0.00019,0.00050,0.00016,0.60359,-0.00065,0.12896,0.00084,0.70423,-0.00010,0.70997,1,1,1,1
1765409519.820081,-0.00955,0.00906,-0.01603,-0.00031,0.00011,0.00045,0.60359,-0.00065,0.12896,0.00084,0.70423,-0.00010,0.70997,1,1,1,1
1765409519.822026,-0.02180,-0.00790,-0.04594,-0.00052,0.00002,0.00031,0.60359,-0.00065,0.12896,0.00084,0.70423,-0.00010,0.70997,1,1,1,1
1765409519.824007,-0.02256,-0.01295,-0.02304,0.00008,0.00041,0.00046,0.60359,-0.00065,0.12896,0.00084,0.70423,-0.00010,0.70997,1,1,1,1
1765409519.826014,-0.02721,0.00378,0.00666,0.00028,0.00147,0.00021,0.60359,-0.00065,0.12896,0.00084,0.70423,-0.00010,0.70997,1,1,1,1
1765409519.828010,-0.00182,0.00342,0.00658,0.00028,0.00116,0.00019,0.60359,-0.00065,0.12896,0.00084,0.70423,-0.00010,0.70997,1,1,1,1
1765409519.830029,0.00254,0.00091,0.00658,0.00025,0.00111,0.00005,0.60359,-0.00065,0.12896,0.00084,0.70423,-0.00010,0.70997,1,1,1,1
1765409519.832020,-0.00131,0.03387,-0.06994,-0.00001,-0.00026,0.00012,0.60359,-0.00065,0.12896,0.00084,0.70423,-0.00010,0.70997,1,1,1,1
1765409519.834028,-0.02171,-0.02745,0.00004,-0.00032,0.00003,0.00008,0.60359,-0.00065,0.12896,0.00084,0.70423,-0.00010,0.70997,1,1,1,1
1765409519.836023,-0.06299,-0.00555,0.01513,-0.00071,-0.00165,-0.00000,0.60355,-0.00065,0.12896,0.00084,0.70423,-0.00010,0.70997,1,1,1,1
1765409519.838020,-0.01403,0.04547,-0.00966,-0.00031,0.00114,0.00004,0.60355,-0.00065,0.12896,0.00084,0.70423,-0.00010,0.70997,1,1,1,1
1765409519.840018,-0.04379,0.08540,-0.01019,-0.00420,-0.00005,0.00020,0.60352,-0.00065,0.12897,0.00084,0.70422,-0.00010,0.70998,1,1,1,1
1765409519.842084,0.00511,0.02031,0.05209,-0.00258,0.00031,0.00076,0.60352,-0.00065,0.12897,0.00084,0.70422,-0.00010,0.70998,1,1,1,1
1765409519.844031,0.01174,-0.04315,0.01522,0.00015,0.00052,-0.00034,0.60348,-0.00065,0.12897,0.00084,0.70422,-0.00010,0.70998,1,1,1,1
1765409519.846033,0.01103,-0.01409,0.05266,0.00007,0.00102,0.00048,0.60348,-0.00065,0.12897,0.00084,0.70422,-0.00010,0.70998,1,1,1,1
1765409519.848024,-0.00303,-0.00150,0.02946,0.00131,0.00156,0.00034,0.60344,-0.00065,0.12897,0.00084,0.70422,-0.00010,0.70998,1,1,1,1
1765409519.850073,-0.06701,0.04491,-0.04713,-0.00163,-0.00024,-0.00006,0.60323,-0.00065,0.12897,0.00084,0.70422,-0.00010,0.70998,1,1,1,1
1765409519.852036,-0.02314,-0.00820,-0.00811,0.00057,0.00092,0.00033,0.60323,-0.00065,0.12897,0.00084,0.70422,-0.00010,0.70998,1,1,1,1
1765409519.854090,0.01028,0.02982,0.02121,0.00016,0.00151,0.00085,0.60323,-0.00065,0.12897,0.00084,0.70422,-0.00010,0.70998,1,1,1,1
1765409519.856026,0.00138,0.02097,-0.01680,0.00136,0.00110,-0.00011,0.60323,-0.00065,0.12897,0.00084,0.70422,-0.00010,0.70998,1,1,1,1
1765409519.858043,0.02811,0.05481,-0.00203,-0.00063,0.00014,0.00095,0.60323,-0.00065,0.12897,0.00084,0.70422,-0.00010,0.70998,1,1,1,1
1765409519.860034,-0.01484,0.00125,-0.01616,0.00068,0.00132,0.00005,0.60323,-0.00065,0.12897,0.00084,0.70422,-0.00010,0.70998,1,1,1,1
1765409519.862081,-0.03562,-0.02577,-0.06091,0.00035,0.00160,0.00017,0.60323,-0.00065,0.12897,0.00084,0.70422,-0.00010,0.70998,1,1,1,1
1765409519.864053,-0.03526,-0.01565,-0.02289,-0.00018,0.00095,0.00074,0.60323,-0.00065,0.12897,0.00084,0.70422,-0.00010,0.70998,1,1,1,1
1765409519.866056,-0.01312,-0.02724,-0.03789,-0.00032,-0.00058,0.00004,0.60323,-0.00065,0.12897,0.00084,0.70422,-0.00010,0.70998,1,1,1,1
1765409519.868044,-0.03961,0.00259,-0.02348,0.00048,0.00022,0.00007,0.60323,-0.00065,0.12897,0.00084,0.70422,-0.00010,0.70998,1,1,1,1
1765409519.870080,-0.00547,0.01155,-0.03160,0.00015,0.00031,-0.00024,0.60323,-0.00065,0.12897,0.00084,0.70422,-0.00010,0.70998,1,1,1,1
1765409519.872051,0.01151,0.05034,-0.00951,-0.00068,0.00008,0.00069,0.60319,-0.00065,0.12897,0.00084,0.70422,-0.00010,0.70998,1,1,1,1
1765409519.874053,0.00217,-0.01286,-0.03884,0.00139,0.00035,-0.00079,0.60319,-0.00065,0.12897,0.00084,0.70422,-0.00010,0.70998,1,1,1,1
1765409519.876050,0.01158,0.00102,-0.00855,-0.00019,0.00049,0.00003,0.60315,-0.00065,0.12897,0.00084,0.70422,-0.00010,0.70998,1,1,1,1
1765409519.878056,-0.03037,-0.03220,-0.03772,-0.00016,0.00001,0.00019,0.60315,-0.00065,0.12897,0.00084,0.70422,-0.00010,0.70998,1,1,1,1
1765409519.880057,-0.04393,-0.02644,0.00788,-0.00271,-0.00136,-0.00029,0.60311,-0.00065,0.12897,0.00084,0.70422,-0.00010,0.70998,1,1,1,1
1765409519.882069,-0.02591,0.01507,0.01457,-0.00068,-0.00096,0.00076,0.60311,-0.00065,0.12897,0.00084,0.70422,-0.00010,0.70998,1,1,1,1
1765409519.884066,0.02491,0.03681,-0.04002,-0.00128,0.00119,-0.00002,0.60307,-0.00065,0.12898,0.00084,0.70421,-0.00010,0.70999,1,1,1,1
1765409519.886083,-0.00982,0.00409,-0.03124,0.00006,0.00037,0.00017,0.60303,-0.00065,0.12898,0.00084,0.70421,-0.00010,0.70999,1,1,1,1
1765409519.888094,0.00246,0.03547,0.00564,0.00023,0.00108,-0.00010,0.60303,-0.00065,0.12898,0.00084,0.70421,-0.00010,0.70999,1,1,1,1
1765409519.890082,-0.00995,0.00869,0.01426,-0.00010,0.00075,0.00047,0.60303,-0.00065,0.12898,0.00084,0.70421,-0.00010,0.70999,1,1,1,1
1765409519.892083,-0.01672,0.00945,0.01433,-0.00118,-0.00032,0.00008,0.60303,-0.00065,0.12898,0.00084,0.70421,-0.00010,0.70999,1,1,1,1
1765409519.894079,0.00759,0.02808,0.00590,-0.00052,0.00064,-0.00010,0.60287,-0.00065,0.12897,0.00084,0.70421,-0.00010,0.70999,1,1,1,1
1765409519.896117,-0.01783,0.02901,0.02125,-0.00029,0.00031,-0.00006,0.60287,-0.00065,0.12897,0.00084,0.70421,-0.00010,0.70999,1,1,1,1
1765409519.898072,-0.02524,0.01934,0.05212,-0.00128,-0.00010,0.00025,0.60287,-0.00065,0.12897,0.00084,0.70421,-0.00010,0.70999,1,1,1,1
1765409519.900077,-0.00127,-0.02068,-0.02292,-0.00002,0.00016,0.00044,0.60287,-0.00065,0.12897,0.00084,0.70421,-0.00010,0.70999,1,1,1,1
1765409519.902077,-0.03915,-0.02729,-0.01514,0.00012,0.00049,0.00008,0.60287,-0.00065,0.12897,0.00084,0.70421,-0.00010,0.70999,1,1,1,1
1765409519.904067,0.00227,0.00577,-0.01624,0.00030,0.00111,0.00030,0.60287,-0.00065,0.12897,0.00084,0.70421,-0.00010,0.70999,1,1,1,1
1765409519.906064,-0.03860,0.04161,-0.01664,-0.00101,0.00006,0.00060,0.60287,-0.00065,0.12897,0.00084,0.70421,-0.00010,0.70999,1,1,1,1
1765409519.908070,0.01910,0.05920,0.01267,-0.00014,0.00150,0.00042,0.60283,-0.00065,0.12898,0.00084,0.70421,-0.00010,0.70999,1,1,1,1
1765409519.910080,-0.03163,0.01672,-0.04678,0.00065,0.00088,0.00003,0.60283,-0.00065,0.12898,0.00084,0.70421,-0.00010,0.70999,1,1,1,1
1765409519.912079,-0.02477,-0.01729,-0.02293,0.00221,0.00045,0.00059,0.60279,-0.00065,0.12898,0.00084,0.70421,-0.00010,0.70999,1,1,1,1
1765409519.914093,0.01217,-0.03343,-0.02293,-0.00039,0.00038,-0.00024,0.60279,-0.00065,0.12898,0.00084,0.70421,-0.00010,0.70999,1,1,1,1
1765409519.916093,-0.01427,-0.00797,-0.00787,0.00014,0.00006,0.00073,0.60275,-0.00065,0.12897,0.00084,0.70422,-0.00010,0.70998,1,1,1,1
1765409519.918097,-0.00543,0.01151,0.02952,-0.00028,0.00006,0.00061,0.60275,-0.00065,0.12897,0.00084,0.70422,-0.00010,0.70998,1,1,1,1
1765409519.920101,-0.01754,0.00360,-0.01606,-0.00082,0.00097,0.00019,0.60271,-0.00065,0.12897,0.00084,0.70422,-0.00010,0.70998,1,1,1,1
1765409519.922103,-0.03837,0.00263,0.02219,-0.00061,-0.00018,0.00011,0.60271,-0.00065,0.12897,0.00084,0.70422,-0.00010,0.70998,1,1,1,1
1765409519.924102,0.01491,0.01057,0.00683,-0.00357,-0.00056,0.00058,0.60271,-0.00065,0.12897,0.00084,0.70422,-0.00010,0.70998,1,1,1,1
1765409519.926112,0.00815,0.02385,0.01401,-0.00100,-0.00062,0.00045,0.60271,-0.00065,0.12897,0.00084,0.70422,-0.00010,0.70998,1,1,1,1
1765409519.928099,-0.02857,0.02276,0.00641,-0.00146,-0.00121,-0.00046,0.60247,-0.00065,0.12896,0.00084,0.70423,-0.00010,0.70997,1,1,1,1
1765409519.930111,-0.04040,0.00904,0.00701,-0.00316,0.00010,0.00050,0.60247,-0.00065,0.12896,0.00084,0.70423,-0.00010,0.70997,1,1,1,1
1765409519.932112,-0.03031,-0.00300,-0.00797,-0.00068,0.00025,0.00061,0.60247,-0.00065,0.12896,0.00084,0.70423,-0.00010,0.70997,1,1,1,1
1765409519.934093,-0.01798,-0.00496,-0.01552,-0.00005,-0.00054,0.00046,0.60247,-0.00065,0.12896,0.00084,0.70423,-0.00010,0.70997,1,1,1,1
1765409519.936118,0.00617,-0.00362,0.05285,-0.00308,-0.00083,0.00063,0.60247,-0.00065,0.12896,0.00084,0.70423,-0.00010,0.70997,1,1,1,1
1765409519.938099,-0.01879,0.00663,0.04482,-0.00318,-0.00042,-0.00003,0.60247,-0.00065,0.12896,0.00084,0.70423,-0.00010,0.70997,1,1,1,1
1765409519.940089,0.01997,0.03051,0.01345,-0.00027,0.00036,0.00003,0.60247,-0.00065,0.12896,0.00084,0.70423,-0.00010,0.70997,1,1,1,1
1765409519.942107,0.00357,-0.01894,-0.03059,-0.00087,0.00061,0.00056,0.60247,-0.00065,0.12896,0.00084,0.70423,-0.00010,0.70997,1,1,1,1
1765409519.944093,-0.01770,-0.01404,-0.01537,0.00028,-0.00130,-0.00007,0.60247,-0.00065,0.12896,0.00084,0.70423,-0.00010,0.70997,1,1,1,1
1765409519.946118,-0.01813,-0.01037,-0.04580,-0.00011,-0.00002,0.00057,0.60247,-0.00065,0.12896,0.00084,0.70423,-0.00010,0.70997,1,1,1,1
1765409519.948125,-0.01754,-0.00130,-0.00087,-0.00066,0.00110,-0.00007,0.60243,-0.00065,0.12896,0.00084,0.70423,-0.00010,0.70997,1,1,1,1
1765409519.950104,0.03259,0.03227,0.04369,-0.00046,0.00085,0.00017,0.60243,-0.00065,0.12896,0.00084,0.70423,-0.00010,0.70997,1,1,1,1
1765409519.952131,0.02791,0.03027,-0.02461,0.00017,0.00053,-0.00001,0.60239,-0.00065,0.12896,0.00084,0.70423,-0.00010,0.70997,1,1,1,1
1765409519.954109,-0.00903,0.00417,-0.00061,-0.00081,-0.00014,0.00060,0.60239,-0.00065,0.12896,0.00084,0.70423,-0.00010,0.70997,1,1,1,1
1765409519.956121,-0.02222,-0.00771,-0.00037,-0.00008,0.00002,0.00034,0.60235,-0.00065,0.12896,0.00084,0.70423,-0.00010,0.70997,1,1,1,1
1765409519.958117,-0.01526,-0.00362,0.01456,0.00085,0.00121,0.00061,0.60235,-0.00065,0.12896,0.00084,0.70423,-0.00010,0.70997,1,1,1,1
1765409519.960115,-0.03161,-0.00575,-0.00019,-0.00333,-0.00024,0.00049,0.60231,-0.00065,0.12896,0.00084,0.70423,-0.00010,0.70997,1,1,1,1
1765409519.962122,0.00775,0.04193,-0.00944,-0.00144,0.00128,0.00069,0.60231,-0.00065,0.12896,0.00084,0.70423,-0.00010,0.70997,1,1,1,1
1765409519.964166,0.01152,0.03548,0.00605,-0.00064,0.00022,0.00070,0.60211,-0.00065,0.12897,0.00084,0.70422,-0.00010,0.70998,1,1,1,1
1765409519.966131,-0.00177,0.02352,-0.00169,0.00052,0.00088,-0.00037,0.60211,-0.00065,0.12897,0.00084,0.70422,-0.00010,0.70998,1,1,1,1
1765409519.968138,-0.03129,0.01697,-0.02394,0.00044,0.00049,0.00005,0.60211,-0.00065,0.12897,0.00084,0.70422,-0.00010,0.70998,1,1,1,1
1765409519.970122,-0.03889,-0.02725,-0.00752,-0.00010,0.00036,0.00009,0.60211,-0.00065,0.12897,0.00084,0.70422,-0.00010,0.70998,1,1,1,1
1765409519.972125,-0.02187,0.00191,-0.01594,-0.00040,0.00026,0.00006,0.60211,-0.00065,0.12897,0.00084,0.70422,-0.00010,0.70998,1,1,1,1
1765409519.974119,-0.00874,-0.02108,-0.00789,-0.00090,0.00075,0.00006,0.60211,-0.00065,0.12897,0.00084,0.70422,-0.00010,0.70998,1,1,1,1
1765409519.976125,-0.00058,0.00410,-0.00841,-0.00059,-0.00012,0.00018,0.60211,-0.00065,0.12897,0.00084,0.70422,-0.00010,0.70998,1,1,1,1
1765409519.978162,-0.00853,0.04765,-0.01721,-0.00159,0.00083,0.00016,0.60211,-0.00065,0.12897,0.00084,0.70422,-0.00010,0.70998,1,1,1,1
1765409519.980145,-0.04409,0.02211,0.06736,-0.00322,-0.00051,0.00001,0.60211,-0.00065,0.12897,0.00084,0.70422,-0.00010,0.70998,1,1,1,1
1765409519.982173,-0.01588,-0.02488,0.02259,-0.00138,-0.00044,-0.00058,0.60211,-0.00065,0.12897,0.00084,0.70422,-0.00010,0.70998,1,1,1,1
1765409519.984146,-0.01521,0.01645,-0.01650,0.00109,0.00093,0.00004,0.60207,-0.00065,0.12897,0.00084,0.70422,-0.00010,0.70998,1,1,1,1
1765409519.986144,-0.02583,0.02968,-0.01657,-0.00050,-0.00048,-0.00008,0.60207,-0.00065,0.12897,0.00084,0.70422,-0.00010,0.70998,1,1,1,1
1765409519.988155,-0.01079,-0.01149,-0.00810,0.00053,0.00154,0.00059,0.60203,-0.00065,0.12897,0.00084,0.70422,-0.00010,0.70998,1,1,1,1
1765409519.990144,-0.01689,-0.06401,-0.02205,-0.00011,-0.00039,-0.00074,0.60203,-0.00065,0.12897,0.00084,0.70422,-0.00010,0.70998,1,1,1,1
1765409519.992150,-0.00811,-0.02868,-0.02320,0.00229,0.00215,0.00004,0.60203,-0.00065,0.12897,0.00084,0.70422,-0.00010,0.70998,1,1,1,1
1765409519.994137,-0.01366,-0.02311,-0.03047,-0.00027,0.00044,0.00031,0.60199,-0.00065,0.12897,0.00084,0.70422,-0.00010,0.70998,1,1,1,1
1765409519.996177,-0.03047,0.04146,0.03610,-0.00036,0.00058,-0.00017,0.60199,-0.00065,0.12897,0.00084,0.70422,-0.00010,0.70998,1,1,1,1
1765409519.998133,-0.00262,0.01861,-0.00102,0.00068,0.00054,0.00098,0.60195,-0.00065,0.12897,0.00084,0.70423,-0.00010,0.70997,1,1,1,1
1765409520.000172,-0.01748,-0.01967,-0.02305,-0.00001,-0.00042,-0.00035,0.60195,-0.00065,0.12897,0.00084,0.70423,-0.00010,0.70997,1,1,1,1
1765409520.002175,-0.00917,-0.00039,-0.03871,-0.00021,-0.00027,-0.00011,0.60186,-0.00065,0.12897,0.00084,0.70423,-0.00010,0.70998,1,1,1,1
1765409520.004162,-0.01873,-0.01056,-0.03846,0.00054,0.00062,0.00017,0.60183,-0.00065,0.12897,0.00084,0.70422,-0.00010,0.70998,1,1,1,1
1765409520.006151,-0.01782,-0.00585,-0.00806,-0.00049,0.00048,0.00047,0.60183,-0.00065,0.12897,0.00084,0.70422,-0.00010,0.70998,1,1,1,1
1765409520.008171,-0.00990,0.01379,-0.03906,-0.00004,0.00049,0.00029,0.60183,-0.00065,0.12897,0.00084,0.70422,-0.00010,0.70998,1,1,1,1
1765409520.010176,-0.01755,0.00356,-0.03885,-0.00082,0.00097,0.00017,0.60175,-0.00065,0.12898,0.00084,0.70421,-0.00010,0.70999,1,1,1,1
1765409520.012150,-0.02579,-0.02904,0.00002,0.00010,-0.00069,-0.00045,0.60175,-0.00065,0.12898,0.00084,0.70421,-0.00010,0.70999,1,1,1,1
1765409520.014147,0.02789,0.01094,0.01417,0.00015,-0.00009,0.00057,0.60175,-0.00065,0.12898,0.00084,0.70421,-0.00010,0.70999,1,1,1,1
1765409520.016147,0.00680,0.03841,0.03628,0.00005,0.00014,0.00046,0.60175,-0.00065,0.12898,0.00084,0.70421,-0.00010,0.70999,1,1,1,1
1765409520.018156,-0.00531,0.03547,-0.00948,-0.00043,0.00105,-0.00010,0.60175,-0.00065,0.12898,0.00084,0.70421,-0.00010,0.70999,1,1,1,1
1765409520.020170,0.00723,0.02842,0.02111,-0.00008,0.00039,-0.00009,0.60175,-0.00065,0.12898,0.00084,0.70421,-0.00010,0.70999,1,1,1,1
1765409520.022150,-0.01822,-0.01045,-0.05377,0.00032,0.00048,-0.00024,0.60171,-0.00065,0.12898,0.00084,0.70421,-0.00010,0.70999,1,1,1,1
1765409520.024166,-0.00770,-0.01828,-0.00827,0.00220,0.00150,-0.00022,0.60171,-0.00065,0.12898,0.00084,0.70421,-0.00010,0.70999,1,1,1,1
1765409520.026168,-0.05744,0.04278,-0.05491,0.00140,0.00015,-0.00022,0.60167,-0.00065,0.12898,0.00084,0.70421,-0.00011,0.70999,1,1,1,1
1765409520.028192,0.01415,0.02316,0.04390,0.00117,0.00107,0.00006,0.60167,-0.00065,0.12898,0.00084,0.70421,-0.00011,0.70999,1,1,1,1
1765409520.030173,-0.03030,0.02135,-0.02413,-0.00060,0.00085,-0.00008,0.60163,-0.00065,0.12898,0.00084,0.70421,-0.00011,0.70999,1,1,1,1
1765409520.032210,0.00668,-0.01213,0.00683,0.00009,0.00183,0.00018,0.60163,-0.00065,0.12898,0.00084,0.70421,-0.00011,0.70999,1,1,1,1
1765409520.034166,-0.01434,-0.02296,0.00747,0.00039,0.00057,0.00034,0.60159,-0.00065,0.12898,0.00084,0.70421,-0.00011,0.70999,1,1,1,1
1765409520.036174,-0.01467,0.00661,0.02188,0.00053,0.00068,0.00035,0.60159,-0.00065,0.12898,0.00084,0.70421,-0.00011,0.70999,1,1,1,1
1765409520.038177,0.00313,0.00608,-0.00094,-0.00035,0.00047,0.00031,0.60155,-0.00065,0.12898,0.00084,0.70421,-0.00011,0.71000,1,1,1,1
1765409520.040194,-0.02240,0.00669,-0.06917,-0.00012,0.00040,0.00028,0.60155,-0.00065,0.12898,0.00084,0.70421,-0.00011,0.71000,1,1,1,1
1765409520.042193,0.00708,0.00823,0.02141,0.00012,0.00117,-0.00035,0.60134,-0.00065,0.12899,0.00084,0.70421,-0.00011,0.71000,1,1,1,1
1765409520.044180,-0.02722,-0.00241,0.04515,-0.00286,-0.00108,-0.00015,0.60134,-0.00065,0.12899,0.00084,0.70421,-0.00011,0.71000,1,1,1,1
1765409520.046179,0.01254,0.01086,-0.00867,-0.00116,0.00009,0.00016,0.60134,-0.00065,0.12899,0.00084,0.70421,-0.00011,0.71000,1,1,1,1
1765409520.048206,0.00746,-0.01073,0.02989,-0.00011,-0.00008,0.00020,0.60134,-0.00065,0.12899,0.00084,0.70421,-0.00011,0.71000,1,1,1,1
1765409520.050202,0.01876,0.00568,0.00648,0.00074,0.00091,0.00030,0.60134,-0.00065,0.12899,0.00084,0.70421,-0.00011,0.71000,1,1,1,1
1765409520.052221,0.00238,0.00669,-0.01608,0.00053,-0.00003,0.00030,0.60134,-0.00065,0.12899,0.00084,0.70421,-0.00011,0.71000,1,1,1,1
1765409520.054203,-0.03237,0.03218,-0.04693,0.00128,0.00012,0.00044,0.60134,-0.00065,0.12899,0.00084,0.70421,-0.00011,0.71000,1,1,1,1
1765409520.056213,-0.01787,0.04806,0.00558,-0.00071,0.00094,0.00019,0.60134,-0.00065,0.12899,0.00084,0.70421,-0.00011,0.71000,1,1,1,1
1765409520.058196,-0.05329,-0.00622,-0.00785,-0.00181,-0.00139,-0.00043,0.60134,-0.00065,0.12899,0.00084,0.70421,-0.00011,0.71000,1,1,1,1
1765409520.060249,-0.00248,-0.03551,-0.00745,0.00112,0.00070,0.00046,0.60134,-0.00065,0.12899,0.00084,0.70421,-0.00011,0.71000,1,1,1,1
1765409520.062234,0.00734,0.00321,0.01419,-0.00038,0.00092,0.00018,0.60130,-0.00065,0.12899,0.00084,0.70421,-0.00011,0.71000,1,1,1,1
1765409520.064202,0.02363,0.00813,-0.01626,0.00012,0.00047,0.00041,0.60130,-0.00065,0.12899,0.00084,0.70421,-0.00011,0.71000,1,1,1,1
1765409520.066193,-0.02202,0.02131,-0.03157,-0.00060,0.00051,0.00031,0.60126,-0.00065,0.12898,0.00084,0.70421,-0.00011,0.70999,1,1,1,1
1765409520.068212,-0.03232,-0.00304,-0.03869,0.00129,0.00116,0.00018,0.60126,-0.00065,0.12898,0.00084,0.70421,-0.00011,0.70999,1,1,1,1
1765409520.070195,-0.02579,0.00426,-0.03872,-0.00081,0.00031,0.00018,0.60122,-0.00065,0.12898,0.00084,0.70421,-0.00011,0.70999,1,1,1,1
1765409520.072227,-0.01450,0.00640,-0.00851,0.00031,0.00081,0.00032,0.60122,-0.00065,0.12898,0.00084,0.70421,-0.00011,0.70999,1,1,1,1
1765409520.074214,0.01971,0.00558,-0.02384,-0.00013,0.00065,0.00028,0.60118,-0.00065,0.12898,0.00084,0.70421,-0.00011,0.70999,1,1,1,1
1765409520.076237,-0.00087,0.01461,0.02168,-0.00003,-0.00064,-0.00007,0.60118,-0.00065,0.12898,0.00084,0.70421,-0.00011,0.70999,1,1,1,1
1765409520.078215,-0.00101,0.01784,-0.00139,-0.00064,0.00127,0.00017,0.60114,-0.00065,0.12898,0.00084,0.70422,-0.00011,0.70998,1,1,1,1
1765409520.080240,-0.02535,0.00413,-0.03871,-0.00125,0.00030,0.00018,0.60114,-0.00065,0.12898,0.00084,0.70422,-0.00011,0.70998,1,1,1,1
1765409520.082230,-0.01738,-0.02087,-0.01528,-0.00089,0.00061,0.00046,0.60110,-0.00065,0.12898,0.00084,0.70422,-0.00011,0.70998,1,1,1,1
1765409520.084233,-0.01967,-0.00045,0.01429,0.00154,0.00087,-0.00006,0.60110,-0.00065,0.12898,0.00084,0.70422,-0.00011,0.70998,1,1,1,1
1765409520.086236,-0.01324,0.02645,-0.03949,-0.00054,0.00013,-0.00025,0.60086,-0.00065,0.12897,0.00084,0.70423,-0.00011,0.70997,1,1,1,1
1765409520.088247,0.02408,0.03289,0.01342,-0.00024,0.00032,0.00016,0.60086,-0.00065,0.12897,0.00084,0.70423,-0.00011,0.70997,1,1,1,1
1765409520.090225,0.01219,0.05464,0.05083,-0.00129,0.00095,0.00019,0.60086,-0.00065,0.12897,0.00084,0.70423,-0.00011,0.70997,1,1,1,1
1765409520.092228,0.02250,-0.00649,0.01443,0.00125,0.00075,0.00044,0.60086,-0.00065,0.12897,0.00084,0.70423,-0.00011,0.70997,1,1,1,1
1765409520.094231,-0.02922,0.00236,-0.01578,-0.00127,-0.00041,0.00007,0.60086,-0.00065,0.12897,0.00084,0.70423,-0.00011,0.70997,1,1,1,1
1765409520.096236,-0.02280,-0.01292,0.01491,0.00029,0.00054,0.00049,0.60086,-0.00065,0.12897,0.00084,0.70423,-0.00011,0.70997,1,1,1,1
1765409520.098232,-0.01567,0.02928,0.02960,-0.00269,-0.00134,0.00117,0.60086,-0.00065,0.12897,0.00084,0.70423,-0.00011,0.70997,1,1,1,1
1765409520.100241,0.00708,0.04782,0.00548,-0.00028,0.00064,0.00016,0.60086,-0.00065,0.12897,0.00084,0.70423,-0.00011,0.70997,1,1,1,1
1765409520.102252,0.00194,0.01053,-0.01647,0.00058,0.00149,0.00016,0.60086,-0.00065,0.12897,0.00084,0.70423,-0.00011,0.70997,1,1,1,1
1765409520.104254,-0.00611,0.05079,0.02072,0.00019,0.00054,0.00032,0.60086,-0.00065,0.12897,0.00084,0.70423,-0.00011,0.70997,1,1,1,1
1765409520.106229,-0.00531,0.01551,-0.03156,-0.00067,0.00107,0.00043,0.60086,-0.00065,0.12897,0.00084,0.70423,-0.00011,0.70997,1,1,1,1
1765409520.108247,-0.04043,-0.00761,0.00715,0.00101,0.00087,0.00036,0.60086,-0.00065,0.12897,0.00084,0.70423,-0.00011,0.70997,1,1,1,1
1765409520.110243,-0.01307,-0.03276,-0.03020,-0.00060,0.00006,0.00018,0.60082,-0.00065,0.12897,0.00084,0.70423,-0.00011,0.70997,1,1,1,1
1765409520.112248,-0.07326,-0.03429,0.03842,-0.00325,0.00001,-0.00023,0.60082,-0.00065,0.12897,0.00084,0.70423,-0.00011,0.70997,1,1,1,1
1765409520.114225,0.00243,-0.01360,0.02218,0.00051,0.00086,0.00006,0.60078,-0.00065,0.12897,0.00084,0.70423,-0.00011,0.70997,1,1,1,1
1765409520.116275,-0.00889,0.05300,0.02061,-0.00109,0.00057,0.00006,0.60078,-0.00065,0.12897,0.00084,0.70423,-0.00011,0.70997,1,1,1,1
1765409520.118243,0.00567,0.00959,-0.00868,0.00166,-0.00021,0.00003,0.60074,-0.00065,0.12896,0.00084,0.70424,-0.00011,0.70997,1,1,1,1
1765409520.120346,0.01177,0.00089,0.00663,-0.00041,0.00061,0.00004,0.60074,-0.00065,0.12896,0.00084,0.70424,-0.00011,0.70997,1,1,1,1
1765409520.122276,-0.00933,-0.03501,-0.01484,-0.00019,-0.00024,0.00046,0.60070,-0.00065,0.12896,0.00084,0.70424,-0.00011,0.70996,1,1,1,1
1765409520.124289,-0.02167,-0.01320,-0.02302,-0.00080,0.00040,0.00046,0.60070,-0.00065,0.12896,0.00084,0.70424,-0.00011,0.70996,1,1,1,1
1765409520.126283,-0.04864,-0.02736,-0.01504,0.00077,0.00099,0.00049,0.60070,-0.00065,0.12896,0.00084,0.70424,-0.00011,0.70996,1,1,1,1
1765409520.128268,-0.02279,0.02995,0.03686,-0.00312,-0.00179,-0.00003,0.60049,-0.00065,0.12896,0.00084,0.70424,-0.00011,0.70996,1,1,1,1
1765409520.130291,-0.00533,0.04660,-0.04745,-0.00008,-0.00061,0.00001,0.60049,-0.00065,0.12896,0.00084,0.70424,-0.00011,0.70996,1,1,1,1
1765409520.132279,0.01081,0.04553,-0.00194,0.00013,0.00034,0.00043,0.60049,-0.00065,0.12896,0.00084,0.70424,-0.00011,0.70996,1,1,1,1
1765409520.134287,-0.01787,-0.01021,-0.00037,-0.00011,-0.00003,0.00020,0.60049,-0.00065,0.12896,0.00084,0.70424,-0.00011,0.70996,1,1,1,1
1765409520.136272,-0.00464,-0.01371,-0.00810,-0.00081,0.00070,0.00005,0.60049,-0.00065,0.12896,0.00084,0.70424,-0.00011,0.70996,1,1,1,1
1765409520.138266,-0.00282,-0.00096,0.00678,0.00132,0.00080,0.00032,0.60049,-0.00065,0.12896,0.00084,0.70424,-0.00011,0.70996,1,1,1,1
1765409520.140311,-0.01630,0.02424,-0.00898,-0.00144,-0.00034,-0.00035,0.60049,-0.00065,0.12896,0.00084,0.70424,-0.00011,0.70996,1,1,1,1
1765409520.142257,-0.02301,-0.03763,-0.03770,0.00065,0.00069,0.00032,0.60049,-0.00065,0.12896,0.00084,0.70424,-0.00011,0.70996,1,1,1,1
1765409520.144297,-0.00075,-0.00076,0.00715,-0.00065,-0.00036,0.00073,0.60049,-0.00065,0.12896,0.00084,0.70424,-0.00011,0.70996,1,1,1,1
1765409520.146269,-0.00951,-0.04085,0.03781,0.00017,0.00153,-0.00058,0.60045,-0.00065,0.12896,0.00084,0.70424,-0.00011,0.70996,1,1,1,1
1765409520.148286,-0.00591,0.05505,-0.03289,0.00003,0.00142,-0.00026,0.60045,-0.00065,0.12896,0.00084,0.70424,-0.00011,0.70996,1,1,1,1
1765409520.150269,-0.00566,0.03568,-0.00152,-0.00042,0.00055,0.00071,0.60041,-0.00065,0.12896,0.00084,0.70424,-0.00011,0.70996,1,1,1,1
1765409520.152289,-0.02717,0.03501,-0.03957,0.00087,-0.00047,-0.00023,0.60041,-0.00065,0.12896,0.00084,0.70424,-0.00011,0.70996,1,1,1,1
1765409520.154290,0.00218,0.01618,0.05182,0.00065,0.00071,0.00008,0.60037,-0.00065,0.12896,0.00084,0.70423,-0.00011,0.70997,1,1,1,1
1765409520.156286,-0.03126,-0.01787,0.00010,0.00002,0.00053,0.00103,0.60037,-0.00065,0.12896,0.00084,0.70423,-0.00011,0.70997,1,1,1,1
1765409520.158334,-0.00198,-0.04042,-0.04538,0.00084,0.00057,0.00016,0.60037,-0.00065,0.12896,0.00084,0.70423,-0.00011,0.70997,1,1,1,1
1765409520.160309,-0.01746,-0.01109,-0.00807,-0.00078,0.00085,0.00020,0.60033,-0.00065,0.12896,0.00084,0.70423,-0.00011,0.70997,1,1,1,1
1765409520.162280,0.01159,-0.00393,0.01441,-0.00025,0.00050,0.00018,0.60014,-0.00065,0.12898,0.00084,0.70422,-0.00011,0.70998,1,1,1,1
1765409520.164325,-0.02768,0.01508,-0.03908,0.00129,-0.00006,-0.00010,0.60014,-0.00065,0.12898,0.00084,0.70422,-0.00011,0.70998,1,1,1,1
1765409520.166306,-0.01912,0.00270,0.04514,-0.00257,-0.00155,0.00011,0.60014,-0.00065,0.12898,0.00084,0.70422,-0.00011,0.70998,1,1,1,1
1765409520.168407,-0.02344,0.03562,-0.01677,0.00023,0.00140,0.00072,0.60014,-0.00065,0.12898,0.00084,0.70422,-0.00011,0.70998,1,1,1,1
1765409520.170309,-0.01769,-0.00042,-0.00834,-0.00021,0.00008,-0.00007,0.60014,-0.00065,0.12898,0.00084,0.70422,-0.00011,0.70998,1,1,1,1
1765409520.172317,0.00698,-0.01134,0.02217,0.00010,0.00081,0.00019,0.60014,-0.00065,0.12898,0.00084,0.70422,-0.00011,0.70998,1,1,1,1
1765409520.174320,-0.01144,-0.01244,0.01502,-0.00188,-0.00112,0.00008,0.60014,-0.00065,0.12898,0.00084,0.70422,-0.00011,0.70998,1,1,1,1
1765409520.176301,0.00781,0.00376,-0.02366,-0.00059,0.00003,0.00016,0.60014,-0.00065,0.12898,0.00084,0.70422,-0.00011,0.70998,1,1,1,1
1765409520.178318,-0.04357,0.03778,0.02142,-0.00325,-0.00167,-0.00043,0.60014,-0.00065,0.12898,0.00084,0.70422,-0.00011,0.70998,1,1,1,1
1765409520.180313,-0.04135,-0.01309,-0.00041,0.00160,0.00178,0.00049,0.60014,-0.00065,0.12898,0.00084,0.70422,-0.00011,0.70998,1,1,1,1
1765409520.182298,-0.02571,0.00937,-0.03869,-0.00097,-0.00007,0.00045,0.60010,-0.00065,0.12898,0.00084,0.70422,-0.00011,0.70998,1,1,1,1
1765409520.184320,-0.00201,0.01347,-0.00119,0.00040,0.00090,0.00031,0.60010,-0.00065,0.12898,0.00084,0.70422,-0.00011,0.70998,1,1,1,1
1765409520.186309,-0.00063,0.04797,-0.03999,-0.00093,0.00035,0.00014,0.60005,-0.00065,0.12898,0.00084,0.70422,-0.00011,0.70998,1,1,1,1
1765409520.188348,0.01584,0.01371,0.00650,-0.00025,-0.00020,0.00030,0.60005,-0.00065,0.12898,0.00084,0.70422,-0.00011,0.70998,1,1,1,1
1765409520.190327,-0.00087,0.01820,-0.01651,-0.00064,0.00076,0.00016,0.60001,-0.00065,0.12897,0.00084,0.70422,-0.00011,0.70998,1,1,1,1
1765409520.192345,-0.04449,-0.01470,-0.01573,0.00136,0.00092,-0.00046,0.60001,-0.00065,0.12897,0.00084,0.70422,-0.00011,0.70998,1,1,1,1
1765409520.194319,0.00184,0.00593,0.00654,0.00074,0.00112,0.00031,0.59997,-0.00065,0.12898,0.00084,0.70422,-0.00011,0.70998,1,1,1,1
1765409520.196365,-0.05140,0.01961,0.05213,-0.00062,0.00060,0.00027,0.59977,-0.00065,0.12897,0.00084,0.70423,-0.00011,0.70997,1,1,1,1
1765409520.198321,0.00804,0.00799,-0.01616,-0.00120,0.00066,0.00043,0.59977,-0.00065,0.12897,0.00084,0.70423,-0.00011,0.70997,1,1,1,1
1765409520.200331,-0.00491,0.04571,-0.02459,-0.00096,0.00015,0.00043,0.59977,-0.00065,0.12897,0.00084,0.70423,-0.00011,0.70997,1,1,1,1
1765409520.202325,0.01965,0.00543,0.00651,-0.00013,0.00090,0.00030,0.59977,-0.00065,0.12897,0.00084,0.70423,-0.00011,0.70997,1,1,1,1
1765409520.204337,0.00682,0.00312,-0.00105,0.00005,0.00118,0.00017,0.59977,-0.00065,0.12897,0.00084,0.70423,-0.00011,0.70997,1,1,1,1
1765409520.206340,-0.00112,0.00823,-0.00098,-0.00054,0.00090,0.00045,0.59977,-0.00065,0.12897,0.00084,0.70423,-0.00011,0.70997,1,1,1,1
1765409520.208334,-0.01316,0.02168,-0.02408,-0.00060,-0.00012,-0.00010,0.59977,-0.00065,0.12897,0.00084,0.70423,-0.00011,0.70997,1,1,1,1
1765409520.210345,-0.04290,0.00467,-0.03106,-0.00059,0.00039,0.00020,0.59977,-0.00065,0.12897,0.00084,0.70423,-0.00011,0.70997,1,1,1,1
1765409520.212324,-0.00495,-0.00326,-0.02359,-0.00024,0.00018,-0.00023,0.59977,-0.00065,0.12897,0.00084,0.70423,-0.00011,0.70997,1,1,1,1
1765409520.214337,-0.00493,0.01652,-0.00100,-0.00066,-0.00020,0.00045,0.59977,-0.00065,0.12897,0.00084,0.70423,-0.00011,0.70997,1,1,1,1
1765409520.216366,0.01143,0.00063,-0.01622,-0.00019,0.00100,0.00002,0.59977,-0.00065,0.12897,0.00084,0.70423,-0.00011,0.70997,1,1,1,1
1765409520.218337,0.01628,0.01367,0.02153,-0.00047,-0.00009,-0.00009,0.59977,-0.00065,0.12897,0.00084,0.70423,-0.00011,0.70997,1,1,1,1
1765409520.220356,-0.00005,0.01410,0.01425,-0.00112,-0.00052,0.00033,0.59973,-0.00065,0.12897,0.00084,0.70423,-0.00011,0.70997,1,1,1,1
1765409520.222341,-0.01266,0.02587,-0.02398,-0.00164,0.00027,0.00058,0.59969,-0.00065,0.12897,0.00084,0.70423,-0.00011,0.70998,1,1,1,1
1765409520.224353,-0.00905,0.00908,-0.04636,-0.00075,-0.00015,0.00042,0.59969,-0.00065,0.12897,0.00084,0.70423,-0.00011,0.70998,1,1,1,1
1765409520.226338,-0.00959,0.00832,-0.02374,-0.00054,0.00100,0.00044,0.59965,-0.00065,0.12897,0.00084,0.70423,-0.00011,0.70997,1,1,1,1
1765409520.228363,-0.01686,0.00901,0.01443,-0.00141,0.00007,0.00048,0.59965,-0.00065,0.12897,0.00084,0.70423,-0.00011,0.70997,1,1,1,1
1765409520.230345,-0.01989,0.02113,0.03690,-0.00257,0.00009,0.00037,0.59961,-0.00065,0.12897,0.00084,0.70423,-0.00011,0.70997,1,1,1,1
1765409520.232373,0.01840,0.01582,-0.00870,0.00087,0.00041,0.00082,0.59961,-0.00065,0.12897,0.00084,0.70423,-0.00011,0.70997,1,1,1,1
1765409520.234366,0.01192,0.00120,-0.00072,-0.00062,-0.00001,0.00044,0.59961,-0.00065,0.12897,0.00084,0.70423,-0.00011,0.70997,1,1,1,1
1765409520.236377,-0.01509,-0.00366,0.01420,0.00106,0.00157,-0.00020,0.59941,-0.00065,0.12896,0.00083,0.70424,-0.00011,0.70996,1,1,1,1
1765409520.238353,0.00359,0.02033,-0.01673,-0.00083,0.00108,-0.00011,0.59941,-0.00065,0.12896,0.00083,0.70424,-0.00011,0.70996,1,1,1,1
1765409520.240375,-0.04253,0.00935,-0.02366,-0.00097,0.00063,0.00007,0.59941,-0.00065,0.12896,0.00083,0.70424,-0.00011,0.70996,1,1,1,1
1765409520.242392,-0.02712,-0.02017,-0.05340,0.00064,0.00060,0.00004,0.59941,-0.00065,0.12896,0.00083,0.70424,-0.00011,0.70996,1,1,1,1
1765409520.244392,-0.01765,-0.04436,-0.02232,0.00013,-0.00039,-0.00007,0.59941,-0.00065,0.12896,0.00083,0.70424,-0.00011,0.70996,1,1,1,1
1765409520.246379,-0.00289,-0.04700,0.05373,-0.00165,-0.00108,-0.00015,0.59941,-0.00065,0.12896,0.00083,0.70424,-0.00011,0.70996,1,1,1,1
1765409520.248375,0.00633,0.03354,-0.01690,0.00064,0.00028,0.00015,0.59941,-0.00065,0.12896,0.00083,0.70424,-0.00011,0.70996,1,1,1,1
1765409520.250371,-0.00079,0.00845,-0.00092,-0.00076,0.00051,0.00045,0.59941,-0.00065,0.12896,0.00083,0.70424,-0.00011,0.70996,1,1,1,1
1765409520.252386,-0.03705,0.03200,0.01391,-0.00200,-0.00047,0.00009,0.59941,-0.00065,0.12896,0.00083,0.70424,-0.00011,0.70996,1,1,1,1
1765409520.254364,-0.03481,-0.00497,-0.03105,0.00017,0.00029,-0.00034,0.59937,-0.00065,0.12896,0.00083,0.70424,-0.00011,0.70996,1,1,1,1
1765409520.256371,-0.02486,0.00478,-0.00819,-0.00146,-0.00059,0.00021,0.59937,-0.00065,0.12896,0.00083,0.70424,-0.00011,0.70996,1,1,1,1
1765409520.258410,0.01108,-0.00896,0.02214,0.00013,0.00076,0.00032,0.59933,-0.00065,0.12897,0.00083,0.70424,-0.00011,0.70996,1,1,1,1
1765409520.260397,0.01452,-0.00204,0.02181,0.00065,0.00148,0.00032,0.59933,-0.00065,0.12897,0.00083,0.70424,-0.00011,0.70996,1,1,1,1
1765409520.262400,0.00988,-0.03563,-0.00737,-0.00216,-0.00060,0.00005,0.59929,-0.00065,0.12896,0.00083,0.70424,-0.00011,0.70996,1,1,1,1
1765409520.264394,-0.01396,-0.00764,-0.02335,0.00036,-0.00008,-0.00009,0.59929,-0.00065,0.12896,0.00083,0.70424,-0.00011,0.70996,1,1,1,1
1765409520.266406,0.00309,0.05492,-0.00214,-0.00085,0.00081,0.00056,0.59929,-0.00065,0.12896,0.00083,0.70424,-0.00011,0.70996,1,1,1,1
1765409520.268400,-0.02204,0.02681,-0.00871,-0.00053,-0.00026,0.00060,0.59925,-0.00065,0.12897,0.00083,0.70424,-0.00011,0.70996,1,1,1,1
1765409520.270414,-0.02190,0.01598,-0.03144,-0.00088,0.00089,0.00044,0.59925,-0.00065,0.12897,0.00083,0.70424,-0.00011,0.70996,1,1,1,1
1765409520.272432,0.00320,0.00136,0.00670,-0.00019,0.00034,0.00005,0.59901,-0.00065,0.12896,0.00083,0.70424,-0.00011,0.70996,1,1,1,1
1765409520.274427,0.02342,0.04734,0.02053,0.00016,0.00094,0.00016,0.59901,-0.00065,0.12896,0.00083,0.70424,-0.00011,0.70996,1,1,1,1
1765409520.276397,0.01499,0.03331,0.02104,0.00042,0.00030,0.00017,0.59901,-0.00065,0.12896,0.00083,0.70424,-0.00011,0.70996,1,1,1,1
1765409520.278387,-0.01409,-0.01312,-0.01530,-0.00014,0.00019,0.00086,0.59901,-0.00065,0.12896,0.00083,0.70424,-0.00011,0.70996,1,1,1,1
1765409520.280420,-0.01352,-0.00847,0.04508,-0.00052,0.00068,0.00037,0.59901,-0.00065,0.12896,0.00083,0.70424,-0.00011,0.70996,1,1,1,1
1765409520.282441,-0.02636,-0.00092,-0.00065,-0.00043,0.00083,0.00034,0.59901,-0.00065,0.12896,0.00083,0.70424,-0.00011,0.70996,1,1,1,1
1765409520.284422,-0.00486,-0.01301,-0.00801,-0.00036,-0.00006,0.00005,0.59901,-0.00065,0.12896,0.00083,0.70424,-0.00011,0.70996,1,1,1,1
1765409520.286443,0.00180,-0.00354,-0.02341,0.00085,0.00050,0.00057,0.59901,-0.00065,0.12896,0.00083,0.70424,-0.00011,0.70996,1,1,1,1
1765409520.288423,-0.00108,0.00898,0.00673,-0.00031,0.00001,0.00046,0.59901,-0.00065,0.12896,0.00083,0.70424,-0.00011,0.70996,1,1,1,1
1765409520.290446,-0.02675,0.00932,-0.03136,0.00013,0.00057,0.00005,0.59901,-0.00065,0.12896,0.00083,0.70424,-0.00011,0.70996,1,1,1,1
1765409520.292403,-0.00871,0.00313,-0.03131,-0.00126,0.00112,0.00017,0.59901,-0.00065,0.12896,0.00083,0.70424,-0.00011,0.70996,1,1,1,1
1765409520.294425,-0.01697,0.02005,-0.03151,-0.00062,-0.00109,-0.00023,0.59901,-0.00065,0.12896,0.00083,0.70424,-0.00011,0.70996,1,1,1,1
1765409520.296420,-0.02205,-0.00293,-0.03095,-0.00024,0.00014,0.00018,0.59897,-0.00065,0.12896,0.00083,0.70424,-0.00011,0.70996,1,1,1,1
1765409520.298404,-0.00936,0.01394,0.02176,-0.00047,0.00023,0.00034,0.59897,-0.00065,0.12896,0.00083,0.70424,-0.00011,0.70996,1,1,1,1
1765409520.300431,0.00465,-0.04350,0.08417,-0.00182,0.00024,0.00093,0.59893,-0.00065,0.12896,0.00083,0.70424,-0.00011,0.70996,1,1,1,1
1765409520.302413,0.03201,0.02277,-0.00926,0.00029,0.00061,-0.00000,0.59893,-0.00065,0.12896,0.00083,0.70424,-0.00011,0.70996,1,1,1,1
1765409520.304420,0.00268,0.03596,-0.00927,0.00002,0.00019,0.00030,0.59889,-0.00065,0.12896,0.00083,0.70425,-0.00011,0.70996,1,1,1,1
1765409520.306406,-0.03087,0.02098,-0.01628,-0.00061,0.00113,0.00073,0.59889,-0.00065,0.12896,0.00083,0.70425,-0.00011,0.70996,1,1,1,1
1765409520.308437,-0.04883,0.01501,0.05238,-0.00265,-0.00057,0.00001,0.59885,-0.00065,0.12896,0.00083,0.70424,-0.00011,0.70996,1,1,1,1
1765409520.310449,-0.02142,-0.01801,-0.00797,-0.00064,0.00052,-0.00020,0.59885,-0.00065,0.12896,0.00083,0.70424,-0.00011,0.70996,1,1,1,1
1765409520.312450,0.00398,0.00647,0.02938,-0.00078,-0.00006,-0.00007,0.59869,-0.00065,0.12897,0.00083,0.70424,-0.00011,0.70996,1,1,1,1
1765409520.314442,0.01940,0.01542,0.04411,0.00021,0.00102,0.00006,0.59869,-0.00065,0.12897,0.00083,0.70424,-0.00011,0.70996,1,1,1,1
1765409520.316440,-0.00953,-0.02475,-0.00034,0.00059,-0.00013,-0.00061,0.59869,-0.00065,0.12897,0.00083,0.70424,-0.00011,0.70996,1,1,1,1
1765409520.318425,0.00391,-0.00886,-0.01535,-0.00140,-0.00002,0.00111,0.59869,-0.00065,0.12897,0.00083,0.70424,-0.00011,0.70996,1,1,1,1
1765409520.320450,-0.02731,-0.02493,-0.05339,0.00102,0.00060,-0.00023,0.59869,-0.00065,0.12897,0.00083,0.70424,-0.00011,0.70996,1,1,1,1
1765409520.322419,0.00316,0.05510,-0.00971,-0.00084,0.00056,0.00056,0.59869,-0.00065,0.12897,0.00083,0.70424,-0.00011,0.70996,1,1,1,1
1765409520.324431,0.01543,-0.00153,-0.00100,0.00022,0.00070,-0.00010,0.59869,-0.00065,0.12897,0.00083,0.70424,-0.00011,0.70996,1,1,1,1
1765409520.326431,-0.00259,0.00895,-0.05432,0.00122,0.00066,0.00000,0.59869,-0.00065,0.12897,0.00083,0.70424,-0.00011,0.70996,1,1,1,1
1765409520.328453,-0.01044,0.01430,-0.01624,0.00063,0.00012,0.00031,0.59864,-0.00065,0.12897,0.00083,0.70423,-0.00011,0.70997,1,1,1,1
1765409520.330432,-0.03483,0.03884,-0.02431,-0.00061,0.00052,0.00046,0.59864,-0.00065,0.12897,0.00083,0.70423,-0.00011,0.70997,1,1,1,1
1765409520.332433,0.00726,-0.03041,-0.00011,0.00030,0.00006,-0.00008,0.59860,-0.00065,0.12897,0.00083,0.70423,-0.00011,0.70997,1,1,1,1
1765409520.334447,0.00163,-0.02362,-0.03865,0.00148,0.00151,-0.00052,0.59860,-0.00065,0.12897,0.00083,0.70423,-0.00011,0.70997,1,1,1,1
1765409520.336469,-0.01990,-0.05443,-0.02975,0.00198,0.00054,0.00019,0.59856,-0.00065,0.12897,0.00083,0.70424,-0.00011,0.70997,1,1,1,1
1765409520.338445,0.00620,0.02815,0.00617,0.00036,0.00067,0.00071,0.59856,-0.00065,0.12897,0.00083,0.70424,-0.00011,0.70997,1,1,1,1
1765409520.340547,-0.03220,0.02018,0.04478,-0.00236,-0.00141,0.00025,0.59852,-0.00065,0.12897,0.00083,0.70423,-0.00011,0.70997,1,1,1,1
1765409520.342487,-0.02737,0.02443,-0.03156,0.00053,0.00019,0.00045,0.59852,-0.00065,0.12897,0.00083,0.70423,-0.00011,0.70997,1,1,1,1
1765409520.344459,-0.00136,0.00397,-0.03127,0.00006,0.00027,0.00016,0.59848,-0.00065,0.12897,0.00083,0.70423,-0.00011,0.70997,1,1,1,1
1765409520.346459,-0.01018,0.01797,-0.02401,-0.00020,0.00138,0.00057,0.59848,-0.00065,0.12897,0.00083,0.70423,-0.00011,0.70997,1,1,1,1
1765409520.348478,-0.00109,-0.00085,0.01434,0.00001,0.00026,-0.00007,0.59844,-0.00065,0.12897,0.00083,0.70423,-0.00011,0.70997,1,1,1,1
1765409520.350485,-0.01759,0.01409,-0.02394,-0.00047,0.00032,-0.00009,0.59844,-0.00065,0.12897,0.00083,0.70423,-0.00011,0.70997,1,1,1,1
1765409520.352471,-0.02307,0.01679,-0.00103,0.00044,0.00039,0.00047,0.59836,-0.00065,0.12897,0.00083,0.70423,-0.00011,0.70997,1,1,1,1
1765409520.354473,-0.01396,-0.02262,-0.04560,0.00018,-0.00006,0.00030,0.59824,-0.00065,0.12898,0.00083,0.70422,-0.00011,0.70998,1,1,1,1
1765409520.356448,-0.00211,0.00887,0.02182,0.00056,0.00053,0.00047,0.59824,-0.00065,0.12898,0.00083,0.70422,-0.00011,0.70998,1,1,1,1
1765409520.358471,-0.01428,0.01648,-0.03957,0.00065,0.00091,-0.00078,0.59824,-0.00065,0.12898,0.00083,0.70422,-0.00011,0.70998,1,1,1,1
1765409520.360471,0.01060,0.03499,-0.00169,0.00001,0.00112,0.00070,0.59824,-0.00065,0.12898,0.00083,0.70422,-0.00011,0.70998,1,1,1,1
1765409520.362481,-0.01033,0.02383,-0.03166,0.00030,0.00036,0.00043,0.59824,-0.00065,0.12898,0.00083,0.70422,-0.00011,0.70998,1,1,1,1
1765409520.364482,0.00360,0.00666,-0.01600,-0.00056,-0.00043,0.00030,0.59824,-0.00065,0.12898,0.00083,0.70422,-0.00011,0.70998,1,1,1,1
1765409520.366475,0.00700,0.00423,-0.00846,0.00029,-0.00022,0.00017,0.59824,-0.00065,0.12898,0.00083,0.70422,-0.00011,0.70998,1,1,1,1
1765409520.368481,-0.01039,0.00381,-0.00836,0.00028,0.00076,0.00059,0.59824,-0.00065,0.12898,0.00083,0.70422,-0.00011,0.70998,1,1,1,1
1765409520.370486,-0.00190,-0.00178,-0.00847,0.00021,0.00142,0.00031,0.59824,-0.00065,0.12898,0.00083,0.70422,-0.00011,0.70998,1,1,1,1
1765409520.372481,-0.00696,-0.00535,0.04517,-0.00223,-0.00093,0.00010,0.59820,-0.00065,0.12898,0.00083,0.70422,-0.00011,0.70998,1,1,1,1
1765409520.374478,-0.01423,0.00228,-0.03133,0.00070,0.00004,-0.00037,0.59820,-0.00065,0.12898,0.00083,0.70422,-0.00011,0.70998,1,1,1,1
1765409520.376478,-0.01377,0.00703,-0.01596,-0.00012,-0.00022,0.00032,0.59816,-0.00065,0.12897,0.00083,0.70423,-0.00011,0.70997,1,1,1,1
1765409520.378481,-0.03179,-0.01289,-0.00030,0.00073,0.00090,0.00048,0.59816,-0.00065,0.12897,0.00083,0.70423,-0.00011,0.70997,1,1,1,1
1765409520.380476,-0.00245,-0.02109,-0.00047,0.00107,0.00131,0.00005,0.59811,-0.00065,0.12897,0.00083,0.70423,-0.00011,0.70997,1,1,1,1
1765409520.382468,0.00188,0.00540,0.01405,0.00052,0.00175,0.00032,0.59811,-0.00065,0.12897,0.00083,0.70423,-0.00011,0.70997,1,1,1,1
1765409520.384507,-0.01385,0.04159,-0.01689,-0.00014,-0.00025,0.00017,0.59807,-0.00065,0.12897,0.00083,0.70423,-0.00011,0.70997,1,1,1,1
1765409520.386494,0.00272,0.01135,-0.06203,0.00037,0.00034,-0.00028,0.59807,-0.00065,0.12897,0.00083,0.70423,-0.00011,0.70997,1,1,1,1
1765409520.388501,-0.00835,-0.01572,-0.03836,-0.00105,0.00011,-0.00010,0.59803,-0.00065,0.12897,0.00083,0.70423,-0.00011,0.70997,1,1,1,1
1765409520.390510,-0.02667,-0.03516,-0.03784,0.00024,0.00073,0.00005,0.59803,-0.00065,0.12897,0.00083,0.70423,-0.00011,0.70997,1,1,1,1
1765409520.392487,-0.03902,0.01282,-0.01615,0.00017,-0.00031,-0.00020,0.59799,-0.00065,0.12897,0.00083,0.70423,-0.00011,0.70997,1,1,1,1
1765409520.394491,0.00651,0.04255,0.02853,-0.00012,0.00103,0.00072,0.59799,-0.00065,0.12897,0.00083,0.70423,-0.00011,0.70997,1,1,1,1
1765409520.396507,0.02759,0.03003,0.00589,0.00016,0.00079,0.00042,0.59783,-0.00065,0.12897,0.00083,0.70422,-0.00011,0.70998,1,1,1,1
1765409520.398693,0.02720,-0.02293,-0.03837,0.00149,-0.00031,-0.00014,0.59783,-0.00065,0.12897,0.00083,0.70422,-0.00011,0.70998,1,1,1,1
1765409520.400490,-0.00098,-0.01120,-0.00814,-0.00034,0.00065,0.00018,0.59783,-0.00065,0.12897,0.00083,0.70422,-0.00011,0.70998,1,1,1,1
1765409520.402502,-0.03079,0.01618,-0.02366,-0.00066,0.00088,0.00086,0.59783,-0.00065,0.12897,0.00083,0.70422,-0.00011,0.70998,1,1,1,1
1765409520.404490,-0.03632,0.00223,0.07543,-0.00258,-0.00033,0.00015,0.59783,-0.00065,0.12897,0.00083,0.70422,-0.00011,0.70998,1,1,1,1
1765409520.406500,-0.01380,0.00139,-0.00847,-0.00019,0.00080,0.00005,0.59783,-0.00065,0.12897,0.00083,0.70422,-0.00011,0.70998,1,1,1,1
1765409520.408503,-0.00516,0.03570,-0.03185,-0.00086,0.00030,0.00069,0.59783,-0.00065,0.12897,0.00083,0.70422,-0.00011,0.70998,1,1,1,1
1765409520.410513,0.00235,0.00726,-0.00081,0.00076,-0.00067,0.00031,0.59783,-0.00065,0.12897,0.00083,0.70422,-0.00011,0.70998,1,1,1,1
1765409520.412499,0.01036,0.02575,-0.03180,0.00055,0.00050,0.00054,0.59779,-0.00065,0.12897,0.00083,0.70422,-0.00011,0.70998,1,1,1,1
1765409520.414511,-0.00974,-0.01059,-0.02325,0.00010,0.00025,0.00018,0.59779,-0.00065,0.12897,0.00083,0.70422,-0.00011,0.70998,1,1,1,1
1765409520.416534,-0.02636,-0.00590,-0.00047,-0.00049,0.00083,0.00048,0.59775,-0.00065,0.12898,0.00083,0.70422,-0.00011,0.70998,1,1,1,1
1765409520.418535,-0.00905,0.00419,-0.03117,-0.00059,-0.00002,0.00017,0.59775,-0.00065,0.12898,0.00083,0.70422,-0.00011,0.70998,1,1,1,1
1765409520.420515,0.01089,0.00114,0.00660,0.00047,0.00063,0.00004,0.59771,-0.00065,0.12897,0.00083,0.70422,-0.00011,0.70998,1,1,1,1
1765409520.422516,-0.01864,-0.02031,-0.02288,0.00042,0.00037,0.00046,0.59771,-0.00065,0.12897,0.00083,0.70422,-0.00011,0.70998,1,1,1,1
1765409520.424507,-0.00051,-0.00065,-0.02356,-0.00043,-0.00025,-0.00010,0.59767,-0.00064,0.12898,0.00083,0.70422,-0.00011,0.70998,1,1,1,1
1765409520.426522,0.01082,0.01586,0.02140,0.00043,0.00074,0.00005,0.59767,-0.00064,0.12898,0.00083,0.70422,-0.00011,0.70998,1,1,1,1
1765409520.428589,0.01089,-0.00392,-0.00824,0.00019,0.00051,0.00057,0.59767,-0.00064,0.12898,0.00083,0.70422,-0.00011,0.70998,1,1,1,1
1765409520.430541,-0.02290,0.02157,-0.03160,0.00028,0.00052,0.00031,0.59767,-0.00064,0.12898,0.00083,0.70422,-0.00011,0.70998,1,1,1,1
1765409520.432523,-0.02337,-0.00251,-0.00820,0.00108,0.00016,0.00020,0.59767,-0.00064,0.12898,0.00083,0.70422,-0.00011,0.70998,1,1,1,1
1765409520.434533,-0.00794,-0.01027,-0.00046,-0.00120,-0.00054,-0.00021,0.59763,-0.00064,0.12898,0.00083,0.70422,-0.00011,0.70998,1,1,1,1
1765409520.436546,-0.01863,0.01442,-0.00082,0.00019,-0.00003,0.00074,0.59755,-0.00064,0.12897,0.00083,0.70422,-0.00011,0.70998,1,1,1,1
1765409520.439520,0.01265,0.02039,-0.02410,-0.00148,0.00034,0.00028,0.59743,-0.00064,0.12898,0.00083,0.70421,-0.00011,0.70999,1,1,1,1
1765409520.440576,-0.01763,0.00891,0.01436,-0.00075,0.00046,0.00048,0.59743,-0.00064,0.12898,0.00083,0.70421,-0.00011,0.70999,1,1,1,1
1765409520.442538,-0.01266,0.01624,0.03645,-0.00088,0.00076,-0.00072,0.59743,-0.00064,0.12898,0.00083,0.70421,-0.00011,0.70999,1,1,1,1
1765409520.444543,0.00965,0.01110,-0.01663,0.00168,0.00101,-0.00025,0.59743,-0.00064,0.12898,0.00083,0.70421,-0.00011,0.70999,1,1,1,1
1765409520.446540,0.00992,0.01115,-0.00901,0.00146,0.00088,-0.00025,0.59743,-0.00064,0.12898,0.00083,0.70421,-0.00011,0.70999,1,1,1,1
1765409520.448533,-0.01095,0.02906,-0.01647,0.00081,0.00012,0.00071,0.59743,-0.00064,0.12898,0.00083,0.70421,-0.00011,0.70999,1,1,1,1
1765409520.450568,-0.03854,0.02196,-0.03902,-0.00081,0.00007,0.00032,0.59743,-0.00064,0.12898,0.00083,0.70421,-0.00011,0.70999,1,1,1,1
1765409520.452526,-0.01518,0.01716,-0.03158,0.00131,0.00004,0.00003,0.59739,-0.00064,0.12899,0.00083,0.70421,-0.00010,0.70999,1,1,1,1
1765409520.454530,0.01938,0.02515,-0.03186,-0.00011,0.00077,0.00053,0.59739,-0.00064,0.12899,0.00083,0.70421,-0.00010,0.70999,1,1,1,1
1765409520.456524,-0.00631,-0.01729,-0.03061,0.00112,-0.00042,0.00017,0.59735,-0.00064,0.12899,0.00083,0.70421,-0.00011,0.71000,1,1,1,1
1765409520.458546,-0.00007,-0.01576,-0.04580,-0.00105,-0.00024,0.00029,0.59735,-0.00064,0.12899,0.00083,0.70421,-0.00011,0.71000,1,1,1,1
1765409520.460558,-0.00653,-0.03839,0.02288,0.00086,0.00138,0.00035,0.59731,-0.00064,0.12899,0.00083,0.70421,-0.00011,0.70999,1,1,1,1
1765409520.462551,-0.03469,0.00454,-0.01592,-0.00037,0.00041,0.00020,0.59731,-0.00064,0.12899,0.00083,0.70421,-0.00011,0.70999,1,1,1,1
1765409520.464562,-0.02744,0.01935,-0.00880,0.00068,0.00057,0.00020,0.59727,-0.00064,0.12899,0.00083,0.70421,-0.00011,0.70999,1,1,1,1
1765409520.466564,-0.01347,0.02634,-0.00878,-0.00076,0.00002,0.00059,0.59727,-0.00064,0.12899,0.00083,0.70421,-0.00011,0.70999,1,1,1,1
1765409520.468569,-0.00010,-0.02001,-0.00031,-0.00045,-0.00063,-0.00035,0.59723,-0.00064,0.12899,0.00083,0.70421,-0.00011,0.70999,1,1,1,1
1765409520.471296,0.02783,-0.00903,0.02969,0.00035,0.00043,0.00031,0.59703,-0.00064,0.12899,0.00083,0.70420,-0.00011,0.71000,1,1,1,1
1765409520.472550,-0.00394,0.01596,-0.00878,-0.00154,0.00029,0.00004,0.59703,-0.00064,0.12899,0.00083,0.70420,-0.00011,0.71000,1,1,1,1
1765409520.474562,0.01506,-0.00629,-0.02342,0.00038,0.00034,0.00042,0.59703,-0.00064,0.12899,0.00083,0.70420,-0.00011,0.71000,1,1,1,1
1765409520.476559,-0.03403,0.05454,-0.03208,-0.00107,-0.00090,0.00045,0.59703,-0.00064,0.12899,0.00083,0.70420,-0.00011,0.71000,1,1,1,1
1765409520.478741,0.00261,0.00602,0.00661,0.00009,0.00073,0.00032,0.59703,-0.00064,0.12899,0.00083,0.70420,-0.00011,0.71000,1,1,1,1
1765409520.480627,0.00705,0.01863,0.02907,0.00002,0.00028,0.00019,0.59703,-0.00064,0.12899,0.00083,0.70420,-0.00011,0.71000,1,1,1,1
1765409520.482587,0.03186,0.00305,0.02185,0.00028,0.00051,0.00057,0.59703,-0.00064,0.12899,0.00083,0.70420,-0.00011,0.71000,1,1,1,1
1765409520.484570,-0.01568,-0.00026,0.06019,-0.00195,-0.00071,-0.00002,0.59703,-0.00064,0.12899,0.00083,0.70420,-0.00011,0.71000,1,1,1,1
1765409520.486584,-0.01842,0.02368,-0.00127,-0.00014,0.00071,0.00046,0.59703,-0.00064,0.12899,0.00083,0.70420,-0.00011,0.71000,1,1,1,1
1765409520.488573,-0.04425,0.03903,-0.01675,0.00027,0.00089,0.00047,0.59703,-0.00064,0.12899,0.00083,0.70420,-0.00011,0.71000,1,1,1,1
1765409520.490581,-0.03074,0.03629,-0.03193,-0.00042,0.00060,0.00031,0.59703,-0.00064,0.12899,0.00083,0.70420,-0.00011,0.71000,1,1,1,1
1765409520.492571,-0.00995,-0.01102,0.03724,0.00032,0.00113,-0.00018,0.59699,-0.00064,0.12899,0.00083,0.70421,-0.00011,0.70999,1,1,1,1
1765409520.494581,0.01944,-0.01791,-0.03089,0.00089,-0.00035,-0.00026,0.59699,-0.00064,0.12899,0.00083,0.70421,-0.00011,0.70999,1,1,1,1
1765409520.496575,0.00239,-0.02560,0.03811,-0.00313,-0.00090,0.00023,0.59694,-0.00064,0.12899,0.00083,0.70421,-0.00011,0.70999,1,1,1,1
1765409520.498585,-0.03001,0.01709,-0.05420,-0.00065,-0.00016,0.00003,0.59694,-0.00064,0.12899,0.00083,0.70421,-0.00011,0.70999,1,1,1,1
1765409520.500571,-0.01843,-0.00479,-0.02331,0.00061,-0.00041,0.00005,0.59690,-0.00064,0.12898,0.00083,0.70422,-0.00011,0.70998,1,1,1,1
1765409520.502621,-0.05896,-0.01453,0.01505,-0.00104,0.00021,-0.00001,0.59690,-0.00064,0.12898,0.00083,0.70422,-0.00011,0.70998,1,1,1,1
1765409520.504589,-0.01010,-0.02013,0.00734,0.00064,0.00013,0.00007,0.59686,-0.00064,0.12898,0.00083,0.70422,-0.00011,0.70998,1,1,1,1
1765409520.506598,-0.02648,-0.01052,-0.03080,-0.00011,0.00058,0.00019,0.59686,-0.00064,0.12898,0.00083,0.70422,-0.00011,0.70998,1,1,1,1
1765409520.508605,0.00248,0.03117,-0.03204,0.00039,0.00020,0.00001,0.59682,-0.00064,0.12898,0.00083,0.70422,-0.00011,0.70998,1,1,1,1
1765409520.510624,0.02759,0.03501,0.00571,0.00023,0.00078,0.00028,0.59678,-0.00064,0.12898,0.00083,0.70422,-0.00011,0.70998,1,1,1,1
1765409520.512603,-0.00211,0.01377,0.00663,0.00040,0.00040,0.00072,0.59662,-0.00064,0.12897,0.00083,0.70423,-0.00011,0.70997,1,1,1,1
1765409520.514607,-0.01005,-0.01581,0.00743,0.00004,0.00052,0.00074,0.59662,-0.00064,0.12897,0.00083,0.70423,-0.00011,0.70997,1,1,1,1
1765409520.516633,-0.03156,-0.03219,-0.00725,0.00072,0.00029,0.00062,0.59662,-0.00064,0.12897,0.00083,0.70423,-0.00011,0.70997,1,1,1,1
1765409520.518618,-0.02585,-0.01087,-0.03062,-0.00099,0.00058,0.00059,0.59662,-0.00064,0.12897,0.00083,0.70423,-0.00011,0.70997,1,1,1,1
1765409520.520596,0.01063,-0.01870,0.00695,0.00088,0.00102,-0.00022,0.59662,-0.00064,0.12897,0.00083,0.70423,-0.00011,0.70997,1,1,1,1
1765409520.522614,-0.01208,-0.00221,-0.00053,-0.00111,-0.00126,-0.00020,0.59662,-0.00064,0.12897,0.00083,0.70423,-0.00011,0.70997,1,1,1,1
1765409520.524595,0.00424,-0.00348,0.01457,-0.00112,-0.00018,0.00019,0.59662,-0.00064,0.12897,0.00083,0.70423,-0.00011,0.70997,1,1,1,1
1765409520.526615,-0.01008,0.00416,-0.00105,0.00050,0.00062,-0.00022,0.59662,-0.00064,0.12897,0.00083,0.70423,-0.00011,0.70997,1,1,1,1
1765409520.528600,0.01143,0.02552,0.01345,-0.00011,0.00085,-0.00023,0.59662,-0.00064,0.12897,0.00083,0.70423,-0.00011,0.70997,1,1,1,1
1765409520.530627,-0.00864,0.03441,-0.00141,-0.00088,-0.00094,0.00019,0.59662,-0.00064,0.12897,0.00083,0.70423,-0.00011,0.70997,1,1,1,1
1765409520.532616,0.00275,0.00635,-0.03130,0.00009,0.00022,0.00029,0.59658,-0.00064,0.12897,0.00083,0.70423,-0.00011,0.70997,1,1,1,1
1765409520.534634,-0.01354,-0.00853,-0.00049,-0.00053,0.00068,0.00033,0.59658,-0.00064,0.12897,0.00083,0.70423,-0.00011,0.70997,1,1,1,1
1765409520.536616,-0.00534,-0.01363,-0.01573,-0.00015,0.00083,0.00004,0.59654,-0.00064,0.12898,0.00083,0.70423,-0.00011,0.70997,1,1,1,1
1765409520.538624,-0.02545,0.03929,-0.00158,-0.00104,-0.00036,0.00006,0.59654,-0.00064,0.12898,0.00083,0.70423,-0.00011,0.70997,1,1,1,1
1765409520.540665,-0.00977,0.01857,0.02131,0.00002,0.00098,-0.00020,0.59654,-0.00064,0.12898,0.00083,0.70423,-0.00011,0.70997,1,1,1,1
1765409520.542631,0.01459,0.03781,0.01334,0.00048,0.00081,0.00043,0.59650,-0.00064,0.12898,0.00083,0.70423,-0.00011,0.70997,1,1,1,1
1765409520.544633,-0.01517,-0.03991,0.03076,-0.00222,-0.00055,-0.00016,0.59650,-0.00064,0.12898,0.00083,0.70423,-0.00011,0.70997,1,1,1,1
1765409520.546636,-0.02154,-0.03258,-0.03794,-0.00038,0.00028,-0.00022,0.59646,-0.00064,0.12897,0.00083,0.70423,-0.00011,0.70997,1,1,1,1
1765409520.548651,-0.02721,0.00378,0.00666,0.00028,0.00147,0.00021,0.59642,-0.00064,0.12898,0.00083,0.70423,-0.00011,0.70997,1,1,1,1
1765409520.550648,-0.00963,-0.00593,-0.00068,-0.00006,0.00063,0.00006,0.59638,-0.00064,0.12898,0.00083,0.70423,-0.00011,0.70997,1,1,1,1
1765409520.552730,-0.01310,0.03101,-0.00139,-0.00114,0.00026,0.00046,0.59638,-0.00064,0.12898,0.00083,0.70423,-0.00011,0.70997,1,1,1,1
1765409520.554660,0.01489,0.01880,0.03664,0.00068,0.00005,0.00019,0.59626,-0.00064,0.12898,0.00083,0.70423,-0.00011,0.70997,1,1,1,1
1765409520.556707,-0.00584,0.07127,-0.04027,0.00001,-0.00074,0.00054,0.59626,-0.00064,0.12898,0.00083,0.70423,-0.00011,0.70997,1,1,1,1
1765409520.558641,-0.00208,0.05296,0.00546,0.00022,0.00075,0.00044,0.59626,-0.00064,0.12898,0.00083,0.70423,-0.00011,0.70997,1,1,1,1
1765409520.560641,-0.00920,0.01367,-0.05421,-0.00069,0.00036,0.00028,0.59626,-0.00064,0.12898,0.00083,0.70423,-0.00011,0.70997,1,1,1,1
1765409520.562638,0.00365,-0.04713,0.00818,-0.00012,-0.00077,0.00020,0.59626,-0.00064,0.12898,0.00083,0.70423,-0.00011,0.70997,1,1,1,1
1765409520.564638,-0.02277,-0.03446,0.06870,-0.00281,-0.00111,-0.00026,0.59626,-0.00064,0.12898,0.00083,0.70423,-0.00011,0.70997,1,1,1,1
1765409520.566647,-0.00959,-0.00020,0.00685,0.00023,-0.00027,-0.00007,0.59626,-0.00064,0.12898,0.00083,0.70423,-0.00011,0.70997,1,1,1,1
1765409520.568760,0.01928,0.02055,-0.00885,0.00005,0.00039,0.00069,0.59626,-0.00064,0.12898,0.00083,0.70423,-0.00011,0.70997,1,1,1,1
1765409520.570638,-0.00066,0.00385,-0.04642,-0.00059,0.00013,0.00015,0.59622,-0.00064,0.12897,0.00083,0.70423,-0.00011,0.70997,1,1,1,1
1765409520.572680,0.00387,0.03024,0.00607,-0.00136,0.00069,0.00044,0.59622,-0.00064,0.12897,0.00083,0.70423,-0.00011,0.70997,1,1,1,1
1765409520.574666,0.00745,0.02393,0.00638,-0.00035,-0.00049,0.00045,0.59618,-0.00064,0.12897,0.00083,0.70424,-0.00011,0.70997,1,1,1,1
1765409520.576707,0.01211,0.03575,0.01373,-0.00108,-0.00030,0.00071,0.59618,-0.00064,0.12897,0.00083,0.70424,-0.00011,0.70997,1,1,1,1
1765409520.578667,-0.00439,-0.01231,0.01474,-0.00035,-0.00084,-0.00033,0.59614,-0.00064,0.12897,0.00083,0.70423,-0.00011,0.70997,1,1,1,1
1765409520.580696,-0.00132,-0.04487,-0.03006,0.00056,-0.00008,-0.00010,0.59614,-0.00064,0.12897,0.00083,0.70423,-0.00011,0.70997,1,1,1,1
1765409520.582681,-0.00522,-0.04883,-0.04509,-0.00058,0.00138,0.00057,0.59594,-0.00064,0.12897,0.00083,0.70423,-0.00011,0.70997,1,1,1,1
1765409520.584715,0.00346,0.01123,0.00671,-0.00072,-0.00005,0.00059,0.59594,-0.00064,0.12897,0.00083,0.70423,-0.00011,0.70997,1,1,1,1
1765409520.586672,-0.00231,0.01130,-0.00825,-0.00312,-0.00086,0.00059,0.59590,-0.00064,0.12897,0.00083,0.70423,-0.00011,0.70997,1,1,1,1
1765409520.588678,0.00736,0.01875,-0.03923,-0.00019,-0.00010,0.00014,0.59590,-0.00064,0.12897,0.00083,0.70423,-0.00011,0.70997,1,1,1,1
1765409520.590673,-0.00198,0.03768,-0.02460,0.00004,0.00127,0.00042,0.59590,-0.00064,0.12897,0.00083,0.70423,-0.00011,0.70997,1,1,1,1
1765409520.592720,-0.01313,0.03158,0.01388,-0.00091,-0.00037,0.00047,0.59590,-0.00064,0.12897,0.00083,0.70423,-0.00011,0.70997,1,1,1,1
1765409520.594717,-0.01392,0.00664,-0.02362,-0.00012,0.00029,0.00031,0.59590,-0.00064,0.12897,0.00083,0.70423,-0.00011,0.70997,1,1,1,1
1765409520.596718,-0.04040,-0.02669,0.00004,0.00144,0.00025,0.00009,0.59590,-0.00064,0.12897,0.00083,0.70423,-0.00011,0.70997,1,1,1,1
1765409520.598691,0.00693,-0.04190,0.02347,-0.00289,-0.00221,0.00009,0.59590,-0.00064,0.12897,0.00083,0.70423,-0.00011,0.70997,1,1,1,1
1765409520.600694,-0.00432,-0.00356,-0.03118,-0.00090,0.00030,-0.00024,0.59590,-0.00064,0.12897,0.00083,0.70423,-0.00011,0.70997,1,1,1,1
1765409520.602687,0.02419,0.05234,0.00541,-0.00066,0.00043,0.00042,0.59590,-0.00064,0.12897,0.00083,0.70423,-0.00011,0.70997,1,1,1,1
1765409520.604694,0.02387,0.04725,0.04333,-0.00028,0.00094,0.00018,0.59590,-0.00064,0.12897,0.00083,0.70423,-0.00011,0.70997,1,1,1,1
1765409520.606678,-0.01509,0.03103,0.01347,0.00083,0.00117,0.00006,0.59586,-0.00064,0.12898,0.00083,0.70423,-0.00011,0.70997,1,1,1,1
1765409520.608702,-0.01825,0.00003,-0.03109,0.00045,-0.00029,-0.00009,0.59586,-0.00064,0.12898,0.00083,0.70423,-0.00011,0.70997,1,1,1,1
1765409520.610683,-0.02287,0.00249,-0.03871,0.00070,-0.00011,0.00004,0.59582,-0.00064,0.12898,0.00083,0.70423,-0.00011,0.70998,1,1,1,1
1765409520.612689,-0.00959,0.00470,-0.00835,0.00007,-0.00040,0.00019,0.59582,-0.00064,0.12898,0.00083,0.70423,-0.00011,0.70998,1,1,1,1
1765409520.614675,-0.01891,0.00451,-0.02362,0.00072,0.00035,0.00018,0.59578,-0.00064,0.12898,0.00083,0.70422,-0.00011,0.70998,1,1,1,1
1765409520.616700,-0.00098,0.00386,0.02913,0.00006,0.00075,-0.00060,0.59578,-0.00064,0.12898,0.00083,0.70422,-0.00011,0.70998,1,1,1,1
1765409520.618687,-0.02230,0.03186,0.02130,-0.00004,-0.00002,0.00008,0.59574,-0.00064,0.12898,0.00083,0.70422,-0.00011,0.70998,1,1,1,1
1765409520.620778,0.00575,0.01351,0.00617,0.00127,0.00106,-0.00010,0.59574,-0.00064,0.12898,0.00083,0.70422,-0.00011,0.70998,1,1,1,1
1765409520.622719,-0.00479,0.00206,-0.00833,-0.00040,-0.00045,0.00005,0.59570,-0.00064,0.12898,0.00083,0.70423,-0.00011,0.70997,1,1,1,1
1765409520.624708,-0.01467,-0.01817,0.03002,0.00067,0.00095,0.00022,0.59553,-0.00064,0.12897,0.00083,0.70423,-0.00011,0.70997,1,1,1,1
1765409520.626718,0.00747,0.00844,-0.03892,-0.00054,0.00029,0.00041,0.59553,-0.00064,0.12897,0.00083,0.70423,-0.00011,0.70997,1,1,1,1
1765409520.628774,-0.00936,0.00893,-0.00085,-0.00053,0.00024,0.00046,0.59553,-0.00064,0.12897,0.00083,0.70423,-0.00011,0.70997,1,1,1,1
1765409520.630708,-0.01212,0.01692,-0.00119,-0.00131,-0.00051,-0.00034,0.59553,-0.00064,0.12897,0.00083,0.70423,-0.00011,0.70997,1,1,1,1
1765409520.632704,0.00142,-0.02305,-0.04580,0.00148,0.00051,0.00028,0.59553,-0.00064,0.12897,0.00083,0.70423,-0.00011,0.70997,1,1,1,1
1765409520.634717,-0.01370,-0.02258,-0.03798,-0.00004,-0.00019,0.00031,0.59553,-0.00064,0.12897,0.00083,0.70423,-0.00011,0.70997,1,1,1,1
1765409520.637131,-0.01040,-0.00594,0.01426,0.00082,0.00113,-0.00034,0.59553,-0.00064,0.12897,0.00083,0.70423,-0.00011,0.70997,1,1,1,1
1765409520.638702,-0.02122,0.00168,0.02204,-0.00106,0.00038,0.00009,0.59553,-0.00064,0.12897,0.00083,0.70423,-0.00011,0.70997,1,1,1,1
1765409520.640716,0.00280,0.00585,-0.00099,-0.00013,0.00085,0.00031,0.59553,-0.00064,0.12897,0.00083,0.70423,-0.00011,0.70997,1,1,1,1
1765409520.642714,-0.02379,-0.00298,-0.04627,0.00129,0.00080,0.00017,0.59549,-0.00064,0.12897,0.00083,0.70424,-0.00011,0.70996,1,1,1,1
1765409520.644725,0.00576,0.01338,-0.00108,0.00084,0.00082,0.00071,0.59549,-0.00064,0.12897,0.00083,0.70424,-0.00011,0.70996,1,1,1,1
1765409520.646751,0.00282,-0.00833,-0.02330,0.00013,0.00010,0.00030,0.59545,-0.00064,0.12897,0.00083,0.70424,-0.00011,0.70996,1,1,1,1
1765409520.648722,0.00147,0.00624,-0.00104,0.00118,0.00087,0.00031,0.59545,-0.00064,0.12897,0.00083,0.70424,-0.00011,0.70996,1,1,1,1
1765409520.650728,-0.04466,0.00028,-0.01591,0.00133,0.00053,-0.00006,0.59541,-0.00064,0.12897,0.00083,0.70424,-0.00011,0.70996,1,1,1,1
1765409520.652725,0.01629,0.00362,0.00687,-0.00081,-0.00019,0.00058,0.59541,-0.00064,0.12897,0.00083,0.70424,-0.00011,0.70996,1,1,1,1
1765409520.654744,-0.01332,-0.01775,0.03001,-0.00020,0.00017,-0.00018,0.59537,-0.00064,0.12897,0.00083,0.70424,-0.00011,0.70996,1,1,1,1
1765409520.656965,0.00282,0.01653,-0.01643,0.00022,-0.00005,0.00003,0.59537,-0.00064,0.12897,0.00083,0.70424,-0.00011,0.70996,1,1,1,1
1765409520.658750,0.01902,0.02051,-0.01647,0.00027,0.00052,0.00068,0.59533,-0.00064,0.12897,0.00083,0.70424,-0.00011,0.70997,1,1,1,1
1765409520.660720,0.00726,0.03398,-0.00139,-0.00023,-0.00074,0.00057,0.59517,-0.00064,0.12898,0.00083,0.70423,-0.00011,0.70997,1,1,1,1
1765409520.662727,-0.03610,0.01213,0.01434,-0.00268,-0.00047,-0.00017,0.59517,-0.00064,0.12898,0.00083,0.70423,-0.00011,0.70997,1,1,1,1
1765409520.664715,-0.03613,0.02005,-0.04649,0.00091,-0.00021,0.00058,0.59517,-0.00064,0.12898,0.00083,0.70423,-0.00011,0.70997,1,1,1,1
1765409520.666727,-0.02185,-0.00724,-0.04620,0.00014,-0.00037,-0.00050,0.59517,-0.00064,0.12898,0.00083,0.70423,-0.00011,0.70997,1,1,1,1
1765409520.668760,0.00218,0.01108,0.01419,0.00037,0.00060,0.00059,0.59517,-0.00064,0.12898,0.00083,0.70423,-0.00011,0.70997,1,1,1,1
1765409520.670744,0.01062,-0.01371,0.00677,0.00094,0.00101,-0.00036,0.59517,-0.00064,0.12898,0.00083,0.70423,-0.00011,0.70997,1,1,1,1
1765409520.672772,0.00626,-0.00141,-0.02363,0.00065,0.00082,0.00029,0.59517,-0.00064,0.12898,0.00083,0.70423,-0.00011,0.70997,1,1,1,1
1765409520.674745,-0.00449,-0.00842,-0.01563,-0.00096,0.00006,0.00031,0.59517,-0.00064,0.12898,0.00083,0.70423,-0.00011,0.70997,1,1,1,1
1765409520.676745,-0.00595,-0.01825,0.03762,0.00045,0.00072,0.00022,0.59517,-0.00064,0.12898,0.00083,0.70423,-0.00011,0.70997,1,1,1,1
1765409520.678741,-0.02202,-0.00218,-0.02323,-0.00001,-0.00075,0.00019,0.59513,-0.00064,0.12897,0.00083,0.70424,-0.00011,0.70997,1,1,1,1
1765409520.680740,0.00698,-0.01073,-0.06127,0.00032,-0.00007,0.00013,0.59513,-0.00064,0.12897,0.00083,0.70424,-0.00011,0.70997,1,1,1,1
1765409520.682761,0.02510,0.02309,-0.00909,-0.00101,-0.00007,0.00001,0.59509,-0.00064,0.12897,0.00083,0.70423,-0.00011,0.70997,1,1,1,1
1765409520.684737,-0.00228,-0.03483,-0.02288,0.00156,0.00017,-0.00036,0.59509,-0.00064,0.12897,0.00083,0.70423,-0.00011,0.70997,1,1,1,1
1765409520.686787,0.00793,0.01327,-0.00853,-0.00113,0.00016,0.00070,0.59505,-0.00064,0.12898,0.00083,0.70423,-0.00011,0.70997,1,1,1,1
1765409520.688783,-0.02362,-0.00673,-0.04625,0.00190,-0.00035,-0.00050,0.59505,-0.00064,0.12898,0.00083,0.70423,-0.00011,0.70997,1,1,1,1
1765409520.690767,-0.00603,0.04969,0.01296,-0.00026,0.00181,0.00031,0.59501,-0.00064,0.12898,0.00083,0.70423,-0.00011,0.70997,1,1,1,1
1765409520.692819,-0.02028,-0.02772,0.03085,-0.00207,-0.00049,0.00092,0.59497,-0.00064,0.12898,0.00083,0.70423,-0.00011,0.70997,1,1,1,1
1765409520.694796,0.00799,-0.02481,-0.00773,-0.00007,-0.00097,-0.00022,0.59493,-0.00064,0.12898,0.00083,0.70423,-0.00011,0.70997,1,1,1,1
1765409520.696767,-0.01129,-0.03436,-0.03007,0.00178,-0.00034,0.00045,0.59481,-0.00064,0.12898,0.00083,0.70423,-0.00011,0.70997,1,1,1,1
1765409520.698773,0.00267,0.06074,-0.01741,-0.00012,-0.00008,0.00042,0.59481,-0.00064,0.12898,0.00083,0.70423,-0.00011,0.70997,1,1,1,1
1765409520.700810,-0.01579,0.11411,0.01141,0.00052,0.00188,0.00057,0.59481,-0.00064,0.12898,0.00083,0.70423,-0.00011,0.70997,1,1,1,1
1765409520.702766,-0.03184,0.05095,-0.00981,0.00063,0.00135,-0.00008,0.59481,-0.00064,0.12898,0.00083,0.70423,-0.00011,0.70997,1,1,1,1
1765409520.704782,-0.03621,-0.04142,0.09169,-0.00202,-0.00094,-0.00023,0.59481,-0.00064,0.12898,0.00083,0.70423,-0.00011,0.70997,1,1,1,1
1765409520.706782,-0.01373,-0.07658,-0.02904,0.00040,-0.00028,0.00020,0.59481,-0.00064,0.12898,0.00083,0.70423,-0.00011,0.70997,1,1,1,1
1765409520.708777,0.00193,-0.03974,0.09172,-0.00243,-0.00139,0.00027,0.59481,-0.00064,0.12898,0.00083,0.70423,-0.00011,0.70997,1,1,1,1
1765409520.710780,-0.03814,0.00196,0.04488,-0.00106,0.00058,0.00012,0.59481,-0.00064,0.12898,0.00083,0.70423,-0.00011,0.70997,1,1,1,1
1765409520.712801,-0.00900,0.02348,-0.00883,-0.00101,0.00035,0.00045,0.59481,-0.00064,0.12898,0.00083,0.70423,-0.00011,0.70997,1,1,1,1
1765409520.714784,-0.02383,-0.00245,-0.05379,0.00151,0.00017,0.00016,0.59477,-0.00064,0.12898,0.00083,0.70423,-0.00011,0.70997,1,1,1,1
1765409520.716795,0.00304,-0.00397,-0.00855,-0.00003,0.00097,-0.00023,0.59477,-0.00064,0.12898,0.00083,0.70423,-0.00011,0.70997,1,1,1,1
1765409520.718817,0.01156,0.00655,0.03710,-0.00012,-0.00027,0.00033,0.59473,-0.00064,0.12898,0.00083,0.70423,-0.00011,0.70997,1,1,1,1
1765409520.720782,-0.01464,-0.01314,-0.06887,0.00073,0.00070,0.00001,0.59473,-0.00064,0.12898,0.00083,0.70423,-0.00011,0.70997,1,1,1,1
1765409520.722778,0.02024,0.01068,0.01401,-0.00051,0.00038,0.00017,0.59468,-0.00064,0.12898,0.00083,0.70423,-0.00011,0.70998,1,1,1,1
1765409520.724781,0.01413,0.02799,-0.01687,0.00101,0.00095,0.00028,0.59468,-0.00064,0.12898,0.00083,0.70423,-0.00011,0.70998,1,1,1,1
1765409520.726834,0.01130,0.00158,0.02189,0.00025,-0.00002,0.00005,0.59460,-0.00064,0.12899,0.00083,0.70422,-0.00011,0.70998,1,1,1,1
1765409520.728786,-0.03075,-0.00695,-0.02340,0.00058,-0.00027,-0.00047,0.59444,-0.00064,0.12900,0.00083,0.70420,-0.00011,0.71000,1,1,1,1
1765409520.730819,-0.00520,-0.02315,-0.01548,-0.00005,0.00046,-0.00009,0.59444,-0.00064,0.12900,0.00083,0.70420,-0.00011,0.71000,1,1,1,1
1765409520.732816,-0.00555,0.01183,0.00677,-0.00006,-0.00032,0.00060,0.59444,-0.00064,0.12900,0.00083,0.70420,-0.00011,0.71000,1,1,1,1
1765409520.734840,0.01147,0.01120,-0.01611,-0.00028,-0.00014,0.00056,0.59444,-0.00064,0.12900,0.00083,0.70420,-0.00011,0.71000,1,1,1,1
1765409520.736832,0.00286,0.02591,-0.00150,-0.00011,0.00045,0.00017,0.59444,-0.00064,0.12900,0.00083,0.70420,-0.00011,0.71000,1,1,1,1
1765409520.738815,-0.00217,0.04291,-0.00215,0.00054,0.00125,-0.00010,0.59444,-0.00064,0.12900,0.00083,0.70420,-0.00011,0.71000,1,1,1,1
1765409520.740804,0.01884,0.03067,0.01357,0.00061,0.00038,0.00043,0.59444,-0.00064,0.12900,0.00083,0.70420,-0.00011,0.71000,1,1,1,1
1765409520.742810,-0.02172,-0.00259,0.00692,-0.00024,-0.00012,-0.00019,0.59444,-0.00064,0.12900,0.00083,0.70420,-0.00011,0.71000,1,1,1,1
1765409520.744827,-0.00079,0.03824,0.01354,-0.00083,0.00023,0.00045,0.59444,-0.00064,0.12900,0.00083,0.70420,-0.00011,0.71000,1,1,1,1
1765409520.746822,-0.02594,0.02366,-0.05435,-0.00101,0.00055,0.00043,0.59444,-0.00064,0.12900,0.00083,0.70420,-0.00011,0.71000,1,1,1,1
1765409520.748797,-0.03902,-0.02187,-0.01542,0.00040,0.00010,-0.00046,0.59444,-0.00064,0.12900,0.00083,0.70420,-0.00011,0.71000,1,1,1,1
1765409520.750812,0.00225,-0.05750,-0.07535,0.00107,0.00028,0.00000,0.59440,-0.00064,0.12900,0.00083,0.70420,-0.00011,0.71000,1,1,1,1
1765409520.752822,-0.00121,-0.00552,-0.00823,0.00017,-0.00011,0.00005,0.59440,-0.00064,0.12900,0.00083,0.70420,-0.00011,0.71000,1,1,1,1
1765409520.754815,0.00307,0.04135,-0.01695,-0.00014,-0.00045,0.00016,0.59436,-0.00064,0.12900,0.00083,0.70420,-0.00011,0.71000,1,1,1,1
1765409520.756812,-0.02017,0.01796,0.02144,0.00111,0.00226,0.00061,0.59436,-0.00064,0.12900,0.00083,0.70420,-0.00011,0.71000,1,1,1,1
1765409520.758832,-0.06139,0.01768,0.06002,-0.00283,-0.00055,0.00016,0.59432,-0.00064,0.12901,0.00083,0.70419,-0.00011,0.71001,1,1,1,1
1765409520.760834,-0.03193,-0.01255,-0.05360,0.00117,0.00065,0.00004,0.59432,-0.00064,0.12901,0.00083,0.70419,-0.00011,0.71001,1,1,1,1
1765409520.762831,-0.00215,-0.01961,-0.05356,0.00152,-0.00047,-0.00039,0.59428,-0.00064,0.12901,0.00083,0.70419,-0.00011,0.71001,1,1,1,1
1765409520.764826,0.03969,-0.02080,-0.03863,0.00173,-0.00009,-0.00042,0.59412,-0.00064,0.12901,0.00083,0.70420,-0.00011,0.71000,1,1,1,1
1765409520.766836,0.00327,0.00146,-0.01588,-0.00040,-0.00004,0.00044,0.59412,-0.00064,0.12901,0.00083,0.70420,-0.00011,0.71000,1,1,1,1
1765409520.768830,0.00370,0.03977,-0.02474,-0.00125,0.00119,0.00015,0.59412,-0.00064,0.12901,0.00083,0.70420,-0.00011,0.71000,1,1,1,1
1765409520.770909,-0.02995,-0.00746,-0.06138,-0.00030,-0.00002,-0.00050,0.59412,-0.00064,0.12901,0.00083,0.70420,-0.00011,0.71000,1,1,1,1
1765409520.772833,-0.03504,0.00063,-0.04616,0.00046,-0.00059,-0.00009,0.59412,-0.00064,0.12901,0.00083,0.70420,-0.00011,0.71000,1,1,1,1
1765409520.774827,-0.02233,-0.05694,-0.00683,0.00042,0.00019,0.00008,0.59412,-0.00064,0.12901,0.00083,0.70420,-0.00011,0.71000,1,1,1,1
1765409520.776819,0.00258,-0.01340,-0.02298,0.00007,0.00012,0.00084,0.59412,-0.00064,0.12901,0.00083,0.70420,-0.00011,0.71000,1,1,1,1
1765409520.778825,0.01421,0.01829,-0.00905,0.00111,0.00083,0.00015,0.59412,-0.00064,0.12901,0.00083,0.70420,-0.00011,0.71000,1,1,1,1
1765409520.780845,0.01170,0.05029,0.02069,-0.00068,0.00032,0.00031,0.59412,-0.00064,0.12901,0.00083,0.70420,-0.00011,0.71000,1,1,1,1
1765409520.782845,-0.01795,0.01933,-0.02392,-0.00019,-0.00005,0.00018,0.59408,-0.00064,0.12901,0.00083,0.70420,-0.00011,0.71001,1,1,1,1
1765409520.784848,-0.02626,-0.00501,-0.02310,-0.00027,-0.00031,0.00046,0.59408,-0.00064,0.12901,0.00083,0.70420,-0.00011,0.71001,1,1,1,1
1765409520.786843,-0.03775,0.01711,-0.01598,-0.00153,-0.00031,0.00048,0.59404,-0.00064,0.12901,0.00083,0.70420,-0.00011,0.71000,1,1,1,1
1765409520.788853,-0.00387,0.02871,-0.01700,0.00233,0.00116,-0.00011,0.59404,-0.00064,0.12901,0.00083,0.70420,-0.00011,0.71000,1,1,1,1
1765409520.790846,-0.02348,0.03125,-0.00908,0.00061,0.00090,0.00046,0.59400,-0.00064,0.12901,0.00083,0.70420,-0.00011,0.71000,1,1,1,1
1765409520.792869,0.03257,0.00370,-0.01615,0.00006,-0.00040,0.00014,0.59400,-0.00064,0.12901,0.00083,0.70420,-0.00011,0.71000,1,1,1,1
1765409520.794850,0.00692,-0.00088,-0.00849,0.00044,0.00017,-0.00010,0.59396,-0.00064,0.12900,0.00083,0.70420,-0.00011,0.71000,1,1,1,1
1765409520.796861,-0.03037,-0.00233,-0.00823,-0.00002,-0.00015,-0.00019,0.59392,-0.00064,0.12900,0.00083,0.70420,-0.00011,0.71000,1,1,1,1
1765409520.798856,-0.02723,0.00001,-0.03854,0.00067,-0.00005,0.00031,0.59372,-0.00064,0.12899,0.00083,0.70422,-0.00011,0.70998,1,1,1,1
1765409520.800875,-0.03022,-0.01822,-0.04581,-0.00065,0.00089,0.00018,0.59372,-0.00064,0.12899,0.00083,0.70422,-0.00011,0.70998,1,1,1,1
1765409520.802877,0.00280,0.00585,-0.00099,-0.00013,0.00085,0.00031,0.59372,-0.00064,0.12899,0.00083,0.70422,-0.00011,0.70998,1,1,1,1
1765409520.804880,-0.00594,0.00228,-0.01598,0.00070,-0.00031,0.00004,0.59372,-0.00064,0.12899,0.00083,0.70422,-0.00011,0.70998,1,1,1,1
1765409520.806875,0.03586,0.04499,-0.00985,0.00056,0.00054,-0.00001,0.59372,-0.00064,0.12899,0.00083,0.70422,-0.00011,0.70998,1,1,1,1
1765409520.808879,-0.01432,0.01623,0.00631,0.00021,0.00092,0.00006,0.59372,-0.00064,0.12899,0.00083,0.70422,-0.00011,0.70998,1,1,1,1
1765409520.810878,-0.03065,-0.02305,-0.02285,-0.00027,0.00090,0.00034,0.59372,-0.00064,0.12899,0.00083,0.70422,-0.00011,0.70998,1,1,1,1
1765409520.812883,-0.03068,0.00233,0.00707,-0.00018,-0.00001,0.00049,0.59372,-0.00064,0.12899,0.00083,0.70422,-0.00011,0.70998,1,1,1,1
1765409520.814877,-0.00260,0.00822,-0.00869,0.00077,0.00142,0.00044,0.59372,-0.00064,0.12899,0.00083,0.70422,-0.00011,0.70998,1,1,1,1
1765409520.816877,0.00186,0.02648,-0.02427,0.00099,0.00008,0.00015,0.59372,-0.00064,0.12899,0.00083,0.70422,-0.00011,0.70998,1,1,1,1
1765409520.818870,-0.00744,0.02012,0.05229,-0.00171,-0.00183,0.00024,0.59372,-0.00064,0.12899,0.00083,0.70422,-0.00011,0.70998,1,1,1,1
1765409520.820870,0.03699,0.01545,0.01413,-0.00067,-0.00020,0.00083,0.59372,-0.00064,0.12899,0.00083,0.70422,-0.00011,0.70998,1,1,1,1
1765409520.822870,-0.03501,-0.00927,-0.00023,0.00034,-0.00059,0.00022,0.59372,-0.00064,0.12899,0.00083,0.70422,-0.00011,0.70998,1,1,1,1
1765409520.824900,-0.01820,-0.01044,-0.00043,0.00011,0.00035,0.00020,0.59368,-0.00064,0.12899,0.00083,0.70422,-0.00011,0.70998,1,1,1,1
1765409520.826866,-0.02285,-0.00370,0.00684,0.00019,0.00142,0.00021,0.59368,-0.00064,0.12899,0.00083,0.70422,-0.00011,0.70998,1,1,1,1
1765409520.828920,-0.01405,0.00639,0.02931,0.00009,0.00092,-0.00005,0.59364,-0.00064,0.12899,0.00083,0.70422,-0.00011,0.70998,1,1,1,1
1765409520.830898,0.01151,0.03063,0.01348,-0.00027,0.00047,0.00004,0.59360,-0.00064,0.12899,0.00083,0.70422,-0.00011,0.70998,1,1,1,1
1765409520.832971,0.03319,0.01339,-0.00131,-0.00047,-0.00029,-0.00012,0.59360,-0.00064,0.12899,0.00083,0.70422,-0.00011,0.70998,1,1,1,1
1765409520.834904,-0.00339,0.01186,0.00658,-0.00159,-0.00074,-0.00021,0.59360,-0.00064,0.12899,0.00083,0.70422,-0.00011,0.70998,1,1,1,1
1765409520.836896,0.00582,-0.02116,-0.03070,0.00107,0.00097,0.00042,0.59335,-0.00064,0.12898,0.00083,0.70424,-0.00011,0.70996,1,1,1,1
1765409520.838897,-0.02677,-0.05457,-0.00704,0.00066,0.00061,-0.00019,0.59335,-0.00064,0.12898,0.00083,0.70424,-0.00011,0.70996,1,1,1,1
1765409520.840896,-0.02277,-0.02760,-0.06099,0.00077,0.00067,-0.00038,0.59335,-0.00064,0.12898,0.00083,0.70424,-0.00011,0.70996,1,1,1,1
1765409520.842903,-0.01069,-0.01175,0.05315,-0.00231,-0.00215,0.00012,0.59335,-0.00064,0.12898,0.00083,0.70424,-0.00011,0.70996,1,1,1,1
1765409520.844910,-0.02705,0.05693,0.02090,-0.00323,-0.00150,-0.00018,0.59335,-0.00064,0.12898,0.00083,0.70424,-0.00011,0.70996,1,1,1,1
1765409520.846939,-0.01052,0.02400,-0.02405,0.00052,0.00024,0.00044,0.59335,-0.00064,0.12898,0.00083,0.70424,-0.00011,0.70996,1,1,1,1
1765409520.848903,-0.01810,-0.01065,0.00677,0.00032,0.00097,-0.00060,0.59335,-0.00064,0.12898,0.00083,0.70424,-0.00011,0.70996,1,1,1,1
1765409520.850918,-0.00483,-0.02839,-0.01549,-0.00033,0.00083,-0.00036,0.59335,-0.00064,0.12898,0.00083,0.70424,-0.00011,0.70996,1,1,1,1
1765409520.852921,-0.00283,-0.04307,0.03803,-0.00182,0.00030,-0.00071,0.59335,-0.00064,0.12898,0.00083,0.70424,-0.00011,0.70996,1,1,1,1
1765409520.854909,-0.01707,0.00056,-0.01573,-0.00042,-0.00132,-0.00008,0.59335,-0.00064,0.12898,0.00083,0.70424,-0.00011,0.70996,1,1,1,1
1765409520.856926,-0.00531,-0.01781,-0.01561,0.00024,0.00007,-0.00022,0.59335,-0.00064,0.12898,0.00083,0.70424,-0.00011,0.70996,1,1,1,1
1765409520.858915,0.00511,-0.01095,-0.00865,0.00229,0.00133,-0.00064,0.59335,-0.00064,0.12898,0.00083,0.70424,-0.00011,0.70996,1,1,1,1
1765409520.860906,0.00755,0.00873,-0.00867,-0.00031,0.00015,0.00003,0.59331,-0.00064,0.12897,0.00083,0.70424,-0.00011,0.70996,1,1,1,1
1765409520.862911,-0.00595,-0.00828,0.03726,0.00057,0.00070,-0.00005,0.59331,-0.00064,0.12897,0.00083,0.70424,-0.00011,0.70996,1,1,1,1
1765409520.864928,0.00724,0.01351,0.04443,-0.00026,0.00041,0.00034,0.59328,-0.00064,0.12897,0.00083,0.70424,-0.00011,0.70996,1,1,1,1
1765409520.866932,0.00052,0.01800,-0.02403,-0.00195,0.00049,0.00016,0.59328,-0.00064,0.12897,0.00083,0.70424,-0.00011,0.70996,1,1,1,1
1765409520.868918,-0.00959,-0.01999,0.01481,0.00043,-0.00001,-0.00033,0.59324,-0.00064,0.12897,0.00083,0.70424,-0.00011,0.70996,1,1,1,1
1765409520.870913,0.00270,0.06532,-0.00282,0.00015,0.00079,-0.00052,0.59324,-0.00064,0.12897,0.00083,0.70424,-0.00011,0.70996,1,1,1,1
1765409520.872948,-0.01109,0.01890,0.02904,0.00112,0.00088,0.00021,0.59303,-0.00064,0.12898,0.00083,0.70423,-0.00011,0.70997,1,1,1,1
1765409520.874917,0.01170,0.03531,-0.00156,-0.00086,0.00035,0.00070,0.59303,-0.00064,0.12898,0.00083,0.70423,-0.00011,0.70997,1,1,1,1
1765409520.877017,-0.00710,0.04510,-0.00207,0.00078,0.00170,0.00044,0.59303,-0.00064,0.12898,0.00083,0.70423,-0.00011,0.70997,1,1,1,1
1765409520.878935,-0.02168,0.00178,-0.00076,-0.00062,0.00038,0.00007,0.59303,-0.00064,0.12898,0.00083,0.70423,-0.00011,0.70997,1,1,1,1
1765409520.880937,-0.00948,-0.03042,-0.02268,-0.00014,0.00027,0.00032,0.59303,-0.00064,0.12898,0.00083,0.70423,-0.00011,0.70997,1,1,1,1
1765409520.882943,0.00253,-0.04250,-0.01492,0.00081,0.00000,0.00005,0.59303,-0.00064,0.12898,0.00083,0.70423,-0.00011,0.70997,1,1,1,1
1765409520.884938,-0.02156,-0.01224,-0.00008,-0.00057,-0.00074,0.00048,0.59303,-0.00064,0.12898,0.00083,0.70423,-0.00011,0.70997,1,1,1,1
1765409520.886965,-0.00135,0.00902,0.01413,0.00013,0.00026,0.00006,0.59303,-0.00064,0.12898,0.00083,0.70423,-0.00011,0.70997,1,1,1,1
1765409520.888942,-0.00545,0.02634,-0.00883,-0.00032,-0.00008,0.00058,0.59303,-0.00064,0.12898,0.00083,0.70423,-0.00011,0.70997,1,1,1,1
1765409520.890931,0.00702,0.01850,-0.06208,0.00002,0.00028,0.00012,0.59303,-0.00064,0.12898,0.00083,0.70423,-0.00011,0.70997,1,1,1,1
1765409520.892930,0.01462,-0.01613,-0.02308,0.00070,0.00035,0.00069,0.59299,-0.00064,0.12898,0.00083,0.70423,-0.00011,0.70997,1,1,1,1
1765409520.894930,-0.01864,0.00450,-0.00823,0.00029,0.00010,0.00060,0.59299,-0.00064,0.12898,0.00083,0.70423,-0.00011,0.70997,1,1,1,1
1765409520.896952,-0.02641,-0.01034,-0.03836,-0.00011,0.00033,0.00018,0.59295,-0.00064,0.12898,0.00083,0.70423,-0.00011,0.70997,1,1,1,1
1765409520.898947,-0.03554,-0.01927,-0.02288,0.00087,-0.00019,0.00007,0.59295,-0.00064,0.12898,0.00083,0.70423,-0.00011,0.70997,1,1,1,1
1765409520.900934,-0.01121,-0.01294,0.06775,-0.00189,-0.00013,-0.00069,0.59291,-0.00064,0.12898,0.00083,0.70423,-0.00011,0.70997,1,1,1,1
1765409520.902952,0.02020,0.02973,-0.00166,-0.00093,0.00100,0.00042,0.59291,-0.00064,0.12898,0.00083,0.70423,-0.00011,0.70997,1,1,1,1
1765409520.904975,-0.01129,-0.00580,-0.02357,0.00147,0.00103,0.00004,0.59287,-0.00064,0.12898,0.00083,0.70423,-0.00011,0.70997,1,1,1,1
1765409520.906963,-0.02238,-0.01295,-0.00061,0.00029,0.00078,-0.00033,0.59267,-0.00064,0.12898,0.00083,0.70423,-0.00011,0.70997,1,1,1,1
1765409520.908973,0.00243,0.00619,0.01422,0.00031,0.00060,0.00032,0.59267,-0.00064,0.12898,0.00083,0.70423,-0.00011,0.70997,1,1,1,1
1765409520.910960,-0.02150,0.01157,-0.00873,-0.00072,0.00050,-0.00021,0.59267,-0.00064,0.12898,0.00083,0.70423,-0.00011,0.70997,1,1,1,1
1765409520.912952,0.01585,0.01856,-0.00093,-0.00063,-0.00045,0.00097,0.59267,-0.00064,0.12898,0.00083,0.70423,-0.00011,0.70997,1,1,1,1
1765409520.914948,0.01192,0.02107,0.00633,-0.00060,-0.00016,0.00031,0.59267,-0.00064,0.12898,0.00083,0.70423,-0.00011,0.70997,1,1,1,1
1765409520.916960,-0.01937,0.04619,0.09683,-0.00270,-0.00020,-0.00027,0.59267,-0.00064,0.12898,0.00083,0.70423,-0.00011,0.70997,1,1,1,1
1765409520.918985,0.00973,-0.00848,0.00656,0.00188,0.00102,-0.00050,0.59267,-0.00064,0.12898,0.00083,0.70423,-0.00011,0.70997,1,1,1,1
1765409520.920985,-0.00559,-0.01870,-0.01541,-0.00021,0.00085,0.00058,0.59267,-0.00064,0.12898,0.00083,0.70423,-0.00011,0.70997,1,1,1,1
1765409520.922953,-0.01401,-0.04253,0.01550,0.00037,0.00045,0.00009,0.59267,-0.00064,0.12898,0.00083,0.70423,-0.00011,0.70997,1,1,1,1
1765409520.924969,-0.00422,-0.01246,-0.02342,-0.00036,-0.00059,-0.00077,0.59267,-0.00064,0.12898,0.00083,0.70423,-0.00011,0.70997,1,1,1,1
1765409520.926963,-0.00493,0.01153,-0.00082,-0.00072,-0.00020,0.00059,0.59267,-0.00064,0.12898,0.00083,0.70423,-0.00011,0.70997,1,1,1,1
1765409520.928990,-0.00408,0.05784,-0.01766,0.00203,0.00153,0.00028,0.59263,-0.00064,0.12898,0.00083,0.70423,-0.00011,0.70997,1,1,1,1
1765409520.930969,-0.00078,0.01828,-0.00853,-0.00107,0.00026,0.00098,0.59263,-0.00064,0.12898,0.00083,0.70423,-0.00011,0.70997,1,1,1,1
1765409520.932963,0.00755,-0.04093,-0.03020,-0.00026,0.00058,0.00016,0.59259,-0.00064,0.12898,0.00083,0.70423,-0.00011,0.70997,1,1,1,1
1765409520.934978,-0.02885,-0.01363,0.03796,-0.00234,0.00062,0.00092,0.59259,-0.00064,0.12898,0.00083,0.70423,-0.00011,0.70997,1,1,1,1
1765409520.936974,0.00384,0.03153,-0.02429,-0.00069,-0.00071,0.00002,0.59255,-0.00064,0.12898,0.00083,0.70423,-0.00011,0.70997,1,1,1,1
1765409520.938971,-0.00518,0.01642,-0.00085,-0.00066,-0.00019,0.00086,0.59255,-0.00064,0.12898,0.00083,0.70423,-0.00011,0.70997,1,1,1,1
1765409520.940994,-0.00588,-0.01737,-0.03836,0.00090,-0.00030,-0.00024,0.59251,-0.00064,0.12898,0.00083,0.70423,-0.00011,0.70997,1,1,1,1
1765409520.943006,-0.00671,-0.03757,-0.03016,0.00131,0.00037,0.00031,0.59251,-0.00064,0.12898,0.00083,0.70423,-0.00011,0.70997,1,1,1,1
1765409520.945010,-0.00188,0.00817,0.02173,0.00012,0.00129,0.00046,0.59227,-0.00064,0.12898,0.00083,0.70424,-0.00011,0.70996,1,1,1,1
1765409520.947001,-0.01555,0.02121,-0.01674,0.00136,0.00131,-0.00010,0.59227,-0.00064,0.12898,0.00083,0.70424,-0.00011,0.70996,1,1,1,1
1765409520.948997,-0.00419,0.00615,0.03678,-0.00100,0.00067,-0.00046,0.59227,-0.00064,0.12898,0.00083,0.70424,-0.00011,0.70996,1,1,1,1
1765409520.950994,-0.01794,0.00940,-0.00078,-0.00031,-0.00004,0.00047,0.59227,-0.00064,0.12898,0.00083,0.70424,-0.00011,0.70996,1,1,1,1
1765409520.952994,-0.02242,-0.01242,-0.00812,0.00052,0.00014,-0.00034,0.59227,-0.00064,0.12898,0.00083,0.70424,-0.00011,0.70996,1,1,1,1
1765409520.955006,0.00748,0.01337,-0.03133,-0.00069,0.00016,0.00069,0.59227,-0.00064,0.12898,0.00083,0.70424,-0.00011,0.70996,1,1,1,1
1765409520.956994,-0.03778,-0.01690,0.03783,-0.00085,-0.00043,-0.00014,0.59227,-0.00064,0.12898,0.00083,0.70424,-0.00011,0.70996,1,1,1,1
1765409520.958996,0.00356,0.02089,-0.00146,-0.00060,0.00044,-0.00010,0.59227,-0.00064,0.12898,0.00083,0.70424,-0.00011,0.70996,1,1,1,1
1765409520.961001,-0.00447,0.00114,-0.00122,-0.00063,0.00093,-0.00076,0.59227,-0.00064,0.12898,0.00083,0.70424,-0.00011,0.70996,1,1,1,1
1765409520.963010,0.02803,-0.00617,0.01490,-0.00355,-0.00160,0.00045,0.59227,-0.00064,0.12898,0.00083,0.70424,-0.00011,0.70996,1,1,1,1
1765409520.965017,0.01150,-0.00788,-0.02323,0.00014,-0.00076,0.00029,0.59227,-0.00064,0.12898,0.00083,0.70424,-0.00011,0.70996,1,1,1,1
1765409520.967028,0.01536,0.00322,0.01415,0.00006,0.00082,0.00018,0.59227,-0.00064,0.12898,0.00083,0.70424,-0.00011,0.70996,1,1,1,1
1765409520.969035,-0.02656,0.02407,-0.00895,-0.00013,0.00055,0.00006,0.59222,-0.00064,0.12897,0.00083,0.70424,-0.00011,0.70996,1,1,1,1
1765409520.971027,-0.01777,-0.01055,-0.03097,-0.00011,0.00047,-0.00022,0.59222,-0.00064,0.12897,0.00083,0.70424,-0.00011,0.70996,1,1,1,1
1765409520.973028,0.00176,-0.03688,-0.06080,0.00197,-0.00038,-0.00053,0.59218,-0.00064,0.12897,0.00083,0.70424,-0.00011,0.70996,1,1,1,1
1765409520.975034,0.02096,-0.00354,-0.00843,-0.00068,-0.00038,-0.00024,0.59218,-0.00064,0.12897,0.00083,0.70424,-0.00011,0.70996,1,1,1,1
1765409520.977033,-0.00893,0.04354,-0.00933,-0.00099,-0.00005,0.00031,0.59214,-0.00064,0.12897,0.00083,0.70425,-0.00011,0.70996,1,1,1,1
1765409520.979022,0.00277,0.01706,-0.02394,0.00044,-0.00068,0.00002,0.59214,-0.00064,0.12897,0.00083,0.70425,-0.00011,0.70996,1,1,1,1
1765409520.981036,-0.03490,-0.03933,0.00028,0.00041,0.00019,-0.00017,0.59210,-0.00064,0.12897,0.00083,0.70424,-0.00011,0.70996,1,1,1,1
1765409520.983051,-0.01487,-0.04785,-0.02241,0.00096,0.00111,0.00019,0.59210,-0.00064,0.12897,0.00083,0.70424,-0.00011,0.70996,1,1,1,1
1765409520.985040,-0.00535,-0.00865,-0.01591,-0.00009,0.00083,-0.00009,0.59202,-0.00064,0.12897,0.00083,0.70424,-0.00011,0.70996,1,1,1,1
1765409520.987044,-0.00679,0.00923,-0.01580,-0.00271,-0.00106,0.00045,0.59202,-0.00064,0.12897,0.00083,0.70424,-0.00011,0.70996,1,1,1,1
1765409520.989038,-0.01712,0.03875,0.02128,-0.00126,-0.00008,0.00048,0.59202,-0.00064,0.12897,0.00083,0.70424,-0.00011,0.70996,1,1,1,1
1765409520.991042,-0.00451,0.06109,-0.00984,-0.00099,-0.00051,0.00003,0.59190,-0.00064,0.12897,0.00083,0.70424,-0.00011,0.70996,1,1,1,1
1765409520.993108,-0.00641,-0.00830,-0.02335,0.00079,0.00059,0.00031,0.59190,-0.00064,0.12897,0.00083,0.70424,-0.00011,0.70996,1,1,1,1
1765409520.995039,0.01466,-0.01159,-0.00072,0.00075,0.00110,0.00017,0.59190,-0.00064,0.12897,0.00083,0.70424,-0.00011,0.70996,1,1,1,1
1765409520.997041,-0.02317,-0.01760,0.00752,0.00068,0.00030,0.00062,0.59190,-0.00064,0.12897,0.00083,0.70424,-0.00011,0.70996,1,1,1,1
1765409520.999031,-0.00440,0.00675,0.05241,-0.00099,-0.00034,0.00036,0.59190,-0.00064,0.12897,0.00083,0.70424,-0.00011,0.70996,1,1,1,1
1765409521.001055,-0.02552,0.00935,0.01430,-0.00097,0.00017,0.00008,0.59190,-0.00064,0.12897,0.00083,0.70424,-0.00011,0.70996,1,1,1,1
1765409521.003051,0.01628,0.04329,0.00596,-0.00099,-0.00060,0.00070,0.59190,-0.00064,0.12897,0.00083,0.70424,-0.00011,0.70996,1,1,1,1
1765409521.005036,0.01821,-0.00383,-0.01592,0.00128,0.00055,0.00055,0.59186,-0.00064,0.12897,0.00083,0.70424,-0.00011,0.70996,1,1,1,1
1765409521.007079,0.00205,-0.01332,-0.00818,0.00095,0.00062,0.00004,0.59186,-0.00064,0.12897,0.00083,0.70424,-0.00011,0.70996,1,1,1,1
1765409521.009056,-0.03931,0.00207,-0.03113,0.00004,0.00073,0.00006,0.59182,-0.00064,0.12897,0.00083,0.70424,-0.00011,0.70996,1,1,1,1
1765409521.011068,-0.01278,0.01639,-0.01633,-0.00110,0.00014,0.00005,0.59182,-0.00064,0.12897,0.00083,0.70424,-0.00011,0.70996,1,1,1,1
1765409521.013061,-0.00029,0.01473,-0.03124,-0.00068,-0.00127,0.00029,0.59178,-0.00064,0.12897,0.00083,0.70424,-0.00011,0.70996,1,1,1,1
1765409521.015069,0.02789,0.00172,-0.06166,0.00069,-0.00072,-0.00003,0.59178,-0.00064,0.12897,0.00083,0.70424,-0.00011,0.70996,1,1,1,1
1765409521.017060,0.00777,-0.03529,-0.01525,0.00002,-0.00007,-0.00036,0.59174,-0.00064,0.12897,0.00083,0.70424,-0.00011,0.70996,1,1,1,1
1765409521.019061,0.01181,-0.04795,0.00784,0.00009,0.00027,-0.00021,0.59174,-0.00064,0.12897,0.00083,0.70424,-0.00011,0.70996,1,1,1,1
1765409521.021075,-0.02256,0.01183,-0.03119,-0.00006,0.00014,0.00058,0.59153,-0.00064,0.12898,0.00083,0.70424,-0.00011,0.70997,1,1,1,1
1765409521.023064,-0.05646,0.00302,-0.03098,0.00048,0.00017,0.00008,0.59153,-0.00064,0.12898,0.00083,0.70424,-0.00011,0.70997,1,1,1,1
1765409521.025091,-0.03466,0.01525,-0.00856,-0.00002,-0.00049,-0.00006,0.59153,-0.00064,0.12898,0.00083,0.70424,-0.00011,0.70997,1,1,1,1
1765409521.027077,0.00732,-0.03027,-0.03046,0.00030,-0.00019,-0.00011,0.59153,-0.00064,0.12898,0.00083,0.70424,-0.00011,0.70997,1,1,1,1
1765409521.029096,0.01992,-0.01429,0.04488,-0.00016,0.00103,0.00007,0.59153,-0.00064,0.12898,0.00083,0.70424,-0.00011,0.70997,1,1,1,1
1765409521.031093,0.01402,0.01569,-0.03118,-0.00285,-0.00068,0.00082,0.59153,-0.00064,0.12898,0.00083,0.70424,-0.00011,0.70997,1,1,1,1
1765409521.033077,-0.01397,0.02713,-0.00906,0.00034,-0.00037,-0.00022,0.59153,-0.00064,0.12898,0.00083,0.70424,-0.00011,0.70997,1,1,1,1
1765409521.035079,-0.00050,0.00431,0.00682,-0.00059,-0.00038,0.00019,0.59153,-0.00064,0.12898,0.00083,0.70424,-0.00011,0.70997,1,1,1,1
1765409521.037081,-0.03519,-0.03507,0.03035,0.00046,0.00120,-0.00029,0.59153,-0.00064,0.12898,0.00083,0.70424,-0.00011,0.70997,1,1,1,1
1765409521.039095,0.02046,0.01117,-0.00090,-0.00072,-0.00050,0.00057,0.59153,-0.00064,0.12898,0.00083,0.70424,-0.00011,0.70997,1,1,1,1
1765409521.041083,0.01671,-0.00632,-0.01607,-0.00072,0.00018,-0.00038,0.59150,-0.00064,0.12898,0.00083,0.70423,-0.00011,0.70997,1,1,1,1
1765409521.043092,0.02845,0.03026,0.00617,-0.00071,0.00002,0.00082,0.59150,-0.00064,0.12898,0.00083,0.70423,-0.00011,0.70997,1,1,1,1
1765409521.045080,0.01148,0.03601,-0.00147,-0.00042,-0.00041,0.00070,0.59146,-0.00064,0.12898,0.00083,0.70423,-0.00011,0.70997,1,1,1,1
1765409521.047075,-0.02501,0.03182,-0.03207,0.00237,0.00091,0.00003,0.59146,-0.00064,0.12898,0.00083,0.70423,-0.00011,0.70997,1,1,1,1
1765409521.049100,-0.00095,0.02431,0.01386,-0.00013,-0.00052,0.00006,0.59142,-0.00064,0.12899,0.00083,0.70422,-0.00011,0.70998,1,1,1,1
1765409521.051085,-0.01318,0.00607,-0.01624,-0.00079,0.00091,-0.00009,0.59142,-0.00064,0.12899,0.00083,0.70422,-0.00011,0.70998,1,1,1,1
1765409521.053101,0.01140,-0.00379,-0.00077,-0.00003,0.00037,0.00017,0.59138,-0.00064,0.12899,0.00083,0.70422,-0.00011,0.70998,1,1,1,1
1765409521.055113,0.00699,0.02399,-0.03921,0.00009,-0.00048,0.00041,0.59138,-0.00064,0.12899,0.00083,0.70422,-0.00011,0.70998,1,1,1,1
1765409521.057128,-0.00159,-0.01104,-0.00780,-0.00012,0.00029,0.00099,0.59134,-0.00064,0.12899,0.00083,0.70422,-0.00011,0.70998,1,1,1,1
1765409521.059111,-0.01180,0.02887,0.00603,0.00168,0.00088,0.00032,0.59134,-0.00064,0.12899,0.00083,0.70422,-0.00011,0.70998,1,1,1,1
1765409521.061112,-0.00153,-0.00563,0.02952,0.00060,0.00039,-0.00033,0.59118,-0.00064,0.12898,0.00083,0.70423,-0.00011,0.70997,1,1,1,1
1765409521.063121,-0.01806,-0.01501,-0.02314,0.00027,-0.00003,-0.00008,0.59118,-0.00064,0.12898,0.00083,0.70423,-0.00011,0.70997,1,1,1,1
1765409521.065174,0.02763,-0.00893,-0.00828,0.00057,0.00031,0.00028,0.59118,-0.00064,0.12898,0.00083,0.70423,-0.00011,0.70997,1,1,1,1
1765409521.067122,-0.00494,0.01147,-0.04639,-0.00072,-0.00019,0.00055,0.59118,-0.00064,0.12898,0.00083,0.70423,-0.00011,0.70997,1,1,1,1
1765409521.069115,0.01547,-0.00585,-0.00813,0.00017,-0.00030,0.00043,0.59118,-0.00064,0.12898,0.00083,0.70423,-0.00011,0.70997,1,1,1,1
1765409521.071111,-0.03040,0.00675,-0.02355,-0.00056,0.00049,0.00033,0.59118,-0.00064,0.12898,0.00083,0.70423,-0.00011,0.70997,1,1,1,1
1765409521.073143,-0.01494,0.02633,-0.01649,0.00055,0.00055,0.00058,0.59118,-0.00064,0.12898,0.00083,0.70423,-0.00011,0.70997,1,1,1,1
1765409521.075134,0.00778,0.01296,-0.00117,-0.00092,0.00079,0.00030,0.59118,-0.00064,0.12898,0.00083,0.70423,-0.00011,0.70997,1,1,1,1
1765409521.077134,0.00627,0.02841,0.01362,0.00058,0.00054,0.00031,0.59118,-0.00064,0.12898,0.00083,0.70423,-0.00011,0.70997,1,1,1,1
1765409521.079120,0.03238,0.01255,-0.00910,-0.00005,0.00099,-0.00013,0.59113,-0.00064,0.12899,0.00083,0.70423,-0.00011,0.70998,1,1,1,1
1765409521.081146,-0.00638,0.02092,-0.02416,0.00049,0.00095,0.00030,0.59109,-0.00064,0.12898,0.00083,0.70423,-0.00011,0.70997,1,1,1,1
1765409521.083124,0.00731,-0.00622,0.00703,-0.00028,0.00030,0.00045,0.59109,-0.00064,0.12898,0.00083,0.70423,-0.00011,0.70997,1,1,1,1
1765409521.085138,-0.03061,-0.01230,0.00729,0.00008,-0.00000,0.00009,0.59105,-0.00064,0.12899,0.00083,0.70422,-0.00011,0.70998,1,1,1,1
1765409521.087147,0.00133,0.01077,-0.00111,0.00102,0.00125,0.00058,0.59105,-0.00064,0.12899,0.00083,0.70422,-0.00011,0.70998,1,1,1,1
1765409521.089140,0.01919,0.05026,-0.00236,0.00041,0.00061,-0.00012,0.59105,-0.00064,0.12899,0.00083,0.70422,-0.00011,0.70998,1,1,1,1
1765409521.091156,-0.03081,0.04109,-0.02455,-0.00036,0.00085,0.00018,0.59101,-0.00064,0.12899,0.00083,0.70423,-0.00011,0.70997,1,1,1,1
1765409521.093136,0.00725,-0.05514,0.00026,0.00066,0.00045,-0.00062,0.59101,-0.00064,0.12899,0.00083,0.70423,-0.00011,0.70997,1,1,1,1
1765409521.095218,-0.01665,-0.00526,-0.00046,-0.00114,-0.00043,0.00007,0.59081,-0.00064,0.12898,0.00083,0.70423,-0.00011,0.70997,1,1,1,1
1765409521.097163,-0.02305,-0.01714,-0.02314,0.00112,0.00003,-0.00021,0.59081,-0.00064,0.12898,0.00083,0.70423,-0.00011,0.70997,1,1,1,1
1765409521.099153,-0.00132,0.01833,-0.01652,-0.00020,0.00076,0.00016,0.59081,-0.00064,0.12898,0.00083,0.70423,-0.00011,0.70997,1,1,1,1
1765409521.101143,-0.03054,-0.00834,0.01437,-0.00009,0.00138,-0.00045,0.59081,-0.00064,0.12898,0.00083,0.70423,-0.00011,0.70997,1,1,1,1
1765409521.103470,-0.02094,0.01672,-0.06959,-0.00110,-0.00002,-0.00039,0.59081,-0.00064,0.12898,0.00083,0.70423,-0.00011,0.70997,1,1,1,1
1765409521.105173,-0.03130,0.00344,-0.01595,0.00115,-0.00078,-0.00034,0.59081,-0.00064,0.12898,0.00083,0.70423,-0.00011,0.70997,1,1,1,1
1765409521.107154,0.00837,0.01821,0.00633,-0.00129,0.00026,0.00018,0.59081,-0.00064,0.12898,0.00083,0.70423,-0.00011,0.70997,1,1,1,1
1765409521.109182,0.01375,-0.01124,-0.01628,0.00206,0.00135,-0.00066,0.59081,-0.00064,0.12898,0.00083,0.70423,-0.00011,0.70997,1,1,1,1
1765409521.111153,-0.01132,-0.01442,-0.06134,0.00224,-0.00024,-0.00053,0.59081,-0.00064,0.12898,0.00083,0.70423,-0.00011,0.70997,1,1,1,1
1765409521.113167,-0.00054,-0.03474,0.01523,0.00003,-0.00048,-0.00033,0.59081,-0.00064,0.12898,0.00083,0.70423,-0.00011,0.70997,1,1,1,1
1765409521.115168,-0.01330,0.01132,-0.03139,-0.00072,0.00041,0.00017,0.59077,-0.00064,0.12898,0.00083,0.70423,-0.00011,0.70997,1,1,1,1
1765409521.117140,0.00819,0.00839,-0.00850,-0.00119,0.00015,0.00044,0.59077,-0.00064,0.12898,0.00083,0.70423,-0.00011,0.70997,1,1,1,1
1765409521.119167,-0.02615,0.00463,-0.00072,-0.00037,0.00006,0.00021,0.59073,-0.00064,0.12898,0.00083,0.70423,-0.00011,0.70997,1,1,1,1
1765409521.121168,-0.00951,0.00074,-0.02355,0.00068,-0.00129,-0.00050,0.59073,-0.00064,0.12898,0.00083,0.70423,-0.00011,0.70997,1,1,1,1
1765409521.123169,0.01097,0.01118,0.01422,0.00015,0.00012,0.00058,0.59069,-0.00064,0.12898,0.00083,0.70423,-0.00011,0.70997,1,1,1,1
1765409521.125180,0.02291,0.00264,0.02917,0.00071,0.00162,0.00018,0.59069,-0.00064,0.12898,0.00083,0.70423,-0.00011,0.70997,1,1,1,1
1765409521.127165,0.00846,-0.00623,0.06750,-0.00093,0.00040,-0.00031,0.59065,-0.00064,0.12898,0.00083,0.70423,-0.00011,0.70997,1,1,1,1
1765409521.129167,-0.02480,0.01982,-0.03131,-0.00149,-0.00098,0.00018,0.59065,-0.00064,0.12898,0.00083,0.70423,-0.00011,0.70997,1,1,1,1
1765409521.131179,-0.06397,-0.00554,-0.02291,0.00016,-0.00138,-0.00003,0.59065,-0.00064,0.12898,0.00083,0.70423,-0.00011,0.70997,1,1,1,1
1765409521.133172,0.00806,-0.01112,-0.04606,-0.00077,0.00004,0.00014,0.59061,-0.00064,0.12898,0.00083,0.70423,-0.00011,0.70997,1,1,1,1
1765409521.135169,0.00175,-0.03263,-0.01535,0.00159,0.00038,-0.00023,0.59057,-0.00064,0.12898,0.00083,0.70423,-0.00011,0.70997,1,1,1,1
1765409521.137168,0.02351,0.02334,-0.03177,0.00030,-0.00004,0.00040,0.59045,-0.00064,0.12898,0.00083,0.70423,-0.00011,0.70997,1,1,1,1
1765409521.139982,0.00768,0.01544,-0.00875,0.00042,-0.00177,-0.00050,0.59045,-0.00064,0.12898,0.00083,0.70423,-0.00011,0.70997,1,1,1,1
1765409521.141160,-0.02314,0.00661,-0.01590,0.00031,0.00066,0.00073,0.59045,-0.00064,0.12898,0.00083,0.70423,-0.00011,0.70997,1,1,1,1
1765409521.143163,-0.00483,-0.03835,-0.01514,-0.00045,0.00085,-0.00008,0.59045,-0.00064,0.12898,0.00083,0.70423,-0.00011,0.70997,1,1,1,1
1765409521.145188,-0.00878,-0.04540,-0.02228,-0.00075,0.00027,0.00032,0.59045,-0.00064,0.12898,0.00083,0.70423,-0.00011,0.70997,1,1,1,1
1765409521.147193,0.00298,-0.00913,-0.00082,-0.00010,0.00123,-0.00009,0.59045,-0.00064,0.12898,0.00083,0.70423,-0.00011,0.70997,1,1,1,1
1765409521.149180,-0.01417,-0.00818,-0.00067,0.00035,0.00068,-0.00007,0.59045,-0.00064,0.12898,0.00083,0.70423,-0.00011,0.70997,1,1,1,1
1765409521.151300,0.00338,0.03588,-0.00164,-0.00064,0.00006,0.00030,0.59041,-0.00064,0.12898,0.00083,0.70423,-0.00011,0.70997,1,1,1,1
1765409521.153278,-0.01561,0.00736,-0.00845,0.00163,0.00006,0.00032,0.59041,-0.00064,0.12898,0.00083,0.70423,-0.00011,0.70997,1,1,1,1
1765409521.155194,0.01653,0.02339,-0.03905,-0.00123,-0.00059,0.00081,0.59037,-0.00064,0.12898,0.00083,0.70424,-0.00011,0.70997,1,1,1,1
1765409521.157193,-0.00256,-0.00014,-0.03900,0.00176,0.00002,-0.00052,0.59037,-0.00064,0.12898,0.00083,0.70424,-0.00011,0.70997,1,1,1,1
1765409521.159198,-0.01726,-0.01058,-0.05354,-0.00077,0.00009,0.00016,0.59032,-0.00064,0.12898,0.00083,0.70423,-0.00011,0.70997,1,1,1,1
1765409521.161189,-0.03015,0.00676,-0.03872,-0.00078,0.00036,0.00032,0.59032,-0.00064,0.12898,0.00083,0.70423,-0.00011,0.70997,1,1,1,1
1765409521.163192,0.00165,0.03586,0.00583,0.00089,0.00071,0.00031,0.59028,-0.00064,0.12898,0.00083,0.70423,-0.00011,0.70997,1,1,1,1
1765409521.165201,0.01208,-0.02808,0.03028,-0.00032,-0.00013,0.00007,0.59028,-0.00064,0.12898,0.00083,0.70423,-0.00011,0.70997,1,1,1,1
1765409521.167197,0.01087,-0.05283,0.03834,0.00091,0.00054,-0.00005,0.59028,-0.00064,0.12898,0.00083,0.70423,-0.00011,0.70997,1,1,1,1
1765409521.169189,-0.02327,-0.01281,-0.03844,0.00095,0.00067,0.00004,0.59024,-0.00064,0.12898,0.00083,0.70423,-0.00011,0.70997,1,1,1,1
1765409521.171233,-0.01238,0.03667,-0.01678,-0.00129,-0.00065,-0.00009,0.59020,-0.00064,0.12898,0.00083,0.70423,-0.00011,0.70997,1,1,1,1
1765409521.173235,-0.01719,0.05915,-0.03252,-0.00080,-0.00073,-0.00011,0.59008,-0.00064,0.12899,0.00083,0.70422,-0.00011,0.70998,1,1,1,1
1765409521.175254,-0.02268,0.00235,-0.02353,0.00048,0.00002,0.00005,0.59008,-0.00064,0.12899,0.00083,0.70422,-0.00011,0.70998,1,1,1,1
1765409521.177240,0.00657,0.00431,-0.00071,0.00051,-0.00033,0.00058,0.59008,-0.00064,0.12899,0.00083,0.70422,-0.00011,0.70998,1,1,1,1
1765409521.179220,-0.01407,-0.00729,-0.02330,0.00058,-0.00046,-0.00009,0.59008,-0.00064,0.12899,0.00083,0.70422,-0.00011,0.70998,1,1,1,1
1765409521.181226,0.01349,-0.01017,-0.05375,0.00230,-0.00028,0.00013,0.59008,-0.00064,0.12899,0.00083,0.70422,-0.00011,0.70998,1,1,1,1
1765409521.183207,-0.00988,-0.01585,0.00707,0.00026,0.00089,-0.00007,0.59008,-0.00064,0.12899,0.00083,0.70422,-0.00011,0.70998,1,1,1,1
1765409521.185205,-0.02653,-0.00492,-0.02347,0.00039,0.00006,-0.00035,0.59008,-0.00064,0.12899,0.00083,0.70422,-0.00011,0.70998,1,1,1,1
1765409521.187199,-0.03873,-0.01749,-0.03827,-0.00020,0.00048,-0.00021,0.59004,-0.00064,0.12899,0.00083,0.70422,-0.00011,0.70998,1,1,1,1
1765409521.189206,-0.03968,0.00238,-0.03870,0.00048,0.00048,0.00006,0.59004,-0.00064,0.12899,0.00083,0.70422,-0.00011,0.70998,1,1,1,1
1765409521.191230,0.00134,-0.00328,-0.01617,0.00172,0.00074,-0.00024,0.59000,-0.00064,0.12899,0.00083,0.70422,-0.00011,0.70998,1,1,1,1
1765409521.193215,0.01409,-0.00110,-0.00881,0.00175,0.00083,-0.00052,0.59000,-0.00064,0.12899,0.00083,0.70422,-0.00011,0.70998,1,1,1,1
1765409521.195237,-0.02040,-0.00741,0.05297,-0.00160,-0.00089,0.00039,0.58996,-0.00064,0.12899,0.00083,0.70422,-0.00011,0.70998,1,1,1,1
1765409521.197238,-0.00517,0.02723,-0.00903,0.00013,-0.00085,-0.00023,0.58996,-0.00064,0.12899,0.00083,0.70422,-0.00011,0.70998,1,1,1,1
1765409521.199234,-0.00002,0.01481,-0.00083,-0.00090,-0.00141,0.00032,0.58992,-0.00064,0.12899,0.00083,0.70422,-0.00011,0.70998,1,1,1,1
1765409521.201382,-0.01116,-0.01539,-0.06889,0.00157,0.00065,-0.00013,0.58992,-0.00064,0.12899,0.00083,0.70422,-0.00011,0.70998,1,1,1,1
1765409521.203247,0.01112,-0.03311,0.00019,0.00027,0.00003,0.00059,0.58992,-0.00064,0.12899,0.00083,0.70422,-0.00011,0.70998,1,1,1,1
1765409521.205241,0.00180,0.01147,0.02163,0.00103,0.00047,0.00019,0.58988,-0.00064,0.12899,0.00083,0.70422,-0.00011,0.70999,1,1,1,1
1765409521.207252,-0.00493,0.02651,0.02143,-0.00054,-0.00022,0.00020,0.58988,-0.00064,0.12899,0.00083,0.70422,-0.00011,0.70999,1,1,1,1
1765409521.209254,0.01134,0.04063,0.01347,-0.00036,0.00009,0.00057,0.58972,-0.00064,0.12899,0.00083,0.70422,-0.00011,0.70998,1,1,1,1
1765409521.211248,0.00682,0.00312,-0.00105,0.00005,0.00118,0.00017,0.58972,-0.00064,0.12899,0.00083,0.70422,-0.00011,0.70998,1,1,1,1
1765409521.213247,-0.02318,-0.03244,-0.00749,0.00093,0.00056,0.00021,0.58972,-0.00064,0.12899,0.00083,0.70422,-0.00011,0.70998,1,1,1,1
1765409521.215245,-0.00094,0.00024,-0.04641,0.00045,-0.00101,-0.00052,0.58972,-0.00064,0.12899,0.00083,0.70422,-0.00011,0.70998,1,1,1,1
1765409521.217262,-0.00895,0.00508,-0.05380,-0.00036,-0.00116,0.00015,0.58972,-0.00064,0.12899,0.00083,0.70422,-0.00011,0.70998,1,1,1,1
1765409521.219233,-0.00633,-0.01299,0.00708,0.00095,0.00046,0.00006,0.58972,-0.00064,0.12899,0.00083,0.70422,-0.00011,0.70998,1,1,1,1
1765409521.221227,-0.00519,0.01647,-0.00862,-0.00044,-0.00007,0.00045,0.58972,-0.00064,0.12899,0.00083,0.70422,-0.00011,0.70998,1,1,1,1
1765409521.223243,0.01593,0.01828,-0.03930,-0.00042,0.00018,0.00013,0.58968,-0.00064,0.12899,0.00083,0.70422,-0.00011,0.70998,1,1,1,1
1765409521.225251,0.01598,0.00419,0.00675,-0.00015,-0.00058,0.00017,0.58968,-0.00064,0.12899,0.00083,0.70422,-0.00011,0.70998,1,1,1,1
1765409521.227260,-0.01282,-0.02267,-0.00792,-0.00048,0.00004,-0.00048,0.58964,-0.00064,0.12899,0.00083,0.70422,-0.00011,0.70998,1,1,1,1
1765409521.229257,0.00522,-0.01844,0.05315,-0.00217,-0.00043,0.00063,0.58964,-0.00064,0.12899,0.00083,0.70422,-0.00011,0.70998,1,1,1,1
1765409521.231254,-0.03623,0.00671,0.01462,-0.00296,-0.00008,0.00037,0.58960,-0.00064,0.12899,0.00083,0.70422,-0.00011,0.70998,1,1,1,1
1765409521.233255,-0.00187,0.03860,-0.02445,0.00027,0.00012,0.00042,0.58960,-0.00064,0.12899,0.00083,0.70422,-0.00011,0.70998,1,1,1,1
1765409521.235265,-0.04795,0.00228,-0.03851,0.00004,0.00058,0.00047,0.58940,-0.00064,0.12899,0.00083,0.70423,-0.00011,0.70998,1,1,1,1
1765409521.237258,0.00734,-0.02522,0.01494,0.00037,-0.00020,-0.00021,0.58936,-0.00064,0.12899,0.00083,0.70423,-0.00011,0.70997,1,1,1,1
1765409521.239242,0.02370,0.00848,0.00622,0.00056,0.00046,-0.00038,0.58936,-0.00064,0.12899,0.00083,0.70423,-0.00011,0.70997,1,1,1,1
1765409521.241281,-0.00521,-0.00330,-0.03121,-0.00003,0.00031,-0.00024,0.58936,-0.00064,0.12899,0.00083,0.70423,-0.00011,0.70997,1,1,1,1
1765409521.243263,-0.02226,0.01134,-0.01605,-0.00050,0.00065,0.00059,0.58936,-0.00064,0.12899,0.00083,0.70423,-0.00011,0.70997,1,1,1,1
1765409521.245280,-0.04250,-0.01842,-0.03022,-0.00021,-0.00150,0.00008,0.58936,-0.00064,0.12899,0.00083,0.70423,-0.00011,0.70997,1,1,1,1
1765409521.247341,0.02071,0.00628,-0.00087,-0.00078,-0.00051,0.00030,0.58936,-0.00064,0.12899,0.00083,0.70423,-0.00011,0.70997,1,1,1,1
1765409521.249336,0.02405,0.01358,0.02164,-0.00003,-0.00017,0.00031,0.58936,-0.00064,0.12899,0.00083,0.70423,-0.00011,0.70997,1,1,1,1
1765409521.251290,0.03231,0.01744,0.01330,0.00023,0.00136,-0.00066,0.58936,-0.00064,0.12899,0.00083,0.70423,-0.00011,0.70997,1,1,1,1
1765409521.253286,0.01860,-0.01326,-0.01581,0.00139,0.00016,0.00002,0.58936,-0.00064,0.12899,0.00083,0.70423,-0.00011,0.70997,1,1,1,1
1765409521.255265,-0.02073,0.03154,-0.00160,-0.00135,-0.00004,-0.00034,0.58936,-0.00064,0.12899,0.00083,0.70423,-0.00011,0.70997,1,1,1,1
1765409521.257270,-0.02673,0.03029,-0.02359,-0.00005,-0.00146,0.00113,0.58936,-0.00064,0.12899,0.00083,0.70423,-0.00011,0.70997,1,1,1,1
1765409521.259387,-0.03401,0.01983,-0.00080,-0.00106,-0.00062,0.00062,0.58932,-0.00064,0.12899,0.00083,0.70423,-0.00011,0.70997,1,1,1,1
1765409521.261263,0.01470,-0.02574,-0.00024,0.00102,0.00035,0.00017,0.58932,-0.00064,0.12899,0.00083,0.70423,-0.00011,0.70997,1,1,1,1
1765409521.263277,0.01760,-0.01886,-0.02358,0.00219,0.00145,-0.00026,0.58928,-0.00064,0.12899,0.00083,0.70423,-0.00011,0.70997,1,1,1,1
1765409521.265296,0.02711,-0.03371,-0.00036,0.00136,0.00096,-0.00024,0.58928,-0.00064,0.12899,0.00083,0.70423,-0.00011,0.70997,1,1,1,1
1765409521.267280,0.01711,0.00392,-0.03118,-0.00125,-0.00072,0.00015,0.58924,-0.00064,0.12898,0.00083,0.70423,-0.00011,0.70997,1,1,1,1
1765409521.269286,-0.05352,0.01064,-0.04660,0.00189,0.00038,-0.00035,0.58924,-0.00064,0.12898,0.00083,0.70423,-0.00011,0.70997,1,1,1,1
1765409521.271309,-0.03477,0.05889,-0.02482,-0.00058,0.00012,0.00032,0.58915,-0.00064,0.12899,0.00083,0.70423,-0.00011,0.70997,1,1,1,1
1765409521.273304,-0.02282,0.03178,0.00606,0.00040,0.00025,0.00007,0.58915,-0.00064,0.12899,0.00083,0.70423,-0.00011,0.70997,1,1,1,1
1765409521.275301,0.02670,-0.00435,-0.00118,0.00149,0.00132,-0.00025,0.58899,-0.00064,0.12898,0.00083,0.70424,-0.00011,0.70996,1,1,1,1
1765409521.277308,0.03739,-0.01875,0.02238,-0.00043,-0.00031,0.00017,0.58899,-0.00064,0.12898,0.00083,0.70424,-0.00011,0.70996,1,1,1,1
1765409521.279301,0.01932,-0.01821,0.02981,0.00089,0.00015,-0.00021,0.58899,-0.00064,0.12898,0.00083,0.70424,-0.00011,0.70996,1,1,1,1
1765409521.281341,-0.02494,0.00457,-0.02342,-0.00146,-0.00034,0.00019,0.58899,-0.00064,0.12898,0.00083,0.70424,-0.00011,0.70996,1,1,1,1
1765409521.283296,-0.04489,-0.03378,-0.03011,0.00179,0.00006,0.00008,0.58899,-0.00064,0.12898,0.00083,0.70424,-0.00011,0.70996,1,1,1,1
1765409521.285372,-0.02673,-0.00980,-0.06126,0.00055,-0.00005,-0.00024,0.58899,-0.00064,0.12898,0.00083,0.70424,-0.00011,0.70996,1,1,1,1
1765409521.287402,-0.00181,0.01834,0.03660,0.00024,0.00102,0.00020,0.58899,-0.00064,0.12898,0.00083,0.70424,-0.00011,0.70996,1,1,1,1
1765409521.289317,-0.00277,0.01903,-0.03930,0.00134,0.00040,0.00015,0.58899,-0.00064,0.12898,0.00083,0.70424,-0.00011,0.70996,1,1,1,1
1765409521.291357,0.00327,0.00644,-0.01606,-0.00034,-0.00004,0.00030,0.58899,-0.00064,0.12898,0.00083,0.70424,-0.00011,0.70996,1,1,1,1
1765409521.293356,-0.00927,-0.01491,-0.02311,0.00005,-0.00051,-0.00009,0.58899,-0.00064,0.12898,0.00083,0.70424,-0.00011,0.70996,1,1,1,1
1765409521.295340,-0.01517,-0.03863,0.03096,-0.00176,-0.00208,-0.00016,0.58895,-0.00064,0.12897,0.00083,0.70424,-0.00011,0.70996,1,1,1,1
1765409521.297310,-0.00284,-0.02945,-0.03805,0.00206,-0.00033,-0.00011,0.58895,-0.00064,0.12897,0.00083,0.70424,-0.00011,0.70996,1,1,1,1
1765409521.299312,0.00270,-0.01291,-0.03085,0.00051,-0.00015,0.00003,0.58891,-0.00064,0.12898,0.00083,0.70424,-0.00011,0.70996,1,1,1,1
1765409521.301323,0.00306,-0.01760,0.01497,0.00024,-0.00053,0.00020,0.58891,-0.00064,0.12898,0.00083,0.70424,-0.00011,0.70996,1,1,1,1
1765409521.303315,0.00289,0.00671,-0.04642,0.00010,-0.00029,0.00028,0.58887,-0.00064,0.12898,0.00083,0.70424,-0.00011,0.70996,1,1,1,1
1765409521.305319,-0.00886,0.02894,0.01368,-0.00073,-0.00005,-0.00007,0.58887,-0.00064,0.12898,0.00083,0.70424,-0.00011,0.70996,1,1,1,1
1765409521.307319,-0.00509,-0.00872,-0.04610,-0.00053,0.00058,0.00029,0.58863,-0.00064,0.12899,0.00083,0.70423,-0.00011,0.70997,1,1,1,1
1765409521.309335,-0.00691,0.00159,0.01440,0.00113,0.00072,0.00047,0.58863,-0.00064,0.12899,0.00083,0.70423,-0.00011,0.70997,1,1,1,1
1765409521.311327,-0.00972,0.01860,-0.04684,-0.00020,0.00061,0.00015,0.58863,-0.00064,0.12899,0.00083,0.70423,-0.00011,0.70997,1,1,1,1
1765409521.313389,-0.00561,0.04081,-0.03205,-0.00036,0.00030,0.00056,0.58863,-0.00064,0.12899,0.00083,0.70423,-0.00011,0.70997,1,1,1,1
1765409521.315360,0.00887,0.01951,-0.02381,-0.00128,-0.00152,0.00016,0.58863,-0.00064,0.12899,0.00083,0.70423,-0.00011,0.70997,1,1,1,1
1765409521.317384,0.00188,-0.00332,-0.00818,0.00085,0.00024,0.00058,0.58863,-0.00064,0.12899,0.00083,0.70423,-0.00011,0.70997,1,1,1,1
1765409521.319425,-0.01395,-0.01757,-0.00021,0.00024,-0.00007,0.00020,0.58863,-0.00064,0.12899,0.00083,0.70423,-0.00011,0.70997,1,1,1,1
1765409521.321407,-0.03573,-0.00053,-0.03120,0.00066,0.00106,-0.00008,0.58863,-0.00064,0.12899,0.00083,0.70423,-0.00011,0.70997,1,1,1,1
1765409521.323383,0.01514,0.03733,0.01331,-0.00018,0.00118,0.00043,0.58863,-0.00064,0.12899,0.00083,0.70423,-0.00011,0.70997,1,1,1,1
1765409521.325392,0.03381,0.00438,-0.03114,-0.00080,-0.00168,0.00013,0.58863,-0.00064,0.12899,0.00083,0.70423,-0.00011,0.70997,1,1,1,1
1765409521.327399,0.01220,-0.01779,-0.00798,-0.00020,-0.00065,-0.00023,0.58863,-0.00064,0.12899,0.00083,0.70423,-0.00011,0.70997,1,1,1,1
1765409521.329397,-0.00993,-0.00544,-0.01582,0.00039,0.00012,0.00005,0.58863,-0.00064,0.12899,0.00083,0.70423,-0.00011,0.70997,1,1,1,1
1765409521.331468,-0.02556,0.04947,-0.00914,-0.00113,-0.00099,0.00060,0.58859,-0.00064,0.12899,0.00083,0.70423,-0.00011,0.70997,1,1,1,1
1765409521.333330,0.00176,0.02053,-0.01647,0.00048,0.00111,0.00070,0.58859,-0.00064,0.12899,0.00083,0.70423,-0.00011,0.70997,1,1,1,1
1765409521.335333,0.00821,-0.01930,-0.00003,-0.00022,-0.00186,0.00005,0.58854,-0.00064,0.12898,0.00083,0.70423,-0.00011,0.70997,1,1,1,1
1765409521.337363,0.00802,-0.00059,-0.03115,-0.00043,-0.00061,-0.00012,0.58854,-0.00064,0.12898,0.00083,0.70423,-0.00011,0.70997,1,1,1,1
1765409521.339333,0.02820,0.05464,-0.00260,-0.00019,0.00088,-0.00027,0.58850,-0.00064,0.12899,0.00083,0.70423,-0.00011,0.70997,1,1,1,1
1765409521.341344,0.01479,0.02362,0.01347,0.00096,0.00043,-0.00037,0.58850,-0.00064,0.12899,0.00083,0.70423,-0.00011,0.70997,1,1,1,1
1765409521.343371,-0.01326,-0.03253,-0.03036,-0.00016,0.00005,-0.00022,0.58850,-0.00064,0.12899,0.00083,0.70423,-0.00011,0.70997,1,1,1,1
1765409521.345373,-0.01015,-0.03951,-0.03002,0.00085,-0.00035,0.00018,0.58846,-0.00064,0.12899,0.00083,0.70423,-0.00011,0.70997,1,1,1,1
1765409521.347374,-0.00045,0.02422,-0.05428,-0.00078,-0.00089,0.00041,0.58830,-0.00063,0.12898,0.00083,0.70424,-0.00011,0.70996,1,1,1,1
1765409521.349367,0.02081,0.02577,-0.01665,-0.00098,-0.00027,0.00014,0.58830,-0.00063,0.12898,0.00083,0.70424,-0.00011,0.70996,1,1,1,1
1765409521.351433,0.01894,0.00792,0.02179,-0.00316,-0.00011,0.00005,0.58830,-0.00063,0.12898,0.00083,0.70424,-0.00011,0.70996,1,1,1,1
1765409521.353442,0.01008,-0.01835,-0.00027,0.00111,0.00041,0.00058,0.58830,-0.00063,0.12898,0.00083,0.70424,-0.00011,0.70996,1,1,1,1
1765409521.355361,0.00282,0.00657,-0.01607,0.00010,-0.00004,0.00030,0.58830,-0.00063,0.12898,0.00083,0.70424,-0.00011,0.70996,1,1,1,1
1765409521.357378,-0.01571,0.00647,0.01419,0.00140,0.00120,0.00034,0.58830,-0.00063,0.12898,0.00083,0.70424,-0.00011,0.70996,1,1,1,1
1765409521.359343,0.01838,0.02085,-0.01664,0.00114,0.00052,0.00028,0.58830,-0.00063,0.12898,0.00083,0.70424,-0.00011,0.70996,1,1,1,1
1765409521.361357,-0.00167,0.00944,-0.04658,0.00057,-0.00024,0.00001,0.58830,-0.00063,0.12898,0.00083,0.70424,-0.00011,0.70996,1,1,1,1
1765409521.363383,-0.01514,-0.00817,-0.03871,0.00123,0.00095,-0.00010,0.58826,-0.00064,0.12897,0.00083,0.70425,-0.00011,0.70996,1,1,1,1
1765409521.365355,-0.00687,-0.02865,0.02246,0.00120,0.00175,0.00007,0.58826,-0.00064,0.12897,0.00083,0.70425,-0.00011,0.70996,1,1,1,1
1765409521.367357,-0.01843,-0.03449,-0.02275,0.00091,-0.00001,-0.00035,0.58822,-0.00064,0.12897,0.00083,0.70425,-0.00011,0.70996,1,1,1,1
1765409521.369365,-0.00718,0.01143,-0.00860,0.00125,0.00072,0.00058,0.58822,-0.00064,0.12897,0.00083,0.70425,-0.00011,0.70996,1,1,1,1
1765409521.371375,-0.04574,0.02055,-0.02407,0.00244,0.00028,-0.00020,0.58818,-0.00064,0.12897,0.00083,0.70425,-0.00011,0.70995,1,1,1,1
1765409521.373392,0.00566,0.02673,-0.00857,-0.00250,-0.00173,0.00058,0.58818,-0.00064,0.12897,0.00083,0.70425,-0.00011,0.70995,1,1,1,1
1765409521.375373,0.00627,-0.01048,-0.03886,0.00142,0.00030,-0.00066,0.58814,-0.00064,0.12897,0.00083,0.70425,-0.00011,0.70995,1,1,1,1
1765409521.377394,0.00346,-0.01349,0.00709,-0.00037,0.00035,0.00005,0.58814,-0.00064,0.12897,0.00083,0.70425,-0.00011,0.70995,1,1,1,1
1765409521.379424,0.01100,0.01062,-0.00105,-0.00007,0.00075,0.00057,0.58794,-0.00064,0.12897,0.00083,0.70425,-0.00011,0.70995,1,1,1,1
1765409521.381400,-0.03091,0.00801,0.00698,0.00033,-0.00077,0.00035,0.58794,-0.00064,0.12897,0.00083,0.70425,-0.00011,0.70995,1,1,1,1
1765409521.383389,-0.00046,0.00375,-0.00845,-0.00081,0.00026,0.00018,0.58794,-0.00064,0.12897,0.00083,0.70425,-0.00011,0.70995,1,1,1,1
1765409521.385385,-0.00090,-0.00099,0.02952,-0.00021,0.00038,-0.00006,0.58794,-0.00064,0.12897,0.00083,0.70425,-0.00011,0.70995,1,1,1,1
1765409521.387408,0.01117,-0.03283,-0.02291,0.00071,0.00001,-0.00024,0.58794,-0.00064,0.12897,0.00083,0.70425,-0.00011,0.70995,1,1,1,1
1765409521.389378,-0.01340,0.04150,0.00591,-0.00057,-0.00025,0.00019,0.58794,-0.00064,0.12897,0.00083,0.70425,-0.00011,0.70995,1,1,1,1
1765409521.391369,-0.00159,0.05812,0.00499,0.00028,0.00072,-0.00050,0.58794,-0.00064,0.12897,0.00083,0.70425,-0.00011,0.70995,1,1,1,1
1765409521.393378,-0.02648,0.03926,0.02853,0.00005,0.00028,-0.00032,0.58794,-0.00064,0.12897,0.00083,0.70425,-0.00011,0.70995,1,1,1,1
1765409521.395371,-0.00501,-0.02201,-0.00010,0.00019,-0.00094,-0.00007,0.58794,-0.00064,0.12897,0.00083,0.70425,-0.00011,0.70995,1,1,1,1
1765409521.397471,0.01019,-0.00874,-0.00068,0.00100,0.00077,0.00031,0.58794,-0.00064,0.12897,0.00083,0.70425,-0.00011,0.70995,1,1,1,1
1765409521.399411,0.01185,-0.01881,-0.00799,-0.00043,0.00051,0.00017,0.58790,-0.00064,0.12897,0.00083,0.70425,-0.00011,0.70995,1,1,1,1
1765409521.401378,-0.00092,0.02372,-0.02420,-0.00035,0.00012,0.00002,0.58790,-0.00064,0.12897,0.00083,0.70425,-0.00011,0.70995,1,1,1,1
1765409521.403387,-0.00556,-0.02281,-0.00026,0.00039,0.00021,-0.00007,0.58790,-0.00064,0.12897,0.00083,0.70425,-0.00011,0.70995,1,1,1,1
1765409521.405430,-0.00491,-0.00750,-0.01570,-0.00008,-0.00070,-0.00009,0.58786,-0.00064,0.12897,0.00083,0.70425,-0.00011,0.70995,1,1,1,1
1765409521.407392,0.00798,-0.02982,-0.03034,-0.00013,-0.00096,-0.00011,0.58786,-0.00064,0.12897,0.00083,0.70425,-0.00011,0.70995,1,1,1,1
1765409521.409430,-0.03029,0.00640,-0.02360,-0.00078,0.00087,0.00033,0.58782,-0.00064,0.12897,0.00083,0.70425,-0.00011,0.70995,1,1,1,1
1765409521.411411,-0.03008,0.00213,-0.01606,-0.00040,0.00035,-0.00034,0.58782,-0.00064,0.12897,0.00083,0.70425,-0.00011,0.70995,1,1,1,1
1765409521.413417,-0.00668,0.02639,-0.03947,0.00099,0.00044,0.00015,0.58778,-0.00064,0.12897,0.00083,0.70425,-0.00011,0.70995,1,1,1,1
1765409521.415443,0.00130,0.00215,-0.03888,0.00179,-0.00002,0.00001,0.58778,-0.00064,0.12897,0.00083,0.70425,-0.00011,0.70995,1,1,1,1
1765409521.417401,0.00465,0.02246,-0.02391,-0.00102,-0.00185,-0.00011,0.58758,-0.00064,0.12897,0.00083,0.70425,-0.00011,0.70995,1,1,1,1
1765409521.419411,-0.02826,-0.02983,-0.04568,0.00184,0.00087,-0.00009,0.58758,-0.00064,0.12897,0.00083,0.70425,-0.00011,0.70995,1,1,1,1
1765409521.421454,0.00403,-0.03309,-0.02284,-0.00060,0.00010,-0.00023,0.58758,-0.00064,0.12897,0.00083,0.70425,-0.00011,0.70995,1,1,1,1
1765409521.423508,-0.01657,-0.05961,0.00844,-0.00093,-0.00014,-0.00004,0.58758,-0.00064,0.12897,0.00083,0.70425,-0.00011,0.70995,1,1,1,1
1765409521.425430,0.00834,-0.00592,0.04476,-0.00071,0.00002,-0.00032,0.58758,-0.00064,0.12897,0.00083,0.70425,-0.00011,0.70995,1,1,1,1
1765409521.427412,0.00307,0.04633,-0.01713,-0.00008,-0.00046,0.00002,0.58758,-0.00064,0.12897,0.00083,0.70425,-0.00011,0.70995,1,1,1,1
1765409521.429430,-0.00212,0.00884,-0.00096,0.00056,0.00053,0.00045,0.58758,-0.00064,0.12897,0.00083,0.70425,-0.00011,0.70995,1,1,1,1
1765409521.431423,0.00655,0.03774,-0.03219,0.00004,0.00091,0.00041,0.58758,-0.00064,0.12897,0.00083,0.70425,-0.00011,0.70995,1,1,1,1
1765409521.433496,-0.01520,0.00649,-0.01615,0.00097,0.00094,0.00031,0.58758,-0.00064,0.12897,0.00083,0.70425,-0.00011,0.70995,1,1,1,1
1765409521.435458,-0.01421,0.00716,-0.01597,0.00032,-0.00021,0.00032,0.58758,-0.00064,0.12897,0.00083,0.70425,-0.00011,0.70995,1,1,1,1
1765409521.437407,-0.01437,-0.00677,-0.01565,0.00102,-0.00097,-0.00008,0.58754,-0.00064,0.12897,0.00083,0.70425,-0.00011,0.70995,1,1,1,1
1765409521.439420,0.01641,0.01400,-0.01638,-0.00047,-0.00059,-0.00012,0.58754,-0.00064,0.12897,0.00083,0.70425,-0.00011,0.70995,1,1,1,1
1765409521.441432,0.01193,0.00062,-0.06934,-0.00063,0.00075,-0.00002,0.58750,-0.00064,0.12897,0.00083,0.70425,-0.00011,0.70995,1,1,1,1
1765409521.443409,0.00756,0.02358,0.00633,-0.00057,-0.00011,0.00044,0.58750,-0.00064,0.12897,0.00083,0.70425,-0.00011,0.70995,1,1,1,1
1765409521.445415,0.02302,0.01846,0.03655,0.00090,0.00034,0.00018,0.58746,-0.00064,0.12898,0.00083,0.70424,-0.00011,0.70996,1,1,1,1
1765409521.447424,-0.01289,0.01184,-0.00109,-0.00072,-0.00012,-0.00021,0.58746,-0.00064,0.12898,0.00083,0.70424,-0.00011,0.70996,1,1,1,1
1765409521.449527,-0.00993,0.01435,-0.02378,0.00019,-0.00014,0.00031,0.58742,-0.00064,0.12898,0.00083,0.70424,-0.00011,0.70996,1,1,1,1
1765409521.451457,0.01169,0.00064,-0.03139,-0.00041,0.00087,0.00001,0.58722,-0.00064,0.12899,0.00083,0.70423,-0.00011,0.70998,1,1,1,1
1765409521.453442,-0.00927,-0.03462,-0.00013,0.00047,-0.00013,-0.00074,0.58722,-0.00064,0.12899,0.00083,0.70423,-0.00011,0.70998,1,1,1,1
1765409521.455455,-0.01787,-0.03004,-0.01520,0.00009,0.00024,-0.00007,0.58722,-0.00064,0.12899,0.00083,0.70423,-0.00011,0.70998,1,1,1,1
1765409521.457446,-0.01942,-0.03023,-0.01534,0.00139,0.00102,-0.00007,0.58722,-0.00064,0.12899,0.00083,0.70423,-0.00011,0.70998,1,1,1,1
1765409521.459459,-0.01336,0.01624,0.01380,-0.00044,0.00077,-0.00034,0.58722,-0.00064,0.12899,0.00083,0.70423,-0.00011,0.70998,1,1,1,1
1765409521.461446,-0.00185,0.00401,0.04464,0.00050,0.00052,0.00022,0.58722,-0.00064,0.12899,0.00083,0.70423,-0.00011,0.70998,1,1,1,1
1765409521.463451,-0.00965,0.02376,-0.05458,-0.00013,0.00035,0.00001,0.58722,-0.00064,0.12899,0.00083,0.70423,-0.00011,0.70998,1,1,1,1
1765409521.465457,0.00342,-0.01296,-0.00043,-0.00014,-0.00029,0.00005,0.58722,-0.00064,0.12899,0.00083,0.70423,-0.00011,0.70998,1,1,1,1
1765409521.467460,0.00288,-0.02291,-0.03085,0.00061,0.00023,-0.00051,0.58722,-0.00064,0.12899,0.00083,0.70423,-0.00011,0.70998,1,1,1,1
1765409521.469462,-0.01271,0.03645,-0.01684,-0.00107,-0.00026,-0.00009,0.58722,-0.00064,0.12899,0.00083,0.70423,-0.00011,0.70998,1,1,1,1
1765409521.471448,-0.02977,0.02637,-0.00130,-0.00120,0.00046,0.00021,0.58722,-0.00064,0.12899,0.00083,0.70423,-0.00011,0.70998,1,1,1,1
1765409521.473441,-0.02242,0.02227,-0.00886,0.00028,-0.00026,-0.00008,0.58718,-0.00064,0.12899,0.00083,0.70422,-0.00011,0.70998,1,1,1,1
1765409521.475523,-0.00560,-0.02224,0.01501,0.00062,-0.00043,-0.00006,0.58718,-0.00064,0.12899,0.00083,0.70422,-0.00011,0.70998,1,1,1,1
1765409521.477460,-0.01331,0.00215,0.05985,-0.00018,0.00002,-0.00029,0.58714,-0.00064,0.12899,0.00083,0.70422,-0.00011,0.70998,1,1,1,1
1765409521.479511,0.02352,0.00358,-0.00102,0.00050,0.00022,0.00016,0.58714,-0.00064,0.12899,0.00083,0.70422,-0.00011,0.70998,1,1,1,1
1765409521.481483,0.02015,0.00545,-0.02382,-0.00057,0.00064,0.00028,0.58710,-0.00064,0.12899,0.00083,0.70422,-0.00011,0.70998,1,1,1,1
1765409521.483481,0.00775,0.00855,0.01428,-0.00075,0.00016,0.00045,0.58710,-0.00064,0.12899,0.00083,0.70422,-0.00011,0.70998,1,1,1,1
1765409521.486077,-0.01410,-0.01298,-0.00805,0.00029,0.00043,0.00006,0.58701,-0.00064,0.12899,0.00083,0.70422,-0.00011,0.70998,1,1,1,1
1765409521.487463,-0.03069,0.01229,0.00671,-0.00006,-0.00002,0.00022,0.58697,-0.00064,0.12899,0.00083,0.70422,-0.00011,0.70998,1,1,1,1
1765409521.489462,-0.00732,-0.01786,-0.04632,0.00220,0.00098,-0.00066,0.58685,-0.00064,0.12899,0.00083,0.70423,-0.00011,0.70997,1,1,1,1
1765409521.491477,0.00307,0.01156,-0.03142,-0.00006,-0.00017,0.00015,0.58685,-0.00064,0.12899,0.00083,0.70423,-0.00011,0.70997,1,1,1,1
1765409521.493479,0.01976,0.00508,0.00646,-0.00036,0.00128,0.00030,0.58685,-0.00064,0.12899,0.00083,0.70423,-0.00011,0.70997,1,1,1,1
1765409521.495565,0.00189,0.00732,-0.04640,0.00120,-0.00066,0.00028,0.58685,-0.00064,0.12899,0.00083,0.70423,-0.00011,0.70997,1,1,1,1
1765409521.497477,-0.03104,0.01829,-0.01612,0.00067,-0.00117,0.00006,0.58685,-0.00064,0.12899,0.00083,0.70423,-0.00011,0.70997,1,1,1,1
1765409521.499499,-0.03072,-0.01131,-0.05331,0.00053,-0.00127,0.00004,0.58685,-0.00064,0.12899,0.00083,0.70423,-0.00011,0.70997,1,1,1,1
1765409521.501461,-0.01768,-0.00537,0.01463,-0.00027,0.00009,0.00008,0.58685,-0.00064,0.12899,0.00083,0.70423,-0.00011,0.70997,1,1,1,1
1765409521.503465,0.01118,0.00062,-0.00105,0.00002,0.00113,0.00003,0.58685,-0.00064,0.12899,0.00083,0.70423,-0.00011,0.70997,1,1,1,1
1765409521.505464,0.02332,0.02376,0.02090,0.00118,0.00019,-0.00078,0.58685,-0.00064,0.12899,0.00083,0.70423,-0.00011,0.70997,1,1,1,1
1765409521.507486,0.01561,0.02310,0.00603,-0.00014,0.00055,0.00003,0.58685,-0.00064,0.12899,0.00083,0.70423,-0.00011,0.70997,1,1,1,1
1765409521.509479,-0.00283,-0.00584,-0.00858,0.00169,0.00104,-0.00036,0.58681,-0.00064,0.12899,0.00083,0.70423,-0.00011,0.70997,1,1,1,1
1765409521.511481,-0.03350,0.00507,-0.00056,-0.00124,-0.00062,0.00022,0.58681,-0.00064,0.12899,0.00083,0.70423,-0.00011,0.70997,1,1,1,1
1765409521.513486,0.00992,0.02106,-0.00160,0.00136,0.00075,-0.00011,0.58677,-0.00064,0.12899,0.00083,0.70423,-0.00011,0.70997,1,1,1,1
1765409521.515479,0.00657,0.01793,0.00633,0.00002,0.00105,0.00058,0.58677,-0.00064,0.12899,0.00083,0.70423,-0.00011,0.70997,1,1,1,1
1765409521.517484,-0.00178,0.00416,0.01429,0.00050,0.00027,0.00019,0.58673,-0.00064,0.12899,0.00083,0.70423,-0.00011,0.70997,1,1,1,1
1765409521.519497,0.00610,0.00943,-0.03145,0.00122,-0.00021,0.00001,0.58673,-0.00064,0.12899,0.00083,0.70423,-0.00011,0.70997,1,1,1,1
1765409521.521570,0.02057,0.01082,-0.00095,-0.00094,-0.00012,0.00056,0.58669,-0.00064,0.12899,0.00083,0.70423,-0.00011,0.70997,1,1,1,1
1765409521.523497,0.00694,-0.01089,-0.00037,0.00010,0.00006,0.00058,0.58669,-0.00064,0.12899,0.00083,0.70423,-0.00011,0.70997,1,1,1,1
1765409521.525488,-0.01288,-0.01800,-0.00779,-0.00086,0.00004,0.00020,0.58649,-0.00064,0.12899,0.00083,0.70423,-0.00011,0.70997,1,1,1,1
1765409521.527503,0.00690,0.00334,0.01417,0.00006,0.00093,0.00018,0.58649,-0.00064,0.12899,0.00083,0.70423,-0.00011,0.70997,1,1,1,1
1765409521.529499,-0.01366,0.03647,-0.00153,-0.00042,-0.00012,0.00032,0.58649,-0.00064,0.12899,0.00083,0.70423,-0.00011,0.70997,1,1,1,1
1765409521.531513,-0.00951,0.01433,-0.03930,0.00019,0.00009,-0.00052,0.58649,-0.00064,0.12899,0.00083,0.70423,-0.00011,0.70997,1,1,1,1
1765409521.533525,-0.00722,-0.00548,0.02253,-0.00224,-0.00092,0.00049,0.58649,-0.00064,0.12899,0.00083,0.70423,-0.00011,0.70997,1,1,1,1
1765409521.535494,-0.01230,-0.00279,-0.00064,-0.00111,-0.00049,-0.00020,0.58649,-0.00064,0.12899,0.00083,0.70423,-0.00011,0.70997,1,1,1,1
1765409521.537533,0.02800,0.00566,0.00653,0.00009,0.00042,0.00029,0.58649,-0.00064,0.12899,0.00083,0.70423,-0.00011,0.70997,1,1,1,1
1765409521.539502,-0.02397,0.00220,-0.01606,0.00157,0.00067,0.00005,0.58649,-0.00064,0.12899,0.00083,0.70423,-0.00011,0.70997,1,1,1,1
1765409521.541495,-0.01048,-0.01986,-0.02302,0.00108,-0.00011,0.00005,0.58649,-0.00064,0.12899,0.00083,0.70423,-0.00011,0.70997,1,1,1,1
1765409521.543512,-0.02892,-0.00805,-0.00806,-0.00161,0.00022,-0.00006,0.58649,-0.00064,0.12899,0.00083,0.70423,-0.00011,0.70997,1,1,1,1
1765409521.545506,0.00370,-0.01212,0.00714,0.00009,-0.00119,-0.00035,0.58645,-0.00064,0.12899,0.00083,0.70423,-0.00011,0.70997,1,1,1,1
1765409521.547497,-0.01842,0.02356,-0.03908,-0.00035,0.00060,0.00084,0.58645,-0.00064,0.12899,0.00083,0.70423,-0.00011,0.70997,1,1,1,1
1765409521.549501,-0.01014,-0.00610,-0.03094,0.00016,0.00077,0.00044,0.58641,-0.00064,0.12899,0.00083,0.70424,-0.00011,0.70996,1,1,1,1
1765409521.551520,-0.01752,0.01917,-0.04669,-0.00063,-0.00006,0.00016,0.58641,-0.00064,0.12899,0.00083,0.70424,-0.00011,0.70996,1,1,1,1
1765409521.553499,0.01125,0.03067,0.02087,0.00017,0.00072,-0.00036,0.58637,-0.00064,0.12899,0.00083,0.70423,-0.00011,0.70997,1,1,1,1
1765409521.555535,0.01629,-0.03106,0.00760,-0.00058,0.00021,0.00032,0.58637,-0.00064,0.12899,0.00083,0.70423,-0.00011,0.70997,1,1,1,1
1765409521.557548,-0.03801,0.00727,0.00679,-0.00099,0.00007,-0.00004,0.58633,-0.00064,0.12899,0.00083,0.70423,-0.00011,0.70997,1,1,1,1
1765409521.559616,-0.02652,0.00004,0.00691,0.00023,-0.00007,-0.00005,0.58629,-0.00064,0.12899,0.00083,0.70423,-0.00011,0.70997,1,1,1,1
1765409521.561545,-0.01323,0.01648,-0.03913,-0.00066,0.00015,0.00003,0.58625,-0.00064,0.12899,0.00083,0.70424,-0.00011,0.70997,1,1,1,1
1765409521.563545,-0.00108,-0.02571,0.00746,-0.00008,0.00041,0.00020,0.58609,-0.00064,0.12899,0.00083,0.70423,-0.00011,0.70997,1,1,1,1
1765409521.565522,0.00742,-0.03620,0.02255,0.00001,0.00120,-0.00034,0.58609,-0.00064,0.12899,0.00083,0.70423,-0.00011,0.70997,1,1,1,1
1765409521.567555,0.00169,-0.03266,0.05281,0.00180,0.00075,-0.00058,0.58609,-0.00064,0.12899,0.00083,0.70423,-0.00011,0.70997,1,1,1,1
1765409521.569541,0.00770,-0.00079,-0.00842,-0.00021,-0.00022,-0.00010,0.58609,-0.00064,0.12899,0.00083,0.70423,-0.00011,0.70997,1,1,1,1
1765409521.571529,0.00960,0.00161,-0.06936,0.00178,0.00039,-0.00002,0.58609,-0.00064,0.12899,0.00083,0.70423,-0.00011,0.70997,1,1,1,1
1765409521.573539,-0.02191,0.00743,-0.02364,-0.00012,-0.00038,-0.00008,0.58609,-0.00064,0.12899,0.00083,0.70423,-0.00011,0.70997,1,1,1,1
1765409521.575529,-0.02223,0.01205,-0.03113,-0.00028,-0.00024,0.00058,0.58609,-0.00064,0.12899,0.00083,0.70423,-0.00011,0.70997,1,1,1,1
1765409521.577546,0.00690,0.05292,0.02068,-0.00021,0.00038,0.00045,0.58609,-0.00064,0.12899,0.00083,0.70423,-0.00011,0.70997,1,1,1,1
1765409521.579551,-0.02264,0.00680,-0.01619,0.00031,0.00064,-0.00008,0.58609,-0.00064,0.12899,0.00083,0.70423,-0.00011,0.70997,1,1,1,1
1765409521.581552,0.01454,-0.03597,-0.00030,0.00133,0.00111,-0.00037,0.58609,-0.00064,0.12899,0.00083,0.70423,-0.00011,0.70997,1,1,1,1
1765409521.583553,0.00362,-0.03225,-0.03793,0.00006,-0.00078,-0.00024,0.58609,-0.00064,0.12899,0.00083,0.70423,-0.00011,0.70997,1,1,1,1
1765409521.585539,0.00649,-0.03558,-0.01503,0.00068,0.00034,0.00044,0.58605,-0.00063,0.12900,0.00083,0.70423,-0.00011,0.70998,1,1,1,1
1765409521.587538,-0.03772,0.03642,-0.02420,-0.00173,0.00017,0.00033,0.58605,-0.00063,0.12900,0.00083,0.70423,-0.00011,0.70998,1,1,1,1
1765409521.589531,-0.03994,0.00735,-0.02371,0.00076,0.00060,-0.00007,0.58601,-0.00064,0.12900,0.00083,0.70422,-0.00011,0.70998,1,1,1,1
1765409521.591549,-0.03054,0.00639,-0.00843,-0.00056,0.00100,0.00034,0.58601,-0.00064,0.12900,0.00083,0.70422,-0.00011,0.70998,1,1,1,1
1765409521.593558,0.01015,-0.00812,0.00683,0.00145,0.00026,-0.00009,0.58601,-0.00064,0.12900,0.00083,0.70422,-0.00011,0.70998,1,1,1,1
1765409521.595554,0.01990,-0.00815,0.00710,0.00014,-0.00061,0.00031,0.58597,-0.00064,0.12900,0.00083,0.70422,-0.00011,0.70998,1,1,1,1
1765409521.597544,-0.01385,0.02180,-0.00893,0.00006,0.00002,-0.00009,0.58593,-0.00063,0.12900,0.00083,0.70422,-0.00011,0.70999,1,1,1,1
1765409521.599554,0.01137,0.03138,-0.00124,-0.00026,-0.00079,0.00084,0.58593,-0.00063,0.12900,0.00083,0.70422,-0.00011,0.70999,1,1,1,1
1765409521.601583,-0.03828,0.05179,-0.01693,-0.00111,-0.00034,0.00033,0.58572,-0.00063,0.12900,0.00083,0.70422,-0.00011,0.70999,1,1,1,1
1765409521.603582,-0.00640,-0.00746,-0.03117,0.00145,-0.00005,-0.00051,0.58568,-0.00063,0.12900,0.00083,0.70422,-0.00011,0.70998,1,1,1,1
1765409521.605564,0.02089,-0.01870,-0.02312,-0.00086,-0.00011,0.00015,0.58568,-0.00063,0.12900,0.00083,0.70422,-0.00011,0.70998,1,1,1,1
1765409521.607563,0.01068,-0.05397,0.02296,0.00067,0.00194,-0.00007,0.58568,-0.00063,0.12900,0.00083,0.70422,-0.00011,0.70998,1,1,1,1
1765409521.609574,-0.01953,0.00717,0.01465,-0.00252,-0.00104,0.00036,0.58568,-0.00063,0.12900,0.00083,0.70422,-0.00011,0.70998,1,1,1,1
1765409521.611674,-0.02253,0.03616,-0.01679,-0.00020,0.00063,0.00032,0.58568,-0.00063,0.12900,0.00083,0.70422,-0.00011,0.70998,1,1,1,1
1765409521.613575,-0.01358,0.05648,0.00573,-0.00061,-0.00064,0.00059,0.58568,-0.00063,0.12900,0.00083,0.70422,-0.00011,0.70998,1,1,1,1
1765409521.615559,-0.00028,-0.02001,-0.02274,-0.00066,-0.00099,0.00045,0.58568,-0.00063,0.12900,0.00083,0.70422,-0.00011,0.70998,1,1,1,1
1765409521.617568,0.02467,-0.05119,0.00031,-0.00038,0.00063,0.00004,0.58568,-0.00063,0.12900,0.00083,0.70422,-0.00011,0.70998,1,1,1,1
1765409521.619569,0.01102,-0.04182,-0.01500,0.00126,-0.00087,-0.00036,0.58568,-0.00063,0.12900,0.00083,0.70422,-0.00011,0.70998,1,1,1,1
1765409521.621561,0.02311,0.03294,-0.00184,0.00064,0.00058,0.00015,0.58568,-0.00063,0.12900,0.00083,0.70422,-0.00011,0.70998,1,1,1,1
1765409521.623571,-0.03541,0.04924,-0.04743,0.00017,0.00014,0.00017,0.58568,-0.00063,0.12900,0.00083,0.70422,-0.00011,0.70998,1,1,1,1
1765409521.625576,-0.03140,0.01736,-0.00110,0.00066,0.00011,0.00007,0.58564,-0.00063,0.12900,0.00083,0.70422,-0.00011,0.70999,1,1,1,1
1765409521.627558,-0.02193,-0.01823,-0.03046,-0.00064,0.00054,0.00059,0.58564,-0.00063,0.12900,0.00083,0.70422,-0.00011,0.70999,1,1,1,1
1765409521.629638,-0.02260,-0.06690,-0.02186,0.00073,0.00045,-0.00006,0.58560,-0.00063,0.12900,0.00083,0.70422,-0.00011,0.70998,1,1,1,1
1765409521.631594,-0.01526,-0.00284,-0.03884,0.00151,0.00056,-0.00024,0.58560,-0.00063,0.12900,0.00083,0.70422,-0.00011,0.70998,1,1,1,1
1765409521.633609,-0.00615,0.02153,-0.00126,0.00050,0.00018,0.00032,0.58556,-0.00063,0.12900,0.00083,0.70422,-0.00011,0.70999,1,1,1,1
1765409521.635590,0.00738,0.00396,0.02190,-0.00015,0.00003,0.00019,0.58556,-0.00063,0.12900,0.00083,0.70422,-0.00011,0.70999,1,1,1,1
1765409521.637602,-0.01919,0.00379,0.00662,0.00072,0.00137,0.00020,0.58552,-0.00063,0.12900,0.00083,0.70422,-0.00011,0.70998,1,1,1,1
1765409521.639597,0.00947,-0.00855,-0.02385,0.00210,0.00115,-0.00052,0.58536,-0.00063,0.12900,0.00083,0.70422,-0.00011,0.70998,1,1,1,1
1765409521.641619,-0.02679,-0.02982,-0.03797,0.00052,0.00034,-0.00008,0.58536,-0.00063,0.12900,0.00083,0.70422,-0.00011,0.70998,1,1,1,1
1765409521.643603,0.00374,0.00221,-0.00090,-0.00018,-0.00069,-0.00036,0.58536,-0.00063,0.12900,0.00083,0.70422,-0.00011,0.70998,1,1,1,1
1765409521.645586,0.00738,0.00396,0.02190,-0.00015,0.00003,0.00019,0.58536,-0.00063,0.12900,0.00083,0.70422,-0.00011,0.70998,1,1,1,1
1765409521.647602,-0.01431,0.02696,-0.01689,0.00078,0.00014,-0.00063,0.58536,-0.00063,0.12900,0.00083,0.70422,-0.00011,0.70998,1,1,1,1
1765409521.649580,0.02786,0.04990,0.02833,-0.00025,0.00039,0.00070,0.58536,-0.00063,0.12900,0.00083,0.70422,-0.00011,0.70998,1,1,1,1
1765409521.651586,-0.00159,0.00406,0.05226,0.00028,0.00039,0.00022,0.58536,-0.00063,0.12900,0.00083,0.70422,-0.00011,0.70998,1,1,1,1
1765409521.653584,0.01792,-0.06269,0.01563,0.00232,0.00084,-0.00021,0.58536,-0.00063,0.12900,0.00083,0.70422,-0.00011,0.70998,1,1,1,1
1765409521.655602,-0.01326,0.00215,-0.03109,-0.00040,-0.00035,0.00004,0.58536,-0.00063,0.12900,0.00083,0.70422,-0.00011,0.70998,1,1,1,1
1765409521.657595,-0.00744,0.03207,-0.03977,0.00215,0.00006,-0.00039,0.58536,-0.00063,0.12900,0.00083,0.70422,-0.00011,0.70998,1,1,1,1
1765409521.659599,-0.02736,0.03437,-0.00136,0.00043,0.00005,0.00060,0.58532,-0.00063,0.12900,0.00083,0.70422,-0.00011,0.70998,1,1,1,1
1765409521.661610,-0.00600,-0.01775,0.00731,0.00067,0.00009,0.00020,0.58528,-0.00063,0.12900,0.00083,0.70422,-0.00011,0.70998,1,1,1,1
1765409521.663600,0.02095,-0.00855,-0.03104,-0.00074,-0.00038,-0.00013,0.58528,-0.00063,0.12900,0.00083,0.70422,-0.00011,0.70998,1,1,1,1
1765409521.665607,0.00787,0.00403,-0.01620,-0.00037,-0.00010,-0.00024,0.58524,-0.00063,0.12900,0.00083,0.70422,-0.00011,0.70998,1,1,1,1
1765409521.667619,0.00410,0.01537,-0.04689,-0.00133,0.00083,0.00000,0.58524,-0.00063,0.12900,0.00083,0.70422,-0.00011,0.70998,1,1,1,1
1765409521.669618,-0.03127,0.00284,-0.05401,0.00092,-0.00014,-0.00037,0.58524,-0.00063,0.12900,0.00083,0.70422,-0.00011,0.70998,1,1,1,1
1765409521.671612,-0.01788,-0.02506,-0.01537,0.00015,0.00023,-0.00021,0.58520,-0.00063,0.12900,0.00083,0.70422,-0.00011,0.70999,1,1,1,1
1765409521.673611,-0.00678,0.00690,-0.02369,0.00119,0.00021,0.00030,0.58520,-0.00063,0.12900,0.00083,0.70422,-0.00011,0.70999,1,1,1,1
1765409521.675619,0.01590,0.01884,-0.02403,-0.00019,-0.00046,0.00014,0.58512,-0.00063,0.12899,0.00083,0.70422,-0.00011,0.70998,1,1,1,1
1765409521.677626,-0.00212,0.02863,-0.00893,0.00036,0.00026,0.00071,0.58512,-0.00063,0.12899,0.00083,0.70422,-0.00011,0.70998,1,1,1,1
1765409521.679629,0.02866,0.01100,-0.00855,-0.00050,-0.00048,0.00055,0.58496,-0.00063,0.12899,0.00083,0.70422,-0.00011,0.70998,1,1,1,1
1765409521.681636,0.02078,-0.02464,-0.04588,-0.00116,0.00104,0.00027,0.58496,-0.00063,0.12899,0.00083,0.70422,-0.00011,0.70998,1,1,1,1
1765409521.683634,-0.02348,-0.01478,0.00027,-0.00279,-0.00147,0.00076,0.58496,-0.00063,0.12899,0.00083,0.70422,-0.00011,0.70998,1,1,1,1
1765409521.685893,-0.01044,-0.02537,-0.01533,0.00080,0.00053,0.00019,0.58496,-0.00063,0.12899,0.00083,0.70422,-0.00011,0.70998,1,1,1,1
1765409521.687629,-0.01276,0.01209,-0.05401,-0.00093,-0.00074,0.00015,0.58496,-0.00063,0.12899,0.00083,0.70422,-0.00011,0.70998,1,1,1,1
1765409521.689626,0.00323,-0.00283,0.00682,0.00020,-0.00043,-0.00022,0.58496,-0.00063,0.12899,0.00083,0.70422,-0.00011,0.70998,1,1,1,1
1765409521.691623,0.01538,0.00132,-0.00063,-0.00346,-0.00120,0.00004,0.58496,-0.00063,0.12899,0.00083,0.70422,-0.00011,0.70998,1,1,1,1
1765409521.693656,0.00113,-0.02250,-0.01536,0.00193,0.00001,0.00031,0.58496,-0.00063,0.12899,0.00083,0.70422,-0.00011,0.70998,1,1,1,1
1765409521.695624,-0.00941,-0.03506,-0.00003,0.00024,0.00026,-0.00034,0.58496,-0.00063,0.12899,0.00083,0.70422,-0.00011,0.70998,1,1,1,1
1765409521.697631,-0.01324,-0.00203,-0.03097,-0.00001,-0.00111,-0.00023,0.58492,-0.00063,0.12899,0.00083,0.70422,-0.00011,0.70998,1,1,1,1
1765409521.699625,-0.00648,0.02131,-0.00132,0.00071,0.00057,0.00031,0.58492,-0.00063,0.12899,0.00083,0.70422,-0.00011,0.70998,1,1,1,1
1765409521.701634,0.00269,0.01620,0.02148,0.00021,0.00046,0.00006,0.58492,-0.00063,0.12899,0.00083,0.70422,-0.00011,0.70998,1,1,1,1
1765409521.703653,0.01343,0.02816,-0.00948,0.00189,0.00121,-0.00012,0.58488,-0.00063,0.12900,0.00083,0.70422,-0.00011,0.70998,1,1,1,1
1765409521.705648,-0.00452,-0.00284,0.02225,-0.00067,-0.00058,0.00021,0.58488,-0.00063,0.12900,0.00083,0.70422,-0.00011,0.70998,1,1,1,1
1765409521.707634,-0.02062,-0.00230,-0.01573,-0.00111,-0.00090,-0.00021,0.58484,-0.00063,0.12900,0.00083,0.70422,-0.00011,0.70998,1,1,1,1
1765409521.709653,0.00108,-0.00410,0.02961,0.00128,0.00152,0.00060,0.58484,-0.00063,0.12900,0.00083,0.70422,-0.00011,0.70998,1,1,1,1
1765409521.711675,-0.01777,-0.01055,-0.03097,-0.00011,0.00047,-0.00022,0.58480,-0.00063,0.12900,0.00083,0.70422,-0.00011,0.70998,1,1,1,1
1765409521.713685,-0.00082,0.00902,0.01435,-0.00053,-0.00012,0.00046,0.58480,-0.00063,0.12900,0.00083,0.70422,-0.00011,0.70998,1,1,1,1
1765409521.715678,-0.00367,0.01187,-0.00881,-0.00115,-0.00049,-0.00063,0.58480,-0.00063,0.12900,0.00083,0.70422,-0.00011,0.70998,1,1,1,1
1765409521.717650,-0.01038,-0.01584,0.06019,0.00070,0.00114,-0.00003,0.58460,-0.00063,0.12900,0.00083,0.70422,-0.00011,0.70998,1,1,1,1
1765409521.719668,0.01595,0.01336,0.00645,-0.00048,0.00018,0.00030,0.58460,-0.00063,0.12900,0.00083,0.70422,-0.00011,0.70998,1,1,1,1
1765409521.721761,-0.00476,-0.02829,-0.03807,-0.00055,0.00046,0.00003,0.58460,-0.00063,0.12900,0.00083,0.70422,-0.00011,0.70998,1,1,1,1
1765409521.723677,-0.02126,0.01155,-0.04668,-0.00094,0.00037,-0.00024,0.58460,-0.00063,0.12900,0.00083,0.70422,-0.00011,0.70998,1,1,1,1
1765409521.725750,-0.00395,0.01242,0.02163,-0.00071,-0.00099,-0.00060,0.58460,-0.00063,0.12900,0.00083,0.70422,-0.00011,0.70998,1,1,1,1
1765409521.727660,-0.01378,0.01700,-0.01631,0.00000,-0.00023,0.00005,0.58460,-0.00063,0.12900,0.00083,0.70422,-0.00011,0.70998,1,1,1,1
1765409521.729671,0.00966,-0.00376,-0.00108,0.00172,0.00115,-0.00024,0.58460,-0.00063,0.12900,0.00083,0.70422,-0.00011,0.70998,1,1,1,1
1765409521.731670,-0.00907,-0.01999,0.01504,-0.00023,-0.00039,0.00008,0.58460,-0.00063,0.12900,0.00083,0.70422,-0.00011,0.70998,1,1,1,1
1765409521.733661,0.00239,-0.01307,0.01467,0.00073,0.00023,0.00006,0.58460,-0.00063,0.12900,0.00083,0.70422,-0.00011,0.70998,1,1,1,1
1765409521.735668,-0.01924,0.00302,0.02240,-0.00235,-0.00193,0.00010,0.58456,-0.00063,0.12900,0.00082,0.70422,-0.00011,0.70999,1,1,1,1
1765409521.737664,-0.02887,0.00836,-0.01596,-0.00098,-0.00157,-0.00047,0.58456,-0.00063,0.12900,0.00082,0.70422,-0.00011,0.70999,1,1,1,1
1765409521.739686,-0.00483,0.02111,-0.02401,-0.00082,0.00017,0.00030,0.58452,-0.00063,0.12900,0.00083,0.70422,-0.00011,0.70998,1,1,1,1
1765409521.741663,-0.00978,-0.01986,-0.00037,0.00065,-0.00013,-0.00034,0.58452,-0.00063,0.12900,0.00083,0.70422,-0.00011,0.70998,1,1,1,1
1765409521.743675,0.00251,-0.04318,0.02294,0.00059,0.00089,0.00007,0.58448,-0.00063,0.12900,0.00082,0.70422,-0.00011,0.70999,1,1,1,1
1765409521.745670,0.01061,-0.00757,-0.03102,0.00124,-0.00063,-0.00012,0.58448,-0.00063,0.12900,0.00082,0.70422,-0.00011,0.70999,1,1,1,1
1765409521.747674,-0.00510,-0.01234,-0.03070,0.00008,-0.00082,0.00004,0.58444,-0.00063,0.12900,0.00083,0.70421,-0.00011,0.70999,1,1,1,1
1765409521.749661,-0.01860,0.00895,-0.00090,0.00012,0.00073,0.00047,0.58428,-0.00063,0.12901,0.00082,0.70421,-0.00011,0.70999,1,1,1,1
1765409521.751683,-0.02737,0.00463,-0.02359,0.00072,0.00045,0.00019,0.58428,-0.00063,0.12901,0.00082,0.70421,-0.00011,0.70999,1,1,1,1
1765409521.753693,-0.00129,-0.00075,-0.02363,0.00022,0.00014,-0.00010,0.58428,-0.00063,0.12901,0.00082,0.70421,-0.00011,0.70999,1,1,1,1
1765409521.755696,0.01633,0.03859,-0.01696,-0.00061,-0.00061,0.00001,0.58428,-0.00063,0.12901,0.00082,0.70421,-0.00011,0.70999,1,1,1,1
1765409521.757692,0.02324,0.01282,0.02887,0.00061,0.00122,-0.00010,0.58428,-0.00063,0.12901,0.00082,0.70421,-0.00011,0.70999,1,1,1,1
1765409521.759699,-0.01817,-0.02952,-0.00754,0.00053,-0.00027,-0.00006,0.58428,-0.00063,0.12901,0.00082,0.70421,-0.00011,0.70999,1,1,1,1
1765409521.761699,-0.02194,-0.00699,-0.03062,-0.00007,-0.00099,0.00032,0.58428,-0.00063,0.12901,0.00082,0.70421,-0.00011,0.70999,1,1,1,1
1765409521.763709,-0.01813,0.00464,-0.00076,0.00007,-0.00004,0.00020,0.58428,-0.00063,0.12901,0.00082,0.70421,-0.00011,0.70999,1,1,1,1
1765409521.765761,-0.00139,0.04301,-0.00208,-0.00012,0.00086,-0.00010,0.58428,-0.00063,0.12901,0.00082,0.70421,-0.00011,0.70999,1,1,1,1
1765409521.767764,0.01599,-0.00198,0.02175,-0.00044,0.00107,-0.00009,0.58424,-0.00063,0.12901,0.00083,0.70421,-0.00011,0.70999,1,1,1,1
1765409521.769749,-0.01006,-0.01078,-0.00052,0.00032,0.00064,0.00019,0.58424,-0.00063,0.12901,0.00083,0.70421,-0.00011,0.70999,1,1,1,1
1765409521.771706,-0.00977,0.00479,-0.01576,0.00007,-0.00064,0.00059,0.58420,-0.00063,0.12901,0.00083,0.70421,-0.00011,0.70999,1,1,1,1
1765409521.773709,0.00341,0.03659,-0.01671,-0.00041,-0.00083,0.00029,0.58420,-0.00063,0.12901,0.00083,0.70421,-0.00011,0.70999,1,1,1,1
1765409521.775717,-0.00131,0.01327,-0.03136,-0.00048,0.00065,0.00069,0.58416,-0.00063,0.12901,0.00083,0.70421,-0.00011,0.70999,1,1,1,1
1765409521.777793,-0.00084,0.00405,-0.01603,-0.00037,0.00001,0.00017,0.58416,-0.00063,0.12901,0.00083,0.70421,-0.00011,0.70999,1,1,1,1
1765409521.779714,0.00707,0.01931,-0.00879,0.00025,-0.00061,0.00017,0.58412,-0.00063,0.12901,0.00083,0.70421,-0.00011,0.70999,1,1,1,1
1765409521.781720,0.02442,0.01319,0.01419,-0.00069,-0.00004,0.00071,0.58412,-0.00063,0.12901,0.00083,0.70421,-0.00011,0.70999,1,1,1,1
1765409521.783723,0.00221,0.01550,-0.00126,0.00020,0.00123,0.00044,0.58404,-0.00063,0.12901,0.00083,0.70421,-0.00011,0.70999,1,1,1,1
1765409521.785727,0.00231,0.00150,-0.03113,0.00047,0.00023,0.00042,0.58396,-0.00063,0.12901,0.00083,0.70421,-0.00011,0.70999,1,1,1,1
1765409521.787749,0.01872,-0.01358,0.00693,0.00116,0.00054,0.00004,0.58396,-0.00063,0.12901,0.00083,0.70421,-0.00011,0.70999,1,1,1,1
1765409521.789784,-0.00916,-0.00036,-0.01592,-0.00021,-0.00027,-0.00009,0.58396,-0.00063,0.12901,0.00083,0.70421,-0.00011,0.70999,1,1,1,1
1765409521.791720,-0.00955,0.00906,-0.01603,-0.00031,0.00011,0.00045,0.58391,-0.00063,0.12901,0.00083,0.70422,-0.00011,0.70998,1,1,1,1
1765409521.793713,0.02038,0.02602,0.02114,-0.00032,-0.00015,-0.00023,0.58391,-0.00063,0.12901,0.00083,0.70422,-0.00011,0.70998,1,1,1,1
1765409521.795718,0.02053,0.01143,0.00656,-0.00050,-0.00064,0.00017,0.58391,-0.00063,0.12901,0.00083,0.70422,-0.00011,0.70998,1,1,1,1
1765409521.797722,0.01980,0.03071,0.04384,-0.00005,0.00024,0.00005,0.58391,-0.00063,0.12901,0.00083,0.70422,-0.00011,0.70998,1,1,1,1
1765409521.799716,-0.00491,0.00242,-0.00829,-0.00017,-0.00083,0.00005,0.58391,-0.00063,0.12901,0.00083,0.70422,-0.00011,0.70998,1,1,1,1
1765409521.801734,-0.01733,0.00414,-0.03875,-0.00081,0.00021,0.00017,0.58391,-0.00063,0.12901,0.00083,0.70422,-0.00011,0.70998,1,1,1,1
1765409521.803778,-0.02155,0.00338,-0.03847,-0.00016,-0.00165,0.00005,0.58387,-0.00063,0.12900,0.00083,0.70422,-0.00011,0.70998,1,1,1,1
1765409521.805727,-0.01325,-0.02749,0.01504,-0.00010,0.00004,-0.00032,0.58387,-0.00063,0.12900,0.00083,0.70422,-0.00011,0.70998,1,1,1,1
1765409521.807775,0.01619,-0.00649,-0.04633,-0.00050,0.00032,-0.00000,0.58383,-0.00063,0.12900,0.00083,0.70422,-0.00011,0.70998,1,1,1,1
1765409521.809739,-0.01530,-0.00231,-0.04636,0.00173,-0.00007,-0.00024,0.58383,-0.00063,0.12900,0.00083,0.70422,-0.00011,0.70998,1,1,1,1
1765409521.811734,-0.00492,0.01724,-0.04663,-0.00021,-0.00097,0.00002,0.58379,-0.00063,0.12900,0.00083,0.70422,-0.00011,0.70998,1,1,1,1
1765409521.813743,-0.00531,0.01181,-0.03118,-0.00028,-0.00045,0.00057,0.58379,-0.00063,0.12900,0.00083,0.70422,-0.00011,0.70998,1,1,1,1
1765409521.815749,-0.03082,-0.02203,-0.02307,0.00062,0.00013,-0.00047,0.58379,-0.00063,0.12900,0.00083,0.70422,-0.00011,0.70998,1,1,1,1
1765409521.817752,-0.02755,-0.02499,-0.03045,0.00102,0.00061,0.00019,0.58359,-0.00063,0.12900,0.00083,0.70422,-0.00011,0.70998,1,1,1,1
1765409521.819777,0.00772,-0.01497,-0.03073,0.00005,-0.00097,-0.00011,0.58359,-0.00063,0.12900,0.00083,0.70422,-0.00011,0.70998,1,1,1,1
1765409521.821765,0.01953,-0.00405,0.01416,0.00041,0.00077,-0.00023,0.58359,-0.00063,0.12900,0.00083,0.70422,-0.00011,0.70998,1,1,1,1
1765409521.824359,-0.00513,-0.02297,-0.02304,-0.00005,0.00020,-0.00009,0.58359,-0.00063,0.12900,0.00083,0.70422,-0.00011,0.70998,1,1,1,1
1765409521.825746,-0.01363,0.02109,-0.00902,-0.00039,0.00078,-0.00009,0.58359,-0.00063,0.12900,0.00083,0.70422,-0.00011,0.70998,1,1,1,1
1765409521.827759,-0.03922,0.00232,0.00689,0.00004,0.00047,0.00009,0.58359,-0.00063,0.12900,0.00083,0.70422,-0.00011,0.70998,1,1,1,1
1765409521.829765,0.00315,0.02177,0.00624,0.00006,-0.00044,-0.00009,0.58359,-0.00063,0.12900,0.00083,0.70422,-0.00011,0.70998,1,1,1,1
1765409521.831763,0.00722,-0.00140,-0.01614,-0.00000,0.00067,-0.00011,0.58359,-0.00063,0.12900,0.00083,0.70422,-0.00011,0.70998,1,1,1,1
1765409521.833767,-0.01562,-0.00250,-0.02363,0.00195,0.00031,-0.00023,0.58359,-0.00063,0.12900,0.00083,0.70422,-0.00011,0.70998,1,1,1,1
1765409521.835781,0.01646,0.00852,0.01410,-0.00075,0.00004,0.00004,0.58355,-0.00063,0.12900,0.00083,0.70423,-0.00011,0.70997,1,1,1,1
1765409521.837767,-0.00552,-0.01852,-0.02297,-0.00021,0.00060,0.00058,0.58355,-0.00063,0.12900,0.00083,0.70423,-0.00011,0.70997,1,1,1,1
1765409521.839808,-0.03369,-0.00467,-0.00036,-0.00092,-0.00061,0.00009,0.58351,-0.00063,0.12900,0.00083,0.70423,-0.00011,0.70997,1,1,1,1
1765409521.841763,-0.00986,-0.00028,-0.02356,0.00045,-0.00014,-0.00009,0.58351,-0.00063,0.12900,0.00083,0.70423,-0.00011,0.70997,1,1,1,1
1765409521.843772,0.02898,0.04477,-0.00217,-0.00097,0.00050,0.00000,0.58347,-0.00063,0.12900,0.00083,0.70423,-0.00011,0.70997,1,1,1,1
1765409521.845767,0.02480,-0.00630,-0.05371,-0.00071,-0.00041,0.00039,0.58347,-0.00063,0.12900,0.00083,0.70423,-0.00011,0.70997,1,1,1,1
1765409521.847755,0.01177,0.02068,-0.00134,-0.00061,0.00035,0.00030,0.58343,-0.00063,0.12900,0.00083,0.70423,-0.00011,0.70997,1,1,1,1
1765409521.850081,-0.02693,-0.00549,-0.04601,0.00017,0.00046,0.00044,0.58343,-0.00063,0.12900,0.00083,0.70423,-0.00011,0.70997,1,1,1,1
1765409521.851780,-0.02794,-0.02091,0.00010,-0.00155,-0.00219,-0.00044,0.58323,-0.00063,0.12899,0.00083,0.70423,-0.00011,0.70997,1,1,1,1
1765409521.853796,-0.00148,-0.01551,-0.04605,0.00048,0.00016,-0.00012,0.58323,-0.00063,0.12899,0.00083,0.70423,-0.00011,0.70997,1,1,1,1
1765409521.855781,0.00661,-0.03593,-0.01507,0.00046,0.00072,0.00044,0.58323,-0.00063,0.12899,0.00083,0.70423,-0.00011,0.70997,1,1,1,1
1765409521.857800,0.01579,-0.00188,-0.01622,-0.00022,0.00095,-0.00012,0.58323,-0.00063,0.12899,0.00083,0.70423,-0.00011,0.70997,1,1,1,1
1765409521.859810,-0.00929,-0.00069,0.02199,-0.00021,0.00023,-0.00006,0.58323,-0.00063,0.12899,0.00083,0.70423,-0.00011,0.70997,1,1,1,1
1765409521.861784,0.00711,0.02865,-0.01665,-0.00007,-0.00011,0.00029,0.58323,-0.00063,0.12899,0.00083,0.70423,-0.00011,0.70997,1,1,1,1
1765409521.863772,-0.01747,0.00015,-0.00823,-0.00020,-0.00068,-0.00007,0.58323,-0.00063,0.12899,0.00083,0.70423,-0.00011,0.70997,1,1,1,1
1765409521.865768,0.03323,0.00414,-0.01603,-0.00037,-0.00117,0.00014,0.58323,-0.00063,0.12899,0.00083,0.70423,-0.00011,0.70997,1,1,1,1
1765409521.867791,-0.02442,-0.01252,-0.03107,0.00226,0.00093,-0.00036,0.58323,-0.00063,0.12899,0.00083,0.70423,-0.00011,0.70997,1,1,1,1
1765409521.869810,0.00299,0.01571,0.03662,-0.00023,0.00096,0.00007,0.58323,-0.00063,0.12899,0.00083,0.70423,-0.00011,0.70997,1,1,1,1
1765409521.871789,-0.00117,0.00873,-0.03128,-0.00032,0.00027,0.00043,0.58319,-0.00063,0.12900,0.00083,0.70423,-0.00011,0.70997,1,1,1,1
1765409521.873805,-0.03523,0.00514,0.02192,0.00051,0.00016,-0.00017,0.58319,-0.00063,0.12900,0.00083,0.70423,-0.00011,0.70997,1,1,1,1
1765409521.875826,-0.00508,-0.02717,0.00764,0.00012,-0.00068,0.00007,0.58315,-0.00063,0.12899,0.00082,0.70423,-0.00011,0.70997,1,1,1,1
1765409521.877826,-0.00563,-0.02797,0.00748,0.00033,0.00047,0.00007,0.58315,-0.00063,0.12899,0.00082,0.70423,-0.00011,0.70997,1,1,1,1
1765409521.879791,0.02893,-0.01369,0.03000,-0.00058,-0.00034,0.00045,0.58311,-0.00063,0.12900,0.00083,0.70423,-0.00011,0.70997,1,1,1,1
1765409521.881796,0.01051,0.03132,0.02851,0.00105,0.00022,-0.00035,0.58311,-0.00063,0.12900,0.00083,0.70423,-0.00011,0.70997,1,1,1,1
1765409521.883785,0.00726,0.04394,-0.00175,-0.00011,-0.00076,0.00030,0.58307,-0.00063,0.12900,0.00083,0.70423,-0.00011,0.70997,1,1,1,1
1765409521.885830,0.01170,0.01688,0.02162,0.00000,-0.00079,0.00005,0.58303,-0.00063,0.12900,0.00082,0.70423,-0.00011,0.70997,1,1,1,1
1765409521.887830,-0.01360,-0.00790,-0.02354,0.00014,0.00029,-0.00049,0.58290,-0.00063,0.12899,0.00082,0.70424,-0.00011,0.70996,1,1,1,1
1765409521.889808,-0.01028,-0.01433,-0.04588,0.00115,-0.00088,-0.00011,0.58290,-0.00063,0.12899,0.00082,0.70424,-0.00011,0.70996,1,1,1,1
1765409521.891820,-0.03838,-0.01222,0.00718,-0.00036,0.00008,-0.00031,0.58290,-0.00063,0.12899,0.00082,0.70424,-0.00011,0.70996,1,1,1,1
1765409521.893797,0.01082,0.00096,0.01416,0.00047,0.00088,0.00005,0.58290,-0.00063,0.12899,0.00082,0.70424,-0.00011,0.70996,1,1,1,1
1765409521.895794,-0.00941,0.00954,0.00666,-0.00009,-0.00028,0.00006,0.58290,-0.00063,0.12899,0.00082,0.70424,-0.00011,0.70996,1,1,1,1
1765409521.897828,0.00194,0.00270,-0.05430,0.00179,-0.00055,-0.00081,0.58290,-0.00063,0.12899,0.00082,0.70424,-0.00011,0.70996,1,1,1,1
1765409521.899786,-0.02305,-0.01714,-0.02314,0.00112,0.00003,-0.00021,0.58290,-0.00063,0.12899,0.00082,0.70424,-0.00011,0.70996,1,1,1,1
1765409521.901790,-0.02259,-0.01230,0.00725,0.00052,-0.00010,0.00008,0.58290,-0.00063,0.12899,0.00082,0.70424,-0.00011,0.70996,1,1,1,1
1765409521.903818,0.00951,-0.03618,0.02344,-0.00260,-0.00032,0.00129,0.58286,-0.00063,0.12899,0.00083,0.70424,-0.00011,0.70996,1,1,1,1
1765409521.905820,-0.01351,-0.00276,-0.00073,-0.00002,-0.00010,-0.00021,0.58286,-0.00063,0.12899,0.00083,0.70424,-0.00011,0.70996,1,1,1,1
1765409521.907822,0.01006,-0.01343,-0.04603,0.00117,0.00040,0.00041,0.58282,-0.00063,0.12899,0.00083,0.70424,-0.00011,0.70996,1,1,1,1
1765409521.909823,0.00171,0.01131,-0.00136,0.00125,0.00085,-0.00023,0.58282,-0.00063,0.12899,0.00083,0.70424,-0.00011,0.70996,1,1,1,1
1765409521.911819,-0.03545,-0.01960,-0.05348,0.00087,0.00031,-0.00036,0.58282,-0.00063,0.12899,0.00083,0.70424,-0.00011,0.70996,1,1,1,1
1765409521.913833,-0.01925,0.02298,0.04447,-0.00211,-0.00196,-0.00043,0.58278,-0.00063,0.12898,0.00083,0.70424,-0.00011,0.70996,1,1,1,1
1765409521.915825,-0.01882,-0.03503,-0.02250,0.00068,0.00039,0.00046,0.58274,-0.00063,0.12899,0.00083,0.70424,-0.00011,0.70996,1,1,1,1
1765409521.917840,0.00716,-0.03011,0.00770,0.00031,-0.00044,0.00033,0.58274,-0.00063,0.12899,0.00083,0.70424,-0.00011,0.70996,1,1,1,1
1765409521.919862,-0.00875,-0.03951,0.01529,-0.00003,-0.00038,-0.00059,0.58254,-0.00063,0.12898,0.00083,0.70425,-0.00011,0.70995,1,1,1,1
1765409521.921828,0.02019,0.00639,0.03672,0.00009,-0.00001,-0.00048,0.58254,-0.00063,0.12898,0.00083,0.70425,-0.00011,0.70995,1,1,1,1
1765409521.923826,-0.00750,0.03682,-0.02462,0.00199,0.00018,-0.00011,0.58254,-0.00063,0.12898,0.00083,0.70425,-0.00011,0.70995,1,1,1,1
1765409521.925835,-0.02155,0.01257,0.01457,-0.00071,-0.00101,0.00062,0.58254,-0.00063,0.12898,0.00083,0.70425,-0.00011,0.70995,1,1,1,1
1765409521.927902,-0.01058,0.00896,-0.00094,0.00056,0.00063,0.00046,0.58254,-0.00063,0.12898,0.00083,0.70425,-0.00011,0.70995,1,1,1,1
1765409521.929834,-0.02365,-0.02192,0.00017,0.00128,-0.00032,0.00075,0.58254,-0.00063,0.12898,0.00083,0.70425,-0.00011,0.70995,1,1,1,1
1765409521.931860,-0.00873,0.00952,-0.02403,-0.00031,-0.00017,-0.00077,0.58254,-0.00063,0.12898,0.00083,0.70425,-0.00011,0.70995,1,1,1,1
1765409521.933831,0.00198,-0.00351,0.02181,0.00107,0.00086,-0.00021,0.58254,-0.00063,0.12898,0.00083,0.70425,-0.00011,0.70995,1,1,1,1
1765409521.935835,0.02459,0.02805,0.02107,-0.00052,0.00018,-0.00010,0.58254,-0.00063,0.12898,0.00083,0.70425,-0.00011,0.70995,1,1,1,1
1765409521.937836,-0.00472,0.00225,-0.01589,-0.00039,-0.00071,0.00004,0.58254,-0.00063,0.12898,0.00083,0.70425,-0.00011,0.70995,1,1,1,1
1765409521.939829,-0.01293,-0.01248,-0.01548,-0.00057,-0.00060,0.00006,0.58250,-0.00063,0.12898,0.00083,0.70425,-0.00011,0.70995,1,1,1,1
1765409521.941832,0.00944,-0.00804,-0.00080,0.00210,0.00039,-0.00010,0.58250,-0.00063,0.12898,0.00083,0.70425,-0.00011,0.70995,1,1,1,1
1765409521.943839,-0.00541,-0.01389,-0.02319,-0.00037,0.00097,0.00044,0.58246,-0.00063,0.12898,0.00082,0.70425,-0.00011,0.70995,1,1,1,1
1765409521.945822,0.03196,0.02254,0.00607,0.00007,0.00074,0.00042,0.58246,-0.00063,0.12898,0.00082,0.70425,-0.00011,0.70995,1,1,1,1
1765409521.947835,-0.01919,0.01930,-0.06958,0.00090,0.00035,0.00014,0.58246,-0.00063,0.12898,0.00082,0.70425,-0.00011,0.70995,1,1,1,1
1765409521.949832,-0.00100,0.01980,-0.03905,0.00004,-0.00114,0.00015,0.58242,-0.00063,0.12898,0.00083,0.70425,-0.00011,0.70995,1,1,1,1
1765409521.951836,-0.00578,-0.00359,-0.00833,0.00019,0.00071,0.00018,0.58242,-0.00063,0.12898,0.00083,0.70425,-0.00011,0.70995,1,1,1,1
1765409521.953854,-0.00158,-0.03990,-0.01507,0.00084,0.00005,-0.00022,0.58238,-0.00063,0.12898,0.00083,0.70425,-0.00011,0.70995,1,1,1,1
1765409521.955860,-0.00058,-0.02569,-0.02287,-0.00051,0.00016,0.00017,0.58238,-0.00063,0.12898,0.00083,0.70425,-0.00011,0.70995,1,1,1,1
1765409521.957859,-0.00523,-0.04736,0.00794,0.00031,0.00009,-0.00020,0.58217,-0.00063,0.12897,0.00083,0.70426,-0.00011,0.70994,1,1,1,1
1765409521.959853,0.01661,0.00390,-0.00084,-0.00081,-0.00046,0.00017,0.58217,-0.00063,0.12897,0.00083,0.70426,-0.00011,0.70994,1,1,1,1
1765409521.961860,0.00735,0.03361,-0.05478,-0.00023,-0.00024,0.00012,0.58217,-0.00063,0.12897,0.00083,0.70426,-0.00011,0.70994,1,1,1,1
1765409521.963890,-0.01946,0.03224,0.03676,-0.00244,-0.00145,0.00010,0.58217,-0.00063,0.12897,0.00083,0.70426,-0.00011,0.70994,1,1,1,1
1765409521.965854,0.00282,-0.00825,-0.00828,0.00035,0.00022,-0.00009,0.58217,-0.00063,0.12897,0.00083,0.70426,-0.00011,0.70994,1,1,1,1
1765409521.967859,0.02367,-0.04561,0.00015,0.00078,0.00025,-0.00010,0.58217,-0.00063,0.12897,0.00083,0.70426,-0.00011,0.70994,1,1,1,1
1765409521.969872,-0.00568,-0.00768,-0.03079,0.00036,-0.00043,0.00030,0.58217,-0.00063,0.12897,0.00083,0.70426,-0.00011,0.70994,1,1,1,1
1765409521.971863,-0.01495,0.02649,0.01355,0.00099,0.00078,-0.00021,0.58217,-0.00063,0.12897,0.00083,0.70426,-0.00011,0.70994,1,1,1,1
1765409521.973873,-0.01525,0.01200,-0.02384,0.00125,0.00030,0.00017,0.58217,-0.00063,0.12897,0.00083,0.70426,-0.00011,0.70994,1,1,1,1
1765409521.975854,-0.00924,-0.00551,-0.03874,-0.00005,0.00011,-0.00037,0.58217,-0.00063,0.12897,0.00083,0.70426,-0.00011,0.70994,1,1,1,1
1765409521.977857,-0.00938,-0.03435,-0.01510,0.00047,-0.00063,-0.00035,0.58213,-0.00063,0.12897,0.00082,0.70426,-0.00011,0.70994,1,1,1,1
1765409521.979858,0.00623,-0.00076,0.00666,0.00110,0.00030,-0.00009,0.58213,-0.00063,0.12897,0.00082,0.70426,-0.00011,0.70994,1,1,1,1
1765409521.981868,0.00456,-0.01399,0.03783,-0.00190,0.00022,0.00089,0.58209,-0.00063,0.12897,0.00083,0.70426,-0.00011,0.70994,1,1,1,1
1765409521.983867,-0.02069,-0.00248,-0.00817,-0.00111,-0.00064,-0.00020,0.58209,-0.00063,0.12897,0.00083,0.70426,-0.00011,0.70994,1,1,1,1
1765409521.985880,0.00511,0.03366,-0.00197,0.00195,0.00079,-0.00024,0.58205,-0.00063,0.12897,0.00083,0.70426,-0.00011,0.70994,1,1,1,1
1765409521.987883,0.02527,0.04276,-0.03243,-0.00121,-0.00009,-0.00015,0.58205,-0.00063,0.12897,0.00083,0.70426,-0.00011,0.70994,1,1,1,1
1765409521.989891,-0.01842,0.03376,0.03618,0.00020,0.00082,-0.00019,0.58201,-0.00063,0.12897,0.00083,0.70426,-0.00011,0.70994,1,1,1,1
1765409521.991891,-0.01330,0.00651,-0.00118,-0.00034,0.00065,-0.00048,0.58201,-0.00063,0.12897,0.00083,0.70426,-0.00011,0.70994,1,1,1,1
1765409521.993879,-0.01227,-0.06479,-0.02193,0.00251,0.00109,0.00046,0.58181,-0.00063,0.12898,0.00083,0.70425,-0.00011,0.70995,1,1,1,1
1765409521.995902,-0.00968,-0.02403,-0.03784,0.00060,-0.00138,0.00017,0.58181,-0.00063,0.12898,0.00083,0.70425,-0.00011,0.70995,1,1,1,1
1765409521.997877,0.01207,-0.00322,0.03716,-0.00024,-0.00028,-0.00020,0.58181,-0.00063,0.12898,0.00083,0.70425,-0.00011,0.70995,1,1,1,1
1765409521.999885,0.01111,0.04134,0.01357,0.00008,-0.00067,0.00058,0.58181,-0.00063,0.12898,0.00083,0.70425,-0.00011,0.70995,1,1,1,1
1765409522.001888,0.00359,0.03013,-0.04712,-0.00115,0.00083,0.00040,0.58181,-0.00063,0.12898,0.00083,0.70425,-0.00011,0.70995,1,1,1,1
1765409522.003877,0.01111,-0.01326,-0.01555,0.00029,-0.00012,0.00043,0.58181,-0.00063,0.12898,0.00083,0.70425,-0.00011,0.70995,1,1,1,1
1765409522.005872,-0.00089,-0.01524,-0.03837,0.00005,-0.00036,-0.00011,0.58181,-0.00063,0.12898,0.00083,0.70425,-0.00011,0.70995,1,1,1,1
1765409522.007877,0.00841,-0.03923,0.02311,-0.00024,-0.00147,-0.00019,0.58181,-0.00063,0.12898,0.00083,0.70425,-0.00011,0.70995,1,1,1,1
1765409522.009881,-0.01077,-0.01078,-0.02317,0.00076,0.00065,0.00058,0.58181,-0.00063,0.12898,0.00083,0.70425,-0.00011,0.70995,1,1,1,1
1765409522.011915,-0.00143,0.02378,0.02116,0.00030,0.00049,-0.00035,0.58181,-0.00063,0.12898,0.00083,0.70425,-0.00011,0.70995,1,1,1,1
1765409522.013893,-0.01031,0.00973,-0.03895,0.00079,-0.00026,0.00003,0.58177,-0.00063,0.12898,0.00083,0.70426,-0.00011,0.70995,1,1,1,1
1765409522.015893,-0.00051,-0.01045,0.00684,-0.00011,0.00000,-0.00061,0.58177,-0.00063,0.12898,0.00083,0.70426,-0.00011,0.70995,1,1,1,1
1765409522.017929,0.00126,0.01630,-0.03936,0.00152,0.00073,0.00001,0.58173,-0.00063,0.12898,0.00083,0.70425,-0.00011,0.70995,1,1,1,1
1765409522.019911,-0.00932,-0.01502,0.03002,0.00005,-0.00026,-0.00005,0.58173,-0.00063,0.12898,0.00083,0.70425,-0.00011,0.70995,1,1,1,1
1765409522.021901,0.00747,-0.00510,-0.03093,0.00017,-0.00097,0.00002,0.58169,-0.00063,0.12898,0.00083,0.70425,-0.00011,0.70995,1,1,1,1
1765409522.023906,-0.00447,-0.03235,-0.01531,-0.00016,-0.00031,-0.00062,0.58169,-0.00063,0.12898,0.00083,0.70425,-0.00011,0.70995,1,1,1,1
1765409522.025942,-0.02209,-0.00718,0.01454,0.00036,-0.00025,-0.00045,0.58145,-0.00063,0.12899,0.00083,0.70424,-0.00012,0.70997,1,1,1,1
1765409522.027902,-0.00655,0.00701,-0.05439,0.00141,0.00032,-0.00053,0.58145,-0.00063,0.12899,0.00083,0.70424,-0.00012,0.70997,1,1,1,1
1765409522.029913,0.02022,0.05521,-0.02488,-0.00084,-0.00015,0.00053,0.58145,-0.00063,0.12899,0.00083,0.70424,-0.00012,0.70997,1,1,1,1
1765409522.031933,0.00714,-0.01030,-0.03082,0.00033,-0.00058,0.00016,0.58145,-0.00063,0.12899,0.00083,0.70424,-0.00012,0.70997,1,1,1,1
1765409522.033974,-0.00959,-0.00510,0.02205,0.00039,-0.00015,-0.00033,0.58145,-0.00063,0.12899,0.00083,0.70424,-0.00012,0.70997,1,1,1,1
1765409522.035927,-0.00486,-0.02779,0.02257,-0.00010,0.00020,-0.00032,0.58145,-0.00063,0.12899,0.00083,0.70424,-0.00012,0.70997,1,1,1,1
1765409522.037918,0.00715,0.02322,0.00606,-0.00014,0.00065,0.00004,0.58145,-0.00063,0.12899,0.00083,0.70424,-0.00012,0.70997,1,1,1,1
1765409522.039921,-0.00147,-0.00058,-0.01602,0.00045,0.00001,-0.00010,0.58145,-0.00063,0.12899,0.00083,0.70424,-0.00012,0.70997,1,1,1,1
1765409522.041937,-0.00018,-0.00043,-0.02350,-0.00065,-0.00064,-0.00010,0.58145,-0.00063,0.12899,0.00083,0.70424,-0.00012,0.70997,1,1,1,1
1765409522.043927,0.00150,-0.00302,-0.01575,0.00129,-0.00001,0.00057,0.58145,-0.00063,0.12899,0.00083,0.70424,-0.00012,0.70997,1,1,1,1
1765409522.045922,-0.01293,0.02727,-0.00137,-0.00053,-0.00089,-0.00021,0.58145,-0.00063,0.12899,0.00083,0.70424,-0.00012,0.70997,1,1,1,1
1765409522.047935,0.00593,0.01033,-0.06948,0.00189,-0.00110,-0.00042,0.58145,-0.00063,0.12899,0.00083,0.70424,-0.00012,0.70997,1,1,1,1
1765409522.049916,-0.03228,-0.03197,-0.00763,0.00181,0.00066,-0.00019,0.58141,-0.00063,0.12900,0.00083,0.70423,-0.00012,0.70997,1,1,1,1
1765409522.051935,-0.01765,-0.00107,-0.03863,-0.00065,0.00060,0.00030,0.58141,-0.00063,0.12900,0.00083,0.70423,-0.00012,0.70997,1,1,1,1
1765409522.053939,-0.01928,-0.02987,-0.03046,0.00140,0.00051,-0.00009,0.58137,-0.00063,0.12900,0.00083,0.70423,-0.00012,0.70997,1,1,1,1
1765409522.055946,0.00448,0.03620,-0.00150,-0.00151,-0.00072,0.00031,0.58137,-0.00063,0.12900,0.00083,0.70423,-0.00012,0.70997,1,1,1,1
1765409522.057947,0.02024,0.03549,0.02866,-0.00064,0.00011,0.00031,0.58133,-0.00063,0.12900,0.00083,0.70423,-0.00012,0.70997,1,1,1,1
1765409522.059947,0.01666,0.02899,-0.00929,-0.00051,-0.00074,-0.00052,0.58133,-0.00063,0.12900,0.00083,0.70423,-0.00012,0.70997,1,1,1,1
1765409522.061951,-0.02271,-0.02684,0.00006,0.00078,-0.00034,0.00008,0.58108,-0.00063,0.12899,0.00083,0.70425,-0.00012,0.70996,1,1,1,1
1765409522.063934,-0.01687,-0.02082,-0.02282,-0.00133,0.00035,0.00046,0.58108,-0.00063,0.12899,0.00083,0.70425,-0.00012,0.70996,1,1,1,1
1765409522.065952,-0.00556,-0.00799,-0.00805,0.00014,-0.00005,0.00032,0.58108,-0.00063,0.12899,0.00083,0.70425,-0.00012,0.70996,1,1,1,1
1765409522.067953,0.00717,-0.02070,-0.03848,0.00042,0.00030,-0.00039,0.58108,-0.00063,0.12899,0.00083,0.70425,-0.00012,0.70996,1,1,1,1
1765409522.069942,0.00750,0.01923,-0.01654,0.00003,-0.00049,-0.00025,0.58108,-0.00063,0.12899,0.00083,0.70425,-0.00012,0.70996,1,1,1,1
1765409522.071946,0.02703,0.01566,-0.00908,0.00108,0.00067,0.00001,0.58108,-0.00063,0.12899,0.00083,0.70425,-0.00012,0.70996,1,1,1,1
1765409522.073935,0.00352,-0.01335,-0.02326,-0.00036,0.00009,0.00003,0.58108,-0.00063,0.12899,0.00083,0.70425,-0.00012,0.70996,1,1,1,1
1765409522.075992,-0.01062,-0.03021,-0.03033,0.00096,0.00041,0.00031,0.58108,-0.00063,0.12899,0.00083,0.70425,-0.00012,0.70996,1,1,1,1
1765409522.077973,-0.00114,0.00385,0.03726,-0.00037,0.00027,0.00062,0.58108,-0.00063,0.12899,0.00083,0.70425,-0.00012,0.70996,1,1,1,1
1765409522.079973,-0.01730,-0.00495,-0.02343,-0.00027,-0.00043,-0.00035,0.58108,-0.00063,0.12899,0.00083,0.70425,-0.00012,0.70996,1,1,1,1
1765409522.081985,0.01202,0.00086,-0.03133,-0.00063,0.00049,0.00001,0.58108,-0.00063,0.12899,0.00083,0.70425,-0.00012,0.70996,1,1,1,1
1765409522.083963,0.01180,0.02139,-0.01641,-0.00038,-0.00054,0.00029,0.58108,-0.00063,0.12899,0.00083,0.70425,-0.00012,0.70996,1,1,1,1
1765409522.085977,0.02360,0.00870,-0.00099,0.00034,-0.00016,0.00043,0.58104,-0.00063,0.12899,0.00083,0.70425,-0.00012,0.70996,1,1,1,1
1765409522.087960,0.00578,-0.02536,0.00702,0.00189,0.00070,-0.00062,0.58104,-0.00063,0.12899,0.00083,0.70425,-0.00012,0.70996,1,1,1,1
1765409522.089985,-0.01423,-0.03249,-0.04562,0.00071,0.00032,-0.00023,0.58100,-0.00063,0.12899,0.00083,0.70424,-0.00012,0.70996,1,1,1,1
1765409522.091967,-0.00960,-0.01513,-0.02317,0.00027,-0.00013,-0.00009,0.58100,-0.00063,0.12899,0.00083,0.70424,-0.00012,0.70996,1,1,1,1
1765409522.093997,-0.00579,0.02246,-0.01628,0.00051,-0.00109,0.00031,0.58096,-0.00063,0.12898,0.00083,0.70425,-0.00012,0.70995,1,1,1,1
1765409522.095989,0.02396,0.03313,-0.02434,-0.00023,-0.00018,0.00054,0.58096,-0.00063,0.12898,0.00083,0.70425,-0.00012,0.70995,1,1,1,1
1765409522.097984,0.00915,0.02589,0.00592,0.00186,0.00101,0.00016,0.58076,-0.00063,0.12899,0.00083,0.70424,-0.00012,0.70996,1,1,1,1
1765409522.099980,0.00775,0.02344,0.02151,-0.00079,0.00002,0.00046,0.58076,-0.00063,0.12899,0.00083,0.70424,-0.00012,0.70996,1,1,1,1
1765409522.101997,0.01111,0.00175,0.02949,0.00048,-0.00014,0.00006,0.58076,-0.00063,0.12899,0.00083,0.70424,-0.00012,0.70996,1,1,1,1
1765409522.103982,-0.00911,0.02383,-0.00878,-0.00079,-0.00003,0.00045,0.58076,-0.00063,0.12899,0.00083,0.70424,-0.00012,0.70996,1,1,1,1
1765409522.106118,0.00351,-0.01697,-0.00786,0.00025,-0.00130,-0.00022,0.58076,-0.00063,0.12899,0.00083,0.70424,-0.00012,0.70996,1,1,1,1
1765409522.107982,-0.02570,-0.02528,-0.01517,-0.00073,0.00033,0.00021,0.58076,-0.00063,0.12899,0.00083,0.70424,-0.00012,0.70996,1,1,1,1
1765409522.109995,-0.00667,-0.02313,-0.00040,0.00126,0.00098,-0.00008,0.58076,-0.00063,0.12899,0.00083,0.70424,-0.00012,0.70996,1,1,1,1
1765409522.111984,0.00778,0.03782,0.00570,-0.00084,0.00063,0.00003,0.58076,-0.00063,0.12899,0.00083,0.70424,-0.00012,0.70996,1,1,1,1
1765409522.114003,0.00307,0.02645,-0.02418,-0.00010,-0.00031,0.00015,0.58076,-0.00063,0.12899,0.00083,0.70424,-0.00012,0.70996,1,1,1,1
1765409522.115989,0.01180,0.00160,-0.00845,-0.00018,-0.00027,0.00003,0.58076,-0.00063,0.12899,0.00083,0.70424,-0.00012,0.70996,1,1,1,1
1765409522.118010,-0.03633,0.00546,-0.03886,0.00161,0.00005,-0.00022,0.58072,-0.00063,0.12899,0.00083,0.70424,-0.00012,0.70996,1,1,1,1
1765409522.120001,-0.01455,-0.01289,-0.03085,0.00073,0.00044,0.00004,0.58072,-0.00063,0.12899,0.00083,0.70424,-0.00012,0.70996,1,1,1,1
1765409522.121998,-0.00937,-0.00102,-0.03105,-0.00043,0.00037,0.00030,0.58068,-0.00063,0.12899,0.00083,0.70424,-0.00012,0.70996,1,1,1,1
1765409522.123995,0.01679,-0.01607,-0.00048,-0.00083,-0.00007,-0.00010,0.58068,-0.00063,0.12899,0.00083,0.70424,-0.00012,0.70996,1,1,1,1
1765409522.126019,0.00771,-0.02063,0.00731,-0.00023,-0.00008,0.00005,0.58064,-0.00063,0.12899,0.00083,0.70424,-0.00012,0.70996,1,1,1,1
1765409522.128006,-0.00472,-0.00755,0.01450,-0.00008,-0.00046,-0.00047,0.58064,-0.00063,0.12899,0.00083,0.70424,-0.00012,0.70996,1,1,1,1
1765409522.130015,-0.00205,0.02391,-0.00129,0.00052,0.00014,0.00045,0.58060,-0.00063,0.12899,0.00083,0.70424,-0.00012,0.70996,1,1,1,1
1765409522.132011,-0.03022,0.01157,-0.03134,-0.00072,0.00061,0.00019,0.58060,-0.00063,0.12899,0.00083,0.70424,-0.00012,0.70996,1,1,1,1
1765409522.134059,0.00359,0.00671,-0.02376,-0.00034,-0.00031,-0.00011,0.58056,-0.00063,0.12899,0.00083,0.70424,-0.00012,0.70996,1,1,1,1
1765409522.136000,-0.00171,-0.01545,0.01470,0.00070,0.00028,-0.00007,0.58056,-0.00063,0.12899,0.00083,0.70424,-0.00012,0.70996,1,1,1,1
1765409522.138003,0.00172,-0.01102,0.05248,-0.00230,-0.00003,-0.00058,0.58052,-0.00063,0.12899,0.00083,0.70424,-0.00012,0.70996,1,1,1,1
1765409522.140021,0.01623,-0.01570,-0.03826,-0.00039,-0.00056,0.00028,0.58052,-0.00063,0.12899,0.00083,0.70424,-0.00012,0.70996,1,1,1,1
1765409522.142024,0.00110,-0.01815,0.01455,0.00198,0.00101,-0.00021,0.58036,-0.00063,0.12900,0.00083,0.70423,-0.00012,0.70997,1,1,1,1
1765409522.144038,-0.00051,-0.00065,-0.02356,-0.00043,-0.00025,-0.00010,0.58036,-0.00063,0.12900,0.00083,0.70423,-0.00012,0.70997,1,1,1,1
1765409522.146060,-0.00585,-0.02727,0.00757,0.00078,-0.00029,0.00007,0.58036,-0.00063,0.12900,0.00083,0.70423,-0.00012,0.70997,1,1,1,1
1765409522.148029,0.01176,0.00575,-0.03136,-0.00057,0.00049,0.00028,0.58036,-0.00063,0.12900,0.00083,0.70423,-0.00012,0.70997,1,1,1,1
1765409522.150056,0.00191,0.02598,0.00603,0.00077,0.00072,0.00017,0.58036,-0.00063,0.12900,0.00083,0.70423,-0.00012,0.70997,1,1,1,1
1765409522.152032,0.00406,0.04569,-0.03993,-0.00118,-0.00009,0.00000,0.58036,-0.00063,0.12900,0.00083,0.70423,-0.00012,0.70997,1,1,1,1
1765409522.154028,-0.01339,0.02173,0.03666,-0.00038,0.00001,-0.00005,0.58036,-0.00063,0.12900,0.00083,0.70423,-0.00012,0.70997,1,1,1,1
1765409522.156022,0.01694,-0.01069,0.00700,-0.00077,-0.00058,-0.00023,0.58036,-0.00063,0.12900,0.00083,0.70423,-0.00012,0.70997,1,1,1,1
1765409522.158019,0.00138,-0.03232,-0.02292,0.00203,0.00013,-0.00023,0.58032,-0.00063,0.12900,0.00083,0.70423,-0.00012,0.70997,1,1,1,1
1765409522.160018,0.01213,-0.00308,0.00681,-0.00024,-0.00053,-0.00022,0.58032,-0.00063,0.12900,0.00083,0.70423,-0.00012,0.70997,1,1,1,1
1765409522.162037,-0.01335,0.00831,-0.00849,0.00033,-0.00151,-0.00048,0.58028,-0.00063,0.12900,0.00082,0.70423,-0.00011,0.70998,1,1,1,1
1765409522.164025,-0.03593,0.04218,0.02922,-0.00319,-0.00150,0.00064,0.58028,-0.00063,0.12900,0.00082,0.70423,-0.00011,0.70998,1,1,1,1
1765409522.166042,0.00336,0.03091,-0.03201,-0.00048,0.00019,0.00001,0.58024,-0.00063,0.12901,0.00083,0.70422,-0.00012,0.70998,1,1,1,1
1765409522.168051,0.00295,-0.00355,0.03707,0.00019,0.00059,-0.00020,0.58024,-0.00063,0.12901,0.00083,0.70422,-0.00012,0.70998,1,1,1,1
1765409522.170076,0.02693,0.00608,0.01411,0.00119,0.00030,0.00030,0.58020,-0.00063,0.12901,0.00083,0.70422,-0.00012,0.70999,1,1,1,1
1765409522.172039,-0.02374,-0.03935,0.04585,-0.00178,-0.00071,-0.00055,0.57999,-0.00063,0.12901,0.00083,0.70421,-0.00012,0.70999,1,1,1,1
1765409522.174036,-0.02991,0.00740,0.00696,-0.00077,-0.00041,0.00035,0.57999,-0.00063,0.12901,0.00083,0.70421,-0.00012,0.70999,1,1,1,1
1765409522.176051,-0.00946,0.01992,-0.03902,0.00004,-0.00104,0.00016,0.57999,-0.00063,0.12901,0.00083,0.70421,-0.00012,0.70999,1,1,1,1
1765409522.178109,-0.00285,-0.00460,-0.03117,0.00214,-0.00048,-0.00038,0.57999,-0.00063,0.12901,0.00083,0.70421,-0.00012,0.70999,1,1,1,1
1765409522.180092,0.01958,0.03582,-0.02486,0.00045,0.00023,-0.00054,0.57999,-0.00063,0.12901,0.00083,0.70421,-0.00012,0.70999,1,1,1,1
1765409522.182087,0.00577,-0.00560,-0.02373,0.00170,0.00043,-0.00038,0.57999,-0.00063,0.12901,0.00083,0.70421,-0.00012,0.70999,1,1,1,1
1765409522.184062,-0.01257,-0.00286,-0.03105,-0.00090,-0.00036,-0.00023,0.57999,-0.00063,0.12901,0.00083,0.70421,-0.00012,0.70999,1,1,1,1
1765409522.186087,0.00475,-0.06162,0.01610,-0.00073,-0.00128,-0.00019,0.57999,-0.00063,0.12901,0.00083,0.70421,-0.00012,0.70999,1,1,1,1
1765409522.188044,-0.00869,0.00883,-0.04656,-0.00097,0.00022,0.00002,0.57999,-0.00063,0.12901,0.00083,0.70421,-0.00012,0.70999,1,1,1,1
1765409522.190091,0.00690,-0.02024,0.00749,0.00043,-0.00044,0.00046,0.57999,-0.00063,0.12901,0.00083,0.70421,-0.00012,0.70999,1,1,1,1
1765409522.192050,0.00306,0.01161,-0.03918,0.00016,-0.00005,-0.00026,0.57999,-0.00063,0.12901,0.00083,0.70421,-0.00012,0.70999,1,1,1,1
1765409522.194052,-0.00530,-0.01277,0.02979,0.00030,0.00006,-0.00032,0.57995,-0.00063,0.12901,0.00083,0.70421,-0.00012,0.70999,1,1,1,1
1765409522.196061,0.00371,0.00141,-0.00085,-0.00062,0.00008,0.00004,0.57995,-0.00063,0.12901,0.00083,0.70421,-0.00012,0.70999,1,1,1,1
1765409522.198072,0.02415,0.03801,0.01345,-0.00039,-0.00007,0.00043,0.57991,-0.00063,0.12901,0.00083,0.70421,-0.00012,0.70999,1,1,1,1
1765409522.200153,0.02699,0.02031,0.02161,0.00049,0.00056,0.00111,0.57991,-0.00063,0.12901,0.00083,0.70421,-0.00012,0.70999,1,1,1,1
1765409522.202111,-0.01293,0.00600,-0.04643,-0.00122,0.00066,0.00029,0.57991,-0.00063,0.12901,0.00083,0.70421,-0.00012,0.70999,1,1,1,1
1765409522.204068,0.00126,-0.03200,-0.04567,0.00225,-0.00025,-0.00025,0.57987,-0.00063,0.12901,0.00083,0.70421,-0.00012,0.70999,1,1,1,1
1765409522.206090,0.01635,0.01875,-0.00123,-0.00063,-0.00047,0.00016,0.57983,-0.00063,0.12901,0.00083,0.70422,-0.00012,0.70998,1,1,1,1
1765409522.208075,0.00958,-0.00532,0.01475,-0.00180,-0.00138,0.00006,0.57983,-0.00063,0.12901,0.00083,0.70422,-0.00012,0.70998,1,1,1,1
1765409522.210082,-0.02238,0.02165,-0.01636,-0.00016,0.00025,0.00032,0.57971,-0.00063,0.12901,0.00083,0.70422,-0.00012,0.70998,1,1,1,1
1765409522.212072,-0.01415,0.02582,-0.05448,-0.00033,0.00079,0.00055,0.57963,-0.00063,0.12900,0.00083,0.70423,-0.00012,0.70998,1,1,1,1
1765409522.214086,-0.03178,-0.00216,-0.02350,0.00130,0.00013,-0.00021,0.57963,-0.00063,0.12900,0.00083,0.70423,-0.00012,0.70998,1,1,1,1
1765409522.216072,0.00756,-0.03592,-0.00759,-0.00020,0.00057,0.00004,0.57963,-0.00063,0.12900,0.00083,0.70423,-0.00012,0.70998,1,1,1,1
1765409522.218081,0.01094,-0.02722,-0.03802,0.00100,-0.00087,0.00002,0.57963,-0.00063,0.12900,0.00083,0.70423,-0.00012,0.70998,1,1,1,1
1765409522.220304,0.00720,-0.02076,-0.00016,-0.00002,0.00006,0.00045,0.57963,-0.00063,0.12900,0.00083,0.70423,-0.00012,0.70998,1,1,1,1
1765409522.222092,0.00604,0.00427,-0.02372,0.00116,0.00005,0.00016,0.57963,-0.00063,0.12900,0.00083,0.70423,-0.00012,0.70998,1,1,1,1
1765409522.224066,-0.01880,0.00416,-0.02367,0.00050,0.00073,0.00018,0.57963,-0.00063,0.12900,0.00083,0.70423,-0.00012,0.70998,1,1,1,1
1765409522.226074,0.01543,0.02829,0.03625,0.00014,0.00042,-0.00008,0.57963,-0.00063,0.12900,0.00083,0.70423,-0.00012,0.70998,1,1,1,1
1765409522.228103,0.00401,0.00089,-0.00850,-0.00107,0.00058,0.00004,0.57963,-0.00063,0.12900,0.00083,0.70423,-0.00012,0.70998,1,1,1,1
1765409522.230091,0.02384,0.02357,-0.03171,0.00009,-0.00043,0.00040,0.57959,-0.00063,0.12900,0.00083,0.70423,-0.00012,0.70998,1,1,1,1
1765409522.232078,-0.00217,0.01423,-0.04646,0.00063,-0.00023,0.00068,0.57959,-0.00063,0.12900,0.00083,0.70423,-0.00012,0.70998,1,1,1,1
1765409522.234105,-0.01056,0.01474,-0.00117,0.00107,-0.00014,-0.00008,0.57955,-0.00063,0.12900,0.00083,0.70422,-0.00012,0.70998,1,1,1,1
1765409522.236081,0.02489,0.00884,-0.00846,-0.00075,-0.00081,0.00042,0.57955,-0.00063,0.12900,0.00083,0.70422,-0.00012,0.70998,1,1,1,1
1765409522.238081,0.00233,-0.04729,-0.03769,0.00119,0.00001,-0.00024,0.57955,-0.00063,0.12900,0.00083,0.70422,-0.00012,0.70998,1,1,1,1
1765409522.240095,0.01498,-0.01622,0.00677,0.00091,0.00096,-0.00050,0.57951,-0.00063,0.12900,0.00083,0.70423,-0.00012,0.70997,1,1,1,1
1765409522.242110,0.00335,-0.02311,0.00749,-0.00026,-0.00002,0.00033,0.57951,-0.00063,0.12900,0.00083,0.70423,-0.00012,0.70997,1,1,1,1
1765409522.244139,0.01637,0.05284,-0.04002,-0.00109,-0.00023,0.00039,0.57923,-0.00063,0.12901,0.00083,0.70422,-0.00012,0.70998,1,1,1,1
1765409522.246090,0.01191,0.03095,-0.00905,-0.00070,-0.00029,0.00043,0.57923,-0.00063,0.12901,0.00083,0.70422,-0.00012,0.70998,1,1,1,1
1765409522.248093,-0.03948,0.01717,0.00650,0.00022,0.00046,0.00009,0.57923,-0.00063,0.12901,0.00083,0.70422,-0.00012,0.70998,1,1,1,1
1765409522.250132,0.00688,-0.00043,-0.03102,0.00045,-0.00059,0.00029,0.57923,-0.00063,0.12901,0.00083,0.70422,-0.00012,0.70998,1,1,1,1
1765409522.252097,0.02502,-0.02552,-0.04564,-0.00051,-0.00091,0.00013,0.57923,-0.00063,0.12901,0.00083,0.70422,-0.00012,0.70998,1,1,1,1
1765409522.254107,0.04020,-0.03634,0.01501,0.00089,0.00056,0.00003,0.57923,-0.00063,0.12901,0.00083,0.70422,-0.00012,0.70998,1,1,1,1
1765409522.256166,0.00438,-0.03280,0.02279,-0.00082,-0.00029,-0.00019,0.57923,-0.00063,0.12901,0.00083,0.70422,-0.00012,0.70998,1,1,1,1
1765409522.258106,-0.01827,0.02914,0.02124,0.00015,0.00032,-0.00006,0.57923,-0.00063,0.12901,0.00083,0.70422,-0.00012,0.70998,1,1,1,1
1765409522.260137,-0.03161,0.01180,-0.00103,0.00059,0.00088,0.00021,0.57923,-0.00063,0.12901,0.00083,0.70422,-0.00012,0.70998,1,1,1,1
1765409522.262113,-0.00494,0.01158,-0.00859,-0.00050,-0.00008,0.00018,0.57923,-0.00063,0.12901,0.00083,0.70422,-0.00012,0.70998,1,1,1,1
1765409522.264113,-0.01051,-0.03048,-0.01536,0.00096,0.00091,-0.00008,0.57923,-0.00063,0.12901,0.00083,0.70422,-0.00012,0.70998,1,1,1,1
1765409522.266123,0.02866,0.02100,0.01388,-0.00038,-0.00049,0.00030,0.57923,-0.00063,0.12901,0.00083,0.70422,-0.00012,0.70998,1,1,1,1
1765409522.268103,0.01595,0.00838,0.00663,-0.00054,0.00018,0.00044,0.57923,-0.00063,0.12901,0.00083,0.70422,-0.00012,0.70998,1,1,1,1
1765409522.270113,0.00276,0.00642,0.01428,0.00009,0.00022,0.00032,0.57919,-0.00063,0.12901,0.00083,0.70422,-0.00012,0.70998,1,1,1,1
1765409522.272139,-0.01777,0.00928,-0.01615,-0.00031,0.00020,0.00005,0.57919,-0.00063,0.12901,0.00083,0.70422,-0.00012,0.70998,1,1,1,1
1765409522.274118,0.00222,0.00651,-0.00148,0.00119,0.00084,-0.00090,0.57919,-0.00063,0.12901,0.00083,0.70422,-0.00012,0.70998,1,1,1,1
1765409522.276130,-0.01787,-0.01021,-0.00037,-0.00011,-0.00003,0.00020,0.57915,-0.00063,0.12901,0.00083,0.70422,-0.00012,0.70998,1,1,1,1
1765409522.278156,0.00663,-0.03015,-0.01531,0.00096,-0.00006,-0.00010,0.57915,-0.00063,0.12901,0.00083,0.70422,-0.00012,0.70998,1,1,1,1
1765409522.280141,0.01942,-0.00362,0.02923,0.00085,0.00051,-0.00062,0.57911,-0.00063,0.12901,0.00083,0.70422,-0.00012,0.70998,1,1,1,1
1765409522.282133,0.00664,0.03308,0.02102,0.00020,0.00078,0.00018,0.57911,-0.00063,0.12901,0.00083,0.70422,-0.00012,0.70998,1,1,1,1
1765409522.284148,0.00686,0.04855,0.02836,0.00017,-0.00013,0.00018,0.57903,-0.00063,0.12901,0.00083,0.70423,-0.00012,0.70998,1,1,1,1
1765409522.286139,-0.00088,0.02939,-0.00890,-0.00028,-0.00090,0.00031,0.57886,-0.00063,0.12901,0.00083,0.70423,-0.00012,0.70997,1,1,1,1
1765409522.288134,0.00400,-0.02261,-0.00016,-0.00048,-0.00067,-0.00008,0.57886,-0.00063,0.12901,0.00083,0.70423,-0.00012,0.70997,1,1,1,1
1765409522.290146,0.02319,-0.01153,-0.00831,0.00075,0.00074,0.00015,0.57886,-0.00063,0.12901,0.00083,0.70423,-0.00012,0.70997,1,1,1,1
1765409522.292134,0.01166,-0.01366,-0.00056,-0.00015,0.00037,0.00004,0.57886,-0.00063,0.12901,0.00083,0.70423,-0.00012,0.70997,1,1,1,1
1765409522.294144,-0.00192,-0.00048,-0.03883,0.00088,0.00002,-0.00012,0.57886,-0.00063,0.12901,0.00083,0.70423,-0.00012,0.70997,1,1,1,1
1765409522.296161,-0.01813,0.01942,-0.03133,-0.00019,-0.00030,0.00058,0.57886,-0.00063,0.12901,0.00083,0.70423,-0.00012,0.70997,1,1,1,1
1765409522.298147,-0.00070,-0.00538,-0.00075,-0.00005,-0.00025,-0.00035,0.57886,-0.00063,0.12901,0.00083,0.70423,-0.00012,0.70997,1,1,1,1
1765409522.300167,0.01176,0.00213,-0.01596,0.00004,-0.00091,0.00003,0.57886,-0.00063,0.12901,0.00083,0.70423,-0.00012,0.70997,1,1,1,1
1765409522.302156,-0.01421,-0.06720,-0.01433,0.00073,0.00060,-0.00007,0.57886,-0.00063,0.12901,0.00083,0.70423,-0.00012,0.70997,1,1,1,1
1765409522.304165,-0.00599,-0.01833,-0.06130,0.00067,0.00085,-0.00026,0.57886,-0.00063,0.12901,0.00083,0.70423,-0.00012,0.70997,1,1,1,1
1765409522.306219,-0.02236,-0.00726,-0.01586,0.00058,-0.00012,-0.00048,0.57886,-0.00063,0.12901,0.00083,0.70423,-0.00012,0.70997,1,1,1,1
1765409522.308266,-0.01323,0.01648,-0.03913,-0.00066,0.00015,0.00003,0.57882,-0.00063,0.12901,0.00083,0.70422,-0.00012,0.70998,1,1,1,1
1765409522.310164,-0.01331,0.03175,0.02149,-0.00069,-0.00050,0.00048,0.57882,-0.00063,0.12901,0.00083,0.70422,-0.00012,0.70998,1,1,1,1
1765409522.312182,0.00974,0.00633,-0.00122,0.00162,0.00076,-0.00010,0.57878,-0.00063,0.12901,0.00083,0.70423,-0.00012,0.70998,1,1,1,1
1765409522.314165,0.00405,-0.00821,0.03738,-0.00074,-0.00018,-0.00006,0.57878,-0.00063,0.12901,0.00083,0.70423,-0.00012,0.70998,1,1,1,1
1765409522.316175,-0.00436,-0.02279,-0.00794,-0.00048,-0.00007,-0.00048,0.57874,-0.00063,0.12901,0.00083,0.70422,-0.00012,0.70998,1,1,1,1
1765409522.318171,0.01217,0.02108,-0.00884,-0.00082,-0.00029,0.00029,0.57874,-0.00063,0.12901,0.00083,0.70422,-0.00012,0.70998,1,1,1,1
1765409522.320174,0.00285,-0.02235,-0.01557,0.00084,-0.00041,-0.00050,0.57870,-0.00063,0.12902,0.00083,0.70422,-0.00012,0.70998,1,1,1,1
1765409522.322194,-0.02075,0.00227,0.00698,-0.00127,-0.00052,0.00008,0.57870,-0.00063,0.12902,0.00083,0.70422,-0.00012,0.70998,1,1,1,1
1765409522.324216,0.02424,-0.02124,0.03755,-0.00002,0.00035,0.00006,0.57866,-0.00063,0.12902,0.00083,0.70422,-0.00012,0.70998,1,1,1,1
1765409522.326179,0.00932,0.01088,-0.01669,0.00190,0.00139,-0.00025,0.57866,-0.00063,0.12902,0.00083,0.70422,-0.00012,0.70998,1,1,1,1
1765409522.328180,0.01253,0.00651,0.05235,-0.00100,-0.00054,0.00035,0.57862,-0.00063,0.12902,0.00083,0.70421,-0.00012,0.70999,1,1,1,1
1765409522.330177,-0.01415,0.04211,-0.00924,0.00031,-0.00075,0.00018,0.57846,-0.00063,0.12902,0.00083,0.70422,-0.00012,0.70998,1,1,1,1
1765409522.332177,-0.03839,0.02737,-0.00874,-0.00075,-0.00045,0.00021,0.57846,-0.00063,0.12902,0.00083,0.70422,-0.00012,0.70998,1,1,1,1
1765409522.334346,-0.01458,-0.04701,-0.01485,0.00119,0.00021,-0.00021,0.57846,-0.00063,0.12902,0.00083,0.70422,-0.00012,0.70998,1,1,1,1
1765409522.336171,0.00620,-0.05249,0.03127,-0.00259,-0.00117,0.00036,0.57846,-0.00063,0.12902,0.00083,0.70422,-0.00012,0.70998,1,1,1,1
1765409522.338178,0.01084,-0.01815,-0.01574,0.00089,0.00026,-0.00024,0.57846,-0.00063,0.12902,0.00083,0.70422,-0.00012,0.70998,1,1,1,1
1765409522.340196,-0.01168,0.03921,-0.04000,0.00202,0.00048,-0.00039,0.57846,-0.00063,0.12902,0.00083,0.70422,-0.00012,0.70998,1,1,1,1
1765409522.342196,-0.00444,0.01798,-0.00109,-0.00020,-0.00175,-0.00035,0.57846,-0.00063,0.12902,0.00083,0.70422,-0.00012,0.70998,1,1,1,1
1765409522.344279,-0.00901,-0.01984,-0.01531,-0.00023,-0.00064,0.00005,0.57846,-0.00063,0.12902,0.00083,0.70422,-0.00012,0.70998,1,1,1,1
1765409522.346266,-0.00128,-0.01063,-0.00825,0.00032,0.00027,-0.00022,0.57846,-0.00063,0.12902,0.00083,0.70422,-0.00012,0.70998,1,1,1,1
1765409522.348257,-0.00184,0.00825,-0.05419,0.00012,0.00104,0.00041,0.57842,-0.00063,0.12902,0.00083,0.70422,-0.00012,0.70998,1,1,1,1
1765409522.350257,0.00668,0.00404,0.01427,0.00050,0.00017,0.00019,0.57842,-0.00063,0.12902,0.00083,0.70422,-0.00012,0.70998,1,1,1,1
1765409522.352273,0.00311,0.00601,-0.04651,-0.00035,0.00047,0.00028,0.57838,-0.00063,0.12902,0.00083,0.70421,-0.00012,0.70999,1,1,1,1
1765409522.354266,-0.00013,-0.01451,0.02256,-0.00038,-0.00139,-0.00006,0.57838,-0.00063,0.12902,0.00083,0.70421,-0.00012,0.70999,1,1,1,1
1765409522.356250,0.01231,-0.01324,-0.02323,-0.00058,-0.00039,0.00002,0.57834,-0.00063,0.12901,0.00083,0.70422,-0.00012,0.70998,1,1,1,1
1765409522.358240,-0.00168,-0.04079,0.00757,0.00061,0.00119,-0.00021,0.57834,-0.00063,0.12901,0.00083,0.70422,-0.00012,0.70998,1,1,1,1
1765409522.360235,0.00976,0.00439,-0.00823,-0.00211,-0.00139,0.00017,0.57830,-0.00063,0.12901,0.00083,0.70422,-0.00012,0.70998,1,1,1,1
1765409522.362208,-0.01318,0.01089,-0.04646,-0.00116,0.00067,0.00056,0.57830,-0.00063,0.12901,0.00083,0.70422,-0.00012,0.70998,1,1,1,1
1765409522.364237,-0.00213,0.02244,0.02956,-0.00277,-0.00228,0.00035,0.57830,-0.00063,0.12901,0.00083,0.70422,-0.00012,0.70998,1,1,1,1
1765409522.366233,-0.00653,0.00201,-0.02366,0.00113,0.00020,0.00003,0.57830,-0.00063,0.12901,0.00083,0.70422,-0.00012,0.70998,1,1,1,1
1765409522.368244,-0.00597,-0.03193,-0.01500,0.00094,-0.00066,0.00019,0.57810,-0.00063,0.12902,0.00083,0.70422,-0.00012,0.70998,1,1,1,1
1765409522.370278,0.01593,0.02329,-0.01669,-0.00036,0.00017,0.00001,0.57810,-0.00063,0.12902,0.00083,0.70422,-0.00012,0.70998,1,1,1,1
1765409522.372216,-0.00519,-0.00830,-0.00048,-0.00030,0.00020,0.00033,0.57810,-0.00063,0.12902,0.00083,0.70422,-0.00012,0.70998,1,1,1,1
1765409522.374208,-0.02302,-0.02260,-0.02322,0.00105,0.00079,-0.00048,0.57810,-0.00063,0.12902,0.00083,0.70422,-0.00012,0.70998,1,1,1,1
1765409522.376246,-0.02154,-0.04617,-0.02219,0.00011,-0.00110,-0.00020,0.57810,-0.00063,0.12902,0.00083,0.70422,-0.00012,0.70998,1,1,1,1
1765409522.378219,-0.01964,0.00508,-0.03100,0.00139,-0.00027,0.00058,0.57810,-0.00063,0.12902,0.00083,0.70422,-0.00012,0.70998,1,1,1,1
1765409522.380228,0.00225,0.02616,0.01386,0.00033,0.00021,0.00059,0.57810,-0.00063,0.12902,0.00083,0.70422,-0.00012,0.70998,1,1,1,1
1765409522.382222,-0.00846,0.03873,0.11205,-0.00104,0.00018,-0.00027,0.57810,-0.00063,0.12902,0.00083,0.70422,-0.00012,0.70998,1,1,1,1
1765409522.384214,-0.00695,-0.03502,0.06851,-0.00194,-0.00054,-0.00028,0.57806,-0.00063,0.12902,0.00083,0.70422,-0.00012,0.70998,1,1,1,1
1765409522.386257,0.00154,0.00143,-0.00842,0.00113,0.00062,0.00044,0.57806,-0.00063,0.12902,0.00083,0.70422,-0.00012,0.70998,1,1,1,1
1765409522.388221,-0.01722,0.01004,-0.03877,-0.00052,-0.00094,0.00004,0.57802,-0.00063,0.12902,0.00083,0.70422,-0.00012,0.70998,1,1,1,1
1765409522.390216,-0.02255,0.01189,0.01439,-0.00006,0.00014,0.00062,0.57802,-0.00063,0.12902,0.00083,0.70422,-0.00012,0.70998,1,1,1,1
1765409522.392238,-0.04006,0.01758,-0.03904,0.00088,0.00009,0.00005,0.57798,-0.00063,0.12902,0.00083,0.70422,-0.00012,0.70998,1,1,1,1
1765409522.394217,0.00614,-0.02072,-0.00837,0.00151,0.00094,-0.00077,0.57798,-0.00063,0.12902,0.00083,0.70422,-0.00012,0.70998,1,1,1,1
1765409522.396235,0.00688,-0.01524,-0.02324,0.00071,-0.00033,-0.00011,0.57794,-0.00063,0.12902,0.00083,0.70422,-0.00012,0.70998,1,1,1,1
1765409522.398250,0.04095,0.01327,-0.02399,-0.00004,-0.00038,0.00026,0.57794,-0.00063,0.12902,0.00083,0.70422,-0.00012,0.70998,1,1,1,1
1765409522.400223,0.01545,0.02387,-0.03924,0.00009,-0.00058,0.00040,0.57794,-0.00063,0.12902,0.00083,0.70422,-0.00012,0.70998,1,1,1,1
1765409522.402242,-0.00912,-0.00093,-0.03120,-0.00043,0.00036,-0.00010,0.57774,-0.00063,0.12901,0.00083,0.70423,-0.00012,0.70997,1,1,1,1
1765409522.404244,-0.01816,-0.01590,-0.00051,0.00004,0.00111,-0.00007,0.57774,-0.00063,0.12901,0.00083,0.70423,-0.00012,0.70997,1,1,1,1
1765409522.406237,-0.01082,-0.02003,-0.03085,0.00152,0.00039,-0.00037,0.57774,-0.00063,0.12901,0.00083,0.70423,-0.00012,0.70997,1,1,1,1
1765409522.408367,0.03315,0.00393,-0.03126,-0.00037,-0.00091,0.00013,0.57774,-0.00063,0.12901,0.00083,0.70423,-0.00012,0.70997,1,1,1,1
1765409522.410308,0.02458,0.00443,-0.00840,-0.00015,-0.00119,0.00016,0.57774,-0.00063,0.12901,0.00083,0.70423,-0.00012,0.70997,1,1,1,1
1765409522.412307,-0.01513,0.00667,-0.02371,0.00097,0.00069,0.00031,0.57774,-0.00063,0.12901,0.00083,0.70423,-0.00012,0.70997,1,1,1,1
1765409522.414265,-0.00645,-0.01267,-0.01567,0.00117,0.00009,0.00004,0.57774,-0.00063,0.12901,0.00083,0.70423,-0.00012,0.70997,1,1,1,1
1765409522.416269,-0.01747,-0.02095,-0.02325,-0.00046,0.00111,-0.00035,0.57774,-0.00063,0.12901,0.00083,0.70423,-0.00012,0.70997,1,1,1,1
1765409522.418232,-0.00424,0.01138,-0.03876,-0.00138,-0.00033,0.00056,0.57774,-0.00063,0.12901,0.00083,0.70423,-0.00012,0.70997,1,1,1,1
1765409522.420235,-0.00871,0.01942,0.01393,-0.00062,-0.00043,-0.00020,0.57770,-0.00063,0.12901,0.00083,0.70423,-0.00012,0.70997,1,1,1,1
1765409522.422252,-0.00063,-0.00520,-0.00831,-0.00005,-0.00050,-0.00036,0.57770,-0.00063,0.12901,0.00083,0.70423,-0.00012,0.70997,1,1,1,1
1765409522.424236,0.02271,-0.02341,0.00761,-0.00245,-0.00101,0.00032,0.57766,-0.00063,0.12901,0.00083,0.70423,-0.00012,0.70997,1,1,1,1
1765409522.426245,-0.00235,-0.04008,-0.03016,0.00128,0.00032,0.00017,0.57766,-0.00063,0.12901,0.00083,0.70423,-0.00012,0.70997,1,1,1,1
1765409522.428257,-0.01791,-0.03939,-0.00733,0.00041,-0.00027,-0.00020,0.57762,-0.00063,0.12901,0.00083,0.70423,-0.00012,0.70997,1,1,1,1
1765409522.430312,-0.00451,0.01147,-0.03913,-0.00072,0.00004,-0.00025,0.57762,-0.00063,0.12901,0.00083,0.70423,-0.00012,0.70997,1,1,1,1
1765409522.432271,-0.02309,0.00191,-0.03882,0.00069,0.00066,0.00004,0.57742,-0.00063,0.12901,0.00083,0.70422,-0.00012,0.70998,1,1,1,1
1765409522.434325,-0.00569,0.03208,-0.01668,0.00040,-0.00072,0.00003,0.57742,-0.00063,0.12901,0.00083,0.70422,-0.00012,0.70998,1,1,1,1
1765409522.436361,-0.00513,0.03160,-0.01671,-0.00026,-0.00035,0.00003,0.57742,-0.00063,0.12901,0.00083,0.70422,-0.00012,0.70998,1,1,1,1
1765409522.438263,0.01486,0.00818,0.04430,0.00055,0.00108,0.00006,0.57742,-0.00063,0.12901,0.00083,0.70422,-0.00012,0.70998,1,1,1,1
1765409522.440313,0.00328,-0.01741,-0.00072,0.00068,-0.00030,-0.00103,0.57742,-0.00063,0.12901,0.00083,0.70422,-0.00012,0.70998,1,1,1,1
1765409522.442252,-0.00494,-0.03808,-0.03011,-0.00045,0.00035,0.00031,0.57742,-0.00063,0.12901,0.00083,0.70422,-0.00012,0.70998,1,1,1,1
1765409522.444248,-0.01687,-0.00954,-0.00019,-0.00076,-0.00118,0.00021,0.57742,-0.00063,0.12901,0.00083,0.70422,-0.00012,0.70998,1,1,1,1
1765409522.446265,0.00367,0.02174,-0.01632,-0.00059,-0.00082,0.00030,0.57742,-0.00063,0.12901,0.00083,0.70422,-0.00012,0.70998,1,1,1,1
1765409522.448247,-0.00490,0.01595,-0.01627,-0.00088,0.00043,0.00044,0.57742,-0.00063,0.12901,0.00083,0.70422,-0.00012,0.70998,1,1,1,1
1765409522.450255,-0.04014,0.01745,-0.03925,0.00110,0.00046,-0.00035,0.57742,-0.00063,0.12901,0.00083,0.70422,-0.00012,0.70998,1,1,1,1
1765409522.452359,-0.00053,0.00076,-0.01611,0.00046,-0.00153,-0.00090,0.57738,-0.00063,0.12902,0.00082,0.70422,-0.00011,0.70998,1,1,1,1
1765409522.454259,0.01578,-0.01541,-0.00823,0.00048,-0.00032,-0.00051,0.57738,-0.00063,0.12902,0.00082,0.70422,-0.00011,0.70998,1,1,1,1
1765409522.456280,0.04900,-0.02139,0.03004,0.00042,-0.00019,0.00043,0.57738,-0.00063,0.12902,0.00082,0.70422,-0.00011,0.70998,1,1,1,1
1765409522.458245,0.02493,-0.00157,0.01443,-0.00087,-0.00005,0.00031,0.57734,-0.00063,0.12902,0.00083,0.70422,-0.00012,0.70998,1,1,1,1
1765409522.460297,-0.00519,0.02149,0.01399,-0.00038,-0.00008,0.00033,0.57730,-0.00063,0.12902,0.00082,0.70422,-0.00011,0.70999,1,1,1,1
1765409522.462283,0.01141,0.02102,0.01388,-0.00016,0.00010,0.00031,0.57730,-0.00063,0.12902,0.00082,0.70422,-0.00011,0.70999,1,1,1,1
1765409522.464280,-0.04075,-0.00344,0.01513,-0.00178,-0.00230,0.00011,0.57726,-0.00063,0.12902,0.00083,0.70421,-0.00012,0.70999,1,1,1,1
1765409522.466306,0.00925,-0.02778,-0.02304,0.00230,0.00042,0.00002,0.57726,-0.00063,0.12902,0.00083,0.70421,-0.00012,0.70999,1,1,1,1
1765409522.468296,-0.00929,-0.01069,-0.00045,-0.00033,0.00025,0.00020,0.57726,-0.00063,0.12902,0.00083,0.70421,-0.00012,0.70999,1,1,1,1
1765409522.470322,-0.00268,-0.02034,-0.00815,0.00173,0.00067,-0.00036,0.57706,-0.00063,0.12903,0.00083,0.70421,-0.00012,0.70999,1,1,1,1
1765409522.472290,0.00785,0.03302,-0.00168,-0.00089,0.00039,0.00016,0.57706,-0.00063,0.12903,0.00083,0.70421,-0.00012,0.70999,1,1,1,1
1765409522.474280,-0.00896,-0.02026,0.03001,-0.00023,0.00011,-0.00032,0.57706,-0.00063,0.12903,0.00083,0.70421,-0.00012,0.70999,1,1,1,1
1765409522.476320,-0.00388,-0.00238,-0.00818,-0.00089,-0.00123,-0.00022,0.57706,-0.00063,0.12903,0.00083,0.70421,-0.00012,0.70999,1,1,1,1
1765409522.478292,0.00447,-0.00922,0.02243,-0.00184,0.00047,0.00074,0.57706,-0.00063,0.12903,0.00083,0.70421,-0.00012,0.70999,1,1,1,1
1765409522.480271,-0.00161,0.00886,-0.03130,0.00012,0.00027,0.00043,0.57706,-0.00063,0.12903,0.00083,0.70421,-0.00012,0.70999,1,1,1,1
1765409522.482315,-0.01693,-0.01027,-0.03846,-0.00077,-0.00017,-0.00023,0.57706,-0.00063,0.12903,0.00083,0.70421,-0.00012,0.70999,1,1,1,1
1765409522.484298,-0.02703,-0.00255,0.06033,-0.00308,-0.00095,-0.00014,0.57706,-0.00063,0.12903,0.00083,0.70421,-0.00012,0.70999,1,1,1,1
1765409522.486305,-0.01466,-0.04723,-0.03008,0.00119,0.00046,-0.00022,0.57706,-0.00063,0.12903,0.00083,0.70421,-0.00012,0.70999,1,1,1,1
1765409522.488298,-0.01904,-0.04666,0.05386,-0.00230,-0.00127,-0.00014,0.57706,-0.00063,0.12903,0.00083,0.70421,-0.00012,0.70999,1,1,1,1
1765409522.490308,0.01379,-0.02547,-0.03082,0.00211,0.00048,-0.00026,0.57701,-0.00063,0.12902,0.00083,0.70421,-0.00012,0.70999,1,1,1,1
1765409522.492292,0.00307,0.01164,-0.01640,0.00016,-0.00005,-0.00024,0.57701,-0.00063,0.12902,0.00083,0.70421,-0.00012,0.70999,1,1,1,1
1765409522.494285,0.00733,0.02787,-0.03176,-0.00074,0.00053,0.00068,0.57698,-0.00063,0.12902,0.00083,0.70421,-0.00012,0.70999,1,1,1,1
1765409522.496298,0.00281,0.05620,-0.01733,0.00004,-0.00046,0.00015,0.57698,-0.00063,0.12902,0.00083,0.70421,-0.00012,0.70999,1,1,1,1
1765409522.498292,-0.02516,0.01045,0.02932,-0.00052,-0.00086,-0.00071,0.57693,-0.00063,0.12902,0.00083,0.70422,-0.00012,0.70999,1,1,1,1
1765409522.500304,0.01189,-0.00815,0.00714,-0.00030,-0.00052,0.00032,0.57689,-0.00063,0.12902,0.00083,0.70421,-0.00012,0.70999,1,1,1,1
1765409522.502324,0.01492,-0.01526,0.00728,0.00093,-0.00055,0.00031,0.57689,-0.00063,0.12902,0.00083,0.70421,-0.00012,0.70999,1,1,1,1
1765409522.504308,0.00682,0.01309,-0.00141,0.00017,0.00117,-0.00010,0.57689,-0.00063,0.12902,0.00083,0.70421,-0.00012,0.70999,1,1,1,1
1765409522.506310,0.00227,-0.00904,-0.00845,0.00056,0.00137,-0.00010,0.57689,-0.00063,0.12902,0.00083,0.70421,-0.00012,0.70999,1,1,1,1
1765409522.508321,-0.04659,-0.02208,-0.03039,-0.00069,0.00007,-0.00005,0.57665,-0.00063,0.12901,0.00082,0.70423,-0.00012,0.70997,1,1,1,1
1765409522.510311,0.00234,-0.02511,0.00781,-0.00291,-0.00153,0.00021,0.57665,-0.00063,0.12901,0.00082,0.70423,-0.00012,0.70997,1,1,1,1
1765409522.512322,-0.00430,-0.00276,-0.03124,-0.00046,-0.00046,-0.00064,0.57665,-0.00063,0.12901,0.00082,0.70423,-0.00012,0.70997,1,1,1,1
1765409522.514323,0.01331,-0.00123,-0.03167,0.00240,0.00123,-0.00054,0.57665,-0.00063,0.12901,0.00082,0.70423,-0.00012,0.70997,1,1,1,1
1765409522.516311,0.01359,-0.01881,0.01511,-0.00218,-0.00027,0.00060,0.57665,-0.00063,0.12901,0.00082,0.70423,-0.00012,0.70997,1,1,1,1
1765409522.518331,-0.01889,0.01326,0.02140,0.00039,0.00186,-0.00006,0.57665,-0.00063,0.12901,0.00082,0.70423,-0.00012,0.70997,1,1,1,1
1765409522.520330,-0.02327,-0.02387,0.03803,-0.00202,-0.00175,-0.00055,0.57665,-0.00063,0.12901,0.00082,0.70423,-0.00012,0.70997,1,1,1,1
1765409522.522321,-0.01326,0.01207,-0.02368,-0.00049,-0.00048,0.00018,0.57665,-0.00063,0.12901,0.00082,0.70423,-0.00012,0.70997,1,1,1,1
1765409522.524325,-0.00580,-0.02214,-0.02296,0.00084,-0.00055,-0.00009,0.57665,-0.00063,0.12901,0.00082,0.70423,-0.00012,0.70997,1,1,1,1
1765409522.526324,0.00682,0.00811,-0.00123,0.00011,0.00118,0.00003,0.57665,-0.00063,0.12901,0.00082,0.70423,-0.00012,0.70997,1,1,1,1
1765409522.528320,-0.01815,-0.00097,0.02951,0.00000,0.00097,-0.00005,0.57661,-0.00063,0.12901,0.00082,0.70423,-0.00012,0.70997,1,1,1,1
1765409522.530340,0.00268,0.00617,-0.02374,0.00009,0.00047,0.00029,0.57661,-0.00063,0.12901,0.00082,0.70423,-0.00012,0.70997,1,1,1,1
1765409522.532321,-0.02640,0.00952,-0.00075,-0.00031,0.00006,0.00048,0.57661,-0.00063,0.12901,0.00082,0.70423,-0.00012,0.70997,1,1,1,1
1765409522.534312,0.01524,-0.00136,0.00660,0.00044,0.00057,-0.00010,0.57657,-0.00063,0.12901,0.00082,0.70423,-0.00012,0.70997,1,1,1,1
1765409522.536314,-0.00351,-0.00268,-0.00061,-0.00133,-0.00098,-0.00021,0.57657,-0.00063,0.12901,0.00082,0.70423,-0.00012,0.70997,1,1,1,1
1765409522.538326,0.02756,-0.03380,0.02244,0.00092,0.00095,-0.00023,0.57653,-0.00063,0.12900,0.00082,0.70423,-0.00012,0.70997,1,1,1,1
1765409522.540323,0.01209,0.00108,-0.01610,-0.00063,0.00023,0.00002,0.57653,-0.00063,0.12900,0.00082,0.70423,-0.00012,0.70997,1,1,1,1
1765409522.542331,0.01532,0.02852,-0.00151,0.00015,-0.00008,0.00029,0.57629,-0.00063,0.12900,0.00082,0.70424,-0.00012,0.70996,1,1,1,1
1765409522.544344,0.00315,0.02658,-0.02397,-0.00032,-0.00069,0.00056,0.57629,-0.00063,0.12900,0.00082,0.70424,-0.00012,0.70996,1,1,1,1
1765409522.546348,-0.03944,-0.00613,-0.02328,0.00103,-0.00093,-0.00046,0.57629,-0.00063,0.12900,0.00082,0.70424,-0.00012,0.70996,1,1,1,1
1765409522.548356,0.01629,0.00432,-0.06155,-0.00037,-0.00096,0.00012,0.57629,-0.00063,0.12900,0.00082,0.70424,-0.00012,0.70996,1,1,1,1
1765409522.550416,-0.02166,-0.03215,-0.02288,0.00006,0.00002,-0.00061,0.57629,-0.00063,0.12900,0.00082,0.70424,-0.00012,0.70996,1,1,1,1
1765409522.552342,0.02003,0.00095,-0.01635,0.00003,0.00051,-0.00039,0.57629,-0.00063,0.12900,0.00082,0.70424,-0.00012,0.70996,1,1,1,1
1765409522.554350,-0.01543,-0.00280,-0.03849,0.00129,0.00020,0.00057,0.57629,-0.00063,0.12900,0.00082,0.70424,-0.00012,0.70996,1,1,1,1
1765409522.556342,-0.04339,-0.00450,-0.03098,0.00039,0.00001,-0.00033,0.57629,-0.00063,0.12900,0.00082,0.70424,-0.00012,0.70996,1,1,1,1
1765409522.558340,-0.02780,-0.01517,-0.02289,0.00092,0.00048,0.00073,0.57629,-0.00063,0.12900,0.00082,0.70424,-0.00012,0.70996,1,1,1,1
1765409522.560347,0.00363,-0.02353,-0.01570,-0.00027,0.00073,-0.00050,0.57629,-0.00063,0.12900,0.00082,0.70424,-0.00012,0.70996,1,1,1,1
1765409522.562366,-0.00900,-0.03112,-0.03794,-0.00080,0.00090,0.00031,0.57629,-0.00063,0.12900,0.00082,0.70424,-0.00012,0.70996,1,1,1,1
1765409522.564366,0.00891,-0.01317,-0.06144,0.00248,0.00067,-0.00001,0.57629,-0.00063,0.12900,0.00082,0.70424,-0.00012,0.70996,1,1,1,1
1765409522.566354,-0.00084,0.00895,-0.03123,-0.00053,-0.00012,0.00043,0.57625,-0.00063,0.12900,0.00082,0.70424,-0.00012,0.70996,1,1,1,1
1765409522.568363,0.00775,0.01434,-0.01651,-0.00003,-0.00050,-0.00051,0.57625,-0.00063,0.12900,0.00082,0.70424,-0.00012,0.70996,1,1,1,1
1765409522.570374,-0.01720,-0.00977,-0.00025,-0.00054,-0.00080,0.00021,0.57621,-0.00063,0.12900,0.00082,0.70424,-0.00012,0.70996,1,1,1,1
1765409522.572356,-0.01476,-0.00282,-0.06918,0.00107,0.00030,-0.00026,0.57621,-0.00063,0.12900,0.00082,0.70424,-0.00012,0.70996,1,1,1,1
1765409522.574366,0.01509,-0.01958,-0.06132,0.00153,-0.00094,-0.00082,0.57617,-0.00063,0.12900,0.00082,0.70424,-0.00012,0.70996,1,1,1,1
1765409522.576363,0.01923,0.00624,-0.03137,0.00053,0.00002,0.00027,0.57617,-0.00063,0.12900,0.00082,0.70424,-0.00012,0.70996,1,1,1,1
1765409522.578364,0.01098,-0.00796,-0.03847,0.00058,-0.00050,0.00028,0.57614,-0.00063,0.12900,0.00082,0.70424,-0.00012,0.70996,1,1,1,1
1765409522.580364,-0.03629,0.01355,-0.00065,-0.00201,-0.00212,-0.00018,0.57614,-0.00063,0.12900,0.00082,0.70424,-0.00012,0.70996,1,1,1,1
1765409522.582376,-0.00609,0.01168,-0.05404,0.00038,-0.00005,0.00055,0.57602,-0.00063,0.12900,0.00082,0.70423,-0.00012,0.70997,1,1,1,1
1765409522.584379,-0.01217,0.00121,-0.06171,-0.00150,0.00052,-0.00039,0.57601,-0.00063,0.12900,0.00082,0.70423,-0.00012,0.70997,1,1,1,1
1765409522.586376,-0.03098,-0.00266,-0.06149,0.00042,0.00037,-0.00024,0.57601,-0.00063,0.12900,0.00082,0.70423,-0.00012,0.70997,1,1,1,1
1765409522.588373,0.00399,-0.01905,-0.06113,-0.00109,0.00073,0.00014,0.57601,-0.00063,0.12900,0.00082,0.70423,-0.00012,0.70997,1,1,1,1
1765409522.590367,0.01121,0.01116,-0.02373,-0.00007,-0.00001,0.00055,0.57601,-0.00063,0.12900,0.00082,0.70423,-0.00012,0.70997,1,1,1,1
1765409522.592393,0.02394,0.00834,-0.06954,0.00012,0.00021,-0.00003,0.57601,-0.00063,0.12900,0.00082,0.70423,-0.00012,0.70997,1,1,1,1
1765409522.594409,-0.00161,0.02375,-0.02406,0.00009,0.00013,0.00043,0.57601,-0.00063,0.12900,0.00082,0.70423,-0.00012,0.70997,1,1,1,1
1765409522.596418,0.00265,-0.00751,-0.07635,0.00058,-0.00091,0.00026,0.57601,-0.00063,0.12900,0.00082,0.70423,-0.00012,0.70997,1,1,1,1
1765409522.598392,-0.00258,-0.00591,-0.03877,0.00125,0.00080,0.00002,0.57601,-0.00063,0.12900,0.00082,0.70423,-0.00012,0.70997,1,1,1,1
1765409522.600385,-0.00949,-0.02046,-0.02304,-0.00002,0.00026,0.00005,0.57601,-0.00063,0.12900,0.00082,0.70423,-0.00012,0.70997,1,1,1,1
1765409522.602386,0.01940,0.00603,-0.06176,0.00031,0.00015,0.00025,0.57601,-0.00063,0.12900,0.00082,0.70423,-0.00012,0.70997,1,1,1,1
1765409522.604390,0.02084,0.01660,-0.01635,-0.00065,-0.00103,0.00001,0.57601,-0.00063,0.12900,0.00082,0.70423,-0.00012,0.70997,1,1,1,1
1765409522.606389,0.01766,-0.00010,-0.00079,-0.00108,-0.00162,-0.00050,0.57601,-0.00063,0.12900,0.00082,0.70423,-0.00012,0.70997,1,1,1,1
1765409522.608383,0.02062,0.03582,-0.02442,-0.00086,-0.00053,0.00027,0.57601,-0.00063,0.12900,0.00082,0.70423,-0.00012,0.70997,1,1,1,1
1765409522.610385,-0.02220,0.01659,-0.00877,-0.00022,0.00051,0.00006,0.57601,-0.00063,0.12900,0.00082,0.70423,-0.00012,0.70997,1,1,1,1
1765409522.612408,-0.00122,0.02841,0.01389,-0.00051,0.00025,0.00073,0.57601,-0.00063,0.12900,0.00082,0.70423,-0.00012,0.70997,1,1,1,1
1765409522.614406,-0.01910,-0.02004,-0.01564,0.00130,0.00062,-0.00035,0.57600,-0.00063,0.12900,0.00082,0.70423,-0.00012,0.70997,1,1,1,1
1765409522.616410,0.00786,0.01938,0.02184,-0.00062,-0.00112,0.00060,0.57600,-0.00063,0.12900,0.00082,0.70423,-0.00012,0.70997,1,1,1,1
1765409522.618389,0.01545,0.00906,-0.03145,0.00035,-0.00032,0.00001,0.57600,-0.00063,0.12900,0.00082,0.70423,-0.00012,0.70997,1,1,1,1
1765409522.620973,0.00180,0.04625,0.03592,0.00101,0.00019,0.00006,0.57600,-0.00063,0.12900,0.00082,0.70423,-0.00012,0.70997,1,1,1,1
1765409522.622407,-0.01609,0.00193,0.01404,0.00222,0.00120,-0.00034,0.57599,-0.00063,0.12900,0.00082,0.70423,-0.00012,0.70997,1,1,1,1
1765409522.624432,-0.05842,-0.02438,0.05343,-0.00160,-0.00004,0.00030,0.57599,-0.00063,0.12900,0.00082,0.70423,-0.00012,0.70997,1,1,1,1
1765409522.626431,-0.00158,0.00467,-0.03118,0.00051,-0.00049,0.00016,0.57599,-0.00063,0.12900,0.00082,0.70423,-0.00012,0.70997,1,1,1,1
1765409522.628440,0.01861,-0.01098,-0.00015,-0.00274,-0.00122,0.00058,0.57599,-0.00063,0.12900,0.00082,0.70423,-0.00012,0.70997,1,1,1,1
1765409522.630411,0.00179,-0.00337,0.00663,0.00129,0.00073,-0.00022,0.57599,-0.00063,0.12900,0.00082,0.70423,-0.00012,0.70997,1,1,1,1
1765409522.632456,0.00844,-0.00650,-0.03090,-0.00137,0.00016,0.00042,0.57599,-0.00063,0.12900,0.00082,0.70423,-0.00012,0.70997,1,1,1,1
1765409522.634435,-0.02197,-0.00268,0.00707,-0.00024,-0.00011,0.00021,0.57599,-0.00063,0.12900,0.00082,0.70423,-0.00012,0.70997,1,1,1,1
1765409522.636427,-0.01309,-0.01645,-0.01552,0.00025,-0.00136,-0.00061,0.57599,-0.00063,0.12900,0.00082,0.70423,-0.00012,0.70997,1,1,1,1
1765409522.638428,-0.00650,-0.01533,0.08335,-0.00257,-0.00081,-0.00000,0.57599,-0.00063,0.12900,0.00082,0.70423,-0.00012,0.70997,1,1,1,1
1765409522.640413,0.00712,-0.02098,-0.01539,-0.00002,0.00032,0.00044,0.57599,-0.00063,0.12900,0.00082,0.70423,-0.00012,0.70997,1,1,1,1
1765409522.642426,-0.00937,-0.00600,-0.03087,-0.00049,0.00038,0.00044,0.57599,-0.00063,0.12900,0.00082,0.70423,-0.00012,0.70997,1,1,1,1
1765409522.644410,0.00092,-0.02052,0.06804,-0.00154,-0.00026,-0.00029,0.57599,-0.00063,0.12900,0.00082,0.70423,-0.00012,0.70997,1,1,1,1
1765409522.646425,-0.00341,-0.00669,-0.00805,-0.00094,-0.00199,-0.00048,0.57598,-0.00063,0.12901,0.00082,0.70423,-0.00012,0.70997,1,1,1,1
1765409522.648426,0.01587,-0.03014,0.00753,0.00031,-0.00055,-0.00009,0.57598,-0.00063,0.12901,0.00082,0.70423,-0.00012,0.70997,1,1,1,1
1765409522.650419,-0.03567,-0.00400,-0.04615,0.00127,-0.00059,-0.00035,0.57598,-0.00063,0.12901,0.00082,0.70423,-0.00012,0.70997,1,1,1,1
1765409522.652426,-0.00303,-0.01562,-0.03117,0.00201,0.00105,-0.00051,0.57598,-0.00063,0.12901,0.00082,0.70423,-0.00012,0.70997,1,1,1,1
1765409522.654436,-0.00534,0.01118,-0.00109,-0.00029,0.00056,0.00018,0.57598,-0.00063,0.12901,0.00082,0.70423,-0.00012,0.70997,1,1,1,1
1765409522.656441,0.03714,-0.00934,-0.00863,-0.00010,0.00056,-0.00053,0.57598,-0.00063,0.12901,0.00082,0.70423,-0.00012,0.70997,1,1,1,1
1765409522.658471,-0.00505,0.01185,-0.02356,-0.00050,-0.00058,0.00057,0.57598,-0.00063,0.12901,0.00082,0.70423,-0.00012,0.70997,1,1,1,1
1765409522.660433,-0.01803,-0.02409,-0.00782,0.00081,-0.00066,-0.00060,0.57598,-0.00063,0.12901,0.00082,0.70423,-0.00012,0.70997,1,1,1,1
1765409522.662431,-0.00146,0.00928,-0.00084,0.00013,-0.00024,0.00045,0.57597,-0.00063,0.12901,0.00082,0.70423,-0.00012,0.70997,1,1,1,1
1765409522.664451,-0.00724,0.01128,0.02175,0.00125,0.00097,0.00060,0.57597,-0.00063,0.12901,0.00082,0.70423,-0.00012,0.70997,1,1,1,1
1765409522.666443,-0.00956,-0.01558,-0.00064,0.00026,0.00062,-0.00048,0.57597,-0.00063,0.12901,0.00082,0.70423,-0.00012,0.70997,1,1,1,1
1765409522.668442,0.00365,0.01187,-0.03150,-0.00028,-0.00057,-0.00025,0.57597,-0.00063,0.12901,0.00082,0.70423,-0.00012,0.70997,1,1,1,1
1765409522.670921,-0.00659,-0.01565,0.03031,-0.00280,-0.00067,0.00036,0.57597,-0.00063,0.12901,0.00082,0.70423,-0.00012,0.70997,1,1,1,1
1765409522.672439,0.00268,0.01110,-0.01615,-0.00007,0.00035,0.00057,0.57597,-0.00063,0.12901,0.00082,0.70423,-0.00012,0.70997,1,1,1,1
1765409522.674424,-0.01116,-0.00536,-0.02367,0.00170,0.00064,-0.00037,0.57597,-0.00063,0.12901,0.00082,0.70423,-0.00012,0.70997,1,1,1,1
1765409522.676444,0.00941,0.00113,-0.00111,0.00178,0.00115,0.00003,0.57597,-0.00063,0.12901,0.00082,0.70423,-0.00012,0.70997,1,1,1,1
1765409522.678470,-0.03255,-0.00724,-0.02340,0.00189,0.00052,-0.00007,0.57597,-0.00063,0.12901,0.00082,0.70423,-0.00012,0.70997,1,1,1,1
1765409522.680445,0.02846,0.01119,-0.03150,-0.00006,-0.00048,0.00013,0.57597,-0.00063,0.12901,0.00082,0.70423,-0.00012,0.70997,1,1,1,1
1765409522.682450,-0.00904,0.01402,-0.03878,-0.00091,-0.00027,0.00070,0.57597,-0.00063,0.12901,0.00082,0.70423,-0.00012,0.70997,1,1,1,1
1765409522.684446,0.00583,-0.00387,0.03000,-0.00287,-0.00044,0.00061,0.57597,-0.00063,0.12901,0.00082,0.70423,-0.00012,0.70997,1,1,1,1
1765409522.686455,0.01205,0.02009,-0.05456,-0.00105,0.00086,0.00026,0.57597,-0.00063,0.12901,0.00082,0.70423,-0.00012,0.70997,1,1,1,1
1765409522.688454,0.00837,-0.00027,0.03728,-0.00064,-0.00100,-0.00006,0.57597,-0.00063,0.12901,0.00082,0.70423,-0.00012,0.70997,1,1,1,1
1765409522.690477,-0.01005,-0.00994,-0.00834,0.00099,-0.00001,-0.00062,0.57597,-0.00063,0.12901,0.00082,0.70423,-0.00012,0.70997,1,1,1,1
1765409522.692447,-0.00288,-0.00534,-0.03888,0.00192,0.00041,-0.00039,0.57597,-0.00063,0.12901,0.00082,0.70423,-0.00012,0.70997,1,1,1,1
1765409522.694452,-0.01447,-0.00268,0.00681,0.00086,0.00017,-0.00020,0.57597,-0.00063,0.12901,0.00082,0.70423,-0.00012,0.70997,1,1,1,1
1765409522.696449,-0.02410,0.00913,0.03733,-0.00250,-0.00022,0.00051,0.57597,-0.00063,0.12901,0.00082,0.70423,-0.00012,0.70997,1,1,1,1
1765409522.698459,-0.02018,-0.02284,0.07568,-0.00157,0.00025,-0.00040,0.57596,-0.00063,0.12900,0.00082,0.70423,-0.00012,0.70997,1,1,1,1
1765409522.700488,0.00429,0.03633,-0.01668,-0.00129,-0.00084,0.00029,0.57596,-0.00063,0.12900,0.00082,0.70423,-0.00012,0.70997,1,1,1,1
1765409522.702529,0.00752,-0.03527,0.02271,0.00024,0.00005,-0.00033,0.57596,-0.00063,0.12900,0.00082,0.70423,-0.00012,0.70997,1,1,1,1
1765409522.704555,0.01236,0.00605,-0.00089,-0.00100,-0.00003,0.00031,0.57596,-0.00063,0.12901,0.00082,0.70423,-0.00012,0.70997,1,1,1,1
1765409522.706534,0.00734,0.00321,0.01419,-0.00038,0.00092,0.00018,0.57596,-0.00063,0.12901,0.00082,0.70423,-0.00012,0.70997,1,1,1,1
1765409522.708601,-0.00939,-0.00097,-0.03882,-0.00022,0.00049,-0.00011,0.57596,-0.00063,0.12901,0.00082,0.70423,-0.00012,0.70997,1,1,1,1
1765409522.710467,0.01609,-0.00599,0.01431,-0.00006,0.00005,-0.00036,0.57596,-0.00063,0.12901,0.00082,0.70423,-0.00012,0.70997,1,1,1,1
1765409522.712468,0.00723,-0.00145,-0.00838,-0.00022,0.00055,0.00030,0.57596,-0.00063,0.12901,0.00082,0.70423,-0.00012,0.70997,1,1,1,1
1765409522.714490,0.01144,0.00197,0.02955,0.00026,-0.00053,0.00006,0.57596,-0.00063,0.12901,0.00082,0.70423,-0.00012,0.70997,1,1,1,1
1765409522.716470,-0.00558,-0.01789,-0.04602,0.00045,0.00020,-0.00025,0.57596,-0.00063,0.12901,0.00082,0.70423,-0.00012,0.70997,1,1,1,1
1765409522.718477,0.01137,-0.00322,0.01451,0.00020,-0.00026,0.00019,0.57596,-0.00063,0.12901,0.00082,0.70423,-0.00012,0.70997,1,1,1,1
1765409522.720467,-0.00949,-0.01050,-0.02339,0.00011,0.00024,-0.00023,0.57596,-0.00063,0.12901,0.00082,0.70423,-0.00012,0.70997,1,1,1,1
1765409522.722486,0.01583,0.00377,-0.02370,-0.00016,-0.00007,0.00015,0.57596,-0.00063,0.12901,0.00082,0.70423,-0.00012,0.70997,1,1,1,1
1765409522.724478,-0.00674,-0.00644,-0.05382,0.00212,-0.00119,-0.00052,0.57596,-0.00063,0.12901,0.00082,0.70423,-0.00012,0.70997,1,1,1,1
1765409522.726462,0.01225,-0.01841,-0.01549,-0.00064,-0.00013,0.00017,0.57596,-0.00063,0.12901,0.00082,0.70423,-0.00012,0.70997,1,1,1,1
1765409522.728496,-0.02212,-0.02789,-0.01524,-0.00011,0.00067,0.00007,0.57596,-0.00063,0.12901,0.00082,0.70423,-0.00012,0.70997,1,1,1,1
1765409522.730489,0.01592,0.00895,0.02190,-0.00031,-0.00045,0.00045,0.57596,-0.00063,0.12901,0.00082,0.70423,-0.00012,0.70997,1,1,1,1
1765409522.732499,-0.01792,-0.01946,-0.00805,0.00065,-0.00029,-0.00074,0.57596,-0.00063,0.12901,0.00082,0.70423,-0.00012,0.70997,1,1,1,1
1765409522.734482,-0.00941,-0.00037,-0.00076,0.00001,-0.00015,-0.00008,0.57596,-0.00063,0.12901,0.00082,0.70423,-0.00012,0.70997,1,1,1,1
1765409522.736511,-0.00209,-0.03497,-0.00770,0.00134,0.00030,-0.00035,0.57596,-0.00063,0.12901,0.00082,0.70423,-0.00012,0.70997,1,1,1,1
1765409522.738490,0.00341,0.00190,-0.01598,-0.00018,-0.00043,0.00003,0.57595,-0.00063,0.12901,0.00082,0.70423,-0.00012,0.70998,1,1,1,1
1765409522.740515,0.01549,0.00371,0.00628,0.00050,0.00056,-0.00064,0.57595,-0.00063,0.12901,0.00082,0.70423,-0.00012,0.70998,1,1,1,1
1765409522.742491,-0.01303,-0.00843,-0.01581,-0.00074,0.00054,-0.00008,0.57595,-0.00063,0.12901,0.00082,0.70423,-0.00012,0.70998,1,1,1,1
1765409522.744501,-0.00990,-0.01592,-0.03850,0.00026,0.00089,-0.00010,0.57595,-0.00063,0.12901,0.00082,0.70423,-0.00012,0.70997,1,1,1,1
1765409522.746489,0.00469,0.00213,-0.00843,-0.00105,-0.00096,-0.00036,0.57595,-0.00063,0.12901,0.00082,0.70423,-0.00012,0.70997,1,1,1,1
1765409522.748600,-0.00581,-0.01221,-0.04610,0.00096,-0.00056,-0.00038,0.57595,-0.00063,0.12901,0.00082,0.70423,-0.00012,0.70997,1,1,1,1
1765409522.750488,-0.01868,0.00392,0.01410,0.00050,0.00123,-0.00020,0.57595,-0.00063,0.12901,0.00082,0.70423,-0.00012,0.70997,1,1,1,1
1765409522.752496,-0.01917,0.01320,0.03727,-0.00223,-0.00220,-0.00016,0.57595,-0.00063,0.12901,0.00082,0.70423,-0.00012,0.70997,1,1,1,1
1765409522.754505,0.02335,0.00869,0.01418,0.00056,-0.00003,0.00044,0.57595,-0.00063,0.12901,0.00082,0.70423,-0.00012,0.70997,1,1,1,1
1765409522.756511,-0.01900,0.00562,-0.04642,0.00139,-0.00079,-0.00024,0.57595,-0.00063,0.12901,0.00082,0.70423,-0.00012,0.70997,1,1,1,1
1765409522.758503,0.01082,0.00589,0.02175,0.00031,0.00075,0.00032,0.57595,-0.00063,0.12901,0.00082,0.70423,-0.00012,0.70997,1,1,1,1
1765409522.760507,0.00738,0.00885,0.00670,-0.00031,-0.00009,0.00045,0.57595,-0.00063,0.12901,0.00082,0.70423,-0.00012,0.70997,1,1,1,1
1765409522.762512,-0.00620,-0.01756,-0.01564,0.00111,0.00008,-0.00022,0.57595,-0.00063,0.12901,0.00082,0.70423,-0.00012,0.70997,1,1,1,1
1765409522.764504,-0.00040,0.01389,-0.01637,-0.00069,-0.00001,-0.00010,0.57595,-0.00063,0.12901,0.00082,0.70423,-0.00012,0.70997,1,1,1,1
1765409522.766505,-0.00468,0.00171,-0.00838,-0.00062,-0.00007,0.00005,0.57595,-0.00063,0.12901,0.00082,0.70423,-0.00012,0.70997,1,1,1,1
1765409522.768503,-0.00568,-0.01249,-0.00057,0.00074,-0.00018,-0.00035,0.57595,-0.00063,0.12901,0.00082,0.70423,-0.00012,0.70997,1,1,1,1
1765409522.770501,-0.02224,0.02202,-0.03148,-0.00016,-0.00025,0.00031,0.57595,-0.00063,0.12901,0.00082,0.70423,-0.00012,0.70997,1,1,1,1
1765409522.772500,0.01509,0.04783,0.00544,0.00016,0.00054,0.00016,0.57595,-0.00063,0.12901,0.00082,0.70423,-0.00012,0.70997,1,1,1,1
1765409522.774500,-0.00536,0.00758,-0.01625,0.00054,-0.00071,-0.00050,0.57595,-0.00063,0.12901,0.00082,0.70423,-0.00012,0.70997,1,1,1,1
1765409522.776514,0.00823,-0.00475,0.01420,0.00018,-0.00101,-0.00116,0.57595,-0.00063,0.12901,0.00082,0.70423,-0.00012,0.70997,1,1,1,1
1765409522.778530,0.00742,0.00902,-0.05420,-0.00009,-0.00022,-0.00000,0.57595,-0.00063,0.12901,0.00082,0.70423,-0.00012,0.70997,1,1,1,1
1765409522.780556,0.00235,0.02586,0.00605,0.00033,0.00071,0.00018,0.57594,-0.00063,0.12901,0.00082,0.70423,-0.00012,0.70997,1,1,1,1
1765409522.782531,0.00319,0.00753,-0.00830,0.00011,-0.00131,0.00031,0.57594,-0.00063,0.12901,0.00082,0.70423,-0.00012,0.70997,1,1,1,1
1765409522.784528,-0.00385,-0.01784,-0.03069,-0.00108,-0.00045,-0.00023,0.57594,-0.00063,0.12901,0.00082,0.70423,-0.00012,0.70997,1,1,1,1
1765409522.786536,-0.01500,0.01580,-0.02436,0.00086,0.00181,-0.00037,0.57594,-0.00063,0.12901,0.00082,0.70423,-0.00012,0.70997,1,1,1,1
1765409522.788532,0.00297,-0.00924,-0.03862,-0.00031,0.00112,0.00028,0.57594,-0.00063,0.12901,0.00082,0.70423,-0.00012,0.70997,1,1,1,1
1765409522.790524,0.01561,0.00952,0.02179,0.00035,-0.00084,0.00005,0.57594,-0.00063,0.12901,0.00082,0.70423,-0.00012,0.70997,1,1,1,1
1765409522.792535,0.02129,0.00158,-0.02357,-0.00106,-0.00089,0.00001,0.57594,-0.00063,0.12901,0.00082,0.70423,-0.00012,0.70997,1,1,1,1
1765409522.794531,0.01429,0.01361,0.02137,0.00127,0.00070,-0.00009,0.57594,-0.00063,0.12901,0.00082,0.70423,-0.00012,0.70997,1,1,1,1
1765409522.796529,0.00737,-0.00109,-0.02350,-0.00022,0.00004,0.00029,0.57594,-0.00063,0.12901,0.00082,0.70423,-0.00012,0.70997,1,1,1,1
1765409522.798544,0.01172,-0.00360,-0.02350,-0.00025,-0.00001,0.00015,0.57594,-0.00063,0.12901,0.00082,0.70423,-0.00012,0.70997,1,1,1,1
1765409522.800553,-0.01351,-0.00790,-0.03059,-0.00052,-0.00033,0.00072,0.57594,-0.00063,0.12901,0.00082,0.70423,-0.00012,0.70997,1,1,1,1
1765409522.802525,0.00803,-0.00685,-0.03117,-0.00094,0.00092,0.00002,0.57594,-0.00063,0.12901,0.00082,0.70423,-0.00012,0.70997,1,1,1,1
1765409522.804539,0.01215,0.00760,-0.00862,0.00011,-0.00143,-0.00051,0.57594,-0.00063,0.12901,0.00082,0.70423,-0.00012,0.70997,1,1,1,1
1765409522.806540,-0.00081,-0.00503,-0.00071,0.00017,-0.00063,-0.00035,0.57594,-0.00063,0.12901,0.00082,0.70423,-0.00012,0.70997,1,1,1,1
1765409522.808542,0.00626,-0.00133,-0.00861,0.00087,0.00094,-0.00010,0.57594,-0.00063,0.12901,0.00082,0.70423,-0.00012,0.70998,1,1,1,1
1765409522.810548,0.00294,-0.00865,-0.00056,-0.00009,0.00048,0.00032,0.57594,-0.00063,0.12901,0.00082,0.70423,-0.00012,0.70997,1,1,1,1
1765409522.812574,-0.00539,0.00177,-0.03880,0.00004,0.00006,0.00002,0.57594,-0.00063,0.12901,0.00082,0.70423,-0.00012,0.70997,1,1,1,1
1765409522.814652,-0.01529,-0.02207,-0.01560,0.00193,0.00019,-0.00048,0.57594,-0.00063,0.12901,0.00082,0.70423,-0.00012,0.70997,1,1,1,1
1765409522.816562,0.02338,-0.01310,0.02291,-0.00320,-0.00204,0.00087,0.57594,-0.00063,0.12901,0.00082,0.70423,-0.00012,0.70997,1,1,1,1
1765409522.818568,0.01191,0.00125,-0.00849,-0.00041,0.00011,0.00003,0.57594,-0.00063,0.12901,0.00082,0.70423,-0.00012,0.70997,1,1,1,1
1765409522.820570,0.00391,-0.00298,-0.03112,-0.00046,-0.00056,-0.00025,0.57594,-0.00063,0.12901,0.00082,0.70422,-0.00012,0.70998,1,1,1,1
1765409522.822550,0.00311,-0.00248,0.00687,0.00042,-0.00080,-0.00022,0.57594,-0.00063,0.12901,0.00082,0.70422,-0.00012,0.70998,1,1,1,1
1765409522.824625,-0.00527,-0.02341,-0.02294,-0.00027,0.00059,0.00031,0.57594,-0.00063,0.12901,0.00082,0.70422,-0.00012,0.70998,1,1,1,1
1765409522.826555,0.02371,-0.00145,0.02936,0.00044,0.00047,-0.00009,0.57594,-0.00063,0.12901,0.00082,0.70422,-0.00012,0.70998,1,1,1,1
1765409522.828573,-0.00913,-0.00096,-0.05398,-0.00043,0.00036,-0.00012,0.57594,-0.00063,0.12901,0.00082,0.70422,-0.00012,0.70998,1,1,1,1
1765409522.830587,0.02502,-0.00552,-0.00078,-0.00027,-0.00094,-0.00038,0.57594,-0.00063,0.12901,0.00082,0.70422,-0.00012,0.70998,1,1,1,1
1765409522.832569,-0.03309,-0.00437,0.03010,-0.00135,-0.00112,0.00011,0.57594,-0.00063,0.12901,0.00082,0.70422,-0.00012,0.70998,1,1,1,1
1765409522.834574,0.00011,-0.01045,0.00001,-0.00142,-0.00100,0.00100,0.57594,-0.00063,0.12901,0.00082,0.70422,-0.00012,0.70998,1,1,1,1
1765409522.836571,0.01162,0.01535,-0.01659,-0.00045,0.00099,0.00002,0.57594,-0.00063,0.12901,0.00082,0.70422,-0.00012,0.70998,1,1,1,1
1765409522.838581,-0.00520,-0.01817,-0.01565,0.00001,0.00045,-0.00022,0.57594,-0.00063,0.12901,0.00082,0.70422,-0.00012,0.70998,1,1,1,1
1765409522.840569,0.02464,0.00385,0.00689,-0.00059,-0.00068,0.00057,0.57594,-0.00063,0.12901,0.00082,0.70423,-0.00012,0.70998,1,1,1,1
1765409522.842570,-0.00503,-0.00837,-0.02362,-0.00009,0.00056,-0.00050,0.57594,-0.00063,0.12901,0.00082,0.70423,-0.00012,0.70998,1,1,1,1
1765409522.844583,0.00327,0.00644,-0.01606,-0.00034,-0.00004,0.00030,0.57594,-0.00063,0.12901,0.00082,0.70423,-0.00012,0.70998,1,1,1,1
1765409522.846581,-0.00583,0.00193,-0.01603,0.00048,0.00007,0.00004,0.57594,-0.00063,0.12901,0.00082,0.70423,-0.00012,0.70998,1,1,1,1
1765409522.848619,0.00755,0.00375,-0.00849,-0.00037,0.00016,0.00017,0.57594,-0.00063,0.12901,0.00082,0.70423,-0.00012,0.70998,1,1,1,1
1765409522.850613,-0.00482,0.02686,-0.04703,-0.00032,-0.00060,-0.00026,0.57594,-0.00063,0.12901,0.00082,0.70423,-0.00012,0.70998,1,1,1,1
1765409522.852597,-0.03026,0.00230,-0.00846,-0.00018,0.00023,-0.00033,0.57594,-0.00063,0.12901,0.00082,0.70423,-0.00012,0.70998,1,1,1,1
1765409522.854595,0.00597,0.01478,-0.06214,0.00172,-0.00047,-0.00055,0.57594,-0.00063,0.12901,0.00082,0.70422,-0.00012,0.70998,1,1,1,1
1765409522.856626,-0.00480,0.00203,-0.03112,-0.00040,-0.00045,0.00003,0.57594,-0.00063,0.12901,0.00082,0.70422,-0.00012,0.70998,1,1,1,1
1765409522.858632,0.00308,0.01159,-0.00863,-0.00006,-0.00017,0.00017,0.57594,-0.00063,0.12901,0.00082,0.70422,-0.00012,0.70998,1,1,1,1
1765409522.860611,-0.01883,0.01460,-0.02377,0.00063,-0.00004,0.00031,0.57594,-0.00063,0.12901,0.00082,0.70422,-0.00012,0.70998,1,1,1,1
1765409522.862604,-0.00633,0.00182,-0.00071,0.00069,0.00020,0.00046,0.57594,-0.00063,0.12901,0.00082,0.70422,-0.00012,0.70998,1,1,1,1
1765409522.864598,0.00736,0.00389,-0.02368,-0.00015,0.00004,0.00016,0.57594,-0.00063,0.12901,0.00082,0.70422,-0.00012,0.70998,1,1,1,1
1765409522.866614,0.00737,-0.00098,0.01431,0.00000,0.00016,-0.00008,0.57594,-0.00063,0.12901,0.00082,0.70422,-0.00012,0.70998,1,1,1,1
1765409522.868610,0.01667,0.00404,-0.03119,-0.00081,-0.00071,0.00014,0.57594,-0.00063,0.12901,0.00082,0.70422,-0.00012,0.70998,1,1,1,1
1765409522.870618,-0.01347,-0.01325,0.00714,-0.00036,0.00055,0.00007,0.57594,-0.00063,0.12901,0.00082,0.70422,-0.00012,0.70998,1,1,1,1
1765409522.872603,-0.01374,0.00647,-0.03123,-0.00034,0.00042,0.00030,0.57594,-0.00063,0.12901,0.00082,0.70422,-0.00012,0.70998,1,1,1,1
1765409522.874609,0.00648,0.00916,-0.00109,0.00078,0.00004,0.00004,0.57594,-0.00063,0.12901,0.00082,0.70422,-0.00012,0.70998,1,1,1,1
1765409522.876590,-0.01832,-0.01995,-0.01557,0.00065,0.00023,-0.00034,0.57594,-0.00063,0.12901,0.00082,0.70422,-0.00012,0.70998,1,1,1,1
1765409522.878623,0.00271,-0.00790,-0.00824,0.00058,-0.00016,-0.00009,0.57594,-0.00063,0.12901,0.00082,0.70422,-0.00012,0.70998,1,1,1,1
1765409522.880619,0.01091,0.00185,-0.00847,0.00069,-0.00026,0.00003,0.57594,-0.00063,0.12901,0.00082,0.70422,-0.00012,0.70998,1,1,1,1
1765409522.882617,0.00407,-0.00394,-0.03867,-0.00112,0.00034,0.00015,0.57594,-0.00063,0.12901,0.00082,0.70422,-0.00012,0.70998,1,1,1,1
1765409522.884616,0.00312,0.00115,-0.00853,-0.00019,0.00059,0.00004,0.57594,-0.00063,0.12901,0.00082,0.70422,-0.00012,0.70998,1,1,1,1
1765409522.886636,0.00840,-0.00585,-0.00061,-0.00093,-0.00035,0.00004,0.57594,-0.00063,0.12901,0.00082,0.70422,-0.00012,0.70998,1,1,1,1
1765409522.888636,0.00777,-0.00559,-0.01580,-0.00027,-0.00047,0.00003,0.57594,-0.00063,0.12901,0.00082,0.70422,-0.00012,0.70998,1,1,1,1
1765409522.890616,-0.03113,-0.02149,-0.04597,0.00128,-0.00026,-0.00089,0.57594,-0.00063,0.12901,0.00082,0.70422,-0.00012,0.70998,1,1,1,1
1765409522.892664,-0.01424,-0.00274,-0.05394,0.00064,0.00004,-0.00025,0.57594,-0.00063,0.12901,0.00082,0.70422,-0.00012,0.70998,1,1,1,1
1765409522.894651,-0.00955,0.00906,-0.01603,-0.00031,0.00011,0.00045,0.57594,-0.00063,0.12901,0.00082,0.70422,-0.00012,0.70998,1,1,1,1
1765409522.896620,0.00359,0.00173,-0.02359,-0.00040,-0.00030,0.00003,0.57594,-0.00063,0.12901,0.00082,0.70422,-0.00012,0.70998,1,1,1,1
1765409522.898619,0.00227,-0.01695,-0.06129,0.00156,-0.00078,-0.00067,0.57594,-0.00063,0.12901,0.00082,0.70422,-0.00012,0.70998,1,1,1,1
1765409522.900618,0.00790,0.00393,-0.00067,-0.00081,-0.00035,0.00058,0.57594,-0.00063,0.12901,0.00082,0.70422,-0.00012,0.70998,1,1,1,1
1765409522.902634,-0.00197,0.00422,-0.01591,0.00050,0.00003,0.00057,0.57594,-0.00063,0.12901,0.00082,0.70422,-0.00012,0.70998,1,1,1,1
1765409522.904643,0.00705,-0.00626,-0.00059,-0.00006,0.00043,0.00045,0.57594,-0.00063,0.12901,0.00082,0.70422,-0.00012,0.70998,1,1,1,1
1765409522.906624,-0.01440,-0.00748,-0.00058,0.00080,-0.00008,-0.00007,0.57594,-0.00063,0.12901,0.00082,0.70422,-0.00012,0.70998,1,1,1,1
1765409522.908642,0.01122,0.00699,-0.05417,0.00054,-0.00065,-0.00014,0.57594,-0.00063,0.12901,0.00082,0.70422,-0.00012,0.70998,1,1,1,1
1765409522.910628,0.02464,-0.01093,0.03746,-0.00033,-0.00042,0.00019,0.57594,-0.00063,0.12901,0.00082,0.70422,-0.00012,0.70998,1,1,1,1
1765409522.912639,0.01106,0.01085,-0.01638,0.00015,0.00062,0.00015,0.57594,-0.00063,0.12901,0.00082,0.70422,-0.00012,0.70998,1,1,1,1
1765409522.914653,-0.01109,-0.00518,-0.03123,0.00170,0.00038,-0.00037,0.57594,-0.00063,0.12901,0.00082,0.70422,-0.00012,0.70998,1,1,1,1
1765409522.916650,-0.00952,-0.02900,-0.04579,0.00097,-0.00089,-0.00091,0.57594,-0.00063,0.12901,0.00082,0.70422,-0.00012,0.70998,1,1,1,1
1765409522.918644,0.01943,0.01106,0.01419,0.00015,0.00001,0.00058,0.57594,-0.00063,0.12901,0.00082,0.70422,-0.00012,0.70998,1,1,1,1
1765409522.920644,0.01545,-0.01572,-0.02331,0.00048,-0.00005,-0.00012,0.57594,-0.00063,0.12901,0.00082,0.70422,-0.00012,0.70998,1,1,1,1
1765409522.922629,-0.00472,0.01077,-0.04649,-0.00116,0.00056,0.00055,0.57594,-0.00063,0.12901,0.00082,0.70422,-0.00012,0.70998,1,1,1,1
1765409522.924645,-0.02265,-0.02409,0.04545,-0.00246,-0.00151,-0.00095,0.57594,-0.00063,0.12901,0.00082,0.70422,-0.00012,0.70998,1,1,1,1
1765409522.926662,0.01255,0.03080,0.04396,-0.00114,-0.00006,0.00006,0.57594,-0.00063,0.12901,0.00082,0.70422,-0.00012,0.70998,1,1,1,1
1765409522.928656,-0.00703,-0.02544,0.02289,-0.00226,-0.00053,0.00022,0.57594,-0.00063,0.12901,0.00082,0.70422,-0.00012,0.70998,1,1,1,1
1765409522.930670,-0.00162,0.02800,0.02139,-0.00030,0.00089,0.00073,0.57594,-0.00063,0.12901,0.00082,0.70422,-0.00012,0.70998,1,1,1,1
1765409522.932675,-0.01418,-0.00320,-0.00085,0.00041,0.00067,-0.00021,0.57594,-0.00063,0.12901,0.00082,0.70422,-0.00012,0.70998,1,1,1,1
1765409522.934673,0.02377,0.03755,0.02872,-0.00040,0.00045,0.00084,0.57594,-0.00063,0.12901,0.00082,0.70422,-0.00012,0.70998,1,1,1,1
1765409522.936713,-0.02296,-0.02109,-0.03835,0.00172,-0.00086,-0.00089,0.57594,-0.00063,0.12901,0.00082,0.70422,-0.00012,0.70998,1,1,1,1
1765409522.938678,0.01140,0.03078,-0.03931,-0.00048,-0.00015,0.00081,0.57594,-0.00063,0.12901,0.00082,0.70422,-0.00012,0.70998,1,1,1,1
1765409522.940715,0.00540,-0.01517,-0.01593,0.00223,0.00032,-0.00051,0.57594,-0.00063,0.12901,0.00082,0.70422,-0.00012,0.70998,1,1,1,1
1765409522.942691,0.00307,0.01086,0.03700,-0.00051,0.00059,0.00061,0.57594,-0.00063,0.12901,0.00082,0.70422,-0.00012,0.70998,1,1,1,1
1765409522.944653,-0.01377,-0.03247,0.01499,0.00049,0.00043,-0.00059,0.57594,-0.00063,0.12901,0.00082,0.70422,-0.00012,0.70998,1,1,1,1
1765409522.946657,-0.03055,0.00767,-0.00823,-0.00011,-0.00052,0.00034,0.57594,-0.00063,0.12901,0.00082,0.70422,-0.00012,0.70998,1,1,1,1
1765409522.948674,0.01517,-0.00154,0.01416,0.00044,0.00083,-0.00009,0.57594,-0.00063,0.12901,0.00082,0.70422,-0.00012,0.70998,1,1,1,1
1765409522.950667,-0.03008,0.00694,-0.04628,-0.00078,0.00011,0.00031,0.57594,-0.00063,0.12901,0.00082,0.70422,-0.00012,0.70998,1,1,1,1
1765409522.952657,0.02190,0.01055,0.03690,-0.00204,-0.00002,0.00019,0.57594,-0.00063,0.12901,0.00082,0.70422,-0.00012,0.70998,1,1,1,1
1765409522.954654,-0.03248,0.01930,0.04498,-0.00281,-0.00063,0.00106,0.57594,-0.00063,0.12901,0.00082,0.70422,-0.00012,0.70998,1,1,1,1
1765409522.956754,0.03261,-0.00663,0.02176,0.00016,0.00049,-0.00037,0.57594,-0.00063,0.12901,0.00082,0.70422,-0.00012,0.70998,1,1,1,1
1765409522.958681,-0.00566,0.02699,-0.00097,-0.00009,-0.00096,0.00099,0.57594,-0.00063,0.12901,0.00082,0.70422,-0.00012,0.70998,1,1,1,1
1765409522.962697,-0.02523,0.01998,-0.00853,-0.00106,-0.00098,0.00020,0.57594,-0.00063,0.12901,0.00082,0.70422,-0.00012,0.70998,1,1,1,1
1765409522.964715,0.02791,0.00051,-0.01629,0.00024,0.00080,0.00000,0.57594,-0.00063,0.12901,0.00082,0.70422,-0.00012,0.70998,1,1,1,1
1765409522.966688,-0.00992,0.00941,-0.00082,0.00013,-0.00014,0.00046,0.57594,-0.00063,0.12901,0.00082,0.70422,-0.00012,0.70998,1,1,1,1
1765409522.968709,0.02789,-0.00379,0.03697,0.00063,0.00029,-0.00022,0.57594,-0.00063,0.12901,0.00082,0.70422,-0.00012,0.70998,1,1,1,1
1765409522.970684,0.01002,-0.01274,-0.02350,0.00183,0.00001,-0.00038,0.57594,-0.00063,0.12901,0.00082,0.70422,-0.00012,0.70998,1,1,1,1
1765409522.972683,-0.02003,0.01784,-0.00100,-0.00152,-0.00156,-0.00033,0.57594,-0.00063,0.12901,0.00082,0.70422,-0.00012,0.70998,1,1,1,1
1765409522.974679,-0.00095,-0.03012,0.01479,0.00052,0.00027,-0.00087,0.57594,-0.00063,0.12901,0.00082,0.70422,-0.00012,0.70998,1,1,1,1
1765409522.976707,0.00332,0.01577,0.00664,-0.00088,0.00034,0.00085,0.57594,-0.00063,0.12901,0.00082,0.70422,-0.00012,0.70998,1,1,1,1
1765409522.978683,0.01469,-0.02076,-0.00042,0.00108,0.00034,0.00004,0.57594,-0.00063,0.12901,0.00082,0.70422,-0.00012,0.70998,1,1,1,1
1765409522.980730,0.02279,0.03120,-0.00088,-0.00310,-0.00206,0.00124,0.57594,-0.00063,0.12901,0.00082,0.70422,-0.00012,0.70998,1,1,1,1
1765409522.982696,-0.02363,-0.01734,0.01475,0.00155,0.00054,-0.00018,0.57594,-0.00063,0.12901,0.00082,0.70422,-0.00012,0.70998,1,1,1,1
1765409522.984711,0.01670,-0.00142,-0.03127,-0.00087,0.00005,-0.00013,0.57594,-0.00063,0.12901,0.00082,0.70422,-0.00012,0.70998,1,1,1,1
1765409522.986712,-0.01036,-0.00528,0.00696,0.00082,0.00013,0.00006,0.57594,-0.00063,0.12901,0.00082,0.70422,-0.00012,0.70998,1,1,1,1
1765409522.988720,-0.00649,-0.02831,-0.03061,0.00098,0.00112,0.00003,0.57594,-0.00063,0.12901,0.00082,0.70422,-0.00012,0.70998,1,1,1,1
1765409522.990710,-0.01320,-0.00321,0.03720,-0.00046,0.00041,-0.00018,0.57594,-0.00063,0.12901,0.00082,0.70422,-0.00012,0.70998,1,1,1,1
1765409522.992713,-0.00930,-0.00081,-0.01582,-0.00043,0.00012,0.00032,0.57594,-0.00063,0.12901,0.00082,0.70422,-0.00012,0.70998,1,1,1,1
1765409522.994691,-0.00198,0.01418,-0.01626,0.00062,0.00001,0.00030,0.57594,-0.00063,0.12901,0.00082,0.70422,-0.00012,0.70998,1,1,1,1
1765409522.996723,0.01199,-0.00355,-0.01588,-0.00046,-0.00014,0.00016,0.57594,-0.00063,0.12901,0.00082,0.70422,-0.00012,0.70998,1,1,1,1
1765409522.998734,0.00698,0.00355,0.02940,0.00006,0.00067,0.00020,0.57594,-0.00063,0.12901,0.00082,0.70422,-0.00012,0.70998,1,1,1,1
1765409523.000712,-0.00949,-0.02038,-0.00802,0.00020,0.00038,-0.00035,0.57594,-0.00063,0.12901,0.00082,0.70422,-0.00012,0.70998,1,1,1,1
1765409523.002717,0.00825,0.00363,-0.02365,-0.00103,0.00003,0.00016,0.57594,-0.00063,0.12901,0.00082,0.70422,-0.00012,0.70998,1,1,1,1
1765409523.004717,0.00239,-0.00809,0.01449,0.00079,0.00023,-0.00008,0.57594,-0.00063,0.12901,0.00082,0.70422,-0.00012,0.70998,1,1,1,1
1765409523.006742,-0.00925,0.00078,-0.01593,0.00046,-0.00142,-0.00049,0.57594,-0.00063,0.12901,0.00082,0.70422,-0.00012,0.70998,1,1,1,1
1765409523.008794,0.00235,0.01594,-0.00136,0.00043,0.00084,0.00004,0.57594,-0.00063,0.12901,0.00082,0.70422,-0.00012,0.70998,1,1,1,1
1765409523.010751,0.02416,0.00903,-0.03163,0.00034,-0.00043,-0.00041,0.57594,-0.00063,0.12901,0.00082,0.70422,-0.00012,0.70998,1,1,1,1
1765409523.012721,-0.00509,0.02107,-0.03163,-0.00060,0.00030,0.00029,0.57594,-0.00063,0.12901,0.00082,0.70422,-0.00012,0.70998,1,1,1,1
1765409523.015450,0.02007,0.00153,-0.03867,-0.00018,-0.00062,0.00040,0.57594,-0.00063,0.12901,0.00082,0.70422,-0.00012,0.70998,1,1,1,1
1765409523.016730,0.01535,0.00446,-0.00844,0.00051,-0.00070,0.00016,0.57594,-0.00063,0.12901,0.00082,0.70422,-0.00012,0.70998,1,1,1,1
1765409523.018721,0.01524,0.01353,0.01384,0.00040,0.00043,-0.00010,0.57594,-0.00063,0.12901,0.00082,0.70422,-0.00012,0.70998,1,1,1,1
1765409523.020729,0.00579,0.00421,-0.00078,0.00116,0.00006,0.00058,0.57594,-0.00063,0.12901,0.00082,0.70422,-0.00012,0.70998,1,1,1,1
1765409523.022719,0.00203,0.00579,0.02172,0.00052,0.00124,0.00033,0.57594,-0.00063,0.12901,0.00082,0.70422,-0.00012,0.70998,1,1,1,1
1765409523.024718,-0.00490,0.00114,-0.00848,-0.00063,0.00069,0.00005,0.57594,-0.00063,0.12901,0.00082,0.70422,-0.00012,0.70998,1,1,1,1
1765409523.026715,0.01558,0.00379,0.01425,0.00006,0.00006,0.00018,0.57594,-0.00063,0.12901,0.00082,0.70422,-0.00012,0.70998,1,1,1,1
1765409523.028730,-0.00359,0.01196,-0.03139,-0.00137,-0.00086,-0.00024,0.57594,-0.00063,0.12901,0.00082,0.70422,-0.00012,0.70998,1,1,1,1
1765409523.030714,0.00199,0.01615,0.00660,0.00043,0.00035,0.00085,0.57594,-0.00063,0.12901,0.00082,0.70422,-0.00012,0.70998,1,1,1,1
1765409523.032729,-0.00139,0.00816,-0.03139,-0.00032,0.00103,0.00042,0.57594,-0.00063,0.12901,0.00082,0.70422,-0.00012,0.70998,1,1,1,1
1765409523.034729,-0.01505,0.01671,-0.01609,0.00066,0.00018,0.00085,0.57594,-0.00063,0.12901,0.00082,0.70422,-0.00012,0.70998,1,1,1,1
1765409523.036749,0.02078,0.01144,-0.00861,-0.00072,-0.00077,0.00016,0.57594,-0.00063,0.12901,0.00082,0.70422,-0.00012,0.70998,1,1,1,1
1765409523.038743,0.00378,-0.00203,0.00699,-0.00001,-0.00157,-0.00021,0.57594,-0.00063,0.12901,0.00082,0.70422,-0.00012,0.70998,1,1,1,1
1765409523.040743,0.01579,0.00433,-0.00843,0.00007,-0.00070,0.00016,0.57594,-0.00063,0.12901,0.00082,0.70422,-0.00012,0.70998,1,1,1,1
1765409523.042778,-0.00081,0.00839,-0.04650,-0.00076,0.00052,0.00041,0.57594,-0.00063,0.12901,0.00082,0.70422,-0.00012,0.70998,1,1,1,1
1765409523.044751,0.01647,0.00843,-0.00092,-0.00097,-0.00008,0.00043,0.57594,-0.00063,0.12901,0.00082,0.70422,-0.00012,0.70998,1,1,1,1
1765409523.046769,-0.00512,-0.00314,-0.00821,-0.00024,-0.00006,0.00018,0.57594,-0.00063,0.12901,0.00082,0.70422,-0.00012,0.70998,1,1,1,1
1765409523.048734,0.00404,-0.01318,0.00700,-0.00058,-0.00005,-0.00035,0.57594,-0.00063,0.12901,0.00082,0.70422,-0.00012,0.70998,1,1,1,1
1765409523.050837,0.00205,0.00647,-0.01614,0.00075,0.00035,0.00030,0.57594,-0.00063,0.12901,0.00082,0.70422,-0.00012,0.70998,1,1,1,1
1765409523.052746,-0.01376,0.00784,-0.04657,0.00055,-0.00086,-0.00051,0.57594,-0.00063,0.12901,0.00082,0.70422,-0.00012,0.70998,1,1,1,1
1765409523.054772,-0.00121,-0.00054,-0.00840,0.00023,-0.00012,-0.00009,0.57594,-0.00063,0.12901,0.00082,0.70422,-0.00012,0.70998,1,1,1,1
1765409523.056758,0.01524,0.01353,0.01384,0.00040,0.00043,-0.00010,0.57594,-0.00063,0.12901,0.00082,0.70422,-0.00012,0.70998,1,1,1,1
1765409523.058758,-0.01504,-0.01716,-0.04597,0.00155,-0.00006,-0.00024,0.57594,-0.00063,0.12901,0.00082,0.70422,-0.00012,0.70998,1,1,1,1
1765409523.060755,0.01559,-0.00119,0.01443,0.00000,0.00007,0.00031,0.57594,-0.00063,0.12901,0.00082,0.70422,-0.00012,0.70998,1,1,1,1
1765409523.062754,-0.00608,-0.00307,-0.00068,0.00063,0.00020,0.00019,0.57594,-0.00063,0.12901,0.00082,0.70422,-0.00012,0.70998,1,1,1,1
1765409523.064750,0.01224,0.00147,-0.00843,-0.00062,-0.00028,0.00003,0.57594,-0.00063,0.12901,0.00082,0.70422,-0.00012,0.70998,1,1,1,1
1765409523.066755,0.02025,0.00643,-0.03144,-0.00012,-0.00038,-0.00013,0.57594,-0.00063,0.12901,0.00082,0.70422,-0.00012,0.70998,1,1,1,1
1765409523.068758,-0.00123,0.00360,-0.00076,-0.00038,0.00052,0.00059,0.57594,-0.00063,0.12901,0.00082,0.70422,-0.00012,0.70998,1,1,1,1
1765409523.070766,-0.01458,-0.01722,-0.00038,0.00112,-0.00007,-0.00020,0.57594,-0.00063,0.12901,0.00082,0.70422,-0.00012,0.70998,1,1,1,1
1765409523.072755,-0.02227,0.00148,-0.03123,-0.00019,0.00090,0.00004,0.57594,-0.00063,0.12901,0.00082,0.70422,-0.00012,0.70998,1,1,1,1
1765409523.074789,-0.01817,-0.00972,-0.01551,0.00033,-0.00053,0.00019,0.57594,-0.00063,0.12901,0.00082,0.70422,-0.00012,0.70998,1,1,1,1
1765409523.076768,-0.00091,-0.01102,-0.01570,-0.00034,0.00040,0.00017,0.57594,-0.00063,0.12901,0.00082,0.70422,-0.00012,0.70998,1,1,1,1
1765409523.078764,-0.00200,0.00359,0.01419,0.00050,0.00103,0.00019,0.57594,-0.00063,0.12901,0.00082,0.70422,-0.00012,0.70998,1,1,1,1
1765409523.080787,0.01597,0.00416,-0.01604,-0.00015,-0.00058,0.00016,0.57594,-0.00063,0.12901,0.00082,0.70422,-0.00012,0.70998,1,1,1,1
1765409523.082776,-0.00125,0.00362,-0.03131,-0.00016,0.00065,0.00016,0.57594,-0.00063,0.12901,0.00082,0.70422,-0.00012,0.70998,1,1,1,1
1765409523.084805,0.02546,-0.00075,-0.01596,-0.00087,-0.00107,-0.00012,0.57594,-0.00063,0.12901,0.00082,0.70422,-0.00012,0.70998,1,1,1,1
1765409523.086862,0.01177,0.00097,0.02165,-0.00019,0.00073,-0.00035,0.57594,-0.00063,0.12901,0.00082,0.70422,-0.00012,0.70998,1,1,1,1
1765409523.088799,-0.01079,-0.00570,-0.03889,0.00126,0.00089,-0.00038,0.57594,-0.00063,0.12901,0.00082,0.70422,-0.00012,0.70998,1,1,1,1
1765409523.090791,-0.00537,0.01166,-0.00083,-0.00028,-0.00019,0.00059,0.57594,-0.00063,0.12901,0.00082,0.70422,-0.00012,0.70998,1,1,1,1
1765409523.092785,-0.01479,0.00928,0.02982,-0.00315,-0.00097,0.00050,0.57594,-0.00063,0.12901,0.00082,0.70422,-0.00012,0.70998,1,1,1,1
1765409523.094784,0.01598,0.00419,0.00675,-0.00015,-0.00058,0.00017,0.57594,-0.00063,0.12901,0.00082,0.70422,-0.00012,0.70998,1,1,1,1
1765409523.096790,0.02440,0.00839,0.01385,-0.00010,0.00032,-0.00037,0.57594,-0.00063,0.12901,0.00082,0.70422,-0.00012,0.70998,1,1,1,1
1765409523.098819,0.00791,-0.00511,0.00689,-0.00005,-0.00086,-0.00035,0.57594,-0.00063,0.12901,0.00082,0.70422,-0.00012,0.70998,1,1,1,1
1765409523.100853,0.01480,0.00366,-0.00861,0.00072,0.00045,0.00016,0.57594,-0.00063,0.12901,0.00082,0.70422,-0.00012,0.70998,1,1,1,1
1765409523.102792,0.01491,-0.00039,-0.00828,0.00089,-0.00069,0.00030,0.57594,-0.00063,0.12901,0.00082,0.70422,-0.00012,0.70998,1,1,1,1
1765409523.104802,-0.02217,-0.00250,-0.01588,0.00020,-0.00012,-0.00021,0.57594,-0.00063,0.12901,0.00082,0.70422,-0.00012,0.70998,1,1,1,1
1765409523.106801,0.00341,0.00190,-0.01598,-0.00018,-0.00043,0.00003,0.57594,-0.00063,0.12901,0.00082,0.70422,-0.00012,0.70998,1,1,1,1
1765409523.108809,0.02071,0.00130,-0.00069,-0.00084,-0.00050,0.00043,0.57594,-0.00063,0.12901,0.00082,0.70422,-0.00012,0.70998,1,1,1,1
1765409523.110816,-0.00952,0.00488,-0.01591,0.00007,-0.00065,0.00018,0.57594,-0.00063,0.12901,0.00082,0.70422,-0.00012,0.70998,1,1,1,1
1765409523.112792,-0.01041,0.02382,0.00594,0.00074,0.00086,-0.00035,0.57594,-0.00063,0.12901,0.00082,0.70422,-0.00012,0.70998,1,1,1,1
1765409523.114811,-0.01714,-0.00583,-0.01596,-0.00071,0.00058,-0.00035,0.57594,-0.00063,0.12901,0.00082,0.70422,-0.00012,0.70998,1,1,1,1
1765409523.116804,0.00320,0.00629,0.01429,-0.00034,0.00021,0.00032,0.57594,-0.00063,0.12901,0.00082,0.70422,-0.00012,0.70998,1,1,1,1
1765409523.118847,0.01906,0.00647,0.02182,0.00075,-0.00011,0.00031,0.57594,-0.00063,0.12901,0.00082,0.70422,-0.00012,0.70998,1,1,1,1
1765409523.120806,-0.00462,-0.00794,-0.00833,-0.00030,-0.00008,-0.00049,0.57594,-0.00063,0.12901,0.00082,0.70422,-0.00012,0.70998,1,1,1,1
1765409523.122857,0.01612,-0.00165,-0.01616,-0.00044,0.00056,-0.00012,0.57594,-0.00063,0.12901,0.00082,0.70422,-0.00012,0.70998,1,1,1,1
1765409523.124812,0.02924,0.00144,0.00674,-0.00062,-0.00074,0.00003,0.57594,-0.00063,0.12901,0.00082,0.70422,-0.00012,0.70998,1,1,1,1
1765409523.126841,0.01654,-0.00625,0.00707,-0.00093,-0.00019,0.00045,0.57594,-0.00063,0.12901,0.00082,0.70422,-0.00012,0.70998,1,1,1,1
1765409523.128834,0.00788,-0.00096,-0.01602,-0.00043,-0.00010,-0.00010,0.57594,-0.00063,0.12901,0.00082,0.70422,-0.00012,0.70998,1,1,1,1
1765409523.130838,0.00678,0.00872,0.00627,0.00056,0.00066,-0.00036,0.57594,-0.00063,0.12901,0.00082,0.70422,-0.00012,0.70998,1,1,1,1
1765409523.132838,-0.01410,-0.00307,-0.00064,0.00020,0.00030,0.00020,0.57594,-0.00063,0.12901,0.00082,0.70422,-0.00012,0.70998,1,1,1,1
1765409523.134842,0.00710,0.00385,-0.03130,0.00006,0.00017,0.00015,0.57594,-0.00063,0.12901,0.00082,0.70422,-0.00012,0.70998,1,1,1,1
1765409523.136833,0.00628,0.00364,0.02177,0.00072,0.00081,0.00019,0.57594,-0.00063,0.12901,0.00082,0.70422,-0.00012,0.70998,1,1,1,1
1765409523.138838,0.00676,0.00779,-0.00092,-0.00032,0.00119,0.00084,0.57594,-0.00063,0.12901,0.00082,0.70422,-0.00012,0.70998,1,1,1,1
1765409523.140823,0.01583,0.00377,-0.02370,-0.00016,-0.00007,0.00015,0.57594,-0.00063,0.12901,0.00082,0.70422,-0.00012,0.70998,1,1,1,1
1765409523.142833,-0.00868,0.02503,-0.01634,-0.00056,-0.00144,0.00004,0.57594,-0.00063,0.12901,0.00082,0.70422,-0.00012,0.70998,1,1,1,1
1765409523.144821,-0.00973,-0.02954,-0.02311,0.00097,-0.00013,-0.00089,0.57594,-0.00063,0.12901,0.00082,0.70422,-0.00012,0.70998,1,1,1,1
1765409523.146831,-0.01416,0.01646,-0.01606,-0.00022,0.00017,0.00085,0.57594,-0.00063,0.12901,0.00082,0.70422,-0.00012,0.70998,1,1,1,1
1765409523.148821,0.01938,-0.02786,0.02986,0.00121,0.00015,-0.00075,0.57594,-0.00063,0.12901,0.00082,0.70422,-0.00012,0.70998,1,1,1,1
1765409523.150840,-0.00271,0.02702,0.01445,-0.00271,-0.00201,0.00101,0.57594,-0.00063,0.12901,0.00082,0.70422,-0.00012,0.70998,1,1,1,1
1765409523.152842,-0.00092,-0.00109,-0.03884,-0.00022,0.00039,-0.00012,0.57594,-0.00063,0.12901,0.00082,0.70422,-0.00012,0.70998,1,1,1,1
1765409523.154843,-0.01099,0.01216,0.01466,-0.00268,-0.00152,0.00062,0.57594,-0.00063,0.12901,0.00082,0.70422,-0.00012,0.70998,1,1,1,1
1765409523.156848,0.01429,-0.00129,0.01414,0.00131,0.00084,-0.00009,0.57594,-0.00063,0.12901,0.00082,0.70422,-0.00012,0.70998,1,1,1,1
1765409523.158865,-0.00954,0.00490,-0.04646,0.00029,-0.00053,-0.00025,0.57594,-0.00063,0.12901,0.00082,0.70422,-0.00012,0.70998,1,1,1,1
1765409523.160846,0.02000,-0.01326,0.02950,0.00051,0.00013,-0.00075,0.57594,-0.00063,0.12901,0.00082,0.70422,-0.00012,0.70998,1,1,1,1
1765409523.162854,-0.01763,0.01952,-0.04665,-0.00041,-0.00044,0.00016,0.57594,-0.00063,0.12901,0.00082,0.70422,-0.00012,0.70998,1,1,1,1
1765409523.164846,0.03129,-0.01887,0.03015,-0.00261,-0.00075,0.00019,0.57594,-0.00063,0.12901,0.00082,0.70422,-0.00012,0.70998,1,1,1,1
1765409523.166844,-0.01689,0.00030,-0.03836,-0.00086,-0.00131,0.00031,0.57594,-0.00063,0.12901,0.00082,0.70422,-0.00012,0.70998,1,1,1,1
1765409523.168847,0.02777,0.00513,-0.00134,0.00030,0.00130,-0.00012,0.57594,-0.00063,0.12901,0.00082,0.70422,-0.00012,0.70998,1,1,1,1
1765409523.170843,-0.04036,0.01317,-0.03898,0.00148,-0.00029,-0.00022,0.57594,-0.00063,0.12901,0.00082,0.70422,-0.00012,0.70998,1,1,1,1
1765409523.172852,0.01934,0.00600,0.00640,0.00053,0.00052,-0.00010,0.57594,-0.00063,0.12901,0.00082,0.70422,-0.00012,0.70998,1,1,1,1
1765409523.174844,-0.03547,-0.00175,0.02250,-0.00285,-0.00174,-0.00016,0.57594,-0.00063,0.12901,0.00082,0.70422,-0.00012,0.70998,1,1,1,1
1765409523.176845,0.02795,-0.02355,-0.02322,0.00061,0.00019,-0.00013,0.57594,-0.00063,0.12901,0.00082,0.70422,-0.00012,0.70998,1,1,1,1
1765409523.178840,-0.02982,0.00699,-0.03866,-0.00099,-0.00002,0.00032,0.57594,-0.00063,0.12901,0.00082,0.70422,-0.00012,0.70998,1,1,1,1
1765409523.180843,0.01865,-0.00379,0.01414,0.00128,0.00078,-0.00023,0.57594,-0.00063,0.12901,0.00082,0.70422,-0.00012,0.70998,1,1,1,1
1765409523.182865,-0.01366,0.02775,-0.02377,-0.00009,-0.00163,0.00058,0.57594,-0.00063,0.12901,0.00082,0.70422,-0.00012,0.70998,1,1,1,1
1765409523.184880,0.02267,-0.01142,0.02928,0.00163,0.00124,-0.00063,0.57594,-0.00063,0.12901,0.00082,0.70422,-0.00012,0.70998,1,1,1,1
1765409523.186909,-0.03598,0.00567,-0.00825,0.00117,-0.00046,0.00021,0.57594,-0.00063,0.12901,0.00082,0.70422,-0.00012,0.70998,1,1,1,1
1765409523.188867,0.02296,-0.00716,-0.03138,0.00080,0.00150,-0.00000,0.57594,-0.00063,0.12901,0.00082,0.70422,-0.00012,0.70998,1,1,1,1
1765409523.190873,-0.02646,0.02488,-0.04660,-0.00012,-0.00071,0.00044,0.57594,-0.00063,0.12901,0.00082,0.70422,-0.00012,0.70998,1,1,1,1
1765409523.192859,0.01454,-0.00618,0.01417,0.00125,0.00083,-0.00036,0.57594,-0.00063,0.12901,0.00082,0.70422,-0.00012,0.70998,1,1,1,1
1765409523.194875,-0.04598,-0.00123,-0.03073,-0.00088,-0.00148,-0.00019,0.57594,-0.00063,0.12901,0.00082,0.70422,-0.00012,0.70998,1,1,1,1
1765409523.196874,0.02349,0.00287,0.01406,0.00027,0.00111,0.00017,0.57594,-0.00063,0.12901,0.00082,0.70422,-0.00012,0.70998,1,1,1,1
1765409523.198873,-0.01459,-0.00236,-0.01593,0.00108,-0.00021,-0.00022,0.57594,-0.00063,0.12901,0.00082,0.70422,-0.00012,0.70998,1,1,1,1
1765409523.200861,0.02789,-0.00888,-0.00066,0.00035,0.00018,0.00029,0.57594,-0.00063,0.12901,0.00082,0.70422,-0.00012,0.70998,1,1,1,1
1765409523.202906,-0.02133,0.00766,-0.03874,-0.00055,-0.00089,-0.00009,0.57594,-0.00063,0.12901,0.00082,0.70422,-0.00012,0.70998,1,1,1,1
1765409523.204872,0.03186,0.01795,0.02908,0.00024,0.00037,0.00057,0.57594,-0.00063,0.12901,0.00082,0.70422,-0.00012,0.70998,1,1,1,1
1765409523.206872,-0.03509,-0.01858,-0.05347,0.00110,-0.00084,-0.00076,0.57594,-0.00063,0.12901,0.00082,0.70422,-0.00012,0.70998,1,1,1,1
1765409523.208874,0.04973,0.02261,0.02131,-0.00058,-0.00011,0.00041,0.57594,-0.00063,0.12901,0.00082,0.70422,-0.00012,0.70998,1,1,1,1
1765409523.210880,-0.02163,-0.00165,-0.02348,0.00021,-0.00115,-0.00062,0.57594,-0.00063,0.12901,0.00082,0.70422,-0.00012,0.70998,1,1,1,1
1765409523.212861,0.00287,0.01586,-0.01616,-0.00045,0.00034,0.00084,0.57594,-0.00063,0.12901,0.00082,0.70422,-0.00012,0.70998,1,1,1,1
1765409523.214861,-0.02207,-0.02131,-0.01553,0.00085,-0.00088,-0.00088,0.57594,-0.00063,0.12901,0.00082,0.70422,-0.00012,0.70998,1,1,1,1
1765409523.216891,0.00643,0.00639,0.06011,-0.00318,-0.00097,0.00037,0.57594,-0.00063,0.12901,0.00082,0.70422,-0.00012,0.70998,1,1,1,1
1765409523.218896,-0.01004,-0.02908,-0.06103,0.00141,-0.00063,-0.00092,0.57594,-0.00063,0.12901,0.00082,0.70422,-0.00012,0.70998,1,1,1,1
1765409523.220895,-0.02653,0.01980,-0.02385,0.00003,-0.00033,0.00019,0.57594,-0.00063,0.12901,0.00082,0.70422,-0.00012,0.70998,1,1,1,1
