ros_time_sec,fx,fy,fz,mx,my,mz,ee_x,ee_y,ee_z,ee_qx,ee_qy,ee_qz,ee_qw,tag_visible,tag_id,tag_roll(rad),tag_pitch(rad),tag_yaw(rad),tag_tx(m),tag_ty(m),tag_tz(m),fw_contact,ft_trigger
1765409425.591012,0.02141,0.02295,-0.01194,-0.00095,-0.00056,0.00040,0.56665,-0.00061,0.14056,0.00082,0.70705,-0.00011,0.70716,1,4,0,0
1765409425.592995,0.01606,0.01618,0.00346,0.00028,-0.00075,0.00042,0.56665,-0.00061,0.14056,0.00082,0.70705,-0.00011,0.70716,1,4,0,0
1765409425.595016,0.01111,0.01360,0.02599,0.00112,0.00006,-0.00010,0.56665,-0.00061,0.14056,0.00082,0.70705,-0.00011,0.70716,1,4,0,0
1765409425.597003,-0.01861,0.00719,-0.01143,0.00126,-0.00045,0.00031,0.56665,-0.00061,0.14056,0.00082,0.70705,-0.00011,0.70716,1,4,0,0
1765409425.599004,0.01049,0.01617,0.04925,-0.00235,-0.00145,0.00047,0.56665,-0.00061,0.14056,0.00082,0.70705,-0.00011,0.70716,1,4,0,0
1765409425.600998,0.01191,0.01730,0.04123,-0.00037,0.00095,0.00058,0.56665,-0.00061,0.14056,0.00082,0.70705,-0.00011,0.70716,1,4,0,0
1765409425.603006,0.00792,0.01167,0.01098,0.00044,-0.00079,-0.00024,0.56665,-0.00061,0.14056,0.00082,0.70705,-0.00011,0.70716,1,4,0,0
1765409425.605006,-0.00460,0.01373,0.01112,-0.00019,-0.00025,0.00031,0.56665,-0.00061,0.14056,0.00082,0.70705,-0.00011,0.70716,1,4,0,0
1765409425.607030,-0.00191,0.02552,0.04109,0.00083,0.00073,0.00059,0.56665,-0.00061,0.14056,0.00082,0.70705,-0.00011,0.70716,1,4,0,0
1765409425.609045,0.01526,0.02030,0.02605,0.00055,0.00040,0.00070,0.56665,-0.00061,0.14056,0.00082,0.70705,-0.00011,0.70716,1,4,0,0
1765409425.611032,0.00379,0.01833,0.00345,-0.00035,-0.00022,0.00056,0.56665,-0.00061,0.14056,0.00082,0.70705,-0.00011,0.70716,1,4,0,0
1765409425.613055,-0.00196,0.00202,-0.03446,0.00185,-0.00028,-0.00040,0.56665,-0.00061,0.14056,0.00082,0.70705,-0.00011,0.70716,1,4,0,0
1765409425.615027,0.01071,0.00401,-0.01955,0.00187,0.00007,-0.00067,0.56665,-0.00061,0.14056,0.00082,0.70705,-0.00011,0.70716,1,4,0,0
1765409425.617029,-0.01086,0.01210,-0.04206,0.00197,-0.00042,0.00014,0.56665,-0.00061,0.14056,0.00082,0.70705,-0.00011,0.70716,1,4,0,0
1765409425.619014,0.00703,0.03053,0.01781,0.00088,0.00060,-0.00038,0.56665,-0.00061,0.14056,0.00082,0.70705,-0.00011,0.70716,1,4,0,0
1765409425.621008,0.00378,0.00846,-0.01173,-0.00004,0.00003,0.00002,0.56665,-0.00061,0.14056,0.00082,0.70705,-0.00011,0.70716,1,4,0,0
1765409425.623019,0.01616,0.00596,-0.01177,0.00037,-0.00012,-0.00013,0.56665,-0.00061,0.14056,0.00082,0.70705,-0.00011,0.70716,1,4,0,0
1765409425.625019,0.01200,0.00330,0.01136,-0.00010,-0.00005,0.00057,0.56665,-0.00061,0.14056,0.00082,0.70705,-0.00011,0.70716,1,4,0,0
1765409425.627008,0.02755,0.01755,-0.01200,0.00095,0.00051,0.00052,0.56665,-0.00061,0.14056,0.00082,0.70705,-0.00011,0.70716,1,4,0,0
1765409425.629014,-0.00014,0.01632,0.04170,-0.00060,-0.00080,0.00087,0.56665,-0.00061,0.14056,0.00082,0.70705,-0.00011,0.70716,1,4,0,0
1765409425.631014,-0.00485,-0.00607,0.03425,0.00022,0.00015,0.00006,0.56665,-0.00061,0.14056,0.00082,0.70705,-0.00011,0.70716,1,4,0,0
1765409425.633033,-0.00490,0.00924,-0.00384,0.00019,-0.00074,0.00044,0.56665,-0.00061,0.14056,0.00082,0.70705,-0.00011,0.70716,1,4,0,0
1765409425.635030,0.01237,0.00925,0.01895,-0.00003,-0.00133,0.00044,0.56665,-0.00061,0.14056,0.00082,0.70705,-0.00011,0.70716,1,4,0,0
1765409425.637052,-0.01910,0.01152,-0.04212,0.00153,0.00044,0.00014,0.56665,-0.00061,0.14056,0.00082,0.70705,-0.00011,0.70716,1,4,0,0
1765409425.639025,0.01647,0.01041,0.01096,-0.00023,0.00026,0.00015,0.56665,-0.00061,0.14056,0.00082,0.70705,-0.00011,0.70716,1,4,0,0
1765409425.641046,0.00618,-0.00336,-0.02661,0.00179,-0.00011,0.00014,0.56665,-0.00061,0.14056,0.00082,0.70705,-0.00011,0.70716,1,4,0,0
1765409425.643044,0.01196,0.00889,0.01868,0.00041,-0.00057,0.00003,0.56665,-0.00061,0.14056,0.00082,0.70705,-0.00011,0.70716,1,4,0,0
1765409425.645065,0.02354,0.02541,0.04847,0.00104,0.00029,0.00017,0.56665,-0.00061,0.14056,0.00082,0.70705,-0.00011,0.70716,1,4,0,0
1765409425.647061,0.03297,0.02019,0.04886,-0.00011,-0.00019,0.00070,0.56665,-0.00061,0.14056,0.00082,0.70705,-0.00011,0.70716,1,4,0,0
1765409425.649070,0.00201,-0.00592,-0.01902,0.00175,0.00019,0.00001,0.56665,-0.00061,0.14056,0.00082,0.70705,-0.00011,0.70716,1,4,0,0
1765409425.651047,0.00361,0.00360,0.00382,-0.00010,-0.00021,0.00057,0.56665,-0.00061,0.14056,0.00082,0.70705,-0.00011,0.70716,1,4,0,0
1765409425.653068,0.01115,0.01299,0.01849,0.00067,0.00058,0.00030,0.56665,-0.00061,0.14056,0.00082,0.70705,-0.00011,0.70716,1,4,0,0
1765409425.655079,-0.00680,0.00676,0.04208,-0.00202,-0.00148,0.00075,0.56665,-0.00061,0.14056,0.00082,0.70705,-0.00011,0.70716,1,4,0,0
1765409425.657063,-0.01373,0.00847,0.00343,0.00040,0.00075,0.00004,0.56665,-0.00061,0.14056,0.00082,0.70705,-0.00011,0.70716,1,4,0,0
1765409425.659055,0.02727,0.01811,0.01844,0.00139,0.00000,0.00055,0.56665,-0.00061,0.14056,0.00082,0.70705,-0.00011,0.70716,1,4,0,0
1765409425.661066,-0.00143,0.00197,-0.02648,0.00098,-0.00078,0.00042,0.56665,-0.00061,0.14056,0.00082,0.70705,-0.00011,0.70716,1,4,0,0
1765409425.663066,-0.00085,0.01028,0.04130,-0.00002,0.00110,0.00019,0.56665,-0.00061,0.14056,0.00082,0.70705,-0.00011,0.70716,1,4,0,0
1765409425.665055,0.03259,0.01055,0.01108,0.00043,-0.00031,0.00054,0.56665,-0.00061,0.14056,0.00082,0.70705,-0.00011,0.70716,1,4,0,0
1765409425.667059,-0.00533,-0.00110,-0.05709,0.00072,0.00015,-0.00014,0.56665,-0.00061,0.14056,0.00082,0.70705,-0.00011,0.70716,1,4,0,0
1765409425.669072,0.00657,0.01362,0.04167,-0.00260,-0.00127,0.00033,0.56665,-0.00061,0.14056,0.00082,0.70705,-0.00011,0.70716,1,4,0,0
1765409425.671052,0.01626,0.00986,0.03364,-0.00024,0.00102,0.00017,0.56665,-0.00061,0.14056,0.00082,0.70705,-0.00011,0.70716,1,4,0,0
1765409425.673067,0.00291,0.00369,-0.00381,0.00056,-0.00007,0.00056,0.56665,-0.00061,0.14056,0.00082,0.70705,-0.00011,0.70716,1,4,0,0
1765409425.675070,0.01200,0.00836,0.02620,0.00018,0.00006,0.00004,0.56665,-0.00061,0.14056,0.00082,0.70705,-0.00011,0.70716,1,4,0,0
1765409425.677078,0.00422,0.01830,-0.01207,-0.00036,0.00002,-0.00026,0.56665,-0.00061,0.14056,0.00082,0.70705,-0.00011,0.70716,1,4,0,0
1765409425.679063,0.00645,0.00660,-0.01157,0.00147,-0.00037,0.00028,0.56665,-0.00061,0.14056,0.00082,0.70705,-0.00011,0.70716,1,4,0,0
1765409425.681070,-0.00094,-0.00359,-0.00375,0.00047,-0.00002,0.00016,0.56665,-0.00061,0.14056,0.00082,0.70705,-0.00011,0.70716,1,4,0,0
1765409425.683078,-0.00068,0.01135,0.01110,0.00022,-0.00029,0.00017,0.56665,-0.00061,0.14056,0.00082,0.70705,-0.00011,0.70716,1,4,0,0
1765409425.685073,0.02527,0.01544,0.01858,-0.00061,-0.00035,0.00042,0.56665,-0.00061,0.14056,0.00082,0.70705,-0.00011,0.70716,1,4,0,0
1765409425.687069,0.02853,0.03746,0.05588,0.00010,0.00009,0.00044,0.56665,-0.00061,0.14056,0.00082,0.70705,-0.00011,0.70716,1,4,0,0
1765409425.689072,0.00547,0.00098,0.01121,0.00206,0.00079,0.00043,0.56665,-0.00061,0.14056,0.00082,0.70705,-0.00011,0.70716,1,4,0,0
1765409425.691077,-0.00030,0.00108,0.01903,-0.00035,-0.00003,0.00045,0.56665,-0.00061,0.14056,0.00082,0.70705,-0.00011,0.70716,1,4,0,0
1765409425.693089,0.01609,0.02051,-0.02701,-0.00011,-0.00024,0.00066,0.56665,-0.00061,0.14056,0.00082,0.70705,-0.00011,0.70716,1,4,0,0
1765409425.695078,0.00725,0.01540,0.04129,0.00027,0.00062,0.00045,0.56665,-0.00061,0.14056,0.00082,0.70705,-0.00011,0.70716,1,4,0,0
1765409425.697083,0.01997,0.02747,0.00271,0.00041,0.00071,-0.00013,0.56665,-0.00061,0.14056,0.00082,0.70705,-0.00011,0.70716,1,4,0,0
1765409425.699092,0.01086,0.02330,-0.00425,0.00080,-0.00018,0.00082,0.56665,-0.00061,0.14056,0.00082,0.70705,-0.00011,0.70716,1,4,0,0
1765409425.701088,-0.00020,0.00568,-0.00398,-0.00051,0.00034,0.00030,0.56665,-0.00061,0.14056,0.00082,0.70705,-0.00011,0.70716,1,4,0,0
1765409425.703089,0.00779,0.00127,0.01143,0.00009,-0.00038,0.00044,0.56665,-0.00061,0.14056,0.00082,0.70705,-0.00011,0.70716,1,4,0,0
1765409425.705123,-0.00402,-0.00077,0.01881,-0.00015,-0.00038,-0.00049,0.56665,-0.00061,0.14056,0.00082,0.70705,-0.00011,0.70716,1,4,0,0
1765409425.707087,0.00833,-0.00414,0.00381,-0.00041,0.00012,0.00016,0.56665,-0.00061,0.14056,0.00082,0.70705,-0.00011,0.70716,1,4,0,0
1765409425.709128,0.01116,0.02783,0.03349,0.00042,0.00032,0.00071,0.56665,-0.00061,0.14056,0.00082,0.70705,-0.00011,0.70716,1,4,0,0
1765409425.711099,0.02423,0.02530,0.03332,0.00039,0.00015,0.00016,0.56665,-0.00061,0.14056,0.00082,0.70705,-0.00011,0.70716,1,4,0,0
1765409425.713105,0.00343,0.01867,0.01866,0.00009,-0.00047,0.00058,0.56665,-0.00061,0.14056,0.00082,0.70705,-0.00011,0.70716,1,4,0,0
1765409425.715095,0.02364,0.02993,0.01044,0.00066,0.00054,0.00041,0.56665,-0.00061,0.14056,0.00082,0.70705,-0.00011,0.70716,1,4,0,0
1765409425.717124,-0.00443,0.01859,-0.00444,-0.00014,-0.00001,-0.00024,0.56665,-0.00061,0.14056,0.00082,0.70705,-0.00011,0.70716,1,4,0,0
1765409425.719093,0.01048,0.01378,-0.00422,0.00156,-0.00017,0.00028,0.56665,-0.00061,0.14056,0.00082,0.70705,-0.00011,0.70716,1,4,0,0
1765409425.721102,-0.00171,0.02104,-0.00420,0.00077,-0.00003,0.00070,0.56665,-0.00061,0.14056,0.00082,0.70705,-0.00011,0.70716,1,4,0,0
1765409425.723114,0.02406,0.00053,0.01903,0.00031,0.00006,0.00083,0.56665,-0.00061,0.14056,0.00082,0.70705,-0.00011,0.70716,1,4,0,0
1765409425.725131,0.01965,0.02221,0.01060,0.00035,0.00098,0.00041,0.56665,-0.00061,0.14056,0.00082,0.70705,-0.00011,0.70716,1,4,0,0
1765409425.727110,0.00636,0.02055,0.02606,0.00098,0.00051,0.00071,0.56665,-0.00061,0.14056,0.00082,0.70705,-0.00011,0.70716,1,4,0,0
1765409425.729132,0.00852,0.01548,-0.01176,-0.00083,-0.00002,0.00041,0.56665,-0.00061,0.14056,0.00082,0.70705,-0.00011,0.70716,1,4,0,0
1765409425.731376,0.00820,0.02030,0.03358,-0.00055,0.00035,0.00031,0.56665,-0.00061,0.14056,0.00082,0.70705,-0.00011,0.70716,1,4,0,0
1765409425.733173,-0.00639,0.00589,0.03439,-0.00269,-0.00059,0.00074,0.56665,-0.00061,0.14056,0.00082,0.70705,-0.00011,0.70716,1,4,0,0
1765409425.735182,0.01990,0.01362,0.01101,0.00068,-0.00054,0.00029,0.56665,-0.00061,0.14056,0.00082,0.70705,-0.00011,0.70716,1,4,0,0
1765409425.737143,0.01233,0.02838,0.01829,-0.00023,-0.00059,0.00030,0.56665,-0.00061,0.14056,0.00082,0.70705,-0.00011,0.70717,1,4,0,0
1765409425.739152,0.00684,0.00627,0.02656,0.00081,-0.00025,0.00072,0.56666,-0.00061,0.14056,0.00082,0.70705,-0.00011,0.70717,1,4,0,0
1765409425.741138,0.01850,0.01251,-0.00446,0.00154,0.00125,0.00027,0.56666,-0.00061,0.14056,0.00082,0.70705,-0.00011,0.70717,1,4,0,0
1765409425.743140,0.01644,0.01582,0.01880,-0.00038,-0.00062,0.00084,0.56666,-0.00061,0.14056,0.00082,0.70705,-0.00011,0.70717,1,4,0,0
1765409425.745249,0.01470,0.01573,-0.01931,0.00115,0.00004,0.00080,0.56666,-0.00061,0.14056,0.00082,0.70705,-0.00011,0.70717,1,4,0,0
1765409425.747142,-0.01029,0.00659,-0.03415,0.00103,-0.00016,0.00069,0.56666,-0.00061,0.14056,0.00082,0.70705,-0.00011,0.70717,1,4,0,0
1765409425.749127,-0.00182,-0.00831,-0.00360,0.00129,-0.00001,0.00030,0.56666,-0.00061,0.14056,0.00082,0.70705,-0.00011,0.70717,1,4,0,0
1765409425.751159,0.01636,0.02059,0.00339,-0.00033,-0.00037,0.00069,0.56666,-0.00061,0.14056,0.00082,0.70705,-0.00011,0.70717,1,4,0,0
1765409425.753149,-0.01458,-0.00298,0.04959,-0.00214,-0.00114,-0.00018,0.56666,-0.00061,0.14056,0.00082,0.70705,-0.00011,0.70717,1,4,0,0
1765409425.755152,0.03888,0.02219,-0.03481,-0.00162,-0.00039,0.00037,0.56666,-0.00061,0.14056,0.00082,0.70705,-0.00011,0.70717,1,4,0,0
1765409425.757141,-0.02073,0.00854,-0.03441,-0.00091,0.00033,0.00002,0.56666,-0.00061,0.14056,0.00082,0.70705,-0.00011,0.70717,1,4,0,0
1765409425.759140,0.02481,-0.00438,-0.03407,-0.00019,-0.00020,0.00052,0.56666,-0.00061,0.14056,0.00082,0.70705,-0.00011,0.70717,1,4,0,0
1765409425.761149,-0.00102,0.00110,-0.03417,0.00031,0.00011,0.00041,0.56666,-0.00061,0.14056,0.00082,0.70705,-0.00011,0.70717,1,4,0,0
1765409425.763154,0.01678,0.01056,-0.03456,-0.00045,-0.00012,0.00012,0.56666,-0.00061,0.14056,0.00082,0.70705,-0.00011,0.70717,1,4,0,0
1765409425.765151,-0.02311,-0.02976,-0.10163,0.00168,-0.00036,0.00025,0.56667,-0.00061,0.14057,0.00082,0.70704,-0.00011,0.70717,1,4,0,0
1765409425.767145,0.00072,-0.03729,-0.00997,-0.00081,-0.00178,0.00071,0.56667,-0.00061,0.14057,0.00082,0.70704,-0.00011,0.70717,1,4,0,0
1765409425.769136,0.01152,-0.02779,-0.07098,-0.00288,-0.00243,0.00039,0.56668,-0.00061,0.14057,0.00082,0.70703,-0.00011,0.70718,1,4,0,0
1765409425.771169,0.00839,-0.00893,-0.03413,-0.00025,-0.00001,-0.00014,0.56668,-0.00061,0.14057,0.00082,0.70703,-0.00011,0.70718,1,4,0,0
1765409425.773164,0.03763,-0.00260,-0.10289,-0.00017,0.00040,-0.00022,0.56670,-0.00061,0.14058,0.00082,0.70702,-0.00011,0.70720,1,4,0,0
1765409425.775172,0.00788,-0.08724,-0.07739,0.00055,-0.00069,0.00039,0.56670,-0.00061,0.14058,0.00082,0.70702,-0.00011,0.70720,1,4,0,0
1765409425.777183,-0.01396,-0.08402,-0.07731,0.00124,-0.00081,0.00055,0.56673,-0.00061,0.14060,0.00082,0.70700,-0.00011,0.70721,1,4,0,0
1765409425.779173,-0.00533,-0.06010,-0.01741,0.00088,-0.00005,0.00031,0.56673,-0.00061,0.14060,0.00082,0.70700,-0.00011,0.70721,1,4,0,0
1765409425.781165,0.01158,0.01279,-0.02707,0.00023,0.00058,0.00026,0.56692,-0.00061,0.14071,0.00082,0.70686,-0.00011,0.70736,1,4,0,0
1765409425.783187,0.04354,0.05164,-0.01328,0.00180,0.00104,-0.00004,0.56692,-0.00061,0.14071,0.00082,0.70686,-0.00011,0.70736,1,4,0,0
1765409425.785165,0.01480,0.05522,0.00977,0.00119,0.00024,0.00014,0.56692,-0.00061,0.14071,0.00082,0.70686,-0.00011,0.70736,1,4,0,0
1765409425.787580,-0.00344,0.09292,0.06252,-0.00163,-0.00121,0.00060,0.56692,-0.00061,0.14071,0.00082,0.70686,-0.00011,0.70736,1,4,0,0
1765409425.789177,-0.02558,0.07195,0.07063,-0.00014,-0.00144,0.00023,0.56692,-0.00061,0.14071,0.00082,0.70686,-0.00011,0.70736,1,4,0,0
1765409425.791163,0.03294,0.05416,0.06320,-0.00057,0.00029,0.00097,0.56692,-0.00061,0.14071,0.00082,0.70686,-0.00011,0.70736,1,4,0,0
1765409425.793163,0.02380,0.02546,0.05609,0.00083,0.00016,0.00018,0.56692,-0.00061,0.14071,0.00082,0.70686,-0.00011,0.70736,1,4,0,0
1765409425.795177,0.03309,0.08385,0.03174,-0.00043,0.00038,0.00013,0.56692,-0.00061,0.14071,0.00082,0.70686,-0.00011,0.70736,1,4,0,0
1765409425.797181,-0.01795,0.06092,-0.00519,0.00016,-0.00025,0.00043,0.56692,-0.00061,0.14071,0.00082,0.70686,-0.00011,0.70736,1,4,0,0
1765409425.799182,-0.03748,0.11774,-0.02931,-0.00156,-0.00044,0.00028,0.56692,-0.00061,0.14071,0.00082,0.70686,-0.00011,0.70736,1,4,0,0
1765409425.801178,-0.05072,0.03752,0.01847,-0.00035,-0.00098,0.00036,0.56695,-0.00061,0.14073,0.00082,0.70684,-0.00011,0.70738,1,4,0,0
1765409425.803176,-0.02149,-0.03988,-0.01023,0.00025,-0.00038,0.00019,0.56695,-0.00061,0.14073,0.00082,0.70684,-0.00011,0.70738,1,4,0,0
1765409425.805173,0.03716,-0.03598,0.00451,0.00074,-0.00059,0.00001,0.56699,-0.00061,0.14074,0.00082,0.70681,-0.00011,0.70740,1,4,0,0
1765409425.807231,0.06306,0.00711,0.01838,-0.00027,-0.00005,-0.00002,0.56699,-0.00061,0.14074,0.00082,0.70681,-0.00011,0.70740,1,4,0,0
1765409425.809199,0.00680,0.00805,0.07956,-0.00288,-0.00039,0.00009,0.56703,-0.00061,0.14076,0.00082,0.70680,-0.00011,0.70742,1,4,0,0
1765409425.811188,-0.01802,0.00116,-0.02656,0.00031,0.00056,0.00043,0.56703,-0.00061,0.14076,0.00082,0.70680,-0.00011,0.70742,1,4,0,0
1765409425.813204,-0.04180,0.01673,-0.07223,-0.00103,-0.00030,0.00042,0.56707,-0.00061,0.14077,0.00082,0.70678,-0.00011,0.70743,1,4,0,0
1765409425.815218,-0.01950,0.02458,-0.01135,-0.00203,-0.00197,0.00085,0.56707,-0.00061,0.14077,0.00082,0.70678,-0.00011,0.70743,1,4,0,0
1765409425.817197,0.00581,0.05256,-0.02016,-0.00234,-0.00065,0.00040,0.56711,-0.00061,0.14078,0.00082,0.70676,-0.00011,0.70745,1,4,0,0
1765409425.819198,0.03141,0.10301,0.02373,0.00046,0.00128,0.00079,0.56715,-0.00061,0.14079,0.00082,0.70676,-0.00011,0.70746,1,4,0,0
1765409425.821213,0.05032,0.07813,0.04700,-0.00094,0.00068,0.00026,0.56727,-0.00061,0.14078,0.00082,0.70677,-0.00011,0.70744,1,4,0,0
1765409425.823203,0.01597,0.00540,0.04147,0.00015,0.00052,0.00031,0.56727,-0.00061,0.14078,0.00082,0.70677,-0.00011,0.70744,1,4,0,0
1765409425.825202,-0.00492,-0.06954,0.01325,0.00076,-0.00056,0.00020,0.56732,-0.00061,0.14078,0.00082,0.70677,-0.00011,0.70744,1,4,0,0
1765409425.827202,-0.01531,-0.08538,0.05942,-0.00052,-0.00233,-0.00028,0.56732,-0.00061,0.14078,0.00082,0.70677,-0.00011,0.70744,1,4,0,0
1765409425.829207,-0.02189,0.00432,0.00395,0.00013,-0.00028,0.00059,0.56732,-0.00061,0.14078,0.00082,0.70677,-0.00011,0.70744,1,4,0,0
1765409425.831200,0.00410,0.05762,0.05548,-0.00075,-0.00001,0.00032,0.56732,-0.00061,0.14078,0.00082,0.70677,-0.00011,0.70744,1,4,0,0
1765409425.833203,0.03102,0.07864,0.00876,0.00147,0.00155,-0.00016,0.56732,-0.00061,0.14078,0.00082,0.70677,-0.00011,0.70744,1,4,0,0
1765409425.835205,0.06577,0.13738,0.05315,0.00000,0.00033,0.00064,0.56732,-0.00061,0.14078,0.00082,0.70677,-0.00011,0.70744,1,4,0,0
1765409425.837206,0.01565,0.03141,-0.05799,0.00111,-0.00089,-0.00044,0.56732,-0.00061,0.14078,0.00082,0.70677,-0.00011,0.70744,1,4,0,0
1765409425.839193,0.00682,0.01748,0.00361,0.00138,-0.00178,0.00043,0.56732,-0.00061,0.14078,0.00082,0.70677,-0.00011,0.70744,1,4,0,0
1765409425.841199,-0.03054,0.00458,-0.01120,0.00035,-0.00030,0.00059,0.56736,-0.00061,0.14078,0.00082,0.70677,-0.00011,0.70744,1,4,0,0
1765409425.843198,-0.04445,-0.00562,0.03493,-0.00261,-0.00050,0.00092,0.56736,-0.00061,0.14078,0.00082,0.70677,-0.00011,0.70744,1,4,0,0
1765409425.845208,-0.00516,-0.03533,-0.00312,0.00096,0.00004,-0.00036,0.56740,-0.00061,0.14078,0.00082,0.70677,-0.00011,0.70744,1,4,0,0
1765409425.847206,0.02849,-0.05130,0.01998,0.00077,0.00042,0.00003,0.56740,-0.00061,0.14078,0.00082,0.70677,-0.00011,0.70744,1,4,0,0
1765409425.849216,-0.00503,-0.01100,0.00422,0.00016,-0.00009,0.00058,0.56744,-0.00061,0.14077,0.00082,0.70678,-0.00011,0.70743,1,4,0,0
1765409425.851229,-0.01547,0.05172,0.01808,-0.00170,-0.00180,0.00032,0.56744,-0.00061,0.14077,0.00082,0.70678,-0.00011,0.70743,1,4,0,0
1765409425.853258,-0.04957,0.02233,0.00387,-0.00162,-0.00110,0.00076,0.56748,-0.00061,0.14076,0.00082,0.70679,-0.00011,0.70743,1,4,0,0
1765409425.855224,-0.01310,0.01800,-0.01177,-0.00058,0.00062,0.00057,0.56752,-0.00061,0.14076,0.00082,0.70679,-0.00011,0.70742,1,4,0,0
1765409425.857217,0.00154,0.01556,0.00374,-0.00235,-0.00057,0.00084,0.56752,-0.00061,0.14076,0.00082,0.70679,-0.00011,0.70742,1,4,0,0
1765409425.859236,0.00813,-0.01337,0.02705,-0.00008,-0.00063,0.00046,0.56768,-0.00061,0.14075,0.00082,0.70681,-0.00011,0.70740,1,4,0,0
1765409425.861229,0.03354,0.00056,-0.00386,-0.00035,-0.00044,0.00040,0.56768,-0.00061,0.14075,0.00082,0.70681,-0.00011,0.70740,1,4,0,0
1765409425.863231,0.03629,0.03742,0.04822,0.00075,0.00013,0.00042,0.56768,-0.00061,0.14075,0.00082,0.70681,-0.00011,0.70740,1,4,0,0
1765409425.865215,0.04167,0.05470,-0.01264,-0.00056,-0.00083,0.00091,0.56768,-0.00061,0.14075,0.00082,0.70681,-0.00011,0.70740,1,4,0,0
1765409425.867224,0.02406,-0.01935,0.01197,0.00028,0.00021,0.00096,0.56768,-0.00061,0.14075,0.00082,0.70681,-0.00011,0.70740,1,4,0,0
1765409425.869225,-0.00172,0.00925,0.11790,-0.00265,-0.00168,0.00054,0.56768,-0.00061,0.14075,0.00082,0.70681,-0.00011,0.70740,1,4,0,0
1765409425.871228,0.04090,0.03484,0.01803,0.00029,-0.00017,0.00067,0.56768,-0.00061,0.14075,0.00082,0.70681,-0.00011,0.70740,1,4,0,0
1765409425.873234,-0.00072,0.07019,0.03233,-0.00016,0.00004,0.00017,0.56768,-0.00061,0.14075,0.00082,0.70681,-0.00011,0.70740,1,4,0,0
1765409425.875243,-0.00193,0.07022,0.03224,0.00093,0.00043,0.00017,0.56768,-0.00061,0.14075,0.00082,0.70681,-0.00011,0.70740,1,4,0,0
1765409425.877226,-0.02264,0.04338,-0.02007,0.00060,0.00046,0.00029,0.56772,-0.00061,0.14075,0.00082,0.70682,-0.00011,0.70740,1,4,0,0
1765409425.879267,-0.00528,0.00890,0.04924,0.00040,-0.00011,0.00048,0.56772,-0.00061,0.14075,0.00082,0.70682,-0.00011,0.70740,1,4,0,0
1765409425.881239,0.01668,0.03077,0.00310,-0.00042,-0.00077,0.00042,0.56777,-0.00061,0.14074,0.00082,0.70682,-0.00011,0.70739,1,4,0,0
1765409425.883258,0.02852,0.01253,0.00343,0.00002,0.00025,0.00067,0.56777,-0.00061,0.14074,0.00082,0.70682,-0.00011,0.70739,1,4,0,0
1765409425.885247,-0.00200,0.00548,0.01104,0.00102,0.00125,0.00030,0.56781,-0.00061,0.14074,0.00082,0.70683,-0.00011,0.70738,1,4,0,0
1765409425.887271,0.00342,-0.00116,0.00384,0.00028,-0.00020,0.00030,0.56781,-0.00061,0.14074,0.00082,0.70683,-0.00011,0.70738,1,4,0,0
1765409425.889266,-0.03001,0.00420,-0.02677,0.00012,0.00031,-0.00023,0.56785,-0.00061,0.14073,0.00082,0.70684,-0.00011,0.70737,1,4,0,0
1765409425.891268,-0.01440,0.01417,-0.03447,0.00112,-0.00013,0.00028,0.56806,-0.00061,0.14071,0.00082,0.70688,-0.00011,0.70734,1,4,0,0
1765409425.893246,-0.00204,-0.00399,-0.01890,0.00112,0.00063,0.00055,0.56806,-0.00061,0.14071,0.00082,0.70688,-0.00011,0.70734,1,4,0,0
1765409425.895246,0.03391,-0.00974,-0.01872,-0.00091,-0.00018,0.00066,0.56806,-0.00061,0.14071,0.00082,0.70688,-0.00011,0.70734,1,4,0,0
1765409425.897250,0.00796,-0.01383,-0.02620,-0.00009,-0.00012,0.00041,0.56806,-0.00061,0.14071,0.00082,0.70688,-0.00011,0.70734,1,4,0,0
1765409425.899322,-0.02334,-0.00119,-0.02662,0.00137,0.00101,0.00030,0.56806,-0.00061,0.14071,0.00082,0.70688,-0.00011,0.70734,1,4,0,0
1765409425.901240,-0.01404,0.00812,-0.00388,0.00018,0.00090,0.00084,0.56806,-0.00061,0.14071,0.00082,0.70688,-0.00011,0.70734,1,4,0,0
1765409425.903293,-0.01424,0.02451,0.00339,0.00103,-0.00077,0.00045,0.56806,-0.00061,0.14071,0.00082,0.70688,-0.00011,0.70734,1,4,0,0
1765409425.905300,0.01660,0.02065,-0.01954,-0.00033,-0.00038,0.00026,0.56806,-0.00061,0.14071,0.00082,0.70688,-0.00011,0.70734,1,4,0,0
1765409425.907265,0.03307,0.00487,-0.00400,-0.00030,0.00033,0.00067,0.56806,-0.00061,0.14071,0.00082,0.70688,-0.00011,0.70734,1,4,0,0
1765409425.909300,0.03370,0.02449,0.01825,-0.00093,0.00030,0.00054,0.56806,-0.00061,0.14071,0.00082,0.70688,-0.00011,0.70734,1,4,0,0
1765409425.911284,0.01935,0.01282,0.01084,0.00089,0.00061,0.00028,0.56806,-0.00061,0.14071,0.00082,0.70688,-0.00011,0.70734,1,4,0,0
1765409425.913265,-0.01868,0.00701,-0.00387,0.00125,-0.00020,0.00031,0.56810,-0.00061,0.14070,0.00082,0.70689,-0.00011,0.70733,1,4,0,0
1765409425.915274,-0.03129,0.01017,-0.02653,0.00129,-0.00081,0.00044,0.56810,-0.00061,0.14070,0.00082,0.70689,-0.00011,0.70733,1,4,0,0
1765409425.917260,-0.01913,-0.00281,-0.03408,0.00179,-0.00006,0.00016,0.56814,-0.00061,0.14070,0.00082,0.70689,-0.00011,0.70732,1,4,0,0
1765409425.919259,0.01680,0.05025,0.01788,-0.00084,-0.00066,0.00069,0.56814,-0.00061,0.14070,0.00082,0.70689,-0.00011,0.70732,1,4,0,0
1765409425.921312,0.05771,0.02882,0.02526,0.00043,0.00101,-0.00002,0.56818,-0.00061,0.14070,0.00082,0.70689,-0.00011,0.70732,1,4,0,0
1765409425.923266,0.00742,0.01650,0.03388,0.00050,-0.00077,0.00045,0.56818,-0.00061,0.14070,0.00082,0.70689,-0.00011,0.70732,1,4,0,0
1765409425.925291,0.02027,0.05306,0.03269,0.00029,-0.00059,0.00002,0.56823,-0.00061,0.14069,0.00082,0.70690,-0.00011,0.70731,1,4,0,0
1765409425.927305,0.00713,0.00575,0.01890,0.00037,0.00026,0.00071,0.56823,-0.00061,0.14069,0.00082,0.70690,-0.00011,0.70731,1,4,0,0
1765409425.929262,-0.00175,-0.03430,-0.04102,0.00075,0.00141,0.00054,0.56843,-0.00061,0.14067,0.00082,0.70693,-0.00011,0.70728,1,4,0,0
1765409425.931301,0.02449,-0.03424,0.01200,0.00032,0.00058,0.00016,0.56843,-0.00061,0.14067,0.00082,0.70693,-0.00011,0.70728,1,4,0,0
1765409425.933282,-0.00864,0.02141,-0.01179,-0.00032,-0.00058,0.00030,0.56843,-0.00061,0.14067,0.00082,0.70693,-0.00011,0.70728,1,4,0,0
1765409425.935297,-0.00120,0.05088,0.00272,0.00026,-0.00057,0.00069,0.56843,-0.00061,0.14067,0.00082,0.70693,-0.00011,0.70728,1,4,0,0
1765409425.937303,-0.04203,0.02670,-0.00408,-0.00091,-0.00031,0.00060,0.56843,-0.00061,0.14067,0.00082,0.70693,-0.00011,0.70728,1,4,0,0
1765409425.939347,0.00367,0.00754,-0.01188,-0.00027,0.00118,0.00001,0.56843,-0.00061,0.14067,0.00082,0.70693,-0.00011,0.70728,1,4,0,0
1765409425.941328,0.00644,-0.02520,0.01939,0.00065,0.00219,0.00071,0.56843,-0.00061,0.14067,0.00082,0.70693,-0.00011,0.70728,1,4,0,0
1765409425.943299,-0.03863,0.00447,0.01142,0.00013,0.00017,0.00021,0.56843,-0.00061,0.14067,0.00082,0.70693,-0.00011,0.70728,1,4,0,0
1765409425.945300,-0.00903,0.02103,0.01850,-0.00010,0.00005,0.00032,0.56843,-0.00061,0.14067,0.00082,0.70693,-0.00011,0.70728,1,4,0,0
1765409425.947311,-0.02282,0.00507,-0.02638,0.00123,-0.00090,0.00057,0.56843,-0.00061,0.14067,0.00082,0.70693,-0.00011,0.70728,1,4,0,0
1765409425.949338,0.00025,0.01677,0.02643,-0.00059,-0.00132,0.00046,0.56847,-0.00061,0.14066,0.00082,0.70695,-0.00011,0.70727,1,4,0,0
1765409425.951338,0.02905,0.01632,0.01829,-0.00081,0.00151,0.00055,0.56847,-0.00061,0.14066,0.00082,0.70695,-0.00011,0.70727,1,4,0,0
1765409425.953295,0.01464,0.03663,0.06359,-0.00297,0.00052,0.00046,0.56851,-0.00061,0.14066,0.00082,0.70695,-0.00011,0.70726,1,4,0,0
1765409425.955309,0.01950,0.04289,-0.00483,0.00060,-0.00030,0.00067,0.56851,-0.00061,0.14066,0.00082,0.70695,-0.00011,0.70726,1,4,0,0
1765409425.957305,-0.00581,0.03849,0.01065,0.00055,-0.00024,0.00084,0.56856,-0.00061,0.14066,0.00082,0.70695,-0.00011,0.70726,1,4,0,0
1765409425.959313,0.01036,0.00605,0.11755,-0.00203,-0.00069,-0.00002,0.56856,-0.00061,0.14066,0.00082,0.70695,-0.00011,0.70726,1,4,0,0
1765409425.961312,0.03955,0.00475,0.04139,0.00145,0.00101,0.00069,0.56860,-0.00061,0.14066,0.00082,0.70696,-0.00011,0.70726,1,4,0,0
1765409425.963372,0.01145,0.04225,0.02530,0.00015,0.00080,0.00029,0.56885,-0.00061,0.14064,0.00082,0.70699,-0.00011,0.70723,1,4,0,0
1765409425.965313,0.00258,0.06794,0.00987,0.00047,-0.00037,0.00082,0.56885,-0.00061,0.14064,0.00082,0.70699,-0.00011,0.70723,1,4,0,0
1765409425.967309,0.00808,0.06032,0.03271,-0.00050,-0.00044,0.00044,0.56885,-0.00061,0.14064,0.00082,0.70699,-0.00011,0.70723,1,4,0,0
1765409425.969314,0.02142,0.01302,0.01121,-0.00107,-0.00055,0.00069,0.56885,-0.00061,0.14064,0.00082,0.70699,-0.00011,0.70723,1,4,0,0
1765409425.971347,0.00469,0.01312,0.02644,-0.00129,-0.00023,0.00072,0.56885,-0.00061,0.14064,0.00082,0.70699,-0.00011,0.70723,1,4,0,0
1765409425.973754,-0.00169,-0.00428,-0.04188,0.00090,0.00100,0.00013,0.56885,-0.00061,0.14064,0.00082,0.70699,-0.00011,0.70723,1,4,0,0
1765409425.975378,0.01162,0.01145,0.01105,-0.00065,0.00186,0.00110,0.56885,-0.00061,0.14064,0.00082,0.70699,-0.00011,0.70723,1,4,0,0
1765409425.977331,-0.01085,-0.01276,-0.04894,0.00189,-0.00027,0.00041,0.56885,-0.00061,0.14064,0.00082,0.70699,-0.00011,0.70723,1,4,0,0
1765409425.979335,0.00279,0.00894,-0.01896,0.00062,-0.00058,0.00082,0.56885,-0.00061,0.14064,0.00082,0.70699,-0.00011,0.70723,1,4,0,0
1765409425.981334,-0.00925,-0.03283,0.01226,0.00055,-0.00016,0.00019,0.56885,-0.00061,0.14064,0.00082,0.70699,-0.00011,0.70723,1,4,0,0
1765409425.983333,-0.01403,0.01814,0.04134,0.00030,0.00088,0.00061,0.56885,-0.00061,0.14064,0.00082,0.70699,-0.00011,0.70723,1,4,0,0
1765409425.985335,-0.00467,0.03693,-0.02747,-0.00100,0.00114,0.00081,0.56885,-0.00061,0.14064,0.00082,0.70699,-0.00011,0.70723,1,4,0,0
1765409425.987449,0.00716,0.05494,0.04017,0.00031,0.00059,0.00017,0.56885,-0.00061,0.14064,0.00082,0.70699,-0.00011,0.70723,1,4,0,0
1765409425.989364,-0.00863,0.05613,0.01027,-0.00055,-0.00099,0.00057,0.56889,-0.00061,0.14063,0.00082,0.70699,-0.00011,0.70722,1,4,0,0
1765409425.991340,-0.00480,-0.04505,0.05064,0.00041,-0.00045,0.00036,0.56889,-0.00061,0.14063,0.00082,0.70699,-0.00011,0.70722,1,4,0,0
1765409425.993334,0.01308,0.01290,0.04900,-0.00107,0.00005,0.00032,0.56889,-0.00061,0.14063,0.00082,0.70699,-0.00011,0.70722,1,4,0,0
1765409425.995347,-0.00220,-0.06811,0.05835,0.00187,0.00130,-0.00004,0.56893,-0.00061,0.14063,0.00082,0.70699,-0.00011,0.70722,1,4,0,0
1765409425.997352,-0.00156,0.00042,0.00347,0.00074,0.00137,0.00003,0.56893,-0.00061,0.14063,0.00082,0.70699,-0.00011,0.70722,1,4,0,0
1765409425.999354,0.01203,0.01409,0.03373,0.00047,-0.00084,-0.00009,0.56897,-0.00061,0.14063,0.00082,0.70700,-0.00011,0.70721,1,4,0,0
1765409426.001352,0.00752,0.04596,0.01775,0.00042,-0.00055,0.00003,0.56897,-0.00061,0.14063,0.00082,0.70700,-0.00011,0.70721,1,4,0,0
1765409426.003362,0.03588,0.06167,0.00977,0.00061,0.00038,0.00092,0.56922,-0.00061,0.14061,0.00082,0.70702,-0.00011,0.70719,1,4,0,0
1765409426.005352,0.02312,0.03972,-0.02018,0.00100,0.00067,0.00051,0.56922,-0.00061,0.14061,0.00082,0.70702,-0.00011,0.70719,1,4,0,0
1765409426.007395,0.00254,0.02888,0.01828,0.00108,-0.00047,0.00030,0.56922,-0.00061,0.14061,0.00082,0.70702,-0.00011,0.70719,1,4,0,0
1765409426.009360,0.01999,-0.01222,0.03418,0.00037,0.00100,0.00017,0.56922,-0.00061,0.14061,0.00082,0.70702,-0.00011,0.70719,1,4,0,0
1765409426.011366,0.01081,-0.03754,0.10383,-0.00212,-0.00192,0.00039,0.56922,-0.00061,0.14061,0.00082,0.70702,-0.00011,0.70719,1,4,0,0
1765409426.013355,0.00864,-0.05438,-0.01760,-0.00102,0.00093,0.00070,0.56922,-0.00061,0.14061,0.00082,0.70702,-0.00011,0.70719,1,4,0,0
1765409426.015350,-0.00962,0.01077,-0.01161,0.00021,0.00058,0.00057,0.56922,-0.00061,0.14061,0.00082,0.70702,-0.00011,0.70719,1,4,0,0
1765409426.017356,-0.03001,0.04317,0.04074,-0.00049,0.00067,0.00035,0.56922,-0.00061,0.14061,0.00082,0.70702,-0.00011,0.70719,1,4,0,0
1765409426.019377,-0.01474,0.01893,-0.03471,0.00140,0.00025,0.00014,0.56922,-0.00061,0.14061,0.00082,0.70702,-0.00011,0.70719,1,4,0,0
1765409426.021393,0.01215,-0.00622,0.01161,0.00000,-0.00043,0.00044,0.56922,-0.00061,0.14061,0.00082,0.70702,-0.00011,0.70719,1,4,0,0
1765409426.023372,0.03804,-0.01645,-0.00343,-0.00034,-0.00086,0.00027,0.56922,-0.00061,0.14061,0.00082,0.70702,-0.00011,0.70719,1,4,0,0
1765409426.025434,0.01632,0.00503,0.00347,-0.00030,0.00078,0.00028,0.56922,-0.00061,0.14061,0.00082,0.70702,-0.00011,0.70719,1,4,0,0
1765409426.027386,0.02068,0.02240,0.01053,-0.00030,0.00058,0.00001,0.56926,-0.00061,0.14061,0.00082,0.70702,-0.00011,0.70719,1,4,0,0
1765409426.029369,-0.04064,0.03344,0.04857,0.00135,0.00144,0.00063,0.56926,-0.00061,0.14061,0.00082,0.70702,-0.00011,0.70719,1,4,0,0
1765409426.031363,-0.00880,0.06493,0.02509,-0.00088,0.00027,0.00071,0.56931,-0.00061,0.14061,0.00082,0.70702,-0.00011,0.70719,1,4,0,0
1765409426.033384,0.01150,0.03886,0.02537,0.00099,-0.00073,-0.00037,0.56931,-0.00061,0.14061,0.00082,0.70702,-0.00011,0.70719,1,4,0,0
1765409426.035374,0.00434,-0.00491,0.11041,0.00002,-0.00162,0.00012,0.56935,-0.00061,0.14061,0.00082,0.70703,-0.00011,0.70719,1,4,0,0
1765409426.037384,0.02384,0.05970,0.07789,0.00059,0.00050,0.00005,0.56935,-0.00061,0.14061,0.00082,0.70703,-0.00011,0.70719,1,4,0,0
1765409426.039382,0.04003,0.02386,0.01816,0.00059,0.00137,0.00093,0.56939,-0.00061,0.14061,0.00082,0.70703,-0.00011,0.70718,1,4,0,0
1765409426.041395,-0.01155,0.01330,0.00358,-0.00173,-0.00004,0.00031,0.56939,-0.00061,0.14061,0.00082,0.70703,-0.00011,0.70718,1,4,0,0
1765409426.043432,-0.00007,0.01600,-0.01945,-0.00038,-0.00018,0.00001,0.56963,-0.00061,0.14060,0.00082,0.70704,-0.00011,0.70717,1,4,0,0
1765409426.045398,-0.02478,0.01688,0.02632,-0.00081,-0.00065,0.00008,0.56963,-0.00061,0.14060,0.00082,0.70704,-0.00011,0.70717,1,4,0,0
1765409426.047387,0.01599,0.03089,0.01825,0.00024,-0.00063,0.00043,0.56963,-0.00061,0.14060,0.00082,0.70704,-0.00011,0.70717,1,4,0,0
1765409426.049389,0.04172,-0.00045,-0.00369,-0.00080,0.00024,0.00120,0.56963,-0.00061,0.14060,0.00082,0.70704,-0.00011,0.70717,1,4,0,0
1765409426.051399,0.03709,0.02194,-0.01202,-0.00031,0.00040,0.00079,0.56963,-0.00061,0.14060,0.00082,0.70704,-0.00011,0.70717,1,4,0,0
1765409426.053431,0.01699,0.02029,-0.00420,-0.00098,-0.00025,0.00068,0.56963,-0.00061,0.14060,0.00082,0.70704,-0.00011,0.70717,1,4,0,0
1765409426.055400,-0.01317,0.01420,0.01119,0.00003,-0.00052,0.00032,0.56963,-0.00061,0.14060,0.00082,0.70704,-0.00011,0.70717,1,4,0,0
1765409426.057398,-0.02130,0.00826,-0.01153,-0.00070,0.00072,0.00044,0.56963,-0.00061,0.14060,0.00082,0.70704,-0.00011,0.70717,1,4,0,0
1765409426.059392,0.00239,0.02640,0.04103,-0.00004,0.00221,0.00112,0.56963,-0.00061,0.14060,0.00082,0.70704,-0.00011,0.70717,1,4,0,0
1765409426.061387,0.02376,0.01463,0.01093,0.00026,0.00094,0.00082,0.56963,-0.00061,0.14060,0.00082,0.70704,-0.00011,0.70717,1,4,0,0
1765409426.063390,0.03714,0.02272,0.01848,-0.00008,-0.00050,0.00081,0.56963,-0.00061,0.14060,0.00082,0.70704,-0.00011,0.70717,1,4,0,0
1765409426.065588,0.01136,0.01353,-0.00419,0.00068,-0.00018,0.00028,0.56963,-0.00061,0.14060,0.00082,0.70704,-0.00011,0.70717,1,4,0,0
1765409426.067425,-0.02090,-0.00125,-0.02644,-0.00081,0.00022,0.00030,0.56967,-0.00061,0.14060,0.00082,0.70705,-0.00011,0.70717,1,4,0,0
1765409426.069427,-0.03897,0.01410,-0.02680,0.00024,0.00042,0.00031,0.56967,-0.00061,0.14060,0.00082,0.70705,-0.00011,0.70717,1,4,0,0
1765409426.071418,-0.03457,0.00126,0.01111,0.00031,0.00126,-0.00033,0.56971,-0.00061,0.14059,0.00082,0.70705,-0.00011,0.70716,1,4,0,0
1765409426.073405,0.00187,-0.02118,-0.01113,0.00179,0.00084,0.00002,0.56971,-0.00061,0.14059,0.00082,0.70705,-0.00011,0.70716,1,4,0,0
1765409426.075417,0.02080,0.02698,0.01807,-0.00069,0.00083,0.00028,0.56975,-0.00061,0.14059,0.00082,0.70705,-0.00011,0.70716,1,4,0,0
1765409426.077415,0.00705,0.03529,-0.00464,0.00029,0.00024,0.00068,0.56975,-0.00061,0.14059,0.00082,0.70705,-0.00011,0.70716,1,4,0,0
1765409426.079433,-0.01004,0.00590,0.01911,0.00037,0.00047,0.00113,0.56980,-0.00061,0.14059,0.00082,0.70706,-0.00011,0.70716,1,4,0,0
1765409426.081411,-0.00892,0.01567,-0.00416,-0.00039,0.00044,0.00044,0.56980,-0.00061,0.14059,0.00082,0.70706,-0.00011,0.70716,1,4,0,0
1765409426.083432,-0.02654,-0.00257,0.00419,0.00070,-0.00060,0.00060,0.56984,-0.00061,0.14059,0.00082,0.70705,-0.00011,0.70716,1,4,0,0
1765409426.085412,0.00305,0.03384,-0.00446,0.00049,-0.00086,0.00056,0.57004,-0.00061,0.14058,0.00082,0.70706,-0.00011,0.70715,1,4,0,0
1765409426.087441,0.00653,-0.00817,-0.01860,0.00129,-0.00061,0.00069,0.57004,-0.00061,0.14058,0.00082,0.70706,-0.00011,0.70715,1,4,0,0
1765409426.089441,-0.00071,0.01554,0.01098,-0.00017,0.00047,0.00044,0.57004,-0.00061,0.14058,0.00082,0.70706,-0.00011,0.70715,1,4,0,0
1765409426.091433,-0.00152,0.03449,-0.00477,0.00006,0.00148,0.00069,0.57004,-0.00061,0.14058,0.00082,0.70706,-0.00011,0.70715,1,4,0,0
1765409426.093432,-0.02268,0.01415,-0.01926,0.00090,0.00010,0.00030,0.57004,-0.00061,0.14058,0.00082,0.70706,-0.00011,0.70715,1,4,0,0
1765409426.095464,0.01213,0.01779,0.02631,-0.00058,0.00006,0.00098,0.57004,-0.00061,0.14058,0.00082,0.70706,-0.00011,0.70715,1,4,0,0
1765409426.097468,-0.02401,-0.00375,0.02716,-0.00215,-0.00024,0.00103,0.57004,-0.00061,0.14058,0.00082,0.70706,-0.00011,0.70715,1,4,0,0
1765409426.099429,0.01618,0.01594,0.04122,0.00027,-0.00025,0.00004,0.57004,-0.00061,0.14058,0.00082,0.70706,-0.00011,0.70715,1,4,0,0
1765409426.101437,0.01516,-0.01041,0.01143,0.00039,0.00182,0.00069,0.57004,-0.00061,0.14058,0.00082,0.70706,-0.00011,0.70715,1,4,0,0
1765409426.103427,-0.00099,-0.00008,0.03399,-0.00014,0.00162,0.00046,0.57004,-0.00061,0.14058,0.00082,0.70706,-0.00011,0.70715,1,4,0,0
1765409426.105425,-0.00947,0.01618,0.01866,0.00027,0.00006,0.00045,0.57004,-0.00061,0.14058,0.00082,0.70706,-0.00011,0.70715,1,4,0,0
1765409426.107463,0.01235,0.01289,-0.02700,-0.00042,0.00019,0.00026,0.57008,-0.00061,0.14058,0.00082,0.70707,-0.00011,0.70714,1,4,0,0
1765409426.109447,0.02053,0.03805,0.00304,-0.00033,-0.00081,0.00081,0.57008,-0.00061,0.14058,0.00082,0.70707,-0.00011,0.70714,1,4,0,0
1765409426.111450,0.02104,0.00354,0.00347,-0.00010,-0.00043,-0.00026,0.57012,-0.00061,0.14058,0.00082,0.70707,-0.00011,0.70714,1,4,0,0
1765409426.113441,0.02412,0.03417,0.00277,-0.00016,0.00105,0.00067,0.57012,-0.00061,0.14058,0.00082,0.70707,-0.00011,0.70714,1,4,0,0
1765409426.115436,0.00714,0.04977,-0.04303,0.00003,0.00048,0.00065,0.57016,-0.00061,0.14057,0.00082,0.70707,-0.00011,0.70714,1,4,0,0
1765409426.117438,-0.01333,0.01377,-0.01926,0.00002,-0.00001,0.00030,0.57016,-0.00061,0.14057,0.00082,0.70707,-0.00011,0.70714,1,4,0,0
1765409426.119439,0.01290,0.01369,-0.02683,-0.00063,-0.00096,0.00027,0.57020,-0.00061,0.14058,0.00082,0.70707,-0.00011,0.70714,1,4,0,0
1765409426.121464,-0.00096,0.01063,0.04135,0.00021,0.00072,0.00019,0.57020,-0.00061,0.14058,0.00082,0.70707,-0.00011,0.70714,1,4,0,0
1765409426.123448,-0.00134,-0.00387,0.04156,0.00090,0.00073,-0.00021,0.57024,-0.00061,0.14057,0.00082,0.70707,-0.00011,0.70714,1,4,0,0
1765409426.125464,0.01519,0.01519,0.02602,0.00070,0.00078,0.00043,0.57024,-0.00061,0.14057,0.00082,0.70707,-0.00011,0.70714,1,4,0,0
1765409426.127469,0.01936,0.01285,0.03363,0.00089,0.00060,0.00030,0.57048,-0.00061,0.14057,0.00082,0.70708,-0.00011,0.70713,1,4,0,0
1765409426.129446,-0.00429,0.04785,0.01050,-0.00109,-0.00027,0.00098,0.57048,-0.00061,0.14057,0.00082,0.70708,-0.00011,0.70713,1,4,0,0
1765409426.131460,-0.02385,0.04834,-0.01257,0.00154,0.00072,0.00056,0.57048,-0.00061,0.14057,0.00082,0.70708,-0.00011,0.70713,1,4,0,0
1765409426.133463,-0.02611,0.06545,-0.00522,-0.00044,0.00023,0.00071,0.57048,-0.00061,0.14057,0.00082,0.70708,-0.00011,0.70713,1,4,0,0
1765409426.135465,-0.02344,-0.00571,0.01141,0.00175,0.00075,0.00006,0.57048,-0.00061,0.14057,0.00082,0.70708,-0.00011,0.70713,1,4,0,0
1765409426.137503,0.01572,-0.00958,0.03438,0.00018,0.00067,0.00072,0.57048,-0.00061,0.14057,0.00082,0.70708,-0.00011,0.70713,1,4,0,0
1765409426.139451,0.01126,-0.01090,0.00400,0.00104,-0.00029,0.00016,0.57048,-0.00061,0.14057,0.00082,0.70708,-0.00011,0.70713,1,4,0,0
1765409426.141455,-0.01783,0.01230,0.01125,0.00066,-0.00085,0.00019,0.57048,-0.00061,0.14057,0.00082,0.70708,-0.00011,0.70713,1,4,0,0
1765409426.143464,-0.00113,0.02564,0.06395,0.00017,0.00034,0.00061,0.57048,-0.00061,0.14057,0.00082,0.70708,-0.00011,0.70713,1,4,0,0
1765409426.145473,-0.04015,0.01487,-0.01918,0.00157,-0.00007,0.00032,0.57048,-0.00061,0.14057,0.00082,0.70708,-0.00011,0.70713,1,4,0,0
1765409426.147472,0.01600,0.01475,0.03361,-0.00018,0.00103,0.00044,0.57048,-0.00061,0.14057,0.00082,0.70708,-0.00011,0.70713,1,4,0,0
1765409426.149487,0.01400,0.00602,0.00345,0.00212,0.00042,0.00028,0.57048,-0.00061,0.14057,0.00082,0.70708,-0.00011,0.70713,1,4,0,0
1765409426.151474,0.02422,0.01034,-0.01949,0.00042,0.00030,0.00012,0.57052,-0.00061,0.14057,0.00082,0.70708,-0.00011,0.70713,1,4,0,0
1765409426.153474,0.00255,-0.03564,0.01231,0.00118,0.00009,0.00045,0.57052,-0.00061,0.14057,0.00082,0.70708,-0.00011,0.70713,1,4,0,0
1765409426.155479,-0.01202,0.01399,0.01884,-0.00106,-0.00067,0.00033,0.57056,-0.00061,0.14057,0.00082,0.70708,-0.00011,0.70713,1,4,0,0
1765409426.157502,-0.01007,0.01087,-0.03442,0.00065,0.00059,0.00055,0.57056,-0.00061,0.14057,0.00082,0.70708,-0.00011,0.70713,1,4,0,0
1765409426.159527,0.01264,0.03282,0.04102,-0.00083,-0.00021,0.00058,0.57060,-0.00061,0.14057,0.00082,0.70708,-0.00011,0.70713,1,4,0,0
1765409426.161493,-0.00231,0.03572,-0.01241,0.00138,0.00047,0.00028,0.57060,-0.00061,0.14057,0.00082,0.70708,-0.00011,0.70713,1,4,0,0
1765409426.163480,0.02138,0.00363,-0.00372,-0.00075,-0.00105,0.00055,0.57060,-0.00061,0.14057,0.00082,0.70708,-0.00011,0.70713,1,4,0,0
1765409426.165471,-0.00554,0.00387,0.04179,0.00056,0.00003,0.00061,0.57084,-0.00062,0.14056,0.00082,0.70709,-0.00011,0.70713,1,4,0,0
1765409426.167494,-0.00183,0.02075,0.05650,0.00077,0.00048,0.00074,0.57084,-0.00062,0.14056,0.00082,0.70709,-0.00011,0.70713,1,4,0,0
1765409426.169472,0.00769,0.02017,0.02610,-0.00033,0.00049,0.00071,0.57084,-0.00062,0.14056,0.00082,0.70709,-0.00011,0.70713,1,4,0,0
1765409426.171517,0.01093,0.04217,0.01006,0.00059,0.00106,0.00028,0.57084,-0.00062,0.14056,0.00082,0.70709,-0.00011,0.70713,1,4,0,0
1765409426.173530,-0.02666,0.01145,0.00351,0.00065,0.00053,0.00019,0.57084,-0.00062,0.14056,0.00082,0.70709,-0.00011,0.70713,1,4,0,0
1765409426.175516,-0.02476,-0.01293,0.04241,-0.00095,-0.00049,0.00050,0.57084,-0.00062,0.14056,0.00082,0.70709,-0.00011,0.70713,1,4,0,0
1765409426.177519,-0.01534,-0.03038,-0.00306,0.00211,0.00055,0.00032,0.57084,-0.00062,0.14056,0.00082,0.70709,-0.00011,0.70713,1,4,0,0
1765409426.179512,-0.00111,0.02505,0.02589,-0.00005,0.00097,0.00058,0.57084,-0.00062,0.14056,0.00082,0.70709,-0.00011,0.70713,1,4,0,0
1765409426.181501,0.02339,0.03482,0.01041,0.00072,0.00055,0.00068,0.57084,-0.00062,0.14056,0.00082,0.70709,-0.00011,0.70713,1,4,0,0
1765409426.183508,0.01622,0.04010,0.02557,-0.00031,-0.00001,0.00056,0.57084,-0.00062,0.14056,0.00082,0.70709,-0.00011,0.70713,1,4,0,0
1765409426.185523,0.00298,-0.01593,-0.00341,0.00076,-0.00006,0.00030,0.57084,-0.00062,0.14056,0.00082,0.70709,-0.00011,0.70713,1,4,0,0
1765409426.187510,-0.00515,-0.02065,-0.01816,0.00027,-0.00046,0.00084,0.57088,-0.00062,0.14056,0.00082,0.70709,-0.00011,0.70712,1,4,0,0
1765409426.189500,0.00054,-0.00844,0.04194,-0.00068,-0.00043,-0.00007,0.57088,-0.00062,0.14056,0.00082,0.70709,-0.00011,0.70712,1,4,0,0
1765409426.191515,0.03219,0.02006,0.02599,0.00054,0.00020,0.00069,0.57092,-0.00062,0.14056,0.00082,0.70709,-0.00011,0.70712,1,4,0,0
1765409426.193493,0.01419,0.00334,0.06451,-0.00185,-0.00060,0.00021,0.57092,-0.00062,0.14056,0.00082,0.70709,-0.00011,0.70712,1,4,0,0
1765409426.195513,0.00841,0.04565,0.02554,-0.00068,-0.00068,0.00044,0.57096,-0.00062,0.14055,0.00082,0.70710,-0.00011,0.70711,1,4,0,0
1765409426.197560,-0.00515,0.04890,0.01042,0.00023,-0.00103,0.00057,0.57096,-0.00062,0.14055,0.00082,0.70710,-0.00011,0.70711,1,4,0,0
1765409426.199513,-0.02532,0.02101,0.03375,-0.00076,0.00038,0.00035,0.57100,-0.00062,0.14056,0.00082,0.70710,-0.00011,0.70712,1,4,0,0
1765409426.201515,0.00120,-0.01244,0.04179,0.00168,0.00224,0.00060,0.57100,-0.00062,0.14056,0.00082,0.70710,-0.00011,0.70712,1,4,0,0
1765409426.203523,0.02497,0.01465,0.00325,-0.00062,0.00067,0.00041,0.57104,-0.00062,0.14055,0.00082,0.70710,-0.00011,0.70712,1,4,0,0
1765409426.205555,0.01573,0.01595,0.00340,0.00049,-0.00036,0.00042,0.57128,-0.00062,0.14055,0.00082,0.70710,-0.00011,0.70711,1,4,0,0
1765409426.207527,-0.00491,0.02847,0.06386,-0.00001,-0.00001,0.00035,0.57128,-0.00062,0.14055,0.00082,0.70710,-0.00011,0.70711,1,4,0,0
1765409426.209520,0.01101,0.04230,0.01027,0.00037,0.00069,0.00069,0.57128,-0.00062,0.14055,0.00082,0.70710,-0.00011,0.70711,1,4,0,0
1765409426.211529,0.02036,0.02224,0.05604,-0.00009,0.00096,0.00005,0.57128,-0.00062,0.14055,0.00082,0.70710,-0.00011,0.70711,1,4,0,0
1765409426.213607,-0.01861,0.01086,-0.03460,0.00086,0.00107,0.00015,0.57128,-0.00062,0.14055,0.00082,0.70710,-0.00011,0.70711,1,4,0,0
1765409426.215526,-0.01848,0.00189,0.01149,0.00097,-0.00007,0.00046,0.57128,-0.00062,0.14055,0.00082,0.70710,-0.00011,0.70711,1,4,0,0
1765409426.217532,-0.02730,0.04139,-0.03503,0.00101,0.00001,0.00056,0.57128,-0.00062,0.14055,0.00082,0.70710,-0.00011,0.70711,1,4,0,0
1765409426.219559,-0.00985,0.00666,0.01870,0.00103,0.00007,-0.00008,0.57128,-0.00062,0.14055,0.00082,0.70710,-0.00011,0.70711,1,4,0,0
1765409426.221548,0.02934,0.02707,0.03327,-0.00068,0.00047,0.00029,0.57128,-0.00062,0.14055,0.00082,0.70710,-0.00011,0.70711,1,4,0,0
1765409426.223552,0.00222,-0.00727,0.04154,0.00108,0.00184,0.00006,0.57128,-0.00062,0.14055,0.00082,0.70710,-0.00011,0.70711,1,4,0,0
1765409426.225551,0.01249,0.02243,0.01092,-0.00096,0.00031,0.00083,0.57128,-0.00062,0.14055,0.00082,0.70710,-0.00011,0.70711,1,4,0,0
1765409426.227603,-0.01720,0.02072,0.02589,-0.00033,0.00078,-0.00007,0.57128,-0.00062,0.14055,0.00082,0.70710,-0.00011,0.70711,1,4,0,0
1765409426.229553,-0.00506,0.02297,0.01857,-0.00030,0.00039,0.00085,0.57128,-0.00062,0.14055,0.00082,0.70710,-0.00011,0.70711,1,4,0,0
1765409426.231563,-0.01459,0.02176,0.01866,-0.00228,-0.00141,-0.00007,0.57132,-0.00062,0.14055,0.00082,0.70710,-0.00011,0.70711,1,4,0,0
1765409426.233542,0.00329,0.00839,0.02637,0.00018,0.00017,0.00045,0.57132,-0.00062,0.14055,0.00082,0.70710,-0.00011,0.70711,1,4,0,0
1765409426.235543,0.00787,0.02498,0.01832,-0.00049,0.00061,0.00057,0.57137,-0.00062,0.14055,0.00082,0.70710,-0.00011,0.70711,1,4,0,0
1765409426.237534,-0.00061,0.00026,-0.01909,-0.00036,0.00099,0.00042,0.57137,-0.00062,0.14055,0.00082,0.70710,-0.00011,0.70711,1,4,0,0
1765409426.239547,-0.00829,0.03520,0.00307,-0.00124,0.00029,0.00071,0.57137,-0.00062,0.14055,0.00082,0.70710,-0.00011,0.70711,1,4,0,0
1765409426.241576,-0.00892,0.01567,-0.00416,-0.00039,0.00044,0.00044,0.57140,-0.00062,0.14055,0.00082,0.70711,-0.00011,0.70711,1,4,0,0
1765409426.243582,0.00771,0.01595,0.00344,0.00005,-0.00027,0.00043,0.57144,-0.00062,0.14055,0.00082,0.70711,-0.00011,0.70711,1,4,0,0
1765409426.245579,0.01160,-0.00212,-0.00375,0.00005,0.00059,0.00069,0.57144,-0.00062,0.14055,0.00082,0.70711,-0.00011,0.70711,1,4,0,0
1765409426.247562,-0.00249,0.02030,0.05638,0.00120,0.00125,0.00074,0.57148,-0.00062,0.14054,0.00082,0.70711,-0.00011,0.70710,1,4,0,0
1765409426.249601,0.02472,0.04933,0.01768,-0.00063,0.00039,0.00068,0.57148,-0.00062,0.14054,0.00082,0.70711,-0.00011,0.70710,1,4,0,0
1765409426.251578,-0.01722,0.02132,0.06395,-0.00010,0.00014,-0.00004,0.57148,-0.00062,0.14054,0.00082,0.70711,-0.00011,0.70710,1,4,0,0
1765409426.253585,0.00011,-0.00906,-0.05673,-0.00069,0.00010,0.00026,0.57148,-0.00062,0.14054,0.00082,0.70711,-0.00011,0.70710,1,4,0,0
1765409426.255590,-0.00940,0.00147,0.00387,0.00031,-0.00005,0.00045,0.57152,-0.00062,0.14054,0.00082,0.70711,-0.00011,0.70710,1,4,0,0
1765409426.257617,-0.00451,-0.00733,-0.01872,-0.00088,0.00105,0.00083,0.57160,-0.00062,0.14054,0.00082,0.70711,-0.00011,0.70710,1,4,0,0
1765409426.259584,0.01435,0.02964,0.01070,0.00088,0.00105,0.00122,0.57181,-0.00062,0.14054,0.00082,0.70711,-0.00011,0.70710,1,4,0,0
1765409426.261573,-0.00044,0.04042,0.05603,-0.00052,0.00006,0.00060,0.57181,-0.00062,0.14054,0.00082,0.70711,-0.00011,0.70710,1,4,0,0
1765409426.263601,0.01058,0.02258,0.02599,0.00079,0.00084,0.00084,0.57181,-0.00062,0.14054,0.00082,0.70711,-0.00011,0.70710,1,4,0,0
1765409426.265587,-0.01761,0.01159,0.01116,0.00022,-0.00009,0.00019,0.57181,-0.00062,0.14054,0.00082,0.70711,-0.00011,0.70710,1,4,0,0
1765409426.267659,0.00377,0.01271,0.03372,-0.00042,0.00079,0.00032,0.57181,-0.00062,0.14054,0.00082,0.70711,-0.00011,0.70710,1,4,0,0
1765409426.269619,-0.00846,0.01561,0.04143,-0.00083,0.00043,0.00047,0.57181,-0.00062,0.14054,0.00082,0.70711,-0.00011,0.70710,1,4,0,0
1765409426.271617,-0.00489,-0.00702,-0.02629,-0.00044,0.00080,0.00082,0.57181,-0.00062,0.14054,0.00082,0.70711,-0.00011,0.70710,1,4,0,0
1765409426.273594,0.01176,-0.00667,0.02688,-0.00000,0.00009,0.00085,0.57181,-0.00062,0.14054,0.00082,0.70711,-0.00011,0.70710,1,4,0,0
1765409426.275589,0.02040,0.03270,0.01834,-0.00040,-0.00030,0.00096,0.57181,-0.00062,0.14054,0.00082,0.70711,-0.00011,0.70710,1,4,0,0
1765409426.277613,0.00332,0.02762,0.00314,-0.00024,0.00054,0.00069,0.57181,-0.00062,0.14054,0.00082,0.70711,-0.00011,0.70710,1,4,0,0
1765409426.279593,-0.03106,0.03428,-0.01197,0.00071,-0.00032,0.00058,0.57181,-0.00062,0.14054,0.00082,0.70711,-0.00011,0.70710,1,4,0,0
1765409426.281580,-0.00410,0.01803,0.04902,-0.00101,0.00025,0.00061,0.57181,-0.00062,0.14054,0.00082,0.70711,-0.00011,0.70710,1,4,0,0
1765409426.283574,0.02460,0.02496,0.01810,-0.00005,0.00040,0.00015,0.57181,-0.00062,0.14054,0.00082,0.70711,-0.00011,0.70710,1,4,0,0
1765409426.285599,-0.00511,-0.01611,0.00420,0.00032,0.00029,0.00031,0.57185,-0.00062,0.14054,0.00082,0.70711,-0.00011,0.70710,1,4,0,0
1765409426.287611,0.02342,0.00577,0.00365,0.00103,-0.00006,0.00068,0.57185,-0.00062,0.14054,0.00082,0.70711,-0.00011,0.70710,1,4,0,0
1765409426.289612,0.00356,-0.00573,-0.01887,0.00045,-0.00059,0.00002,0.57189,-0.00062,0.14054,0.00082,0.70711,-0.00011,0.70710,1,4,0,0
1765409426.291607,0.00784,0.02546,0.01857,-0.00048,-0.00014,0.00097,0.57189,-0.00062,0.14054,0.00082,0.70711,-0.00011,0.70710,1,4,0,0
1765409426.293617,-0.00060,0.02518,0.03337,-0.00027,0.00083,0.00018,0.57193,-0.00062,0.14054,0.00082,0.70711,-0.00011,0.70710,1,4,0,0
1765409426.295651,0.02022,0.05147,0.03280,-0.00061,0.00095,0.00083,0.57193,-0.00062,0.14054,0.00082,0.70711,-0.00011,0.70710,1,4,0,0
1765409426.297602,0.01278,0.03759,-0.04290,-0.00078,0.00003,-0.00003,0.57197,-0.00062,0.14054,0.00082,0.70711,-0.00011,0.70710,1,4,0,0
1765409426.299607,0.00347,0.00830,0.03379,0.00018,0.00042,0.00005,0.57197,-0.00062,0.14054,0.00082,0.70711,-0.00011,0.70710,1,4,0,0
1765409426.301601,0.01624,0.02090,-0.01935,-0.00010,-0.00075,0.00067,0.57201,-0.00062,0.14054,0.00082,0.70711,-0.00011,0.70710,1,4,0,0
1765409426.303614,-0.00983,-0.01327,0.01941,0.00079,0.00009,0.00046,0.57201,-0.00062,0.14054,0.00082,0.70711,-0.00011,0.70710,1,4,0,0
1765409426.305638,-0.01430,0.00819,0.02631,0.00061,0.00114,0.00046,0.57205,-0.00062,0.14054,0.00082,0.70711,-0.00011,0.70710,1,4,0,0
1765409426.307672,-0.01693,-0.00919,-0.01100,-0.00091,0.00069,0.00072,0.57205,-0.00062,0.14054,0.00082,0.70711,-0.00011,0.70710,1,4,0,0
1765409426.309651,-0.02563,0.00666,0.00361,-0.00006,0.00013,-0.00008,0.57209,-0.00062,0.14055,0.00082,0.70711,-0.00011,0.70711,1,4,0,0
1765409426.311638,0.00052,0.04597,-0.01233,-0.00111,-0.00109,0.00042,0.57209,-0.00062,0.14055,0.00082,0.70711,-0.00011,0.70711,1,4,0,0
1765409426.313657,0.01592,0.03450,0.04046,0.00006,0.00126,-0.00010,0.57213,-0.00062,0.14055,0.00082,0.70711,-0.00011,0.70711,1,4,0,0
1765409426.315666,-0.01037,0.05114,-0.01265,0.00113,-0.00021,0.00028,0.57213,-0.00062,0.14055,0.00082,0.70711,-0.00011,0.70711,1,4,0,0
1765409426.317667,-0.00555,0.04232,0.03292,0.00015,0.00126,0.00032,0.57238,-0.00062,0.14056,0.00082,0.70709,-0.00011,0.70712,1,4,0,0
1765409426.319674,0.02915,0.03214,0.02568,-0.00062,0.00022,0.00055,0.57238,-0.00062,0.14056,0.00082,0.70709,-0.00011,0.70712,1,4,0,0
1765409426.321669,-0.00605,-0.02099,0.03469,0.00113,0.00056,0.00047,0.57238,-0.00062,0.14056,0.00082,0.70709,-0.00011,0.70712,1,4,0,0
1765409426.323664,-0.01659,0.01089,0.02668,-0.00132,0.00004,0.00101,0.57238,-0.00062,0.14056,0.00082,0.70709,-0.00011,0.70712,1,4,0,0
1765409426.325641,-0.00086,0.03004,0.01055,-0.00021,0.00084,0.00043,0.57238,-0.00062,0.14056,0.00082,0.70709,-0.00011,0.70712,1,4,0,0
1765409426.327661,0.03314,0.03488,0.02569,-0.00037,-0.00021,0.00068,0.57242,-0.00062,0.14056,0.00082,0.70709,-0.00011,0.70712,1,4,0,0
1765409426.329683,0.01548,0.02956,0.02560,0.00022,0.00115,0.00043,0.57242,-0.00062,0.14056,0.00082,0.70709,-0.00011,0.70712,1,4,0,0
1765409426.331638,-0.00171,0.02104,-0.00420,0.00077,-0.00003,0.00070,0.57242,-0.00062,0.14056,0.00082,0.70709,-0.00011,0.70712,1,4,0,0
1765409426.333656,-0.01888,-0.00770,-0.03405,0.00173,-0.00006,-0.00011,0.57242,-0.00062,0.14056,0.00082,0.70709,-0.00011,0.70712,1,4,0,0
1765409426.335721,-0.00818,0.01143,0.02639,-0.00066,-0.00046,0.00019,0.57242,-0.00062,0.14056,0.00082,0.70709,-0.00011,0.70712,1,4,0,0
1765409426.337652,-0.00495,0.02271,0.03354,-0.00030,0.00089,0.00046,0.57242,-0.00062,0.14056,0.00082,0.70709,-0.00011,0.70712,1,4,0,0
1765409426.339654,0.01948,0.02242,0.04099,0.00057,0.00085,0.00044,0.57242,-0.00062,0.14056,0.00082,0.70709,-0.00011,0.70712,1,4,0,0
1765409426.341650,0.02896,0.01249,0.01846,-0.00020,0.00036,0.00028,0.57242,-0.00062,0.14056,0.00082,0.70709,-0.00011,0.70712,1,4,0,0
1765409426.343667,-0.01975,0.00242,-0.01890,0.00229,-0.00031,0.00044,0.57242,-0.00062,0.14056,0.00082,0.70709,-0.00011,0.70712,1,4,0,0
1765409426.345642,0.00338,0.00937,0.01876,0.00063,-0.00085,0.00004,0.57246,-0.00062,0.14056,0.00082,0.70709,-0.00011,0.70712,1,4,0,0
1765409426.347640,0.00358,0.02277,0.02595,-0.00030,0.00054,0.00044,0.57246,-0.00062,0.14056,0.00082,0.70709,-0.00011,0.70712,1,4,0,0
1765409426.349649,0.00323,0.03725,-0.05025,-0.00034,0.00067,0.00078,0.57251,-0.00062,0.14056,0.00082,0.70709,-0.00011,0.70712,1,4,0,0
1765409426.351649,-0.01890,0.02377,0.04896,-0.00248,-0.00072,0.00009,0.57251,-0.00062,0.14056,0.00082,0.70709,-0.00011,0.70712,1,4,0,0
1765409426.353658,-0.01799,0.01187,-0.01920,0.00066,-0.00034,0.00017,0.57255,-0.00062,0.14056,0.00082,0.70709,-0.00011,0.70713,1,4,0,0
1765409426.355646,-0.00525,0.00833,0.03396,0.00018,0.00053,0.00046,0.57255,-0.00062,0.14056,0.00082,0.70709,-0.00011,0.70713,1,4,0,0
1765409426.357678,0.00129,0.03310,0.01807,0.00179,0.00068,0.00057,0.57259,-0.00062,0.14056,0.00082,0.70708,-0.00011,0.70713,1,4,0,0
1765409426.359683,-0.01473,0.03806,0.04853,0.00076,0.00075,0.00088,0.57259,-0.00062,0.14056,0.00082,0.70708,-0.00011,0.70713,1,4,0,0
1765409426.361699,0.00302,0.01333,0.01858,0.00046,0.00029,0.00031,0.57263,-0.00062,0.14056,0.00082,0.70708,-0.00011,0.70713,1,4,0,0
1765409426.363692,0.00851,-0.00304,-0.00360,-0.00018,-0.00128,0.00016,0.57263,-0.00062,0.14056,0.00082,0.70708,-0.00011,0.70713,1,4,0,0
1765409426.365693,0.02155,-0.00640,-0.02650,-0.00065,-0.00067,-0.00001,0.57287,-0.00062,0.14057,0.00082,0.70708,-0.00011,0.70713,1,4,0,0
1765409426.367687,-0.02315,-0.00749,0.04984,-0.00198,-0.00141,-0.00003,0.57287,-0.00062,0.14057,0.00082,0.70708,-0.00011,0.70713,1,4,0,0
1765409426.369688,0.00375,0.02763,0.01040,-0.00024,0.00078,-0.00011,0.57287,-0.00062,0.14057,0.00082,0.70708,-0.00011,0.70713,1,4,0,0
1765409426.371689,-0.00947,0.04466,0.01014,-0.00026,0.00131,0.00044,0.57287,-0.00062,0.14057,0.00082,0.70708,-0.00011,0.70713,1,4,0,0
1765409426.373682,-0.00009,0.01031,-0.00420,-0.00067,0.00072,0.00016,0.57287,-0.00062,0.14057,0.00082,0.70708,-0.00011,0.70713,1,4,0,0
1765409426.376163,-0.00281,0.00093,0.00363,0.00184,0.00101,0.00043,0.57287,-0.00062,0.14057,0.00082,0.70708,-0.00011,0.70713,1,4,0,0
1765409426.377697,-0.00521,0.01258,-0.01153,-0.00042,0.00092,0.00110,0.57287,-0.00062,0.14057,0.00082,0.70708,-0.00011,0.70713,1,4,0,0
1765409426.379675,-0.01746,0.02068,0.01827,-0.00011,0.00091,-0.00008,0.57287,-0.00062,0.14057,0.00082,0.70708,-0.00011,0.70713,1,4,0,0
1765409426.381680,0.00672,0.02511,-0.00435,0.00038,0.00063,0.00095,0.57287,-0.00062,0.14057,0.00082,0.70708,-0.00011,0.70713,1,4,0,0
1765409426.383687,0.01559,0.01069,0.03372,0.00065,0.00027,0.00017,0.57287,-0.00062,0.14057,0.00082,0.70708,-0.00011,0.70713,1,4,0,0
1765409426.385692,-0.00849,0.01069,0.00328,-0.00045,0.00068,-0.00023,0.57287,-0.00062,0.14057,0.00082,0.70708,-0.00011,0.70713,1,4,0,0
1765409426.387700,-0.00032,0.02081,-0.03450,-0.00054,-0.00029,0.00067,0.57287,-0.00062,0.14057,0.00082,0.70708,-0.00011,0.70713,1,4,0,0
1765409426.389697,-0.00273,0.02823,0.04917,-0.00242,-0.00091,0.00115,0.57291,-0.00062,0.14057,0.00082,0.70708,-0.00011,0.70714,1,4,0,0
1765409426.391689,0.00750,0.01034,0.01128,-0.00023,0.00038,0.00097,0.57291,-0.00062,0.14057,0.00082,0.70708,-0.00011,0.70714,1,4,0,0
1765409426.393762,0.02854,0.03247,0.05606,0.00004,0.00010,0.00058,0.57295,-0.00062,0.14057,0.00082,0.70708,-0.00011,0.70714,1,4,0,0
1765409426.395727,-0.00070,0.05026,0.03304,-0.00040,0.00006,0.00072,0.57295,-0.00062,0.14057,0.00082,0.70708,-0.00011,0.70714,1,4,0,0
1765409426.397685,0.00648,0.02513,0.03361,0.00060,0.00076,0.00098,0.57299,-0.00062,0.14057,0.00082,0.70707,-0.00011,0.70714,1,4,0,0
1765409426.399699,0.01617,0.05051,0.00268,-0.00018,-0.00077,0.00068,0.57299,-0.00062,0.14057,0.00082,0.70707,-0.00011,0.70714,1,4,0,0
1765409426.401698,-0.00735,0.00361,0.01124,0.00209,0.00094,0.00058,0.57303,-0.00062,0.14057,0.00082,0.70707,-0.00011,0.70714,1,4,0,0
1765409426.403720,-0.01050,0.00605,-0.01146,0.00102,0.00060,0.00070,0.57303,-0.00062,0.14057,0.00082,0.70707,-0.00011,0.70714,1,4,0,0
1765409426.405720,0.01548,0.00108,0.03412,0.00075,-0.00010,0.00045,0.57308,-0.00062,0.14057,0.00082,0.70707,-0.00011,0.70714,1,4,0,0
1765409426.407701,-0.00197,0.04079,-0.01978,0.00079,-0.00016,0.00095,0.57308,-0.00062,0.14057,0.00082,0.70707,-0.00011,0.70714,1,4,0,0
1765409426.409697,-0.03096,0.00663,0.01144,-0.00290,-0.00069,-0.00006,0.57327,-0.00062,0.14058,0.00082,0.70707,-0.00011,0.70715,1,4,0,0
1765409426.411712,-0.02510,0.03138,0.00346,-0.00107,-0.00064,0.00086,0.57327,-0.00062,0.14058,0.00082,0.70707,-0.00011,0.70715,1,4,0,0
1765409426.413705,-0.00406,-0.02240,-0.01817,-0.00150,0.00106,0.00124,0.57327,-0.00062,0.14058,0.00082,0.70707,-0.00011,0.70715,1,4,0,0
1765409426.415729,0.00758,-0.01915,0.02706,0.00007,0.00052,0.00059,0.57327,-0.00062,0.14058,0.00082,0.70707,-0.00011,0.70715,1,4,0,0
1765409426.417710,0.02992,0.01723,-0.01929,-0.00146,-0.00015,0.00093,0.57327,-0.00062,0.14058,0.00082,0.70707,-0.00011,0.70715,1,4,0,0
1765409426.419704,0.05461,0.03686,0.00284,-0.00078,-0.00046,0.00078,0.57327,-0.00062,0.14058,0.00082,0.70707,-0.00011,0.70715,1,4,0,0
1765409426.421716,0.02431,0.05510,0.01018,-0.00012,-0.00062,0.00094,0.57327,-0.00062,0.14058,0.00082,0.70707,-0.00011,0.70715,1,4,0,0
1765409426.423749,-0.00244,0.04522,0.01789,0.00106,0.00072,0.00084,0.57327,-0.00062,0.14058,0.00082,0.70707,-0.00011,0.70715,1,4,0,0
1765409426.425713,-0.00522,-0.00095,-0.00354,0.00029,-0.00035,0.00071,0.57327,-0.00062,0.14058,0.00082,0.70707,-0.00011,0.70715,1,4,0,0
1765409426.427763,0.01145,0.01740,0.01843,0.00007,0.00096,0.00056,0.57327,-0.00062,0.14058,0.00082,0.70707,-0.00011,0.70715,1,4,0,0
1765409426.429701,0.01690,0.01074,0.04178,-0.00088,-0.00062,0.00099,0.57332,-0.00062,0.14058,0.00082,0.70707,-0.00011,0.70714,1,4,0,0
1765409426.431710,0.01968,0.04770,-0.01262,0.00044,-0.00018,0.00053,0.57332,-0.00062,0.14058,0.00082,0.70707,-0.00011,0.70714,1,4,0,0
1765409426.433779,0.04639,0.04687,-0.02768,-0.00110,-0.00062,0.00090,0.57336,-0.00062,0.14058,0.00082,0.70707,-0.00011,0.70715,1,4,0,0
1765409426.435781,-0.00500,0.02320,0.00324,-0.00008,0.00026,0.00044,0.57336,-0.00062,0.14058,0.00082,0.70707,-0.00011,0.70715,1,4,0,0
1765409426.437784,-0.02522,0.00072,-0.01893,-0.00101,0.00090,0.00044,0.57340,-0.00062,0.14058,0.00082,0.70706,-0.00011,0.70715,1,4,0,0
1765409426.439721,-0.02577,-0.00358,0.03411,0.00003,0.00077,-0.00019,0.57340,-0.00062,0.14058,0.00082,0.70706,-0.00011,0.70715,1,4,0,0
1765409426.441734,-0.00862,0.01646,0.01117,-0.00038,-0.00058,0.00045,0.57340,-0.00062,0.14058,0.00082,0.70706,-0.00011,0.70715,1,4,0,0
1765409426.443769,-0.00398,0.00850,-0.00407,-0.00069,0.00000,0.00003,0.57344,-0.00062,0.14058,0.00082,0.70706,-0.00011,0.70715,1,4,0,0
1765409426.445769,0.02054,0.02196,0.01063,-0.00053,0.00097,0.00041,0.57348,-0.00062,0.14058,0.00082,0.70706,-0.00011,0.70715,1,4,0,0
1765409426.447854,0.01213,0.01791,0.06412,-0.00036,0.00018,0.00060,0.57348,-0.00062,0.14058,0.00082,0.70706,-0.00011,0.70715,1,4,0,0
1765409426.449728,0.01672,0.01531,-0.01941,-0.00061,0.00001,0.00040,0.57352,-0.00062,0.14058,0.00082,0.70706,-0.00011,0.70715,1,4,0,0
1765409426.451782,0.00690,0.00650,0.01123,0.00103,-0.00038,0.00030,0.57372,-0.00062,0.14058,0.00082,0.70706,-0.00011,0.70715,1,4,0,0
1765409426.453755,-0.02312,0.01428,-0.01928,0.00134,0.00010,0.00030,0.57372,-0.00062,0.14058,0.00082,0.70706,-0.00011,0.70715,1,4,0,0
1765409426.455786,0.00222,0.02733,0.02579,0.00063,0.00131,0.00071,0.57372,-0.00062,0.14058,0.00082,0.70706,-0.00011,0.70715,1,4,0,0
1765409426.457748,-0.00107,0.03448,0.03305,-0.00016,0.00159,0.00031,0.57372,-0.00062,0.14058,0.00082,0.70706,-0.00011,0.70715,1,4,0,0
1765409426.459776,0.01466,0.04486,0.00246,0.00106,0.00077,0.00040,0.57372,-0.00062,0.14058,0.00082,0.70706,-0.00011,0.70715,1,4,0,0
1765409426.461748,0.00500,0.02336,0.01838,-0.00117,-0.00050,0.00004,0.57372,-0.00062,0.14058,0.00082,0.70706,-0.00011,0.70715,1,4,0,0
1765409426.463789,0.00649,-0.00381,0.01132,0.00134,0.00039,0.00017,0.57372,-0.00062,0.14058,0.00082,0.70706,-0.00011,0.70715,1,4,0,0
1765409426.465744,-0.00547,0.00764,-0.00395,-0.00005,0.00117,0.00084,0.57372,-0.00062,0.14058,0.00082,0.70706,-0.00011,0.70715,1,4,0,0
1765409426.467768,-0.00563,0.06178,-0.02808,-0.00027,0.00113,0.00094,0.57372,-0.00062,0.14058,0.00082,0.70706,-0.00011,0.70715,1,4,0,0
1765409426.469778,-0.00069,0.05478,0.00205,-0.00013,0.00093,-0.00025,0.57376,-0.00062,0.14058,0.00082,0.70706,-0.00011,0.70715,1,4,0,0
1765409426.471829,0.00375,0.02885,0.01837,-0.00001,-0.00087,0.00031,0.57376,-0.00062,0.14058,0.00082,0.70706,-0.00011,0.70715,1,4,0,0
1765409426.473746,0.01648,-0.02413,0.07228,0.00022,0.00078,-0.00046,0.57376,-0.00062,0.14058,0.00082,0.70706,-0.00011,0.70715,1,4,0,0
1765409426.475776,0.00296,-0.01661,0.03446,0.00053,0.00083,0.00033,0.57376,-0.00062,0.14058,0.00082,0.70706,-0.00011,0.70715,1,4,0,0
1765409426.477758,0.01206,0.00834,-0.03419,-0.00026,-0.00043,0.00080,0.57380,-0.00062,0.14058,0.00082,0.70706,-0.00011,0.70715,1,4,0,0
1765409426.479768,0.00244,0.02783,0.01088,0.00042,0.00043,0.00110,0.57380,-0.00062,0.14058,0.00082,0.70706,-0.00011,0.70715,1,4,0,0
1765409426.481763,-0.01545,0.05375,-0.05084,0.00204,0.00010,-0.00001,0.57380,-0.00062,0.14058,0.00082,0.70706,-0.00011,0.70715,1,4,0,0
1765409426.483767,0.00320,0.02802,-0.00458,0.00020,0.00028,0.00028,0.57384,-0.00062,0.14059,0.00082,0.70706,-0.00011,0.70716,1,4,0,0
1765409426.485769,0.01181,0.04191,0.01009,-0.00029,0.00105,0.00028,0.57388,-0.00062,0.14059,0.00082,0.70706,-0.00011,0.70716,1,4,0,0
1765409426.487820,-0.01032,0.00272,0.11025,-0.00317,0.00046,0.00067,0.57388,-0.00062,0.14059,0.00082,0.70706,-0.00011,0.70716,1,4,0,0
1765409426.489883,-0.00367,-0.03174,-0.00304,-0.00118,0.00079,0.00031,0.57392,-0.00062,0.14058,0.00082,0.70706,-0.00011,0.70716,1,4,0,0
1765409426.491821,-0.01368,0.00427,0.03411,0.00057,-0.00013,0.00021,0.57412,-0.00062,0.14059,0.00082,0.70706,-0.00011,0.70716,1,4,0,0
1765409426.493777,-0.00452,0.02333,-0.04263,-0.00008,0.00024,-0.00041,0.57412,-0.00062,0.14059,0.00082,0.70706,-0.00011,0.70716,1,4,0,0
1765409426.495786,-0.02507,0.00671,0.07996,-0.00093,-0.00037,0.00079,0.57412,-0.00062,0.14059,0.00082,0.70706,-0.00011,0.70716,1,4,0,0
1765409426.497767,-0.00016,0.04975,0.01022,-0.00107,0.00044,0.00070,0.57412,-0.00062,0.14059,0.00082,0.70706,-0.00011,0.70716,1,4,0,0
1765409426.499780,0.02750,0.03723,0.03317,0.00075,0.00049,0.00082,0.57412,-0.00062,0.14059,0.00082,0.70706,-0.00011,0.70716,1,4,0,0
1765409426.501780,-0.03357,-0.02782,0.01961,-0.00026,0.00038,-0.00032,0.57412,-0.00062,0.14059,0.00082,0.70706,-0.00011,0.70716,1,4,0,0
1765409426.503777,-0.01376,-0.00096,-0.00372,0.00050,0.00013,0.00031,0.57412,-0.00062,0.14059,0.00082,0.70706,-0.00011,0.70716,1,4,0,0
1765409426.505800,-0.02107,0.00898,0.04917,-0.00047,0.00008,0.00009,0.57412,-0.00062,0.14059,0.00082,0.70706,-0.00011,0.70716,1,4,0,0
1765409426.507793,0.02728,0.05881,0.05578,-0.00336,-0.00028,0.00125,0.57412,-0.00062,0.14059,0.00082,0.70706,-0.00011,0.70716,1,4,0,0
1765409426.509795,0.00831,0.03604,0.02594,-0.00058,-0.00105,0.00071,0.57412,-0.00062,0.14059,0.00082,0.70706,-0.00011,0.70716,1,4,0,0
1765409426.511781,-0.00435,-0.00099,0.01875,0.00006,0.00000,-0.00049,0.57412,-0.00062,0.14059,0.00082,0.70706,-0.00011,0.70716,1,4,0,0
1765409426.513780,0.02287,0.01240,0.04901,-0.00239,-0.00007,0.00032,0.57416,-0.00062,0.14059,0.00082,0.70706,-0.00011,0.70716,1,4,0,0
1765409426.515789,-0.00959,0.01569,0.02653,-0.00017,0.00033,0.00127,0.57416,-0.00062,0.14059,0.00082,0.70706,-0.00011,0.70716,1,4,0,0
1765409426.517787,0.00747,0.05428,0.02527,-0.00057,0.00085,0.00097,0.57420,-0.00062,0.14059,0.00082,0.70706,-0.00011,0.70716,1,4,0,0
1765409426.519787,-0.03137,0.00523,0.00348,0.00188,-0.00019,-0.00061,0.57420,-0.00062,0.14059,0.00082,0.70706,-0.00011,0.70716,1,4,0,0
1765409426.521790,0.00423,0.03685,0.00255,-0.00101,0.00127,0.00002,0.57424,-0.00062,0.14058,0.00082,0.70706,-0.00011,0.70716,1,4,0,0
1765409426.523798,0.00234,0.00822,-0.01115,0.00040,0.00008,0.00163,0.57424,-0.00062,0.14058,0.00082,0.70706,-0.00011,0.70716,1,4,0,0
1765409426.525794,-0.01358,0.01866,-0.01929,0.00008,-0.00001,0.00056,0.57428,-0.00062,0.14058,0.00082,0.70706,-0.00011,0.70715,1,4,0,0
1765409426.527825,0.02800,0.00763,0.01840,0.00083,0.00075,0.00001,0.57432,-0.00062,0.14058,0.00082,0.70706,-0.00011,0.70715,1,4,0,0
1765409426.530383,0.00630,-0.00703,0.07262,-0.00285,-0.00023,0.00090,0.57432,-0.00062,0.14058,0.00082,0.70706,-0.00011,0.70715,1,4,0,0
1765409426.531821,0.01984,0.02196,-0.01203,-0.00009,0.00098,0.00080,0.57452,-0.00062,0.14058,0.00082,0.70706,-0.00011,0.70715,1,4,0,0
1765409426.533808,-0.00994,0.03041,0.02594,0.00023,0.00070,0.00086,0.57452,-0.00062,0.14058,0.00082,0.70706,-0.00011,0.70715,1,4,0,0
1765409426.535826,-0.02520,0.05527,0.01795,-0.00144,0.00023,0.00100,0.57452,-0.00062,0.14058,0.00082,0.70706,-0.00011,0.70715,1,4,0,0
1765409426.537818,0.02697,0.04123,0.03334,0.00037,0.00128,0.00190,0.57452,-0.00062,0.14058,0.00082,0.70706,-0.00011,0.70715,1,4,0,0
1765409426.539816,0.01171,0.02740,0.02569,-0.00003,0.00081,0.00030,0.57452,-0.00062,0.14058,0.00082,0.70706,-0.00011,0.70715,1,4,0,0
1765409426.541820,0.00815,-0.02380,-0.00341,0.00001,0.00026,-0.00011,0.57452,-0.00062,0.14058,0.00082,0.70706,-0.00011,0.70715,1,4,0,0
1765409426.543808,-0.00318,0.04322,0.03360,-0.00202,-0.00104,0.00113,0.57452,-0.00062,0.14058,0.00082,0.70706,-0.00011,0.70715,1,4,0,0
1765409426.545823,-0.01762,0.05034,0.00305,-0.00084,0.00003,0.00152,0.57452,-0.00062,0.14058,0.00082,0.70706,-0.00011,0.70715,1,4,0,0
1765409426.547806,-0.00825,0.00615,-0.00368,-0.00094,-0.00032,0.00071,0.57452,-0.00062,0.14058,0.00082,0.70706,-0.00011,0.70715,1,4,0,0
1765409426.549828,-0.02617,-0.03258,0.01232,0.00055,0.00005,0.00021,0.57452,-0.00062,0.14058,0.00082,0.70706,-0.00011,0.70715,1,4,0,0
1765409426.551838,0.02960,0.01222,0.03366,-0.00086,0.00048,0.00029,0.57452,-0.00062,0.14058,0.00082,0.70706,-0.00011,0.70715,1,4,0,0
1765409426.553832,0.01249,0.05724,0.04800,-0.00097,0.00002,0.00071,0.57456,-0.00062,0.14058,0.00082,0.70706,-0.00011,0.70715,1,4,0,0
1765409426.555826,0.00789,0.02586,0.03328,0.00017,-0.00004,-0.00023,0.57456,-0.00062,0.14058,0.00082,0.70706,-0.00011,0.70715,1,4,0,0
1765409426.557834,-0.03423,0.04682,-0.02778,0.00020,-0.00043,-0.00037,0.57456,-0.00062,0.14058,0.00082,0.70706,-0.00011,0.70715,1,4,0,0
1765409426.559841,0.00646,0.00037,0.01119,0.00096,0.00115,0.00043,0.57460,-0.00062,0.14058,0.00082,0.70706,-0.00011,0.70715,1,4,0,0
1765409426.561853,0.00266,0.00114,0.05724,-0.00297,-0.00109,0.00049,0.57460,-0.00062,0.14058,0.00082,0.70706,-0.00011,0.70715,1,4,0,0
1765409426.563836,0.02002,-0.00171,-0.01129,0.00028,-0.00014,0.00068,0.57464,-0.00062,0.14058,0.00082,0.70706,-0.00011,0.70715,1,4,0,0
1765409426.565839,0.01641,0.03086,0.00273,0.00023,-0.00040,-0.00039,0.57464,-0.00062,0.14058,0.00082,0.70706,-0.00011,0.70715,1,4,0,0
1765409426.567919,0.01126,0.03243,0.01048,0.00025,0.00069,0.00055,0.57468,-0.00062,0.14058,0.00082,0.70706,-0.00011,0.70715,1,4,0,0
1765409426.569854,0.02021,0.03165,0.01798,-0.00041,0.00122,0.00055,0.57468,-0.00062,0.14058,0.00082,0.70706,-0.00011,0.70715,1,4,0,0
1765409426.571865,-0.01611,0.02147,0.03405,-0.00141,-0.00087,0.00075,0.57488,-0.00062,0.14057,0.00082,0.70707,-0.00011,0.70714,1,4,0,0
1765409426.573851,-0.01706,0.06067,-0.00516,-0.00072,-0.00026,0.00043,0.57488,-0.00062,0.14057,0.00082,0.70707,-0.00011,0.70714,1,4,0,0
1765409426.575855,-0.00939,0.00656,0.04150,0.00059,0.00006,-0.00006,0.57488,-0.00062,0.14057,0.00082,0.70707,-0.00011,0.70714,1,4,0,0
1765409426.577857,-0.00277,0.03509,0.01042,0.00138,0.00124,0.00070,0.57488,-0.00062,0.14057,0.00082,0.70707,-0.00011,0.70714,1,4,0,0
1765409426.579857,0.02611,0.02110,0.00322,0.00121,0.00219,0.00161,0.57488,-0.00062,0.14057,0.00082,0.70707,-0.00011,0.70714,1,4,0,0
1765409426.581849,-0.00756,0.01600,-0.01919,-0.00148,-0.00046,0.00043,0.57488,-0.00062,0.14057,0.00082,0.70707,-0.00011,0.70714,1,4,0,0
1765409426.583858,-0.00468,-0.01129,-0.01876,-0.00006,0.00028,0.00016,0.57488,-0.00062,0.14057,0.00082,0.70707,-0.00011,0.70714,1,4,0,0
1765409426.585854,-0.02463,0.02568,-0.03441,-0.00180,-0.00000,0.00097,0.57488,-0.00062,0.14057,0.00082,0.70707,-0.00011,0.70714,1,4,0,0
1765409426.587862,-0.00002,0.00551,-0.01158,-0.00073,0.00047,0.00029,0.57488,-0.00062,0.14057,0.00082,0.70707,-0.00011,0.70714,1,4,0,0
1765409426.589955,0.01151,0.05240,0.01739,0.00028,0.00054,0.00002,0.57488,-0.00062,0.14057,0.00082,0.70707,-0.00011,0.70714,1,4,0,0
1765409426.591939,-0.00515,0.02783,0.01818,-0.00002,0.00076,0.00031,0.57492,-0.00062,0.14057,0.00082,0.70707,-0.00011,0.70714,1,4,0,0
1765409426.593853,0.03106,0.05599,0.05587,-0.00317,0.00007,0.00151,0.57492,-0.00062,0.14057,0.00082,0.70707,-0.00011,0.70714,1,4,0,0
1765409426.595876,-0.00862,-0.00334,0.01914,-0.00018,-0.00031,0.00019,0.57496,-0.00062,0.14057,0.00082,0.70707,-0.00011,0.70714,1,4,0,0
1765409426.597886,0.00741,0.00533,-0.00429,0.00036,0.00100,-0.00012,0.57500,-0.00062,0.14057,0.00082,0.70707,-0.00011,0.70714,1,4,0,0
1765409426.599892,0.00377,0.00753,-0.01892,-0.00092,0.00056,0.00122,0.57500,-0.00062,0.14057,0.00082,0.70707,-0.00011,0.70714,1,4,0,0
1765409426.601875,-0.01250,0.01830,0.01870,-0.00101,0.00010,0.00059,0.57500,-0.00062,0.14057,0.00082,0.70707,-0.00011,0.70714,1,4,0,0
1765409426.603883,-0.00009,-0.01956,-0.03369,-0.00081,0.00088,0.00055,0.57504,-0.00062,0.14057,0.00082,0.70708,-0.00011,0.70713,1,4,0,0
1765409426.605874,-0.01043,0.00623,-0.01902,0.00103,0.00034,0.00070,0.57504,-0.00062,0.14057,0.00082,0.70708,-0.00011,0.70713,1,4,0,0
1765409426.607878,0.00407,0.04313,0.03348,-0.00093,-0.00075,0.00112,0.57508,-0.00062,0.14057,0.00082,0.70708,-0.00011,0.70714,1,4,0,0
1765409426.609889,0.01854,0.03717,0.03349,0.00075,0.00062,0.00164,0.57508,-0.00062,0.14057,0.00082,0.70708,-0.00011,0.70714,1,4,0,0
1765409426.611894,0.02006,0.04253,0.03294,0.00016,0.00019,0.00029,0.57529,-0.00062,0.14057,0.00082,0.70708,-0.00011,0.70714,1,4,0,0
1765409426.613872,0.00390,-0.00675,0.00378,-0.00022,0.00055,0.00003,0.57529,-0.00062,0.14057,0.00082,0.70708,-0.00011,0.70714,1,4,0,0
1765409426.615881,0.01629,0.03522,0.00317,-0.00058,-0.00038,0.00109,0.57529,-0.00062,0.14057,0.00082,0.70708,-0.00011,0.70714,1,4,0,0
1765409426.617889,0.02413,0.06889,0.02483,-0.00039,0.00064,0.00095,0.57529,-0.00062,0.14057,0.00082,0.70708,-0.00011,0.70714,1,4,0,0
1765409426.619882,-0.01904,0.01089,-0.01907,0.00086,0.00083,0.00097,0.57529,-0.00062,0.14057,0.00082,0.70708,-0.00011,0.70714,1,4,0,0
1765409426.621890,-0.01340,0.00866,-0.01929,0.00018,0.00037,0.00003,0.57529,-0.00062,0.14057,0.00082,0.70708,-0.00011,0.70714,1,4,0,0
1765409426.623888,-0.00966,0.00159,0.02629,0.00097,0.00032,-0.00034,0.57529,-0.00062,0.14057,0.00082,0.70708,-0.00011,0.70714,1,4,0,0
1765409426.625893,-0.01426,0.02121,0.07211,-0.00316,-0.00115,0.00078,0.57529,-0.00062,0.14057,0.00082,0.70708,-0.00011,0.70714,1,4,0,0
1765409426.627899,0.01162,0.02144,0.03348,-0.00053,0.00184,0.00084,0.57529,-0.00062,0.14057,0.00082,0.70708,-0.00011,0.70714,1,4,0,0
1765409426.629920,0.00873,0.01524,0.01896,-0.00148,-0.00014,0.00125,0.57529,-0.00062,0.14057,0.00082,0.70708,-0.00011,0.70714,1,4,0,0
1765409426.631901,-0.00760,0.00673,0.00369,-0.00093,-0.00085,-0.00009,0.57533,-0.00062,0.14056,0.00082,0.70708,-0.00011,0.70713,1,4,0,0
1765409426.633888,-0.03174,0.03886,-0.02004,0.00142,0.00056,0.00003,0.57533,-0.00062,0.14056,0.00082,0.70708,-0.00011,0.70713,1,4,0,0
1765409426.635890,-0.00976,0.02032,0.01092,0.00011,0.00096,0.00071,0.57537,-0.00062,0.14056,0.00082,0.70708,-0.00011,0.70713,1,4,0,0
1765409426.637894,-0.00542,0.02204,0.03358,-0.00031,0.00167,0.00086,0.57537,-0.00062,0.14056,0.00082,0.70708,-0.00011,0.70713,1,4,0,0
1765409426.639890,-0.01349,-0.02578,-0.00298,0.00020,0.00015,0.00059,0.57541,-0.00062,0.14056,0.00082,0.70709,-0.00011,0.70713,1,4,0,0
1765409426.641892,-0.00471,0.00910,0.01134,-0.00003,-0.00062,0.00045,0.57541,-0.00062,0.14056,0.00082,0.70709,-0.00011,0.70713,1,4,0,0
1765409426.643928,-0.00002,0.03530,0.00288,-0.00081,0.00019,0.00029,0.57545,-0.00062,0.14056,0.00082,0.70709,-0.00011,0.70713,1,4,0,0
1765409426.645888,0.01438,0.04405,0.01768,0.00083,0.00166,0.00082,0.57549,-0.00062,0.14056,0.00082,0.70709,-0.00011,0.70713,1,4,0,0
1765409426.647956,-0.00098,0.00978,0.04917,-0.00046,0.00137,0.00101,0.57549,-0.00062,0.14056,0.00082,0.70709,-0.00011,0.70713,1,4,0,0
1765409426.649933,-0.00149,-0.00945,-0.01876,0.00040,0.00101,0.00069,0.57565,-0.00062,0.14056,0.00082,0.70708,-0.00011,0.70713,1,4,0,0
1765409426.651959,-0.00104,-0.00737,-0.01135,0.00130,-0.00105,-0.00051,0.57565,-0.00062,0.14056,0.00082,0.70708,-0.00011,0.70713,1,4,0,0
1765409426.653920,-0.02471,0.02575,0.01821,-0.00114,0.00061,-0.00021,0.57565,-0.00062,0.14056,0.00082,0.70708,-0.00011,0.70713,1,4,0,0
1765409426.655941,-0.01528,0.02600,0.07201,-0.00245,-0.00076,0.00105,0.57565,-0.00062,0.14056,0.00082,0.70708,-0.00011,0.70713,1,4,0,0
1765409426.657924,0.00293,0.04704,0.02546,-0.00022,0.00091,0.00097,0.57565,-0.00062,0.14056,0.00082,0.70708,-0.00011,0.70713,1,4,0,0
1765409426.659929,0.02423,0.01530,0.01089,0.00027,0.00017,0.00041,0.57565,-0.00062,0.14056,0.00082,0.70708,-0.00011,0.70713,1,4,0,0
1765409426.661929,0.02802,-0.02630,-0.00371,0.00151,0.00039,-0.00067,0.57565,-0.00062,0.14056,0.00082,0.70708,-0.00011,0.70713,1,4,0,0
1765409426.663934,0.01512,0.03480,0.02562,0.00050,0.00077,0.00070,0.57565,-0.00062,0.14056,0.00082,0.70708,-0.00011,0.70713,1,4,0,0
1765409426.665985,0.01182,0.06096,0.07831,-0.00115,0.00143,0.00141,0.57565,-0.00062,0.14056,0.00082,0.70708,-0.00011,0.70713,1,4,0,0
1765409426.667962,-0.01362,0.02409,-0.04201,0.00015,-0.00077,0.00082,0.57569,-0.00062,0.14057,0.00082,0.70708,-0.00011,0.70713,1,4,0,0
1765409426.669940,0.00485,0.03905,0.00313,-0.00098,-0.00177,0.00043,0.57569,-0.00062,0.14057,0.00082,0.70708,-0.00011,0.70713,1,4,0,0
1765409426.671926,0.00302,-0.02548,-0.01889,0.00151,0.00018,-0.00106,0.57573,-0.00062,0.14057,0.00082,0.70708,-0.00011,0.70713,1,4,0,0
1765409426.673925,0.02485,0.03496,0.02537,-0.00015,0.00026,-0.00012,0.57573,-0.00062,0.14057,0.00082,0.70708,-0.00011,0.70713,1,4,0,0
1765409426.676008,-0.00175,0.03446,0.04095,0.00006,0.00149,0.00113,0.57578,-0.00062,0.14057,0.00082,0.70708,-0.00011,0.70713,1,4,0,0
1765409426.677979,-0.00409,0.05206,-0.03534,-0.00148,0.00049,0.00080,0.57578,-0.00062,0.14057,0.00082,0.70708,-0.00011,0.70713,1,4,0,0
1765409426.679940,-0.01391,0.00374,0.02624,0.00078,0.00075,-0.00021,0.57582,-0.00062,0.14057,0.00082,0.70708,-0.00011,0.70714,1,4,0,0
1765409426.681985,-0.00859,0.01589,-0.00410,-0.00060,0.00006,0.00044,0.57582,-0.00062,0.14057,0.00082,0.70708,-0.00011,0.70714,1,4,0,0
1765409426.683939,-0.01367,0.02278,0.02595,-0.00008,0.00112,0.00046,0.57582,-0.00062,0.14057,0.00082,0.70708,-0.00011,0.70714,1,4,0,0
1765409426.685937,0.01539,0.04348,0.04045,-0.00027,0.00203,0.00084,0.57606,-0.00062,0.14057,0.00082,0.70707,-0.00011,0.70714,1,4,0,0
1765409426.687945,0.01480,0.02453,0.01089,0.00038,0.00105,0.00136,0.57610,-0.00062,0.14058,0.00082,0.70707,-0.00011,0.70714,1,4,0,0
1765409426.689951,0.00763,0.01573,-0.01179,0.00005,-0.00001,0.00041,0.57610,-0.00062,0.14058,0.00082,0.70707,-0.00011,0.70714,1,4,0,0
1765409426.691986,0.01083,0.02761,0.03343,0.00063,0.00070,0.00071,0.57610,-0.00062,0.14058,0.00082,0.70707,-0.00011,0.70714,1,4,0,0
1765409426.693944,-0.00907,0.00038,-0.01906,-0.00036,0.00109,0.00043,0.57610,-0.00062,0.14058,0.00082,0.70707,-0.00011,0.70714,1,4,0,0
1765409426.695957,-0.01090,0.03709,0.10960,-0.00318,0.00045,0.00133,0.57610,-0.00062,0.14058,0.00082,0.70707,-0.00011,0.70714,1,4,0,0
1765409426.697952,-0.01742,0.00644,0.00373,-0.00006,0.00004,0.00032,0.57610,-0.00062,0.14058,0.00082,0.70707,-0.00011,0.70714,1,4,0,0
1765409426.699965,0.00661,-0.00335,-0.01934,0.00178,0.00013,-0.00067,0.57610,-0.00062,0.14058,0.00082,0.70707,-0.00011,0.70714,1,4,0,0
1765409426.701967,0.01365,0.00249,0.07211,-0.00186,0.00043,0.00061,0.57610,-0.00062,0.14058,0.00082,0.70707,-0.00011,0.70714,1,4,0,0
1765409426.703962,0.02858,0.04174,0.03318,-0.00050,0.00048,0.00109,0.57610,-0.00062,0.14058,0.00082,0.70707,-0.00011,0.70714,1,4,0,0
1765409426.706002,0.00769,0.03490,0.00330,-0.00081,0.00011,0.00150,0.57610,-0.00062,0.14058,0.00082,0.70707,-0.00011,0.70714,1,4,0,0
1765409426.707955,-0.01627,0.02684,-0.02720,-0.00069,-0.00101,-0.00025,0.57610,-0.00062,0.14058,0.00082,0.70707,-0.00011,0.70714,1,4,0,0
1765409426.709957,-0.02152,-0.00582,0.01913,0.00001,0.00022,0.00007,0.57610,-0.00062,0.14058,0.00082,0.70707,-0.00011,0.70714,1,4,0,0
1765409426.711962,0.01669,0.01460,-0.00433,-0.00084,0.00089,0.00041,0.57614,-0.00062,0.14058,0.00082,0.70707,-0.00011,0.70714,1,4,0,0
1765409426.713979,0.00750,0.04389,0.01760,-0.00048,0.00174,0.00042,0.57614,-0.00062,0.14058,0.00082,0.70707,-0.00011,0.70714,1,4,0,0
1765409426.715951,0.01552,0.04401,0.05537,0.00018,0.00176,0.00004,0.57618,-0.00062,0.14058,0.00082,0.70707,-0.00011,0.70715,1,4,0,0
1765409426.717982,-0.01382,-0.01029,-0.02642,0.00104,-0.00025,-0.00024,0.57618,-0.00062,0.14058,0.00082,0.70707,-0.00011,0.70715,1,4,0,0
1765409426.719961,-0.02082,-0.01092,0.00416,-0.00071,0.00009,0.00019,0.57622,-0.00062,0.14058,0.00082,0.70707,-0.00011,0.70715,1,4,0,0
1765409426.722011,-0.04183,-0.01316,0.01978,-0.00118,0.00011,0.00090,0.57622,-0.00062,0.14058,0.00082,0.70707,-0.00011,0.70715,1,4,0,0
1765409426.724034,0.01150,0.06138,0.01760,-0.00070,0.00093,0.00136,0.57622,-0.00062,0.14058,0.00082,0.70707,-0.00011,0.70715,1,4,0,0
1765409426.725997,-0.00290,0.06026,-0.00545,0.00168,0.00071,0.00041,0.57626,-0.00062,0.14058,0.00082,0.70707,-0.00011,0.70714,1,4,0,0
1765409426.727987,-0.01430,0.05863,-0.00557,0.00122,0.00007,-0.00052,0.57635,-0.00062,0.14058,0.00082,0.70707,-0.00011,0.70715,1,4,0,0
1765409426.729992,-0.01028,0.00053,0.01866,0.00096,0.00160,0.00005,0.57650,-0.00062,0.14057,0.00082,0.70708,-0.00011,0.70714,1,4,0,0
1765409426.731992,-0.03408,0.00105,0.08000,-0.00078,0.00088,0.00094,0.57650,-0.00062,0.14057,0.00082,0.70708,-0.00011,0.70714,1,4,0,0
1765409426.733980,-0.02329,-0.02530,-0.02578,0.00152,0.00027,0.00058,0.57650,-0.00062,0.14057,0.00082,0.70708,-0.00011,0.70714,1,4,0,0
1765409426.735985,0.00372,0.03802,0.01807,-0.00033,-0.00011,0.00044,0.57650,-0.00062,0.14057,0.00082,0.70708,-0.00011,0.70714,1,4,0,0
1765409426.738059,-0.00055,0.00547,-0.03459,-0.00008,0.00085,-0.00013,0.57654,-0.00062,0.14057,0.00082,0.70708,-0.00011,0.70714,1,4,0,0
1765409426.740016,-0.00178,0.03445,-0.01239,0.00028,0.00161,0.00068,0.57654,-0.00062,0.14057,0.00082,0.70708,-0.00011,0.70714,1,4,0,0
1765409426.741982,0.00204,0.01625,0.05704,-0.00256,-0.00147,0.00089,0.57654,-0.00062,0.14057,0.00082,0.70708,-0.00011,0.70714,1,4,0,0
1765409426.743995,-0.00489,0.02269,-0.02684,-0.00074,0.00040,0.00122,0.57654,-0.00062,0.14057,0.00082,0.70708,-0.00011,0.70714,1,4,0,0
1765409426.746009,-0.02625,-0.00301,0.01156,0.00048,0.00003,0.00020,0.57654,-0.00062,0.14057,0.00082,0.70708,-0.00011,0.70714,1,4,0,0
1765409426.747975,-0.01304,0.01330,-0.03469,-0.00020,0.00061,-0.00012,0.57654,-0.00062,0.14057,0.00082,0.70708,-0.00011,0.70714,1,4,0,0
1765409426.749978,-0.00544,0.00835,-0.01903,0.00018,0.00029,0.00083,0.57654,-0.00062,0.14057,0.00082,0.70708,-0.00011,0.70714,1,4,0,0
1765409426.752025,0.02850,0.05642,0.02518,-0.00054,0.00060,0.00108,0.57654,-0.00062,0.14057,0.00082,0.70708,-0.00011,0.70714,1,4,0,0
1765409426.754004,0.00321,0.02299,0.00336,-0.00008,0.00017,0.00083,0.57654,-0.00062,0.14057,0.00082,0.70708,-0.00011,0.70714,1,4,0,0
1765409426.755995,-0.00482,0.03801,0.01789,-0.00012,0.00037,0.00004,0.57658,-0.00062,0.14057,0.00082,0.70707,-0.00011,0.70714,1,4,0,0
1765409426.757997,-0.00163,0.03487,0.01806,0.00028,0.00110,0.00071,0.57658,-0.00062,0.14057,0.00082,0.70707,-0.00011,0.70714,1,4,0,0
1765409426.759997,-0.00957,0.00529,0.01887,-0.00008,0.00122,0.00072,0.57662,-0.00062,0.14057,0.00083,0.70708,-0.00011,0.70714,1,4,0,0
1765409426.762025,-0.01739,-0.01843,0.02741,-0.00036,0.00007,0.00102,0.57662,-0.00062,0.14057,0.00083,0.70708,-0.00011,0.70714,1,4,0,0
1765409426.763993,-0.01004,-0.02792,-0.01854,0.00148,0.00035,-0.00037,0.57666,-0.00062,0.14057,0.00082,0.70708,-0.00011,0.70713,1,4,0,0
1765409426.766012,0.00979,0.02245,0.00313,0.00144,0.00123,0.00082,0.57666,-0.00062,0.14057,0.00082,0.70708,-0.00011,0.70713,1,4,0,0
1765409426.768022,0.01913,0.06592,0.03265,-0.00021,0.00135,0.00163,0.57670,-0.00062,0.14057,0.00083,0.70708,-0.00011,0.70714,1,4,0,0
1765409426.770096,-0.01702,-0.00434,-0.01138,-0.00063,0.00106,0.00017,0.57670,-0.00062,0.14057,0.00083,0.70708,-0.00011,0.70714,1,4,0,0
1765409426.772032,-0.01737,-0.00385,0.06443,0.00003,0.00092,-0.00017,0.57674,-0.00062,0.14057,0.00082,0.70708,-0.00011,0.70713,1,4,0,0
1765409426.774025,-0.02890,0.01362,0.01139,-0.00151,0.00005,0.00074,0.57674,-0.00062,0.14057,0.00082,0.70708,-0.00011,0.70713,1,4,0,0
1765409426.776026,0.01071,0.02303,0.02589,0.00101,0.00045,0.00043,0.57678,-0.00062,0.14057,0.00083,0.70708,-0.00011,0.70714,1,4,0,0
1765409426.778018,-0.00894,0.02560,-0.02730,-0.00027,0.00043,0.00015,0.57678,-0.00062,0.14057,0.00083,0.70708,-0.00011,0.70714,1,4,0,0
1765409426.780028,-0.01024,0.00609,-0.00384,0.00081,0.00047,0.00071,0.57682,-0.00062,0.14057,0.00082,0.70708,-0.00011,0.70713,1,4,0,0
1765409426.782043,-0.02239,0.03278,0.02577,0.00004,0.00122,0.00060,0.57686,-0.00062,0.14057,0.00082,0.70708,-0.00011,0.70714,1,4,0,0
1765409426.784025,-0.02464,0.04992,0.05590,-0.00194,0.00073,0.00076,0.57706,-0.00062,0.14057,0.00082,0.70708,-0.00011,0.70713,1,4,0,0
1765409426.786035,0.00460,0.01296,0.00345,-0.00108,0.00015,0.00030,0.57710,-0.00062,0.14057,0.00082,0.70708,-0.00011,0.70713,1,4,0,0
1765409426.788030,-0.03107,-0.01027,-0.02642,0.00126,0.00034,-0.00023,0.57710,-0.00062,0.14057,0.00082,0.70708,-0.00011,0.70713,1,4,0,0
1765409426.790228,0.00780,0.00492,0.01882,-0.00052,0.00101,0.00071,0.57710,-0.00062,0.14057,0.00082,0.70708,-0.00011,0.70713,1,4,0,0
1765409426.792041,-0.00289,0.04050,0.02531,0.00188,0.00098,0.00017,0.57710,-0.00062,0.14057,0.00082,0.70708,-0.00011,0.70713,1,4,0,0
1765409426.794028,-0.01358,0.01257,0.01072,0.00001,0.00176,-0.00009,0.57710,-0.00062,0.14057,0.00082,0.70708,-0.00011,0.70713,1,4,0,0
1765409426.796047,-0.01898,0.02038,0.03366,0.00076,0.00145,0.00074,0.57710,-0.00062,0.14057,0.00082,0.70708,-0.00011,0.70713,1,4,0,0
1765409426.798047,0.00377,0.03732,-0.00446,-0.00100,0.00028,0.00123,0.57710,-0.00062,0.14057,0.00082,0.70708,-0.00011,0.70713,1,4,0,0
1765409426.800046,0.00357,-0.00567,0.02671,0.00045,-0.00059,0.00005,0.57710,-0.00062,0.14057,0.00082,0.70708,-0.00011,0.70713,1,4,0,0
1765409426.802056,-0.00862,0.01649,0.03396,-0.00038,-0.00058,0.00047,0.57710,-0.00062,0.14057,0.00082,0.70708,-0.00011,0.70713,1,4,0,0
1765409426.804053,0.02446,0.02451,0.01820,-0.00028,0.00079,0.00055,0.57710,-0.00062,0.14057,0.00082,0.70708,-0.00011,0.70713,1,4,0,0
1765409426.806064,-0.01797,0.03543,0.01803,0.00007,0.00091,0.00032,0.57710,-0.00062,0.14057,0.00082,0.70708,-0.00011,0.70713,1,4,0,0
1765409426.808063,-0.00573,0.01270,0.02606,0.00045,0.00142,0.00032,0.57710,-0.00062,0.14057,0.00082,0.70708,-0.00011,0.70713,1,4,0,0
1765409426.810052,-0.00342,0.00794,-0.01912,-0.00157,0.00026,0.00042,0.57710,-0.00062,0.14057,0.00082,0.70708,-0.00011,0.70713,1,4,0,0
1765409426.812063,0.02988,0.02648,-0.00457,-0.00156,0.00073,0.00066,0.57710,-0.00062,0.14057,0.00082,0.70708,-0.00011,0.70713,1,4,0,0
1765409426.814047,0.00860,0.01054,-0.02639,-0.00132,-0.00051,0.00135,0.57714,-0.00062,0.14057,0.00082,0.70708,-0.00011,0.70713,1,4,0,0
1765409426.816065,-0.01999,0.00369,0.07958,-0.00141,0.00031,-0.00015,0.57714,-0.00062,0.14057,0.00082,0.70708,-0.00011,0.70713,1,4,0,0
1765409426.818072,-0.02242,-0.02044,-0.01868,0.00114,0.00049,-0.00036,0.57718,-0.00062,0.14057,0.00082,0.70708,-0.00011,0.70714,1,4,0,0
1765409426.820070,0.01227,0.04173,0.01787,-0.00094,0.00093,0.00069,0.57718,-0.00062,0.14057,0.00082,0.70708,-0.00011,0.70714,1,4,0,0
1765409426.822081,0.00791,0.00576,0.00396,-0.00051,-0.00025,0.00110,0.57722,-0.00062,0.14057,0.00082,0.70708,-0.00011,0.70713,1,4,0,0
1765409426.824075,-0.02154,0.00330,0.02660,-0.00054,0.00086,0.00061,0.57722,-0.00062,0.14057,0.00082,0.70708,-0.00011,0.70713,1,4,0,0
1765409426.826102,-0.00447,0.00414,-0.03420,-0.00009,-0.00062,0.00014,0.57730,-0.00062,0.14057,0.00082,0.70707,-0.00011,0.70714,1,4,0,0
1765409426.828089,-0.00559,0.02305,0.03337,0.00058,0.00089,0.00005,0.57754,-0.00062,0.14057,0.00082,0.70707,-0.00011,0.70714,1,4,0,0
1765409426.830075,-0.00031,0.07429,0.02445,-0.00077,0.00091,0.00003,0.57754,-0.00062,0.14057,0.00082,0.70707,-0.00011,0.70714,1,4,0,0
1765409426.832069,0.04117,0.06323,0.00988,-0.00090,0.00070,0.00146,0.57754,-0.00062,0.14057,0.00082,0.70707,-0.00011,0.70714,1,4,0,0
1765409426.834893,-0.03355,0.02166,0.04165,-0.00097,-0.00041,0.00077,0.57754,-0.00062,0.14057,0.00082,0.70707,-0.00011,0.70714,1,4,0,0
1765409426.836114,-0.02194,-0.04468,-0.01783,0.00084,-0.00025,-0.00008,0.57754,-0.00062,0.14057,0.00082,0.70707,-0.00011,0.70714,1,4,0,0
1765409426.838104,-0.02874,-0.03288,0.02727,0.00274,0.00135,0.00022,0.57754,-0.00062,0.14057,0.00082,0.70707,-0.00011,0.70714,1,4,0,0
1765409426.840117,-0.00029,0.03461,0.05591,-0.00081,0.00120,0.00033,0.57754,-0.00062,0.14057,0.00082,0.70707,-0.00011,0.70714,1,4,0,0
1765409426.842106,0.00344,0.08549,0.01681,-0.00129,0.00177,0.00109,0.57754,-0.00062,0.14057,0.00082,0.70707,-0.00011,0.70714,1,4,0,0
1765409426.844095,-0.00741,0.06470,-0.00522,-0.00220,0.00001,0.00069,0.57754,-0.00062,0.14057,0.00082,0.70707,-0.00011,0.70714,1,4,0,0
1765409426.846122,-0.00139,0.01144,0.00347,0.00087,-0.00016,0.00017,0.57754,-0.00062,0.14057,0.00082,0.70707,-0.00011,0.70714,1,4,0,0
1765409426.848142,-0.01792,0.00144,0.03424,0.00031,0.00030,0.00048,0.57754,-0.00062,0.14057,0.00082,0.70707,-0.00011,0.70714,1,4,0,0
1765409426.850090,-0.01444,-0.01715,-0.00325,0.00031,0.00169,0.00112,0.57754,-0.00062,0.14057,0.00082,0.70707,-0.00011,0.70714,1,4,0,0
1765409426.852107,-0.02150,0.01894,0.04155,-0.00035,-0.00017,0.00062,0.57754,-0.00062,0.14057,0.00082,0.70707,-0.00011,0.70714,1,4,0,0
1765409426.854088,-0.01825,0.00191,-0.03423,0.00097,-0.00007,0.00002,0.57754,-0.00062,0.14057,0.00082,0.70707,-0.00011,0.70714,1,4,0,0
1765409426.856084,0.01132,0.01785,0.00294,0.00073,0.00082,-0.00026,0.57754,-0.00062,0.14057,0.00082,0.70707,-0.00011,0.70714,1,4,0,0
1765409426.858114,-0.01490,0.05257,0.01754,0.00093,0.00124,0.00044,0.57758,-0.00062,0.14057,0.00082,0.70707,-0.00011,0.70714,1,4,0,0
1765409426.860081,-0.00671,0.02561,0.08696,-0.00245,-0.00036,0.00064,0.57758,-0.00062,0.14057,0.00082,0.70707,-0.00011,0.70714,1,4,0,0
1765409426.862104,0.00310,0.02334,0.00341,0.00014,-0.00021,0.00083,0.57762,-0.00062,0.14057,0.00082,0.70707,-0.00011,0.70714,1,4,0,0
1765409426.864084,-0.02167,0.01489,0.02649,0.00026,-0.00106,0.00034,0.57762,-0.00062,0.14057,0.00082,0.70707,-0.00011,0.70714,1,4,0,0
1765409426.866119,-0.02509,0.00742,-0.01901,-0.00027,-0.00101,-0.00009,0.57766,-0.00062,0.14057,0.00082,0.70707,-0.00011,0.70714,1,4,0,0
1765409426.868131,-0.01393,0.00287,0.01127,0.00011,0.00140,0.00059,0.57766,-0.00062,0.14057,0.00082,0.70707,-0.00011,0.70714,1,4,0,0
1765409426.870125,0.00390,-0.00765,0.01937,-0.00110,0.00108,0.00126,0.57770,-0.00062,0.14057,0.00082,0.70708,-0.00011,0.70714,1,4,0,0
1765409426.872116,0.00848,-0.02358,-0.00335,-0.00021,-0.00013,-0.00011,0.57770,-0.00062,0.14057,0.00082,0.70708,-0.00011,0.70714,1,4,0,0
1765409426.874123,0.02522,0.00606,0.00365,-0.00028,-0.00085,0.00028,0.57774,-0.00062,0.14056,0.00082,0.70708,-0.00011,0.70713,1,4,0,0
1765409426.876175,0.01185,0.04628,0.00241,-0.00067,0.00156,0.00054,0.57774,-0.00062,0.14056,0.00082,0.70708,-0.00011,0.70713,1,4,0,0
1765409426.878146,-0.02410,0.00866,0.00351,0.00193,0.00126,0.00045,0.57802,-0.00062,0.14057,0.00082,0.70707,-0.00011,0.70714,1,4,0,0
1765409426.880123,-0.00756,0.01970,-0.01957,-0.00187,0.00105,0.00029,0.57802,-0.00062,0.14057,0.00082,0.70707,-0.00011,0.70714,1,4,0,0
1765409426.882133,-0.01294,-0.00136,0.02665,-0.00038,0.00037,0.00033,0.57802,-0.00062,0.14057,0.00082,0.70707,-0.00011,0.70714,1,4,0,0
1765409426.884105,0.01033,0.02820,-0.01967,0.00130,0.00008,0.00067,0.57802,-0.00062,0.14057,0.00082,0.70707,-0.00011,0.70714,1,4,0,0
1765409426.886130,0.02833,0.02748,-0.01954,-0.00002,-0.00013,0.00106,0.57802,-0.00062,0.14057,0.00082,0.70707,-0.00011,0.70714,1,4,0,0
1765409426.888137,0.00246,0.04229,0.01009,0.00059,0.00117,0.00029,0.57802,-0.00062,0.14057,0.00082,0.70707,-0.00011,0.70714,1,4,0,0
1765409426.890115,0.00251,0.01197,0.00314,0.00044,0.00208,0.00029,0.57802,-0.00062,0.14057,0.00082,0.70707,-0.00011,0.70714,1,4,0,0
1765409426.892124,-0.04198,0.02612,0.01120,-0.00136,0.00020,0.00102,0.57802,-0.00062,0.14057,0.00082,0.70707,-0.00011,0.70714,1,4,0,0
1765409426.894131,-0.02325,0.00885,-0.01900,0.00106,0.00050,0.00084,0.57802,-0.00062,0.14057,0.00082,0.70707,-0.00011,0.70714,1,4,0,0
1765409426.896113,0.01192,-0.00054,0.01153,0.00051,-0.00120,0.00030,0.57802,-0.00062,0.14057,0.00082,0.70707,-0.00011,0.70714,1,4,0,0
1765409426.898131,-0.02405,-0.00800,0.07265,-0.00155,-0.00063,0.00039,0.57802,-0.00062,0.14057,0.00082,0.70707,-0.00011,0.70714,1,4,0,0
1765409426.900118,-0.01907,0.02512,-0.00453,0.00082,0.00170,0.00057,0.57802,-0.00062,0.14057,0.00082,0.70707,-0.00011,0.70714,1,4,0,0
1765409426.902174,0.00855,0.05870,0.01026,-0.00205,0.00072,0.00163,0.57802,-0.00062,0.14057,0.00082,0.70707,-0.00011,0.70714,1,4,0,0
1765409426.904141,-0.02109,0.02789,0.02624,-0.00133,0.00046,0.00114,0.57802,-0.00062,0.14057,0.00082,0.70707,-0.00011,0.70714,1,4,0,0
1765409426.906193,0.01284,0.02334,-0.02688,-0.00095,-0.00096,0.00080,0.57806,-0.00062,0.14057,0.00082,0.70707,-0.00011,0.70714,1,4,0,0
1765409426.908140,-0.01388,-0.03032,-0.00313,0.00102,0.00015,-0.00008,0.57806,-0.00062,0.14057,0.00082,0.70707,-0.00011,0.70714,1,4,0,0
1765409426.910165,0.01597,0.01894,0.03349,-0.00056,0.00179,0.00070,0.57810,-0.00062,0.14057,0.00082,0.70707,-0.00011,0.70714,1,4,0,0
1765409426.912167,0.00713,0.04904,0.00260,-0.00042,0.00125,0.00109,0.57810,-0.00062,0.14057,0.00082,0.70707,-0.00011,0.70714,1,4,0,0
1765409426.914139,0.02053,0.02315,-0.00419,-0.00029,-0.00068,0.00081,0.57814,-0.00062,0.14057,0.00082,0.70707,-0.00011,0.70714,1,4,0,0
1765409426.916126,-0.01749,0.03666,-0.05768,0.00008,-0.00087,0.00026,0.57814,-0.00062,0.14057,0.00082,0.70707,-0.00011,0.70714,1,4,0,0
1765409426.918135,0.00778,0.00613,-0.02655,-0.00006,-0.00051,0.00068,0.57818,-0.00062,0.14057,0.00083,0.70707,-0.00011,0.70714,1,4,0,0
1765409426.920135,-0.00258,0.00871,0.02699,-0.00244,-0.00127,0.00127,0.57818,-0.00062,0.14057,0.00083,0.70707,-0.00011,0.70714,1,4,0,0
1765409426.922183,-0.01789,-0.00912,-0.00346,-0.00003,0.00095,0.00072,0.57822,-0.00062,0.14057,0.00082,0.70707,-0.00011,0.70714,1,4,0,0
1765409426.924143,-0.01767,0.02993,0.01056,-0.00043,0.00142,0.00045,0.57822,-0.00062,0.14057,0.00082,0.70707,-0.00011,0.70714,1,4,0,0
1765409426.926157,0.00414,0.02302,-0.01971,-0.00052,0.00015,0.00001,0.57826,-0.00062,0.14057,0.00083,0.70707,-0.00011,0.70714,1,4,0,0
1765409426.928236,0.00475,0.00845,0.02631,-0.00091,-0.00023,0.00005,0.57854,-0.00062,0.14057,0.00082,0.70706,-0.00011,0.70715,1,4,0,0
1765409426.930158,-0.00221,0.03954,0.01797,0.00056,0.00149,0.00097,0.57854,-0.00062,0.14057,0.00082,0.70706,-0.00011,0.70715,1,4,0,0
1765409426.932149,0.02851,0.03649,0.02590,-0.00078,0.00062,0.00163,0.57854,-0.00062,0.14057,0.00082,0.70706,-0.00011,0.70715,1,4,0,0
1765409426.934165,0.01188,0.02712,-0.01972,-0.00047,0.00082,0.00067,0.57854,-0.00062,0.14057,0.00082,0.70706,-0.00011,0.70715,1,4,0,0
1765409426.936246,-0.01439,0.02292,0.01055,0.00079,0.00138,0.00004,0.57854,-0.00062,0.14057,0.00082,0.70706,-0.00011,0.70715,1,4,0,0
1765409426.938156,-0.04369,-0.01273,0.01175,0.00101,0.00062,0.00009,0.57854,-0.00062,0.14057,0.00082,0.70706,-0.00011,0.70715,1,4,0,0
1765409426.940162,-0.01022,0.03957,0.04080,0.00012,0.00158,0.00100,0.57854,-0.00062,0.14057,0.00082,0.70706,-0.00011,0.70715,1,4,0,0
1765409426.942150,-0.02106,0.04852,0.04101,-0.00108,-0.00058,0.00102,0.57854,-0.00062,0.14057,0.00082,0.70706,-0.00011,0.70715,1,4,0,0
1765409426.944152,0.01495,0.03565,-0.00464,0.00095,-0.00024,0.00067,0.57854,-0.00062,0.14057,0.00082,0.70706,-0.00011,0.70715,1,4,0,0
1765409426.946152,-0.00495,-0.01006,-0.02618,0.00061,-0.00111,0.00016,0.57854,-0.00062,0.14057,0.00082,0.70706,-0.00011,0.70715,1,4,0,0
1765409426.948156,-0.02044,-0.03600,0.01988,-0.00102,0.00061,0.00008,0.57854,-0.00062,0.14057,0.00082,0.70706,-0.00011,0.70715,1,4,0,0
1765409426.950163,-0.00604,0.01960,0.03423,-0.00383,0.00016,0.00155,0.57854,-0.00062,0.14057,0.00082,0.70706,-0.00011,0.70715,1,4,0,0
1765409426.952161,0.01593,0.04926,0.04044,-0.00041,0.00088,0.00070,0.57854,-0.00062,0.14057,0.00082,0.70706,-0.00011,0.70715,1,4,0,0
1765409426.954306,0.00828,0.04513,0.01062,-0.00112,-0.00041,0.00123,0.57854,-0.00062,0.14057,0.00082,0.70706,-0.00011,0.70715,1,4,0,0
1765409426.956150,-0.00930,-0.02735,-0.01822,0.00084,-0.00079,0.00004,0.57854,-0.00062,0.14057,0.00082,0.70706,-0.00011,0.70715,1,4,0,0
1765409426.958187,-0.00042,0.01490,-0.03448,-0.00083,0.00086,0.00081,0.57859,-0.00062,0.14058,0.00082,0.70706,-0.00011,0.70715,1,4,0,0
1765409426.960164,-0.00955,-0.01444,0.07240,0.00012,0.00148,0.00050,0.57859,-0.00062,0.14058,0.00082,0.70706,-0.00011,0.70715,1,4,0,0
1765409426.962180,0.00034,0.01933,0.02607,-0.00165,0.00134,0.00072,0.57863,-0.00062,0.14058,0.00082,0.70706,-0.00011,0.70715,1,4,0,0
1765409426.964167,-0.02362,0.01172,0.05693,-0.00197,-0.00078,0.00024,0.57863,-0.00062,0.14058,0.00082,0.70706,-0.00011,0.70715,1,4,0,0
1765409426.966180,-0.00856,0.03651,0.01067,-0.00035,-0.00098,0.00031,0.57867,-0.00062,0.14058,0.00082,0.70706,-0.00011,0.70715,1,4,0,0
1765409426.968215,0.04161,0.02977,0.02585,-0.00043,-0.00030,0.00081,0.57867,-0.00062,0.14058,0.00082,0.70706,-0.00011,0.70715,1,4,0,0
1765409426.970207,0.00316,0.02238,0.00290,0.00013,0.00130,0.00002,0.57867,-0.00062,0.14058,0.00082,0.70706,-0.00011,0.70715,1,4,0,0
1765409426.972194,0.00706,0.04895,0.02518,-0.00020,0.00162,0.00070,0.57871,-0.00062,0.14058,0.00082,0.70706,-0.00011,0.70715,1,4,0,0
1765409426.974199,-0.01657,0.00544,-0.00396,-0.00117,0.00092,0.00031,0.57900,-0.00062,0.14059,0.00082,0.70705,-0.00011,0.70716,1,4,0,0
1765409426.976194,-0.02197,0.02390,-0.01924,-0.00007,-0.00029,0.00084,0.57900,-0.00062,0.14059,0.00082,0.70705,-0.00011,0.70716,1,4,0,0
1765409426.978247,-0.00494,0.01344,-0.03452,0.00002,0.00014,0.00027,0.57900,-0.00062,0.14059,0.00082,0.70705,-0.00011,0.70716,1,4,0,0
1765409426.980208,0.01559,0.00070,0.01129,0.00053,0.00028,0.00043,0.57900,-0.00062,0.14059,0.00082,0.70705,-0.00011,0.70716,1,4,0,0
1765409426.982196,0.01630,0.03024,0.00335,-0.00064,-0.00037,0.00122,0.57900,-0.00062,0.14059,0.00082,0.70705,-0.00011,0.70716,1,4,0,0
1765409426.984206,-0.00134,0.03073,0.02581,0.00045,0.00021,0.00045,0.57900,-0.00062,0.14059,0.00082,0.70705,-0.00011,0.70716,1,4,0,0
1765409426.986318,-0.03928,0.02458,-0.01951,0.00081,-0.00009,0.00005,0.57900,-0.00062,0.14059,0.00082,0.70705,-0.00011,0.70716,1,4,0,0
1765409426.988219,0.00394,0.01251,0.00333,-0.00064,0.00092,0.00029,0.57900,-0.00062,0.14059,0.00082,0.70705,-0.00011,0.70716,1,4,0,0
1765409426.990190,0.00765,0.02432,0.00319,-0.00072,0.00126,0.00096,0.57900,-0.00062,0.14059,0.00082,0.70705,-0.00011,0.70716,1,4,0,0
1765409426.992216,0.00306,-0.00210,0.01886,0.00027,0.00107,0.00031,0.57900,-0.00062,0.14059,0.00082,0.70705,-0.00011,0.70716,1,4,0,0
1765409426.994184,0.02934,0.02699,0.01825,-0.00090,0.00035,0.00068,0.57900,-0.00062,0.14059,0.00082,0.70705,-0.00011,0.70716,1,4,0,0
1765409426.996208,-0.01402,0.01389,-0.00411,0.00068,0.00012,0.00031,0.57900,-0.00062,0.14059,0.00082,0.70705,-0.00011,0.70716,1,4,0,0
1765409426.998195,-0.04798,0.02708,0.04916,-0.00288,-0.00113,0.00025,0.57900,-0.00062,0.14059,0.00082,0.70705,-0.00011,0.70716,1,4,0,0
1765409427.000204,-0.00661,0.04258,0.01046,0.00081,0.00091,0.00111,0.57900,-0.00062,0.14059,0.00082,0.70705,-0.00011,0.70716,1,4,0,0
1765409427.002234,-0.01656,0.04008,0.00308,-0.00162,0.00039,0.00098,0.57904,-0.00062,0.14059,0.00082,0.70705,-0.00011,0.70716,1,4,0,0
1765409427.004206,0.01377,0.01275,0.01106,-0.00173,-0.00009,0.00030,0.57904,-0.00062,0.14059,0.00082,0.70705,-0.00011,0.70716,1,4,0,0
1765409427.006206,0.02875,0.02191,0.04079,-0.00009,0.00111,0.00002,0.57908,-0.00062,0.14059,0.00082,0.70705,-0.00011,0.70716,1,4,0,0
1765409427.008229,0.00852,-0.01428,-0.00344,-0.00075,0.00025,0.00043,0.57908,-0.00062,0.14059,0.00082,0.70705,-0.00011,0.70716,1,4,0,0
1765409427.010215,-0.00182,0.02502,-0.01955,0.00038,0.00099,0.00095,0.57912,-0.00062,0.14059,0.00082,0.70705,-0.00011,0.70717,1,4,0,0
1765409427.012209,-0.02204,0.03368,-0.01203,0.00005,-0.00005,0.00057,0.57912,-0.00062,0.14059,0.00082,0.70705,-0.00011,0.70717,1,4,0,0
1765409427.014228,-0.00072,0.02040,-0.02700,-0.00033,0.00034,0.00068,0.57916,-0.00062,0.14059,0.00082,0.70705,-0.00011,0.70717,1,4,0,0
1765409427.016213,-0.00886,0.04001,0.06358,-0.00075,0.00080,0.00062,0.57916,-0.00062,0.14059,0.00082,0.70705,-0.00011,0.70717,1,4,0,0
1765409427.018226,0.01673,0.05876,0.02488,-0.00117,0.00111,0.00042,0.57920,-0.00062,0.14059,0.00082,0.70705,-0.00011,0.70717,1,4,0,0
1765409427.020285,0.02811,0.06678,0.03227,0.00024,0.00046,0.00041,0.57920,-0.00062,0.14059,0.00082,0.70705,-0.00011,0.70717,1,4,0,0
1765409427.022287,0.01325,0.01278,0.03362,-0.00108,0.00029,-0.00009,0.57928,-0.00062,0.14059,0.00082,0.70705,-0.00011,0.70716,1,4,0,0
1765409427.024232,-0.02784,-0.03817,0.03524,0.00158,0.00122,0.00077,0.57952,-0.00062,0.14058,0.00082,0.70705,-0.00011,0.70716,1,4,0,0
1765409427.026216,-0.02551,0.00124,-0.01128,-0.00056,0.00040,0.00045,0.57952,-0.00062,0.14058,0.00082,0.70705,-0.00011,0.70716,1,4,0,0
1765409427.028373,-0.02591,0.01075,0.00363,-0.00045,0.00091,0.00059,0.57952,-0.00062,0.14058,0.00082,0.70705,-0.00011,0.70716,1,4,0,0
1765409427.030233,-0.00949,0.06304,-0.01234,-0.00396,-0.00174,0.00097,0.57952,-0.00062,0.14058,0.00082,0.70705,-0.00011,0.70716,1,4,0,0
1765409427.032249,0.00838,0.03494,0.01818,-0.00103,0.00022,0.00070,0.57952,-0.00062,0.14058,0.00082,0.70705,-0.00011,0.70716,1,4,0,0
1765409427.034382,0.03670,0.03156,0.04070,0.00003,0.00102,0.00055,0.57952,-0.00062,0.14058,0.00082,0.70705,-0.00011,0.70716,1,4,0,0
1765409427.036343,0.00783,0.03542,0.01822,-0.00036,-0.00016,0.00070,0.57952,-0.00062,0.14058,0.00082,0.70705,-0.00011,0.70716,1,4,0,0
1765409427.038368,-0.02134,0.01380,0.00356,-0.00041,0.00008,0.00032,0.57952,-0.00062,0.14058,0.00082,0.70705,-0.00011,0.70716,1,4,0,0
1765409427.040282,-0.03518,0.00143,0.01145,0.00053,0.00089,0.00048,0.57952,-0.00062,0.14058,0.00082,0.70705,-0.00011,0.70716,1,4,0,0
1765409427.042240,0.00787,0.00510,0.01126,-0.00051,0.00076,0.00070,0.57952,-0.00062,0.14058,0.00082,0.70705,-0.00011,0.70716,1,4,0,0
1765409427.044232,0.01644,0.03932,0.01046,-0.00097,0.00063,0.00095,0.57952,-0.00062,0.14058,0.00082,0.70705,-0.00011,0.70716,1,4,0,0
1765409427.046252,-0.00137,0.02130,0.01865,0.00056,-0.00041,0.00071,0.57952,-0.00062,0.14058,0.00082,0.70705,-0.00011,0.70716,1,4,0,0
1765409427.048244,0.00750,0.03022,0.01833,-0.00021,0.00024,0.00084,0.57952,-0.00062,0.14058,0.00082,0.70705,-0.00011,0.70716,1,4,0,0
1765409427.050237,-0.02160,0.01376,-0.00406,-0.00019,0.00021,0.00032,0.57952,-0.00062,0.14058,0.00082,0.70705,-0.00011,0.70716,1,4,0,0
1765409427.052231,-0.01002,0.03028,0.02573,0.00044,0.00107,0.00045,0.57952,-0.00062,0.14058,0.00082,0.70705,-0.00011,0.70716,1,4,0,0
1765409427.054239,0.00300,0.02245,0.02604,-0.00009,0.00093,0.00085,0.57956,-0.00062,0.14059,0.00082,0.70705,-0.00011,0.70716,1,4,0,0
1765409427.056231,-0.00681,0.00816,0.00326,0.00171,0.00143,0.00003,0.57956,-0.00062,0.14059,0.00082,0.70705,-0.00011,0.70716,1,4,0,0
1765409427.058250,-0.01045,0.00555,0.01884,0.00080,0.00123,0.00072,0.57960,-0.00062,0.14058,0.00082,0.70705,-0.00011,0.70716,1,4,0,0
1765409427.060253,0.01045,-0.01664,0.01141,0.00162,0.00111,-0.00011,0.57960,-0.00062,0.14058,0.00082,0.70705,-0.00011,0.70716,1,4,0,0
1765409427.062240,-0.05286,0.00727,-0.00382,0.00147,0.00059,0.00034,0.57960,-0.00062,0.14058,0.00082,0.70705,-0.00011,0.70716,1,4,0,0
1765409427.064273,-0.00738,0.04741,0.01798,0.00131,0.00117,0.00138,0.57964,-0.00062,0.14058,0.00082,0.70706,-0.00011,0.70716,1,4,0,0
1765409427.066252,-0.00051,0.02515,0.00353,-0.00093,0.00022,0.00137,0.57968,-0.00062,0.14058,0.00082,0.70705,-0.00011,0.70716,1,4,0,0
1765409427.068269,0.04218,0.05356,-0.00537,-0.00123,0.00056,0.00051,0.57968,-0.00062,0.14058,0.00082,0.70705,-0.00011,0.70716,1,4,0,0
1765409427.070296,0.03665,0.01717,0.00316,0.00029,0.00053,0.00053,0.57972,-0.00062,0.14058,0.00082,0.70706,-0.00011,0.70716,1,4,0,0
1765409427.072306,0.00295,-0.00174,0.01890,0.00049,0.00069,0.00031,0.58000,-0.00062,0.14058,0.00082,0.70707,-0.00011,0.70715,1,4,0,0
1765409427.074292,-0.00897,0.04534,0.06344,-0.00046,0.00041,0.00048,0.58004,-0.00062,0.14057,0.00082,0.70707,-0.00011,0.70715,1,4,0,0
1765409427.076272,0.00730,0.03530,-0.01981,0.00007,0.00011,0.00067,0.58004,-0.00062,0.14057,0.00082,0.70707,-0.00011,0.70715,1,4,0,0
1765409427.078321,-0.01753,0.03029,-0.00456,-0.00043,0.00091,0.00044,0.58004,-0.00062,0.14057,0.00082,0.70707,-0.00011,0.70715,1,4,0,0
1765409427.080269,0.00050,0.05016,-0.01245,-0.00150,-0.00033,0.00068,0.58004,-0.00062,0.14057,0.00082,0.70707,-0.00011,0.70715,1,4,0,0
1765409427.082261,-0.00474,0.00827,-0.01139,-0.00048,0.00015,0.00083,0.58004,-0.00062,0.14057,0.00082,0.70707,-0.00011,0.70715,1,4,0,0
1765409427.084274,0.02497,0.03946,0.01789,-0.00075,0.00039,0.00055,0.58004,-0.00062,0.14057,0.00082,0.70707,-0.00011,0.70715,1,4,0,0
1765409427.086294,-0.00873,0.00565,0.02640,-0.00051,0.00070,0.00033,0.58004,-0.00062,0.14057,0.00082,0.70707,-0.00011,0.70715,1,4,0,0
1765409427.088363,0.00376,0.00778,0.02613,-0.00026,0.00092,0.00004,0.58004,-0.00062,0.14057,0.00082,0.70707,-0.00011,0.70715,1,4,0,0
1765409427.090286,-0.01877,0.00615,0.04155,0.00103,0.00094,0.00035,0.58004,-0.00062,0.14057,0.00082,0.70707,-0.00011,0.70715,1,4,0,0
1765409427.092304,-0.00562,0.00864,0.02639,0.00062,0.00028,0.00046,0.58004,-0.00062,0.14057,0.00082,0.70707,-0.00011,0.70715,1,4,0,0
1765409427.094283,-0.00433,0.05220,0.04042,-0.00104,0.00073,0.00046,0.58004,-0.00062,0.14057,0.00082,0.70707,-0.00011,0.70715,1,4,0,0
1765409427.096294,0.00363,0.02215,0.01845,-0.00074,0.00105,0.00084,0.58004,-0.00062,0.14057,0.00082,0.70707,-0.00011,0.70715,1,4,0,0
1765409427.098280,0.00269,0.04649,-0.00520,-0.00001,0.00180,0.00054,0.58004,-0.00062,0.14057,0.00082,0.70707,-0.00011,0.70715,1,4,0,0
1765409427.100294,-0.02255,0.01383,0.00348,0.00068,0.00048,0.00032,0.58004,-0.00062,0.14057,0.00082,0.70707,-0.00011,0.70715,1,4,0,0
1765409427.102299,-0.01288,0.00875,-0.00405,-0.00025,0.00011,0.00004,0.58004,-0.00062,0.14057,0.00082,0.70707,-0.00011,0.70715,1,4,0,0
1765409427.104300,-0.00503,0.00389,0.01146,0.00013,-0.00023,0.00058,0.58004,-0.00062,0.14057,0.00082,0.70707,-0.00011,0.70715,1,4,0,0
1765409427.106290,-0.00449,0.01334,-0.01172,-0.00042,0.00013,0.00029,0.58008,-0.00062,0.14057,0.00082,0.70707,-0.00011,0.70715,1,4,0,0
1765409427.108303,-0.01880,0.03004,0.01845,0.00022,0.00132,0.00126,0.58008,-0.00062,0.14057,0.00082,0.70707,-0.00011,0.70715,1,4,0,0
1765409427.110321,-0.00046,0.00934,-0.01197,-0.00068,0.00199,0.00015,0.58008,-0.00062,0.14057,0.00082,0.70707,-0.00011,0.70715,1,4,0,0
1765409427.112317,0.02959,0.01712,0.01846,-0.00102,0.00036,0.00055,0.58012,-0.00062,0.14058,0.00082,0.70707,-0.00011,0.70715,1,4,0,0
1765409427.114296,-0.00420,-0.00566,0.01158,-0.00021,-0.00062,0.00005,0.58012,-0.00062,0.14058,0.00082,0.70707,-0.00011,0.70715,1,4,0,0
1765409427.116302,-0.02403,0.02872,0.00300,0.00195,0.00086,0.00031,0.58016,-0.00062,0.14057,0.00082,0.70707,-0.00011,0.70715,1,4,0,0
1765409427.118310,-0.00496,0.04756,0.04042,-0.00022,0.00074,0.00019,0.58016,-0.00062,0.14057,0.00082,0.70707,-0.00011,0.70715,1,4,0,0
1765409427.120332,0.02944,0.04648,0.00247,-0.00110,0.00059,0.00053,0.58020,-0.00062,0.14057,0.00082,0.70706,-0.00011,0.70715,1,4,0,0
1765409427.122308,0.01074,0.06711,0.00953,0.00067,0.00067,0.00041,0.58024,-0.00062,0.14057,0.00082,0.70707,-0.00011,0.70715,1,4,0,0
1765409427.124320,-0.02546,0.05024,0.01051,-0.00128,0.00037,0.00113,0.58044,-0.00062,0.14058,0.00082,0.70706,-0.00011,0.70715,1,4,0,0
1765409427.126303,-0.00188,-0.00345,0.04936,0.00135,0.00024,0.00021,0.58044,-0.00062,0.14058,0.00082,0.70706,-0.00011,0.70715,1,4,0,0
1765409427.128319,-0.02147,-0.02121,0.04220,-0.00018,0.00099,0.00009,0.58044,-0.00062,0.14058,0.00082,0.70706,-0.00011,0.70715,1,4,0,0
1765409427.131307,0.01538,-0.00984,0.01154,0.00040,0.00106,0.00070,0.58044,-0.00062,0.14058,0.00082,0.70706,-0.00011,0.70715,1,4,0,0
1765409427.132303,-0.01409,0.03721,-0.00489,0.00009,0.00163,0.00043,0.58044,-0.00062,0.14058,0.00082,0.70706,-0.00011,0.70715,1,4,0,0
1765409427.134309,-0.02613,0.03498,0.01817,-0.00059,0.00140,0.00073,0.58044,-0.00062,0.14058,0.00082,0.70706,-0.00011,0.70715,1,4,0,0
1765409427.136364,0.00287,0.03265,-0.01207,0.00004,0.00042,0.00095,0.58044,-0.00062,0.14058,0.00082,0.70706,-0.00011,0.70715,1,4,0,0
1765409427.138378,-0.02322,0.01201,0.01163,-0.00240,-0.00154,0.00061,0.58044,-0.00062,0.14058,0.00082,0.70706,-0.00011,0.70715,1,4,0,0
1765409427.140339,-0.02204,0.01389,-0.00407,0.00024,0.00022,0.00031,0.58044,-0.00062,0.14058,0.00082,0.70706,-0.00011,0.70715,1,4,0,0
1765409427.142371,0.01003,0.02660,-0.00439,0.00062,0.00174,0.00148,0.58044,-0.00062,0.14058,0.00082,0.70706,-0.00011,0.70715,1,4,0,0
1765409427.144350,0.01655,0.02045,0.01858,-0.00055,-0.00025,0.00070,0.58044,-0.00062,0.14058,0.00082,0.70706,-0.00011,0.70715,1,4,0,0
1765409427.146360,-0.00067,0.02121,0.02628,-0.00010,-0.00055,0.00072,0.58044,-0.00062,0.14058,0.00082,0.70706,-0.00011,0.70715,1,4,0,0
1765409427.148343,-0.00531,0.01807,0.04893,0.00008,0.00065,0.00061,0.58048,-0.00062,0.14058,0.00082,0.70706,-0.00011,0.70715,1,4,0,0
1765409427.150330,-0.01731,0.02090,-0.00410,-0.00054,0.00016,0.00071,0.58048,-0.00062,0.14058,0.00082,0.70706,-0.00011,0.70715,1,4,0,0
1765409427.152325,-0.00651,0.01003,0.04908,-0.00264,0.00066,0.00021,0.58052,-0.00062,0.14057,0.00082,0.70707,-0.00011,0.70715,1,4,0,0
1765409427.154335,-0.01956,0.01586,-0.01947,0.00158,0.00120,0.00043,0.58052,-0.00062,0.14057,0.00082,0.70707,-0.00011,0.70715,1,4,0,0
1765409427.156321,-0.05615,0.03796,0.06416,-0.00274,-0.00207,0.00001,0.58056,-0.00062,0.14057,0.00082,0.70707,-0.00011,0.70715,1,4,0,0
1765409427.158348,0.00306,0.04749,0.02536,-0.00000,0.00052,0.00057,0.58056,-0.00062,0.14057,0.00082,0.70707,-0.00011,0.70715,1,4,0,0
1765409427.160326,-0.01438,0.00427,0.01146,0.00100,-0.00012,0.00059,0.58060,-0.00062,0.14058,0.00082,0.70706,-0.00011,0.70715,1,4,0,0
1765409427.162374,0.00183,0.00787,-0.00437,0.00148,0.00145,0.00002,0.58060,-0.00062,0.14058,0.00082,0.70706,-0.00011,0.70715,1,4,0,0
1765409427.164488,-0.01362,-0.00750,0.04178,-0.00023,0.00204,0.00048,0.58064,-0.00062,0.14058,0.00082,0.70706,-0.00011,0.70715,1,4,0,0
1765409427.166368,-0.00995,0.00308,0.02661,-0.00316,-0.00005,0.00020,0.58064,-0.00062,0.14058,0.00082,0.70706,-0.00011,0.70715,1,4,0,0
1765409427.168387,0.02879,0.02742,0.02605,-0.00046,-0.00014,0.00109,0.58096,-0.00062,0.14058,0.00082,0.70706,-0.00011,0.70715,1,4,0,0
1765409427.170382,-0.03430,0.00245,0.01168,0.00010,-0.00064,0.00048,0.58096,-0.00062,0.14058,0.00082,0.70706,-0.00011,0.70715,1,4,0,0
1765409427.172343,-0.01284,0.01821,0.02589,-0.00036,0.00073,-0.00021,0.58096,-0.00062,0.14058,0.00082,0.70706,-0.00011,0.70715,1,4,0,0
1765409427.174362,-0.00074,0.01972,0.01086,-0.00056,0.00123,0.00070,0.58096,-0.00062,0.14058,0.00082,0.70706,-0.00011,0.70715,1,4,0,0
1765409427.176345,0.00339,-0.00191,-0.00387,0.00006,0.00069,0.00029,0.58096,-0.00062,0.14058,0.00082,0.70706,-0.00011,0.70715,1,4,0,0
1765409427.178497,0.00409,0.01290,0.01100,-0.00064,0.00041,0.00030,0.58096,-0.00062,0.14058,0.00082,0.70706,-0.00011,0.70715,1,4,0,0
1765409427.180356,0.01625,0.02962,0.00289,-0.00044,0.00076,0.00041,0.58096,-0.00062,0.14058,0.00082,0.70706,-0.00011,0.70715,1,4,0,0
1765409427.182350,-0.01126,0.01663,-0.02697,0.00203,0.00009,0.00042,0.58096,-0.00062,0.14058,0.00082,0.70706,-0.00011,0.70715,1,4,0,0
1765409427.184356,-0.00523,0.05659,0.04804,-0.00076,0.00138,0.00113,0.58096,-0.00062,0.14058,0.00082,0.70706,-0.00011,0.70715,1,4,0,0
1765409427.186342,-0.02740,0.01569,-0.02704,0.00092,0.00143,0.00043,0.58096,-0.00062,0.14058,0.00082,0.70706,-0.00011,0.70715,1,4,0,0
1765409427.188386,-0.02021,0.01862,0.00327,-0.00123,0.00006,-0.00022,0.58096,-0.00062,0.14058,0.00082,0.70706,-0.00011,0.70715,1,4,0,0
1765409427.190363,0.00336,0.01849,0.02623,0.00008,-0.00022,0.00058,0.58096,-0.00062,0.14058,0.00082,0.70706,-0.00011,0.70715,1,4,0,0
1765409427.192368,0.01190,0.01237,0.03364,-0.00021,0.00108,0.00031,0.58096,-0.00062,0.14058,0.00082,0.70706,-0.00011,0.70715,1,4,0,0
1765409427.194345,-0.03031,0.01877,-0.00406,-0.00013,0.00032,0.00059,0.58096,-0.00062,0.14058,0.00082,0.70706,-0.00011,0.70715,1,4,0,0
1765409427.196360,0.02036,0.04195,0.03306,-0.00050,0.00058,0.00070,0.58096,-0.00062,0.14058,0.00082,0.70706,-0.00011,0.70715,1,4,0,0
1765409427.198354,-0.01041,0.02844,0.04927,-0.00307,-0.00119,0.00116,0.58096,-0.00062,0.14058,0.00082,0.70706,-0.00011,0.70715,1,4,0,0
1765409427.200370,-0.00301,0.01849,0.05641,-0.00145,-0.00028,-0.00019,0.58100,-0.00062,0.14058,0.00082,0.70706,-0.00011,0.70716,1,4,0,0
1765409427.202370,0.01497,0.02951,0.03315,0.00066,0.00141,0.00043,0.58100,-0.00062,0.14058,0.00082,0.70706,-0.00011,0.70716,1,4,0,0
1765409427.204385,-0.03533,0.01604,0.04882,0.00071,0.00138,0.00010,0.58104,-0.00062,0.14058,0.00082,0.70706,-0.00011,0.70716,1,4,0,0
1765409427.206459,-0.01819,0.02984,-0.00468,0.00000,0.00168,0.00044,0.58104,-0.00062,0.14058,0.00082,0.70706,-0.00011,0.70716,1,4,0,0
1765409427.208470,-0.00483,0.03848,0.04870,-0.00033,-0.00051,0.00087,0.58108,-0.00062,0.14058,0.00082,0.70706,-0.00011,0.70716,1,4,0,0
1765409427.210364,0.03365,0.02983,-0.01948,-0.00108,-0.00058,0.00119,0.58108,-0.00062,0.14058,0.00082,0.70706,-0.00011,0.70716,1,4,0,0
1765409427.212370,-0.01314,0.01364,-0.00408,-0.00019,0.00011,0.00031,0.58112,-0.00062,0.14058,0.00082,0.70706,-0.00011,0.70716,1,4,0,0
1765409427.214363,-0.03034,-0.02582,-0.04130,0.00042,0.00098,-0.00024,0.58112,-0.00062,0.14058,0.00082,0.70706,-0.00011,0.70716,1,4,0,0
1765409427.216385,-0.00467,-0.00266,-0.01154,-0.00061,0.00167,0.00029,0.58116,-0.00062,0.14058,0.00083,0.70705,-0.00010,0.70716,1,4,0,0
1765409427.218399,-0.01814,0.02066,0.02617,0.00011,0.00080,0.00073,0.58120,-0.00062,0.14058,0.00082,0.70705,-0.00011,0.70716,1,4,0,0
1765409427.220414,-0.01184,0.05781,0.10135,-0.00184,-0.00020,0.00078,0.58124,-0.00062,0.14059,0.00082,0.70705,-0.00011,0.70716,1,4,0,0
1765409427.222432,-0.00144,-0.01357,0.02694,0.00079,0.00025,0.00046,0.58141,-0.00062,0.14059,0.00082,0.70705,-0.00011,0.70716,1,4,0,0
1765409427.224445,-0.00884,0.01588,0.01107,-0.00039,0.00018,0.00045,0.58141,-0.00062,0.14059,0.00082,0.70705,-0.00011,0.70716,1,4,0,0
1765409427.226392,0.01606,0.03976,0.01014,-0.00009,0.00062,0.00014,0.58141,-0.00062,0.14059,0.00082,0.70705,-0.00011,0.70716,1,4,0,0
1765409427.228758,-0.00089,0.00444,-0.00404,-0.00052,0.00188,0.00070,0.58145,-0.00062,0.14059,0.00083,0.70705,-0.00011,0.70716,1,4,0,0
1765409427.230393,-0.02215,-0.00074,-0.02628,0.00029,-0.00014,0.00071,0.58145,-0.00062,0.14059,0.00083,0.70705,-0.00011,0.70716,1,4,0,0
1765409427.232375,0.00373,0.02308,0.01860,-0.00051,-0.00009,0.00084,0.58145,-0.00062,0.14059,0.00083,0.70705,-0.00011,0.70716,1,4,0,0
1765409427.234405,0.02085,0.02351,0.00312,-0.00007,-0.00082,0.00001,0.58145,-0.00062,0.14059,0.00083,0.70705,-0.00011,0.70716,1,4,0,0
1765409427.236405,0.01119,0.05711,0.02492,0.00033,0.00079,0.00029,0.58145,-0.00062,0.14059,0.00083,0.70705,-0.00011,0.70716,1,4,0,0
1765409427.238392,-0.00083,0.00096,-0.01899,0.00009,0.00023,0.00042,0.58145,-0.00062,0.14059,0.00083,0.70705,-0.00011,0.70716,1,4,0,0
1765409427.240406,-0.02195,0.02767,0.02596,-0.00046,0.00122,0.00074,0.58145,-0.00062,0.14059,0.00083,0.70705,-0.00011,0.70716,1,4,0,0
1765409427.242398,-0.00901,0.00481,0.01883,-0.00074,0.00160,0.00072,0.58145,-0.00062,0.14059,0.00083,0.70705,-0.00011,0.70716,1,4,0,0
1765409427.244393,-0.03719,0.03353,0.02588,-0.00149,0.00025,0.00022,0.58145,-0.00062,0.14059,0.00083,0.70705,-0.00011,0.70716,1,4,0,0
1765409427.246419,0.02817,0.03575,-0.00427,-0.00320,-0.00230,0.00068,0.58145,-0.00062,0.14059,0.00083,0.70705,-0.00011,0.70716,1,4,0,0
1765409427.248406,0.02244,0.01505,0.03367,0.00158,0.00095,0.00083,0.58149,-0.00062,0.14059,0.00083,0.70705,-0.00011,0.70716,1,4,0,0
1765409427.250433,-0.03124,0.02318,-0.02700,0.00036,0.00109,0.00084,0.58149,-0.00062,0.14059,0.00083,0.70705,-0.00011,0.70716,1,4,0,0
1765409427.252403,0.01025,0.02239,0.04872,0.00101,0.00122,0.00085,0.58153,-0.00062,0.14059,0.00083,0.70705,-0.00011,0.70716,1,4,0,0
1765409427.254431,-0.00871,0.04959,-0.05056,-0.00107,0.00080,0.00066,0.58153,-0.00062,0.14059,0.00083,0.70705,-0.00011,0.70716,1,4,0,0
1765409427.256398,0.00769,0.03490,0.00330,-0.00081,0.00011,0.00150,0.58157,-0.00062,0.14060,0.00083,0.70704,-0.00011,0.70717,1,4,0,0
1765409427.258392,-0.00071,0.04023,-0.01218,-0.00053,0.00008,0.00095,0.58157,-0.00062,0.14060,0.00083,0.70704,-0.00011,0.70717,1,4,0,0
1765409427.260425,-0.01335,0.02787,-0.01198,-0.00046,0.00062,0.00070,0.58161,-0.00062,0.14060,0.00083,0.70704,-0.00011,0.70717,1,4,0,0
1765409427.262394,-0.00648,-0.01158,-0.01876,0.00125,0.00107,0.00056,0.58161,-0.00062,0.14060,0.00083,0.70704,-0.00011,0.70717,1,4,0,0
1765409427.264422,-0.04030,0.00141,0.09506,-0.00231,0.00031,0.00015,0.58165,-0.00062,0.14060,0.00083,0.70704,-0.00011,0.70717,1,4,0,0
1765409427.266410,-0.00888,0.01514,0.00336,-0.00061,0.00107,0.00044,0.58165,-0.00062,0.14060,0.00083,0.70704,-0.00011,0.70717,1,4,0,0
1765409427.268431,0.01285,0.02707,-0.00447,-0.00134,0.00055,0.00068,0.58190,-0.00062,0.14060,0.00083,0.70704,-0.00011,0.70718,1,4,0,0
1765409427.270530,-0.01639,0.01646,-0.00395,-0.00103,-0.00061,0.00045,0.58190,-0.00062,0.14060,0.00083,0.70704,-0.00011,0.70718,1,4,0,0
1765409427.272442,0.01619,0.03931,0.02563,-0.00075,0.00076,0.00096,0.58190,-0.00062,0.14060,0.00083,0.70704,-0.00011,0.70718,1,4,0,0
1765409427.274465,0.01049,0.02732,-0.01220,0.00085,0.00109,0.00067,0.58190,-0.00062,0.14060,0.00083,0.70704,-0.00011,0.70718,1,4,0,0
1765409427.276429,0.01222,0.01746,-0.00429,-0.00058,0.00057,0.00055,0.58190,-0.00062,0.14060,0.00083,0.70704,-0.00011,0.70718,1,4,0,0
1765409427.278446,-0.03053,0.03301,-0.01195,-0.00040,0.00082,0.00098,0.58190,-0.00062,0.14060,0.00083,0.70704,-0.00011,0.70718,1,4,0,0
1765409427.280452,0.00805,0.03480,0.03314,-0.00059,0.00072,0.00031,0.58190,-0.00062,0.14060,0.00083,0.70704,-0.00011,0.70718,1,4,0,0
1765409427.282431,-0.00580,0.02231,0.00322,0.00013,0.00142,0.00084,0.58190,-0.00062,0.14060,0.00083,0.70704,-0.00011,0.70718,1,4,0,0
1765409427.284427,0.02034,0.01218,-0.01197,-0.00021,0.00098,0.00026,0.58190,-0.00062,0.14060,0.00083,0.70704,-0.00011,0.70718,1,4,0,0
1765409427.286505,0.00701,0.01113,0.01100,0.00087,-0.00001,0.00016,0.58190,-0.00062,0.14060,0.00083,0.70704,-0.00011,0.70718,1,4,0,0
1765409427.288433,0.01604,0.03529,0.03336,-0.00015,-0.00013,0.00070,0.58190,-0.00062,0.14060,0.00083,0.70704,-0.00011,0.70718,1,4,0,0
1765409427.290455,-0.00996,0.02970,0.04101,0.00000,0.00159,0.00087,0.58190,-0.00062,0.14060,0.00083,0.70704,-0.00011,0.70718,1,4,0,0
1765409427.292439,0.01662,0.04911,0.00250,-0.00107,0.00074,0.00067,0.58194,-0.00062,0.14060,0.00083,0.70704,-0.00011,0.70718,1,4,0,0
1765409427.294433,0.00175,0.03047,0.08675,-0.00239,-0.00047,0.00050,0.58194,-0.00062,0.14060,0.00083,0.70704,-0.00011,0.70718,1,4,0,0
1765409427.296451,0.02852,0.02751,0.02568,0.00020,0.00023,0.00028,0.58198,-0.00062,0.14061,0.00083,0.70703,-0.00011,0.70718,1,4,0,0
1765409427.298455,-0.01409,0.03852,0.01810,0.00054,0.00010,0.00045,0.58198,-0.00062,0.14061,0.00083,0.70703,-0.00011,0.70718,1,4,0,0
1765409427.300440,-0.01093,0.03472,0.02558,0.00094,0.00185,0.00072,0.58202,-0.00062,0.14061,0.00083,0.70703,-0.00011,0.70718,1,4,0,0
1765409427.302480,-0.00110,0.02007,0.02607,-0.00011,0.00098,0.00072,0.58202,-0.00062,0.14061,0.00083,0.70703,-0.00011,0.70718,1,4,0,0
1765409427.304462,-0.02221,0.02392,0.01872,0.00015,-0.00016,0.00087,0.58206,-0.00062,0.14061,0.00083,0.70704,-0.00011,0.70718,1,4,0,0
1765409427.306454,-0.00850,0.02107,0.04151,-0.00076,-0.00033,0.00074,0.58206,-0.00062,0.14061,0.00083,0.70704,-0.00011,0.70718,1,4,0,0
1765409427.308454,-0.01791,0.03057,-0.03493,0.00001,0.00067,0.00041,0.58210,-0.00062,0.14061,0.00083,0.70703,-0.00011,0.70718,1,4,0,0
1765409427.310456,0.00281,0.03258,0.03329,0.00026,0.00079,0.00058,0.58210,-0.00062,0.14061,0.00083,0.70703,-0.00011,0.70718,1,4,0,0
1765409427.312478,0.00336,-0.00641,-0.00344,0.00000,-0.00006,0.00084,0.58214,-0.00062,0.14061,0.00083,0.70704,-0.00011,0.70718,1,4,0,0
1765409427.314485,-0.00084,0.02011,0.03369,-0.00033,0.00085,0.00072,0.58243,-0.00062,0.14061,0.00083,0.70703,-0.00011,0.70718,1,4,0,0
1765409427.316454,-0.04438,0.01953,0.07205,-0.00231,-0.00079,0.00027,0.58243,-0.00062,0.14061,0.00083,0.70703,-0.00011,0.70718,1,4,0,0
1765409427.318470,-0.00913,0.03500,0.02558,-0.00037,0.00106,0.00032,0.58243,-0.00062,0.14061,0.00083,0.70703,-0.00011,0.70718,1,4,0,0
1765409427.320568,-0.01735,0.02032,0.01822,-0.00033,0.00129,-0.00008,0.58243,-0.00062,0.14061,0.00083,0.70703,-0.00011,0.70718,1,4,0,0
1765409427.322504,-0.01759,0.02015,0.00335,-0.00055,0.00118,0.00072,0.58243,-0.00062,0.14061,0.00083,0.70703,-0.00011,0.70718,1,4,0,0
1765409427.324533,0.02858,0.00705,0.03391,-0.00027,0.00089,0.00083,0.58243,-0.00062,0.14061,0.00083,0.70703,-0.00011,0.70718,1,4,0,0
1765409427.326576,0.00262,0.01766,-0.01916,0.00008,0.00057,0.00135,0.58243,-0.00062,0.14061,0.00083,0.70703,-0.00011,0.70718,1,4,0,0
1765409427.328493,-0.00240,0.02988,0.03319,0.00110,0.00162,0.00045,0.58243,-0.00062,0.14061,0.00083,0.70703,-0.00011,0.70718,1,4,0,0
1765409427.330463,-0.02105,0.02324,-0.00444,-0.00074,0.00057,0.00004,0.58243,-0.00062,0.14061,0.00083,0.70703,-0.00011,0.70718,1,4,0,0
1765409427.332500,-0.01474,0.05651,-0.00521,0.00011,0.00201,0.00110,0.58243,-0.00062,0.14061,0.00083,0.70703,-0.00011,0.70718,1,4,0,0
1765409427.334498,0.02952,0.02181,-0.01197,-0.00118,0.00049,0.00079,0.58243,-0.00062,0.14061,0.00083,0.70703,-0.00011,0.70718,1,4,0,0
1765409427.336478,-0.00067,0.00632,0.01905,-0.00006,-0.00041,0.00072,0.58243,-0.00062,0.14061,0.00083,0.70703,-0.00011,0.70718,1,4,0,0
1765409427.338490,-0.01886,0.04067,0.01783,0.00101,0.00091,0.00018,0.58243,-0.00062,0.14061,0.00083,0.70703,-0.00011,0.70718,1,4,0,0
1765409427.340485,-0.04154,0.01873,-0.00426,0.00227,0.00159,0.00059,0.58243,-0.00062,0.14061,0.00083,0.70703,-0.00011,0.70718,1,4,0,0
1765409427.342482,0.01197,0.00634,0.01829,-0.00050,0.00247,0.00002,0.58243,-0.00062,0.14061,0.00083,0.70703,-0.00011,0.70718,1,4,0,0
1765409427.344478,-0.00102,0.00530,0.01905,-0.00029,0.00074,0.00112,0.58247,-0.00063,0.14061,0.00083,0.70704,-0.00011,0.70718,1,4,0,0
1765409427.346488,0.03098,0.02318,0.01096,-0.00182,-0.00144,0.00041,0.58247,-0.00063,0.14061,0.00083,0.70704,-0.00011,0.70718,1,4,0,0
1765409427.348487,-0.00831,0.00180,-0.02656,-0.00034,-0.00070,0.00002,0.58247,-0.00063,0.14061,0.00083,0.70704,-0.00011,0.70718,1,4,0,0
1765409427.350485,0.00391,0.03279,-0.00438,-0.00083,-0.00010,0.00096,0.58251,-0.00063,0.14061,0.00083,0.70703,-0.00011,0.70718,1,4,0,0
1765409427.352515,-0.03533,0.02083,-0.00418,0.00033,0.00114,0.00073,0.58251,-0.00063,0.14061,0.00083,0.70703,-0.00011,0.70718,1,4,0,0
1765409427.354502,-0.00086,0.03004,0.01055,-0.00021,0.00084,0.00043,0.58255,-0.00063,0.14061,0.00083,0.70703,-0.00011,0.70718,1,4,0,0
1765409427.356505,-0.00136,0.03002,0.04088,0.00022,0.00110,0.00046,0.58259,-0.00063,0.14061,0.00083,0.70703,-0.00011,0.70718,1,4,0,0
1765409427.358543,-0.00817,0.03496,0.04083,-0.00125,0.00079,0.00033,0.58259,-0.00063,0.14061,0.00083,0.70703,-0.00011,0.70718,1,4,0,0
1765409427.360543,0.03110,0.03694,0.07154,-0.00275,-0.00056,0.00126,0.58259,-0.00063,0.14061,0.00083,0.70703,-0.00011,0.70718,1,4,0,0
1765409427.362485,-0.00562,0.01852,0.01101,0.00052,0.00015,0.00058,0.58263,-0.00063,0.14061,0.00083,0.70704,-0.00011,0.70718,1,4,0,0
1765409427.364525,0.01101,0.05588,-0.00548,-0.00012,0.00207,0.00067,0.58263,-0.00063,0.14061,0.00083,0.70704,-0.00011,0.70718,1,4,0,0
1765409427.366516,-0.01797,0.04025,-0.01219,-0.00031,0.00067,0.00097,0.58291,-0.00063,0.14060,0.00083,0.70705,-0.00011,0.70717,1,4,0,0
1765409427.368536,-0.00901,0.02102,0.04905,-0.00032,-0.00007,0.00075,0.58291,-0.00063,0.14060,0.00083,0.70705,-0.00011,0.70717,1,4,0,0
1765409427.370527,-0.01825,0.01664,-0.05704,0.00050,-0.00045,0.00081,0.58291,-0.00063,0.14060,0.00083,0.70705,-0.00011,0.70717,1,4,0,0
1765409427.373122,0.00405,0.01344,0.00348,-0.00041,-0.00022,0.00030,0.58291,-0.00063,0.14060,0.00083,0.70705,-0.00011,0.70717,1,4,0,0
1765409427.376411,-0.01475,-0.03130,0.01944,0.00144,0.00168,-0.00007,0.58291,-0.00063,0.14060,0.00083,0.70705,-0.00011,0.70717,1,4,0,0
1765409427.376515,0.00250,-0.03144,-0.01837,0.00101,0.00097,0.00029,0.58291,-0.00063,0.14060,0.00083,0.70705,-0.00011,0.70717,1,4,0,0
1765409427.378520,0.00349,0.04240,-0.00500,-0.00028,0.00065,0.00028,0.58291,-0.00063,0.14060,0.00083,0.70705,-0.00011,0.70717,1,4,0,0
1765409427.382500,-0.00360,0.04781,0.01037,-0.00153,-0.00028,0.00057,0.58291,-0.00063,0.14060,0.00083,0.70705,-0.00011,0.70717,1,4,0,0
1765409427.384537,0.00585,-0.01685,0.04241,-0.00231,-0.00009,0.00074,0.58291,-0.00063,0.14060,0.00083,0.70705,-0.00011,0.70717,1,4,0,0
1765409427.386525,-0.00992,0.01497,-0.02713,0.00026,0.00160,0.00041,0.58291,-0.00063,0.14060,0.00083,0.70705,-0.00011,0.70717,1,4,0,0
1765409427.388546,-0.00009,0.00034,-0.00385,-0.00079,0.00073,0.00043,0.58291,-0.00063,0.14060,0.00083,0.70705,-0.00011,0.70717,1,4,0,0
1765409427.390534,-0.00843,0.03611,0.01839,-0.00079,-0.00072,0.00072,0.58291,-0.00063,0.14060,0.00083,0.70705,-0.00011,0.70717,1,4,0,0
1765409427.392622,-0.00518,0.02329,-0.00417,-0.00008,0.00002,0.00083,0.58291,-0.00063,0.14060,0.00083,0.70705,-0.00011,0.70717,1,4,0,0
1765409427.394615,0.00391,-0.00680,0.01155,-0.00044,0.00043,0.00044,0.58295,-0.00063,0.14060,0.00083,0.70705,-0.00011,0.70717,1,4,0,0
1765409427.396518,0.01659,0.02972,-0.00431,-0.00109,0.00013,0.00122,0.58299,-0.00063,0.14060,0.00083,0.70705,-0.00011,0.70717,1,4,0,0
1765409427.398551,-0.03220,0.03831,0.01781,0.00163,0.00146,0.00006,0.58299,-0.00063,0.14060,0.00083,0.70705,-0.00011,0.70717,1,4,0,0
1765409427.400540,-0.00938,0.01512,0.03369,-0.00018,0.00133,0.00046,0.58299,-0.00063,0.14060,0.00083,0.70705,-0.00011,0.70717,1,4,0,0
1765409427.402540,-0.03394,-0.01769,0.00443,-0.00014,-0.00012,0.00021,0.58303,-0.00063,0.14060,0.00083,0.70704,-0.00011,0.70717,1,4,0,0
1765409427.404620,0.00325,0.01246,-0.01156,-0.00042,0.00082,0.00109,0.58307,-0.00063,0.14060,0.00083,0.70705,-0.00011,0.70717,1,4,0,0
1765409427.406572,0.00698,0.04503,0.01033,0.00019,0.00036,0.00083,0.58307,-0.00063,0.14060,0.00083,0.70705,-0.00011,0.70717,1,4,0,0
1765409427.408634,0.00384,0.01783,0.03375,-0.00058,0.00041,0.00059,0.58335,-0.00063,0.14059,0.00083,0.70705,-0.00011,0.70716,1,4,0,0
1765409427.410564,-0.03873,0.02827,0.01089,-0.00046,0.00092,0.00074,0.58335,-0.00063,0.14059,0.00083,0.70705,-0.00011,0.70716,1,4,0,0
1765409427.412528,0.02422,0.03445,0.06357,-0.00016,0.00079,0.00072,0.58335,-0.00063,0.14059,0.00083,0.70705,-0.00011,0.70716,1,4,0,0
1765409427.414567,-0.00188,0.03475,-0.00457,0.00028,0.00111,0.00109,0.58335,-0.00063,0.14059,0.00083,0.70705,-0.00011,0.70716,1,4,0,0
1765409427.416561,-0.01937,0.02327,0.07904,-0.00205,0.00029,-0.00029,0.58335,-0.00063,0.14059,0.00083,0.70705,-0.00011,0.70716,1,4,0,0
1765409427.418600,-0.04405,0.01604,0.02621,0.00071,0.00150,0.00049,0.58335,-0.00063,0.14059,0.00083,0.70705,-0.00011,0.70716,1,4,0,0
1765409427.420648,0.01077,0.01755,0.05637,0.00073,0.00109,0.00059,0.58335,-0.00063,0.14059,0.00083,0.70705,-0.00011,0.70716,1,4,0,0
1765409427.422622,-0.00550,0.02672,0.00316,-0.00047,0.00180,0.00110,0.58335,-0.00063,0.14059,0.00083,0.70705,-0.00011,0.70716,1,4,0,0
1765409427.424609,-0.00251,0.03015,0.01822,0.00110,0.00112,0.00084,0.58335,-0.00063,0.14059,0.00083,0.70705,-0.00011,0.70716,1,4,0,0
1765409427.426574,0.02347,0.06289,0.00254,-0.00287,-0.00202,0.00054,0.58335,-0.00063,0.14059,0.00083,0.70705,-0.00011,0.70716,1,4,0,0
1765409427.428547,-0.00439,-0.00144,0.01181,-0.00081,-0.00022,0.00113,0.58335,-0.00063,0.14059,0.00083,0.70705,-0.00011,0.70716,1,4,0,0
1765409427.430588,-0.00482,0.01805,-0.00419,-0.00036,0.00039,0.00057,0.58335,-0.00063,0.14059,0.00083,0.70705,-0.00011,0.70716,1,4,0,0
1765409427.432563,0.00280,0.01272,-0.00432,0.00045,0.00106,0.00029,0.58335,-0.00063,0.14059,0.00083,0.70705,-0.00011,0.70716,1,4,0,0
1765409427.434597,0.02092,0.00679,0.03375,-0.00093,0.00135,0.00044,0.58335,-0.00063,0.14059,0.00083,0.70705,-0.00011,0.70716,1,4,0,0
1765409427.436620,-0.01670,0.01622,0.02654,-0.00104,-0.00035,0.00088,0.58339,-0.00063,0.14059,0.00083,0.70705,-0.00011,0.70716,1,4,0,0
1765409427.438589,-0.00894,0.01198,-0.03434,0.00022,-0.00095,0.00015,0.58339,-0.00063,0.14059,0.00083,0.70705,-0.00011,0.70716,1,4,0,0
1765409427.440554,-0.01161,0.03058,-0.00472,0.00198,0.00122,0.00043,0.58339,-0.00063,0.14059,0.00083,0.70705,-0.00011,0.70716,1,4,0,0
1765409427.442564,0.00684,0.01986,0.01080,0.00032,0.00114,0.00070,0.58342,-0.00063,0.14059,0.00083,0.70706,-0.00011,0.70716,1,4,0,0
1765409427.444583,0.00310,0.02206,0.00321,-0.00031,0.00131,0.00083,0.58342,-0.00063,0.14059,0.00083,0.70706,-0.00011,0.70716,1,4,0,0
1765409427.446568,-0.00126,0.05441,0.00991,-0.00014,0.00121,0.00056,0.58347,-0.00063,0.14059,0.00083,0.70706,-0.00011,0.70716,1,4,0,0
1765409427.448678,-0.00123,0.03035,0.00297,0.00023,0.00059,0.00043,0.58347,-0.00063,0.14059,0.00083,0.70706,-0.00011,0.70716,1,4,0,0
1765409427.450589,-0.01696,0.00699,-0.03412,-0.00028,-0.00085,0.00029,0.58351,-0.00063,0.14059,0.00083,0.70705,-0.00011,0.70716,1,4,0,0
1765409427.452642,-0.00873,0.00072,0.01881,-0.00035,0.00082,0.00005,0.58351,-0.00063,0.14059,0.00083,0.70705,-0.00011,0.70716,1,4,0,0
1765409427.454579,-0.02291,-0.02558,0.00458,0.00108,0.00052,0.00060,0.58355,-0.00063,0.14059,0.00083,0.70706,-0.00011,0.70716,1,4,0,0
1765409427.456640,-0.01387,0.04157,0.00986,-0.00008,0.00250,-0.00010,0.58355,-0.00063,0.14059,0.00083,0.70706,-0.00011,0.70716,1,4,0,0
1765409427.458598,0.00750,0.05372,0.00999,-0.00080,0.00149,0.00095,0.58359,-0.00063,0.14059,0.00083,0.70706,-0.00011,0.70716,1,4,0,0
1765409427.460575,-0.01784,0.04576,0.00255,0.00019,0.00039,0.00004,0.58359,-0.00063,0.14059,0.00083,0.70706,-0.00011,0.70716,1,4,0,0
1765409427.462579,-0.01707,-0.00825,0.02711,-0.00046,-0.00033,0.00075,0.58363,-0.00063,0.14059,0.00083,0.70706,-0.00011,0.70715,1,4,0,0
1765409427.464579,-0.00672,-0.02645,0.01197,0.00151,0.00134,0.00059,0.58363,-0.00063,0.14059,0.00083,0.70706,-0.00011,0.70715,1,4,0,0
1765409427.466569,-0.01833,0.00599,0.01878,0.00059,0.00094,0.00033,0.58387,-0.00063,0.14059,0.00083,0.70706,-0.00010,0.70715,1,4,0,0
1765409427.468612,0.01014,0.07180,-0.02112,0.00117,0.00118,0.00025,0.58387,-0.00063,0.14059,0.00083,0.70706,-0.00010,0.70715,1,4,0,0
1765409427.470600,-0.00415,0.04821,-0.00462,-0.00108,-0.00078,0.00096,0.58387,-0.00063,0.14059,0.00083,0.70706,-0.00010,0.70715,1,4,0,0
1765409427.472624,0.00080,0.05469,0.02529,-0.00188,0.00017,0.00058,0.58387,-0.00063,0.14059,0.00083,0.70706,-0.00010,0.70715,1,4,0,0
1765409427.474613,0.00794,0.01528,0.02613,-0.00039,0.00049,0.00044,0.58387,-0.00063,0.14059,0.00083,0.70706,-0.00010,0.70715,1,4,0,0
1765409427.476598,-0.03221,-0.02827,0.05797,-0.00202,0.00012,0.00053,0.58387,-0.00063,0.14059,0.00083,0.70706,-0.00010,0.70715,1,4,0,0
1765409427.478612,-0.01054,0.01530,0.00326,0.00092,0.00147,0.00044,0.58387,-0.00063,0.14059,0.00083,0.70706,-0.00010,0.70715,1,4,0,0
1765409427.480625,0.00288,0.00289,-0.00375,0.00011,0.00070,0.00096,0.58387,-0.00063,0.14059,0.00083,0.70706,-0.00010,0.70715,1,4,0,0
1765409427.482589,-0.00910,0.05045,-0.01230,-0.00062,-0.00021,0.00109,0.58387,-0.00063,0.14059,0.00083,0.70706,-0.00010,0.70715,1,4,0,0
1765409427.484642,0.00828,0.07862,0.02471,-0.00159,0.00083,0.00110,0.58387,-0.00063,0.14059,0.00083,0.70706,-0.00010,0.70715,1,4,0,0
1765409427.486583,-0.00159,0.05422,0.03263,0.00008,0.00159,0.00058,0.58387,-0.00063,0.14059,0.00083,0.70706,-0.00010,0.70715,1,4,0,0
1765409427.488644,0.02438,0.04919,0.03264,-0.00020,0.00089,0.00028,0.58387,-0.00063,0.14059,0.00083,0.70706,-0.00010,0.70715,1,4,0,0
1765409427.490600,-0.01018,-0.03335,-0.01826,0.00120,0.00075,0.00017,0.58390,-0.00063,0.14059,0.00083,0.70706,-0.00010,0.70715,1,4,0,0
1765409427.492611,-0.01020,-0.01424,0.01164,0.00078,0.00137,0.00045,0.58390,-0.00063,0.14059,0.00083,0.70706,-0.00010,0.70715,1,4,0,0
1765409427.494590,-0.02179,0.03361,-0.04222,-0.00039,-0.00030,0.00095,0.58394,-0.00063,0.14059,0.00083,0.70706,-0.00010,0.70715,1,4,0,0
1765409427.496615,-0.01553,0.01807,-0.01194,0.00161,0.00141,0.00056,0.58394,-0.00063,0.14059,0.00083,0.70706,-0.00010,0.70715,1,4,0,0
1765409427.498604,-0.02208,0.01804,-0.02698,-0.00014,0.00098,0.00056,0.58398,-0.00063,0.14059,0.00083,0.70706,-0.00010,0.70715,1,4,0,0
1765409427.500631,0.00838,0.00532,0.03376,-0.00051,0.00074,-0.00009,0.58398,-0.00063,0.14059,0.00083,0.70706,-0.00010,0.70715,1,4,0,0
1765409427.502607,0.01680,0.02915,0.00285,-0.00110,0.00113,0.00041,0.58402,-0.00063,0.14058,0.00083,0.70706,-0.00010,0.70715,1,4,0,0
1765409427.504650,0.00274,-0.00229,0.04158,0.00049,0.00145,0.00033,0.58402,-0.00063,0.14058,0.00083,0.70706,-0.00010,0.70715,1,4,0,0
1765409427.506626,-0.00768,-0.00426,0.01943,-0.00172,0.00007,0.00100,0.58406,-0.00063,0.14058,0.00083,0.70706,-0.00010,0.70715,1,4,0,0
1765409427.508661,-0.00402,0.02376,-0.03439,-0.00094,-0.00101,0.00081,0.58406,-0.00063,0.14058,0.00083,0.70706,-0.00010,0.70715,1,4,0,0
1765409427.510666,-0.00957,0.02639,0.03389,0.00018,-0.00057,0.00100,0.58410,-0.00063,0.14059,0.00083,0.70706,-0.00010,0.70715,1,4,0,0
1765409427.512637,-0.00732,0.01548,0.06410,-0.00170,0.00041,0.00009,0.58415,-0.00063,0.14059,0.00083,0.70706,-0.00010,0.70716,1,4,0,0
1765409427.514629,0.02830,0.02192,0.00297,0.00013,0.00100,0.00040,0.58419,-0.00063,0.14059,0.00083,0.70706,-0.00010,0.70716,1,4,0,0
1765409427.516622,-0.02798,0.01422,0.05693,-0.00194,-0.00073,0.00038,0.58439,-0.00063,0.14059,0.00083,0.70706,-0.00010,0.70716,1,4,0,0
1765409427.518642,-0.00543,-0.00647,0.01932,0.00022,0.00042,0.00086,0.58439,-0.00063,0.14059,0.00083,0.70706,-0.00010,0.70716,1,4,0,0
1765409427.520671,-0.02093,0.02905,0.01106,-0.00088,-0.00082,0.00073,0.58439,-0.00063,0.14059,0.00083,0.70706,-0.00010,0.70716,1,4,0,0
1765409427.522632,0.00742,0.03017,0.03315,0.00023,0.00073,0.00004,0.58439,-0.00063,0.14059,0.00083,0.70706,-0.00010,0.70716,1,4,0,0
1765409427.524649,-0.00893,0.05542,0.00995,-0.00034,0.00015,0.00017,0.58439,-0.00063,0.14059,0.00083,0.70706,-0.00010,0.70716,1,4,0,0
1765409427.526623,0.01586,0.04407,0.02539,-0.00048,0.00114,0.00083,0.58439,-0.00063,0.14059,0.00083,0.70706,-0.00010,0.70716,1,4,0,0
1765409427.528650,0.00198,0.02238,0.06392,0.00079,0.00145,0.00087,0.58439,-0.00063,0.14059,0.00083,0.70706,-0.00010,0.70716,1,4,0,0
1765409427.530650,0.01618,0.03434,-0.00475,-0.00060,0.00089,0.00067,0.58439,-0.00063,0.14059,0.00083,0.70706,-0.00010,0.70716,1,4,0,0
1765409427.532641,-0.01665,0.04114,-0.01195,-0.00117,-0.00087,0.00097,0.58439,-0.00063,0.14059,0.00083,0.70706,-0.00010,0.70716,1,4,0,0
1765409427.534628,-0.02071,0.03823,-0.00440,-0.00143,-0.00019,0.00085,0.58439,-0.00063,0.14059,0.00083,0.70706,-0.00010,0.70716,1,4,0,0
1765409427.536657,0.00710,-0.00479,0.04159,0.00046,0.00140,0.00019,0.58439,-0.00063,0.14059,0.00083,0.70706,-0.00010,0.70716,1,4,0,0
1765409427.538636,-0.02981,-0.01582,-0.01864,-0.00012,0.00058,-0.00008,0.58439,-0.00063,0.14059,0.00083,0.70706,-0.00010,0.70716,1,4,0,0
1765409427.540624,0.00256,-0.01701,0.04196,0.00075,0.00147,0.00033,0.58439,-0.00063,0.14059,0.00083,0.70706,-0.00010,0.70716,1,4,0,0
1765409427.542642,0.01248,0.05720,0.02521,-0.00097,0.00002,0.00070,0.58443,-0.00063,0.14059,0.00083,0.70706,-0.00010,0.70715,1,4,0,0
1765409427.544665,-0.01045,0.08364,0.03961,0.00000,0.00193,0.00098,0.58443,-0.00063,0.14059,0.00083,0.70706,-0.00010,0.70715,1,4,0,0
1765409427.546630,-0.00049,0.05940,-0.00522,-0.00095,0.00069,0.00082,0.58447,-0.00063,0.14059,0.00083,0.70706,-0.00010,0.70715,1,4,0,0
1765409427.548650,-0.00803,-0.02426,-0.00322,-0.00109,0.00084,0.00031,0.58447,-0.00063,0.14059,0.00083,0.70706,-0.00010,0.70715,1,4,0,0
1765409427.550648,0.01625,-0.00515,-0.01140,-0.00042,0.00104,0.00054,0.58451,-0.00063,0.14058,0.00083,0.70706,-0.00010,0.70715,1,4,0,0
1765409427.552661,0.00618,-0.03894,-0.01028,0.00114,0.00082,0.00110,0.58451,-0.00063,0.14058,0.00083,0.70706,-0.00010,0.70715,1,4,0,0
1765409427.554651,-0.00845,0.06473,0.01712,-0.00089,0.00077,-0.00010,0.58455,-0.00063,0.14058,0.00083,0.70707,-0.00010,0.70715,1,4,0,0
1765409427.556654,-0.01399,0.05720,0.03293,-0.00032,0.00098,0.00113,0.58455,-0.00063,0.14058,0.00083,0.70707,-0.00010,0.70715,1,4,0,0
1765409427.558654,0.00071,0.05449,-0.02049,-0.00167,0.00054,0.00013,0.58475,-0.00063,0.14058,0.00083,0.70707,-0.00010,0.70714,1,4,0,0
1765409427.560658,0.01186,0.00784,0.01128,-0.00026,0.00033,0.00083,0.58475,-0.00063,0.14058,0.00083,0.70707,-0.00010,0.70714,1,4,0,0
1765409427.562652,0.01486,-0.00989,0.01908,0.00083,0.00132,0.00070,0.58479,-0.00063,0.14059,0.00083,0.70706,-0.00010,0.70715,1,4,0,0
1765409427.564659,-0.00059,0.01522,0.03372,-0.00039,0.00085,0.00046,0.58479,-0.00063,0.14059,0.00083,0.70706,-0.00010,0.70715,1,4,0,0
1765409427.566661,-0.00496,0.01769,0.01093,-0.00036,0.00090,0.00058,0.58479,-0.00063,0.14059,0.00083,0.70706,-0.00010,0.70715,1,4,0,0
1765409427.568655,-0.02236,0.06821,0.03275,0.00003,-0.00007,0.00087,0.58479,-0.00063,0.14059,0.00083,0.70706,-0.00010,0.70715,1,4,0,0
1765409427.570682,-0.02268,0.02342,0.04880,0.00058,0.00085,0.00049,0.58479,-0.00063,0.14059,0.00083,0.70706,-0.00010,0.70715,1,4,0,0
1765409427.572740,-0.01727,0.03523,-0.01214,-0.00081,0.00066,0.00070,0.58479,-0.00063,0.14059,0.00083,0.70706,-0.00010,0.70715,1,4,0,0
1765409427.574645,0.01171,0.02242,0.02587,-0.00009,0.00082,0.00043,0.58479,-0.00063,0.14059,0.00083,0.70706,-0.00010,0.70715,1,4,0,0
1765409427.576675,0.00742,0.03000,0.00311,-0.00021,0.00049,0.00082,0.58479,-0.00063,0.14059,0.00083,0.70706,-0.00010,0.70715,1,4,0,0
1765409427.578667,-0.01002,0.02535,0.01814,0.00060,0.00120,0.00018,0.58479,-0.00063,0.14059,0.00083,0.70706,-0.00010,0.70715,1,4,0,0
1765409427.580688,-0.04632,0.03938,0.01079,-0.00076,-0.00052,0.00048,0.58479,-0.00063,0.14059,0.00083,0.70706,-0.00010,0.70715,1,4,0,0
1765409427.582687,-0.01339,0.01853,-0.00411,-0.00014,0.00011,0.00057,0.58483,-0.00063,0.14059,0.00083,0.70706,-0.00010,0.70715,1,4,0,0
1765409427.584695,-0.01016,0.02000,0.03344,0.00054,0.00172,0.00032,0.58483,-0.00063,0.14059,0.00083,0.70706,-0.00010,0.70715,1,4,0,0
1765409427.586683,0.01449,-0.02448,0.00428,0.00131,0.00121,0.00069,0.58488,-0.00063,0.14059,0.00083,0.70706,-0.00010,0.70715,1,4,0,0
1765409427.588686,0.01193,0.00189,0.01095,-0.00034,0.00184,0.00016,0.58488,-0.00063,0.14059,0.00083,0.70706,-0.00010,0.70715,1,4,0,0
1765409427.590705,-0.00444,0.00778,0.00374,-0.00092,0.00065,0.00084,0.58492,-0.00063,0.14059,0.00083,0.70706,-0.00010,0.70715,1,4,0,0
1765409427.592690,-0.00583,0.03777,0.02573,0.00032,0.00064,0.00085,0.58492,-0.00063,0.14059,0.00083,0.70706,-0.00010,0.70715,1,4,0,0
1765409427.594667,-0.01956,0.05299,0.02550,-0.00234,-0.00035,0.00046,0.58496,-0.00063,0.14059,0.00083,0.70706,-0.00010,0.70715,1,4,0,0
1765409427.596735,0.01068,0.05199,0.01762,0.00049,0.00094,0.00082,0.58516,-0.00063,0.14059,0.00083,0.70706,-0.00010,0.70715,1,4,0,0
1765409427.598696,0.02731,0.02610,-0.00464,0.00040,0.00191,0.00106,0.58520,-0.00063,0.14059,0.00083,0.70706,-0.00010,0.70715,1,4,0,0
1765409427.600685,0.01471,0.01947,0.00310,0.00075,0.00155,0.00068,0.58520,-0.00063,0.14059,0.00083,0.70706,-0.00010,0.70715,1,4,0,0
1765409427.602696,-0.00005,-0.00389,0.00404,-0.00062,-0.00016,0.00058,0.58520,-0.00063,0.14059,0.00083,0.70706,-0.00010,0.70715,1,4,0,0
1765409427.604714,-0.00466,0.03318,-0.01933,-0.00083,-0.00050,0.00136,0.58520,-0.00063,0.14059,0.00083,0.70706,-0.00010,0.70715,1,4,0,0
1765409427.606690,-0.03606,0.06982,0.03255,0.00049,0.00162,0.00101,0.58520,-0.00063,0.14059,0.00083,0.70706,-0.00010,0.70715,1,4,0,0
1765409427.608692,-0.00067,0.02489,0.00312,-0.00049,0.00097,0.00056,0.58520,-0.00063,0.14059,0.00083,0.70706,-0.00010,0.70715,1,4,0,0
1765409427.610690,0.02030,-0.01209,-0.03413,0.00015,0.00062,0.00012,0.58520,-0.00063,0.14059,0.00083,0.70706,-0.00010,0.70715,1,4,0,0
1765409427.612709,0.01970,0.02789,0.02590,0.00042,-0.00004,0.00070,0.58520,-0.00063,0.14059,0.00083,0.70706,-0.00010,0.70715,1,4,0,0
1765409427.614695,0.03261,0.04386,0.02569,-0.00070,0.00057,0.00162,0.58520,-0.00063,0.14059,0.00083,0.70706,-0.00010,0.70715,1,4,0,0
1765409427.616700,-0.00476,0.05219,0.03315,-0.00104,0.00050,0.00126,0.58520,-0.00063,0.14059,0.00083,0.70706,-0.00010,0.70715,1,4,0,0
1765409427.618701,-0.02222,0.02274,0.00298,0.00013,0.00160,0.00004,0.58520,-0.00063,0.14059,0.00083,0.70706,-0.00010,0.70715,1,4,0,0
1765409427.620697,-0.02232,-0.01663,0.01171,0.00031,0.00151,0.00033,0.58520,-0.00063,0.14059,0.00083,0.70706,-0.00010,0.70715,1,4,0,0
1765409427.622694,0.00482,0.00223,-0.04186,-0.00164,0.00093,0.00053,0.58524,-0.00063,0.14059,0.00083,0.70706,-0.00010,0.70715,1,4,0,0
1765409427.624717,-0.00957,0.03488,-0.01949,-0.00059,0.00070,0.00149,0.58524,-0.00063,0.14059,0.00083,0.70706,-0.00010,0.70715,1,4,0,0
1765409427.626713,-0.01864,0.05606,0.01015,0.00076,-0.00011,0.00058,0.58528,-0.00063,0.14059,0.00083,0.70706,-0.00010,0.70716,1,4,0,0
1765409427.628714,0.01249,0.02814,-0.03489,-0.00045,-0.00046,0.00025,0.58528,-0.00063,0.14059,0.00083,0.70706,-0.00010,0.70716,1,4,0,0
1765409427.630714,0.01221,0.01261,0.00314,-0.00021,0.00081,-0.00012,0.58532,-0.00063,0.14059,0.00083,0.70706,-0.00010,0.70716,1,4,0,0
1765409427.632725,0.00571,0.00707,-0.00421,-0.00224,0.00103,0.00002,0.58532,-0.00063,0.14059,0.00083,0.70706,-0.00010,0.70716,1,4,0,0
1765409427.635015,0.00394,0.01170,0.03394,-0.00131,0.00157,0.00112,0.58536,-0.00063,0.14059,0.00083,0.70706,-0.00010,0.70716,1,4,0,0
1765409427.636727,-0.04791,0.04960,-0.01225,0.00068,-0.00051,0.00059,0.58541,-0.00063,0.14060,0.00083,0.70705,-0.00010,0.70716,1,4,0,0
1765409427.638730,-0.03596,0.02692,-0.02738,0.00171,0.00037,-0.00024,0.58553,-0.00063,0.14059,0.00083,0.70705,-0.00010,0.70716,1,4,0,0
1765409427.640718,-0.00584,0.04284,0.04057,0.00060,0.00076,0.00032,0.58553,-0.00063,0.14059,0.00083,0.70705,-0.00010,0.70716,1,4,0,0
1765409427.642716,0.02575,-0.02921,0.11083,-0.00093,0.00005,0.00051,0.58557,-0.00063,0.14060,0.00083,0.70705,-0.00010,0.70716,1,4,0,0
1765409427.644723,0.00019,0.01025,0.01895,-0.00133,0.00034,0.00099,0.58557,-0.00063,0.14060,0.00083,0.70705,-0.00010,0.70716,1,4,0,0
1765409427.646719,-0.01533,0.05460,0.01740,-0.00232,0.00086,-0.00022,0.58557,-0.00063,0.14060,0.00083,0.70705,-0.00010,0.70716,1,4,0,0
1765409427.648718,-0.02218,-0.00137,0.00382,0.00028,0.00087,0.00032,0.58557,-0.00063,0.14060,0.00083,0.70705,-0.00010,0.70716,1,4,0,0
1765409427.650710,-0.01814,0.04555,0.05584,0.00019,0.00065,0.00048,0.58557,-0.00063,0.14060,0.00083,0.70705,-0.00010,0.70716,1,4,0,0
1765409427.652733,-0.01448,0.04313,0.04821,0.00082,0.00073,0.00034,0.58557,-0.00063,0.14060,0.00083,0.70705,-0.00010,0.70716,1,4,0,0
1765409427.654732,-0.00586,0.03767,-0.04263,0.00032,0.00065,0.00080,0.58557,-0.00063,0.14060,0.00083,0.70705,-0.00010,0.70716,1,4,0,0
1765409427.656732,-0.00388,0.00878,0.05673,-0.00069,-0.00026,0.00008,0.58557,-0.00063,0.14060,0.00083,0.70705,-0.00010,0.70716,1,4,0,0
1765409427.658736,0.01088,0.00720,0.03389,0.00039,0.00148,0.00085,0.58557,-0.00063,0.14060,0.00083,0.70705,-0.00010,0.70716,1,4,0,0
1765409427.660748,-0.01649,0.01067,0.03388,-0.00111,0.00066,0.00021,0.58561,-0.00063,0.14060,0.00083,0.70705,-0.00010,0.70716,1,4,0,0
1765409427.662727,-0.01245,0.01287,0.04141,-0.00108,0.00086,0.00034,0.58561,-0.00063,0.14060,0.00083,0.70705,-0.00010,0.70716,1,4,0,0
1765409427.664721,-0.00671,0.03051,0.07176,-0.00261,-0.00048,0.00090,0.58565,-0.00063,0.14060,0.00083,0.70705,-0.00010,0.70716,1,4,0,0
1765409427.666726,-0.00138,0.03004,0.01033,0.00044,0.00122,0.00003,0.58565,-0.00063,0.14060,0.00083,0.70705,-0.00010,0.70716,1,4,0,0
1765409427.668813,-0.00446,-0.00220,-0.04924,-0.00082,0.00079,0.00067,0.58569,-0.00063,0.14060,0.00083,0.70705,-0.00010,0.70716,1,4,0,0
1765409427.670813,0.01657,0.00431,0.03393,-0.00096,0.00141,0.00071,0.58569,-0.00063,0.14060,0.00083,0.70705,-0.00010,0.70716,1,4,0,0
1765409427.672784,-0.01403,0.02875,-0.01966,0.00064,-0.00002,0.00029,0.58573,-0.00063,0.14059,0.00083,0.70705,-0.00010,0.70716,1,4,0,0
1765409427.674769,-0.00670,0.02390,-0.00437,0.00168,0.00003,0.00043,0.58577,-0.00063,0.14059,0.00083,0.70705,-0.00010,0.70716,1,4,0,0
1765409427.676764,-0.02222,-0.00084,-0.00370,0.00050,0.00023,0.00032,0.58581,-0.00063,0.14059,0.00083,0.70706,-0.00010,0.70716,1,4,0,0
1765409427.678738,-0.01779,0.01535,-0.01942,-0.00017,0.00118,0.00043,0.58581,-0.00063,0.14059,0.00083,0.70706,-0.00010,0.70716,1,4,0,0
1765409427.680739,0.02054,0.04685,0.04029,-0.00044,0.00081,0.00016,0.58581,-0.00063,0.14059,0.00083,0.70706,-0.00010,0.70716,1,4,0,0
1765409427.682736,-0.02584,0.01101,0.01109,-0.00023,0.00077,0.00020,0.58593,-0.00063,0.14059,0.00083,0.70705,-0.00010,0.70716,1,4,0,0
1765409427.684751,-0.05207,0.02221,0.01125,0.00056,-0.00006,0.00076,0.58593,-0.00063,0.14059,0.00083,0.70705,-0.00010,0.70716,1,4,0,0
1765409427.686770,-0.03586,0.02202,-0.01922,0.00122,-0.00012,0.00072,0.58593,-0.00063,0.14059,0.00083,0.70705,-0.00010,0.70716,1,4,0,0
1765409427.688752,0.01732,0.05033,0.03312,-0.00128,-0.00092,0.00070,0.58593,-0.00063,0.14059,0.00083,0.70705,-0.00010,0.70716,1,4,0,0
1765409427.690782,0.00572,-0.00889,0.01142,0.00194,0.00079,0.00030,0.58593,-0.00063,0.14059,0.00083,0.70705,-0.00010,0.70716,1,4,0,0
1765409427.692782,0.02218,0.02859,0.01030,0.00130,0.00247,0.00081,0.58593,-0.00063,0.14059,0.00083,0.70705,-0.00010,0.70716,1,4,0,0
1765409427.694786,0.00278,0.02677,0.01074,-0.00025,0.00157,0.00110,0.58593,-0.00063,0.14059,0.00083,0.70705,-0.00010,0.70716,1,4,0,0
1765409427.696777,-0.02857,0.02629,-0.02702,0.00192,0.00068,0.00097,0.58597,-0.00063,0.14059,0.00083,0.70705,-0.00010,0.70716,1,4,0,0
1765409427.698793,-0.03629,0.02944,0.01903,-0.00241,-0.00151,0.00116,0.58597,-0.00063,0.14059,0.00083,0.70705,-0.00010,0.70716,1,4,0,0
1765409427.700756,-0.01823,0.05029,0.01765,0.00025,0.00090,0.00031,0.58601,-0.00063,0.14059,0.00083,0.70705,-0.00010,0.70716,1,4,0,0
1765409427.702754,0.00370,0.03726,0.04091,-0.00078,0.00065,0.00086,0.58601,-0.00063,0.14059,0.00083,0.70705,-0.00010,0.70716,1,4,0,0
1765409427.704770,0.04546,0.02586,0.01818,-0.00069,0.00131,0.00107,0.58605,-0.00063,0.14060,0.00083,0.70705,-0.00010,0.70716,1,4,0,0
1765409427.706778,0.00852,-0.01991,0.05739,-0.00104,0.00115,0.00061,0.58605,-0.00063,0.14060,0.00083,0.70705,-0.00010,0.70716,1,4,0,0
1765409427.708779,-0.02477,0.04642,-0.00427,-0.00154,-0.00128,0.00126,0.58609,-0.00063,0.14060,0.00083,0.70705,-0.00010,0.70716,1,4,0,0
1765409427.710764,-0.02550,0.00258,0.03450,-0.00011,-0.00113,0.00049,0.58609,-0.00063,0.14060,0.00083,0.70705,-0.00010,0.70716,1,4,0,0
1765409427.712797,-0.00921,0.01121,0.00367,-0.00000,-0.00006,0.00058,0.58613,-0.00063,0.14059,0.00083,0.70705,-0.00010,0.70716,1,4,0,0
1765409427.714787,0.01680,0.02915,0.00285,-0.00110,0.00113,0.00041,0.58633,-0.00063,0.14059,0.00083,0.70706,-0.00010,0.70716,1,4,0,0
1765409427.716788,0.01176,0.05160,0.03283,-0.00060,0.00105,0.00084,0.58633,-0.00063,0.14059,0.00083,0.70706,-0.00010,0.70716,1,4,0,0
1765409427.718789,0.00837,0.03488,-0.02739,-0.00103,0.00022,0.00067,0.58633,-0.00063,0.14059,0.00083,0.70706,-0.00010,0.70716,1,4,0,0
1765409427.720870,-0.00158,0.00158,-0.03414,0.00097,-0.00027,0.00041,0.58633,-0.00063,0.14059,0.00083,0.70706,-0.00010,0.70716,1,4,0,0
1765409427.722790,-0.00023,0.01616,0.01871,-0.00038,-0.00043,0.00045,0.58633,-0.00063,0.14059,0.00083,0.70706,-0.00010,0.70716,1,4,0,0
1765409427.724798,-0.00440,-0.02616,0.01219,-0.00046,0.00017,0.00059,0.58633,-0.00063,0.14059,0.00083,0.70706,-0.00010,0.70716,1,4,0,0
1765409427.726797,0.01483,0.01915,0.02584,0.00053,0.00193,0.00070,0.58633,-0.00063,0.14059,0.00083,0.70706,-0.00010,0.70716,1,4,0,0
1765409427.728780,0.01952,0.03670,0.04072,0.00009,0.00123,0.00084,0.58633,-0.00063,0.14059,0.00083,0.70706,-0.00010,0.70716,1,4,0,0
1765409427.730789,-0.00440,0.05198,0.02519,-0.00104,0.00099,0.00044,0.58633,-0.00063,0.14059,0.00083,0.70706,-0.00010,0.70716,1,4,0,0
1765409427.732786,0.00612,0.06958,0.00191,0.00092,0.00085,0.00054,0.58633,-0.00063,0.14059,0.00083,0.70706,-0.00010,0.70716,1,4,0,0
1765409427.734784,-0.04280,0.03602,-0.05034,-0.00015,0.00083,-0.00011,0.58637,-0.00063,0.14059,0.00083,0.70706,-0.00010,0.70715,1,4,0,0
1765409427.736797,-0.01850,-0.00876,0.04971,0.00063,0.00083,0.00076,0.58637,-0.00063,0.14059,0.00083,0.70706,-0.00010,0.70715,1,4,0,0
1765409427.738806,-0.00445,0.00302,0.02619,-0.00032,0.00102,-0.00022,0.58637,-0.00063,0.14059,0.00083,0.70706,-0.00010,0.70715,1,4,0,0
1765409427.740783,-0.00096,0.03413,0.03301,-0.00038,0.00197,0.00031,0.58641,-0.00063,0.14059,0.00083,0.70706,-0.00010,0.70716,1,4,0,0
1765409427.742792,0.02812,0.01711,0.01075,0.00029,0.00088,0.00054,0.58641,-0.00063,0.14059,0.00083,0.70706,-0.00010,0.70716,1,4,0,0
1765409427.744803,-0.02919,0.01295,0.03386,-0.00130,0.00119,0.00035,0.58645,-0.00063,0.14059,0.00083,0.70706,-0.00010,0.70716,1,4,0,0
1765409427.746804,-0.00930,0.00035,0.02666,-0.00035,0.00110,0.00087,0.58645,-0.00063,0.14059,0.00083,0.70706,-0.00010,0.70716,1,4,0,0
1765409427.748814,-0.02573,0.01564,0.01087,-0.00039,0.00114,0.00006,0.58649,-0.00063,0.14059,0.00083,0.70706,-0.00010,0.70715,1,4,0,0
1765409427.750798,-0.01246,0.03765,0.03327,-0.00121,0.00059,0.00046,0.58649,-0.00063,0.14059,0.00083,0.70706,-0.00010,0.70715,1,4,0,0
1765409427.752816,0.01532,0.05530,0.02501,0.00075,-0.00002,0.00015,0.58653,-0.00063,0.14059,0.00083,0.70706,-0.00010,0.70715,1,4,0,0
1765409427.754813,-0.01678,0.05078,0.02561,-0.00105,-0.00038,0.00073,0.58653,-0.00063,0.14059,0.00083,0.70706,-0.00010,0.70715,1,4,0,0
1765409427.756842,0.02351,0.01471,0.04111,0.00070,0.00119,0.00043,0.58657,-0.00063,0.14059,0.00083,0.70706,-0.00010,0.70715,1,4,0,0
1765409427.758804,0.02022,-0.02659,0.03482,0.00020,0.00025,0.00058,0.58657,-0.00063,0.14059,0.00083,0.70706,-0.00010,0.70715,1,4,0,0
1765409427.760811,-0.01291,-0.02665,0.01175,-0.00025,0.00140,-0.00021,0.58673,-0.00063,0.14059,0.00083,0.70706,-0.00010,0.70715,1,4,0,0
1765409427.762802,-0.05762,0.04157,0.04106,-0.00205,-0.00014,0.00025,0.58673,-0.00063,0.14059,0.00083,0.70706,-0.00010,0.70715,1,4,0,0
1765409427.764813,-0.00139,0.08081,0.00201,0.00040,-0.00097,0.00069,0.58673,-0.00063,0.14059,0.00083,0.70706,-0.00010,0.70715,1,4,0,0
1765409427.766799,-0.01529,0.04343,0.03337,0.00126,0.00025,0.00113,0.58673,-0.00063,0.14059,0.00083,0.70706,-0.00010,0.70715,1,4,0,0
1765409427.768836,0.03191,0.00803,0.01082,-0.00004,0.00275,0.00094,0.58673,-0.00063,0.14059,0.00083,0.70706,-0.00010,0.70715,1,4,0,0
1765409427.770834,0.03360,0.00009,0.04923,-0.00057,0.00019,0.00044,0.58673,-0.00063,0.14059,0.00083,0.70706,-0.00010,0.70715,1,4,0,0
1765409427.772820,-0.02543,0.01148,0.04917,-0.00044,0.00013,0.00023,0.58673,-0.00063,0.14059,0.00083,0.70706,-0.00010,0.70715,1,4,0,0
1765409427.774809,-0.02238,0.04342,-0.01245,0.00038,0.00033,0.00030,0.58673,-0.00063,0.14059,0.00083,0.70706,-0.00010,0.70715,1,4,0,0
1765409427.776813,-0.02590,0.05037,0.01049,-0.00084,0.00037,0.00113,0.58677,-0.00063,0.14059,0.00083,0.70706,-0.00010,0.70715,1,4,0,0
1765409427.778811,0.00253,-0.00221,-0.01917,0.00071,0.00133,0.00028,0.58677,-0.00063,0.14059,0.00083,0.70706,-0.00010,0.70715,1,4,0,0
1765409427.780809,0.01556,0.03467,0.02563,0.00006,0.00077,0.00070,0.58681,-0.00063,0.14059,0.00083,0.70706,-0.00010,0.70715,1,4,0,0
1765409427.782813,0.00500,0.03316,-0.01202,-0.00149,-0.00075,0.00055,0.58681,-0.00063,0.14059,0.00083,0.70706,-0.00010,0.70715,1,4,0,0
1765409427.784822,-0.00156,0.04995,0.01774,0.00025,0.00071,0.00070,0.58685,-0.00063,0.14059,0.00083,0.70706,-0.00010,0.70715,1,4,0,0
1765409427.786832,-0.00110,0.03989,0.04090,-0.00031,0.00071,0.00099,0.58685,-0.00063,0.14059,0.00083,0.70706,-0.00010,0.70715,1,4,0,0
1765409427.788827,0.00424,0.02199,0.01811,-0.00097,0.00141,0.00003,0.58689,-0.00063,0.14059,0.00083,0.70706,-0.00010,0.70715,1,4,0,0
1765409427.790833,0.01714,0.00953,0.01865,-0.00133,0.00089,0.00056,0.58689,-0.00063,0.14059,0.00083,0.70706,-0.00010,0.70715,1,4,0,0
1765409427.792858,0.00800,-0.01926,-0.00348,-0.00016,0.00064,0.00016,0.58693,-0.00063,0.14059,0.00083,0.70706,-0.00010,0.70715,1,4,0,0
1765409427.794828,-0.00929,0.02091,-0.00414,-0.00011,0.00006,0.00070,0.58713,-0.00063,0.14058,0.00083,0.70706,-0.00010,0.70715,1,4,0,0
1765409427.796850,-0.05407,0.06422,0.03310,-0.00155,-0.00083,0.00064,0.58713,-0.00063,0.14058,0.00083,0.70706,-0.00010,0.70715,1,4,0,0
1765409427.798859,-0.03470,0.04113,-0.05035,0.00014,0.00035,0.00015,0.58713,-0.00063,0.14058,0.00083,0.70706,-0.00010,0.70715,1,4,0,0
1765409427.800874,0.00741,0.01446,0.05652,-0.00040,0.00152,0.00087,0.58713,-0.00063,0.14058,0.00083,0.70706,-0.00010,0.70715,1,4,0,0
1765409427.802879,0.00202,-0.03883,0.11862,-0.00214,0.00021,0.00000,0.58713,-0.00063,0.14058,0.00083,0.70706,-0.00010,0.70715,1,4,0,0
1765409427.804843,0.01611,0.04037,0.01060,-0.00030,-0.00051,0.00096,0.58713,-0.00063,0.14058,0.00083,0.70706,-0.00010,0.70715,1,4,0,0
1765409427.806847,0.01177,0.07713,0.00184,-0.00030,0.00002,0.00054,0.58713,-0.00063,0.14058,0.00083,0.70706,-0.00010,0.70715,1,4,0,0
1765409427.808849,-0.02310,0.05265,0.01017,0.00050,0.00109,0.00085,0.58713,-0.00063,0.14058,0.00083,0.70706,-0.00010,0.70715,1,4,0,0
1765409427.810832,-0.01384,0.00303,0.03427,-0.00010,0.00102,0.00101,0.58713,-0.00063,0.14058,0.00083,0.70706,-0.00010,0.70715,1,4,0,0
1765409427.812833,-0.00085,0.00012,-0.01117,-0.00057,0.00088,0.00123,0.58713,-0.00063,0.14058,0.00083,0.70706,-0.00010,0.70715,1,4,0,0
1765409427.814843,-0.00427,0.01754,-0.02701,-0.00102,0.00077,0.00055,0.58713,-0.00063,0.14058,0.00083,0.70706,-0.00010,0.70715,1,4,0,0
1765409427.816836,0.01161,0.02762,0.01848,-0.00024,0.00019,0.00110,0.58717,-0.00063,0.14059,0.00083,0.70706,-0.00010,0.70715,1,4,0,0
1765409427.818871,0.00365,0.09603,0.01656,-0.00116,0.00099,0.00082,0.58717,-0.00063,0.14059,0.00083,0.70706,-0.00010,0.70715,1,4,0,0
1765409427.820853,0.00703,0.01490,0.05620,0.00048,0.00151,0.00006,0.58721,-0.00063,0.14059,0.00083,0.70706,-0.00010,0.70715,1,4,0,0
1765409427.822876,-0.00945,0.03963,0.01809,-0.00053,0.00120,0.00098,0.58721,-0.00063,0.14059,0.00083,0.70706,-0.00010,0.70715,1,4,0,0
1765409427.824880,-0.03477,0.01058,0.04897,-0.00002,0.00176,0.00023,0.58725,-0.00063,0.14059,0.00083,0.70706,-0.00010,0.70715,1,4,0,0
1765409427.826878,-0.01232,0.02311,0.01092,-0.00117,0.00022,0.00045,0.58725,-0.00063,0.14059,0.00083,0.70706,-0.00010,0.70715,1,4,0,0
1765409427.828874,0.00016,-0.01947,-0.03384,-0.00081,0.00087,0.00014,0.58729,-0.00063,0.14059,0.00083,0.70706,-0.00010,0.70715,1,4,0,0
1765409427.830863,-0.00074,0.01474,0.01104,-0.00062,0.00124,0.00084,0.58729,-0.00063,0.14059,0.00083,0.70706,-0.00010,0.70715,1,4,0,0
1765409427.832885,-0.01504,0.02478,0.04888,-0.00290,0.00076,0.00062,0.58733,-0.00063,0.14059,0.00083,0.70706,-0.00010,0.70715,1,4,0,0
1765409427.834880,-0.00840,0.04424,0.00256,-0.00135,0.00143,0.00043,0.58737,-0.00063,0.14059,0.00083,0.70706,-0.00010,0.70715,1,4,0,0
1765409427.836870,-0.01892,0.01625,-0.06493,0.00115,0.00044,0.00040,0.58737,-0.00063,0.14059,0.00083,0.70706,-0.00010,0.70715,1,4,0,0
1765409427.838917,-0.01693,0.00570,-0.00376,-0.00095,0.00055,0.00072,0.58737,-0.00063,0.14059,0.00083,0.70706,-0.00010,0.70715,1,4,0,0
1765409427.840866,-0.02058,0.00832,0.05670,-0.00113,0.00070,0.00009,0.58753,-0.00063,0.14058,0.00083,0.70707,-0.00010,0.70714,1,4,0,0
1765409427.842878,0.01462,0.00943,-0.00452,0.00107,0.00206,0.00014,0.58753,-0.00063,0.14058,0.00083,0.70707,-0.00010,0.70714,1,4,0,0
1765409427.844871,-0.01449,-0.02636,0.01186,0.00107,0.00142,0.00019,0.58753,-0.00063,0.14058,0.00083,0.70707,-0.00010,0.70714,1,4,0,0
1765409427.846862,-0.03439,0.02138,0.04913,-0.00032,0.00024,0.00077,0.58753,-0.00063,0.14058,0.00083,0.70707,-0.00010,0.70714,1,4,0,0
1765409427.848880,-0.00188,0.03976,0.01803,0.00034,0.00110,0.00097,0.58753,-0.00063,0.14058,0.00083,0.70707,-0.00010,0.70714,1,4,0,0
1765409427.850877,0.02516,0.03422,-0.00456,-0.00125,0.00041,0.00107,0.58753,-0.00063,0.14058,0.00083,0.70707,-0.00010,0.70714,1,4,0,0
1765409427.852905,0.01083,0.04111,0.00266,-0.00008,0.00197,0.00108,0.58753,-0.00063,0.14058,0.00083,0.70707,-0.00010,0.70714,1,4,0,0
1765409427.854898,0.00334,0.03209,-0.02008,-0.00019,0.00129,0.00013,0.58753,-0.00063,0.14058,0.00083,0.70707,-0.00010,0.70714,1,4,0,0
1765409427.856883,-0.02899,0.01905,0.07962,-0.00122,-0.00034,0.00066,0.58757,-0.00063,0.14058,0.00083,0.70707,-0.00010,0.70714,1,4,0,0
1765409427.858893,-0.01359,0.01802,0.04136,-0.00014,0.00087,0.00061,0.58757,-0.00063,0.14058,0.00083,0.70707,-0.00010,0.70714,1,4,0,0
1765409427.860886,-0.02331,0.02722,0.00319,0.00041,0.00201,0.00112,0.58761,-0.00063,0.14058,0.00083,0.70707,-0.00010,0.70714,1,4,0,0
1765409427.862914,-0.00468,0.01279,0.04152,-0.00064,0.00077,0.00074,0.58761,-0.00063,0.14058,0.00083,0.70707,-0.00010,0.70714,1,4,0,0
1765409427.864884,-0.00014,0.02501,0.04115,-0.00093,0.00071,0.00059,0.58765,-0.00063,0.14058,0.00083,0.70707,-0.00010,0.70715,1,4,0,0
1765409427.866893,0.03984,0.02399,0.00298,0.00081,0.00125,0.00092,0.58765,-0.00063,0.14058,0.00083,0.70707,-0.00010,0.70715,1,4,0,0
1765409427.868885,-0.00912,0.04556,-0.02766,-0.00024,0.00004,0.00041,0.58769,-0.00063,0.14058,0.00083,0.70707,-0.00010,0.70714,1,4,0,0
1765409427.870887,-0.01748,0.03592,0.01851,-0.00058,-0.00022,0.00113,0.58801,-0.00063,0.14058,0.00083,0.70707,-0.00010,0.70714,1,4,0,0
1765409427.872911,-0.02929,0.04377,0.01051,-0.00092,-0.00035,0.00033,0.58801,-0.00063,0.14058,0.00083,0.70707,-0.00010,0.70714,1,4,0,0
1765409427.874901,-0.02542,0.01642,0.05676,-0.00060,0.00000,0.00050,0.58801,-0.00063,0.14058,0.00083,0.70707,-0.00010,0.70714,1,4,0,0
1765409427.876896,0.00806,-0.00487,0.03405,-0.00042,0.00113,0.00018,0.58801,-0.00063,0.14058,0.00083,0.70707,-0.00010,0.70714,1,4,0,0
1765409427.878918,0.01545,-0.01966,-0.01846,0.00028,0.00082,0.00095,0.58801,-0.00063,0.14058,0.00083,0.70707,-0.00010,0.70714,1,4,0,0
1765409427.880902,0.03402,0.01969,-0.00430,-0.00121,-0.00008,0.00066,0.58801,-0.00063,0.14058,0.00083,0.70707,-0.00010,0.70714,1,4,0,0
1765409427.883006,-0.00835,0.05493,0.04048,-0.00122,0.00040,0.00059,0.58801,-0.00063,0.14058,0.00083,0.70707,-0.00010,0.70714,1,4,0,0
1765409427.884902,-0.01684,0.01528,-0.02695,-0.00105,0.00092,0.00043,0.58801,-0.00063,0.14058,0.00083,0.70707,-0.00010,0.70714,1,4,0,0
1765409427.886914,-0.03542,0.04057,0.00267,0.00057,0.00137,0.00019,0.58801,-0.00063,0.14058,0.00083,0.70707,-0.00010,0.70714,1,4,0,0
1765409427.888902,-0.03327,0.00892,-0.01187,0.00280,0.00162,0.00004,0.58801,-0.00063,0.14058,0.00083,0.70707,-0.00010,0.70714,1,4,0,0
1765409427.890906,-0.01059,0.03722,0.04130,-0.00340,0.00007,0.00128,0.58801,-0.00063,0.14058,0.00083,0.70707,-0.00010,0.70714,1,4,0,0
1765409427.892908,0.02905,0.01763,0.04128,-0.00036,-0.00002,0.00057,0.58801,-0.00063,0.14058,0.00083,0.70707,-0.00010,0.70714,1,4,0,0
1765409427.894908,0.00639,0.02488,-0.00441,0.00060,0.00102,0.00095,0.58801,-0.00063,0.14058,0.00083,0.70707,-0.00010,0.70714,1,4,0,0
1765409427.896899,0.00332,-0.00707,0.00387,-0.00001,0.00095,0.00043,0.58801,-0.00063,0.14058,0.00083,0.70707,-0.00010,0.70714,1,4,0,0
1765409427.898911,-0.01443,0.02071,-0.00391,-0.00317,-0.00063,0.00072,0.58801,-0.00063,0.14058,0.00083,0.70707,-0.00010,0.70714,1,4,0,0
1765409427.900897,-0.01794,0.01134,-0.01169,0.00043,0.00030,0.00017,0.58801,-0.00063,0.14058,0.00083,0.70707,-0.00010,0.70714,1,4,0,0
1765409427.902923,-0.01487,-0.00638,-0.04149,0.00109,0.00079,0.00082,0.58801,-0.00063,0.14058,0.00083,0.70707,-0.00010,0.70714,1,4,0,0
1765409427.904932,-0.03381,0.02034,0.03383,-0.00121,0.00125,0.00076,0.58805,-0.00063,0.14057,0.00083,0.70708,-0.00010,0.70713,1,4,0,0
1765409427.906922,0.02023,0.03661,0.04836,-0.00057,0.00109,0.00084,0.58805,-0.00063,0.14057,0.00083,0.70708,-0.00010,0.70713,1,4,0,0
1765409427.908977,0.00840,0.04431,-0.02023,-0.00113,0.00084,0.00040,0.58809,-0.00063,0.14058,0.00083,0.70708,-0.00010,0.70714,1,4,0,0
1765409427.910937,0.00159,-0.00709,0.01133,0.00152,0.00160,0.00044,0.58830,-0.00063,0.14059,0.00083,0.70707,-0.00010,0.70715,1,4,0,0
1765409427.912940,-0.02043,0.00611,-0.01138,0.00212,0.00111,0.00111,0.58830,-0.00063,0.14059,0.00083,0.70707,-0.00010,0.70715,1,4,0,0
1765409427.914963,-0.02059,0.01808,0.00351,-0.00145,0.00045,0.00059,0.58830,-0.00063,0.14059,0.00083,0.70707,-0.00010,0.70715,1,4,0,0
1765409427.916927,-0.02313,0.03326,0.00337,0.00048,0.00049,0.00139,0.58830,-0.00063,0.14059,0.00083,0.70707,-0.00010,0.70715,1,4,0,0
1765409427.918939,-0.02012,0.02858,-0.00414,-0.00176,-0.00057,0.00072,0.58830,-0.00063,0.14059,0.00083,0.70707,-0.00010,0.70715,1,4,0,0
1765409427.920926,0.00620,0.00523,-0.01162,0.00102,0.00116,0.00068,0.58830,-0.00063,0.14059,0.00083,0.70707,-0.00010,0.70715,1,4,0,0
1765409427.922937,0.01608,0.05447,0.01789,-0.00079,0.00012,0.00136,0.58830,-0.00063,0.14059,0.00083,0.70707,-0.00010,0.70715,1,4,0,0
1765409427.924938,0.02871,0.03725,0.02549,-0.00012,0.00022,0.00041,0.58830,-0.00063,0.14059,0.00083,0.70707,-0.00010,0.70715,1,4,0,0
1765409427.926949,-0.04453,0.01906,0.04936,-0.00253,-0.00040,0.00065,0.58830,-0.00063,0.14059,0.00083,0.70707,-0.00010,0.70715,1,4,0,0
1765409427.928933,-0.03868,0.02897,0.02637,-0.00045,-0.00009,0.00116,0.58830,-0.00063,0.14059,0.00083,0.70707,-0.00010,0.70715,1,4,0,0
1765409427.930933,-0.01277,0.02321,-0.01189,-0.00073,0.00023,0.00043,0.58830,-0.00063,0.14059,0.00083,0.70707,-0.00010,0.70715,1,4,0,0
1765409427.932945,0.01059,-0.02117,0.01148,0.00179,0.00073,-0.00037,0.58830,-0.00063,0.14059,0.00083,0.70707,-0.00010,0.70715,1,4,0,0
1765409427.934947,0.00893,0.01542,-0.05007,-0.00083,0.00022,-0.00042,0.58834,-0.00063,0.14059,0.00083,0.70707,-0.00010,0.70715,1,4,0,0
1765409427.936958,-0.01092,0.00855,0.07255,-0.00266,-0.00079,0.00132,0.58834,-0.00063,0.14059,0.00083,0.70707,-0.00010,0.70715,1,4,0,0
1765409427.938954,-0.01639,0.06967,-0.01284,-0.00192,0.00024,0.00096,0.58838,-0.00063,0.14058,0.00083,0.70707,-0.00010,0.70714,1,4,0,0
1765409427.940943,-0.04028,0.01710,0.10224,-0.00190,-0.00060,-0.00025,0.58838,-0.00063,0.14058,0.00083,0.70707,-0.00010,0.70714,1,4,0,0
1765409427.942947,-0.00454,-0.00175,0.01916,-0.00060,0.00040,0.00072,0.58842,-0.00063,0.14059,0.00083,0.70707,-0.00010,0.70715,1,4,0,0
1765409427.944963,-0.00453,0.01689,0.04881,-0.00103,0.00178,0.00060,0.58847,-0.00063,0.14059,0.00083,0.70707,-0.00010,0.70715,1,4,0,0
1765409427.946950,0.03261,-0.02054,0.02697,-0.00017,0.00137,0.00096,0.58847,-0.00063,0.14059,0.00083,0.70707,-0.00010,0.70715,1,4,0,0
1765409427.948961,0.01275,0.00839,-0.01930,-0.00048,-0.00033,0.00000,0.58847,-0.00063,0.14059,0.00083,0.70707,-0.00010,0.70715,1,4,0,0
1765409427.950968,-0.01769,0.03117,-0.01203,0.00002,-0.00010,0.00043,0.58851,-0.00063,0.14059,0.00083,0.70706,-0.00010,0.70715,1,4,0,0
1765409427.952958,-0.02170,0.08233,0.03214,-0.00067,0.00066,0.00046,0.58851,-0.00063,0.14059,0.00083,0.70706,-0.00010,0.70715,1,4,0,0
1765409427.954949,0.01615,0.05836,0.00995,-0.00118,0.00138,0.00121,0.58875,-0.00063,0.14060,0.00083,0.70706,-0.00010,0.70715,1,4,0,0
1765409427.956973,0.02102,0.06598,0.03986,-0.00130,0.00118,0.00042,0.58875,-0.00063,0.14060,0.00083,0.70706,-0.00010,0.70715,1,4,0,0
1765409427.958967,0.01449,0.00629,0.01817,0.00234,0.00052,-0.00092,0.58875,-0.00063,0.14060,0.00083,0.70706,-0.00010,0.70715,1,4,0,0
1765409427.960989,-0.00927,-0.01363,0.05718,0.00035,0.00058,0.00009,0.58875,-0.00063,0.14060,0.00083,0.70706,-0.00010,0.70715,1,4,0,0
1765409427.962971,-0.02186,0.01800,0.05656,-0.00036,0.00110,0.00063,0.58875,-0.00063,0.14060,0.00083,0.70706,-0.00010,0.70715,1,4,0,0
1765409427.964986,-0.01326,-0.00665,0.01175,-0.00044,0.00064,0.00086,0.58875,-0.00063,0.14060,0.00083,0.70706,-0.00010,0.70715,1,4,0,0
1765409427.966989,-0.02740,0.03548,-0.03500,0.00072,0.00116,0.00069,0.58875,-0.00063,0.14060,0.00083,0.70706,-0.00010,0.70715,1,4,0,0
1765409427.968971,0.00783,0.01065,0.02636,-0.00023,0.00012,0.00058,0.58875,-0.00063,0.14060,0.00083,0.70706,-0.00010,0.70715,1,4,0,0
1765409427.971022,0.00383,0.00306,0.03377,-0.00010,0.00079,-0.00022,0.58875,-0.00063,0.14060,0.00083,0.70706,-0.00010,0.70715,1,4,0,0
1765409427.972982,-0.00891,0.00571,-0.00380,-0.00051,0.00045,0.00071,0.58875,-0.00063,0.14060,0.00083,0.70706,-0.00010,0.70715,1,4,0,0
1765409427.974970,-0.00110,0.04487,0.04072,-0.00025,0.00071,0.00086,0.58875,-0.00063,0.14060,0.00083,0.70706,-0.00010,0.70715,1,4,0,0
1765409427.976962,-0.01415,0.05187,0.01767,-0.00017,0.00162,0.00085,0.58875,-0.00063,0.14060,0.00083,0.70706,-0.00010,0.70715,1,4,0,0
1765409427.978979,-0.02994,0.01356,0.01871,-0.00042,0.00069,0.00034,0.58879,-0.00063,0.14059,0.00083,0.70706,-0.00010,0.70715,1,4,0,0
1765409427.980970,-0.02078,0.04323,0.05581,-0.00093,0.00029,-0.00005,0.58879,-0.00063,0.14059,0.00083,0.70706,-0.00010,0.70715,1,4,0,0
1765409427.983054,0.01207,0.02617,0.02607,-0.00135,0.00159,0.00151,0.58883,-0.00063,0.14060,0.00083,0.70705,-0.00010,0.70716,1,4,0,0
1765409427.984972,0.00625,-0.01017,0.01144,0.00083,0.00193,0.00070,0.58883,-0.00063,0.14060,0.00083,0.70705,-0.00010,0.70716,1,4,0,0
1765409427.987008,0.01548,0.03936,-0.00479,-0.00010,0.00090,0.00094,0.58887,-0.00063,0.14060,0.00083,0.70706,-0.00010,0.70716,1,4,0,0
1765409427.988980,-0.00824,0.02601,0.03393,-0.00114,-0.00058,0.00101,0.58887,-0.00063,0.14060,0.00083,0.70706,-0.00010,0.70716,1,4,0,0
1765409427.990989,-0.01228,0.07225,0.03995,-0.00145,0.00043,0.00032,0.58899,-0.00063,0.14059,0.00083,0.70706,-0.00010,0.70716,1,4,0,0
1765409427.993026,0.02862,0.03124,0.04105,-0.00085,0.00113,0.00137,0.58899,-0.00063,0.14059,0.00083,0.70706,-0.00010,0.70716,1,4,0,0
1765409427.995006,-0.01027,0.01036,0.01105,0.00064,0.00135,0.00058,0.58899,-0.00063,0.14059,0.00083,0.70706,-0.00010,0.70716,1,4,0,0
1765409427.997002,-0.00434,-0.01104,0.00409,-0.00027,-0.00010,0.00018,0.58899,-0.00063,0.14059,0.00083,0.70706,-0.00010,0.70716,1,4,0,0
1765409427.999000,0.00700,0.05448,-0.01307,0.00030,0.00110,0.00013,0.58899,-0.00063,0.14059,0.00083,0.70706,-0.00010,0.70716,1,4,0,0
1765409428.000989,-0.00574,0.02756,0.01050,0.00041,0.00128,0.00030,0.58915,-0.00063,0.14060,0.00083,0.70706,-0.00010,0.70716,1,4,0,0
1765409428.002987,-0.02659,0.01151,-0.04186,0.00043,0.00015,0.00056,0.58915,-0.00063,0.14060,0.00083,0.70706,-0.00010,0.70716,1,4,0,0
1765409428.005012,0.00296,0.00319,0.02649,0.00034,0.00056,0.00058,0.58915,-0.00063,0.14060,0.00083,0.70706,-0.00010,0.70716,1,4,0,0
1765409428.006987,-0.00078,0.02026,0.00334,-0.00033,0.00060,0.00070,0.58915,-0.00063,0.14060,0.00083,0.70706,-0.00010,0.70716,1,4,0,0
1765409428.008990,-0.00467,-0.00135,0.01144,-0.00016,0.00015,0.00031,0.58915,-0.00063,0.14060,0.00083,0.70706,-0.00010,0.70716,1,4,0,0
1765409428.010987,-0.01705,0.02963,0.00296,-0.00109,0.00154,0.00044,0.58915,-0.00063,0.14060,0.00083,0.70706,-0.00010,0.70716,1,4,0,0
1765409428.012981,-0.01694,0.02056,-0.01932,-0.00098,0.00041,0.00070,0.58915,-0.00063,0.14060,0.00083,0.70706,-0.00010,0.70716,1,4,0,0
1765409428.014984,-0.02555,-0.00811,-0.00342,-0.00024,-0.00010,0.00033,0.58915,-0.00063,0.14060,0.00083,0.70706,-0.00010,0.70716,1,4,0,0
1765409428.017002,-0.01500,0.04296,0.01795,0.00104,0.00087,0.00072,0.58915,-0.00063,0.14060,0.00083,0.70706,-0.00010,0.70716,1,4,0,0
1765409428.019009,-0.01922,0.02102,-0.01182,0.00121,0.00069,0.00070,0.58919,-0.00063,0.14060,0.00083,0.70705,-0.00010,0.70716,1,4,0,0
1765409428.021014,0.00698,0.01026,-0.00396,0.00020,0.00064,0.00096,0.58919,-0.00063,0.14060,0.00083,0.70705,-0.00010,0.70716,1,4,0,0
1765409428.023019,-0.01212,0.01800,0.02627,-0.00145,0.00035,0.00060,0.58923,-0.00063,0.14060,0.00083,0.70705,-0.00010,0.70716,1,4,0,0
1765409428.025054,-0.04346,0.03109,0.00332,0.00001,0.00072,0.00087,0.58923,-0.00063,0.14060,0.00083,0.70705,-0.00010,0.70716,1,4,0,0
1765409428.027036,-0.01041,0.02982,0.04100,0.00044,0.00159,0.00087,0.58927,-0.00063,0.14060,0.00083,0.70705,-0.00010,0.70716,1,4,0,0
1765409428.029028,0.01111,0.06672,0.00208,0.00002,0.00080,0.00081,0.58927,-0.00063,0.14060,0.00083,0.70705,-0.00010,0.70716,1,4,0,0
1765409428.031015,0.01504,0.03459,0.01039,0.00050,0.00103,0.00068,0.58932,-0.00063,0.14060,0.00083,0.70705,-0.00010,0.70717,1,4,0,0
1765409428.033043,0.00069,0.03513,-0.00450,-0.00168,-0.00007,0.00069,0.58932,-0.00063,0.14060,0.00083,0.70705,-0.00010,0.70717,1,4,0,0
1765409428.035031,-0.01080,0.00820,0.07250,-0.00288,-0.00041,0.00132,0.58932,-0.00063,0.14060,0.00083,0.70705,-0.00010,0.70717,1,4,0,0
1765409428.037036,-0.00484,0.03717,0.02571,-0.00078,0.00101,0.00085,0.58935,-0.00063,0.14060,0.00083,0.70705,-0.00010,0.70716,1,4,0,0
1765409428.039019,-0.04321,0.03546,0.07141,-0.00037,0.00147,0.00079,0.58951,-0.00063,0.14060,0.00083,0.70705,-0.00010,0.70716,1,4,0,0
1765409428.042074,0.02440,0.06337,-0.03599,-0.00068,0.00128,0.00063,0.58951,-0.00063,0.14060,0.00083,0.70705,-0.00010,0.70716,1,4,0,0
1765409428.043036,0.00181,0.01320,-0.01155,0.00111,0.00045,0.00109,0.58951,-0.00063,0.14060,0.00083,0.70705,-0.00010,0.70716,1,4,0,0
1765409428.045029,0.00430,0.00353,-0.01910,-0.00053,-0.00022,0.00015,0.58951,-0.00063,0.14060,0.00083,0.70705,-0.00010,0.70716,1,4,0,0
1765409428.047037,-0.00018,0.05397,0.03288,-0.00145,0.00120,0.00098,0.58951,-0.00063,0.14060,0.00083,0.70705,-0.00010,0.70716,1,4,0,0
1765409428.049022,-0.03349,0.05530,0.02539,-0.00144,0.00058,0.00061,0.58951,-0.00063,0.14060,0.00083,0.70705,-0.00010,0.70716,1,4,0,0
1765409428.051028,-0.00901,0.02962,0.03348,-0.00087,0.00132,0.00086,0.58951,-0.00063,0.14060,0.00083,0.70705,-0.00010,0.70716,1,4,0,0
1765409428.053070,-0.00881,-0.00810,0.01916,0.00020,-0.00031,-0.00008,0.58951,-0.00063,0.14060,0.00083,0.70705,-0.00010,0.70716,1,4,0,0
1765409428.055043,0.01154,-0.00647,-0.02662,0.00066,0.00021,-0.00000,0.58955,-0.00063,0.14060,0.00083,0.70706,-0.00010,0.70716,1,4,0,0
1765409428.057040,0.03564,0.04051,0.01768,0.00036,0.00218,0.00107,0.58955,-0.00063,0.14060,0.00083,0.70706,-0.00010,0.70716,1,4,0,0
1765409428.059031,-0.01955,0.06294,0.05570,-0.00244,-0.00049,0.00062,0.58959,-0.00063,0.14060,0.00083,0.70706,-0.00010,0.70716,1,4,0,0
1765409428.061023,-0.02174,0.01340,0.01107,-0.00020,0.00072,0.00033,0.58959,-0.00063,0.14060,0.00083,0.70706,-0.00010,0.70716,1,4,0,0
1765409428.063051,-0.01677,0.00057,-0.04175,-0.00101,0.00080,0.00042,0.58963,-0.00063,0.14059,0.00083,0.70706,-0.00010,0.70715,1,4,0,0
1765409428.065032,-0.03076,0.00400,-0.01131,0.00034,0.00046,0.00059,0.58963,-0.00063,0.14059,0.00083,0.70706,-0.00010,0.70715,1,4,0,0
1765409428.067036,-0.02539,0.03561,0.01073,-0.00102,0.00037,0.00073,0.58967,-0.00063,0.14059,0.00083,0.70706,-0.00010,0.70715,1,4,0,0
1765409428.069055,0.01481,-0.02412,0.01159,0.00153,0.00107,-0.00011,0.58967,-0.00063,0.14059,0.00083,0.70706,-0.00010,0.70715,1,4,0,0
1765409428.071543,-0.00810,0.02025,0.02604,-0.00121,0.00068,0.00032,0.58971,-0.00063,0.14059,0.00083,0.70706,-0.00010,0.70715,1,4,0,0
1765409428.073078,0.02088,0.01222,0.01104,-0.00086,0.00060,0.00069,0.58971,-0.00063,0.14059,0.00083,0.70706,-0.00010,0.70715,1,4,0,0
1765409428.075043,-0.02102,0.05297,0.04835,-0.00125,0.00005,0.00088,0.58975,-0.00063,0.14059,0.00083,0.70706,-0.00010,0.70715,1,4,0,0
1765409428.077053,-0.01358,0.03347,-0.02708,-0.00017,-0.00027,0.00096,0.58975,-0.00063,0.14059,0.00083,0.70706,-0.00010,0.70715,1,4,0,0
1765409428.079085,-0.02996,0.00901,0.02691,-0.00069,-0.00018,0.00129,0.58991,-0.00063,0.14059,0.00083,0.70706,-0.00010,0.70715,1,4,0,0
1765409428.081071,0.01145,0.01740,0.01843,0.00007,0.00096,0.00056,0.58991,-0.00063,0.14059,0.00083,0.70706,-0.00010,0.70715,1,4,0,0
1765409428.083068,0.01498,0.02938,0.02590,0.00022,0.00117,0.00124,0.58991,-0.00063,0.14059,0.00083,0.70706,-0.00010,0.70715,1,4,0,0
1765409428.085057,0.02123,0.05151,-0.02787,-0.00148,0.00044,0.00078,0.58991,-0.00063,0.14059,0.00083,0.70706,-0.00010,0.70715,1,4,0,0
1765409428.087065,0.00992,0.02214,0.02587,0.00122,0.00161,0.00084,0.58991,-0.00063,0.14059,0.00083,0.70706,-0.00010,0.70715,1,4,0,0
1765409428.089073,-0.02187,0.06747,0.02526,-0.00085,0.00044,0.00126,0.58991,-0.00063,0.14059,0.00083,0.70706,-0.00010,0.70715,1,4,0,0
1765409428.091082,-0.03274,0.01385,-0.00405,0.00199,0.00111,0.00072,0.58991,-0.00063,0.14059,0.00083,0.70706,-0.00010,0.70715,1,4,0,0
1765409428.093049,0.00798,0.03936,-0.00453,-0.00119,0.00061,0.00135,0.58991,-0.00063,0.14059,0.00083,0.70706,-0.00010,0.70715,1,4,0,0
1765409428.095046,0.00752,0.02461,-0.04234,-0.00050,0.00088,0.00092,0.58995,-0.00063,0.14059,0.00083,0.70706,-0.00010,0.70715,1,4,0,0
1765409428.097047,-0.00522,0.03263,0.02557,0.00004,0.00101,0.00018,0.58995,-0.00063,0.14059,0.00083,0.70706,-0.00010,0.70715,1,4,0,0
1765409428.099053,-0.00628,0.01811,0.03368,0.00095,0.00091,0.00059,0.58999,-0.00063,0.14059,0.00083,0.70706,-0.00010,0.70715,1,4,0,0
1765409428.101076,-0.01825,0.02101,0.02622,0.00033,0.00042,0.00074,0.58999,-0.00063,0.14059,0.00083,0.70706,-0.00010,0.70715,1,4,0,0
1765409428.103133,-0.00003,0.02947,0.01088,-0.00153,0.00084,0.00124,0.59003,-0.00063,0.14059,0.00083,0.70706,-0.00010,0.70715,1,4,0,0
1765409428.105106,0.01120,0.02228,0.01840,0.00013,0.00096,0.00083,0.59003,-0.00063,0.14059,0.00083,0.70706,-0.00010,0.70715,1,4,0,0
1765409428.107076,-0.00159,0.02941,0.01799,0.00022,0.00186,0.00044,0.59007,-0.00063,0.14059,0.00083,0.70707,-0.00010,0.70715,1,4,0,0
1765409428.109089,-0.02534,0.01103,-0.01924,-0.00067,0.00051,0.00017,0.59007,-0.00063,0.14059,0.00083,0.70707,-0.00010,0.70715,1,4,0,0
1765409428.111076,-0.02590,0.03559,0.04107,-0.00058,0.00063,0.00075,0.59011,-0.00063,0.14059,0.00083,0.70707,-0.00010,0.70715,1,4,0,0
1765409428.113079,0.01953,0.01682,0.03367,0.00007,0.00137,0.00097,0.59011,-0.00063,0.14059,0.00083,0.70707,-0.00010,0.70715,1,4,0,0
1765409428.115083,0.01552,0.02393,-0.00451,-0.00028,0.00167,0.00094,0.59015,-0.00063,0.14058,0.00083,0.70707,-0.00010,0.70715,1,4,0,0
1765409428.117127,-0.00997,0.04464,0.04048,0.00018,0.00157,0.00046,0.59027,-0.00063,0.14058,0.00083,0.70707,-0.00010,0.70714,1,4,0,0
1765409428.119076,-0.00604,0.00825,0.00333,0.00105,0.00104,0.00003,0.59031,-0.00063,0.14058,0.00083,0.70707,-0.00010,0.70715,1,4,0,0
1765409428.121111,-0.01323,0.01266,0.00353,-0.00064,0.00113,0.00071,0.59031,-0.00063,0.14058,0.00083,0.70707,-0.00010,0.70715,1,4,0,0
1765409428.123101,-0.03603,-0.00501,0.08021,-0.00195,-0.00100,0.00014,0.59031,-0.00063,0.14058,0.00083,0.70707,-0.00010,0.70715,1,4,0,0
1765409428.125089,-0.03332,0.05008,-0.02761,-0.00172,0.00071,0.00070,0.59031,-0.00063,0.14058,0.00083,0.70707,-0.00010,0.70715,1,4,0,0
1765409428.127078,0.00727,0.03941,-0.03495,-0.00053,0.00075,0.00133,0.59031,-0.00063,0.14058,0.00083,0.70707,-0.00010,0.70715,1,4,0,0
1765409428.129091,0.02065,0.05131,0.01003,-0.00104,0.00095,0.00081,0.59031,-0.00063,0.14058,0.00083,0.70707,-0.00010,0.70715,1,4,0,0
1765409428.131101,0.02832,-0.00287,0.04166,0.00005,0.00115,0.00071,0.59031,-0.00063,0.14058,0.00083,0.70707,-0.00010,0.70715,1,4,0,0
1765409428.133119,-0.01761,-0.00901,0.04973,-0.00025,0.00082,0.00076,0.59031,-0.00063,0.14058,0.00083,0.70707,-0.00010,0.70715,1,4,0,0
1765409428.135192,-0.04058,0.00114,0.01183,-0.00253,0.00021,0.00089,0.59035,-0.00063,0.14058,0.00083,0.70707,-0.00010,0.70715,1,4,0,0
1765409428.137135,-0.03247,0.04322,-0.01278,0.00191,0.00158,-0.00010,0.59035,-0.00063,0.14058,0.00083,0.70707,-0.00010,0.70715,1,4,0,0
1765409428.139122,-0.00939,0.05969,0.01758,-0.00051,0.00080,0.00084,0.59039,-0.00063,0.14058,0.00083,0.70707,-0.00010,0.70715,1,4,0,0
1765409428.141089,0.01558,0.01984,0.06397,0.00010,0.00090,0.00073,0.59039,-0.00063,0.14058,0.00083,0.70707,-0.00010,0.70715,1,4,0,0
1765409428.143101,0.06209,0.01630,0.03338,0.00006,0.00085,0.00053,0.59043,-0.00063,0.14058,0.00083,0.70707,-0.00010,0.70715,1,4,0,0
1765409428.145099,0.03280,0.02393,0.04883,-0.00072,0.00096,0.00137,0.59043,-0.00063,0.14058,0.00083,0.70707,-0.00010,0.70715,1,4,0,0
1765409428.147125,-0.04224,0.06655,-0.02794,-0.00065,-0.00072,0.00031,0.59047,-0.00063,0.14058,0.00083,0.70706,-0.00010,0.70715,1,4,0,0
1765409428.149135,-0.04598,0.03824,-0.00437,-0.00165,0.00050,0.00087,0.59047,-0.00063,0.14058,0.00083,0.70706,-0.00010,0.70715,1,4,0,0
1765409428.151132,-0.00573,0.04465,0.01838,-0.00397,-0.00037,0.00126,0.59051,-0.00063,0.14059,0.00083,0.70706,-0.00010,0.70715,1,4,0,0
1765409428.153145,0.01580,0.00915,0.04145,-0.00046,0.00168,0.00098,0.59067,-0.00063,0.14059,0.00083,0.70706,-0.00010,0.70715,1,4,0,0
1765409428.155114,0.01056,-0.00218,0.00358,0.00115,0.00123,0.00029,0.59067,-0.00063,0.14059,0.00083,0.70706,-0.00010,0.70715,1,4,0,0
1765409428.157256,-0.00524,0.02314,0.02618,-0.00008,0.00027,0.00086,0.59067,-0.00063,0.14059,0.00083,0.70706,-0.00010,0.70715,1,4,0,0
1765409428.159135,-0.02283,0.02862,-0.04248,0.00086,0.00047,0.00028,0.59067,-0.00063,0.14059,0.00083,0.70706,-0.00010,0.70715,1,4,0,0
1765409428.161150,-0.03487,0.01158,-0.01163,0.00043,0.00050,0.00019,0.59067,-0.00063,0.14059,0.00083,0.70706,-0.00010,0.70715,1,4,0,0
1765409428.163122,-0.03164,0.01787,-0.00430,0.00073,0.00186,0.00059,0.59067,-0.00063,0.14059,0.00083,0.70706,-0.00010,0.70715,1,4,0,0
1765409428.165109,0.00340,0.03137,-0.01205,-0.00107,0.00156,0.00135,0.59067,-0.00063,0.14059,0.00083,0.70706,-0.00010,0.70715,1,4,0,0
1765409428.167115,0.02042,0.02729,0.01050,-0.00024,0.00058,0.00028,0.59067,-0.00063,0.14059,0.00083,0.70706,-0.00010,0.70715,1,4,0,0
1765409428.169138,0.00237,-0.00806,0.11030,-0.00199,-0.00122,-0.00041,0.59067,-0.00063,0.14059,0.00083,0.70706,-0.00010,0.70715,1,4,0,0
1765409428.171243,-0.00138,0.01016,0.00327,0.00042,0.00136,0.00016,0.59071,-0.00063,0.14059,0.00083,0.70706,-0.00010,0.70715,1,4,0,0
1765409428.173137,-0.01808,0.04060,-0.01214,-0.00009,0.00029,0.00097,0.59071,-0.00063,0.14059,0.00083,0.70706,-0.00010,0.70715,1,4,0,0
1765409428.175116,-0.01933,0.03491,-0.01976,0.00072,0.00158,0.00110,0.59075,-0.00063,0.14059,0.00083,0.70706,-0.00010,0.70715,1,4,0,0
1765409428.177115,0.00266,-0.00629,0.01171,0.00066,0.00007,0.00085,0.59075,-0.00063,0.14059,0.00083,0.70706,-0.00010,0.70715,1,4,0,0
1765409428.179115,-0.00867,0.02066,-0.01950,-0.00055,0.00031,0.00029,0.59079,-0.00063,0.14059,0.00083,0.70706,-0.00010,0.70715,1,4,0,0
1765409428.181137,0.03279,0.04965,0.01733,0.00025,0.00028,-0.00014,0.59079,-0.00063,0.14059,0.00083,0.70706,-0.00010,0.70715,1,4,0,0
1765409428.183149,-0.01042,0.04474,0.01768,0.00062,0.00158,0.00044,0.59083,-0.00063,0.14059,0.00083,0.70706,-0.00010,0.70715,1,4,0,0
1765409428.185152,-0.05102,0.02110,0.04154,-0.00076,0.00095,0.00078,0.59083,-0.00063,0.14059,0.00083,0.70706,-0.00010,0.70715,1,4,0,0
1765409428.187144,-0.00532,0.00804,0.00372,-0.00004,0.00066,0.00084,0.59092,-0.00063,0.14059,0.00083,0.70706,-0.00010,0.70716,1,4,0,0
1765409428.189151,-0.02631,0.01235,-0.03430,0.00066,-0.00074,0.00016,0.59092,-0.00063,0.14059,0.00083,0.70706,-0.00010,0.70716,1,4,0,0
1765409428.191136,0.02022,0.02386,0.00294,0.00081,-0.00082,-0.00040,0.59092,-0.00063,0.14059,0.00083,0.70706,-0.00010,0.70716,1,4,0,0
1765409428.193158,0.02974,0.05098,0.01743,-0.00149,0.00109,0.00040,0.59092,-0.00063,0.14059,0.00083,0.70706,-0.00010,0.70716,1,4,0,0
1765409428.195150,-0.00228,0.00459,0.01125,0.00057,0.00203,0.00111,0.59108,-0.00063,0.14059,0.00083,0.70705,-0.00010,0.70716,1,4,0,0
1765409428.197329,-0.02183,0.02364,0.04908,-0.00029,0.00009,0.00089,0.59108,-0.00063,0.14059,0.00083,0.70705,-0.00010,0.70716,1,4,0,0
1765409428.199141,-0.04310,0.04202,0.01074,0.00015,-0.00056,0.00061,0.59108,-0.00063,0.14059,0.00083,0.70705,-0.00010,0.70716,1,4,0,0
1765409428.201151,-0.02350,0.05670,0.01794,-0.00208,-0.00171,0.00020,0.59108,-0.00063,0.14059,0.00083,0.70705,-0.00010,0.70716,1,4,0,0
1765409428.203149,-0.02266,0.03278,0.01038,0.00047,0.00148,0.00018,0.59108,-0.00063,0.14059,0.00083,0.70705,-0.00010,0.70716,1,4,0,0
1765409428.205165,0.02016,0.00174,0.05665,-0.00033,0.00175,0.00059,0.59108,-0.00063,0.14059,0.00083,0.70705,-0.00010,0.70716,1,4,0,0
1765409428.207152,0.01441,0.03477,-0.01982,0.00094,0.00079,0.00106,0.59108,-0.00063,0.14059,0.00083,0.70705,-0.00010,0.70716,1,4,0,0
1765409428.209173,-0.01657,-0.01666,0.04239,0.00009,-0.00174,-0.00018,0.59108,-0.00063,0.14059,0.00083,0.70705,-0.00010,0.70716,1,4,0,0
1765409428.211164,-0.02194,0.01359,-0.01188,0.00024,0.00072,-0.00010,0.59108,-0.00063,0.14059,0.00083,0.70705,-0.00010,0.70716,1,4,0,0
1765409428.213150,-0.05732,0.01383,-0.00415,0.00133,0.00178,0.00034,0.59112,-0.00063,0.14060,0.00083,0.70705,-0.00010,0.70716,1,4,0,0
1765409428.215148,-0.03474,0.04961,0.01777,-0.00063,0.00187,0.00073,0.59112,-0.00063,0.14060,0.00083,0.70705,-0.00010,0.70716,1,4,0,0
1765409428.217171,0.03208,0.04892,0.04031,0.00024,0.00106,0.00069,0.59116,-0.00063,0.14060,0.00083,0.70705,-0.00010,0.70716,1,4,0,0
1765409428.219156,0.01050,0.01327,-0.02726,0.00155,0.00058,-0.00014,0.59120,-0.00063,0.14060,0.00083,0.70705,-0.00010,0.70716,1,4,0,0
1765409428.221197,0.02355,0.04964,-0.00550,0.00090,0.00077,-0.00015,0.59120,-0.00063,0.14060,0.00083,0.70705,-0.00010,0.70716,1,4,0,0
1765409428.223195,-0.00125,0.02457,0.00321,-0.00028,0.00136,0.00097,0.59120,-0.00063,0.14060,0.00083,0.70705,-0.00010,0.70716,1,4,0,0
1765409428.225202,-0.05778,-0.00301,0.06529,-0.00215,-0.00009,0.00109,0.59145,-0.00063,0.14061,0.00083,0.70704,-0.00010,0.70717,1,4,0,0
1765409428.227892,0.00394,-0.00737,-0.00373,-0.00067,0.00107,0.00043,0.59145,-0.00063,0.14061,0.00083,0.70704,-0.00010,0.70717,1,4,0,0
1765409428.229170,0.01668,0.03946,0.00254,-0.00075,0.00074,0.00014,0.59145,-0.00063,0.14061,0.00083,0.70704,-0.00010,0.70717,1,4,0,0
1765409428.231255,0.00805,0.06451,0.03259,-0.00089,0.00032,0.00070,0.59145,-0.00063,0.14061,0.00083,0.70704,-0.00010,0.70717,1,4,0,0
1765409428.233288,-0.00975,0.01770,0.04178,-0.00386,-0.00031,0.00102,0.59145,-0.00063,0.14061,0.00083,0.70704,-0.00010,0.70717,1,4,0,0
1765409428.235186,-0.03600,0.00186,0.00386,0.00141,0.00065,0.00047,0.59145,-0.00063,0.14061,0.00083,0.70704,-0.00010,0.70717,1,4,0,0
1765409428.237184,0.00376,0.00778,0.02613,-0.00026,0.00092,0.00004,0.59145,-0.00063,0.14061,0.00083,0.70704,-0.00010,0.70717,1,4,0,0
1765409428.239237,0.01146,0.05212,0.04048,-0.00016,0.00055,0.00084,0.59145,-0.00063,0.14061,0.00083,0.70704,-0.00010,0.70717,1,4,0,0
1765409428.241211,-0.02143,0.03274,0.04102,-0.00084,0.00096,0.00061,0.59145,-0.00063,0.14061,0.00083,0.70704,-0.00010,0.70717,1,4,0,0
1765409428.243190,-0.04439,-0.01273,-0.01090,0.00145,0.00064,0.00047,0.59145,-0.00063,0.14061,0.00083,0.70704,-0.00010,0.70717,1,4,0,0
1765409428.245203,0.00318,-0.00114,0.04180,0.00050,-0.00008,0.00033,0.59145,-0.00063,0.14061,0.00083,0.70704,-0.00010,0.70717,1,4,0,0
1765409428.247186,0.00730,0.04032,0.00280,0.00013,0.00010,0.00055,0.59145,-0.00063,0.14061,0.00083,0.70704,-0.00010,0.70717,1,4,0,0
1765409428.249185,0.00150,0.07375,0.08561,-0.00296,0.00065,0.00089,0.59149,-0.00063,0.14061,0.00083,0.70704,-0.00010,0.70717,1,4,0,0
1765409428.251176,-0.01467,0.03546,0.01123,-0.00342,-0.00088,0.00153,0.59149,-0.00063,0.14061,0.00083,0.70704,-0.00010,0.70717,1,4,0,0
1765409428.253177,-0.01389,0.00361,0.01899,0.00034,0.00051,0.00060,0.59153,-0.00063,0.14061,0.00083,0.70704,-0.00010,0.70717,1,4,0,0
1765409428.255186,-0.01582,0.01103,0.01898,-0.00176,-0.00023,0.00060,0.59153,-0.00063,0.14061,0.00083,0.70704,-0.00010,0.70717,1,4,0,0
1765409428.257185,0.00260,0.04192,0.04060,0.00015,0.00142,0.00072,0.59157,-0.00063,0.14061,0.00083,0.70704,-0.00010,0.70717,1,4,0,0
1765409428.259207,-0.00220,0.04937,0.01037,0.00024,0.00124,0.00150,0.59157,-0.00063,0.14061,0.00083,0.70704,-0.00010,0.70717,1,4,0,0
1765409428.261231,-0.00125,0.02098,0.04139,0.00033,-0.00004,0.00073,0.59161,-0.00063,0.14061,0.00083,0.70704,-0.00010,0.70717,1,4,0,0
1765409428.263235,0.01182,0.04804,0.00286,-0.00021,-0.00072,0.00095,0.59161,-0.00063,0.14061,0.00083,0.70704,-0.00010,0.70717,1,4,0,0
1765409428.265202,-0.01131,0.04499,0.01765,0.00150,0.00159,0.00044,0.59165,-0.00063,0.14061,0.00083,0.70704,-0.00010,0.70717,1,4,0,0
1765409428.267237,-0.03946,0.01650,0.07979,-0.00322,-0.00059,0.00054,0.59165,-0.00063,0.14061,0.00083,0.70704,-0.00010,0.70717,1,4,0,0
1765409428.269215,-0.02658,0.01529,0.00334,0.00004,0.00167,0.00045,0.59169,-0.00063,0.14061,0.00083,0.70704,-0.00010,0.70717,1,4,0,0
1765409428.271204,-0.02147,-0.01142,0.01181,-0.00050,0.00074,0.00060,0.59189,-0.00063,0.14060,0.00083,0.70705,-0.00010,0.70716,1,4,0,0
1765409428.273219,-0.00148,0.01536,-0.00411,0.00027,0.00074,0.00083,0.59189,-0.00063,0.14060,0.00083,0.70705,-0.00010,0.70716,1,4,0,0
1765409428.275215,-0.00068,0.02987,0.00294,-0.00043,0.00096,0.00043,0.59189,-0.00063,0.14060,0.00083,0.70705,-0.00010,0.70716,1,4,0,0
1765409428.277263,-0.00969,0.01557,-0.00423,0.00027,0.00083,0.00043,0.59189,-0.00063,0.14060,0.00083,0.70705,-0.00010,0.70716,1,4,0,0
1765409428.279668,-0.01247,0.00289,-0.01157,-0.00098,0.00100,0.00017,0.59189,-0.00063,0.14060,0.00083,0.70705,-0.00010,0.70716,1,4,0,0
1765409428.281291,-0.01564,-0.01137,-0.02636,0.00191,0.00131,0.00056,0.59189,-0.00063,0.14060,0.00083,0.70705,-0.00010,0.70716,1,4,0,0
1765409428.283291,-0.03538,0.00153,-0.02652,0.00075,0.00077,0.00045,0.59189,-0.00063,0.14060,0.00083,0.70705,-0.00010,0.70716,1,4,0,0
1765409428.285218,-0.00511,0.04216,0.01014,-0.00029,0.00126,0.00030,0.59189,-0.00063,0.14060,0.00083,0.70705,-0.00010,0.70716,1,4,0,0
1765409428.287231,0.00319,0.02231,0.04122,-0.00031,0.00105,0.00086,0.59189,-0.00063,0.14060,0.00083,0.70705,-0.00010,0.70716,1,4,0,0
1765409428.289234,0.01425,0.01883,0.02593,0.00075,0.00232,0.00110,0.59189,-0.00063,0.14060,0.00083,0.70705,-0.00010,0.70716,1,4,0,0
1765409428.291225,-0.01865,0.00081,0.04168,0.00074,0.00133,0.00048,0.59189,-0.00063,0.14060,0.00083,0.70705,-0.00010,0.70716,1,4,0,0
1765409428.293222,-0.00547,0.03253,0.02571,0.00004,0.00102,0.00058,0.59193,-0.00063,0.14060,0.00083,0.70705,-0.00010,0.70716,1,4,0,0
1765409428.295222,-0.00943,0.01545,-0.02665,-0.00039,0.00046,0.00123,0.59193,-0.00063,0.14060,0.00083,0.70705,-0.00010,0.70716,1,4,0,0
1765409428.297211,0.00482,0.05184,-0.01257,-0.00191,0.00038,0.00081,0.59197,-0.00063,0.14061,0.00083,0.70705,-0.00010,0.70717,1,4,0,0
1765409428.299215,-0.02650,0.02530,-0.01183,-0.00027,0.00116,0.00098,0.59197,-0.00063,0.14061,0.00083,0.70705,-0.00010,0.70717,1,4,0,0
1765409428.301240,-0.02729,0.03950,0.04821,0.00034,0.00242,0.00062,0.59201,-0.00063,0.14061,0.00083,0.70705,-0.00010,0.70717,1,4,0,0
1765409428.303226,-0.00642,0.01771,0.02601,0.00095,0.00142,0.00059,0.59201,-0.00063,0.14061,0.00083,0.70705,-0.00010,0.70717,1,4,0,0
1765409428.305259,0.00243,0.03787,0.02554,0.00076,0.00054,0.00044,0.59205,-0.00063,0.14061,0.00083,0.70705,-0.00010,0.70717,1,4,0,0
1765409428.307247,0.01132,0.06653,0.02503,-0.00042,0.00080,0.00123,0.59205,-0.00063,0.14061,0.00083,0.70705,-0.00010,0.70717,1,4,0,0
1765409428.309235,-0.03203,0.03791,-0.06541,0.00097,0.00135,0.00080,0.59214,-0.00063,0.14061,0.00083,0.70704,-0.00010,0.70717,1,4,0,0
1765409428.311233,0.01624,0.03379,0.03332,-0.00104,0.00140,0.00111,0.59214,-0.00063,0.14061,0.00083,0.70704,-0.00010,0.70717,1,4,0,0
1765409428.313254,0.00700,0.02522,0.04885,0.00017,0.00050,0.00100,0.59214,-0.00063,0.14061,0.00083,0.70704,-0.00010,0.70717,1,4,0,0
1765409428.315247,0.00800,0.05011,-0.00494,-0.00062,-0.00017,0.00068,0.59214,-0.00063,0.14061,0.00083,0.70704,-0.00010,0.70717,1,4,0,0
1765409428.317249,-0.01020,0.02053,0.02592,0.00076,0.00108,0.00032,0.59229,-0.00063,0.14061,0.00083,0.70705,-0.00010,0.70717,1,4,0,0
1765409428.319311,-0.04623,0.03333,0.02600,-0.00127,0.00075,0.00063,0.59229,-0.00063,0.14061,0.00083,0.70705,-0.00010,0.70717,1,4,0,0
1765409428.321228,0.00357,0.02693,0.05639,-0.00090,0.00118,0.00114,0.59229,-0.00063,0.14061,0.00083,0.70705,-0.00010,0.70717,1,4,0,0
1765409428.323228,0.03360,0.02841,0.01067,-0.00154,0.00120,0.00121,0.59229,-0.00063,0.14061,0.00083,0.70705,-0.00010,0.70717,1,4,0,0
1765409428.325247,-0.00234,-0.01836,-0.01848,0.00160,0.00027,0.00056,0.59229,-0.00063,0.14061,0.00083,0.70705,-0.00010,0.70717,1,4,0,0
1765409428.327236,-0.01249,0.01413,-0.01173,-0.00041,-0.00054,-0.00010,0.59229,-0.00063,0.14061,0.00083,0.70705,-0.00010,0.70717,1,4,0,0
1765409428.329257,-0.03016,0.00430,0.01916,-0.00009,-0.00005,0.00061,0.59229,-0.00063,0.14061,0.00083,0.70705,-0.00010,0.70717,1,4,0,0
1765409428.331239,-0.03596,0.04462,-0.00493,0.00040,0.00227,0.00085,0.59229,-0.00063,0.14061,0.00083,0.70705,-0.00010,0.70717,1,4,0,0
1765409428.333242,-0.00934,0.05919,0.04789,-0.00073,0.00143,0.00087,0.59233,-0.00063,0.14060,0.00083,0.70705,-0.00010,0.70716,1,4,0,0
1765409428.335242,0.00800,-0.00938,-0.01886,-0.00025,0.00051,0.00028,0.59233,-0.00063,0.14060,0.00083,0.70705,-0.00010,0.70716,1,4,0,0
1765409428.337266,0.00702,-0.00373,0.02656,0.00091,0.00013,0.00018,0.59237,-0.00063,0.14060,0.00083,0.70705,-0.00010,0.70716,1,4,0,0
1765409428.339263,0.01177,0.00286,0.01850,0.00033,0.00095,-0.00024,0.59237,-0.00063,0.14060,0.00083,0.70705,-0.00010,0.70716,1,4,0,0
1765409428.341238,-0.01792,0.04971,0.01776,-0.00041,0.00129,0.00072,0.59241,-0.00063,0.14060,0.00083,0.70705,-0.00010,0.70716,1,4,0,0
1765409428.343254,-0.01031,0.03786,-0.00396,-0.00361,-0.00106,0.00165,0.59241,-0.00063,0.14060,0.00083,0.70705,-0.00010,0.70716,1,4,0,0
1765409428.345243,-0.04185,0.03583,0.07916,-0.00146,0.00057,0.00080,0.59245,-0.00063,0.14060,0.00083,0.70705,-0.00010,0.70716,1,4,0,0
1765409428.347253,-0.00045,0.03031,-0.00420,-0.00086,-0.00004,0.00123,0.59245,-0.00063,0.14060,0.00083,0.70705,-0.00010,0.70716,1,4,0,0
1765409428.349378,0.04087,0.01438,0.03330,0.00047,0.00110,0.00001,0.59249,-0.00063,0.14060,0.00083,0.70705,-0.00010,0.70716,1,4,0,0
1765409428.351285,0.03810,0.03638,0.05579,-0.00122,0.00074,0.00043,0.59269,-0.00063,0.14060,0.00083,0.70706,-0.00010,0.70716,1,4,0,0
1765409428.353286,0.02505,0.01486,0.01847,-0.00061,0.00041,0.00042,0.59269,-0.00063,0.14060,0.00083,0.70706,-0.00010,0.70716,1,4,0,0
1765409428.355292,-0.04265,0.01082,-0.00392,-0.00067,0.00123,0.00060,0.59269,-0.00063,0.14060,0.00083,0.70706,-0.00010,0.70716,1,4,0,0
1765409428.357262,-0.04311,0.04198,-0.01205,0.00015,-0.00056,0.00059,0.59269,-0.00063,0.14060,0.00083,0.70706,-0.00010,0.70716,1,4,0,0
1765409428.359364,-0.03113,0.04506,0.01069,-0.00375,0.00006,0.00087,0.59269,-0.00063,0.14060,0.00083,0.70706,-0.00010,0.70716,1,4,0,0
1765409428.361312,-0.00082,0.02951,0.01806,-0.00044,0.00147,0.00044,0.59269,-0.00063,0.14060,0.00083,0.70706,-0.00010,0.70716,1,4,0,0
1765409428.363301,0.03222,0.01888,0.09416,0.00009,0.00172,0.00073,0.59269,-0.00063,0.14060,0.00083,0.70706,-0.00010,0.70716,1,4,0,0
1765409428.365266,0.03716,0.03620,0.01826,-0.00101,0.00065,0.00161,0.59269,-0.00063,0.14060,0.00083,0.70706,-0.00010,0.70716,1,4,0,0
1765409428.367283,-0.02568,0.02617,0.01874,-0.00070,-0.00012,0.00101,0.59269,-0.00063,0.14060,0.00083,0.70706,-0.00010,0.70716,1,4,0,0
1765409428.369281,-0.04358,0.03639,-0.01960,0.00030,0.00034,0.00072,0.59269,-0.00063,0.14060,0.00083,0.70706,-0.00010,0.70716,1,4,0,0
1765409428.371290,-0.02731,0.02821,0.04907,-0.00308,-0.00023,0.00077,0.59269,-0.00063,0.14060,0.00083,0.70706,-0.00010,0.70716,1,4,0,0
1765409428.373280,-0.00669,0.05236,0.01766,0.00093,0.00115,0.00084,0.59273,-0.00063,0.14060,0.00083,0.70705,-0.00010,0.70716,1,4,0,0
1765409428.375373,0.02084,0.03138,0.03317,-0.00107,0.00134,0.00056,0.59273,-0.00063,0.14060,0.00083,0.70705,-0.00010,0.70716,1,4,0,0
1765409428.377282,0.00351,0.00271,0.02646,-0.00033,0.00094,0.00058,0.59277,-0.00063,0.14059,0.00083,0.70706,-0.00010,0.70715,1,4,0,0
1765409428.379274,0.02498,0.03929,-0.01215,-0.00119,0.00016,0.00133,0.59277,-0.00063,0.14059,0.00083,0.70706,-0.00010,0.70715,1,4,0,0
1765409428.381270,-0.02786,0.02134,0.01860,0.00143,0.00067,0.00074,0.59281,-0.00063,0.14059,0.00083,0.70706,-0.00010,0.70715,1,4,0,0
1765409428.383281,-0.00942,0.00067,0.00392,-0.00013,0.00072,0.00085,0.59281,-0.00063,0.14059,0.00083,0.70706,-0.00010,0.70715,1,4,0,0
1765409428.385345,-0.02639,0.00532,0.02613,0.00014,0.00204,-0.00006,0.59285,-0.00063,0.14059,0.00083,0.70706,-0.00010,0.70715,1,4,0,0
1765409428.387368,-0.00423,0.02697,-0.01985,-0.00113,0.00139,0.00028,0.59285,-0.00063,0.14059,0.00083,0.70706,-0.00010,0.70715,1,4,0,0
1765409428.389293,0.00033,0.04892,-0.01229,-0.00217,0.00083,0.00149,0.59289,-0.00063,0.14059,0.00083,0.70707,-0.00010,0.70714,1,4,0,0
1765409428.391292,-0.01001,0.03501,-0.01951,-0.00015,0.00071,0.00149,0.59289,-0.00063,0.14059,0.00083,0.70707,-0.00010,0.70714,1,4,0,0
1765409428.393302,0.01940,0.03208,0.01039,0.00047,0.00097,0.00054,0.59293,-0.00063,0.14059,0.00083,0.70707,-0.00010,0.70715,1,4,0,0
1765409428.395323,-0.00888,-0.01334,0.01187,-0.00008,-0.00017,0.00046,0.59293,-0.00063,0.14059,0.00083,0.70707,-0.00010,0.70715,1,4,0,0
1765409428.397296,0.02000,0.00251,0.01137,-0.00011,0.00062,0.00096,0.59309,-0.00063,0.14058,0.00083,0.70708,-0.00010,0.70713,1,4,0,0
1765409428.399320,-0.01336,0.03706,0.04107,-0.00100,0.00125,0.00128,0.59309,-0.00063,0.14058,0.00083,0.70708,-0.00010,0.70713,1,4,0,0
1765409428.401317,0.02094,0.02726,-0.01207,-0.00090,0.00020,0.00067,0.59309,-0.00063,0.14058,0.00083,0.70708,-0.00010,0.70713,1,4,0,0
1765409428.403308,-0.00855,0.05996,0.01010,-0.00116,0.00015,0.00084,0.59309,-0.00063,0.14058,0.00083,0.70708,-0.00010,0.70713,1,4,0,0
1765409428.405313,-0.01008,0.03001,0.01827,0.00022,0.00121,0.00085,0.59309,-0.00063,0.14058,0.00083,0.70708,-0.00010,0.70713,1,4,0,0
1765409428.407305,-0.01419,0.03763,0.04073,0.00032,0.00124,0.00047,0.59309,-0.00063,0.14058,0.00083,0.70708,-0.00010,0.70713,1,4,0,0
1765409428.409331,0.03725,0.05088,0.03270,-0.00083,0.00113,0.00081,0.59309,-0.00063,0.14058,0.00083,0.70708,-0.00010,0.70713,1,4,0,0
1765409428.411414,0.00577,-0.00951,0.00392,0.00149,0.00130,0.00070,0.59309,-0.00063,0.14058,0.00083,0.70708,-0.00010,0.70713,1,4,0,0
1765409428.413317,-0.01435,-0.00621,-0.01123,0.00088,0.00065,0.00044,0.59313,-0.00063,0.14058,0.00083,0.70708,-0.00010,0.70713,1,4,0,0
1765409428.415308,-0.02157,0.00941,-0.03397,-0.00025,-0.00079,0.00083,0.59313,-0.00063,0.14058,0.00083,0.70708,-0.00010,0.70713,1,4,0,0
1765409428.417312,-0.02281,0.01382,0.01864,0.00090,0.00061,0.00033,0.59317,-0.00063,0.14057,0.00083,0.70708,-0.00010,0.70713,1,4,0,0
1765409428.419303,-0.02010,0.04982,0.02521,0.00156,0.00194,0.00072,0.59317,-0.00063,0.14057,0.00083,0.70708,-0.00010,0.70713,1,4,0,0
1765409428.421310,-0.00723,0.05392,0.04818,-0.00276,0.00103,0.00100,0.59321,-0.00063,0.14057,0.00083,0.70709,-0.00010,0.70713,1,4,0,0
1765409428.423312,-0.00073,0.02466,0.01845,-0.00071,0.00110,0.00098,0.59321,-0.00063,0.14057,0.00083,0.70709,-0.00010,0.70713,1,4,0,0
1765409428.425408,-0.00421,0.02838,0.07150,-0.00067,-0.00014,0.00035,0.59325,-0.00063,0.14057,0.00083,0.70709,-0.00010,0.70712,1,4,0,0
1765409428.427347,-0.00473,0.00830,0.01140,-0.00048,0.00015,0.00085,0.59325,-0.00063,0.14057,0.00083,0.70709,-0.00010,0.70712,1,4,0,0
1765409428.429382,-0.03645,-0.00050,0.04196,-0.00168,-0.00037,-0.00003,0.59349,-0.00063,0.14056,0.00083,0.70710,-0.00010,0.70711,1,4,0,0
1765409428.431377,0.01633,0.02848,0.00290,-0.00110,0.00191,0.00081,0.59353,-0.00063,0.14056,0.00083,0.70710,-0.00010,0.70711,1,4,0,0
1765409428.433329,0.00839,0.01009,0.01131,-0.00111,0.00037,0.00097,0.59353,-0.00063,0.14056,0.00083,0.70710,-0.00010,0.70711,1,4,0,0
1765409428.435348,-0.01361,0.03293,0.01803,0.00004,0.00086,0.00018,0.59353,-0.00063,0.14056,0.00083,0.70710,-0.00010,0.70711,1,4,0,0
1765409428.437330,-0.00669,0.03608,0.01870,-0.00254,-0.00150,0.00113,0.59353,-0.00063,0.14056,0.00083,0.70710,-0.00010,0.70711,1,4,0,0
1765409428.439391,-0.02257,0.03858,-0.02745,0.00054,0.00021,0.00042,0.59353,-0.00063,0.14056,0.00083,0.70710,-0.00010,0.70711,1,4,0,0
1765409428.441362,-0.00628,0.01811,0.03368,0.00095,0.00091,0.00059,0.59353,-0.00063,0.14056,0.00083,0.70710,-0.00010,0.70711,1,4,0,0
1765409428.443342,-0.01813,0.00580,0.04173,0.00015,0.00094,0.00075,0.59353,-0.00063,0.14056,0.00083,0.70710,-0.00010,0.70711,1,4,0,0
1765409428.445330,0.02077,0.00631,0.01107,-0.00115,0.00175,0.00082,0.59353,-0.00063,0.14056,0.00083,0.70710,-0.00010,0.70711,1,4,0,0
1765409428.447340,0.01209,0.01223,0.04882,-0.00043,0.00120,0.00032,0.59353,-0.00063,0.14056,0.00083,0.70710,-0.00010,0.70711,1,4,0,0
1765409428.449317,-0.02715,0.02855,0.06450,-0.00329,-0.00087,0.00119,0.59353,-0.00063,0.14056,0.00083,0.70710,-0.00010,0.70711,1,4,0,0
1765409428.451326,0.00508,-0.00210,0.05734,-0.00191,0.00004,0.00115,0.59353,-0.00063,0.14056,0.00083,0.70710,-0.00010,0.70711,1,4,0,0
1765409428.453320,-0.00226,0.02024,-0.00436,0.00098,0.00112,0.00069,0.59353,-0.00063,0.14056,0.00083,0.70710,-0.00010,0.70711,1,4,0,0
1765409428.455321,-0.01460,0.03960,0.04836,-0.00316,0.00074,0.00021,0.59353,-0.00063,0.14056,0.00083,0.70710,-0.00010,0.70711,1,4,0,0
1765409428.457337,-0.02127,0.03316,0.07148,-0.00083,0.00045,0.00064,0.59357,-0.00063,0.14056,0.00083,0.70710,-0.00010,0.70711,1,4,0,0
1765409428.459335,-0.00466,0.07675,0.03222,-0.00096,0.00085,0.00058,0.59357,-0.00063,0.14056,0.00083,0.70710,-0.00010,0.70711,1,4,0,0
1765409428.461339,-0.01349,-0.01068,0.05708,0.00060,0.00025,-0.00018,0.59361,-0.00063,0.14056,0.00083,0.70710,-0.00010,0.70711,1,4,0,0
1765409428.463353,0.00000,0.01549,0.04140,-0.00083,0.00033,0.00046,0.59361,-0.00063,0.14056,0.00083,0.70710,-0.00010,0.70711,1,4,0,0
1765409428.465358,-0.00214,0.03474,0.01059,0.00050,0.00124,0.00110,0.59361,-0.00063,0.14056,0.00083,0.70710,-0.00010,0.70711,1,4,0,0
1765409428.467399,0.02490,0.07266,0.00174,-0.00144,0.00177,0.00079,0.59365,-0.00063,0.14056,0.00083,0.70710,-0.00010,0.70711,1,4,0,0
1765409428.469355,-0.00956,0.01590,-0.04214,0.00027,0.00032,0.00041,0.59369,-0.00063,0.14056,0.00083,0.70710,-0.00010,0.70711,1,4,0,0
1765409428.471361,-0.02707,-0.01257,-0.01846,0.00123,-0.00020,0.00045,0.59373,-0.00063,0.14056,0.00083,0.70711,-0.00010,0.70711,1,4,0,0
1765409428.473377,-0.00932,-0.00342,-0.01853,0.00004,-0.00042,0.00097,0.59373,-0.00063,0.14056,0.00083,0.70711,-0.00010,0.70711,1,4,0,0
1765409428.475368,0.00874,0.05358,0.02562,-0.00233,0.00085,0.00178,0.59373,-0.00063,0.14056,0.00083,0.70711,-0.00010,0.70711,1,4,0,0
1765409428.477352,0.03248,0.06912,0.02484,-0.00017,0.00016,0.00094,0.59389,-0.00063,0.14056,0.00083,0.70710,-0.00010,0.70711,1,4,0,0
1765409428.479348,-0.01787,0.02505,-0.02723,-0.00028,0.00131,0.00056,0.59389,-0.00063,0.14056,0.00083,0.70710,-0.00010,0.70711,1,4,0,0
1765409428.481704,-0.00500,0.01822,0.00342,-0.00014,0.00027,0.00057,0.59389,-0.00063,0.14056,0.00083,0.70710,-0.00010,0.70711,1,4,0,0
1765409428.483432,-0.00846,0.02532,-0.00399,-0.00136,0.00006,0.00138,0.59389,-0.00063,0.14056,0.00083,0.70710,-0.00010,0.70711,1,4,0,0
1765409428.485430,-0.00345,0.02825,-0.00404,-0.00176,-0.00077,0.00111,0.59389,-0.00063,0.14056,0.00083,0.70710,-0.00010,0.70711,1,4,0,0
1765409428.487403,-0.01757,0.02086,-0.01172,-0.00033,0.00029,0.00071,0.59389,-0.00063,0.14056,0.00083,0.70710,-0.00010,0.70711,1,4,0,0
1765409428.489362,-0.04259,0.01117,0.01856,-0.00023,0.00122,-0.00019,0.59389,-0.00063,0.14056,0.00083,0.70710,-0.00010,0.70711,1,4,0,0
1765409428.491390,-0.00055,0.01959,0.02604,-0.00078,0.00135,0.00072,0.59389,-0.00063,0.14056,0.00083,0.70710,-0.00010,0.70711,1,4,0,0
1765409428.493365,0.00789,0.03356,0.03330,-0.00126,0.00188,0.00111,0.59389,-0.00063,0.14056,0.00083,0.70710,-0.00010,0.70711,1,4,0,0
1765409428.495383,0.01574,0.02442,-0.01943,-0.00050,0.00079,0.00134,0.59393,-0.00063,0.14056,0.00083,0.70710,-0.00010,0.70711,1,4,0,0
1765409428.497360,-0.02676,0.02665,0.01855,0.00062,-0.00011,0.00060,0.59397,-0.00063,0.14056,0.00083,0.70710,-0.00010,0.70712,1,4,0,0
1765409428.499370,-0.04326,0.00698,-0.00397,0.00059,0.00047,-0.00007,0.59397,-0.00063,0.14056,0.00083,0.70710,-0.00010,0.70712,1,4,0,0
1765409428.501366,-0.03136,0.00317,0.05668,0.00077,0.00198,0.00023,0.59401,-0.00063,0.14056,0.00083,0.70710,-0.00010,0.70711,1,4,0,0
1765409428.503374,0.01254,0.06523,0.02492,-0.00197,0.00193,0.00123,0.59401,-0.00063,0.14056,0.00083,0.70710,-0.00010,0.70711,1,4,0,0
1765409428.505374,0.01495,0.05344,0.03283,-0.00014,0.00178,0.00137,0.59405,-0.00063,0.14057,0.00083,0.70710,-0.00010,0.70712,1,4,0,0
1765409428.507388,-0.01766,0.02699,-0.01191,0.00040,-0.00086,0.00017,0.59405,-0.00063,0.14057,0.00083,0.70710,-0.00010,0.70712,1,4,0,0
1765409428.509407,0.01114,0.01284,-0.04211,0.00045,0.00046,0.00065,0.59409,-0.00063,0.14057,0.00083,0.70709,-0.00010,0.70712,1,4,0,0
1765409428.511427,-0.00019,0.02542,-0.00417,-0.00092,-0.00004,0.00097,0.59426,-0.00063,0.14057,0.00083,0.70709,-0.00010,0.70713,1,4,0,0
1765409428.513431,-0.01371,0.01703,-0.00437,-0.00037,0.00202,0.00057,0.59426,-0.00063,0.14057,0.00083,0.70709,-0.00010,0.70713,1,4,0,0
1765409428.515450,0.01238,0.01789,0.02617,-0.00058,0.00006,0.00057,0.59426,-0.00063,0.14057,0.00083,0.70709,-0.00010,0.70713,1,4,0,0
1765409428.517395,0.02884,0.01709,0.06396,-0.00037,0.00074,0.00058,0.59426,-0.00063,0.14057,0.00083,0.70709,-0.00010,0.70713,1,4,0,0
1765409428.519691,-0.01340,0.02701,-0.05750,-0.00091,0.00139,0.00107,0.59426,-0.00063,0.14057,0.00083,0.70709,-0.00010,0.70713,1,4,0,0
1765409428.521427,0.00323,0.05145,0.02540,-0.00083,0.00129,0.00124,0.59426,-0.00063,0.14057,0.00083,0.70709,-0.00010,0.70713,1,4,0,0
1765409428.523395,-0.01782,0.05064,0.01791,-0.00018,0.00014,0.00072,0.59426,-0.00063,0.14057,0.00083,0.70709,-0.00010,0.70713,1,4,0,0
1765409428.525403,-0.01324,0.01402,0.01875,0.00003,-0.00027,0.00033,0.59426,-0.00063,0.14057,0.00083,0.70709,-0.00010,0.70713,1,4,0,0
1765409428.527392,-0.02138,0.00943,0.01125,-0.00003,-0.00043,0.00006,0.59426,-0.00063,0.14057,0.00083,0.70709,-0.00010,0.70713,1,4,0,0
1765409428.529386,-0.01341,0.00793,0.02634,-0.00026,0.00113,0.00046,0.59426,-0.00063,0.14057,0.00083,0.70709,-0.00010,0.70713,1,4,0,0
1765409428.531387,-0.02077,0.01336,0.02632,-0.00107,0.00045,0.00034,0.59430,-0.00063,0.14057,0.00083,0.70708,-0.00010,0.70713,1,4,0,0
1765409428.533401,-0.01354,0.03793,-0.01974,-0.00034,0.00036,0.00083,0.59430,-0.00063,0.14057,0.00083,0.70708,-0.00010,0.70713,1,4,0,0
1765409428.535407,-0.01311,0.01304,-0.04214,-0.00042,0.00075,0.00028,0.59434,-0.00064,0.14058,0.00083,0.70708,-0.00010,0.70713,1,4,0,0
1765409428.537403,-0.03614,0.01872,0.03411,-0.00254,-0.00025,0.00063,0.59434,-0.00064,0.14058,0.00083,0.70708,-0.00010,0.70713,1,4,0,0
1765409428.539402,-0.01892,0.01563,0.01851,0.00092,0.00132,0.00046,0.59438,-0.00064,0.14057,0.00083,0.70708,-0.00010,0.70713,1,4,0,0
1765409428.541404,-0.00676,0.03227,-0.00462,0.00091,0.00155,0.00096,0.59438,-0.00064,0.14057,0.00083,0.70708,-0.00010,0.70713,1,4,0,0
1765409428.543424,0.02453,0.04457,0.01770,-0.00025,0.00039,0.00041,0.59442,-0.00064,0.14058,0.00083,0.70708,-0.00010,0.70713,1,4,0,0
1765409428.545410,-0.01093,0.01484,0.01852,0.00091,0.00199,0.00085,0.59442,-0.00064,0.14058,0.00083,0.70708,-0.00010,0.70713,1,4,0,0
1765409428.547442,-0.00475,0.00754,0.03424,-0.00092,0.00091,0.00127,0.59446,-0.00064,0.14058,0.00083,0.70708,-0.00010,0.70713,1,4,0,0
1765409428.549428,-0.01412,0.01528,0.03419,-0.00367,-0.00013,0.00088,0.59446,-0.00064,0.14058,0.00083,0.70708,-0.00010,0.70713,1,4,0,0
1765409428.551428,-0.03456,0.02092,-0.00411,-0.00033,0.00075,0.00073,0.59450,-0.00064,0.14058,0.00083,0.70708,-0.00010,0.70713,1,4,0,0
1765409428.553443,0.01542,0.02922,0.00312,-0.00022,0.00116,0.00122,0.59467,-0.00064,0.14058,0.00083,0.70708,-0.00010,0.70714,1,4,0,0
1765409428.555464,-0.03060,0.03543,0.07135,-0.00365,0.00017,-0.00002,0.59471,-0.00064,0.14058,0.00083,0.70708,-0.00010,0.70714,1,4,0,0
1765409428.557423,-0.00981,0.03572,-0.01215,0.00029,0.00019,0.00069,0.59471,-0.00064,0.14058,0.00083,0.70708,-0.00010,0.70714,1,4,0,0
1765409428.559435,-0.02759,0.04553,-0.04277,0.00085,0.00090,0.00082,0.59471,-0.00064,0.14058,0.00083,0.70708,-0.00010,0.70714,1,4,0,0
1765409428.561485,-0.02834,0.03562,0.01811,0.00160,0.00142,0.00073,0.59471,-0.00064,0.14058,0.00083,0.70708,-0.00010,0.70714,1,4,0,0
1765409428.563443,-0.00946,0.01490,0.01846,-0.00018,0.00159,0.00045,0.59471,-0.00064,0.14058,0.00083,0.70708,-0.00010,0.70714,1,4,0,0
1765409428.565495,-0.02103,0.00825,0.00386,-0.00113,0.00047,0.00086,0.59471,-0.00064,0.14058,0.00083,0.70708,-0.00010,0.70714,1,4,0,0
1765409428.567443,0.01060,0.01709,0.00313,0.00072,0.00160,0.00055,0.59471,-0.00064,0.14058,0.00083,0.70708,-0.00010,0.70714,1,4,0,0
1765409428.569438,0.00847,0.03009,0.01857,-0.00130,-0.00015,0.00124,0.59471,-0.00064,0.14058,0.00083,0.70708,-0.00010,0.70714,1,4,0,0
1765409428.571433,-0.01346,0.00843,-0.00397,-0.00004,0.00050,0.00044,0.59471,-0.00064,0.14058,0.00083,0.70708,-0.00010,0.70714,1,4,0,0
1765409428.573448,-0.01011,0.04411,0.02556,-0.00026,0.00184,0.00125,0.59471,-0.00064,0.14058,0.00083,0.70708,-0.00010,0.70714,1,4,0,0
1765409428.575447,0.00441,0.05655,0.00200,-0.00120,0.00125,-0.00012,0.59475,-0.00064,0.14058,0.00083,0.70708,-0.00010,0.70714,1,4,0,0
1765409428.577432,-0.01872,0.01614,-0.02696,0.00093,0.00056,0.00042,0.59475,-0.00064,0.14058,0.00083,0.70708,-0.00010,0.70714,1,4,0,0
1765409428.579441,-0.00922,0.00998,-0.00429,-0.00024,0.00159,0.00016,0.59479,-0.00064,0.14058,0.00083,0.70708,-0.00010,0.70714,1,4,0,0
1765409428.581440,-0.00154,0.00035,0.04179,0.00030,0.00113,0.00087,0.59479,-0.00064,0.14058,0.00083,0.70708,-0.00010,0.70714,1,4,0,0
1765409428.583446,0.01248,0.02730,-0.02706,-0.00112,0.00019,0.00107,0.59483,-0.00064,0.14058,0.00083,0.70708,-0.00010,0.70714,1,4,0,0
1765409428.585512,-0.02277,-0.01152,0.01151,0.00081,0.00151,0.00020,0.59483,-0.00064,0.14058,0.00083,0.70708,-0.00010,0.70714,1,4,0,0
1765409428.587434,-0.01865,0.02061,0.03372,0.00055,0.00106,0.00074,0.59487,-0.00064,0.14058,0.00083,0.70708,-0.00010,0.70713,1,4,0,0
1765409428.589468,0.00343,0.03718,0.01050,-0.00056,0.00079,0.00083,0.59487,-0.00064,0.14058,0.00083,0.70708,-0.00010,0.70713,1,4,0,0
1765409428.591470,-0.00829,0.07359,0.00197,-0.00187,0.00141,0.00083,0.59495,-0.00064,0.14058,0.00083,0.70708,-0.00010,0.70714,1,4,0,0
1765409428.593457,0.01054,0.03175,0.02569,0.00047,0.00159,0.00097,0.59507,-0.00064,0.14058,0.00083,0.70707,-0.00010,0.70714,1,4,0,0
1765409428.595469,-0.00933,0.01164,0.01874,0.00044,-0.00032,0.00019,0.59507,-0.00064,0.14058,0.00083,0.70707,-0.00010,0.70714,1,4,0,0
1765409428.597481,0.00752,0.02959,-0.04251,-0.00044,0.00087,0.00079,0.59507,-0.00064,0.14058,0.00083,0.70707,-0.00010,0.70714,1,4,0,0
1765409428.599708,-0.01814,0.02564,0.02599,0.00017,0.00080,0.00060,0.59507,-0.00064,0.14058,0.00083,0.70707,-0.00010,0.70714,1,4,0,0
1765409428.601471,-0.00470,0.01770,-0.00423,-0.00058,0.00077,0.00056,0.59507,-0.00064,0.14058,0.00083,0.70707,-0.00010,0.70714,1,4,0,0
1765409428.603467,-0.00842,0.01508,0.04894,-0.00105,0.00107,0.00048,0.59507,-0.00064,0.14058,0.00083,0.70707,-0.00010,0.70714,1,4,0,0
1765409428.605470,-0.00052,0.04878,0.00245,-0.00108,0.00171,0.00069,0.59507,-0.00064,0.14058,0.00083,0.70707,-0.00010,0.70714,1,4,0,0
1765409428.607448,0.01515,0.02922,-0.01227,0.00022,0.00141,0.00080,0.59507,-0.00064,0.14058,0.00083,0.70707,-0.00010,0.70714,1,4,0,0
1765409428.609451,-0.01769,0.06023,0.04807,-0.00050,0.00039,0.00088,0.59507,-0.00064,0.14058,0.00083,0.70707,-0.00010,0.70714,1,4,0,0
1765409428.611472,-0.01320,0.00349,0.00383,-0.00032,0.00038,0.00058,0.59511,-0.00064,0.14058,0.00083,0.70707,-0.00010,0.70714,1,4,0,0
1765409428.613454,0.00267,0.07671,0.01729,-0.00030,0.00065,0.00136,0.59511,-0.00064,0.14058,0.00083,0.70707,-0.00010,0.70714,1,4,0,0
1765409428.615474,-0.01805,0.00551,0.00336,0.00036,0.00156,-0.00009,0.59515,-0.00064,0.14058,0.00083,0.70707,-0.00010,0.70714,1,4,0,0
1765409428.617472,-0.02620,-0.00490,0.00386,-0.00042,0.00206,0.00059,0.59515,-0.00064,0.14058,0.00083,0.70707,-0.00010,0.70714,1,4,0,0
1765409428.619471,0.00329,-0.00149,0.04175,0.00028,0.00030,0.00033,0.59519,-0.00064,0.14058,0.00083,0.70707,-0.00010,0.70714,1,4,0,0
1765409428.621487,-0.00173,0.02036,0.03366,0.00054,0.00086,0.00072,0.59519,-0.00064,0.14058,0.00083,0.70707,-0.00010,0.70714,1,4,0,0
1765409428.623487,-0.00531,0.06757,0.04042,-0.00041,-0.00002,0.00126,0.59523,-0.00064,0.14058,0.00083,0.70708,-0.00010,0.70714,1,4,0,0
1765409428.625478,-0.01634,0.06681,-0.01322,0.00176,0.00214,0.00081,0.59523,-0.00064,0.14058,0.00083,0.70708,-0.00010,0.70714,1,4,0,0
1765409428.627482,-0.01893,0.00560,-0.02671,0.00080,0.00134,0.00070,0.59547,-0.00064,0.14058,0.00083,0.70707,-0.00010,0.70714,1,4,0,0
1765409428.629490,-0.00927,-0.00021,0.01139,-0.00058,0.00173,0.00085,0.59547,-0.00064,0.14058,0.00083,0.70707,-0.00010,0.70714,1,4,0,0
1765409428.631499,0.01631,-0.00570,0.02667,-0.00086,0.00156,0.00098,0.59547,-0.00064,0.14058,0.00083,0.70707,-0.00010,0.70714,1,4,0,0
1765409428.633496,0.00392,0.02282,-0.00402,-0.00095,-0.00009,0.00123,0.59547,-0.00064,0.14058,0.00083,0.70707,-0.00010,0.70714,1,4,0,0
1765409428.635479,0.00627,0.04744,0.01059,-0.00306,-0.00078,0.00097,0.59547,-0.00064,0.14058,0.00083,0.70707,-0.00010,0.70714,1,4,0,0
1765409428.637479,0.00316,0.08187,0.01682,-0.00024,0.00062,0.00042,0.59547,-0.00064,0.14058,0.00083,0.70707,-0.00010,0.70714,1,4,0,0
1765409428.639491,-0.01734,0.00028,-0.01887,-0.00079,0.00120,0.00084,0.59547,-0.00064,0.14058,0.00083,0.70707,-0.00010,0.70714,1,4,0,0
1765409428.641475,0.01238,-0.01689,0.01188,-0.00056,0.00034,0.00071,0.59547,-0.00064,0.14058,0.00083,0.70707,-0.00010,0.70714,1,4,0,0
1765409428.643497,0.01190,0.02217,0.00324,-0.00053,0.00082,0.00082,0.59547,-0.00064,0.14058,0.00083,0.70707,-0.00010,0.70714,1,4,0,0
1765409428.645487,0.02849,0.04651,0.01777,-0.00045,0.00073,0.00094,0.59547,-0.00064,0.14058,0.00083,0.70707,-0.00010,0.70714,1,4,0,0
1765409428.647494,-0.00061,0.04511,0.03265,-0.00003,0.00081,-0.00036,0.59547,-0.00064,0.14058,0.00083,0.70707,-0.00010,0.70714,1,4,0,0
1765409428.649492,-0.03053,0.03819,0.04070,0.00010,0.00105,0.00008,0.59547,-0.00064,0.14058,0.00083,0.70707,-0.00010,0.70714,1,4,0,0
1765409428.651499,-0.00502,0.00763,0.03387,-0.00027,0.00129,0.00046,0.59551,-0.00064,0.14058,0.00083,0.70707,-0.00010,0.70714,1,4,0,0
1765409428.653504,-0.00948,0.01534,0.02648,-0.00039,0.00071,0.00127,0.59551,-0.00064,0.14058,0.00083,0.70707,-0.00010,0.70714,1,4,0,0
1765409428.655484,0.01207,-0.00145,-0.00379,0.00006,-0.00018,0.00029,0.59555,-0.00064,0.14058,0.00083,0.70707,-0.00010,0.70714,1,4,0,0
1765409428.657482,0.01562,0.05478,0.01736,0.00031,0.00049,0.00015,0.59555,-0.00064,0.14058,0.00083,0.70707,-0.00010,0.70714,1,4,0,0
1765409428.659492,-0.00090,0.04925,0.02491,-0.00020,0.00170,-0.00010,0.59559,-0.00064,0.14058,0.00083,0.70707,-0.00010,0.70715,1,4,0,0
1765409428.661510,-0.01334,0.04141,-0.01996,-0.00117,0.00188,0.00109,0.59559,-0.00064,0.14058,0.00083,0.70707,-0.00010,0.70715,1,4,0,0
1765409428.663506,-0.01933,0.01018,-0.01939,0.00107,0.00197,0.00056,0.59563,-0.00064,0.14058,0.00083,0.70707,-0.00010,0.70714,1,4,0,0
1765409428.665543,-0.02603,0.02588,-0.02689,-0.00048,0.00027,0.00097,0.59563,-0.00064,0.14058,0.00083,0.70707,-0.00010,0.70714,1,4,0,0
1765409428.667530,-0.02207,-0.00534,0.01917,0.00067,-0.00015,0.00007,0.59567,-0.00064,0.14059,0.00083,0.70707,-0.00010,0.70715,1,4,0,0
1765409428.669527,-0.01750,-0.00360,-0.00389,0.00025,0.00055,-0.00022,0.59591,-0.00064,0.14059,0.00083,0.70706,-0.00010,0.70715,1,4,0,0
1765409428.671522,0.04003,0.04601,0.04088,-0.00351,-0.00016,0.00136,0.59591,-0.00064,0.14059,0.00083,0.70706,-0.00010,0.70715,1,4,0,0
1765409428.673536,0.02078,0.04103,0.03313,-0.00139,0.00134,0.00110,0.59591,-0.00064,0.14059,0.00083,0.70706,-0.00010,0.70715,1,4,0,0
1765409428.675523,-0.02665,0.02618,-0.01930,0.00018,0.00015,0.00098,0.59591,-0.00064,0.14059,0.00083,0.70706,-0.00010,0.70715,1,4,0,0
1765409428.677526,-0.01463,-0.01974,-0.01863,0.00202,-0.00036,-0.00037,0.59591,-0.00064,0.14059,0.00083,0.70706,-0.00010,0.70715,1,4,0,0
1765409428.679518,-0.02995,0.02834,-0.01186,-0.00067,0.00044,0.00072,0.59591,-0.00064,0.14059,0.00083,0.70706,-0.00010,0.70715,1,4,0,0
1765409428.681533,-0.03179,0.00876,-0.03420,0.00106,0.00086,0.00084,0.59591,-0.00064,0.14059,0.00083,0.70706,-0.00010,0.70715,1,4,0,0
1765409428.683523,0.00989,0.04358,0.06366,-0.00310,0.00096,0.00127,0.59591,-0.00064,0.14059,0.00083,0.70706,-0.00010,0.70715,1,4,0,0
1765409428.685538,0.00852,0.03057,0.04830,-0.00043,0.00007,-0.00035,0.59591,-0.00064,0.14059,0.00083,0.70706,-0.00010,0.70715,1,4,0,0
1765409428.687551,-0.01845,0.01132,0.01865,0.00087,0.00055,0.00019,0.59591,-0.00064,0.14059,0.00083,0.70706,-0.00010,0.70715,1,4,0,0
1765409428.689543,-0.00466,0.01840,0.01125,-0.00057,-0.00024,0.00098,0.59591,-0.00064,0.14059,0.00083,0.70706,-0.00010,0.70715,1,4,0,0
1765409428.691517,0.00855,0.02903,0.03360,-0.00175,0.00112,0.00125,0.59591,-0.00064,0.14059,0.00083,0.70706,-0.00010,0.70715,1,4,0,0
1765409428.693531,0.03174,0.03786,0.02564,-0.00033,0.00211,0.00175,0.59591,-0.00064,0.14059,0.00083,0.70706,-0.00010,0.70715,1,4,0,0
1765409428.695526,0.01173,0.02730,0.04123,-0.00046,0.00057,0.00112,0.59595,-0.00064,0.14059,0.00083,0.70706,-0.00010,0.70715,1,4,0,0
1765409428.697529,-0.03135,0.03369,0.02552,0.00114,0.00094,-0.00020,0.59595,-0.00064,0.14059,0.00083,0.70706,-0.00010,0.70715,1,4,0,0
1765409428.699541,-0.00587,0.03695,0.00300,-0.00013,0.00141,0.00124,0.59599,-0.00064,0.14059,0.00083,0.70706,-0.00010,0.70715,1,4,0,0
1765409428.701542,-0.03101,0.03745,-0.00484,0.00009,0.00183,0.00045,0.59599,-0.00064,0.14059,0.00083,0.70706,-0.00010,0.70715,1,4,0,0
1765409428.703557,0.01253,0.02190,0.01844,-0.00118,0.00094,0.00083,0.59603,-0.00064,0.14059,0.00083,0.70706,-0.00010,0.70715,1,4,0,0
1765409428.705534,-0.00983,0.01521,0.01089,0.00026,0.00134,0.00044,0.59611,-0.00064,0.14059,0.00083,0.70706,-0.00010,0.70715,1,4,0,0
1765409428.707551,-0.02167,0.01358,0.00350,-0.00020,0.00047,0.00032,0.59611,-0.00064,0.14059,0.00083,0.70706,-0.00010,0.70715,1,4,0,0
1765409428.709540,0.00710,0.02981,0.02584,0.00000,0.00087,0.00084,0.59611,-0.00064,0.14059,0.00083,0.70706,-0.00010,0.70715,1,4,0,0
1765409428.711545,-0.02152,0.03866,-0.01199,-0.00055,-0.00043,0.00084,0.59611,-0.00064,0.14059,0.00083,0.70706,-0.00010,0.70715,1,4,0,0
1765409428.713546,-0.01799,0.01187,-0.01920,0.00066,-0.00034,0.00017,0.59615,-0.00064,0.14059,0.00083,0.70706,-0.00010,0.70715,1,4,0,0
1765409428.715545,-0.01286,0.00865,0.01148,-0.00069,-0.00013,0.00086,0.59615,-0.00064,0.14059,0.00083,0.70706,-0.00010,0.70715,1,4,0,0
1765409428.717533,-0.01365,0.00857,-0.01915,0.00018,0.00038,0.00043,0.59615,-0.00064,0.14059,0.00083,0.70706,-0.00010,0.70715,1,4,0,0
1765409428.719536,-0.01067,0.03476,0.03320,0.00072,0.00172,0.00072,0.59631,-0.00064,0.14059,0.00083,0.70706,-0.00010,0.70716,1,4,0,0
1765409428.721598,-0.00258,0.03475,-0.02723,0.00072,0.00113,0.00148,0.59631,-0.00064,0.14059,0.00083,0.70706,-0.00010,0.70716,1,4,0,0
1765409428.723559,0.02080,0.02200,0.01825,-0.00075,0.00084,0.00042,0.59631,-0.00064,0.14059,0.00083,0.70706,-0.00010,0.70716,1,4,0,0
1765409428.725572,-0.00784,0.02511,0.00344,-0.00180,0.00030,0.00098,0.59631,-0.00064,0.14059,0.00083,0.70706,-0.00010,0.70716,1,4,0,0
1765409428.727559,-0.01353,0.01816,0.01101,-0.00014,0.00062,0.00059,0.59631,-0.00064,0.14059,0.00083,0.70706,-0.00010,0.70716,1,4,0,0
1765409428.729553,-0.03950,0.02818,0.01082,0.00020,0.00131,0.00074,0.59631,-0.00064,0.14059,0.00083,0.70706,-0.00010,0.70716,1,4,0,0
1765409428.731552,-0.03438,0.02075,-0.01171,-0.00055,0.00088,0.00072,0.59631,-0.00064,0.14059,0.00083,0.70706,-0.00010,0.70716,1,4,0,0
1765409428.733544,0.00727,0.03459,-0.00474,-0.00016,0.00100,0.00068,0.59631,-0.00064,0.14059,0.00083,0.70706,-0.00010,0.70716,1,4,0,0
1765409428.735580,0.02055,0.00192,-0.02647,-0.00099,0.00087,0.00133,0.59635,-0.00064,0.14060,0.00083,0.70705,-0.00010,0.70716,1,4,0,0
1765409428.737551,0.00765,0.02942,0.04082,-0.00044,0.00137,0.00045,0.59635,-0.00064,0.14060,0.00083,0.70705,-0.00010,0.70716,1,4,0,0
1765409428.739563,0.01982,0.02128,0.02584,-0.00032,0.00187,0.00083,0.59639,-0.00064,0.14060,0.00083,0.70705,-0.00010,0.70716,1,4,0,0
1765409428.741565,-0.01691,0.03127,-0.01196,-0.00064,-0.00049,0.00044,0.59639,-0.00064,0.14060,0.00083,0.70705,-0.00010,0.70716,1,4,0,0
1765409428.743567,-0.03063,0.01360,0.01885,0.00002,0.00071,0.00074,0.59643,-0.00064,0.14060,0.00083,0.70705,-0.00010,0.70717,1,4,0,0
1765409428.745970,-0.03260,0.04400,-0.00471,0.00192,0.00033,0.00072,0.59643,-0.00064,0.14060,0.00083,0.70705,-0.00010,0.70717,1,4,0,0
1765409428.747571,-0.00597,0.02507,0.11712,-0.00311,0.00026,0.00026,0.59651,-0.00064,0.14060,0.00083,0.70704,-0.00010,0.70717,1,4,0,0
1765409428.749597,0.01662,0.05412,0.02511,-0.00101,0.00074,0.00056,0.59651,-0.00064,0.14060,0.00083,0.70704,-0.00010,0.70717,1,4,0,0
1765409428.751585,-0.00168,0.00558,-0.02670,0.00058,0.00075,0.00068,0.59667,-0.00064,0.14060,0.00083,0.70705,-0.00010,0.70716,1,4,0,0
1765409428.753579,-0.02592,0.01010,0.06428,-0.00067,0.00179,0.00064,0.59667,-0.00064,0.14060,0.00083,0.70705,-0.00010,0.70716,1,4,0,0
1765409428.755586,-0.03394,0.02129,0.07194,-0.00076,0.00023,0.00079,0.59667,-0.00064,0.14060,0.00083,0.70705,-0.00010,0.70716,1,4,0,0
1765409428.757589,-0.03207,0.03485,-0.03474,0.00181,-0.00069,0.00056,0.59667,-0.00064,0.14060,0.00083,0.70705,-0.00010,0.70716,1,4,0,0
1765409428.759581,-0.02724,0.05651,-0.04312,0.00120,-0.00026,0.00014,0.59667,-0.00064,0.14060,0.00083,0.70705,-0.00010,0.70716,1,4,0,0
1765409428.761705,0.00391,-0.00680,0.01155,-0.00044,0.00043,0.00044,0.59667,-0.00064,0.14060,0.00083,0.70705,-0.00010,0.70716,1,4,0,0
1765409428.763583,0.02865,0.00094,0.00354,-0.00078,0.00216,0.00094,0.59667,-0.00064,0.14060,0.00083,0.70705,-0.00010,0.70716,1,4,0,0
1765409428.765572,0.01242,0.02587,0.00309,-0.00157,0.00196,0.00109,0.59667,-0.00064,0.14060,0.00083,0.70705,-0.00010,0.70716,1,4,0,0
1765409428.767573,-0.00158,0.07886,0.01724,-0.00049,0.00108,0.00150,0.59667,-0.00064,0.14060,0.00083,0.70705,-0.00010,0.70716,1,4,0,0
1765409428.769591,-0.02661,0.04193,0.03345,0.00059,-0.00076,0.00061,0.59667,-0.00064,0.14060,0.00083,0.70705,-0.00010,0.70716,1,4,0,0
1765409428.771574,-0.01903,0.00835,0.02680,-0.00288,-0.00031,0.00088,0.59667,-0.00064,0.14060,0.00083,0.70705,-0.00010,0.70716,1,4,0,0
1765409428.773594,-0.00181,-0.00964,0.00397,0.00062,0.00139,0.00071,0.59671,-0.00064,0.14060,0.00083,0.70705,-0.00010,0.70716,1,4,0,0
1765409428.775577,0.01566,0.01939,-0.00444,-0.00012,0.00129,0.00068,0.59671,-0.00064,0.14060,0.00083,0.70705,-0.00010,0.70716,1,4,0,0
1765409428.777605,0.00731,0.03406,0.00278,-0.00038,0.00163,0.00068,0.59675,-0.00064,0.14059,0.00083,0.70706,-0.00010,0.70716,1,4,0,0
1765409428.779624,-0.02446,0.05543,-0.02030,-0.00166,0.00009,0.00016,0.59675,-0.00064,0.14059,0.00083,0.70706,-0.00010,0.70716,1,4,0,0
1765409428.781624,-0.03046,0.03327,-0.00449,-0.00018,0.00069,0.00059,0.59679,-0.00064,0.14059,0.00083,0.70706,-0.00010,0.70716,1,4,0,0
1765409428.783699,-0.01756,0.02587,0.01089,-0.00026,0.00028,0.00059,0.59679,-0.00064,0.14059,0.00083,0.70706,-0.00010,0.70716,1,4,0,0
1765409428.785619,0.00659,0.02848,0.03318,-0.00001,0.00266,0.00084,0.59704,-0.00064,0.14060,0.00083,0.70706,-0.00010,0.70716,1,4,0,0
1765409428.787615,0.01101,0.04600,0.00989,-0.00002,0.00221,0.00055,0.59704,-0.00064,0.14060,0.00083,0.70706,-0.00010,0.70716,1,4,0,0
1765409428.789623,0.01687,0.01933,-0.02714,-0.00122,0.00089,0.00066,0.59704,-0.00064,0.14060,0.00083,0.70706,-0.00010,0.70716,1,4,0,0
1765409428.791631,-0.01836,0.01218,-0.02678,0.00110,-0.00059,0.00016,0.59704,-0.00064,0.14060,0.00083,0.70706,-0.00010,0.70716,1,4,0,0
1765409428.793609,-0.01312,0.02840,-0.00410,-0.00067,-0.00027,0.00111,0.59704,-0.00064,0.14060,0.00083,0.70706,-0.00010,0.70716,1,4,0,0
1765409428.795604,-0.00568,0.02200,0.02596,-0.00009,0.00180,0.00085,0.59704,-0.00064,0.14060,0.00083,0.70706,-0.00010,0.70716,1,4,0,0
1765409428.797603,-0.00227,0.00540,-0.01936,0.00124,0.00138,0.00028,0.59704,-0.00064,0.14060,0.00083,0.70706,-0.00010,0.70716,1,4,0,0
1765409428.799594,0.00290,0.03275,0.05629,0.00004,0.00042,0.00100,0.59704,-0.00064,0.14060,0.00083,0.70706,-0.00010,0.70716,1,4,0,0
1765409428.801598,0.01119,0.05702,0.00990,0.00012,0.00068,0.00068,0.59704,-0.00064,0.14060,0.00083,0.70706,-0.00010,0.70716,1,4,0,0
1765409428.803622,-0.00592,0.02884,-0.01173,0.00065,-0.00061,0.00110,0.59704,-0.00064,0.14060,0.00083,0.70706,-0.00010,0.70716,1,4,0,0
1765409428.805612,0.01342,0.04654,0.04813,-0.00198,0.00078,0.00058,0.59704,-0.00064,0.14060,0.00083,0.70706,-0.00010,0.70716,1,4,0,0
1765409428.807619,-0.03111,0.00800,0.01130,0.00017,0.00161,0.00087,0.59704,-0.00064,0.14060,0.00083,0.70706,-0.00010,0.70716,1,4,0,0
1765409428.809615,-0.00060,0.02518,0.03337,-0.00027,0.00083,0.00018,0.59708,-0.00064,0.14060,0.00083,0.70706,-0.00010,0.70716,1,4,0,0
1765409428.811621,0.00374,0.00323,0.03433,-0.00054,0.00005,0.00100,0.59708,-0.00064,0.14060,0.00083,0.70706,-0.00010,0.70716,1,4,0,0
1765409428.813615,0.00392,0.04763,0.01062,-0.00109,-0.00036,0.00137,0.59712,-0.00064,0.14060,0.00083,0.70705,-0.00010,0.70716,1,4,0,0
1765409428.815620,-0.02615,0.05109,-0.01997,-0.00018,-0.00026,0.00070,0.59712,-0.00064,0.14060,0.00083,0.70705,-0.00010,0.70716,1,4,0,0
1765409428.817639,-0.04289,0.03643,-0.00471,0.00008,0.00044,-0.00008,0.59716,-0.00064,0.14060,0.00083,0.70705,-0.00010,0.70716,1,4,0,0
1765409428.819636,-0.01874,0.03036,0.01814,0.00066,0.00131,0.00045,0.59716,-0.00064,0.14060,0.00083,0.70705,-0.00010,0.70716,1,4,0,0
1765409428.821628,0.02487,0.01866,0.01068,-0.00100,0.00168,0.00068,0.59720,-0.00064,0.14059,0.00083,0.70706,-0.00010,0.70716,1,4,0,0
1765409428.823633,-0.01755,0.01575,-0.01880,-0.00082,0.00006,0.00165,0.59720,-0.00064,0.14059,0.00083,0.70706,-0.00010,0.70716,1,4,0,0
1765409428.825647,0.00360,0.01283,0.04910,-0.00042,0.00055,0.00073,0.59740,-0.00064,0.14059,0.00083,0.70706,-0.00010,0.70715,1,4,0,0
1765409428.827675,-0.01288,0.02857,0.01077,-0.00045,-0.00016,0.00032,0.59740,-0.00064,0.14059,0.00083,0.70706,-0.00010,0.70715,1,4,0,0
1765409428.829634,0.01105,0.01696,0.00314,0.00029,0.00160,0.00055,0.59740,-0.00064,0.14059,0.00083,0.70706,-0.00010,0.70715,1,4,0,0
1765409428.831636,-0.00537,0.03134,0.03349,-0.00085,0.00205,0.00139,0.59740,-0.00064,0.14059,0.00083,0.70706,-0.00010,0.70715,1,4,0,0
1765409428.834320,0.01183,0.02199,0.01080,-0.00053,0.00108,0.00083,0.59740,-0.00064,0.14059,0.00083,0.70706,-0.00010,0.70715,1,4,0,0
1765409428.835646,-0.01706,0.01721,-0.01889,-0.00037,-0.00148,0.00084,0.59740,-0.00064,0.14059,0.00083,0.70706,-0.00010,0.70715,1,4,0,0
1765409428.837671,-0.01013,0.02553,-0.01185,0.00039,0.00058,0.00096,0.59740,-0.00064,0.14059,0.00083,0.70706,-0.00010,0.70715,1,4,0,0
1765409428.839669,-0.02639,0.04490,0.01020,-0.00025,0.00151,0.00045,0.59740,-0.00064,0.14059,0.00083,0.70706,-0.00010,0.70715,1,4,0,0
1765409428.841667,0.00740,0.02300,-0.00462,-0.00095,0.00291,0.00095,0.59740,-0.00064,0.14059,0.00083,0.70706,-0.00010,0.70715,1,4,0,0
1765409428.843660,0.00333,0.01777,0.04130,-0.00014,0.00067,0.00059,0.59740,-0.00064,0.14059,0.00083,0.70706,-0.00010,0.70715,1,4,0,0
1765409428.845632,-0.02156,0.00952,0.00383,-0.00003,-0.00067,0.00046,0.59744,-0.00064,0.14059,0.00083,0.70707,-0.00010,0.70715,1,4,0,0
1765409428.847647,0.00247,0.03722,-0.00475,0.00031,0.00105,0.00082,0.59744,-0.00064,0.14059,0.00083,0.70707,-0.00010,0.70715,1,4,0,0
1765409428.849645,-0.04201,0.00689,0.03444,-0.00093,-0.00017,0.00077,0.59748,-0.00064,0.14059,0.00083,0.70707,-0.00010,0.70714,1,4,0,0
1765409428.851682,-0.00994,0.00449,0.04113,0.00035,0.00273,-0.00007,0.59748,-0.00064,0.14059,0.00083,0.70707,-0.00010,0.70714,1,4,0,0
1765409428.853690,0.01140,0.04197,0.04840,-0.00028,0.00082,0.00112,0.59753,-0.00064,0.14059,0.00083,0.70707,-0.00010,0.70715,1,4,0,0
1765409428.855653,0.01685,0.05423,-0.00560,-0.00079,0.00085,-0.00028,0.59753,-0.00064,0.14059,0.00083,0.70707,-0.00010,0.70715,1,4,0,0
1765409428.857699,-0.01294,0.04312,-0.00447,-0.00093,-0.00028,0.00111,0.59757,-0.00064,0.14059,0.00083,0.70707,-0.00010,0.70715,1,4,0,0
1765409428.859667,-0.01702,0.00056,-0.02658,-0.00079,0.00093,0.00043,0.59757,-0.00064,0.14059,0.00083,0.70707,-0.00010,0.70715,1,4,0,0
1765409428.861671,-0.01019,0.00559,0.02646,0.00058,0.00110,0.00073,0.59761,-0.00064,0.14059,0.00083,0.70706,-0.00010,0.70715,1,4,0,0
1765409428.863669,-0.00529,-0.00113,0.00402,0.00028,-0.00009,0.00071,0.59761,-0.00064,0.14059,0.00083,0.70706,-0.00010,0.70715,1,4,0,0
1765409428.865669,-0.01740,0.03502,0.06357,-0.00059,0.00128,0.00035,0.59782,-0.00064,0.14060,0.00083,0.70705,-0.00010,0.70716,1,4,0,0
1765409428.867688,-0.00497,0.07239,0.02451,-0.00014,0.00059,-0.00010,0.59782,-0.00064,0.14060,0.00083,0.70705,-0.00010,0.70716,1,4,0,0
1765409428.869671,-0.01191,0.07183,0.00972,-0.00211,0.00056,0.00070,0.59782,-0.00064,0.14060,0.00083,0.70705,-0.00010,0.70716,1,4,0,0
1765409428.871656,0.01157,0.02687,0.01077,-0.00047,0.00108,0.00109,0.59782,-0.00064,0.14060,0.00083,0.70705,-0.00010,0.70716,1,4,0,0
1765409428.873669,-0.02133,-0.01106,-0.00331,-0.00049,0.00023,0.00059,0.59782,-0.00064,0.14060,0.00083,0.70705,-0.00010,0.70716,1,4,0,0
1765409428.875692,0.00363,-0.01254,0.01918,-0.00051,0.00145,0.00058,0.59782,-0.00064,0.14060,0.00083,0.70705,-0.00010,0.70716,1,4,0,0
1765409428.877695,-0.01361,0.02305,0.03341,0.00014,0.00099,0.00006,0.59782,-0.00064,0.14060,0.00083,0.70705,-0.00010,0.70716,1,4,0,0
1765409428.879689,-0.00921,0.06931,-0.02042,-0.00105,0.00067,0.00135,0.59782,-0.00064,0.14060,0.00083,0.70705,-0.00010,0.70716,1,4,0,0
1765409428.881693,0.01530,0.06442,0.03248,0.00021,0.00062,0.00069,0.59782,-0.00064,0.14060,0.00083,0.70705,-0.00010,0.70716,1,4,0,0
1765409428.883692,-0.00701,0.04971,0.10129,-0.00238,0.00051,0.00038,0.59782,-0.00064,0.14060,0.00083,0.70705,-0.00010,0.70716,1,4,0,0
1765409428.885707,0.01522,0.00104,0.02650,0.00097,0.00003,0.00044,0.59786,-0.00064,0.14060,0.00083,0.70705,-0.00010,0.70716,1,4,0,0
1765409428.887729,-0.01692,-0.01818,-0.01121,0.00007,0.00029,-0.00063,0.59786,-0.00064,0.14060,0.00083,0.70705,-0.00010,0.70716,1,4,0,0
1765409428.889688,-0.01802,0.01035,0.02648,-0.00023,0.00120,0.00101,0.59790,-0.00064,0.14060,0.00083,0.70705,-0.00010,0.70716,1,4,0,0
1765409428.891685,-0.02343,0.03754,0.00288,0.00075,0.00162,0.00085,0.59790,-0.00064,0.14060,0.00083,0.70705,-0.00010,0.70716,1,4,0,0
1765409428.893685,0.00264,0.06600,0.00993,-0.00065,0.00155,0.00163,0.59794,-0.00064,0.14061,0.00083,0.70705,-0.00010,0.70717,1,4,0,0
1765409428.895745,-0.00039,0.04413,-0.03528,-0.00113,0.00121,0.00080,0.59794,-0.00064,0.14061,0.00083,0.70705,-0.00010,0.70717,1,4,0,0
1765409428.897759,0.00753,-0.01367,-0.00342,0.00035,-0.00011,0.00043,0.59798,-0.00064,0.14061,0.00083,0.70705,-0.00010,0.70717,1,4,0,0
1765409428.899772,-0.03168,-0.00629,0.01135,0.00131,0.00161,0.00007,0.59798,-0.00064,0.14061,0.00083,0.70705,-0.00010,0.70717,1,4,0,0
1765409428.901741,-0.00258,0.02985,-0.01203,0.00088,0.00125,0.00122,0.59802,-0.00064,0.14061,0.00083,0.70704,-0.00010,0.70717,1,4,0,0
1765409428.903714,-0.01302,0.03230,0.04130,-0.00128,0.00087,0.00141,0.59802,-0.00064,0.14061,0.00083,0.70704,-0.00010,0.70717,1,4,0,0
1765409428.905706,-0.01815,0.05050,0.03287,0.00025,0.00065,0.00033,0.59818,-0.00064,0.14061,0.00083,0.70704,-0.00010,0.70717,1,4,0,0
1765409428.907708,0.01938,0.08180,0.02415,0.00063,0.00067,0.00000,0.59822,-0.00064,0.14061,0.00083,0.70704,-0.00010,0.70717,1,4,0,0
1765409428.909712,0.00644,0.05006,0.00216,0.00112,0.00085,-0.00013,0.59822,-0.00064,0.14061,0.00083,0.70704,-0.00010,0.70717,1,4,0,0
1765409428.911698,0.00796,0.03868,0.03333,-0.00142,0.00150,0.00138,0.59822,-0.00064,0.14061,0.00083,0.70704,-0.00010,0.70717,1,4,0,0
1765409428.913713,-0.00935,-0.00413,-0.00346,-0.00019,0.00047,0.00098,0.59822,-0.00064,0.14061,0.00083,0.70704,-0.00010,0.70717,1,4,0,0
1765409428.915759,-0.01667,0.01084,0.04149,-0.00088,0.00053,0.00021,0.59822,-0.00064,0.14061,0.00083,0.70704,-0.00010,0.70717,1,4,0,0
1765409428.917700,-0.00951,0.04528,0.01765,0.00019,0.00080,0.00004,0.59822,-0.00064,0.14061,0.00083,0.70704,-0.00010,0.70717,1,4,0,0
1765409428.919707,-0.03811,0.04785,0.01036,-0.00109,0.00089,0.00060,0.59822,-0.00064,0.14061,0.00083,0.70704,-0.00010,0.70717,1,4,0,0
1765409428.921713,0.02461,0.07310,-0.00563,-0.00122,0.00114,0.00119,0.59822,-0.00064,0.14061,0.00083,0.70704,-0.00010,0.70717,1,4,0,0
1765409428.923703,-0.00568,0.00833,0.02670,0.00018,0.00029,0.00127,0.59822,-0.00064,0.14061,0.00083,0.70704,-0.00010,0.70717,1,4,0,0
1765409428.925698,0.01219,0.02295,0.01857,-0.00052,-0.00020,0.00084,0.59826,-0.00064,0.14061,0.00083,0.70704,-0.00010,0.70717,1,4,0,0
1765409428.927716,-0.00573,0.01760,0.01086,0.00029,0.00129,0.00057,0.59826,-0.00064,0.14061,0.00083,0.70704,-0.00010,0.70717,1,4,0,0
1765409428.929717,-0.01301,0.03175,-0.00452,-0.00129,0.00163,0.00097,0.59830,-0.00064,0.14061,0.00083,0.70704,-0.00010,0.70717,1,4,0,0
1765409428.931712,0.02500,0.03438,0.03361,-0.00125,0.00016,0.00150,0.59830,-0.00064,0.14061,0.00083,0.70704,-0.00010,0.70717,1,4,0,0
1765409428.933717,-0.02169,-0.00200,0.03413,-0.00039,0.00149,0.00035,0.59834,-0.00064,0.14061,0.00083,0.70705,-0.00010,0.70717,1,4,0,0
1765409428.935743,-0.01114,-0.01841,-0.02628,0.00204,0.00087,0.00016,0.59834,-0.00064,0.14061,0.00083,0.70705,-0.00010,0.70717,1,4,0,0
1765409428.937732,-0.05624,0.01229,0.09494,-0.00284,-0.00065,-0.00010,0.59838,-0.00064,0.14061,0.00083,0.70705,-0.00010,0.70716,1,4,0,0
1765409428.939754,0.00736,0.06813,-0.00546,-0.00106,0.00174,0.00134,0.59838,-0.00064,0.14061,0.00083,0.70705,-0.00010,0.70716,1,4,0,0
1765409428.941739,-0.00292,0.02470,-0.01968,0.00125,0.00177,0.00095,0.59838,-0.00064,0.14061,0.00083,0.70705,-0.00010,0.70716,1,4,0,0
1765409428.943741,0.01733,0.04404,0.01031,-0.00179,0.00061,0.00082,0.59838,-0.00064,0.14061,0.00083,0.70705,-0.00010,0.70716,1,4,0,0
1765409428.945734,-0.01336,-0.01533,0.01935,0.00055,-0.00025,-0.00007,0.59862,-0.00064,0.14061,0.00083,0.70705,-0.00010,0.70717,1,4,0,0
1765409428.947725,-0.01808,0.03080,0.01826,0.00023,0.00054,0.00046,0.59862,-0.00064,0.14061,0.00083,0.70705,-0.00010,0.70717,1,4,0,0
1765409428.949790,-0.02904,0.00592,-0.00399,0.00233,0.00184,0.00072,0.59862,-0.00064,0.14061,0.00083,0.70705,-0.00010,0.70717,1,4,0,0
1765409428.951742,-0.04251,0.05579,-0.01236,-0.00100,0.00019,0.00099,0.59862,-0.00064,0.14061,0.00083,0.70705,-0.00010,0.70717,1,4,0,0
1765409428.953743,0.02814,0.04190,0.05595,-0.00006,0.00049,0.00111,0.59862,-0.00064,0.14061,0.00083,0.70705,-0.00010,0.70717,1,4,0,0
1765409428.955728,-0.01728,0.00697,0.01865,0.00038,-0.00023,-0.00048,0.59862,-0.00064,0.14061,0.00083,0.70705,-0.00010,0.70717,1,4,0,0
1765409428.957739,0.01107,0.02285,0.04071,0.00101,0.00094,-0.00036,0.59862,-0.00064,0.14061,0.00083,0.70705,-0.00010,0.70717,1,4,0,0
1765409428.959770,0.01543,0.04907,0.04073,-0.00042,0.00089,0.00151,0.59862,-0.00064,0.14061,0.00083,0.70705,-0.00010,0.70717,1,4,0,0
1765409428.961738,-0.01061,0.02912,0.03364,-0.00000,0.00212,0.00167,0.59862,-0.00064,0.14061,0.00083,0.70705,-0.00010,0.70717,1,4,0,0
1765409428.963738,-0.02942,0.04332,0.01061,-0.00115,0.00003,0.00073,0.59862,-0.00064,0.14061,0.00083,0.70705,-0.00010,0.70717,1,4,0,0
1765409428.965752,-0.03582,0.04634,-0.00483,0.00107,0.00036,0.00045,0.59866,-0.00064,0.14061,0.00083,0.70705,-0.00010,0.70717,1,4,0,0
1765409428.967788,-0.01920,0.02680,-0.01206,0.00171,-0.00008,0.00017,0.59866,-0.00064,0.14061,0.00083,0.70705,-0.00010,0.70717,1,4,0,0
1765409428.969746,0.01972,0.04141,0.04847,-0.00051,0.00110,0.00152,0.59870,-0.00064,0.14061,0.00083,0.70705,-0.00010,0.70717,1,4,0,0
1765409428.971771,0.00980,0.04097,-0.00503,0.00080,0.00249,0.00107,0.59870,-0.00064,0.14061,0.00083,0.70705,-0.00010,0.70717,1,4,0,0
1765409428.973742,0.01518,0.04494,0.01770,0.00062,0.00051,0.00042,0.59874,-0.00064,0.14061,0.00083,0.70705,-0.00010,0.70717,1,4,0,0
1765409428.976558,-0.01960,0.00170,0.01861,0.00228,0.00095,-0.00035,0.59874,-0.00064,0.14061,0.00083,0.70705,-0.00010,0.70717,1,4,0,0
1765409428.977750,-0.05047,-0.00287,0.04984,-0.00083,0.00007,0.00066,0.59878,-0.00064,0.14061,0.00083,0.70705,-0.00010,0.70717,1,4,0,0
1765409428.979794,-0.04022,0.01705,0.01906,-0.00234,-0.00109,0.00049,0.59878,-0.00064,0.14061,0.00083,0.70705,-0.00010,0.70717,1,4,0,0
1765409428.981771,-0.02144,0.01769,-0.02681,-0.00102,0.00098,0.00097,0.59878,-0.00064,0.14061,0.00083,0.70705,-0.00010,0.70717,1,4,0,0
1765409428.983798,0.03335,0.05900,0.00969,-0.00073,0.00040,0.00039,0.59878,-0.00064,0.14061,0.00083,0.70705,-0.00010,0.70717,1,4,0,0
1765409428.985781,0.01178,0.05737,0.03260,-0.00010,0.00028,0.00030,0.59878,-0.00064,0.14061,0.00083,0.70705,-0.00010,0.70717,1,4,0,0
1765409428.987797,0.01100,0.01749,-0.00438,0.00051,0.00096,0.00055,0.59878,-0.00064,0.14061,0.00083,0.70705,-0.00010,0.70717,1,4,0,0
1765409428.989784,-0.04227,0.00684,0.02682,-0.00072,-0.00004,0.00077,0.59902,-0.00064,0.14061,0.00083,0.70705,-0.00010,0.70716,1,4,0,0
1765409428.991786,-0.02747,0.01180,-0.01910,0.00131,0.00016,0.00058,0.59902,-0.00064,0.14061,0.00083,0.70705,-0.00010,0.70716,1,4,0,0
1765409428.993778,-0.01781,0.03439,-0.00454,-0.00082,0.00169,0.00111,0.59902,-0.00064,0.14061,0.00083,0.70705,-0.00010,0.70716,1,4,0,0
1765409428.995795,-0.01901,0.02538,0.00293,0.00104,0.00156,0.00017,0.59902,-0.00064,0.14061,0.00083,0.70705,-0.00010,0.70716,1,4,0,0
1765409428.997769,-0.02874,0.01408,0.06463,-0.00150,-0.00046,0.00078,0.59902,-0.00064,0.14061,0.00083,0.70705,-0.00010,0.70716,1,4,0,0
1765409428.999781,0.00721,0.02445,0.00318,-0.00028,0.00126,0.00096,0.59902,-0.00064,0.14061,0.00083,0.70705,-0.00010,0.70716,1,4,0,0
1765409429.001777,0.00622,0.00292,0.10987,-0.00229,0.00025,-0.00015,0.59902,-0.00064,0.14061,0.00083,0.70705,-0.00010,0.70716,1,4,0,0
1765409429.003796,-0.00986,0.02561,0.01855,0.00017,0.00045,0.00099,0.59902,-0.00064,0.14061,0.00083,0.70705,-0.00010,0.70716,1,4,0,0
1765409429.005763,-0.00525,0.04171,0.01025,-0.00051,0.00165,0.00070,0.59906,-0.00064,0.14061,0.00083,0.70705,-0.00010,0.70717,1,4,0,0
1765409429.007766,-0.04779,0.04311,0.02550,0.00016,0.00152,0.00035,0.59906,-0.00064,0.14061,0.00083,0.70705,-0.00010,0.70717,1,4,0,0
1765409429.009779,-0.01136,0.02724,0.05660,-0.00265,0.00059,0.00116,0.59910,-0.00064,0.14061,0.00083,0.70704,-0.00010,0.70717,1,4,0,0
1765409429.011761,-0.02714,0.02063,-0.03462,0.00054,0.00117,0.00069,0.59910,-0.00064,0.14061,0.00083,0.70704,-0.00010,0.70717,1,4,0,0
1765409429.013781,-0.00644,0.03385,0.01066,0.00136,-0.00024,0.00057,0.59914,-0.00064,0.14061,0.00083,0.70705,-0.00010,0.70717,1,4,0,0
1765409429.015800,-0.01324,0.02744,-0.02704,-0.00090,0.00088,0.00109,0.59914,-0.00064,0.14061,0.00083,0.70705,-0.00010,0.70717,1,4,0,0
1765409429.017791,0.00337,0.01231,0.04122,-0.00021,0.00143,0.00032,0.59918,-0.00064,0.14061,0.00083,0.70705,-0.00010,0.70717,1,4,0,0
1765409429.019871,-0.03624,0.00119,-0.06461,0.00140,0.00142,0.00041,0.59918,-0.00064,0.14061,0.00083,0.70705,-0.00010,0.70717,1,4,0,0
1765409429.021801,-0.01026,0.03381,0.01048,-0.00017,0.00248,0.00111,0.59941,-0.00064,0.14060,0.00083,0.70705,-0.00010,0.70716,1,4,0,0
1765409429.023788,-0.00891,0.03550,0.01066,-0.00058,0.00017,0.00071,0.59941,-0.00064,0.14060,0.00083,0.70705,-0.00010,0.70716,1,4,0,0
1765409429.025795,-0.00497,0.05663,0.05566,-0.00098,0.00125,0.00114,0.59941,-0.00064,0.14060,0.00083,0.70705,-0.00010,0.70716,1,4,0,0
1765409429.027823,-0.01838,0.02130,-0.01931,0.00055,0.00005,0.00070,0.59941,-0.00064,0.14060,0.00083,0.70705,-0.00010,0.70716,1,4,0,0
1765409429.029788,0.03611,0.03628,0.03284,0.00052,0.00153,0.00041,0.59941,-0.00064,0.14060,0.00083,0.70705,-0.00010,0.70716,1,4,0,0
1765409429.031789,-0.01092,0.02557,-0.00467,0.00148,0.00121,0.00016,0.59941,-0.00064,0.14060,0.00083,0.70705,-0.00010,0.70716,1,4,0,0
1765409429.033815,-0.00063,0.01436,-0.01180,-0.00084,0.00162,0.00082,0.59941,-0.00064,0.14060,0.00083,0.70705,-0.00010,0.70716,1,4,0,0
1765409429.035809,-0.02660,0.01588,0.04140,0.00027,0.00103,0.00049,0.59941,-0.00064,0.14060,0.00083,0.70705,-0.00010,0.70716,1,4,0,0
1765409429.037815,-0.03448,0.01195,-0.04192,0.00022,-0.00014,0.00016,0.59941,-0.00064,0.14060,0.00083,0.70705,-0.00010,0.70716,1,4,0,0
1765409429.039895,-0.01886,0.01578,-0.01184,0.00092,0.00107,0.00044,0.59941,-0.00064,0.14060,0.00083,0.70705,-0.00010,0.70716,1,4,0,0
1765409429.041810,0.01586,0.05888,0.01760,-0.00073,0.00088,0.00122,0.59941,-0.00064,0.14060,0.00083,0.70705,-0.00010,0.70716,1,4,0,0
1765409429.043813,0.02331,0.05448,0.00224,0.00074,0.00066,0.00053,0.59941,-0.00064,0.14060,0.00083,0.70705,-0.00010,0.70716,1,4,0,0
1765409429.045803,0.01945,0.03648,0.02550,0.00009,0.00148,0.00082,0.59941,-0.00064,0.14060,0.00083,0.70705,-0.00010,0.70716,1,4,0,0
1765409429.047808,0.00298,0.03238,0.00290,0.00003,0.00092,0.00056,0.59945,-0.00064,0.14060,0.00083,0.70705,-0.00010,0.70716,1,4,0,0
1765409429.049814,-0.03803,0.01457,0.01149,-0.00062,-0.00060,0.00075,0.59949,-0.00064,0.14060,0.00083,0.70705,-0.00010,0.70716,1,4,0,0
1765409429.051804,-0.01846,-0.00713,0.03507,-0.00394,-0.00004,0.00170,0.59949,-0.00064,0.14060,0.00083,0.70705,-0.00010,0.70716,1,4,0,0
1765409429.053836,-0.00560,0.02221,0.04119,-0.00009,0.00154,0.00087,0.59954,-0.00064,0.14060,0.00083,0.70705,-0.00010,0.70716,1,4,0,0
1765409429.055809,0.00398,0.04174,0.00252,-0.00095,0.00128,0.00028,0.59954,-0.00064,0.14060,0.00083,0.70705,-0.00010,0.70716,1,4,0,0
1765409429.057810,0.00256,0.02339,-0.00458,0.00102,0.00029,0.00002,0.59954,-0.00064,0.14060,0.00083,0.70705,-0.00010,0.70716,1,4,0,0
1765409429.059821,0.02793,0.03707,0.01039,0.00031,0.00049,0.00081,0.59958,-0.00064,0.14061,0.00083,0.70705,-0.00010,0.70717,1,4,0,0
1765409429.061843,-0.02670,0.01610,0.03419,0.00005,0.00041,0.00129,0.59958,-0.00064,0.14061,0.00083,0.70705,-0.00010,0.70717,1,4,0,0
1765409429.063834,-0.02210,0.03715,0.00292,-0.00057,0.00160,0.00085,0.59966,-0.00064,0.14060,0.00083,0.70705,-0.00010,0.70716,1,4,0,0
1765409429.065838,-0.04979,0.02612,0.08702,-0.00179,0.00054,0.00068,0.59978,-0.00064,0.14061,0.00083,0.70705,-0.00010,0.70717,1,4,0,0
1765409429.067836,0.01670,0.01464,0.01845,-0.00084,0.00089,0.00043,0.59978,-0.00064,0.14061,0.00083,0.70705,-0.00010,0.70717,1,4,0,0
1765409429.069860,0.01215,0.02229,0.02588,-0.00052,0.00081,0.00044,0.59978,-0.00064,0.14061,0.00083,0.70705,-0.00010,0.70717,1,4,0,0
1765409429.071889,0.00736,0.03484,0.03328,-0.00015,0.00074,0.00071,0.59978,-0.00064,0.14061,0.00083,0.70705,-0.00010,0.70717,1,4,0,0
1765409429.073826,-0.01227,0.05229,0.01788,-0.00169,0.00046,0.00085,0.59978,-0.00064,0.14061,0.00083,0.70705,-0.00010,0.70717,1,4,0,0
1765409429.075839,-0.03989,0.01854,-0.02695,0.00074,0.00120,0.00058,0.59978,-0.00064,0.14061,0.00083,0.70705,-0.00010,0.70717,1,4,0,0
1765409429.077826,-0.04607,0.01887,0.04922,-0.00123,0.00038,0.00065,0.59978,-0.00064,0.14061,0.00083,0.70705,-0.00010,0.70717,1,4,0,0
1765409429.079830,0.00339,0.01171,0.00316,-0.00044,0.00207,0.00029,0.59978,-0.00064,0.14061,0.00083,0.70705,-0.00010,0.70717,1,4,0,0
1765409429.081831,0.01009,-0.00276,0.01864,0.00136,0.00213,0.00030,0.59978,-0.00064,0.14061,0.00083,0.70705,-0.00010,0.70717,1,4,0,0
1765409429.083830,0.01238,0.06129,0.04767,-0.00114,0.00116,0.00057,0.59982,-0.00064,0.14060,0.00083,0.70705,-0.00010,0.70717,1,4,0,0
1765409429.085848,-0.00168,0.02966,0.03357,0.00000,0.00124,0.00126,0.59982,-0.00064,0.14060,0.00083,0.70705,-0.00010,0.70717,1,4,0,0
1765409429.087862,-0.03843,0.02408,0.02641,-0.00051,-0.00009,0.00089,0.59986,-0.00064,0.14060,0.00083,0.70705,-0.00010,0.70717,1,4,0,0
1765409429.089853,-0.01376,0.04862,0.00278,0.00023,-0.00041,0.00057,0.59986,-0.00064,0.14060,0.00083,0.70705,-0.00010,0.70717,1,4,0,0
1765409429.091857,-0.00695,0.02004,0.03369,-0.00230,0.00054,0.00033,0.59990,-0.00064,0.14060,0.00083,0.70705,-0.00010,0.70716,1,4,0,0
1765409429.093844,0.00510,0.03694,-0.00442,-0.00231,0.00027,0.00123,0.59990,-0.00064,0.14060,0.00083,0.70705,-0.00010,0.70716,1,4,0,0
1765409429.095851,-0.01028,-0.01204,0.01932,-0.00291,0.00047,0.00020,0.59994,-0.00064,0.14060,0.00083,0.70705,-0.00010,0.70717,1,4,0,0
1765409429.097884,-0.01391,0.01284,0.06426,0.00002,0.00126,0.00076,0.59994,-0.00064,0.14060,0.00083,0.70705,-0.00010,0.70717,1,4,0,0
1765409429.099838,-0.04904,0.02387,0.02586,0.00167,0.00154,0.00009,0.59998,-0.00064,0.14061,0.00083,0.70704,-0.00010,0.70717,1,4,0,0
1765409429.101839,-0.02726,0.05004,0.02553,0.00025,0.00128,0.00114,0.59998,-0.00064,0.14061,0.00083,0.70704,-0.00010,0.70717,1,4,0,0
1765409429.103868,0.00332,0.03762,0.02557,-0.00012,0.00053,0.00044,0.60002,-0.00064,0.14061,0.00083,0.70704,-0.00010,0.70717,1,4,0,0
1765409429.105879,0.02815,0.02654,0.01791,0.00018,0.00150,0.00027,0.60002,-0.00064,0.14061,0.00083,0.70704,-0.00010,0.70717,1,4,0,0
1765409429.107874,0.01666,0.00027,0.00371,-0.00057,0.00040,0.00042,0.60006,-0.00064,0.14061,0.00083,0.70704,-0.00010,0.70717,1,4,0,0
1765409429.109878,-0.01856,0.01529,0.00330,0.00048,0.00157,0.00045,0.60006,-0.00064,0.14061,0.00083,0.70704,-0.00010,0.70717,1,4,0,0
1765409429.111882,-0.02630,0.03009,0.01094,-0.00065,0.00116,0.00127,0.60010,-0.00064,0.14061,0.00083,0.70704,-0.00010,0.70717,1,4,0,0
1765409429.113884,-0.03340,0.02058,-0.00371,-0.00186,0.00037,0.00154,0.60014,-0.00064,0.14061,0.00083,0.70704,-0.00010,0.70717,1,4,0,0
1765409429.115875,-0.02378,0.04362,-0.00493,0.00170,0.00059,0.00030,0.60014,-0.00064,0.14061,0.00083,0.70704,-0.00010,0.70717,1,4,0,0
1765409429.117938,-0.00161,0.03580,0.02526,0.00117,0.00057,-0.00050,0.60026,-0.00064,0.14062,0.00083,0.70703,-0.00010,0.70718,1,4,0,0
1765409429.119870,0.03719,0.04074,0.04062,-0.00095,0.00139,0.00109,0.60026,-0.00064,0.14062,0.00083,0.70703,-0.00010,0.70718,1,4,0,0
1765409429.121871,0.02492,0.02306,0.02579,-0.00139,0.00219,0.00096,0.60026,-0.00064,0.14062,0.00083,0.70703,-0.00010,0.70718,1,4,0,0
1765409429.123872,-0.03846,0.02818,0.01126,-0.00111,0.00055,0.00155,0.60026,-0.00064,0.14062,0.00083,0.70703,-0.00010,0.70718,1,4,0,0
1765409429.125865,-0.03777,0.02453,0.02652,-0.00094,-0.00086,0.00090,0.60026,-0.00064,0.14062,0.00083,0.70703,-0.00010,0.70718,1,4,0,0
1765409429.127891,-0.03070,0.01411,-0.04201,0.00046,0.00020,0.00029,0.60026,-0.00064,0.14062,0.00083,0.70703,-0.00010,0.70718,1,4,0,0
1765409429.129878,0.01877,0.02667,0.06379,0.00062,0.00163,0.00113,0.60026,-0.00064,0.14062,0.00083,0.70703,-0.00010,0.70718,1,4,0,0
1765409429.131877,0.04956,0.03820,0.01779,-0.00055,0.00125,0.00092,0.60030,-0.00064,0.14061,0.00083,0.70703,-0.00010,0.70718,1,4,0,0
1765409429.133868,-0.00316,0.05315,0.01752,0.00072,0.00302,0.00137,0.60030,-0.00064,0.14061,0.00083,0.70703,-0.00010,0.70718,1,4,0,0
1765409429.135876,0.01204,0.04252,0.03298,-0.00028,0.00029,0.00030,0.60035,-0.00064,0.14062,0.00083,0.70703,-0.00010,0.70718,1,4,0,0
1765409429.137885,-0.04673,0.03902,0.01052,-0.00033,0.00024,0.00008,0.60035,-0.00064,0.14062,0.00083,0.70703,-0.00010,0.70718,1,4,0,0
1765409429.139904,-0.01840,0.02062,0.01855,0.00033,0.00093,0.00073,0.60039,-0.00064,0.14062,0.00083,0.70703,-0.00010,0.70718,1,4,0,0
1765409429.141907,0.02038,0.05042,0.01023,-0.00149,0.00173,0.00162,0.60039,-0.00064,0.14062,0.00083,0.70703,-0.00010,0.70718,1,4,0,0
1765409429.143888,-0.00550,0.04660,0.01022,-0.00045,0.00165,0.00097,0.60043,-0.00064,0.14062,0.00083,0.70703,-0.00010,0.70718,1,4,0,0
1765409429.145907,0.01944,0.05764,0.03275,0.00056,-0.00019,0.00069,0.60043,-0.00064,0.14062,0.00083,0.70703,-0.00010,0.70718,1,4,0,0
1765409429.147928,0.02284,0.02533,0.01080,0.00126,0.00018,0.00095,0.60043,-0.00064,0.14062,0.00083,0.70703,-0.00010,0.70718,1,4,0,0
1765409429.149917,0.00319,0.00733,0.01897,-0.00049,0.00107,0.00125,0.60067,-0.00064,0.14063,0.00083,0.70703,-0.00010,0.70719,1,4,0,0
1765409429.151913,-0.02205,-0.00672,0.03451,-0.00022,0.00113,0.00089,0.60067,-0.00064,0.14063,0.00083,0.70703,-0.00010,0.70719,1,4,0,0
1765409429.153897,-0.01738,-0.00392,0.01885,0.00003,0.00093,-0.00021,0.60067,-0.00064,0.14063,0.00083,0.70703,-0.00010,0.70719,1,4,0,0
1765409429.155917,-0.01037,0.03007,-0.00489,0.00088,0.00158,0.00002,0.60067,-0.00064,0.14063,0.00083,0.70703,-0.00010,0.70719,1,4,0,0
1765409429.158617,-0.00005,0.05438,0.00999,-0.00123,0.00081,0.00056,0.60071,-0.00064,0.14063,0.00083,0.70703,-0.00010,0.70719,1,4,0,0
1765409429.160029,-0.00825,0.05928,-0.02760,-0.00204,0.00042,0.00162,0.60071,-0.00064,0.14063,0.00083,0.70703,-0.00010,0.70719,1,4,0,0
1765409429.161918,0.00821,0.04013,0.04840,-0.00074,0.00009,0.00059,0.60071,-0.00064,0.14063,0.00083,0.70703,-0.00010,0.70719,1,4,0,0
1765409429.163930,0.01994,0.00326,0.02613,0.00077,0.00034,-0.00024,0.60071,-0.00064,0.14063,0.00083,0.70703,-0.00010,0.70719,1,4,0,0
1765409429.165919,-0.01765,0.00021,0.04166,-0.00036,0.00170,0.00048,0.60071,-0.00064,0.14063,0.00083,0.70703,-0.00010,0.70719,1,4,0,0
1765409429.167945,-0.00815,0.02857,0.03356,-0.00220,0.00208,0.00127,0.60071,-0.00064,0.14063,0.00083,0.70703,-0.00010,0.70719,1,4,0,0
1765409429.169912,-0.02556,0.01087,0.01923,-0.00110,0.00028,0.00142,0.60071,-0.00064,0.14063,0.00083,0.70703,-0.00010,0.70719,1,4,0,0
1765409429.171905,-0.00056,0.02083,0.00345,-0.00032,-0.00017,0.00070,0.60071,-0.00064,0.14063,0.00083,0.70703,-0.00010,0.70719,1,4,0,0
1765409429.173903,-0.00039,0.02079,0.00309,-0.00011,0.00020,-0.00011,0.60071,-0.00064,0.14063,0.00083,0.70703,-0.00010,0.70719,1,4,0,0
1765409429.175944,-0.02213,0.03154,0.03319,-0.00063,0.00262,0.00060,0.60075,-0.00064,0.14063,0.00083,0.70702,-0.00010,0.70719,1,4,0,0
1765409429.177936,0.00360,0.03494,0.00275,-0.00168,0.00320,0.00122,0.60075,-0.00064,0.14063,0.00083,0.70702,-0.00010,0.70719,1,4,0,0
1765409429.179937,-0.01011,0.07390,0.04003,-0.00034,0.00156,0.00126,0.60080,-0.00064,0.14063,0.00083,0.70702,-0.00010,0.70719,1,4,0,0
1765409429.181944,-0.02640,0.04618,0.01040,0.00020,-0.00001,0.00046,0.60080,-0.00064,0.14063,0.00083,0.70702,-0.00010,0.70719,1,4,0,0
1765409429.183952,0.00021,0.03092,0.02595,-0.00086,-0.00057,0.00045,0.60084,-0.00064,0.14064,0.00083,0.70702,-0.00010,0.70720,1,4,0,0
1765409429.185989,0.01152,0.03247,0.01810,0.00004,0.00056,0.00056,0.60108,-0.00064,0.14064,0.00083,0.70702,-0.00010,0.70719,1,4,0,0
1765409429.187951,0.01909,0.01069,0.03363,-0.00001,0.00291,0.00110,0.60108,-0.00064,0.14064,0.00083,0.70702,-0.00010,0.70719,1,4,0,0
1765409429.189931,-0.00505,0.04152,0.03319,-0.00095,0.00165,0.00112,0.60108,-0.00064,0.14064,0.00083,0.70702,-0.00010,0.70719,1,4,0,0
1765409429.191951,-0.00036,0.02524,0.01043,-0.00027,0.00083,-0.00024,0.60108,-0.00064,0.14064,0.00083,0.70702,-0.00010,0.70719,1,4,0,0
1765409429.193939,-0.03335,0.04575,0.00286,-0.00134,0.00020,0.00046,0.60108,-0.00064,0.14064,0.00083,0.70702,-0.00010,0.70719,1,4,0,0
1765409429.196277,0.00248,0.02962,0.02628,-0.00371,-0.00020,0.00126,0.60108,-0.00064,0.14064,0.00083,0.70702,-0.00010,0.70719,1,4,0,0
1765409429.197942,-0.02654,0.06650,-0.00479,-0.00480,0.00025,0.00166,0.60108,-0.00064,0.14064,0.00083,0.70702,-0.00010,0.70719,1,4,0,0
1765409429.199953,-0.00587,0.02703,-0.00441,-0.00003,0.00155,0.00110,0.60108,-0.00064,0.14064,0.00083,0.70702,-0.00010,0.70719,1,4,0,0
1765409429.202032,-0.02205,0.03376,0.00299,0.00027,0.00007,0.00018,0.60108,-0.00064,0.14064,0.00083,0.70702,-0.00010,0.70719,1,4,0,0
1765409429.203958,-0.00467,0.02343,0.00330,-0.00029,-0.00012,0.00044,0.60108,-0.00064,0.14064,0.00083,0.70702,-0.00010,0.70719,1,4,0,0
1765409429.205981,-0.01276,0.04295,-0.01208,-0.00115,-0.00016,0.00110,0.60108,-0.00064,0.14064,0.00083,0.70702,-0.00010,0.70719,1,4,0,0
1765409429.207952,-0.01847,0.04023,0.01815,0.00013,0.00092,0.00099,0.60108,-0.00064,0.14064,0.00083,0.70702,-0.00010,0.70719,1,4,0,0
1765409429.209964,-0.01350,-0.03753,0.06508,-0.00016,0.00281,0.00010,0.60108,-0.00064,0.14064,0.00083,0.70702,-0.00010,0.70719,1,4,0,0
1765409429.211952,-0.02612,0.02519,0.04857,-0.00027,0.00165,0.00022,0.60112,-0.00064,0.14063,0.00083,0.70702,-0.00010,0.70719,1,4,0,0
1765409429.213959,-0.00314,0.03412,0.00265,0.00137,0.00252,0.00069,0.60112,-0.00064,0.14063,0.00083,0.70702,-0.00010,0.70719,1,4,0,0
1765409429.215945,-0.03283,0.06477,0.04851,-0.00285,0.00020,0.00197,0.60116,-0.00064,0.14063,0.00083,0.70702,-0.00010,0.70719,1,4,0,0
1765409429.217953,-0.01043,0.02112,-0.01179,0.00099,0.00021,0.00070,0.60116,-0.00064,0.14063,0.00083,0.70702,-0.00010,0.70719,1,4,0,0
1765409429.219968,-0.02984,0.01808,-0.01932,-0.00080,0.00095,0.00058,0.60120,-0.00064,0.14063,0.00083,0.70702,-0.00010,0.70719,1,4,0,0
1765409429.221974,-0.01134,0.00029,-0.05739,0.00183,0.00213,-0.00001,0.60120,-0.00064,0.14063,0.00083,0.70702,-0.00010,0.70719,1,4,0,0
1765409429.223959,-0.02692,0.01920,0.01092,-0.00035,0.00269,0.00113,0.60124,-0.00064,0.14063,0.00083,0.70702,-0.00010,0.70719,1,4,0,0
1765409429.225972,-0.04499,0.00863,0.10259,-0.00222,0.00062,0.00056,0.60144,-0.00064,0.14063,0.00083,0.70703,-0.00010,0.70719,1,4,0,0
1765409429.227974,-0.01634,0.03086,0.03358,-0.00130,-0.00012,0.00047,0.60144,-0.00064,0.14063,0.00083,0.70703,-0.00010,0.70719,1,4,0,0
1765409429.229964,0.01523,0.02939,0.01073,0.00000,0.00104,0.00122,0.60144,-0.00064,0.14063,0.00083,0.70703,-0.00010,0.70719,1,4,0,0
1765409429.231987,0.03226,0.02024,0.01843,0.00055,-0.00006,0.00068,0.60144,-0.00064,0.14063,0.00083,0.70703,-0.00010,0.70719,1,4,0,0
1765409429.233997,0.01142,0.02155,-0.00448,-0.00031,0.00172,0.00081,0.60144,-0.00064,0.14063,0.00083,0.70703,-0.00010,0.70719,1,4,0,0
1765409429.236001,-0.03086,0.02299,0.01838,0.00014,0.00146,0.00047,0.60144,-0.00064,0.14063,0.00083,0.70703,-0.00010,0.70719,1,4,0,0
1765409429.238164,-0.05000,0.04680,-0.01231,-0.00111,-0.00049,0.00006,0.60144,-0.00064,0.14063,0.00083,0.70703,-0.00010,0.70719,1,4,0,0
1765409429.239979,-0.01269,0.07181,0.02467,-0.00124,0.00107,0.00031,0.60144,-0.00064,0.14063,0.00083,0.70703,-0.00010,0.70719,1,4,0,0
1765409429.241970,0.00713,0.04904,0.00260,-0.00042,0.00125,0.00109,0.60144,-0.00064,0.14063,0.00083,0.70703,-0.00010,0.70719,1,4,0,0
1765409429.243968,0.00300,-0.00224,0.04920,0.00027,0.00132,0.00033,0.60144,-0.00064,0.14063,0.00083,0.70703,-0.00010,0.70719,1,4,0,0
1765409429.245986,0.01948,0.00254,0.03394,0.00055,0.00100,0.00057,0.60144,-0.00064,0.14063,0.00083,0.70703,-0.00010,0.70719,1,4,0,0
1765409429.247978,0.01328,0.02243,0.02653,-0.00205,-0.00032,0.00165,0.60148,-0.00064,0.14063,0.00083,0.70703,-0.00010,0.70719,1,4,0,0
1765409429.249985,-0.01308,0.07626,0.02474,-0.00140,0.00146,0.00098,0.60148,-0.00064,0.14063,0.00083,0.70703,-0.00010,0.70719,1,4,0,0
1765409429.252014,-0.02577,0.02960,-0.04244,-0.00110,0.00166,0.00082,0.60152,-0.00064,0.14063,0.00083,0.70702,-0.00010,0.70719,1,4,0,0
1765409429.253977,-0.02154,0.02309,0.01864,-0.00074,0.00059,0.00087,0.60152,-0.00064,0.14063,0.00083,0.70702,-0.00010,0.70719,1,4,0,0
1765409429.255996,-0.02605,0.01039,0.01876,-0.00045,0.00141,0.00060,0.60156,-0.00064,0.14063,0.00083,0.70702,-0.00010,0.70719,1,4,0,0
1765409429.257990,-0.00248,0.01596,-0.00409,0.00136,0.00037,0.00083,0.60156,-0.00064,0.14063,0.00083,0.70702,-0.00010,0.70719,1,4,0,0
1765409429.260002,0.02180,0.04014,0.00257,0.00232,0.00069,0.00053,0.60160,-0.00064,0.14063,0.00083,0.70702,-0.00010,0.70719,1,4,0,0
1765409429.262017,0.02415,0.02427,0.04870,-0.00028,0.00105,0.00098,0.60160,-0.00064,0.14063,0.00083,0.70702,-0.00010,0.70719,1,4,0,0
1765409429.264011,-0.01061,0.02002,-0.00438,0.00076,0.00160,0.00070,0.60164,-0.00064,0.14064,0.00083,0.70702,-0.00010,0.70719,1,4,0,0
1765409429.266007,-0.03478,0.03524,0.00302,-0.00037,0.00137,0.00073,0.60164,-0.00064,0.14064,0.00083,0.70702,-0.00010,0.70719,1,4,0,0
1765409429.268018,-0.01370,0.03808,0.01842,-0.00033,0.00011,0.00126,0.60184,-0.00064,0.14063,0.00083,0.70703,-0.00010,0.70718,1,4,0,0
1765409429.270003,-0.01874,0.01281,0.01897,-0.00326,0.00018,0.00074,0.60184,-0.00064,0.14063,0.00083,0.70703,-0.00010,0.70718,1,4,0,0
1765409429.271999,0.03729,0.04542,0.03263,-0.00090,0.00189,0.00054,0.60184,-0.00064,0.14063,0.00083,0.70703,-0.00010,0.70718,1,4,0,0
1765409429.274068,0.02427,0.01477,0.01840,0.00004,0.00080,0.00042,0.60184,-0.00064,0.14063,0.00083,0.70703,-0.00010,0.70718,1,4,0,0
1765409429.276472,-0.00634,0.03028,0.09435,-0.00283,-0.00012,0.00051,0.60184,-0.00064,0.14063,0.00083,0.70703,-0.00010,0.70718,1,4,0,0
1765409429.277989,-0.03777,0.01334,0.01891,-0.00129,0.00079,0.00075,0.60184,-0.00064,0.14063,0.00083,0.70703,-0.00010,0.70718,1,4,0,0
1765409429.280016,-0.01675,0.03030,-0.01951,-0.00130,0.00040,0.00083,0.60184,-0.00064,0.14063,0.00083,0.70703,-0.00010,0.70718,1,4,0,0
1765409429.282025,-0.05127,0.01191,0.00366,-0.00000,0.00044,0.00022,0.60184,-0.00064,0.14063,0.00083,0.70703,-0.00010,0.70718,1,4,0,0
1765409429.284010,0.03172,0.02673,0.05654,-0.00331,-0.00031,0.00112,0.60184,-0.00064,0.14063,0.00083,0.70703,-0.00010,0.70718,1,4,0,0
1765409429.286024,0.02843,0.02645,0.01828,-0.00047,0.00113,0.00108,0.60184,-0.00064,0.14063,0.00083,0.70703,-0.00010,0.70718,1,4,0,0
1765409429.288040,0.02386,0.03421,0.01017,0.00028,0.00130,0.00027,0.60184,-0.00064,0.14063,0.00083,0.70703,-0.00010,0.70718,1,4,0,0
1765409429.290033,-0.03438,0.02206,0.01127,-0.00009,-0.00065,0.00074,0.60188,-0.00064,0.14062,0.00083,0.70703,-0.00010,0.70718,1,4,0,0
1765409429.292015,-0.05135,-0.00320,-0.01880,0.00003,0.00084,0.00020,0.60192,-0.00064,0.14062,0.00083,0.70704,-0.00010,0.70718,1,4,0,0
1765409429.294035,-0.03768,0.01856,0.05675,-0.00123,0.00053,0.00065,0.60192,-0.00064,0.14062,0.00083,0.70704,-0.00010,0.70718,1,4,0,0
1765409429.296042,-0.01914,0.01742,0.04908,-0.00299,0.00082,0.00063,0.60196,-0.00064,0.14062,0.00083,0.70704,-0.00010,0.70718,1,4,0,0
1765409429.298126,0.00321,0.05657,0.03247,-0.00033,0.00152,0.00030,0.60196,-0.00064,0.14062,0.00083,0.70704,-0.00010,0.70718,1,4,0,0
1765409429.300068,0.03623,0.04156,-0.02803,0.00058,0.00102,0.00023,0.60200,-0.00064,0.14062,0.00083,0.70704,-0.00010,0.70718,1,4,0,0
1765409429.302031,0.00292,0.03223,0.03325,0.00003,0.00117,0.00058,0.60200,-0.00064,0.14062,0.00083,0.70704,-0.00010,0.70718,1,4,0,0
1765409429.304032,-0.01043,0.02605,-0.00420,0.00083,0.00008,0.00097,0.60200,-0.00064,0.14062,0.00083,0.70704,-0.00010,0.70718,1,4,0,0
1765409429.306045,-0.03729,0.02322,0.09470,-0.00183,0.00065,0.00095,0.60204,-0.00064,0.14062,0.00083,0.70704,-0.00010,0.70718,1,4,0,0
1765409429.308040,-0.03030,0.02741,0.00315,-0.00068,0.00171,0.00073,0.60208,-0.00064,0.14062,0.00083,0.70704,-0.00010,0.70717,1,4,0,0
1765409429.310041,-0.00950,0.01270,0.00400,-0.00414,-0.00043,0.00113,0.60208,-0.00064,0.14062,0.00083,0.70704,-0.00010,0.70717,1,4,0,0
1765409429.312068,-0.00502,0.01754,0.04128,-0.00036,0.00115,0.00060,0.60216,-0.00064,0.14062,0.00083,0.70704,-0.00010,0.70717,1,4,0,0
1765409429.314042,0.02435,0.04828,-0.00511,-0.00086,0.00155,0.00106,0.60228,-0.00064,0.14062,0.00083,0.70704,-0.00010,0.70717,1,4,0,0
1765409429.316034,0.01504,0.02471,0.02577,0.00060,0.00116,0.00056,0.60228,-0.00064,0.14062,0.00083,0.70704,-0.00010,0.70717,1,4,0,0
1765409429.318034,0.00348,0.05644,0.01005,-0.00098,0.00116,0.00109,0.60228,-0.00064,0.14062,0.00083,0.70704,-0.00010,0.70717,1,4,0,0
1765409429.320074,-0.05227,-0.00002,0.02713,-0.00277,-0.00106,0.00038,0.60228,-0.00064,0.14062,0.00083,0.70704,-0.00010,0.70717,1,4,0,0
1765409429.322036,-0.02469,0.02320,-0.01196,0.00211,0.00152,0.00084,0.60228,-0.00064,0.14062,0.00083,0.70704,-0.00010,0.70717,1,4,0,0
1765409429.324037,-0.02489,-0.00334,0.08773,-0.00106,-0.00012,0.00067,0.60228,-0.00064,0.14062,0.00083,0.70704,-0.00010,0.70717,1,4,0,0
1765409429.326067,-0.00533,0.03289,0.01059,0.00004,0.00051,0.00057,0.60228,-0.00064,0.14062,0.00083,0.70704,-0.00010,0.70717,1,4,0,0
1765409429.328055,-0.00469,0.07604,0.04729,-0.00118,0.00173,0.00059,0.60228,-0.00064,0.14062,0.00083,0.70704,-0.00010,0.70717,1,4,0,0
1765409429.330056,0.00206,0.02128,0.05617,0.00034,0.00272,0.00087,0.60228,-0.00064,0.14062,0.00083,0.70704,-0.00010,0.70717,1,4,0,0
1765409429.332065,-0.01000,0.02525,0.03368,0.00017,0.00096,0.00100,0.60232,-0.00064,0.14061,0.00083,0.70704,-0.00010,0.70717,1,4,0,0
1765409429.334073,-0.00974,0.01039,0.03406,-0.00001,0.00097,0.00100,0.60232,-0.00064,0.14061,0.00083,0.70704,-0.00010,0.70717,1,4,0,0
1765409429.336095,-0.03312,0.02019,-0.00411,-0.00186,0.00111,0.00073,0.60232,-0.00064,0.14061,0.00083,0.70704,-0.00010,0.70717,1,4,0,0
1765409429.338071,-0.01818,0.04967,0.01014,-0.00019,0.00142,0.00071,0.60236,-0.00064,0.14062,0.00083,0.70704,-0.00010,0.70717,1,4,0,0
1765409429.340055,-0.04095,0.05739,0.00231,0.00121,0.00219,0.00072,0.60236,-0.00064,0.14062,0.00083,0.70704,-0.00010,0.70717,1,4,0,0
1765409429.342057,0.00198,0.03971,0.11686,-0.00293,0.00016,0.00065,0.60239,-0.00064,0.14061,0.00083,0.70704,-0.00010,0.70717,1,4,0,0
1765409429.344065,0.01124,0.02539,0.05679,-0.00354,-0.00120,0.00101,0.60239,-0.00064,0.14061,0.00083,0.70704,-0.00010,0.70717,1,4,0,0
1765409429.346071,0.00178,0.01248,0.00352,0.00089,0.00134,0.00110,0.60243,-0.00064,0.14061,0.00083,0.70705,-0.00010,0.70717,1,4,0,0
1765409429.348058,-0.00015,0.01999,0.01854,-0.00099,0.00071,0.00071,0.60247,-0.00064,0.14061,0.00083,0.70705,-0.00010,0.70717,1,4,0,0
1765409429.350088,-0.03983,0.04276,0.00298,0.00016,0.00144,0.00113,0.60251,-0.00064,0.14061,0.00083,0.70705,-0.00010,0.70716,1,4,0,0
1765409429.352087,-0.02972,0.04755,0.01789,-0.00110,0.00105,0.00060,0.60251,-0.00064,0.14061,0.00083,0.70705,-0.00010,0.70716,1,4,0,0
1765409429.354085,0.00237,0.02765,0.01844,0.00042,0.00068,0.00111,0.60251,-0.00064,0.14061,0.00083,0.70705,-0.00010,0.70716,1,4,0,0
1765409429.356107,0.00739,-0.05872,-0.01000,0.00046,0.00081,0.00043,0.60267,-0.00064,0.14061,0.00083,0.70705,-0.00010,0.70716,1,4,0,0
1765409429.358103,0.03204,0.01966,0.01833,0.00054,0.00071,0.00068,0.60267,-0.00064,0.14061,0.00083,0.70705,-0.00010,0.70716,1,4,0,0
1765409429.360109,0.02471,0.05423,0.00249,-0.00079,0.00027,0.00094,0.60267,-0.00064,0.14061,0.00083,0.70705,-0.00010,0.70716,1,4,0,0
1765409429.362084,-0.01334,0.05630,-0.01273,-0.00121,0.00174,0.00109,0.60267,-0.00064,0.14061,0.00083,0.70705,-0.00010,0.70716,1,4,0,0
1765409429.364102,-0.06288,0.01949,0.00360,-0.00100,0.00020,0.00023,0.60267,-0.00064,0.14061,0.00083,0.70705,-0.00010,0.70716,1,4,0,0
1765409429.366089,-0.00873,-0.00936,-0.01864,-0.00069,0.00072,0.00070,0.60267,-0.00064,0.14061,0.00083,0.70705,-0.00010,0.70716,1,4,0,0
1765409429.368090,-0.02150,0.01897,0.06434,-0.00035,-0.00017,0.00064,0.60267,-0.00064,0.14061,0.00083,0.70705,-0.00010,0.70716,1,4,0,0
1765409429.370093,0.01902,0.02749,0.01801,0.00107,0.00085,0.00028,0.60267,-0.00064,0.14061,0.00083,0.70705,-0.00010,0.70716,1,4,0,0
1765409429.372074,0.02018,0.04082,0.01768,-0.00074,0.00197,0.00068,0.60267,-0.00064,0.14061,0.00083,0.70705,-0.00010,0.70716,1,4,0,0
1765409429.374104,-0.01680,0.04014,0.06382,-0.00140,0.00052,0.00103,0.60271,-0.00064,0.14061,0.00083,0.70705,-0.00010,0.70716,1,4,0,0
1765409429.376078,-0.01781,0.03558,-0.01936,-0.00058,0.00004,0.00151,0.60271,-0.00064,0.14061,0.00083,0.70705,-0.00010,0.70716,1,4,0,0
1765409429.378098,-0.05057,0.03162,0.00333,-0.00085,0.00004,0.00048,0.60275,-0.00064,0.14061,0.00083,0.70705,-0.00009,0.70716,1,4,0,0
1765409429.380095,-0.02643,0.01078,0.02620,0.00021,0.00128,0.00021,0.60275,-0.00064,0.14061,0.00083,0.70705,-0.00009,0.70716,1,4,0,0
1765409429.382124,0.01072,0.04652,0.01755,0.00043,0.00170,0.00055,0.60279,-0.00064,0.14061,0.00083,0.70705,-0.00010,0.70716,1,4,0,0
1765409429.384104,0.01698,0.04306,0.03309,-0.00202,0.00177,0.00124,0.60279,-0.00064,0.14061,0.00083,0.70705,-0.00010,0.70716,1,4,0,0
1765409429.386131,0.03236,0.05254,0.04030,-0.00081,0.00221,0.00135,0.60283,-0.00064,0.14061,0.00083,0.70705,-0.00010,0.70716,1,4,0,0
1765409429.388314,0.00775,0.03521,0.00299,-0.00037,0.00010,0.00069,0.60283,-0.00064,0.14061,0.00083,0.70705,-0.00010,0.70716,1,4,0,0
1765409429.390129,-0.02593,0.02068,-0.01951,-0.00033,0.00089,0.00030,0.60283,-0.00064,0.14061,0.00083,0.70705,-0.00010,0.70716,1,4,0,0
1765409429.392110,-0.01765,0.03963,-0.00430,-0.00119,0.00093,0.00178,0.60308,-0.00064,0.14062,0.00083,0.70705,-0.00010,0.70717,1,4,0,0
1765409429.394134,-0.05659,0.01939,-0.00400,0.00075,0.00063,0.00061,0.60308,-0.00064,0.14062,0.00083,0.70705,-0.00010,0.70717,1,4,0,0
1765409429.396125,0.01193,0.03168,0.02542,-0.00041,0.00157,0.00016,0.60308,-0.00064,0.14062,0.00083,0.70705,-0.00010,0.70717,1,4,0,0
1765409429.398106,0.01976,0.02194,0.02557,0.00035,0.00148,0.00002,0.60308,-0.00064,0.14062,0.00083,0.70705,-0.00010,0.70717,1,4,0,0
1765409429.400191,0.00789,0.03936,0.00251,-0.00054,0.00123,0.00015,0.60308,-0.00064,0.14062,0.00083,0.70705,-0.00010,0.70717,1,4,0,0
1765409429.402145,0.00238,0.02637,0.01824,-0.00004,0.00221,0.00111,0.60308,-0.00064,0.14062,0.00083,0.70705,-0.00010,0.70717,1,4,0,0
1765409429.404130,-0.01812,0.00390,0.02695,-0.00337,-0.00109,0.00062,0.60308,-0.00064,0.14062,0.00083,0.70705,-0.00010,0.70717,1,4,0,0
1765409429.406131,-0.01292,0.02282,-0.01955,-0.00074,0.00074,0.00043,0.60308,-0.00064,0.14062,0.00083,0.70705,-0.00010,0.70717,1,4,0,0
1765409429.408122,-0.04443,0.01632,-0.00415,0.00115,0.00125,0.00047,0.60308,-0.00064,0.14062,0.00083,0.70705,-0.00010,0.70717,1,4,0,0
1765409429.410136,-0.02084,0.01321,0.05667,-0.00107,0.00071,0.00036,0.60308,-0.00064,0.14062,0.00083,0.70705,-0.00010,0.70717,1,4,0,0
1765409429.412140,-0.00491,0.02679,-0.04199,-0.00134,0.00104,0.00188,0.60308,-0.00064,0.14062,0.00083,0.70705,-0.00010,0.70717,1,4,0,0
1765409429.414148,0.03707,0.03615,0.03307,-0.00057,0.00114,0.00081,0.60312,-0.00064,0.14062,0.00083,0.70705,-0.00010,0.70717,1,4,0,0
1765409429.416123,0.00236,0.02778,0.02569,0.00085,0.00092,0.00031,0.60312,-0.00064,0.14062,0.00083,0.70705,-0.00010,0.70717,1,4,0,0
1765409429.418127,-0.03076,0.01416,0.04116,0.00090,0.00069,-0.00045,0.60316,-0.00064,0.14062,0.00083,0.70705,-0.00009,0.70717,1,4,0,0
1765409429.420139,-0.01371,0.06171,0.01733,-0.00049,0.00160,0.00057,0.60316,-0.00064,0.14062,0.00083,0.70705,-0.00009,0.70717,1,4,0,0
1765409429.422146,-0.00140,0.07869,0.00963,-0.00071,0.00120,0.00149,0.60320,-0.00064,0.14062,0.00083,0.70704,-0.00010,0.70717,1,4,0,0
1765409429.424140,-0.00798,0.03952,-0.01201,-0.00206,0.00055,0.00137,0.60320,-0.00064,0.14062,0.00083,0.70704,-0.00010,0.70717,1,4,0,0
1765409429.426169,-0.00107,-0.00400,0.01914,0.00025,0.00036,0.00059,0.60324,-0.00064,0.14061,0.00084,0.70705,-0.00009,0.70716,1,4,0,0
1765409429.428163,-0.00942,-0.00431,0.00410,-0.00019,0.00072,0.00099,0.60324,-0.00064,0.14061,0.00084,0.70705,-0.00009,0.70716,1,4,0,0
1765409429.430159,-0.00146,0.02893,0.01069,-0.00044,0.00200,0.00124,0.60336,-0.00064,0.14061,0.00083,0.70705,-0.00010,0.70716,1,4,0,0
1765409429.432168,0.00794,0.00887,-0.03448,-0.00112,0.00190,0.00093,0.60336,-0.00064,0.14061,0.00083,0.70705,-0.00010,0.70716,1,4,0,0
1765409429.434200,0.00812,0.03000,0.02576,-0.00065,0.00048,0.00044,0.60348,-0.00064,0.14062,0.00083,0.70705,-0.00010,0.70716,1,4,0,0
1765409429.436144,-0.02508,0.01108,-0.01162,-0.00088,0.00038,0.00018,0.60348,-0.00064,0.14062,0.00083,0.70705,-0.00010,0.70716,1,4,0,0
1765409429.438149,-0.02902,0.02747,-0.01934,-0.00199,0.00094,0.00111,0.60348,-0.00064,0.14062,0.00083,0.70705,-0.00010,0.70716,1,4,0,0
1765409429.440258,-0.00150,0.06418,0.02523,-0.00045,0.00096,0.00151,0.60348,-0.00064,0.14062,0.00083,0.70705,-0.00010,0.70716,1,4,0,0
1765409429.442154,0.00684,0.01006,0.04120,0.00064,0.00139,0.00018,0.60348,-0.00064,0.14062,0.00083,0.70705,-0.00010,0.70716,1,4,0,0
1765409429.444157,-0.01047,0.02547,0.01813,0.00104,0.00121,0.00018,0.60348,-0.00064,0.14062,0.00083,0.70705,-0.00010,0.70716,1,4,0,0
1765409429.446145,-0.00220,0.01546,-0.04230,0.00114,0.00100,0.00039,0.60348,-0.00064,0.14062,0.00083,0.70705,-0.00010,0.70716,1,4,0,0
1765409429.448158,-0.00970,0.05443,0.02547,-0.00057,0.00107,0.00139,0.60348,-0.00064,0.14062,0.00083,0.70705,-0.00010,0.70716,1,4,0,0
1765409429.450142,0.01620,0.02934,0.02598,-0.00087,0.00077,0.00124,0.60348,-0.00064,0.14062,0.00083,0.70705,-0.00010,0.70716,1,4,0,0
1765409429.452162,-0.02778,-0.01444,0.01157,0.00121,0.00234,0.00047,0.60348,-0.00064,0.14062,0.00083,0.70705,-0.00010,0.70716,1,4,0,0
1765409429.454163,-0.01372,0.00341,-0.01141,0.00012,0.00064,0.00057,0.60352,-0.00064,0.14062,0.00084,0.70705,-0.00009,0.70716,1,4,0,0
1765409429.456156,-0.00748,0.05522,0.08633,-0.00209,-0.00037,0.00104,0.60352,-0.00064,0.14062,0.00084,0.70705,-0.00009,0.70716,1,4,0,0
1765409429.458178,-0.01065,0.07314,0.06265,-0.00013,0.00271,0.00127,0.60357,-0.00064,0.14062,0.00083,0.70705,-0.00010,0.70717,1,4,0,0
1765409429.460155,0.02432,0.05386,0.03277,-0.00058,0.00090,0.00096,0.60357,-0.00064,0.14062,0.00083,0.70705,-0.00010,0.70717,1,4,0,0
1765409429.462153,0.00643,0.00346,0.08719,-0.00228,-0.00051,-0.00017,0.60361,-0.00064,0.14062,0.00083,0.70705,-0.00010,0.70717,1,4,0,0
1765409429.464236,0.01938,0.00655,0.04138,0.00016,0.00201,0.00084,0.60361,-0.00064,0.14062,0.00083,0.70705,-0.00010,0.70717,1,4,0,0
1765409429.466169,-0.01752,0.03526,0.02581,-0.00059,0.00078,0.00073,0.60365,-0.00064,0.14062,0.00083,0.70704,-0.00010,0.70717,1,4,0,0
1765409429.468168,-0.02629,0.06933,0.00201,-0.00061,0.00162,0.00057,0.60365,-0.00064,0.14062,0.00083,0.70704,-0.00010,0.70717,1,4,0,0
1765409429.470172,-0.00031,0.05425,-0.01265,-0.00123,0.00082,0.00095,0.60369,-0.00064,0.14062,0.00083,0.70704,-0.00010,0.70717,1,4,0,0
1765409429.472188,0.02138,0.02713,-0.01206,-0.00134,0.00020,0.00067,0.60373,-0.00064,0.14062,0.00083,0.70704,-0.00010,0.70717,1,4,0,0
1765409429.474180,0.00779,-0.00511,-0.02639,-0.00064,0.00103,0.00094,0.60373,-0.00064,0.14062,0.00083,0.70704,-0.00010,0.70717,1,4,0,0
1765409429.476220,0.00299,0.01752,0.01845,0.00007,0.00106,0.00057,0.60373,-0.00064,0.14062,0.00083,0.70704,-0.00010,0.70717,1,4,0,0
1765409429.478205,-0.04087,0.02280,-0.01954,0.00123,0.00222,0.00085,0.60377,-0.00064,0.14062,0.00083,0.70704,-0.00010,0.70717,1,4,0,0
1765409429.480327,-0.04242,0.02575,-0.04241,-0.00071,0.00109,0.00017,0.60389,-0.00064,0.14062,0.00083,0.70704,-0.00010,0.70717,1,4,0,0
1765409429.482181,0.00788,0.02493,0.02609,-0.00071,0.00049,0.00098,0.60389,-0.00064,0.14062,0.00083,0.70704,-0.00010,0.70717,1,4,0,0
1765409429.484183,0.01105,-0.00925,0.02732,-0.00331,-0.00104,0.00113,0.60389,-0.00064,0.14062,0.00083,0.70704,-0.00010,0.70717,1,4,0,0
1765409429.486203,0.02831,0.01191,0.01109,-0.00021,0.00089,0.00108,0.60389,-0.00064,0.14062,0.00083,0.70704,-0.00010,0.70717,1,4,0,0
1765409429.488191,0.00786,0.04967,-0.00484,-0.00085,0.00022,0.00108,0.60389,-0.00064,0.14062,0.00083,0.70704,-0.00010,0.70717,1,4,0,0
1765409429.490191,-0.03858,0.05726,0.04785,-0.00076,0.00177,0.00036,0.60389,-0.00064,0.14062,0.00083,0.70704,-0.00010,0.70717,1,4,0,0
1765409429.492189,-0.01485,0.04925,0.02588,-0.00369,0.00037,0.00154,0.60389,-0.00064,0.14062,0.00083,0.70704,-0.00010,0.70717,1,4,0,0
1765409429.494188,-0.00060,0.03136,0.01837,0.00002,-0.00082,0.00044,0.60393,-0.00064,0.14062,0.00083,0.70704,-0.00010,0.70717,1,4,0,0
1765409429.496181,0.00014,0.00964,0.01849,-0.00112,0.00147,0.00017,0.60393,-0.00064,0.14062,0.00083,0.70704,-0.00010,0.70717,1,4,0,0
1765409429.498191,-0.00294,0.01410,0.01077,0.00112,0.00279,0.00084,0.60397,-0.00064,0.14062,0.00083,0.70704,-0.00010,0.70717,1,4,0,0
1765409429.500216,-0.01345,0.01710,0.02604,-0.00059,0.00189,0.00059,0.60397,-0.00064,0.14062,0.00083,0.70704,-0.00010,0.70717,1,4,0,0
1765409429.502202,-0.03299,0.04468,0.03327,-0.00222,0.00122,0.00089,0.60401,-0.00064,0.14063,0.00083,0.70704,-0.00010,0.70717,1,4,0,0
1765409429.504206,-0.01727,0.01054,0.01102,-0.00045,0.00105,0.00019,0.60401,-0.00064,0.14063,0.00083,0.70704,-0.00010,0.70717,1,4,0,0
1765409429.506207,-0.03685,0.02012,0.04946,-0.00143,-0.00164,0.00065,0.60406,-0.00064,0.14062,0.00083,0.70704,-0.00010,0.70717,1,4,0,0
1765409429.508223,-0.00700,0.01323,-0.00433,0.00177,0.00118,0.00029,0.60406,-0.00064,0.14062,0.00083,0.70704,-0.00010,0.70717,1,4,0,0
1765409429.510251,-0.01837,0.03005,0.02571,0.00022,0.00156,0.00046,0.60406,-0.00064,0.14062,0.00083,0.70704,-0.00010,0.70717,1,4,0,0
1765409429.512222,0.00321,0.03789,0.01059,-0.00012,0.00003,0.00083,0.60410,-0.00064,0.14063,0.00083,0.70703,-0.00010,0.70718,1,4,0,0
1765409429.514214,0.02475,0.02889,-0.00465,-0.00088,0.00117,0.00080,0.60414,-0.00064,0.14062,0.00083,0.70704,-0.00010,0.70717,1,4,0,0
1765409429.516214,-0.04976,0.00206,0.08009,-0.00143,-0.00008,0.00055,0.60426,-0.00064,0.14062,0.00083,0.70705,-0.00010,0.70717,1,4,0,0
1765409429.518293,-0.03634,0.01149,-0.03436,0.00152,0.00091,0.00057,0.60426,-0.00064,0.14062,0.00083,0.70705,-0.00010,0.70717,1,4,0,0
1765409429.520204,-0.05718,0.01909,-0.03447,0.00118,0.00115,0.00059,0.60426,-0.00064,0.14062,0.00083,0.70705,-0.00010,0.70717,1,4,0,0
1765409429.522212,-0.00093,0.04475,0.02534,-0.00025,0.00095,0.00044,0.60426,-0.00064,0.14062,0.00083,0.70705,-0.00010,0.70717,1,4,0,0
1765409429.524201,0.00292,0.03223,0.03325,0.00003,0.00117,0.00058,0.60426,-0.00064,0.14062,0.00083,0.70705,-0.00010,0.70717,1,4,0,0
1765409429.526208,0.02469,0.04862,0.03276,-0.00086,0.00128,0.00069,0.60426,-0.00064,0.14062,0.00083,0.70705,-0.00010,0.70717,1,4,0,0
1765409429.528237,0.01933,0.03193,0.04074,0.00047,0.00123,0.00057,0.60426,-0.00064,0.14062,0.00083,0.70705,-0.00010,0.70717,1,4,0,0
1765409429.530344,-0.02320,0.02823,0.01836,0.00086,0.00099,0.00073,0.60430,-0.00064,0.14062,0.00083,0.70705,-0.00010,0.70717,1,4,0,0
1765409429.532256,-0.04621,-0.00068,-0.01113,-0.00081,0.00027,0.00034,0.60430,-0.00064,0.14062,0.00083,0.70705,-0.00010,0.70717,1,4,0,0
1765409429.534231,-0.05588,0.01441,0.01883,0.00025,0.00062,0.00037,0.60434,-0.00064,0.14062,0.00083,0.70705,-0.00009,0.70717,1,4,0,0
1765409429.536242,-0.00504,0.03246,0.01796,-0.00018,0.00114,0.00017,0.60434,-0.00064,0.14062,0.00083,0.70705,-0.00009,0.70717,1,4,0,0
1765409429.538225,0.03247,0.03930,-0.01241,-0.00010,0.00044,0.00092,0.60437,-0.00064,0.14062,0.00083,0.70705,-0.00009,0.70717,1,4,0,0
1765409429.540298,-0.00156,0.04995,0.01774,0.00025,0.00071,0.00070,0.60437,-0.00064,0.14062,0.00083,0.70705,-0.00009,0.70717,1,4,0,0
1765409429.542224,-0.00523,0.03738,-0.05023,-0.00034,0.00077,0.00079,0.60441,-0.00064,0.14061,0.00083,0.70705,-0.00009,0.70716,1,4,0,0
1765409429.544276,-0.00998,-0.00885,-0.01848,0.00041,0.00036,0.00110,0.60441,-0.00064,0.14061,0.00083,0.70705,-0.00009,0.70716,1,4,0,0
1765409429.546252,-0.04938,0.00363,-0.04185,0.00165,0.00196,0.00058,0.60441,-0.00064,0.14061,0.00083,0.70705,-0.00009,0.70716,1,4,0,0
1765409429.548243,-0.01544,0.01936,0.03377,-0.00275,0.00141,0.00074,0.60446,-0.00064,0.14062,0.00083,0.70705,-0.00009,0.70717,1,4,0,0
1765409429.550246,-0.03332,0.05507,-0.02779,-0.00166,0.00071,0.00057,0.60449,-0.00064,0.14062,0.00083,0.70705,-0.00009,0.70717,1,4,0,0
1765409429.552248,0.00876,0.01484,0.03372,-0.00127,0.00073,0.00045,0.60462,-0.00064,0.14062,0.00083,0.70705,-0.00009,0.70717,1,4,0,0
1765409429.554271,0.01016,-0.00404,0.00433,-0.00237,-0.00103,0.00098,0.60462,-0.00064,0.14062,0.00083,0.70705,-0.00009,0.70717,1,4,0,0
1765409429.556317,-0.00960,0.00455,0.01115,-0.00030,0.00211,0.00072,0.60462,-0.00064,0.14062,0.00083,0.70705,-0.00009,0.70717,1,4,0,0
1765409429.558248,-0.02343,0.05985,0.05563,-0.00291,0.00032,0.00049,0.60462,-0.00064,0.14062,0.00083,0.70705,-0.00009,0.70717,1,4,0,0
1765409429.560253,-0.03456,0.04570,-0.01225,-0.00046,0.00048,0.00085,0.60462,-0.00064,0.14062,0.00083,0.70705,-0.00009,0.70717,1,4,0,0
1765409429.562281,-0.02089,0.01861,0.01117,-0.00101,-0.00005,0.00060,0.60462,-0.00064,0.14062,0.00083,0.70705,-0.00009,0.70717,1,4,0,0
1765409429.564249,0.02062,0.03200,0.01825,-0.00084,0.00046,0.00096,0.60462,-0.00064,0.14062,0.00083,0.70705,-0.00009,0.70717,1,4,0,0
1765409429.566249,0.01924,0.03597,0.07096,0.00008,0.00224,0.00086,0.60462,-0.00064,0.14062,0.00083,0.70705,-0.00009,0.70717,1,4,0,0
1765409429.568255,0.03310,0.08249,0.01652,-0.00110,0.00178,0.00052,0.60466,-0.00064,0.14062,0.00083,0.70705,-0.00009,0.70716,1,4,0,0
1765409429.570244,-0.02450,0.03303,0.00287,0.00201,0.00163,0.00058,0.60470,-0.00064,0.14062,0.00083,0.70705,-0.00009,0.70717,1,4,0,0
1765409429.572245,-0.05192,0.03692,-0.04246,0.00052,0.00005,0.00031,0.60470,-0.00064,0.14062,0.00083,0.70705,-0.00009,0.70717,1,4,0,0
1765409429.574252,-0.05266,0.02194,0.00357,0.00100,0.00046,0.00075,0.60474,-0.00064,0.14062,0.00083,0.70705,-0.00009,0.70717,1,4,0,0
1765409429.576252,-0.00046,0.04403,-0.01270,-0.00092,0.00158,0.00041,0.60474,-0.00064,0.14062,0.00083,0.70705,-0.00009,0.70717,1,4,0,0
1765409429.578253,0.00984,0.02065,0.01044,0.00077,0.00339,0.00082,0.60478,-0.00064,0.14062,0.00083,0.70705,-0.00009,0.70717,1,4,0,0
1765409429.580243,-0.00091,0.03972,0.03329,-0.00053,0.00084,0.00099,0.60478,-0.00064,0.14062,0.00083,0.70705,-0.00009,0.70717,1,4,0,0
1765409429.582301,0.00340,0.02795,0.05617,-0.00002,0.00040,0.00033,0.60482,-0.00064,0.14062,0.00083,0.70705,-0.00009,0.70716,1,4,0,0
1765409429.584270,-0.00066,0.00516,0.05666,-0.00030,0.00123,0.00034,0.60482,-0.00064,0.14062,0.00083,0.70705,-0.00009,0.70716,1,4,0,0
1765409429.586276,0.03260,0.04901,0.05555,-0.00020,0.00080,0.00070,0.60486,-0.00064,0.14061,0.00083,0.70705,-0.00009,0.70716,1,4,0,0
1765409429.588307,0.01110,0.01646,0.03344,0.00006,0.00223,0.00057,0.60506,-0.00064,0.14061,0.00083,0.70706,-0.00009,0.70716,1,4,0,0
1765409429.590272,-0.01236,0.06204,0.00229,-0.00157,0.00070,0.00057,0.60506,-0.00064,0.14061,0.00083,0.70706,-0.00009,0.70716,1,4,0,0
1765409429.592283,-0.01848,0.02040,0.00333,0.00032,0.00119,0.00072,0.60510,-0.00064,0.14061,0.00083,0.70706,-0.00009,0.70716,1,4,0,0
1765409429.594278,0.01300,0.00759,-0.00386,-0.00136,0.00019,0.00082,0.60510,-0.00064,0.14061,0.00083,0.70706,-0.00009,0.70716,1,4,0,0
1765409429.596288,0.03206,-0.00154,0.01884,-0.00015,0.00226,0.00122,0.60510,-0.00064,0.14061,0.00083,0.70706,-0.00009,0.70716,1,4,0,0
1765409429.598279,-0.00001,0.02406,0.00304,-0.00138,0.00172,0.00056,0.60510,-0.00064,0.14061,0.00083,0.70706,-0.00009,0.70716,1,4,0,0
1765409429.600291,-0.00529,0.05216,0.01014,-0.00038,0.00088,0.00083,0.60510,-0.00064,0.14061,0.00083,0.70706,-0.00009,0.70716,1,4,0,0
1765409429.602303,-0.03094,0.02767,-0.01204,-0.00003,0.00159,0.00071,0.60510,-0.00064,0.14061,0.00083,0.70706,-0.00009,0.70716,1,4,0,0
1765409429.604328,-0.02340,0.01356,0.01096,0.00133,0.00112,0.00032,0.60510,-0.00064,0.14061,0.00083,0.70706,-0.00009,0.70716,1,4,0,0
1765409429.606291,-0.00129,0.03510,0.01812,0.00007,0.00072,0.00071,0.60510,-0.00064,0.14061,0.00083,0.70706,-0.00009,0.70716,1,4,0,0
1765409429.608307,0.00651,0.04436,0.01037,0.00018,0.00113,0.00123,0.60510,-0.00064,0.14061,0.00083,0.70706,-0.00009,0.70716,1,4,0,0
1765409429.610281,0.02004,0.05654,0.02521,-0.00054,0.00070,0.00109,0.60510,-0.00064,0.14061,0.00083,0.70706,-0.00009,0.70716,1,4,0,0
1765409429.612300,-0.01276,0.01826,0.01108,-0.00079,0.00023,0.00059,0.60510,-0.00064,0.14061,0.00083,0.70706,-0.00009,0.70716,1,4,0,0
1765409429.614284,-0.03149,0.02317,-0.01183,0.00058,0.00122,0.00085,0.60514,-0.00064,0.14062,0.00083,0.70705,-0.00009,0.70716,1,4,0,0
1765409429.616280,-0.01354,0.03673,-0.00492,-0.00057,0.00200,0.00043,0.60514,-0.00064,0.14062,0.00083,0.70705,-0.00009,0.70716,1,4,0,0
1765409429.618284,-0.00928,0.04452,0.02532,-0.00048,0.00143,0.00045,0.60518,-0.00064,0.14062,0.00083,0.70705,-0.00009,0.70716,1,4,0,0
1765409429.620316,-0.01071,0.03031,0.02586,0.00088,0.00109,0.00086,0.60518,-0.00064,0.14062,0.00083,0.70705,-0.00009,0.70716,1,4,0,0
1765409429.622283,-0.01437,0.00809,0.04889,0.00083,0.00152,0.00008,0.60518,-0.00064,0.14062,0.00083,0.70705,-0.00009,0.70716,1,4,0,0
1765409429.624295,-0.02572,0.00062,-0.00362,-0.00079,0.00104,0.00086,0.60522,-0.00064,0.14062,0.00083,0.70705,-0.00009,0.70716,1,4,0,0
1765409429.626302,-0.02426,0.02240,0.02592,0.00144,0.00240,0.00087,0.60522,-0.00064,0.14062,0.00083,0.70705,-0.00009,0.70716,1,4,0,0
1765409429.628337,0.00783,0.05394,0.01005,-0.00101,0.00110,0.00096,0.60530,-0.00064,0.14062,0.00083,0.70705,-0.00009,0.70717,1,4,0,0
1765409429.630318,-0.00078,0.04877,0.01761,-0.00086,0.00184,0.00070,0.60546,-0.00064,0.14062,0.00083,0.70705,-0.00009,0.70717,1,4,0,0
1765409429.632323,-0.00759,0.03928,0.04114,-0.00250,0.00080,0.00141,0.60546,-0.00064,0.14062,0.00083,0.70705,-0.00009,0.70717,1,4,0,0
1765409429.634336,-0.00907,0.01165,0.00357,0.00022,-0.00045,0.00018,0.60546,-0.00064,0.14062,0.00083,0.70705,-0.00009,0.70717,1,4,0,0
1765409429.636388,0.00001,0.02532,0.03379,-0.00114,0.00008,0.00099,0.60546,-0.00064,0.14062,0.00083,0.70705,-0.00009,0.70717,1,4,0,0
1765409429.638354,-0.00952,0.01097,0.03417,-0.00001,0.00020,0.00101,0.60546,-0.00064,0.14062,0.00083,0.70705,-0.00009,0.70717,1,4,0,0
1765409429.640363,-0.02670,0.04038,-0.02755,0.00013,0.00102,0.00056,0.60546,-0.00064,0.14062,0.00083,0.70705,-0.00009,0.70717,1,4,0,0
1765409429.642315,0.01662,0.05891,-0.02790,-0.00139,0.00049,0.00119,0.60546,-0.00064,0.14062,0.00083,0.70705,-0.00009,0.70717,1,4,0,0
1765409429.644330,0.00419,0.05721,0.00986,-0.00098,0.00037,0.00029,0.60546,-0.00064,0.14062,0.00083,0.70705,-0.00009,0.70717,1,4,0,0
1765409429.646327,0.00629,0.04016,0.02566,0.00079,0.00050,0.00097,0.60546,-0.00064,0.14062,0.00083,0.70705,-0.00009,0.70717,1,4,0,0
1765409429.648327,-0.03028,0.00829,-0.02674,-0.00026,0.00109,0.00044,0.60546,-0.00064,0.14062,0.00083,0.70705,-0.00009,0.70717,1,4,0,0
1765409429.650328,0.02469,0.02014,0.04128,-0.00033,0.00003,0.00071,0.60546,-0.00064,0.14062,0.00083,0.70705,-0.00009,0.70717,1,4,0,0
1765409429.652310,-0.00845,0.01494,-0.04221,-0.00105,0.00107,0.00040,0.60550,-0.00064,0.14062,0.00083,0.70704,-0.00009,0.70717,1,4,0,0
1765409429.654346,-0.00144,0.00985,0.00358,-0.00002,0.00138,0.00097,0.60550,-0.00064,0.14062,0.00083,0.70704,-0.00009,0.70717,1,4,0,0
1765409429.656327,-0.01429,0.02662,0.00313,-0.00025,0.00228,0.00111,0.60554,-0.00064,0.14062,0.00083,0.70704,-0.00009,0.70717,1,4,0,0
1765409429.658335,-0.00077,0.02901,0.04836,-0.00066,0.00210,0.00046,0.60554,-0.00064,0.14062,0.00083,0.70704,-0.00009,0.70717,1,4,0,0
1765409429.660330,-0.01342,0.03752,-0.01202,-0.00078,0.00062,0.00124,0.60558,-0.00064,0.14062,0.00083,0.70705,-0.00009,0.70717,1,4,0,0
1765409429.662362,-0.02706,0.02096,0.01842,0.00077,0.00103,0.00033,0.60558,-0.00064,0.14062,0.00083,0.70705,-0.00009,0.70717,1,4,0,0
1765409429.664338,-0.02095,0.01336,0.00389,-0.00129,0.00009,0.00113,0.60562,-0.00064,0.14062,0.00083,0.70705,-0.00009,0.70717,1,4,0,0
1765409429.666405,0.00289,0.03271,0.03350,0.00004,0.00042,0.00099,0.60562,-0.00064,0.14062,0.00083,0.70705,-0.00009,0.70717,1,4,0,0
1765409429.668442,0.02063,0.05052,0.01008,-0.00149,0.00172,0.00121,0.60566,-0.00064,0.14062,0.00083,0.70704,-0.00009,0.70717,1,4,0,0
1765409429.670486,-0.00913,0.02504,0.02593,-0.00049,0.00107,0.00059,0.60566,-0.00064,0.14062,0.00083,0.70704,-0.00009,0.70717,1,4,0,0
1765409429.672393,-0.01106,0.02019,-0.01216,0.00141,0.00173,0.00029,0.60566,-0.00064,0.14062,0.00083,0.70704,-0.00009,0.70717,1,4,0,0
1765409429.674359,-0.02115,0.03337,-0.00424,-0.00105,-0.00018,0.00098,0.60570,-0.00064,0.14062,0.00083,0.70705,-0.00009,0.70717,1,4,0,0
1765409429.676334,-0.02724,0.02594,-0.00419,0.00061,0.00066,0.00099,0.60570,-0.00064,0.14062,0.00083,0.70705,-0.00009,0.70717,1,4,0,0
1765409429.678334,-0.03385,0.04066,0.01835,-0.00118,0.00035,0.00101,0.60570,-0.00064,0.14062,0.00083,0.70705,-0.00009,0.70717,1,4,0,0
1765409429.680399,0.01571,0.05358,0.02513,-0.00058,0.00151,0.00096,0.60590,-0.00064,0.14062,0.00083,0.70705,-0.00009,0.70716,1,4,0,0
1765409429.682367,0.00277,0.03180,0.00279,0.00003,0.00168,0.00055,0.60590,-0.00064,0.14062,0.00083,0.70705,-0.00009,0.70716,1,4,0,0
1765409429.684368,-0.01297,0.03261,0.04100,-0.00084,0.00086,0.00060,0.60590,-0.00064,0.14062,0.00083,0.70705,-0.00009,0.70716,1,4,0,0
1765409429.686484,-0.01674,0.01548,0.01883,-0.00126,0.00054,0.00087,0.60590,-0.00064,0.14062,0.00083,0.70705,-0.00009,0.70716,1,4,0,0
1765409429.688359,-0.01289,0.03781,0.05604,-0.00077,0.00059,0.00048,0.60590,-0.00064,0.14062,0.00083,0.70705,-0.00009,0.70716,1,4,0,0
1765409429.690359,-0.00982,0.02508,0.02607,-0.00005,0.00108,0.00099,0.60590,-0.00064,0.14062,0.00083,0.70705,-0.00009,0.70716,1,4,0,0
1765409429.692362,0.02020,0.04158,-0.00516,-0.00029,0.00121,0.00026,0.60590,-0.00064,0.14062,0.00083,0.70705,-0.00009,0.70716,1,4,0,0
1765409429.694355,0.01438,0.02418,0.01063,0.00081,0.00181,0.00095,0.60590,-0.00064,0.14062,0.00083,0.70705,-0.00009,0.70716,1,4,0,0
1765409429.696358,-0.01302,0.02671,-0.04992,-0.00135,0.00164,0.00107,0.60594,-0.00064,0.14062,0.00083,0.70705,-0.00009,0.70716,1,4,0,0
1765409429.698371,-0.02180,0.01815,0.02622,-0.00036,0.00085,0.00061,0.60594,-0.00064,0.14062,0.00083,0.70705,-0.00009,0.70716,1,4,0,0
1765409429.700352,-0.05539,0.04835,0.01061,-0.00087,0.00073,0.00102,0.60598,-0.00064,0.14061,0.00083,0.70705,-0.00009,0.70716,1,4,0,0
1765409429.702377,-0.00074,0.03960,0.01791,-0.00053,0.00108,0.00057,0.60598,-0.00064,0.14061,0.00083,0.70705,-0.00009,0.70716,1,4,0,0
1765409429.704375,0.02845,0.01606,0.01061,-0.00038,0.00202,0.00054,0.60602,-0.00064,0.14062,0.00083,0.70705,-0.00009,0.70717,1,4,0,0
1765409429.706394,0.00315,0.00803,0.04150,0.00018,0.00068,0.00046,0.60602,-0.00064,0.14062,0.00083,0.70705,-0.00009,0.70717,1,4,0,0
1765409429.708419,0.01157,0.00705,-0.00405,-0.00027,0.00135,0.00082,0.60606,-0.00065,0.14062,0.00084,0.70705,-0.00010,0.70716,1,4,0,0
1765409429.710379,-0.04595,0.01426,0.00372,-0.00106,-0.00000,0.00035,0.60606,-0.00065,0.14062,0.00084,0.70705,-0.00010,0.70716,1,4,0,0
1765409429.712383,-0.01717,0.03045,0.03382,-0.00108,0.00028,0.00128,0.60610,-0.00064,0.14062,0.00083,0.70705,-0.00009,0.70717,1,4,0,0
1765409429.714382,-0.01422,0.03554,0.06407,-0.00342,-0.00065,0.00077,0.60610,-0.00064,0.14062,0.00083,0.70705,-0.00009,0.70717,1,4,0,0
1765409429.716388,0.01414,0.05967,-0.00555,0.00146,0.00089,0.00039,0.60614,-0.00064,0.14062,0.00083,0.70705,-0.00009,0.70717,1,4,0,0
1765409429.718379,0.03227,0.06858,0.04753,-0.00018,0.00092,0.00096,0.60630,-0.00064,0.14062,0.00083,0.70705,-0.00009,0.70717,1,4,0,0
1765409429.720402,-0.03503,0.01663,0.01133,0.00028,0.00013,0.00088,0.60630,-0.00064,0.14062,0.00083,0.70705,-0.00009,0.70717,1,4,0,0
1765409429.722508,-0.02771,0.03034,0.01069,0.00088,0.00155,0.00086,0.60630,-0.00064,0.14062,0.00083,0.70705,-0.00009,0.70717,1,4,0,0
1765409429.724390,-0.02725,0.02591,-0.02698,0.00061,0.00066,0.00097,0.60630,-0.00064,0.14062,0.00083,0.70705,-0.00009,0.70717,1,4,0,0
1765409429.726440,-0.02348,0.03804,-0.02742,0.00097,0.00099,0.00082,0.60630,-0.00064,0.14062,0.00083,0.70705,-0.00009,0.70717,1,4,0,0
1765409429.728402,-0.03107,0.05212,0.01773,-0.00017,0.00182,0.00086,0.60630,-0.00064,0.14062,0.00083,0.70705,-0.00009,0.70717,1,4,0,0
1765409429.730396,-0.00540,0.03271,0.01815,0.00004,0.00077,0.00058,0.60630,-0.00064,0.14062,0.00083,0.70705,-0.00009,0.70717,1,4,0,0
1765409429.732404,-0.01027,0.01537,0.03366,0.00070,0.00134,0.00046,0.60630,-0.00064,0.14062,0.00083,0.70705,-0.00009,0.70717,1,4,0,0
1765409429.734396,-0.00866,0.01070,-0.01915,-0.00067,0.00032,0.00056,0.60630,-0.00064,0.14062,0.00083,0.70705,-0.00009,0.70717,1,4,0,0
1765409429.736415,-0.02486,0.01524,-0.04970,-0.00149,0.00102,0.00042,0.60634,-0.00064,0.14062,0.00083,0.70705,-0.00009,0.70717,1,4,0,0
1765409429.738403,-0.03833,-0.00601,0.00412,-0.00044,0.00069,0.00048,0.60634,-0.00064,0.14062,0.00083,0.70705,-0.00009,0.70717,1,4,0,0
1765409429.740432,-0.03264,0.02346,-0.00446,0.00189,0.00148,0.00045,0.60638,-0.00065,0.14062,0.00083,0.70705,-0.00009,0.70717,1,4,0,0
1765409429.742396,-0.00484,0.01734,0.01089,-0.00059,0.00128,0.00058,0.60638,-0.00065,0.14062,0.00083,0.70705,-0.00009,0.70717,1,4,0,0
1765409429.744429,0.00379,0.01821,-0.03436,-0.00057,-0.00034,0.00094,0.60642,-0.00065,0.14061,0.00083,0.70705,-0.00009,0.70716,1,4,0,0
1765409429.746418,-0.01262,0.02789,0.06402,-0.00111,0.00047,0.00076,0.60642,-0.00065,0.14061,0.00083,0.70705,-0.00009,0.70716,1,4,0,0
1765409429.748425,0.00758,0.03414,0.03319,-0.00060,0.00150,0.00071,0.60646,-0.00065,0.14061,0.00083,0.70705,-0.00009,0.70716,1,4,0,0
1765409429.750425,-0.03303,0.02055,0.07171,-0.00164,0.00097,0.00038,0.60646,-0.00065,0.14061,0.00083,0.70705,-0.00009,0.70716,1,4,0,0
1765409429.752403,-0.01719,0.04035,-0.01211,-0.00096,0.00028,0.00097,0.60663,-0.00065,0.14062,0.00083,0.70704,-0.00009,0.70718,1,4,0,0
1765409429.754459,-0.00635,0.02283,0.02604,0.00079,0.00104,0.00085,0.60667,-0.00065,0.14062,0.00083,0.70704,-0.00009,0.70718,1,4,0,0
1765409429.756491,0.00318,0.01245,0.02604,0.00001,0.00131,0.00031,0.60667,-0.00065,0.14062,0.00083,0.70704,-0.00009,0.70718,1,4,0,0
1765409429.758466,0.01923,0.03591,0.02539,0.00008,0.00225,0.00082,0.60667,-0.00065,0.14062,0.00083,0.70704,-0.00009,0.70718,1,4,0,0
1765409429.760415,0.00281,0.03756,0.03312,0.00032,0.00079,0.00044,0.60667,-0.00065,0.14062,0.00083,0.70704,-0.00009,0.70718,1,4,0,0
1765409429.762419,-0.00430,0.08139,0.01682,-0.00134,0.00109,0.00043,0.60667,-0.00065,0.14062,0.00083,0.70704,-0.00009,0.70718,1,4,0,0
1765409429.764411,-0.03155,0.04363,-0.02006,0.00104,0.00056,0.00030,0.60667,-0.00065,0.14062,0.00083,0.70704,-0.00009,0.70718,1,4,0,0
1765409429.766414,-0.02394,0.04605,0.04889,-0.00242,-0.00104,0.00130,0.60667,-0.00065,0.14062,0.00083,0.70704,-0.00009,0.70718,1,4,0,0
1765409429.768415,-0.02143,0.03274,0.04102,-0.00084,0.00096,0.00061,0.60667,-0.00065,0.14062,0.00083,0.70704,-0.00009,0.70718,1,4,0,0
1765409429.770443,-0.00106,0.01953,0.03359,-0.00034,0.00161,0.00072,0.60667,-0.00065,0.14062,0.00083,0.70704,-0.00009,0.70718,1,4,0,0
1765409429.772425,0.01180,0.01128,0.00345,-0.00088,0.00198,0.00109,0.60671,-0.00065,0.14063,0.00083,0.70703,-0.00009,0.70718,1,4,0,0
1765409429.774417,0.01667,0.04861,0.03280,-0.00130,0.00138,0.00070,0.60671,-0.00065,0.14063,0.00083,0.70703,-0.00009,0.70718,1,4,0,0
1765409429.776439,-0.00868,0.03544,-0.05008,-0.00080,0.00005,0.00066,0.60675,-0.00065,0.14062,0.00083,0.70704,-0.00009,0.70718,1,4,0,0
1765409429.778416,-0.02537,0.01653,0.00362,-0.00060,-0.00025,0.00046,0.60675,-0.00065,0.14062,0.00083,0.70704,-0.00009,0.70718,1,4,0,0
1765409429.780438,-0.02982,0.00815,0.00382,-0.00092,0.00096,0.00087,0.60679,-0.00065,0.14063,0.00084,0.70704,-0.00009,0.70718,1,4,0,0
1765409429.782442,0.00252,0.04162,0.01035,-0.00007,0.00156,0.00110,0.60679,-0.00065,0.14063,0.00084,0.70704,-0.00009,0.70718,1,4,0,0
1765409429.784463,-0.00824,0.03976,0.04822,-0.00119,0.00104,0.00020,0.60683,-0.00065,0.14063,0.00084,0.70703,-0.00009,0.70718,1,4,0,0
1765409429.786474,0.02366,0.04481,0.04823,0.00041,0.00028,0.00084,0.60687,-0.00065,0.14063,0.00084,0.70703,-0.00009,0.70718,1,4,0,0
1765409429.788465,0.01622,0.02023,0.01852,-0.00033,0.00014,0.00070,0.60703,-0.00065,0.14062,0.00084,0.70704,-0.00009,0.70718,1,4,0,0
1765409429.790454,0.01168,0.01669,0.01833,-0.00037,0.00171,0.00056,0.60703,-0.00065,0.14062,0.00084,0.70704,-0.00009,0.70718,1,4,0,0
1765409429.792444,-0.03834,0.03783,0.03365,-0.00121,0.00091,0.00130,0.60703,-0.00065,0.14062,0.00084,0.70704,-0.00009,0.70718,1,4,0,0
1765409429.794638,-0.02621,0.01617,-0.00391,-0.00016,0.00027,0.00086,0.60703,-0.00065,0.14062,0.00084,0.70704,-0.00009,0.70718,1,4,0,0
1765409429.796441,-0.03050,0.03383,0.01078,0.00005,0.00005,0.00060,0.60703,-0.00065,0.14062,0.00084,0.70704,-0.00009,0.70718,1,4,0,0
1765409429.798439,0.01115,0.04277,0.03296,0.00060,0.00030,0.00030,0.60703,-0.00065,0.14062,0.00084,0.70704,-0.00009,0.70718,1,4,0,0
1765409429.800438,0.00753,0.05451,0.00994,-0.00035,0.00072,0.00055,0.60703,-0.00065,0.14062,0.00084,0.70704,-0.00009,0.70718,1,4,0,0
1765409429.802445,0.00218,0.02157,-0.00453,0.00034,0.00221,0.00082,0.60703,-0.00065,0.14062,0.00084,0.70704,-0.00009,0.70718,1,4,0,0
1765409429.804457,-0.03476,0.01042,0.01893,-0.00045,0.00152,0.00102,0.60703,-0.00065,0.14062,0.00084,0.70704,-0.00009,0.70718,1,4,0,0
1765409429.806448,-0.02697,0.01113,0.01898,0.00043,0.00067,0.00101,0.60703,-0.00065,0.14062,0.00084,0.70704,-0.00009,0.70718,1,4,0,0
1765409429.808463,-0.00613,0.01955,0.04904,-0.00340,0.00066,0.00075,0.60707,-0.00065,0.14063,0.00084,0.70704,-0.00009,0.70718,1,4,0,0
1765409429.810454,0.01097,0.01307,0.01108,0.00068,0.00033,0.00070,0.60707,-0.00065,0.14063,0.00084,0.70704,-0.00009,0.70718,1,4,0,0
1765409429.812455,0.02465,0.03298,0.01781,-0.00105,0.00231,0.00068,0.60711,-0.00065,0.14063,0.00084,0.70704,-0.00009,0.70717,1,4,0,0
1765409429.814451,-0.01004,0.01467,0.03357,0.00026,0.00210,0.00046,0.60711,-0.00065,0.14063,0.00084,0.70704,-0.00009,0.70717,1,4,0,0
1765409429.816451,-0.00938,0.04474,0.01812,-0.00069,0.00081,0.00125,0.60715,-0.00065,0.14063,0.00084,0.70704,-0.00009,0.70718,1,4,0,0
1765409429.818498,-0.00030,0.03939,0.00291,-0.00119,0.00096,0.00096,0.60715,-0.00065,0.14063,0.00084,0.70704,-0.00009,0.70718,1,4,0,0
1765409429.820539,-0.04229,0.05027,0.01777,-0.00106,0.00119,0.00034,0.60719,-0.00065,0.14062,0.00084,0.70704,-0.00009,0.70717,1,4,0,0
1765409429.822487,0.00651,0.05432,0.01001,0.00030,0.00112,0.00095,0.60719,-0.00065,0.14062,0.00084,0.70704,-0.00009,0.70717,1,4,0,0
1765409429.824471,0.00804,0.04885,0.04820,-0.00129,0.00123,0.00112,0.60743,-0.00065,0.14062,0.00084,0.70704,-0.00009,0.70717,1,4,0,0
1765409429.826476,0.01605,0.03895,0.04075,-0.00076,0.00127,0.00098,0.60743,-0.00065,0.14062,0.00084,0.70704,-0.00009,0.70717,1,4,0,0
1765409429.828502,-0.00557,0.02292,0.02612,0.00014,0.00065,0.00086,0.60743,-0.00065,0.14062,0.00084,0.70704,-0.00009,0.70717,1,4,0,0
1765409429.830477,-0.02861,0.01808,0.00356,-0.00189,0.00055,0.00060,0.60743,-0.00065,0.14062,0.00084,0.70704,-0.00009,0.70717,1,4,0,0
1765409429.832493,-0.01316,0.01786,0.01858,-0.00058,0.00087,0.00059,0.60743,-0.00065,0.14062,0.00084,0.70704,-0.00009,0.70717,1,4,0,0
1765409429.834482,-0.02356,0.02301,-0.03486,0.00123,0.00150,0.00042,0.60743,-0.00065,0.14062,0.00084,0.70704,-0.00009,0.70717,1,4,0,0
1765409429.836484,-0.02358,0.03510,0.09469,-0.00321,0.00010,0.00161,0.60743,-0.00065,0.14062,0.00084,0.70704,-0.00009,0.70717,1,4,0,0
1765409429.838483,-0.00473,0.07150,0.02493,-0.00124,0.00099,0.00111,0.60743,-0.00065,0.14062,0.00084,0.70704,-0.00009,0.70717,1,4,0,0
1765409429.840481,0.01539,0.06331,0.05527,-0.00046,0.00176,0.00111,0.60743,-0.00065,0.14062,0.00084,0.70704,-0.00009,0.70717,1,4,0,0
1765409429.842481,0.01086,0.03692,0.00278,0.00031,0.00121,0.00081,0.60743,-0.00065,0.14062,0.00084,0.70704,-0.00009,0.70717,1,4,0,0
1765409429.844488,0.00665,0.04480,0.01027,0.00040,0.00074,0.00082,0.60743,-0.00065,0.14062,0.00084,0.70704,-0.00009,0.70717,1,4,0,0
1765409429.846486,-0.01267,0.03324,0.02629,-0.00127,-0.00040,0.00140,0.60743,-0.00065,0.14062,0.00084,0.70704,-0.00009,0.70717,1,4,0,0
1765409429.848476,0.01105,0.02687,0.01055,0.00019,0.00146,0.00069,0.60747,-0.00065,0.14062,0.00084,0.70704,-0.00009,0.70718,1,4,0,0
1765409429.850484,-0.00231,0.02364,-0.00443,0.00015,0.00265,0.00136,0.60747,-0.00065,0.14062,0.00084,0.70704,-0.00009,0.70718,1,4,0,0
1765409429.852491,-0.01433,0.01719,-0.00403,-0.00015,0.00166,0.00138,0.60751,-0.00065,0.14063,0.00084,0.70704,-0.00009,0.70718,1,4,0,0
1765409429.854487,-0.01212,0.01301,0.02645,-0.00151,0.00036,0.00074,0.60751,-0.00065,0.14063,0.00084,0.70704,-0.00009,0.70718,1,4,0,0
1765409429.856493,-0.01801,0.02597,-0.01191,0.00017,0.00029,0.00057,0.60755,-0.00065,0.14062,0.00084,0.70704,-0.00009,0.70717,1,4,0,0
1765409429.858505,-0.00096,0.02043,0.01095,-0.00011,0.00047,0.00071,0.60755,-0.00065,0.14062,0.00084,0.70704,-0.00009,0.70717,1,4,0,0
1765409429.860503,-0.03408,0.02023,-0.01937,-0.00099,0.00138,0.00071,0.60759,-0.00065,0.14062,0.00084,0.70704,-0.00009,0.70717,1,4,0,0
1765409429.862502,-0.00597,0.02745,0.04121,0.00019,0.00116,0.00113,0.60759,-0.00065,0.14062,0.00084,0.70704,-0.00009,0.70717,1,4,0,0
1765409429.864508,-0.01381,0.03732,0.04830,-0.00013,0.00149,0.00047,0.60759,-0.00065,0.14062,0.00084,0.70704,-0.00009,0.70717,1,4,0,0
1765409429.866510,0.03135,0.03813,-0.00472,0.00011,0.00186,0.00173,0.60763,-0.00065,0.14062,0.00084,0.70704,-0.00009,0.70717,1,4,0,0
1765409429.868506,-0.03560,0.03075,-0.01216,0.00067,0.00126,0.00045,0.60767,-0.00065,0.14062,0.00084,0.70704,-0.00009,0.70717,1,4,0,0
1765409429.870514,-0.03068,0.03771,0.01801,-0.00012,0.00144,0.00046,0.60783,-0.00065,0.14062,0.00084,0.70704,-0.00009,0.70717,1,4,0,0
1765409429.872528,-0.00921,0.05581,0.01035,-0.00034,-0.00060,0.00098,0.60783,-0.00065,0.14062,0.00084,0.70704,-0.00009,0.70717,1,4,0,0
1765409429.874513,0.00791,0.02564,0.01101,-0.00048,-0.00040,0.00097,0.60783,-0.00065,0.14062,0.00084,0.70704,-0.00009,0.70717,1,4,0,0
1765409429.876609,0.00771,-0.00022,-0.00399,-0.00036,0.00139,0.00042,0.60788,-0.00065,0.14062,0.00084,0.70704,-0.00009,0.70717,1,4,0,0
1765409429.878527,-0.03476,-0.00439,0.02672,-0.00020,0.00178,0.00062,0.60788,-0.00065,0.14062,0.00084,0.70704,-0.00009,0.70717,1,4,0,0
1765409429.880519,-0.01901,0.04518,-0.00504,0.00084,0.00130,0.00043,0.60788,-0.00065,0.14062,0.00084,0.70704,-0.00009,0.70717,1,4,0,0
1765409429.882583,0.00766,0.05916,0.06306,-0.00073,0.00097,0.00086,0.60788,-0.00065,0.14062,0.00084,0.70704,-0.00009,0.70717,1,4,0,0
1765409429.884521,-0.01344,0.05680,0.04791,-0.00076,0.00148,0.00074,0.60788,-0.00065,0.14062,0.00084,0.70704,-0.00009,0.70717,1,4,0,0
1765409429.886548,0.00175,0.03292,0.02585,0.00113,0.00056,0.00098,0.60788,-0.00065,0.14062,0.00084,0.70704,-0.00009,0.70717,1,4,0,0
1765409429.888530,0.00428,0.04256,0.04064,-0.00093,0.00025,0.00032,0.60788,-0.00065,0.14062,0.00084,0.70704,-0.00009,0.70717,1,4,0,0
1765409429.890571,-0.00642,0.01644,0.02582,0.00050,0.00295,0.00058,0.60788,-0.00065,0.14062,0.00084,0.70704,-0.00009,0.70717,1,4,0,0
1765409429.892529,-0.03938,0.02288,0.03374,-0.00008,0.00169,0.00089,0.60788,-0.00065,0.14062,0.00084,0.70704,-0.00009,0.70717,1,4,0,0
1765409429.894530,-0.01791,0.02559,-0.03475,-0.00005,0.00067,0.00055,0.60791,-0.00065,0.14062,0.00084,0.70704,-0.00009,0.70717,1,4,0,0
1765409429.896541,0.00402,0.02252,-0.01184,-0.00096,0.00041,0.00082,0.60791,-0.00065,0.14062,0.00084,0.70704,-0.00009,0.70717,1,4,0,0
1765409429.898532,-0.00224,0.02275,0.08691,-0.00270,-0.00003,0.00050,0.60795,-0.00065,0.14062,0.00084,0.70704,-0.00009,0.70717,1,4,0,0
1765409429.900529,-0.00093,0.04464,-0.01246,-0.00047,0.00084,0.00082,0.60799,-0.00065,0.14062,0.00084,0.70704,-0.00009,0.70717,1,4,0,0
1765409429.902617,-0.00191,0.03905,0.03311,0.00012,0.00199,0.00098,0.60799,-0.00065,0.14062,0.00084,0.70704,-0.00009,0.70717,1,4,0,0
1765409429.904542,-0.00486,0.02156,0.03355,-0.00097,0.00204,0.00086,0.60803,-0.00065,0.14062,0.00084,0.70704,-0.00009,0.70717,1,4,0,0
1765409429.906548,-0.00561,0.03217,0.04084,0.00003,0.00153,0.00059,0.60803,-0.00065,0.14062,0.00084,0.70704,-0.00009,0.70717,1,4,0,0
1765409429.908550,0.02434,0.03393,0.03349,-0.00082,0.00093,0.00150,0.60803,-0.00065,0.14062,0.00084,0.70704,-0.00009,0.70717,1,4,0,0
1765409429.910578,-0.00960,0.01084,0.03396,0.00021,0.00058,0.00060,0.60827,-0.00065,0.14061,0.00084,0.70705,-0.00009,0.70716,1,4,0,0
1765409429.912543,-0.01758,0.03001,0.01853,-0.00087,0.00093,0.00126,0.60827,-0.00065,0.14061,0.00084,0.70705,-0.00009,0.70716,1,4,0,0
1765409429.914613,-0.01286,0.01733,0.01093,-0.00102,0.00138,0.00058,0.60827,-0.00065,0.14061,0.00084,0.70705,-0.00009,0.70716,1,4,0,0
1765409429.916566,0.00414,0.04709,0.04057,-0.00110,0.00064,0.00058,0.60827,-0.00065,0.14061,0.00084,0.70705,-0.00009,0.70716,1,4,0,0
1765409429.918560,0.01587,0.03483,-0.01989,-0.00015,0.00039,0.00066,0.60827,-0.00065,0.14061,0.00084,0.70705,-0.00009,0.70716,1,4,0,0
1765409429.920667,-0.00022,0.05458,0.04039,-0.00101,0.00068,0.00059,0.60827,-0.00065,0.14061,0.00084,0.70705,-0.00009,0.70716,1,4,0,0
1765409429.922599,-0.03518,0.03105,-0.00412,0.00002,0.00038,0.00126,0.60827,-0.00065,0.14061,0.00084,0.70705,-0.00009,0.70716,1,4,0,0
1765409429.924574,-0.04733,0.02803,0.02604,-0.00046,0.00153,0.00076,0.60827,-0.00065,0.14061,0.00084,0.70705,-0.00009,0.70716,1,4,0,0
1765409429.926570,-0.03630,0.03086,0.00300,0.00132,0.00139,0.00046,0.60827,-0.00065,0.14061,0.00084,0.70705,-0.00009,0.70716,1,4,0,0
1765409429.928535,-0.00602,0.01068,0.07959,-0.00285,-0.00023,0.00024,0.60827,-0.00065,0.14061,0.00084,0.70705,-0.00009,0.70716,1,4,0,0
1765409429.930597,0.03457,0.03918,0.01774,-0.00163,0.00027,0.00014,0.60827,-0.00065,0.14061,0.00084,0.70705,-0.00009,0.70716,1,4,0,0
1765409429.932569,0.02707,0.02612,0.03331,0.00062,0.00204,0.00109,0.60827,-0.00065,0.14061,0.00084,0.70705,-0.00009,0.70716,1,4,0,0
1765409429.934587,0.01701,0.03887,0.03321,-0.00163,0.00100,0.00097,0.60831,-0.00065,0.14061,0.00084,0.70705,-0.00009,0.70716,1,4,0,0
1765409429.936564,-0.02614,0.02492,-0.04983,-0.00071,0.00141,0.00095,0.60835,-0.00065,0.14061,0.00084,0.70705,-0.00009,0.70716,1,4,0,0
1765409429.938595,-0.02570,0.03120,0.01080,-0.00042,-0.00000,0.00046,0.60835,-0.00065,0.14061,0.00084,0.70705,-0.00009,0.70716,1,4,0,0
1765409429.940561,-0.02611,0.05546,-0.02765,-0.00056,0.00025,0.00096,0.60835,-0.00065,0.14061,0.00084,0.70705,-0.00009,0.70716,1,4,0,0
1765409429.942602,-0.02851,0.02830,0.09456,-0.00198,0.00016,0.00080,0.60839,-0.00065,0.14061,0.00084,0.70705,-0.00009,0.70716,1,4,0,0
1765409429.944579,0.02425,0.00328,0.06444,-0.00097,0.00235,0.00153,0.60839,-0.00065,0.14061,0.00084,0.70705,-0.00009,0.70716,1,4,0,0
1765409429.946631,0.02411,0.00863,0.03375,-0.00047,0.00208,0.00097,0.60843,-0.00065,0.14061,0.00084,0.70705,-0.00009,0.70716,1,4,0,0
1765409429.948605,0.00780,0.02961,-0.00434,-0.00087,0.00062,0.00122,0.60843,-0.00065,0.14061,0.00084,0.70705,-0.00009,0.70716,1,4,0,0
1765409429.950591,-0.05010,0.03591,-0.01211,-0.00146,0.00067,0.00033,0.60847,-0.00065,0.14061,0.00084,0.70706,-0.00009,0.70716,1,4,0,0
1765409429.952599,-0.03751,0.02816,-0.00404,-0.00177,0.00041,0.00114,0.60867,-0.00065,0.14061,0.00084,0.70706,-0.00009,0.70716,1,4,0,0
1765409429.954587,-0.01907,0.02014,-0.00435,0.00076,0.00171,0.00071,0.60871,-0.00065,0.14061,0.00084,0.70705,-0.00009,0.70716,1,4,0,0
1765409429.956590,0.01307,0.01156,0.00322,-0.00153,0.00157,0.00028,0.60871,-0.00065,0.14061,0.00084,0.70705,-0.00009,0.70716,1,4,0,0
1765409429.958580,0.01578,0.03405,0.04056,-0.00016,0.00164,0.00030,0.60871,-0.00065,0.14061,0.00084,0.70705,-0.00009,0.70716,1,4,0,0
1765409429.960574,-0.03546,0.04592,-0.03506,0.00041,0.00049,0.00083,0.60871,-0.00065,0.14061,0.00084,0.70705,-0.00009,0.70716,1,4,0,0
1765409429.962591,-0.02974,0.02819,0.03388,-0.00111,0.00044,0.00116,0.60871,-0.00065,0.14061,0.00084,0.70705,-0.00009,0.70716,1,4,0,0
1765409429.964604,-0.00851,0.07931,0.02467,-0.00136,0.00064,0.00071,0.60871,-0.00065,0.14061,0.00084,0.70705,-0.00009,0.70716,1,4,0,0
1765409429.966593,-0.00107,0.01950,0.01080,-0.00034,0.00161,0.00070,0.60871,-0.00065,0.14061,0.00084,0.70705,-0.00009,0.70716,1,4,0,0
1765409429.968584,-0.00037,0.02448,0.03327,-0.00072,0.00159,0.00018,0.60871,-0.00065,0.14061,0.00084,0.70705,-0.00009,0.70716,1,4,0,0
1765409429.970579,0.01989,0.01277,0.01883,0.00002,0.00010,0.00110,0.60871,-0.00065,0.14061,0.00084,0.70705,-0.00009,0.70716,1,4,0,0
1765409429.972583,-0.03156,0.02172,0.04181,-0.00272,-0.00119,0.00077,0.60871,-0.00065,0.14061,0.00084,0.70705,-0.00009,0.70716,1,4,0,0
1765409429.974583,-0.02664,0.04604,0.01831,-0.00002,-0.00012,0.00127,0.60871,-0.00065,0.14061,0.00084,0.70705,-0.00009,0.70716,1,4,0,0
1765409429.976593,-0.00886,0.02940,-0.05026,-0.00088,0.00157,0.00039,0.60871,-0.00065,0.14061,0.00084,0.70705,-0.00009,0.70716,1,4,0,0
1765409429.978606,-0.01690,0.02513,0.02583,-0.00093,0.00116,0.00019,0.60875,-0.00065,0.14061,0.00084,0.70705,-0.00009,0.70716,1,4,0,0
1765409429.980597,-0.01818,0.01988,-0.00433,-0.00012,0.00170,0.00071,0.60875,-0.00065,0.14061,0.00084,0.70705,-0.00009,0.70716,1,4,0,0
1765409429.982598,0.00722,0.03431,0.01836,-0.00060,0.00101,0.00151,0.60879,-0.00065,0.14061,0.00084,0.70705,-0.00009,0.70716,1,4,0,0
1765409429.984603,0.00200,0.02305,0.02606,0.00101,0.00056,0.00085,0.60879,-0.00065,0.14061,0.00084,0.70705,-0.00009,0.70716,1,4,0,0
1765409429.986609,-0.03132,0.02934,-0.00440,0.00109,-0.00006,0.00032,0.60883,-0.00065,0.14061,0.00084,0.70705,-0.00009,0.70716,1,4,0,0
1765409429.988612,-0.00997,0.03464,0.01805,0.00006,0.00158,0.00071,0.60883,-0.00065,0.14061,0.00084,0.70705,-0.00009,0.70716,1,4,0,0
1765409429.990609,-0.03373,0.02623,-0.01954,-0.00070,0.00022,0.00018,0.60887,-0.00065,0.14061,0.00084,0.70705,-0.00009,0.70716,1,4,0,0
1765409429.992639,-0.00476,0.04718,0.01054,-0.00110,0.00051,0.00138,0.60887,-0.00065,0.14061,0.00084,0.70705,-0.00009,0.70716,1,4,0,0
1765409429.994603,0.00350,0.02737,-0.01949,-0.00068,0.00055,0.00108,0.60907,-0.00065,0.14061,0.00084,0.70705,-0.00009,0.70716,1,4,0,0
1765409429.996631,-0.01711,-0.00902,-0.00339,-0.00069,0.00056,0.00072,0.60907,-0.00065,0.14061,0.00084,0.70705,-0.00009,0.70716,1,4,0,0
1765409429.998610,0.00679,0.04394,-0.01282,0.00017,0.00188,0.00040,0.60912,-0.00065,0.14062,0.00084,0.70705,-0.00009,0.70716,1,4,0,0
1765409430.000614,-0.02920,0.04508,-0.05038,0.00193,0.00182,0.00121,0.60912,-0.00065,0.14062,0.00084,0.70705,-0.00009,0.70716,1,4,0,0
1765409430.002614,-0.00742,0.03537,0.01112,-0.00233,-0.00059,0.00152,0.60912,-0.00065,0.14062,0.00084,0.70705,-0.00009,0.70716,1,4,0,0
1765409430.004621,-0.03407,0.02157,0.02641,-0.00054,-0.00015,0.00076,0.60912,-0.00065,0.14062,0.00084,0.70705,-0.00009,0.70716,1,4,0,0
1765409430.006609,-0.01025,0.00622,0.00341,0.00124,0.00071,-0.00010,0.60912,-0.00065,0.14062,0.00084,0.70705,-0.00009,0.70716,1,4,0,0
1765409430.008617,-0.02607,0.03530,0.01787,-0.00015,0.00138,-0.00008,0.60912,-0.00065,0.14062,0.00084,0.70705,-0.00009,0.70716,1,4,0,0
1765409430.010618,0.01487,0.07191,0.03948,-0.00036,0.00354,0.00082,0.60912,-0.00065,0.14062,0.00084,0.70705,-0.00009,0.70716,1,4,0,0
1765409430.012630,0.00241,0.02708,0.00317,0.00019,0.00132,0.00110,0.60912,-0.00065,0.14062,0.00084,0.70705,-0.00009,0.70716,1,4,0,0
1765409430.014631,-0.00043,0.03536,0.04119,-0.00080,-0.00005,0.00113,0.60912,-0.00065,0.14062,0.00084,0.70705,-0.00009,0.70716,1,4,0,0
1765409430.016625,-0.00108,0.00098,0.01896,0.00031,0.00036,0.00045,0.60912,-0.00065,0.14062,0.00084,0.70705,-0.00009,0.70716,1,4,0,0
1765409430.018629,-0.02714,0.01956,0.06429,-0.00231,-0.00126,-0.00016,0.60916,-0.00065,0.14062,0.00084,0.70705,-0.00009,0.70716,1,4,0,0
1765409430.020623,-0.03185,0.06190,0.00228,0.00039,0.00208,0.00098,0.60916,-0.00065,0.14062,0.00084,0.70705,-0.00009,0.70716,1,4,0,0
1765409430.022716,-0.02124,0.06581,0.00245,-0.00218,0.00196,0.00165,0.60920,-0.00065,0.14062,0.00084,0.70705,-0.00009,0.70716,1,4,0,0
1765409430.024730,0.01244,0.06642,0.01714,-0.00108,0.00090,0.00042,0.60920,-0.00065,0.14062,0.00084,0.70705,-0.00009,0.70716,1,4,0,0
1765409430.026626,0.01050,-0.00722,0.04912,0.00130,0.00161,0.00005,0.60924,-0.00065,0.14062,0.00084,0.70705,-0.00009,0.70716,1,4,0,0
1765409430.028632,-0.00860,0.01525,0.05655,-0.00083,0.00094,0.00048,0.60924,-0.00065,0.14062,0.00084,0.70705,-0.00009,0.70716,1,4,0,0
1765409430.030638,-0.04029,-0.02026,-0.01834,0.00158,0.00072,0.00046,0.60928,-0.00065,0.14061,0.00084,0.70705,-0.00009,0.70716,1,4,0,0
1765409430.032651,-0.04443,0.02113,-0.03437,0.00077,0.00100,0.00112,0.60948,-0.00065,0.14062,0.00084,0.70705,-0.00009,0.70716,1,4,0,0
1765409430.034629,-0.01330,0.03239,0.04094,-0.00062,0.00124,0.00060,0.60948,-0.00065,0.14062,0.00084,0.70705,-0.00009,0.70716,1,4,0,0
1765409430.036632,-0.02543,0.04486,0.02545,-0.00113,0.00125,0.00047,0.60948,-0.00065,0.14062,0.00084,0.70705,-0.00009,0.70716,1,4,0,0
1765409430.039340,0.03703,0.04529,0.00999,-0.00090,0.00190,0.00093,0.60948,-0.00065,0.14062,0.00084,0.70705,-0.00009,0.70716,1,4,0,0
1765409430.040640,0.02465,0.02927,0.01819,-0.00066,0.00079,0.00082,0.60948,-0.00065,0.14062,0.00084,0.70705,-0.00009,0.70716,1,4,0,0
1765409430.042636,0.00710,0.03463,-0.00438,-0.00037,0.00063,0.00149,0.60948,-0.00065,0.14062,0.00084,0.70705,-0.00009,0.70716,1,4,0,0
1765409430.044662,-0.02265,0.02274,-0.00428,0.00013,0.00137,0.00085,0.60948,-0.00065,0.14062,0.00084,0.70705,-0.00009,0.70716,1,4,0,0
1765409430.046662,-0.03874,0.02326,-0.01171,-0.00052,0.00093,0.00086,0.60948,-0.00065,0.14062,0.00084,0.70705,-0.00009,0.70716,1,4,0,0
1765409430.048665,-0.01410,0.00299,0.02665,0.00011,0.00115,0.00100,0.60948,-0.00065,0.14062,0.00084,0.70705,-0.00009,0.70716,1,4,0,0
1765409430.050647,-0.00708,0.06414,0.04824,-0.00308,0.00027,0.00154,0.60948,-0.00065,0.14062,0.00084,0.70705,-0.00009,0.70716,1,4,0,0
1765409430.052657,0.00845,0.03949,0.09388,-0.00119,0.00084,0.00062,0.60948,-0.00065,0.14062,0.00084,0.70705,-0.00009,0.70716,1,4,0,0
1765409430.054639,0.04080,0.04753,0.02492,-0.00043,0.00235,0.00066,0.60952,-0.00065,0.14062,0.00084,0.70705,-0.00009,0.70716,1,4,0,0
1765409430.056662,-0.03953,0.00837,-0.03456,0.00061,0.00170,0.00004,0.60952,-0.00065,0.14062,0.00084,0.70705,-0.00009,0.70716,1,4,0,0
1765409430.058659,-0.04859,0.00256,0.07266,-0.00230,-0.00110,0.00055,0.60957,-0.00065,0.14062,0.00084,0.70705,-0.00009,0.70717,1,4,0,0
1765409430.060667,-0.04287,0.02634,-0.01161,-0.00048,0.00022,0.00100,0.60957,-0.00065,0.14062,0.00084,0.70705,-0.00009,0.70717,1,4,0,0
1765409430.062649,-0.03086,0.01307,0.01097,0.00023,0.00159,0.00033,0.60961,-0.00065,0.14063,0.00084,0.70704,-0.00009,0.70717,1,4,0,0
1765409430.064666,0.03341,0.06702,0.00940,-0.00173,0.00231,0.00092,0.60961,-0.00065,0.14063,0.00084,0.70704,-0.00009,0.70717,1,4,0,0
1765409430.066653,0.00666,0.02866,0.02562,-0.00001,0.00240,0.00084,0.60965,-0.00065,0.14063,0.00084,0.70704,-0.00009,0.70717,1,4,0,0
1765409430.068689,-0.00878,0.03023,0.05637,-0.00087,0.00056,0.00088,0.60989,-0.00065,0.14063,0.00084,0.70704,-0.00009,0.70717,1,4,0,0
1765409430.070679,-0.00942,0.02058,0.03377,-0.00011,0.00057,0.00073,0.60989,-0.00065,0.14063,0.00084,0.70704,-0.00009,0.70717,1,4,0,0
1765409430.072673,-0.05294,0.03183,-0.02719,0.00133,0.00058,0.00045,0.60989,-0.00065,0.14063,0.00084,0.70704,-0.00009,0.70717,1,4,0,0
1765409430.074687,-0.03858,0.05347,0.03321,-0.00059,0.00014,0.00089,0.60989,-0.00065,0.14063,0.00084,0.70704,-0.00009,0.70717,1,4,0,0
1765409430.076683,-0.03149,0.00827,-0.01906,0.00061,0.00136,0.00085,0.60989,-0.00065,0.14063,0.00084,0.70704,-0.00009,0.70717,1,4,0,0
1765409430.078666,0.01190,0.03089,0.02547,-0.00086,0.00233,0.00056,0.60989,-0.00065,0.14063,0.00084,0.70704,-0.00009,0.70717,1,4,0,0
1765409430.080682,0.03220,0.00380,0.00354,-0.00009,0.00174,0.00107,0.60989,-0.00065,0.14063,0.00084,0.70704,-0.00009,0.70717,1,4,0,0
1765409430.082680,0.01078,0.02248,0.06396,0.00057,0.00096,0.00087,0.60989,-0.00065,0.14063,0.00084,0.70704,-0.00009,0.70717,1,4,0,0
1765409430.084676,-0.01727,0.04013,-0.02734,-0.00097,0.00053,0.00096,0.60989,-0.00065,0.14063,0.00084,0.70704,-0.00009,0.70717,1,4,0,0
1765409430.086686,-0.02606,0.04015,0.01044,-0.00053,0.00114,0.00059,0.60989,-0.00065,0.14063,0.00084,0.70704,-0.00009,0.70717,1,4,0,0
1765409430.088682,-0.04231,0.02108,0.04136,-0.00076,0.00083,0.00037,0.60989,-0.00065,0.14063,0.00084,0.70704,-0.00009,0.70717,1,4,0,0
1765409430.090681,-0.00224,0.05862,0.02509,0.00013,0.00211,0.00124,0.60989,-0.00065,0.14063,0.00084,0.70704,-0.00009,0.70717,1,4,0,0
1765409430.092669,0.01504,0.04185,0.02587,-0.00356,-0.00037,0.00111,0.60989,-0.00065,0.14063,0.00084,0.70704,-0.00009,0.70717,1,4,0,0
1765409430.094656,0.01641,0.04988,0.04816,-0.00063,-0.00002,0.00071,0.60993,-0.00065,0.14063,0.00084,0.70704,-0.00009,0.70717,1,4,0,0
1765409430.096694,0.00757,0.03410,0.01040,-0.00060,0.00150,0.00069,0.60993,-0.00065,0.14063,0.00084,0.70704,-0.00009,0.70717,1,4,0,0
1765409430.098682,-0.01900,0.02032,-0.01191,0.00076,0.00145,0.00070,0.60997,-0.00065,0.14063,0.00084,0.70704,-0.00009,0.70717,1,4,0,0
1765409430.100714,-0.05292,0.05041,0.01022,0.00068,0.00183,0.00074,0.60997,-0.00065,0.14063,0.00084,0.70704,-0.00009,0.70717,1,4,0,0
1765409430.102689,-0.03581,0.01898,0.05696,-0.00275,-0.00063,0.00065,0.61001,-0.00065,0.14063,0.00084,0.70704,-0.00009,0.70717,1,4,0,0
1765409430.104698,0.00506,0.00368,-0.02679,-0.00097,-0.00049,-0.00026,0.61001,-0.00065,0.14063,0.00084,0.70704,-0.00009,0.70717,1,4,0,0
1765409430.107147,0.00644,0.03435,0.02554,0.00050,0.00164,0.00070,0.61030,-0.00065,0.14063,0.00084,0.70704,-0.00009,0.70717,1,4,0,0
1765409430.108711,-0.01350,0.04739,0.01020,-0.00044,0.00098,0.00058,0.61030,-0.00065,0.14063,0.00084,0.70704,-0.00009,0.70717,1,4,0,0
1765409430.110697,-0.02672,0.03472,0.01049,-0.00016,0.00191,0.00072,0.61030,-0.00065,0.14063,0.00084,0.70704,-0.00009,0.70717,1,4,0,0
1765409430.112715,-0.00961,0.01443,-0.00422,-0.00040,0.00198,0.00084,0.61030,-0.00065,0.14063,0.00084,0.70704,-0.00009,0.70717,1,4,0,0
1765409430.114690,-0.00483,0.00240,0.01142,-0.00077,0.00130,0.00098,0.61030,-0.00065,0.14063,0.00084,0.70704,-0.00009,0.70717,1,4,0,0
1765409430.116756,-0.01260,-0.00049,-0.03394,-0.00037,-0.00090,0.00029,0.61030,-0.00065,0.14063,0.00084,0.70704,-0.00009,0.70717,1,4,0,0
1765409430.118704,-0.02219,0.01349,-0.01174,0.00024,0.00073,0.00031,0.61030,-0.00065,0.14063,0.00084,0.70704,-0.00009,0.70717,1,4,0,0
1765409430.120722,-0.00928,0.06930,0.01718,-0.00061,0.00116,0.00057,0.61030,-0.00065,0.14063,0.00084,0.70704,-0.00009,0.70717,1,4,0,0
1765409430.122707,-0.01271,0.04616,0.01784,-0.00177,0.00199,0.00098,0.61030,-0.00065,0.14063,0.00084,0.70704,-0.00009,0.70717,1,4,0,0
1765409430.124733,-0.00083,0.03364,0.02571,-0.00104,0.00211,0.00111,0.61030,-0.00065,0.14063,0.00084,0.70704,-0.00009,0.70717,1,4,0,0
1765409430.126709,0.02098,0.01685,0.01082,-0.00103,0.00097,0.00055,0.61030,-0.00065,0.14063,0.00084,0.70704,-0.00009,0.70717,1,4,0,0
1765409430.128709,0.00684,0.02977,0.01822,0.00022,0.00101,0.00083,0.61030,-0.00065,0.14063,0.00084,0.70704,-0.00009,0.70717,1,4,0,0
1765409430.130707,-0.01008,0.03001,0.01827,0.00022,0.00121,0.00085,0.61030,-0.00065,0.14063,0.00084,0.70704,-0.00009,0.70717,1,4,0,0
1765409430.132703,-0.01869,0.04467,0.04065,0.00018,0.00168,0.00087,0.61030,-0.00065,0.14063,0.00084,0.70704,-0.00009,0.70717,1,4,0,0
1765409430.134712,-0.02206,0.02790,-0.01180,-0.00046,0.00073,0.00111,0.61034,-0.00065,0.14063,0.00084,0.70704,-0.00009,0.70717,1,4,0,0
1765409430.136725,0.00111,0.04991,-0.02781,-0.00194,-0.00009,0.00027,0.61034,-0.00065,0.14063,0.00084,0.70704,-0.00009,0.70717,1,4,0,0
1765409430.138726,-0.00034,0.05991,0.04026,-0.00072,0.00030,0.00045,0.61038,-0.00065,0.14063,0.00084,0.70705,-0.00009,0.70717,1,4,0,0
1765409430.140730,0.00095,0.04565,0.03287,0.00085,0.00310,0.00138,0.61038,-0.00065,0.14063,0.00084,0.70705,-0.00009,0.70717,1,4,0,0
1765409430.142735,-0.01230,0.01453,0.00300,0.00222,0.00302,0.00043,0.61042,-0.00065,0.14063,0.00084,0.70705,-0.00009,0.70717,1,4,0,0
1765409430.144733,-0.02111,0.00803,-0.01137,-0.00114,0.00073,0.00085,0.61042,-0.00065,0.14063,0.00084,0.70705,-0.00009,0.70717,1,4,0,0
1765409430.146806,-0.02179,0.04789,0.04845,-0.00065,0.00045,0.00102,0.61046,-0.00065,0.14063,0.00084,0.70705,-0.00009,0.70717,1,4,0,0
1765409430.148748,-0.04470,0.02987,0.01875,-0.00197,-0.00143,0.00036,0.61050,-0.00065,0.14063,0.00084,0.70705,-0.00009,0.70716,1,4,0,0
1765409430.150751,-0.01471,0.00767,-0.00400,0.00061,0.00167,0.00084,0.61066,-0.00065,0.14062,0.00084,0.70706,-0.00009,0.70716,1,4,0,0
1765409430.152742,-0.00034,0.02931,0.05640,-0.00131,0.00122,0.00128,0.61066,-0.00065,0.14062,0.00084,0.70706,-0.00009,0.70716,1,4,0,0
1765409430.154738,0.02128,0.03612,-0.00480,-0.00167,0.00121,0.00080,0.61070,-0.00065,0.14062,0.00084,0.70706,-0.00009,0.70715,1,4,0,0
1765409430.156746,0.02387,0.01926,0.01070,0.00010,0.00131,0.00068,0.61070,-0.00065,0.14062,0.00084,0.70706,-0.00009,0.70715,1,4,0,0
1765409430.159032,-0.03182,0.02503,-0.04230,0.00191,-0.00056,0.00002,0.61070,-0.00065,0.14062,0.00084,0.70706,-0.00009,0.70715,1,4,0,0
1765409430.160764,-0.04658,0.01807,-0.04189,-0.00124,0.00116,0.00098,0.61070,-0.00065,0.14062,0.00084,0.70706,-0.00009,0.70715,1,4,0,0
1765409430.162748,-0.02177,0.02746,-0.00443,-0.00068,0.00135,0.00071,0.61070,-0.00065,0.14062,0.00084,0.70706,-0.00009,0.70715,1,4,0,0
1765409430.164729,-0.00591,0.05115,-0.00525,-0.00018,0.00228,0.00082,0.61070,-0.00065,0.14062,0.00084,0.70706,-0.00009,0.70715,1,4,0,0
1765409430.166730,0.03347,0.04869,0.01000,-0.00108,0.00079,0.00066,0.61070,-0.00065,0.14062,0.00084,0.70706,-0.00009,0.70715,1,4,0,0
1765409430.168742,-0.01223,0.03817,0.04114,-0.00143,-0.00030,0.00088,0.61070,-0.00065,0.14062,0.00084,0.70706,-0.00009,0.70715,1,4,0,0
1765409430.170762,-0.00532,0.03293,0.03338,0.00004,0.00051,0.00059,0.61070,-0.00065,0.14062,0.00084,0.70706,-0.00009,0.70715,1,4,0,0
1765409430.172745,-0.02377,0.02239,-0.02720,0.00100,0.00214,0.00083,0.61070,-0.00065,0.14062,0.00084,0.70706,-0.00009,0.70715,1,4,0,0
1765409430.174747,-0.02791,0.00984,0.01130,0.00063,0.00234,0.00140,0.61070,-0.00065,0.14062,0.00084,0.70706,-0.00009,0.70715,1,4,0,0
1765409430.176749,-0.01743,0.00633,-0.03408,-0.00028,-0.00008,0.00069,0.61074,-0.00065,0.14061,0.00084,0.70706,-0.00009,0.70715,1,4,0,0
1765409430.178745,-0.01828,0.04009,0.03333,-0.00009,0.00105,0.00100,0.61074,-0.00065,0.14061,0.00084,0.70706,-0.00009,0.70715,1,4,0,0
1765409430.180766,-0.02988,0.03350,-0.01960,-0.00061,0.00017,0.00058,0.61078,-0.00065,0.14062,0.00084,0.70706,-0.00009,0.70715,1,4,0,0
1765409430.182767,0.00370,0.06084,0.04759,-0.00115,0.00203,0.00058,0.61082,-0.00065,0.14061,0.00084,0.70706,-0.00009,0.70715,1,4,0,0
1765409430.184755,0.00372,0.03095,0.04866,-0.00151,0.00206,0.00140,0.61082,-0.00065,0.14061,0.00084,0.70706,-0.00009,0.70715,1,4,0,0
1765409430.186757,0.03161,0.02345,0.02571,0.00037,0.00211,0.00095,0.61086,-0.00065,0.14061,0.00084,0.70706,-0.00009,0.70715,1,4,0,0
1765409430.188779,-0.01357,0.00882,0.01887,0.00018,0.00012,0.00046,0.61102,-0.00065,0.14061,0.00084,0.70706,-0.00009,0.70715,1,4,0,0
1765409430.190790,0.00920,0.02541,-0.01225,-0.00114,-0.00005,-0.00026,0.61102,-0.00065,0.14061,0.00084,0.70706,-0.00009,0.70715,1,4,0,0
1765409430.192772,-0.04721,0.01972,-0.01908,0.00009,-0.00037,0.00060,0.61102,-0.00065,0.14061,0.00084,0.70706,-0.00009,0.70715,1,4,0,0
1765409430.194759,0.00451,0.03671,0.01069,-0.00188,0.00078,0.00124,0.61102,-0.00065,0.14061,0.00084,0.70706,-0.00009,0.70715,1,4,0,0
1765409430.196803,-0.00316,0.02344,0.01808,0.00102,0.00342,0.00097,0.61102,-0.00065,0.14061,0.00084,0.70706,-0.00009,0.70715,1,4,0,0
1765409430.198786,-0.02673,0.05464,0.00978,0.00008,0.00189,0.00018,0.61102,-0.00065,0.14061,0.00084,0.70706,-0.00009,0.70715,1,4,0,0
1765409430.200789,0.00285,0.04201,0.04045,0.00015,0.00141,0.00031,0.61102,-0.00065,0.14061,0.00084,0.70706,-0.00009,0.70715,1,4,0,0
1765409430.202790,-0.02715,-0.00107,0.08007,-0.00278,-0.00035,0.00040,0.61102,-0.00065,0.14061,0.00084,0.70706,-0.00009,0.70715,1,4,0,0
1765409430.204782,0.00681,-0.01933,0.01197,0.00050,0.00079,0.00098,0.61102,-0.00065,0.14061,0.00084,0.70706,-0.00009,0.70715,1,4,0,0
1765409430.206837,0.00267,0.02712,0.01079,-0.00003,0.00119,0.00110,0.61102,-0.00065,0.14061,0.00084,0.70706,-0.00009,0.70715,1,4,0,0
1765409430.208858,-0.04420,0.01561,-0.00424,0.00070,0.00201,0.00046,0.61106,-0.00065,0.14061,0.00084,0.70707,-0.00009,0.70714,1,4,0,0
1765409430.210801,-0.00953,0.06921,0.01733,-0.00061,0.00117,0.00097,0.61106,-0.00065,0.14061,0.00084,0.70707,-0.00009,0.70714,1,4,0,0
1765409430.212799,0.00980,0.02403,0.08721,-0.00312,0.00060,0.00184,0.61110,-0.00065,0.14061,0.00084,0.70707,-0.00009,0.70715,1,4,0,0
1765409430.214780,0.01832,0.06009,0.02504,0.00016,0.00263,0.00176,0.61110,-0.00065,0.14061,0.00084,0.70707,-0.00009,0.70715,1,4,0,0
1765409430.216798,0.01098,0.03159,0.00291,0.00003,0.00159,0.00095,0.61114,-0.00065,0.14061,0.00084,0.70707,-0.00009,0.70715,1,4,0,0
1765409430.218822,-0.02318,0.03628,0.03379,-0.00276,-0.00118,0.00075,0.61114,-0.00065,0.14061,0.00084,0.70707,-0.00009,0.70715,1,4,0,0
1765409430.220797,-0.04356,0.04517,0.04821,-0.00003,0.00185,0.00050,0.61118,-0.00065,0.14061,0.00084,0.70706,-0.00009,0.70715,1,4,0,0
1765409430.222799,-0.03956,0.05716,-0.02800,-0.00011,0.00192,0.00070,0.61118,-0.00065,0.14061,0.00084,0.70706,-0.00009,0.70715,1,4,0,0
1765409430.224809,-0.00679,0.01786,-0.01160,0.00095,0.00094,0.00137,0.61142,-0.00065,0.14061,0.00084,0.70708,-0.00009,0.70714,1,4,0,0
1765409430.226837,-0.00581,0.02738,0.01806,0.00041,0.00153,0.00031,0.61142,-0.00065,0.14061,0.00084,0.70708,-0.00009,0.70714,1,4,0,0
1765409430.228803,0.00712,0.00087,0.00355,0.00074,0.00051,0.00002,0.61142,-0.00065,0.14061,0.00084,0.70708,-0.00009,0.70714,1,4,0,0
1765409430.230808,-0.01581,0.03448,0.01841,-0.00256,0.00090,0.00113,0.61142,-0.00065,0.14061,0.00084,0.70708,-0.00009,0.70714,1,4,0,0
1765409430.232788,-0.00945,0.02955,-0.01936,-0.00087,0.00109,0.00163,0.61142,-0.00065,0.14061,0.00084,0.70708,-0.00009,0.70714,1,4,0,0
1765409430.234813,-0.01972,0.00973,-0.00412,0.00107,0.00249,0.00098,0.61142,-0.00065,0.14061,0.00084,0.70708,-0.00009,0.70714,1,4,0,0
1765409430.236797,0.00730,0.03032,-0.01963,0.00001,0.00011,0.00081,0.61142,-0.00065,0.14061,0.00084,0.70708,-0.00009,0.70714,1,4,0,0
1765409430.238787,-0.00061,0.00154,-0.01889,0.00010,-0.00053,0.00042,0.61142,-0.00065,0.14061,0.00084,0.70708,-0.00009,0.70714,1,4,0,0
1765409430.240782,-0.00369,0.02774,-0.04247,-0.00133,0.00024,0.00026,0.61142,-0.00065,0.14061,0.00084,0.70708,-0.00009,0.70714,1,4,0,0
1765409430.242792,-0.01048,0.00475,0.01889,0.00035,0.00200,0.00113,0.61142,-0.00065,0.14061,0.00084,0.70708,-0.00009,0.70714,1,4,0,0
1765409430.244803,0.01459,0.03259,0.01800,-0.00018,0.00320,0.00149,0.61142,-0.00065,0.14061,0.00084,0.70708,-0.00009,0.70714,1,4,0,0
1765409430.246785,0.00281,0.01769,0.02606,0.00029,0.00093,0.00058,0.61142,-0.00065,0.14061,0.00084,0.70708,-0.00009,0.70714,1,4,0,0
1765409430.248839,-0.02531,0.04663,0.01778,-0.00023,-0.00054,-0.00034,0.61146,-0.00065,0.14061,0.00084,0.70708,-0.00009,0.70714,1,4,0,0
1765409430.250821,-0.00477,0.02863,-0.00408,-0.00045,-0.00075,0.00110,0.61146,-0.00065,0.14061,0.00084,0.70708,-0.00009,0.70714,1,4,0,0
1765409430.252814,-0.02580,0.02521,-0.00420,-0.00093,0.00103,0.00099,0.61150,-0.00065,0.14061,0.00084,0.70708,-0.00009,0.70714,1,4,0,0
1765409430.254812,-0.02803,0.02999,0.00338,0.00066,0.00169,0.00166,0.61150,-0.00065,0.14061,0.00084,0.70708,-0.00009,0.70714,1,4,0,0
1765409430.256841,-0.00873,0.02422,0.01047,-0.00094,0.00208,0.00017,0.61154,-0.00065,0.14061,0.00084,0.70708,-0.00009,0.70714,1,4,0,0
1765409430.258825,-0.02233,0.02313,0.02582,0.00036,0.00122,0.00006,0.61154,-0.00065,0.14061,0.00084,0.70708,-0.00009,0.70714,1,4,0,0
1765409430.260823,-0.01290,0.03778,0.03326,-0.00078,0.00059,0.00046,0.61158,-0.00065,0.14061,0.00084,0.70707,-0.00009,0.70714,1,4,0,0
1765409430.262822,-0.02890,0.04341,0.02585,-0.00158,-0.00023,0.00074,0.61158,-0.00065,0.14061,0.00084,0.70707,-0.00009,0.70714,1,4,0,0
1765409430.264827,0.02394,0.05332,0.03302,-0.00080,0.00130,0.00176,0.61178,-0.00065,0.14062,0.00084,0.70707,-0.00009,0.70714,1,4,0,0
1765409430.266864,-0.04065,0.01358,0.01096,0.00155,0.00171,0.00034,0.61178,-0.00065,0.14062,0.00084,0.70707,-0.00009,0.70714,1,4,0,0
1765409430.268850,-0.02690,0.01509,0.02607,0.00026,0.00205,0.00047,0.61178,-0.00065,0.14062,0.00084,0.70707,-0.00009,0.70714,1,4,0,0
1765409430.270864,-0.01983,0.04654,-0.04274,-0.00286,0.00119,0.00095,0.61178,-0.00065,0.14062,0.00084,0.70707,-0.00009,0.70714,1,4,0,0
1765409430.272837,-0.01489,0.05232,-0.02752,0.00028,0.00088,0.00162,0.61178,-0.00065,0.14062,0.00084,0.70707,-0.00009,0.70714,1,4,0,0
1765409430.274837,-0.00890,0.03046,0.01861,-0.00086,0.00006,0.00126,0.61178,-0.00065,0.14062,0.00084,0.70707,-0.00009,0.70714,1,4,0,0
1765409430.276839,-0.00925,0.02544,0.01821,-0.00005,0.00081,0.00018,0.61178,-0.00065,0.14062,0.00084,0.70707,-0.00009,0.70714,1,4,0,0
1765409430.278867,-0.02631,0.01035,0.01114,-0.00024,0.00154,0.00060,0.61178,-0.00065,0.14062,0.00084,0.70707,-0.00009,0.70714,1,4,0,0
1765409430.280846,-0.00996,0.01962,0.00356,-0.00034,0.00148,0.00151,0.61178,-0.00065,0.14062,0.00084,0.70707,-0.00009,0.70714,1,4,0,0
1765409430.282855,-0.01237,0.01790,0.02642,-0.00145,0.00036,0.00100,0.61178,-0.00065,0.14062,0.00084,0.70707,-0.00009,0.70714,1,4,0,0
1765409430.284843,0.01333,0.02761,-0.01176,-0.00177,-0.00046,0.00108,0.61182,-0.00065,0.14061,0.00084,0.70707,-0.00009,0.70714,1,4,0,0
1765409430.286848,-0.03031,0.00897,0.02634,0.00018,0.00057,0.00008,0.61182,-0.00065,0.14061,0.00084,0.70707,-0.00009,0.70714,1,4,0,0
1765409430.288838,-0.00203,0.05933,0.03244,0.00058,0.00159,0.00044,0.61186,-0.00065,0.14061,0.00084,0.70707,-0.00009,0.70714,1,4,0,0
1765409430.290859,-0.01415,0.04199,0.03305,-0.00007,0.00175,0.00073,0.61186,-0.00065,0.14061,0.00084,0.70707,-0.00009,0.70714,1,4,0,0
1765409430.292852,0.00311,0.05041,-0.01256,-0.00127,0.00232,0.00161,0.61190,-0.00065,0.14061,0.00084,0.70707,-0.00009,0.70714,1,4,0,0
1765409430.294841,-0.03901,-0.00594,0.02705,0.00000,0.00070,0.00090,0.61190,-0.00065,0.14061,0.00084,0.70707,-0.00009,0.70714,1,4,0,0
1765409430.296859,-0.02606,0.01027,-0.01905,-0.00067,0.00130,0.00098,0.61215,-0.00065,0.14061,0.00084,0.70707,-0.00009,0.70715,1,4,0,0
1765409430.298893,-0.01832,0.01087,0.03414,0.00021,0.00069,0.00101,0.61215,-0.00065,0.14061,0.00084,0.70707,-0.00009,0.70715,1,4,0,0
1765409430.300866,0.02398,0.03871,0.00269,-0.00032,0.00143,0.00094,0.61215,-0.00065,0.14061,0.00084,0.70707,-0.00009,0.70715,1,4,0,0
1765409430.302858,0.02274,0.04292,0.00248,0.00038,0.00259,0.00120,0.61215,-0.00065,0.14061,0.00084,0.70707,-0.00009,0.70715,1,4,0,0
1765409430.304858,0.01256,0.04113,-0.00480,-0.00161,0.00131,0.00108,0.61215,-0.00065,0.14061,0.00084,0.70707,-0.00009,0.70715,1,4,0,0
1765409430.306971,-0.02786,0.01143,0.01119,0.00153,0.00080,0.00060,0.61215,-0.00065,0.14061,0.00084,0.70707,-0.00009,0.70715,1,4,0,0
1765409430.308861,-0.02567,0.04970,0.03319,-0.00129,0.00113,0.00114,0.61215,-0.00065,0.14061,0.00084,0.70707,-0.00009,0.70715,1,4,0,0
1765409430.310862,0.00306,0.06238,0.03259,-0.00004,0.00038,0.00057,0.61215,-0.00065,0.14061,0.00084,0.70707,-0.00009,0.70715,1,4,0,0
1765409430.312879,0.01966,0.05056,-0.00517,-0.00062,0.00198,0.00120,0.61215,-0.00065,0.14061,0.00084,0.70707,-0.00009,0.70715,1,4,0,0
1765409430.314871,0.02513,0.01870,0.01830,-0.00122,0.00155,0.00069,0.61215,-0.00065,0.14061,0.00084,0.70707,-0.00009,0.70715,1,4,0,0
1765409430.316865,-0.00541,0.02705,0.05619,-0.00025,0.00166,0.00074,0.61215,-0.00065,0.14061,0.00084,0.70707,-0.00009,0.70715,1,4,0,0
1765409430.318932,-0.05980,0.01177,-0.00377,-0.00022,0.00068,0.00062,0.61215,-0.00065,0.14061,0.00084,0.70707,-0.00009,0.70715,1,4,0,0
1765409430.320858,-0.05162,0.03141,-0.04994,0.00002,0.00057,0.00044,0.61219,-0.00065,0.14061,0.00084,0.70707,-0.00009,0.70714,1,4,0,0
1765409430.322890,-0.01845,0.02112,-0.01175,0.00055,0.00030,0.00071,0.61219,-0.00065,0.14061,0.00084,0.70707,-0.00009,0.70714,1,4,0,0
1765409430.324874,0.01513,0.04825,0.00261,-0.00043,0.00192,0.00148,0.61223,-0.00065,0.14061,0.00084,0.70707,-0.00009,0.70715,1,4,0,0
1765409430.326883,0.02051,0.03113,0.01033,-0.00085,0.00172,0.00054,0.61223,-0.00065,0.14061,0.00084,0.70707,-0.00009,0.70715,1,4,0,0
1765409430.328872,-0.00111,0.03983,-0.00468,-0.00031,0.00072,0.00096,0.61227,-0.00065,0.14062,0.00084,0.70707,-0.00009,0.70715,1,4,0,0
1765409430.330903,-0.02513,0.03067,0.01853,-0.00130,0.00025,0.00087,0.61227,-0.00065,0.14062,0.00084,0.70707,-0.00009,0.70715,1,4,0,0
1765409430.332898,-0.02164,0.03709,0.04851,-0.00100,0.00159,0.00088,0.61231,-0.00065,0.14062,0.00084,0.70707,-0.00009,0.70715,1,4,0,0
1765409430.334912,-0.01987,0.01933,0.01065,0.00118,0.00298,0.00072,0.61231,-0.00065,0.14062,0.00084,0.70707,-0.00009,0.70715,1,4,0,0
1765409430.336900,-0.01209,0.02723,-0.01939,-0.00200,0.00074,0.00110,0.61251,-0.00065,0.14062,0.00084,0.70706,-0.00009,0.70715,1,4,0,0
1765409430.338911,-0.01306,0.01377,-0.00388,-0.00041,-0.00026,0.00071,0.61251,-0.00065,0.14062,0.00084,0.70706,-0.00009,0.70715,1,4,0,0
1765409430.340887,-0.03937,0.01373,0.00349,0.00046,0.00106,0.00033,0.61251,-0.00065,0.14062,0.00084,0.70706,-0.00009,0.70715,1,4,0,0
1765409430.342890,-0.01788,0.01569,0.01118,-0.00017,0.00068,0.00086,0.61251,-0.00065,0.14062,0.00084,0.70706,-0.00009,0.70715,1,4,0,0
1765409430.344888,-0.01411,0.01665,0.02592,-0.00016,0.00266,0.00059,0.61251,-0.00065,0.14062,0.00084,0.70706,-0.00009,0.70715,1,4,0,0
1765409430.346913,-0.00629,0.05574,0.05542,-0.00012,0.00279,0.00113,0.61251,-0.00065,0.14062,0.00084,0.70706,-0.00009,0.70715,1,4,0,0
1765409430.348894,0.03355,0.06240,-0.00554,-0.00178,0.00180,0.00105,0.61251,-0.00065,0.14062,0.00084,0.70706,-0.00009,0.70715,1,4,0,0
1765409430.350907,-0.00402,0.02882,-0.01955,-0.00067,-0.00090,0.00029,0.61251,-0.00065,0.14062,0.00084,0.70706,-0.00009,0.70715,1,4,0,0
1765409430.352912,-0.03541,0.00711,0.01136,0.00104,0.00013,0.00034,0.61251,-0.00065,0.14062,0.00084,0.70706,-0.00009,0.70715,1,4,0,0
1765409430.354925,-0.02319,0.02201,0.04113,0.00034,0.00251,0.00088,0.61251,-0.00065,0.14062,0.00084,0.70706,-0.00009,0.70715,1,4,0,0
1765409430.356907,0.01089,0.02082,0.04092,-0.00010,0.00286,0.00084,0.61255,-0.00065,0.14062,0.00084,0.70706,-0.00009,0.70715,1,4,0,0
1765409430.358920,0.01136,0.02633,0.03345,-0.00047,0.00184,0.00111,0.61255,-0.00065,0.14062,0.00084,0.70706,-0.00009,0.70715,1,4,0,0
1765409430.360913,0.01248,0.01742,-0.01169,-0.00102,0.00032,0.00095,0.61259,-0.00065,0.14062,0.00084,0.70706,-0.00009,0.70715,1,4,0,0
1765409430.362898,0.00294,0.02790,-0.02722,0.00020,0.00029,0.00067,0.61259,-0.00065,0.14062,0.00084,0.70706,-0.00009,0.70715,1,4,0,0
1765409430.364911,-0.05406,0.03887,-0.02738,-0.00142,0.00020,0.00005,0.61263,-0.00065,0.14062,0.00084,0.70706,-0.00009,0.70715,1,4,0,0
1765409430.366897,-0.05702,0.03051,0.03388,-0.00327,0.00076,0.00092,0.61263,-0.00065,0.14062,0.00084,0.70706,-0.00009,0.70715,1,4,0,0
1765409430.368907,-0.01616,0.03604,-0.00469,0.00095,0.00319,0.00164,0.61267,-0.00065,0.14062,0.00084,0.70706,-0.00009,0.70715,1,4,0,0
1765409430.371001,-0.01561,-0.00186,-0.00418,0.00202,0.00205,-0.00010,0.61267,-0.00065,0.14062,0.00084,0.70706,-0.00009,0.70715,1,4,0,0
1765409430.372903,-0.01692,-0.01695,-0.00324,0.00031,-0.00135,-0.00021,0.61271,-0.00065,0.14062,0.00084,0.70706,-0.00009,0.70715,1,4,0,0
1765409430.374957,0.00082,0.02566,-0.01202,-0.00136,-0.00032,0.00015,0.61271,-0.00065,0.14062,0.00084,0.70706,-0.00009,0.70715,1,4,0,0
1765409430.376959,0.02040,0.05122,0.01018,-0.00105,0.00096,0.00121,0.61271,-0.00065,0.14062,0.00084,0.70706,-0.00009,0.70715,1,4,0,0
1765409430.378960,-0.01800,0.04872,0.05593,-0.00108,0.00219,0.00155,0.61296,-0.00065,0.14063,0.00084,0.70705,-0.00009,0.70716,1,4,0,0
1765409430.380921,-0.02368,0.05234,0.01026,0.00071,0.00149,0.00125,0.61296,-0.00065,0.14063,0.00084,0.70705,-0.00009,0.70716,1,4,0,0
1765409430.382926,-0.01406,0.02442,0.01081,0.00103,-0.00053,0.00005,0.61296,-0.00065,0.14063,0.00084,0.70705,-0.00009,0.70716,1,4,0,0
1765409430.384945,0.02893,0.06124,0.00223,-0.00092,0.00059,0.00093,0.61296,-0.00065,0.14063,0.00084,0.70705,-0.00009,0.70716,1,4,0,0
1765409430.387259,0.00712,0.04338,0.04064,-0.00070,0.00214,0.00125,0.61296,-0.00065,0.14063,0.00084,0.70705,-0.00009,0.70716,1,4,0,0
1765409430.388944,-0.01881,0.05988,0.02515,0.00037,0.00116,0.00086,0.61296,-0.00065,0.14063,0.00084,0.70705,-0.00009,0.70716,1,4,0,0
1765409430.390953,-0.00606,0.02729,0.01821,0.00041,0.00154,0.00071,0.61296,-0.00065,0.14063,0.00084,0.70705,-0.00009,0.70716,1,4,0,0
1765409430.392925,-0.04030,-0.01030,-0.01870,0.00170,0.00071,0.00019,0.61296,-0.00065,0.14063,0.00084,0.70705,-0.00009,0.70716,1,4,0,0
1765409430.394943,-0.00456,0.02678,0.00288,-0.00091,0.00177,0.00030,0.61300,-0.00065,0.14063,0.00084,0.70705,-0.00009,0.70716,1,4,0,0
1765409430.396943,-0.02942,0.02834,-0.01164,-0.00133,0.00005,0.00112,0.61300,-0.00065,0.14063,0.00084,0.70705,-0.00009,0.70716,1,4,0,0
1765409430.398966,0.02039,0.07106,-0.00556,-0.00102,0.00081,0.00106,0.61300,-0.00065,0.14063,0.00084,0.70705,-0.00009,0.70716,1,4,0,0
1765409430.400941,-0.00060,0.04987,0.01020,-0.00063,0.00044,0.00070,0.61300,-0.00065,0.14063,0.00084,0.70705,-0.00009,0.70716,1,4,0,0
1765409430.402941,-0.03168,-0.00629,0.01135,0.00131,0.00161,0.00007,0.61300,-0.00065,0.14063,0.00084,0.70705,-0.00009,0.70716,1,4,0,0
1765409430.404945,-0.01302,-0.02115,-0.51938,-0.00040,-0.00070,0.00045,0.61304,-0.00065,0.14063,0.00084,0.70705,-0.00009,0.70716,1,4,0,0
1765409430.406936,0.00112,0.06052,-0.64986,-0.00247,-0.00294,0.00153,0.61304,-0.00065,0.14063,0.00084,0.70705,-0.00009,0.70716,1,4,0,0
1765409430.408943,-0.04710,0.10881,-0.31714,-0.00538,-0.00040,0.00129,0.61308,-0.00065,0.14063,0.00084,0.70705,-0.00009,0.70716,1,4,0,0
1765409430.410949,-0.02671,0.15923,-0.88871,-0.00959,0.00163,0.00013,0.61308,-0.00065,0.14063,0.00084,0.70705,-0.00009,0.70716,1,4,0,0
1765409430.412938,-0.01969,0.18341,-0.42578,-0.01606,0.00060,0.00023,0.61312,-0.00065,0.14063,0.00084,0.70705,-0.00009,0.70717,1,4,0,0
1765409430.414973,-0.03696,0.14932,-0.43955,-0.01123,-0.00118,0.00105,0.61312,-0.00065,0.14063,0.00084,0.70705,-0.00009,0.70717,1,4,0,0
1765409430.417280,-0.00375,0.20768,-0.66843,-0.01861,-0.00428,0.00084,0.61316,-0.00065,0.14063,0.00084,0.70705,-0.00009,0.70717,1,4,0,0
1765409430.418994,-0.05395,0.14898,-0.32543,-0.00686,-0.00174,0.00142,0.61320,-0.00065,0.14063,0.00084,0.70705,-0.00009,0.70717,1,4,0,0
1765409430.421047,-0.07298,0.14506,-0.52257,-0.01172,-0.00430,0.00022,0.61336,-0.00065,0.14063,0.00084,0.70704,-0.00009,0.70717,1,4,0,0
1765409430.423004,-0.07740,0.18369,-0.58372,-0.01628,-0.00515,0.00112,0.61340,-0.00065,0.14063,0.00084,0.70704,-0.00009,0.70717,1,4,0,0
1765409430.424968,-0.06372,0.14196,-0.55224,-0.01198,-0.00732,0.00074,0.61340,-0.00065,0.14063,0.00084,0.70704,-0.00009,0.70717,1,4,0,0
1765409430.427495,-0.08911,0.18424,-0.73504,-0.01606,-0.00893,0.00089,0.61340,-0.00065,0.14063,0.00084,0.70704,-0.00009,0.70717,1,4,0,0
1765409430.428978,-0.07052,0.18896,-0.67458,-0.01731,-0.00943,0.00038,0.61340,-0.00065,0.14063,0.00084,0.70704,-0.00009,0.70717,1,4,0,0
1765409430.431005,-0.10546,0.20715,-0.73636,-0.01688,-0.00611,-0.00018,0.61340,-0.00065,0.14063,0.00084,0.70704,-0.00009,0.70717,1,4,0,0
1765409430.432964,-0.07376,0.30132,-0.76122,-0.02032,-0.00616,0.00095,0.61340,-0.00065,0.14063,0.00084,0.70704,-0.00009,0.70717,1,4,0,0
1765409430.434972,-0.07043,0.22956,-0.57732,-0.01441,-0.00655,0.00070,0.61340,-0.00065,0.14063,0.00084,0.70704,-0.00009,0.70717,1,4,0,0
1765409430.436996,-0.03201,0.17124,-0.62942,-0.01468,-0.00570,0.00037,0.61340,-0.00065,0.14063,0.00084,0.70704,-0.00009,0.70717,1,4,0,0
1765409430.438952,-0.05376,0.12390,-0.60579,-0.01395,-0.00388,-0.00012,0.61340,-0.00065,0.14063,0.00084,0.70704,-0.00009,0.70717,1,4,0,0
1765409430.440977,-0.04917,0.14738,-0.54591,-0.01126,-0.00154,0.00044,0.61340,-0.00065,0.14063,0.00084,0.70704,-0.00009,0.70717,1,4,0,0
1765409430.442976,-0.06340,0.18151,-0.66023,-0.01434,-0.00214,0.00103,0.61340,-0.00065,0.14063,0.00084,0.70704,-0.00009,0.70717,1,4,0,0
1765409430.444960,-0.02021,0.16826,-0.65941,-0.01450,-0.00569,0.00141,0.61344,-0.00065,0.14063,0.00084,0.70705,-0.00009,0.70717,1,4,0,0
1765409430.447051,-0.05430,0.16587,-0.65158,-0.01322,-0.00732,0.00078,0.61344,-0.00065,0.14063,0.00084,0.70705,-0.00009,0.70717,1,4,0,0
1765409430.448975,-0.05223,0.17562,-0.69015,-0.01463,-0.00749,-0.00033,0.61344,-0.00065,0.14063,0.00084,0.70705,-0.00009,0.70717,1,4,0,0
1765409430.450991,-0.05813,0.16739,-0.58371,-0.01364,-0.00577,0.00016,0.61348,-0.00065,0.14063,0.00084,0.70705,-0.00009,0.70716,1,4,0,0
1765409430.452994,-0.05551,0.17451,-0.66724,-0.01268,-0.00553,0.00090,0.61348,-0.00065,0.14063,0.00084,0.70705,-0.00009,0.70716,1,4,0,0
1765409430.454991,-0.05000,0.16191,-0.64422,-0.01370,-0.00559,0.00065,0.61352,-0.00065,0.14063,0.00084,0.70704,-0.00009,0.70717,1,4,0,0
1765409430.456993,-0.05236,0.12669,-0.59782,-0.01194,-0.00401,0.00123,0.61352,-0.00065,0.14063,0.00084,0.70704,-0.00009,0.70717,1,4,0,0
1765409430.459003,-0.05020,0.12182,-0.58282,-0.01332,-0.00430,0.00016,0.61356,-0.00065,0.14063,0.00084,0.70704,-0.00009,0.70717,1,4,0,0
1765409430.461000,-0.02559,0.18444,-0.60725,-0.01365,-0.00350,0.00077,0.61356,-0.00065,0.14063,0.00084,0.70704,-0.00009,0.70717,1,4,0,0
1765409430.463016,-0.03885,0.19580,-0.62281,-0.01373,-0.00194,0.00103,0.61360,-0.00065,0.14063,0.00084,0.70705,-0.00009,0.70717,1,4,0,0
1765409430.464977,-0.00625,0.20267,-0.64584,-0.01626,-0.00311,0.00058,0.61376,-0.00065,0.14063,0.00084,0.70705,-0.00009,0.70717,1,4,0,0
1765409430.467014,-0.05311,0.16633,-0.64496,-0.01562,-0.00214,0.00023,0.61376,-0.00065,0.14063,0.00084,0.70705,-0.00009,0.70717,1,4,0,0
1765409430.468984,-0.04348,0.18157,-0.66797,-0.01653,-0.00341,0.00021,0.61376,-0.00065,0.14063,0.00084,0.70705,-0.00009,0.70717,1,4,0,0
1765409430.471868,-0.06038,0.20661,-0.62271,-0.01688,-0.00360,0.00079,0.61376,-0.00065,0.14063,0.00084,0.70705,-0.00009,0.70717,1,4,0,0
1765409430.472998,-0.08456,0.23797,-0.63067,-0.01759,-0.00549,0.00081,0.61376,-0.00065,0.14063,0.00084,0.70705,-0.00009,0.70717,1,4,0,0
1765409430.475001,-0.05101,0.20324,-0.63741,-0.01713,-0.00612,0.00092,0.61376,-0.00065,0.14063,0.00084,0.70705,-0.00009,0.70717,1,4,0,0
1765409430.476997,-0.05040,0.18745,-0.59936,-0.01776,-0.00485,0.00054,0.61376,-0.00065,0.14063,0.00084,0.70705,-0.00009,0.70717,1,4,0,0
1765409430.479015,-0.04664,0.18966,-0.60721,-0.01730,-0.00440,0.00026,0.61376,-0.00065,0.14063,0.00084,0.70705,-0.00009,0.70717,1,4,0,0
1765409430.480995,-0.03643,0.20570,-0.62299,-0.01579,-0.00275,0.00076,0.61376,-0.00065,0.14063,0.00084,0.70705,-0.00009,0.70717,1,4,0,0
1765409430.483019,-0.01996,0.18494,-0.60727,-0.01582,-0.00203,0.00130,0.61380,-0.00065,0.14063,0.00084,0.70704,-0.00009,0.70717,1,4,0,0
1765409430.484993,-0.05230,0.20047,-0.67591,-0.01695,-0.00242,0.00088,0.61380,-0.00065,0.14063,0.00084,0.70704,-0.00009,0.70717,1,4,0,0
1765409430.486998,-0.03056,0.18474,-0.70583,-0.01649,-0.00483,0.00030,0.61384,-0.00065,0.14063,0.00084,0.70704,-0.00009,0.70717,1,4,0,0
1765409430.489028,-0.05948,0.20210,-0.66814,-0.01737,-0.00437,0.00049,0.61384,-0.00065,0.14063,0.00084,0.70704,-0.00009,0.70717,1,4,0,0
1765409430.491035,-0.04686,0.21867,-0.64568,-0.01782,-0.00415,0.00103,0.61388,-0.00065,0.14063,0.00084,0.70705,-0.00009,0.70717,1,4,0,0
1765409430.492999,-0.08102,0.19492,-0.66033,-0.01702,-0.00385,0.00052,0.61388,-0.00065,0.14063,0.00084,0.70705,-0.00009,0.70717,1,4,0,0
1765409430.495020,-0.04851,0.17418,-0.64469,-0.01618,-0.00333,0.00104,0.61392,-0.00065,0.14063,0.00084,0.70705,-0.00009,0.70717,1,4,0,0
1765409430.497052,-0.07292,0.18526,-0.62977,-0.01648,-0.00407,0.00040,0.61392,-0.00065,0.14063,0.00084,0.70705,-0.00009,0.70717,1,4,0,0
1765409430.499105,-0.06895,0.17732,-0.61432,-0.01658,-0.00360,0.00082,0.61416,-0.00065,0.14063,0.00084,0.70704,-0.00009,0.70717,1,4,0,0
1765409430.501066,-0.08928,0.16025,-0.62160,-0.01701,-0.00322,0.00030,0.61416,-0.00065,0.14063,0.00084,0.70704,-0.00009,0.70717,1,4,1,0
1765409430.503039,-0.04490,0.19220,-0.63000,-0.01530,-0.00403,0.00077,0.61416,-0.00065,0.14063,0.00084,0.70704,-0.00009,0.70717,1,4,1,0
1765409430.505065,-0.06065,0.19793,-0.63755,-0.01611,-0.00486,0.00065,0.61416,-0.00065,0.14063,0.00084,0.70704,-0.00009,0.70717,1,4,1,0
1765409430.507091,-0.02874,0.19679,-0.62254,-0.01481,-0.00397,0.00103,0.61416,-0.00065,0.14063,0.00084,0.70704,-0.00009,0.70717,1,4,1,0
1765409430.509056,-0.02120,0.18639,-0.59991,-0.01384,-0.00292,0.00050,0.61416,-0.00065,0.14063,0.00084,0.70704,-0.00009,0.70717,1,4,1,0
1765409430.511034,-0.02229,0.15614,-0.62176,-0.01333,-0.00211,0.00130,0.61416,-0.00065,0.14063,0.00084,0.70704,-0.00009,0.70717,1,4,1,0
1765409430.513032,-0.02927,0.14648,-0.58363,-0.01432,-0.00228,0.00080,0.61416,-0.00065,0.14063,0.00084,0.70704,-0.00009,0.70717,1,4,1,0
1765409430.515048,-0.03047,0.14229,-0.60638,-0.01285,-0.00265,0.00052,0.61416,-0.00065,0.14063,0.00084,0.70704,-0.00009,0.70717,1,4,1,0
1765409430.517046,-0.04974,0.15088,-0.60640,-0.01406,-0.00395,0.00013,0.61416,-0.00065,0.14063,0.00084,0.70704,-0.00009,0.70717,1,4,1,0
1765409430.519032,-0.02849,0.20688,-0.60025,-0.01469,-0.00399,0.00037,0.61416,-0.00065,0.14063,0.00084,0.70704,-0.00009,0.70717,1,4,1,0
1765409430.521039,-0.04289,0.18870,-0.61514,-0.01360,-0.00202,0.00064,0.61416,-0.00065,0.14063,0.00084,0.70704,-0.00009,0.70717,1,4,1,0
1765409430.523031,-0.05550,0.19676,-0.65299,-0.01372,-0.00276,0.00103,0.61420,-0.00065,0.14063,0.00084,0.70704,-0.00009,0.70717,1,4,1,0
1765409430.525038,-0.03456,0.14484,-0.59876,-0.01303,-0.00272,0.00066,0.61420,-0.00065,0.14063,0.00084,0.70704,-0.00009,0.70717,1,4,1,0
1765409430.527074,-0.05460,0.14329,-0.61352,-0.01393,-0.00374,0.00094,0.61424,-0.00065,0.14063,0.00084,0.70704,-0.00009,0.70717,1,4,1,0
1765409430.529054,-0.04188,0.16092,-0.58366,-0.01371,-0.00443,0.00068,0.61424,-0.00065,0.14063,0.00084,0.70704,-0.00009,0.70717,1,4,1,0
1765409430.531058,-0.03442,0.16630,-0.59886,-0.01277,-0.00502,0.00093,0.61428,-0.00065,0.14063,0.00084,0.70704,-0.00009,0.70717,1,4,1,0
1765409430.533057,-0.02940,0.16294,-0.62173,-0.01369,-0.00432,0.00077,0.61428,-0.00065,0.14063,0.00084,0.70704,-0.00009,0.70717,1,4,1,0
1765409430.535055,-0.03089,0.19639,-0.63813,-0.01285,-0.00255,0.00061,0.61436,-0.00065,0.14063,0.00084,0.70705,-0.00009,0.70717,1,4,1,0
1765409430.537065,-0.05232,0.15545,-0.62944,-0.01203,-0.00277,0.00038,0.61436,-0.00065,0.14063,0.00084,0.70705,-0.00009,0.70717,1,4,1,0
1765409430.539065,-0.04282,0.14547,-0.64420,-0.01303,-0.00338,0.00063,0.61436,-0.00065,0.14063,0.00084,0.70705,-0.00009,0.70717,1,4,1,0
1765409430.541053,-0.04246,0.12661,-0.65126,-0.01282,-0.00439,0.00037,0.61447,-0.00065,0.14062,0.00084,0.70705,-0.00009,0.70716,1,4,1,0
1765409430.543099,-0.05085,0.16522,-0.67491,-0.01366,-0.00355,0.00088,0.61447,-0.00065,0.14062,0.00084,0.70705,-0.00009,0.70716,1,4,1,0
1765409430.545050,-0.02490,0.16935,-0.64465,-0.01448,-0.00361,0.00115,0.61447,-0.00065,0.14062,0.00084,0.70705,-0.00009,0.70716,1,4,1,0
1765409430.547065,-0.03347,0.19340,-0.63790,-0.01463,-0.00252,0.00088,0.61447,-0.00065,0.14062,0.00084,0.70705,-0.00009,0.70716,1,4,1,0
1765409430.549065,-0.02291,0.18308,-0.64522,-0.01650,-0.00289,0.00074,0.61447,-0.00065,0.14062,0.00084,0.70705,-0.00009,0.70716,1,4,1,0
1765409430.551069,-0.06918,0.17607,-0.57656,-0.01681,-0.00195,0.00084,0.61447,-0.00065,0.14062,0.00084,0.70705,-0.00009,0.70716,1,4,1,0
1765409430.553069,-0.03007,0.19333,-0.59968,-0.01769,-0.00357,0.00092,0.61447,-0.00065,0.14062,0.00084,0.70705,-0.00009,0.70716,1,4,1,0
1765409430.555084,-0.05126,0.20562,-0.64561,-0.01776,-0.00295,0.00077,0.61452,-0.00065,0.14062,0.00084,0.70705,-0.00009,0.70716,1,4,1,0
1765409430.557060,-0.03310,0.22602,-0.63858,-0.01839,-0.00446,0.00021,0.61452,-0.00065,0.14062,0.00084,0.70705,-0.00009,0.70716,1,4,1,0
1765409430.559071,-0.05154,0.21103,-0.62260,-0.01770,-0.00370,0.00146,0.61456,-0.00065,0.14062,0.00084,0.70705,-0.00009,0.70716,1,4,1,0
1765409430.561076,-0.06059,0.19248,-0.58428,-0.01639,-0.00422,0.00083,0.61456,-0.00065,0.14062,0.00084,0.70705,-0.00009,0.70716,1,4,1,0
1765409430.563076,-0.03275,0.19330,-0.59971,-0.01550,-0.00277,0.00132,0.61460,-0.00065,0.14062,0.00084,0.70705,-0.00009,0.70716,1,4,1,0
1765409430.565078,-0.01167,0.19572,-0.62289,-0.01504,-0.00304,0.00061,0.61460,-0.00065,0.14062,0.00084,0.70705,-0.00009,0.70716,1,4,1,0
1765409430.567082,-0.02926,0.18181,-0.64501,-0.01433,-0.00357,0.00102,0.61464,-0.00065,0.14062,0.00084,0.70705,-0.00009,0.70716,1,4,1,0
1765409430.569070,-0.06667,0.14109,-0.65156,-0.01418,-0.00373,0.00039,0.61464,-0.00065,0.14062,0.00084,0.70705,-0.00009,0.70716,1,4,1,0
1765409430.571132,-0.05435,0.17305,-0.63701,-0.01422,-0.00415,0.00092,0.61468,-0.00065,0.14062,0.00084,0.70705,-0.00009,0.70716,1,4,1,0
1765409430.573107,-0.02997,0.16257,-0.61387,-0.01369,-0.00405,0.00159,0.61468,-0.00065,0.14062,0.00084,0.70705,-0.00009,0.70716,1,4,1,0
1765409430.575108,-0.03934,0.17296,-0.62199,-0.01248,-0.00382,0.00091,0.61472,-0.00065,0.14062,0.00084,0.70705,-0.00009,0.70716,1,4,1,0
1765409430.577108,-0.03929,0.13786,-0.57594,-0.01225,-0.00267,0.00028,0.61472,-0.00065,0.14062,0.00084,0.70705,-0.00009,0.70716,1,4,1,0
1765409430.579133,-0.06232,0.08155,-0.55154,-0.01053,-0.00196,0.00087,0.61484,-0.00065,0.14061,0.00084,0.70706,-0.00009,0.70715,1,4,1,0
1765409430.581120,-0.04288,0.11860,-0.59782,-0.00942,-0.00259,0.00161,0.61488,-0.00065,0.14061,0.00084,0.70706,-0.00009,0.70715,1,4,1,0
1765409430.583081,-0.03913,0.14996,-0.53056,-0.00926,-0.00153,0.00138,0.61488,-0.00065,0.14061,0.00084,0.70706,-0.00009,0.70715,1,4,1,0
1765409430.585096,-0.04480,0.15535,-0.61416,-0.01138,-0.00273,0.00079,0.61488,-0.00065,0.14061,0.00084,0.70706,-0.00009,0.70715,1,4,1,0
1765409430.587219,-0.04745,0.15300,-0.63698,-0.01250,-0.00309,0.00024,0.61488,-0.00065,0.14061,0.00084,0.70706,-0.00009,0.70715,1,4,1,0
1765409430.589099,-0.02570,0.15573,-0.66730,-0.01290,-0.00436,0.00033,0.61488,-0.00065,0.14061,0.00084,0.70706,-0.00009,0.70715,1,4,1,0
1765409430.591105,-0.06019,0.15082,-0.64434,-0.01253,-0.00318,0.00051,0.61488,-0.00065,0.14061,0.00084,0.70706,-0.00009,0.70715,1,4,1,0
1765409430.593101,-0.02603,0.13482,-0.64380,-0.01337,-0.00318,0.00129,0.61488,-0.00065,0.14061,0.00084,0.70706,-0.00009,0.70715,1,4,1,0
1765409430.595109,-0.06457,0.12294,-0.60593,-0.01243,-0.00184,0.00028,0.61492,-0.00065,0.14061,0.00084,0.70706,-0.00009,0.70715,1,4,1,0
1765409430.597092,-0.03834,0.13775,-0.60626,-0.01312,-0.00293,0.00026,0.61492,-0.00065,0.14061,0.00084,0.70706,-0.00009,0.70715,1,4,1,0
1765409430.599100,-0.04625,0.12372,-0.60554,-0.01351,-0.00396,0.00068,0.61495,-0.00065,0.14061,0.00084,0.70706,-0.00009,0.70715,1,4,1,0
1765409430.601096,-0.05745,0.15705,-0.59890,-0.01201,-0.00169,0.00135,0.61495,-0.00065,0.14061,0.00084,0.70706,-0.00009,0.70715,1,4,1,0
1765409430.603134,-0.04778,0.17179,-0.59161,-0.01314,-0.00232,0.00134,0.61500,-0.00065,0.14061,0.00084,0.70706,-0.00009,0.70715,1,4,1,0
1765409430.605114,-0.02544,0.15883,-0.59940,-0.01374,-0.00209,0.00024,0.61500,-0.00065,0.14061,0.00084,0.70706,-0.00009,0.70715,1,4,1,0
1765409430.607100,-0.04527,0.14672,-0.62943,-0.01476,-0.00210,-0.00003,0.61504,-0.00065,0.14061,0.00084,0.70706,-0.00009,0.70715,1,4,1,0
1765409430.609108,-0.04763,0.15598,-0.61416,-0.01356,-0.00117,0.00133,0.61504,-0.00065,0.14061,0.00084,0.70706,-0.00009,0.70715,1,4,1,0
1765409430.611115,-0.02174,0.17053,-0.63735,-0.01403,-0.00187,0.00128,0.61525,-0.00065,0.14062,0.00084,0.70705,-0.00009,0.70716,1,4,1,0
1765409430.613123,-0.02532,0.15464,-0.60632,-0.01401,-0.00347,0.00118,0.61525,-0.00065,0.14062,0.00084,0.70705,-0.00009,0.70716,1,4,1,0
1765409430.615123,-0.04304,0.16970,-0.62966,-0.01317,-0.00289,0.00077,0.61525,-0.00065,0.14062,0.00084,0.70705,-0.00009,0.70716,1,4,1,0
1765409430.617350,-0.05364,0.18250,-0.63775,-0.01455,-0.00342,-0.00017,0.61525,-0.00065,0.14062,0.00084,0.70705,-0.00009,0.70716,1,4,1,0
1765409430.619141,-0.05656,0.16498,-0.57620,-0.01607,-0.00362,0.00057,0.61525,-0.00065,0.14062,0.00084,0.70705,-0.00009,0.70716,1,4,1,0
1765409430.621120,-0.05155,0.15473,-0.59875,-0.01335,-0.00252,0.00121,0.61525,-0.00065,0.14062,0.00084,0.70705,-0.00009,0.70716,1,4,1,0
1765409430.623112,-0.04682,0.13711,-0.58339,-0.01357,-0.00206,0.00069,0.61525,-0.00065,0.14062,0.00084,0.70705,-0.00009,0.70716,1,4,1,0
1765409430.625109,-0.06356,0.14718,-0.56851,-0.01366,-0.00175,0.00044,0.61525,-0.00065,0.14062,0.00084,0.70705,-0.00009,0.70716,1,4,1,0
1765409430.627108,-0.04648,0.16666,-0.59967,-0.01365,-0.00185,-0.00014,0.61525,-0.00065,0.14062,0.00084,0.70705,-0.00009,0.70716,1,4,1,0
1765409430.629140,-0.03245,0.20976,-0.63054,-0.01487,-0.00458,0.00049,0.61525,-0.00065,0.14062,0.00084,0.70705,-0.00009,0.70716,1,4,1,0
1765409430.631114,-0.03876,0.18670,-0.66787,-0.01362,-0.00307,0.00127,0.61529,-0.00065,0.14063,0.00084,0.70705,-0.00009,0.70716,1,4,1,0
1765409430.633120,-0.04614,0.13696,-0.62133,-0.01422,-0.00220,0.00066,0.61529,-0.00065,0.14063,0.00084,0.70705,-0.00009,0.70716,1,4,1,0
1765409430.635114,-0.06685,0.11167,-0.60560,-0.01344,-0.00334,-0.00038,0.61533,-0.00065,0.14062,0.00084,0.70706,-0.00009,0.70716,1,4,1,0
1765409430.637126,-0.02536,0.15036,-0.58362,-0.01340,-0.00386,0.00053,0.61533,-0.00065,0.14062,0.00084,0.70706,-0.00009,0.70716,1,4,1,0
1765409430.639128,-0.03404,0.19320,-0.60000,-0.01420,-0.00200,0.00091,0.61537,-0.00065,0.14063,0.00084,0.70705,-0.00009,0.70716,1,4,1,0
1765409430.641124,-0.04771,0.20543,-0.60787,-0.01361,-0.00134,0.00118,0.61537,-0.00065,0.14063,0.00084,0.70705,-0.00009,0.70716,1,4,1,0
1765409430.643154,-0.03776,0.20107,-0.64564,-0.01454,-0.00272,0.00088,0.61541,-0.00065,0.14063,0.00084,0.70705,-0.00009,0.70716,1,4,1,0
1765409430.645134,-0.04071,0.14032,-0.60610,-0.01484,-0.00366,0.00040,0.61541,-0.00065,0.14063,0.00084,0.70705,-0.00009,0.70716,1,4,1,0
1765409430.647160,-0.04480,0.13371,-0.62874,-0.01448,-0.00438,-0.00001,0.61541,-0.00065,0.14063,0.00084,0.70705,-0.00009,0.70716,1,4,1,0
1765409430.649152,-0.02558,0.16460,-0.59151,-0.01367,-0.00335,0.00092,0.61545,-0.00065,0.14063,0.00084,0.70705,-0.00009,0.70716,1,4,1,0
1765409430.651174,-0.00453,0.18034,-0.55401,-0.01435,-0.00234,0.00146,0.61545,-0.00065,0.14063,0.00084,0.70705,-0.00009,0.70716,1,4,1,0
1765409430.653137,-0.02853,0.17828,-0.58487,-0.01132,-0.00080,0.00051,0.61566,-0.00065,0.14064,0.00084,0.70704,-0.00009,0.70717,1,4,1,0
1765409430.655145,0.00003,0.17748,-0.52457,-0.01373,-0.00104,-0.00068,0.61566,-0.00065,0.14064,0.00084,0.70704,-0.00009,0.70717,1,4,1,0
1765409430.657578,-0.03474,0.15879,-0.55408,-0.01287,-0.00123,-0.00012,0.61566,-0.00065,0.14064,0.00084,0.70704,-0.00009,0.70717,1,4,1,0
1765409430.659130,-0.02836,0.18661,-0.59959,-0.01515,-0.00359,0.00092,0.61566,-0.00065,0.14064,0.00084,0.70704,-0.00009,0.70717,1,4,1,0
1765409430.661138,-0.03288,0.18868,-0.63004,-0.01512,-0.00302,0.00103,0.61566,-0.00065,0.14064,0.00084,0.70704,-0.00009,0.70717,1,4,1,0
1765409430.663129,-0.03168,0.18377,-0.64531,-0.01584,-0.00317,0.00035,0.61566,-0.00065,0.14064,0.00084,0.70704,-0.00009,0.70717,1,4,1,0
1765409430.665135,-0.03504,0.16584,-0.66016,-0.01672,-0.00248,0.00021,0.61566,-0.00065,0.14064,0.00084,0.70704,-0.00009,0.70717,1,4,1,0
1765409430.667147,-0.05262,0.15707,-0.62186,-0.01573,-0.00290,0.00012,0.61566,-0.00065,0.14064,0.00084,0.70704,-0.00009,0.70717,1,4,1,0
1765409430.669159,-0.04823,0.17930,-0.56889,-0.01633,-0.00347,0.00096,0.61566,-0.00065,0.14064,0.00084,0.70704,-0.00009,0.70717,1,4,1,0
1765409430.671163,-0.03731,0.18739,-0.60709,-0.01448,-0.00412,0.00092,0.61570,-0.00065,0.14064,0.00084,0.70704,-0.00009,0.70717,1,4,1,0
1765409430.673249,-0.06027,0.16305,-0.59144,-0.01610,-0.00409,0.00002,0.61570,-0.00065,0.14064,0.00084,0.70704,-0.00009,0.70717,1,4,1,0
1765409430.675168,-0.02368,0.15960,-0.59915,-0.01504,-0.00363,0.00025,0.61574,-0.00065,0.14064,0.00084,0.70704,-0.00009,0.70717,1,4,1,0
1765409430.677238,-0.02491,0.15377,-0.61402,-0.01467,-0.00258,0.00118,0.61574,-0.00065,0.14064,0.00084,0.70704,-0.00009,0.70717,1,4,1,0
1765409430.679246,-0.02536,0.17876,-0.60716,-0.01415,-0.00273,0.00090,0.61578,-0.00065,0.14064,0.00084,0.70704,-0.00009,0.70717,1,4,1,0
1765409430.681290,-0.05552,0.15761,-0.62904,-0.01354,-0.00310,0.00133,0.61578,-0.00065,0.14064,0.00084,0.70704,-0.00009,0.70717,1,4,1,0
1765409430.683229,-0.03901,0.13229,-0.62899,-0.01275,-0.00215,0.00037,0.61582,-0.00065,0.14064,0.00084,0.70704,-0.00009,0.70717,1,4,1,0
1765409430.685268,-0.04256,0.14938,-0.60692,-0.01320,-0.00176,-0.00029,0.61582,-0.00065,0.14064,0.00084,0.70704,-0.00009,0.70717,1,4,1,0
1765409430.687179,-0.02234,0.14684,-0.62167,-0.01279,-0.00249,0.00076,0.61610,-0.00065,0.14064,0.00084,0.70704,-0.00009,0.70718,1,4,1,0
1765409430.689167,-0.04842,0.15223,-0.62163,-0.01229,-0.00217,0.00105,0.61610,-0.00065,0.14064,0.00084,0.70704,-0.00009,0.70718,1,4,1,0
1765409430.691170,-0.03566,0.15566,-0.58352,-0.01203,-0.00373,0.00121,0.61610,-0.00065,0.14064,0.00084,0.70704,-0.00009,0.70718,1,4,1,0
1765409430.693170,-0.05271,0.12167,-0.59822,-0.01113,-0.00326,0.00015,0.61610,-0.00065,0.14064,0.00084,0.70704,-0.00009,0.70718,1,4,1,0
1765409430.695177,-0.05275,0.12223,-0.58295,-0.01091,-0.00389,0.00016,0.61610,-0.00065,0.14064,0.00084,0.70704,-0.00009,0.70718,1,4,1,0
1765409430.698236,-0.07402,0.08514,-0.61203,-0.01114,-0.00346,0.00098,0.61610,-0.00065,0.14064,0.00084,0.70704,-0.00009,0.70718,1,4,1,0
1765409430.699193,-0.04984,0.13307,-0.59812,-0.01099,-0.00252,0.00162,0.61610,-0.00065,0.14064,0.00084,0.70704,-0.00009,0.70718,1,4,1,0
1765409430.701174,-0.05589,0.14136,-0.56811,-0.00893,-0.00258,0.00124,0.61610,-0.00065,0.14064,0.00084,0.70704,-0.00009,0.70718,1,4,1,0
1765409430.703185,-0.06826,0.17368,-0.53082,-0.00941,-0.00272,0.00141,0.61610,-0.00065,0.14064,0.00084,0.70704,-0.00009,0.70718,1,4,1,0
1765409430.705208,-0.02324,0.14272,-0.58345,-0.01175,-0.00311,0.00093,0.61610,-0.00065,0.14064,0.00084,0.70704,-0.00009,0.70718,1,4,1,0
1765409430.707172,-0.03025,0.15891,-0.50808,-0.01002,-0.00088,0.00152,0.61610,-0.00065,0.14064,0.00084,0.70704,-0.00009,0.70718,1,4,1,0
1765409430.709175,-0.02298,0.13472,-0.53792,-0.00857,-0.00120,0.00136,0.61610,-0.00065,0.14064,0.00084,0.70704,-0.00009,0.70718,1,4,1,0
1765409430.711174,-0.05624,0.09561,-0.58205,-0.00926,-0.00113,0.00204,0.61610,-0.00065,0.14064,0.00084,0.70704,-0.00009,0.70718,1,4,1,0
1765409430.713171,-0.03472,0.14275,-0.55347,-0.00891,-0.00158,0.00055,0.61610,-0.00065,0.14064,0.00084,0.70704,-0.00009,0.70718,1,4,1,0
1765409430.715167,-0.04496,0.13521,-0.62163,-0.01097,-0.00184,0.00011,0.61610,-0.00065,0.14064,0.00084,0.70704,-0.00009,0.70718,1,4,1,0
1765409430.717163,-0.03643,0.15425,-0.60658,-0.01183,-0.00181,0.00119,0.61614,-0.00065,0.14064,0.00084,0.70704,-0.00009,0.70717,1,4,1,0
1765409430.719166,-0.04317,0.14950,-0.59881,-0.01320,-0.00224,0.00094,0.61614,-0.00065,0.14064,0.00084,0.70704,-0.00009,0.70717,1,4,1,0
1765409430.721169,-0.02915,0.15184,-0.62948,-0.01404,-0.00267,0.00023,0.61618,-0.00065,0.14064,0.00084,0.70704,-0.00009,0.70717,1,4,1,0
1765409430.723192,-0.05061,0.13508,-0.57605,-0.01337,-0.00216,-0.00025,0.61622,-0.00065,0.14064,0.00084,0.70704,-0.00009,0.70717,1,4,1,0
1765409430.725201,-0.01939,0.17368,-0.53903,-0.01181,-0.00167,0.00068,0.61622,-0.00065,0.14064,0.00084,0.70704,-0.00009,0.70717,1,4,1,0
1765409430.727203,-0.04301,0.17824,-0.60692,-0.01416,-0.00174,0.00173,0.61626,-0.00065,0.14064,0.00084,0.70704,-0.00009,0.70717,1,4,1,0
1765409430.729231,-0.02940,0.18643,-0.63007,-0.01428,-0.00307,0.00089,0.61650,-0.00065,0.14063,0.00084,0.70705,-0.00009,0.70716,1,4,1,0
1765409430.731256,-0.09345,0.15769,-0.61401,-0.01704,-0.00292,0.00017,0.61650,-0.00065,0.14063,0.00084,0.70705,-0.00009,0.70716,1,4,1,0
1765409430.733263,-0.06137,0.16256,-0.62161,-0.01566,-0.00355,0.00081,0.61650,-0.00065,0.14063,0.00084,0.70705,-0.00009,0.70716,1,4,1,0
1765409430.735197,-0.03159,0.16896,-0.64457,-0.01624,-0.00353,0.00116,0.61650,-0.00065,0.14063,0.00084,0.70705,-0.00009,0.70716,1,4,1,0
1765409430.737223,-0.02690,0.17528,-0.66008,-0.01703,-0.00257,0.00114,0.61650,-0.00065,0.14063,0.00084,0.70705,-0.00009,0.70716,1,4,1,0
1765409430.739276,-0.03380,0.16759,-0.59921,-0.01494,-0.00121,0.00159,0.61650,-0.00065,0.14063,0.00084,0.70705,-0.00009,0.70716,1,4,1,0
1765409430.741326,-0.02756,0.18491,-0.62275,-0.01626,-0.00170,0.00049,0.61650,-0.00065,0.14063,0.00084,0.70705,-0.00009,0.70716,1,4,1,0
1765409430.743200,-0.01952,0.19478,-0.60761,-0.01614,-0.00205,0.00103,0.61650,-0.00065,0.14063,0.00084,0.70705,-0.00009,0.70716,1,4,1,0
1765409430.745197,-0.01977,0.15633,-0.58357,-0.01551,-0.00315,0.00133,0.61650,-0.00065,0.14063,0.00084,0.70705,-0.00009,0.70716,1,4,1,0
1765409430.747231,-0.02910,0.19096,-0.59232,-0.01466,-0.00257,0.00078,0.61650,-0.00065,0.14063,0.00084,0.70705,-0.00009,0.70716,1,4,1,0
1765409430.749200,-0.01965,0.16678,-0.59180,-0.01495,-0.00344,0.00025,0.61650,-0.00065,0.14063,0.00084,0.70705,-0.00009,0.70716,1,4,1,0
1765409430.751199,-0.02459,0.18774,-0.55481,-0.01470,-0.00137,-0.00014,0.61650,-0.00065,0.14063,0.00084,0.70705,-0.00009,0.70716,1,4,1,0
1765409430.753227,-0.03865,0.16594,-0.57652,-0.01387,-0.00154,0.00108,0.61650,-0.00065,0.14063,0.00084,0.70705,-0.00009,0.70716,1,4,1,0
1765409430.755224,-0.01847,0.20755,-0.55500,-0.01315,-0.00145,0.00092,0.61650,-0.00065,0.14063,0.00084,0.70705,-0.00009,0.70716,1,4,1,0
1765409430.757213,0.00161,0.18499,-0.53941,-0.01211,-0.00116,0.00092,0.61654,-0.00065,0.14064,0.00084,0.70705,-0.00009,0.70717,1,4,1,0
1765409430.759221,-0.03542,0.20288,-0.59309,-0.01277,-0.00099,0.00024,0.61654,-0.00065,0.14064,0.00084,0.70705,-0.00009,0.70717,1,4,1,0
1765409430.761218,-0.04856,0.15816,-0.58370,-0.01178,-0.00320,0.00095,0.61658,-0.00065,0.14063,0.00084,0.70705,-0.00009,0.70716,1,4,1,0
1765409430.763217,-0.02207,0.14689,-0.61405,-0.01301,-0.00262,0.00077,0.61658,-0.00065,0.14063,0.00084,0.70705,-0.00009,0.70716,1,4,1,0
1765409430.765215,-0.03199,0.13200,-0.61342,-0.01210,-0.00209,0.00159,0.61662,-0.00065,0.14063,0.00084,0.70705,-0.00009,0.70716,1,4,1,0
1765409430.767208,-0.02918,0.14930,-0.56871,-0.01058,-0.00140,0.00094,0.61662,-0.00065,0.14063,0.00084,0.70705,-0.00009,0.70716,1,4,1,0
1765409430.769257,-0.06256,0.12556,-0.59830,-0.01065,-0.00161,0.00082,0.61666,-0.00065,0.14063,0.00084,0.70705,-0.00009,0.70716,1,4,1,0
1765409430.771227,-0.05724,0.13791,-0.57581,-0.01159,-0.00207,0.00070,0.61666,-0.00065,0.14063,0.00084,0.70705,-0.00009,0.70716,1,4,1,0
1765409430.773245,-0.06291,0.14565,-0.58329,-0.01062,-0.00224,0.00150,0.61670,-0.00065,0.14063,0.00084,0.70705,-0.00009,0.70716,1,4,1,0
1765409430.775235,-0.04635,0.13578,-0.56777,-0.01030,-0.00269,0.00177,0.61674,-0.00065,0.14063,0.00084,0.70705,-0.00009,0.70716,1,4,1,0
1765409430.777266,-0.05354,0.15108,-0.56073,-0.01099,-0.00313,0.00097,0.61690,-0.00065,0.14063,0.00084,0.70705,-0.00009,0.70716,1,4,1,0
1765409430.779245,-0.04100,0.13790,-0.52291,-0.01072,-0.00202,0.00032,0.61690,-0.00065,0.14063,0.00084,0.70705,-0.00009,0.70716,1,4,1,0
1765409430.781301,-0.04387,0.13975,-0.59884,-0.01222,-0.00185,0.00040,0.61690,-0.00065,0.14063,0.00084,0.70705,-0.00009,0.70716,1,4,1,0
1765409430.783228,-0.04166,0.12729,-0.57550,-0.01084,-0.00147,0.00136,0.61690,-0.00065,0.14063,0.00084,0.70705,-0.00009,0.70716,1,4,1,0
1765409430.785238,-0.03190,0.15648,-0.62938,-0.01224,-0.00186,0.00130,0.61690,-0.00065,0.14063,0.00084,0.70705,-0.00009,0.70716,1,4,1,0
1765409430.787242,-0.03597,0.14999,-0.61421,-0.01166,-0.00246,0.00051,0.61690,-0.00065,0.14063,0.00084,0.70705,-0.00009,0.70716,1,4,1,0
1765409430.789248,-0.03491,0.16944,-0.61473,-0.01274,-0.00249,0.00037,0.61690,-0.00065,0.14063,0.00084,0.70705,-0.00009,0.70716,1,4,1,0
1765409430.791297,-0.02590,0.15021,-0.64444,-0.01297,-0.00359,0.00048,0.61690,-0.00065,0.14063,0.00084,0.70705,-0.00009,0.70716,1,4,1,0
1765409430.793239,-0.03004,0.13778,-0.56813,-0.01312,-0.00328,0.00068,0.61690,-0.00065,0.14063,0.00084,0.70705,-0.00009,0.70716,1,4,1,0
1765409430.795235,-0.02073,0.11985,-0.55239,-0.01071,-0.00210,0.00176,0.61690,-0.00065,0.14063,0.00084,0.70705,-0.00009,0.70716,1,4,1,0
1765409430.797228,-0.03296,0.14143,-0.52281,-0.01133,-0.00096,0.00138,0.61694,-0.00065,0.14063,0.00084,0.70705,-0.00009,0.70717,1,4,1,0
1765409430.799248,-0.03677,0.15926,-0.56176,-0.01089,-0.00108,-0.00013,0.61694,-0.00065,0.14063,0.00084,0.70705,-0.00009,0.70717,1,4,1,0
1765409430.801233,-0.04950,0.14217,-0.54579,-0.01110,-0.00115,0.00057,0.61698,-0.00065,0.14064,0.00084,0.70704,-0.00009,0.70717,1,4,1,0
1765409430.803253,-0.03422,0.13522,-0.56054,-0.01315,-0.00298,0.00056,0.61698,-0.00065,0.14064,0.00084,0.70704,-0.00009,0.70717,1,4,1,0
1765409430.805251,-0.01376,0.15629,-0.61433,-0.01311,-0.00234,0.00089,0.61702,-0.00065,0.14063,0.00084,0.70705,-0.00009,0.70717,1,4,1,0
1765409430.807253,-0.01823,0.18762,-0.62280,-0.01339,-0.00142,0.00101,0.61702,-0.00065,0.14063,0.00084,0.70705,-0.00009,0.70717,1,4,1,0
1765409430.809341,-0.04396,0.18781,-0.63055,-0.01295,-0.00061,0.00062,0.61706,-0.00065,0.14063,0.00084,0.70704,-0.00009,0.70717,1,4,1,0
1765409430.811278,-0.04645,0.15161,-0.58361,-0.01426,-0.00207,0.00109,0.61710,-0.00065,0.14063,0.00084,0.70704,-0.00009,0.70717,1,4,1,0
1765409430.813271,-0.05458,0.12837,-0.59020,-0.01411,-0.00373,0.00137,0.61726,-0.00065,0.14063,0.00084,0.70704,-0.00009,0.70717,1,4,1,0
1765409430.815249,-0.05127,0.14566,-0.59860,-0.01303,-0.00328,0.00068,0.61726,-0.00065,0.14063,0.00084,0.70704,-0.00009,0.70717,1,4,1,0
1765409430.817309,-0.03262,0.15548,-0.59145,-0.01422,-0.00404,-0.00001,0.61726,-0.00065,0.14063,0.00084,0.70704,-0.00009,0.70717,1,4,1,0
1765409430.819293,-0.04345,0.14515,-0.55317,-0.01259,-0.00262,0.00070,0.61726,-0.00065,0.14063,0.00084,0.70704,-0.00009,0.70717,1,4,1,0
1765409430.821265,-0.03481,0.13993,-0.56840,-0.01266,-0.00247,0.00041,0.61726,-0.00065,0.14063,0.00084,0.70704,-0.00009,0.70717,1,4,1,0
1765409430.823277,-0.01086,0.17873,-0.54679,-0.01175,-0.00203,0.00053,0.61726,-0.00065,0.14063,0.00084,0.70704,-0.00009,0.70717,1,4,1,0
1765409430.825249,-0.04507,0.16466,-0.53870,-0.01127,-0.00173,0.00057,0.61726,-0.00065,0.14063,0.00084,0.70704,-0.00009,0.70717,1,4,1,0
1765409430.827263,-0.03563,0.14889,-0.60658,-0.01255,-0.00144,0.00092,0.61726,-0.00065,0.14063,0.00084,0.70704,-0.00009,0.70717,1,4,1,0
1765409430.829255,-0.02196,0.14654,-0.61409,-0.01323,-0.00224,0.00077,0.61726,-0.00065,0.14063,0.00084,0.70704,-0.00009,0.70717,1,4,1,0
1765409430.831270,-0.03983,0.14207,-0.55350,-0.01198,-0.00153,0.00016,0.61726,-0.00065,0.14063,0.00084,0.70704,-0.00009,0.70717,1,4,1,0
1765409430.833274,-0.02135,0.16670,-0.54601,-0.01386,-0.00302,0.00109,0.61730,-0.00065,0.14063,0.00084,0.70705,-0.00009,0.70716,1,4,1,0
1765409430.835279,-0.03006,0.14771,-0.59127,-0.01300,-0.00329,0.00039,0.61730,-0.00065,0.14063,0.00084,0.70705,-0.00009,0.70716,1,4,1,0
1765409430.837314,-0.01432,0.16113,-0.53104,-0.01262,-0.00184,0.00082,0.61734,-0.00065,0.14063,0.00084,0.70705,-0.00009,0.70716,1,4,1,0
1765409430.839289,-0.03184,0.16108,-0.56145,-0.01218,-0.00112,0.00081,0.61734,-0.00065,0.14063,0.00084,0.70705,-0.00009,0.70716,1,4,1,0
1765409430.841267,-0.06032,0.16403,-0.61442,-0.01324,-0.00141,0.00093,0.61738,-0.00065,0.14063,0.00084,0.70705,-0.00009,0.70716,1,4,1,0
1765409430.843295,-0.02869,0.17160,-0.56907,-0.01468,-0.00295,0.00054,0.61738,-0.00065,0.14063,0.00084,0.70705,-0.00009,0.70716,1,4,1,0
1765409430.845303,-0.02075,0.16630,-0.62197,-0.01452,-0.00290,0.00103,0.61742,-0.00066,0.14063,0.00084,0.70705,-0.00009,0.70716,1,4,1,0
1765409430.847315,-0.02404,0.18834,-0.60747,-0.01535,-0.00276,0.00063,0.61742,-0.00066,0.14063,0.00084,0.70705,-0.00009,0.70716,1,4,1,0
1765409430.849301,-0.01337,0.19452,-0.54727,-0.01396,-0.00087,0.00066,0.61766,-0.00065,0.14064,0.00084,0.70704,-0.00009,0.70717,1,4,1,0
1765409430.851306,-0.00395,0.18926,-0.56967,-0.01511,-0.00135,0.00118,0.61766,-0.00065,0.14064,0.00084,0.70704,-0.00009,0.70717,1,4,1,0
1765409430.853318,-0.01749,0.14800,-0.52311,-0.01387,-0.00116,0.00097,0.61766,-0.00065,0.14064,0.00084,0.70704,-0.00009,0.70717,1,4,1,0
1765409430.855296,-0.01813,0.15823,-0.53866,-0.01309,-0.00129,0.00068,0.61766,-0.00065,0.14064,0.00084,0.70704,-0.00009,0.70717,1,4,1,0
1765409430.857827,-0.02372,0.14813,-0.58366,-0.01583,-0.00197,0.00093,0.61766,-0.00065,0.14064,0.00084,0.70704,-0.00009,0.70717,1,4,1,0
1765409430.859300,-0.03418,0.16305,-0.59935,-0.01412,-0.00122,0.00092,0.61766,-0.00065,0.14064,0.00084,0.70704,-0.00009,0.70717,1,4,1,0
1765409430.861302,-0.04994,0.19297,-0.68366,-0.01508,-0.00156,0.00046,0.61766,-0.00065,0.14064,0.00084,0.70704,-0.00009,0.70717,1,4,1,0
1765409430.863315,-0.06853,0.18019,-0.59961,-0.01764,-0.00120,0.00069,0.61766,-0.00065,0.14064,0.00084,0.70704,-0.00009,0.70717,1,4,1,0
1765409430.865302,-0.03275,0.18837,-0.60730,-0.01535,-0.00265,0.00105,0.61766,-0.00065,0.14064,0.00084,0.70704,-0.00009,0.70717,1,4,1,0
1765409430.867295,-0.03163,0.18875,-0.56159,-0.01622,-0.00342,0.00108,0.61766,-0.00065,0.14064,0.00084,0.70704,-0.00009,0.70717,1,4,1,0
1765409430.869302,-0.02386,0.17466,-0.58431,-0.01486,-0.00390,0.00025,0.61766,-0.00065,0.14064,0.00084,0.70704,-0.00009,0.70717,1,4,1,0
1765409430.871334,-0.02841,0.14192,-0.53034,-0.01482,-0.00280,0.00058,0.61766,-0.00065,0.14064,0.00084,0.70704,-0.00009,0.70717,1,4,1,0
1765409430.873291,-0.02485,0.17820,-0.53127,-0.01481,-0.00211,0.00096,0.61770,-0.00066,0.14064,0.00084,0.70704,-0.00009,0.70717,1,4,1,0
1765409430.875292,-0.00844,0.18790,-0.50135,-0.01426,-0.00207,0.00070,0.61770,-0.00066,0.14064,0.00084,0.70704,-0.00009,0.70717,1,4,1,0
1765409430.877291,-0.01676,0.19200,-0.53184,-0.01486,-0.00107,0.00095,0.61774,-0.00065,0.14064,0.00084,0.70704,-0.00009,0.70717,1,4,1,0
1765409430.879290,-0.02407,0.19754,-0.58499,-0.01567,-0.00200,0.00078,0.61774,-0.00065,0.14064,0.00084,0.70704,-0.00009,0.70717,1,4,1,0
1765409430.881323,-0.04084,0.19308,-0.61490,-0.01595,-0.00242,0.00132,0.61778,-0.00065,0.14064,0.00084,0.70704,-0.00009,0.70717,1,4,1,0
1765409430.883308,-0.02813,0.20442,-0.60784,-0.01624,-0.00157,0.00117,0.61778,-0.00065,0.14064,0.00084,0.70704,-0.00009,0.70717,1,4,1,0
1765409430.885326,-0.02777,0.18058,-0.61471,-0.01610,-0.00257,0.00104,0.61782,-0.00065,0.14064,0.00084,0.70704,-0.00009,0.70717,1,4,1,0
1765409430.887361,-0.04787,0.18403,-0.56926,-0.01649,-0.00311,0.00042,0.61786,-0.00065,0.14064,0.00084,0.70704,-0.00009,0.70717,1,4,1,0
1765409430.889339,-0.02063,0.19574,-0.60755,-0.01482,-0.00280,0.00103,0.61807,-0.00065,0.14064,0.00084,0.70704,-0.00009,0.70717,1,4,1,0
1765409430.891335,-0.03241,0.16385,-0.57631,-0.01543,-0.00276,0.00094,0.61807,-0.00065,0.14064,0.00084,0.70704,-0.00009,0.70717,1,4,1,0
1765409430.893352,-0.03678,0.18130,-0.57685,-0.01521,-0.00273,0.00067,0.61807,-0.00065,0.14064,0.00084,0.70704,-0.00009,0.70717,1,4,1,0
1765409430.895332,-0.04516,0.15176,-0.59108,-0.01535,-0.00272,0.00108,0.61807,-0.00065,0.14064,0.00084,0.70704,-0.00009,0.70717,1,4,1,0
1765409430.897381,-0.06516,0.19951,-0.54676,-0.01609,-0.00329,0.00045,0.61807,-0.00065,0.14064,0.00084,0.70704,-0.00009,0.70717,1,4,1,0
1765409430.899332,-0.02642,0.23066,-0.59321,-0.01702,-0.00378,0.00051,0.61807,-0.00065,0.14064,0.00084,0.70704,-0.00009,0.70717,1,4,1,0
1765409430.901340,-0.04787,0.21243,-0.59280,-0.01724,-0.00198,0.00080,0.61807,-0.00065,0.14064,0.00084,0.70704,-0.00009,0.70717,1,4,1,0
1765409430.903337,-0.01168,0.17030,-0.55410,-0.01513,-0.00188,0.00053,0.61807,-0.00065,0.14064,0.00084,0.70704,-0.00009,0.70717,1,4,1,0
1765409430.905340,-0.03831,0.15007,-0.56887,-0.01428,-0.00015,0.00068,0.61807,-0.00065,0.14064,0.00084,0.70704,-0.00009,0.70717,1,4,1,0
1765409430.907344,-0.02502,0.16304,-0.53892,-0.01434,-0.00122,0.00015,0.61807,-0.00065,0.14064,0.00084,0.70704,-0.00009,0.70717,1,4,1,0
1765409430.909329,-0.03718,0.19571,-0.57713,-0.01526,-0.00235,0.00107,0.61807,-0.00065,0.14064,0.00084,0.70704,-0.00009,0.70717,1,4,1,0
1765409430.911340,-0.04399,0.16732,-0.56123,-0.01582,-0.00365,0.00030,0.61807,-0.00065,0.14064,0.00084,0.70704,-0.00009,0.70717,1,4,1,0
1765409430.913342,-0.02777,0.18058,-0.61471,-0.01610,-0.00257,0.00104,0.61811,-0.00066,0.14064,0.00084,0.70704,-0.00009,0.70717,1,4,1,0
1765409430.915335,-0.02341,0.14829,-0.62918,-0.01605,-0.00235,0.00090,0.61811,-0.00066,0.14064,0.00084,0.70704,-0.00009,0.70717,1,4,1,0
1765409430.917334,-0.04175,0.18274,-0.58447,-0.01520,-0.00139,0.00120,0.61815,-0.00066,0.14064,0.00084,0.70704,-0.00009,0.70717,1,4,1,0
1765409430.919342,-0.03330,0.16908,-0.57652,-0.01449,-0.00276,0.00081,0.61815,-0.00066,0.14064,0.00084,0.70704,-0.00009,0.70717,1,4,1,0
1765409430.921428,-0.04132,0.18895,-0.56942,-0.01490,-0.00281,0.00068,0.61819,-0.00065,0.14064,0.00084,0.70704,-0.00009,0.70717,1,4,1,0
1765409430.923428,-0.02608,0.14482,-0.53043,-0.01303,-0.00283,0.00071,0.61819,-0.00065,0.14064,0.00084,0.70704,-0.00009,0.70717,1,4,1,0
1765409430.925354,-0.01318,0.16089,-0.54618,-0.01371,-0.00198,0.00081,0.61823,-0.00066,0.14064,0.00084,0.70704,-0.00009,0.70717,1,4,1,0
1765409430.927386,-0.03466,0.15901,-0.53885,-0.01286,-0.00148,-0.00011,0.61823,-0.00066,0.14064,0.00084,0.70704,-0.00009,0.70717,1,4,1,0
1765409430.929393,-0.02701,0.14919,-0.57615,-0.01254,-0.00205,0.00093,0.61827,-0.00065,0.14064,0.00084,0.70704,-0.00009,0.70717,1,4,1,0
1765409430.931349,-0.02546,0.14449,-0.56081,-0.01369,-0.00271,0.00068,0.61827,-0.00065,0.14064,0.00084,0.70704,-0.00009,0.70717,1,4,1,0
1765409430.933361,-0.02302,0.18547,-0.56981,-0.01254,-0.00112,0.00052,0.61843,-0.00065,0.14064,0.00084,0.70704,-0.00009,0.70718,1,4,1,0
1765409430.935387,-0.02235,0.16098,-0.59159,-0.01327,-0.00186,0.00118,0.61843,-0.00065,0.14064,0.00084,0.70704,-0.00009,0.70718,1,4,1,0
1765409430.937374,-0.02028,0.13648,-0.56806,-0.01488,-0.00263,0.00108,0.61843,-0.00065,0.14064,0.00084,0.70704,-0.00009,0.70718,1,4,1,0
1765409430.939389,-0.02315,0.15157,-0.56101,-0.01230,-0.00198,0.00108,0.61843,-0.00065,0.14064,0.00084,0.70704,-0.00009,0.70718,1,4,1,0
1765409430.941361,-0.03542,0.15391,-0.50819,-0.01249,-0.00121,0.00045,0.61843,-0.00065,0.14064,0.00084,0.70704,-0.00009,0.70718,1,4,1,0
1765409430.943370,-0.02484,0.20569,-0.50191,-0.01098,-0.00112,0.00083,0.61843,-0.00065,0.14064,0.00084,0.70704,-0.00009,0.70718,1,4,1,0
1765409430.945359,-0.01408,0.17046,-0.48591,-0.01294,-0.00110,0.00058,0.61843,-0.00065,0.14064,0.00084,0.70704,-0.00009,0.70718,1,4,1,0
1765409430.947361,-0.01790,0.18813,-0.55490,-0.01295,-0.00145,-0.00015,0.61843,-0.00065,0.14064,0.00084,0.70704,-0.00009,0.70718,1,4,1,0
1765409430.949356,-0.02948,0.16083,-0.55371,-0.01437,-0.00166,0.00082,0.61847,-0.00065,0.14065,0.00084,0.70703,-0.00009,0.70718,1,4,1,0
1765409430.951376,-0.04130,0.15988,-0.59896,-0.01460,-0.00342,0.00067,0.61847,-0.00065,0.14065,0.00084,0.70703,-0.00009,0.70718,1,4,1,0
1765409430.953367,-0.04270,0.16241,-0.58355,-0.01719,-0.00441,0.00082,0.61851,-0.00065,0.14065,0.00084,0.70703,-0.00009,0.70718,1,4,1,0
1765409430.955395,-0.02781,0.18120,-0.60721,-0.01565,-0.00309,0.00064,0.61851,-0.00065,0.14065,0.00084,0.70703,-0.00009,0.70718,1,4,1,0
1765409430.957380,-0.02191,0.18084,-0.54671,-0.01347,-0.00189,0.00068,0.61855,-0.00065,0.14065,0.00084,0.70703,-0.00009,0.70718,1,4,1,0
1765409430.959398,-0.03896,0.17578,-0.50857,-0.01353,-0.00118,0.00086,0.61855,-0.00065,0.14065,0.00084,0.70703,-0.00009,0.70718,1,4,1,0
1765409430.961377,-0.04208,0.14922,-0.54580,-0.01407,-0.00201,0.00057,0.61859,-0.00066,0.14065,0.00084,0.70703,-0.00009,0.70718,1,4,1,0
1765409430.963391,-0.02512,0.14474,-0.53796,-0.01391,-0.00310,0.00070,0.61859,-0.00066,0.14065,0.00084,0.70703,-0.00009,0.70718,1,4,1,0
1765409430.965380,-0.02430,0.20331,-0.57005,-0.01495,-0.00265,0.00025,0.61864,-0.00066,0.14065,0.00084,0.70703,-0.00009,0.70718,1,4,1,0
1765409430.967437,-0.04520,0.18080,-0.58432,-0.01566,-0.00211,0.00108,0.61864,-0.00066,0.14065,0.00084,0.70703,-0.00009,0.70718,1,4,1,0
1765409430.969415,-0.04301,0.18154,-0.59959,-0.01696,-0.00342,0.00026,0.61864,-0.00066,0.14065,0.00084,0.70703,-0.00009,0.70718,1,4,1,0
1765409430.971436,-0.04911,0.13989,-0.56801,-0.01528,-0.00305,0.00084,0.61876,-0.00066,0.14065,0.00084,0.70703,-0.00009,0.70718,1,4,1,0
1765409430.973426,-0.05942,0.15883,-0.59142,-0.01418,-0.00141,0.00109,0.61888,-0.00066,0.14065,0.00084,0.70703,-0.00009,0.70718,1,4,1,0
1765409430.975429,-0.02142,0.18516,-0.53936,-0.01407,-0.00127,0.00054,0.61888,-0.00066,0.14065,0.00084,0.70703,-0.00009,0.70718,1,4,1,0
1765409430.977392,-0.03737,0.16614,-0.59176,-0.01474,-0.00207,0.00066,0.61888,-0.00066,0.14065,0.00084,0.70703,-0.00009,0.70718,1,4,1,0
1765409430.979394,-0.01874,0.15358,-0.50810,-0.01249,-0.00140,0.00084,0.61888,-0.00066,0.14065,0.00084,0.70703,-0.00009,0.70718,1,4,1,0
1765409430.981395,-0.01438,0.18028,-0.56225,-0.01260,-0.00098,0.00025,0.61888,-0.00066,0.14065,0.00084,0.70703,-0.00009,0.70718,1,4,1,0
1765409430.983394,-0.03755,0.16631,-0.58415,-0.01452,-0.00220,0.00067,0.61888,-0.00066,0.14065,0.00084,0.70703,-0.00009,0.70718,1,4,1,0
1765409430.985385,-0.01974,0.17071,-0.59938,-0.01556,-0.00254,0.00091,0.61888,-0.00066,0.14065,0.00084,0.70703,-0.00009,0.70718,1,4,1,0
1765409430.987412,-0.00827,0.15281,-0.58384,-0.01468,-0.00177,0.00118,0.61888,-0.00066,0.14065,0.00084,0.70703,-0.00009,0.70718,1,4,1,0
1765409430.989429,-0.02177,0.18488,-0.58500,-0.01386,-0.00088,0.00051,0.61888,-0.00066,0.14065,0.00084,0.70703,-0.00009,0.70718,1,4,1,0
1765409430.991398,-0.02252,0.16500,-0.52376,-0.01323,-0.00035,0.00069,0.61888,-0.00066,0.14065,0.00084,0.70703,-0.00009,0.70718,1,4,1,0
1765409430.993399,-0.02234,0.18100,-0.52394,-0.01303,-0.00189,0.00069,0.61892,-0.00066,0.14065,0.00084,0.70703,-0.00009,0.70718,1,4,1,0
1765409430.995440,-0.01528,0.17353,-0.49318,-0.01552,-0.00286,0.00072,0.61892,-0.00066,0.14065,0.00084,0.70703,-0.00009,0.70718,1,4,1,0
1765409430.997406,-0.01697,0.17804,-0.46336,-0.01394,-0.00146,0.00020,0.61896,-0.00066,0.14065,0.00084,0.70703,-0.00009,0.70718,1,4,1,0
1765409430.999402,-0.00852,0.21246,-0.52471,-0.01440,-0.00208,0.00081,0.61896,-0.00066,0.14065,0.00084,0.70703,-0.00009,0.70718,1,4,1,0
1765409431.001400,-0.06208,0.23027,-0.54021,-0.01572,-0.00158,0.00057,0.61900,-0.00066,0.14065,0.00084,0.70703,-0.00009,0.70719,1,4,1,0
1765409431.003407,-0.03995,0.19787,-0.56947,-0.01676,-0.00244,0.00122,0.61900,-0.00066,0.14065,0.00084,0.70703,-0.00009,0.70719,1,4,1,0
1765409431.005421,-0.02673,0.19072,-0.58459,-0.01685,-0.00311,0.00079,0.61900,-0.00066,0.14065,0.00084,0.70703,-0.00009,0.70719,1,4,1,0
1765409431.007419,-0.06038,0.17111,-0.59137,-0.01731,-0.00255,0.00136,0.61904,-0.00066,0.14065,0.00084,0.70703,-0.00009,0.70718,1,4,1,0
1765409431.009401,-0.04333,0.18127,-0.59189,-0.01696,-0.00315,0.00067,0.61908,-0.00066,0.14066,0.00084,0.70703,-0.00009,0.70719,1,4,1,0
1765409431.011429,-0.04095,0.17359,-0.59912,-0.01574,-0.00266,0.00147,0.61908,-0.00066,0.14066,0.00084,0.70703,-0.00009,0.70719,1,4,1,0
1765409431.013407,-0.03779,0.16126,-0.56104,-0.01458,-0.00218,0.00123,0.61912,-0.00066,0.14065,0.00084,0.70703,-0.00009,0.70718,1,4,1,0
1765409431.015436,-0.04533,0.21533,-0.51711,-0.01546,-0.00177,0.00058,0.61912,-0.00066,0.14065,0.00084,0.70703,-0.00009,0.70718,1,4,1,0
1765409431.017433,-0.01673,0.17790,-0.53912,-0.01438,-0.00170,0.00054,0.61932,-0.00066,0.14064,0.00084,0.70704,-0.00009,0.70717,1,4,1,0
1765409431.019485,-0.03703,0.17631,-0.56150,-0.01506,-0.00259,0.00082,0.61936,-0.00066,0.14064,0.00084,0.70704,-0.00009,0.70717,1,4,1,0
1765409431.021425,-0.03715,0.14683,-0.59871,-0.01476,-0.00269,0.00080,0.61936,-0.00066,0.14064,0.00084,0.70704,-0.00009,0.70717,1,4,1,0
1765409431.023429,-0.02857,0.17615,-0.58432,-0.01506,-0.00269,0.00079,0.61936,-0.00066,0.14064,0.00084,0.70704,-0.00009,0.70717,1,4,1,0
1765409431.025503,-0.01665,0.17811,-0.52390,-0.01438,-0.00196,0.00056,0.61936,-0.00066,0.14064,0.00084,0.70704,-0.00009,0.70717,1,4,1,0
1765409431.027434,-0.03019,0.16088,-0.58414,-0.01371,-0.00152,0.00079,0.61936,-0.00066,0.14064,0.00084,0.70704,-0.00009,0.70717,1,4,1,0
1765409431.029429,-0.02189,0.17091,-0.52357,-0.01359,-0.00188,0.00097,0.61936,-0.00066,0.14064,0.00084,0.70704,-0.00009,0.70717,1,4,1,0
1765409431.031423,-0.03037,0.16607,-0.55392,-0.01343,-0.00165,0.00068,0.61936,-0.00066,0.14064,0.00084,0.70704,-0.00009,0.70717,1,4,1,0
1765409431.033463,-0.03791,0.13689,-0.56062,-0.01400,-0.00217,0.00070,0.61936,-0.00066,0.14064,0.00084,0.70704,-0.00009,0.70717,1,4,1,0
1765409431.035446,-0.03366,0.15453,-0.56854,-0.01401,-0.00287,0.00082,0.61936,-0.00066,0.14064,0.00084,0.70704,-0.00009,0.70717,1,4,1,0
1765409431.037427,-0.01605,0.15417,-0.58374,-0.01467,-0.00321,0.00079,0.61936,-0.00066,0.14064,0.00084,0.70704,-0.00009,0.70717,1,4,1,0
1765409431.039454,-0.03374,0.16423,-0.57635,-0.01411,-0.00275,0.00094,0.61936,-0.00066,0.14064,0.00084,0.70704,-0.00009,0.70717,1,4,1,0
1765409431.041429,-0.02113,0.16727,-0.54591,-0.01385,-0.00379,0.00109,0.61940,-0.00066,0.14064,0.00084,0.70704,-0.00009,0.70717,1,4,1,0
1765409431.043448,-0.04079,0.16614,-0.50071,-0.01190,-0.00089,0.00113,0.61940,-0.00066,0.14064,0.00084,0.70704,-0.00009,0.70717,1,4,1,0
1765409431.045460,0.00027,0.17106,-0.47807,-0.01074,-0.00177,0.00138,0.61944,-0.00066,0.14064,0.00084,0.70704,-0.00009,0.70717,1,4,1,0
1765409431.047466,-0.01990,0.14813,-0.47771,-0.01168,-0.00037,0.00100,0.61944,-0.00066,0.14064,0.00084,0.70704,-0.00009,0.70717,1,4,1,0
1765409431.049455,-0.03700,0.17277,-0.52402,-0.01160,0.00019,0.00070,0.61944,-0.00066,0.14064,0.00084,0.70704,-0.00009,0.70717,1,4,1,0
1765409431.051461,-0.02286,0.15614,-0.53104,-0.01246,-0.00136,0.00056,0.61948,-0.00066,0.14065,0.00084,0.70704,-0.00009,0.70717,1,4,1,0
1765409431.053447,-0.04281,0.14481,-0.55300,-0.01347,-0.00262,0.00111,0.61948,-0.00066,0.14065,0.00084,0.70704,-0.00009,0.70717,1,4,1,0
1765409431.055446,-0.03832,0.14764,-0.56830,-0.01344,-0.00319,0.00082,0.61952,-0.00066,0.14065,0.00084,0.70704,-0.00009,0.70717,1,4,1,0
1765409431.057462,-0.03525,0.17339,-0.58436,-0.01312,-0.00146,0.00106,0.61952,-0.00066,0.14065,0.00084,0.70704,-0.00009,0.70717,1,4,1,0
1765409431.059468,-0.02330,0.17606,-0.53902,-0.01222,-0.00162,0.00082,0.61960,-0.00066,0.14064,0.00084,0.70704,-0.00009,0.70717,1,4,1,0
1765409431.061454,-0.05103,0.18477,-0.53901,-0.01343,-0.00282,0.00044,0.61960,-0.00066,0.14064,0.00084,0.70704,-0.00009,0.70717,1,4,1,0
1765409431.063462,-0.02589,0.17435,-0.53859,-0.01355,-0.00310,0.00110,0.61976,-0.00066,0.14064,0.00084,0.70704,-0.00009,0.70717,1,4,1,0
1765409431.065491,-0.01708,0.14971,-0.50762,-0.01363,-0.00332,0.00098,0.61976,-0.00066,0.14064,0.00084,0.70704,-0.00009,0.70717,1,4,1,0
1765409431.067485,-0.03068,0.15233,-0.49265,-0.01272,-0.00266,0.00074,0.61976,-0.00066,0.14064,0.00084,0.70704,-0.00009,0.70717,1,4,1,0
1765409431.069548,-0.02882,0.13778,-0.54525,-0.01421,-0.00368,0.00070,0.61976,-0.00066,0.14064,0.00084,0.70704,-0.00009,0.70717,1,4,1,0
1765409431.071495,-0.04704,0.16262,-0.56866,-0.01326,-0.00310,0.00083,0.61976,-0.00066,0.14064,0.00084,0.70704,-0.00009,0.70717,1,4,1,0
1765409431.073476,-0.01726,0.16910,-0.57660,-0.01361,-0.00295,0.00079,0.61976,-0.00066,0.14064,0.00084,0.70704,-0.00009,0.70717,1,4,1,0
1765409431.075483,-0.01331,0.17986,-0.56983,-0.01370,-0.00086,0.00024,0.61976,-0.00066,0.14064,0.00084,0.70704,-0.00009,0.70717,1,4,1,0
1765409431.077481,-0.00821,0.11835,-0.59843,-0.01423,-0.00150,0.00050,0.61976,-0.00066,0.14064,0.00084,0.70704,-0.00009,0.70717,1,4,1,0
1765409431.079474,-0.05480,0.14645,-0.59121,-0.01433,-0.00146,0.00082,0.61976,-0.00066,0.14064,0.00084,0.70704,-0.00009,0.70717,1,4,1,0
1765409431.081465,-0.05362,0.15698,-0.55342,-0.01507,-0.00251,0.00058,0.61976,-0.00066,0.14064,0.00084,0.70704,-0.00009,0.70717,1,4,1,0
1765409431.083461,-0.02012,0.16751,-0.55375,-0.01429,-0.00407,0.00028,0.61980,-0.00066,0.14064,0.00084,0.70705,-0.00009,0.70717,1,4,1,0
1765409431.085460,-0.03679,0.16776,-0.56886,-0.01451,-0.00399,0.00028,0.61980,-0.00066,0.14064,0.00084,0.70705,-0.00009,0.70717,1,4,1,0
1765409431.087461,-0.01215,0.17600,-0.51623,-0.01440,-0.00252,0.00043,0.61984,-0.00066,0.14064,0.00084,0.70705,-0.00009,0.70717,1,4,1,0
1765409431.089464,-0.03948,0.17569,-0.52381,-0.01310,-0.00092,0.00084,0.61984,-0.00066,0.14064,0.00084,0.70705,-0.00009,0.70717,1,4,1,0
1765409431.091461,-0.05276,0.15418,-0.49262,-0.01248,-0.00124,0.00129,0.61988,-0.00066,0.14064,0.00084,0.70704,-0.00009,0.70717,1,4,1,0
1765409431.093487,-0.05195,0.16452,-0.51600,-0.01258,-0.00166,0.00019,0.61988,-0.00066,0.14064,0.00084,0.70704,-0.00009,0.70717,1,4,1,0
1765409431.095507,-0.01280,0.15192,-0.51526,-0.01382,-0.00325,0.00111,0.61992,-0.00066,0.14064,0.00084,0.70705,-0.00009,0.70717,1,4,1,0
1765409431.097468,-0.01220,0.20128,-0.55467,-0.01431,-0.00343,0.00053,0.61992,-0.00066,0.14064,0.00084,0.70705,-0.00009,0.70717,1,4,1,0
1765409431.099525,-0.00961,0.18813,-0.53955,-0.01294,-0.00180,0.00026,0.62000,-0.00066,0.14064,0.00084,0.70705,-0.00009,0.70716,1,4,1,0
1765409431.101520,-0.02715,0.19727,-0.54747,-0.01284,-0.00033,0.00040,0.62020,-0.00066,0.14063,0.00084,0.70705,-0.00009,0.70716,1,4,1,0
1765409431.103486,-0.02670,0.16240,-0.53896,-0.01326,-0.00005,0.00055,0.62020,-0.00066,0.14063,0.00084,0.70705,-0.00009,0.70716,1,4,1,0
1765409431.105502,-0.03802,0.15584,-0.55372,-0.01421,-0.00117,0.00056,0.62020,-0.00066,0.14063,0.00084,0.70705,-0.00009,0.70716,1,4,1,0
1765409431.107521,-0.03771,0.14667,-0.53803,-0.01432,-0.00218,0.00085,0.62020,-0.00066,0.14063,0.00084,0.70705,-0.00009,0.70716,1,4,1,0
1765409431.109496,-0.02817,0.16169,-0.57626,-0.01523,-0.00319,0.00081,0.62020,-0.00066,0.14063,0.00084,0.70705,-0.00009,0.70716,1,4,1,0
1765409431.111566,-0.04114,0.18380,-0.57685,-0.01518,-0.00268,0.00081,0.62020,-0.00066,0.14063,0.00084,0.70705,-0.00009,0.70716,1,4,1,0
1765409431.113499,-0.02083,0.18546,-0.50890,-0.01451,-0.00179,0.00057,0.62020,-0.00066,0.14063,0.00084,0.70705,-0.00009,0.70716,1,4,1,0
1765409431.115498,-0.02122,0.19489,-0.50900,-0.01461,-0.00140,0.00110,0.62020,-0.00066,0.14063,0.00084,0.70705,-0.00009,0.70716,1,4,1,0
1765409431.117520,-0.02389,0.19313,-0.49376,-0.01551,-0.00239,0.00059,0.62020,-0.00066,0.14063,0.00084,0.70705,-0.00009,0.70716,1,4,1,0
1765409431.119547,-0.04547,0.18159,-0.47827,-0.01477,-0.00238,0.00035,0.62020,-0.00066,0.14063,0.00084,0.70705,-0.00009,0.70716,1,4,1,0
1765409431.121493,-0.06093,0.16182,-0.53816,-0.01633,-0.00267,0.00087,0.62020,-0.00066,0.14063,0.00084,0.70705,-0.00009,0.70716,1,4,1,0
1765409431.123492,-0.02058,0.19544,-0.52442,-0.01460,-0.00193,0.00029,0.62020,-0.00066,0.14063,0.00084,0.70705,-0.00009,0.70716,1,4,1,0
1765409431.125511,-0.04333,0.19616,-0.58465,-0.01700,-0.00329,0.00067,0.62020,-0.00066,0.14063,0.00084,0.70705,-0.00009,0.70716,1,4,1,0
1765409431.127515,-0.03537,0.17117,-0.56122,-0.01665,-0.00299,0.00096,0.62024,-0.00066,0.14063,0.00084,0.70705,-0.00009,0.70716,1,4,1,0
1765409431.129510,-0.01697,0.17787,-0.49340,-0.01438,-0.00170,0.00098,0.62024,-0.00066,0.14063,0.00084,0.70705,-0.00009,0.70716,1,4,1,0
1765409431.131505,-0.02663,0.18739,-0.53188,-0.01339,-0.00058,0.00069,0.62028,-0.00066,0.14063,0.00084,0.70706,-0.00009,0.70715,1,4,1,0
1765409431.133506,-0.01268,0.18507,-0.50122,-0.01451,-0.00163,0.00097,0.62028,-0.00066,0.14063,0.00084,0.70706,-0.00009,0.70715,1,4,1,0
1765409431.135503,-0.01380,0.17118,-0.51615,-0.01293,-0.00212,0.00056,0.62032,-0.00066,0.14063,0.00084,0.70706,-0.00009,0.70715,1,4,1,0
1765409431.137503,-0.01712,0.15876,-0.54573,-0.01417,-0.00268,0.00149,0.62032,-0.00066,0.14063,0.00084,0.70706,-0.00009,0.70715,1,4,1,0
1765409431.139533,-0.02895,0.14243,-0.50752,-0.01415,-0.00318,0.00060,0.62036,-0.00066,0.14063,0.00084,0.70706,-0.00009,0.70715,1,4,1,0
1765409431.141527,-0.03699,0.16412,-0.50068,-0.01127,-0.00132,0.00100,0.62036,-0.00066,0.14063,0.00084,0.70706,-0.00009,0.70715,1,4,1,0
1765409431.143527,-0.04896,0.16212,-0.49294,-0.01173,-0.00168,0.00088,0.62040,-0.00066,0.14063,0.00084,0.70706,-0.00009,0.70715,1,4,1,0
1765409431.145530,-0.02039,0.16368,-0.47800,-0.01105,-0.00114,0.00100,0.62040,-0.00066,0.14063,0.00084,0.70706,-0.00009,0.70715,1,4,1,0
1765409431.147564,-0.04115,0.16150,-0.48532,-0.01152,-0.00114,0.00128,0.62060,-0.00066,0.14063,0.00084,0.70706,-0.00009,0.70716,1,4,1,0
1765409431.149546,-0.02802,0.16895,-0.52345,-0.01187,-0.00180,0.00124,0.62060,-0.00066,0.14063,0.00084,0.70706,-0.00009,0.70716,1,4,1,0
1765409431.151550,-0.03171,0.15720,-0.47774,-0.01179,-0.00215,0.00061,0.62060,-0.00066,0.14063,0.00084,0.70706,-0.00009,0.70716,1,4,1,0
1765409431.153528,-0.00969,0.16360,-0.51582,-0.01302,-0.00215,0.00096,0.62060,-0.00066,0.14063,0.00084,0.70706,-0.00009,0.70716,1,4,1,0
1765409431.155616,-0.03403,0.16347,-0.56890,-0.01412,-0.00173,0.00095,0.62060,-0.00066,0.14063,0.00084,0.70706,-0.00009,0.70716,1,4,1,0
1765409431.157542,-0.01240,0.17599,-0.50106,-0.01418,-0.00239,0.00044,0.62060,-0.00066,0.14063,0.00084,0.70706,-0.00009,0.70716,1,4,1,0
1765409431.159548,-0.07793,0.17185,-0.53090,-0.01621,-0.00223,0.00062,0.62060,-0.00066,0.14063,0.00084,0.70706,-0.00009,0.70716,1,4,1,0
1765409431.161531,-0.03944,0.15471,-0.54570,-0.01619,-0.00357,0.00044,0.62060,-0.00066,0.14063,0.00084,0.70706,-0.00009,0.70716,1,4,1,0
1765409431.163564,-0.04462,0.15693,-0.50765,-0.01573,-0.00299,0.00101,0.62060,-0.00066,0.14063,0.00084,0.70706,-0.00009,0.70716,1,4,1,0
1765409431.165562,-0.01240,0.17101,-0.50088,-0.01424,-0.00239,0.00057,0.62060,-0.00066,0.14063,0.00084,0.70706,-0.00009,0.70716,1,4,1,0
1765409431.167546,-0.05350,0.18147,-0.51604,-0.01543,-0.00240,0.00074,0.62064,-0.00066,0.14063,0.00084,0.70706,-0.00009,0.70715,1,4,1,0
1765409431.169548,-0.01658,0.18331,-0.50885,-0.01431,-0.00222,0.00043,0.62064,-0.00066,0.14063,0.00084,0.70706,-0.00009,0.70715,1,4,1,0
1765409431.171548,-0.04505,0.17569,-0.47802,-0.01572,-0.00161,0.00089,0.62068,-0.00066,0.14063,0.00084,0.70706,-0.00009,0.70715,1,4,1,0
1765409431.173552,-0.02516,0.18737,-0.54696,-0.01470,-0.00110,0.00068,0.62068,-0.00066,0.14063,0.00084,0.70706,-0.00009,0.70715,1,4,1,0
1765409431.175555,-0.05712,0.18341,-0.50866,-0.01606,-0.00173,0.00047,0.62072,-0.00066,0.14062,0.00084,0.70706,-0.00009,0.70715,1,4,1,0
1765409431.177549,-0.04351,0.18634,-0.59948,-0.01690,-0.00341,0.00093,0.62072,-0.00066,0.14062,0.00084,0.70706,-0.00009,0.70715,1,4,1,0
1765409431.179544,-0.02820,0.17086,-0.57656,-0.01556,-0.00244,0.00094,0.62076,-0.00066,0.14063,0.00084,0.70706,-0.00009,0.70716,1,4,1,0
1765409431.181545,-0.05721,0.19794,-0.57724,-0.01633,-0.00173,0.00082,0.62076,-0.00066,0.14063,0.00084,0.70706,-0.00009,0.70716,1,4,1,0
1765409431.183550,-0.05366,0.17603,-0.56910,-0.01550,-0.00188,0.00083,0.62080,-0.00066,0.14063,0.00084,0.70706,-0.00009,0.70715,1,4,1,0
1765409431.185566,-0.02077,0.14649,-0.49251,-0.01432,-0.00239,0.00087,0.62080,-0.00066,0.14063,0.00084,0.70706,-0.00009,0.70715,1,4,1,0
1765409431.187586,-0.02223,0.16637,-0.43982,-0.01321,-0.00213,0.00117,0.62084,-0.00066,0.14063,0.00084,0.70706,-0.00009,0.70715,1,4,1,0
1765409431.189567,-0.02271,0.15094,-0.43976,-0.01274,-0.00098,0.00077,0.62084,-0.00066,0.14063,0.00084,0.70706,-0.00009,0.70715,1,4,1,0
1765409431.191558,-0.02142,0.19519,-0.49414,-0.01395,-0.00129,0.00031,0.62089,-0.00066,0.14063,0.00084,0.70706,-0.00009,0.70715,1,4,1,0
1765409431.193628,-0.00452,0.18914,-0.51675,-0.01446,-0.00072,0.00081,0.62089,-0.00066,0.14063,0.00084,0.70706,-0.00009,0.70715,1,4,1,0
1765409431.195597,-0.02914,0.17108,-0.50844,-0.01446,-0.00206,0.00058,0.62113,-0.00066,0.14063,0.00084,0.70705,-0.00009,0.70716,1,4,1,0
1765409431.197577,-0.01258,0.15620,-0.51553,-0.01420,-0.00249,0.00097,0.62113,-0.00066,0.14063,0.00084,0.70705,-0.00009,0.70716,1,4,1,0
1765409431.199574,-0.02449,0.14436,-0.56057,-0.01479,-0.00309,0.00109,0.62113,-0.00066,0.14063,0.00084,0.70705,-0.00009,0.70716,1,4,1,0
1765409431.201592,-0.00272,0.18829,-0.53947,-0.01163,-0.00188,0.00066,0.62113,-0.00066,0.14063,0.00084,0.70705,-0.00009,0.70716,1,4,1,0
1765409431.203586,-0.04099,0.18543,-0.46320,-0.01210,-0.00040,0.00142,0.62113,-0.00066,0.14063,0.00084,0.70705,-0.00009,0.70716,1,4,1,0
1765409431.205616,-0.02229,0.20539,-0.46397,-0.01317,-0.00141,0.00046,0.62113,-0.00066,0.14063,0.00084,0.70705,-0.00009,0.70716,1,4,1,0
1765409431.207575,-0.03024,0.18207,-0.46315,-0.01302,-0.00282,0.00035,0.62113,-0.00066,0.14063,0.00084,0.70705,-0.00009,0.70716,1,4,1,0
1765409431.209582,-0.04042,0.15233,-0.46236,-0.01163,-0.00191,0.00077,0.62113,-0.00066,0.14063,0.00084,0.70705,-0.00009,0.70716,1,4,1,0
1765409431.211594,-0.05434,0.17068,-0.46229,-0.01075,-0.00288,0.00172,0.62113,-0.00066,0.14063,0.00084,0.70705,-0.00009,0.70716,1,4,1,0
1765409431.213589,-0.03564,0.16564,-0.53053,-0.01212,-0.00386,0.00138,0.62113,-0.00066,0.14063,0.00084,0.70705,-0.00009,0.70716,1,4,1,0
1765409431.215606,-0.04037,0.15862,-0.53050,-0.01134,-0.00381,0.00099,0.62113,-0.00066,0.14063,0.00084,0.70705,-0.00009,0.70716,1,4,1,0
1765409431.217582,-0.05591,0.10913,-0.55223,-0.01216,-0.00321,0.00033,0.62113,-0.00066,0.14063,0.00084,0.70705,-0.00009,0.70716,1,4,1,0
1765409431.219591,-0.05764,0.11829,-0.49173,-0.01117,-0.00192,0.00090,0.62117,-0.00066,0.14063,0.00084,0.70706,-0.00009,0.70716,1,4,1,0
1765409431.221586,-0.05649,0.14848,-0.55306,-0.01212,-0.00322,0.00085,0.62117,-0.00066,0.14063,0.00084,0.70706,-0.00009,0.70716,1,4,1,0
1765409431.223582,-0.03967,0.16213,-0.56105,-0.01261,-0.00254,0.00123,0.62121,-0.00066,0.14063,0.00084,0.70706,-0.00009,0.70716,1,4,1,0
1765409431.225596,-0.02871,0.15224,-0.55309,-0.01469,-0.00356,0.00110,0.62121,-0.00066,0.14063,0.00084,0.70706,-0.00009,0.70716,1,4,1,0
1765409431.227620,-0.05143,0.13969,-0.55321,-0.01310,-0.00176,0.00044,0.62125,-0.00066,0.14064,0.00084,0.70705,-0.00009,0.70716,1,4,1,0
1765409431.229596,-0.01233,0.15120,-0.55331,-0.01448,-0.00261,0.00108,0.62125,-0.00066,0.14064,0.00084,0.70705,-0.00009,0.70716,1,4,1,0
1765409431.231599,-0.01803,0.15222,-0.50067,-0.01360,-0.00002,0.00084,0.62129,-0.00066,0.14064,0.00084,0.70705,-0.00008,0.70716,1,4,1,0
1765409431.233604,0.00172,0.14906,-0.52314,-0.01298,0.00015,0.00188,0.62129,-0.00066,0.14064,0.00084,0.70705,-0.00008,0.70716,1,4,1,0
1765409431.235603,-0.03922,0.16590,-0.50858,-0.01300,-0.00079,0.00032,0.62129,-0.00066,0.14064,0.00084,0.70705,-0.00008,0.70716,1,4,1,0
1765409431.237633,-0.03006,0.18688,-0.47094,-0.01318,-0.00270,0.00021,0.62142,-0.00066,0.14065,0.00084,0.70704,-0.00008,0.70717,1,4,1,0
1765409431.239592,-0.02774,0.18219,-0.47054,-0.01520,-0.00387,0.00035,0.62154,-0.00066,0.14065,0.00084,0.70704,-0.00009,0.70717,1,4,1,0
1765409431.241645,0.01116,0.21422,-0.50200,-0.01350,-0.00155,0.00134,0.62154,-0.00066,0.14065,0.00084,0.70704,-0.00009,0.70717,1,4,1,0
1765409431.243613,-0.01048,0.15657,-0.47806,-0.01311,0.00065,0.00112,0.62154,-0.00066,0.14065,0.00084,0.70704,-0.00009,0.70717,1,4,1,0
1765409431.245670,-0.00531,0.13519,-0.44728,-0.01315,-0.00030,0.00034,0.62154,-0.00066,0.14065,0.00084,0.70704,-0.00009,0.70717,1,4,1,0
1765409431.247622,-0.03890,0.14630,-0.52335,-0.01302,-0.00091,0.00004,0.62154,-0.00066,0.14065,0.00084,0.70704,-0.00009,0.70717,1,4,1,0
1765409431.249639,-0.01685,0.17834,-0.52406,-0.01394,-0.00196,0.00015,0.62154,-0.00066,0.14065,0.00084,0.70704,-0.00009,0.70717,1,4,1,0
1765409431.251629,-0.04544,0.21062,-0.53190,-0.01551,-0.00226,0.00111,0.62154,-0.00066,0.14065,0.00084,0.70704,-0.00009,0.70717,1,4,1,0
1765409431.253636,-0.03584,0.17606,-0.49274,-0.01659,-0.00298,0.00168,0.62154,-0.00066,0.14065,0.00084,0.70704,-0.00009,0.70717,1,4,1,0
1765409431.255623,-0.02544,0.19792,-0.49409,-0.01414,-0.00162,0.00045,0.62154,-0.00066,0.14065,0.00084,0.70704,-0.00009,0.70717,1,4,1,0
1765409431.257712,-0.03684,0.15593,-0.42488,-0.01487,-0.00108,-0.00015,0.62154,-0.00066,0.14065,0.00084,0.70704,-0.00009,0.70717,1,4,1,0
1765409431.259649,-0.01335,0.15550,-0.43217,-0.01377,-0.00122,0.00103,0.62158,-0.00066,0.14065,0.00084,0.70704,-0.00009,0.70717,1,4,1,0
1765409431.261615,-0.03429,0.22861,-0.45636,-0.01398,-0.00292,0.00129,0.62158,-0.00066,0.14065,0.00084,0.70704,-0.00009,0.70717,1,4,1,0
1765409431.263620,-0.03267,0.19437,-0.44802,-0.01484,-0.00343,0.00063,0.62162,-0.00066,0.14066,0.00084,0.70704,-0.00008,0.70718,1,4,1,0
1765409431.265618,-0.03229,0.16871,-0.50092,-0.01515,-0.00215,0.00006,0.62162,-0.00066,0.14066,0.00084,0.70704,-0.00008,0.70718,1,4,1,0
1765409431.267642,-0.04045,0.18805,-0.50874,-0.01601,-0.00193,0.00073,0.62166,-0.00066,0.14066,0.00084,0.70704,-0.00009,0.70718,1,4,1,0
1765409431.269634,-0.03116,0.19296,-0.59205,-0.01704,-0.00292,0.00133,0.62166,-0.00066,0.14066,0.00084,0.70704,-0.00009,0.70718,1,4,1,0
1765409431.271642,-0.03903,0.16364,-0.58379,-0.01718,-0.00293,0.00095,0.62166,-0.00066,0.14066,0.00084,0.70704,-0.00009,0.70718,1,4,1,0
1765409431.273644,-0.05194,0.18601,-0.57692,-0.01691,-0.00255,0.00055,0.62170,-0.00066,0.14065,0.00084,0.70704,-0.00008,0.70717,1,4,1,0
1765409431.275666,-0.00281,0.19408,-0.56997,-0.01593,-0.00137,0.00064,0.62194,-0.00066,0.14066,0.00084,0.70703,-0.00009,0.70718,1,4,1,0
1765409431.277651,-0.04089,0.20299,-0.51654,-0.01582,-0.00219,0.00112,0.62194,-0.00066,0.14066,0.00084,0.70703,-0.00009,0.70718,1,4,1,0
1765409431.279659,-0.04324,0.17670,-0.52365,-0.01658,-0.00317,0.00005,0.62194,-0.00066,0.14066,0.00084,0.70703,-0.00009,0.70718,1,4,1,0
1765409431.281770,-0.05207,0.17716,-0.50841,-0.01614,-0.00332,0.00007,0.62194,-0.00066,0.14066,0.00084,0.70703,-0.00009,0.70718,1,4,1,0
1765409431.283655,-0.03326,0.16423,-0.48519,-0.01455,-0.00276,0.00101,0.62194,-0.00066,0.14066,0.00084,0.70703,-0.00009,0.70718,1,4,1,0
1765409431.285711,-0.01607,0.18275,-0.43296,-0.01498,-0.00160,0.00049,0.62194,-0.00066,0.14066,0.00084,0.70703,-0.00009,0.70718,1,4,1,0
1765409431.287644,-0.01595,0.18182,-0.50162,-0.01521,-0.00046,0.00003,0.62194,-0.00066,0.14066,0.00084,0.70703,-0.00009,0.70718,1,4,1,0
1765409431.289635,-0.02355,0.16241,-0.47056,-0.01588,-0.00086,0.00020,0.62194,-0.00066,0.14066,0.00084,0.70703,-0.00009,0.70718,1,4,1,0
1765409431.291647,-0.01286,0.17898,-0.49363,-0.01480,-0.00022,0.00111,0.62194,-0.00066,0.14066,0.00084,0.70703,-0.00009,0.70718,1,4,1,0
1765409431.293647,-0.01237,0.22370,-0.53282,-0.01513,-0.00078,0.00066,0.62194,-0.00066,0.14066,0.00084,0.70703,-0.00009,0.70718,1,4,1,0
1765409431.295647,-0.02289,0.20623,-0.47173,-0.01688,-0.00052,0.00019,0.62194,-0.00066,0.14066,0.00084,0.70703,-0.00009,0.70718,1,4,1,0
1765409431.297689,-0.04957,0.21262,-0.47917,-0.01549,-0.00122,0.00048,0.62194,-0.00066,0.14066,0.00084,0.70703,-0.00009,0.70718,1,4,1,0
1765409431.299651,-0.01217,0.16035,-0.50062,-0.01481,-0.00162,0.00084,0.62194,-0.00066,0.14066,0.00084,0.70703,-0.00009,0.70718,1,4,1,0
1765409431.301667,-0.03432,0.17819,-0.48559,-0.01416,-0.00161,0.00141,0.62198,-0.00066,0.14066,0.00084,0.70703,-0.00009,0.70719,1,4,1,0
1765409431.303682,-0.02653,0.19396,-0.44827,-0.01287,-0.00237,0.00062,0.62202,-0.00066,0.14066,0.00084,0.70703,-0.00008,0.70718,1,4,1,0
1765409431.305654,-0.03565,0.17690,-0.47813,-0.01570,-0.00326,0.00008,0.62202,-0.00066,0.14066,0.00084,0.70703,-0.00008,0.70718,1,4,1,0
1765409431.307673,-0.04612,0.21578,-0.47135,-0.01480,-0.00214,0.00102,0.62206,-0.00066,0.14066,0.00084,0.70703,-0.00009,0.70718,1,4,1,0
1765409431.309677,-0.03816,0.21556,-0.45606,-0.01458,-0.00210,0.00143,0.62206,-0.00066,0.14066,0.00084,0.70703,-0.00009,0.70718,1,4,1,0
1765409431.311692,-0.02602,0.14925,-0.49254,-0.01342,-0.00233,0.00100,0.62206,-0.00066,0.14066,0.00084,0.70703,-0.00009,0.70718,1,4,1,0
1765409431.313698,-0.02834,0.14210,-0.53790,-0.01481,-0.00306,0.00057,0.62210,-0.00066,0.14066,0.00084,0.70703,-0.00008,0.70718,1,4,1,0
1765409431.315687,-0.02176,0.15565,-0.50029,-0.01399,-0.00149,0.00139,0.62210,-0.00066,0.14066,0.00084,0.70703,-0.00008,0.70718,1,4,1,0
1765409431.317682,-0.00962,0.20357,-0.48649,-0.01297,-0.00270,0.00071,0.62230,-0.00066,0.14065,0.00084,0.70704,-0.00009,0.70718,1,4,1,0
1765409431.319700,-0.01738,0.18879,-0.47104,-0.01337,-0.00247,0.00033,0.62230,-0.00066,0.14065,0.00084,0.70704,-0.00009,0.70718,1,4,1,0
1765409431.321669,-0.01224,0.20073,-0.50956,-0.01410,-0.00230,-0.00025,0.62230,-0.00066,0.14065,0.00084,0.70704,-0.00009,0.70718,1,4,1,0
1765409431.323675,-0.03606,0.13983,-0.48479,-0.01178,-0.00195,0.00088,0.62230,-0.00066,0.14065,0.00084,0.70704,-0.00009,0.70718,1,4,1,0
1765409431.325691,-0.02642,0.17362,-0.49318,-0.01334,-0.00196,0.00113,0.62230,-0.00066,0.14065,0.00084,0.70704,-0.00009,0.70718,1,4,1,0
1765409431.327678,-0.07366,0.13875,-0.53748,-0.01202,-0.00288,0.00115,0.62230,-0.00066,0.14065,0.00084,0.70704,-0.00009,0.70718,1,4,1,0
1765409431.329684,-0.06290,0.14403,-0.53021,-0.01348,-0.00392,0.00021,0.62230,-0.00066,0.14065,0.00084,0.70704,-0.00009,0.70718,1,4,1,0
1765409431.331676,-0.05160,0.12625,-0.49929,-0.01260,-0.00340,0.00090,0.62230,-0.00066,0.14065,0.00084,0.70704,-0.00009,0.70718,1,4,1,0
1765409431.333686,-0.02683,0.18441,-0.47807,-0.01277,-0.00298,0.00127,0.62230,-0.00066,0.14065,0.00084,0.70704,-0.00009,0.70718,1,4,1,0
1765409431.335682,-0.01088,0.16373,-0.44755,-0.01193,-0.00176,0.00101,0.62230,-0.00066,0.14065,0.00084,0.70704,-0.00009,0.70718,1,4,1,0
1765409431.337700,-0.03169,0.14106,-0.46238,-0.01220,-0.00048,0.00062,0.62234,-0.00066,0.14066,0.00084,0.70703,-0.00008,0.70718,1,4,1,0
1765409431.339698,-0.03602,0.13440,-0.46208,-0.01185,-0.00119,0.00063,0.62234,-0.00066,0.14066,0.00084,0.70703,-0.00008,0.70718,1,4,1,0
1765409431.341681,-0.04604,0.15409,-0.49295,-0.01074,-0.00057,0.00088,0.62238,-0.00066,0.14065,0.00084,0.70704,-0.00009,0.70718,1,4,1,0
1765409431.343687,-0.02072,0.19806,-0.49381,-0.01129,-0.00128,0.00165,0.62238,-0.00066,0.14065,0.00084,0.70704,-0.00009,0.70718,1,4,1,0
1765409431.345727,-0.00724,0.18466,-0.52412,-0.01211,-0.00054,0.00134,0.62242,-0.00066,0.14065,0.00084,0.70704,-0.00009,0.70717,1,4,1,0
1765409431.347682,-0.01501,0.16994,-0.51644,-0.01229,-0.00020,0.00055,0.62242,-0.00066,0.14065,0.00084,0.70704,-0.00009,0.70717,1,4,1,0
1765409431.349716,-0.00467,0.16614,-0.53167,-0.01299,-0.00198,-0.00054,0.62246,-0.00066,0.14065,0.00084,0.70704,-0.00008,0.70717,1,4,1,0
1765409431.351705,-0.04339,0.11490,-0.51455,-0.01274,-0.00171,0.00074,0.62246,-0.00066,0.14065,0.00084,0.70704,-0.00008,0.70717,1,4,1,0
1765409431.353804,-0.02850,0.14911,-0.45459,-0.01145,-0.00140,0.00143,0.62250,-0.00066,0.14065,0.00084,0.70704,-0.00009,0.70717,1,4,1,0
1765409431.355745,-0.03305,0.16682,-0.43250,-0.01080,-0.00138,0.00077,0.62250,-0.00066,0.14065,0.00084,0.70704,-0.00009,0.70717,1,4,1,0
1765409431.357745,-0.02797,0.19350,-0.43344,-0.01157,-0.00109,0.00022,0.62270,-0.00066,0.14065,0.00084,0.70704,-0.00009,0.70718,1,4,1,0
1765409431.359710,-0.02225,0.16647,-0.45535,-0.01277,-0.00189,0.00035,0.62270,-0.00066,0.14065,0.00084,0.70704,-0.00009,0.70718,1,4,1,0
1765409431.361706,-0.02390,0.14160,-0.49237,-0.01176,-0.00158,0.00140,0.62270,-0.00066,0.14065,0.00084,0.70704,-0.00009,0.70718,1,4,1,0
1765409431.363749,-0.02480,0.16587,-0.47769,-0.01146,-0.00107,0.00194,0.62270,-0.00066,0.14065,0.00084,0.70704,-0.00009,0.70718,1,4,1,0
1765409431.365739,-0.02442,0.15641,-0.50038,-0.01136,-0.00146,0.00139,0.62270,-0.00066,0.14065,0.00084,0.70704,-0.00009,0.70718,1,4,1,0
1765409431.367728,-0.03552,0.18776,-0.49406,-0.01273,-0.00035,0.00032,0.62270,-0.00066,0.14065,0.00084,0.70704,-0.00009,0.70718,1,4,1,0
1765409431.369742,-0.01731,0.17391,-0.51587,-0.01377,-0.00283,0.00110,0.62270,-0.00066,0.14065,0.00084,0.70704,-0.00009,0.70718,1,4,1,0
1765409431.371722,-0.02218,0.18143,-0.49349,-0.01303,-0.00240,0.00072,0.62270,-0.00066,0.14065,0.00084,0.70704,-0.00009,0.70718,1,4,1,0
1765409431.373732,-0.01883,0.16880,-0.47027,-0.01252,-0.00205,0.00127,0.62270,-0.00066,0.14065,0.00084,0.70704,-0.00009,0.70718,1,4,1,0
1765409431.375751,-0.04357,0.14996,-0.45485,-0.01232,-0.00200,0.00024,0.62270,-0.00066,0.14065,0.00084,0.70704,-0.00009,0.70718,1,4,1,0
1765409431.377726,-0.02689,0.14965,-0.43197,-0.01232,-0.00220,0.00064,0.62274,-0.00066,0.14065,0.00084,0.70704,-0.00008,0.70718,1,4,1,0
1765409431.379729,-0.03551,0.14495,-0.39360,-0.01237,-0.00234,0.00122,0.62274,-0.00066,0.14065,0.00084,0.70704,-0.00008,0.70718,1,4,1,0
1765409431.381720,-0.05737,0.14819,-0.42407,-0.01146,-0.00234,0.00095,0.62278,-0.00066,0.14065,0.00084,0.70704,-0.00009,0.70718,1,4,1,0
1765409431.383744,-0.02282,0.17688,-0.47846,-0.01199,-0.00228,0.00006,0.62278,-0.00066,0.14065,0.00084,0.70704,-0.00009,0.70718,1,4,1,0
1765409431.385732,-0.01768,0.17940,-0.47080,-0.01283,-0.00285,0.00020,0.62282,-0.00066,0.14065,0.00084,0.70704,-0.00008,0.70718,1,4,1,0
1765409431.387755,-0.03290,0.19054,-0.46322,-0.01182,-0.00087,0.00169,0.62282,-0.00066,0.14065,0.00084,0.70704,-0.00008,0.70718,1,4,1,0
1765409431.389727,-0.02295,0.16639,-0.49302,-0.01255,-0.00199,0.00113,0.62286,-0.00066,0.14066,0.00084,0.70703,-0.00009,0.70718,1,4,1,0
1765409431.391758,-0.04033,0.15690,-0.50816,-0.01180,-0.00153,0.00059,0.62286,-0.00066,0.14066,0.00084,0.70703,-0.00009,0.70718,1,4,1,0
1765409431.393736,-0.04804,0.14763,-0.50745,-0.01256,-0.00256,0.00128,0.62290,-0.00066,0.14065,0.00084,0.70704,-0.00008,0.70718,1,4,1,0
1765409431.395767,-0.02014,0.17407,-0.45495,-0.01158,-0.00228,0.00196,0.62306,-0.00066,0.14065,0.00084,0.70704,-0.00008,0.70717,1,4,1,0
1765409431.397738,-0.01939,0.18426,-0.44798,-0.01168,-0.00244,0.00088,0.62306,-0.00066,0.14065,0.00084,0.70704,-0.00008,0.70717,1,4,1,0
1765409431.399747,-0.05596,0.11901,-0.47667,-0.01204,-0.00297,0.00011,0.62306,-0.00066,0.14065,0.00084,0.70704,-0.00008,0.70717,1,4,1,0
1765409431.401758,-0.03259,0.16606,-0.49334,-0.01146,-0.00074,0.00073,0.62306,-0.00066,0.14065,0.00084,0.70704,-0.00008,0.70717,1,4,1,0
1765409431.403771,-0.02454,0.12262,-0.45377,-0.01090,-0.00219,0.00157,0.62306,-0.00066,0.14065,0.00084,0.70704,-0.00008,0.70717,1,4,1,0
1765409431.405756,-0.03298,0.16185,-0.46992,-0.01129,-0.00186,0.00169,0.62306,-0.00066,0.14065,0.00084,0.70704,-0.00008,0.70717,1,4,1,0
1765409431.407760,-0.02396,0.15713,-0.50818,-0.01114,-0.00211,0.00058,0.62306,-0.00066,0.14065,0.00084,0.70704,-0.00008,0.70717,1,4,1,0
1765409431.409738,-0.01872,0.19783,-0.49442,-0.01239,-0.00095,0.00003,0.62306,-0.00066,0.14065,0.00084,0.70704,-0.00008,0.70717,1,4,1,0
1765409431.411768,-0.00223,0.17208,-0.44797,-0.01270,-0.00035,0.00113,0.62306,-0.00066,0.14065,0.00084,0.70704,-0.00008,0.70717,1,4,1,0
1765409431.413741,-0.03231,0.16102,-0.47000,-0.01218,-0.00111,0.00169,0.62310,-0.00066,0.14065,0.00084,0.70704,-0.00009,0.70717,1,4,1,0
1765409431.415776,-0.05677,0.09760,-0.42309,-0.01208,-0.00078,0.00069,0.62310,-0.00066,0.14065,0.00084,0.70704,-0.00009,0.70717,1,4,1,0
1765409431.417749,-0.03887,0.12644,-0.47706,-0.01326,-0.00089,0.00063,0.62314,-0.00066,0.14065,0.00084,0.70705,-0.00008,0.70717,1,4,1,0
1765409431.419804,-0.04057,0.15684,-0.48523,-0.01180,-0.00152,0.00101,0.62314,-0.00066,0.14065,0.00084,0.70705,-0.00008,0.70717,1,4,1,0
1765409431.421752,-0.01369,0.20544,-0.53195,-0.01361,-0.00226,0.00121,0.62318,-0.00066,0.14065,0.00084,0.70704,-0.00009,0.70717,1,4,1,0
1765409431.423764,-0.01223,0.18579,-0.50902,-0.01428,-0.00228,0.00016,0.62318,-0.00066,0.14065,0.00084,0.70704,-0.00009,0.70717,1,4,1,0
1765409431.425861,-0.02503,0.15869,-0.47789,-0.01418,-0.00185,0.00034,0.62322,-0.00066,0.14065,0.00084,0.70704,-0.00008,0.70717,1,4,1,0
1765409431.427808,-0.03394,0.15311,-0.46988,-0.01446,-0.00109,0.00129,0.62322,-0.00066,0.14065,0.00084,0.70704,-0.00008,0.70717,1,4,1,0
1765409431.429766,-0.04099,0.17546,-0.46285,-0.01222,-0.00038,0.00170,0.62326,-0.00066,0.14065,0.00084,0.70704,-0.00009,0.70717,1,4,1,0
1765409431.431781,-0.02462,0.15591,-0.45491,-0.01137,-0.00070,0.00142,0.62342,-0.00066,0.14065,0.00084,0.70704,-0.00008,0.70717,1,4,1,0
1765409431.433752,0.00859,0.16278,-0.44825,-0.01369,-0.00126,-0.00062,0.62342,-0.00066,0.14065,0.00084,0.70704,-0.00008,0.70717,1,4,1,0
1765409431.435803,0.00382,0.13054,-0.44701,-0.01364,-0.00116,0.00047,0.62342,-0.00066,0.14065,0.00084,0.70704,-0.00008,0.70717,1,4,1,0
1765409431.437767,-0.03339,0.16280,-0.41744,-0.01456,-0.00049,0.00025,0.62342,-0.00066,0.14065,0.00084,0.70704,-0.00008,0.70717,1,4,1,0
1765409431.439797,-0.01033,0.17297,-0.49300,-0.01312,-0.00176,0.00192,0.62342,-0.00066,0.14065,0.00084,0.70704,-0.00008,0.70717,1,4,1,0
1765409431.441758,-0.01333,0.17967,-0.47837,-0.01414,-0.00085,0.00112,0.62342,-0.00066,0.14065,0.00084,0.70704,-0.00008,0.70717,1,4,1,0
1765409431.443763,-0.02613,0.18195,-0.47134,-0.01368,0.00030,0.00006,0.62342,-0.00066,0.14065,0.00084,0.70704,-0.00008,0.70717,1,4,1,0
1765409431.445771,-0.01231,0.16497,-0.48568,-0.01475,-0.00111,0.00072,0.62342,-0.00066,0.14065,0.00084,0.70704,-0.00008,0.70717,1,4,1,0
1765409431.447801,-0.01317,0.20569,-0.48667,-0.01360,-0.00228,0.00044,0.62342,-0.00066,0.14065,0.00084,0.70704,-0.00008,0.70717,1,4,1,0
1765409431.449779,-0.00046,0.18847,-0.48611,-0.01359,-0.00280,0.00070,0.62346,-0.00066,0.14066,0.00084,0.70704,-0.00009,0.70718,1,4,1,0
1765409431.451774,-0.03498,0.17914,-0.44771,-0.01305,-0.00225,0.00104,0.62346,-0.00066,0.14066,0.00084,0.70704,-0.00009,0.70718,1,4,1,0
1765409431.453807,-0.02949,0.15167,-0.46247,-0.01382,-0.00205,0.00036,0.62350,-0.00066,0.14066,0.00084,0.70703,-0.00008,0.70718,1,4,1,0
1765409431.455791,-0.06368,0.20201,-0.40232,-0.01409,-0.00268,0.00150,0.62350,-0.00066,0.14066,0.00084,0.70703,-0.00008,0.70718,1,4,1,0
1765409431.457816,-0.03388,0.18937,-0.44016,-0.01402,-0.00315,0.00118,0.62354,-0.00066,0.14066,0.00084,0.70703,-0.00009,0.70718,1,4,1,0
1765409431.459793,-0.02137,0.18598,-0.48608,-0.01384,-0.00217,0.00059,0.62354,-0.00066,0.14066,0.00084,0.70703,-0.00009,0.70718,1,4,1,0
1765409431.461789,-0.02116,0.18524,-0.50896,-0.01429,-0.00140,0.00057,0.62358,-0.00066,0.14066,0.00084,0.70703,-0.00008,0.70718,1,4,1,0
1765409431.463851,-0.03329,0.20261,-0.53964,-0.01496,-0.00152,0.00069,0.62378,-0.00066,0.14066,0.00084,0.70703,-0.00009,0.70718,1,4,1,0
1765409431.465809,-0.02180,0.15618,-0.50781,-0.01377,-0.00212,0.00139,0.62378,-0.00066,0.14066,0.00084,0.70703,-0.00009,0.70718,1,4,1,0
1765409431.467806,-0.03750,0.15740,-0.48545,-0.01376,-0.00272,-0.00019,0.62378,-0.00066,0.14066,0.00084,0.70703,-0.00009,0.70718,1,4,1,0
1765409431.469795,-0.05287,0.14286,-0.50750,-0.01525,-0.00328,0.00022,0.62378,-0.00066,0.14066,0.00084,0.70703,-0.00009,0.70718,1,4,1,0
1765409431.471801,-0.03227,0.19832,-0.48594,-0.01588,-0.00279,0.00127,0.62378,-0.00066,0.14066,0.00084,0.70703,-0.00009,0.70718,1,4,1,0
1765409431.473803,-0.03267,0.19800,-0.46342,-0.01545,-0.00204,0.00089,0.62378,-0.00066,0.14066,0.00084,0.70703,-0.00009,0.70718,1,4,1,0
1765409431.475851,0.00495,0.13527,-0.46233,-0.01468,-0.00131,0.00032,0.62378,-0.00066,0.14066,0.00084,0.70703,-0.00009,0.70718,1,4,1,0
1765409431.477875,-0.01787,0.15766,-0.44760,-0.01353,-0.00054,0.00075,0.62378,-0.00066,0.14066,0.00084,0.70703,-0.00009,0.70718,1,4,1,0
1765409431.479801,-0.00528,0.20528,-0.46382,-0.01339,-0.00199,0.00085,0.62378,-0.00066,0.14066,0.00084,0.70703,-0.00009,0.70718,1,4,1,0
1765409431.481809,-0.03730,0.22038,-0.47175,-0.01496,-0.00188,0.00047,0.62378,-0.00066,0.14066,0.00084,0.70703,-0.00009,0.70718,1,4,1,0
1765409431.483803,-0.02313,0.20319,-0.49404,-0.01604,-0.00280,0.00032,0.62378,-0.00066,0.14066,0.00084,0.70703,-0.00009,0.70718,1,4,1,0
1765409431.485808,-0.00663,0.18196,-0.47858,-0.01608,-0.00133,0.00045,0.62382,-0.00066,0.14066,0.00084,0.70703,-0.00008,0.70718,1,4,1,0
1765409431.487804,0.02048,0.20823,-0.47172,-0.01444,-0.00065,0.00108,0.62382,-0.00066,0.14066,0.00084,0.70703,-0.00008,0.70718,1,4,1,0
1765409431.489793,-0.01417,0.18943,-0.42566,-0.01336,-0.00023,0.00089,0.62386,-0.00066,0.14066,0.00084,0.70703,-0.00009,0.70718,1,4,1,0
1765409431.491804,-0.03904,0.17124,-0.43998,-0.01337,-0.00156,0.00105,0.62386,-0.00066,0.14066,0.00084,0.70703,-0.00009,0.70718,1,4,1,0
1765409431.493803,-0.03415,0.15836,-0.47798,-0.01374,-0.00098,0.00034,0.62390,-0.00066,0.14066,0.00084,0.70703,-0.00008,0.70718,1,4,1,0
1765409431.495802,-0.04590,0.19656,-0.46328,-0.01459,-0.00264,0.00077,0.62390,-0.00066,0.14066,0.00084,0.70703,-0.00008,0.70718,1,4,1,0
1765409431.497809,-0.02879,0.20598,-0.47855,-0.01513,-0.00297,0.00127,0.62395,-0.00066,0.14066,0.00084,0.70703,-0.00008,0.70718,1,4,1,0
1765409431.499831,-0.02008,0.19106,-0.48596,-0.01509,-0.00294,0.00086,0.62395,-0.00066,0.14066,0.00084,0.70703,-0.00008,0.70718,1,4,1,0
1765409431.501848,-0.02947,0.18584,-0.48624,-0.01407,-0.00169,0.00019,0.62399,-0.00066,0.14066,0.00084,0.70703,-0.00009,0.70718,1,4,1,0
1765409431.503837,-0.03415,0.15976,-0.43998,-0.01307,-0.00238,-0.00003,0.62399,-0.00066,0.14066,0.00084,0.70703,-0.00009,0.70718,1,4,1,0
1765409431.505825,-0.04035,0.17651,-0.42467,-0.01243,-0.00179,0.00173,0.62403,-0.00066,0.14066,0.00084,0.70703,-0.00008,0.70718,1,4,1,0
1765409431.507858,-0.01042,0.14371,-0.42404,-0.01261,-0.00175,0.00158,0.62403,-0.00066,0.14066,0.00084,0.70703,-0.00008,0.70718,1,4,1,0
1765409431.509872,-0.03610,0.13048,-0.47693,-0.01146,-0.00245,0.00076,0.62423,-0.00066,0.14066,0.00084,0.70703,-0.00008,0.70718,1,4,1,0
1765409431.511847,-0.03943,0.14671,-0.48499,-0.01279,-0.00153,0.00088,0.62423,-0.00066,0.14066,0.00084,0.70703,-0.00008,0.70718,1,4,1,0
1765409431.513836,-0.01280,0.18550,-0.48615,-0.01407,-0.00189,0.00058,0.62423,-0.00066,0.14066,0.00084,0.70703,-0.00008,0.70718,1,4,1,0
1765409431.515829,-0.00213,0.17787,-0.48580,-0.01263,-0.00162,0.00137,0.62423,-0.00066,0.14066,0.00084,0.70703,-0.00008,0.70718,1,4,1,0
1765409431.517828,-0.02753,0.15359,-0.47033,-0.01205,-0.00080,0.00047,0.62423,-0.00066,0.14066,0.00084,0.70703,-0.00008,0.70718,1,4,1,0
1765409431.519836,-0.03941,0.15126,-0.49319,-0.01252,-0.00066,-0.00007,0.62423,-0.00066,0.14066,0.00084,0.70703,-0.00008,0.70718,1,4,1,0
1765409431.521831,-0.04057,0.16051,-0.50839,-0.01219,-0.00000,0.00086,0.62423,-0.00066,0.14066,0.00084,0.70703,-0.00008,0.70718,1,4,1,0
1765409431.523822,-0.01871,0.16849,-0.44752,-0.01274,-0.00167,0.00129,0.62423,-0.00066,0.14066,0.00084,0.70703,-0.00008,0.70718,1,4,1,0
1765409431.525847,-0.01018,0.16356,-0.45493,-0.01280,-0.00202,0.00141,0.62423,-0.00066,0.14066,0.00084,0.70703,-0.00008,0.70718,1,4,1,0
1765409431.527820,-0.01434,0.15115,-0.40918,-0.01273,-0.00158,0.00119,0.62423,-0.00066,0.14066,0.00084,0.70703,-0.00008,0.70718,1,4,1,0
1765409431.529847,-0.01385,0.17979,-0.44078,-0.01326,-0.00036,0.00034,0.62427,-0.00066,0.14066,0.00084,0.70703,-0.00008,0.70718,1,4,1,0
1765409431.531841,0.00251,0.18917,-0.41055,-0.01315,-0.00030,0.00088,0.62427,-0.00066,0.14066,0.00084,0.70703,-0.00008,0.70718,1,4,1,0
1765409431.533838,-0.01369,0.18993,-0.45574,-0.01379,-0.00124,0.00127,0.62431,-0.00066,0.14066,0.00084,0.70703,-0.00008,0.70718,1,4,1,0
1765409431.535839,-0.00912,0.17318,-0.44785,-0.01356,-0.00180,0.00074,0.62431,-0.00066,0.14066,0.00084,0.70703,-0.00008,0.70718,1,4,1,0
1765409431.537867,-0.03174,0.17252,-0.43271,-0.01619,-0.00102,0.00038,0.62435,-0.00066,0.14066,0.00084,0.70703,-0.00008,0.70718,1,4,1,0
1765409431.539868,-0.03919,0.18276,-0.45590,-0.01673,-0.00133,-0.00031,0.62435,-0.00066,0.14066,0.00084,0.70703,-0.00008,0.70718,1,4,1,0
1765409431.541943,-0.02133,0.21384,-0.50210,-0.01482,-0.00040,0.00097,0.62444,-0.00066,0.14067,0.00084,0.70703,-0.00008,0.70719,1,4,1,0
1765409431.543853,-0.05775,0.19277,-0.48583,-0.01617,-0.00134,0.00143,0.62444,-0.00066,0.14067,0.00084,0.70703,-0.00008,0.70719,1,4,1,0
1765409431.545859,-0.03315,0.15898,-0.47004,-0.01461,-0.00225,0.00076,0.62444,-0.00066,0.14067,0.00084,0.70703,-0.00008,0.70719,1,4,1,0
1765409431.547875,-0.03976,0.14400,-0.44694,-0.01610,-0.00217,0.00038,0.62464,-0.00066,0.14066,0.00084,0.70703,-0.00008,0.70718,1,4,1,0
1765409431.549868,-0.05276,0.16250,-0.46269,-0.01523,-0.00293,-0.00029,0.62464,-0.00066,0.14066,0.00084,0.70703,-0.00008,0.70718,1,4,1,0
1765409431.551876,-0.01664,0.17317,-0.50093,-0.01444,-0.00195,0.00071,0.62464,-0.00066,0.14066,0.00084,0.70703,-0.00008,0.70718,1,4,1,0
1765409431.553874,-0.03218,0.18247,-0.44033,-0.01607,-0.00127,0.00091,0.62464,-0.00066,0.14066,0.00084,0.70703,-0.00008,0.70718,1,4,1,0
1765409431.555912,-0.02068,0.16537,-0.42485,-0.01475,-0.00127,0.00077,0.62464,-0.00066,0.14066,0.00084,0.70703,-0.00008,0.70718,1,4,1,0
1765409431.557967,-0.01222,0.18521,-0.40280,-0.01451,-0.00140,0.00024,0.62464,-0.00066,0.14066,0.00084,0.70703,-0.00008,0.70718,1,4,1,0
1765409431.559992,-0.00884,0.22107,-0.46473,-0.01429,-0.00007,0.00017,0.62464,-0.00066,0.14066,0.00084,0.70703,-0.00008,0.70718,1,4,1,0
1765409431.561987,-0.02868,0.20933,-0.47897,-0.01575,-0.00107,0.00113,0.62464,-0.00066,0.14066,0.00084,0.70703,-0.00008,0.70718,1,4,1,0
1765409431.563989,-0.00407,0.19394,-0.50915,-0.01506,-0.00085,0.00109,0.62464,-0.00066,0.14066,0.00084,0.70703,-0.00008,0.70718,1,4,1,0
1765409431.565939,-0.03611,0.17507,-0.44048,-0.01595,-0.00085,0.00010,0.62464,-0.00066,0.14066,0.00084,0.70703,-0.00008,0.70718,1,4,1,0
1765409431.567947,-0.04085,0.15444,-0.44749,-0.01467,-0.00218,-0.00029,0.62464,-0.00066,0.14066,0.00084,0.70703,-0.00008,0.70718,1,4,1,0
1765409431.569925,-0.03589,0.17178,-0.47004,-0.01598,-0.00337,0.00103,0.62468,-0.00066,0.14066,0.00084,0.70704,-0.00008,0.70718,1,4,1,0
1765409431.571856,-0.02890,0.20155,-0.42550,-0.01453,-0.00311,0.00064,0.62468,-0.00066,0.14066,0.00084,0.70704,-0.00008,0.70718,1,4,1,0
1765409431.573870,-0.02999,0.20497,-0.40322,-0.01405,-0.00082,0.00052,0.62472,-0.00066,0.14066,0.00084,0.70703,-0.00008,0.70718,1,4,1,0
1765409431.575870,-0.02976,0.18561,-0.40240,-0.01428,-0.00156,0.00107,0.62472,-0.00066,0.14066,0.00084,0.70703,-0.00008,0.70718,1,4,1,0
1765409431.577874,-0.03598,0.17186,-0.44798,-0.01511,-0.00263,-0.00057,0.62472,-0.00066,0.14066,0.00084,0.70703,-0.00008,0.70718,1,4,1,0
1765409431.579873,-0.03281,0.18903,-0.43272,-0.01490,-0.00292,0.00078,0.62476,-0.00066,0.14066,0.00084,0.70703,-0.00009,0.70718,1,4,1,0
1765409431.581909,-0.03704,0.23524,-0.47192,-0.01543,-0.00227,0.00087,0.62476,-0.00066,0.14066,0.00084,0.70703,-0.00009,0.70718,1,4,1,0
1765409431.583904,-0.04782,0.21402,-0.41807,-0.01657,-0.00340,0.00053,0.62480,-0.00066,0.14066,0.00084,0.70703,-0.00008,0.70718,1,4,1,0
1765409431.585904,-0.03572,0.15673,-0.51544,-0.01595,-0.00298,0.00059,0.62480,-0.00066,0.14066,0.00084,0.70703,-0.00008,0.70718,1,4,1,0
1765409431.587909,-0.02499,0.15314,-0.49299,-0.01446,-0.00121,0.00046,0.62480,-0.00066,0.14066,0.00084,0.70703,-0.00008,0.70718,1,4,1,0
1765409431.589903,-0.04274,0.14441,-0.45433,-0.01369,-0.00199,0.00118,0.62484,-0.00066,0.14066,0.00084,0.70703,-0.00008,0.70718,1,4,1,0
1765409431.591931,-0.03932,0.16755,-0.45500,-0.01254,-0.00282,0.00077,0.62484,-0.00066,0.14066,0.00084,0.70703,-0.00008,0.70718,1,4,1,0
1765409431.593972,-0.04184,0.15981,-0.46992,-0.01416,-0.00291,0.00077,0.62500,-0.00066,0.14066,0.00084,0.70703,-0.00008,0.70718,1,4,1,0
1765409431.595900,-0.03986,0.15670,-0.46983,-0.01267,-0.00178,0.00143,0.62500,-0.00066,0.14066,0.00084,0.70703,-0.00008,0.70718,1,4,1,0
1765409431.597895,-0.02263,0.17596,-0.40988,-0.01287,-0.00151,0.00092,0.62500,-0.00066,0.14066,0.00084,0.70703,-0.00008,0.70718,1,4,1,0
1765409431.599893,-0.01784,0.16330,-0.45509,-0.01346,-0.00155,0.00102,0.62500,-0.00066,0.14066,0.00084,0.70703,-0.00008,0.70718,1,4,1,0
1765409431.601889,-0.02132,0.15071,-0.47006,-0.01405,-0.00125,0.00074,0.62500,-0.00066,0.14066,0.00084,0.70703,-0.00008,0.70718,1,4,1,0
1765409431.603898,-0.00385,0.14143,-0.46234,-0.01395,-0.00235,0.00020,0.62500,-0.00066,0.14066,0.00084,0.70703,-0.00008,0.70718,1,4,1,0
1765409431.606039,-0.03163,0.17520,-0.42504,-0.01288,-0.00038,0.00131,0.62504,-0.00066,0.14066,0.00084,0.70703,-0.00009,0.70718,1,4,1,0
1765409431.608019,-0.00987,0.18249,-0.46355,-0.01301,-0.00078,0.00045,0.62504,-0.00066,0.14066,0.00084,0.70703,-0.00009,0.70718,1,4,1,0
1765409431.609976,-0.00977,0.19256,-0.43315,-0.01332,-0.00129,0.00102,0.62504,-0.00066,0.14066,0.00084,0.70703,-0.00009,0.70718,1,4,1,0
1765409431.611984,-0.01215,0.19020,-0.44058,-0.01488,-0.00190,0.00088,0.62508,-0.00066,0.14066,0.00084,0.70703,-0.00008,0.70718,1,4,1,0
1765409431.613903,-0.01362,0.16542,-0.44014,-0.01344,-0.00110,0.00075,0.62512,-0.00066,0.14067,0.00084,0.70703,-0.00008,0.70719,1,4,1,0
1765409431.615930,-0.01710,0.16273,-0.44771,-0.01413,-0.00093,0.00062,0.62512,-0.00066,0.14067,0.00084,0.70703,-0.00008,0.70719,1,4,1,0
1765409431.617928,-0.04136,0.18270,-0.47850,-0.01520,-0.00091,0.00048,0.62512,-0.00066,0.14067,0.00084,0.70703,-0.00008,0.70719,1,4,1,0
1765409431.619917,-0.03239,0.17333,-0.40208,-0.01553,-0.00190,0.00081,0.62516,-0.00066,0.14067,0.00084,0.70702,-0.00008,0.70719,1,4,1,0
1765409431.621924,-0.04240,0.19795,-0.42536,-0.01457,-0.00141,0.00133,0.62516,-0.00066,0.14067,0.00084,0.70702,-0.00008,0.70719,1,4,1,0
1765409431.623983,-0.02914,0.19528,-0.41035,-0.01482,-0.00145,0.00079,0.62520,-0.00066,0.14067,0.00084,0.70702,-0.00008,0.70719,1,4,1,0
1765409431.625956,-0.02987,0.18967,-0.40273,-0.01445,-0.00042,0.00093,0.62540,-0.00066,0.14067,0.00084,0.70703,-0.00008,0.70719,1,4,1,0
1765409431.627939,-0.01829,0.16270,-0.40947,-0.01347,-0.00078,0.00145,0.62540,-0.00066,0.14067,0.00084,0.70703,-0.00008,0.70719,1,4,1,0
1765409431.629974,-0.02463,0.15848,-0.40195,-0.01461,-0.00161,0.00040,0.62540,-0.00066,0.14067,0.00084,0.70703,-0.00008,0.70719,1,4,1,0
1765409431.632032,-0.01746,0.16307,-0.43249,-0.01368,-0.00118,0.00063,0.62540,-0.00066,0.14067,0.00084,0.70703,-0.00008,0.70719,1,4,1,0
1765409431.633967,-0.01280,0.18060,-0.47095,-0.01391,-0.00176,0.00032,0.62540,-0.00066,0.14067,0.00084,0.70703,-0.00008,0.70719,1,4,1,0
1765409431.635932,-0.03636,0.17119,-0.45498,-0.01577,-0.00248,0.00104,0.62540,-0.00066,0.14067,0.00084,0.70703,-0.00008,0.70719,1,4,1,0
1765409431.637927,-0.04533,0.19554,-0.50914,-0.01526,-0.00151,0.00032,0.62540,-0.00066,0.14067,0.00084,0.70703,-0.00008,0.70719,1,4,1,0
1765409431.639924,-0.04810,0.17902,-0.52336,-0.01655,-0.00310,0.00100,0.62540,-0.00066,0.14067,0.00084,0.70703,-0.00008,0.70719,1,4,1,0
1765409431.641926,-0.06998,0.18158,-0.51597,-0.01587,-0.00221,0.00075,0.62540,-0.00066,0.14067,0.00084,0.70703,-0.00008,0.70719,1,4,1,0
1765409431.643922,-0.07955,0.13366,-0.45376,-0.01426,-0.00307,0.00096,0.62540,-0.00066,0.14067,0.00084,0.70703,-0.00008,0.70719,1,4,1,0
1765409431.645974,-0.03773,0.17720,-0.42490,-0.01395,-0.00298,0.00052,0.62540,-0.00066,0.14067,0.00084,0.70703,-0.00008,0.70719,1,4,1,0
1765409431.647920,-0.02698,0.14509,-0.38617,-0.01215,-0.00258,0.00082,0.62544,-0.00066,0.14067,0.00084,0.70703,-0.00008,0.70719,1,4,1,0
1765409431.649929,-0.01470,0.15149,-0.39397,-0.01229,-0.00184,0.00120,0.62544,-0.00066,0.14067,0.00084,0.70703,-0.00008,0.70719,1,4,1,0
1765409431.651929,-0.03743,0.16363,-0.41725,-0.01106,-0.00043,0.00106,0.62548,-0.00066,0.14066,0.00084,0.70703,-0.00008,0.70718,1,4,1,0
1765409431.653940,-0.01996,0.18270,-0.42530,-0.01192,-0.00052,0.00130,0.62548,-0.00066,0.14066,0.00084,0.70703,-0.00008,0.70718,1,4,1,0
1765409431.655989,-0.01301,0.18496,-0.46347,-0.01407,-0.00113,0.00059,0.62552,-0.00066,0.14067,0.00084,0.70703,-0.00008,0.70718,1,4,1,0
1765409431.657949,-0.03699,0.17644,-0.47035,-0.01505,-0.00260,0.00089,0.62552,-0.00066,0.14067,0.00084,0.70703,-0.00008,0.70718,1,4,1,0
1765409431.659971,-0.02118,0.16604,-0.46293,-0.01387,-0.00178,0.00034,0.62556,-0.00066,0.14066,0.00084,0.70703,-0.00008,0.70718,1,4,1,0
1765409431.661958,-0.02704,0.14795,-0.46262,-0.01278,-0.00016,0.00061,0.62556,-0.00066,0.14066,0.00084,0.70703,-0.00008,0.70718,1,4,1,0
1765409431.663970,-0.04095,0.17510,-0.42529,-0.01201,0.00049,0.00092,0.62576,-0.00066,0.14066,0.00084,0.70703,-0.00008,0.70718,1,4,1,0
1765409431.665972,-0.02297,0.21048,-0.41844,-0.01267,-0.00141,0.00077,0.62576,-0.00066,0.14066,0.00084,0.70703,-0.00008,0.70718,1,4,1,0
1765409431.667974,-0.02698,0.17847,-0.40988,-0.01284,-0.00146,0.00106,0.62576,-0.00066,0.14066,0.00084,0.70703,-0.00008,0.70718,1,4,1,0
1765409431.669951,-0.02813,0.13959,-0.34801,-0.01156,-0.00167,0.00138,0.62576,-0.00066,0.14066,0.00084,0.70703,-0.00008,0.70718,1,4,1,0
1765409431.671957,-0.02353,0.14204,-0.38614,-0.01175,-0.00185,0.00108,0.62576,-0.00066,0.14066,0.00084,0.70703,-0.00008,0.70718,1,4,1,0
1765409431.673967,-0.02832,0.18383,-0.41010,-0.01147,-0.00145,0.00092,0.62576,-0.00066,0.14066,0.00084,0.70703,-0.00008,0.70718,1,4,1,0
1765409431.675958,-0.00630,0.18542,-0.41797,-0.01232,-0.00121,0.00062,0.62576,-0.00066,0.14066,0.00084,0.70703,-0.00008,0.70718,1,4,1,0
1765409431.677966,-0.01814,0.17378,-0.44779,-0.01290,-0.00207,0.00075,0.62576,-0.00066,0.14066,0.00084,0.70703,-0.00008,0.70718,1,4,1,0
1765409431.679965,-0.03190,0.17145,-0.43229,-0.01227,-0.00176,0.00145,0.62576,-0.00066,0.14066,0.00084,0.70703,-0.00008,0.70718,1,4,1,0
1765409431.681963,-0.04015,0.16101,-0.44753,-0.01240,-0.00065,0.00091,0.62576,-0.00066,0.14066,0.00084,0.70703,-0.00008,0.70718,1,4,1,0
1765409431.683964,-0.02213,0.18093,-0.46318,-0.01325,-0.00177,0.00074,0.62580,-0.00066,0.14066,0.00084,0.70703,-0.00008,0.70718,1,4,1,0
1765409431.685972,-0.04604,0.15781,-0.44705,-0.01397,-0.00324,0.00066,0.62580,-0.00066,0.14066,0.00084,0.70703,-0.00008,0.70718,1,4,1,0
1765409431.687982,-0.04197,0.17437,-0.42477,-0.01420,-0.00254,0.00080,0.62584,-0.00066,0.14066,0.00084,0.70703,-0.00008,0.70718,1,4,1,0
1765409431.689979,-0.03807,0.17074,-0.45554,-0.01403,-0.00095,0.00023,0.62584,-0.00066,0.14066,0.00084,0.70703,-0.00008,0.70718,1,4,1,0
1765409431.691977,-0.02017,0.17049,-0.41755,-0.01491,-0.00142,0.00024,0.62588,-0.00066,0.14066,0.00084,0.70703,-0.00008,0.70718,1,4,1,0
1765409431.693987,-0.04914,0.17958,-0.42463,-0.01545,-0.00322,0.00108,0.62588,-0.00066,0.14066,0.00084,0.70703,-0.00008,0.70718,1,4,1,0
1765409431.695975,-0.02440,0.19369,-0.39481,-0.01506,-0.00290,0.00107,0.62591,-0.00066,0.14066,0.00084,0.70703,-0.00008,0.70718,1,4,1,0
1765409431.697991,-0.04803,0.16500,-0.43173,-0.01628,-0.00385,0.00108,0.62591,-0.00066,0.14066,0.00084,0.70703,-0.00008,0.70718,1,4,1,0
1765409431.700211,-0.04247,0.17435,-0.39444,-0.01377,-0.00229,0.00082,0.62615,-0.00066,0.14065,0.00085,0.70704,-0.00008,0.70717,1,4,1,0
1765409431.701971,-0.03238,0.19402,-0.42563,-0.01484,-0.00269,-0.00016,0.62615,-0.00066,0.14065,0.00085,0.70704,-0.00008,0.70717,1,4,1,0
1765409431.703977,-0.03098,0.18063,-0.42510,-0.01325,-0.00115,0.00118,0.62615,-0.00066,0.14065,0.00085,0.70704,-0.00008,0.70717,1,4,1,0
1765409431.705973,-0.06035,0.18937,-0.43244,-0.01337,-0.00219,0.00161,0.62615,-0.00066,0.14065,0.00085,0.70704,-0.00008,0.70717,1,4,1,0
1765409431.708014,-0.02517,0.14463,-0.48483,-0.01391,-0.00284,0.00074,0.62615,-0.00066,0.14065,0.00085,0.70704,-0.00008,0.70717,1,4,1,0
1765409431.710497,-0.05379,0.13678,-0.43163,-0.01488,-0.00149,0.00041,0.62615,-0.00066,0.14065,0.00085,0.70704,-0.00008,0.70717,1,4,1,0
1765409431.711988,-0.03226,0.15395,-0.41700,-0.01511,-0.00202,0.00013,0.62615,-0.00066,0.14065,0.00085,0.70704,-0.00008,0.70717,1,4,1,0
1765409431.713998,-0.00997,0.17658,-0.46353,-0.01330,0.00037,0.00059,0.62615,-0.00066,0.14065,0.00085,0.70704,-0.00008,0.70717,1,4,1,0
1765409431.715988,-0.01486,0.17955,-0.43294,-0.01283,-0.00008,0.00115,0.62615,-0.00066,0.14065,0.00085,0.70704,-0.00008,0.70717,1,4,1,0
1765409431.718024,-0.02272,0.16511,-0.38689,-0.01322,-0.00035,0.00120,0.62615,-0.00066,0.14065,0.00085,0.70704,-0.00008,0.70717,1,4,1,0
1765409431.720060,-0.02301,0.15583,-0.34884,-0.01246,-0.00061,0.00070,0.62615,-0.00066,0.14065,0.00085,0.70704,-0.00008,0.70717,1,4,1,0
1765409431.722106,-0.01402,0.18492,-0.40280,-0.01320,-0.00061,0.00064,0.62615,-0.00066,0.14065,0.00085,0.70704,-0.00008,0.70717,1,4,1,0
1765409431.724055,0.01253,0.19401,-0.43288,-0.01505,-0.00155,0.00194,0.62620,-0.00066,0.14065,0.00084,0.70704,-0.00008,0.70717,1,4,1,0
1765409431.726025,-0.01184,0.16992,-0.41748,-0.01513,-0.00113,0.00064,0.62620,-0.00066,0.14065,0.00084,0.70704,-0.00008,0.70717,1,4,1,0
1765409431.727985,-0.01384,0.16982,-0.44043,-0.01338,-0.00034,0.00061,0.62624,-0.00066,0.14065,0.00084,0.70704,-0.00008,0.70717,1,4,1,0
1765409431.730000,-0.02458,0.15729,-0.47808,-0.01507,-0.00033,0.00033,0.62624,-0.00066,0.14065,0.00084,0.70704,-0.00008,0.70717,1,4,1,0
1765409431.731994,-0.01168,0.19956,-0.44117,-0.01521,-0.00116,0.00020,0.62628,-0.00066,0.14065,0.00084,0.70704,-0.00008,0.70717,1,4,1,0
1765409431.734000,-0.03731,0.16138,-0.43207,-0.01480,-0.00208,0.00092,0.62628,-0.00066,0.14065,0.00084,0.70704,-0.00008,0.70717,1,4,1,0
1765409431.735999,-0.02193,0.16585,-0.44747,-0.01365,-0.00163,0.00116,0.62632,-0.00066,0.14065,0.00084,0.70704,-0.00008,0.70717,1,4,1,0
1765409431.738092,-0.03964,0.17596,-0.44784,-0.01287,-0.00105,0.00090,0.62632,-0.00066,0.14065,0.00084,0.70704,-0.00008,0.70717,1,4,1,0
1765409431.740024,-0.02655,0.17341,-0.41746,-0.01312,-0.00133,0.00078,0.62640,-0.00066,0.14065,0.00084,0.70704,-0.00008,0.70717,1,4,1,0
1765409431.742007,-0.02989,0.18166,-0.34910,-0.01368,-0.00245,0.00084,0.62656,-0.00066,0.14065,0.00084,0.70705,-0.00008,0.70717,1,4,1,0
1765409431.744014,-0.03975,0.17692,-0.35639,-0.01264,-0.00219,0.00138,0.62656,-0.00066,0.14065,0.00084,0.70705,-0.00008,0.70717,1,4,1,0
1765409431.746014,-0.04131,0.16678,-0.38674,-0.01124,-0.00127,0.00122,0.62656,-0.00066,0.14065,0.00084,0.70705,-0.00008,0.70717,1,4,1,0
1765409431.748069,-0.02797,0.15425,-0.39396,-0.01182,-0.00168,0.00134,0.62656,-0.00066,0.14065,0.00084,0.70705,-0.00008,0.70717,1,4,1,0
1765409431.750041,-0.02644,0.15944,-0.42454,-0.01285,-0.00234,0.00078,0.62656,-0.00066,0.14065,0.00084,0.70705,-0.00008,0.70717,1,4,1,0
1765409431.752005,-0.01800,0.16415,-0.48534,-0.01302,-0.00256,0.00100,0.62656,-0.00066,0.14065,0.00084,0.70705,-0.00008,0.70717,1,4,1,0
1765409431.754055,-0.03174,0.21097,-0.47136,-0.01245,-0.00193,0.00114,0.62656,-0.00066,0.14065,0.00084,0.70705,-0.00008,0.70717,1,4,1,0
1765409431.756016,-0.03577,0.21876,-0.45646,-0.01235,-0.00215,0.00075,0.62656,-0.00066,0.14065,0.00084,0.70705,-0.00008,0.70717,1,4,1,0
1765409431.758051,-0.04267,0.14965,-0.44705,-0.01341,-0.00214,0.00065,0.62656,-0.00066,0.14065,0.00084,0.70705,-0.00008,0.70717,1,4,1,0
1765409431.760008,-0.06234,0.13306,-0.43143,-0.01427,-0.00253,0.00015,0.62656,-0.00066,0.14065,0.00084,0.70705,-0.00008,0.70717,1,4,1,0
1765409431.762010,-0.03039,0.13259,-0.42372,-0.01296,-0.00265,0.00093,0.62656,-0.00066,0.14065,0.00084,0.70705,-0.00008,0.70717,1,4,1,0
1765409431.764003,-0.02457,0.16668,-0.40197,-0.01102,-0.00160,0.00119,0.62660,-0.00066,0.14064,0.00084,0.70705,-0.00008,0.70716,1,4,1,0
1765409431.766040,-0.02321,0.20050,-0.40292,-0.01257,-0.00127,0.00105,0.62660,-0.00066,0.14064,0.00084,0.70705,-0.00008,0.70716,1,4,1,0
1765409431.768023,-0.01413,0.18029,-0.40257,-0.01304,-0.00098,0.00078,0.62664,-0.00066,0.14065,0.00084,0.70705,-0.00008,0.70716,1,4,1,0
1765409431.770058,-0.01827,0.17346,-0.40988,-0.01290,-0.00156,0.00078,0.62664,-0.00066,0.14065,0.00084,0.70705,-0.00008,0.70716,1,4,1,0
1765409431.772036,-0.02229,0.14512,-0.42449,-0.01346,-0.00009,0.00091,0.62668,-0.00066,0.14064,0.00084,0.70705,-0.00008,0.70716,1,4,1,0
1765409431.774035,-0.01710,0.16273,-0.44771,-0.01413,-0.00093,0.00062,0.62668,-0.00066,0.14064,0.00084,0.70705,-0.00008,0.70716,1,4,1,0
1765409431.776050,-0.02243,0.16085,-0.41696,-0.01327,-0.00137,0.00132,0.62672,-0.00066,0.14065,0.00084,0.70705,-0.00008,0.70716,1,4,1,0
1765409431.778055,-0.01300,0.16512,-0.44774,-0.01410,-0.00098,0.00075,0.62676,-0.00066,0.14065,0.00084,0.70705,-0.00008,0.70716,1,4,1,0
1765409431.780038,-0.02687,0.15322,-0.43960,-0.01315,-0.00092,0.00131,0.62697,-0.00066,0.14066,0.00084,0.70704,-0.00008,0.70717,1,4,1,0
1765409431.782037,-0.02121,0.16533,-0.44786,-0.01409,-0.00089,0.00035,0.62697,-0.00066,0.14066,0.00084,0.70704,-0.00008,0.70717,1,4,1,0
1765409431.784057,-0.03479,0.15921,-0.42456,-0.01308,-0.00186,0.00079,0.62697,-0.00066,0.14066,0.00084,0.70704,-0.00008,0.70717,1,4,1,0
1765409431.786039,-0.03986,0.13757,-0.37823,-0.01225,-0.00216,0.00124,0.62697,-0.00066,0.14066,0.00084,0.70704,-0.00008,0.70717,1,4,1,0
1765409431.788060,-0.03197,0.17756,-0.40192,-0.01176,-0.00304,0.00134,0.62697,-0.00066,0.14066,0.00084,0.70704,-0.00008,0.70717,1,4,1,0
1765409431.790058,-0.01093,0.17854,-0.36439,-0.01196,-0.00165,0.00107,0.62697,-0.00066,0.14066,0.00084,0.70704,-0.00008,0.70717,1,4,1,0
1765409431.792052,-0.03716,0.18843,-0.38722,-0.01163,-0.00095,0.00162,0.62697,-0.00066,0.14066,0.00084,0.70704,-0.00008,0.70717,1,4,1,0
1765409431.794054,-0.01431,0.16186,-0.40183,-0.01239,-0.00249,0.00092,0.62697,-0.00066,0.14066,0.00084,0.70704,-0.00008,0.70717,1,4,1,0
1765409431.796052,-0.03213,0.16151,-0.39397,-0.01217,-0.00162,0.00175,0.62697,-0.00066,0.14066,0.00084,0.70704,-0.00008,0.70717,1,4,1,0
1765409431.798061,-0.01897,0.14996,-0.42420,-0.01188,-0.00280,0.00105,0.62697,-0.00066,0.14066,0.00084,0.70704,-0.00008,0.70717,1,4,1,0
1765409431.800046,-0.03921,0.19695,-0.46336,-0.01284,-0.00272,0.00076,0.62697,-0.00066,0.14066,0.00084,0.70704,-0.00008,0.70717,1,4,1,0
1765409431.802048,-0.02627,0.17903,-0.46290,-0.01327,-0.00248,0.00102,0.62697,-0.00066,0.14066,0.00084,0.70704,-0.00008,0.70717,1,4,1,0
1765409431.804048,-0.03239,0.16147,-0.40159,-0.01195,-0.00149,0.00174,0.62701,-0.00066,0.14066,0.00084,0.70704,-0.00008,0.70717,1,4,1,0
1765409431.806077,-0.01445,0.15150,-0.40914,-0.01251,-0.00196,0.00119,0.62701,-0.00066,0.14066,0.00084,0.70704,-0.00008,0.70717,1,4,1,0
1765409431.808047,-0.03670,0.16429,-0.40190,-0.01148,-0.00146,0.00107,0.62705,-0.00066,0.14066,0.00084,0.70704,-0.00008,0.70717,1,4,1,0
1765409431.810178,-0.04989,0.15739,-0.40185,-0.01070,-0.00130,0.00068,0.62705,-0.00066,0.14066,0.00084,0.70704,-0.00008,0.70717,1,4,1,0
1765409431.812083,-0.03584,0.15464,-0.38625,-0.01226,-0.00209,0.00136,0.62709,-0.00066,0.14066,0.00084,0.70704,-0.00008,0.70718,1,4,1,0
1765409431.814078,-0.03192,0.15226,-0.38626,-0.01185,-0.00214,0.00122,0.62709,-0.00066,0.14066,0.00084,0.70704,-0.00008,0.70718,1,4,1,0
1765409431.816082,-0.01988,0.16949,-0.36428,-0.01098,-0.00193,0.00055,0.62713,-0.00066,0.14066,0.00084,0.70704,-0.00008,0.70718,1,4,1,0
1765409431.818096,-0.01453,0.15129,-0.42436,-0.01251,-0.00171,0.00117,0.62713,-0.00066,0.14066,0.00084,0.70704,-0.00008,0.70718,1,4,1,0
1765409431.820082,-0.02465,0.14166,-0.43185,-0.01088,-0.00107,0.00104,0.62737,-0.00066,0.14066,0.00084,0.70704,-0.00008,0.70718,1,4,1,0
1765409431.822077,-0.04190,0.17648,-0.39478,-0.01068,-0.00077,0.00094,0.62737,-0.00066,0.14066,0.00084,0.70704,-0.00008,0.70718,1,4,1,0
1765409431.824079,-0.04073,0.17690,-0.41722,-0.01177,-0.00192,0.00133,0.62737,-0.00066,0.14066,0.00084,0.70704,-0.00008,0.70718,1,4,1,0
1765409431.826089,-0.01081,0.18872,-0.44046,-0.01206,-0.00229,0.00115,0.62737,-0.00066,0.14066,0.00084,0.70704,-0.00008,0.70718,1,4,1,0
1765409431.828082,-0.02280,0.16617,-0.40192,-0.01277,-0.00162,0.00120,0.62737,-0.00066,0.14066,0.00084,0.70704,-0.00008,0.70718,1,4,1,0
1765409431.830141,-0.03460,0.16968,-0.47039,-0.01295,-0.00263,0.00048,0.62737,-0.00066,0.14066,0.00084,0.70704,-0.00008,0.70718,1,4,1,0
1765409431.832092,-0.03123,0.14713,-0.42402,-0.01257,-0.00226,0.00133,0.62737,-0.00066,0.14066,0.00084,0.70704,-0.00008,0.70718,1,4,1,0
1765409431.834101,-0.04431,0.14481,-0.41642,-0.01216,-0.00185,0.00121,0.62737,-0.00066,0.14066,0.00084,0.70704,-0.00008,0.70718,1,4,1,0
1765409431.836082,-0.02838,0.17867,-0.40236,-0.01153,-0.00119,0.00106,0.62737,-0.00066,0.14066,0.00084,0.70704,-0.00008,0.70718,1,4,1,0
1765409431.838186,-0.01087,0.16380,-0.40197,-0.01193,-0.00177,0.00105,0.62737,-0.00066,0.14066,0.00084,0.70704,-0.00008,0.70718,1,4,1,0
1765409431.840097,-0.02878,0.16830,-0.39451,-0.01143,-0.00054,0.00134,0.62737,-0.00066,0.14066,0.00084,0.70704,-0.00008,0.70718,1,4,1,0
1765409431.842103,-0.02356,0.16112,-0.37903,-0.01218,-0.00123,0.00135,0.62737,-0.00066,0.14066,0.00084,0.70704,-0.00008,0.70718,1,4,1,0
1765409431.844094,-0.01087,0.16878,-0.40215,-0.01187,-0.00177,0.00091,0.62741,-0.00066,0.14066,0.00084,0.70704,-0.00008,0.70718,1,4,1,0
1765409431.846100,-0.01475,0.17557,-0.41759,-0.01244,-0.00110,0.00090,0.62741,-0.00066,0.14066,0.00084,0.70704,-0.00008,0.70718,1,4,1,0
1765409431.848095,-0.02687,0.17820,-0.39491,-0.01285,-0.00096,0.00066,0.62746,-0.00066,0.14066,0.00084,0.70704,-0.00008,0.70718,1,4,1,0
1765409431.850099,-0.02266,0.17151,-0.41722,-0.01271,-0.00214,0.00105,0.62746,-0.00066,0.14066,0.00084,0.70704,-0.00008,0.70718,1,4,1,0
1765409431.852119,-0.03548,0.14446,-0.39385,-0.01238,-0.00159,0.00082,0.62746,-0.00066,0.14066,0.00084,0.70704,-0.00008,0.70718,1,4,1,0
1765409431.854103,-0.03094,0.15660,-0.40925,-0.01289,-0.00177,0.00107,0.62750,-0.00066,0.14067,0.00084,0.70704,-0.00008,0.70718,1,4,1,0
1765409431.856120,-0.01874,0.15929,-0.37907,-0.01220,-0.00205,0.00081,0.62750,-0.00066,0.14067,0.00084,0.70704,-0.00008,0.70718,1,4,1,0
1765409431.858119,-0.01926,0.19887,-0.39522,-0.01194,-0.00220,0.00092,0.62754,-0.00066,0.14066,0.00084,0.70704,-0.00008,0.70717,1,4,1,0
1765409431.860116,-0.02353,0.17183,-0.37167,-0.01183,-0.00213,0.00108,0.62754,-0.00066,0.14066,0.00084,0.70704,-0.00008,0.70717,1,4,1,0
1765409431.862169,-0.02612,0.16901,-0.34140,-0.01317,-0.00185,0.00058,0.62758,-0.00066,0.14066,0.00084,0.70704,-0.00008,0.70717,1,4,1,0
1765409431.864129,-0.03608,0.14845,-0.35608,-0.01233,-0.00031,0.00111,0.62758,-0.00066,0.14066,0.00084,0.70704,-0.00008,0.70717,1,4,1,0
1765409431.866118,-0.02280,0.15629,-0.38654,-0.01267,-0.00149,0.00108,0.62778,-0.00066,0.14066,0.00084,0.70704,-0.00008,0.70717,1,4,1,0
1765409431.868244,-0.05576,0.15290,-0.37101,-0.01294,-0.00249,0.00086,0.62778,-0.00066,0.14066,0.00084,0.70704,-0.00008,0.70717,1,4,1,0
1765409431.870160,-0.02753,0.16898,-0.40950,-0.01230,-0.00182,0.00133,0.62778,-0.00066,0.14066,0.00084,0.70704,-0.00008,0.70717,1,4,1,0
1765409431.872122,-0.02223,0.17135,-0.43999,-0.01315,-0.00214,0.00103,0.62778,-0.00066,0.14066,0.00084,0.70704,-0.00008,0.70717,1,4,1,0
1765409431.874149,-0.00934,0.19249,-0.44090,-0.01355,-0.00118,0.00061,0.62778,-0.00066,0.14066,0.00084,0.70704,-0.00008,0.70717,1,4,1,0
1765409431.876112,-0.02299,0.16503,-0.41730,-0.01300,-0.00022,0.00118,0.62778,-0.00066,0.14066,0.00084,0.70704,-0.00008,0.70717,1,4,1,0
1765409431.878137,-0.03903,0.15148,-0.40923,-0.01317,-0.00129,0.00081,0.62778,-0.00066,0.14066,0.00084,0.70704,-0.00008,0.70717,1,4,1,0
1765409431.880146,-0.03048,0.18131,-0.37180,-0.01346,-0.00205,0.00123,0.62778,-0.00066,0.14066,0.00084,0.70704,-0.00008,0.70717,1,4,1,0
1765409431.882133,-0.03077,0.17636,-0.41756,-0.01287,-0.00167,0.00052,0.62778,-0.00066,0.14066,0.00084,0.70704,-0.00008,0.70717,1,4,1,0
1765409431.884132,-0.02331,0.17113,-0.37176,-0.01227,-0.00137,0.00108,0.62778,-0.00066,0.14066,0.00084,0.70704,-0.00008,0.70717,1,4,1,0
1765409431.886140,-0.01859,0.16828,-0.38698,-0.01275,-0.00117,0.00093,0.62782,-0.00066,0.14066,0.00084,0.70704,-0.00008,0.70717,1,4,1,0
1765409431.888132,-0.03905,0.17071,-0.34153,-0.01337,-0.00055,0.00072,0.62782,-0.00066,0.14066,0.00084,0.70704,-0.00008,0.70717,1,4,1,0
1765409431.890146,-0.03148,0.18061,-0.39477,-0.01282,-0.00090,0.00120,0.62786,-0.00066,0.14066,0.00084,0.70704,-0.00008,0.70717,1,4,1,0
1765409431.892148,-0.04692,0.14131,-0.34829,-0.01373,-0.00069,0.00073,0.62790,-0.00066,0.14066,0.00084,0.70704,-0.00008,0.70717,1,4,1,0
1765409431.894146,-0.03237,0.16096,-0.42464,-0.01196,-0.00074,0.00132,0.62790,-0.00066,0.14066,0.00084,0.70704,-0.00008,0.70717,1,4,1,0
1765409431.896140,-0.01091,0.16294,-0.44749,-0.01237,-0.00099,0.00142,0.62790,-0.00066,0.14066,0.00084,0.70704,-0.00008,0.70717,1,4,1,0
1765409431.898159,-0.02136,0.18473,-0.46349,-0.01430,-0.00064,0.00060,0.62794,-0.00066,0.14066,0.00084,0.70704,-0.00008,0.70717,1,4,1,0
1765409431.900169,-0.01669,0.16819,-0.40981,-0.01428,-0.00158,0.00051,0.62814,-0.00066,0.14066,0.00084,0.70704,-0.00008,0.70717,1,4,1,0
1765409431.902147,-0.04636,0.18613,-0.41006,-0.01428,-0.00162,0.00067,0.62814,-0.00066,0.14066,0.00084,0.70704,-0.00008,0.70717,1,4,1,0
1765409431.904160,-0.02943,0.20702,-0.37230,-0.01402,-0.00361,0.00095,0.62814,-0.00066,0.14066,0.00084,0.70704,-0.00008,0.70717,1,4,1,0
1765409431.906154,-0.05350,0.18645,-0.34137,-0.01559,-0.00229,0.00114,0.62814,-0.00066,0.14066,0.00084,0.70704,-0.00008,0.70717,1,4,1,0
1765409431.908147,-0.04725,0.18198,-0.34129,-0.01346,-0.00236,0.00127,0.62814,-0.00066,0.14066,0.00084,0.70704,-0.00008,0.70717,1,4,1,0
1765409431.910178,-0.01891,0.14451,-0.37093,-0.01216,-0.00216,0.00122,0.62814,-0.00066,0.14066,0.00084,0.70704,-0.00008,0.70717,1,4,1,0
1765409431.912166,-0.04241,0.15410,-0.33339,-0.01379,-0.00139,0.00060,0.62814,-0.00066,0.14066,0.00084,0.70704,-0.00008,0.70717,1,4,1,0
1765409431.914163,-0.05060,0.15922,-0.29536,-0.01417,-0.00155,0.00091,0.62814,-0.00066,0.14066,0.00084,0.70704,-0.00008,0.70717,1,4,1,0
1765409431.916180,-0.01752,0.19765,-0.38009,-0.01392,-0.00134,0.00093,0.62814,-0.00066,0.14066,0.00084,0.70704,-0.00008,0.70717,1,4,1,0
1765409431.918158,-0.05804,0.19349,-0.42535,-0.01529,-0.00161,0.00067,0.62814,-0.00066,0.14066,0.00084,0.70704,-0.00008,0.70717,1,4,1,0
1765409431.920168,-0.01575,0.20783,-0.42602,-0.01511,-0.00213,0.00022,0.62814,-0.00066,0.14066,0.00084,0.70704,-0.00008,0.70717,1,4,1,0
1765409431.922178,-0.07227,0.18943,-0.48574,-0.01730,-0.00308,0.00038,0.62818,-0.00066,0.14066,0.00084,0.70705,-0.00008,0.70717,1,4,1,0
1765409431.924161,-0.03131,0.17865,-0.43268,-0.01612,-0.00256,0.00024,0.62818,-0.00066,0.14066,0.00084,0.70705,-0.00008,0.70717,1,4,1,0
1765409431.926189,-0.05862,0.16963,-0.40915,-0.01470,-0.00259,0.00137,0.62822,-0.00066,0.14066,0.00084,0.70704,-0.00008,0.70717,1,4,1,0
1765409431.928193,-0.03816,0.14186,-0.37079,-0.01394,-0.00193,0.00111,0.62822,-0.00066,0.14066,0.00084,0.70704,-0.00008,0.70717,1,4,1,0
1765409431.930190,-0.04340,0.16453,-0.34098,-0.01301,-0.00201,0.00113,0.62826,-0.00066,0.14066,0.00084,0.70705,-0.00008,0.70717,1,4,1,0
1765409431.932187,-0.03088,0.17618,-0.31906,-0.01265,-0.00105,0.00019,0.62826,-0.00066,0.14066,0.00084,0.70705,-0.00008,0.70717,1,4,1,0
1765409431.934194,-0.04659,0.18112,-0.36416,-0.01434,-0.00160,0.00125,0.62830,-0.00066,0.14065,0.00084,0.70705,-0.00008,0.70716,1,4,1,0
1765409431.936275,-0.01758,0.15911,-0.34863,-0.01329,-0.00220,0.00083,0.62838,-0.00066,0.14065,0.00084,0.70705,-0.00008,0.70716,1,4,1,0
1765409431.938177,-0.01423,0.16080,-0.38680,-0.01284,-0.00122,0.00093,0.62850,-0.00066,0.14065,0.00084,0.70705,-0.00008,0.70717,1,4,1,0
1765409431.940179,-0.00184,0.16685,-0.39464,-0.01320,-0.00010,0.00131,0.62850,-0.00066,0.14065,0.00084,0.70705,-0.00008,0.70717,1,4,1,0
1765409431.942180,-0.01930,0.18690,-0.43333,-0.01252,0.00034,0.00075,0.62850,-0.00066,0.14065,0.00084,0.70705,-0.00008,0.70717,1,4,1,0
1765409431.944180,-0.01867,0.18795,-0.39515,-0.01273,-0.00106,0.00079,0.62850,-0.00066,0.14065,0.00084,0.70705,-0.00008,0.70717,1,4,1,0
1765409431.946187,-0.01435,0.17091,-0.43993,-0.01293,-0.00185,0.00143,0.62850,-0.00066,0.14065,0.00084,0.70705,-0.00008,0.70717,1,4,1,0
1765409431.948189,-0.03038,0.14621,-0.41669,-0.01345,-0.00126,0.00093,0.62850,-0.00066,0.14065,0.00084,0.70705,-0.00008,0.70717,1,4,1,0
1765409431.950200,-0.05561,0.14202,-0.38598,-0.01350,-0.00146,0.00112,0.62850,-0.00066,0.14065,0.00084,0.70705,-0.00008,0.70717,1,4,1,0
1765409431.952181,-0.03603,0.13498,-0.39347,-0.01184,-0.00195,0.00109,0.62850,-0.00066,0.14065,0.00084,0.70705,-0.00008,0.70717,1,4,1,0
1765409431.954209,-0.03505,0.16476,-0.34096,-0.01279,-0.00249,0.00113,0.62850,-0.00066,0.14065,0.00084,0.70705,-0.00008,0.70717,1,4,1,0
1765409431.956198,-0.01906,0.15910,-0.35634,-0.01198,-0.00167,0.00083,0.62850,-0.00066,0.14065,0.00084,0.70705,-0.00008,0.70717,1,4,1,0
1765409431.958218,-0.02038,0.15322,-0.35640,-0.01118,-0.00013,0.00096,0.62854,-0.00066,0.14065,0.00084,0.70705,-0.00008,0.70716,1,4,1,0
1765409431.960215,-0.00792,0.15575,-0.37143,-0.01115,-0.00078,0.00147,0.62854,-0.00066,0.14065,0.00084,0.70705,-0.00008,0.70716,1,4,1,0
1765409431.962198,-0.04156,0.14695,-0.38640,-0.01082,-0.00088,0.00096,0.62858,-0.00066,0.14065,0.00084,0.70705,-0.00008,0.70716,1,4,1,0
1765409431.964202,-0.02840,0.16799,-0.38693,-0.01188,-0.00029,0.00134,0.62858,-0.00066,0.14065,0.00084,0.70705,-0.00008,0.70716,1,4,1,0
1765409431.966201,-0.00709,0.18575,-0.41003,-0.01188,-0.00170,0.00144,0.62862,-0.00066,0.14065,0.00084,0.70705,-0.00008,0.70716,1,4,1,0
1765409431.968293,-0.01445,0.16150,-0.38670,-0.01239,-0.00198,0.00093,0.62862,-0.00066,0.14065,0.00084,0.70705,-0.00008,0.70716,1,4,1,0
1765409431.970210,-0.01979,0.18316,-0.37206,-0.01191,-0.00104,0.00134,0.62866,-0.00066,0.14065,0.00084,0.70705,-0.00008,0.70716,1,4,1,0
1765409431.972213,-0.01632,0.16112,-0.36412,-0.01087,-0.00082,0.00095,0.62866,-0.00066,0.14065,0.00084,0.70705,-0.00008,0.70716,1,4,1,0
1765409431.974232,-0.04849,0.14233,-0.39381,-0.01197,-0.00143,0.00070,0.62870,-0.00066,0.14065,0.00084,0.70705,-0.00008,0.70716,1,4,1,0
1765409431.976223,-0.05339,0.14037,-0.37081,-0.01134,-0.00175,0.00099,0.62870,-0.00066,0.14065,0.00084,0.70705,-0.00008,0.70716,1,4,1,0
1765409431.978210,-0.07210,0.15839,-0.36346,-0.01331,-0.00281,0.00075,0.62890,-0.00066,0.14065,0.00084,0.70706,-0.00008,0.70716,1,4,1,0
1765409431.980241,-0.03887,0.15812,-0.37099,-0.01287,-0.00346,0.00111,0.62890,-0.00066,0.14065,0.00084,0.70706,-0.00008,0.70716,1,4,1,0
1765409431.982228,-0.05609,0.19728,-0.36439,-0.01305,-0.00264,0.00125,0.62890,-0.00066,0.14065,0.00084,0.70706,-0.00008,0.70716,1,4,1,0
1765409431.984225,-0.01496,0.18996,-0.36489,-0.01248,-0.00047,0.00094,0.62890,-0.00066,0.14065,0.00084,0.70706,-0.00008,0.70716,1,4,1,0
1765409431.986234,-0.03633,0.16823,-0.34888,-0.01231,-0.00045,0.00138,0.62890,-0.00066,0.14065,0.00084,0.70706,-0.00008,0.70716,1,4,1,0
1765409431.988225,-0.02283,0.16546,-0.38685,-0.01300,-0.00073,0.00121,0.62890,-0.00066,0.14065,0.00084,0.70706,-0.00008,0.70716,1,4,1,0
1765409431.990221,-0.03980,0.14771,-0.38614,-0.01212,-0.00242,0.00096,0.62890,-0.00066,0.14065,0.00084,0.70706,-0.00008,0.70716,1,4,1,0
1765409431.992226,-0.04708,0.15697,-0.38633,-0.01354,-0.00196,0.00110,0.62890,-0.00066,0.14065,0.00084,0.70706,-0.00008,0.70716,1,4,1,0
1765409431.994247,-0.03116,0.18080,-0.41749,-0.01303,-0.00128,0.00119,0.62890,-0.00066,0.14065,0.00084,0.70706,-0.00008,0.70716,1,4,1,0
1765409431.996258,-0.03429,0.18331,-0.39462,-0.01409,-0.00162,0.00135,0.62890,-0.00066,0.14065,0.00084,0.70706,-0.00008,0.70716,1,4,1,0
1765409431.998241,-0.01596,0.16881,-0.41725,-0.01471,-0.00260,0.00051,0.62894,-0.00066,0.14065,0.00084,0.70706,-0.00008,0.70716,1,4,1,0
1765409432.000214,-0.01408,0.15120,-0.40156,-0.01295,-0.00172,0.00119,0.62894,-0.00066,0.14065,0.00084,0.70706,-0.00008,0.70716,1,4,1,0
1765409432.002235,-0.02714,0.14335,-0.43961,-0.01261,-0.00054,0.00077,0.62898,-0.00066,0.14065,0.00084,0.70706,-0.00008,0.70715,1,4,1,0
1765409432.004244,-0.03134,0.15130,-0.38655,-0.01252,-0.00101,0.00082,0.62898,-0.00066,0.14065,0.00084,0.70706,-0.00008,0.70715,1,4,1,0
1765409432.006228,-0.01618,0.17066,-0.32620,-0.01140,-0.00069,0.00151,0.62902,-0.00066,0.14065,0.00084,0.70706,-0.00008,0.70716,1,4,1,0
1765409432.008241,-0.00689,0.16589,-0.34131,-0.01190,-0.00131,0.00123,0.62902,-0.00066,0.14065,0.00084,0.70706,-0.00008,0.70716,1,4,1,0
1765409432.010262,-0.01089,0.19287,-0.37243,-0.01223,-0.00116,0.00106,0.62906,-0.00066,0.14065,0.00084,0.70705,-0.00008,0.70716,1,4,1,0
1765409432.012253,-0.01480,0.15562,-0.34872,-0.01246,-0.00070,0.00110,0.62906,-0.00066,0.14065,0.00084,0.70705,-0.00008,0.70716,1,4,1,0
1765409432.014258,-0.02822,0.17280,-0.39472,-0.01204,-0.00017,0.00120,0.62906,-0.00066,0.14065,0.00084,0.70705,-0.00008,0.70716,1,4,1,0
1765409432.016251,-0.02243,0.15105,-0.38656,-0.01296,-0.00111,0.00081,0.62910,-0.00066,0.14065,0.00084,0.70705,-0.00008,0.70716,1,4,1,0
1765409432.018256,-0.04844,0.14180,-0.38630,-0.01220,-0.00080,0.00070,0.62910,-0.00066,0.14065,0.00084,0.70705,-0.00008,0.70716,1,4,1,0
1765409432.020247,-0.03818,0.16179,-0.37150,-0.01370,-0.00195,0.00057,0.62930,-0.00066,0.14066,0.00084,0.70705,-0.00008,0.70716,1,4,1,0
1765409432.022254,-0.02369,0.20618,-0.38784,-0.01185,-0.00190,0.00093,0.62930,-0.00066,0.14066,0.00084,0.70705,-0.00008,0.70716,1,4,1,0
1765409432.024263,-0.03550,0.21316,-0.35745,-0.01308,-0.00151,0.00136,0.62930,-0.00066,0.14066,0.00084,0.70705,-0.00008,0.70716,1,4,1,0
1765409432.026262,-0.02298,0.16634,-0.39431,-0.01255,-0.00175,0.00120,0.62930,-0.00066,0.14066,0.00084,0.70705,-0.00008,0.70716,1,4,1,0
1765409432.028245,-0.05264,0.13493,-0.32545,-0.01184,-0.00100,0.00035,0.62930,-0.00066,0.14066,0.00084,0.70705,-0.00008,0.70716,1,4,1,0
1765409432.030255,-0.05052,0.14042,-0.32557,-0.01331,-0.00218,-0.00019,0.62930,-0.00066,0.14066,0.00084,0.70705,-0.00008,0.70716,1,4,1,0
1765409432.032269,-0.04826,0.22100,-0.37293,-0.01276,-0.00149,0.00096,0.62930,-0.00066,0.14066,0.00084,0.70705,-0.00008,0.70716,1,4,1,0
1765409432.034264,0.00392,0.21994,-0.38787,-0.01452,-0.00261,0.00171,0.62930,-0.00066,0.14066,0.00084,0.70705,-0.00008,0.70716,1,4,1,0
1765409432.036247,-0.01569,0.18375,-0.40240,-0.01496,-0.00287,0.00052,0.62930,-0.00066,0.14066,0.00084,0.70705,-0.00008,0.70716,1,4,1,0
1765409432.038266,-0.04080,0.14455,-0.34821,-0.01500,-0.00229,0.00046,0.62934,-0.00066,0.14066,0.00084,0.70705,-0.00008,0.70716,1,4,1,0
1765409432.040278,-0.05933,0.17984,-0.38710,-0.01348,-0.00222,0.00030,0.62934,-0.00066,0.14066,0.00084,0.70705,-0.00008,0.70716,1,4,1,0
1765409432.042269,-0.05422,0.16659,-0.40164,-0.01495,-0.00200,0.00123,0.62938,-0.00066,0.14066,0.00085,0.70705,-0.00008,0.70716,1,4,1,0
1765409432.044270,-0.02355,0.16597,-0.38646,-0.01255,-0.00147,0.00202,0.62938,-0.00066,0.14066,0.00085,0.70705,-0.00008,0.70716,1,4,1,0
1765409432.046294,-0.01453,0.17128,-0.37950,-0.01227,-0.00174,0.00067,0.62942,-0.00066,0.14065,0.00084,0.70705,-0.00008,0.70716,1,4,1,0
1765409432.048264,-0.01869,0.15377,-0.37138,-0.01248,-0.00141,0.00095,0.62942,-0.00066,0.14065,0.00084,0.70705,-0.00008,0.70716,1,4,1,0
1765409432.050263,-0.03121,0.14110,-0.34843,-0.01264,-0.00050,0.00071,0.62946,-0.00066,0.14066,0.00085,0.70705,-0.00008,0.70716,1,4,1,0
1765409432.052273,-0.00758,0.15601,-0.34858,-0.01136,-0.00116,0.00149,0.62950,-0.00066,0.14066,0.00084,0.70705,-0.00008,0.70716,1,4,1,0
1765409432.054280,-0.02071,0.15291,-0.37148,-0.01118,0.00014,0.00135,0.62950,-0.00066,0.14066,0.00084,0.70705,-0.00008,0.70716,1,4,1,0
1765409432.056266,-0.02558,0.15043,-0.37153,-0.01056,0.00058,0.00122,0.62971,-0.00066,0.14066,0.00084,0.70705,-0.00008,0.70716,1,4,1,0
1765409432.058259,-0.02201,0.17580,-0.41022,-0.01309,-0.00115,0.00011,0.62971,-0.00066,0.14066,0.00084,0.70705,-0.00008,0.70716,1,4,1,0
1765409432.060285,-0.01374,0.15014,-0.40170,-0.01362,-0.00058,0.00119,0.62971,-0.00066,0.14066,0.00084,0.70705,-0.00008,0.70716,1,4,1,0
1765409432.062261,-0.01423,0.16080,-0.38680,-0.01284,-0.00122,0.00093,0.62971,-0.00066,0.14066,0.00084,0.70705,-0.00008,0.70716,1,4,1,0
1765409432.064304,-0.02962,0.16313,-0.37182,-0.01062,0.00023,0.00108,0.62971,-0.00066,0.14066,0.00084,0.70705,-0.00008,0.70716,1,4,1,0
1765409432.066307,-0.02054,0.15778,-0.38703,-0.01113,0.00038,0.00079,0.62971,-0.00066,0.14066,0.00084,0.70705,-0.00008,0.70716,1,4,1,0
1765409432.068294,-0.03250,0.15581,-0.35651,-0.01159,0.00001,0.00070,0.62971,-0.00066,0.14066,0.00084,0.70705,-0.00008,0.70716,1,4,1,0
1765409432.070288,0.00723,0.13446,-0.37110,-0.01228,-0.00248,0.00026,0.62971,-0.00066,0.14066,0.00084,0.70705,-0.00008,0.70716,1,4,1,0
1765409432.072306,-0.02799,0.17353,-0.33402,-0.01181,-0.00082,0.00084,0.62971,-0.00066,0.14066,0.00084,0.70705,-0.00008,0.70716,1,4,1,0
1765409432.074313,-0.01462,0.16043,-0.35651,-0.01262,-0.00058,0.00095,0.62971,-0.00066,0.14066,0.00084,0.70705,-0.00008,0.70716,1,4,1,0
1765409432.076287,-0.01967,0.18782,-0.34950,-0.01207,-0.00067,0.00122,0.62971,-0.00066,0.14066,0.00084,0.70705,-0.00008,0.70716,1,4,1,0
1765409432.078305,-0.04002,0.14653,-0.30281,-0.01235,-0.00078,0.00103,0.62975,-0.00066,0.14066,0.00084,0.70705,-0.00008,0.70716,1,4,1,0
1765409432.080299,-0.04213,0.17640,-0.34128,-0.01090,-0.00089,0.00179,0.62975,-0.00066,0.14066,0.00084,0.70705,-0.00008,0.70716,1,4,1,0
1765409432.082303,-0.05165,0.16392,-0.36383,-0.01346,-0.00115,0.00112,0.62979,-0.00066,0.14066,0.00084,0.70705,-0.00008,0.70717,1,4,1,0
1765409432.084287,-0.04053,0.18186,-0.36441,-0.01171,-0.00168,0.00083,0.62979,-0.00066,0.14066,0.00084,0.70705,-0.00008,0.70717,1,4,1,0
1765409432.086285,-0.02163,0.17667,-0.38692,-0.01352,-0.00267,0.00094,0.62979,-0.00066,0.14066,0.00084,0.70705,-0.00008,0.70717,1,4,1,0
1765409432.088304,-0.04624,0.18701,-0.40214,-0.01427,-0.00288,0.00109,0.62983,-0.00067,0.14066,0.00084,0.70705,-0.00008,0.70717,1,4,1,0
1765409432.090302,-0.06748,0.17441,-0.38678,-0.01421,-0.00173,0.00085,0.62987,-0.00066,0.14066,0.00084,0.70705,-0.00008,0.70717,1,4,1,0
1765409432.092422,-0.06352,0.14286,-0.40080,-0.01393,-0.00263,0.00152,0.62987,-0.00066,0.14066,0.00084,0.70705,-0.00008,0.70717,1,4,1,0
1765409432.094304,-0.07639,0.15487,-0.37881,-0.01357,-0.00136,0.00060,0.62991,-0.00067,0.14066,0.00084,0.70704,-0.00008,0.70717,1,4,1,0
1765409432.096328,-0.04396,0.21827,-0.35760,-0.01302,-0.00141,0.00124,0.62991,-0.00067,0.14066,0.00084,0.70704,-0.00008,0.70717,1,4,1,0
1765409432.098320,-0.03334,0.19829,-0.36488,-0.01457,-0.00179,0.00056,0.62991,-0.00067,0.14066,0.00084,0.70704,-0.00008,0.70717,1,4,1,0
1765409432.100313,-0.02572,0.14954,-0.35596,-0.01341,-0.00235,0.00071,0.63011,-0.00066,0.14066,0.00084,0.70704,-0.00008,0.70717,1,4,1,0
1765409432.102310,-0.03553,0.12946,-0.34795,-0.01234,-0.00120,0.00086,0.63011,-0.00066,0.14066,0.00084,0.70704,-0.00008,0.70717,1,4,1,0
1765409432.104416,-0.03329,0.15997,-0.31113,-0.01132,0.00116,0.00100,0.63011,-0.00066,0.14066,0.00084,0.70704,-0.00008,0.70717,1,4,1,0
1765409432.106337,-0.01220,0.19213,-0.31208,-0.01114,0.00050,0.00070,0.63011,-0.00066,0.14066,0.00084,0.70704,-0.00008,0.70717,1,4,1,0
1765409432.108340,-0.02256,0.21392,-0.33511,-0.01372,0.00023,0.00110,0.63011,-0.00066,0.14066,0.00084,0.70704,-0.00008,0.70717,1,4,1,0
1765409432.110304,0.00577,0.15973,-0.42508,-0.01547,-0.00122,0.00008,0.63011,-0.00066,0.14066,0.00084,0.70704,-0.00008,0.70717,1,4,1,0
1765409432.112337,-0.01741,0.14760,-0.42444,-0.01409,-0.00053,0.00104,0.63011,-0.00066,0.14066,0.00084,0.70704,-0.00008,0.70717,1,4,1,0
1765409432.114333,-0.06392,0.16114,-0.37142,-0.01393,-0.00049,0.00099,0.63011,-0.00066,0.14066,0.00084,0.70704,-0.00008,0.70717,1,4,1,0
1765409432.116321,-0.04713,0.18236,-0.38697,-0.01323,-0.00275,0.00083,0.63011,-0.00066,0.14066,0.00084,0.70704,-0.00008,0.70717,1,4,1,0
1765409432.118328,-0.06217,0.14845,-0.34817,-0.01430,-0.00318,0.00022,0.63015,-0.00066,0.14066,0.00084,0.70705,-0.00008,0.70717,1,4,1,0
1765409432.120330,-0.02229,0.17198,-0.28820,-0.01270,-0.00241,0.00075,0.63015,-0.00066,0.14066,0.00084,0.70705,-0.00008,0.70717,1,4,1,0
1765409432.122324,-0.03526,0.17792,-0.29622,-0.01307,-0.00023,0.00075,0.63019,-0.00066,0.14066,0.00084,0.70705,-0.00008,0.70717,1,4,1,0
1765409432.124331,0.00532,0.18211,-0.31911,-0.01192,-0.00033,0.00136,0.63019,-0.00066,0.14066,0.00084,0.70705,-0.00008,0.70717,1,4,1,0
1765409432.126331,-0.03944,0.15672,-0.31828,-0.01267,-0.00130,0.00074,0.63019,-0.00066,0.14066,0.00084,0.70705,-0.00008,0.70717,1,4,1,0
1765409432.128349,-0.06423,0.13331,-0.34800,-0.01252,-0.00200,0.00021,0.63024,-0.00067,0.14066,0.00085,0.70704,-0.00008,0.70717,1,4,1,0
1765409432.130355,-0.02803,0.14558,-0.33301,-0.01105,-0.00270,0.00086,0.63028,-0.00066,0.14066,0.00084,0.70705,-0.00008,0.70717,1,4,1,0
1765409432.132657,-0.01085,0.16884,-0.35658,-0.01186,-0.00178,0.00095,0.63028,-0.00066,0.14066,0.00084,0.70705,-0.00008,0.70717,1,4,1,0
1765409432.134366,-0.01897,0.16856,-0.41734,-0.01231,-0.00142,0.00091,0.63028,-0.00066,0.14066,0.00084,0.70705,-0.00008,0.70717,1,4,1,1
1765409432.136355,-0.02024,0.15358,-0.37152,-0.01118,-0.00063,0.00095,0.63052,-0.00067,0.14066,0.00085,0.70705,-0.00008,0.70716,1,4,1,1
1765409432.138384,-0.03229,0.14149,-0.36364,-0.01154,-0.00061,0.00070,0.63052,-0.00067,0.14066,0.00085,0.70705,-0.00008,0.70716,1,4,1,1
1765409432.140441,-0.03775,0.14006,-0.34838,-0.01003,-0.00118,0.00058,0.63052,-0.00067,0.14066,0.00085,0.70705,-0.00008,0.70716,1,4,1,1
1765409432.142365,-0.04518,0.17492,-0.35641,-0.01136,-0.00212,0.00125,0.63052,-0.00067,0.14066,0.00085,0.70705,-0.00008,0.70716,1,4,1,1
1765409432.144352,-0.02468,0.18204,-0.35689,-0.01061,-0.00200,0.00082,0.63052,-0.00067,0.14066,0.00085,0.70705,-0.00008,0.70716,1,4,1,1
1765409432.146375,-0.02389,0.15723,-0.35592,-0.01157,-0.00236,0.00151,0.63052,-0.00067,0.14066,0.00085,0.70705,-0.00008,0.70716,1,4,1,1
1765409432.148409,-0.02036,0.13962,-0.31009,-0.01091,-0.00164,0.00141,0.63052,-0.00067,0.14066,0.00085,0.70705,-0.00008,0.70716,1,4,1,1
1765409432.150349,-0.01515,0.17158,-0.37191,-0.01161,-0.00186,0.00067,0.63052,-0.00067,0.14066,0.00085,0.70705,-0.00008,0.70716,1,4,1,1
1765409432.152355,-0.04189,0.10828,-0.37758,-0.01020,-0.00173,0.00125,0.63052,-0.00067,0.14066,0.00085,0.70705,-0.00008,0.70716,1,4,1,1
1765409432.154369,-0.03261,0.14258,-0.34071,-0.01087,-0.00175,0.00072,0.63052,-0.00067,0.14066,0.00085,0.70705,-0.00008,0.70716,1,4,1,1
1765409432.156385,-0.04654,0.14489,-0.34082,-0.00997,-0.00082,0.00086,0.63052,-0.00067,0.14066,0.00085,0.70705,-0.00008,0.70716,1,4,1,1
1765409432.158344,-0.02112,0.14387,-0.37119,-0.01042,-0.00061,0.00122,0.63052,-0.00067,0.14066,0.00085,0.70705,-0.00008,0.70716,1,4,1,1
1765409432.160382,-0.01634,0.15175,-0.32571,-0.01076,-0.00144,0.00125,0.63056,-0.00066,0.14066,0.00084,0.70705,-0.00008,0.70716,1,4,1,1
1765409432.162368,-0.00748,0.16431,-0.37197,-0.01192,0.00073,0.00120,0.63060,-0.00067,0.14066,0.00085,0.70705,-0.00008,0.70716,1,4,1,1
1765409432.164374,-0.02110,0.13765,-0.34843,-0.01093,0.00092,0.00137,0.63060,-0.00067,0.14066,0.00085,0.70705,-0.00008,0.70716,1,4,1,1
1765409432.166393,-0.02216,0.14807,-0.31842,-0.00971,0.00079,0.00112,0.63060,-0.00067,0.14066,0.00085,0.70705,-0.00008,0.70716,1,4,1,1
1765409432.168422,-0.02452,0.14639,-0.36371,-0.01104,-0.00070,0.00096,0.63064,-0.00066,0.14066,0.00084,0.70705,-0.00008,0.70716,1,4,1,1
1765409432.170412,-0.01178,0.17832,-0.36467,-0.01109,-0.00089,0.00067,0.63064,-0.00066,0.14066,0.00084,0.70705,-0.00008,0.70716,1,4,1,1
1765409432.172412,-0.01100,0.17347,-0.34163,-0.01181,-0.00127,0.00082,0.63068,-0.00066,0.14066,0.00084,0.70705,-0.00008,0.70716,1,4,1,1
1765409432.174374,-0.03447,0.15389,-0.34865,-0.01336,-0.00123,0.00058,0.63072,-0.00067,0.14066,0.00085,0.70705,-0.00008,0.70717,1,4,1,1
1765409432.176388,-0.03966,0.14256,-0.30263,-0.01218,-0.00192,0.00076,0.63086,-0.00066,0.14066,0.00084,0.70705,-0.00008,0.70716,1,4,1,1
1765409432.178411,-0.05418,0.12979,-0.30263,-0.01059,-0.00022,0.00050,0.63086,-0.00066,0.14066,0.00084,0.70705,-0.00008,0.70716,1,4,1,1
1765409432.180398,-0.01615,0.16161,-0.28809,-0.01086,-0.00133,0.00101,0.63086,-0.00066,0.14066,0.00084,0.70705,-0.00008,0.70716,1,4,1,1
1765409432.182399,-0.02509,0.17099,-0.31117,-0.01075,-0.00047,0.00113,0.63086,-0.00066,0.14066,0.00084,0.70705,-0.00008,0.70716,1,4,1,1
1765409432.184404,-0.04246,0.13804,-0.29518,-0.00940,-0.00126,0.00049,0.63086,-0.00066,0.14066,0.00084,0.70705,-0.00008,0.70716,1,4,1,1
1765409432.186422,-0.01738,0.15598,-0.25014,-0.01005,-0.00004,0.00117,0.63086,-0.00066,0.14066,0.00084,0.70705,-0.00008,0.70716,1,4,1,1
1765409432.188403,-0.03409,0.11200,-0.30949,-0.01015,-0.00030,0.00156,0.63086,-0.00066,0.14066,0.00084,0.70705,-0.00008,0.70716,1,4,1,1
1765409432.190403,-0.02093,0.14440,-0.27238,-0.01041,-0.00113,0.00130,0.63086,-0.00066,0.14066,0.00084,0.70705,-0.00008,0.70716,1,4,1,1
1765409432.192427,-0.01208,0.12494,-0.27971,-0.01021,-0.00148,0.00062,0.63086,-0.00066,0.14066,0.00084,0.70705,-0.00008,0.70716,1,4,1,1
1765409432.194384,-0.04390,0.15860,-0.28035,-0.00806,-0.00189,0.00077,0.63086,-0.00066,0.14066,0.00084,0.70705,-0.00008,0.70716,1,4,1,1
1765409432.196402,-0.02682,0.14686,-0.21193,-0.00885,-0.00018,0.00108,0.63089,-0.00066,0.14066,0.00084,0.70705,-0.00008,0.70716,1,4,1,1
1765409432.198392,-0.01749,0.15135,-0.24992,-0.00989,-0.00042,0.00131,0.63089,-0.00066,0.14066,0.00084,0.70705,-0.00008,0.70716,1,4,1,1
1765409432.200397,-0.00394,0.14453,-0.22717,-0.00997,-0.00135,0.00051,0.63092,-0.00066,0.14066,0.00084,0.70705,-0.00008,0.70716,1,4,1,1
1765409432.202397,-0.04595,0.12602,-0.24154,-0.00998,-0.00171,0.00068,0.63092,-0.00066,0.14066,0.00084,0.70705,-0.00008,0.70716,1,4,1,1
1765409432.204416,-0.05337,0.14611,-0.21899,-0.01105,-0.00240,0.00097,0.63094,-0.00066,0.14066,0.00084,0.70705,-0.00008,0.70716,1,4,1,1
1765409432.206446,-0.01734,0.14673,-0.26486,-0.00995,-0.00092,0.00143,0.63094,-0.00066,0.14066,0.00084,0.70705,-0.00008,0.70716,1,4,1,1
1765409432.208441,-0.01225,0.15346,-0.28787,-0.01096,-0.00060,0.00141,0.63096,-0.00066,0.14066,0.00084,0.70705,-0.00008,0.70716,1,4,1,1
1765409432.210441,-0.01545,0.15150,-0.32568,-0.01164,-0.00145,0.00125,0.63096,-0.00066,0.14066,0.00084,0.70705,-0.00008,0.70716,1,4,1,1
1765409432.212447,-0.02497,0.14220,-0.27991,-0.01044,-0.00133,0.00116,0.63099,-0.00067,0.14066,0.00084,0.70706,-0.00008,0.70716,1,4,1,1
1765409432.214437,-0.02822,0.13881,-0.28757,-0.01157,-0.00041,0.00102,0.63099,-0.00067,0.14066,0.00084,0.70706,-0.00008,0.70716,1,4,1,1
1765409432.216449,-0.00037,0.14178,-0.28783,-0.00957,-0.00113,0.00073,0.63099,-0.00067,0.14066,0.00084,0.70706,-0.00008,0.70716,1,4,1,1
1765409432.218425,-0.01760,0.11269,-0.34017,-0.00905,-0.00115,0.00071,0.63099,-0.00067,0.14066,0.00084,0.70706,-0.00008,0.70716,1,4,1,1
1765409432.220451,-0.02570,0.13157,-0.29490,-0.01013,-0.00030,0.00142,0.63099,-0.00067,0.14066,0.00084,0.70706,-0.00008,0.70716,1,4,1,1
1765409432.222429,-0.02501,0.13142,-0.33284,-0.01079,-0.00043,0.00139,0.63099,-0.00067,0.14066,0.00084,0.70706,-0.00008,0.70716,1,4,1,1
1765409432.224437,-0.05075,0.10310,-0.35485,-0.00982,-0.00086,0.00100,0.63099,-0.00067,0.14066,0.00084,0.70706,-0.00008,0.70716,1,4,1,1
1765409432.226433,-0.02912,0.07583,-0.32392,-0.00993,-0.00123,0.00075,0.63099,-0.00067,0.14066,0.00084,0.70706,-0.00008,0.70716,1,4,1,1
1765409432.228429,-0.03741,0.10232,-0.33212,-0.00721,0.00051,0.00181,0.63099,-0.00067,0.14066,0.00084,0.70706,-0.00008,0.70716,1,4,1,1
1765409432.230427,-0.01124,0.08797,-0.36997,-0.00716,-0.00069,0.00095,0.63099,-0.00067,0.14066,0.00084,0.70706,-0.00008,0.70716,1,4,1,1
1765409432.232425,-0.03992,0.06949,-0.39222,-0.00389,-0.00033,0.00110,0.63099,-0.00067,0.14066,0.00084,0.70706,-0.00008,0.70715,1,4,1,1
1765409432.234437,-0.02314,0.04474,-0.30817,-0.00354,-0.00039,0.00102,0.63099,-0.00067,0.14066,0.00084,0.70706,-0.00008,0.70715,1,4,1,1
1765409432.236437,-0.01894,0.03079,-0.34596,0.00067,-0.00017,0.00098,0.63100,-0.00067,0.14066,0.00084,0.70706,-0.00008,0.70715,1,4,1,1
1765409432.238438,-0.02343,0.01445,-0.29989,0.00134,-0.00087,0.00089,0.63100,-0.00067,0.14066,0.00084,0.70706,-0.00008,0.70715,1,4,1,1
1765409432.240434,-0.01202,0.05668,-0.29348,0.00251,-0.00118,0.00074,0.63100,-0.00067,0.14066,0.00084,0.70706,-0.00008,0.70715,1,4,1,1
1765409432.242441,-0.05823,0.00387,-0.23079,-0.00098,-0.00274,0.00073,0.63100,-0.00067,0.14066,0.00084,0.70706,-0.00008,0.70715,1,4,1,1
1765409432.244452,-0.01906,0.05148,-0.30805,0.00070,-0.00158,0.00168,0.63100,-0.00067,0.14065,0.00084,0.70706,-0.00008,0.70715,1,4,1,1
1765409432.246480,-0.02316,0.02514,-0.33049,0.00147,-0.00190,0.00060,0.63100,-0.00067,0.14065,0.00084,0.70706,-0.00008,0.70715,1,4,1,1
1765409432.248447,-0.01019,0.05122,-0.36140,0.00048,-0.00156,0.00123,0.63100,-0.00067,0.14065,0.00084,0.70706,-0.00008,0.70715,1,4,1,1
1765409432.250452,-0.04391,0.04229,-0.37657,0.00102,-0.00129,0.00031,0.63100,-0.00067,0.14065,0.00084,0.70706,-0.00008,0.70715,1,4,1,1
1765409432.252487,-0.02717,0.03642,-0.33823,0.00051,-0.00096,0.00126,0.63100,-0.00067,0.14065,0.00084,0.70706,-0.00008,0.70715,1,4,1,1
1765409432.254459,0.00702,0.06532,-0.38466,-0.00001,-0.00140,0.00119,0.63100,-0.00067,0.14065,0.00084,0.70706,-0.00008,0.70715,1,4,1,1
1765409432.256468,-0.02404,0.04624,-0.33078,-0.00221,-0.00190,0.00100,0.63100,-0.00067,0.14065,0.00084,0.70706,-0.00008,0.70715,1,4,1,1
1765409432.258466,-0.03091,0.02880,-0.33822,0.00020,-0.00054,0.00087,0.63100,-0.00067,0.14065,0.00084,0.70706,-0.00008,0.70715,1,4,1,1
1765409432.260486,-0.01065,0.05067,-0.32355,0.00069,-0.00067,0.00125,0.63100,-0.00067,0.14065,0.00084,0.70706,-0.00008,0.70715,1,4,1,1
1765409432.262456,-0.02366,0.06077,-0.30821,-0.00290,-0.00191,0.00142,0.63100,-0.00067,0.14065,0.00084,0.70706,-0.00008,0.70715,1,4,1,1
1765409432.264470,-0.02940,0.05812,-0.31630,-0.00119,-0.00059,0.00047,0.63100,-0.00067,0.14066,0.00084,0.70706,-0.00008,0.70715,1,4,1,1
1765409432.266473,-0.01757,0.05596,-0.32356,-0.00056,-0.00135,0.00113,0.63100,-0.00067,0.14066,0.00084,0.70706,-0.00008,0.70715,1,4,1,1
1765409432.268460,-0.04775,0.06222,-0.30840,-0.00311,-0.00278,0.00024,0.63100,-0.00067,0.14066,0.00084,0.70706,-0.00008,0.70715,1,4,1,1
1765409432.270486,-0.01966,0.07802,-0.31674,-0.00226,-0.00148,0.00033,0.63100,-0.00067,0.14066,0.00084,0.70706,-0.00008,0.70715,1,4,1,1
1765409432.272475,-0.02464,0.08171,-0.33150,-0.00636,-0.00154,0.00140,0.63100,-0.00067,0.14065,0.00084,0.70706,-0.00008,0.70715,1,4,1,1
1765409432.274472,-0.02328,0.07848,-0.36239,-0.00378,0.00047,0.00083,0.63100,-0.00067,0.14065,0.00084,0.70706,-0.00008,0.70715,1,4,1,1
1765409432.276471,-0.01426,0.08780,-0.35504,-0.00454,0.00061,0.00096,0.63100,-0.00067,0.14065,0.00084,0.70706,-0.00008,0.70715,1,4,1,1
1765409432.278478,-0.02489,0.12997,-0.33281,-0.00687,-0.00043,0.00165,0.63100,-0.00067,0.14065,0.00084,0.70706,-0.00008,0.70715,1,4,1,1
1765409432.280483,-0.04453,0.13278,-0.31039,-0.00772,-0.00021,0.00061,0.63101,-0.00067,0.14065,0.00084,0.70706,-0.00008,0.70715,1,4,1,1
1765409432.282502,-0.03772,0.14937,-0.37902,-0.01036,-0.00068,0.00069,0.63101,-0.00067,0.14065,0.00084,0.70706,-0.00008,0.70715,1,4,1,1
1765409432.284496,-0.03694,0.14950,-0.35616,-0.01101,-0.00107,0.00071,0.63101,-0.00067,0.14065,0.00084,0.70706,-0.00008,0.70715,1,4,1,1
1765409432.286498,-0.02390,0.15235,-0.37128,-0.01119,-0.00211,0.00082,0.63101,-0.00067,0.14065,0.00084,0.70706,-0.00008,0.70715,1,4,1,1
1765409432.288473,-0.03941,0.17225,-0.34114,-0.01270,-0.00245,0.00113,0.63101,-0.00067,0.14065,0.00084,0.70706,-0.00008,0.70715,1,4,1,1
1765409432.290494,-0.06063,0.16036,-0.34086,-0.01241,-0.00219,0.00088,0.63101,-0.00067,0.14065,0.00084,0.70706,-0.00008,0.70715,1,4,1,1
1765409432.292482,-0.04902,0.16259,-0.37119,-0.01172,-0.00219,0.00138,0.63101,-0.00067,0.14065,0.00084,0.70706,-0.00008,0.70715,1,4,1,1
1765409432.294481,-0.05114,0.15047,-0.34060,-0.01318,-0.00268,0.00074,0.63101,-0.00067,0.14065,0.00084,0.70706,-0.00008,0.70715,1,4,1,1
1765409432.296475,-0.04089,0.16725,-0.34866,-0.01145,-0.00192,0.00126,0.63101,-0.00067,0.14065,0.00084,0.70706,-0.00008,0.70715,1,4,1,1
1765409432.298485,-0.01975,0.14925,-0.34083,-0.01145,-0.00153,0.00111,0.63101,-0.00067,0.14065,0.00084,0.70706,-0.00008,0.70715,1,4,1,1
1765409432.300497,-0.03228,0.15263,-0.34826,-0.01141,-0.00239,0.00125,0.63101,-0.00067,0.14065,0.00084,0.70706,-0.00008,0.70715,1,4,1,1
1765409432.302485,-0.01473,0.16078,-0.35646,-0.01240,-0.00096,0.00095,0.63101,-0.00067,0.14065,0.00084,0.70706,-0.00008,0.70715,1,4,1,1
1765409432.304500,-0.02954,0.14845,-0.36383,-0.01058,0.00012,0.00109,0.63101,-0.00067,0.14065,0.00084,0.70706,-0.00008,0.70715,1,4,1,1
1765409432.306509,-0.03767,0.12900,-0.35578,-0.01060,0.00010,0.00085,0.63101,-0.00067,0.14065,0.00084,0.70706,-0.00008,0.70715,1,4,1,1
1765409432.308497,-0.03079,0.13415,-0.35588,-0.00923,0.00002,0.00110,0.63101,-0.00067,0.14065,0.00084,0.70706,-0.00008,0.70715,1,4,1,1
1765409432.310500,-0.04279,0.12283,-0.31749,-0.00937,-0.00085,0.00088,0.63101,-0.00067,0.14065,0.00084,0.70706,-0.00008,0.70715,1,4,1,1
1765409432.312532,-0.03923,0.13136,-0.35553,-0.00839,-0.00217,0.00085,0.63101,-0.00067,0.14065,0.00084,0.70706,-0.00008,0.70715,1,4,1,1
1765409432.314501,-0.02377,0.11624,-0.34774,-0.00704,-0.00171,0.00084,0.63101,-0.00067,0.14065,0.00084,0.70706,-0.00008,0.70715,1,4,1,1
1765409432.316556,-0.02852,0.09858,-0.30949,-0.00660,-0.00075,0.00074,0.63101,-0.00067,0.14065,0.00084,0.70706,-0.00008,0.70715,1,4,1,1
1765409432.318522,-0.03494,0.08792,-0.37754,-0.00389,-0.00181,0.00043,0.63101,-0.00067,0.14065,0.00084,0.70706,-0.00008,0.70715,1,4,1,1
1765409432.320518,-0.01443,0.09992,-0.36267,-0.00352,-0.00194,0.00069,0.63101,-0.00067,0.14065,0.00084,0.70706,-0.00008,0.70715,1,4,1,1
1765409432.322515,-0.08001,0.06474,-0.37655,-0.00133,-0.00162,0.00115,0.63101,-0.00067,0.14065,0.00084,0.70706,-0.00008,0.70715,1,4,1,1
1765409432.324519,-0.02014,0.05864,-0.36137,-0.00206,-0.00221,0.00124,0.63101,-0.00067,0.14065,0.00084,0.70706,-0.00008,0.70715,1,4,1,1
1765409432.326509,-0.02515,0.04592,-0.33091,-0.00134,-0.00113,0.00100,0.63101,-0.00067,0.14065,0.00084,0.70706,-0.00008,0.70715,1,4,1,1
1765409432.328501,-0.01731,0.04609,-0.32335,-0.00068,-0.00135,0.00100,0.63101,-0.00067,0.14065,0.00084,0.70706,-0.00008,0.70715,1,4,1,1
1765409432.330518,-0.03588,0.03726,-0.36867,0.00118,-0.00150,0.00085,0.63101,-0.00067,0.14065,0.00084,0.70706,-0.00008,0.70715,1,4,1,1
1765409432.332509,-0.01949,0.03629,-0.32331,0.00139,-0.00056,0.00086,0.63101,-0.00067,0.14065,0.00084,0.70706,-0.00008,0.70715,1,4,1,1
1765409432.334544,-0.04002,0.00365,-0.32240,0.00055,0.00048,0.00116,0.63101,-0.00067,0.14065,0.00084,0.70706,-0.00008,0.70715,1,4,1,1
1765409432.336530,-0.03744,0.03141,-0.33077,0.00220,0.00017,0.00101,0.63101,-0.00067,0.14065,0.00084,0.70706,-0.00008,0.70715,1,4,1,1
1765409432.338592,-0.00634,0.03739,-0.37648,0.00031,0.00018,0.00134,0.63101,-0.00067,0.14065,0.00084,0.70706,-0.00008,0.70715,1,4,1,1
1765409432.340537,-0.02950,0.04356,-0.29293,-0.00115,-0.00095,0.00090,0.63101,-0.00067,0.14065,0.00084,0.70706,-0.00008,0.70715,1,4,1,1
1765409432.342513,-0.03605,0.04859,-0.29313,-0.00262,-0.00126,0.00037,0.63101,-0.00067,0.14065,0.00084,0.70706,-0.00008,0.70715,1,4,1,1
1765409432.344516,-0.00071,0.06908,-0.32404,-0.00127,-0.00004,0.00151,0.63101,-0.00067,0.14065,0.00084,0.70706,-0.00008,0.70715,1,4,1,1
1765409432.346511,-0.01216,0.04178,-0.38432,-0.00204,0.00037,0.00081,0.63101,-0.00067,0.14065,0.00084,0.70706,-0.00008,0.70715,1,4,1,1
1765409432.348520,-0.00744,0.06799,-0.33943,-0.00303,0.00105,0.00110,0.63101,-0.00067,0.14065,0.00084,0.70706,-0.00008,0.70715,1,4,1,1
1765409432.350525,0.00637,0.06476,-0.33948,-0.00417,0.00127,0.00095,0.63101,-0.00067,0.14065,0.00084,0.70706,-0.00008,0.70715,1,4,1,1
1765409432.352528,-0.04775,0.06943,-0.36198,-0.00433,0.00001,0.00072,0.63101,-0.00067,0.14065,0.00084,0.70706,-0.00008,0.70715,1,4,1,1
1765409432.354550,-0.00478,0.10395,-0.36273,-0.00500,-0.00167,0.00095,0.63101,-0.00067,0.14065,0.00084,0.70706,-0.00008,0.70715,1,4,1,1
1765409432.356536,-0.04585,0.10949,-0.33213,-0.00625,-0.00169,0.00128,0.63101,-0.00067,0.14065,0.00084,0.70706,-0.00008,0.70715,1,4,1,1
1765409432.358562,-0.04201,0.11184,-0.33978,-0.00600,-0.00160,0.00140,0.63101,-0.00067,0.14065,0.00084,0.70706,-0.00008,0.70715,1,4,1,1
1765409432.360556,-0.05307,0.12392,-0.34005,-0.00760,-0.00148,0.00128,0.63101,-0.00067,0.14065,0.00084,0.70706,-0.00008,0.70715,1,4,1,1
1765409432.363797,-0.02944,0.14575,-0.34828,-0.00974,-0.00242,0.00085,0.63101,-0.00067,0.14065,0.00084,0.70706,-0.00008,0.70715,1,4,1,1
1765409432.364557,-0.02031,0.15969,-0.34115,-0.01066,-0.00191,0.00084,0.63101,-0.00067,0.14065,0.00084,0.70706,-0.00008,0.70715,1,4,1,1
1765409432.366568,-0.02346,0.15723,-0.34866,-0.01157,-0.00213,0.00070,0.63101,-0.00067,0.14065,0.00084,0.70706,-0.00008,0.70715,1,4,1,1
1765409432.368551,-0.02348,0.16134,-0.36380,-0.01217,-0.00148,0.00136,0.63101,-0.00067,0.14065,0.00084,0.70706,-0.00008,0.70715,1,4,1,1
1765409432.370545,-0.02674,0.16926,-0.32604,-0.01273,-0.00209,0.00099,0.63101,-0.00067,0.14065,0.00084,0.70706,-0.00008,0.70715,1,4,1,1
1765409432.372565,-0.02330,0.14639,-0.34083,-0.01214,-0.00110,0.00098,0.63101,-0.00067,0.14065,0.00084,0.70706,-0.00008,0.70715,1,4,1,1
1765409432.374568,-0.01517,0.15091,-0.37891,-0.01208,-0.00094,0.00121,0.63101,-0.00067,0.14065,0.00084,0.70706,-0.00008,0.70715,1,4,1,1
1765409432.376563,-0.03820,0.14427,-0.33298,-0.01041,-0.00066,0.00167,0.63101,-0.00067,0.14065,0.00084,0.70706,-0.00008,0.70715,1,4,1,1
1765409432.378592,-0.01924,0.14927,-0.37117,-0.01188,-0.00178,0.00109,0.63101,-0.00067,0.14065,0.00084,0.70706,-0.00008,0.70715,1,4,1,1
1765409432.380558,-0.01597,0.15141,-0.34092,-0.01120,-0.00119,0.00124,0.63101,-0.00067,0.14065,0.00084,0.70706,-0.00008,0.70715,1,4,1,1
1765409432.382590,-0.04152,0.12793,-0.34793,-0.01040,-0.00151,0.00073,0.63101,-0.00067,0.14065,0.00084,0.70706,-0.00008,0.70715,1,4,1,1
1765409432.384619,-0.02570,0.15079,-0.37148,-0.01034,0.00020,0.00122,0.63101,-0.00067,0.14065,0.00084,0.70706,-0.00008,0.70715,1,4,1,1
1765409432.386583,-0.00017,0.12119,-0.34832,-0.00982,-0.00010,0.00041,0.63101,-0.00067,0.14065,0.00084,0.70706,-0.00008,0.70715,1,4,1,1
1765409432.388561,-0.03487,0.12187,-0.30992,-0.00938,0.00007,0.00128,0.63101,-0.00067,0.14065,0.00084,0.70706,-0.00008,0.70715,1,4,1,1
1765409432.390578,-0.01490,0.11271,-0.30959,-0.01145,-0.00207,0.00074,0.63101,-0.00067,0.14065,0.00084,0.70706,-0.00008,0.70715,1,4,1,1
1765409432.392597,-0.02682,0.12748,-0.34023,-0.00887,-0.00104,0.00152,0.63101,-0.00067,0.14065,0.00084,0.70706,-0.00008,0.70715,1,4,1,1
1765409432.394579,0.00528,0.10585,-0.32442,-0.01044,-0.00319,0.00111,0.63101,-0.00067,0.14065,0.00084,0.70706,-0.00008,0.70715,1,4,1,1
1765409432.396587,-0.05013,0.10601,-0.32469,-0.00651,-0.00024,0.00115,0.63101,-0.00067,0.14065,0.00084,0.70706,-0.00008,0.70715,1,4,1,1
1765409432.398721,-0.01101,0.09857,-0.32465,-0.00703,-0.00147,0.00072,0.63101,-0.00067,0.14065,0.00084,0.70706,-0.00008,0.70715,1,4,1,1
1765409432.400562,-0.02932,0.11871,-0.30950,-0.00635,-0.00150,0.00182,0.63101,-0.00067,0.14065,0.00084,0.70706,-0.00008,0.70715,1,4,1,1
1765409432.402602,-0.05640,0.08508,-0.31630,-0.00436,-0.00103,0.00157,0.63101,-0.00067,0.14065,0.00084,0.70706,-0.00008,0.70715,1,4,1,1
1765409432.404590,-0.04899,0.07133,-0.32381,-0.00256,-0.00175,0.00076,0.63101,-0.00067,0.14065,0.00084,0.70706,-0.00008,0.70715,1,4,1,1
1765409432.406590,-0.04302,0.03949,-0.33067,-0.00360,-0.00244,0.00022,0.63101,-0.00067,0.14065,0.00084,0.70706,-0.00008,0.70715,1,4,1,1
1765409432.408581,-0.03193,0.05166,-0.33102,-0.00236,-0.00220,0.00047,0.63101,-0.00067,0.14065,0.00084,0.70706,-0.00008,0.70715,1,4,1,1
1765409432.410588,-0.03125,0.07180,-0.32333,-0.00343,-0.00348,0.00155,0.63101,-0.00067,0.14065,0.00084,0.70706,-0.00008,0.70715,1,4,1,1
1765409432.412585,-0.04822,0.03234,-0.25421,-0.00303,-0.00249,0.00110,0.63101,-0.00067,0.14065,0.00084,0.70706,-0.00008,0.70715,1,4,1,1
1765409432.414592,-0.05477,0.02077,-0.35297,-0.00034,-0.00228,0.00035,0.63101,-0.00067,0.14065,0.00085,0.70706,-0.00008,0.70715,1,4,1,1
1765409432.416571,-0.02804,0.02756,-0.34573,0.00194,-0.00159,0.00072,0.63101,-0.00067,0.14065,0.00084,0.70706,-0.00008,0.70715,1,4,1,1
1765409432.418603,-0.04500,0.02706,-0.35338,0.00171,-0.00050,0.00073,0.63101,-0.00067,0.14065,0.00084,0.70706,-0.00008,0.70715,1,4,1,1
1765409432.420576,-0.04454,0.02198,-0.33041,0.00121,-0.00050,0.00089,0.63101,-0.00067,0.14065,0.00085,0.70706,-0.00008,0.70715,1,4,1,1
1765409432.422627,-0.01582,0.04365,-0.33079,0.00148,-0.00085,0.00166,0.63101,-0.00067,0.14065,0.00085,0.70706,-0.00008,0.70715,1,4,1,1
1765409432.424601,-0.05464,0.03048,-0.28501,-0.00044,-0.00192,0.00013,0.63101,-0.00067,0.14065,0.00085,0.70706,-0.00008,0.70715,1,4,1,1
1765409432.426607,-0.01828,0.03124,-0.34584,0.00023,-0.00094,0.00098,0.63101,-0.00067,0.14065,0.00084,0.70706,-0.00008,0.70715,1,4,1,1
1765409432.428817,-0.03930,0.02922,-0.30795,0.00042,-0.00057,0.00049,0.63101,-0.00067,0.14065,0.00084,0.70706,-0.00008,0.70715,1,4,1,1
1765409432.430680,-0.01806,0.05161,-0.35370,0.00004,-0.00197,0.00124,0.63101,-0.00067,0.14065,0.00084,0.70706,-0.00008,0.70715,1,4,1,1
1765409432.432623,-0.02127,0.03770,-0.37627,-0.00144,-0.00040,0.00136,0.63101,-0.00067,0.14065,0.00084,0.70706,-0.00008,0.70715,1,4,1,1
1765409432.434610,-0.02036,0.05815,-0.34645,-0.00184,-0.00132,0.00085,0.63101,-0.00067,0.14065,0.00085,0.70706,-0.00008,0.70715,1,4,1,1
1765409432.436604,-0.03255,0.02105,-0.30805,-0.00164,-0.00028,-0.00032,0.63101,-0.00067,0.14065,0.00085,0.70706,-0.00008,0.70715,1,4,1,1
1765409432.438603,-0.04488,0.04404,-0.30050,-0.00224,-0.00141,0.00051,0.63101,-0.00067,0.14065,0.00085,0.70706,-0.00008,0.70715,1,4,1,1
1765409432.440618,-0.01951,0.07825,-0.33912,-0.00269,-0.00223,0.00112,0.63101,-0.00067,0.14065,0.00085,0.70706,-0.00008,0.70715,1,4,1,1
1765409432.442608,-0.04545,0.07288,-0.34679,-0.00232,-0.00065,0.00087,0.63101,-0.00067,0.14065,0.00085,0.70706,-0.00008,0.70715,1,4,1,1
1765409432.444608,-0.01823,0.04874,-0.35381,-0.00327,-0.00236,0.00031,0.63101,-0.00067,0.14065,0.00085,0.70706,-0.00008,0.70715,1,4,1,1
1765409432.446617,-0.01682,0.10178,-0.34743,-0.00547,-0.00178,0.00084,0.63101,-0.00067,0.14065,0.00085,0.70706,-0.00008,0.70715,1,4,1,1
1765409432.448617,-0.02392,0.09736,-0.32445,-0.00639,-0.00246,0.00060,0.63101,-0.00067,0.14065,0.00085,0.70706,-0.00008,0.70715,1,4,1,1
1765409432.450627,-0.05832,0.11183,-0.35508,-0.00644,-0.00116,0.00100,0.63101,-0.00067,0.14065,0.00085,0.70706,-0.00008,0.70715,1,4,1,1
1765409432.452596,-0.04395,0.11931,-0.34755,-0.00788,-0.00223,0.00100,0.63101,-0.00067,0.14065,0.00085,0.70706,-0.00008,0.70715,1,4,1,1
1765409432.454610,-0.05210,0.10898,-0.33203,-0.00844,-0.00161,0.00129,0.63101,-0.00067,0.14065,0.00084,0.70706,-0.00008,0.70715,1,4,1,1
1765409432.456623,-0.02229,0.14460,-0.35580,-0.00932,-0.00123,0.00164,0.63101,-0.00067,0.14065,0.00084,0.70706,-0.00008,0.70715,1,4,1,1
1765409432.458609,-0.03740,0.14878,-0.34835,-0.01123,-0.00042,0.00152,0.63101,-0.00067,0.14065,0.00084,0.70706,-0.00008,0.70715,1,4,1,1
1765409432.460625,-0.02441,0.14735,-0.34077,-0.01081,-0.00185,0.00098,0.63101,-0.00067,0.14065,0.00084,0.70706,-0.00008,0.70715,1,4,1,1
1765409432.462612,-0.04098,0.14237,-0.37129,-0.01088,-0.00115,0.00030,0.63101,-0.00067,0.14065,0.00085,0.70706,-0.00008,0.70715,1,4,1,1
1765409432.464657,-0.03328,0.14210,-0.36362,-0.01044,-0.00098,0.00070,0.63101,-0.00067,0.14065,0.00085,0.70706,-0.00008,0.70715,1,4,1,1
1765409432.466631,0.00450,0.13424,-0.33301,-0.01031,-0.00155,0.00109,0.63101,-0.00067,0.14065,0.00084,0.70706,-0.00008,0.70715,1,4,1,1
1765409432.468643,-0.02608,0.13185,-0.32526,-0.00969,-0.00054,0.00140,0.63101,-0.00067,0.14065,0.00084,0.70706,-0.00008,0.70715,1,4,1,1
1765409432.470685,-0.02114,0.13949,-0.33295,-0.01025,-0.00124,0.00139,0.63101,-0.00067,0.14065,0.00084,0.70706,-0.00008,0.70715,1,4,1,1
1765409432.472667,-0.02089,0.13048,-0.37112,-0.00949,-0.00177,0.00001,0.63101,-0.00067,0.14065,0.00084,0.70706,-0.00008,0.70715,1,4,1,1
1765409432.474652,-0.04174,0.12365,-0.34766,-0.01001,-0.00226,0.00086,0.63101,-0.00067,0.14065,0.00084,0.70706,-0.00008,0.70715,1,4,1,1
1765409432.476661,-0.02238,0.13012,-0.31741,-0.00905,-0.00147,0.00167,0.63101,-0.00067,0.14065,0.00084,0.70706,-0.00008,0.70715,1,4,1,1
1765409432.478647,-0.01470,0.14477,-0.33307,-0.00844,-0.00132,0.00164,0.63101,-0.00067,0.14065,0.00084,0.70706,-0.00008,0.70715,1,4,1,1
1765409432.480669,-0.01650,0.12555,-0.36348,-0.00605,-0.00079,0.00054,0.63101,-0.00067,0.14065,0.00084,0.70706,-0.00008,0.70715,1,4,1,1
1765409432.482701,-0.04140,0.12391,-0.32481,-0.01023,-0.00264,0.00088,0.63101,-0.00067,0.14065,0.00084,0.70706,-0.00008,0.70715,1,4,1,1
1765409432.484649,-0.04317,0.08981,-0.30912,-0.00802,-0.00210,0.00023,0.63101,-0.00067,0.14065,0.00084,0.70706,-0.00008,0.70715,1,4,1,1
1765409432.486672,-0.01222,0.09847,-0.33199,-0.00638,-0.00132,0.00152,0.63101,-0.00067,0.14065,0.00084,0.70706,-0.00008,0.70715,1,4,1,1
1765409432.488660,0.00821,0.11521,-0.35530,-0.00596,-0.00119,0.00161,0.63101,-0.00067,0.14065,0.00084,0.70706,-0.00008,0.70715,1,4,1,1
1765409432.490657,-0.02212,0.08031,-0.37739,-0.00398,-0.00196,0.00042,0.63101,-0.00067,0.14065,0.00084,0.70706,-0.00008,0.70715,1,4,1,1
1765409432.492657,-0.07214,0.08536,-0.35449,-0.00502,-0.00097,0.00075,0.63101,-0.00067,0.14065,0.00084,0.70706,-0.00008,0.70715,1,4,1,1
1765409432.494655,-0.03850,0.05454,-0.34638,-0.00495,-0.00034,0.00073,0.63101,-0.00067,0.14065,0.00084,0.70706,-0.00008,0.70715,1,4,1,1
1765409432.496666,-0.01785,0.07180,-0.36182,-0.00474,-0.00110,0.00124,0.63101,-0.00067,0.14065,0.00084,0.70706,-0.00008,0.70715,1,4,1,1
1765409432.498680,-0.03174,0.05511,-0.35402,-0.00319,-0.00068,0.00072,0.63101,-0.00067,0.14065,0.00084,0.70706,-0.00008,0.70715,1,4,1,1
1765409432.500679,-0.03962,0.05056,-0.35391,-0.00347,-0.00096,0.00046,0.63101,-0.00067,0.14065,0.00084,0.70706,-0.00008,0.70715,1,4,1,1
1765409432.502675,-0.05719,0.06248,-0.33916,-0.00180,-0.00217,-0.00059,0.63101,-0.00067,0.14065,0.00085,0.70706,-0.00008,0.70715,1,4,1,1
1765409432.504712,-0.02010,0.07305,-0.35439,-0.00210,-0.00159,0.00084,0.63101,-0.00067,0.14065,0.00085,0.70706,-0.00008,0.70715,1,4,1,1
1765409432.506682,-0.01116,0.07227,-0.34689,-0.00276,-0.00106,0.00083,0.63101,-0.00067,0.14065,0.00084,0.70706,-0.00008,0.70715,1,4,1,1
1765409432.508702,-0.01682,0.06252,-0.30795,-0.00572,-0.00237,0.00196,0.63101,-0.00067,0.14065,0.00084,0.70706,-0.00008,0.70715,1,4,1,1
1765409432.510673,-0.02901,0.05595,-0.30071,-0.00515,-0.00237,0.00036,0.63101,-0.00067,0.14065,0.00084,0.70706,-0.00008,0.70715,1,4,1,1
1765409432.513274,-0.00677,0.07410,-0.37736,-0.00318,-0.00061,0.00094,0.63101,-0.00067,0.14065,0.00084,0.70706,-0.00008,0.70715,1,4,1,1
1765409432.514680,-0.00595,0.08366,-0.34734,-0.00394,-0.00038,0.00069,0.63101,-0.00067,0.14065,0.00084,0.70706,-0.00008,0.70715,1,4,1,1
1765409432.516685,-0.02665,0.06195,-0.33923,-0.00399,-0.00024,0.00032,0.63101,-0.00067,0.14065,0.00084,0.70706,-0.00008,0.70715,1,4,1,1
1765409432.518675,-0.02425,0.06654,-0.30837,-0.00677,-0.00115,0.00142,0.63101,-0.00067,0.14065,0.00084,0.70706,-0.00008,0.70715,1,4,1,1
1765409432.520688,-0.01752,0.08199,-0.36212,-0.00483,-0.00150,0.00096,0.63101,-0.00067,0.14065,0.00084,0.70706,-0.00008,0.70715,1,4,1,1
1765409432.522709,-0.03107,0.11859,-0.37040,-0.00483,-0.00084,0.00177,0.63101,-0.00067,0.14065,0.00084,0.70706,-0.00008,0.70715,1,4,1,1
1765409432.524695,-0.02488,0.08251,-0.34694,-0.00548,-0.00205,0.00058,0.63101,-0.00067,0.14065,0.00084,0.70706,-0.00008,0.70715,1,4,1,1
1765409432.526691,-0.00718,0.11088,-0.33265,-0.00667,-0.00140,0.00057,0.63101,-0.00067,0.14065,0.00084,0.70706,-0.00008,0.70715,1,4,1,1
1765409432.528695,-0.01949,0.09504,-0.33201,-0.00642,-0.00277,0.00045,0.63101,-0.00067,0.14065,0.00084,0.70706,-0.00008,0.70715,1,4,1,1
1765409432.530690,-0.02912,0.12791,-0.35553,-0.00668,-0.00075,0.00151,0.63101,-0.00067,0.14065,0.00084,0.70706,-0.00008,0.70715,1,4,1,1
1765409432.532686,-0.04500,0.10849,-0.33981,-0.00735,-0.00081,0.00127,0.63101,-0.00067,0.14065,0.00084,0.70706,-0.00008,0.70715,1,4,1,1
1765409432.534692,-0.00680,0.12040,-0.33269,-0.00742,-0.00141,0.00110,0.63101,-0.00067,0.14065,0.00084,0.70706,-0.00008,0.70715,1,4,1,1
1765409432.536676,-0.00969,0.12795,-0.33293,-0.00843,-0.00176,0.00070,0.63101,-0.00067,0.14065,0.00084,0.70706,-0.00008,0.70715,1,4,1,1
1765409432.538688,-0.02175,0.11455,-0.34803,-0.00925,-0.00021,0.00043,0.63101,-0.00067,0.14065,0.00084,0.70706,-0.00008,0.70715,1,4,1,1
1765409432.540683,-0.00155,0.12755,-0.32525,-0.00843,-0.00160,0.00110,0.63101,-0.00067,0.14065,0.00084,0.70706,-0.00008,0.70715,1,4,1,1
1765409432.542690,-0.01794,0.15202,-0.37894,-0.00923,-0.00129,0.00121,0.63101,-0.00067,0.14065,0.00084,0.70706,-0.00008,0.70715,1,4,1,1
1765409432.544701,-0.02613,0.14732,-0.33331,-0.00929,-0.00120,0.00098,0.63101,-0.00067,0.14065,0.00084,0.70706,-0.00008,0.70715,1,4,1,1
1765409432.546711,-0.04222,0.12802,-0.35556,-0.00974,-0.00137,0.00072,0.63101,-0.00067,0.14065,0.00084,0.70706,-0.00008,0.70715,1,4,1,1
1765409432.548719,-0.01779,0.13744,-0.39353,-0.00940,-0.00178,0.00161,0.63101,-0.00067,0.14065,0.00084,0.70706,-0.00008,0.70715,1,4,1,1
1765409432.550712,-0.00047,0.12287,-0.37828,-0.00914,-0.00225,0.00080,0.63101,-0.00067,0.14065,0.00084,0.70706,-0.00008,0.70715,1,4,1,1
1765409432.552722,-0.03533,0.12324,-0.33252,-0.00848,-0.00144,0.00127,0.63101,-0.00067,0.14065,0.00084,0.70706,-0.00008,0.70715,1,4,1,1
1765409432.554721,-0.02269,0.14556,-0.33308,-0.00843,-0.00199,0.00125,0.63101,-0.00067,0.14065,0.00084,0.70706,-0.00008,0.70715,1,4,1,1
1765409432.556719,-0.03163,0.10686,-0.28685,-0.00715,-0.00187,0.00036,0.63101,-0.00067,0.14065,0.00084,0.70706,-0.00008,0.70715,1,4,1,1
1765409432.558717,-0.04491,0.11938,-0.34002,-0.00700,-0.00196,0.00100,0.63101,-0.00067,0.14065,0.00084,0.70706,-0.00008,0.70715,1,4,1,1
1765409432.560736,-0.03733,0.11943,-0.35509,-0.00635,-0.00217,0.00139,0.63101,-0.00067,0.14065,0.00084,0.70706,-0.00008,0.70715,1,4,1,1
1765409432.562707,-0.03748,0.11904,-0.36276,-0.00635,-0.00166,0.00138,0.63101,-0.00067,0.14065,0.00084,0.70706,-0.00008,0.70715,1,4,1,1
1765409432.564712,-0.05300,0.09500,-0.25566,-0.00730,-0.00210,0.00136,0.63101,-0.00067,0.14065,0.00084,0.70706,-0.00008,0.70715,1,4,1,1
1765409432.566712,-0.02612,0.07685,-0.33177,-0.00468,-0.00076,0.00073,0.63101,-0.00067,0.14065,0.00084,0.70706,-0.00008,0.70715,1,4,1,1
1765409432.568720,-0.05341,0.08955,-0.29355,-0.00715,-0.00145,0.00146,0.63101,-0.00067,0.14065,0.00084,0.70706,-0.00008,0.70715,1,4,1,1
1765409432.570703,-0.01940,0.08157,-0.36233,-0.00331,-0.00033,0.00096,0.63101,-0.00067,0.14065,0.00084,0.70706,-0.00008,0.70715,1,4,1,1
1765409432.572731,-0.04474,0.05545,-0.28549,-0.00647,-0.00167,0.00039,0.63101,-0.00067,0.14065,0.00084,0.70706,-0.00008,0.70715,1,4,1,1
1765409432.574726,-0.02885,0.07979,-0.29362,-0.00595,-0.00175,0.00090,0.63101,-0.00067,0.14065,0.00084,0.70706,-0.00008,0.70715,1,4,1,1
1765409432.576729,-0.01940,0.05807,-0.35399,-0.00272,-0.00159,0.00084,0.63101,-0.00067,0.14065,0.00084,0.70706,-0.00008,0.70715,1,4,1,1
1765409432.578728,-0.03725,0.07400,-0.35424,-0.00165,-0.00215,0.00085,0.63101,-0.00067,0.14065,0.00084,0.70706,-0.00008,0.70715,1,4,1,1
1765409432.580722,-0.03675,0.04597,-0.28492,-0.00614,-0.00251,0.00106,0.63101,-0.00067,0.14065,0.00084,0.70706,-0.00008,0.70715,1,4,1,1
1765409432.582728,-0.06755,0.08097,-0.36952,-0.00157,-0.00076,0.00127,0.63101,-0.00067,0.14065,0.00084,0.70706,-0.00008,0.70715,1,4,1,1
1765409432.584737,-0.05395,0.04996,-0.36096,-0.00173,-0.00255,0.00114,0.63101,-0.00067,0.14065,0.00084,0.70706,-0.00008,0.70715,1,4,1,1
1765409432.586733,-0.08298,0.05277,-0.33045,-0.00235,-0.00233,0.00133,0.63101,-0.00067,0.14065,0.00084,0.70706,-0.00008,0.70715,1,4,1,1
1765409432.588729,-0.04225,0.06000,-0.24716,-0.00444,-0.00386,0.00096,0.63101,-0.00067,0.14065,0.00084,0.70706,-0.00008,0.70715,1,4,1,1
1765409432.590733,-0.05819,0.04721,-0.34581,-0.00176,-0.00200,0.00103,0.63101,-0.00067,0.14065,0.00084,0.70706,-0.00008,0.70715,1,4,1,1
1765409432.592734,-0.04169,0.05148,-0.38411,-0.00149,-0.00156,0.00084,0.63101,-0.00067,0.14065,0.00084,0.70706,-0.00008,0.70715,1,4,1,1
1765409432.594747,-0.04553,0.07395,-0.36182,-0.00187,-0.00192,0.00086,0.63101,-0.00067,0.14065,0.00084,0.70706,-0.00008,0.70715,1,4,1,1
1765409432.596743,-0.01524,0.07558,-0.36211,-0.00251,-0.00191,0.00056,0.63101,-0.00067,0.14065,0.00084,0.70706,-0.00008,0.70715,1,4,1,1
1765409432.598760,-0.03150,0.07015,-0.35470,-0.00301,-0.00070,-0.00009,0.63101,-0.00067,0.14065,0.00084,0.70706,-0.00008,0.70715,1,4,1,1
1765409432.600743,-0.01725,0.09075,-0.33227,-0.00538,-0.00012,0.00071,0.63101,-0.00067,0.14065,0.00084,0.70706,-0.00008,0.70715,1,4,1,1
1765409432.602779,-0.02817,0.10319,-0.34766,-0.00698,-0.00051,0.00058,0.63101,-0.00067,0.14065,0.00084,0.70706,-0.00008,0.70715,1,4,1,1
1765409432.604740,-0.04558,0.12887,-0.36328,-0.00645,-0.00120,0.00071,0.63101,-0.00067,0.14065,0.00084,0.70706,-0.00008,0.70715,1,4,1,1
1765409432.606746,-0.03576,0.12340,-0.30975,-0.00805,-0.00144,0.00129,0.63101,-0.00067,0.14065,0.00084,0.70706,-0.00008,0.70715,1,4,1,1
1765409432.608760,-0.00475,0.11950,-0.33303,-0.00918,-0.00068,0.00029,0.63101,-0.00067,0.14065,0.00084,0.70706,-0.00008,0.70715,1,4,1,1
1765409432.610751,-0.04402,0.13765,-0.34815,-0.00853,-0.00071,0.00126,0.63101,-0.00067,0.14065,0.00084,0.70706,-0.00008,0.70715,1,4,1,1
1765409432.612762,-0.02070,0.14932,-0.33330,-0.01057,-0.00126,0.00111,0.63101,-0.00067,0.14065,0.00084,0.70706,-0.00008,0.70715,1,4,1,1
1765409432.614755,-0.01969,0.15438,-0.37136,-0.01138,-0.00178,0.00095,0.63101,-0.00067,0.14065,0.00084,0.70706,-0.00008,0.70715,1,4,1,1
1765409432.616745,-0.02056,0.15470,-0.32581,-0.01051,-0.00178,0.00098,0.63101,-0.00067,0.14065,0.00084,0.70706,-0.00008,0.70715,1,4,1,1
1765409432.618783,-0.02390,0.14737,-0.37110,-0.01125,-0.00211,0.00096,0.63101,-0.00067,0.14065,0.00084,0.70706,-0.00008,0.70715,1,4,1,1
1765409432.620812,-0.03305,0.14764,-0.33314,-0.01059,-0.00187,0.00099,0.63101,-0.00067,0.14065,0.00084,0.70706,-0.00008,0.70715,1,4,1,1
1765409432.622756,-0.02786,0.15537,-0.34098,-0.01115,-0.00258,0.00058,0.63101,-0.00067,0.14065,0.00084,0.70706,-0.00008,0.70715,1,4,1,1
1765409432.624762,-0.01618,0.15716,-0.29543,-0.01069,-0.00196,0.00114,0.63101,-0.00067,0.14065,0.00084,0.70706,-0.00008,0.70715,1,4,1,1
1765409432.626766,-0.02877,0.14492,-0.34836,-0.01063,-0.00167,0.00084,0.63101,-0.00067,0.14065,0.00084,0.70706,-0.00008,0.70715,1,4,1,1
1765409432.628855,-0.01288,0.12474,-0.34814,-0.00956,-0.00109,0.00056,0.63101,-0.00067,0.14065,0.00084,0.70706,-0.00008,0.70715,1,4,1,1
1765409432.630794,-0.03819,0.13022,-0.34803,-0.00971,-0.00116,0.00085,0.63101,-0.00067,0.14065,0.00084,0.70706,-0.00008,0.70715,1,4,1,1
1765409432.632776,-0.03424,0.13719,-0.35591,-0.00963,-0.00071,0.00084,0.63101,-0.00067,0.14065,0.00084,0.70706,-0.00008,0.70715,1,4,1,1
1765409432.634793,-0.00525,0.11931,-0.33274,-0.00919,-0.00066,0.00110,0.63101,-0.00067,0.14065,0.00084,0.70706,-0.00008,0.70715,1,4,1,1
1765409432.636803,-0.00430,0.11937,-0.33302,-0.00962,-0.00069,0.00030,0.63101,-0.00067,0.14065,0.00084,0.70706,-0.00008,0.70715,1,4,1,1
1765409432.638763,-0.00616,0.12017,-0.29471,-0.00808,-0.00129,0.00113,0.63101,-0.00067,0.14065,0.00084,0.70706,-0.00008,0.70715,1,4,1,1
1765409432.640778,-0.01462,0.11600,-0.36292,-0.00770,-0.00194,0.00082,0.63101,-0.00067,0.14065,0.00084,0.70706,-0.00008,0.70715,1,4,1,1
1765409432.642801,-0.04170,0.10509,-0.32466,-0.00696,0.00043,0.00155,0.63101,-0.00067,0.14065,0.00084,0.70706,-0.00008,0.70715,1,4,1,1
1765409432.644778,-0.03573,0.09452,-0.28646,-0.00730,-0.00181,0.00051,0.63101,-0.00067,0.14065,0.00084,0.70706,-0.00008,0.70715,1,4,1,1
1765409432.646786,-0.01985,0.11390,-0.32496,-0.00663,-0.00176,0.00072,0.63101,-0.00067,0.14065,0.00084,0.70706,-0.00008,0.70715,1,4,1,1
1765409432.648805,-0.01923,0.08027,-0.31661,-0.00638,-0.00264,0.00007,0.63101,-0.00067,0.14065,0.00084,0.70706,-0.00008,0.70715,1,4,1,1
1765409432.650798,-0.02945,0.09937,-0.31703,-0.00550,-0.00138,0.00074,0.63101,-0.00067,0.14065,0.00084,0.70706,-0.00008,0.70715,1,4,1,1
1765409432.652811,-0.03434,0.07588,-0.27080,-0.00775,-0.00322,-0.00015,0.63101,-0.00067,0.14065,0.00084,0.70706,-0.00008,0.70715,1,4,1,1
1765409432.654824,-0.04731,0.07556,-0.36195,-0.00426,-0.00152,0.00059,0.63101,-0.00067,0.14065,0.00084,0.70706,-0.00008,0.70715,1,4,1,1
1765409432.656804,-0.01880,0.07571,-0.27059,-0.00687,-0.00339,0.00065,0.63101,-0.00067,0.14065,0.00084,0.70706,-0.00008,0.70715,1,4,1,1
1765409432.658784,-0.04301,0.05793,-0.35385,-0.00447,-0.00130,0.00087,0.63101,-0.00067,0.14065,0.00084,0.70706,-0.00008,0.70715,1,4,1,1
1765409432.660794,-0.04056,0.06796,-0.26288,-0.00653,-0.00211,0.00067,0.63101,-0.00067,0.14065,0.00084,0.70706,-0.00008,0.70715,1,4,1,1
1765409432.662828,-0.02219,0.09013,-0.34740,-0.00386,-0.00172,0.00017,0.63101,-0.00067,0.14065,0.00084,0.70706,-0.00008,0.70715,1,4,1,1
1765409432.664828,-0.02437,0.07677,-0.32370,-0.00664,-0.00166,0.00155,0.63101,-0.00067,0.14065,0.00084,0.70706,-0.00008,0.70715,1,4,1,1
1765409432.666805,-0.00635,0.07955,-0.33946,-0.00333,-0.00126,0.00083,0.63101,-0.00067,0.14065,0.00084,0.70706,-0.00008,0.70715,1,4,1,1
1765409432.668819,-0.01442,0.07016,-0.35435,-0.00345,-0.00166,0.00070,0.63101,-0.00067,0.14065,0.00084,0.70706,-0.00008,0.70715,1,4,1,1
1765409432.670818,-0.01463,0.07942,-0.36206,-0.00377,-0.00115,0.00123,0.63101,-0.00067,0.14065,0.00084,0.70706,-0.00008,0.70715,1,4,1,1
1765409432.672819,-0.03707,0.05762,-0.39207,-0.00229,-0.00036,0.00082,0.63101,-0.00067,0.14065,0.00084,0.70706,-0.00008,0.70715,1,4,1,1
1765409432.674802,-0.02423,0.06489,-0.35412,-0.00264,-0.00077,0.00125,0.63101,-0.00067,0.14065,0.00084,0.70706,-0.00008,0.70715,1,4,1,1
1765409432.676812,-0.01947,0.06279,-0.36162,-0.00288,-0.00146,0.00110,0.63101,-0.00067,0.14065,0.00084,0.70706,-0.00008,0.70715,1,4,1,1
1765409432.678808,0.00197,0.07409,-0.32419,-0.00340,-0.00084,0.00097,0.63101,-0.00067,0.14065,0.00084,0.70706,-0.00008,0.70715,1,4,1,1
1765409432.680804,-0.04376,0.07714,-0.36214,-0.00402,-0.00042,0.00072,0.63101,-0.00067,0.14065,0.00084,0.70706,-0.00008,0.70715,1,4,1,1
1765409432.682813,-0.04495,0.09931,-0.30896,-0.00725,-0.00168,0.00157,0.63101,-0.00067,0.14065,0.00084,0.70706,-0.00008,0.70715,1,4,1,1
1765409432.684797,-0.04402,0.05850,-0.37662,-0.00337,-0.00167,0.00085,0.63101,-0.00067,0.14065,0.00084,0.70706,-0.00008,0.70715,1,4,1,1
1765409432.686810,-0.02185,0.08529,-0.36218,-0.00436,-0.00222,0.00070,0.63101,-0.00067,0.14065,0.00084,0.70706,-0.00008,0.70715,1,4,1,1
1765409432.688839,-0.02625,0.09203,-0.37007,-0.00449,-0.00128,0.00069,0.63101,-0.00067,0.14065,0.00084,0.70706,-0.00008,0.70715,1,4,1,1
1765409432.690811,-0.01709,0.09680,-0.36264,-0.00509,-0.00152,0.00056,0.63101,-0.00067,0.14065,0.00084,0.70706,-0.00008,0.70715,1,4,1,1
1765409432.692852,-0.05068,0.09652,-0.32430,-0.00597,-0.00060,0.00143,0.63101,-0.00067,0.14065,0.00084,0.70706,-0.00008,0.70715,1,4,1,1
1765409432.694843,-0.04128,0.08284,-0.33165,-0.00592,-0.00211,0.00061,0.63101,-0.00067,0.14065,0.00084,0.70706,-0.00008,0.70715,1,4,1,1
1765409432.696853,-0.00387,0.10376,-0.31713,-0.00588,-0.00168,0.00098,0.63101,-0.00067,0.14065,0.00084,0.70706,-0.00008,0.70715,1,4,1,1
1765409432.698838,-0.01809,0.08243,-0.38488,-0.00417,-0.00187,0.00095,0.63101,-0.00067,0.14065,0.00084,0.70706,-0.00008,0.70715,1,4,1,1
1765409432.700929,-0.03857,0.09476,-0.38536,-0.00468,-0.00126,0.00042,0.63101,-0.00067,0.14065,0.00084,0.70706,-0.00008,0.70715,1,4,1,1
1765409432.702870,-0.02379,0.11128,-0.37811,-0.00688,-0.00158,0.00055,0.63101,-0.00067,0.14065,0.00084,0.70706,-0.00008,0.70715,1,4,1,1
1765409432.704845,-0.06523,0.09737,-0.32434,-0.00749,-0.00158,0.00064,0.63101,-0.00067,0.14065,0.00084,0.70706,-0.00008,0.70715,1,4,1,1
1765409432.706833,-0.01167,0.09298,-0.35463,-0.00710,-0.00093,0.00164,0.63101,-0.00067,0.14065,0.00084,0.70706,-0.00008,0.70715,1,4,1,1
1765409432.708868,-0.03269,0.11565,-0.33990,-0.00726,-0.00095,0.00166,0.63101,-0.00067,0.14065,0.00084,0.70706,-0.00008,0.70715,1,4,1,1
1765409432.710839,-0.02057,0.10331,-0.31716,-0.00632,-0.00072,0.00100,0.63101,-0.00067,0.14065,0.00084,0.70706,-0.00008,0.70715,1,4,1,1
1765409432.712852,-0.03507,0.08447,-0.36237,-0.00765,-0.00169,-0.00009,0.63101,-0.00067,0.14065,0.00084,0.70706,-0.00008,0.70715,1,4,1,1
1765409432.714869,-0.02496,0.09719,-0.35493,-0.00552,-0.00194,0.00057,0.63101,-0.00067,0.14065,0.00084,0.70706,-0.00008,0.70715,1,4,1,1
1765409432.716849,-0.03695,0.11414,-0.34734,-0.00685,-0.00192,0.00153,0.63101,-0.00067,0.14065,0.00084,0.70706,-0.00008,0.70715,1,4,1,1
1765409432.718885,-0.01981,0.09966,-0.33950,-0.00658,-0.00263,0.00112,0.63101,-0.00067,0.14065,0.00084,0.70706,-0.00008,0.70715,1,4,1,1
1765409432.720851,-0.03276,0.10274,-0.35497,-0.00589,-0.00261,0.00045,0.63101,-0.00067,0.14065,0.00084,0.70706,-0.00008,0.70715,1,4,1,1
1765409432.722862,-0.09160,0.06931,-0.36154,-0.00587,-0.00213,0.00024,0.63101,-0.00067,0.14065,0.00084,0.70706,-0.00008,0.70715,1,4,1,1
1765409432.724851,-0.03012,0.08037,-0.33177,-0.00442,-0.00186,0.00046,0.63101,-0.00067,0.14065,0.00084,0.70706,-0.00008,0.70715,1,4,1,1
1765409432.726865,-0.01732,0.08180,-0.33917,-0.00527,-0.00150,0.00139,0.63101,-0.00067,0.14065,0.00084,0.70706,-0.00008,0.70715,1,4,1,1
1765409432.728884,-0.01340,0.07436,-0.35403,-0.00514,-0.00166,0.00178,0.63101,-0.00067,0.14065,0.00084,0.70706,-0.00008,0.70715,1,4,1,1
1765409432.730862,-0.03182,0.07979,-0.33958,-0.00311,-0.00057,0.00045,0.63101,-0.00067,0.14065,0.00084,0.70706,-0.00008,0.70715,1,4,1,1
1765409432.732890,-0.04396,0.05391,-0.36173,-0.00277,-0.00156,-0.00022,0.63101,-0.00067,0.14065,0.00084,0.70706,-0.00008,0.70715,1,4,1,1
1765409432.734872,-0.03581,0.05717,-0.34666,-0.00339,0.00000,0.00046,0.63101,-0.00067,0.14065,0.00084,0.70706,-0.00008,0.70715,1,4,1,1
1765409432.737002,-0.01096,0.06707,-0.34655,-0.00326,-0.00105,0.00137,0.63101,-0.00067,0.14065,0.00084,0.70706,-0.00008,0.70715,1,4,1,1
1765409432.738871,-0.02346,0.06499,-0.35405,-0.00329,-0.00116,0.00125,0.63101,-0.00067,0.14065,0.00084,0.70706,-0.00008,0.70715,1,4,1,1
1765409432.740878,-0.00009,0.06620,-0.30854,-0.00568,-0.00106,0.00140,0.63101,-0.00067,0.14065,0.00084,0.70706,-0.00008,0.70715,1,4,1,1
1765409432.742876,-0.05010,0.05354,-0.30808,-0.00540,-0.00198,0.00065,0.63101,-0.00067,0.14065,0.00084,0.70706,-0.00008,0.70715,1,4,1,1
1765409432.744863,-0.03819,0.09481,-0.33144,-0.00577,-0.00213,0.00209,0.63101,-0.00067,0.14065,0.00084,0.70706,-0.00008,0.70715,1,4,1,1
1765409432.746873,-0.01141,0.07218,-0.34674,-0.00277,-0.00105,0.00124,0.63101,-0.00067,0.14065,0.00084,0.70706,-0.00008,0.70715,1,4,1,1
1765409432.748885,-0.02711,0.05831,-0.38444,-0.00316,-0.00175,0.00042,0.63101,-0.00067,0.14065,0.00084,0.70706,-0.00008,0.70715,1,4,1,1
1765409432.750875,-0.06045,0.05893,-0.37686,-0.00337,-0.00148,0.00006,0.63101,-0.00067,0.14065,0.00084,0.70706,-0.00008,0.70715,1,4,1,1
1765409432.752873,-0.01699,0.10560,-0.33243,-0.00586,-0.00051,0.00111,0.63101,-0.00067,0.14065,0.00084,0.70706,-0.00008,0.70715,1,4,1,1
1765409432.754872,-0.02507,0.11647,-0.32447,-0.00638,-0.00206,0.00207,0.63101,-0.00067,0.14065,0.00084,0.70706,-0.00008,0.70715,1,4,1,1
1765409432.756876,-0.04259,0.10164,-0.32431,-0.00569,-0.00108,0.00169,0.63101,-0.00067,0.14065,0.00084,0.70706,-0.00008,0.70715,1,4,1,1
1765409432.758875,-0.03238,0.10119,-0.32480,-0.00679,-0.00084,0.00047,0.63101,-0.00067,0.14065,0.00084,0.70706,-0.00008,0.70715,1,4,1,1
1765409432.760899,-0.06779,0.10016,-0.32434,-0.00877,-0.00232,0.00038,0.63101,-0.00067,0.14065,0.00084,0.70706,-0.00008,0.70715,1,4,1,1
1765409432.762968,-0.03110,0.14591,-0.34838,-0.00821,-0.00202,0.00084,0.63101,-0.00067,0.14065,0.00084,0.70706,-0.00008,0.70715,1,4,1,1
1765409432.764917,-0.00669,0.13903,-0.31009,-0.00851,-0.00065,0.00219,0.63101,-0.00067,0.14065,0.00084,0.70706,-0.00008,0.70715,1,4,1,1
1765409432.766895,-0.01407,0.13949,-0.34048,-0.00916,-0.00120,0.00177,0.63101,-0.00067,0.14065,0.00084,0.70706,-0.00008,0.70715,1,4,1,1
1765409432.768898,-0.05169,0.12127,-0.31723,-0.01223,-0.00265,0.00037,0.63101,-0.00067,0.14065,0.00084,0.70706,-0.00008,0.70715,1,4,1,1
1765409432.770978,-0.03442,0.14234,-0.34848,-0.00935,-0.00084,0.00071,0.63101,-0.00067,0.14065,0.00084,0.70706,-0.00008,0.70715,1,4,1,1
1765409432.772906,-0.01799,0.13693,-0.34806,-0.00941,-0.00102,0.00164,0.63101,-0.00067,0.14065,0.00084,0.70706,-0.00008,0.70715,1,4,1,1
1765409432.774904,-0.01288,0.13866,-0.34034,-0.01070,-0.00082,0.00218,0.63101,-0.00067,0.14065,0.00084,0.70706,-0.00008,0.70715,1,4,1,1
1765409432.776920,-0.02106,0.14460,-0.33293,-0.01041,-0.00162,0.00166,0.63101,-0.00067,0.14065,0.00084,0.70706,-0.00008,0.70715,1,4,1,1
1765409432.778901,-0.05513,0.11436,-0.31690,-0.01275,-0.00337,0.00038,0.63101,-0.00067,0.14065,0.00084,0.70706,-0.00008,0.70715,1,4,1,1
1765409432.780910,-0.02582,0.12287,-0.34064,-0.00893,-0.00107,0.00004,0.63101,-0.00067,0.14065,0.00084,0.70706,-0.00008,0.70715,1,4,1,1
1765409432.782904,-0.02702,0.13758,-0.35577,-0.00853,-0.00117,0.00124,0.63101,-0.00067,0.14065,0.00084,0.70706,-0.00008,0.70715,1,4,1,1
1765409432.784897,-0.01451,0.14455,-0.33291,-0.00888,-0.00132,0.00205,0.63101,-0.00067,0.14065,0.00084,0.70706,-0.00008,0.70715,1,4,1,1
1765409432.786900,-0.02302,0.13537,-0.33278,-0.00834,-0.00160,0.00152,0.63101,-0.00067,0.14065,0.00084,0.70706,-0.00008,0.70715,1,4,1,1
1765409432.788903,-0.05259,0.11343,-0.32492,-0.00795,-0.00060,0.00075,0.63101,-0.00067,0.14065,0.00084,0.70706,-0.00008,0.70715,1,4,1,1
1765409432.790895,-0.03595,0.10708,-0.28685,-0.01043,-0.00297,-0.00043,0.63101,-0.00067,0.14065,0.00084,0.70706,-0.00008,0.70715,1,4,1,1
1765409432.792980,-0.02046,0.13255,-0.35557,-0.00706,-0.00086,0.00177,0.63101,-0.00067,0.14065,0.00084,0.70706,-0.00008,0.70715,1,4,1,1
1765409432.794949,-0.02383,0.13082,-0.34019,-0.00752,-0.00183,0.00165,0.63101,-0.00067,0.14065,0.00084,0.70706,-0.00008,0.70715,1,4,1,1
1765409432.796916,-0.04603,0.10839,-0.32472,-0.00648,-0.00029,0.00128,0.63101,-0.00067,0.14065,0.00084,0.70706,-0.00008,0.70715,1,4,1,1
1765409432.798973,-0.04244,0.08048,-0.31620,-0.00857,-0.00311,0.00050,0.63101,-0.00067,0.14065,0.00084,0.70706,-0.00008,0.70715,1,4,1,1
1765409432.800915,-0.01298,0.12399,-0.34803,-0.00520,-0.00185,0.00083,0.63101,-0.00067,0.14065,0.00084,0.70706,-0.00008,0.70715,1,4,1,1
1765409432.802938,-0.02739,0.10365,-0.30125,-0.00828,-0.00202,0.00224,0.63101,-0.00067,0.14065,0.00084,0.70706,-0.00008,0.70715,1,4,1,1
1765409432.804925,-0.01376,0.09828,-0.33213,-0.00507,-0.00054,0.00151,0.63101,-0.00067,0.14065,0.00084,0.70706,-0.00008,0.70715,1,4,1,1
1765409432.806940,-0.01197,0.08946,-0.37016,-0.00562,-0.00184,0.00014,0.63101,-0.00067,0.14065,0.00084,0.70706,-0.00008,0.70715,1,4,1,1
1765409432.808975,-0.05010,0.05432,-0.36148,-0.00474,-0.00263,-0.00020,0.63101,-0.00067,0.14065,0.00084,0.70706,-0.00008,0.70715,1,4,1,1
1765409432.810913,-0.03546,0.08795,-0.35497,-0.00323,-0.00143,0.00004,0.63101,-0.00067,0.14065,0.00084,0.70706,-0.00008,0.70715,1,4,1,1
1765409432.812923,-0.04946,0.08539,-0.34657,-0.00304,-0.00136,0.00195,0.63101,-0.00067,0.14065,0.00084,0.70706,-0.00008,0.70715,1,4,1,1
1765409432.814939,-0.02287,0.08012,-0.36193,-0.00376,-0.00181,0.00124,0.63101,-0.00067,0.14065,0.00084,0.70706,-0.00008,0.70715,1,4,1,1
1765409432.816923,-0.04101,0.07630,-0.37737,-0.00185,-0.00173,0.00017,0.63101,-0.00067,0.14065,0.00084,0.70706,-0.00008,0.70715,1,4,1,1
1765409432.818935,-0.05568,0.05185,-0.38418,-0.00367,-0.00217,0.00005,0.63101,-0.00067,0.14065,0.00084,0.70706,-0.00008,0.70715,1,4,1,1
1765409432.820972,-0.03259,0.06838,-0.30825,-0.00609,-0.00296,0.00103,0.63101,-0.00067,0.14065,0.00084,0.70706,-0.00008,0.70715,1,4,1,1
1765409432.822933,-0.00630,0.08387,-0.33938,-0.00393,-0.00087,0.00150,0.63101,-0.00067,0.14065,0.00084,0.70706,-0.00008,0.70715,1,4,1,1
1765409432.824932,-0.04967,0.08983,-0.32407,-0.00299,-0.00060,0.00183,0.63101,-0.00067,0.14065,0.00084,0.70706,-0.00008,0.70715,1,4,1,1
1765409432.826938,-0.02770,0.06302,-0.39230,-0.00266,-0.00124,0.00028,0.63101,-0.00067,0.14065,0.00084,0.70706,-0.00008,0.70715,1,4,1,1
1765409432.828933,-0.03892,0.05554,-0.33143,-0.00385,-0.00099,-0.00006,0.63101,-0.00067,0.14065,0.00084,0.70706,-0.00008,0.70715,1,4,1,1
1765409432.830933,-0.04000,0.06573,-0.37703,-0.00307,-0.00135,0.00044,0.63101,-0.00067,0.14065,0.00084,0.70706,-0.00008,0.70715,1,4,1,1
1765409432.832951,-0.00088,0.09580,-0.36251,-0.00510,-0.00094,0.00135,0.63101,-0.00067,0.14065,0.00084,0.70706,-0.00008,0.70715,1,4,1,1
1765409432.834963,-0.03774,0.09472,-0.30864,-0.00621,-0.00214,0.00210,0.63101,-0.00067,0.14065,0.00084,0.70706,-0.00008,0.70715,1,4,1,1
1765409432.836950,-0.01833,0.08490,-0.30122,-0.00764,-0.00290,0.00075,0.63101,-0.00067,0.14065,0.00084,0.70706,-0.00008,0.70715,1,4,1,1
1765409432.838976,-0.03192,0.07099,-0.36979,-0.00235,-0.00159,-0.00010,0.63101,-0.00067,0.14065,0.00084,0.70706,-0.00008,0.70715,1,4,1,1
1765409432.840974,-0.05352,0.07492,-0.31576,-0.00710,-0.00181,0.00185,0.63101,-0.00067,0.14065,0.00084,0.70706,-0.00008,0.70715,1,4,1,1
1765409432.842964,-0.03102,0.10941,-0.33955,-0.00472,-0.00172,0.00206,0.63101,-0.00067,0.14065,0.00084,0.70706,-0.00008,0.70715,1,4,1,1
1765409432.844969,-0.03156,0.08338,-0.31611,-0.00700,-0.00362,0.00103,0.63101,-0.00067,0.14065,0.00084,0.70706,-0.00008,0.70715,1,4,1,1
1765409432.846961,-0.04376,0.06588,-0.33850,-0.00743,-0.00308,0.00089,0.63101,-0.00067,0.14065,0.00084,0.70706,-0.00008,0.70715,1,4,1,1
1765409432.848974,-0.03726,0.08509,-0.33188,-0.00567,-0.00178,0.00034,0.63101,-0.00067,0.14065,0.00084,0.70706,-0.00008,0.70715,1,4,1,1
1765409432.850996,-0.00448,0.09976,-0.34722,-0.00505,-0.00268,0.00110,0.63101,-0.00067,0.14065,0.00084,0.70706,-0.00008,0.70715,1,4,1,1
1765409432.852963,-0.02494,0.10216,-0.32456,-0.00568,-0.00207,0.00086,0.63101,-0.00067,0.14065,0.00084,0.70706,-0.00008,0.70715,1,4,1,1
1765409432.854971,-0.05246,0.08043,-0.34688,-0.00704,-0.00211,0.00008,0.63101,-0.00067,0.14065,0.00084,0.70706,-0.00008,0.70715,1,4,1,1
1765409432.856961,-0.03659,0.10915,-0.30230,-0.00647,-0.00118,0.00008,0.63101,-0.00067,0.14065,0.00084,0.70706,-0.00008,0.70715,1,4,1,1
1765409432.858966,-0.06146,0.09451,-0.34703,-0.00731,-0.00124,0.00089,0.63101,-0.00067,0.14065,0.00084,0.70706,-0.00008,0.70715,1,4,1,1
1765409432.860968,-0.02562,0.12556,-0.34002,-0.00627,-0.00104,0.00219,0.63101,-0.00067,0.14065,0.00084,0.70706,-0.00008,0.70715,1,4,1,1
1765409432.862959,-0.01514,0.10531,-0.31715,-0.00761,-0.00079,0.00113,0.63101,-0.00067,0.14065,0.00084,0.70706,-0.00008,0.70715,1,4,1,1
1765409432.864988,-0.05047,0.09049,-0.32429,-0.00867,-0.00291,-0.00018,0.63101,-0.00067,0.14065,0.00084,0.70706,-0.00008,0.70715,1,4,1,1
1765409432.866972,-0.06253,0.09992,-0.33963,-0.00615,-0.00136,0.00075,0.63101,-0.00067,0.14065,0.00084,0.70706,-0.00008,0.70715,1,4,1,1
1765409432.868977,-0.02866,0.11785,-0.33237,-0.00724,-0.00075,0.00180,0.63101,-0.00067,0.14065,0.00084,0.70706,-0.00008,0.70715,1,4,1,1
1765409432.870979,-0.02845,0.11839,-0.35505,-0.00723,-0.00151,0.00178,0.63101,-0.00067,0.14065,0.00084,0.70706,-0.00008,0.70715,1,4,1,1
1765409432.872974,-0.04511,0.10386,-0.33959,-0.00719,-0.00118,0.00141,0.63101,-0.00067,0.14065,0.00084,0.70706,-0.00008,0.70715,1,4,1,1
1765409432.874994,-0.03151,0.09227,-0.35478,-0.00711,-0.00224,0.00031,0.63101,-0.00067,0.14065,0.00084,0.70706,-0.00008,0.70715,1,4,1,1
1765409432.877006,-0.02484,0.08688,-0.35462,-0.00587,-0.00154,0.00084,0.63101,-0.00067,0.14065,0.00084,0.70706,-0.00008,0.70715,1,4,1,1
1765409432.879014,0.00414,0.10864,-0.35515,-0.00560,-0.00191,0.00121,0.63101,-0.00067,0.14065,0.00084,0.70706,-0.00008,0.70715,1,4,1,1
1765409432.880993,-0.02655,0.11643,-0.35497,-0.00507,-0.00153,0.00205,0.63101,-0.00067,0.14065,0.00084,0.70706,-0.00008,0.70715,1,4,1,1
1765409432.882998,-0.04659,0.08117,-0.36957,-0.00463,-0.00255,0.00045,0.63101,-0.00067,0.14065,0.00084,0.70706,-0.00008,0.70715,1,4,1,1
1765409432.884996,-0.02664,0.06055,-0.30041,-0.00771,-0.00315,0.00104,0.63101,-0.00067,0.14065,0.00084,0.70706,-0.00008,0.70715,1,4,1,1
1765409432.887007,-0.00924,0.09211,-0.31709,-0.00427,-0.00162,0.00031,0.63101,-0.00067,0.14065,0.00084,0.70706,-0.00008,0.70715,1,4,1,1
1765409432.888997,-0.02384,0.06946,-0.33119,-0.00345,-0.00077,0.00194,0.63101,-0.00067,0.14065,0.00084,0.70706,-0.00008,0.70715,1,4,1,1
1765409432.890998,-0.03184,0.11853,-0.34769,-0.00417,-0.00046,0.00178,0.63101,-0.00067,0.14065,0.00084,0.70706,-0.00008,0.70715,1,4,1,1
1765409432.892980,-0.01681,0.07704,-0.31650,-0.00533,-0.00151,0.00073,0.63101,-0.00067,0.14065,0.00084,0.70706,-0.00008,0.70715,1,4,1,1
1765409432.895000,-0.00888,0.07680,-0.35456,-0.00490,-0.00135,0.00069,0.63101,-0.00067,0.14065,0.00084,0.70706,-0.00008,0.70715,1,4,1,1
1765409432.897015,-0.00536,0.08883,-0.35485,-0.00453,-0.00102,0.00095,0.63101,-0.00067,0.14065,0.00084,0.70706,-0.00008,0.70715,1,4,1,1
1765409432.899006,-0.01476,0.07481,-0.39239,-0.00339,-0.00140,0.00094,0.63101,-0.00067,0.14065,0.00084,0.70706,-0.00008,0.70715,1,4,1,1
1765409432.901009,-0.03760,0.06513,-0.33175,-0.00504,-0.00101,-0.00033,0.63101,-0.00067,0.14065,0.00084,0.70706,-0.00008,0.70715,1,4,1,1
1765409432.902994,-0.04242,0.08259,-0.37010,-0.00461,-0.00109,-0.00023,0.63101,-0.00067,0.14065,0.00084,0.70706,-0.00008,0.70715,1,4,1,1
1765409432.905019,-0.05070,0.10773,-0.34725,-0.00540,-0.00213,0.00114,0.63101,-0.00067,0.14065,0.00084,0.70706,-0.00008,0.70715,1,4,1,1
1765409432.907014,-0.01174,0.09925,-0.29422,-0.00615,-0.00197,0.00074,0.63101,-0.00067,0.14065,0.00084,0.70706,-0.00008,0.70715,1,4,1,1
1765409432.909003,0.00112,0.10589,-0.31713,-0.00673,-0.00174,0.00111,0.63101,-0.00067,0.14065,0.00084,0.70706,-0.00008,0.70715,1,4,1,1
1765409432.911000,-0.03210,0.09208,-0.34744,-0.00646,-0.00160,-0.00009,0.63101,-0.00067,0.14065,0.00084,0.70706,-0.00008,0.70715,1,4,1,1
1765409432.912998,-0.03102,0.10650,-0.34001,-0.00782,-0.00175,0.00032,0.63101,-0.00067,0.14065,0.00084,0.70706,-0.00008,0.70715,1,4,1,1
1765409432.915026,-0.03614,0.12367,-0.34011,-0.00761,-0.00169,0.00126,0.63101,-0.00067,0.14065,0.00084,0.70706,-0.00008,0.70715,1,4,1,1
1765409432.917014,-0.02301,0.12541,-0.33243,-0.00846,-0.00158,0.00179,0.63101,-0.00067,0.14065,0.00084,0.70706,-0.00008,0.70715,1,4,1,1
1765409432.919027,-0.03182,0.13034,-0.34041,-0.00796,-0.00098,0.00125,0.63101,-0.00067,0.14065,0.00084,0.70706,-0.00008,0.70715,1,4,1,1
1765409432.921025,-0.03294,0.12337,-0.36342,-0.00980,-0.00175,-0.00037,0.63102,-0.00067,0.14065,0.00085,0.70707,-0.00008,0.70714,1,4,1,1
1765409432.923053,-0.04648,0.13520,-0.36356,-0.00965,-0.00082,0.00031,0.63102,-0.00067,0.14065,0.00085,0.70707,-0.00008,0.70714,1,4,1,1
1765409432.925030,-0.02612,0.12740,-0.33260,-0.00953,-0.00117,0.00153,0.63102,-0.00067,0.14065,0.00085,0.70707,-0.00008,0.70714,1,4,1,1
1765409432.927025,-0.01880,0.13740,-0.33286,-0.00853,-0.00127,0.00165,0.63102,-0.00067,0.14065,0.00085,0.70707,-0.00008,0.70714,1,4,1,1
1765409432.929017,-0.03405,0.12833,-0.36296,-0.00952,-0.00210,0.00111,0.63102,-0.00067,0.14065,0.00085,0.70707,-0.00008,0.70714,1,4,1,1
1765409432.931032,-0.05695,0.13161,-0.37108,-0.00730,-0.00133,0.00004,0.63102,-0.00067,0.14065,0.00085,0.70707,-0.00008,0.70714,1,4,1,1
1765409432.933025,-0.05652,0.11212,-0.35508,-0.00775,-0.00195,0.00060,0.63102,-0.00067,0.14065,0.00084,0.70707,-0.00008,0.70714,1,4,1,1
1765409432.935014,-0.02176,0.12481,-0.34762,-0.00977,-0.00134,0.00178,0.63102,-0.00067,0.14065,0.00084,0.70707,-0.00008,0.70714,1,4,1,1
1765409432.937042,-0.01872,0.13263,-0.31745,-0.00859,-0.00152,0.00180,0.63102,-0.00067,0.14065,0.00084,0.70707,-0.00008,0.70714,1,4,1,1
1765409432.939048,-0.01321,0.11082,-0.37026,-0.00907,-0.00221,0.00095,0.63102,-0.00067,0.14065,0.00084,0.70707,-0.00008,0.70714,1,4,1,1
1765409432.941053,-0.04532,0.08687,-0.27883,-0.00980,-0.00183,-0.00028,0.63102,-0.00067,0.14065,0.00084,0.70707,-0.00008,0.70714,1,4,1,1
1765409432.943044,-0.03659,0.13249,-0.34068,-0.00750,-0.00017,0.00099,0.63102,-0.00067,0.14065,0.00084,0.70707,-0.00008,0.70714,1,4,1,1
1765409432.945056,-0.03270,0.12561,-0.34026,-0.00714,-0.00097,0.00139,0.63102,-0.00067,0.14065,0.00085,0.70707,-0.00008,0.70714,1,4,1,1
1765409432.947050,-0.06242,0.08957,-0.36211,-0.00649,-0.00096,0.00101,0.63102,-0.00067,0.14065,0.00085,0.70707,-0.00008,0.70714,1,4,1,1
1765409432.949036,-0.04289,0.07821,-0.36968,-0.00423,-0.00183,0.00031,0.63102,-0.00067,0.14065,0.00084,0.70707,-0.00008,0.70714,1,4,1,1
1765409432.951067,0.00428,0.10402,-0.37010,-0.00566,-0.00241,0.00134,0.63102,-0.00067,0.14065,0.00084,0.70707,-0.00008,0.70714,1,4,1,1
1765409432.953061,-0.03810,0.11436,-0.35499,-0.00575,-0.00178,0.00152,0.63102,-0.00067,0.14065,0.00085,0.70707,-0.00008,0.70714,1,4,1,1
1765409432.955055,-0.04728,0.06647,-0.34663,-0.00371,-0.00216,0.00007,0.63102,-0.00067,0.14065,0.00085,0.70707,-0.00008,0.70714,1,4,1,1
1765409432.957062,-0.05060,0.04434,-0.33079,-0.00442,-0.00236,0.00009,0.63102,-0.00067,0.14065,0.00085,0.70707,-0.00008,0.70714,1,4,1,1
1765409432.959046,-0.02237,0.07454,-0.30864,-0.00448,-0.00118,0.00142,0.63102,-0.00067,0.14065,0.00084,0.70707,-0.00008,0.70714,1,4,1,1
1765409432.961048,-0.02352,0.08463,-0.33167,-0.00349,-0.00117,0.00153,0.63102,-0.00067,0.14065,0.00085,0.70707,-0.00008,0.70714,1,4,1,1
1765409432.963077,-0.04758,0.09547,-0.34749,-0.00380,-0.00142,0.00006,0.63102,-0.00067,0.14065,0.00085,0.70707,-0.00008,0.70714,1,4,1,1
1765409432.965066,-0.02658,0.06332,-0.36161,-0.00375,-0.00214,0.00071,0.63102,-0.00067,0.14065,0.00084,0.70707,-0.00008,0.70714,1,4,1,1
1765409432.967061,-0.02701,0.06213,-0.35406,-0.00398,-0.00073,0.00112,0.63102,-0.00067,0.14065,0.00084,0.70707,-0.00008,0.70714,1,4,1,1
1765409432.969125,-0.00921,0.08286,-0.33181,-0.00417,-0.00250,0.00058,0.63102,-0.00067,0.14065,0.00084,0.70707,-0.00008,0.70714,1,4,1,1
1765409432.971073,-0.03465,0.08748,-0.37017,-0.00411,-0.00118,0.00003,0.63102,-0.00067,0.14065,0.00084,0.70707,-0.00008,0.70714,1,4,1,1
1765409432.973063,-0.01458,0.06288,-0.25511,-0.00703,-0.00293,0.00079,0.63102,-0.00067,0.14065,0.00084,0.70707,-0.00008,0.70714,1,4,1,1
1765409432.975069,-0.03284,0.06462,-0.36176,-0.00264,-0.00015,0.00125,0.63102,-0.00067,0.14065,0.00084,0.70707,-0.00008,0.70714,1,4,1,1
1765409432.977054,-0.03053,0.07495,-0.34688,-0.00426,-0.00122,0.00059,0.63102,-0.00067,0.14065,0.00084,0.70707,-0.00008,0.70714,1,4,1,1
1765409432.979063,-0.04273,0.07235,-0.36204,-0.00473,-0.00082,0.00045,0.63102,-0.00067,0.14065,0.00084,0.70707,-0.00008,0.70714,1,4,1,1
1765409432.981058,-0.03568,0.07298,-0.30872,-0.00341,-0.00141,0.00089,0.63102,-0.00067,0.14065,0.00085,0.70707,-0.00008,0.70714,1,4,1,1
1765409432.983095,-0.01829,0.09172,-0.36980,-0.00450,-0.00136,0.00149,0.63102,-0.00067,0.14065,0.00085,0.70707,-0.00008,0.70714,1,4,1,1
1765409432.985088,-0.06200,0.08008,-0.32368,-0.00683,-0.00159,0.00131,0.63102,-0.00067,0.14065,0.00085,0.70707,-0.00008,0.70714,1,4,1,1
1765409432.987085,-0.02570,0.07801,-0.36212,-0.00445,-0.00217,0.00030,0.63102,-0.00067,0.14065,0.00085,0.70707,-0.00008,0.70714,1,4,1,1
1765409432.989102,-0.01860,0.08666,-0.30909,-0.00412,-0.00086,0.00127,0.63102,-0.00067,0.14065,0.00085,0.70707,-0.00008,0.70714,1,4,1,1
1765409432.991092,0.00286,0.08856,-0.34697,-0.00475,-0.00123,0.00176,0.63102,-0.00067,0.14065,0.00085,0.70707,-0.00008,0.70714,1,4,1,1
1765409432.993091,-0.04738,0.07040,-0.35421,-0.00432,-0.00126,0.00073,0.63102,-0.00067,0.14065,0.00085,0.70707,-0.00008,0.70714,1,4,1,1
1765409432.995090,-0.05128,0.07362,-0.36202,-0.00406,-0.00186,0.00006,0.63102,-0.00067,0.14065,0.00085,0.70707,-0.00008,0.70714,1,4,1,1
1765409432.997110,-0.03016,0.08461,-0.33966,-0.00458,-0.00098,0.00032,0.63102,-0.00067,0.14065,0.00085,0.70707,-0.00008,0.70714,1,4,1,1
1765409432.999091,-0.02061,0.09387,-0.32432,-0.00622,-0.00134,0.00126,0.63102,-0.00067,0.14065,0.00085,0.70707,-0.00008,0.70714,1,4,1,1
1765409433.001088,-0.02574,0.13097,-0.32513,-0.00577,-0.00131,0.00166,0.63102,-0.00067,0.14065,0.00085,0.70707,-0.00008,0.70714,1,4,1,1
1765409433.003153,-0.04657,0.10453,-0.38516,-0.00565,-0.00154,0.00137,0.63102,-0.00067,0.14065,0.00085,0.70707,-0.00008,0.70714,1,4,1,1
1765409433.005083,-0.07921,0.08536,-0.34696,-0.00611,-0.00102,0.00037,0.63102,-0.00067,0.14065,0.00085,0.70707,-0.00008,0.70714,1,4,1,1
1765409433.007110,-0.02205,0.08305,-0.30144,-0.00744,-0.00324,-0.00018,0.63102,-0.00067,0.14065,0.00085,0.70707,-0.00008,0.70714,1,4,1,1
1765409433.009129,-0.02892,0.11781,-0.33999,-0.00702,-0.00062,0.00179,0.63102,-0.00067,0.14065,0.00085,0.70707,-0.00008,0.70714,1,4,1,1
1765409433.011118,-0.02507,0.13635,-0.31742,-0.00636,-0.00220,0.00194,0.63102,-0.00067,0.14065,0.00085,0.70707,-0.00008,0.70714,1,4,1,1
1765409433.013112,-0.04416,0.11506,-0.32449,-0.00749,-0.00298,0.00116,0.63102,-0.00067,0.14065,0.00085,0.70707,-0.00008,0.70714,1,4,1,1
1765409433.015117,-0.03180,0.10649,-0.32507,-0.00694,-0.00124,-0.00007,0.63102,-0.00067,0.14065,0.00085,0.70707,-0.00008,0.70714,1,4,1,1
1765409433.017106,-0.04569,0.11864,-0.27944,-0.00657,-0.00069,0.00105,0.63102,-0.00067,0.14065,0.00085,0.70707,-0.00008,0.70714,1,4,1,1
1765409433.019113,-0.04598,0.10981,-0.35487,-0.00603,-0.00206,0.00126,0.63102,-0.00067,0.14065,0.00084,0.70707,-0.00008,0.70714,1,4,1,1
1765409433.021108,-0.04377,0.11412,-0.37777,-0.00816,-0.00209,0.00111,0.63102,-0.00067,0.14065,0.00084,0.70707,-0.00008,0.70714,1,4,1,1
1765409433.023135,-0.07013,0.10478,-0.37031,-0.00675,-0.00115,0.00020,0.63102,-0.00067,0.14065,0.00085,0.70707,-0.00008,0.70714,1,4,1,1
1765409433.025101,-0.03307,0.13591,-0.32540,-0.00658,-0.00123,0.00113,0.63102,-0.00067,0.14065,0.00085,0.70707,-0.00008,0.70714,1,4,1,1
1765409433.027122,-0.02499,0.12039,-0.30962,-0.00677,-0.00079,0.00194,0.63102,-0.00067,0.14065,0.00084,0.70707,-0.00008,0.70714,1,4,1,1
1765409433.029114,-0.03768,0.11352,-0.33990,-0.00642,-0.00089,0.00153,0.63102,-0.00067,0.14065,0.00084,0.70707,-0.00008,0.70714,1,4,1,1
1765409433.031115,-0.03158,0.08217,-0.35463,-0.00702,-0.00185,0.00018,0.63101,-0.00067,0.14065,0.00085,0.70707,-0.00008,0.70715,1,4,1,1
1765409433.033104,-0.02033,0.11328,-0.33269,-0.00642,-0.00086,0.00071,0.63101,-0.00067,0.14065,0.00085,0.70707,-0.00008,0.70715,1,4,1,1
1765409433.035153,-0.02983,0.11364,-0.32456,-0.00598,-0.00124,0.00194,0.63101,-0.00067,0.14065,0.00085,0.70707,-0.00008,0.70715,1,4,1,1
1765409433.037128,-0.03874,0.09398,-0.35439,-0.00556,-0.00098,0.00206,0.63101,-0.00067,0.14065,0.00085,0.70707,-0.00008,0.70715,1,4,1,1
1765409433.039163,-0.03413,0.06777,-0.34697,-0.00435,-0.00118,-0.00022,0.63101,-0.00067,0.14065,0.00085,0.70707,-0.00008,0.70715,1,4,1,1
1765409433.041150,-0.06940,0.06151,-0.27801,-0.00662,-0.00228,-0.00012,0.63101,-0.00067,0.14065,0.00085,0.70707,-0.00008,0.70715,1,4,1,1
1765409433.043121,-0.02588,0.07320,-0.35433,-0.00429,-0.00229,0.00044,0.63101,-0.00067,0.14065,0.00085,0.70707,-0.00008,0.70715,1,4,1,1
1765409433.045142,-0.03819,0.05589,-0.23188,-0.00515,-0.00224,0.00164,0.63101,-0.00067,0.14065,0.00085,0.70707,-0.00008,0.70715,1,4,1,1
1765409433.047134,0.00708,0.08700,-0.30886,-0.00433,-0.00230,0.00165,0.63101,-0.00067,0.14065,0.00085,0.70707,-0.00008,0.70715,1,4,1,1
1765409433.049120,-0.01914,0.06310,-0.34654,-0.00288,-0.00172,0.00071,0.63101,-0.00067,0.14065,0.00085,0.70707,-0.00008,0.70715,1,4,1,1
1765409433.051121,-0.06159,0.03257,-0.23183,-0.00544,-0.00274,-0.00048,0.63101,-0.00067,0.14065,0.00085,0.70707,-0.00008,0.70714,1,4,1,1
1765409433.053142,-0.05701,0.05643,-0.33100,-0.00296,-0.00152,0.00076,0.63101,-0.00067,0.14065,0.00085,0.70707,-0.00008,0.70714,1,4,1,1
1765409433.055128,-0.01278,0.08088,-0.33926,-0.00244,0.00036,0.00218,0.63101,-0.00067,0.14065,0.00084,0.70707,-0.00008,0.70715,1,4,1,1
1765409433.057153,-0.02274,0.07485,-0.31622,-0.00404,-0.00143,0.00141,0.63101,-0.00067,0.14065,0.00084,0.70707,-0.00008,0.70715,1,4,1,1
1765409433.059166,-0.03698,0.05614,-0.33878,-0.00537,-0.00240,-0.00006,0.63101,-0.00067,0.14065,0.00085,0.70707,-0.00008,0.70714,1,4,1,1
1765409433.061151,-0.07551,0.09360,-0.33947,-0.00535,-0.00196,0.00037,0.63101,-0.00067,0.14065,0.00085,0.70707,-0.00008,0.70714,1,4,1,1
1765409433.063153,-0.04157,0.12669,-0.31751,-0.00626,-0.00163,0.00101,0.63100,-0.00067,0.14065,0.00084,0.70707,-0.00008,0.70714,1,4,1,1
1765409433.065130,-0.03809,0.14287,-0.34072,-0.00628,-0.00053,0.00152,0.63100,-0.00067,0.14065,0.00084,0.70707,-0.00008,0.70714,1,4,1,1
1765409433.067147,-0.04026,0.12253,-0.36267,-0.00718,-0.00316,0.00112,0.63100,-0.00067,0.14065,0.00084,0.70707,-0.00008,0.70714,1,4,1,1
1765409433.069164,-0.04158,0.13280,-0.29497,-0.01034,-0.00126,0.00063,0.63097,-0.00066,0.14063,0.00084,0.70710,-0.00008,0.70712,1,4,1,1
1765409433.071144,-0.00698,0.13741,-0.32574,-0.01072,-0.00194,0.00004,0.63097,-0.00066,0.14063,0.00084,0.70710,-0.00008,0.70712,1,4,1,1
1765409433.073538,-0.04979,0.16261,-0.33345,-0.01085,-0.00168,0.00101,0.63097,-0.00066,0.14063,0.00084,0.70710,-0.00008,0.70712,1,4,1,1
1765409433.075231,-0.04035,0.17720,-0.31824,-0.01220,-0.00243,0.00182,0.63097,-0.00066,0.14063,0.00084,0.70710,-0.00008,0.70712,1,4,1,1
1765409433.077173,-0.04492,0.16015,-0.34100,-0.01132,-0.00200,0.00086,0.63097,-0.00066,0.14063,0.00084,0.70710,-0.00008,0.70712,1,4,1,1
1765409433.079159,-0.03209,0.14266,-0.32547,-0.01131,-0.00201,0.00073,0.63097,-0.00066,0.14063,0.00084,0.70710,-0.00008,0.70712,1,4,1,1
1765409433.081149,-0.05256,0.16494,-0.29575,-0.01192,-0.00154,0.00037,0.63097,-0.00066,0.14063,0.00084,0.70710,-0.00008,0.70712,1,4,1,1
1765409433.083143,-0.04801,0.17196,-0.31822,-0.01292,-0.00196,0.00156,0.63097,-0.00066,0.14063,0.00084,0.70710,-0.00008,0.70712,1,4,1,1
1765409433.085209,-0.03617,0.16869,-0.29564,-0.01230,-0.00096,0.00142,0.63097,-0.00066,0.14063,0.00084,0.70710,-0.00008,0.70712,1,4,1,1
1765409433.087162,-0.02792,0.16433,-0.27261,-0.01192,-0.00182,0.00157,0.63096,-0.00066,0.14063,0.00085,0.70710,-0.00008,0.70711,1,4,1,1
1765409433.089175,-0.02330,0.15635,-0.34119,-0.01202,-0.00111,0.00071,0.63096,-0.00066,0.14063,0.00085,0.70710,-0.00008,0.70711,1,4,1,1
1765409433.091190,-0.02777,0.14933,-0.32577,-0.01167,-0.00131,0.00073,0.63095,-0.00066,0.14062,0.00085,0.70711,-0.00008,0.70710,1,4,1,1
1765409433.093255,-0.01912,0.14895,-0.34842,-0.01211,-0.00141,0.00110,0.63095,-0.00066,0.14062,0.00085,0.70711,-0.00008,0.70710,1,4,1,1
1765409433.095278,-0.02892,0.15922,-0.40162,-0.01111,-0.00154,0.00161,0.63094,-0.00066,0.14061,0.00084,0.70712,-0.00008,0.70709,1,4,1,1
1765409433.097197,-0.02687,0.14964,-0.40141,-0.01254,-0.00232,0.00107,0.63094,-0.00066,0.14061,0.00084,0.70712,-0.00008,0.70709,1,4,1,1
1765409433.099246,-0.03372,0.15030,-0.37876,-0.01340,-0.00302,0.00029,0.63089,-0.00066,0.14057,0.00085,0.70717,-0.00008,0.70705,1,4,1,1
1765409433.101199,-0.02306,0.14764,-0.37859,-0.01190,-0.00275,0.00095,0.63087,-0.00066,0.14057,0.00085,0.70718,-0.00008,0.70704,1,4,1,1
1765409433.103171,-0.01155,0.18377,-0.34921,-0.01146,-0.00190,0.00135,0.63087,-0.00066,0.14057,0.00085,0.70718,-0.00008,0.70704,1,4,1,1
1765409433.105198,-0.03419,0.16012,-0.30269,-0.01350,-0.00314,0.00129,0.63087,-0.00066,0.14057,0.00085,0.70718,-0.00008,0.70704,1,4,1,1
1765409433.107179,-0.03718,0.13964,-0.30283,-0.01069,-0.00081,0.00062,0.63087,-0.00066,0.14057,0.00085,0.70718,-0.00008,0.70704,1,4,1,1
1765409433.109200,-0.04118,0.12819,-0.32508,-0.01061,-0.00189,0.00075,0.63087,-0.00066,0.14057,0.00085,0.70718,-0.00008,0.70704,1,4,1,1
1765409433.111174,-0.01589,0.14294,-0.32514,-0.01087,-0.00296,0.00153,0.63087,-0.00066,0.14057,0.00085,0.70718,-0.00008,0.70704,1,4,1,1
1765409433.113200,-0.02863,0.15026,-0.36366,-0.01056,-0.00219,0.00070,0.63087,-0.00066,0.14057,0.00085,0.70718,-0.00008,0.70704,1,4,1,1
1765409433.115191,-0.01508,0.16180,-0.37911,-0.01173,-0.00210,0.00094,0.63087,-0.00066,0.14057,0.00085,0.70718,-0.00008,0.70704,1,4,1,1
1765409433.117202,-0.02365,0.15606,-0.38683,-0.01180,-0.00073,0.00067,0.63087,-0.00066,0.14057,0.00085,0.70718,-0.00008,0.70704,1,4,1,1
1765409433.119256,-0.02969,0.14936,-0.34851,-0.01013,-0.00090,0.00111,0.63087,-0.00066,0.14057,0.00085,0.70718,-0.00008,0.70704,1,4,1,1
1765409433.121258,-0.00769,0.16137,-0.32593,-0.01108,-0.00155,0.00137,0.63087,-0.00066,0.14057,0.00085,0.70718,-0.00008,0.70704,1,4,1,1
1765409433.123257,-0.02367,0.15168,-0.34859,-0.01164,-0.00136,0.00084,0.63086,-0.00066,0.14056,0.00085,0.70719,-0.00008,0.70703,1,4,1,1
1765409433.125287,-0.05485,0.11928,-0.29393,-0.01334,-0.00375,0.00107,0.63086,-0.00066,0.14056,0.00085,0.70719,-0.00008,0.70703,1,4,1,1
1765409433.127270,-0.02388,0.14743,-0.32553,-0.01125,-0.00211,0.00099,0.63085,-0.00066,0.14056,0.00085,0.70719,-0.00008,0.70702,1,4,1,1
1765409433.129285,-0.02385,0.15686,-0.31837,-0.01135,-0.00149,0.00072,0.63085,-0.00066,0.14056,0.00085,0.70719,-0.00008,0.70702,1,4,1,1
1765409433.131195,-0.02081,0.15959,-0.32584,-0.01045,-0.00177,0.00125,0.63084,-0.00066,0.14055,0.00085,0.70720,-0.00008,0.70701,1,4,1,1
1765409433.133191,-0.03982,0.15695,-0.34087,-0.01245,-0.00167,0.00113,0.63084,-0.00066,0.14055,0.00085,0.70720,-0.00008,0.70701,1,4,1,1
1765409433.135215,-0.04495,0.14443,-0.37096,-0.01173,-0.00109,0.00125,0.63081,-0.00066,0.14054,0.00085,0.70722,-0.00008,0.70700,1,4,1,1
1765409433.137225,-0.03716,0.12526,-0.37797,-0.01086,-0.00180,0.00137,0.63077,-0.00066,0.14051,0.00085,0.70725,-0.00008,0.70697,1,4,1,1
1765409433.139202,-0.03160,0.13764,-0.40120,-0.01181,-0.00226,0.00081,0.63077,-0.00066,0.14051,0.00085,0.70725,-0.00008,0.70697,1,4,1,1
1765409433.141209,-0.03243,0.17220,-0.33385,-0.01117,-0.00191,0.00072,0.63077,-0.00066,0.14051,0.00085,0.70725,-0.00008,0.70697,1,4,1,1
1765409433.143265,-0.03084,0.16688,-0.32601,-0.01276,-0.00205,0.00086,0.63077,-0.00066,0.14051,0.00085,0.70725,-0.00008,0.70697,1,4,1,1
1765409433.145213,-0.06866,0.13621,-0.27183,-0.01248,-0.00246,0.00082,0.63077,-0.00066,0.14051,0.00085,0.70725,-0.00008,0.70697,1,4,1,1
1765409433.147220,-0.04180,0.14700,-0.32565,-0.01060,-0.00075,0.00101,0.63077,-0.00066,0.14051,0.00085,0.70725,-0.00008,0.70697,1,4,1,1
1765409433.149221,-0.03301,0.13221,-0.33285,-0.01078,-0.00110,0.00100,0.63077,-0.00066,0.14051,0.00085,0.70725,-0.00008,0.70697,1,4,1,1
1765409433.151208,-0.02774,0.15502,-0.34102,-0.01138,-0.00220,0.00058,0.63077,-0.00066,0.14051,0.00085,0.70725,-0.00008,0.70697,1,4,1,1
1765409433.153212,-0.04244,0.14548,-0.37116,-0.01303,-0.00266,0.00004,0.63077,-0.00066,0.14051,0.00085,0.70725,-0.00008,0.70697,1,4,1,1
1765409433.155214,-0.04288,0.16540,-0.37913,-0.01278,-0.00292,0.00030,0.63076,-0.00066,0.14051,0.00085,0.70726,-0.00008,0.70696,1,4,1,1
1765409433.157215,-0.01035,0.16388,-0.38673,-0.01236,-0.00203,0.00106,0.63076,-0.00066,0.14051,0.00085,0.70726,-0.00008,0.70696,1,4,1,1
1765409433.159230,-0.02332,0.18608,-0.37230,-0.01209,-0.00139,0.00067,0.63075,-0.00066,0.14050,0.00085,0.70727,-0.00008,0.70695,1,4,1,1
1765409433.161207,-0.01912,0.14895,-0.34842,-0.01211,-0.00141,0.00110,0.63075,-0.00066,0.14050,0.00085,0.70727,-0.00008,0.70695,1,4,1,1
1765409433.163244,-0.02670,0.15511,-0.32556,-0.01247,-0.00284,0.00100,0.63074,-0.00066,0.14050,0.00085,0.70727,-0.00008,0.70694,1,4,1,1
1765409433.165227,-0.01616,0.15656,-0.33349,-0.01092,-0.00132,0.00111,0.63074,-0.00066,0.14050,0.00085,0.70727,-0.00008,0.70694,1,4,1,1
1765409433.167259,-0.01253,0.16824,-0.33383,-0.01078,-0.00061,0.00137,0.63072,-0.00066,0.14049,0.00085,0.70728,-0.00008,0.70693,1,4,1,1
1765409433.169327,-0.01822,0.15374,-0.30300,-0.01292,-0.00143,0.00100,0.63071,-0.00066,0.14048,0.00085,0.70729,-0.00008,0.70692,1,4,1,1
1765409433.171236,-0.03159,0.14268,-0.35581,-0.01175,-0.00227,0.00071,0.63071,-0.00066,0.14048,0.00085,0.70729,-0.00008,0.70692,1,4,1,1
1765409433.173227,-0.02836,0.13536,-0.35551,-0.01096,-0.00230,0.00111,0.63070,-0.00066,0.14048,0.00085,0.70729,-0.00008,0.70692,1,4,1,1
1765409433.175233,-0.03780,0.17388,-0.39463,-0.01071,-0.00081,0.00121,0.63070,-0.00066,0.14048,0.00085,0.70729,-0.00008,0.70692,1,4,1,1
1765409433.177256,-0.02856,0.17887,-0.37197,-0.01131,-0.00131,0.00108,0.63065,-0.00066,0.14046,0.00085,0.70732,-0.00008,0.70690,1,4,1,1
1765409433.179242,-0.03761,0.15266,-0.34819,-0.01403,-0.00309,0.00086,0.63065,-0.00066,0.14046,0.00085,0.70732,-0.00008,0.70690,1,4,1,1
1765409433.181234,-0.05114,0.14565,-0.31039,-0.01281,-0.00243,0.00009,0.63065,-0.00066,0.14046,0.00085,0.70732,-0.00008,0.70690,1,4,1,1
1765409433.183246,-0.01994,0.18424,-0.32670,-0.01102,-0.00182,0.00057,0.63065,-0.00066,0.14046,0.00085,0.70732,-0.00008,0.70690,1,4,1,1
1765409433.185237,-0.03332,0.16744,-0.35649,-0.01035,-0.00189,0.00084,0.63065,-0.00066,0.14046,0.00085,0.70732,-0.00008,0.70690,1,4,1,1
1765409433.187270,-0.02663,0.15031,-0.33294,-0.01253,-0.00309,0.00113,0.63065,-0.00066,0.14046,0.00085,0.70732,-0.00008,0.70690,1,4,1,1
1765409433.189247,-0.07323,0.14867,-0.34796,-0.01233,-0.00266,0.00103,0.63065,-0.00066,0.14046,0.00085,0.70732,-0.00008,0.70690,1,4,1,1
1765409433.191257,-0.03943,0.14880,-0.34056,-0.01189,-0.00358,0.00060,0.63064,-0.00066,0.14045,0.00085,0.70733,-0.00008,0.70689,1,4,1,1
1765409433.193254,-0.04002,0.17192,-0.39439,-0.01227,-0.00193,0.00108,0.63064,-0.00066,0.14045,0.00085,0.70733,-0.00008,0.70689,1,4,1,1
1765409433.195245,-0.02295,0.15227,-0.37882,-0.01207,-0.00238,0.00082,0.63063,-0.00066,0.14045,0.00085,0.70733,-0.00008,0.70688,1,4,1,1
1765409433.197262,-0.02028,0.14913,-0.37886,-0.01101,-0.00126,0.00108,0.63063,-0.00066,0.14045,0.00085,0.70733,-0.00008,0.70688,1,4,1,1
1765409433.199252,-0.01582,0.16180,-0.31082,-0.01107,-0.00171,0.00099,0.63061,-0.00066,0.14044,0.00085,0.70734,-0.00008,0.70687,1,4,1,1
1765409433.201247,-0.01981,0.14409,-0.33309,-0.01151,-0.00127,0.00125,0.63061,-0.00066,0.14044,0.00085,0.70734,-0.00008,0.70687,1,4,1,1
1765409433.203266,-0.00686,0.13330,-0.31765,-0.01076,-0.00320,0.00059,0.63060,-0.00066,0.14044,0.00085,0.70735,-0.00008,0.70687,1,4,1,1
1765409433.205322,-0.05005,0.14277,-0.33311,-0.01044,-0.00129,0.00074,0.63053,-0.00066,0.14042,0.00085,0.70737,-0.00008,0.70684,1,4,1,1
1765409433.207276,-0.00811,0.16719,-0.34120,-0.01035,-0.00244,0.00123,0.63053,-0.00066,0.14042,0.00085,0.70737,-0.00008,0.70684,1,4,1,1
1765409433.209267,-0.00716,0.13248,-0.35577,-0.01078,-0.00218,0.00055,0.63053,-0.00066,0.14042,0.00085,0.70737,-0.00008,0.70684,1,4,1,1
1765409433.211273,-0.03406,0.15311,-0.37110,-0.00965,-0.00237,0.00123,0.63053,-0.00066,0.14042,0.00085,0.70737,-0.00008,0.70684,1,4,1,1
1765409433.213280,-0.01647,0.15204,-0.37123,-0.01054,-0.00182,0.00122,0.63053,-0.00066,0.14042,0.00085,0.70737,-0.00008,0.70684,1,4,1,1
1765409433.215279,-0.02996,0.13937,-0.38633,-0.00982,-0.00063,0.00095,0.63053,-0.00066,0.14042,0.00085,0.70737,-0.00008,0.70684,1,4,1,1
1765409433.217275,-0.03379,0.13208,-0.35572,-0.01013,-0.00071,0.00098,0.63053,-0.00066,0.14042,0.00085,0.70737,-0.00008,0.70684,1,4,1,1
1765409433.219270,-0.04818,0.11389,-0.29377,-0.01209,-0.00305,0.00160,0.63053,-0.00066,0.14042,0.00085,0.70737,-0.00008,0.70684,1,4,1,1
1765409433.221267,-0.00196,0.12344,-0.31737,-0.00782,-0.00248,0.00125,0.63053,-0.00066,0.14042,0.00085,0.70737,-0.00008,0.70684,1,4,1,1
1765409433.223270,-0.00559,0.13531,-0.33313,-0.00834,-0.00182,0.00070,0.63053,-0.00066,0.14042,0.00085,0.70737,-0.00008,0.70684,1,4,1,1
1765409433.225308,-0.02805,0.13748,-0.34067,-0.00766,-0.00065,0.00125,0.63053,-0.00066,0.14042,0.00085,0.70737,-0.00008,0.70684,1,4,1,1
1765409433.227279,-0.04654,0.10895,-0.40061,-0.00582,-0.00091,0.00122,0.63053,-0.00066,0.14042,0.00085,0.70737,-0.00008,0.70684,1,4,1,1
1765409433.229278,-0.03619,0.10730,-0.30942,-0.00824,0.00011,0.00169,0.63051,-0.00066,0.14042,0.00085,0.70737,-0.00008,0.70684,1,4,1,1
1765409433.231271,-0.00984,0.07430,-0.32393,-0.00777,-0.00223,0.00059,0.63051,-0.00066,0.14042,0.00085,0.70737,-0.00008,0.70684,1,4,1,1
1765409433.233280,-0.03027,0.12809,-0.38596,-0.00559,-0.00061,0.00148,0.63050,-0.00066,0.14042,0.00085,0.70737,-0.00008,0.70684,1,4,1,1
1765409433.235308,-0.02650,0.06713,-0.38457,-0.00436,-0.00100,0.00096,0.63048,-0.00066,0.14042,0.00085,0.70737,-0.00008,0.70684,1,4,1,1
1765409433.237311,-0.04831,0.04139,-0.37622,-0.00314,-0.00161,0.00072,0.63048,-0.00066,0.14042,0.00085,0.70737,-0.00008,0.70684,1,4,1,1
1765409433.239297,-0.03999,0.01880,-0.31478,-0.00189,-0.00386,0.00024,0.63047,-0.00066,0.14043,0.00085,0.70737,-0.00008,0.70684,1,4,1,1
1765409433.241323,-0.02206,0.05143,-0.35332,0.00070,-0.00459,0.00112,0.63039,-0.00066,0.14045,0.00085,0.70733,-0.00008,0.70688,1,4,1,1
1765409433.243312,-0.04760,0.03160,-0.35294,0.00089,-0.00351,0.00088,0.63039,-0.00066,0.14045,0.00085,0.70733,-0.00008,0.70688,1,4,1,1
1765409433.245312,-0.03614,0.01870,-0.36813,0.00205,-0.00263,0.00059,0.63039,-0.00066,0.14045,0.00085,0.70733,-0.00008,0.70688,1,4,1,1
1765409433.247322,-0.04728,0.03596,-0.34523,0.00007,-0.00325,0.00156,0.63039,-0.00066,0.14045,0.00085,0.70733,-0.00008,0.70688,1,4,1,1
1765409433.249358,-0.00628,0.04522,-0.34602,0.00150,-0.00301,0.00084,0.63039,-0.00066,0.14045,0.00085,0.70733,-0.00008,0.70688,1,4,1,1
1765409433.251315,-0.04587,0.02927,-0.39108,0.00327,-0.00289,0.00071,0.63039,-0.00066,0.14045,0.00085,0.70733,-0.00008,0.70688,1,4,1,1
1765409433.253311,-0.04309,0.02329,-0.35306,0.00057,-0.00242,0.00047,0.63039,-0.00066,0.14045,0.00085,0.70733,-0.00008,0.70688,1,4,1,1
1765409433.255290,-0.04634,0.01869,-0.39845,0.00336,-0.00199,0.00097,0.63039,-0.00066,0.14045,0.00085,0.70733,-0.00008,0.70688,1,4,1,1
1765409433.257322,-0.03208,0.02961,-0.30781,0.00152,-0.00103,0.00089,0.63039,-0.00066,0.14045,0.00085,0.70733,-0.00008,0.70688,1,4,1,1
1765409433.259307,-0.03553,0.03755,-0.32303,0.00096,-0.00189,0.00088,0.63039,-0.00066,0.14045,0.00085,0.70733,-0.00008,0.70688,1,4,1,1
1765409433.261361,-0.03688,0.02978,-0.24692,-0.00153,-0.00200,0.00055,0.63039,-0.00066,0.14045,0.00085,0.70733,-0.00008,0.70688,1,4,1,1
1765409433.263311,-0.03332,0.04444,-0.36902,0.00258,-0.00077,0.00084,0.63038,-0.00066,0.14046,0.00085,0.70732,-0.00008,0.70689,1,4,1,1
1765409433.265352,-0.04270,0.05642,-0.32362,-0.00056,-0.00106,0.00075,0.63038,-0.00066,0.14046,0.00085,0.70732,-0.00008,0.70689,1,4,1,1
1765409433.267306,-0.04298,0.02783,-0.36830,0.00019,-0.00217,0.00073,0.63036,-0.00066,0.14046,0.00085,0.70732,-0.00008,0.70689,1,4,1,1
1765409433.269314,-0.05390,0.03649,-0.39834,-0.00124,-0.00419,0.00112,0.63036,-0.00066,0.14046,0.00085,0.70732,-0.00008,0.70689,1,4,1,1
1765409433.271330,-0.03442,0.04350,-0.38373,0.00038,-0.00355,0.00070,0.63036,-0.00066,0.14046,0.00085,0.70732,-0.00008,0.70689,1,4,1,1
1765409433.273317,-0.05534,0.02249,-0.37553,0.00078,-0.00418,0.00034,0.63035,-0.00066,0.14047,0.00085,0.70731,-0.00008,0.70690,1,4,1,1
1765409433.275340,-0.01694,0.06179,-0.33838,-0.00114,-0.00300,0.00179,0.63035,-0.00066,0.14047,0.00085,0.70731,-0.00008,0.70690,1,4,1,1
1765409433.277334,-0.00992,0.01661,-0.33026,0.00049,-0.00129,0.00099,0.63033,-0.00066,0.14048,0.00085,0.70730,-0.00008,0.70691,1,4,1,1
1765409433.279343,-0.02787,0.03654,-0.32308,0.00117,-0.00083,0.00128,0.63033,-0.00066,0.14048,0.00085,0.70730,-0.00008,0.70691,1,4,1,1
1765409433.281359,-0.04708,0.03038,-0.36068,0.00000,-0.00225,0.00087,0.63033,-0.00066,0.14048,0.00085,0.70730,-0.00008,0.70691,1,4,1,1
1765409433.283340,-0.06042,0.01934,-0.36014,0.00096,-0.00322,0.00102,0.63027,-0.00066,0.14048,0.00085,0.70729,-0.00008,0.70692,1,4,1,1
1765409433.285357,-0.01661,0.03852,-0.32998,-0.00077,-0.00464,0.00168,0.63027,-0.00066,0.14048,0.00085,0.70729,-0.00008,0.70692,1,4,1,1
1765409433.287340,-0.05185,0.03871,-0.37595,0.00076,-0.00308,0.00086,0.63025,-0.00066,0.14049,0.00085,0.70728,-0.00008,0.70693,1,4,1,1
1765409433.289362,-0.03933,0.04027,-0.39149,0.00078,-0.00222,0.00056,0.63025,-0.00066,0.14049,0.00085,0.70728,-0.00008,0.70693,1,4,1,1
1765409433.291329,-0.02258,0.05365,-0.40694,0.00007,-0.00141,0.00134,0.63025,-0.00066,0.14049,0.00085,0.70728,-0.00008,0.70693,1,4,1,1
1765409433.293363,-0.07269,0.02643,-0.38312,0.00039,-0.00269,0.00102,0.63025,-0.00066,0.14049,0.00085,0.70728,-0.00008,0.70693,1,4,1,1
1765409433.295335,-0.04346,0.02852,-0.35304,0.00085,-0.00280,0.00074,0.63025,-0.00066,0.14049,0.00085,0.70728,-0.00008,0.70693,1,4,1,1
1765409433.297361,-0.02625,0.02839,-0.29990,0.00064,-0.00314,0.00077,0.63025,-0.00066,0.14049,0.00085,0.70728,-0.00008,0.70693,1,4,1,1
1765409433.299357,-0.03132,0.00861,-0.27648,-0.00223,-0.00383,0.00053,0.63025,-0.00066,0.14049,0.00085,0.70728,-0.00008,0.70693,1,4,1,1
1765409433.301343,-0.03066,0.03012,-0.33040,0.00044,-0.00219,0.00088,0.63024,-0.00066,0.14049,0.00085,0.70728,-0.00008,0.70693,1,4,1,1
1765409433.303353,-0.05674,0.05546,-0.30829,0.00118,-0.00190,0.00064,0.63024,-0.00066,0.14049,0.00085,0.70728,-0.00008,0.70693,1,4,1,1
1765409433.305351,-0.04549,0.05246,-0.39184,0.00224,-0.00139,0.00083,0.63022,-0.00066,0.14050,0.00085,0.70727,-0.00008,0.70694,1,4,1,1
1765409433.307338,-0.04282,0.03316,-0.35304,0.00004,-0.00281,0.00101,0.63021,-0.00066,0.14051,0.00085,0.70727,-0.00008,0.70695,1,4,1,1
1765409433.309389,-0.04341,0.02799,-0.34553,0.00063,-0.00216,0.00074,0.63021,-0.00066,0.14051,0.00085,0.70727,-0.00008,0.70695,1,4,1,1
1765409433.311366,-0.02047,0.04235,-0.41416,0.00234,-0.00205,0.00147,0.63021,-0.00066,0.14051,0.00085,0.70727,-0.00008,0.70695,1,4,1,1
1765409433.313891,-0.04300,0.03703,-0.34581,-0.00014,-0.00141,0.00087,0.63021,-0.00066,0.14051,0.00085,0.70727,-0.00008,0.70695,1,4,1,1
1765409433.315364,-0.01085,0.04098,-0.33113,0.00123,-0.00054,0.00071,0.63013,-0.00066,0.14053,0.00085,0.70724,-0.00008,0.70698,1,4,1,1
1765409433.317346,-0.02143,0.02315,-0.29251,-0.00096,-0.00027,0.00103,0.63013,-0.00066,0.14053,0.00085,0.70724,-0.00008,0.70698,1,4,1,1
1765409433.319377,-0.02132,0.04268,-0.28550,-0.00116,-0.00003,0.00089,0.63013,-0.00066,0.14053,0.00085,0.70724,-0.00008,0.70698,1,4,1,1
1765409433.321360,-0.04171,0.02669,-0.25447,-0.00135,-0.00105,0.00081,0.63013,-0.00066,0.14053,0.00085,0.70724,-0.00008,0.70698,1,4,1,1
1765409433.323354,-0.03856,0.04466,-0.32317,-0.00026,-0.00186,0.00089,0.63013,-0.00066,0.14053,0.00085,0.70724,-0.00008,0.70698,1,4,1,1
1765409433.325366,-0.01828,0.03252,-0.34564,0.00069,-0.00247,0.00099,0.63013,-0.00066,0.14053,0.00085,0.70724,-0.00008,0.70698,1,4,1,1
1765409433.327358,-0.06091,0.02367,-0.39084,0.00123,-0.00233,0.00086,0.63013,-0.00066,0.14053,0.00085,0.70724,-0.00008,0.70698,1,4,1,1
1765409433.329351,0.00634,0.04189,-0.35340,0.00102,-0.00264,0.00149,0.63011,-0.00066,0.14053,0.00085,0.70723,-0.00008,0.70698,1,4,1,1
1765409433.331388,-0.06193,0.06077,-0.31575,-0.00160,-0.00324,0.00051,0.63011,-0.00066,0.14053,0.00085,0.70723,-0.00008,0.70698,1,4,1,1
1765409433.333376,-0.02720,0.04771,-0.34616,0.00131,-0.00238,0.00059,0.63011,-0.00066,0.14053,0.00085,0.70723,-0.00008,0.70698,1,4,1,1
1765409433.335393,-0.03435,0.01698,-0.32270,-0.00016,-0.00113,0.00062,0.63011,-0.00066,0.14053,0.00085,0.70723,-0.00008,0.70698,1,4,1,1
1765409433.337373,-0.04193,0.03302,-0.31521,-0.00062,-0.00270,0.00063,0.63009,-0.00066,0.14053,0.00085,0.70723,-0.00008,0.70699,1,4,1,1
1765409433.339391,-0.03440,0.03229,-0.36078,-0.00019,-0.00202,0.00099,0.63009,-0.00066,0.14053,0.00085,0.70723,-0.00008,0.70699,1,4,1,1
1765409433.341396,-0.01870,0.05743,-0.30045,0.00077,-0.00286,0.00155,0.63008,-0.00066,0.14054,0.00084,0.70722,-0.00008,0.70699,1,4,1,1
1765409433.343380,-0.04726,0.03063,-0.33805,0.00044,-0.00225,0.00048,0.63008,-0.00066,0.14054,0.00084,0.70722,-0.00008,0.70699,1,4,1,1
1765409433.345381,-0.01361,0.01547,-0.34556,0.00092,-0.00252,0.00004,0.63006,-0.00066,0.14054,0.00085,0.70722,-0.00008,0.70699,1,4,1,1
1765409433.347378,-0.04626,0.03504,-0.31546,-0.00060,-0.00189,0.00037,0.63006,-0.00066,0.14054,0.00085,0.70722,-0.00008,0.70699,1,4,1,1
1765409433.349410,-0.03490,0.03227,-0.33045,0.00024,-0.00176,0.00101,0.63004,-0.00066,0.14054,0.00084,0.70721,-0.00008,0.70700,1,4,1,1
1765409433.351386,-0.05302,0.02323,-0.39077,0.00144,-0.00203,0.00126,0.62996,-0.00066,0.14057,0.00084,0.70718,-0.00008,0.70703,1,4,1,1
1765409433.353410,-0.04251,0.02842,-0.38336,-0.00002,-0.00306,0.00072,0.62996,-0.00066,0.14057,0.00084,0.70718,-0.00008,0.70703,1,4,1,1
1765409433.355437,-0.06378,0.01141,-0.35256,0.00021,-0.00254,0.00063,0.62996,-0.00066,0.14057,0.00084,0.70718,-0.00008,0.70703,1,4,1,1
1765409433.357501,-0.02109,0.04513,-0.33808,-0.00069,-0.00333,0.00127,0.62996,-0.00066,0.14057,0.00084,0.70718,-0.00008,0.70703,1,4,1,1
1765409433.359390,-0.01417,0.03571,-0.37628,0.00138,-0.00316,0.00029,0.62996,-0.00066,0.14057,0.00084,0.70718,-0.00008,0.70703,1,4,1,1
1765409433.361394,-0.02586,0.04728,-0.33835,-0.00023,-0.00251,0.00100,0.62996,-0.00066,0.14057,0.00084,0.70718,-0.00008,0.70703,1,4,1,1
1765409433.363415,-0.04241,0.04220,-0.35333,-0.00073,-0.00205,0.00114,0.62996,-0.00066,0.14057,0.00084,0.70718,-0.00008,0.70703,1,4,1,1
1765409433.365408,-0.04386,0.04783,-0.36852,0.00065,-0.00254,0.00139,0.62996,-0.00066,0.14057,0.00084,0.70718,-0.00008,0.70703,1,4,1,1
1765409433.367491,-0.04329,0.03257,-0.33798,0.00025,-0.00191,0.00102,0.62996,-0.00066,0.14057,0.00084,0.70718,-0.00008,0.70703,1,4,1,1
1765409433.369437,-0.03116,0.02581,-0.36831,0.00126,-0.00269,0.00058,0.62996,-0.00066,0.14057,0.00084,0.70718,-0.00008,0.70703,1,4,1,1
1765409433.371411,-0.04334,0.03319,-0.33048,0.00069,-0.00243,0.00062,0.62996,-0.00066,0.14057,0.00084,0.70718,-0.00008,0.70703,1,4,1,1
1765409433.373390,-0.03067,0.06477,-0.35392,0.00020,-0.00259,0.00112,0.62994,-0.00066,0.14057,0.00084,0.70718,-0.00008,0.70703,1,4,1,1
1765409433.375406,-0.03942,0.04924,-0.35367,0.00023,-0.00133,0.00113,0.62994,-0.00066,0.14057,0.00084,0.70718,-0.00008,0.70703,1,4,1,1
1765409433.377394,-0.05516,0.04031,-0.29284,-0.00010,-0.00179,0.00025,0.62993,-0.00066,0.14057,0.00084,0.70717,-0.00008,0.70704,1,4,1,1
1765409433.379402,-0.04105,0.02539,-0.36847,0.00234,-0.00143,0.00058,0.62993,-0.00066,0.14057,0.00084,0.70717,-0.00008,0.70704,1,4,1,1
1765409433.381390,-0.01861,0.01821,-0.38354,0.00160,-0.00259,0.00015,0.62991,-0.00066,0.14058,0.00084,0.70717,-0.00008,0.70704,1,4,1,1
1765409433.383399,-0.02646,0.05188,-0.38402,0.00005,-0.00212,0.00123,0.62991,-0.00066,0.14058,0.00084,0.70717,-0.00008,0.70704,1,4,1,1
1765409433.385407,-0.01848,0.04752,-0.37637,0.00087,-0.00273,0.00096,0.62989,-0.00066,0.14058,0.00084,0.70717,-0.00008,0.70704,1,4,1,1
1765409433.387443,-0.05153,0.03910,-0.34585,0.00098,-0.00323,0.00008,0.62987,-0.00066,0.14058,0.00084,0.70716,-0.00008,0.70705,1,4,1,1
1765409433.389449,-0.01780,0.03186,-0.33811,0.00002,-0.00184,0.00099,0.62978,-0.00066,0.14059,0.00084,0.70715,-0.00008,0.70707,1,4,1,1
1765409433.391428,-0.00217,0.02144,-0.37591,0.00099,-0.00138,0.00121,0.62978,-0.00066,0.14059,0.00084,0.70715,-0.00008,0.70707,1,4,1,1
1765409433.393423,-0.03636,0.01315,-0.36805,0.00198,-0.00186,0.00072,0.62978,-0.00066,0.14059,0.00084,0.70715,-0.00008,0.70707,1,4,1,1
1765409433.395435,-0.04387,-0.00652,-0.35258,0.00152,-0.00163,0.00007,0.62978,-0.00066,0.14059,0.00084,0.70715,-0.00008,0.70707,1,4,1,1
1765409433.397512,-0.02240,0.04059,-0.29237,0.00057,-0.00331,0.00144,0.62978,-0.00066,0.14059,0.00084,0.70715,-0.00008,0.70707,1,4,1,1
1765409433.399440,-0.01911,0.03292,-0.37601,0.00156,-0.00271,0.00096,0.62978,-0.00066,0.14059,0.00084,0.70715,-0.00008,0.70707,1,4,1,1
1765409433.401436,-0.03256,0.04581,-0.36875,0.00238,-0.00269,0.00084,0.62978,-0.00066,0.14059,0.00084,0.70715,-0.00008,0.70707,1,4,1,1
1765409433.403460,-0.04370,0.04283,-0.39926,0.00103,-0.00205,0.00029,0.62978,-0.00066,0.14059,0.00084,0.70715,-0.00008,0.70707,1,4,1,1
1765409433.405430,-0.03152,0.03966,-0.38386,0.00099,-0.00168,0.00096,0.62978,-0.00066,0.14059,0.00084,0.70715,-0.00008,0.70707,1,4,1,1
1765409433.407458,-0.04928,0.04027,-0.43697,0.00187,-0.00171,0.00094,0.62978,-0.00066,0.14059,0.00084,0.70715,-0.00008,0.70707,1,4,1,1
1765409433.409418,-0.04004,0.01555,-0.41377,0.00157,-0.00181,0.00042,0.62978,-0.00066,0.14059,0.00084,0.70715,-0.00008,0.70707,1,4,1,1
1765409433.411454,-0.02803,-0.01631,-0.39804,0.00271,-0.00182,-0.00011,0.62978,-0.00066,0.14059,0.00084,0.70715,-0.00008,0.70707,1,4,1,1
1765409433.413446,-0.00273,0.00356,-0.33768,0.00274,-0.00277,0.00018,0.62976,-0.00066,0.14059,0.00084,0.70715,-0.00008,0.70707,1,4,1,1
1765409433.415457,-0.04821,0.01005,-0.28418,0.00063,-0.00120,0.00147,0.62976,-0.00066,0.14059,0.00084,0.70715,-0.00008,0.70707,1,4,1,1
1765409433.417450,-0.01110,0.01747,-0.30762,0.00203,-0.00166,0.00060,0.62975,-0.00066,0.14059,0.00084,0.70715,-0.00008,0.70707,1,4,1,1
1765409433.419460,-0.03132,0.00136,-0.29196,0.00184,-0.00243,0.00011,0.62975,-0.00066,0.14059,0.00084,0.70715,-0.00008,0.70707,1,4,1,1
1765409433.421458,-0.02961,-0.00553,-0.32190,0.00394,-0.00268,0.00089,0.62973,-0.00066,0.14060,0.00085,0.70714,-0.00008,0.70707,1,4,1,1
1765409433.423458,-0.03943,0.03454,-0.39119,0.00508,-0.00297,0.00097,0.62973,-0.00066,0.14060,0.00085,0.70714,-0.00008,0.70707,1,4,1,1
1765409433.425515,-0.03080,0.01740,-0.36839,0.00422,-0.00040,0.00097,0.62971,-0.00066,0.14060,0.00084,0.70714,-0.00008,0.70707,1,4,1,1
1765409433.427450,-0.02360,0.02017,-0.36813,0.00163,-0.00201,0.00111,0.62962,-0.00066,0.14060,0.00085,0.70714,-0.00008,0.70708,1,4,1,1
1765409433.429449,-0.02338,0.02074,-0.36802,0.00164,-0.00277,0.00111,0.62962,-0.00066,0.14060,0.00085,0.70714,-0.00008,0.70708,1,4,1,1
1765409433.431448,-0.04682,0.02444,-0.36835,0.00430,-0.00250,0.00046,0.62962,-0.00066,0.14060,0.00085,0.70714,-0.00008,0.70708,1,4,1,1
1765409433.433517,-0.04644,-0.00069,-0.34486,0.00378,-0.00211,0.00075,0.62962,-0.00066,0.14060,0.00085,0.70714,-0.00008,0.70708,1,4,1,1
1765409433.435564,-0.03730,0.00407,-0.39078,0.00340,-0.00222,0.00017,0.62962,-0.00066,0.14060,0.00085,0.70714,-0.00008,0.70708,1,4,1,1
1765409433.437509,-0.02330,0.00977,-0.36040,0.00128,-0.00137,0.00098,0.62962,-0.00066,0.14060,0.00085,0.70714,-0.00008,0.70708,1,4,1,1
1765409433.439485,-0.03479,0.01099,-0.34525,0.00436,-0.00149,0.00100,0.62962,-0.00066,0.14060,0.00085,0.70714,-0.00008,0.70708,1,4,1,1
1765409433.441465,-0.03227,0.01245,-0.30686,0.00263,-0.00406,0.00104,0.62962,-0.00066,0.14060,0.00085,0.70714,-0.00008,0.70708,1,4,1,1
1765409433.443480,-0.05463,0.01518,-0.36059,0.00419,-0.00292,-0.00006,0.62962,-0.00066,0.14060,0.00085,0.70714,-0.00008,0.70708,1,4,1,1
1765409433.445465,-0.02882,0.02107,-0.36014,-0.00098,-0.00398,0.00113,0.62962,-0.00066,0.14060,0.00085,0.70714,-0.00008,0.70708,1,4,1,1
1765409433.447482,-0.01536,0.00099,-0.33731,0.00227,-0.00261,0.00086,0.62962,-0.00066,0.14060,0.00085,0.70714,-0.00008,0.70708,1,4,1,1
1765409433.449450,-0.02850,0.04371,-0.39890,0.00257,-0.00336,0.00109,0.62960,-0.00066,0.14060,0.00084,0.70714,-0.00008,0.70707,1,4,1,1
1765409433.451451,-0.05633,0.01692,-0.36051,0.00158,-0.00290,0.00008,0.62960,-0.00066,0.14060,0.00084,0.70714,-0.00008,0.70707,1,4,1,1
1765409433.453474,-0.02793,0.01869,-0.31518,0.00248,-0.00248,0.00021,0.62958,-0.00066,0.14060,0.00084,0.70714,-0.00008,0.70708,1,4,1,1
1765409433.455457,-0.04540,0.01797,-0.34533,0.00226,-0.00137,0.00101,0.62958,-0.00066,0.14060,0.00084,0.70714,-0.00008,0.70708,1,4,1,1
1765409433.457471,-0.03550,0.03818,-0.35313,0.00097,-0.00289,0.00127,0.62956,-0.00066,0.14060,0.00084,0.70713,-0.00008,0.70708,1,4,1,1
1765409433.459461,-0.03478,0.00417,-0.36761,0.00100,-0.00339,0.00059,0.62956,-0.00066,0.14060,0.00084,0.70713,-0.00008,0.70708,1,4,1,1
1765409433.461468,-0.02794,-0.00114,-0.33000,0.00268,-0.00221,-0.00006,0.62954,-0.00066,0.14060,0.00084,0.70713,-0.00008,0.70708,1,4,1,1
1765409433.463513,-0.05710,0.02164,-0.39080,0.00186,-0.00275,0.00072,0.62954,-0.00066,0.14060,0.00084,0.70713,-0.00008,0.70708,1,4,1,1
1765409433.465512,-0.04582,0.01877,-0.38321,0.00292,-0.00225,0.00098,0.62945,-0.00066,0.14061,0.00084,0.70712,-0.00008,0.70709,1,4,1,1
1765409433.467491,-0.03925,0.03180,-0.37570,0.00111,-0.00399,0.00085,0.62945,-0.00066,0.14061,0.00084,0.70712,-0.00008,0.70709,1,4,1,1
1765409433.469506,-0.01897,0.02345,-0.38353,0.00189,-0.00296,0.00042,0.62945,-0.00066,0.14061,0.00084,0.70712,-0.00008,0.70709,1,4,1,1
1765409433.471496,-0.03334,0.04314,-0.34573,-0.00072,-0.00344,0.00074,0.62945,-0.00066,0.14061,0.00084,0.70712,-0.00008,0.70709,1,4,1,1
1765409433.473495,-0.02633,0.05033,-0.29241,-0.00347,-0.00442,0.00118,0.62945,-0.00066,0.14061,0.00084,0.70712,-0.00008,0.70709,1,4,1,1
1765409433.475498,-0.02556,0.09136,-0.33932,-0.00100,-0.00255,0.00139,0.62945,-0.00066,0.14061,0.00084,0.70712,-0.00008,0.70709,1,4,1,1
1765409433.477489,-0.02412,0.03252,-0.31524,-0.00150,-0.00291,0.00062,0.62945,-0.00066,0.14061,0.00084,0.70712,-0.00008,0.70709,1,4,1,1
1765409433.479499,-0.06290,0.00622,-0.36012,-0.00051,-0.00242,0.00036,0.62945,-0.00066,0.14061,0.00084,0.70712,-0.00008,0.70709,1,4,1,1
1765409433.481480,-0.04998,0.02431,-0.36796,-0.00051,-0.00399,0.00047,0.62945,-0.00066,0.14061,0.00084,0.70712,-0.00008,0.70709,1,4,1,1
1765409433.483509,-0.05622,0.04126,-0.38372,0.00101,-0.00291,0.00059,0.62945,-0.00066,0.14061,0.00084,0.70712,-0.00008,0.70709,1,4,1,1
1765409433.485484,-0.06585,0.07356,-0.25473,-0.00231,-0.00421,0.00164,0.62943,-0.00066,0.14061,0.00084,0.70712,-0.00008,0.70709,1,4,1,1
1765409433.487500,-0.04611,0.07012,-0.30853,-0.00083,-0.00281,0.00063,0.62943,-0.00066,0.14061,0.00084,0.70712,-0.00008,0.70709,1,4,1,1
1765409433.489495,-0.03247,0.04780,-0.39146,-0.00153,-0.00345,0.00056,0.62941,-0.00066,0.14061,0.00084,0.70712,-0.00008,0.70709,1,4,1,1
1765409433.491523,-0.01836,0.03230,-0.36087,0.00068,-0.00221,0.00097,0.62941,-0.00066,0.14061,0.00084,0.70712,-0.00008,0.70709,1,4,1,1
1765409433.493502,-0.04628,0.05396,-0.33839,-0.00146,-0.00151,0.00142,0.62939,-0.00066,0.14061,0.00084,0.70712,-0.00008,0.70709,1,4,1,1
1765409433.495515,-0.02939,0.03880,-0.39902,-0.00121,-0.00145,0.00095,0.62939,-0.00066,0.14061,0.00084,0.70712,-0.00008,0.70709,1,4,1,1
1765409433.497520,-0.05719,0.03375,-0.37570,-0.00193,-0.00378,0.00061,0.62937,-0.00066,0.14061,0.00084,0.70712,-0.00008,0.70709,1,4,1,1
1765409433.499506,-0.04343,0.03854,-0.45211,0.00097,-0.00306,0.00039,0.62937,-0.00066,0.14061,0.00084,0.70712,-0.00008,0.70709,1,4,1,1
1765409433.501531,-0.01723,0.05313,-0.38377,-0.00016,-0.00414,0.00123,0.62937,-0.00066,0.14061,0.00084,0.70712,-0.00008,0.70709,1,4,1,1
1765409433.503536,-0.02518,0.05837,-0.37645,-0.00031,-0.00418,0.00070,0.62935,-0.00066,0.14061,0.00085,0.70712,-0.00008,0.70709,1,4,1,1
1765409433.505517,-0.03180,0.03604,-0.38386,0.00204,-0.00282,0.00029,0.62927,-0.00066,0.14061,0.00085,0.70712,-0.00008,0.70710,1,4,1,1
1765409433.507523,-0.03247,0.03221,-0.33028,-0.00194,-0.00255,0.00102,0.62927,-0.00066,0.14061,0.00085,0.70712,-0.00008,0.70710,1,4,1,1
1765409433.510311,-0.05958,0.04745,-0.31550,-0.00045,-0.00173,0.00105,0.62927,-0.00066,0.14061,0.00085,0.70712,-0.00008,0.70710,1,4,1,1
1765409433.511532,-0.02945,0.03503,-0.35328,-0.00060,-0.00259,0.00072,0.62927,-0.00066,0.14061,0.00085,0.70712,-0.00008,0.70710,1,4,1,1
1765409433.513518,-0.04134,0.05250,-0.38411,-0.00126,-0.00272,0.00044,0.62927,-0.00066,0.14061,0.00085,0.70712,-0.00008,0.70710,1,4,1,1
1765409433.515525,-0.03258,0.01819,-0.43592,-0.00167,-0.00379,0.00135,0.62927,-0.00066,0.14061,0.00085,0.70712,-0.00008,0.70710,1,4,1,1
1765409433.517514,-0.03260,0.05730,-0.36116,-0.00185,-0.00320,0.00112,0.62927,-0.00066,0.14061,0.00085,0.70712,-0.00008,0.70710,1,4,1,1
1765409433.519579,-0.02150,0.05457,-0.36874,-0.00058,-0.00282,0.00137,0.62927,-0.00066,0.14061,0.00085,0.70712,-0.00008,0.70710,1,4,1,1
1765409433.521524,-0.03346,0.05704,-0.38423,-0.00099,-0.00243,0.00070,0.62925,-0.00066,0.14061,0.00084,0.70711,-0.00008,0.70710,1,4,1,1
1765409433.523530,-0.04671,0.02260,-0.31482,-0.00403,-0.00301,0.00051,0.62925,-0.00066,0.14061,0.00084,0.70711,-0.00008,0.70710,1,4,1,1
1765409433.525594,-0.01716,0.03159,-0.32292,-0.00064,-0.00172,0.00100,0.62923,-0.00066,0.14061,0.00084,0.70711,-0.00008,0.70710,1,4,1,1
1765409433.527608,-0.03036,0.06053,-0.33064,-0.00007,-0.00373,0.00168,0.62923,-0.00066,0.14061,0.00084,0.70711,-0.00008,0.70710,1,4,1,1
1765409433.529616,-0.02661,0.04917,-0.35330,0.00111,-0.00454,0.00099,0.62921,-0.00066,0.14062,0.00084,0.70711,-0.00008,0.70710,1,4,1,1
1765409433.531589,-0.04655,0.05609,-0.36141,0.00009,-0.00343,0.00019,0.62921,-0.00066,0.14062,0.00084,0.70711,-0.00008,0.70710,1,4,1,1
1765409433.533585,-0.04111,0.03821,-0.36845,-0.00121,-0.00334,0.00046,0.62919,-0.00066,0.14062,0.00084,0.70711,-0.00008,0.70710,1,4,1,1
1765409433.535563,-0.02546,0.03279,-0.35309,-0.00040,-0.00301,0.00099,0.62919,-0.00066,0.14062,0.00084,0.70711,-0.00008,0.70710,1,4,1,1
1765409433.537562,-0.04684,0.05081,-0.32296,-0.00019,-0.00328,0.00117,0.62917,-0.00066,0.14062,0.00085,0.70711,-0.00008,0.70711,1,4,1,1
1765409433.539587,-0.03779,0.04047,-0.39134,-0.00053,-0.00300,0.00057,0.62909,-0.00066,0.14062,0.00084,0.70710,-0.00008,0.70711,1,4,1,1
1765409433.541558,-0.05104,0.02346,-0.36058,0.00014,-0.00258,0.00047,0.62909,-0.00066,0.14062,0.00084,0.70710,-0.00008,0.70711,1,4,1,1
1765409433.543542,-0.05957,0.02830,-0.36819,-0.00003,-0.00235,0.00074,0.62909,-0.00066,0.14062,0.00084,0.70710,-0.00008,0.70711,1,4,1,1
1765409433.545571,-0.02172,0.05029,-0.36847,-0.00019,-0.00357,0.00151,0.62909,-0.00066,0.14062,0.00084,0.70710,-0.00008,0.70711,1,4,1,1
1765409433.547640,-0.06632,0.02417,-0.29957,-0.00117,-0.00341,0.00054,0.62909,-0.00066,0.14062,0.00084,0.70710,-0.00008,0.70711,1,4,1,1
1765409433.549542,-0.05552,0.04624,-0.36124,0.00063,-0.00293,0.00007,0.62909,-0.00066,0.14062,0.00084,0.70710,-0.00008,0.70711,1,4,1,1
1765409433.551572,-0.07198,0.02708,-0.42111,0.00018,-0.00359,0.00058,0.62909,-0.00066,0.14062,0.00084,0.70710,-0.00008,0.70711,1,4,1,1
1765409433.553554,-0.04407,0.04428,-0.41388,0.00148,-0.00406,0.00109,0.62909,-0.00066,0.14062,0.00084,0.70710,-0.00008,0.70711,1,4,1,1
1765409433.555553,-0.02668,0.01900,-0.41303,0.00074,-0.00424,0.00176,0.62909,-0.00066,0.14062,0.00084,0.70710,-0.00008,0.70711,1,4,1,1
1765409433.557559,-0.02828,0.00497,-0.32178,-0.00205,-0.00270,0.00157,0.62907,-0.00066,0.14062,0.00084,0.70710,-0.00008,0.70711,1,4,1,1
1765409433.559552,-0.02164,0.01462,-0.33770,-0.00019,-0.00178,0.00087,0.62907,-0.00066,0.14062,0.00084,0.70710,-0.00008,0.70711,1,4,1,1
1765409433.561588,-0.04365,0.02805,-0.28478,0.00085,-0.00204,0.00079,0.62907,-0.00066,0.14062,0.00084,0.70710,-0.00008,0.70711,1,4,1,1
1765409433.563583,-0.01853,0.03741,-0.34567,0.00075,-0.00246,0.00125,0.62905,-0.00066,0.14062,0.00084,0.70711,-0.00008,0.70711,1,4,1,1
1765409433.565566,-0.03102,0.03536,-0.33039,0.00072,-0.00257,0.00115,0.62905,-0.00066,0.14062,0.00084,0.70711,-0.00008,0.70711,1,4,1,1
1765409433.567574,-0.01601,0.00783,-0.29916,-0.00136,-0.00323,0.00130,0.62903,-0.00066,0.14062,0.00085,0.70711,-0.00008,0.70711,1,4,1,1
1765409433.569567,-0.04140,0.00789,-0.38296,0.00366,-0.00383,0.00031,0.62901,-0.00066,0.14062,0.00084,0.70711,-0.00008,0.70711,1,4,1,1
1765409433.571581,-0.05272,0.02483,-0.40605,0.00212,-0.00370,0.00044,0.62901,-0.00066,0.14062,0.00084,0.70711,-0.00008,0.70711,1,4,1,1
1765409433.573560,-0.05302,0.03812,-0.38354,0.00141,-0.00217,0.00126,0.62899,-0.00066,0.14062,0.00084,0.70711,-0.00008,0.70711,1,4,1,1
1765409433.575585,-0.04532,0.02798,-0.36050,0.00194,-0.00187,0.00154,0.62899,-0.00066,0.14062,0.00084,0.70711,-0.00008,0.70711,1,4,1,1
1765409433.577566,-0.03216,0.03132,-0.38349,0.00220,-0.00319,0.00084,0.62899,-0.00066,0.14062,0.00084,0.70711,-0.00008,0.70711,1,4,1,1
1765409433.579592,-0.04523,0.02035,-0.35254,0.00294,-0.00429,0.00101,0.62897,-0.00066,0.14062,0.00084,0.70710,-0.00008,0.70711,1,4,1,1
1765409433.581575,-0.01965,0.06322,-0.33873,0.00215,-0.00336,0.00098,0.62897,-0.00066,0.14062,0.00084,0.70710,-0.00008,0.70711,1,4,1,1
1765409433.583573,-0.03487,0.04861,-0.38392,0.00088,-0.00355,0.00057,0.62895,-0.00066,0.14062,0.00084,0.70710,-0.00008,0.70711,1,4,1,1
1765409433.585615,-0.03185,0.01095,-0.37541,0.00173,-0.00254,0.00098,0.62895,-0.00066,0.14062,0.00084,0.70710,-0.00008,0.70711,1,4,1,1
1765409433.587582,-0.01093,0.03694,-0.38378,0.00140,-0.00192,0.00121,0.62893,-0.00066,0.14062,0.00084,0.70710,-0.00008,0.70711,1,4,1,1
1765409433.589797,-0.01685,0.01735,-0.32207,-0.00102,-0.00284,0.00182,0.62887,-0.00066,0.14062,0.00084,0.70711,-0.00008,0.70711,1,4,1,1
1765409433.591572,-0.03610,0.00450,-0.35988,0.00209,-0.00350,0.00100,0.62887,-0.00066,0.14062,0.00084,0.70711,-0.00008,0.70711,1,4,1,1
1765409433.593602,-0.03193,0.02193,-0.38302,0.00209,-0.00394,0.00111,0.62887,-0.00066,0.14062,0.00084,0.70711,-0.00008,0.70711,1,4,1,1
1765409433.595597,-0.05235,0.02452,-0.39848,0.00168,-0.00345,0.00044,0.62887,-0.00066,0.14062,0.00084,0.70711,-0.00008,0.70711,1,4,1,1
1765409433.597596,-0.04090,0.00232,-0.32968,0.00294,-0.00319,0.00049,0.62887,-0.00066,0.14062,0.00084,0.70711,-0.00008,0.70711,1,4,1,1
1765409433.599607,-0.04436,0.02019,-0.36805,0.00250,-0.00406,0.00019,0.62887,-0.00066,0.14062,0.00084,0.70711,-0.00008,0.70711,1,4,1,1
1765409433.601616,-0.05003,0.00797,-0.39760,0.00323,-0.00421,0.00153,0.62887,-0.00066,0.14062,0.00084,0.70711,-0.00008,0.70711,1,4,1,1
1765409433.603603,-0.05979,0.01309,-0.36023,0.00482,-0.00323,0.00061,0.62885,-0.00066,0.14062,0.00084,0.70710,-0.00008,0.70711,1,4,1,1
1765409433.605593,-0.05252,0.00493,-0.36012,0.00210,-0.00331,0.00021,0.62885,-0.00066,0.14062,0.00084,0.70710,-0.00008,0.70711,1,4,1,1
1765409433.607593,-0.03516,-0.00065,-0.43560,0.00116,-0.00375,0.00108,0.62883,-0.00066,0.14062,0.00084,0.70710,-0.00008,0.70711,1,4,1,1
1765409433.609599,-0.01894,0.02338,-0.34520,0.00145,-0.00321,0.00126,0.62883,-0.00066,0.14062,0.00084,0.70710,-0.00008,0.70711,1,4,1,1
1765409433.611608,-0.05488,0.01501,-0.37546,0.00397,-0.00303,0.00073,0.62880,-0.00066,0.14062,0.00084,0.70710,-0.00008,0.70711,1,4,1,1
1765409433.613599,-0.03458,-0.00698,-0.35976,0.00501,-0.00351,0.00073,0.62880,-0.00066,0.14062,0.00084,0.70710,-0.00008,0.70711,1,4,1,1
1765409433.615612,-0.02617,0.00139,-0.32223,0.00446,-0.00197,0.00088,0.62876,-0.00066,0.14062,0.00084,0.70710,-0.00008,0.70711,1,4,1,1
1765409433.617599,-0.01982,0.04215,-0.35339,0.00168,-0.00194,0.00151,0.62868,-0.00066,0.14063,0.00084,0.70709,-0.00008,0.70712,1,4,1,1
1765409433.619617,-0.04294,0.02858,-0.36059,0.00042,-0.00306,0.00073,0.62868,-0.00066,0.14063,0.00084,0.70709,-0.00008,0.70712,1,4,1,1
1765409433.621606,-0.05618,0.00735,-0.35249,0.00147,-0.00340,0.00036,0.62868,-0.00066,0.14063,0.00084,0.70709,-0.00008,0.70712,1,4,1,1
1765409433.623603,-0.06902,-0.00362,-0.39005,0.00221,-0.00450,0.00008,0.62868,-0.00066,0.14063,0.00084,0.70709,-0.00008,0.70712,1,4,1,1
1765409433.625632,-0.03911,0.03709,-0.38324,0.00096,-0.00463,0.00112,0.62868,-0.00066,0.14063,0.00084,0.70709,-0.00008,0.70712,1,4,1,1
1765409433.627608,-0.02828,0.02449,-0.39083,0.00277,-0.00386,0.00083,0.62868,-0.00066,0.14063,0.00084,0.70709,-0.00008,0.70712,1,4,1,1
1765409433.629632,-0.05994,0.03362,-0.35315,0.00048,-0.00261,0.00062,0.62868,-0.00066,0.14063,0.00084,0.70709,-0.00008,0.70712,1,4,1,1
1765409433.631618,-0.06361,0.02117,-0.38331,0.00011,-0.00243,0.00033,0.62868,-0.00066,0.14063,0.00084,0.70709,-0.00008,0.70712,1,4,1,1
1765409433.633614,-0.06762,0.02967,-0.38348,0.00043,-0.00353,-0.00007,0.62868,-0.00066,0.14063,0.00084,0.70709,-0.00008,0.70712,1,4,1,1
1765409433.635654,-0.03802,0.03673,-0.34524,-0.00014,-0.00451,0.00115,0.62868,-0.00066,0.14063,0.00084,0.70709,-0.00008,0.70712,1,4,1,1
1765409433.637604,-0.03025,0.03166,-0.34496,0.00024,-0.00459,0.00168,0.62868,-0.00066,0.14063,0.00084,0.70709,-0.00008,0.70712,1,4,1,1
1765409433.639614,-0.03367,0.01922,-0.39028,-0.00035,-0.00454,0.00138,0.62866,-0.00066,0.14063,0.00084,0.70709,-0.00008,0.70712,1,4,1,1
1765409433.641622,-0.04984,0.03965,-0.36082,-0.00032,-0.00452,0.00007,0.62866,-0.00066,0.14063,0.00084,0.70709,-0.00008,0.70712,1,4,1,1
1765409433.643621,-0.05719,0.05852,-0.38385,-0.00206,-0.00405,0.00073,0.62863,-0.00066,0.14063,0.00084,0.70709,-0.00008,0.70712,1,4,1,1
1765409433.645630,-0.04212,0.03427,-0.36023,-0.00039,-0.00458,0.00141,0.62863,-0.00066,0.14063,0.00084,0.70709,-0.00008,0.70712,1,4,1,1
1765409433.647723,-0.04528,0.04177,-0.36809,-0.00117,-0.00481,0.00100,0.62861,-0.00066,0.14063,0.00084,0.70709,-0.00008,0.70713,1,4,1,1
1765409433.649679,-0.04332,0.01261,-0.36713,-0.00262,-0.00595,0.00102,0.62861,-0.00066,0.14063,0.00084,0.70709,-0.00008,0.70713,1,4,1,1
1765409433.651639,-0.06220,0.02292,-0.42849,-0.00053,-0.00511,0.00031,0.62859,-0.00066,0.14064,0.00085,0.70709,-0.00008,0.70713,1,4,1,1
1765409433.653635,-0.05182,0.03700,-0.30734,-0.00254,-0.00500,0.00039,0.62848,-0.00066,0.14064,0.00084,0.70708,-0.00008,0.70713,1,4,1,1
1765409433.655650,-0.05955,0.06779,-0.36858,-0.00085,-0.00312,0.00208,0.62846,-0.00066,0.14065,0.00084,0.70707,-0.00008,0.70714,1,4,1,1
1765409433.657638,-0.05077,0.05313,-0.36853,-0.00060,-0.00323,0.00127,0.62846,-0.00066,0.14065,0.00084,0.70707,-0.00008,0.70714,1,4,1,1
1765409433.659639,-0.06014,0.00023,-0.40521,0.00116,-0.00397,0.00073,0.62846,-0.00066,0.14065,0.00084,0.70707,-0.00008,0.70714,1,4,1,1
1765409433.661676,-0.03092,0.00237,-0.38290,0.00185,-0.00395,0.00004,0.62846,-0.00066,0.14065,0.00084,0.70707,-0.00008,0.70714,1,4,1,1
1765409433.663642,-0.04351,0.01903,-0.40577,0.00096,-0.00342,0.00097,0.62846,-0.00066,0.14065,0.00084,0.70707,-0.00008,0.70714,1,4,1,1
1765409433.665629,-0.03205,0.04513,-0.33067,0.00149,-0.00218,0.00128,0.62846,-0.00066,0.14065,0.00084,0.70707,-0.00008,0.70714,1,4,1,1
1765409433.667642,-0.04460,0.03453,-0.39148,0.00267,-0.00331,-0.00024,0.62846,-0.00066,0.14065,0.00084,0.70707,-0.00008,0.70714,1,4,1,1
1765409433.669666,-0.02292,0.01150,-0.37548,0.00174,-0.00341,0.00057,0.62846,-0.00066,0.14065,0.00084,0.70707,-0.00008,0.70714,1,4,1,1
1765409433.671683,0.00604,0.03751,-0.33055,0.00162,-0.00302,0.00124,0.62846,-0.00066,0.14065,0.00084,0.70707,-0.00008,0.70714,1,4,1,1
1765409433.673660,-0.02746,0.03759,-0.39123,0.00118,-0.00235,0.00123,0.62846,-0.00066,0.14065,0.00084,0.70707,-0.00008,0.70714,1,4,1,1
1765409433.675660,-0.04775,0.05097,-0.39135,0.00069,-0.00326,0.00111,0.62846,-0.00066,0.14065,0.00084,0.70707,-0.00008,0.70714,1,4,1,1
1765409433.677657,-0.03491,0.02305,-0.40628,0.00079,-0.00239,0.00042,0.62846,-0.00066,0.14065,0.00084,0.70707,-0.00008,0.70714,1,4,1,1
1765409433.679653,-0.03123,0.02062,-0.38336,0.00120,-0.00243,0.00070,0.62844,-0.00066,0.14065,0.00084,0.70707,-0.00008,0.70714,1,4,1,1
1765409433.681654,-0.04182,0.01644,-0.39803,0.00289,-0.00279,0.00164,0.62844,-0.00066,0.14065,0.00084,0.70707,-0.00008,0.70714,1,4,1,1
1765409433.683659,-0.04639,0.01938,-0.37592,0.00402,-0.00238,0.00018,0.62841,-0.00066,0.14065,0.00084,0.70707,-0.00008,0.70714,1,4,1,1
1765409433.685746,-0.04609,0.02997,-0.39098,0.00371,-0.00365,0.00071,0.62841,-0.00066,0.14065,0.00084,0.70707,-0.00008,0.70714,1,4,1,1
1765409433.687664,-0.03503,0.01485,-0.39843,0.00178,-0.00404,-0.00011,0.62839,-0.00066,0.14065,0.00084,0.70707,-0.00008,0.70714,1,4,1,1
1765409433.689710,-0.03068,-0.00225,-0.40489,0.00114,-0.00507,0.00137,0.62839,-0.00066,0.14065,0.00084,0.70707,-0.00008,0.70714,1,4,1,1
1765409433.691701,-0.04571,0.00611,-0.36730,0.00364,-0.00478,0.00101,0.62835,-0.00066,0.14065,0.00084,0.70707,-0.00008,0.70714,1,4,1,1
1765409433.693713,-0.04598,0.00604,-0.39771,0.00386,-0.00465,0.00098,0.62825,-0.00066,0.14065,0.00084,0.70707,-0.00008,0.70714,1,4,1,1
1765409433.695665,-0.06989,-0.00898,-0.45075,0.00280,-0.00385,0.00016,0.62825,-0.00066,0.14065,0.00084,0.70707,-0.00008,0.70714,1,4,1,1
1765409433.697692,-0.04484,0.00880,-0.34481,0.00193,-0.00250,0.00129,0.62825,-0.00066,0.14065,0.00084,0.70707,-0.00008,0.70714,1,4,1,1
1765409433.699780,-0.04069,0.02126,-0.39833,0.00208,-0.00282,0.00110,0.62825,-0.00066,0.14065,0.00084,0.70707,-0.00008,0.70714,1,4,1,1
1765409433.701698,-0.05123,-0.00427,-0.27583,0.00089,-0.00471,0.00096,0.62825,-0.00066,0.14065,0.00084,0.70707,-0.00008,0.70714,1,4,1,1
1765409433.703695,-0.03755,0.01263,-0.33714,0.00001,-0.00502,0.00062,0.62825,-0.00066,0.14065,0.00084,0.70707,-0.00008,0.70714,1,4,1,1
1765409433.705704,-0.03234,0.01178,-0.35289,0.00284,-0.00293,0.00019,0.62825,-0.00066,0.14065,0.00084,0.70707,-0.00008,0.70714,1,4,1,1
1765409433.707786,-0.02319,0.01682,-0.36748,0.00159,-0.00429,0.00166,0.62825,-0.00066,0.14065,0.00084,0.70707,-0.00008,0.70714,1,4,1,1
1765409433.709750,-0.05970,0.00827,-0.33706,0.00454,-0.00360,0.00117,0.62825,-0.00066,0.14065,0.00084,0.70707,-0.00008,0.70714,1,4,1,1
1765409433.711774,-0.05522,0.00615,-0.38274,0.00473,-0.00403,0.00060,0.62825,-0.00066,0.14065,0.00084,0.70707,-0.00008,0.70714,1,4,1,1
1765409433.713753,-0.05294,-0.00423,-0.39764,0.00264,-0.00418,0.00046,0.62825,-0.00066,0.14065,0.00084,0.70707,-0.00008,0.70714,1,4,1,1
1765409433.715716,-0.04641,0.01982,-0.36790,0.00381,-0.00326,0.00100,0.62823,-0.00066,0.14065,0.00084,0.70707,-0.00008,0.70714,1,4,1,1
1765409433.717749,-0.01110,0.03347,-0.33023,0.00201,-0.00356,0.00140,0.62823,-0.00066,0.14065,0.00084,0.70707,-0.00008,0.70714,1,4,1,1
1765409433.719710,-0.04500,0.00985,-0.32224,0.00281,-0.00328,0.00050,0.62821,-0.00066,0.14065,0.00084,0.70707,-0.00008,0.70714,1,4,1,1
1765409433.721689,-0.02892,0.01994,-0.37581,0.00381,-0.00374,0.00017,0.62821,-0.00066,0.14065,0.00084,0.70707,-0.00008,0.70714,1,4,1,1
1765409433.723701,-0.02895,0.00413,-0.42080,0.00318,-0.00294,0.00094,0.62818,-0.00066,0.14065,0.00084,0.70707,-0.00008,0.70715,1,4,1,1
1765409433.725707,-0.05320,0.00492,-0.35222,0.00232,-0.00342,0.00103,0.62818,-0.00066,0.14065,0.00084,0.70707,-0.00008,0.70715,1,4,1,1
1765409433.727772,-0.04471,0.02040,-0.36009,0.00250,-0.00455,0.00101,0.62816,-0.00066,0.14066,0.00084,0.70707,-0.00008,0.70715,1,4,1,1
1765409433.729698,-0.04813,0.00297,-0.40523,0.00185,-0.00449,0.00085,0.62814,-0.00066,0.14066,0.00084,0.70706,-0.00008,0.70715,1,4,1,1
1765409433.731698,-0.06151,0.01106,-0.40535,0.00261,-0.00472,0.00086,0.62802,-0.00066,0.14066,0.00084,0.70706,-0.00008,0.70715,1,4,1,1
1765409433.733698,-0.05425,0.00663,-0.46594,0.00386,-0.00530,0.00094,0.62802,-0.00066,0.14066,0.00084,0.70706,-0.00008,0.70715,1,4,1,1
1765409433.735688,-0.07089,-0.01281,-0.40472,0.00385,-0.00497,0.00074,0.62802,-0.00066,0.14066,0.00084,0.70706,-0.00008,0.70715,1,4,1,1
1765409433.737738,-0.04458,-0.01886,-0.38207,0.00290,-0.00452,0.00046,0.62802,-0.00066,0.14066,0.00084,0.70706,-0.00008,0.70715,1,4,1,1
1765409433.739784,-0.06180,-0.01818,-0.38938,0.00313,-0.00494,0.00088,0.62802,-0.00066,0.14066,0.00084,0.70706,-0.00008,0.70715,1,4,1,1
1765409433.741736,-0.02210,0.03220,-0.33008,0.00112,-0.00496,0.00088,0.62802,-0.00066,0.14066,0.00084,0.70706,-0.00008,0.70715,1,4,1,1
1765409433.743723,-0.04865,0.03268,-0.40601,0.00221,-0.00451,0.00084,0.62802,-0.00066,0.14066,0.00084,0.70706,-0.00008,0.70715,1,4,1,1
1765409433.745734,-0.04056,0.00307,-0.42808,0.00273,-0.00458,0.00082,0.62802,-0.00066,0.14066,0.00084,0.70706,-0.00008,0.70715,1,4,1,1
1765409433.747723,-0.05343,-0.00850,-0.41276,0.00346,-0.00468,0.00018,0.62802,-0.00066,0.14066,0.00084,0.70706,-0.00008,0.70715,1,4,1,1
1765409433.749722,-0.05859,-0.01178,-0.39758,0.00386,-0.00335,0.00046,0.62802,-0.00066,0.14066,0.00084,0.70706,-0.00008,0.70715,1,4,1,1
1765409433.751722,-0.02840,-0.01445,-0.37409,0.00274,-0.00483,0.00194,0.62802,-0.00066,0.14066,0.00084,0.70706,-0.00008,0.70715,1,4,1,1
1765409433.753799,-0.02423,0.01807,-0.33717,0.00313,-0.00517,0.00128,0.62802,-0.00066,0.14066,0.00084,0.70706,-0.00008,0.70715,1,4,1,1
1765409433.755764,-0.03915,0.01791,-0.36777,0.00160,-0.00487,0.00046,0.62799,-0.00066,0.14066,0.00084,0.70706,-0.00008,0.70716,1,4,1,1
1765409433.757811,-0.04137,0.01243,-0.36060,0.00372,-0.00308,-0.00021,0.62799,-0.00066,0.14066,0.00084,0.70706,-0.00008,0.70716,1,4,1,1
1765409433.759744,-0.03619,0.01433,-0.36044,0.00243,-0.00313,0.00032,0.62797,-0.00066,0.14066,0.00084,0.70706,-0.00008,0.70715,1,4,1,1
1765409433.761734,-0.01201,0.05844,-0.38397,0.00275,-0.00382,0.00148,0.62797,-0.00066,0.14066,0.00084,0.70706,-0.00008,0.70715,1,4,1,1
1765409433.763761,-0.04749,0.03997,-0.41386,0.00471,-0.00363,0.00123,0.62795,-0.00066,0.14067,0.00084,0.70705,-0.00008,0.70716,1,4,1,1
1765409433.765738,-0.02090,0.04823,-0.43720,0.00328,-0.00282,0.00091,0.62795,-0.00066,0.14067,0.00084,0.70705,-0.00008,0.70716,1,4,1,1
1765409433.767724,-0.01387,0.00532,-0.41342,0.00079,-0.00250,0.00067,0.62792,-0.00066,0.14067,0.00084,0.70705,-0.00008,0.70716,1,4,1,1
1765409433.769739,-0.02720,0.01291,-0.38324,0.00132,-0.00209,0.00070,0.62792,-0.00066,0.14067,0.00084,0.70705,-0.00008,0.70716,1,4,1,1
1765409433.771759,-0.03741,0.02421,-0.39869,0.00342,-0.00287,0.00042,0.62790,-0.00066,0.14067,0.00084,0.70705,-0.00008,0.70716,1,4,1,1
1765409433.773741,-0.03955,0.02252,-0.33766,0.00187,-0.00424,0.00035,0.62790,-0.00066,0.14067,0.00084,0.70705,-0.00008,0.70716,1,4,1,1
1765409433.775746,-0.03660,0.01428,-0.35994,0.00221,-0.00349,0.00154,0.62787,-0.00066,0.14067,0.00084,0.70705,-0.00008,0.70716,1,4,1,1
1765409433.777794,-0.04885,-0.00113,-0.32180,0.00312,-0.00475,0.00024,0.62780,-0.00066,0.14067,0.00084,0.70705,-0.00008,0.70717,1,4,1,1
1765409433.779763,-0.07903,0.00243,-0.39740,0.00359,-0.00539,0.00075,0.62780,-0.00066,0.14067,0.00084,0.70705,-0.00008,0.70717,1,4,1,1
1765409433.781745,-0.07537,0.00491,-0.42023,0.00406,-0.00543,0.00086,0.62780,-0.00066,0.14067,0.00084,0.70705,-0.00008,0.70717,1,4,1,1
1765409433.783753,-0.05640,-0.00133,-0.45826,0.00202,-0.00502,0.00055,0.62780,-0.00066,0.14067,0.00084,0.70705,-0.00008,0.70717,1,4,1,1
1765409433.785791,-0.04036,-0.02560,-0.39661,0.00282,-0.00582,0.00126,0.62780,-0.00066,0.14067,0.00084,0.70705,-0.00008,0.70717,1,4,1,1
1765409433.787751,-0.04784,-0.01117,-0.41992,0.00190,-0.00537,0.00084,0.62780,-0.00066,0.14067,0.00084,0.70705,-0.00008,0.70717,1,4,1,1
1765409433.789747,-0.02919,0.00538,-0.37488,0.00363,-0.00446,0.00139,0.62780,-0.00066,0.14067,0.00084,0.70705,-0.00008,0.70717,1,4,1,1
1765409433.791751,-0.03922,0.01773,-0.36021,0.00160,-0.00462,0.00047,0.62778,-0.00066,0.14067,0.00084,0.70705,-0.00008,0.70717,1,4,1,1
1765409433.793750,-0.01888,0.02990,-0.33772,0.00218,-0.00487,0.00073,0.62778,-0.00066,0.14067,0.00084,0.70705,-0.00008,0.70717,1,4,1,1
1765409433.795746,-0.01911,0.04909,-0.36858,0.00198,-0.00437,0.00097,0.62775,-0.00066,0.14068,0.00084,0.70704,-0.00008,0.70717,1,4,1,1
1765409433.797745,-0.05029,0.00874,-0.43583,0.00411,-0.00472,0.00069,0.62775,-0.00066,0.14068,0.00084,0.70704,-0.00008,0.70717,1,4,1,1
1765409433.799756,-0.05181,0.02529,-0.42110,0.00147,-0.00460,0.00043,0.62773,-0.00066,0.14068,0.00084,0.70704,-0.00008,0.70717,1,4,1,1
1765409433.801754,-0.05399,0.04017,-0.44423,0.00318,-0.00419,0.00081,0.62773,-0.00066,0.14068,0.00084,0.70704,-0.00008,0.70717,1,4,1,1
1765409433.803766,-0.05312,0.04405,-0.43656,0.00170,-0.00356,0.00149,0.62773,-0.00066,0.14068,0.00084,0.70704,-0.00008,0.70717,1,4,1,1
1765409433.805775,-0.02340,0.02068,-0.41360,0.00163,-0.00277,0.00108,0.62770,-0.00066,0.14068,0.00084,0.70704,-0.00008,0.70717,1,4,1,1
1765409433.807773,-0.02657,-0.01094,-0.37472,0.00103,-0.00334,0.00099,0.62770,-0.00066,0.14068,0.00084,0.70704,-0.00008,0.70717,1,4,1,1
1765409433.809808,-0.03107,-0.00863,-0.32956,0.00150,-0.00254,0.00035,0.62770,-0.00066,0.14068,0.00084,0.70704,-0.00008,0.70717,1,4,1,1
1765409433.811774,-0.03560,0.01950,-0.36796,0.00184,-0.00377,0.00059,0.62768,-0.00066,0.14068,0.00084,0.70704,-0.00008,0.70717,1,4,1,1
1765409433.813754,-0.06600,0.01568,-0.32175,-0.00105,-0.00531,0.00080,0.62768,-0.00066,0.14068,0.00084,0.70704,-0.00008,0.70717,1,4,1,1
1765409433.815784,-0.06091,0.02197,-0.43589,0.00252,-0.00613,0.00057,0.62755,-0.00066,0.14068,0.00084,0.70704,-0.00008,0.70717,1,4,1,1
1765409433.817831,-0.06023,0.00257,-0.42004,0.00207,-0.00676,0.00072,0.62755,-0.00066,0.14068,0.00084,0.70704,-0.00008,0.70717,1,4,1,1
1765409433.819771,-0.05541,-0.00058,-0.44307,0.00159,-0.00606,0.00016,0.62755,-0.00066,0.14068,0.00084,0.70704,-0.00008,0.70717,1,4,1,1
1765409433.821774,-0.07183,-0.00591,-0.38973,0.00087,-0.00522,0.00035,0.62755,-0.00066,0.14068,0.00084,0.70704,-0.00008,0.70717,1,4,1,1
1765409433.823774,-0.07416,0.00349,-0.45815,0.00229,-0.00442,0.00124,0.62755,-0.00066,0.14068,0.00084,0.70704,-0.00008,0.70717,1,4,1,1
1765409433.825782,-0.06097,0.00856,-0.33647,-0.00179,-0.00624,0.00120,0.62755,-0.00066,0.14068,0.00084,0.70704,-0.00008,0.70717,1,4,1,1
1765409433.827768,-0.05969,0.00145,-0.35942,0.00118,-0.00550,0.00077,0.62755,-0.00066,0.14068,0.00084,0.70704,-0.00008,0.70717,1,4,1,1
1765409433.829771,-0.05509,0.01818,-0.30688,0.00073,-0.00494,0.00053,0.62755,-0.00066,0.14068,0.00084,0.70704,-0.00008,0.70717,1,4,1,1
1765409433.831784,-0.04826,0.02815,-0.42110,0.00216,-0.00502,0.00056,0.62755,-0.00066,0.14068,0.00084,0.70704,-0.00008,0.70717,1,4,1,1
1765409433.833785,-0.06310,0.03722,-0.41346,-0.00035,-0.00459,0.00112,0.62752,-0.00066,0.14068,0.00084,0.70704,-0.00008,0.70717,1,4,1,1
1765409433.835771,-0.06637,0.02158,-0.41294,-0.00033,-0.00645,0.00060,0.62752,-0.00066,0.14068,0.00084,0.70704,-0.00008,0.70717,1,4,1,1
1765409433.837786,-0.06470,-0.01564,-0.41223,0.00206,-0.00529,0.00060,0.62750,-0.00066,0.14068,0.00084,0.70704,-0.00008,0.70718,1,4,1,1
1765409433.839786,-0.04178,0.00555,-0.38246,0.00014,-0.00534,0.00060,0.62750,-0.00066,0.14068,0.00084,0.70704,-0.00008,0.70718,1,4,1,1
1765409433.841837,-0.04957,0.04711,-0.38372,0.00283,-0.00375,0.00085,0.62747,-0.00066,0.14068,0.00084,0.70704,-0.00008,0.70718,1,4,1,1
1765409433.843775,-0.05616,0.03272,-0.41351,0.00134,-0.00467,0.00084,0.62747,-0.00066,0.14068,0.00084,0.70704,-0.00008,0.70718,1,4,1,1
1765409433.845795,-0.04303,0.03454,-0.39081,0.00071,-0.00445,0.00098,0.62745,-0.00066,0.14068,0.00084,0.70704,-0.00008,0.70718,1,4,1,1
1765409433.847825,-0.04409,0.01247,-0.35943,-0.00218,-0.00568,0.00143,0.62745,-0.00066,0.14068,0.00084,0.70704,-0.00008,0.70718,1,4,1,1
1765409433.849821,-0.05472,0.01220,-0.40555,-0.00000,-0.00404,0.00059,0.62731,-0.00066,0.14068,0.00084,0.70703,-0.00008,0.70718,1,4,1,1
1765409433.851809,-0.06681,0.02297,-0.45902,0.00340,-0.00377,0.00068,0.62731,-0.00066,0.14068,0.00084,0.70703,-0.00008,0.70718,1,4,1,1
1765409433.853835,-0.05706,0.00312,-0.47358,0.00229,-0.00438,0.00080,0.62731,-0.00066,0.14068,0.00084,0.70703,-0.00008,0.70718,1,4,1,1
1765409433.855912,-0.05340,0.01718,-0.38990,-0.00169,-0.00506,0.00168,0.62731,-0.00066,0.14068,0.00084,0.70703,-0.00008,0.70718,1,4,1,1
1765409433.857844,-0.05194,0.00007,-0.41286,0.00138,-0.00394,0.00071,0.62731,-0.00066,0.14068,0.00084,0.70703,-0.00008,0.70718,1,4,1,1
1765409433.859805,-0.03095,0.04125,-0.38375,0.00123,-0.00359,0.00057,0.62731,-0.00066,0.14068,0.00084,0.70703,-0.00008,0.70718,1,4,1,1
1765409433.861828,-0.06044,0.00574,-0.39773,0.00167,-0.00448,0.00060,0.62731,-0.00066,0.14068,0.00084,0.70703,-0.00008,0.70718,1,4,1,1
1765409433.863800,-0.07362,0.00503,-0.35933,0.00253,-0.00609,0.00091,0.62731,-0.00066,0.14068,0.00084,0.70703,-0.00008,0.70718,1,4,1,1
1765409433.865799,-0.06400,0.01913,-0.37529,0.00161,-0.00560,0.00008,0.62731,-0.00066,0.14068,0.00084,0.70703,-0.00008,0.70718,1,4,1,1
1765409433.867817,-0.06194,-0.00866,-0.38963,0.00302,-0.00457,0.00101,0.62731,-0.00066,0.14068,0.00084,0.70703,-0.00008,0.70718,1,4,1,1
1765409433.869812,-0.07227,0.00912,-0.38251,0.00127,-0.00536,0.00035,0.62729,-0.00066,0.14068,0.00084,0.70703,-0.00008,0.70718,1,4,1,1
1765409433.871806,-0.04430,0.02014,-0.45122,0.00206,-0.00455,0.00094,0.62729,-0.00066,0.14068,0.00084,0.70703,-0.00008,0.70718,1,4,1,1
1765409433.873829,-0.06236,-0.00538,-0.35902,0.00000,-0.00660,0.00078,0.62726,-0.00066,0.14068,0.00084,0.70703,-0.00008,0.70718,1,4,1,1
1765409433.875844,-0.06085,0.01159,-0.39021,0.00239,-0.00537,0.00047,0.62726,-0.00066,0.14068,0.00084,0.70703,-0.00008,0.70718,1,4,1,1
1765409433.877865,-0.03538,-0.01342,-0.38195,0.00231,-0.00578,0.00073,0.62723,-0.00066,0.14068,0.00084,0.70703,-0.00008,0.70718,1,4,1,1
1765409433.879820,-0.05261,0.03069,-0.39831,0.00219,-0.00497,0.00072,0.62723,-0.00066,0.14068,0.00084,0.70703,-0.00008,0.70718,1,4,1,1
1765409433.881829,-0.05864,0.01349,-0.43602,0.00395,-0.00425,0.00056,0.62721,-0.00066,0.14068,0.00084,0.70703,-0.00008,0.70718,1,4,1,1
1765409433.883829,-0.06839,0.02570,-0.41322,0.00104,-0.00490,0.00086,0.62721,-0.00066,0.14068,0.00084,0.70703,-0.00008,0.70718,1,4,1,1
1765409433.885836,-0.02619,0.00067,-0.40517,0.00139,-0.00552,0.00070,0.62707,-0.00066,0.14068,0.00084,0.70704,-0.00008,0.70717,1,4,1,1
1765409433.887820,-0.06658,-0.01609,-0.43522,0.00359,-0.00413,0.00058,0.62707,-0.00066,0.14068,0.00084,0.70704,-0.00008,0.70717,1,4,1,1
1765409433.889818,-0.04747,-0.00658,-0.42755,0.00130,-0.00525,0.00111,0.62707,-0.00066,0.14068,0.00084,0.70704,-0.00008,0.70717,1,4,1,1
1765409433.891819,-0.05231,-0.00469,-0.43527,0.00154,-0.00430,0.00124,0.62707,-0.00066,0.14068,0.00084,0.70704,-0.00008,0.70717,1,4,1,1
1765409433.893822,-0.07262,-0.00557,-0.38178,0.00131,-0.00571,0.00117,0.62707,-0.00066,0.14068,0.00084,0.70704,-0.00008,0.70717,1,4,1,1
1765409433.895811,-0.04435,-0.01343,-0.38939,0.00253,-0.00554,0.00113,0.62707,-0.00066,0.14068,0.00084,0.70704,-0.00008,0.70717,1,4,1,1
1765409433.897849,-0.06443,0.00932,-0.35216,0.00193,-0.00558,0.00037,0.62707,-0.00066,0.14068,0.00084,0.70704,-0.00008,0.70717,1,4,1,1
1765409433.899813,-0.04755,0.01312,-0.41293,0.00132,-0.00514,0.00098,0.62707,-0.00066,0.14068,0.00084,0.70704,-0.00008,0.70717,1,4,1,1
1765409433.901854,-0.07278,0.01898,-0.36755,0.00161,-0.00523,0.00050,0.62707,-0.00066,0.14068,0.00084,0.70704,-0.00008,0.70717,1,4,1,1
1765409433.903839,-0.06123,0.00190,-0.42022,0.00271,-0.00560,0.00072,0.62707,-0.00066,0.14068,0.00084,0.70704,-0.00008,0.70717,1,4,1,1
1765409433.905844,-0.05763,-0.02063,-0.41958,0.00310,-0.00524,0.00112,0.62704,-0.00066,0.14068,0.00084,0.70704,-0.00008,0.70718,1,4,1,1
1765409433.907843,-0.05439,0.00129,-0.45064,0.00380,-0.00479,0.00109,0.62704,-0.00066,0.14068,0.00084,0.70704,-0.00008,0.70718,1,4,1,1
1765409433.909853,-0.05304,0.02467,-0.36054,0.00233,-0.00332,0.00047,0.62702,-0.00066,0.14068,0.00084,0.70704,-0.00008,0.70717,1,4,1,1
1765409433.911839,-0.04887,0.02446,-0.39786,-0.00182,-0.00500,0.00126,0.62702,-0.00066,0.14068,0.00084,0.70704,-0.00008,0.70717,1,4,1,1
1765409433.913854,-0.04084,0.03214,-0.38337,0.00265,-0.00384,0.00085,0.62699,-0.00066,0.14067,0.00084,0.70704,-0.00008,0.70717,1,4,1,1
1765409433.915835,-0.03534,-0.00917,-0.42744,0.00171,-0.00539,0.00136,0.62699,-0.00066,0.14067,0.00084,0.70704,-0.00008,0.70717,1,4,1,1
1765409433.917890,-0.04818,-0.05541,-0.35805,0.00246,-0.00521,0.00091,0.62685,-0.00066,0.14066,0.00084,0.70706,-0.00008,0.70716,1,4,1,1
1765409433.919844,-0.04448,-0.01376,-0.35148,0.00253,-0.00503,0.00116,0.62685,-0.00066,0.14066,0.00084,0.70706,-0.00008,0.70716,1,4,1,1
1765409433.921844,-0.04950,0.02114,-0.37487,-0.00055,-0.00652,0.00101,0.62685,-0.00066,0.14066,0.00084,0.70706,-0.00008,0.70716,1,4,1,1
1765409433.923844,-0.05282,0.02636,-0.39027,0.00236,-0.00584,0.00127,0.62685,-0.00066,0.14066,0.00084,0.70706,-0.00008,0.70716,1,4,1,1
1765409433.925883,-0.07851,0.00750,-0.38234,0.00322,-0.00566,0.00063,0.62685,-0.00066,0.14066,0.00084,0.70706,-0.00008,0.70716,1,4,1,1
1765409433.927856,-0.05829,-0.00490,-0.41227,0.00394,-0.00613,0.00113,0.62685,-0.00066,0.14066,0.00084,0.70706,-0.00008,0.70716,1,4,1,1
1765409433.929855,-0.04395,0.00195,-0.37464,0.00250,-0.00619,0.00074,0.62685,-0.00066,0.14066,0.00084,0.70706,-0.00008,0.70716,1,4,1,1
1765409433.931862,-0.07001,0.01183,-0.37503,0.00305,-0.00513,0.00049,0.62685,-0.00066,0.14066,0.00084,0.70706,-0.00008,0.70716,1,4,1,1
1765409433.933857,-0.04787,0.01791,-0.39038,0.00160,-0.00476,0.00086,0.62685,-0.00066,0.14066,0.00084,0.70706,-0.00008,0.70716,1,4,1,1
1765409433.935863,-0.06649,0.01622,-0.36708,-0.00061,-0.00605,0.00117,0.62685,-0.00066,0.14066,0.00084,0.70706,-0.00008,0.70716,1,4,1,1
1765409433.937859,-0.05205,-0.00317,-0.37463,0.00222,-0.00572,0.00048,0.62682,-0.00066,0.14066,0.00084,0.70706,-0.00008,0.70716,1,4,1,1
1765409433.939855,-0.05555,-0.00032,-0.33654,0.00160,-0.00631,0.00065,0.62682,-0.00066,0.14066,0.00084,0.70706,-0.00008,0.70716,1,4,1,1
1765409433.941877,-0.03792,0.02049,-0.36798,0.00425,-0.00413,0.00059,0.62679,-0.00066,0.14066,0.00084,0.70706,-0.00008,0.70716,1,4,1,1
1765409433.943863,-0.07857,0.05045,-0.42112,0.00199,-0.00465,0.00180,0.62679,-0.00066,0.14066,0.00084,0.70706,-0.00008,0.70716,1,4,1,1
1765409433.945969,-0.04561,0.01295,-0.39744,-0.00065,-0.00579,0.00140,0.62676,-0.00066,0.14065,0.00084,0.70706,-0.00008,0.70715,1,4,1,1
1765409433.947862,-0.05277,0.00183,-0.42801,0.00293,-0.00558,0.00030,0.62676,-0.00066,0.14065,0.00084,0.70706,-0.00008,0.70715,1,4,1,1
1765409433.949880,-0.04558,0.00378,-0.39714,-0.00032,-0.00655,0.00127,0.62673,-0.00066,0.14065,0.00084,0.70707,-0.00008,0.70715,1,4,1,1
1765409433.951871,-0.05733,-0.01115,-0.40480,0.00277,-0.00475,0.00086,0.62659,-0.00066,0.14064,0.00084,0.70708,-0.00008,0.70714,1,4,1,1
1765409433.953910,-0.06675,-0.00606,-0.41244,0.00349,-0.00451,0.00113,0.62659,-0.00066,0.14064,0.00084,0.70708,-0.00008,0.70714,1,4,1,1
1765409433.955883,-0.07053,0.00665,-0.42790,0.00321,-0.00498,0.00099,0.62659,-0.00066,0.14064,0.00084,0.70708,-0.00008,0.70714,1,4,1,1
1765409433.957883,-0.04510,-0.00784,-0.40472,0.00347,-0.00604,0.00099,0.62659,-0.00066,0.14064,0.00084,0.70708,-0.00008,0.70714,1,4,1,1
1765409433.959881,-0.05765,-0.01501,-0.35891,0.00338,-0.00589,0.00104,0.62659,-0.00066,0.14064,0.00084,0.70708,-0.00008,0.70714,1,4,1,1
1765409433.961893,-0.06352,-0.00269,-0.45812,0.00484,-0.00531,0.00082,0.62659,-0.00066,0.14064,0.00084,0.70708,-0.00008,0.70714,1,4,1,1
1765409433.963884,-0.06694,0.00408,-0.40519,0.00383,-0.00465,0.00086,0.62659,-0.00066,0.14064,0.00084,0.70708,-0.00008,0.70714,1,4,1,1
1765409433.965878,-0.06141,0.00207,-0.41261,0.00293,-0.00573,0.00072,0.62659,-0.00066,0.14064,0.00084,0.70708,-0.00008,0.70714,1,4,1,1
1765409433.967885,-0.05298,-0.01238,-0.40460,0.00320,-0.00633,0.00073,0.62659,-0.00066,0.14064,0.00084,0.70708,-0.00008,0.70714,1,4,1,1
1765409433.969892,-0.02708,0.00722,-0.38239,0.00278,-0.00704,0.00058,0.62659,-0.00066,0.14064,0.00084,0.70708,-0.00008,0.70714,1,4,1,1
1765409433.971881,-0.04488,0.01125,-0.41277,0.00283,-0.00555,0.00124,0.62659,-0.00066,0.14064,0.00084,0.70708,-0.00008,0.70714,1,4,1,1
1765409433.973892,-0.05356,0.00100,-0.38246,0.00314,-0.00443,0.00074,0.62656,-0.00066,0.14064,0.00084,0.70707,-0.00008,0.70714,1,4,1,1
1765409433.975888,-0.05840,-0.00583,-0.41242,0.00371,-0.00499,0.00112,0.62656,-0.00066,0.14064,0.00084,0.70707,-0.00008,0.70714,1,4,1,1
1765409433.977881,-0.03224,-0.00100,-0.37480,0.00334,-0.00557,0.00059,0.62653,-0.00066,0.14064,0.00084,0.70708,-0.00008,0.70714,1,4,1,1
1765409433.979900,-0.06147,-0.00807,-0.40470,0.00281,-0.00546,0.00100,0.62653,-0.00066,0.14064,0.00084,0.70708,-0.00008,0.70714,1,4,1,1
1765409433.981905,-0.04142,0.01832,-0.35251,0.00357,-0.00472,0.00088,0.62650,-0.00066,0.14064,0.00084,0.70708,-0.00008,0.70713,1,4,1,1
1765409433.983901,-0.07165,-0.00223,-0.42023,0.00485,-0.00548,0.00046,0.62650,-0.00066,0.14064,0.00084,0.70708,-0.00008,0.70713,1,4,1,1
1765409433.985965,-0.06223,0.00749,-0.42038,0.00387,-0.00598,0.00058,0.62647,-0.00066,0.14064,0.00084,0.70708,-0.00008,0.70713,1,4,1,1
1765409433.987912,-0.04379,0.00669,-0.42800,0.00234,-0.00607,0.00056,0.62647,-0.00066,0.14064,0.00084,0.70708,-0.00008,0.70713,1,4,1,1
1765409433.989915,-0.06492,0.00494,-0.40508,0.00253,-0.00620,0.00047,0.62636,-0.00066,0.14064,0.00084,0.70708,-0.00008,0.70714,1,4,1,1
1765409433.991905,-0.08354,-0.00916,-0.42713,0.00389,-0.00633,0.00128,0.62636,-0.00066,0.14064,0.00084,0.70708,-0.00008,0.70714,1,4,1,1
1765409433.993922,-0.05379,0.00287,-0.41997,0.00382,-0.00683,0.00112,0.62636,-0.00066,0.14064,0.00084,0.70708,-0.00008,0.70714,1,4,1,1
1765409433.995913,-0.07036,-0.00706,-0.42752,0.00370,-0.00612,0.00059,0.62636,-0.00066,0.14064,0.00084,0.70708,-0.00008,0.70714,1,4,1,1
1765409433.997916,-0.03984,-0.01123,-0.46554,0.00234,-0.00546,0.00080,0.62636,-0.00066,0.14064,0.00084,0.70708,-0.00008,0.70714,1,4,1,1
1765409433.999901,-0.06995,-0.01793,-0.45765,0.00291,-0.00522,0.00084,0.62636,-0.00066,0.14064,0.00084,0.70708,-0.00008,0.70714,1,4,1,1
1765409434.001916,-0.07918,-0.02647,-0.41934,0.00412,-0.00612,0.00075,0.62636,-0.00066,0.14064,0.00084,0.70708,-0.00008,0.70714,1,4,1,1
1765409434.003918,-0.07441,-0.01871,-0.41166,0.00356,-0.00707,0.00115,0.62636,-0.00066,0.14064,0.00084,0.70708,-0.00008,0.70714,1,4,1,1
1765409434.005920,-0.05368,-0.01230,-0.41223,0.00385,-0.00619,0.00072,0.62633,-0.00066,0.14064,0.00084,0.70708,-0.00008,0.70713,1,4,1,1
1765409434.007939,-0.04752,0.01391,-0.41298,0.00177,-0.00591,0.00057,0.62633,-0.00066,0.14064,0.00084,0.70708,-0.00008,0.70713,1,4,1,1
1765409434.009931,-0.02678,0.03509,-0.41358,0.00159,-0.00541,0.00095,0.62630,-0.00066,0.14064,0.00084,0.70708,-0.00008,0.70714,1,4,1,1
1765409434.011927,-0.05101,0.03030,-0.38288,0.00044,-0.00524,0.00114,0.62630,-0.00066,0.14064,0.00084,0.70708,-0.00008,0.70714,1,4,1,1
1765409434.013947,-0.03563,0.02488,-0.38291,0.00169,-0.00466,0.00125,0.62627,-0.00066,0.14064,0.00084,0.70708,-0.00008,0.70714,1,4,1,1
1765409434.015935,-0.06025,0.01617,-0.46635,0.00179,-0.00525,0.00027,0.62627,-0.00066,0.14064,0.00084,0.70708,-0.00008,0.70714,1,4,1,1
1765409434.017943,-0.06129,0.02155,-0.39784,0.00252,-0.00561,0.00100,0.62624,-0.00066,0.14065,0.00084,0.70707,-0.00008,0.70714,1,4,1,1
1765409434.019935,-0.05037,0.07541,-0.41440,0.00011,-0.00630,0.00070,0.62624,-0.00066,0.14065,0.00084,0.70707,-0.00008,0.70714,1,4,1,1
1765409434.021929,-0.05505,0.02806,-0.41320,0.00041,-0.00544,0.00098,0.62621,-0.00066,0.14065,0.00084,0.70707,-0.00008,0.70715,1,4,1,1
1765409434.023941,-0.05919,0.00016,-0.41274,0.00029,-0.00423,0.00072,0.62609,-0.00066,0.14065,0.00084,0.70707,-0.00008,0.70714,1,4,1,1
1765409434.025934,-0.06743,-0.00833,-0.29081,0.00062,-0.00540,0.00070,0.62609,-0.00066,0.14065,0.00084,0.70707,-0.00008,0.70714,1,4,1,1
1765409434.027944,-0.05469,0.01341,-0.36703,0.00002,-0.00581,0.00143,0.62609,-0.00066,0.14065,0.00084,0.70707,-0.00008,0.70714,1,4,1,1
1765409434.029943,-0.06477,0.01018,-0.40484,0.00216,-0.00696,0.00114,0.62609,-0.00066,0.14065,0.00084,0.70707,-0.00008,0.70714,1,4,1,1
1765409434.031940,-0.07696,0.03119,-0.39054,0.00132,-0.00518,0.00075,0.62609,-0.00066,0.14065,0.00084,0.70707,-0.00008,0.70714,1,4,1,1
1765409434.033943,-0.06011,0.00788,-0.45813,0.00213,-0.00727,0.00056,0.62609,-0.00066,0.14065,0.00084,0.70707,-0.00008,0.70714,1,4,1,1
1765409434.035959,-0.06079,0.02284,-0.42797,0.00253,-0.00740,0.00098,0.62609,-0.00066,0.14065,0.00084,0.70707,-0.00008,0.70714,1,4,1,1
1765409434.037951,-0.04835,0.01069,-0.42796,0.00326,-0.00755,0.00030,0.62609,-0.00066,0.14065,0.00084,0.70707,-0.00008,0.70714,1,4,1,1
1765409434.039940,-0.05653,-0.00035,-0.39737,0.00247,-0.00604,0.00060,0.62609,-0.00066,0.14065,0.00084,0.70707,-0.00008,0.70714,1,4,1,1
1765409434.041950,-0.06521,0.00410,-0.41265,0.00230,-0.00530,0.00086,0.62606,-0.00066,0.14065,0.00084,0.70707,-0.00008,0.70714,1,4,1,1
1765409434.043935,-0.07669,-0.02446,-0.41195,0.00545,-0.00514,0.00088,0.62606,-0.00066,0.14065,0.00084,0.70707,-0.00008,0.70714,1,4,1,1
1765409434.045958,-0.04507,0.01785,-0.37511,0.00400,-0.00696,0.00033,0.62603,-0.00066,0.14065,0.00084,0.70707,-0.00008,0.70714,1,4,1,1
1765409434.047943,-0.04005,0.01933,-0.40540,0.00271,-0.00651,0.00084,0.62603,-0.00066,0.14065,0.00084,0.70707,-0.00008,0.70714,1,4,1,1
1765409434.049940,-0.06228,0.02697,-0.42803,0.00324,-0.00623,0.00165,0.62603,-0.00066,0.14065,0.00084,0.70707,-0.00008,0.70714,1,4,1,1
1765409434.051978,-0.05347,0.00183,-0.45067,0.00337,-0.00557,0.00069,0.62600,-0.00066,0.14065,0.00084,0.70707,-0.00008,0.70715,1,4,1,1
1765409434.053963,-0.07826,-0.04578,-0.40364,0.00366,-0.00676,0.00050,0.62597,-0.00066,0.14065,0.00084,0.70707,-0.00008,0.70715,1,4,1,1
1765409434.056060,-0.06773,-0.01950,-0.42747,0.00529,-0.00539,0.00032,0.62582,-0.00066,0.14066,0.00084,0.70706,-0.00008,0.70715,1,4,1,1
1765409434.057969,-0.04965,0.00970,-0.41267,0.00368,-0.00625,0.00111,0.62582,-0.00066,0.14066,0.00084,0.70706,-0.00008,0.70715,1,4,1,1
1765409434.059974,-0.04565,0.02227,-0.42026,0.00362,-0.00693,0.00178,0.62582,-0.00066,0.14066,0.00084,0.70706,-0.00008,0.70715,1,4,1,1
1765409434.061966,-0.07633,-0.02105,-0.35848,0.00178,-0.00756,0.00066,0.62582,-0.00066,0.14066,0.00084,0.70706,-0.00008,0.70715,1,4,1,1
1765409434.064042,-0.07578,-0.02655,-0.38112,0.00106,-0.00718,0.00078,0.62582,-0.00066,0.14066,0.00084,0.70706,-0.00008,0.70715,1,4,1,1
1765409434.065975,-0.07487,-0.02837,-0.41183,0.00453,-0.00669,0.00021,0.62582,-0.00066,0.14066,0.00084,0.70706,-0.00008,0.70715,1,4,1,1
1765409434.067979,-0.04957,-0.00498,-0.40467,0.00373,-0.00637,0.00113,0.62582,-0.00066,0.14066,0.00084,0.70706,-0.00008,0.70715,1,4,1,1
1765409434.069974,-0.06779,-0.02842,-0.41159,0.00541,-0.00676,0.00101,0.62582,-0.00066,0.14066,0.00084,0.70706,-0.00008,0.70715,1,4,1,1
1765409434.071972,-0.05309,0.01768,-0.40511,0.00313,-0.00710,0.00113,0.62582,-0.00066,0.14066,0.00084,0.70706,-0.00008,0.70715,1,4,1,1
1765409434.073958,-0.04879,0.01444,-0.44337,0.00308,-0.00614,0.00055,0.62582,-0.00066,0.14066,0.00084,0.70706,-0.00008,0.70715,1,4,1,1
1765409434.075994,-0.03927,0.01313,-0.42814,0.00154,-0.00536,0.00096,0.62582,-0.00066,0.14066,0.00084,0.70706,-0.00008,0.70715,1,4,1,1
1765409434.077980,-0.04105,-0.02684,-0.39667,0.00281,-0.00429,0.00166,0.62578,-0.00066,0.14066,0.00084,0.70706,-0.00008,0.70715,1,4,1,1
1765409434.079973,-0.05039,-0.00350,-0.40457,0.00025,-0.00635,0.00127,0.62578,-0.00066,0.14066,0.00084,0.70706,-0.00008,0.70715,1,4,1,1
1765409434.081963,-0.08647,-0.02079,-0.41190,0.00353,-0.00694,0.00022,0.62575,-0.00066,0.14066,0.00084,0.70706,-0.00008,0.70715,1,4,1,1
1765409434.083980,-0.08583,-0.01539,-0.43474,0.00316,-0.00771,0.00007,0.62575,-0.00066,0.14066,0.00084,0.70706,-0.00008,0.70715,1,4,1,1
1765409434.085984,-0.06560,-0.01777,-0.41945,0.00400,-0.00820,0.00033,0.62572,-0.00066,0.14066,0.00084,0.70706,-0.00008,0.70715,1,4,1,1
1765409434.087989,-0.04962,0.00551,-0.41254,0.00407,-0.00701,0.00085,0.62572,-0.00066,0.14066,0.00084,0.70706,-0.00008,0.70715,1,4,1,1
1765409434.089995,-0.06983,0.00784,-0.42007,0.00300,-0.00664,0.00100,0.62569,-0.00066,0.14066,0.00084,0.70706,-0.00008,0.70715,1,4,1,1
1765409434.092009,-0.07068,0.00992,-0.38190,-0.00025,-0.00727,0.00117,0.62566,-0.00066,0.14066,0.00084,0.70706,-0.00008,0.70715,1,4,1,1
1765409434.093990,-0.08956,-0.00898,-0.38912,0.00192,-0.00690,0.00092,0.62563,-0.00066,0.14066,0.00084,0.70706,-0.00008,0.70715,1,4,1,1
1765409434.095998,-0.06467,-0.00872,-0.41952,0.00259,-0.00783,0.00087,0.62557,-0.00066,0.14066,0.00084,0.70706,-0.00008,0.70715,1,4,1,1
1765409434.097995,-0.07890,0.00656,-0.37439,0.00058,-0.00845,0.00011,0.62554,-0.00066,0.14066,0.00084,0.70706,-0.00008,0.70715,1,4,1,1
1765409434.100042,-0.06806,0.02303,-0.44339,0.00188,-0.00745,0.00017,0.62554,-0.00066,0.14066,0.00084,0.70706,-0.00008,0.70715,1,4,1,1
1765409434.101989,-0.05968,0.01209,-0.39764,0.00153,-0.00640,0.00047,0.62554,-0.00066,0.14066,0.00084,0.70706,-0.00008,0.70715,1,4,1,1
1765409434.103988,-0.06154,0.00664,-0.38990,0.00277,-0.00535,0.00101,0.62554,-0.00066,0.14066,0.00084,0.70706,-0.00008,0.70715,1,4,1,1
1765409434.105987,-0.06143,0.00768,-0.35194,0.00322,-0.00637,0.00064,0.62554,-0.00066,0.14066,0.00084,0.70706,-0.00008,0.70715,1,4,1,1
1765409434.108023,-0.05400,-0.00249,-0.36707,0.00419,-0.00582,0.00048,0.62554,-0.00066,0.14066,0.00084,0.70706,-0.00008,0.70715,1,4,1,1
1765409434.110015,-0.06274,0.00242,-0.43544,0.00425,-0.00571,0.00071,0.62554,-0.00066,0.14066,0.00084,0.70706,-0.00008,0.70715,1,4,1,1
1765409434.112029,-0.03642,0.00122,-0.42021,0.00293,-0.00551,0.00110,0.62554,-0.00066,0.14066,0.00084,0.70706,-0.00008,0.70715,1,4,1,1
1765409434.114016,-0.07157,-0.04172,-0.42688,0.00502,-0.00532,0.00033,0.62551,-0.00066,0.14066,0.00084,0.70706,-0.00008,0.70715,1,4,1,1
1765409434.116005,-0.06945,-0.01162,-0.46518,0.00299,-0.00701,0.00070,0.62551,-0.00066,0.14066,0.00084,0.70706,-0.00008,0.70715,1,4,1,1
1765409434.118004,-0.04899,0.00032,-0.40494,0.00357,-0.00677,0.00059,0.62551,-0.00066,0.14066,0.00084,0.70706,-0.00008,0.70715,1,4,1,1
1765409434.120002,-0.04071,-0.00470,-0.41220,0.00351,-0.00711,0.00111,0.62548,-0.00066,0.14066,0.00084,0.70706,-0.00008,0.70715,1,4,1,1
1765409434.122013,-0.07156,-0.03177,-0.39668,0.00493,-0.00546,0.00048,0.62548,-0.00066,0.14066,0.00084,0.70706,-0.00008,0.70715,1,4,1,1
1765409434.124005,-0.06673,-0.02509,-0.42732,0.00413,-0.00501,0.00045,0.62545,-0.00066,0.14066,0.00084,0.70706,-0.00008,0.70715,1,4,1,1
1765409434.126018,-0.04699,-0.00199,-0.40490,0.00551,-0.00640,0.00085,0.62545,-0.00066,0.14066,0.00084,0.70706,-0.00008,0.70715,1,4,1,1
1765409434.128019,-0.07069,-0.00099,-0.40478,0.00443,-0.00727,0.00047,0.62541,-0.00066,0.14066,0.00084,0.70706,-0.00008,0.70715,1,4,1,1
1765409434.130002,-0.07599,0.00223,-0.45789,0.00556,-0.00783,0.00057,0.62538,-0.00066,0.14066,0.00084,0.70707,-0.00008,0.70715,1,4,1,1
1765409434.132020,-0.09149,-0.04150,-0.44931,0.00502,-0.00813,-0.00020,0.62529,-0.00066,0.14065,0.00084,0.70707,-0.00008,0.70714,1,4,1,1
1765409434.134006,-0.07928,-0.06857,-0.41081,0.00579,-0.00814,-0.00044,0.62529,-0.00066,0.14065,0.00084,0.70707,-0.00008,0.70714,1,4,1,1
1765409434.136024,-0.06132,-0.03975,-0.35033,0.00396,-0.00862,0.00079,0.62529,-0.00066,0.14065,0.00084,0.70707,-0.00008,0.70714,1,4,1,1
1765409434.138009,-0.06903,-0.01543,-0.32051,0.00294,-0.00829,0.00095,0.62529,-0.00066,0.14065,0.00084,0.70707,-0.00008,0.70714,1,4,1,1
1765409434.140010,-0.07315,-0.01033,-0.38932,0.00672,-0.00710,0.00076,0.62529,-0.00066,0.14065,0.00084,0.70707,-0.00008,0.70714,1,4,1,1
1765409434.142056,-0.04979,-0.04375,-0.35085,0.00478,-0.00648,0.00024,0.62529,-0.00066,0.14065,0.00084,0.70707,-0.00008,0.70714,1,4,1,1
1765409434.144029,-0.07563,0.01116,-0.40505,0.00479,-0.00683,0.00074,0.62529,-0.00066,0.14065,0.00084,0.70707,-0.00008,0.70714,1,4,1,1
1765409434.146034,-0.05013,0.00040,-0.41984,0.00423,-0.00687,0.00138,0.62529,-0.00066,0.14065,0.00084,0.70707,-0.00008,0.70714,1,4,1,1
1765409434.148042,-0.06647,0.01157,-0.48088,0.00436,-0.00795,0.00068,0.62525,-0.00066,0.14065,0.00084,0.70707,-0.00008,0.70715,1,4,1,1
1765409434.150042,-0.06188,-0.06461,-0.44132,0.00496,-0.00784,-0.00022,0.62525,-0.00066,0.14065,0.00084,0.70707,-0.00008,0.70715,1,4,1,1
1765409434.152023,-0.07960,-0.03065,-0.45704,0.00472,-0.00700,0.00085,0.62522,-0.00066,0.14066,0.00084,0.70707,-0.00008,0.70715,1,4,1,1
1765409434.154017,-0.05378,-0.00698,-0.38181,0.00392,-0.00670,0.00101,0.62522,-0.00066,0.14066,0.00084,0.70707,-0.00008,0.70715,1,4,1,1
1765409434.156023,-0.04728,-0.01030,-0.37418,0.00169,-0.00652,0.00088,0.62519,-0.00066,0.14065,0.00084,0.70707,-0.00008,0.70715,1,4,1,1
1765409434.158029,-0.05354,-0.04732,-0.35821,0.00365,-0.00553,0.00091,0.62519,-0.00066,0.14065,0.00084,0.70707,-0.00008,0.70715,1,4,1,1
1765409434.160040,-0.07598,-0.03440,-0.36616,0.00489,-0.00515,0.00078,0.62516,-0.00066,0.14066,0.00084,0.70707,-0.00008,0.70715,1,4,1,1
1765409434.162055,-0.07152,-0.00140,-0.40454,0.00464,-0.00686,0.00128,0.62516,-0.00066,0.14066,0.00084,0.70707,-0.00008,0.70715,1,4,1,1
1765409434.164032,-0.07113,0.01893,-0.41275,0.00467,-0.00753,0.00073,0.62516,-0.00066,0.14066,0.00084,0.70707,-0.00008,0.70715,1,4,1,1
1765409434.166028,-0.08356,-0.02757,-0.43450,0.00498,-0.00735,0.00020,0.62500,-0.00066,0.14066,0.00084,0.70707,-0.00008,0.70714,1,4,1,1
1765409434.168025,-0.08939,-0.04006,-0.46446,0.00613,-0.00675,0.00072,0.62500,-0.00066,0.14066,0.00084,0.70707,-0.00008,0.70714,1,4,1,1
1765409434.170207,-0.06689,0.00188,-0.41994,0.00490,-0.00782,0.00059,0.62500,-0.00066,0.14066,0.00084,0.70707,-0.00008,0.70714,1,4,1,1
1765409434.172052,-0.06349,-0.00565,-0.45003,0.00546,-0.00772,0.00097,0.62500,-0.00066,0.14066,0.00084,0.70707,-0.00008,0.70714,1,4,1,1
1765409434.174071,-0.08123,-0.02302,-0.33549,0.00241,-0.00788,0.00096,0.62500,-0.00066,0.14066,0.00084,0.70707,-0.00008,0.70714,1,4,1,1
1765409434.176062,-0.07978,-0.04518,-0.40384,0.00542,-0.00675,0.00009,0.62500,-0.00066,0.14066,0.00084,0.70707,-0.00008,0.70714,1,4,1,1
1765409434.178068,-0.06451,-0.05024,-0.40381,0.00689,-0.00655,0.00021,0.62500,-0.00066,0.14066,0.00084,0.70707,-0.00008,0.70714,1,4,1,1
1765409434.180043,-0.06818,-0.01818,-0.44231,0.00597,-0.00702,0.00071,0.62500,-0.00066,0.14066,0.00084,0.70707,-0.00008,0.70714,1,4,1,1
1765409434.182057,-0.07234,-0.00100,-0.43492,0.00552,-0.00711,0.00126,0.62500,-0.00066,0.14066,0.00084,0.70707,-0.00008,0.70714,1,4,1,1
1765409434.184047,-0.07103,0.01838,-0.46563,0.00401,-0.00738,0.00150,0.62497,-0.00066,0.14066,0.00084,0.70707,-0.00008,0.70715,1,4,1,1
1765409434.186075,-0.07112,-0.01133,-0.45803,0.00495,-0.00637,-0.00011,0.62497,-0.00066,0.14066,0.00084,0.70707,-0.00008,0.70715,1,4,1,1
1765409434.188045,-0.07439,-0.04273,-0.42636,0.00414,-0.00757,0.00061,0.62493,-0.00066,0.14065,0.00084,0.70707,-0.00008,0.70714,1,4,1,1
1765409434.190058,-0.05887,-0.04970,-0.38105,0.00471,-0.00508,0.00076,0.62493,-0.00066,0.14065,0.00084,0.70707,-0.00008,0.70714,1,4,1,1
1765409434.192065,-0.07082,-0.01622,-0.37410,0.00446,-0.00662,0.00050,0.62490,-0.00066,0.14066,0.00084,0.70707,-0.00008,0.70714,1,4,1,1
1765409434.194078,-0.06127,0.01371,-0.40510,0.00351,-0.00777,0.00046,0.62490,-0.00066,0.14066,0.00084,0.70707,-0.00008,0.70714,1,4,1,1
1765409434.196061,-0.06156,0.00295,-0.42008,0.00338,-0.00674,0.00072,0.62487,-0.00066,0.14065,0.00084,0.70707,-0.00008,0.70714,1,4,1,1
1765409434.198084,-0.06456,0.01578,-0.41269,0.00244,-0.00761,0.00060,0.62487,-0.00066,0.14065,0.00084,0.70707,-0.00008,0.70714,1,4,1,1
1765409434.200061,-0.06907,-0.01058,-0.41183,0.00300,-0.00829,0.00075,0.62470,-0.00066,0.14065,0.00084,0.70707,-0.00008,0.70714,1,4,1,1
1765409434.202106,-0.09726,0.00815,-0.45777,0.00235,-0.00949,0.00006,0.62470,-0.00066,0.14065,0.00084,0.70707,-0.00008,0.70714,1,4,1,1
1765409434.204058,-0.07788,0.00912,-0.45039,0.00324,-0.00794,0.00058,0.62470,-0.00066,0.14065,0.00084,0.70707,-0.00008,0.70714,1,4,1,1
1765409434.206091,-0.09398,0.04357,-0.43571,0.00191,-0.00802,0.00127,0.62470,-0.00066,0.14065,0.00084,0.70707,-0.00008,0.70714,1,4,1,1
1765409434.208077,-0.06455,0.03985,-0.49669,0.00186,-0.00736,0.00106,0.62470,-0.00066,0.14065,0.00084,0.70707,-0.00008,0.70714,1,4,1,1
1765409434.210077,-0.06783,0.02726,-0.43590,0.00127,-0.00681,0.00044,0.62470,-0.00066,0.14065,0.00084,0.70707,-0.00008,0.70714,1,4,1,1
1765409434.212060,-0.06730,-0.00241,-0.41233,0.00091,-0.00680,0.00047,0.62470,-0.00066,0.14065,0.00084,0.70707,-0.00008,0.70714,1,4,1,1
1765409434.214081,-0.06757,0.01731,-0.45071,0.00093,-0.00693,0.00070,0.62470,-0.00066,0.14065,0.00084,0.70707,-0.00008,0.70714,1,4,1,1
1765409434.216087,-0.05088,0.02692,-0.42041,0.00083,-0.00726,0.00125,0.62470,-0.00066,0.14065,0.00084,0.70707,-0.00008,0.70714,1,4,1,1
1765409434.218097,-0.04404,0.01779,-0.42024,0.00269,-0.00772,0.00111,0.62470,-0.00066,0.14065,0.00084,0.70707,-0.00008,0.70714,1,4,1,1
1765409434.220065,-0.05109,0.02206,-0.48876,0.00121,-0.00725,0.00093,0.62466,-0.00066,0.14065,0.00084,0.70707,-0.00008,0.70714,1,4,1,1
1765409434.222102,-0.06466,0.00078,-0.45068,0.00292,-0.00697,-0.00024,0.62466,-0.00066,0.14065,0.00084,0.70707,-0.00008,0.70714,1,4,1,1
1765409434.224087,-0.06472,0.02535,-0.42071,0.00256,-0.00711,0.00032,0.62463,-0.00066,0.14065,0.00084,0.70707,-0.00008,0.70714,1,4,1,1
1765409434.226094,-0.09619,0.04421,-0.43577,0.00410,-0.00800,0.00127,0.62463,-0.00066,0.14065,0.00084,0.70707,-0.00008,0.70714,1,4,1,1
1765409434.228086,-0.06761,0.01108,-0.42011,0.00501,-0.00705,0.00113,0.62460,-0.00066,0.14065,0.00084,0.70707,-0.00008,0.70714,1,4,1,1
1765409434.230101,-0.05690,0.01115,-0.39733,0.00326,-0.00795,0.00074,0.62460,-0.00066,0.14065,0.00084,0.70707,-0.00008,0.70714,1,4,1,1
1765409434.232109,-0.07795,-0.03064,-0.42690,0.00363,-0.00716,0.00007,0.62460,-0.00066,0.14065,0.00084,0.70707,-0.00008,0.70714,1,4,1,1
1765409434.234123,-0.07062,-0.04052,-0.43422,0.00460,-0.00711,0.00033,0.62443,-0.00066,0.14066,0.00084,0.70707,-0.00008,0.70715,1,4,1,1
1765409434.236118,-0.06305,-0.02140,-0.41162,0.00462,-0.00682,0.00141,0.62443,-0.00066,0.14066,0.00084,0.70707,-0.00008,0.70715,1,4,1,1
1765409434.238178,-0.06241,0.00395,-0.41240,0.00449,-0.00762,0.00073,0.62443,-0.00066,0.14066,0.00084,0.70707,-0.00008,0.70715,1,4,1,1
1765409434.240101,-0.04384,0.00368,-0.40510,0.00339,-0.00798,-0.00009,0.62443,-0.00066,0.14066,0.00084,0.70707,-0.00008,0.70715,1,4,1,1
1765409434.242097,-0.07510,0.00572,-0.43546,0.00429,-0.00633,0.00045,0.62443,-0.00066,0.14066,0.00084,0.70707,-0.00008,0.70715,1,4,1,1
1765409434.244092,-0.06742,-0.00395,-0.41216,0.00483,-0.00679,0.00114,0.62443,-0.00066,0.14066,0.00084,0.70707,-0.00008,0.70715,1,4,1,1
1765409434.246132,-0.06291,-0.00244,-0.41989,0.00419,-0.00595,0.00126,0.62443,-0.00066,0.14066,0.00084,0.70707,-0.00008,0.70715,1,4,1,1
1765409434.248116,-0.05758,-0.03393,-0.42692,0.00403,-0.00664,0.00032,0.62443,-0.00066,0.14066,0.00084,0.70707,-0.00008,0.70715,1,4,1,1
1765409434.250138,-0.09769,-0.04866,-0.46424,0.00668,-0.00779,0.00020,0.62443,-0.00066,0.14066,0.00084,0.70707,-0.00008,0.70715,1,4,1,1
1765409434.252121,-0.08874,-0.00966,-0.41984,0.00607,-0.00756,-0.00006,0.62440,-0.00066,0.14066,0.00084,0.70706,-0.00008,0.70715,1,4,1,1
1765409434.254111,-0.06305,0.01048,-0.42757,0.00566,-0.00927,0.00058,0.62440,-0.00066,0.14066,0.00084,0.70706,-0.00008,0.70715,1,4,1,1
1765409434.256110,-0.04605,-0.03551,-0.43430,0.00532,-0.00779,0.00057,0.62436,-0.00066,0.14066,0.00084,0.70706,-0.00008,0.70715,1,4,1,1
1765409434.258115,-0.06400,-0.02550,-0.43452,0.00610,-0.00720,0.00072,0.62436,-0.00066,0.14066,0.00084,0.70706,-0.00008,0.70715,1,4,1,1
1765409434.260106,-0.06900,-0.03256,-0.44211,0.00710,-0.00701,0.00031,0.62433,-0.00066,0.14066,0.00084,0.70706,-0.00008,0.70715,1,4,1,1
1765409434.262120,-0.06778,0.00210,-0.44275,0.00577,-0.00781,0.00057,0.62433,-0.00066,0.14066,0.00084,0.70706,-0.00008,0.70715,1,4,1,1
1765409434.264136,-0.07878,-0.01900,-0.45743,0.00508,-0.00894,-0.00022,0.62429,-0.00066,0.14066,0.00084,0.70706,-0.00008,0.70715,1,4,1,1
1765409434.266109,-0.10080,-0.02548,-0.43436,0.00609,-0.00905,-0.00018,0.62429,-0.00066,0.14066,0.00084,0.70706,-0.00008,0.70715,1,4,1,1
1765409434.268131,-0.04608,-0.02650,-0.41836,0.00172,-0.01146,0.00141,0.62426,-0.00066,0.14066,0.00084,0.70706,-0.00008,0.70715,1,4,1,1
1765409434.270167,-0.05524,-0.02491,-0.43424,0.00589,-0.00844,0.00112,0.62426,-0.00066,0.14066,0.00084,0.70706,-0.00008,0.70715,1,4,1,1
1765409434.272150,-0.08942,-0.03077,-0.42696,0.00603,-0.00587,0.00048,0.62408,-0.00066,0.14067,0.00084,0.70706,-0.00008,0.70715,1,4,1,1
1765409434.274158,-0.09760,-0.02198,-0.33527,0.00220,-0.00883,0.00098,0.62405,-0.00066,0.14067,0.00084,0.70706,-0.00008,0.70715,1,4,1,1
1765409434.276143,-0.07741,0.01889,-0.41241,0.00248,-0.00821,0.00115,0.62405,-0.00066,0.14067,0.00084,0.70706,-0.00008,0.70715,1,4,1,1
1765409434.278311,-0.07061,0.01901,-0.39751,0.00423,-0.00779,0.00075,0.62405,-0.00066,0.14067,0.00084,0.70706,-0.00008,0.70715,1,4,1,1
1765409434.280153,-0.04339,-0.01147,-0.41957,0.00255,-0.00809,0.00071,0.62405,-0.00066,0.14067,0.00084,0.70706,-0.00008,0.70715,1,4,1,1
1765409434.282135,-0.07467,-0.04275,-0.46454,0.00457,-0.00731,0.00017,0.62405,-0.00066,0.14067,0.00084,0.70706,-0.00008,0.70715,1,4,1,1
1765409434.284141,-0.08736,0.00037,-0.44973,0.00422,-0.00895,0.00127,0.62405,-0.00066,0.14067,0.00084,0.70706,-0.00008,0.70715,1,4,1,1
1765409434.286158,-0.06982,0.00979,-0.45773,0.00368,-0.00905,0.00097,0.62405,-0.00066,0.14067,0.00084,0.70706,-0.00008,0.70715,1,4,1,1
1765409434.288133,-0.10313,-0.00989,-0.46523,0.00366,-0.00776,-0.00007,0.62405,-0.00066,0.14067,0.00084,0.70706,-0.00008,0.70715,1,4,1,1
1765409434.290136,-0.06372,-0.00382,-0.42723,0.00177,-0.00810,0.00073,0.62405,-0.00066,0.14067,0.00084,0.70706,-0.00008,0.70715,1,4,1,1
1765409434.292140,-0.05706,0.03553,-0.41314,0.00312,-0.00771,0.00085,0.62405,-0.00066,0.14067,0.00084,0.70706,-0.00008,0.70715,1,4,1,1
1765409434.294131,-0.06967,0.01887,-0.45062,0.00336,-0.00805,0.00071,0.62405,-0.00066,0.14067,0.00084,0.70706,-0.00008,0.70715,1,4,1,1
1765409434.296150,-0.09799,-0.02223,-0.44201,0.00285,-0.00819,0.00008,0.62401,-0.00066,0.14066,0.00084,0.70706,-0.00008,0.70715,1,4,1,1
1765409434.298151,-0.07690,0.00413,-0.41217,0.00230,-0.00821,0.00075,0.62401,-0.00066,0.14066,0.00084,0.70706,-0.00008,0.70715,1,4,1,1
1765409434.300148,-0.08108,0.01145,-0.41995,0.00217,-0.00803,0.00075,0.62398,-0.00066,0.14067,0.00084,0.70706,-0.00008,0.70716,1,4,1,1
1765409434.302183,-0.05121,0.01311,-0.40472,0.00154,-0.00826,0.00127,0.62398,-0.00066,0.14067,0.00084,0.70706,-0.00008,0.70716,1,4,1,1
1765409434.304178,-0.06937,-0.00141,-0.42752,0.00311,-0.00728,0.00046,0.62394,-0.00066,0.14066,0.00084,0.70706,-0.00008,0.70715,1,4,1,1
1765409434.306156,-0.08667,0.00914,-0.41261,0.00367,-0.00734,0.00021,0.62394,-0.00066,0.14066,0.00084,0.70706,-0.00008,0.70715,1,4,1,1
1765409434.308157,-0.05498,0.02535,-0.45100,0.00147,-0.00786,0.00029,0.62394,-0.00066,0.14066,0.00084,0.70706,-0.00008,0.70715,1,4,1,1
1765409434.310158,-0.08664,0.03866,-0.41265,0.00272,-0.00810,0.00182,0.62391,-0.00066,0.14067,0.00084,0.70705,-0.00008,0.70716,1,4,1,1
1765409434.312161,-0.07883,0.00422,-0.44267,0.00405,-0.00767,0.00072,0.62373,-0.00066,0.14067,0.00084,0.70706,-0.00008,0.70716,1,4,1,1
1765409434.314164,-0.09459,-0.00487,-0.44244,0.00350,-0.00825,0.00021,0.62373,-0.00066,0.14067,0.00084,0.70706,-0.00008,0.70716,1,4,1,1
1765409434.316177,-0.08938,0.00783,-0.41990,0.00278,-0.00908,0.00008,0.62373,-0.00066,0.14067,0.00084,0.70706,-0.00008,0.70716,1,4,1,1
1765409434.318264,-0.10052,0.00168,-0.37365,0.00162,-0.01084,0.00055,0.62373,-0.00066,0.14067,0.00084,0.70706,-0.00008,0.70716,1,4,1,1
1765409434.320166,-0.06607,-0.01732,-0.44925,0.00401,-0.00919,0.00152,0.62373,-0.00066,0.14067,0.00084,0.70706,-0.00008,0.70716,1,4,1,1
1765409434.322203,-0.12174,-0.02885,-0.44929,0.00517,-0.00777,0.00050,0.62373,-0.00066,0.14067,0.00084,0.70706,-0.00008,0.70716,1,4,1,1
1765409434.324199,-0.08613,-0.01861,-0.44950,0.00399,-0.00973,0.00020,0.62373,-0.00066,0.14067,0.00084,0.70706,-0.00008,0.70716,1,4,1,1
1765409434.326195,-0.08857,-0.05277,-0.41814,0.00620,-0.00942,0.00077,0.62373,-0.00066,0.14067,0.00084,0.70706,-0.00008,0.70716,1,4,1,1
1765409434.328173,-0.05288,0.00961,-0.41221,0.00368,-0.00926,0.00099,0.62373,-0.00066,0.14067,0.00084,0.70706,-0.00008,0.70716,1,4,1,1
1765409434.330210,-0.05334,0.00478,-0.44261,0.00428,-0.00912,0.00070,0.62373,-0.00066,0.14067,0.00084,0.70706,-0.00008,0.70716,1,4,1,1
1765409434.332188,-0.09203,-0.01120,-0.41202,0.00561,-0.00879,-0.00018,0.62369,-0.00066,0.14066,0.00084,0.70706,-0.00009,0.70715,1,4,1,1
1765409434.334193,-0.07928,-0.02528,-0.42712,0.00500,-0.00715,-0.00007,0.62369,-0.00066,0.14066,0.00084,0.70706,-0.00009,0.70715,1,4,1,1
1765409434.336186,-0.09677,-0.06376,-0.39531,0.00563,-0.00779,0.00066,0.62365,-0.00066,0.14066,0.00084,0.70706,-0.00008,0.70715,1,4,1,1
1765409434.338189,-0.08390,-0.03154,-0.45697,0.00558,-0.00848,0.00032,0.62365,-0.00066,0.14066,0.00084,0.70706,-0.00008,0.70715,1,4,1,1
1765409434.340174,-0.08809,-0.03776,-0.45677,0.00616,-0.00957,-0.00007,0.62362,-0.00066,0.14066,0.00084,0.70706,-0.00009,0.70715,1,4,1,1
1765409434.342184,-0.07444,-0.00746,-0.44237,0.00435,-0.00848,0.00045,0.62362,-0.00066,0.14066,0.00084,0.70706,-0.00009,0.70715,1,4,1,1
1765409434.344207,-0.09902,0.02264,-0.40445,0.00296,-0.00921,0.00172,0.62358,-0.00066,0.14066,0.00084,0.70706,-0.00008,0.70715,1,4,1,1
1765409434.346192,-0.07938,-0.03486,-0.40393,0.00511,-0.00752,0.00022,0.62358,-0.00066,0.14066,0.00084,0.70706,-0.00008,0.70715,1,4,1,1
1765409434.348193,-0.06788,-0.05216,-0.44127,0.00599,-0.00776,0.00086,0.62358,-0.00066,0.14066,0.00084,0.70706,-0.00008,0.70715,1,4,1,1
1765409434.350202,-0.06260,-0.01080,-0.43481,0.00474,-0.00760,0.00072,0.62354,-0.00066,0.14066,0.00084,0.70706,-0.00009,0.70715,1,4,1,1
1765409434.352194,-0.08017,-0.01893,-0.45716,0.00596,-0.00891,0.00059,0.62354,-0.00066,0.14066,0.00084,0.70706,-0.00009,0.70715,1,4,1,1
1765409434.354204,-0.07026,0.01992,-0.43532,0.00424,-0.00906,0.00072,0.62336,-0.00066,0.14066,0.00084,0.70706,-0.00008,0.70715,1,4,1,1
1765409434.356203,-0.06062,0.01412,-0.42777,0.00308,-0.00854,0.00045,0.62336,-0.00066,0.14066,0.00084,0.70706,-0.00008,0.70715,1,4,1,1
1765409434.358196,-0.06106,0.01425,-0.42779,0.00352,-0.00854,0.00045,0.62336,-0.00066,0.14066,0.00084,0.70706,-0.00008,0.70715,1,4,1,1
1765409434.360205,-0.07056,-0.00437,-0.44231,0.00482,-0.00929,0.00059,0.62336,-0.00066,0.14066,0.00084,0.70706,-0.00008,0.70715,1,4,1,1
1765409434.362206,-0.07156,-0.00009,-0.46545,0.00553,-0.00814,0.00043,0.62336,-0.00066,0.14066,0.00084,0.70706,-0.00008,0.70715,1,4,1,1
1765409434.364192,-0.09196,0.00493,-0.40465,0.00122,-0.00893,-0.00003,0.62336,-0.00066,0.14066,0.00084,0.70706,-0.00008,0.70715,1,4,1,1
1765409434.366215,-0.09610,-0.03411,-0.44934,0.00511,-0.00808,0.00021,0.62336,-0.00066,0.14066,0.00084,0.70706,-0.00008,0.70715,1,4,1,1
1765409434.368188,-0.07973,-0.02775,-0.45659,0.00585,-0.01043,0.00086,0.62336,-0.00066,0.14066,0.00084,0.70706,-0.00008,0.70715,1,4,1,1
1765409434.370215,-0.07577,-0.00078,-0.41961,0.00618,-0.01000,0.00034,0.62336,-0.00066,0.14066,0.00084,0.70706,-0.00008,0.70715,1,4,1,1
1765409434.372190,-0.08071,0.00720,-0.45031,0.00715,-0.01020,-0.00009,0.62332,-0.00066,0.14066,0.00084,0.70706,-0.00009,0.70715,1,4,1,1
1765409434.374231,-0.10183,-0.01101,-0.50267,0.00627,-0.00903,0.00097,0.62332,-0.00066,0.14066,0.00084,0.70706,-0.00009,0.70715,1,4,1,1
1765409434.376217,-0.11108,-0.04758,-0.39526,0.00364,-0.00991,0.00068,0.62329,-0.00066,0.14066,0.00084,0.70706,-0.00008,0.70715,1,4,1,1
1765409434.378194,-0.09740,-0.04231,-0.38046,0.00676,-0.00958,0.00054,0.62329,-0.00066,0.14066,0.00084,0.70706,-0.00008,0.70715,1,4,1,1
1765409434.380227,-0.08369,-0.06437,-0.45594,0.00628,-0.01036,0.00007,0.62325,-0.00066,0.14066,0.00084,0.70706,-0.00009,0.70715,1,4,1,1
1765409434.382241,-0.07153,-0.04762,-0.44126,0.00648,-0.01001,0.00020,0.62325,-0.00066,0.14066,0.00084,0.70706,-0.00009,0.70715,1,4,1,1
1765409434.384230,-0.07053,-0.02921,-0.39584,0.00452,-0.00926,0.00130,0.62325,-0.00066,0.14066,0.00084,0.70706,-0.00009,0.70715,1,4,1,1
1765409434.386222,-0.06572,-0.00569,-0.41224,0.00743,-0.00681,0.00100,0.62306,-0.00066,0.14065,0.00084,0.70707,-0.00008,0.70714,1,4,1,1
1765409434.388226,-0.07593,-0.05650,-0.41075,0.00594,-0.00817,0.00063,0.62303,-0.00066,0.14065,0.00084,0.70707,-0.00008,0.70714,1,4,1,1
1765409434.390229,-0.08599,-0.05109,-0.44135,0.00753,-0.00793,0.00047,0.62303,-0.00066,0.14065,0.00084,0.70707,-0.00008,0.70714,1,4,1,1
1765409434.392225,-0.06440,-0.04450,-0.43388,0.00674,-0.00793,0.00086,0.62303,-0.00066,0.14065,0.00084,0.70707,-0.00008,0.70714,1,4,1,1
1765409434.394326,-0.08098,-0.04964,-0.49444,0.00624,-0.00747,0.00096,0.62303,-0.00066,0.14065,0.00084,0.70707,-0.00008,0.70714,1,4,1,1
1765409434.396227,-0.04633,-0.02064,-0.46524,0.00572,-0.00767,0.00014,0.62303,-0.00066,0.14065,0.00084,0.70707,-0.00008,0.70714,1,4,1,1
1765409434.398300,-0.08944,-0.01887,-0.51832,0.00705,-0.00817,-0.00027,0.62303,-0.00066,0.14065,0.00084,0.70707,-0.00008,0.70714,1,4,1,1
1765409434.400218,-0.09450,-0.05052,-0.46386,0.00754,-0.00858,0.00087,0.62303,-0.00066,0.14065,0.00084,0.70707,-0.00008,0.70714,1,4,1,1
1765409434.402221,-0.06872,-0.03268,-0.38770,0.00339,-0.01169,0.00145,0.62303,-0.00066,0.14065,0.00084,0.70707,-0.00008,0.70714,1,4,1,1
1765409434.404227,-0.09520,-0.02427,-0.44163,0.00873,-0.01012,0.00061,0.62303,-0.00066,0.14065,0.00084,0.70707,-0.00008,0.70714,1,4,1,1
1765409434.406241,-0.08540,-0.06687,-0.35702,0.00406,-0.01085,0.00002,0.62303,-0.00066,0.14065,0.00084,0.70707,-0.00008,0.70714,1,4,1,1
1765409434.408218,-0.05529,0.00925,-0.42041,0.00608,-0.00759,0.00017,0.62303,-0.00066,0.14065,0.00084,0.70707,-0.00008,0.70714,1,4,1,1
1765409434.410255,-0.09395,-0.01443,-0.34325,0.00295,-0.00876,0.00056,0.62299,-0.00066,0.14065,0.00084,0.70707,-0.00009,0.70714,1,4,1,1
1765409434.412253,-0.10272,-0.04724,-0.35743,0.00408,-0.01028,0.00030,0.62299,-0.00066,0.14065,0.00084,0.70707,-0.00009,0.70714,1,4,1,1
1765409434.414237,-0.09105,-0.04904,-0.44854,0.00537,-0.01117,0.00008,0.62295,-0.00066,0.14065,0.00084,0.70707,-0.00008,0.70714,1,4,1,1
1765409434.416265,-0.08530,-0.02396,-0.39616,0.00305,-0.00949,0.00038,0.62295,-0.00066,0.14065,0.00084,0.70707,-0.00008,0.70714,1,4,1,1
1765409434.418245,-0.08634,-0.02657,-0.47234,0.00761,-0.00781,0.00058,0.62291,-0.00066,0.14065,0.00084,0.70707,-0.00009,0.70715,1,4,1,1
1765409434.420238,-0.08696,-0.03624,-0.46439,0.00815,-0.00792,0.00085,0.62291,-0.00066,0.14065,0.00084,0.70707,-0.00009,0.70715,1,4,1,1
1765409434.422250,-0.05459,-0.01932,-0.40426,0.00595,-0.00897,0.00020,0.62288,-0.00066,0.14065,0.00084,0.70707,-0.00008,0.70715,1,4,1,1
1765409434.424263,-0.07485,-0.03139,-0.44932,0.00515,-0.00909,0.00032,0.62269,-0.00066,0.14066,0.00084,0.70706,-0.00009,0.70715,1,4,1,1
1765409434.426355,-0.08385,-0.02583,-0.41888,0.00565,-0.00950,0.00062,0.62269,-0.00066,0.14066,0.00084,0.70706,-0.00009,0.70715,1,4,1,1
1765409434.428284,-0.09276,-0.02488,-0.48729,0.00654,-0.01015,0.00018,0.62269,-0.00066,0.14066,0.00084,0.70706,-0.00009,0.70715,1,4,1,1
1765409434.430262,-0.13044,-0.04650,-0.44877,0.00649,-0.00956,-0.00015,0.62269,-0.00066,0.14066,0.00084,0.70706,-0.00009,0.70715,1,4,1,1
1765409434.432266,-0.07058,-0.02164,-0.45674,0.00592,-0.01207,0.00032,0.62269,-0.00066,0.14066,0.00084,0.70706,-0.00009,0.70715,1,4,1,1
1765409434.434260,-0.09784,-0.03177,-0.49431,0.00711,-0.01071,0.00099,0.62269,-0.00066,0.14066,0.00084,0.70706,-0.00009,0.70715,1,4,1,1
1765409434.436277,-0.06711,-0.03590,-0.43376,0.00575,-0.00981,0.00087,0.62269,-0.00066,0.14066,0.00084,0.70706,-0.00009,0.70715,1,4,1,1
1765409434.438277,-0.08830,-0.03830,-0.43409,0.00616,-0.00881,-0.00006,0.62269,-0.00066,0.14066,0.00084,0.70706,-0.00009,0.70715,1,4,1,1
1765409434.440261,-0.07610,-0.04068,-0.41876,0.00657,-0.00920,0.00021,0.62269,-0.00066,0.14066,0.00084,0.70706,-0.00009,0.70715,1,4,1,1
1765409434.442269,-0.09053,-0.00998,-0.36579,0.00432,-0.01108,0.00068,0.62269,-0.00066,0.14066,0.00084,0.70706,-0.00009,0.70715,1,4,1,1
1765409434.444271,-0.08175,-0.01358,-0.44221,0.00755,-0.00877,0.00046,0.62269,-0.00066,0.14066,0.00084,0.70706,-0.00009,0.70715,1,4,1,1
1765409434.446264,-0.08170,-0.04765,-0.44102,0.00757,-0.00950,0.00101,0.62265,-0.00066,0.14066,0.00084,0.70706,-0.00008,0.70715,1,4,1,1
1765409434.448260,-0.08972,-0.07374,-0.45583,0.00682,-0.00760,0.00088,0.62265,-0.00066,0.14066,0.00084,0.70706,-0.00008,0.70715,1,4,1,1
1765409434.450254,-0.07280,-0.01942,-0.44956,0.00661,-0.00836,0.00099,0.62261,-0.00066,0.14066,0.00084,0.70706,-0.00009,0.70715,1,4,1,1
1765409434.452260,-0.07629,-0.02066,-0.42688,0.00681,-0.00947,0.00007,0.62261,-0.00066,0.14066,0.00084,0.70706,-0.00009,0.70715,1,4,1,1
1765409434.454271,-0.05959,-0.00169,-0.43501,0.00660,-0.00918,0.00031,0.62258,-0.00066,0.14066,0.00084,0.70706,-0.00008,0.70715,1,4,1,1
1765409434.456274,-0.07258,-0.02884,-0.47188,0.00649,-0.00911,0.00124,0.62258,-0.00066,0.14066,0.00084,0.70706,-0.00008,0.70715,1,4,1,1
1765409434.458282,-0.10669,-0.05749,-0.38744,0.00702,-0.00893,0.00135,0.62254,-0.00066,0.14066,0.00084,0.70706,-0.00008,0.70715,1,4,1,1
1765409434.460296,-0.11593,-0.04681,-0.45625,0.00824,-0.00922,0.00063,0.62254,-0.00066,0.14066,0.00084,0.70706,-0.00008,0.70715,1,4,1,1
1765409434.462301,-0.09995,-0.02720,-0.42619,0.00870,-0.00954,0.00130,0.62246,-0.00066,0.14066,0.00084,0.70706,-0.00008,0.70715,1,4,1,1
1765409434.464407,-0.07595,0.00429,-0.42720,0.00624,-0.01025,0.00060,0.62231,-0.00066,0.14066,0.00084,0.70707,-0.00009,0.70715,1,4,1,1
1765409434.466294,-0.08583,-0.01272,-0.39654,0.00428,-0.01064,-0.00030,0.62231,-0.00066,0.14066,0.00084,0.70707,-0.00009,0.70715,1,4,1,1
1765409434.468301,-0.08323,-0.05012,-0.47173,0.00579,-0.00975,-0.00035,0.62231,-0.00066,0.14066,0.00084,0.70707,-0.00009,0.70715,1,4,1,1
1765409434.470704,-0.09630,-0.05811,-0.39553,0.00570,-0.00857,0.00012,0.62231,-0.00066,0.14066,0.00084,0.70707,-0.00009,0.70715,1,4,1,1
1765409434.472286,-0.08986,-0.03243,-0.48704,0.00754,-0.00979,0.00058,0.62231,-0.00066,0.14066,0.00084,0.70707,-0.00009,0.70715,1,4,1,1
1765409434.474283,-0.10528,-0.01167,-0.50232,0.00626,-0.01127,0.00085,0.62231,-0.00066,0.14066,0.00084,0.70707,-0.00009,0.70715,1,4,1,1
1765409434.476299,-0.14054,0.00026,-0.49485,0.00815,-0.01213,0.00062,0.62231,-0.00066,0.14066,0.00084,0.70707,-0.00009,0.70715,1,4,1,1
1765409434.478277,-0.08189,-0.02458,-0.48689,0.00436,-0.01180,0.00058,0.62231,-0.00066,0.14066,0.00084,0.70707,-0.00009,0.70715,1,4,1,1
1765409434.480313,-0.07962,-0.03793,-0.44903,0.00594,-0.00979,0.00033,0.62231,-0.00066,0.14066,0.00084,0.70707,-0.00009,0.70715,1,4,1,1
1765409434.482277,-0.07095,-0.03322,-0.40350,0.00557,-0.00990,0.00063,0.62231,-0.00066,0.14066,0.00084,0.70707,-0.00009,0.70715,1,4,1,1
1765409434.484311,-0.08852,-0.02406,-0.44198,0.00589,-0.00830,0.00034,0.62231,-0.00066,0.14066,0.00084,0.70707,-0.00009,0.70715,1,4,1,1
1765409434.486317,-0.07452,-0.01636,-0.45705,0.00468,-0.00974,0.00072,0.62227,-0.00066,0.14066,0.00084,0.70706,-0.00008,0.70715,1,4,1,1
1765409434.488328,-0.08341,-0.02097,-0.41905,0.00527,-0.00951,0.00049,0.62227,-0.00066,0.14066,0.00084,0.70706,-0.00008,0.70715,1,4,1,1
1765409434.490319,-0.06248,0.00076,-0.47288,0.00532,-0.00965,0.00042,0.62223,-0.00066,0.14066,0.00084,0.70707,-0.00009,0.70715,1,4,1,1
1765409434.492330,-0.06194,0.01161,-0.45805,0.00545,-0.01069,-0.00024,0.62223,-0.00066,0.14066,0.00084,0.70707,-0.00009,0.70715,1,4,1,1
1765409434.494315,-0.05921,-0.01207,-0.46488,0.00582,-0.00903,0.00096,0.62219,-0.00066,0.14066,0.00084,0.70707,-0.00008,0.70714,1,4,1,1
1765409434.496345,-0.08940,0.00325,-0.43449,0.00251,-0.00995,0.00102,0.62219,-0.00066,0.14066,0.00084,0.70707,-0.00008,0.70714,1,4,1,1
1765409434.498332,-0.07081,-0.02927,-0.45681,0.00496,-0.00901,0.00085,0.62215,-0.00066,0.14066,0.00084,0.70707,-0.00009,0.70714,1,4,1,1
1765409434.500326,-0.10942,-0.05438,-0.49408,0.00640,-0.00980,0.00020,0.62215,-0.00066,0.14066,0.00084,0.70707,-0.00009,0.70714,1,4,1,1
1765409434.502346,-0.08274,-0.01490,-0.47975,0.00513,-0.01117,0.00031,0.62196,-0.00066,0.14066,0.00084,0.70707,-0.00008,0.70715,1,4,1,1
1765409434.504324,-0.12251,0.00824,-0.44193,0.00628,-0.01095,0.00118,0.62196,-0.00066,0.14066,0.00084,0.70707,-0.00008,0.70715,1,4,1,1
1765409434.506338,-0.08791,-0.01201,-0.47958,0.00582,-0.01148,0.00085,0.62196,-0.00066,0.14066,0.00084,0.70707,-0.00008,0.70715,1,4,1,1
1765409434.508377,-0.09216,-0.05437,-0.47129,0.00618,-0.01039,0.00020,0.62196,-0.00066,0.14066,0.00084,0.70707,-0.00008,0.70715,1,4,1,1
1765409434.510319,-0.12361,-0.07014,-0.44005,0.00795,-0.01088,0.00093,0.62196,-0.00066,0.14066,0.00084,0.70707,-0.00008,0.70715,1,4,1,1
1765409434.512322,-0.07938,-0.02877,-0.43395,0.00518,-0.00929,0.00088,0.62196,-0.00066,0.14066,0.00084,0.70707,-0.00008,0.70715,1,4,1,1
1765409434.514317,-0.08746,-0.00423,-0.42672,0.00439,-0.00933,0.00142,0.62196,-0.00066,0.14066,0.00084,0.70707,-0.00008,0.70715,1,4,1,1
1765409434.516338,-0.09260,0.00157,-0.40445,0.00249,-0.01044,-0.00030,0.62196,-0.00066,0.14066,0.00084,0.70707,-0.00008,0.70715,1,4,1,1
1765409434.518341,-0.08791,-0.01813,-0.47234,0.00574,-0.00971,0.00018,0.62196,-0.00066,0.14066,0.00084,0.70707,-0.00008,0.70715,1,4,1,1
1765409434.520325,-0.06695,-0.03107,-0.47210,0.00581,-0.00957,0.00030,0.62196,-0.00066,0.14066,0.00084,0.70707,-0.00008,0.70715,1,4,1,1
1765409434.522321,-0.08169,-0.04269,-0.41065,0.00742,-0.00963,0.00130,0.62192,-0.00066,0.14066,0.00084,0.70707,-0.00009,0.70715,1,4,1,1
1765409434.524316,-0.09681,-0.02278,-0.45713,0.00634,-0.00948,-0.00007,0.62192,-0.00066,0.14066,0.00084,0.70707,-0.00009,0.70715,1,4,1,1
1765409434.526331,-0.08868,-0.00342,-0.48020,0.00614,-0.00958,0.00057,0.62188,-0.00066,0.14066,0.00084,0.70707,-0.00008,0.70715,1,4,1,1
1765409434.528336,-0.07521,0.02787,-0.48881,0.00521,-0.00926,0.00027,0.62188,-0.00066,0.14066,0.00084,0.70707,-0.00008,0.70715,1,4,1,1
1765409434.530334,-0.08841,0.00649,-0.45740,0.00561,-0.00996,0.00113,0.62184,-0.00066,0.14067,0.00084,0.70706,-0.00009,0.70715,1,4,1,1
1765409434.532347,-0.11753,-0.03295,-0.44841,0.00622,-0.01200,0.00091,0.62184,-0.00066,0.14067,0.00084,0.70706,-0.00009,0.70715,1,4,1,1
1765409434.534373,-0.11563,-0.05276,-0.44826,0.00510,-0.01202,-0.00016,0.62176,-0.00066,0.14067,0.00084,0.70706,-0.00009,0.70715,1,4,1,1
1765409434.536359,-0.08749,-0.01154,-0.44150,0.00561,-0.01212,0.00088,0.62176,-0.00066,0.14067,0.00084,0.70706,-0.00009,0.70715,1,4,1,1
1765409434.538362,-0.06988,0.00096,-0.42683,0.00401,-0.01031,0.00127,0.62176,-0.00066,0.14067,0.00084,0.70706,-0.00009,0.70715,1,4,1,1
1765409434.540362,-0.08356,-0.01157,-0.45711,0.00495,-0.00925,0.00099,0.62176,-0.00066,0.14067,0.00084,0.70706,-0.00009,0.70715,1,4,1,1
1765409434.542358,-0.07423,-0.04519,-0.42614,0.00520,-0.01024,-0.00006,0.62164,-0.00066,0.14066,0.00084,0.70707,-0.00009,0.70715,1,4,1,1
1765409434.544369,-0.07079,0.02979,-0.45091,0.00480,-0.00881,0.00043,0.62164,-0.00066,0.14066,0.00084,0.70707,-0.00009,0.70715,1,4,1,1
1765409434.546346,-0.08260,0.01888,-0.49580,0.00445,-0.01056,0.00055,0.62164,-0.00066,0.14066,0.00084,0.70707,-0.00009,0.70715,1,4,1,1
1765409434.548356,-0.08593,0.01152,-0.51054,0.00348,-0.01101,0.00096,0.62164,-0.00066,0.14066,0.00084,0.70707,-0.00009,0.70715,1,4,1,1
1765409434.550346,-0.10455,-0.06054,-0.50125,0.00632,-0.01163,0.00019,0.62164,-0.00066,0.14066,0.00084,0.70707,-0.00009,0.70715,1,4,1,1
1765409434.552352,-0.09480,-0.05191,-0.52432,0.00468,-0.01099,0.00030,0.62164,-0.00066,0.14066,0.00084,0.70707,-0.00009,0.70715,1,4,1,1
1765409434.554377,-0.06874,0.00153,-0.47258,0.00358,-0.01109,0.00043,0.62160,-0.00066,0.14066,0.00084,0.70706,-0.00008,0.70715,1,4,1,1
1765409434.556345,-0.10896,-0.01992,-0.47926,0.00529,-0.01045,0.00128,0.62160,-0.00066,0.14066,0.00084,0.70706,-0.00008,0.70715,1,4,1,1
1765409434.558375,-0.06947,-0.02268,-0.47182,0.00438,-0.01144,0.00071,0.62156,-0.00066,0.14067,0.00084,0.70706,-0.00009,0.70715,1,4,1,1
1765409434.560368,-0.07469,-0.04586,-0.42610,0.00519,-0.00947,0.00035,0.62156,-0.00066,0.14067,0.00084,0.70706,-0.00009,0.70715,1,4,1,1
1765409434.562372,-0.08706,-0.01284,-0.45722,0.00515,-0.01036,0.00006,0.62152,-0.00066,0.14067,0.00084,0.70706,-0.00008,0.70715,1,4,1,1
1765409434.564382,-0.08340,-0.00042,-0.44985,0.00552,-0.01054,0.00033,0.62152,-0.00066,0.14067,0.00084,0.70706,-0.00008,0.70715,1,4,1,1
1765409434.566359,-0.09849,-0.03963,-0.41057,0.00396,-0.01096,0.00066,0.62148,-0.00066,0.14067,0.00084,0.70706,-0.00008,0.70715,1,4,1,1
1765409434.568376,-0.06281,-0.00325,-0.48758,0.00571,-0.01090,0.00095,0.62148,-0.00066,0.14067,0.00084,0.70706,-0.00008,0.70715,1,4,1,1
1765409434.570487,-0.07989,0.00660,-0.47276,0.00583,-0.01020,0.00070,0.62148,-0.00066,0.14067,0.00084,0.70706,-0.00008,0.70715,1,4,1,1
1765409434.572374,-0.08793,0.00290,-0.50290,0.00600,-0.01150,0.00043,0.62120,-0.00066,0.14067,0.00084,0.70706,-0.00009,0.70715,1,4,1,1
1765409434.574383,-0.09877,-0.03336,-0.42594,0.00490,-0.01224,0.00011,0.62120,-0.00066,0.14067,0.00084,0.70706,-0.00009,0.70715,1,4,1,1
1765409434.576369,-0.10457,-0.03143,-0.44892,0.00602,-0.01102,0.00022,0.62120,-0.00066,0.14067,0.00084,0.70706,-0.00009,0.70715,1,4,1,1
1765409434.578398,-0.08322,-0.03478,-0.40313,0.00533,-0.01089,0.00091,0.62120,-0.00066,0.14067,0.00084,0.70706,-0.00009,0.70715,1,4,1,1
1765409434.580420,-0.11252,-0.01628,-0.43418,0.00576,-0.01120,-0.00016,0.62120,-0.00066,0.14067,0.00084,0.70706,-0.00009,0.70715,1,4,1,1
1765409434.582395,-0.09743,-0.03869,-0.40293,0.00353,-0.01225,0.00026,0.62120,-0.00066,0.14067,0.00084,0.70706,-0.00009,0.70715,1,4,1,1
1765409434.584401,-0.09025,-0.00432,-0.38845,0.00417,-0.01222,0.00093,0.62120,-0.00066,0.14067,0.00084,0.70706,-0.00009,0.70715,1,4,1,1
1765409434.586389,-0.06754,0.00968,-0.43492,0.00652,-0.01099,0.00045,0.62120,-0.00066,0.14067,0.00084,0.70706,-0.00009,0.70715,1,4,1,1
1765409434.588382,-0.08961,-0.00517,-0.44187,0.00350,-0.01135,0.00048,0.62120,-0.00066,0.14067,0.00084,0.70706,-0.00009,0.70715,1,4,1,1
1765409434.590397,-0.11310,-0.04394,-0.40286,0.00237,-0.01168,0.00001,0.62120,-0.00066,0.14067,0.00084,0.70706,-0.00009,0.70715,1,4,1,1
1765409434.592391,-0.11891,-0.04572,-0.42547,0.00388,-0.01198,0.00027,0.62120,-0.00066,0.14067,0.00084,0.70706,-0.00009,0.70715,1,4,1,1
1765409434.594392,-0.11924,-0.05226,-0.50089,0.00773,-0.01220,0.00142,0.62120,-0.00066,0.14067,0.00084,0.70706,-0.00009,0.70715,1,4,1,1
1765409434.596405,-0.10481,-0.04569,-0.50163,0.00650,-0.01164,0.00019,0.62120,-0.00066,0.14067,0.00084,0.70706,-0.00009,0.70715,1,4,1,1
1765409434.598397,-0.12287,-0.04528,-0.50146,0.00738,-0.01141,0.00061,0.62116,-0.00066,0.14066,0.00084,0.70707,-0.00009,0.70715,1,4,1,1
1765409434.600392,-0.07166,-0.00033,-0.45719,0.00269,-0.01207,0.00032,0.62116,-0.00066,0.14066,0.00084,0.70707,-0.00009,0.70715,1,4,1,1
1765409434.602398,-0.12839,-0.01362,-0.48682,0.00776,-0.01085,0.00156,0.62112,-0.00066,0.14066,0.00084,0.70707,-0.00009,0.70714,1,4,1,1
1765409434.604396,-0.09325,-0.04609,-0.41016,0.00344,-0.01254,0.00066,0.62112,-0.00066,0.14066,0.00084,0.70707,-0.00009,0.70714,1,4,1,1
1765409434.606432,-0.10351,-0.06045,-0.48579,0.00523,-0.01227,0.00061,0.62104,-0.00066,0.14065,0.00084,0.70708,-0.00008,0.70713,1,4,1,1
1765409434.608423,-0.08752,-0.06105,-0.48633,0.00632,-0.01133,-0.00022,0.62091,-0.00066,0.14065,0.00084,0.70708,-0.00009,0.70714,1,4,1,1
1765409434.610420,-0.08212,-0.01976,-0.44859,0.00398,-0.01204,0.00169,0.62087,-0.00066,0.14065,0.00084,0.70708,-0.00009,0.70713,1,4,1,1
1765409434.612421,-0.07729,-0.03022,-0.47933,0.00735,-0.01007,0.00111,0.62087,-0.00066,0.14065,0.00084,0.70708,-0.00009,0.70713,1,4,1,1
1765409434.614406,-0.09478,-0.01528,-0.43415,0.00775,-0.00949,0.00115,0.62087,-0.00066,0.14065,0.00084,0.70708,-0.00009,0.70713,1,4,1,1
1765409434.616421,-0.08039,-0.05782,-0.44114,0.00679,-0.00914,0.00007,0.62087,-0.00066,0.14065,0.00084,0.70708,-0.00009,0.70713,1,4,1,1
1765409434.618409,-0.09949,-0.03017,-0.38106,0.00516,-0.00958,-0.00040,0.62087,-0.00066,0.14065,0.00084,0.70708,-0.00009,0.70713,1,4,1,1
1765409434.620408,-0.12539,-0.00658,-0.48716,0.00872,-0.01013,0.00155,0.62087,-0.00066,0.14065,0.00084,0.70708,-0.00009,0.70713,1,4,1,1
1765409434.622424,-0.09336,-0.05369,-0.53202,0.00750,-0.01088,0.00015,0.62087,-0.00066,0.14065,0.00084,0.70708,-0.00009,0.70713,1,4,1,1
1765409434.624413,-0.14165,-0.02437,-0.45603,0.00894,-0.01196,0.00133,0.62087,-0.00066,0.14065,0.00084,0.70708,-0.00009,0.70713,1,4,1,1
1765409434.626421,-0.11652,-0.07355,-0.50085,0.01010,-0.01224,0.00020,0.62087,-0.00066,0.14065,0.00084,0.70708,-0.00009,0.70713,1,4,1,1
1765409434.628412,-0.10890,-0.04759,-0.41745,0.00604,-0.01259,0.00134,0.62087,-0.00066,0.14065,0.00084,0.70708,-0.00009,0.70713,1,4,1,1
1765409434.630403,-0.08949,-0.02723,-0.40327,0.00695,-0.01043,0.00132,0.62083,-0.00066,0.14065,0.00084,0.70708,-0.00009,0.70713,1,4,1,1
1765409434.632413,-0.10664,-0.06228,-0.42537,0.00718,-0.00906,0.00105,0.62083,-0.00066,0.14065,0.00084,0.70708,-0.00009,0.70713,1,4,1,1
1765409434.634422,-0.08626,-0.05162,-0.45630,0.00512,-0.01111,-0.00047,0.62079,-0.00066,0.14065,0.00084,0.70708,-0.00009,0.70713,1,4,1,1
1765409434.636427,-0.08366,-0.01906,-0.46433,0.00617,-0.01179,0.00046,0.62079,-0.00066,0.14065,0.00084,0.70708,-0.00009,0.70713,1,4,1,1
1765409434.638457,-0.11717,-0.02831,-0.46380,0.00584,-0.01175,0.00077,0.62075,-0.00066,0.14065,0.00084,0.70708,-0.00009,0.70713,1,4,1,1
1765409434.640431,-0.08441,0.00127,-0.50246,0.00664,-0.01267,0.00110,0.62075,-0.00066,0.14065,0.00084,0.70708,-0.00009,0.70713,1,4,1,1
1765409434.642430,-0.10037,-0.02746,-0.54000,0.00672,-0.01298,-0.00012,0.62071,-0.00066,0.14065,0.00084,0.70708,-0.00009,0.70713,1,4,1,1
1765409434.644458,-0.12336,-0.05952,-0.51622,0.00808,-0.01190,0.00060,0.62071,-0.00066,0.14065,0.00084,0.70708,-0.00009,0.70713,1,4,1,1
1765409434.646426,-0.12762,-0.05813,-0.49342,0.00744,-0.01070,0.00116,0.62067,-0.00066,0.14065,0.00084,0.70708,-0.00009,0.70714,1,4,1,1
1765409434.648432,-0.10727,-0.04520,-0.49379,0.00848,-0.01172,0.00100,0.62047,-0.00066,0.14066,0.00084,0.70707,-0.00009,0.70714,1,4,1,1
1765409434.650432,-0.12869,-0.06141,-0.48547,0.00893,-0.01234,0.00130,0.62047,-0.00066,0.14066,0.00084,0.70707,-0.00009,0.70714,1,4,1,1
1765409434.652446,-0.09826,-0.01335,-0.41141,0.00471,-0.01252,-0.00042,0.62047,-0.00066,0.14066,0.00084,0.70707,-0.00009,0.70714,1,4,1,1
1765409434.654485,-0.10113,-0.04937,-0.45612,0.00646,-0.01016,0.00049,0.62047,-0.00066,0.14066,0.00084,0.70707,-0.00009,0.70714,1,4,1,1
1765409434.656465,-0.06295,-0.00361,-0.47246,0.00571,-0.01039,0.00096,0.62047,-0.00066,0.14066,0.00084,0.70707,-0.00009,0.70714,1,4,1,1
1765409434.658427,-0.08048,-0.01218,-0.47228,0.00691,-0.01094,0.00044,0.62047,-0.00066,0.14066,0.00084,0.70707,-0.00009,0.70714,1,4,1,1
1765409434.660455,-0.09681,-0.04645,-0.47883,0.00649,-0.01097,0.00060,0.62047,-0.00066,0.14066,0.00084,0.70707,-0.00009,0.70714,1,4,1,1
1765409434.662446,-0.12177,-0.05549,-0.42530,0.00638,-0.01117,0.00054,0.62047,-0.00066,0.14066,0.00084,0.70707,-0.00009,0.70714,1,4,1,1
1765409434.664456,-0.12752,-0.04716,-0.47861,0.00801,-0.01174,0.00050,0.62047,-0.00066,0.14066,0.00084,0.70707,-0.00009,0.70714,1,4,1,1
1765409434.666452,-0.07198,-0.00296,-0.48017,0.00659,-0.01054,0.00056,0.62047,-0.00066,0.14066,0.00084,0.70707,-0.00009,0.70714,1,4,1,1
1765409434.668461,-0.09824,-0.01157,-0.52538,0.00779,-0.01098,0.00042,0.62047,-0.00066,0.14066,0.00084,0.70707,-0.00009,0.70714,1,4,1,1
1765409434.670456,-0.09536,-0.02148,-0.47978,0.00570,-0.01140,-0.00048,0.62043,-0.00066,0.14065,0.00084,0.70707,-0.00009,0.70714,1,4,1,1
1765409434.672453,-0.09018,-0.01957,-0.47962,0.00442,-0.01146,0.00005,0.62043,-0.00066,0.14065,0.00084,0.70707,-0.00009,0.70714,1,4,1,1
1765409434.674479,-0.09668,0.00355,-0.49522,0.00644,-0.01190,0.00044,0.62039,-0.00066,0.14066,0.00084,0.70707,-0.00009,0.70714,1,4,1,1
1765409434.676485,-0.11051,0.01087,-0.47976,0.00675,-0.01159,0.00167,0.62039,-0.00066,0.14066,0.00084,0.70707,-0.00009,0.70714,1,4,1,1
1765409434.678449,-0.10455,-0.05561,-0.49366,0.00616,-0.01176,0.00047,0.62035,-0.00066,0.14066,0.00084,0.70707,-0.00009,0.70714,1,4,1,1
1765409434.680452,-0.12726,-0.08805,-0.42400,0.00468,-0.01413,0.00030,0.62014,-0.00066,0.14066,0.00084,0.70707,-0.00009,0.70714,1,4,1,1
1765409434.682476,-0.10160,-0.06725,-0.42493,0.00755,-0.01217,0.00066,0.62014,-0.00066,0.14066,0.00084,0.70707,-0.00009,0.70714,1,4,1,1
1765409434.684489,-0.08797,-0.00216,-0.42680,0.00594,-0.01124,0.00062,0.62014,-0.00066,0.14066,0.00084,0.70707,-0.00009,0.70714,1,4,1,1
1765409434.686470,-0.07122,0.00760,-0.42685,0.00584,-0.01182,0.00114,0.62014,-0.00066,0.14066,0.00084,0.70707,-0.00009,0.70714,1,4,1,1
1765409434.688584,-0.10490,0.04134,-0.46583,0.00516,-0.01005,0.00099,0.62014,-0.00066,0.14066,0.00084,0.70707,-0.00009,0.70714,1,4,1,1
1765409434.690506,-0.12075,-0.03612,-0.52474,0.00552,-0.01108,-0.00009,0.62014,-0.00066,0.14066,0.00084,0.70707,-0.00009,0.70714,1,4,1,1
1765409434.692473,-0.11253,-0.03630,-0.50183,0.00552,-0.01117,0.00033,0.62014,-0.00066,0.14066,0.00084,0.70707,-0.00009,0.70714,1,4,1,1
1765409434.694465,-0.09696,-0.01594,-0.50187,0.00643,-0.01250,0.00139,0.62014,-0.00066,0.14066,0.00084,0.70707,-0.00009,0.70714,1,4,1,1
1765409434.696477,-0.12658,0.00722,-0.51762,0.00671,-0.01267,0.00099,0.62014,-0.00066,0.14066,0.00084,0.70707,-0.00009,0.70714,1,4,1,1
1765409434.698486,-0.10719,-0.04184,-0.50128,0.00524,-0.01389,0.00033,0.62014,-0.00066,0.14066,0.00084,0.70707,-0.00009,0.70714,1,4,1,1
1765409434.700471,-0.09484,-0.02147,-0.47956,0.00505,-0.01178,-0.00008,0.62014,-0.00066,0.14066,0.00084,0.70707,-0.00009,0.70714,1,4,1,1
1765409434.702466,-0.09355,-0.01692,-0.38099,0.00379,-0.01156,-0.00014,0.62014,-0.00066,0.14066,0.00084,0.70707,-0.00009,0.70714,1,4,1,1
1765409434.704494,-0.07421,0.01915,-0.41966,0.00445,-0.01116,0.00101,0.62010,-0.00066,0.14066,0.00084,0.70707,-0.00009,0.70714,1,4,1,1
1765409434.706479,-0.10535,-0.02663,-0.46419,0.00651,-0.01076,0.00048,0.62010,-0.00066,0.14066,0.00084,0.70707,-0.00009,0.70714,1,4,1,1
1765409434.708491,-0.08278,-0.03914,-0.47913,0.00549,-0.01153,0.00018,0.62006,-0.00066,0.14066,0.00084,0.70707,-0.00009,0.70714,1,4,1,1
1765409434.710503,-0.09181,-0.01878,-0.50982,0.00596,-0.01207,0.00043,0.62002,-0.00066,0.14066,0.00084,0.70707,-0.00009,0.70714,1,4,1,1
1765409434.712498,-0.08371,-0.02786,-0.58548,0.00672,-0.01317,0.00023,0.62002,-0.00066,0.14066,0.00084,0.70707,-0.00009,0.70714,1,4,1,1
1765409434.714510,-0.09349,-0.04064,-0.48586,0.00351,-0.01354,0.00128,0.62002,-0.00066,0.14066,0.00084,0.70707,-0.00009,0.70714,1,4,1,1
1765409434.716498,-0.08966,-0.07285,-0.48553,0.00443,-0.01281,0.00034,0.61978,-0.00066,0.14067,0.00084,0.70706,-0.00009,0.70715,1,4,1,1
1765409434.718509,-0.08410,-0.04880,-0.49383,0.00647,-0.01162,0.00085,0.61978,-0.00066,0.14067,0.00084,0.70706,-0.00009,0.70715,1,4,1,1
1765409434.720515,-0.09881,-0.02243,-0.41872,0.00766,-0.00969,0.00117,0.61978,-0.00066,0.14067,0.00084,0.70706,-0.00009,0.70715,1,4,1,1
1765409434.722489,-0.08859,0.03225,-0.48855,0.00636,-0.01101,0.00043,0.61978,-0.00066,0.14067,0.00084,0.70706,-0.00009,0.70715,1,4,1,1
1765409434.724551,-0.11340,-0.01546,-0.50988,0.00665,-0.01219,0.00018,0.61978,-0.00066,0.14067,0.00084,0.70706,-0.00009,0.70715,1,4,1,1
1765409434.726506,-0.09566,-0.03975,-0.53181,0.00614,-0.01352,0.00043,0.61978,-0.00066,0.14067,0.00084,0.70706,-0.00009,0.70715,1,4,1,1
1765409434.728509,-0.08946,-0.04569,-0.49381,0.00760,-0.01194,0.00099,0.61978,-0.00066,0.14067,0.00084,0.70706,-0.00009,0.70715,1,4,1,1
1765409434.730502,-0.10306,-0.06299,-0.50868,0.00848,-0.01113,0.00085,0.61978,-0.00066,0.14067,0.00084,0.70706,-0.00009,0.70715,1,4,1,1
1765409434.732509,-0.11378,-0.03815,-0.53235,0.01053,-0.01026,0.00056,0.61978,-0.00066,0.14067,0.00084,0.70706,-0.00009,0.70715,1,4,1,1
1765409434.734500,-0.11850,-0.02785,-0.44883,0.00737,-0.01162,0.00037,0.61978,-0.00066,0.14067,0.00084,0.70706,-0.00009,0.70715,1,4,1,1
1765409434.736494,-0.15412,-0.02203,-0.47899,0.00875,-0.01143,0.00105,0.61978,-0.00066,0.14067,0.00084,0.70706,-0.00009,0.70715,1,4,1,1
1765409434.738597,-0.11615,-0.00036,-0.45654,0.00837,-0.01228,0.00184,0.61978,-0.00066,0.14067,0.00084,0.70706,-0.00009,0.70715,1,4,1,1
1765409434.740543,-0.08471,-0.01873,-0.44122,0.00683,-0.01214,0.00129,0.61974,-0.00066,0.14067,0.00084,0.70705,-0.00009,0.70716,1,4,1,1
1765409434.742514,-0.09194,-0.02821,-0.50993,0.00671,-0.01207,-0.00051,0.61974,-0.00066,0.14067,0.00084,0.70705,-0.00009,0.70716,1,4,1,1
1765409434.744533,-0.15065,-0.04428,-0.52388,0.00936,-0.01145,0.00142,0.61970,-0.00066,0.14068,0.00084,0.70705,-0.00009,0.70716,1,4,1,1
1765409434.746527,-0.12546,0.01131,-0.47229,0.00544,-0.01193,0.00089,0.61970,-0.00066,0.14068,0.00084,0.70705,-0.00009,0.70716,1,4,1,1
1765409434.748532,-0.12959,0.01010,-0.54043,0.00587,-0.01340,0.00071,0.61966,-0.00066,0.14068,0.00084,0.70705,-0.00009,0.70716,1,4,1,1
1765409434.750550,-0.12692,-0.00732,-0.45630,0.00697,-0.01291,0.00145,0.61966,-0.00066,0.14068,0.00084,0.70705,-0.00009,0.70716,1,4,1,1
1765409434.752532,-0.09841,-0.05659,-0.51625,0.00528,-0.01412,-0.00009,0.61942,-0.00066,0.14068,0.00084,0.70705,-0.00009,0.70716,1,4,1,1
1765409434.754527,-0.14839,-0.03414,-0.47088,0.00751,-0.01238,0.00120,0.61942,-0.00066,0.14068,0.00084,0.70705,-0.00009,0.70716,1,4,1,1
1765409434.756527,-0.09096,-0.00917,-0.40367,0.00498,-0.01196,0.00065,0.61942,-0.00066,0.14068,0.00084,0.70705,-0.00009,0.70716,1,4,1,1
1765409434.758552,-0.07624,-0.01935,-0.49484,0.00704,-0.01137,0.00042,0.61942,-0.00066,0.14068,0.00084,0.70705,-0.00009,0.70716,1,4,1,1
1765409434.760648,-0.09261,-0.01951,-0.47980,0.00660,-0.01067,0.00005,0.61942,-0.00066,0.14068,0.00084,0.70705,-0.00009,0.70716,1,4,1,1
1765409434.762538,-0.08816,-0.01622,-0.51763,0.00664,-0.01199,0.00015,0.61942,-0.00066,0.14068,0.00084,0.70705,-0.00009,0.70716,1,4,1,1
1765409434.764534,-0.13001,-0.05855,-0.59186,0.00678,-0.01359,0.00056,0.61942,-0.00066,0.14068,0.00084,0.70705,-0.00009,0.70716,1,4,1,1
1765409434.766532,-0.11943,-0.07484,-0.56113,0.00921,-0.01422,0.00044,0.61942,-0.00066,0.14068,0.00084,0.70705,-0.00009,0.70716,1,4,1,1
1765409434.768535,-0.08157,-0.02807,-0.48645,0.00453,-0.01370,0.00072,0.61942,-0.00066,0.14068,0.00084,0.70705,-0.00009,0.70716,1,4,1,1
1765409434.770527,-0.08447,-0.01920,-0.54053,0.00704,-0.01127,-0.00001,0.61942,-0.00066,0.14068,0.00084,0.70705,-0.00009,0.70716,1,4,1,1
1765409434.772554,-0.11231,0.01067,-0.46474,0.00828,-0.01069,0.00168,0.61942,-0.00066,0.14068,0.00084,0.70705,-0.00009,0.70716,1,4,1,1
1765409434.774555,-0.13787,-0.03471,-0.40989,0.00532,-0.01276,0.00164,0.61942,-0.00066,0.14068,0.00084,0.70705,-0.00009,0.70716,1,4,1,1
1765409434.776544,-0.10861,-0.07161,-0.41677,0.00619,-0.01334,0.00122,0.61938,-0.00066,0.14067,0.00084,0.70705,-0.00009,0.70716,1,4,1,1
1765409434.778527,-0.09538,-0.05258,-0.42551,0.00948,-0.01149,0.00064,0.61938,-0.00066,0.14067,0.00084,0.70705,-0.00009,0.70716,1,4,1,1
1765409434.780564,-0.12062,-0.01763,-0.47208,0.00946,-0.01122,0.00008,0.61934,-0.00066,0.14068,0.00084,0.70705,-0.00009,0.70716,1,4,1,1
1765409434.782583,-0.08250,0.00794,-0.49517,0.00825,-0.01130,0.00150,0.61934,-0.00066,0.14068,0.00084,0.70705,-0.00009,0.70716,1,4,1,1
1765409434.784573,-0.09236,-0.03398,-0.46362,0.00599,-0.01166,0.00128,0.61930,-0.00066,0.14067,0.00084,0.70705,-0.00009,0.70716,1,4,1,1
1765409434.786575,-0.14411,-0.07399,-0.53107,0.01140,-0.01062,0.00101,0.61930,-0.00066,0.14067,0.00084,0.70705,-0.00009,0.70716,1,4,1,1
1765409434.788593,-0.11549,-0.05933,-0.45531,0.00852,-0.01225,0.00105,0.61930,-0.00066,0.14067,0.00084,0.70705,-0.00009,0.70716,1,4,1,1
1765409434.790565,-0.11135,-0.03078,-0.51642,0.00887,-0.01434,0.00126,0.61925,-0.00066,0.14067,0.00084,0.70705,-0.00009,0.70716,1,4,1,1
1765409434.792627,-0.12354,-0.01825,-0.44873,0.00880,-0.01385,0.00038,0.61905,-0.00066,0.14067,0.00084,0.70705,-0.00009,0.70716,1,4,1,1
1765409434.794714,-0.13655,-0.07017,-0.50802,0.00904,-0.01338,0.00076,0.61905,-0.00066,0.14067,0.00084,0.70705,-0.00009,0.70716,1,4,1,1
1765409434.796635,-0.12953,-0.08437,-0.50025,0.01084,-0.01359,0.00036,0.61905,-0.00066,0.14067,0.00084,0.70705,-0.00009,0.70716,1,4,1,1
1765409434.798687,-0.12604,-0.07501,-0.37098,0.00724,-0.01427,0.00100,0.61905,-0.00066,0.14067,0.00084,0.70705,-0.00009,0.70716,1,4,1,1
1765409434.800575,-0.13274,-0.06298,-0.43215,0.00913,-0.01318,0.00122,0.61905,-0.00066,0.14067,0.00084,0.70705,-0.00009,0.70716,1,4,1,1
1765409434.802611,-0.13023,-0.08918,-0.49269,0.01165,-0.01333,0.00010,0.61905,-0.00066,0.14067,0.00084,0.70705,-0.00009,0.70716,1,4,1,1
1765409434.804589,-0.14915,-0.05925,-0.50111,0.01333,-0.01262,0.00009,0.61905,-0.00066,0.14067,0.00084,0.70705,-0.00009,0.70716,1,4,1,1
1765409434.806589,-0.10444,-0.05084,-0.51640,0.01059,-0.01328,0.00058,0.61905,-0.00066,0.14067,0.00084,0.70705,-0.00009,0.70716,1,4,1,1
1765409434.808583,-0.10700,-0.09097,-0.53058,0.01251,-0.01181,0.00125,0.61905,-0.00066,0.14067,0.00084,0.70705,-0.00009,0.70716,1,4,1,1
1765409434.810574,-0.11380,-0.11085,-0.51472,0.01096,-0.01196,0.00141,0.61905,-0.00066,0.14067,0.00084,0.70705,-0.00009,0.70716,1,4,1,1
1765409434.812582,-0.13276,-0.10009,-0.50768,0.01327,-0.01150,0.00075,0.61902,-0.00066,0.14068,0.00084,0.70705,-0.00009,0.70716,1,4,1,1
1765409434.814607,-0.11508,-0.11100,-0.50725,0.01205,-0.01132,0.00141,0.61902,-0.00066,0.14068,0.00084,0.70705,-0.00009,0.70716,1,4,1,1
1765409434.816568,-0.10523,-0.10487,-0.46195,0.01169,-0.01298,0.00050,0.61898,-0.00066,0.14068,0.00084,0.70705,-0.00009,0.70717,1,4,1,1
1765409434.818637,-0.09072,-0.02753,-0.51002,0.01306,-0.01093,0.00028,0.61898,-0.00066,0.14068,0.00084,0.70705,-0.00009,0.70717,1,4,1,1
1765409434.820579,-0.10977,0.00007,-0.53312,0.01099,-0.01186,0.00055,0.61894,-0.00066,0.14068,0.00084,0.70705,-0.00009,0.70717,1,4,1,1
1765409434.822605,-0.12543,-0.00474,-0.47168,0.00940,-0.01229,0.00156,0.61894,-0.00066,0.14068,0.00084,0.70705,-0.00009,0.70717,1,4,1,1
1765409434.824650,-0.12202,-0.09267,-0.40106,0.00746,-0.01380,0.00084,0.61890,-0.00066,0.14068,0.00084,0.70705,-0.00009,0.70717,1,4,1,1
1765409434.826615,-0.08842,-0.08820,-0.43245,0.01058,-0.00990,0.00076,0.61890,-0.00066,0.14068,0.00084,0.70705,-0.00009,0.70717,1,4,1,1
1765409434.828619,-0.10848,-0.09956,-0.47016,0.01022,-0.01054,0.00009,0.61890,-0.00066,0.14068,0.00084,0.70705,-0.00009,0.70717,1,4,1,1
1765409434.830609,-0.10451,-0.04294,-0.42595,0.01003,-0.01063,0.00037,0.61870,-0.00066,0.14069,0.00084,0.70704,-0.00009,0.70717,1,4,1,1
1765409434.832624,-0.10418,-0.05770,-0.44815,0.00964,-0.01100,0.00076,0.61870,-0.00066,0.14069,0.00084,0.70704,-0.00009,0.70717,1,4,1,1
1765409434.834751,-0.09642,-0.02811,-0.47138,0.00978,-0.01148,0.00154,0.61870,-0.00066,0.14069,0.00084,0.70704,-0.00009,0.70717,1,4,1,1
1765409434.836602,-0.07501,-0.01686,-0.51007,0.00948,-0.01074,0.00094,0.61870,-0.00066,0.14069,0.00084,0.70704,-0.00009,0.70717,1,4,1,1
1765409434.838616,-0.13548,-0.03448,-0.53236,0.01144,-0.01077,0.00031,0.61870,-0.00066,0.14069,0.00084,0.70704,-0.00009,0.70717,1,4,1,1
1765409434.840598,-0.13704,-0.05576,-0.50126,0.00965,-0.01239,-0.00005,0.61870,-0.00066,0.14069,0.00084,0.70704,-0.00009,0.70717,1,4,1,1
1765409434.842626,-0.18685,-0.05152,-0.46998,0.00511,-0.01495,0.00058,0.61870,-0.00066,0.14069,0.00084,0.70704,-0.00009,0.70717,1,4,1,1
1765409434.844598,-0.13950,-0.04595,-0.53113,0.00868,-0.01604,0.00035,0.61870,-0.00066,0.14069,0.00084,0.70704,-0.00009,0.70717,1,4,1,1
1765409434.846613,-0.13651,-0.06441,-0.47769,0.00933,-0.01428,0.00065,0.61870,-0.00066,0.14069,0.00084,0.70704,-0.00009,0.70717,1,4,1,1
1765409434.848594,-0.12433,-0.06935,-0.46982,0.00621,-0.01570,0.00039,0.61866,-0.00066,0.14069,0.00084,0.70704,-0.00009,0.70717,1,4,1,1
1765409434.850602,-0.11546,-0.07348,-0.45483,0.00879,-0.01300,0.00105,0.61866,-0.00066,0.14069,0.00084,0.70704,-0.00009,0.70717,1,4,1,1
1765409434.852608,-0.12152,-0.07028,-0.46245,0.01057,-0.01318,0.00118,0.61862,-0.00066,0.14069,0.00084,0.70704,-0.00009,0.70717,1,4,1,1
1765409434.854608,-0.11887,-0.05846,-0.49358,0.01203,-0.01196,0.00061,0.61862,-0.00066,0.14069,0.00084,0.70704,-0.00009,0.70717,1,4,1,1
1765409434.856642,-0.12768,-0.06468,-0.44011,0.00933,-0.01390,-0.00014,0.61858,-0.00065,0.14069,0.00084,0.70704,-0.00009,0.70717,1,4,1,1
1765409434.858626,-0.12973,-0.07937,-0.55342,0.01090,-0.01384,0.00059,0.61858,-0.00065,0.14069,0.00084,0.70704,-0.00009,0.70717,1,4,1,1
1765409434.860662,-0.11991,-0.07014,-0.54548,0.00883,-0.01445,0.00193,0.61853,-0.00065,0.14069,0.00084,0.70704,-0.00009,0.70717,1,4,1,1
1765409434.862713,-0.12109,-0.07468,-0.56123,0.01074,-0.01382,0.00044,0.61853,-0.00065,0.14069,0.00084,0.70704,-0.00009,0.70717,1,4,1,1
1765409434.864627,-0.11716,-0.06839,-0.53124,0.01060,-0.01248,0.00045,0.61849,-0.00065,0.14069,0.00084,0.70704,-0.00009,0.70717,1,4,1,1
1765409434.866621,-0.13026,-0.06758,-0.42486,0.00776,-0.01374,-0.00025,0.61849,-0.00065,0.14069,0.00084,0.70704,-0.00009,0.70717,1,4,1,1
1765409434.868629,-0.10984,-0.05675,-0.45519,0.00724,-0.01308,0.00118,0.61849,-0.00065,0.14069,0.00084,0.70704,-0.00009,0.70717,1,4,1,1
1765409434.870633,-0.11582,-0.04964,-0.44796,0.00864,-0.01200,0.00118,0.61849,-0.00065,0.14069,0.00084,0.70704,-0.00009,0.70717,1,4,1,1
1765409434.872627,-0.08965,-0.01931,-0.46411,0.00857,-0.01362,0.00033,0.61829,-0.00065,0.14069,0.00084,0.70704,-0.00009,0.70717,1,4,1,1
1765409434.874718,-0.11530,-0.02890,-0.47906,0.00889,-0.01305,0.00021,0.61829,-0.00065,0.14069,0.00084,0.70704,-0.00009,0.70717,1,4,1,1
1765409434.876637,-0.08928,-0.04447,-0.46341,0.00805,-0.01322,0.00061,0.61829,-0.00065,0.14069,0.00084,0.70704,-0.00009,0.70717,1,4,1,1
1765409434.878617,-0.09898,-0.00544,-0.46433,0.00852,-0.01236,0.00114,0.61829,-0.00065,0.14069,0.00084,0.70704,-0.00009,0.70717,1,4,1,1
1765409434.880617,-0.11736,-0.05489,-0.46295,0.00967,-0.01133,0.00171,0.61829,-0.00065,0.14069,0.00084,0.70704,-0.00009,0.70717,1,4,1,1
1765409434.882628,-0.12966,-0.00680,-0.49440,0.00960,-0.01262,0.00142,0.61829,-0.00065,0.14069,0.00084,0.70704,-0.00009,0.70717,1,4,1,1
1765409434.884633,-0.15789,-0.03717,-0.54658,0.00922,-0.01404,0.00088,0.61829,-0.00065,0.14069,0.00084,0.70704,-0.00009,0.70717,1,4,1,1
1765409434.886636,-0.14761,-0.05673,-0.49307,0.00811,-0.01467,0.00025,0.61829,-0.00065,0.14069,0.00084,0.70704,-0.00009,0.70717,1,4,1,1
1765409434.888629,-0.14033,-0.05747,-0.52348,0.00876,-0.01386,0.00062,0.61825,-0.00065,0.14069,0.00084,0.70704,-0.00009,0.70717,1,4,1,1
1765409434.890627,-0.10324,-0.02192,-0.49402,0.00876,-0.01331,0.00140,0.61825,-0.00065,0.14069,0.00084,0.70704,-0.00009,0.70717,1,4,1,1
1765409434.892636,-0.13197,-0.04359,-0.49364,0.00849,-0.01296,0.00063,0.61821,-0.00065,0.14069,0.00084,0.70704,-0.00009,0.70717,1,4,1,1
1765409434.894635,-0.16162,-0.07446,-0.52323,0.00921,-0.01321,0.00010,0.61821,-0.00065,0.14069,0.00084,0.70704,-0.00009,0.70717,1,4,1,1
1765409434.896653,-0.16983,-0.06646,-0.43149,0.00494,-0.01540,0.00100,0.61817,-0.00065,0.14068,0.00084,0.70705,-0.00009,0.70716,1,4,1,1
1765409434.898674,-0.11829,-0.04106,-0.48579,0.00743,-0.01400,0.00116,0.61817,-0.00065,0.14068,0.00084,0.70705,-0.00009,0.70716,1,4,1,1
1765409434.900651,-0.10266,0.00198,-0.48743,0.00817,-0.01233,0.00072,0.61812,-0.00065,0.14068,0.00084,0.70705,-0.00009,0.70716,1,4,1,1
1765409434.902650,-0.13244,-0.05535,-0.43991,0.00551,-0.01460,0.00041,0.61792,-0.00065,0.14067,0.00084,0.70706,-0.00009,0.70715,1,4,1,1
1765409434.904658,-0.10469,-0.01051,-0.51023,0.00671,-0.01231,-0.00037,0.61792,-0.00065,0.14067,0.00084,0.70706,-0.00009,0.70715,1,4,1,1
1765409434.906664,-0.09770,-0.03010,-0.48645,0.00757,-0.01274,0.00100,0.61792,-0.00065,0.14067,0.00084,0.70706,-0.00009,0.70715,1,4,1,1
1765409434.908669,-0.12834,-0.01220,-0.51697,0.00822,-0.01263,0.00154,0.61792,-0.00065,0.14067,0.00084,0.70706,-0.00009,0.70715,1,4,1,1
1765409434.910698,-0.13085,-0.05254,-0.56157,0.00795,-0.01448,0.00045,0.61792,-0.00065,0.14067,0.00084,0.70706,-0.00009,0.70715,1,4,1,1
1765409434.912661,-0.12278,-0.06977,-0.56108,0.00490,-0.01571,-0.00009,0.61792,-0.00065,0.14067,0.00084,0.70706,-0.00009,0.70715,1,4,1,1
1765409434.914670,-0.14760,-0.03838,-0.53128,0.00703,-0.01365,0.00129,0.61792,-0.00065,0.14067,0.00084,0.70706,-0.00009,0.70715,1,4,1,1
1765409434.916660,-0.11455,-0.03956,-0.47858,0.00767,-0.01266,0.00089,0.61792,-0.00065,0.14067,0.00084,0.70706,-0.00009,0.70715,1,4,1,1
1765409434.918660,-0.11611,-0.06165,-0.41686,0.00522,-0.01363,0.00136,0.61792,-0.00065,0.14067,0.00084,0.70706,-0.00009,0.70715,1,4,1,1
1765409434.920657,-0.08646,-0.04346,-0.46394,0.00893,-0.01097,0.00033,0.61792,-0.00065,0.14067,0.00084,0.70706,-0.00009,0.70715,1,4,1,1
1765409434.922657,-0.10038,-0.03133,-0.47165,0.00952,-0.01030,0.00100,0.61792,-0.00065,0.14067,0.00084,0.70706,-0.00009,0.70715,1,4,1,1
1765409434.924656,-0.13114,-0.02244,-0.46371,0.01050,-0.01119,0.00184,0.61788,-0.00065,0.14067,0.00084,0.70706,-0.00009,0.70715,1,4,1,1
1765409434.926670,-0.13062,-0.07119,-0.45433,0.00794,-0.01586,0.00108,0.61788,-0.00065,0.14067,0.00084,0.70706,-0.00009,0.70715,1,4,1,1
1765409434.928671,-0.13854,-0.08141,-0.46951,0.00760,-0.01513,0.00054,0.61784,-0.00065,0.14068,0.00084,0.70706,-0.00009,0.70716,1,4,1,1
1765409434.930686,-0.13329,-0.05737,-0.54654,0.01029,-0.01357,0.00019,0.61784,-0.00065,0.14068,0.00084,0.70706,-0.00009,0.70716,1,4,1,1
1765409434.932723,-0.12055,-0.05473,-0.50838,0.01011,-0.01435,0.00074,0.61780,-0.00065,0.14068,0.00084,0.70706,-0.00009,0.70716,1,4,1,1
1765409434.934677,-0.13295,-0.08641,-0.48457,0.00994,-0.01455,0.00105,0.61780,-0.00065,0.14068,0.00084,0.70706,-0.00009,0.70716,1,4,1,1
1765409434.936696,-0.14828,-0.08630,-0.42402,0.00885,-0.01426,0.00031,0.61776,-0.00065,0.14067,0.00084,0.70706,-0.00009,0.70715,1,4,1,1
1765409434.938701,-0.17510,-0.11006,-0.43081,0.01030,-0.01416,0.00061,0.61776,-0.00065,0.14067,0.00084,0.70706,-0.00009,0.70715,1,4,1,1
1765409434.940733,-0.16711,-0.06197,-0.53072,0.00980,-0.01339,0.00118,0.61776,-0.00065,0.14067,0.00084,0.70706,-0.00009,0.70715,1,4,1,1
1765409434.942744,-0.15572,-0.05657,-0.49247,0.00724,-0.01531,0.00147,0.61772,-0.00065,0.14067,0.00084,0.70706,-0.00009,0.70715,1,4,1,1
1765409434.944681,-0.11546,-0.05299,-0.53121,0.00904,-0.01403,0.00085,0.61768,-0.00065,0.14067,0.00084,0.70706,-0.00009,0.70715,1,4,1,1
1765409434.946697,-0.10946,-0.02389,-0.48685,0.01114,-0.01261,0.00046,0.61768,-0.00065,0.14067,0.00084,0.70706,-0.00009,0.70715,1,4,1,1
1765409434.948677,-0.09918,-0.00024,-0.46467,0.00902,-0.01237,0.00060,0.61755,-0.00065,0.14066,0.00084,0.70707,-0.00009,0.70715,1,4,1,1
1765409434.950687,-0.10737,-0.02869,-0.45575,0.00890,-0.01389,0.00144,0.61755,-0.00065,0.14066,0.00084,0.70707,-0.00009,0.70715,1,4,1,1
1765409434.952694,-0.13987,-0.05252,-0.45528,0.00838,-0.01387,0.00054,0.61755,-0.00065,0.14066,0.00084,0.70707,-0.00009,0.70715,1,4,1,1
1765409434.954694,-0.13959,-0.07162,-0.50035,0.00859,-0.01462,0.00024,0.61755,-0.00065,0.14066,0.00084,0.70707,-0.00009,0.70715,1,4,1,1
1765409434.956692,-0.15726,-0.02114,-0.48615,0.00920,-0.01546,0.00052,0.61755,-0.00065,0.14066,0.00084,0.70707,-0.00009,0.70715,1,4,1,1
1765409434.958700,-0.14875,-0.03558,-0.51574,0.00903,-0.01655,0.00131,0.61755,-0.00065,0.14066,0.00084,0.70707,-0.00009,0.70715,1,4,1,1
1765409434.960733,-0.12862,-0.06284,-0.52307,0.01044,-0.01628,0.00061,0.61751,-0.00065,0.14067,0.00084,0.70707,-0.00009,0.70715,1,4,1,1
1765409434.962708,-0.14970,-0.07448,-0.57571,0.01052,-0.01664,0.00073,0.61751,-0.00065,0.14067,0.00084,0.70707,-0.00009,0.70715,1,4,1,1
1765409434.964733,-0.15116,-0.07570,-0.53804,0.01138,-0.01460,0.00076,0.61747,-0.00065,0.14066,0.00084,0.70707,-0.00009,0.70714,1,4,1,1
1765409434.966695,-0.14385,-0.02178,-0.49376,0.01182,-0.01434,0.00130,0.61747,-0.00065,0.14066,0.00084,0.70707,-0.00009,0.70714,1,4,1,1
1765409434.968706,-0.13000,-0.08303,-0.54564,0.01173,-0.01511,0.00033,0.61747,-0.00065,0.14066,0.00084,0.70707,-0.00009,0.70714,1,4,1,1
1765409434.970715,-0.11617,-0.11092,-0.49974,0.01095,-0.01450,-0.00032,0.61743,-0.00065,0.14066,0.00084,0.70707,-0.00009,0.70714,1,4,1,1
1765409434.972702,-0.10984,-0.12228,-0.47662,0.01191,-0.01265,0.00077,0.61743,-0.00065,0.14066,0.00084,0.70707,-0.00009,0.70714,1,4,1,1
1765409434.974711,-0.12598,-0.09592,-0.50016,0.01420,-0.01056,0.00142,0.61739,-0.00065,0.14066,0.00084,0.70708,-0.00009,0.70714,1,4,1,1
1765409434.976749,-0.10677,-0.07173,-0.47804,0.01209,-0.01120,0.00115,0.61739,-0.00065,0.14066,0.00084,0.70708,-0.00009,0.70714,1,4,1,1
1765409434.978700,-0.06814,-0.03026,-0.52480,0.01150,-0.01208,0.00093,0.61719,-0.00065,0.14066,0.00084,0.70707,-0.00009,0.70714,1,4,1,1
1765409434.980757,-0.08068,-0.07777,-0.56172,0.01136,-0.01087,0.00079,0.61719,-0.00065,0.14066,0.00084,0.70707,-0.00009,0.70714,1,4,1,1
1765409434.982701,-0.11264,-0.08410,-0.55409,0.01390,-0.01024,0.00042,0.61719,-0.00065,0.14066,0.00084,0.70707,-0.00009,0.70714,1,4,1,1
1765409434.984730,-0.11504,-0.07116,-0.56906,0.01209,-0.01186,0.00109,0.61719,-0.00065,0.14066,0.00084,0.70707,-0.00009,0.70714,1,4,1,1
1765409434.986730,-0.13070,-0.07426,-0.55383,0.01205,-0.01346,0.00004,0.61719,-0.00065,0.14066,0.00084,0.70707,-0.00009,0.70714,1,4,1,1
1765409434.988768,-0.13189,-0.08667,-0.46211,0.00928,-0.01420,0.00026,0.61719,-0.00065,0.14066,0.00084,0.70707,-0.00009,0.70714,1,4,1,1
1765409434.990728,-0.13391,-0.06765,-0.45516,0.01060,-0.01279,0.00053,0.61719,-0.00065,0.14066,0.00084,0.70707,-0.00009,0.70714,1,4,1,1
1765409434.992752,-0.10694,-0.05349,-0.46313,0.00903,-0.01338,0.00049,0.61719,-0.00065,0.14066,0.00084,0.70707,-0.00009,0.70714,1,4,1,1
1765409434.994729,-0.11447,-0.04167,-0.47124,0.01158,-0.01165,0.00075,0.61719,-0.00065,0.14066,0.00084,0.70707,-0.00009,0.70714,1,4,1,1
1765409434.996747,-0.14607,-0.00631,-0.44906,0.00960,-0.01244,0.00066,0.61715,-0.00065,0.14066,0.00084,0.70707,-0.00009,0.70714,1,4,1,1
1765409434.998734,-0.12362,-0.04217,-0.50844,0.00895,-0.01508,0.00102,0.61715,-0.00065,0.14066,0.00084,0.70707,-0.00009,0.70714,1,4,1,1
1765409435.000747,-0.14996,-0.04551,-0.51547,0.01000,-0.01615,0.00158,0.61711,-0.00065,0.14066,0.00084,0.70707,-0.00009,0.70714,1,4,1,1
1765409435.002728,-0.14917,-0.06935,-0.51508,0.01015,-0.01691,0.00065,0.61711,-0.00065,0.14066,0.00084,0.70707,-0.00009,0.70714,1,4,1,1
1765409435.004755,-0.16642,-0.07843,-0.55310,0.01112,-0.01684,-0.00031,0.61711,-0.00065,0.14066,0.00084,0.70707,-0.00009,0.70714,1,4,1,1
1765409435.006743,-0.15528,-0.09174,-0.56784,0.01184,-0.01593,0.00061,0.61706,-0.00065,0.14066,0.00084,0.70707,-0.00009,0.70714,1,4,1,1
1765409435.008753,-0.13612,-0.08138,-0.56092,0.01284,-0.01363,0.00085,0.61706,-0.00065,0.14066,0.00084,0.70707,-0.00009,0.70714,1,4,1,1
1765409435.010771,-0.12151,-0.05976,-0.53847,0.01070,-0.01420,0.00126,0.61702,-0.00065,0.14066,0.00084,0.70707,-0.00009,0.70714,1,4,1,1
1765409435.012765,-0.13216,-0.06730,-0.57659,0.01410,-0.01535,-0.00011,0.61702,-0.00065,0.14066,0.00084,0.70707,-0.00009,0.70714,1,4,1,1
1765409435.014742,-0.14233,-0.06976,-0.49267,0.01167,-0.01586,0.00025,0.61682,-0.00065,0.14066,0.00084,0.70707,-0.00009,0.70714,1,4,1,1
1765409435.016750,-0.11728,-0.08046,-0.55305,0.01154,-0.01589,0.00085,0.61682,-0.00065,0.14066,0.00084,0.70707,-0.00009,0.70714,1,4,1,1
1765409435.018750,-0.12896,-0.09110,-0.53007,0.01382,-0.01382,0.00154,0.61682,-0.00065,0.14066,0.00084,0.70707,-0.00009,0.70714,1,4,1,1
1765409435.020799,-0.13681,-0.12085,-0.52983,0.01389,-0.01296,0.00035,0.61682,-0.00065,0.14066,0.00084,0.70707,-0.00009,0.70714,1,4,1,1
1765409435.022741,-0.10645,-0.08006,-0.47018,0.01264,-0.01286,0.00062,0.61682,-0.00065,0.14066,0.00084,0.70707,-0.00009,0.70714,1,4,1,1
1765409435.024747,-0.10650,-0.03696,-0.44836,0.01164,-0.01174,0.00143,0.61682,-0.00065,0.14066,0.00084,0.70707,-0.00009,0.70714,1,4,1,1
1765409435.026750,-0.14833,-0.04700,-0.41686,0.00802,-0.01478,0.00165,0.61682,-0.00065,0.14066,0.00084,0.70707,-0.00009,0.70714,1,4,1,1
1765409435.028738,-0.10519,-0.05894,-0.55378,0.01180,-0.01529,0.00083,0.61682,-0.00065,0.14066,0.00084,0.70707,-0.00009,0.70714,1,4,1,1
1765409435.030808,-0.12251,-0.08387,-0.53808,0.01216,-0.01417,0.00073,0.61682,-0.00065,0.14066,0.00084,0.70707,-0.00009,0.70714,1,4,1,1
1765409435.032743,-0.14519,-0.09338,-0.49204,0.00985,-0.01466,0.00066,0.61682,-0.00065,0.14066,0.00084,0.70707,-0.00009,0.70714,1,4,1,1
1765409435.034761,-0.14315,-0.08573,-0.58330,0.01169,-0.01468,0.00098,0.61678,-0.00065,0.14066,0.00084,0.70707,-0.00009,0.70714,1,4,1,1
1765409435.036775,-0.14025,-0.07092,-0.50752,0.00903,-0.01562,0.00104,0.61678,-0.00065,0.14066,0.00084,0.70707,-0.00009,0.70714,1,4,1,1
1765409435.038792,-0.13614,-0.08814,-0.44676,0.00970,-0.01516,0.00015,0.61674,-0.00065,0.14066,0.00084,0.70707,-0.00009,0.70714,1,4,1,1
1765409435.040776,-0.14571,-0.07478,-0.48540,0.01008,-0.01290,0.00011,0.61674,-0.00065,0.14066,0.00084,0.70707,-0.00009,0.70714,1,4,1,1
1765409435.042777,-0.10922,-0.04752,-0.55427,0.01129,-0.01411,0.00069,0.61671,-0.00065,0.14066,0.00084,0.70707,-0.00009,0.70714,1,4,1,1
1765409435.044781,-0.12110,-0.02073,-0.47147,0.01030,-0.01349,0.00062,0.61671,-0.00065,0.14066,0.00084,0.70707,-0.00009,0.70714,1,4,1,1
1765409435.046768,-0.14837,-0.06774,-0.46943,0.00755,-0.01386,0.00215,0.61651,-0.00065,0.14067,0.00084,0.70707,-0.00009,0.70715,1,4,1,1
1765409435.048774,-0.13477,-0.07590,-0.54609,0.01225,-0.01430,-0.00008,0.61651,-0.00065,0.14067,0.00084,0.70707,-0.00009,0.70715,1,4,1,1
1765409435.050769,-0.14750,-0.08731,-0.59872,0.01255,-0.01514,0.00003,0.61651,-0.00065,0.14067,0.00084,0.70707,-0.00009,0.70715,1,4,1,1
1765409435.052767,-0.14620,-0.03342,-0.53870,0.01036,-0.01582,0.00142,0.61651,-0.00065,0.14067,0.00084,0.70707,-0.00009,0.70715,1,4,1,1
1765409435.054824,-0.15899,-0.04486,-0.52318,0.01088,-0.01630,0.00118,0.61651,-0.00065,0.14067,0.00084,0.70707,-0.00009,0.70715,1,4,1,1
1765409435.056781,-0.18244,-0.07233,-0.52970,0.01011,-0.01854,0.00081,0.61651,-0.00065,0.14067,0.00084,0.70707,-0.00009,0.70715,1,4,1,1
1765409435.058769,-0.13562,-0.05896,-0.52347,0.00896,-0.01506,0.00008,0.61651,-0.00065,0.14067,0.00084,0.70707,-0.00009,0.70715,1,4,1,1
1765409435.060797,-0.15793,-0.07495,-0.53797,0.01029,-0.01566,0.00036,0.61651,-0.00065,0.14067,0.00084,0.70707,-0.00009,0.70715,1,4,1,1
1765409435.062783,-0.13545,-0.02842,-0.50127,0.01108,-0.01278,0.00183,0.61651,-0.00065,0.14067,0.00084,0.70707,-0.00009,0.70715,1,4,1,1
1765409435.064785,-0.16262,-0.08263,-0.53768,0.01042,-0.01521,0.00077,0.61651,-0.00065,0.14067,0.00084,0.70707,-0.00009,0.70715,1,4,1,1
1765409435.066776,-0.15242,-0.06265,-0.48528,0.00935,-0.01588,-0.00014,0.61647,-0.00065,0.14067,0.00084,0.70707,-0.00009,0.70715,1,4,1,1
1765409435.068781,-0.12411,-0.06133,-0.53079,0.00981,-0.01544,0.00074,0.61647,-0.00065,0.14067,0.00084,0.70707,-0.00009,0.70715,1,4,1,1
1765409435.070814,-0.11734,-0.06212,-0.55365,0.01089,-0.01437,0.00111,0.61643,-0.00065,0.14067,0.00084,0.70707,-0.00009,0.70715,1,4,1,1
1765409435.072780,-0.12071,-0.06997,-0.53105,0.01036,-0.01358,0.00032,0.61643,-0.00065,0.14067,0.00084,0.70707,-0.00009,0.70715,1,4,1,1
1765409435.074798,-0.12146,-0.07136,-0.50076,0.01034,-0.01179,0.00075,0.61639,-0.00065,0.14067,0.00084,0.70707,-0.00009,0.70714,1,4,1,1
1765409435.076787,-0.11459,-0.03894,-0.47107,0.00811,-0.01317,0.00049,0.61639,-0.00065,0.14067,0.00084,0.70707,-0.00009,0.70714,1,4,1,1
1765409435.078781,-0.12383,-0.00440,-0.50189,0.00810,-0.01332,0.00154,0.61635,-0.00065,0.14067,0.00084,0.70707,-0.00009,0.70714,1,4,1,1
1765409435.080839,-0.13866,-0.03699,-0.53917,0.00770,-0.01517,0.00007,0.61635,-0.00065,0.14067,0.00084,0.70707,-0.00009,0.70714,1,4,1,1
1765409435.082801,-0.12668,-0.04360,-0.53133,0.00871,-0.01620,0.00006,0.61615,-0.00065,0.14067,0.00084,0.70707,-0.00009,0.70715,1,4,1,1
1765409435.084808,-0.15284,-0.03361,-0.57674,0.00883,-0.01587,0.00099,0.61615,-0.00065,0.14067,0.00084,0.70707,-0.00009,0.70715,1,4,1,1
1765409435.086801,-0.12455,-0.05395,-0.51532,0.00618,-0.01683,0.00116,0.61615,-0.00065,0.14067,0.00084,0.70707,-0.00009,0.70715,1,4,1,1
1765409435.088818,-0.14561,-0.07030,-0.46939,0.00664,-0.01696,0.00068,0.61615,-0.00065,0.14067,0.00084,0.70707,-0.00009,0.70715,1,4,1,1
1765409435.090810,-0.14719,-0.05194,-0.53881,0.00773,-0.01467,0.00008,0.61615,-0.00065,0.14067,0.00084,0.70707,-0.00009,0.70715,1,4,1,1
1765409435.092832,-0.14034,-0.03351,-0.50101,0.00796,-0.01348,0.00157,0.61615,-0.00065,0.14067,0.00084,0.70707,-0.00009,0.70715,1,4,1,1
1765409435.094810,-0.14884,-0.04273,-0.49312,0.00828,-0.01388,0.00145,0.61615,-0.00065,0.14067,0.00084,0.70707,-0.00009,0.70715,1,4,1,1
1765409435.096816,-0.16055,-0.04396,-0.52340,0.00805,-0.01514,0.00091,0.61615,-0.00065,0.14067,0.00084,0.70707,-0.00009,0.70715,1,4,1,1
1765409435.098808,-0.13059,-0.05118,-0.53096,0.00818,-0.01614,0.00047,0.61615,-0.00065,0.14067,0.00084,0.70707,-0.00009,0.70715,1,4,1,1
1765409435.100819,-0.15742,-0.06715,-0.52271,0.00842,-0.01401,0.00172,0.61615,-0.00065,0.14067,0.00084,0.70707,-0.00009,0.70715,1,4,1,1
1765409435.102806,-0.13277,-0.07308,-0.52295,0.00901,-0.01316,0.00142,0.61611,-0.00065,0.14067,0.00084,0.70707,-0.00009,0.70715,1,4,1,1
1765409435.104802,-0.13764,-0.06976,-0.55378,0.01036,-0.01337,0.00032,0.61611,-0.00065,0.14067,0.00084,0.70707,-0.00009,0.70715,1,4,1,1
1765409435.106829,-0.15892,-0.02233,-0.53202,0.01028,-0.01354,0.00048,0.61607,-0.00065,0.14067,0.00084,0.70707,-0.00009,0.70715,1,4,1,1
1765409435.108837,-0.15355,-0.03916,-0.52354,0.00920,-0.01485,0.00117,0.61607,-0.00065,0.14067,0.00084,0.70707,-0.00009,0.70715,1,4,1,1
1765409435.110824,-0.12315,-0.04158,-0.52350,0.00874,-0.01597,0.00101,0.61603,-0.00065,0.14067,0.00084,0.70706,-0.00009,0.70715,1,4,1,1
1765409435.112841,-0.13663,0.00027,-0.52451,0.00902,-0.01546,0.00127,0.61603,-0.00065,0.14067,0.00084,0.70706,-0.00009,0.70715,1,4,1,1
1765409435.114838,-0.15204,-0.00482,-0.47901,0.00787,-0.01490,0.00065,0.61599,-0.00065,0.14067,0.00084,0.70706,-0.00009,0.70715,1,4,1,1
1765409435.116847,-0.15932,-0.03894,-0.47791,0.00702,-0.01555,0.00081,0.61591,-0.00065,0.14067,0.00084,0.70706,-0.00009,0.70715,1,4,1,1
1765409435.118833,-0.12012,-0.05118,-0.48525,0.00644,-0.01703,0.00051,0.61591,-0.00065,0.14067,0.00084,0.70706,-0.00009,0.70715,1,4,1,1
1765409435.120842,-0.14931,-0.03641,-0.53869,0.00923,-0.01540,0.00129,0.61579,-0.00065,0.14068,0.00084,0.70706,-0.00009,0.70715,1,4,1,1
1765409435.122826,-0.14897,-0.02134,-0.52363,0.00876,-0.01605,0.00170,0.61579,-0.00065,0.14068,0.00084,0.70706,-0.00009,0.70715,1,4,1,1
1765409435.124838,-0.13914,-0.04131,-0.54652,0.00830,-0.01579,0.00020,0.61579,-0.00065,0.14068,0.00084,0.70706,-0.00009,0.70715,1,4,1,1
1765409435.126823,-0.13212,-0.03210,-0.56211,0.00929,-0.01487,0.00030,0.61579,-0.00065,0.14068,0.00084,0.70706,-0.00009,0.70715,1,4,1,1
1765409435.128834,-0.13991,-0.01178,-0.56216,0.00844,-0.01592,0.00098,0.61579,-0.00065,0.14068,0.00084,0.70706,-0.00009,0.70715,1,4,1,1
1765409435.130828,-0.13909,-0.02720,-0.57683,0.00738,-0.01566,0.00138,0.61579,-0.00065,0.14068,0.00084,0.70706,-0.00009,0.70715,1,4,1,1
1765409435.132845,-0.13917,-0.06691,-0.56111,0.00799,-0.01475,0.00046,0.61579,-0.00065,0.14068,0.00084,0.70706,-0.00009,0.70715,1,4,1,1
1765409435.134841,-0.14390,-0.08390,-0.56072,0.00866,-0.01468,0.00033,0.61579,-0.00065,0.14068,0.00084,0.70706,-0.00009,0.70715,1,4,1,1
1765409435.136836,-0.13712,-0.07110,-0.52250,0.00619,-0.01654,0.00104,0.61579,-0.00065,0.14068,0.00084,0.70706,-0.00009,0.70715,1,4,1,1
1765409435.138821,-0.13274,-0.05739,-0.51577,0.00942,-0.01407,0.00102,0.61575,-0.00065,0.14067,0.00084,0.70706,-0.00009,0.70715,1,4,1,1
1765409435.140840,-0.12761,-0.06408,-0.58393,0.00912,-0.01527,0.00056,0.61575,-0.00065,0.14067,0.00084,0.70706,-0.00009,0.70715,1,4,1,1
1765409435.142855,-0.12906,-0.08134,-0.46961,0.00694,-0.01563,0.00013,0.61571,-0.00065,0.14067,0.00084,0.70706,-0.00009,0.70715,1,4,1,1
1765409435.144859,-0.12047,-0.03094,-0.48647,0.00974,-0.01323,0.00048,0.61571,-0.00065,0.14067,0.00084,0.70706,-0.00009,0.70715,1,4,1,1
1765409435.146853,-0.14252,-0.04343,-0.53878,0.00981,-0.01281,0.00181,0.61567,-0.00065,0.14067,0.00084,0.70706,-0.00009,0.70715,1,4,1,1
1765409435.148856,-0.12481,-0.01874,-0.50133,0.00902,-0.01367,0.00195,0.61567,-0.00065,0.14067,0.00084,0.70706,-0.00009,0.70715,1,4,1,1
1765409435.150856,-0.13070,-0.02853,-0.52443,0.00758,-0.01362,0.00020,0.61563,-0.00065,0.14068,0.00084,0.70706,-0.00009,0.70715,1,4,1,1
1765409435.152885,-0.15690,-0.02152,-0.52415,0.00876,-0.01521,0.00049,0.61543,-0.00065,0.14068,0.00084,0.70705,-0.00009,0.70716,1,4,1,1
1765409435.154865,-0.15693,-0.03095,-0.53131,0.00886,-0.01583,0.00076,0.61543,-0.00065,0.14068,0.00084,0.70705,-0.00009,0.70716,1,4,1,1
1765409435.156849,-0.15575,-0.03058,-0.54599,0.00756,-0.01710,0.00156,0.61543,-0.00065,0.14068,0.00084,0.70705,-0.00009,0.70716,1,4,1,1
1765409435.158853,-0.16073,-0.04251,-0.51559,0.00872,-0.01679,0.00092,0.61543,-0.00065,0.14068,0.00084,0.70705,-0.00009,0.70716,1,4,1,1
1765409435.160861,-0.18136,-0.05535,-0.51560,0.00834,-0.01540,0.00027,0.61543,-0.00065,0.14068,0.00084,0.70705,-0.00009,0.70716,1,4,1,1
1765409435.162854,-0.16520,-0.03714,-0.50110,0.00835,-0.01396,0.00052,0.61543,-0.00065,0.14068,0.00084,0.70705,-0.00009,0.70716,1,4,1,1
1765409435.164878,-0.13661,0.00914,-0.44168,0.00891,-0.01383,0.00066,0.61543,-0.00065,0.14068,0.00084,0.70705,-0.00009,0.70716,1,4,1,1
1765409435.166853,-0.13692,0.00943,-0.50964,0.00892,-0.01457,0.00142,0.61543,-0.00065,0.14068,0.00084,0.70705,-0.00009,0.70716,1,4,1,1
1765409435.168910,-0.13964,-0.01171,-0.53176,0.00822,-0.01605,0.00101,0.61543,-0.00065,0.14068,0.00084,0.70705,-0.00009,0.70716,1,4,1,1
1765409435.170870,-0.16332,-0.03480,-0.56135,0.00750,-0.01753,0.00048,0.61543,-0.00065,0.14068,0.00084,0.70705,-0.00009,0.70716,1,4,1,1
1765409435.172877,-0.17244,-0.04871,-0.54569,0.00843,-0.01804,0.00051,0.61543,-0.00065,0.14068,0.00084,0.70705,-0.00009,0.70716,1,4,1,1
1765409435.174874,-0.18149,-0.06256,-0.57540,0.00913,-0.01893,0.00091,0.61538,-0.00065,0.14068,0.00084,0.70705,-0.00009,0.70716,1,4,1,1
1765409435.176867,-0.17051,-0.03643,-0.56867,0.01011,-0.01768,0.00116,0.61538,-0.00065,0.14068,0.00084,0.70705,-0.00009,0.70716,1,4,1,1
1765409435.178869,-0.16558,-0.04926,-0.53053,0.00951,-0.01723,0.00091,0.61534,-0.00065,0.14068,0.00084,0.70706,-0.00009,0.70716,1,4,1,1
1765409435.180882,-0.16532,-0.06052,-0.56833,0.00872,-0.01582,0.00115,0.61534,-0.00065,0.14068,0.00084,0.70706,-0.00009,0.70716,1,4,1,1
1765409435.182975,-0.13114,-0.06679,-0.52334,0.00865,-0.01473,0.00008,0.61530,-0.00065,0.14068,0.00084,0.70706,-0.00009,0.70716,1,4,1,1
1765409435.184943,-0.12436,-0.04283,-0.52379,0.00938,-0.01405,0.00100,0.61530,-0.00065,0.14068,0.00084,0.70706,-0.00009,0.70716,1,4,1,1
1765409435.186969,-0.12317,-0.06723,-0.53033,0.00821,-0.01505,0.00168,0.61526,-0.00065,0.14068,0.00084,0.70706,-0.00009,0.70716,1,4,1,1
1765409435.188947,-0.13515,-0.09758,-0.50682,0.00871,-0.01642,0.00078,0.61506,-0.00065,0.14067,0.00084,0.70707,-0.00009,0.70714,1,4,1,1
1765409435.190878,-0.16320,-0.08768,-0.49235,0.01123,-0.01446,0.00013,0.61506,-0.00065,0.14067,0.00084,0.70707,-0.00009,0.70714,1,4,1,1
1765409435.192886,-0.12446,-0.07512,-0.54566,0.01073,-0.01632,0.00033,0.61506,-0.00065,0.14067,0.00084,0.70707,-0.00009,0.70714,1,4,1,1
1765409435.194905,-0.13520,-0.07460,-0.53037,0.01270,-0.01606,0.00075,0.61506,-0.00065,0.14067,0.00084,0.70707,-0.00009,0.70714,1,4,1,1
1765409435.196897,-0.13574,-0.07536,-0.50775,0.01291,-0.01491,0.00076,0.61506,-0.00065,0.14067,0.00084,0.70707,-0.00009,0.70714,1,4,1,1
1765409435.198895,-0.13665,-0.08827,-0.45423,0.00992,-0.01502,0.00055,0.61506,-0.00065,0.14067,0.00084,0.70707,-0.00009,0.70714,1,4,1,1
1765409435.200933,-0.13929,-0.10303,-0.52240,0.01236,-0.01422,0.00049,0.61506,-0.00065,0.14067,0.00084,0.70707,-0.00009,0.70714,1,4,1,1
1765409435.202950,-0.11414,-0.05515,-0.49324,0.01163,-0.01353,0.00115,0.61506,-0.00065,0.14067,0.00084,0.70707,-0.00009,0.70714,1,4,1,1
1765409435.204884,-0.14051,-0.03138,-0.53107,0.00886,-0.01602,0.00155,0.61506,-0.00065,0.14067,0.00084,0.70707,-0.00009,0.70714,1,4,1,1
1765409435.206887,-0.15672,-0.06869,-0.51508,0.00971,-0.01759,0.00025,0.61506,-0.00065,0.14067,0.00084,0.70707,-0.00009,0.70714,1,4,1,1
1765409435.208885,-0.15373,-0.08587,-0.63629,0.01103,-0.01748,0.00002,0.61506,-0.00065,0.14067,0.00084,0.70707,-0.00009,0.70714,1,4,1,1
1765409435.210909,-0.16352,-0.10728,-0.54388,0.00837,-0.01924,0.00093,0.61506,-0.00065,0.14067,0.00084,0.70707,-0.00009,0.70714,1,4,1,1
1765409435.212905,-0.15841,-0.08425,-0.54514,0.01084,-0.01628,0.00063,0.61501,-0.00065,0.14066,0.00084,0.70707,-0.00009,0.70714,1,4,1,1
1765409435.214885,-0.16769,-0.07089,-0.51506,0.01056,-0.01439,0.00146,0.61497,-0.00065,0.14066,0.00084,0.70707,-0.00009,0.70714,1,4,1,1
1765409435.216902,-0.12599,-0.00426,-0.47165,0.01006,-0.01267,0.00156,0.61497,-0.00065,0.14066,0.00084,0.70707,-0.00009,0.70714,1,4,1,1
1765409435.218907,-0.11777,-0.00661,-0.49484,0.00741,-0.01355,-0.00020,0.61497,-0.00065,0.14066,0.00084,0.70707,-0.00009,0.70714,1,4,1,1
1765409435.220909,-0.10751,-0.01665,-0.57013,0.00554,-0.01466,0.00041,0.61493,-0.00065,0.14066,0.00084,0.70707,-0.00009,0.70714,1,4,1,1
1765409435.222919,-0.15538,-0.04203,-0.55379,0.00698,-0.01507,0.00102,0.61489,-0.00065,0.14066,0.00084,0.70708,-0.00009,0.70714,1,4,1,1
1765409435.224927,-0.18270,-0.05019,-0.56865,0.00928,-0.01563,0.00090,0.61489,-0.00065,0.14066,0.00084,0.70708,-0.00009,0.70714,1,4,1,1
1765409435.226919,-0.16370,-0.07412,-0.57578,0.00834,-0.01725,-0.00006,0.61485,-0.00065,0.14066,0.00084,0.70708,-0.00009,0.70714,1,4,1,1
1765409435.228916,-0.17372,-0.06014,-0.56084,0.00894,-0.01586,0.00076,0.61481,-0.00065,0.14066,0.00084,0.70708,-0.00009,0.70714,1,4,1,1
1765409435.230959,-0.12898,-0.00568,-0.53214,0.00939,-0.01428,0.00139,0.61481,-0.00065,0.14066,0.00084,0.70708,-0.00009,0.70714,1,4,1,1
1765409435.232914,-0.15789,-0.04956,-0.54565,0.00995,-0.01706,0.00130,0.61481,-0.00065,0.14066,0.00084,0.70708,-0.00009,0.70714,1,4,1,1
1765409435.234917,-0.17434,-0.05980,-0.53046,0.00960,-0.01598,0.00079,0.61469,-0.00065,0.14066,0.00084,0.70708,-0.00009,0.70714,1,4,1,1
1765409435.236940,-0.17122,-0.11378,-0.51344,0.01179,-0.01889,0.00096,0.61469,-0.00065,0.14066,0.00084,0.70708,-0.00009,0.70714,1,4,1,1
1765409435.238913,-0.14737,-0.10357,-0.51408,0.01366,-0.01920,0.00025,0.61469,-0.00065,0.14066,0.00084,0.70708,-0.00009,0.70714,1,4,1,1
1765409435.240908,-0.14296,-0.04839,-0.49284,0.01259,-0.01777,0.00051,0.61469,-0.00065,0.14066,0.00084,0.70708,-0.00009,0.70714,1,4,1,1
1765409435.242928,-0.14927,-0.08499,-0.52219,0.01454,-0.01753,0.00091,0.61469,-0.00065,0.14066,0.00084,0.70708,-0.00009,0.70714,1,4,1,1
1765409435.244914,-0.14307,-0.10762,-0.52173,0.01296,-0.01759,0.00051,0.61469,-0.00065,0.14066,0.00084,0.70708,-0.00009,0.70714,1,4,1,1
1765409435.246948,-0.15828,-0.10106,-0.58316,0.01500,-0.01526,0.00006,0.61465,-0.00065,0.14066,0.00084,0.70708,-0.00009,0.70714,1,4,1,1
1765409435.248942,-0.16868,-0.08392,-0.49152,0.01194,-0.01627,0.00189,0.61465,-0.00065,0.14066,0.00084,0.70708,-0.00009,0.70714,1,4,1,1
1765409435.250943,-0.12321,-0.06146,-0.52273,0.01330,-0.01747,0.00141,0.61461,-0.00065,0.14066,0.00084,0.70708,-0.00009,0.70713,1,4,1,1
1765409435.252946,-0.16667,-0.07318,-0.50679,0.01054,-0.01795,0.00162,0.61461,-0.00065,0.14066,0.00084,0.70708,-0.00009,0.70713,1,4,1,1
1765409435.254953,-0.14734,-0.11038,-0.55993,0.01314,-0.01691,-0.00006,0.61461,-0.00065,0.14066,0.00084,0.70708,-0.00009,0.70713,1,4,1,1
1765409435.256964,-0.14475,-0.11382,-0.59022,0.01398,-0.01566,0.00058,0.61457,-0.00065,0.14066,0.00084,0.70708,-0.00009,0.70713,1,4,1,1
1765409435.258942,-0.18042,-0.08833,-0.57521,0.01516,-0.01549,0.00156,0.61432,-0.00065,0.14066,0.00084,0.70708,-0.00009,0.70713,1,4,1,1
1765409435.260960,-0.17107,-0.06638,-0.52245,0.01062,-0.01690,0.00120,0.61432,-0.00065,0.14066,0.00084,0.70708,-0.00009,0.70713,1,4,1,1
1765409435.262989,-0.16075,-0.08892,-0.50713,0.01297,-0.01574,0.00079,0.61432,-0.00065,0.14066,0.00084,0.70708,-0.00009,0.70713,1,4,1,1
1765409435.264974,-0.12693,-0.07951,-0.55317,0.01308,-0.01616,0.00045,0.61432,-0.00065,0.14066,0.00084,0.70708,-0.00009,0.70713,1,4,1,1
1765409435.266954,-0.13760,-0.07884,-0.56823,0.01506,-0.01615,0.00085,0.61432,-0.00065,0.14066,0.00084,0.70708,-0.00009,0.70713,1,4,1,1
1765409435.268970,-0.12875,-0.09537,-0.52254,0.01420,-0.01434,0.00088,0.61432,-0.00065,0.14066,0.00084,0.70708,-0.00009,0.70713,1,4,1,1
1765409435.270948,-0.15175,-0.08947,-0.51495,0.01252,-0.01535,0.00038,0.61432,-0.00065,0.14066,0.00084,0.70708,-0.00009,0.70713,1,4,1,1
1765409435.272961,-0.13956,-0.10180,-0.52982,0.01303,-0.01561,0.00049,0.61432,-0.00065,0.14066,0.00084,0.70708,-0.00009,0.70713,1,4,1,1
1765409435.274955,-0.15752,-0.10540,-0.53708,0.01430,-0.01640,0.00064,0.61432,-0.00065,0.14066,0.00084,0.70708,-0.00009,0.70713,1,4,1,1
1765409435.276965,-0.14581,-0.09229,-0.56761,0.01533,-0.01756,0.00087,0.61432,-0.00065,0.14066,0.00084,0.70708,-0.00009,0.70713,1,4,1,1
1765409435.278954,-0.16289,-0.13565,-0.54390,0.01633,-0.01772,0.00011,0.61432,-0.00065,0.14066,0.00084,0.70708,-0.00009,0.70713,1,4,1,1
1765409435.280946,-0.12660,-0.12004,-0.58268,0.01740,-0.01639,0.00017,0.61432,-0.00065,0.14066,0.00084,0.70708,-0.00009,0.70713,1,4,1,1
1765409435.282965,-0.17975,-0.14575,-0.47538,0.01621,-0.01675,0.00005,0.61432,-0.00065,0.14066,0.00084,0.70708,-0.00009,0.70713,1,4,1,1
1765409435.284960,-0.14693,-0.10308,-0.49949,0.01629,-0.01565,0.00038,0.61428,-0.00065,0.14066,0.00084,0.70708,-0.00009,0.70713,1,4,1,1
1765409435.286964,-0.13600,-0.10575,-0.48393,0.01735,-0.01564,0.00146,0.61428,-0.00065,0.14066,0.00084,0.70708,-0.00009,0.70713,1,4,1,1
1765409435.288960,-0.13613,-0.14007,-0.51371,0.01803,-0.01549,0.00077,0.61424,-0.00065,0.14066,0.00084,0.70708,-0.00009,0.70714,1,4,1,1
1765409435.290955,-0.13469,-0.12019,-0.55229,0.01696,-0.01604,0.00020,0.61424,-0.00065,0.14066,0.00084,0.70708,-0.00009,0.70714,1,4,1,1
1765409435.292988,-0.14796,-0.12187,-0.50627,0.01738,-0.01663,0.00092,0.61420,-0.00065,0.14066,0.00084,0.70708,-0.00009,0.70714,1,4,1,1
1765409435.294979,-0.14406,-0.12309,-0.54389,0.01802,-0.01832,0.00116,0.61420,-0.00065,0.14066,0.00084,0.70708,-0.00009,0.70714,1,4,1,1
1765409435.297045,-0.16211,-0.16604,-0.48988,0.01531,-0.01706,0.00056,0.61396,-0.00065,0.14067,0.00084,0.70707,-0.00009,0.70715,1,4,1,1
1765409435.299053,-0.10599,-0.15865,-0.53649,0.01759,-0.01470,0.00019,0.61396,-0.00065,0.14067,0.00084,0.70707,-0.00009,0.70715,1,4,1,1
1765409435.301036,-0.15447,-0.13470,-0.55189,0.01940,-0.01502,0.00062,0.61396,-0.00065,0.14067,0.00084,0.70707,-0.00009,0.70715,1,4,1,1
1765409435.302982,-0.15530,-0.12259,-0.46850,0.01627,-0.01566,0.00055,0.61396,-0.00065,0.14067,0.00084,0.70707,-0.00009,0.70715,1,4,1,1
1765409435.304972,-0.16728,-0.13132,-0.57471,0.01988,-0.01563,0.00034,0.61396,-0.00065,0.14067,0.00084,0.70707,-0.00009,0.70715,1,4,1,1
1765409435.306983,-0.13042,-0.13726,-0.52892,0.01697,-0.01645,0.00049,0.61396,-0.00065,0.14067,0.00084,0.70707,-0.00009,0.70715,1,4,1,1
1765409435.308978,-0.14419,-0.13461,-0.51359,0.01766,-0.01615,0.00105,0.61396,-0.00065,0.14067,0.00084,0.70707,-0.00009,0.70715,1,4,1,1
1765409435.310999,-0.14331,-0.09144,-0.52262,0.01643,-0.01494,0.00062,0.61396,-0.00065,0.14067,0.00084,0.70707,-0.00009,0.70715,1,4,1,1
1765409435.312993,-0.14434,-0.10787,-0.49872,0.01361,-0.01718,0.00133,0.61396,-0.00065,0.14067,0.00084,0.70707,-0.00009,0.70715,1,4,1,1
1765409435.315011,-0.13491,-0.12326,-0.51429,0.01342,-0.01629,-0.00030,0.61396,-0.00065,0.14067,0.00084,0.70707,-0.00009,0.70715,1,4,1,1
1765409435.317007,-0.15820,-0.13635,-0.53659,0.01458,-0.01446,0.00064,0.61396,-0.00065,0.14067,0.00084,0.70707,-0.00009,0.70715,1,4,1,1
1765409435.318999,-0.12084,-0.10991,-0.52976,0.01490,-0.01468,0.00087,0.61396,-0.00065,0.14067,0.00084,0.70707,-0.00009,0.70715,1,4,1,1
1765409435.320995,-0.11108,-0.05784,-0.50855,0.01269,-0.01294,0.00099,0.61392,-0.00065,0.14067,0.00084,0.70707,-0.00009,0.70714,1,4,1,1
1765409435.323001,-0.12872,-0.07116,-0.54595,0.01384,-0.01398,0.00099,0.61392,-0.00065,0.14067,0.00084,0.70707,-0.00009,0.70714,1,4,1,1
1765409435.325008,-0.15640,-0.10064,-0.58295,0.01348,-0.01642,0.00006,0.61388,-0.00065,0.14067,0.00084,0.70707,-0.00009,0.70715,1,4,1,1
1765409435.326994,-0.16759,-0.06370,-0.51489,0.01131,-0.01706,0.00133,0.61388,-0.00065,0.14067,0.00084,0.70707,-0.00009,0.70715,1,4,1,1
1765409435.329012,-0.17101,-0.05367,-0.55346,0.01449,-0.01602,0.00103,0.61384,-0.00065,0.14067,0.00084,0.70706,-0.00009,0.70715,1,4,1,1
1765409435.331004,-0.15676,-0.08916,-0.55236,0.01406,-0.01845,0.00063,0.61384,-0.00065,0.14067,0.00084,0.70706,-0.00009,0.70715,1,4,1,1
1765409435.333035,-0.19361,-0.07955,-0.54448,0.01351,-0.02043,0.00068,0.61360,-0.00065,0.14067,0.00084,0.70707,-0.00009,0.70714,1,4,1,1
1765409435.335028,-0.15146,-0.09732,-0.50683,0.01308,-0.01776,0.00026,0.61360,-0.00065,0.14067,0.00084,0.70707,-0.00009,0.70714,1,4,1,1
1765409435.337023,-0.14609,-0.09188,-0.51466,0.01118,-0.01617,0.00064,0.61360,-0.00065,0.14067,0.00084,0.70707,-0.00009,0.70714,1,4,1,1
1765409435.339023,-0.14466,-0.08880,-0.56034,0.01384,-0.01619,0.00074,0.61360,-0.00065,0.14067,0.00084,0.70707,-0.00009,0.70714,1,4,1,1
1765409435.341028,-0.14008,-0.09200,-0.56043,0.01337,-0.01548,0.00060,0.61360,-0.00065,0.14067,0.00084,0.70707,-0.00009,0.70714,1,4,1,1
1765409435.343109,-0.11725,-0.08665,-0.50750,0.01103,-0.01436,0.00102,0.61360,-0.00065,0.14067,0.00084,0.70707,-0.00009,0.70714,1,4,1,1
1765409435.345026,-0.11696,-0.04808,-0.58467,0.01040,-0.01351,0.00067,0.61360,-0.00065,0.14067,0.00084,0.70707,-0.00009,0.70714,1,4,1,1
1765409435.347030,-0.11728,-0.05749,-0.63778,0.01116,-0.01375,0.00010,0.61360,-0.00065,0.14067,0.00084,0.70707,-0.00009,0.70714,1,4,1,1
1765409435.349026,-0.15576,-0.07889,-0.62912,0.01134,-0.01377,0.00096,0.61360,-0.00065,0.14067,0.00084,0.70707,-0.00009,0.70714,1,4,1,1
1765409435.351066,-0.15486,-0.05307,-0.58370,0.01056,-0.01570,0.00153,0.61360,-0.00065,0.14067,0.00084,0.70707,-0.00009,0.70714,1,4,1,1
1765409435.353023,-0.13262,-0.07430,-0.54532,0.01052,-0.01736,0.00074,0.61360,-0.00065,0.14067,0.00084,0.70707,-0.00009,0.70714,1,4,1,1
1765409435.355026,-0.15447,-0.06723,-0.53835,0.01126,-0.01572,-0.00005,0.61360,-0.00065,0.14067,0.00084,0.70707,-0.00009,0.70714,1,4,1,1
1765409435.357030,-0.13299,-0.07510,-0.52305,0.01095,-0.01584,-0.00005,0.61357,-0.00065,0.14067,0.00084,0.70707,-0.00009,0.70715,1,4,1,1
1765409435.359031,-0.12635,-0.07630,-0.52302,0.01181,-0.01439,0.00074,0.61357,-0.00065,0.14067,0.00084,0.70707,-0.00009,0.70715,1,4,1,1
1765409435.361037,-0.13610,-0.09739,-0.46148,0.00981,-0.01604,0.00041,0.61352,-0.00065,0.14067,0.00084,0.70707,-0.00009,0.70714,1,4,1,1
1765409435.363021,-0.16519,-0.07539,-0.43940,0.00920,-0.01495,0.00004,0.61352,-0.00065,0.14067,0.00084,0.70707,-0.00009,0.70714,1,4,1,1
1765409435.365027,-0.15418,-0.04627,-0.51520,0.01064,-0.01800,0.00145,0.61349,-0.00065,0.14067,0.00084,0.70707,-0.00009,0.70714,1,4,1,1
1765409435.367077,-0.14445,-0.01884,-0.56170,0.01338,-0.01776,0.00126,0.61349,-0.00065,0.14067,0.00084,0.70707,-0.00009,0.70714,1,4,1,1
1765409435.369101,-0.16769,-0.06136,-0.52972,0.01221,-0.01986,0.00133,0.61344,-0.00065,0.14067,0.00084,0.70707,-0.00009,0.70714,1,4,1,1
1765409435.371065,-0.14856,-0.08916,-0.52997,0.01471,-0.01818,-0.00017,0.61344,-0.00065,0.14067,0.00084,0.70707,-0.00009,0.70714,1,4,1,1
1765409435.373050,-0.16384,-0.11261,-0.54426,0.01377,-0.01963,-0.00029,0.61344,-0.00065,0.14067,0.00084,0.70707,-0.00009,0.70714,1,4,1,1
1765409435.375053,-0.15725,-0.11404,-0.52891,0.01441,-0.01804,0.00092,0.61320,-0.00065,0.14067,0.00084,0.70707,-0.00009,0.70715,1,4,1,1
1765409435.377063,-0.14205,-0.11558,-0.52170,0.01549,-0.01607,0.00090,0.61320,-0.00065,0.14067,0.00084,0.70707,-0.00009,0.70715,1,4,1,1
1765409435.379046,-0.14953,-0.10602,-0.50703,0.01473,-0.01549,0.00025,0.61320,-0.00065,0.14067,0.00084,0.70707,-0.00009,0.70715,1,4,1,1
1765409435.381064,-0.13440,-0.10550,-0.49939,0.01167,-0.01465,0.00078,0.61320,-0.00065,0.14067,0.00084,0.70707,-0.00009,0.70715,1,4,1,1
1765409435.383159,-0.09680,-0.07218,-0.49313,0.01536,-0.01297,0.00099,0.61320,-0.00065,0.14067,0.00084,0.70707,-0.00009,0.70715,1,4,1,1
1765409435.385100,-0.09692,-0.12205,-0.43894,0.01563,-0.01192,0.00078,0.61320,-0.00065,0.14067,0.00084,0.70707,-0.00009,0.70715,1,4,1,1
1765409435.387222,-0.10516,-0.11885,-0.42436,0.01501,-0.00942,0.00025,0.61320,-0.00065,0.14067,0.00084,0.70707,-0.00009,0.70715,1,4,1,1
1765409435.389126,-0.08759,-0.09451,-0.37179,0.01422,-0.00978,0.00040,0.61320,-0.00065,0.14067,0.00084,0.70707,-0.00009,0.70715,1,4,1,1
1765409435.391084,-0.08217,-0.08336,-0.34152,0.01239,-0.00922,0.00109,0.61320,-0.00065,0.14067,0.00084,0.70707,-0.00009,0.70715,1,4,1,1
1765409435.393143,-0.07612,-0.07904,-0.37996,0.01441,-0.00790,0.00091,0.61320,-0.00065,0.14067,0.00084,0.70707,-0.00009,0.70715,1,4,1,1
1765409435.395152,-0.04778,-0.09979,-0.27323,0.01175,-0.00811,0.00071,0.61320,-0.00065,0.14067,0.00084,0.70707,-0.00009,0.70715,1,4,1,1
1765409435.397132,-0.05128,-0.09218,-0.22782,0.00638,-0.00693,0.00089,0.61316,-0.00065,0.14067,0.00084,0.70707,-0.00009,0.70714,1,4,1,1
1765409435.399081,-0.03614,-0.04429,-0.18377,0.00719,-0.00525,0.00115,0.61316,-0.00065,0.14067,0.00084,0.70707,-0.00009,0.70714,1,4,1,1
1765409435.401079,-0.02320,-0.01631,-0.12387,0.00272,-0.00493,0.00078,0.61312,-0.00065,0.14067,0.00084,0.70707,-0.00009,0.70715,1,4,1,1
1765409435.403082,-0.03986,0.00065,-0.04888,0.00139,-0.00107,0.00071,0.61312,-0.00065,0.14067,0.00084,0.70707,-0.00009,0.70715,1,4,1,1
1765409435.405082,-0.00976,0.03098,-0.05786,0.00067,0.00018,-0.00002,0.61309,-0.00065,0.14068,0.00084,0.70706,-0.00009,0.70715,1,4,1,1
1765409435.407075,0.02347,0.08689,0.04780,-0.00367,-0.00164,0.00151,0.61309,-0.00065,0.14068,0.00084,0.70706,-0.00009,0.70715,1,4,1,1
1765409435.409081,0.03589,0.08022,0.02440,-0.00004,0.00163,0.00120,0.61305,-0.00065,0.14068,0.00084,0.70706,-0.00009,0.70716,1,4,1,1
1765409435.411106,0.02860,0.00785,0.03385,0.00018,0.00012,0.00043,0.61305,-0.00065,0.14068,0.00084,0.70706,-0.00009,0.70716,1,4,1,1
1765409435.413096,0.01516,0.00089,0.05685,0.00097,0.00028,0.00046,0.61305,-0.00065,0.14068,0.00084,0.70706,-0.00009,0.70716,1,4,1,1
1765409435.415102,0.01055,-0.00669,0.03456,0.00087,0.00036,0.00126,0.61285,-0.00065,0.14069,0.00084,0.70705,-0.00009,0.70717,1,4,1,1
1765409435.417089,-0.01313,0.01347,-0.03412,-0.00063,-0.00013,0.00109,0.61285,-0.00065,0.14069,0.00084,0.70705,-0.00009,0.70717,1,4,1,1
1765409435.419103,0.00778,0.03094,-0.01191,-0.00020,-0.00078,0.00082,0.61285,-0.00065,0.14069,0.00084,0.70705,-0.00009,0.70717,1,4,1,1
1765409435.421208,-0.00978,0.04014,-0.02760,0.00013,0.00082,0.00054,0.61285,-0.00065,0.14069,0.00084,0.70705,-0.00009,0.70717,1,4,1,1
1765409435.423112,0.00257,0.04113,0.04065,-0.00030,0.00219,0.00112,0.61285,-0.00065,0.14069,0.00084,0.70705,-0.00009,0.70717,1,4,1,1
1765409435.425076,-0.00589,0.02758,0.04141,-0.00002,0.00079,0.00154,0.61285,-0.00065,0.14069,0.00084,0.70705,-0.00009,0.70717,1,4,1,1
1765409435.427120,-0.03578,-0.00993,0.05745,-0.00201,-0.00101,-0.00015,0.61285,-0.00065,0.14069,0.00084,0.70705,-0.00009,0.70717,1,4,1,1
1765409435.429117,0.00349,0.00314,0.03448,-0.00054,0.00006,0.00140,0.61285,-0.00065,0.14069,0.00084,0.70705,-0.00009,0.70717,1,4,1,1
1765409435.431115,-0.03706,0.00468,0.06491,-0.00140,-0.00074,0.00066,0.61285,-0.00065,0.14069,0.00084,0.70705,-0.00009,0.70717,1,4,1,1
1765409435.433117,-0.00064,0.02062,-0.01178,-0.00033,0.00009,0.00069,0.61281,-0.00065,0.14070,0.00084,0.70704,-0.00009,0.70717,1,4,1,1
1765409435.435140,0.02126,0.00905,0.01117,-0.00025,-0.00132,0.00002,0.61281,-0.00065,0.14070,0.00084,0.70704,-0.00009,0.70717,1,4,1,1
1765409435.437112,0.02009,0.01838,0.01099,0.00030,-0.00054,0.00055,0.61277,-0.00065,0.14070,0.00084,0.70704,-0.00009,0.70717,1,4,1,1
1765409435.439104,0.02857,0.05660,0.01762,-0.00054,0.00034,0.00108,0.61277,-0.00065,0.14070,0.00084,0.70704,-0.00009,0.70717,1,4,1,1
1765409435.441096,0.01564,0.03060,-0.02738,0.00045,-0.00025,0.00039,0.61273,-0.00065,0.14070,0.00084,0.70704,-0.00009,0.70718,1,4,1,1
1765409435.443119,-0.03312,0.04129,0.01091,-0.00161,-0.00068,0.00101,0.61273,-0.00065,0.14070,0.00084,0.70704,-0.00009,0.70718,1,4,1,1
1765409435.445121,-0.01333,0.03357,-0.02723,-0.00017,-0.00028,0.00055,0.61269,-0.00065,0.14070,0.00084,0.70703,-0.00009,0.70718,1,4,1,1
1765409435.447162,-0.00628,0.03154,0.03416,-0.00282,-0.00213,0.00128,0.61269,-0.00065,0.14070,0.00084,0.70703,-0.00009,0.70718,1,4,1,1
1765409435.449130,0.00734,0.00148,0.02644,0.00075,-0.00026,0.00004,0.61248,-0.00065,0.14071,0.00084,0.70702,-0.00009,0.70719,1,4,1,1
1765409435.451135,0.02116,0.01795,0.00341,-0.00079,-0.00043,0.00055,0.61248,-0.00065,0.14071,0.00084,0.70702,-0.00009,0.70719,1,4,1,1
1765409435.453142,0.01559,0.04028,-0.00464,0.00013,-0.00025,0.00094,0.61248,-0.00065,0.14071,0.00084,0.70702,-0.00009,0.70719,1,4,1,1
1765409435.455146,0.01215,0.01859,0.02626,-0.00013,-0.00070,0.00058,0.61248,-0.00065,0.14071,0.00084,0.70702,-0.00009,0.70719,1,4,1,1
1765409435.457239,-0.03382,0.01738,-0.04198,-0.00015,-0.00091,0.00003,0.61248,-0.00065,0.14071,0.00084,0.70702,-0.00009,0.70719,1,4,1,1
1765409435.459129,-0.00558,0.04271,0.01815,-0.00006,0.00039,0.00111,0.61248,-0.00065,0.14071,0.00084,0.70702,-0.00009,0.70719,1,4,1,1
1765409435.461137,0.00835,0.04411,0.01788,-0.00135,0.00098,0.00083,0.61248,-0.00065,0.14071,0.00084,0.70702,-0.00009,0.70719,1,4,1,1
1765409435.463136,0.01990,0.00248,-0.00437,0.00055,0.00123,-0.00027,0.61248,-0.00065,0.14071,0.00084,0.70702,-0.00009,0.70719,1,4,1,1
1765409435.465118,0.02483,-0.01419,0.02689,-0.00009,-0.00007,0.00044,0.61248,-0.00065,0.14071,0.00084,0.70702,-0.00009,0.70719,1,4,1,1
1765409435.467129,-0.00226,0.03135,-0.01177,0.00112,-0.00065,0.00123,0.61248,-0.00065,0.14071,0.00084,0.70702,-0.00009,0.70719,1,4,1,1
1765409435.469130,0.00669,0.02567,0.01093,0.00061,-0.00000,0.00097,0.61244,-0.00065,0.14071,0.00084,0.70702,-0.00009,0.70719,1,4,1,1
1765409435.471122,-0.02439,0.04615,0.02609,-0.00198,-0.00104,0.00128,0.61244,-0.00065,0.14071,0.00084,0.70702,-0.00009,0.70719,1,4,1,1
1765409435.473135,0.02435,0.03976,0.02548,-0.00009,0.00027,0.00055,0.61240,-0.00065,0.14071,0.00084,0.70702,-0.00009,0.70719,1,4,1,1
1765409435.475137,0.01651,0.04431,-0.02732,-0.00135,0.00013,0.00160,0.61240,-0.00065,0.14071,0.00084,0.70702,-0.00009,0.70719,1,4,1,1
1765409435.477137,0.02747,0.00381,-0.01925,0.00166,-0.00050,0.00012,0.61236,-0.00065,0.14071,0.00084,0.70702,-0.00009,0.70719,1,4,1,1
1765409435.479141,0.00773,-0.01296,0.00394,0.00079,-0.00064,-0.00037,0.61236,-0.00065,0.14071,0.00084,0.70702,-0.00009,0.70719,1,4,1,1
1765409435.481157,-0.03231,-0.01806,0.07320,-0.00211,-0.00051,0.00108,0.61232,-0.00065,0.14071,0.00084,0.70703,-0.00009,0.70718,1,4,1,1
1765409435.483151,-0.02028,0.05979,0.00242,0.00146,0.00157,0.00124,0.61232,-0.00065,0.14071,0.00084,0.70703,-0.00009,0.70718,1,4,1,1
1765409435.485155,0.01453,0.05162,0.02581,-0.00344,-0.00036,0.00164,0.61228,-0.00065,0.14071,0.00084,0.70703,-0.00009,0.70719,1,4,1,1
1765409435.487174,0.01476,0.00616,-0.00425,0.00168,0.00015,-0.00013,0.61228,-0.00065,0.14071,0.00084,0.70703,-0.00009,0.70719,1,4,1,1
1765409435.489167,0.02863,0.02716,0.02563,-0.00003,0.00061,0.00028,0.61220,-0.00065,0.14071,0.00084,0.70703,-0.00009,0.70718,1,4,1,1
1765409435.491183,-0.00539,0.02275,0.01851,-0.00008,0.00078,0.00085,0.61207,-0.00065,0.14069,0.00084,0.70704,-0.00009,0.70717,1,4,1,1
1765409435.493149,-0.02404,0.03652,0.06431,-0.00210,-0.00129,0.00118,0.61207,-0.00065,0.14069,0.00084,0.70704,-0.00009,0.70717,1,4,1,1
1765409435.495172,-0.02590,0.03559,0.04107,-0.00058,0.00063,0.00075,0.61207,-0.00065,0.14069,0.00084,0.70704,-0.00009,0.70717,1,4,1,1
1765409435.497715,0.01608,0.00575,-0.02699,0.00037,0.00014,-0.00014,0.61207,-0.00065,0.14069,0.00084,0.70704,-0.00009,0.70717,1,4,1,1
1765409435.499162,0.03688,0.00288,0.01882,0.00034,-0.00010,0.00055,0.61207,-0.00065,0.14069,0.00084,0.70704,-0.00009,0.70717,1,4,1,1
1765409435.501141,-0.00643,-0.01334,0.05762,-0.00227,-0.00097,0.00050,0.61207,-0.00065,0.14069,0.00084,0.70704,-0.00009,0.70717,1,4,1,1
1765409435.503163,-0.00656,0.00114,0.08775,-0.00253,-0.00072,0.00092,0.61207,-0.00065,0.14069,0.00084,0.70704,-0.00009,0.70717,1,4,1,1
1765409435.505177,-0.03834,0.00893,0.00359,-0.00025,0.00067,0.00007,0.61207,-0.00065,0.14069,0.00084,0.70704,-0.00009,0.70717,1,4,1,1
1765409435.507182,-0.01773,0.00208,-0.00397,0.00076,-0.00022,-0.00036,0.61207,-0.00065,0.14069,0.00084,0.70704,-0.00009,0.70717,1,4,1,1
1765409435.509164,-0.01861,0.00882,0.06488,-0.00309,-0.00096,0.00092,0.61207,-0.00065,0.14069,0.00084,0.70704,-0.00009,0.70717,1,4,1,1
1765409435.511161,0.03311,0.05894,0.03263,-0.00073,0.00041,0.00081,0.61203,-0.00065,0.14069,0.00084,0.70705,-0.00009,0.70717,1,4,1,1
1765409435.513162,0.05243,0.03203,0.00269,0.00135,0.00032,0.00051,0.61203,-0.00065,0.14069,0.00084,0.70705,-0.00009,0.70717,1,4,1,1
1765409435.515177,-0.00512,-0.00615,0.00384,0.00044,0.00028,0.00004,0.61199,-0.00065,0.14069,0.00084,0.70704,-0.00009,0.70717,1,4,1,1
1765409435.517168,-0.00939,0.02492,0.00329,-0.00049,0.00108,0.00098,0.61195,-0.00065,0.14069,0.00084,0.70705,-0.00009,0.70717,1,4,1,1
1765409435.519209,-0.02998,-0.00080,0.00396,-0.00015,0.00020,0.00033,0.61195,-0.00065,0.14069,0.00084,0.70705,-0.00009,0.70717,1,4,1,1
1765409435.521164,-0.02588,0.01648,0.01117,-0.00016,0.00001,0.00047,0.61191,-0.00065,0.14069,0.00083,0.70705,-0.00009,0.70716,1,4,1,1
1765409435.523219,-0.00713,0.03641,0.07151,-0.00167,-0.00125,0.00036,0.61191,-0.00065,0.14069,0.00083,0.70705,-0.00009,0.70716,1,4,1,1
1765409435.525211,0.02437,0.03545,-0.01220,0.00007,-0.00061,0.00066,0.61191,-0.00065,0.14069,0.00083,0.70705,-0.00009,0.70716,1,4,1,1
1765409435.527204,0.00583,0.00570,0.01084,0.00190,0.00115,-0.00011,0.61187,-0.00065,0.14069,0.00084,0.70705,-0.00009,0.70716,1,4,1,1
1765409435.529215,-0.00952,-0.00393,0.02693,0.00003,0.00034,0.00100,0.61171,-0.00065,0.14068,0.00084,0.70706,-0.00009,0.70715,1,4,1,1
1765409435.531214,0.00747,0.03560,0.00339,-0.00036,-0.00064,0.00150,0.61171,-0.00065,0.14068,0.00084,0.70706,-0.00009,0.70715,1,4,1,1
1765409435.533597,-0.01405,0.01939,0.01875,0.00075,-0.00064,0.00059,0.61171,-0.00065,0.14068,0.00084,0.70706,-0.00009,0.70715,1,4,1,1
1765409435.535194,-0.01351,0.02884,-0.00442,0.00021,-0.00028,0.00030,0.61171,-0.00065,0.14068,0.00084,0.70706,-0.00009,0.70715,1,4,1,1
1765409435.537213,0.01267,0.03724,0.02557,-0.00100,0.00041,0.00043,0.61171,-0.00065,0.14068,0.00084,0.70706,-0.00009,0.70715,1,4,1,1
1765409435.539206,0.01535,0.04883,0.00272,-0.00042,0.00115,0.00148,0.61171,-0.00065,0.14068,0.00084,0.70706,-0.00009,0.70715,1,4,1,1
1765409435.541211,-0.00514,0.03256,-0.02705,-0.00062,0.00040,0.00135,0.61171,-0.00065,0.14068,0.00084,0.70706,-0.00009,0.70715,1,4,1,1
1765409435.543198,0.00121,-0.02032,0.01174,0.00267,0.00009,0.00004,0.61171,-0.00065,0.14068,0.00084,0.70706,-0.00009,0.70715,1,4,1,1
1765409435.545217,-0.01348,0.01828,-0.04213,-0.00014,0.00037,0.00054,0.61171,-0.00065,0.14068,0.00084,0.70706,-0.00009,0.70715,1,4,1,1
1765409435.547203,0.00746,0.05425,0.00248,-0.00057,0.00085,0.00095,0.61167,-0.00065,0.14068,0.00084,0.70706,-0.00009,0.70716,1,4,1,1
1765409435.549228,-0.00073,0.01555,-0.01957,0.00005,0.00059,0.00001,0.61167,-0.00065,0.14068,0.00084,0.70706,-0.00009,0.70716,1,4,1,1
1765409435.551216,0.01699,0.08435,-0.02904,-0.00087,0.00006,-0.00030,0.61162,-0.00065,0.14068,0.00084,0.70706,-0.00009,0.70716,1,4,1,1
1765409435.553216,0.01235,0.04190,0.04087,-0.00116,0.00055,0.00112,0.61162,-0.00065,0.14068,0.00084,0.70706,-0.00009,0.70716,1,4,1,1
1765409435.555215,0.03261,0.00925,0.04144,-0.00024,0.00109,0.00097,0.61158,-0.00065,0.14068,0.00084,0.70705,-0.00009,0.70716,1,4,1,1
1765409435.557197,0.01523,-0.04851,0.04278,0.00124,0.00057,0.00020,0.61158,-0.00065,0.14068,0.00084,0.70705,-0.00009,0.70716,1,4,1,1
1765409435.559209,0.01970,-0.00680,0.02663,0.00065,0.00037,0.00044,0.61138,-0.00065,0.14068,0.00084,0.70706,-0.00009,0.70715,1,4,1,1
1765409435.561221,-0.00865,0.04044,0.00309,-0.00096,-0.00008,0.00097,0.61138,-0.00065,0.14068,0.00084,0.70706,-0.00009,0.70715,1,4,1,1
1765409435.563244,-0.02659,0.07513,0.01025,-0.00076,-0.00000,0.00206,0.61138,-0.00065,0.14068,0.00084,0.70706,-0.00009,0.70715,1,4,1,1
1765409435.565245,0.00815,0.03553,-0.01953,-0.00080,-0.00066,0.00108,0.61138,-0.00065,0.14068,0.00084,0.70706,-0.00009,0.70715,1,4,1,1
1765409435.567224,0.00528,0.00613,0.01864,0.00234,0.00065,0.00030,0.61138,-0.00065,0.14068,0.00084,0.70706,-0.00009,0.70715,1,4,1,1
1765409435.569242,0.04875,0.01386,0.01835,0.00047,0.00127,0.00080,0.61138,-0.00065,0.14068,0.00084,0.70706,-0.00009,0.70715,1,4,1,1
1765409435.571244,0.03334,0.04947,0.01807,-0.00106,-0.00046,0.00148,0.61138,-0.00065,0.14068,0.00084,0.70706,-0.00009,0.70715,1,4,1,1
1765409435.573235,-0.03491,0.03692,-0.00450,0.00052,-0.00041,0.00032,0.61138,-0.00065,0.14068,0.00084,0.70706,-0.00009,0.70715,1,4,1,1
1765409435.575249,-0.04296,0.01267,-0.00383,0.00045,-0.00067,0.00020,0.61138,-0.00065,0.14068,0.00084,0.70706,-0.00009,0.70715,1,4,1,1
1765409435.577240,-0.04020,-0.00774,0.05776,-0.00242,-0.00094,0.00080,0.61138,-0.00065,0.14068,0.00084,0.70706,-0.00009,0.70715,1,4,1,1
1765409435.579231,0.01945,0.06121,0.02512,-0.00027,0.00109,0.00136,0.61134,-0.00065,0.14067,0.00084,0.70707,-0.00009,0.70714,1,4,1,1
1765409435.581220,0.02326,-0.00448,-0.01919,0.00134,0.00070,0.00012,0.61134,-0.00065,0.14067,0.00084,0.70707,-0.00009,0.70714,1,4,1,1
1765409435.583244,0.04489,-0.01204,-0.01124,0.00081,-0.00006,0.00052,0.61130,-0.00065,0.14067,0.00084,0.70707,-0.00009,0.70715,1,4,1,1
1765409435.585254,-0.01380,-0.00043,-0.01124,0.00073,-0.00050,0.00031,0.61130,-0.00065,0.14067,0.00084,0.70707,-0.00009,0.70715,1,4,1,1
1765409435.587260,-0.03585,0.00589,0.04241,-0.00204,-0.00265,0.00065,0.61126,-0.00065,0.14067,0.00083,0.70707,-0.00009,0.70714,1,4,1,1
1765409435.589254,-0.02987,-0.00613,0.00410,-0.00044,0.00058,0.00047,0.61126,-0.00065,0.14067,0.00083,0.70707,-0.00009,0.70714,1,4,1,1
1765409435.591260,-0.00643,0.03747,-0.00474,0.00075,0.00116,0.00083,0.61122,-0.00065,0.14067,0.00084,0.70707,-0.00009,0.70714,1,4,1,1
1765409435.593263,0.01005,0.01748,-0.01186,0.00117,0.00111,0.00094,0.61106,-0.00065,0.14067,0.00084,0.70706,-0.00009,0.70715,1,4,1,1
1765409435.595277,0.04607,0.01689,-0.01942,-0.00080,0.00004,0.00091,0.61102,-0.00065,0.14067,0.00084,0.70707,-0.00009,0.70714,1,4,1,1
1765409435.597259,0.02881,0.03679,-0.01237,-0.00056,0.00048,0.00079,0.61102,-0.00065,0.14067,0.00084,0.70707,-0.00009,0.70714,1,4,1,1
1765409435.599268,-0.01814,0.01066,0.00374,-0.00001,0.00082,0.00099,0.61102,-0.00065,0.14067,0.00084,0.70707,-0.00009,0.70714,1,4,1,1
1765409435.601280,-0.00952,-0.00899,0.01209,-0.00025,0.00023,0.00153,0.61102,-0.00065,0.14067,0.00084,0.70707,-0.00009,0.70714,1,4,1,1
1765409435.603270,-0.00868,0.00133,0.01927,-0.00056,-0.00031,0.00087,0.61102,-0.00065,0.14067,0.00084,0.70707,-0.00009,0.70714,1,4,1,1
1765409435.605264,0.01500,0.01043,0.02604,0.00108,0.00078,0.00016,0.61102,-0.00065,0.14067,0.00084,0.70707,-0.00009,0.70714,1,4,1,1
1765409435.607263,0.03133,0.02473,0.01052,0.00126,0.00084,0.00053,0.61102,-0.00065,0.14067,0.00084,0.70707,-0.00009,0.70714,1,4,1,1
1765409435.609268,0.02377,0.04935,0.03298,0.00003,0.00053,0.00109,0.61102,-0.00065,0.14067,0.00084,0.70707,-0.00009,0.70714,1,4,1,1
1765409435.611264,0.00759,0.03046,0.05635,-0.00021,-0.00002,0.00087,0.61102,-0.00065,0.14067,0.00084,0.70707,-0.00009,0.70714,1,4,1,1
1765409435.613265,-0.01318,-0.00563,-0.00363,0.00023,-0.00026,0.00004,0.61102,-0.00065,0.14067,0.00084,0.70707,-0.00009,0.70714,1,4,1,1
1765409435.615266,-0.00511,0.02849,0.01088,-0.00001,-0.00025,0.00071,0.61098,-0.00065,0.14067,0.00084,0.70707,-0.00009,0.70715,1,4,1,1
1765409435.617246,0.00186,0.04473,0.02609,-0.00331,-0.00058,0.00166,0.61098,-0.00065,0.14067,0.00084,0.70707,-0.00009,0.70715,1,4,1,1
1765409435.619284,0.03170,0.03850,0.05593,0.00011,0.00159,0.00137,0.61093,-0.00065,0.14067,0.00084,0.70706,-0.00009,0.70715,1,4,1,1
1765409435.621280,-0.00917,0.00570,0.01136,-0.00029,0.00058,0.00072,0.61093,-0.00065,0.14067,0.00084,0.70706,-0.00009,0.70715,1,4,1,1
1765409435.623286,-0.00527,-0.00029,-0.00381,0.00095,-0.00074,-0.00010,0.61089,-0.00065,0.14067,0.00084,0.70707,-0.00009,0.70715,1,4,1,1
1765409435.625286,0.00665,0.03218,0.01870,-0.00368,-0.00051,0.00138,0.61089,-0.00065,0.14067,0.00084,0.70707,-0.00009,0.70715,1,4,1,1
1765409435.627278,0.00684,0.04467,0.02545,0.00018,0.00087,0.00084,0.61065,-0.00065,0.14067,0.00084,0.70706,-0.00009,0.70715,1,4,1,1
1765409435.629280,0.01141,0.03780,0.01797,0.00032,0.00018,0.00043,0.61065,-0.00065,0.14067,0.00084,0.70706,-0.00009,0.70715,1,4,1,1
1765409435.631284,0.01065,0.00305,0.04141,0.00121,0.00097,0.00018,0.61065,-0.00065,0.14067,0.00084,0.70706,-0.00009,0.70715,1,4,1,1
1765409435.633298,0.01361,0.00286,0.03455,-0.00207,-0.00044,0.00140,0.61065,-0.00065,0.14067,0.00084,0.70706,-0.00009,0.70715,1,4,1,1
1765409435.635271,0.02490,0.02427,-0.01959,-0.00094,0.00067,0.00093,0.61065,-0.00065,0.14067,0.00084,0.70706,-0.00009,0.70715,1,4,1,1
1765409435.637428,0.00295,0.02295,-0.00426,0.00014,0.00030,0.00082,0.61065,-0.00065,0.14067,0.00084,0.70706,-0.00009,0.70715,1,4,1,1
1765409435.639272,-0.02817,0.00691,-0.02656,0.00191,0.00031,0.00071,0.61065,-0.00065,0.14067,0.00084,0.70706,-0.00009,0.70715,1,4,1,1
1765409435.641286,-0.02465,0.01651,0.05683,-0.00125,-0.00039,0.00050,0.61065,-0.00065,0.14067,0.00084,0.70706,-0.00009,0.70715,1,4,1,1
1765409435.643272,-0.00570,0.01831,-0.00421,0.00052,0.00040,0.00056,0.61065,-0.00065,0.14067,0.00084,0.70706,-0.00009,0.70715,1,4,1,1
1765409435.645279,0.01700,0.02982,-0.01258,-0.00065,0.00061,-0.00041,0.61065,-0.00065,0.14067,0.00084,0.70706,-0.00009,0.70715,1,4,1,1
1765409435.647287,0.01305,-0.00649,0.04219,-0.00109,-0.00056,0.00087,0.61065,-0.00065,0.14067,0.00084,0.70706,-0.00009,0.70715,1,4,1,1
1765409435.649281,-0.00196,-0.00386,-0.01870,0.00091,0.00026,0.00096,0.61065,-0.00065,0.14067,0.00084,0.70706,-0.00009,0.70715,1,4,1,1
1765409435.651281,-0.03989,0.00005,0.00400,0.00139,-0.00006,0.00034,0.61061,-0.00065,0.14068,0.00084,0.70706,-0.00009,0.70715,1,4,1,1
1765409435.653301,-0.01547,-0.02010,-0.02616,0.00245,0.00016,0.00003,0.61061,-0.00065,0.14068,0.00084,0.70706,-0.00009,0.70715,1,4,1,1
1765409435.655296,0.01911,0.01284,0.04880,0.00111,0.00073,0.00031,0.61057,-0.00065,0.14068,0.00084,0.70706,-0.00009,0.70715,1,4,1,1
1765409435.657299,0.05035,0.04396,-0.02018,-0.00091,-0.00004,0.00076,0.61057,-0.00065,0.14068,0.00084,0.70706,-0.00009,0.70715,1,4,1,1
1765409435.659296,0.01645,0.03952,0.06329,-0.00053,0.00087,0.00019,0.61053,-0.00065,0.14068,0.00083,0.70706,-0.00009,0.70715,1,4,1,1
1765409435.661299,0.02825,0.00764,0.00324,0.00061,0.00063,0.00000,0.61053,-0.00065,0.14068,0.00083,0.70706,-0.00009,0.70715,1,4,1,1
1765409435.663318,-0.01989,-0.02275,-0.01843,0.00242,0.00048,0.00031,0.61049,-0.00065,0.14068,0.00084,0.70706,-0.00009,0.70715,1,4,1,1
1765409435.665318,-0.02755,0.03130,-0.05731,0.00089,0.00003,0.00121,0.61049,-0.00065,0.14068,0.00084,0.70706,-0.00009,0.70715,1,4,1,1
1765409435.667290,-0.01830,0.04130,-0.01205,0.00036,-0.00047,0.00097,0.61034,-0.00065,0.14069,0.00084,0.70705,-0.00009,0.70716,1,4,1,1
1765409435.669322,-0.00865,0.03554,0.01829,-0.00080,0.00004,0.00072,0.61034,-0.00065,0.14069,0.00084,0.70705,-0.00009,0.70716,1,4,1,1
1765409435.671932,0.03996,0.03367,0.04816,0.00071,0.00161,0.00069,0.61034,-0.00065,0.14069,0.00084,0.70705,-0.00009,0.70716,1,4,1,1
1765409435.673326,0.03369,0.02849,0.01864,-0.00197,0.00070,0.00202,0.61034,-0.00065,0.14069,0.00084,0.70705,-0.00009,0.70716,1,4,1,1
1765409435.675332,0.01279,0.02804,-0.00396,-0.00133,-0.00096,0.00149,0.61034,-0.00065,0.14069,0.00084,0.70705,-0.00009,0.70716,1,4,1,1
1765409435.677335,-0.04909,0.01315,0.04199,-0.00151,-0.00174,0.00025,0.61034,-0.00065,0.14069,0.00084,0.70705,-0.00009,0.70716,1,4,1,1
1765409435.679331,-0.03068,0.03890,0.00319,0.00011,-0.00020,0.00086,0.61034,-0.00065,0.14069,0.00084,0.70705,-0.00009,0.70716,1,4,1,1
1765409435.681328,-0.01825,0.01105,0.02658,0.00021,0.00044,0.00101,0.61034,-0.00065,0.14069,0.00084,0.70705,-0.00009,0.70716,1,4,1,1
1765409435.683318,0.01604,-0.02409,0.05725,0.00044,0.00067,-0.00007,0.61030,-0.00065,0.14069,0.00084,0.70705,-0.00009,0.70717,1,4,1,1
1765409435.685395,0.03731,0.00292,0.04887,0.00034,0.00013,-0.00024,0.61030,-0.00065,0.14069,0.00084,0.70705,-0.00009,0.70717,1,4,1,1
1765409435.687315,0.02351,0.04931,0.02536,0.00024,0.00066,0.00109,0.61026,-0.00065,0.14069,0.00084,0.70705,-0.00009,0.70717,1,4,1,1
1765409435.689329,-0.00173,0.04506,0.01050,0.00019,0.00047,0.00124,0.61026,-0.00065,0.14069,0.00084,0.70705,-0.00009,0.70717,1,4,1,1
1765409435.691349,-0.04283,0.01793,-0.03415,0.00029,-0.00131,0.00045,0.61022,-0.00065,0.14069,0.00083,0.70705,-0.00009,0.70717,1,4,1,1
1765409435.693319,-0.00916,0.01141,-0.03444,0.00021,-0.00019,0.00015,0.61022,-0.00065,0.14069,0.00083,0.70705,-0.00009,0.70717,1,4,1,1
1765409435.695344,-0.02239,0.03155,0.09463,-0.00325,-0.00145,0.00053,0.61018,-0.00065,0.14070,0.00084,0.70704,-0.00009,0.70717,1,4,1,1
1765409435.697340,0.01953,0.04661,0.04813,-0.00001,0.00109,0.00097,0.61018,-0.00065,0.14070,0.00084,0.70704,-0.00009,0.70717,1,4,1,1
1765409435.699337,0.05395,0.02171,0.04831,0.00013,0.00068,0.00001,0.61018,-0.00065,0.14070,0.00084,0.70704,-0.00009,0.70717,1,4,1,1
1765409435.701371,-0.00076,-0.01845,0.03424,0.00073,0.00048,-0.00061,0.60997,-0.00065,0.14069,0.00084,0.70705,-0.00009,0.70716,1,4,1,1
1765409435.703349,0.00218,-0.00682,0.01901,0.00109,0.00108,0.00044,0.60997,-0.00065,0.14069,0.00084,0.70705,-0.00009,0.70716,1,4,1,1
1765409435.705389,-0.01781,0.00599,0.01900,-0.00007,0.00056,0.00073,0.60997,-0.00065,0.14069,0.00084,0.70705,-0.00009,0.70716,1,4,1,1
1765409435.707327,-0.00961,0.02080,0.03360,0.00033,0.00057,0.00033,0.60997,-0.00065,0.14069,0.00084,0.70705,-0.00009,0.70716,1,4,1,1
1765409435.709327,0.02818,0.02725,0.00283,0.00041,0.00062,0.00026,0.60997,-0.00065,0.14069,0.00084,0.70705,-0.00009,0.70716,1,4,1,1
1765409435.711351,0.04095,0.03414,-0.00449,-0.00038,0.00022,0.00146,0.60997,-0.00065,0.14069,0.00084,0.70705,-0.00009,0.70716,1,4,1,1
1765409435.713343,0.03134,0.05937,0.01755,0.00080,0.00031,0.00121,0.60997,-0.00065,0.14069,0.00084,0.70705,-0.00009,0.70716,1,4,1,1
1765409435.715331,-0.00133,0.02077,0.02616,0.00033,0.00022,0.00072,0.60997,-0.00065,0.14069,0.00084,0.70705,-0.00009,0.70716,1,4,1,1
1765409435.717372,-0.02214,-0.02050,0.00447,0.00048,0.00012,0.00047,0.60997,-0.00065,0.14069,0.00084,0.70705,-0.00009,0.70716,1,4,1,1
1765409435.719329,-0.00498,-0.01158,0.01951,-0.00028,0.00042,0.00100,0.60993,-0.00065,0.14069,0.00084,0.70705,-0.00009,0.70716,1,4,1,1
1765409435.721323,-0.00311,0.01623,-0.01929,0.00202,0.00025,0.00082,0.60993,-0.00065,0.14069,0.00084,0.70705,-0.00009,0.70716,1,4,1,1
1765409435.723341,0.00266,0.01367,0.03379,0.00090,0.00004,0.00032,0.60989,-0.00065,0.14069,0.00084,0.70705,-0.00009,0.70717,1,4,1,1
1765409435.725366,-0.00155,0.02517,0.02588,0.00038,0.00098,0.00058,0.60989,-0.00065,0.14069,0.00084,0.70705,-0.00009,0.70717,1,4,1,1
1765409435.727370,0.02374,0.04494,0.04844,0.00019,-0.00010,0.00124,0.60985,-0.00065,0.14069,0.00084,0.70705,-0.00009,0.70716,1,4,1,1
1765409435.729377,0.02813,0.04187,0.03316,-0.00007,0.00049,0.00109,0.60985,-0.00065,0.14069,0.00084,0.70705,-0.00009,0.70716,1,4,1,1
1765409435.731363,0.01254,0.03394,0.01822,-0.00016,-0.00136,0.00016,0.60981,-0.00065,0.14070,0.00084,0.70704,-0.00009,0.70717,1,4,1,1
1765409435.733409,-0.00904,0.02100,-0.00429,-0.00011,0.00006,0.00030,0.60981,-0.00065,0.14070,0.00084,0.70704,-0.00009,0.70717,1,4,1,1
1765409435.735380,0.01975,0.04718,0.04824,-0.00000,0.00033,0.00098,0.60961,-0.00065,0.14071,0.00084,0.70703,-0.00009,0.70718,1,4,1,1
1765409435.737372,-0.02095,0.01846,0.04152,-0.00101,0.00020,0.00062,0.60961,-0.00065,0.14071,0.00084,0.70703,-0.00009,0.70718,1,4,1,1
1765409435.739355,-0.01923,0.02099,-0.03461,0.00120,0.00069,0.00069,0.60961,-0.00065,0.14071,0.00084,0.70703,-0.00009,0.70718,1,4,1,1
1765409435.741368,0.00384,0.00861,-0.04208,-0.00004,-0.00022,-0.00001,0.60961,-0.00065,0.14071,0.00084,0.70703,-0.00009,0.70718,1,4,1,1
1765409435.743370,0.01593,0.01173,0.00317,0.00109,-0.00076,-0.00066,0.60961,-0.00065,0.14071,0.00084,0.70703,-0.00009,0.70718,1,4,1,1
1765409435.745376,0.00789,0.06388,-0.05069,-0.00133,0.00060,0.00145,0.60961,-0.00065,0.14071,0.00084,0.70703,-0.00009,0.70718,1,4,1,1
1765409435.747387,0.00259,0.05670,0.01003,-0.00011,0.00117,0.00109,0.60961,-0.00065,0.14071,0.00084,0.70703,-0.00009,0.70718,1,4,1,1
1765409435.749378,0.00412,-0.01124,-0.01096,-0.00049,-0.00033,0.00056,0.60961,-0.00065,0.14071,0.00084,0.70703,-0.00009,0.70718,1,4,1,1
1765409435.751374,-0.01844,0.00617,-0.01122,0.00037,0.00032,0.00111,0.60961,-0.00065,0.14071,0.00084,0.70703,-0.00009,0.70718,1,4,1,1
1765409435.753371,0.01998,0.00882,0.00362,0.00062,-0.00079,0.00042,0.60961,-0.00065,0.14071,0.00084,0.70703,-0.00009,0.70718,1,4,1,1
1765409435.755379,-0.01055,0.01164,-0.00414,0.00153,0.00008,0.00017,0.60957,-0.00065,0.14070,0.00084,0.70703,-0.00009,0.70718,1,4,1,1
1765409435.757384,0.06280,0.01617,0.04878,-0.00081,0.00060,0.00094,0.60957,-0.00065,0.14070,0.00084,0.70703,-0.00009,0.70718,1,4,1,1
1765409435.759378,0.03651,0.02660,-0.01211,-0.00003,0.00078,0.00105,0.60953,-0.00065,0.14070,0.00084,0.70704,-0.00009,0.70717,1,4,1,1
1765409435.761368,0.01167,-0.00692,-0.01113,-0.00000,0.00034,0.00082,0.60953,-0.00065,0.14070,0.00084,0.70704,-0.00009,0.70717,1,4,1,1
1765409435.763371,-0.01773,0.03179,-0.00453,0.00046,-0.00061,0.00004,0.60953,-0.00065,0.14070,0.00084,0.70704,-0.00009,0.70717,1,4,1,1
1765409435.765366,-0.03557,0.01044,0.04960,-0.00220,-0.00203,0.00011,0.60949,-0.00065,0.14070,0.00083,0.70704,-0.00009,0.70718,1,4,1,1
1765409435.767373,-0.00688,0.02891,-0.00420,0.00152,-0.00035,0.00110,0.60949,-0.00065,0.14070,0.00083,0.70704,-0.00009,0.70718,1,4,1,1
1765409435.769389,0.02401,0.01473,0.01078,0.00026,0.00093,0.00041,0.60944,-0.00065,0.14070,0.00084,0.70704,-0.00009,0.70717,1,4,1,1
1765409435.771377,0.02468,0.02509,0.01831,-0.00027,0.00003,0.00055,0.60944,-0.00065,0.14070,0.00084,0.70704,-0.00009,0.70717,1,4,1,1
1765409435.773413,0.04504,0.04164,0.00255,0.00015,0.00041,0.00065,0.60941,-0.00065,0.14070,0.00083,0.70704,-0.00009,0.70718,1,4,1,1
1765409435.775430,0.02378,0.01968,0.05632,0.00032,0.00093,0.00072,0.60916,-0.00065,0.14070,0.00083,0.70704,-0.00009,0.70717,1,4,1,1
1765409435.777415,-0.01310,0.01936,0.00345,0.00009,-0.00079,0.00018,0.60916,-0.00065,0.14070,0.00083,0.70704,-0.00009,0.70717,1,4,1,1
1765409435.779392,-0.02791,-0.01783,-0.01079,0.00183,0.00045,0.00059,0.60916,-0.00065,0.14070,0.00083,0.70704,-0.00009,0.70717,1,4,1,1
1765409435.781406,-0.03431,0.02591,-0.01945,-0.00048,0.00062,0.00058,0.60916,-0.00065,0.14070,0.00083,0.70704,-0.00009,0.70717,1,4,1,1
1765409435.783395,0.01561,0.03907,0.04073,-0.00032,0.00127,0.00097,0.60916,-0.00065,0.14070,0.00083,0.70704,-0.00009,0.70717,1,4,1,1
1765409435.785421,0.00621,0.04505,0.04806,0.00106,0.00086,0.00045,0.60916,-0.00065,0.14070,0.00083,0.70704,-0.00009,0.70717,1,4,1,1
1765409435.787396,0.02047,0.01317,0.03376,0.00002,-0.00017,0.00030,0.60916,-0.00065,0.14070,0.00083,0.70704,-0.00009,0.70717,1,4,1,1
1765409435.789399,0.03959,0.03247,0.04160,-0.00280,-0.00166,0.00178,0.60916,-0.00065,0.14070,0.00083,0.70704,-0.00009,0.70717,1,4,1,1
1765409435.791414,0.00687,0.02052,0.00350,0.00033,0.00013,0.00110,0.60916,-0.00065,0.14070,0.00083,0.70704,-0.00009,0.70717,1,4,1,1
1765409435.793399,-0.03858,-0.00611,0.00427,-0.00044,0.00070,0.00088,0.60916,-0.00065,0.14070,0.00083,0.70704,-0.00009,0.70717,1,4,1,1
1765409435.795403,-0.01481,0.01295,0.00364,0.00067,0.00116,0.00112,0.60916,-0.00065,0.14070,0.00083,0.70704,-0.00009,0.70717,1,4,1,1
1765409435.797409,0.01246,0.00393,-0.01147,-0.00009,-0.00083,0.00015,0.60916,-0.00065,0.14070,0.00083,0.70704,-0.00009,0.70717,1,4,1,1
1765409435.799408,0.02623,0.01038,0.01122,-0.00154,-0.00061,0.00055,0.60912,-0.00065,0.14069,0.00084,0.70704,-0.00009,0.70717,1,4,1,1
1765409435.801406,0.03687,0.00786,0.01864,0.00040,-0.00011,0.00041,0.60912,-0.00065,0.14069,0.00084,0.70704,-0.00009,0.70717,1,4,1,1
1765409435.803405,0.02974,0.03249,0.04838,-0.00084,-0.00017,0.00017,0.60908,-0.00065,0.14069,0.00084,0.70704,-0.00009,0.70717,1,4,1,1
1765409435.805410,0.01099,0.05133,0.00272,-0.00039,0.00121,0.00162,0.60908,-0.00065,0.14069,0.00084,0.70704,-0.00009,0.70717,1,4,1,1
1765409435.807449,0.03232,0.03520,-0.01970,0.00029,-0.00057,0.00105,0.60904,-0.00065,0.14069,0.00084,0.70704,-0.00009,0.70717,1,4,1,1
1765409435.809425,-0.01354,0.02442,0.01103,0.00037,-0.00091,0.00045,0.60904,-0.00065,0.14069,0.00084,0.70704,-0.00009,0.70717,1,4,1,1
1765409435.811422,0.01456,0.02038,0.01842,0.00120,0.00054,0.00069,0.60904,-0.00065,0.14069,0.00084,0.70704,-0.00009,0.70717,1,4,1,1
1765409435.813431,-0.00191,0.04033,0.03331,0.00057,0.00047,0.00099,0.60900,-0.00065,0.14069,0.00084,0.70705,-0.00009,0.70716,1,4,1,1
1765409435.815443,0.02818,0.02154,0.04864,-0.00009,0.00139,0.00084,0.60884,-0.00065,0.14069,0.00084,0.70705,-0.00009,0.70716,1,4,1,1
1765409435.817418,0.04995,0.02385,0.01031,-0.00028,0.00099,0.00011,0.60884,-0.00065,0.14069,0.00084,0.70705,-0.00009,0.70716,1,4,1,1
1765409435.819438,0.01848,0.04999,0.03351,-0.00281,-0.00130,0.00151,0.60879,-0.00065,0.14069,0.00084,0.70705,-0.00009,0.70716,1,4,1,1
1765409435.821503,-0.02791,0.01440,0.04937,-0.00193,-0.00098,0.00037,0.60879,-0.00065,0.14069,0.00084,0.70705,-0.00009,0.70716,1,4,1,1
1765409435.823460,-0.01477,0.01373,0.03414,0.00090,0.00027,0.00114,0.60879,-0.00065,0.14069,0.00084,0.70705,-0.00009,0.70716,1,4,1,1
1765409435.825445,-0.01365,0.01848,-0.01173,0.00008,0.00024,0.00057,0.60879,-0.00065,0.14069,0.00084,0.70705,-0.00009,0.70716,1,4,1,1
1765409435.827450,0.02735,0.02684,0.00307,0.00063,0.00102,0.00107,0.60879,-0.00065,0.14069,0.00084,0.70705,-0.00009,0.70716,1,4,1,1
1765409435.829435,0.03807,0.02686,0.03361,-0.00134,-0.00000,0.00109,0.60879,-0.00065,0.14069,0.00084,0.70705,-0.00009,0.70716,1,4,1,1
1765409435.831441,0.01024,0.00891,0.04893,0.00194,0.00008,0.00005,0.60879,-0.00065,0.14069,0.00084,0.70705,-0.00009,0.70716,1,4,1,1
1765409435.833451,-0.00119,0.02113,0.01104,0.00034,-0.00029,0.00071,0.60879,-0.00065,0.14069,0.00084,0.70705,-0.00009,0.70716,1,4,1,1
1765409435.835447,-0.01982,0.01203,-0.04174,0.00197,-0.00030,0.00096,0.60879,-0.00065,0.14069,0.00084,0.70705,-0.00009,0.70716,1,4,1,1
1765409435.837468,-0.01021,0.03141,-0.05710,0.00046,-0.00093,0.00161,0.60875,-0.00065,0.14068,0.00083,0.70705,-0.00009,0.70716,1,4,1,1
1765409435.839449,0.00233,-0.00145,0.02650,0.00115,0.00057,0.00032,0.60875,-0.00065,0.14068,0.00083,0.70705,-0.00009,0.70716,1,4,1,1
1765409435.841462,0.02434,0.01495,0.01084,0.00004,0.00055,0.00041,0.60871,-0.00065,0.14068,0.00084,0.70705,-0.00009,0.70716,1,4,1,1
1765409435.843470,-0.00024,0.02102,-0.01928,-0.00054,-0.00055,0.00069,0.60871,-0.00065,0.14068,0.00084,0.70705,-0.00009,0.70716,1,4,1,1
1765409435.845449,0.02446,0.05920,0.01747,-0.00051,0.00039,0.00081,0.60867,-0.00065,0.14068,0.00084,0.70706,-0.00009,0.70716,1,4,1,1
1765409435.847466,-0.01255,0.03378,0.01065,-0.00061,-0.00055,0.00018,0.60867,-0.00065,0.14068,0.00084,0.70706,-0.00009,0.70716,1,4,1,1
1765409435.849456,0.01078,-0.00658,0.00386,0.00109,0.00047,0.00043,0.60863,-0.00065,0.14068,0.00083,0.70706,-0.00009,0.70716,1,4,1,1
1765409435.851467,0.01092,0.02276,0.03382,0.00036,0.00033,0.00125,0.60863,-0.00065,0.14068,0.00083,0.70706,-0.00009,0.70716,1,4,1,1
1765409435.853457,0.02746,0.00798,0.01119,0.00105,0.00014,0.00082,0.60859,-0.00065,0.14068,0.00084,0.70706,-0.00009,0.70715,1,4,1,1
1765409435.855474,-0.00536,0.03346,0.02587,0.00027,-0.00012,0.00059,0.60859,-0.00065,0.14068,0.00084,0.70706,-0.00009,0.70715,1,4,1,1
1765409435.857463,0.02095,0.05218,0.04038,-0.00082,0.00005,0.00043,0.60839,-0.00065,0.14068,0.00084,0.70706,-0.00009,0.70716,1,4,1,1
1765409435.859460,-0.02320,0.03688,0.07185,-0.00253,-0.00182,0.00078,0.60839,-0.00065,0.14068,0.00084,0.70706,-0.00009,0.70716,1,4,1,1
1765409435.861465,0.01663,0.02046,-0.01902,-0.00098,-0.00074,0.00148,0.60839,-0.00065,0.14068,0.00084,0.70706,-0.00009,0.70716,1,4,1,1
1765409435.863455,0.02779,-0.02139,0.04960,0.00135,0.00027,0.00005,0.60839,-0.00065,0.14068,0.00084,0.70706,-0.00009,0.70716,1,4,1,1
1765409435.865467,0.02833,0.01765,-0.01193,0.00030,0.00012,0.00053,0.60839,-0.00065,0.14068,0.00084,0.70706,-0.00009,0.70716,1,4,1,1
1765409435.867476,0.01976,0.04783,-0.01241,0.00022,-0.00056,0.00093,0.60839,-0.00065,0.14068,0.00084,0.70706,-0.00009,0.70716,1,4,1,1
1765409435.869498,-0.03415,0.04617,0.02583,-0.00068,-0.00016,0.00088,0.60839,-0.00065,0.14068,0.00084,0.70706,-0.00009,0.70716,1,4,1,1
1765409435.871503,-0.01447,0.02880,-0.03470,0.00086,-0.00013,0.00068,0.60839,-0.00065,0.14068,0.00084,0.70706,-0.00009,0.70716,1,4,1,1
1765409435.873477,-0.02245,0.01957,-0.02659,0.00053,-0.00091,0.00097,0.60839,-0.00065,0.14068,0.00084,0.70706,-0.00009,0.70716,1,4,1,1
1765409435.875499,0.01622,-0.02454,-0.01820,-0.00044,0.00044,0.00108,0.60839,-0.00065,0.14068,0.00084,0.70706,-0.00009,0.70716,1,4,1,1
1765409435.877480,0.04475,-0.01240,0.00388,0.00081,0.00045,0.00053,0.60835,-0.00065,0.14068,0.00083,0.70706,-0.00009,0.70715,1,4,1,1
1765409435.879498,0.02808,-0.00215,0.01120,0.00071,0.00051,0.00028,0.60835,-0.00065,0.14068,0.00083,0.70706,-0.00009,0.70715,1,4,1,1
1765409435.881471,0.01158,0.03259,-0.03504,0.00004,0.00031,0.00052,0.60831,-0.00065,0.14068,0.00084,0.70706,-0.00009,0.70715,1,4,1,1
1765409435.883482,-0.03173,0.06857,-0.02059,0.00112,0.00017,0.00043,0.60831,-0.00065,0.14068,0.00084,0.70706,-0.00009,0.70715,1,4,1,1
1765409435.885512,-0.01721,0.03048,-0.02729,-0.00065,0.00053,0.00042,0.60827,-0.00065,0.14068,0.00084,0.70706,-0.00009,0.70715,1,4,1,1
1765409435.889564,0.02684,-0.01423,0.04258,-0.00227,-0.00110,0.00126,0.60823,-0.00064,0.14068,0.00083,0.70706,-0.00009,0.70715,1,4,1,1
1765409435.891512,0.02735,0.01693,-0.00434,0.00072,0.00115,0.00093,0.60823,-0.00064,0.14068,0.00083,0.70706,-0.00009,0.70715,1,4,1,1
1765409435.893518,0.01580,0.02103,-0.01936,0.00034,-0.00074,0.00067,0.60819,-0.00065,0.14068,0.00084,0.70705,-0.00009,0.70716,1,4,1,1
1765409435.895512,-0.00148,0.01185,0.04909,0.00110,-0.00054,0.00020,0.60819,-0.00065,0.14068,0.00084,0.70705,-0.00009,0.70716,1,4,1,1
1765409435.897521,-0.03430,0.03085,-0.01186,-0.00064,0.00049,0.00085,0.60815,-0.00064,0.14068,0.00083,0.70706,-0.00009,0.70716,1,4,1,1
1765409435.899540,0.02351,0.05429,0.02519,0.00030,0.00066,0.00095,0.60815,-0.00064,0.14068,0.00083,0.70706,-0.00009,0.70716,1,4,1,1
1765409435.901561,-0.00013,0.00586,-0.01154,-0.00051,0.00009,0.00029,0.60807,-0.00065,0.14069,0.00084,0.70705,-0.00009,0.70716,1,4,1,1
1765409435.903547,0.02325,0.01466,0.03349,0.00091,0.00132,0.00043,0.60779,-0.00065,0.14069,0.00084,0.70705,-0.00009,0.70716,1,4,1,1
1765409435.905509,0.01981,0.06206,-0.00491,-0.00048,-0.00030,0.00174,0.60779,-0.00065,0.14069,0.00084,0.70705,-0.00009,0.70716,1,4,1,1
1765409435.907522,0.02253,0.06785,0.02543,-0.00237,-0.00200,0.00123,0.60779,-0.00065,0.14069,0.00084,0.70705,-0.00009,0.70716,1,4,1,1
1765409435.909528,-0.01865,0.03122,-0.02729,0.00089,0.00017,0.00042,0.60779,-0.00065,0.14069,0.00084,0.70705,-0.00009,0.70716,1,4,1,1
1765409435.911585,-0.01574,-0.00345,0.07980,-0.00128,-0.00011,-0.00015,0.60779,-0.00065,0.14069,0.00084,0.70705,-0.00009,0.70716,1,4,1,1
1765409435.913547,-0.02362,-0.02876,0.08845,-0.00246,0.00027,0.00095,0.60779,-0.00065,0.14069,0.00084,0.70705,-0.00009,0.70716,1,4,1,1
1765409435.916234,-0.00053,0.01528,-0.01165,-0.00061,0.00047,0.00083,0.60779,-0.00065,0.14069,0.00084,0.70705,-0.00009,0.70716,1,4,1,1
1765409435.917532,-0.00845,0.06584,-0.01272,-0.00087,-0.00100,0.00069,0.60779,-0.00065,0.14069,0.00084,0.70705,-0.00009,0.70716,1,4,1,1
1765409435.919555,0.00800,0.05011,-0.00494,-0.00062,-0.00017,0.00068,0.60779,-0.00065,0.14069,0.00084,0.70705,-0.00009,0.70716,1,4,1,1
1765409435.921556,0.02427,0.02963,0.00285,0.00000,0.00066,0.00040,0.60779,-0.00065,0.14069,0.00084,0.70705,-0.00009,0.70716,1,4,1,1
1765409435.923554,0.01980,0.01269,0.01085,0.00045,0.00060,0.00028,0.60779,-0.00065,0.14069,0.00084,0.70705,-0.00009,0.70716,1,4,1,1
1765409435.925523,-0.00013,-0.00892,0.01904,-0.00025,0.00034,-0.00009,0.60779,-0.00065,0.14069,0.00084,0.70705,-0.00009,0.70716,1,4,1,1
1765409435.927574,0.01721,0.00600,0.01146,-0.00094,-0.00088,0.00070,0.60779,-0.00065,0.14069,0.00084,0.70705,-0.00009,0.70716,1,4,1,1
1765409435.929540,0.01557,0.02964,0.03358,-0.00021,0.00065,0.00124,0.60779,-0.00065,0.14069,0.00084,0.70705,-0.00009,0.70716,1,4,1,1
1765409435.931543,-0.00608,0.02360,-0.01197,0.00102,0.00015,0.00042,0.60779,-0.00065,0.14069,0.00084,0.70705,-0.00009,0.70716,1,4,1,1
1765409435.933522,-0.00197,0.03679,-0.02018,0.00183,-0.00056,-0.00053,0.60779,-0.00065,0.14069,0.00084,0.70705,-0.00009,0.70716,1,4,1,1
1765409435.935549,0.00735,0.03500,0.06332,0.00028,0.00098,-0.00007,0.60779,-0.00065,0.14069,0.00084,0.70705,-0.00009,0.70716,1,4,1,1
1765409435.937532,-0.01117,0.04519,-0.02751,0.00106,0.00084,0.00121,0.60775,-0.00065,0.14069,0.00084,0.70706,-0.00009,0.70716,1,4,1,1
1765409435.939576,0.01950,0.02047,0.03399,-0.00317,-0.00130,0.00072,0.60775,-0.00065,0.14069,0.00084,0.70706,-0.00009,0.70716,1,4,1,1
1765409435.941544,-0.00046,0.01065,0.01101,-0.00023,0.00046,0.00017,0.60771,-0.00064,0.14069,0.00084,0.70706,-0.00009,0.70716,1,4,1,1
1765409435.943532,0.03630,0.01248,0.02632,0.00045,0.00016,0.00109,0.60771,-0.00064,0.14069,0.00084,0.70706,-0.00009,0.70716,1,4,1,1
1765409435.945542,-0.01460,-0.01120,0.00412,0.00103,0.00079,0.00059,0.60763,-0.00064,0.14068,0.00084,0.70707,-0.00009,0.70715,1,4,1,1
1765409435.947539,-0.00556,0.01377,-0.00414,0.00068,0.00002,0.00030,0.60739,-0.00065,0.14068,0.00084,0.70706,-0.00009,0.70715,1,4,1,1
1765409435.949557,0.02479,0.04445,-0.00472,-0.00091,0.00002,0.00120,0.60739,-0.00065,0.14068,0.00084,0.70706,-0.00009,0.70715,1,4,1,1
1765409435.951603,0.01922,0.06196,0.01745,0.00040,0.00045,0.00095,0.60739,-0.00065,0.14068,0.00084,0.70706,-0.00009,0.70715,1,4,1,1
1765409435.953571,0.02013,0.02781,0.01815,0.00020,0.00008,0.00029,0.60739,-0.00065,0.14068,0.00084,0.70706,-0.00009,0.70715,1,4,1,1
1765409435.955586,-0.01294,-0.00638,0.00404,-0.00044,0.00038,0.00045,0.60735,-0.00064,0.14069,0.00083,0.70706,-0.00009,0.70715,1,4,1,1
1765409435.957575,0.00843,0.00577,0.00418,-0.00116,-0.00063,0.00151,0.60735,-0.00064,0.14069,0.00083,0.70706,-0.00009,0.70715,1,4,1,1
1765409435.960783,-0.01502,0.00450,-0.02652,0.00166,-0.00023,0.00056,0.60735,-0.00064,0.14069,0.00083,0.70706,-0.00009,0.70715,1,4,1,1
1765409435.961550,-0.00439,0.00444,-0.00396,0.00013,-0.00076,-0.00024,0.60735,-0.00064,0.14069,0.00083,0.70706,-0.00009,0.70715,1,4,1,1
1765409435.963556,0.01166,0.05259,-0.02777,-0.00016,-0.00021,0.00079,0.60735,-0.00064,0.14069,0.00083,0.70706,-0.00009,0.70715,1,4,1,1
1765409435.965552,0.01162,0.05694,0.00214,-0.00010,0.00079,0.00027,0.60735,-0.00064,0.14069,0.00083,0.70706,-0.00009,0.70715,1,4,1,1
1765409435.967585,0.01556,-0.00001,0.02636,0.00030,0.00117,0.00044,0.60735,-0.00064,0.14069,0.00083,0.70706,-0.00009,0.70715,1,4,1,1
1765409435.969555,-0.00093,-0.03343,-0.01045,0.00033,0.00013,0.00057,0.60735,-0.00064,0.14069,0.00083,0.70706,-0.00009,0.70715,1,4,1,1
1765409435.971553,0.00893,0.02575,-0.00408,-0.00136,-0.00092,0.00096,0.60735,-0.00064,0.14069,0.00083,0.70706,-0.00009,0.70715,1,4,1,1
1765409435.973549,-0.00959,0.05119,-0.00481,0.00026,-0.00072,0.00070,0.60735,-0.00064,0.14069,0.00083,0.70706,-0.00009,0.70715,1,4,1,1
1765409435.975538,-0.01486,0.03352,0.03322,0.00136,0.00062,0.00019,0.60735,-0.00064,0.14069,0.00083,0.70706,-0.00009,0.70715,1,4,1,1
1765409435.977557,0.01544,0.01030,0.02605,0.00064,0.00078,0.00016,0.60735,-0.00064,0.14069,0.00083,0.70706,-0.00009,0.70715,1,4,1,1
1765409435.979558,0.04107,0.04382,0.04068,-0.00048,0.00059,0.00122,0.60735,-0.00064,0.14069,0.00083,0.70706,-0.00009,0.70715,1,4,1,1
1765409435.981575,0.04125,0.02382,0.01825,-0.00050,0.00098,0.00094,0.60731,-0.00065,0.14069,0.00084,0.70706,-0.00009,0.70715,1,4,1,1
1765409435.983574,0.00822,0.01600,-0.00411,-0.00038,-0.00053,0.00042,0.60731,-0.00065,0.14069,0.00084,0.70706,-0.00009,0.70715,1,4,1,1
1765409435.985575,-0.01731,0.00617,0.01870,-0.00007,0.00054,-0.00007,0.60727,-0.00064,0.14069,0.00083,0.70706,-0.00009,0.70715,1,4,1,1
1765409435.987593,-0.02368,-0.00341,0.06503,-0.00215,-0.00051,0.00065,0.60727,-0.00064,0.14069,0.00083,0.70706,-0.00009,0.70715,1,4,1,1
1765409435.989564,-0.00128,0.02990,-0.00397,-0.00065,0.00036,0.00204,0.60723,-0.00065,0.14069,0.00084,0.70706,-0.00009,0.70715,1,4,1,1
1765409435.991575,0.01802,0.08502,0.05504,-0.00195,-0.00134,0.00058,0.60723,-0.00065,0.14069,0.00084,0.70706,-0.00009,0.70715,1,4,1,1
1765409435.993568,0.02850,0.05732,0.00959,0.00034,0.00007,-0.00014,0.60719,-0.00065,0.14069,0.00084,0.70706,-0.00009,0.70716,1,4,1,1
1765409435.995598,0.02428,0.05929,0.01006,-0.00051,0.00014,0.00121,0.60715,-0.00064,0.14069,0.00083,0.70705,-0.00009,0.70716,1,4,1,1
1765409435.997589,0.02492,0.01437,0.02634,-0.00105,0.00068,0.00123,0.60699,-0.00064,0.14069,0.00083,0.70706,-0.00009,0.70715,1,4,1,1
1765409435.999624,-0.01759,-0.04294,0.02762,0.00043,0.00046,0.00008,0.60699,-0.00064,0.14069,0.00083,0.70706,-0.00009,0.70715,1,4,1,1
1765409436.001577,0.02523,0.00111,0.02662,-0.00034,-0.00085,0.00043,0.60699,-0.00064,0.14069,0.00083,0.70706,-0.00009,0.70715,1,4,1,1
1765409436.003710,-0.01364,0.03831,0.00309,-0.00011,-0.00002,0.00084,0.60699,-0.00064,0.14069,0.00083,0.70706,-0.00009,0.70715,1,4,1,1
1765409436.005585,0.02747,0.02290,0.04121,0.00102,-0.00000,0.00084,0.60699,-0.00064,0.14069,0.00083,0.70706,-0.00009,0.70715,1,4,1,1
1765409436.007588,0.03255,0.04951,0.02525,0.00003,0.00017,0.00068,0.60699,-0.00064,0.14069,0.00083,0.70706,-0.00009,0.70715,1,4,1,1
1765409436.009579,0.01166,0.03712,0.07122,-0.00034,0.00081,0.00087,0.60699,-0.00064,0.14069,0.00083,0.70706,-0.00009,0.70715,1,4,1,1
1765409436.011582,0.02378,0.03746,-0.00422,-0.00362,-0.00148,0.00122,0.60699,-0.00064,0.14069,0.00083,0.70706,-0.00009,0.70715,1,4,1,1
1765409436.013577,-0.03195,0.01964,-0.01923,0.00162,-0.00017,0.00058,0.60699,-0.00064,0.14069,0.00083,0.70706,-0.00009,0.70715,1,4,1,1
1765409436.015594,-0.00160,0.00090,0.00372,0.00074,0.00062,0.00044,0.60699,-0.00064,0.14069,0.00083,0.70706,-0.00009,0.70715,1,4,1,1
1765409436.017575,-0.01288,-0.03100,-0.01816,-0.00030,0.00040,0.00031,0.60695,-0.00065,0.14069,0.00084,0.70706,-0.00009,0.70715,1,4,1,1
1765409436.019588,0.03281,0.01976,0.01840,-0.00012,0.00032,0.00068,0.60695,-0.00065,0.14069,0.00084,0.70706,-0.00009,0.70715,1,4,1,1
1765409436.021613,-0.00495,0.02271,0.03354,-0.00030,0.00089,0.00046,0.60691,-0.00064,0.14069,0.00083,0.70706,-0.00009,0.70715,1,4,1,1
1765409436.023602,-0.00486,0.01369,0.00350,0.00003,-0.00012,0.00030,0.60691,-0.00064,0.14069,0.00083,0.70706,-0.00009,0.70715,1,4,1,1
1765409436.025602,0.02803,0.04225,0.05600,0.00016,0.00011,0.00111,0.60687,-0.00065,0.14069,0.00084,0.70706,-0.00009,0.70715,1,4,1,1
1765409436.027592,0.02392,0.03975,0.01822,-0.00009,0.00004,0.00136,0.60687,-0.00065,0.14069,0.00084,0.70706,-0.00009,0.70715,1,4,1,1
1765409436.029615,0.01179,0.00276,0.03404,-0.00011,0.00071,0.00058,0.60683,-0.00064,0.14069,0.00083,0.70706,-0.00009,0.70716,1,4,1,1
1765409436.031632,-0.02679,0.01182,-0.02700,0.00109,0.00027,-0.00024,0.60683,-0.00064,0.14069,0.00083,0.70706,-0.00009,0.70716,1,4,1,1
1765409436.033613,0.00707,0.02520,-0.01154,-0.00027,0.00001,0.00176,0.60683,-0.00064,0.14069,0.00083,0.70706,-0.00009,0.70716,1,4,1,1
1765409436.035629,0.02505,0.02469,0.01086,-0.00093,0.00016,0.00095,0.60663,-0.00064,0.14070,0.00083,0.70705,-0.00009,0.70717,1,4,1,1
1765409436.037612,0.01584,0.00071,-0.00388,0.00031,0.00015,0.00042,0.60663,-0.00064,0.14070,0.00083,0.70705,-0.00009,0.70717,1,4,1,1
1765409436.039603,0.02834,0.01768,0.01086,0.00030,0.00012,0.00054,0.60659,-0.00065,0.14070,0.00083,0.70704,-0.00009,0.70717,1,4,1,1
1765409436.041608,0.00527,0.05731,0.07867,-0.00228,-0.00039,0.00115,0.60659,-0.00065,0.14070,0.00083,0.70704,-0.00009,0.70717,1,4,1,1
1765409436.043684,-0.00127,0.04071,-0.01215,0.00014,-0.00030,0.00095,0.60659,-0.00065,0.14070,0.00083,0.70704,-0.00009,0.70717,1,4,1,1
1765409436.045604,-0.04029,0.00533,-0.05710,0.00210,-0.00019,-0.00025,0.60659,-0.00065,0.14070,0.00083,0.70704,-0.00009,0.70717,1,4,1,1
1765409436.047622,0.00751,0.01115,-0.01933,0.00043,-0.00026,0.00014,0.60659,-0.00065,0.14070,0.00083,0.70704,-0.00009,0.70717,1,4,1,1
1765409436.049619,0.03235,0.02110,-0.02699,0.00077,-0.00120,0.00065,0.60659,-0.00065,0.14070,0.00083,0.70704,-0.00009,0.70717,1,4,1,1
1765409436.051630,0.02067,0.02780,0.04892,-0.00067,-0.00043,0.00112,0.60659,-0.00065,0.14070,0.00083,0.70704,-0.00009,0.70717,1,4,1,1
1765409436.053630,0.01972,0.01379,0.01861,0.00090,-0.00067,0.00029,0.60659,-0.00065,0.14070,0.00083,0.70704,-0.00009,0.70717,1,4,1,1
1765409436.055633,0.01094,0.01726,0.01095,0.00029,0.00110,0.00096,0.60659,-0.00065,0.14070,0.00083,0.70704,-0.00009,0.70717,1,4,1,1
1765409436.057628,0.01479,0.02951,0.01072,0.00044,0.00104,0.00122,0.60655,-0.00065,0.14070,0.00084,0.70704,-0.00009,0.70717,1,4,1,1
1765409436.059629,-0.01006,0.05550,-0.00495,0.00031,0.00005,0.00096,0.60655,-0.00065,0.14070,0.00084,0.70704,-0.00009,0.70717,1,4,1,1
1765409436.061622,-0.00950,0.03506,-0.02705,-0.00059,0.00045,0.00149,0.60651,-0.00064,0.14071,0.00083,0.70704,-0.00009,0.70717,1,4,1,1
1765409436.063668,-0.00865,0.04537,0.01068,-0.00112,-0.00021,0.00125,0.60651,-0.00064,0.14071,0.00083,0.70704,-0.00009,0.70717,1,4,1,1
1765409436.065633,0.02744,0.00811,0.01844,0.00149,0.00038,0.00001,0.60651,-0.00064,0.14071,0.00083,0.70704,-0.00009,0.70717,1,4,1,1
1765409436.067656,0.01892,0.02788,0.04085,0.00129,0.00047,0.00030,0.60647,-0.00065,0.14070,0.00084,0.70704,-0.00009,0.70717,1,4,1,1
1765409436.069636,0.04161,0.01986,0.01843,-0.00033,-0.00017,0.00067,0.60647,-0.00065,0.14070,0.00084,0.70704,-0.00009,0.70717,1,4,1,1
1765409436.071645,-0.00168,0.04077,0.02616,0.00014,-0.00054,0.00179,0.60643,-0.00065,0.14070,0.00083,0.70704,-0.00009,0.70717,1,4,1,1
1765409436.074025,-0.00466,0.01347,0.00366,-0.00041,-0.00011,0.00071,0.60622,-0.00064,0.14069,0.00083,0.70706,-0.00009,0.70716,1,4,1,1
1765409436.075658,-0.02183,-0.00537,-0.01879,0.00045,-0.00028,0.00004,0.60622,-0.00064,0.14069,0.00083,0.70706,-0.00009,0.70716,1,4,1,1
1765409436.077648,0.00999,0.03782,-0.05790,0.00141,0.00033,0.00077,0.60622,-0.00064,0.14069,0.00083,0.70706,-0.00009,0.70716,1,4,1,1
1765409436.079663,0.04975,0.02938,0.03353,-0.00043,-0.00014,0.00121,0.60622,-0.00064,0.14069,0.00083,0.70706,-0.00009,0.70716,1,4,1,1
1765409436.081671,0.02463,0.03060,0.01062,0.00001,-0.00061,0.00041,0.60622,-0.00064,0.14069,0.00083,0.70706,-0.00009,0.70716,1,4,1,1
1765409436.083669,0.01546,0.00527,0.03400,0.00036,0.00066,0.00071,0.60622,-0.00064,0.14069,0.00083,0.70706,-0.00009,0.70716,1,4,1,1
1765409436.085677,-0.01803,0.04492,-0.01205,-0.00069,0.00067,0.00164,0.60622,-0.00064,0.14069,0.00083,0.70706,-0.00009,0.70716,1,4,1,1
1765409436.087671,0.00589,0.01487,0.00350,0.00092,0.00129,0.00123,0.60622,-0.00064,0.14069,0.00083,0.70706,-0.00009,0.70716,1,4,1,1
1765409436.089645,0.00441,-0.00052,-0.01877,-0.00036,-0.00136,0.00029,0.60622,-0.00064,0.14069,0.00083,0.70706,-0.00009,0.70716,1,4,1,1
1765409436.091659,0.01229,-0.01084,-0.00333,-0.00005,-0.00093,0.00056,0.60622,-0.00064,0.14069,0.00083,0.70706,-0.00009,0.70716,1,4,1,1
1765409436.093650,0.01110,0.03247,0.01083,0.00004,0.00033,0.00136,0.60618,-0.00064,0.14069,0.00084,0.70706,-0.00009,0.70716,1,4,1,1
1765409436.095670,-0.01384,0.06253,0.04818,-0.00047,0.00035,0.00141,0.60618,-0.00064,0.14069,0.00084,0.70706,-0.00009,0.70716,1,4,1,1
1765409436.097664,0.02407,0.01994,-0.00473,0.00054,0.00079,-0.00014,0.60618,-0.00064,0.14069,0.00084,0.70706,-0.00009,0.70716,1,4,1,1
1765409436.099676,-0.02617,-0.03740,0.04254,0.00093,0.00029,-0.00044,0.60614,-0.00064,0.14069,0.00083,0.70706,-0.00009,0.70716,1,4,1,1
1765409436.101657,-0.00377,-0.00165,0.01924,-0.00125,0.00002,0.00073,0.60614,-0.00064,0.14069,0.00083,0.70706,-0.00009,0.70716,1,4,1,1
1765409436.103678,0.01972,0.05630,0.05571,-0.00055,0.00096,0.00152,0.60610,-0.00064,0.14069,0.00083,0.70706,-0.00009,0.70715,1,4,1,1
1765409436.105672,0.00627,0.04528,0.03273,0.00128,0.00073,0.00003,0.60610,-0.00064,0.14069,0.00083,0.70706,-0.00009,0.70715,1,4,1,1
1765409436.107705,-0.00108,0.04074,0.03307,0.00035,0.00006,0.00018,0.60586,-0.00064,0.14068,0.00084,0.70707,-0.00009,0.70714,1,4,1,1
1765409436.109695,-0.00490,0.02340,0.04902,-0.00029,-0.00012,0.00088,0.60586,-0.00064,0.14068,0.00084,0.70707,-0.00009,0.70714,1,4,1,1
1765409436.111678,-0.00092,0.03602,0.03366,-0.00014,-0.00068,0.00113,0.60586,-0.00064,0.14068,0.00084,0.70707,-0.00009,0.70714,1,4,1,1
1765409436.113672,0.01529,-0.02367,-0.01073,0.00089,-0.00007,0.00069,0.60586,-0.00064,0.14068,0.00084,0.70707,-0.00009,0.70714,1,4,1,1
1765409436.115705,0.01618,0.04426,0.00266,-0.00069,0.00076,0.00081,0.60586,-0.00064,0.14068,0.00084,0.70707,-0.00009,0.70714,1,4,1,1
1765409436.117691,-0.02207,0.01437,-0.00382,0.00025,-0.00054,0.00072,0.60586,-0.00064,0.14068,0.00084,0.70707,-0.00009,0.70714,1,4,1,1
1765409436.119705,-0.01330,0.01877,0.03390,-0.00013,-0.00014,0.00061,0.60586,-0.00064,0.14068,0.00084,0.70707,-0.00009,0.70714,1,4,1,1
1765409436.121708,-0.00018,0.00157,0.01116,0.00010,-0.00030,-0.00036,0.60586,-0.00064,0.14068,0.00084,0.70707,-0.00009,0.70714,1,4,1,1
1765409436.123711,-0.00159,0.02571,0.01837,0.00061,0.00034,0.00058,0.60586,-0.00064,0.14068,0.00084,0.70707,-0.00009,0.70714,1,4,1,1
1765409436.125690,0.00316,0.03838,-0.01971,0.00011,-0.00060,0.00081,0.60586,-0.00064,0.14068,0.00084,0.70707,-0.00009,0.70714,1,4,1,1
1765409436.127685,0.00715,-0.00337,0.01144,0.00091,-0.00038,0.00017,0.60586,-0.00064,0.14068,0.00084,0.70707,-0.00009,0.70714,1,4,1,1
1765409436.129712,-0.00995,0.02063,0.02578,0.00076,0.00107,-0.00008,0.60586,-0.00064,0.14068,0.00084,0.70707,-0.00009,0.70714,1,4,1,1
1765409436.131706,0.00783,0.00547,-0.02629,-0.00073,-0.00011,0.00148,0.60582,-0.00064,0.14069,0.00083,0.70707,-0.00009,0.70714,1,4,1,1
1765409436.133706,-0.00951,0.01671,0.01115,0.00050,-0.00057,0.00045,0.60582,-0.00064,0.14069,0.00083,0.70707,-0.00009,0.70714,1,4,1,1
1765409436.135701,0.01929,-0.00724,0.01135,0.00087,0.00101,0.00042,0.60578,-0.00064,0.14068,0.00084,0.70707,-0.00009,0.70714,1,4,1,1
1765409436.137710,0.01187,-0.02694,-0.00301,-0.00025,0.00061,0.00097,0.60578,-0.00064,0.14068,0.00084,0.70707,-0.00009,0.70714,1,4,1,1
1765409436.139724,0.00797,0.05558,-0.00487,-0.00056,-0.00093,0.00095,0.60574,-0.00064,0.14068,0.00083,0.70707,-0.00009,0.70714,1,4,1,1
1765409436.141698,-0.01352,0.02310,0.01860,-0.00030,0.00050,0.00086,0.60574,-0.00064,0.14068,0.00083,0.70707,-0.00009,0.70714,1,4,1,1
1765409436.143764,-0.03447,0.02696,0.00312,0.00040,-0.00016,-0.00021,0.60550,-0.00064,0.14068,0.00083,0.70707,-0.00009,0.70714,1,4,1,1
1765409436.145748,-0.00601,-0.00671,0.03442,0.00065,0.00093,0.00087,0.60550,-0.00064,0.14068,0.00083,0.70707,-0.00009,0.70714,1,4,1,1
1765409436.147708,0.01585,0.02045,-0.00408,-0.00011,-0.00023,0.00108,0.60550,-0.00064,0.14068,0.00083,0.70707,-0.00009,0.70714,1,4,1,1
1765409436.149718,0.03124,0.00597,-0.01934,0.00190,-0.00016,0.00025,0.60550,-0.00064,0.14068,0.00083,0.70707,-0.00009,0.70714,1,4,1,1
1765409436.151720,0.02245,0.03250,0.12441,-0.00193,-0.00022,0.00024,0.60550,-0.00064,0.14068,0.00083,0.70707,-0.00009,0.70714,1,4,1,1
1765409436.153716,0.02047,0.02300,0.02615,-0.00030,-0.00042,0.00083,0.60550,-0.00064,0.14068,0.00083,0.70707,-0.00009,0.70714,1,4,1,1
1765409436.155709,-0.03204,0.00878,0.00376,0.00127,0.00098,0.00087,0.60550,-0.00064,0.14068,0.00083,0.70707,-0.00009,0.70714,1,4,1,1
1765409436.157709,-0.00917,0.01574,0.02603,0.00005,0.00069,0.00005,0.60550,-0.00064,0.14068,0.00083,0.70707,-0.00009,0.70714,1,4,1,1
1765409436.159717,-0.01490,0.01164,0.06453,-0.00219,-0.00101,0.00024,0.60550,-0.00064,0.14068,0.00083,0.70707,-0.00009,0.70714,1,4,1,1
1765409436.161722,0.03253,0.04863,0.01028,-0.00064,0.00082,0.00147,0.60550,-0.00064,0.14068,0.00083,0.70707,-0.00009,0.70714,1,4,1,1
1765409436.163713,0.01035,0.04798,0.00292,0.00088,-0.00031,0.00135,0.60550,-0.00064,0.14068,0.00083,0.70707,-0.00009,0.70714,1,4,1,1
1765409436.165762,-0.00591,0.04764,0.04795,0.00066,0.00100,0.00019,0.60550,-0.00064,0.14068,0.00083,0.70707,-0.00009,0.70714,1,4,1,1
1765409436.167718,-0.01448,0.02807,0.01093,0.00042,0.00063,0.00112,0.60546,-0.00064,0.14069,0.00084,0.70706,-0.00009,0.70715,1,4,1,1
1765409436.169736,0.03292,0.03541,-0.00425,-0.00036,-0.00120,0.00147,0.60546,-0.00064,0.14069,0.00084,0.70706,-0.00009,0.70715,1,4,1,1
1765409436.171802,0.00797,-0.00389,0.00400,-0.00019,-0.00025,0.00057,0.60541,-0.00064,0.14069,0.00083,0.70706,-0.00009,0.70715,1,4,1,1
1765409436.173762,0.01586,-0.00841,-0.01135,0.00085,-0.00048,-0.00013,0.60541,-0.00064,0.14069,0.00083,0.70706,-0.00009,0.70715,1,4,1,1
1765409436.175769,0.01110,-0.02190,0.05733,0.00069,0.00111,0.00047,0.60537,-0.00064,0.14069,0.00084,0.70706,-0.00009,0.70715,1,4,1,1
1765409436.177755,-0.00080,0.03019,-0.01980,-0.00021,0.00059,0.00041,0.60537,-0.00064,0.14069,0.00084,0.70706,-0.00009,0.70715,1,4,1,1
1765409436.179780,0.02420,0.03936,0.01782,-0.00010,0.00078,0.00055,0.60537,-0.00064,0.14069,0.00084,0.70706,-0.00009,0.70715,1,4,1,1
1765409436.181752,-0.02601,0.00693,-0.02675,0.00038,-0.00011,-0.00010,0.60517,-0.00064,0.14070,0.00084,0.70705,-0.00009,0.70716,1,4,1,1
1765409436.183801,-0.01514,0.00147,0.02722,-0.00253,-0.00111,0.00129,0.60517,-0.00064,0.14070,0.00084,0.70705,-0.00009,0.70716,1,4,1,1
1765409436.185771,0.03301,0.03933,0.01060,-0.00075,0.00006,0.00134,0.60517,-0.00064,0.14070,0.00084,0.70705,-0.00009,0.70716,1,4,1,1
1765409436.187813,0.00514,0.01565,0.01839,0.00224,0.00103,0.00043,0.60517,-0.00064,0.14070,0.00084,0.70705,-0.00009,0.70716,1,4,1,1
1765409436.189747,0.02823,0.01795,-0.00412,0.00030,-0.00038,0.00094,0.60517,-0.00064,0.14070,0.00084,0.70705,-0.00009,0.70716,1,4,1,1
1765409436.191793,-0.00990,0.02116,0.01122,0.00034,-0.00018,0.00112,0.60517,-0.00064,0.14070,0.00084,0.70705,-0.00009,0.70716,1,4,1,1
1765409436.193751,0.02531,0.04453,0.01052,-0.00134,-0.00024,0.00122,0.60517,-0.00064,0.14070,0.00084,0.70705,-0.00009,0.70716,1,4,1,1
1765409436.195773,0.01232,0.03826,0.00292,-0.00033,-0.00072,0.00042,0.60517,-0.00064,0.14070,0.00084,0.70705,-0.00009,0.70716,1,4,1,1
1765409436.197762,0.00699,0.02518,0.02606,0.00017,0.00050,0.00098,0.60517,-0.00064,0.14070,0.00084,0.70705,-0.00009,0.70716,1,4,1,1
1765409436.199804,-0.00944,0.04958,0.04829,-0.00063,0.00106,0.00114,0.60513,-0.00064,0.14069,0.00083,0.70706,-0.00009,0.70716,1,4,1,1
1765409436.201761,0.05446,0.05144,0.01742,-0.00060,0.00003,0.00038,0.60513,-0.00064,0.14069,0.00083,0.70706,-0.00009,0.70716,1,4,1,1
1765409436.203793,-0.00973,0.04593,0.02551,0.00042,-0.00008,0.00045,0.60509,-0.00064,0.14070,0.00084,0.70705,-0.00009,0.70716,1,4,1,1
1765409436.205762,0.00219,0.01300,0.03383,0.00089,0.00082,0.00072,0.60509,-0.00064,0.14070,0.00084,0.70705,-0.00009,0.70716,1,4,1,1
1765409436.207774,-0.00106,-0.02401,0.00483,-0.00021,0.00027,0.00152,0.60505,-0.00064,0.14070,0.00084,0.70705,-0.00009,0.70716,1,4,1,1
1765409436.209772,-0.00037,0.00580,0.01140,-0.00051,0.00010,0.00071,0.60505,-0.00064,0.14070,0.00084,0.70705,-0.00009,0.70716,1,4,1,1
1765409436.211775,0.00718,0.02582,-0.01216,0.00061,-0.00002,0.00014,0.60501,-0.00064,0.14069,0.00084,0.70706,-0.00009,0.70716,1,4,1,1
1765409436.213846,-0.01435,0.03839,-0.00454,0.00054,0.00011,0.00084,0.60493,-0.00064,0.14069,0.00084,0.70706,-0.00009,0.70715,1,4,1,1
1765409436.215772,-0.01461,0.03264,0.03364,0.00026,0.00102,0.00141,0.60481,-0.00064,0.14069,0.00083,0.70706,-0.00009,0.70715,1,4,1,1
1765409436.217745,-0.00079,0.02022,-0.01944,-0.00033,0.00060,0.00068,0.60481,-0.00064,0.14069,0.00083,0.70706,-0.00009,0.70715,1,4,1,1
1765409436.219764,0.00562,-0.02113,0.04268,-0.00192,-0.00084,0.00088,0.60481,-0.00064,0.14069,0.00083,0.70706,-0.00009,0.70715,1,4,1,1
1765409436.221792,0.01033,0.01319,-0.06471,0.00111,0.00010,0.00104,0.60481,-0.00064,0.14069,0.00083,0.70706,-0.00009,0.70715,1,4,1,1
1765409436.223976,0.02407,0.00036,-0.01101,-0.00013,-0.00018,0.00161,0.60481,-0.00064,0.14069,0.00083,0.70706,-0.00009,0.70715,1,4,1,1
1765409436.225778,-0.03889,0.02414,-0.01918,-0.00007,-0.00009,0.00086,0.60481,-0.00064,0.14069,0.00083,0.70706,-0.00009,0.70715,1,4,1,1
1765409436.227776,-0.01934,0.00158,-0.00381,0.00163,0.00058,0.00045,0.60481,-0.00064,0.14069,0.00083,0.70706,-0.00009,0.70715,1,4,1,1
1765409436.229771,0.00403,0.04238,0.02577,-0.00115,0.00014,0.00111,0.60481,-0.00064,0.14069,0.00083,0.70706,-0.00009,0.70715,1,4,1,1
1765409436.231795,0.04029,0.05369,0.04025,0.00030,0.00096,0.00095,0.60481,-0.00064,0.14069,0.00083,0.70706,-0.00009,0.70715,1,4,1,1
1765409436.233779,0.00773,0.05432,0.03289,-0.00079,0.00072,0.00097,0.60481,-0.00064,0.14069,0.00083,0.70706,-0.00009,0.70715,1,4,1,1
1765409436.235783,-0.00168,0.00196,-0.01131,0.00119,-0.00065,0.00043,0.60477,-0.00064,0.14069,0.00084,0.70706,-0.00009,0.70715,1,4,1,1
1765409436.237766,-0.01698,0.01759,0.02637,0.00007,-0.00150,0.00007,0.60477,-0.00064,0.14069,0.00084,0.70706,-0.00009,0.70715,1,4,1,1
1765409436.239788,0.00352,-0.00105,0.03460,-0.00015,-0.00070,0.00114,0.60473,-0.00064,0.14069,0.00084,0.70707,-0.00009,0.70715,1,4,1,1
1765409436.241795,-0.00717,0.02306,-0.03437,0.00123,0.00056,0.00162,0.60473,-0.00064,0.14069,0.00084,0.70707,-0.00009,0.70715,1,4,1,1
1765409436.243782,0.02228,0.02316,0.01890,-0.00204,-0.00145,0.00124,0.60469,-0.00064,0.14068,0.00083,0.70707,-0.00009,0.70714,1,4,1,1
1765409436.245805,0.00698,0.02022,-0.00432,0.00032,0.00063,0.00069,0.60469,-0.00064,0.14068,0.00083,0.70707,-0.00009,0.70714,1,4,1,1
1765409436.247790,-0.00412,0.01941,0.03368,-0.00012,-0.00103,-0.00021,0.60465,-0.00064,0.14069,0.00084,0.70707,-0.00009,0.70714,1,4,1,1
1765409436.250260,-0.01730,0.03583,0.02592,-0.00058,0.00002,0.00073,0.60445,-0.00064,0.14068,0.00083,0.70708,-0.00009,0.70714,1,4,1,1
1765409436.251813,0.01634,0.01493,0.04144,-0.00061,0.00052,0.00085,0.60445,-0.00064,0.14068,0.00083,0.70708,-0.00009,0.70714,1,4,1,1
1765409436.253793,-0.00456,0.01826,0.03347,-0.00014,0.00050,-0.00021,0.60445,-0.00064,0.14068,0.00083,0.70708,-0.00009,0.70714,1,4,1,1
1765409436.255821,0.03287,0.02909,0.04110,-0.00066,0.00070,0.00123,0.60445,-0.00064,0.14068,0.00083,0.70708,-0.00009,0.70714,1,4,1,1
1765409436.257794,0.02135,0.04251,-0.00457,-0.00137,-0.00070,0.00108,0.60445,-0.00064,0.14068,0.00083,0.70708,-0.00009,0.70714,1,4,1,1
1765409436.259809,0.00775,-0.00318,0.00410,0.00026,-0.00101,0.00057,0.60445,-0.00064,0.14068,0.00083,0.70708,-0.00009,0.70714,1,4,1,1
1765409436.261787,-0.01180,-0.00775,-0.03381,0.00261,-0.00013,0.00069,0.60445,-0.00064,0.14068,0.00083,0.70708,-0.00009,0.70714,1,4,1,1
1765409436.263801,-0.00150,0.02579,0.02634,0.00017,-0.00015,0.00139,0.60445,-0.00064,0.14068,0.00083,0.70708,-0.00009,0.70714,1,4,1,1
1765409436.265808,0.01646,0.06477,-0.03554,-0.00088,-0.00053,0.00105,0.60445,-0.00064,0.14068,0.00083,0.70708,-0.00009,0.70714,1,4,1,1
1765409436.267802,0.02799,0.03739,0.01008,0.00075,0.00048,-0.00000,0.60445,-0.00064,0.14068,0.00083,0.70708,-0.00009,0.70714,1,4,1,1
1765409436.269826,0.01322,0.01326,0.03388,-0.00107,-0.00046,0.00031,0.60445,-0.00064,0.14068,0.00083,0.70708,-0.00009,0.70714,1,4,1,1
1765409436.271836,0.03399,-0.01031,0.04990,-0.00157,0.00021,0.00152,0.60440,-0.00064,0.14068,0.00083,0.70708,-0.00009,0.70714,1,4,1,1
1765409436.273830,-0.01317,0.00910,-0.02644,-0.00025,-0.00064,0.00083,0.60440,-0.00064,0.14068,0.00083,0.70708,-0.00009,0.70714,1,4,1,1
1765409436.275814,-0.02688,-0.01764,-0.01087,0.00117,0.00005,0.00019,0.60437,-0.00064,0.14068,0.00083,0.70708,-0.00009,0.70714,1,4,1,1
1765409436.277808,-0.02201,0.01463,0.00364,0.00047,-0.00067,0.00032,0.60437,-0.00064,0.14068,0.00083,0.70708,-0.00009,0.70714,1,4,1,1
1765409436.279813,0.07074,0.04077,0.04816,-0.00051,0.00048,0.00106,0.60433,-0.00064,0.14068,0.00083,0.70708,-0.00009,0.70714,1,4,1,1
1765409436.281887,0.06569,0.01103,0.07194,-0.00349,-0.00020,0.00110,0.60433,-0.00064,0.14068,0.00083,0.70708,-0.00009,0.70714,1,4,1,1
1765409436.283908,0.04092,0.02569,-0.01222,0.00083,-0.00081,0.00011,0.60428,-0.00064,0.14068,0.00083,0.70708,-0.00009,0.70714,1,4,1,1
1765409436.285887,-0.01591,0.08966,-0.05166,-0.00190,0.00008,-0.00002,0.60428,-0.00064,0.14068,0.00083,0.70708,-0.00009,0.70714,1,4,1,1
1765409436.287818,-0.03873,0.08275,0.00220,-0.00089,0.00025,0.00126,0.60428,-0.00064,0.14068,0.00083,0.70708,-0.00009,0.70714,1,4,1,1
1765409436.289834,-0.01745,-0.00789,0.01177,0.00020,-0.00046,0.00033,0.60405,-0.00064,0.14069,0.00083,0.70706,-0.00010,0.70715,1,4,1,1
1765409436.291820,0.00277,-0.08465,0.00592,0.00146,-0.00013,0.00019,0.60405,-0.00064,0.14069,0.00083,0.70706,-0.00010,0.70715,1,4,1,1
1765409436.293824,0.06571,-0.02041,0.01171,0.00071,0.00047,0.00092,0.60405,-0.00064,0.14069,0.00083,0.70706,-0.00010,0.70715,1,4,1,1
1765409436.296328,0.04565,0.02210,0.04875,-0.00030,0.00003,0.00083,0.60405,-0.00064,0.14069,0.00083,0.70706,-0.00010,0.70715,1,4,1,1
1765409436.297832,-0.02646,0.02604,-0.00412,-0.00004,0.00027,0.00099,0.60405,-0.00064,0.14069,0.00083,0.70706,-0.00010,0.70715,1,4,1,1
1765409436.299829,-0.03857,-0.00020,0.01129,0.00051,0.00016,-0.00046,0.60405,-0.00064,0.14069,0.00083,0.70706,-0.00010,0.70715,1,4,1,1
1765409436.301846,-0.02686,0.00584,0.01135,0.00037,0.00118,0.00073,0.60405,-0.00064,0.14069,0.00083,0.70706,-0.00010,0.70715,1,4,1,1
1765409436.303827,0.02548,0.00031,0.04206,-0.00122,-0.00033,0.00125,0.60405,-0.00064,0.14069,0.00083,0.70706,-0.00010,0.70715,1,4,1,1
1765409436.305830,0.04900,0.03016,0.04842,0.00089,-0.00040,0.00041,0.60405,-0.00064,0.14069,0.00083,0.70706,-0.00010,0.70715,1,4,1,1
1765409436.307877,0.01477,0.04089,0.01781,0.00145,-0.00025,0.00015,0.60405,-0.00064,0.14069,0.00083,0.70706,-0.00010,0.70715,1,4,1,1
1765409436.309828,0.00744,0.05485,0.04054,-0.00035,0.00022,0.00098,0.60405,-0.00064,0.14069,0.00083,0.70706,-0.00010,0.70715,1,4,1,1
1765409436.311826,-0.01423,0.00956,0.00393,0.00085,-0.00075,0.00086,0.60401,-0.00064,0.14069,0.00083,0.70706,-0.00010,0.70715,1,4,1,1
1765409436.313829,-0.04099,-0.01516,-0.00337,0.00229,0.00085,0.00034,0.60401,-0.00064,0.14069,0.00083,0.70706,-0.00010,0.70715,1,4,1,1
1765409436.315827,-0.00653,0.00880,-0.04200,0.00149,0.00029,0.00040,0.60401,-0.00064,0.14069,0.00083,0.70706,-0.00010,0.70715,1,4,1,1
1765409436.317827,0.03266,0.07891,0.01688,-0.00027,0.00027,0.00066,0.60397,-0.00064,0.14070,0.00083,0.70706,-0.00009,0.70715,1,4,1,1
1765409436.319882,0.04107,0.04958,-0.01289,0.00025,-0.00006,0.00023,0.60393,-0.00064,0.14070,0.00083,0.70706,-0.00010,0.70715,1,4,1,1
1765409436.321865,0.02891,0.02217,0.04120,-0.00052,0.00036,0.00084,0.60393,-0.00064,0.14070,0.00083,0.70706,-0.00010,0.70715,1,4,1,1
1765409436.323889,0.00667,0.02499,0.04879,0.00038,0.00088,0.00099,0.60389,-0.00064,0.14070,0.00084,0.70706,-0.00009,0.70716,1,4,1,1
1765409436.326031,0.00801,0.01036,-0.01906,-0.00067,0.00012,0.00095,0.60389,-0.00064,0.14070,0.00084,0.70706,-0.00009,0.70716,1,4,1,1
1765409436.327869,0.01436,-0.00065,0.01947,-0.00189,-0.00211,0.00072,0.60389,-0.00064,0.14070,0.00084,0.70706,-0.00009,0.70716,1,4,1,1
1765409436.329852,0.03219,0.04356,0.01765,-0.00005,0.00145,0.00080,0.60389,-0.00064,0.14070,0.00084,0.70706,-0.00009,0.70716,1,4,1,1
1765409436.331888,0.01238,0.04751,0.01059,-0.00109,-0.00046,0.00136,0.60368,-0.00064,0.14071,0.00083,0.70705,-0.00009,0.70717,1,4,1,1
1765409436.333859,-0.01902,0.03152,-0.03486,0.00133,-0.00008,0.00042,0.60368,-0.00064,0.14071,0.00083,0.70705,-0.00009,0.70717,1,4,1,1
1765409436.335864,0.00335,-0.01607,0.03421,0.00076,0.00043,-0.00048,0.60368,-0.00064,0.14071,0.00083,0.70705,-0.00009,0.70717,1,4,1,1
1765409436.337862,0.01208,-0.00159,-0.01104,-0.00038,-0.00042,0.00109,0.60368,-0.00064,0.14071,0.00083,0.70705,-0.00009,0.70717,1,4,1,1
1765409436.339891,0.03139,0.00057,0.01912,0.00118,-0.00002,0.00122,0.60368,-0.00064,0.14071,0.00083,0.70705,-0.00009,0.70717,1,4,1,1
1765409436.341884,-0.01026,0.02100,-0.02716,0.00099,0.00045,0.00028,0.60368,-0.00064,0.14071,0.00083,0.70705,-0.00009,0.70717,1,4,1,1
1765409436.343873,0.01616,0.02498,0.03367,-0.00049,0.00026,0.00098,0.60368,-0.00064,0.14071,0.00083,0.70705,-0.00009,0.70717,1,4,1,1
1765409436.345871,-0.00821,0.04521,-0.01210,-0.00156,-0.00021,0.00123,0.60368,-0.00064,0.14071,0.00083,0.70705,-0.00009,0.70717,1,4,1,1
1765409436.347897,-0.00881,0.01170,0.01119,0.00000,-0.00058,0.00018,0.60368,-0.00064,0.14071,0.00083,0.70705,-0.00009,0.70717,1,4,1,1
1765409436.349867,-0.00456,-0.00042,0.01159,0.00007,-0.00100,0.00032,0.60364,-0.00064,0.14071,0.00084,0.70705,-0.00009,0.70717,1,4,1,1
1765409436.351873,0.02681,0.03229,0.03348,0.00113,0.00052,0.00136,0.60360,-0.00064,0.14071,0.00084,0.70704,-0.00009,0.70717,1,4,1,1
1765409436.353872,0.03462,0.03253,0.00272,0.00222,0.00054,0.00052,0.60360,-0.00064,0.14071,0.00084,0.70704,-0.00009,0.70717,1,4,1,1
1765409436.355868,0.02391,0.03000,0.04085,0.00044,0.00041,0.00043,0.60356,-0.00064,0.14071,0.00083,0.70704,-0.00010,0.70717,1,4,1,1
1765409436.357867,0.00849,0.04567,-0.01206,-0.00111,-0.00118,0.00122,0.60356,-0.00064,0.14071,0.00083,0.70704,-0.00010,0.70717,1,4,1,1
1765409436.359873,0.01410,0.05925,0.01030,0.00058,0.00066,0.00202,0.60352,-0.00064,0.14071,0.00084,0.70705,-0.00009,0.70717,1,4,1,1
1765409436.361881,-0.01402,0.01882,0.00348,0.00052,-0.00001,0.00058,0.60352,-0.00064,0.14071,0.00084,0.70705,-0.00009,0.70717,1,4,1,1
1765409436.363884,-0.02264,0.03358,0.01033,0.00092,0.00071,-0.00022,0.60352,-0.00064,0.14071,0.00084,0.70705,-0.00009,0.70717,1,4,1,1
1765409436.365948,0.01651,0.03946,-0.01989,-0.00097,0.00038,0.00093,0.60348,-0.00064,0.14071,0.00083,0.70705,-0.00009,0.70716,1,4,1,1
1765409436.367909,-0.00384,0.01796,0.01883,-0.00145,0.00000,0.00099,0.60348,-0.00064,0.14071,0.00083,0.70705,-0.00009,0.70716,1,4,1,1
1765409436.369903,0.03305,0.00044,0.04201,-0.00035,-0.00042,0.00124,0.60348,-0.00064,0.14071,0.00083,0.70705,-0.00009,0.70716,1,4,1,1
1765409436.371928,0.02857,0.04664,0.01798,-0.00066,0.00036,0.00135,0.60348,-0.00064,0.14071,0.00083,0.70705,-0.00009,0.70716,1,4,1,1
1765409436.373926,-0.00687,0.05253,0.02527,0.00115,0.00102,0.00084,0.60344,-0.00064,0.14070,0.00084,0.70705,-0.00009,0.70716,1,4,1,1
1765409436.375924,-0.00972,0.01617,0.03383,0.00049,0.00019,0.00047,0.60336,-0.00064,0.14070,0.00084,0.70705,-0.00009,0.70716,1,4,1,1
1765409436.377966,0.00769,0.01017,0.00367,-0.00045,0.00051,0.00097,0.60323,-0.00064,0.14069,0.00084,0.70707,-0.00009,0.70714,1,4,1,1
1765409436.379915,0.03366,0.01007,0.01127,-0.00089,-0.00031,0.00095,0.60323,-0.00064,0.14069,0.00084,0.70707,-0.00009,0.70714,1,4,1,1
1765409436.381917,0.02049,-0.00232,-0.01153,-0.00017,0.00061,0.00027,0.60323,-0.00064,0.14069,0.00084,0.70707,-0.00009,0.70714,1,4,1,1
1765409436.383935,-0.00799,0.01619,0.02637,-0.00104,-0.00046,0.00046,0.60323,-0.00064,0.14069,0.00084,0.70707,-0.00009,0.70714,1,4,1,1
1765409436.385927,-0.01798,0.04149,-0.03477,0.00014,-0.00086,0.00095,0.60323,-0.00064,0.14069,0.00084,0.70707,-0.00009,0.70714,1,4,1,1
1765409436.387920,0.02805,0.01824,0.04130,0.00074,-0.00039,0.00057,0.60323,-0.00064,0.14069,0.00084,0.70707,-0.00009,0.70714,1,4,1,1
1765409436.389934,0.00783,-0.02416,-0.01072,-0.00021,0.00040,0.00069,0.60323,-0.00064,0.14069,0.00084,0.70707,-0.00009,0.70714,1,4,1,1
1765409436.391940,0.02752,-0.00739,0.05704,0.00087,0.00091,0.00085,0.60319,-0.00064,0.14069,0.00083,0.70707,-0.00009,0.70715,1,4,1,1
1765409436.393929,-0.01350,-0.00601,-0.03373,0.00000,-0.00011,0.00083,0.60319,-0.00064,0.14069,0.00083,0.70707,-0.00009,0.70715,1,4,1,1
1765409436.395912,-0.01291,0.01293,-0.00418,-0.00064,0.00087,0.00031,0.60319,-0.00064,0.14069,0.00083,0.70707,-0.00009,0.70715,1,4,1,1
1765409436.397948,-0.02538,0.00667,-0.01156,-0.00028,0.00000,-0.00009,0.60315,-0.00064,0.14068,0.00084,0.70707,-0.00009,0.70714,1,4,1,1
1765409436.399955,0.01186,-0.00196,0.04168,0.00006,0.00058,0.00032,0.60315,-0.00064,0.14068,0.00084,0.70707,-0.00009,0.70714,1,4,1,1
1765409436.401919,0.02825,0.02164,0.02606,-0.00031,0.00101,0.00123,0.60311,-0.00064,0.14068,0.00083,0.70707,-0.00009,0.70714,1,4,1,1
1765409436.403944,0.02490,0.01497,0.06440,-0.00083,0.00004,0.00127,0.60311,-0.00064,0.14068,0.00083,0.70707,-0.00009,0.70714,1,4,1,1
1765409436.405946,0.00261,0.01907,-0.01171,0.00097,-0.00071,0.00055,0.60307,-0.00064,0.14068,0.00084,0.70708,-0.00009,0.70714,1,4,1,1
1765409436.407945,-0.02740,0.01700,-0.00405,0.00137,-0.00010,0.00045,0.60287,-0.00064,0.14068,0.00083,0.70707,-0.00010,0.70714,1,4,1,1
1765409436.409934,-0.01449,0.01306,-0.03411,0.00024,0.00066,0.00149,0.60287,-0.00064,0.14068,0.00083,0.70707,-0.00010,0.70714,1,4,1,1
1765409436.411954,0.00439,0.01862,0.03392,-0.00079,-0.00074,0.00059,0.60287,-0.00064,0.14068,0.00083,0.70707,-0.00010,0.70714,1,4,1,1
1765409436.413973,0.00581,-0.00305,-0.03418,0.00223,-0.00036,0.00013,0.60287,-0.00064,0.14068,0.00083,0.70707,-0.00010,0.70714,1,4,1,1
1765409436.415947,0.02788,0.02206,0.05629,0.00035,0.00088,0.00085,0.60287,-0.00064,0.14068,0.00083,0.70707,-0.00010,0.70714,1,4,1,1
1765409436.418026,0.00138,0.05040,0.04117,-0.00259,-0.00122,0.00154,0.60287,-0.00064,0.14068,0.00083,0.70707,-0.00010,0.70714,1,4,1,1
1765409436.419960,-0.00687,0.05253,0.02527,0.00115,0.00102,0.00084,0.60287,-0.00064,0.14068,0.00083,0.70707,-0.00010,0.70714,1,4,1,1
1765409436.421934,-0.03419,0.01641,-0.04975,-0.00016,0.00036,0.00002,0.60287,-0.00064,0.14068,0.00083,0.70707,-0.00010,0.70714,1,4,1,1
1765409436.423934,-0.02636,-0.00266,0.01161,0.00070,-0.00035,0.00020,0.60287,-0.00064,0.14068,0.00083,0.70707,-0.00010,0.70714,1,4,1,1
1765409436.425931,0.01212,0.02759,-0.00408,-0.00089,-0.00019,0.00149,0.60287,-0.00064,0.14068,0.00083,0.70707,-0.00010,0.70714,1,4,1,1
1765409436.427954,0.01404,0.00051,0.01114,0.00183,0.00106,0.00042,0.60287,-0.00064,0.14068,0.00083,0.70707,-0.00010,0.70714,1,4,1,1
1765409436.429935,0.02356,0.02111,0.01079,0.00121,-0.00059,0.00028,0.60283,-0.00064,0.14068,0.00084,0.70707,-0.00009,0.70714,1,4,1,1
1765409436.431952,0.02218,0.08173,0.03266,-0.00264,-0.00099,0.00163,0.60283,-0.00064,0.14068,0.00084,0.70707,-0.00009,0.70714,1,4,1,1
1765409436.433934,-0.00488,0.07239,0.01747,-0.00079,-0.00003,0.00111,0.60279,-0.00064,0.14068,0.00083,0.70707,-0.00010,0.70714,1,4,1,1
1765409436.435972,-0.01743,0.00139,-0.04167,-0.00013,0.00005,0.00042,0.60279,-0.00064,0.14068,0.00083,0.70707,-0.00010,0.70714,1,4,1,1
1765409436.437961,-0.00063,-0.00404,0.03417,0.00003,0.00048,0.00019,0.60274,-0.00064,0.14068,0.00084,0.70707,-0.00009,0.70714,1,4,1,1
1765409436.439984,0.01027,0.01543,0.01910,-0.00279,-0.00092,0.00125,0.60274,-0.00064,0.14068,0.00084,0.70707,-0.00009,0.70714,1,4,1,1
1765409436.441964,0.01821,0.03695,0.03343,0.00097,0.00100,0.00164,0.60270,-0.00064,0.14068,0.00083,0.70707,-0.00010,0.70714,1,4,1,1
1765409436.444007,0.00611,0.02625,-0.00458,0.00171,-0.00013,0.00015,0.60270,-0.00064,0.14068,0.00083,0.70707,-0.00010,0.70714,1,4,1,1
1765409436.445972,-0.00165,0.02119,-0.03455,0.00077,-0.00028,0.00067,0.60250,-0.00064,0.14067,0.00083,0.70708,-0.00009,0.70714,1,4,1,1
1765409436.447979,0.00672,0.02511,-0.00435,0.00038,0.00063,0.00095,0.60250,-0.00064,0.14067,0.00083,0.70708,-0.00009,0.70714,1,4,1,1
1765409436.449963,0.02542,0.00086,0.00399,-0.00078,-0.00084,0.00082,0.60250,-0.00064,0.14067,0.00083,0.70708,-0.00009,0.70714,1,4,1,1
1765409436.452008,-0.00109,-0.01994,0.08025,-0.00235,-0.00181,-0.00070,0.60250,-0.00064,0.14067,0.00083,0.70708,-0.00009,0.70714,1,4,1,1
1765409436.453961,0.01552,0.04014,0.02571,0.00013,0.00001,0.00097,0.60250,-0.00064,0.14067,0.00083,0.70708,-0.00009,0.70714,1,4,1,1
1765409436.456039,-0.01035,0.04606,0.00306,0.00064,-0.00044,0.00124,0.60250,-0.00064,0.14067,0.00083,0.70708,-0.00009,0.70714,1,4,1,1
1765409436.457957,-0.00589,-0.00127,0.00359,0.00115,0.00066,-0.00010,0.60250,-0.00064,0.14067,0.00083,0.70708,-0.00009,0.70714,1,4,1,1
1765409436.459954,0.03511,-0.00270,0.04879,0.00201,0.00169,-0.00011,0.60250,-0.00064,0.14067,0.00083,0.70708,-0.00009,0.70714,1,4,1,1
1765409436.461988,0.04267,0.00462,0.01864,-0.00117,0.00020,0.00027,0.60250,-0.00064,0.14067,0.00083,0.70708,-0.00009,0.70714,1,4,1,1
1765409436.463986,0.01149,-0.00174,0.01908,0.00028,0.00021,0.00071,0.60250,-0.00064,0.14067,0.00083,0.70708,-0.00009,0.70714,1,4,1,1
1765409436.465973,-0.04368,0.00779,-0.04184,0.00126,-0.00041,-0.00009,0.60246,-0.00064,0.14067,0.00084,0.70708,-0.00009,0.70714,1,4,1,1
1765409436.467986,0.00725,0.05000,0.02554,-0.00019,0.00010,0.00111,0.60246,-0.00064,0.14067,0.00084,0.70708,-0.00009,0.70714,1,4,1,1
1765409436.469980,0.02849,0.03782,0.01833,-0.00011,-0.00078,0.00122,0.60242,-0.00064,0.14068,0.00083,0.70707,-0.00010,0.70714,1,4,1,1
1765409436.471988,0.02016,-0.01596,0.03420,0.00098,-0.00016,-0.00050,0.60242,-0.00064,0.14068,0.00083,0.70707,-0.00010,0.70714,1,4,1,1
1765409436.473978,0.01268,-0.00100,0.08727,-0.00015,-0.00058,-0.00004,0.60238,-0.00064,0.14068,0.00084,0.70707,-0.00009,0.70714,1,4,1,1
1765409436.475989,-0.01982,0.03055,-0.04990,0.00132,0.00096,0.00121,0.60238,-0.00064,0.14068,0.00084,0.70707,-0.00009,0.70714,1,4,1,1
1765409436.477977,-0.02193,0.01484,0.01887,0.00047,-0.00093,0.00034,0.60234,-0.00064,0.14068,0.00083,0.70707,-0.00010,0.70714,1,4,1,1
1765409436.480006,0.00371,0.02309,-0.01195,-0.00030,0.00003,0.00042,0.60234,-0.00064,0.14068,0.00083,0.70707,-0.00010,0.70714,1,4,1,1
1765409436.481997,-0.00700,0.00462,0.01124,0.00232,-0.00021,0.00018,0.60230,-0.00064,0.14069,0.00084,0.70706,-0.00009,0.70715,1,4,1,1
1765409436.483984,0.00274,0.04228,0.02548,0.00016,0.00091,0.00071,0.60214,-0.00064,0.14069,0.00083,0.70706,-0.00010,0.70715,1,4,1,1
1765409436.485978,0.01950,-0.00160,0.02629,0.00115,0.00035,-0.00010,0.60214,-0.00064,0.14069,0.00083,0.70706,-0.00010,0.70715,1,4,1,1
1765409436.487993,-0.00166,0.03046,0.03352,0.00045,0.00047,0.00086,0.60214,-0.00064,0.14069,0.00083,0.70706,-0.00010,0.70715,1,4,1,1
1765409436.490015,-0.00273,0.02452,0.04954,-0.00203,-0.00242,0.00129,0.60214,-0.00064,0.14069,0.00083,0.70706,-0.00010,0.70715,1,4,1,1
1765409436.491999,0.02011,0.02824,0.02617,-0.00001,-0.00080,0.00110,0.60214,-0.00064,0.14069,0.00083,0.70706,-0.00010,0.70715,1,4,1,1
1765409436.494005,0.02309,0.01632,-0.02737,0.00202,-0.00034,-0.00042,0.60214,-0.00064,0.14069,0.00083,0.70706,-0.00010,0.70715,1,4,1,1
1765409436.496002,0.01502,0.01094,-0.04186,0.00087,-0.00034,0.00092,0.60214,-0.00064,0.14069,0.00083,0.70706,-0.00010,0.70715,1,4,1,1
1765409436.498009,0.00239,0.02343,-0.00423,0.00080,-0.00008,0.00083,0.60214,-0.00064,0.14069,0.00083,0.70706,-0.00010,0.70715,1,4,1,1
1765409436.500001,-0.01024,-0.01281,-0.01147,0.00189,0.00021,-0.00077,0.60214,-0.00064,0.14069,0.00083,0.70706,-0.00010,0.70715,1,4,1,1
1765409436.502012,0.00325,0.02238,-0.00414,-0.00052,0.00068,0.00123,0.60210,-0.00064,0.14069,0.00084,0.70706,-0.00009,0.70715,1,4,1,1
1765409436.503992,0.00659,0.01478,0.01113,0.00026,0.00115,0.00124,0.60210,-0.00064,0.14069,0.00084,0.70706,-0.00009,0.70715,1,4,1,1
1765409436.505997,-0.00644,-0.01839,0.01223,-0.00233,-0.00096,0.00060,0.60206,-0.00064,0.14069,0.00083,0.70707,-0.00010,0.70715,1,4,1,1
1765409436.508014,0.02445,-0.01392,-0.00348,0.00035,-0.00032,0.00041,0.60206,-0.00064,0.14069,0.00083,0.70707,-0.00010,0.70715,1,4,1,1
1765409436.510015,0.04590,0.02202,0.01857,-0.00074,-0.00021,0.00121,0.60202,-0.00064,0.14069,0.00083,0.70706,-0.00009,0.70715,1,4,1,1
1765409436.512050,-0.00167,0.03051,0.02575,0.00067,0.00059,0.00045,0.60202,-0.00064,0.14069,0.00083,0.70706,-0.00009,0.70715,1,4,1,1
1765409436.514024,-0.00622,0.00700,0.02698,-0.00246,-0.00199,0.00074,0.60198,-0.00064,0.14068,0.00083,0.70707,-0.00009,0.70714,1,4,1,1
1765409436.516021,0.00153,0.03031,-0.04962,-0.00261,-0.00082,0.00120,0.60178,-0.00064,0.14069,0.00083,0.70706,-0.00009,0.70715,1,4,1,1
1765409436.518026,0.02319,-0.01837,-0.03369,0.00161,-0.00055,0.00052,0.60178,-0.00064,0.14069,0.00083,0.70706,-0.00009,0.70715,1,4,1,1
1765409436.520030,0.03248,0.00102,0.02650,0.00075,-0.00056,0.00042,0.60178,-0.00064,0.14069,0.00083,0.70706,-0.00009,0.70715,1,4,1,1
1765409436.522032,0.01023,0.05228,0.04765,0.00137,0.00118,0.00004,0.60178,-0.00064,0.14069,0.00083,0.70706,-0.00009,0.70715,1,4,1,1
1765409436.524059,-0.00971,0.07929,0.03235,-0.00049,0.00091,0.00112,0.60178,-0.00064,0.14069,0.00083,0.70706,-0.00009,0.70715,1,4,1,1
1765409436.526048,-0.02596,0.01626,-0.00406,-0.00016,0.00027,0.00045,0.60178,-0.00064,0.14069,0.00083,0.70706,-0.00009,0.70715,1,4,1,1
1765409436.528034,-0.02009,-0.01380,0.04992,-0.00031,-0.00221,-0.00043,0.60178,-0.00064,0.14069,0.00083,0.70706,-0.00009,0.70715,1,4,1,1
1765409436.530041,0.01164,0.01845,0.01878,0.00009,-0.00056,0.00097,0.60178,-0.00064,0.14069,0.00083,0.70706,-0.00009,0.70715,1,4,1,1
1765409436.532030,0.01475,0.03004,0.00320,0.00066,0.00041,0.00122,0.60178,-0.00064,0.14069,0.00083,0.70706,-0.00009,0.70715,1,4,1,1
1765409436.534047,-0.00157,0.01161,0.01108,0.00109,-0.00028,0.00017,0.60178,-0.00064,0.14069,0.00083,0.70706,-0.00009,0.70715,1,4,1,1
1765409436.536052,0.02834,0.01278,0.02605,0.00045,0.00024,0.00029,0.60178,-0.00064,0.14069,0.00083,0.70706,-0.00009,0.70715,1,4,1,1
1765409436.538039,-0.00910,0.02567,-0.00416,-0.00048,0.00006,0.00097,0.60174,-0.00064,0.14069,0.00084,0.70706,-0.00009,0.70715,1,4,1,1
1765409436.540024,0.01094,0.08672,0.02451,0.00004,0.00041,0.00109,0.60174,-0.00064,0.14069,0.00084,0.70706,-0.00009,0.70715,1,4,1,1
1765409436.542041,-0.00399,0.04822,-0.01274,-0.00065,-0.00029,-0.00026,0.60170,-0.00064,0.14070,0.00083,0.70706,-0.00009,0.70716,1,4,1,1
1765409436.544034,-0.00939,-0.02323,0.02703,0.00067,0.00034,-0.00007,0.60170,-0.00064,0.14070,0.00083,0.70706,-0.00009,0.70716,1,4,1,1
1765409436.546042,0.01995,0.01292,-0.01152,0.00002,-0.00015,0.00108,0.60166,-0.00064,0.14070,0.00084,0.70706,-0.00009,0.70716,1,4,1,1
1765409436.548052,0.01690,-0.00905,0.04974,-0.00068,-0.00036,0.00073,0.60166,-0.00064,0.14070,0.00084,0.70706,-0.00009,0.70716,1,4,1,1
1765409436.550058,0.02903,0.00774,0.00331,-0.00004,0.00024,0.00000,0.60162,-0.00064,0.14070,0.00083,0.70706,-0.00010,0.70716,1,4,1,1
1765409436.552113,-0.00123,0.00187,0.01149,0.00076,-0.00066,0.00045,0.60146,-0.00064,0.14070,0.00084,0.70706,-0.00009,0.70716,1,4,1,1
1765409436.554045,0.00369,0.01361,-0.01134,-0.00041,-0.00071,0.00110,0.60146,-0.00064,0.14070,0.00084,0.70706,-0.00009,0.70716,1,4,1,1
1765409436.556036,-0.00411,0.03368,-0.01993,-0.00039,-0.00053,-0.00026,0.60146,-0.00064,0.14070,0.00084,0.70706,-0.00009,0.70716,1,4,1,1
1765409436.558067,0.05806,0.06352,0.00231,-0.00067,-0.00014,0.00144,0.60146,-0.00064,0.14070,0.00084,0.70706,-0.00009,0.70716,1,4,1,1
1765409436.560048,0.02788,0.03684,0.02572,0.00009,0.00062,0.00122,0.60146,-0.00064,0.14070,0.00084,0.70706,-0.00009,0.70716,1,4,1,1
1765409436.562039,0.02907,-0.03127,-0.00309,0.00014,-0.00036,0.00028,0.60146,-0.00064,0.14070,0.00084,0.70706,-0.00009,0.70716,1,4,1,1
1765409436.564039,0.01652,-0.00384,0.02697,-0.00040,-0.00073,0.00098,0.60146,-0.00064,0.14070,0.00084,0.70706,-0.00009,0.70716,1,4,1,1
1765409436.566083,-0.00445,0.02392,-0.01161,-0.00051,-0.00101,0.00083,0.60146,-0.00064,0.14070,0.00084,0.70706,-0.00009,0.70716,1,4,1,1
1765409436.568064,-0.01300,0.01906,-0.00436,0.00009,-0.00028,-0.00023,0.60146,-0.00064,0.14070,0.00084,0.70706,-0.00009,0.70716,1,4,1,1
1765409436.570095,0.04132,0.05379,0.02516,-0.00058,0.00044,0.00094,0.60142,-0.00064,0.14070,0.00083,0.70706,-0.00010,0.70716,1,4,1,1
1765409436.572093,0.01260,0.03706,0.03313,-0.00100,0.00067,0.00044,0.60142,-0.00064,0.14070,0.00083,0.70706,-0.00010,0.70716,1,4,1,1
1765409436.574104,0.02466,0.03510,0.01019,0.00007,0.00014,-0.00013,0.60138,-0.00064,0.14070,0.00083,0.70706,-0.00010,0.70716,1,4,1,1
1765409436.576071,0.01840,0.03269,0.01041,0.00157,0.00061,0.00055,0.60138,-0.00064,0.14070,0.00083,0.70706,-0.00010,0.70716,1,4,1,1
1765409436.578059,-0.04205,0.02724,0.04175,-0.00090,-0.00107,0.00105,0.60134,-0.00064,0.14070,0.00084,0.70705,-0.00009,0.70716,1,4,1,1
1765409436.580084,-0.01768,-0.00841,0.00390,0.00041,0.00043,-0.00008,0.60134,-0.00064,0.14070,0.00084,0.70705,-0.00009,0.70716,1,4,1,1
1765409436.582065,-0.00899,0.01549,0.00340,-0.00039,0.00070,0.00044,0.60130,-0.00064,0.14070,0.00083,0.70706,-0.00010,0.70716,1,4,1,1
1765409436.584060,0.02026,0.03234,0.03346,-0.00040,0.00021,0.00097,0.60130,-0.00064,0.14070,0.00083,0.70706,-0.00010,0.70716,1,4,1,1
1765409436.586093,0.03687,0.00795,0.03366,0.00061,0.00001,0.00002,0.60126,-0.00064,0.14070,0.00083,0.70706,-0.00010,0.70716,1,4,1,1
1765409436.588080,0.02764,0.01290,0.04121,0.00111,0.00038,0.00030,0.60126,-0.00064,0.14070,0.00083,0.70706,-0.00010,0.70716,1,4,1,1
1765409436.590076,-0.01317,-0.00086,-0.02608,-0.00037,-0.00062,0.00110,0.60126,-0.00064,0.14070,0.00083,0.70706,-0.00010,0.70716,1,4,1,1
1765409436.592092,0.00327,0.05412,-0.02734,0.00008,-0.00201,0.00121,0.60110,-0.00064,0.14070,0.00083,0.70706,-0.00010,0.70716,1,4,1,1
1765409436.594101,0.00191,0.02787,0.00289,0.00129,0.00093,0.00029,0.60110,-0.00064,0.14070,0.00083,0.70706,-0.00010,0.70716,1,4,1,1
1765409436.596082,0.01503,0.05181,0.02552,-0.00344,-0.00038,0.00084,0.60110,-0.00064,0.14070,0.00083,0.70706,-0.00010,0.70716,1,4,1,1
1765409436.598095,0.01852,-0.00742,-0.00375,0.00130,0.00128,0.00081,0.60110,-0.00064,0.14070,0.00083,0.70706,-0.00010,0.70716,1,4,1,1
1765409436.600076,-0.00870,-0.02334,0.01188,0.00001,0.00021,-0.00008,0.60110,-0.00064,0.14070,0.00083,0.70706,-0.00010,0.70716,1,4,1,1
1765409436.602100,-0.00381,-0.01100,0.02710,-0.00093,-0.00049,0.00060,0.60110,-0.00064,0.14070,0.00083,0.70706,-0.00010,0.70716,1,4,1,1
1765409436.604082,-0.01402,0.04850,-0.01986,0.00023,-0.00040,0.00096,0.60110,-0.00064,0.14070,0.00083,0.70706,-0.00010,0.70716,1,4,1,1
1765409436.606081,-0.02332,0.03365,0.03325,0.00136,0.00072,0.00020,0.60106,-0.00064,0.14070,0.00083,0.70706,-0.00009,0.70716,1,4,1,1
1765409436.608094,0.01602,0.00054,-0.01149,0.00009,0.00028,0.00041,0.60106,-0.00064,0.14070,0.00083,0.70706,-0.00009,0.70716,1,4,1,1
1765409436.610094,0.04147,0.03439,0.04079,-0.00037,0.00020,0.00068,0.60106,-0.00064,0.14070,0.00083,0.70706,-0.00009,0.70716,1,4,1,1
1765409436.612103,0.03355,0.06869,0.01727,-0.00127,0.00027,0.00093,0.60102,-0.00064,0.14070,0.00083,0.70706,-0.00009,0.70716,1,4,1,1
1765409436.614082,0.01592,0.05050,0.01785,0.00004,-0.00065,0.00069,0.60102,-0.00064,0.14070,0.00083,0.70706,-0.00009,0.70716,1,4,1,1
1765409436.616104,0.01242,0.01446,0.00345,0.00025,-0.00147,-0.00011,0.60098,-0.00064,0.14070,0.00083,0.70705,-0.00009,0.70716,1,4,1,1
1765409436.618105,0.01952,-0.01671,-0.00321,0.00053,0.00013,0.00109,0.60094,-0.00064,0.14070,0.00083,0.70705,-0.00009,0.70716,1,4,1,1
1765409436.620138,-0.00095,0.04029,0.04856,-0.00031,0.00020,0.00100,0.60074,-0.00064,0.14071,0.00083,0.70705,-0.00010,0.70717,1,4,1,1
1765409436.622113,0.00767,0.03500,-0.01224,-0.00037,0.00036,0.00068,0.60074,-0.00064,0.14071,0.00083,0.70705,-0.00010,0.70717,1,4,1,1
1765409436.624129,0.00659,0.04955,0.02542,0.00024,0.00087,0.00110,0.60074,-0.00064,0.14071,0.00083,0.70705,-0.00010,0.70717,1,4,1,1
1765409436.626117,0.00714,0.00558,-0.01114,-0.00007,0.00002,0.00149,0.60074,-0.00064,0.14071,0.00083,0.70705,-0.00010,0.70717,1,4,1,1
1765409436.628110,0.02402,0.00106,0.01151,0.00053,-0.00057,0.00082,0.60074,-0.00064,0.14071,0.00083,0.70705,-0.00010,0.70717,1,4,1,1
1765409436.630124,-0.01141,-0.01212,-0.01886,0.00299,-0.00041,-0.00038,0.60074,-0.00064,0.14071,0.00083,0.70705,-0.00010,0.70717,1,4,1,1
1765409436.632125,0.01571,0.04980,0.01049,-0.00041,-0.00012,0.00149,0.60074,-0.00064,0.14071,0.00083,0.70705,-0.00010,0.70717,1,4,1,1
1765409436.634115,0.02881,0.05674,0.00971,-0.00032,0.00046,0.00026,0.60074,-0.00064,0.14071,0.00083,0.70705,-0.00010,0.70717,1,4,1,1
1765409436.636114,-0.00501,-0.00160,-0.01140,0.00006,0.00053,0.00030,0.60074,-0.00064,0.14071,0.00083,0.70705,-0.00010,0.70717,1,4,1,1
1765409436.638122,0.00732,0.01558,0.03373,0.00027,0.00037,0.00045,0.60074,-0.00064,0.14071,0.00083,0.70705,-0.00010,0.70717,1,4,1,1
1765409436.640127,0.01999,0.00749,0.01119,-0.00005,0.00061,0.00082,0.60074,-0.00064,0.14071,0.00083,0.70705,-0.00010,0.70717,1,4,1,1
1765409436.642136,0.02573,0.01599,-0.01927,-0.00082,-0.00124,0.00040,0.60070,-0.00064,0.14071,0.00083,0.70705,-0.00010,0.70717,1,4,1,1
1765409436.644130,0.00632,0.01977,-0.00444,0.00076,0.00140,0.00068,0.60070,-0.00064,0.14071,0.00083,0.70705,-0.00010,0.70717,1,4,1,1
1765409436.646125,-0.02508,0.02647,0.04921,-0.00113,-0.00064,0.00103,0.60070,-0.00064,0.14071,0.00083,0.70705,-0.00010,0.70717,1,4,1,1
1765409436.648132,0.03689,0.02764,0.04124,-0.00002,-0.00049,0.00110,0.60066,-0.00064,0.14071,0.00083,0.70705,-0.00009,0.70717,1,4,1,1
1765409436.650124,-0.00119,0.03680,-0.03512,0.00096,-0.00107,-0.00014,0.60066,-0.00064,0.14071,0.00083,0.70705,-0.00009,0.70717,1,4,1,1
1765409436.652126,0.04103,0.03937,0.03334,-0.00031,-0.00004,0.00135,0.60062,-0.00064,0.14071,0.00083,0.70705,-0.00010,0.70717,1,4,1,1
1765409436.654128,0.00829,0.01618,-0.01167,-0.00038,-0.00078,0.00042,0.60058,-0.00064,0.14071,0.00083,0.70704,-0.00009,0.70717,1,4,1,1
1765409436.656142,0.02007,-0.00213,0.03403,0.00027,0.00061,0.00031,0.60058,-0.00064,0.14071,0.00083,0.70704,-0.00009,0.70717,1,4,1,1
1765409436.658152,0.03333,0.03462,0.00307,-0.00081,-0.00020,0.00107,0.60037,-0.00064,0.14070,0.00083,0.70705,-0.00009,0.70716,1,4,1,1
1765409436.660137,0.01894,0.04267,0.06362,0.00082,0.00009,0.00113,0.60037,-0.00064,0.14070,0.00083,0.70705,-0.00009,0.70716,1,4,1,1
1765409436.662157,-0.00866,0.04049,-0.00468,-0.00074,0.00004,0.00056,0.60037,-0.00064,0.14070,0.00083,0.70705,-0.00009,0.70716,1,4,1,1
1765409436.664172,-0.00057,0.02581,0.00327,-0.00026,-0.00017,0.00057,0.60037,-0.00064,0.14070,0.00083,0.70705,-0.00009,0.70716,1,4,1,1
1765409436.666158,0.01941,0.02705,0.01834,0.00019,0.00086,0.00109,0.60037,-0.00064,0.14070,0.00083,0.70705,-0.00009,0.70716,1,4,1,1
1765409436.668150,0.01124,0.00813,0.01887,0.00040,0.00021,0.00084,0.60037,-0.00064,0.14070,0.00083,0.70705,-0.00009,0.70716,1,4,1,1
1765409436.670196,0.01868,-0.02597,0.00406,0.00217,0.00038,-0.00025,0.60037,-0.00064,0.14070,0.00083,0.70705,-0.00009,0.70716,1,4,1,1
1765409436.672173,0.01534,0.02051,0.04128,0.00055,0.00014,0.00071,0.60037,-0.00064,0.14070,0.00083,0.70705,-0.00009,0.70716,1,4,1,1
1765409436.674161,-0.00451,0.03360,0.01113,-0.00082,-0.00101,0.00139,0.60037,-0.00064,0.14070,0.00083,0.70705,-0.00009,0.70716,1,4,1,1
1765409436.676172,-0.02117,0.01858,-0.02701,-0.00057,0.00020,0.00016,0.60037,-0.00064,0.14070,0.00083,0.70705,-0.00009,0.70716,1,4,1,1
1765409436.678158,-0.02190,-0.00555,-0.01123,0.00044,-0.00003,0.00005,0.60037,-0.00064,0.14070,0.00083,0.70705,-0.00009,0.70716,1,4,1,1
1765409436.680161,0.03989,0.02223,0.07936,-0.00271,-0.00079,0.00086,0.60033,-0.00064,0.14070,0.00083,0.70705,-0.00010,0.70716,1,4,1,1
1765409436.682146,0.03598,-0.01171,0.00379,0.00147,0.00017,0.00013,0.60033,-0.00064,0.14070,0.00083,0.70705,-0.00010,0.70716,1,4,1,1
1765409436.684164,-0.00657,0.01933,-0.02708,0.00184,-0.00035,0.00014,0.60029,-0.00064,0.14070,0.00083,0.70706,-0.00009,0.70716,1,4,1,1
1765409436.686166,-0.00876,0.01613,0.04908,-0.00038,-0.00007,0.00048,0.60025,-0.00064,0.14070,0.00083,0.70706,-0.00010,0.70715,1,4,1,1
1765409436.688169,-0.01048,0.01337,0.04959,-0.00304,-0.00080,0.00116,0.60025,-0.00064,0.14070,0.00083,0.70706,-0.00010,0.70715,1,4,1,1
1765409436.690164,-0.00567,-0.00197,0.00350,0.00071,0.00142,-0.00010,0.60025,-0.00064,0.14070,0.00083,0.70706,-0.00010,0.70715,1,4,1,1
1765409436.692189,0.01145,0.01740,0.01843,0.00007,0.00096,0.00056,0.60021,-0.00064,0.14069,0.00083,0.70707,-0.00010,0.70715,1,4,1,1
1765409436.694187,0.04557,0.05735,-0.02060,0.00012,-0.00076,0.00022,0.60000,-0.00064,0.14068,0.00083,0.70708,-0.00010,0.70714,1,4,1,1
1765409436.696189,0.00777,0.08567,0.02446,0.00003,-0.00109,0.00016,0.60000,-0.00064,0.14068,0.00083,0.70708,-0.00010,0.70714,1,4,1,1
1765409436.698172,0.00339,0.04759,-0.01239,-0.00044,0.00002,0.00095,0.60000,-0.00064,0.14068,0.00083,0.70708,-0.00010,0.70714,1,4,1,1
1765409436.700178,-0.00528,-0.00102,0.04182,0.00050,0.00002,0.00034,0.60000,-0.00064,0.14068,0.00083,0.70708,-0.00010,0.70714,1,4,1,1
1765409436.702363,0.00277,-0.02647,-0.00316,0.00063,0.00072,0.00057,0.60000,-0.00064,0.14068,0.00083,0.70708,-0.00010,0.70714,1,4,1,1
1765409436.704193,0.02051,0.01832,-0.02732,0.00030,-0.00031,-0.00028,0.60000,-0.00064,0.14068,0.00083,0.70708,-0.00010,0.70714,1,4,1,1
1765409436.706182,0.03223,0.06911,0.04001,0.00005,0.00029,0.00095,0.60000,-0.00064,0.14068,0.00083,0.70708,-0.00010,0.70714,1,4,1,1
1765409436.708180,0.01252,0.03807,0.02587,-0.00077,-0.00072,0.00084,0.60000,-0.00064,0.14068,0.00083,0.70708,-0.00010,0.70714,1,4,1,1
1765409436.710176,0.01973,-0.01107,0.01174,0.00082,-0.00052,0.00056,0.60000,-0.00064,0.14068,0.00083,0.70708,-0.00010,0.70714,1,4,1,1
1765409436.712175,0.00229,0.01760,0.01082,0.00073,0.00119,0.00057,0.60000,-0.00064,0.14068,0.00083,0.70708,-0.00010,0.70714,1,4,1,1
1765409436.714180,0.00364,0.03769,-0.03497,-0.00056,0.00003,0.00080,0.60000,-0.00064,0.14068,0.00083,0.70708,-0.00010,0.70714,1,4,1,1
1765409436.716286,-0.01295,-0.01632,-0.02616,-0.00034,0.00052,0.00030,0.59996,-0.00064,0.14068,0.00083,0.70708,-0.00010,0.70714,1,4,1,1
1765409436.718197,-0.02860,0.00041,0.00389,-0.00058,-0.00135,-0.00047,0.59996,-0.00064,0.14068,0.00083,0.70708,-0.00010,0.70714,1,4,1,1
1765409436.720180,0.01241,0.01370,0.02629,-0.00019,-0.00071,0.00031,0.59992,-0.00064,0.14068,0.00083,0.70708,-0.00010,0.70714,1,4,1,1
1765409436.722175,0.03699,0.00743,0.00358,-0.00005,0.00015,0.00080,0.59992,-0.00064,0.14068,0.00083,0.70708,-0.00010,0.70714,1,4,1,1
1765409436.724200,0.01483,0.06955,0.00173,0.00092,0.00074,0.00013,0.59988,-0.00064,0.14068,0.00083,0.70708,-0.00010,0.70714,1,4,1,1
1765409436.726226,0.00672,0.03507,-0.00470,0.00050,0.00062,0.00068,0.59988,-0.00064,0.14068,0.00083,0.70708,-0.00010,0.70714,1,4,1,1
1765409436.728208,-0.01452,-0.00107,0.02676,0.00094,0.00040,0.00074,0.59984,-0.00064,0.14068,0.00083,0.70707,-0.00010,0.70714,1,4,1,1
1765409436.730212,-0.01120,-0.01363,0.01165,0.00188,0.00100,0.00045,0.59984,-0.00064,0.14068,0.00083,0.70707,-0.00010,0.70714,1,4,1,1
1765409436.732284,-0.00543,-0.02009,0.01228,0.00071,-0.00096,0.00086,0.59956,-0.00064,0.14069,0.00083,0.70707,-0.00009,0.70714,1,4,1,1
1765409436.734212,0.03289,0.02997,0.05606,0.00001,0.00005,0.00044,0.59956,-0.00064,0.14069,0.00083,0.70707,-0.00009,0.70714,1,4,1,1
1765409436.736211,0.02383,0.04020,0.08663,0.00013,-0.00035,0.00141,0.59956,-0.00064,0.14069,0.00083,0.70707,-0.00009,0.70714,1,4,1,1
1765409436.738199,0.04441,0.02713,0.01793,0.00107,0.00055,0.00026,0.59956,-0.00064,0.14069,0.00083,0.70707,-0.00009,0.70714,1,4,1,1
1765409436.740200,0.04481,0.02753,0.01043,0.00085,-0.00009,0.00025,0.59956,-0.00064,0.14069,0.00083,0.70707,-0.00009,0.70714,1,4,1,1
1765409436.742248,-0.01091,0.05874,-0.00439,-0.00270,-0.00222,0.00151,0.59956,-0.00064,0.14069,0.00083,0.70707,-0.00009,0.70714,1,4,1,1
1765409436.744207,-0.02647,0.02111,-0.01171,0.00011,0.00040,0.00071,0.59956,-0.00064,0.14069,0.00083,0.70707,-0.00009,0.70714,1,4,1,1
1765409436.746206,-0.03601,-0.01923,0.03512,-0.00169,-0.00175,0.00011,0.59956,-0.00064,0.14069,0.00083,0.70707,-0.00009,0.70714,1,4,1,1
1765409436.748211,0.00695,-0.00391,0.03412,0.00091,0.00039,0.00018,0.59956,-0.00064,0.14069,0.00083,0.70707,-0.00009,0.70714,1,4,1,1
1765409436.750223,0.02299,0.02066,0.00362,0.00099,-0.00044,0.00149,0.59956,-0.00064,0.14069,0.00083,0.70707,-0.00009,0.70714,1,4,1,1
1765409436.752223,0.03878,0.05660,0.07850,-0.00207,-0.00042,0.00112,0.59956,-0.00064,0.14069,0.00083,0.70707,-0.00009,0.70714,1,4,1,1
1765409436.754218,0.02432,-0.02343,-0.01861,0.00089,-0.00044,-0.00014,0.59956,-0.00064,0.14069,0.00083,0.70707,-0.00009,0.70714,1,4,1,1
1765409436.756204,-0.04866,0.01912,-0.06485,0.00118,0.00080,0.00056,0.59956,-0.00064,0.14069,0.00083,0.70707,-0.00009,0.70714,1,4,1,1
1765409436.758216,-0.04238,0.01711,0.03428,-0.00059,-0.00055,0.00091,0.59956,-0.00064,0.14069,0.00083,0.70707,-0.00009,0.70714,1,4,1,1
1765409436.760201,-0.00118,-0.01851,0.03474,0.00051,0.00012,0.00060,0.59951,-0.00064,0.14068,0.00083,0.70708,-0.00010,0.70714,1,4,1,1
1765409436.762294,0.02837,-0.03107,0.02709,0.00101,-0.00011,-0.00010,0.59951,-0.00064,0.14068,0.00083,0.70708,-0.00010,0.70714,1,4,1,1
1765409436.764277,0.04762,0.05454,0.00973,0.00184,0.00024,0.00051,0.59947,-0.00064,0.14069,0.00083,0.70708,-0.00009,0.70714,1,4,1,1
1765409436.766222,0.03220,0.07419,0.02430,0.00054,0.00052,-0.00001,0.59947,-0.00064,0.14069,0.00083,0.70708,-0.00009,0.70714,1,4,1,1
1765409436.768227,0.00577,-0.00869,-0.02669,0.00216,0.00066,-0.00013,0.59943,-0.00064,0.14068,0.00083,0.70708,-0.00010,0.70714,1,4,1,1
1765409436.770233,-0.03259,-0.00336,0.01222,-0.00215,-0.00064,0.00143,0.59939,-0.00064,0.14069,0.00083,0.70708,-0.00010,0.70714,1,4,1,1
1765409436.772212,-0.02982,-0.03033,-0.01009,-0.00051,-0.00027,0.00114,0.59939,-0.00064,0.14069,0.00083,0.70708,-0.00010,0.70714,1,4,1,1
1765409436.774216,-0.02264,0.00510,0.01884,0.00145,-0.00054,-0.00020,0.59919,-0.00064,0.14069,0.00083,0.70707,-0.00010,0.70714,1,4,1,1
1765409436.776237,0.01976,0.01832,0.04097,0.00096,0.00008,-0.00023,0.59919,-0.00064,0.14069,0.00083,0.70707,-0.00010,0.70714,1,4,1,1
1765409436.778213,0.03210,0.01920,0.07142,0.00032,0.00134,0.00072,0.59919,-0.00064,0.14069,0.00083,0.70707,-0.00010,0.70714,1,4,1,1
1765409436.780314,0.02417,0.06351,0.03977,-0.00024,0.00152,0.00028,0.59919,-0.00064,0.14069,0.00083,0.70707,-0.00010,0.70714,1,4,1,1
1765409436.782246,-0.00888,0.01645,0.02634,-0.00016,-0.00045,0.00046,0.59919,-0.00064,0.14069,0.00083,0.70707,-0.00010,0.70714,1,4,1,1
1765409436.784244,-0.02745,0.02248,-0.03453,0.00166,-0.00074,0.00029,0.59919,-0.00064,0.14069,0.00083,0.70707,-0.00010,0.70714,1,4,1,1
1765409436.786248,-0.02999,0.00418,0.00379,-0.00009,0.00019,0.00020,0.59919,-0.00064,0.14069,0.00083,0.70707,-0.00010,0.70714,1,4,1,1
1765409436.788234,-0.00420,0.01920,0.01846,-0.00013,-0.00077,-0.00022,0.59919,-0.00064,0.14069,0.00083,0.70707,-0.00010,0.70714,1,4,1,1
1765409436.790233,0.04922,0.02943,0.02554,0.00044,0.00036,0.00040,0.59919,-0.00064,0.14069,0.00083,0.70707,-0.00010,0.70714,1,4,1,1
1765409436.792277,0.03198,0.05910,0.03275,0.00014,0.00043,0.00122,0.59919,-0.00064,0.14069,0.00083,0.70707,-0.00010,0.70714,1,4,1,1
1765409436.794250,0.03551,0.01251,0.03350,0.00154,0.00079,0.00028,0.59919,-0.00064,0.14069,0.00083,0.70707,-0.00010,0.70714,1,4,1,1
1765409436.796243,-0.02213,0.01005,-0.00390,0.00085,-0.00092,0.00005,0.59915,-0.00064,0.14069,0.00083,0.70707,-0.00010,0.70714,1,4,1,1
1765409436.798236,-0.01365,0.03338,-0.00450,0.00004,0.00010,0.00057,0.59915,-0.00064,0.14069,0.00083,0.70707,-0.00010,0.70714,1,4,1,1
1765409436.800256,0.00012,0.01578,-0.01929,-0.00082,-0.00017,0.00042,0.59911,-0.00064,0.14069,0.00083,0.70707,-0.00010,0.70714,1,4,1,1
1765409436.802277,0.02107,0.02277,-0.01976,-0.00052,-0.00006,-0.00001,0.59911,-0.00064,0.14069,0.00083,0.70707,-0.00010,0.70714,1,4,1,1
1765409436.804274,0.00716,0.01646,0.02626,0.00072,-0.00064,0.00045,0.59907,-0.00064,0.14069,0.00083,0.70707,-0.00010,0.70714,1,4,1,1
1765409436.806279,0.01716,0.03637,0.01065,-0.00057,-0.00167,0.00029,0.59907,-0.00064,0.14069,0.00083,0.70707,-0.00010,0.70714,1,4,1,1
1765409436.808323,0.00228,-0.04054,0.01212,0.00177,0.00047,-0.00022,0.59879,-0.00064,0.14068,0.00083,0.70709,-0.00010,0.70712,1,4,1,1
1765409436.810263,-0.01020,0.02535,-0.00429,0.00039,0.00084,0.00097,0.59879,-0.00064,0.14068,0.00083,0.70709,-0.00010,0.70712,1,4,1,1
1765409436.812258,0.00252,0.02804,0.02610,0.00042,0.00017,0.00112,0.59879,-0.00064,0.14068,0.00083,0.70709,-0.00010,0.70712,1,4,1,1
1765409436.814252,-0.00049,0.01611,0.01109,-0.00016,-0.00030,0.00044,0.59879,-0.00064,0.14068,0.00083,0.70709,-0.00010,0.70712,1,4,1,1
1765409436.816269,-0.00281,0.05553,0.03275,0.00163,0.00046,0.00058,0.59879,-0.00064,0.14068,0.00083,0.70709,-0.00010,0.70712,1,4,1,1
1765409436.818306,0.04129,0.04517,-0.01261,0.00019,-0.00082,0.00037,0.59879,-0.00064,0.14068,0.00083,0.70709,-0.00010,0.70712,1,4,1,1
1765409436.820295,-0.00792,-0.00334,0.04179,-0.00062,-0.00033,-0.00019,0.59879,-0.00064,0.14068,0.00083,0.70709,-0.00010,0.70712,1,4,1,1
1765409436.822263,-0.01836,-0.03741,-0.03328,0.00137,-0.00004,-0.00010,0.59879,-0.00064,0.14068,0.00083,0.70709,-0.00010,0.70712,1,4,1,1
1765409436.824276,0.00633,-0.00876,0.01185,0.00107,0.00003,0.00111,0.59879,-0.00064,0.14068,0.00083,0.70709,-0.00010,0.70712,1,4,1,1
1765409436.826259,-0.00610,0.00166,0.02711,-0.00274,-0.00161,0.00088,0.59879,-0.00064,0.14068,0.00083,0.70709,-0.00010,0.70712,1,4,1,1
1765409436.828279,0.01502,0.05571,-0.00514,0.00097,-0.00064,0.00053,0.59879,-0.00064,0.14068,0.00083,0.70709,-0.00010,0.70712,1,4,1,1
1765409436.830278,0.02879,0.02742,0.02605,-0.00046,-0.00014,0.00109,0.59879,-0.00064,0.14068,0.00083,0.70709,-0.00010,0.70712,1,4,1,1
1765409436.832317,0.00772,0.02091,0.03382,-0.00010,-0.00040,0.00072,0.59879,-0.00064,0.14068,0.00083,0.70709,-0.00010,0.70712,1,4,1,1
1765409436.834274,0.02814,-0.01180,0.01125,0.00103,0.00051,-0.00026,0.59879,-0.00064,0.14068,0.00083,0.70709,-0.00010,0.70712,1,4,1,1
1765409436.836287,-0.00088,-0.01413,0.01189,-0.00009,0.00050,0.00085,0.59875,-0.00064,0.14068,0.00083,0.70709,-0.00010,0.70713,1,4,1,1
1765409436.838276,0.01500,0.00043,0.00361,0.00096,0.00080,0.00042,0.59875,-0.00064,0.14068,0.00083,0.70709,-0.00010,0.70713,1,4,1,1
1765409436.840302,-0.00907,-0.00321,0.01912,0.00026,-0.00031,0.00019,0.59871,-0.00064,0.14068,0.00083,0.70709,-0.00010,0.70712,1,4,1,1
1765409436.842281,0.00396,0.00459,-0.01896,0.00013,-0.00136,0.00015,0.59871,-0.00064,0.14068,0.00083,0.70709,-0.00010,0.70712,1,4,1,1
1765409436.844290,0.02269,0.03485,0.01054,0.00116,0.00056,0.00108,0.59867,-0.00064,0.14068,0.00083,0.70709,-0.00010,0.70712,1,4,1,1
1765409436.846291,-0.00087,0.01149,-0.00408,0.00044,-0.00042,0.00016,0.59863,-0.00064,0.14068,0.00083,0.70709,-0.00010,0.70713,1,4,1,1
1765409436.848286,0.03350,0.02462,0.00307,-0.00071,0.00018,0.00053,0.59859,-0.00064,0.14068,0.00083,0.70709,-0.00009,0.70712,1,4,1,1
1765409436.850291,-0.01328,0.01455,0.01124,0.00025,-0.00090,0.00032,0.59847,-0.00064,0.14068,0.00083,0.70709,-0.00010,0.70713,1,4,1,1
1765409436.852288,0.01174,0.00824,0.00356,0.00018,0.00007,0.00042,0.59847,-0.00064,0.14068,0.00083,0.70709,-0.00010,0.70713,1,4,1,1
1765409436.854300,-0.01858,0.01789,-0.00408,0.00160,-0.00135,0.00004,0.59847,-0.00064,0.14068,0.00083,0.70709,-0.00010,0.70713,1,4,1,1
1765409436.856373,0.01182,0.00853,0.03381,0.00040,-0.00007,0.00004,0.59847,-0.00064,0.14068,0.00083,0.70709,-0.00010,0.70713,1,4,1,1
1765409436.858301,0.01188,0.04259,0.05613,-0.00049,-0.00008,0.00113,0.59847,-0.00064,0.14068,0.00083,0.70709,-0.00010,0.70713,1,4,1,1
1765409436.860295,0.03607,0.00705,0.03365,0.00082,0.00117,0.00042,0.59847,-0.00064,0.14068,0.00083,0.70709,-0.00010,0.70713,1,4,1,1
1765409436.862300,0.01591,0.00109,0.04138,0.00075,0.00014,-0.00036,0.59847,-0.00064,0.14068,0.00083,0.70709,-0.00010,0.70713,1,4,1,1
1765409436.864314,-0.02151,0.01531,0.05694,0.00026,-0.00157,0.00037,0.59847,-0.00064,0.14068,0.00083,0.70709,-0.00010,0.70713,1,4,1,1
1765409436.866292,0.01192,0.05264,-0.02015,-0.00037,-0.00034,0.00080,0.59847,-0.00064,0.14068,0.00083,0.70709,-0.00010,0.70713,1,4,1,1
1765409436.868298,-0.00645,0.08719,0.00902,0.00092,0.00086,0.00028,0.59843,-0.00064,0.14068,0.00083,0.70708,-0.00010,0.70713,1,4,1,1
1765409436.870293,-0.00504,0.03254,0.03298,0.00003,0.00125,-0.00022,0.59843,-0.00064,0.14068,0.00083,0.70708,-0.00010,0.70713,1,4,1,1
1765409436.872293,-0.01042,0.04588,0.01062,0.00064,-0.00019,0.00125,0.59839,-0.00064,0.14069,0.00083,0.70708,-0.00010,0.70713,1,4,1,1
1765409436.874293,0.02058,-0.00578,0.02686,0.00023,-0.00117,0.00044,0.59839,-0.00064,0.14069,0.00083,0.70708,-0.00010,0.70713,1,4,1,1
1765409436.876295,0.00523,-0.04304,-0.03318,0.00262,0.00045,0.00041,0.59835,-0.00064,0.14068,0.00083,0.70708,-0.00010,0.70713,1,4,1,1
1765409436.878339,-0.00966,-0.03277,0.05057,0.00056,-0.00039,0.00103,0.59835,-0.00064,0.14068,0.00083,0.70708,-0.00010,0.70713,1,4,1,1
1765409436.880336,0.01224,-0.00655,-0.01899,-0.00000,0.00007,0.00001,0.59831,-0.00064,0.14068,0.00083,0.70708,-0.00010,0.70713,1,4,1,1
1765409436.882326,0.01209,0.02214,0.05623,-0.00053,0.00107,0.00046,0.59831,-0.00064,0.14068,0.00083,0.70708,-0.00010,0.70713,1,4,1,1
1765409436.884378,0.02008,0.02325,-0.02700,0.00014,-0.00067,0.00079,0.59811,-0.00064,0.14068,0.00083,0.70708,-0.00010,0.70713,1,4,1,1
1765409436.886349,0.02437,0.03047,-0.01202,0.00001,-0.00060,0.00080,0.59811,-0.00064,0.14068,0.00083,0.70708,-0.00010,0.70713,1,4,1,1
1765409436.888319,0.01971,-0.02093,-0.00344,0.00114,-0.00026,0.00001,0.59811,-0.00064,0.14068,0.00083,0.70708,-0.00010,0.70713,1,4,1,1
1765409436.890323,0.00591,-0.01421,-0.02605,0.00122,0.00068,0.00122,0.59811,-0.00064,0.14068,0.00083,0.70708,-0.00010,0.70713,1,4,1,1
1765409436.892339,-0.02967,0.02833,0.00353,-0.00111,0.00018,0.00113,0.59811,-0.00064,0.14068,0.00083,0.70708,-0.00010,0.70713,1,4,1,1
1765409436.894394,-0.00944,0.03059,0.02564,0.00023,0.00068,0.00005,0.59811,-0.00064,0.14068,0.00083,0.70708,-0.00010,0.70713,1,4,1,1
1765409436.896320,-0.00854,0.02539,0.04863,-0.00071,0.00067,0.00020,0.59811,-0.00064,0.14068,0.00083,0.70708,-0.00010,0.70713,1,4,1,1
1765409436.898338,0.05288,0.01704,0.01826,0.00095,0.00046,0.00052,0.59811,-0.00064,0.14068,0.00083,0.70708,-0.00010,0.70713,1,4,1,1
1765409436.900319,0.01203,0.00989,-0.01949,0.00107,-0.00147,-0.00080,0.59811,-0.00064,0.14068,0.00083,0.70708,-0.00010,0.70713,1,4,1,1
1765409436.902342,0.00180,-0.00638,0.01869,0.00197,0.00108,-0.00036,0.59811,-0.00064,0.14068,0.00083,0.70708,-0.00010,0.70713,1,4,1,1
1765409436.904342,-0.03351,0.03101,0.03379,-0.00130,0.00009,0.00089,0.59811,-0.00064,0.14068,0.00083,0.70708,-0.00010,0.70713,1,4,1,1
1765409436.906337,-0.02211,0.02354,-0.00412,-0.00007,0.00022,0.00085,0.59807,-0.00064,0.14068,0.00083,0.70708,-0.00009,0.70713,1,4,1,1
1765409436.908332,-0.00215,0.02125,0.01081,0.00143,0.00010,0.00030,0.59807,-0.00064,0.14068,0.00083,0.70708,-0.00009,0.70713,1,4,1,1
1765409436.910342,0.03664,0.02334,-0.01184,0.00058,-0.00112,0.00079,0.59803,-0.00064,0.14069,0.00083,0.70708,-0.00010,0.70714,1,4,1,1
1765409436.912330,0.02795,0.00735,0.04150,0.00039,0.00077,0.00084,0.59799,-0.00064,0.14069,0.00083,0.70707,-0.00010,0.70714,1,4,1,1
1765409436.914386,0.02365,0.06966,0.05511,0.00049,0.00013,0.00057,0.59799,-0.00064,0.14069,0.00083,0.70707,-0.00010,0.70714,1,4,1,1
1765409436.916345,-0.01834,0.02575,-0.01197,0.00039,0.00068,0.00057,0.59795,-0.00064,0.14069,0.00083,0.70707,-0.00010,0.70714,1,4,1,1
1765409436.918359,-0.03453,0.03163,0.00325,0.00002,-0.00015,0.00046,0.59795,-0.00064,0.14069,0.00083,0.70707,-0.00010,0.70714,1,4,1,1
1765409436.920372,-0.00393,-0.02549,0.01214,-0.00045,-0.00061,0.00019,0.59795,-0.00064,0.14069,0.00083,0.70707,-0.00010,0.70714,1,4,1,1
1765409436.922375,0.03291,-0.00416,-0.01888,0.00025,-0.00055,0.00052,0.59791,-0.00064,0.14069,0.00083,0.70707,-0.00010,0.70714,1,4,1,1
1765409436.924357,0.03285,0.00071,0.03408,0.00031,-0.00031,0.00043,0.59791,-0.00064,0.14069,0.00083,0.70707,-0.00010,0.70714,1,4,1,1
1765409436.926359,0.01599,0.03460,0.01788,-0.00016,0.00088,0.00029,0.59787,-0.00064,0.14069,0.00083,0.70707,-0.00010,0.70715,1,4,1,1
1765409436.928379,-0.02232,0.03789,0.02580,-0.00012,0.00084,0.00087,0.59771,-0.00064,0.14070,0.00083,0.70706,-0.00010,0.70715,1,4,1,1
1765409436.930379,-0.01757,0.02086,-0.01172,-0.00033,0.00029,0.00071,0.59771,-0.00064,0.14070,0.00083,0.70706,-0.00010,0.70715,1,4,1,1
1765409436.932369,-0.00475,-0.00020,0.01143,0.00051,-0.00100,-0.00009,0.59771,-0.00064,0.14070,0.00083,0.70706,-0.00010,0.70715,1,4,1,1
1765409436.934448,0.02459,0.01624,-0.00413,0.00028,-0.00111,0.00041,0.59771,-0.00064,0.14070,0.00083,0.70706,-0.00010,0.70715,1,4,1,1
1765409436.936423,0.00435,0.00863,0.10243,-0.00069,-0.00036,0.00051,0.59771,-0.00064,0.14070,0.00083,0.70706,-0.00010,0.70715,1,4,1,1
1765409436.938472,-0.01509,-0.01057,-0.02620,0.00170,0.00016,0.00056,0.59771,-0.00064,0.14070,0.00083,0.70706,-0.00010,0.70715,1,4,1,1
1765409436.940445,-0.00659,-0.00123,0.00372,0.00159,0.00068,0.00031,0.59771,-0.00064,0.14070,0.00083,0.70706,-0.00010,0.70715,1,4,1,1
1765409436.942435,-0.01347,0.03448,-0.01191,0.00028,-0.00129,0.00057,0.59771,-0.00064,0.14070,0.00083,0.70706,-0.00010,0.70715,1,4,1,1
1765409436.944440,0.02787,0.03701,0.05576,0.00053,0.00086,0.00044,0.59767,-0.00064,0.14070,0.00083,0.70707,-0.00010,0.70715,1,4,1,1
1765409436.946442,-0.02712,0.00661,-0.02688,0.00125,0.00066,-0.00010,0.59767,-0.00064,0.14070,0.00083,0.70707,-0.00010,0.70715,1,4,1,1
1765409436.948466,0.02830,0.06154,0.00983,-0.00026,0.00047,0.00093,0.59767,-0.00064,0.14070,0.00083,0.70707,-0.00010,0.70715,1,4,1,1
1765409436.950490,0.00335,0.02343,0.00326,0.00014,-0.00022,0.00043,0.59763,-0.00064,0.14070,0.00083,0.70707,-0.00010,0.70715,1,4,1,1
1765409436.952451,-0.00115,0.02076,0.04860,0.00055,0.00058,-0.00007,0.59759,-0.00064,0.14069,0.00083,0.70707,-0.00010,0.70714,1,4,1,1
1765409436.954382,0.02420,0.01080,0.01132,0.00021,-0.00058,0.00096,0.59759,-0.00064,0.14069,0.00083,0.70707,-0.00010,0.70714,1,4,1,1
1765409436.956387,-0.02233,-0.00057,-0.01867,0.00051,-0.00027,0.00071,0.59759,-0.00064,0.14069,0.00083,0.70707,-0.00010,0.70714,1,4,1,1
1765409436.958394,-0.01042,-0.01272,-0.01888,0.00189,-0.00004,-0.00038,0.59755,-0.00064,0.14069,0.00083,0.70707,-0.00010,0.70714,1,4,1,1
1765409436.960400,0.00602,0.05008,0.01768,0.00112,0.00062,0.00069,0.59734,-0.00064,0.14069,0.00083,0.70708,-0.00010,0.70714,1,4,1,1
1765409436.962467,0.02377,0.01956,0.01852,0.00010,0.00081,0.00109,0.59734,-0.00064,0.14069,0.00083,0.70708,-0.00010,0.70714,1,4,1,1
1765409436.964464,0.00716,-0.00835,0.01161,0.00085,-0.00037,0.00031,0.59734,-0.00064,0.14069,0.00083,0.70708,-0.00010,0.70714,1,4,1,1
1765409436.966471,-0.01776,0.00137,0.01110,0.00053,0.00067,-0.00035,0.59734,-0.00064,0.14069,0.00083,0.70708,-0.00010,0.70714,1,4,1,1
1765409436.968449,-0.01833,0.00100,0.01896,0.00053,0.00095,0.00046,0.59734,-0.00064,0.14069,0.00083,0.70708,-0.00010,0.70714,1,4,1,1
1765409436.970380,-0.00463,0.03771,0.00303,-0.00078,0.00025,0.00084,0.59734,-0.00064,0.14069,0.00083,0.70708,-0.00010,0.70714,1,4,1,1
1765409436.972407,0.00122,-0.01294,0.06503,-0.00117,-0.00119,0.00009,0.59734,-0.00064,0.14069,0.00083,0.70708,-0.00010,0.70714,1,4,1,1
1765409436.974393,-0.00835,0.01653,0.04158,-0.00060,-0.00071,0.00048,0.59734,-0.00064,0.14069,0.00083,0.70708,-0.00010,0.70714,1,4,1,1
1765409436.976397,0.03239,0.02488,0.07155,0.00017,0.00019,0.00099,0.59734,-0.00064,0.14069,0.00083,0.70708,-0.00010,0.70714,1,4,1,1
1765409436.978394,0.00339,0.02307,0.04081,0.00036,0.00065,-0.00035,0.59734,-0.00064,0.14069,0.00083,0.70708,-0.00010,0.70714,1,4,1,1
1765409436.980401,0.01494,0.01518,0.04119,0.00092,0.00091,0.00044,0.59734,-0.00064,0.14069,0.00083,0.70708,-0.00010,0.70714,1,4,1,1
1765409436.982397,0.01102,0.03715,-0.01959,-0.00012,0.00046,0.00161,0.59730,-0.00064,0.14069,0.00083,0.70707,-0.00010,0.70714,1,4,1,1
1765409436.984402,0.02483,0.02050,0.02615,-0.00033,-0.00048,0.00070,0.59730,-0.00064,0.14069,0.00083,0.70707,-0.00010,0.70714,1,4,1,1
1765409436.986401,-0.01057,0.02166,-0.01226,0.00187,0.00019,-0.00052,0.59726,-0.00064,0.14069,0.00083,0.70708,-0.00010,0.70714,1,4,1,1
1765409436.988385,0.02268,0.03490,0.00277,0.00138,0.00068,0.00067,0.59726,-0.00064,0.14069,0.00083,0.70708,-0.00010,0.70714,1,4,1,1
1765409436.990420,-0.01662,0.01145,0.04195,-0.00109,-0.00060,0.00102,0.59722,-0.00064,0.14069,0.00083,0.70707,-0.00010,0.70714,1,4,1,1
1765409436.992417,-0.00184,0.00590,0.04150,0.00102,0.00074,0.00033,0.59722,-0.00064,0.14069,0.00083,0.70707,-0.00010,0.70714,1,4,1,1
1765409436.994416,-0.01453,-0.01323,0.10252,-0.00183,-0.00014,-0.00108,0.59702,-0.00064,0.14069,0.00083,0.70708,-0.00010,0.70714,1,4,1,1
1765409436.996421,0.02413,0.04898,-0.00502,-0.00042,0.00079,0.00106,0.59702,-0.00064,0.14069,0.00083,0.70708,-0.00010,0.70714,1,4,1,1
1765409436.998418,0.02052,0.03720,0.01086,-0.00100,-0.00017,0.00163,0.59702,-0.00064,0.14069,0.00083,0.70708,-0.00010,0.70714,1,4,1,1
1765409437.000415,-0.00083,0.02577,-0.00435,-0.00005,-0.00004,0.00056,0.59702,-0.00064,0.14069,0.00083,0.70708,-0.00010,0.70714,1,4,1,1
1765409437.002413,-0.00474,0.00835,0.00363,-0.00026,0.00027,0.00044,0.59702,-0.00064,0.14069,0.00083,0.70708,-0.00010,0.70714,1,4,1,1
1765409437.004420,-0.03204,-0.00121,-0.01867,0.00115,0.00100,0.00112,0.59702,-0.00064,0.14069,0.00083,0.70708,-0.00010,0.70714,1,4,1,1
1765409437.006421,0.00358,0.00286,-0.00389,-0.00032,0.00068,0.00056,0.59702,-0.00064,0.14069,0.00083,0.70708,-0.00010,0.70714,1,4,1,1
1765409437.008414,0.00708,-0.02337,0.00417,0.00111,0.00014,-0.00010,0.59702,-0.00064,0.14069,0.00083,0.70708,-0.00010,0.70714,1,4,1,1
1765409437.010412,0.04605,0.02119,0.01827,-0.00097,0.00092,0.00080,0.59702,-0.00064,0.14069,0.00083,0.70708,-0.00010,0.70714,1,4,1,1
1765409437.012420,0.03728,0.02311,0.02614,-0.00007,-0.00101,0.00082,0.59702,-0.00064,0.14069,0.00083,0.70708,-0.00010,0.70714,1,4,1,1
1765409437.014431,0.02369,0.01153,-0.03453,0.00131,-0.00097,0.00011,0.59698,-0.00064,0.14069,0.00083,0.70708,-0.00010,0.70713,1,4,1,1
1765409437.016414,-0.01028,-0.02297,0.02700,0.00155,0.00035,-0.00007,0.59698,-0.00064,0.14069,0.00083,0.70708,-0.00010,0.70713,1,4,1,1
1765409437.018439,-0.02616,0.04616,-0.02756,-0.00002,-0.00014,0.00043,0.59693,-0.00064,0.14068,0.00083,0.70709,-0.00010,0.70713,1,4,1,1
1765409437.020428,-0.00135,0.06535,-0.02050,0.00022,-0.00019,0.00067,0.59693,-0.00064,0.14068,0.00083,0.70709,-0.00010,0.70713,1,4,1,1
1765409437.022427,-0.01239,0.01503,-0.03437,-0.00018,-0.00168,-0.00012,0.59689,-0.00064,0.14068,0.00083,0.70708,-0.00010,0.70713,1,4,1,1
1765409437.024449,0.02339,-0.01847,0.00428,0.00139,-0.00043,0.00055,0.59689,-0.00064,0.14068,0.00083,0.70708,-0.00010,0.70713,1,4,1,1
1765409437.026433,0.03578,-0.02720,0.02701,0.00128,0.00095,0.00056,0.59685,-0.00064,0.14068,0.00083,0.70708,-0.00010,0.70713,1,4,1,1
1765409437.028430,-0.00369,-0.01359,0.03418,0.00297,0.00128,0.00006,0.59685,-0.00064,0.14068,0.00083,0.70708,-0.00010,0.70713,1,4,1,1
1765409437.030461,0.01738,0.00596,0.01111,-0.00072,-0.00051,-0.00011,0.59685,-0.00064,0.14068,0.00083,0.70708,-0.00010,0.70713,1,4,1,1
1765409437.032434,-0.02311,0.02411,-0.02689,0.00102,-0.00015,0.00083,0.59681,-0.00064,0.14068,0.00083,0.70708,-0.00009,0.70713,1,4,1,1
1765409437.034428,-0.00027,0.04141,0.01082,-0.00051,-0.00145,0.00098,0.59677,-0.00064,0.14068,0.00083,0.70709,-0.00010,0.70713,1,4,1,1
1765409437.036430,0.01692,0.00113,-0.01928,-0.00013,-0.00038,-0.00040,0.59665,-0.00064,0.14068,0.00083,0.70708,-0.00010,0.70713,1,4,1,1
1765409437.038506,0.02753,-0.00666,0.01141,0.00131,0.00014,0.00042,0.59665,-0.00064,0.14068,0.00083,0.70708,-0.00010,0.70713,1,4,1,1
1765409437.040436,0.04482,0.05596,0.00968,0.00011,0.00103,0.00065,0.59665,-0.00064,0.14068,0.00083,0.70708,-0.00010,0.70713,1,4,1,1
1765409437.042453,-0.00120,0.03109,0.01069,0.00046,-0.00030,0.00044,0.59665,-0.00064,0.14068,0.00083,0.70708,-0.00010,0.70713,1,4,1,1
1765409437.044451,0.00923,0.02114,-0.02715,-0.00098,-0.00093,-0.00014,0.59665,-0.00064,0.14068,0.00083,0.70708,-0.00010,0.70713,1,4,1,1
1765409437.046432,0.00753,-0.01865,-0.00324,0.00029,-0.00011,0.00057,0.59665,-0.00064,0.14068,0.00083,0.70708,-0.00010,0.70713,1,4,1,1
1765409437.048467,-0.00479,0.01387,-0.00406,0.00003,-0.00037,0.00030,0.59665,-0.00064,0.14068,0.00083,0.70708,-0.00010,0.70713,1,4,1,1
1765409437.050442,-0.00732,-0.00470,-0.02684,0.00330,-0.00034,-0.00079,0.59661,-0.00064,0.14069,0.00083,0.70708,-0.00010,0.70714,1,4,1,1
1765409437.052444,0.01184,0.04262,-0.00499,-0.00006,0.00017,0.00027,0.59661,-0.00064,0.14069,0.00083,0.70708,-0.00010,0.70714,1,4,1,1
1765409437.054469,0.01921,0.04712,0.00244,0.00065,0.00071,0.00053,0.59657,-0.00064,0.14069,0.00083,0.70707,-0.00010,0.70714,1,4,1,1
1765409437.056450,0.00721,-0.00885,0.04192,0.00063,0.00026,0.00033,0.59657,-0.00064,0.14069,0.00083,0.70707,-0.00010,0.70714,1,4,1,1
1765409437.058490,0.01274,-0.01723,-0.00334,-0.00100,0.00059,0.00069,0.59653,-0.00064,0.14069,0.00083,0.70707,-0.00009,0.70714,1,4,1,1
1765409437.060456,0.01549,0.00601,0.04171,0.00059,-0.00023,0.00072,0.59653,-0.00064,0.14069,0.00083,0.70707,-0.00009,0.70714,1,4,1,1
1765409437.062475,0.00817,0.04131,-0.01976,-0.00029,-0.00143,0.00054,0.59649,-0.00064,0.14070,0.00083,0.70707,-0.00010,0.70715,1,4,1,1
1765409437.064986,0.01855,0.03308,0.01808,0.00157,0.00010,0.00055,0.59649,-0.00064,0.14070,0.00083,0.70707,-0.00010,0.70715,1,4,1,1
1765409437.066480,0.00739,0.06386,-0.02035,-0.00089,0.00086,0.00147,0.59649,-0.00064,0.14070,0.00083,0.70707,-0.00010,0.70715,1,4,1,1
1765409437.068464,0.01557,0.02471,0.02599,-0.00006,0.00078,0.00097,0.59629,-0.00064,0.14070,0.00083,0.70705,-0.00010,0.70716,1,4,1,1
1765409437.070478,-0.00371,0.01347,0.01114,-0.00107,-0.00026,0.00031,0.59629,-0.00064,0.14070,0.00083,0.70705,-0.00010,0.70716,1,4,1,1
1765409437.072468,0.03337,-0.00920,0.02689,-0.00025,-0.00055,0.00070,0.59629,-0.00064,0.14070,0.00083,0.70705,-0.00010,0.70716,1,4,1,1
1765409437.074479,0.00764,0.05535,-0.00493,-0.00034,-0.00054,0.00095,0.59629,-0.00064,0.14070,0.00083,0.70705,-0.00010,0.70716,1,4,1,1
1765409437.076466,0.01500,0.03022,0.01807,0.00088,0.00052,0.00042,0.59629,-0.00064,0.14070,0.00083,0.70705,-0.00010,0.70716,1,4,1,1
1765409437.078468,0.01541,0.01576,0.02613,0.00071,0.00002,0.00043,0.59629,-0.00064,0.14070,0.00083,0.70705,-0.00010,0.70716,1,4,1,1
1765409437.080462,0.02730,0.01754,0.00316,0.00117,0.00064,0.00054,0.59629,-0.00064,0.14070,0.00083,0.70705,-0.00010,0.70716,1,4,1,1
1765409437.082470,0.00822,-0.00379,0.00386,-0.00019,-0.00026,0.00016,0.59629,-0.00064,0.14070,0.00083,0.70705,-0.00010,0.70716,1,4,1,1
1765409437.084465,-0.01262,0.03360,0.01821,-0.00061,-0.00030,0.00019,0.59629,-0.00064,0.14070,0.00083,0.70705,-0.00010,0.70716,1,4,1,1
1765409437.086468,-0.00015,0.03978,0.01057,-0.00119,0.00045,0.00097,0.59625,-0.00064,0.14070,0.00083,0.70705,-0.00010,0.70716,1,4,1,1
1765409437.088483,-0.00375,0.01894,0.01122,-0.00100,-0.00102,0.00058,0.59625,-0.00064,0.14070,0.00083,0.70705,-0.00010,0.70716,1,4,1,1
1765409437.090467,0.00315,0.00876,-0.00414,0.00062,-0.00009,0.00002,0.59620,-0.00064,0.14070,0.00083,0.70706,-0.00010,0.70716,1,4,1,1
1765409437.092485,0.04051,0.01456,0.01848,0.00048,0.00061,0.00081,0.59620,-0.00064,0.14070,0.00083,0.70706,-0.00010,0.70716,1,4,1,1
1765409437.094517,0.00779,0.01616,0.01867,0.00006,-0.00052,0.00044,0.59616,-0.00064,0.14070,0.00083,0.70706,-0.00010,0.70715,1,4,1,1
1765409437.096495,0.00304,-0.02060,-0.00354,0.00114,-0.00007,-0.00037,0.59616,-0.00064,0.14070,0.00083,0.70706,-0.00010,0.70715,1,4,1,1
1765409437.098499,0.00255,0.03237,-0.00437,0.00004,0.00068,0.00136,0.59612,-0.00064,0.14070,0.00083,0.70706,-0.00010,0.70715,1,4,1,1
1765409437.100528,-0.00031,0.04063,-0.01968,-0.00074,-0.00056,0.00095,0.59612,-0.00064,0.14070,0.00083,0.70706,-0.00010,0.70715,1,4,1,1
1765409437.102493,0.00296,-0.01093,-0.03414,0.00104,0.00006,-0.00027,0.59612,-0.00064,0.14070,0.00083,0.70706,-0.00010,0.70715,1,4,1,1
1765409437.104502,0.02871,0.02236,0.01825,-0.00008,0.00036,0.00041,0.59612,-0.00064,0.14070,0.00083,0.70706,-0.00010,0.70715,1,4,1,1
1765409437.106500,0.04854,-0.00038,0.01897,0.00074,0.00053,0.00121,0.59612,-0.00064,0.14070,0.00083,0.70706,-0.00010,0.70715,1,4,1,1
1765409437.108495,-0.00952,0.04154,-0.00476,0.00058,-0.00072,0.00016,0.59592,-0.00064,0.14070,0.00083,0.70707,-0.00010,0.70715,1,4,1,1
1765409437.110498,0.00862,0.04619,0.00286,-0.00067,-0.00145,0.00042,0.59592,-0.00064,0.14070,0.00083,0.70707,-0.00010,0.70715,1,4,1,1
1765409437.112505,-0.00198,0.04015,0.04087,0.00057,0.00072,0.00099,0.59592,-0.00064,0.14070,0.00083,0.70707,-0.00010,0.70715,1,4,1,1
1765409437.114500,0.01947,0.00378,0.01135,0.00100,-0.00053,0.00056,0.59592,-0.00064,0.14070,0.00083,0.70707,-0.00010,0.70715,1,4,1,1
1765409437.116511,0.03339,0.00515,-0.01171,-0.00029,0.00006,0.00026,0.59592,-0.00064,0.14070,0.00083,0.70707,-0.00010,0.70715,1,4,1,1
1765409437.118518,0.03261,0.04884,0.02551,-0.00063,0.00056,0.00148,0.59592,-0.00064,0.14070,0.00083,0.70707,-0.00010,0.70715,1,4,1,1
1765409437.120507,0.01608,0.02485,0.03346,-0.00027,0.00064,0.00057,0.59592,-0.00064,0.14070,0.00083,0.70707,-0.00010,0.70715,1,4,1,1
1765409437.122502,0.01969,0.03794,0.04057,0.00076,0.00007,0.00003,0.59588,-0.00064,0.14070,0.00083,0.70707,-0.00010,0.70715,1,4,1,1
1765409437.124509,-0.00936,0.02073,0.00342,-0.00011,0.00032,0.00071,0.59588,-0.00064,0.14070,0.00083,0.70707,-0.00010,0.70715,1,4,1,1
1765409437.126507,0.01237,0.03765,-0.00459,-0.00077,-0.00021,0.00081,0.59584,-0.00063,0.14070,0.00083,0.70706,-0.00010,0.70715,1,4,1,1
1765409437.128514,0.00804,-0.00852,0.02666,0.00019,-0.00026,-0.00009,0.59584,-0.00063,0.14070,0.00083,0.70706,-0.00010,0.70715,1,4,1,1
1765409437.130517,0.03239,0.02485,0.04877,0.00017,0.00019,0.00097,0.59580,-0.00064,0.14070,0.00083,0.70707,-0.00010,0.70715,1,4,1,1
1765409437.132584,0.00394,-0.01597,0.01185,-0.00012,-0.00033,0.00031,0.59580,-0.00064,0.14070,0.00083,0.70707,-0.00010,0.70715,1,4,1,1
1765409437.134684,-0.00589,0.00865,0.01100,0.00106,0.00053,0.00004,0.59576,-0.00064,0.14070,0.00083,0.70707,-0.00010,0.70715,1,4,1,1
1765409437.136569,-0.01917,0.01072,0.04887,0.00130,0.00157,0.00021,0.59572,-0.00064,0.14069,0.00083,0.70707,-0.00010,0.70714,1,4,1,1
1765409437.138534,0.00015,0.05497,-0.02046,-0.00100,0.00017,0.00013,0.59560,-0.00064,0.14069,0.00083,0.70707,-0.00010,0.70714,1,4,1,1
1765409437.140547,0.00735,-0.01347,0.02697,0.00057,-0.00024,0.00045,0.59560,-0.00064,0.14069,0.00083,0.70707,-0.00010,0.70714,1,4,1,1
1765409437.142544,0.03744,-0.01176,-0.03407,0.00016,-0.00035,0.00011,0.59560,-0.00064,0.14069,0.00083,0.70707,-0.00010,0.70714,1,4,1,1
1765409437.144541,0.03248,0.02571,0.00334,0.00039,-0.00095,0.00094,0.59556,-0.00064,0.14069,0.00083,0.70707,-0.00010,0.70714,1,4,1,1
1765409437.146532,-0.00531,0.04276,0.02577,-0.00028,0.00026,0.00112,0.59556,-0.00064,0.14069,0.00083,0.70707,-0.00010,0.70714,1,4,1,1
1765409437.148540,-0.01805,0.01172,0.01115,0.00066,-0.00009,0.00019,0.59556,-0.00064,0.14069,0.00083,0.70707,-0.00010,0.70714,1,4,1,1
1765409437.150526,0.00410,0.02285,0.04120,-0.00074,0.00027,0.00046,0.59556,-0.00064,0.14069,0.00083,0.70707,-0.00010,0.70714,1,4,1,1
1765409437.152542,0.03676,0.01192,0.01831,0.00023,0.00103,0.00027,0.59556,-0.00064,0.14069,0.00083,0.70707,-0.00010,0.70714,1,4,1,1
1765409437.154535,0.01645,-0.04283,-0.00294,0.00065,-0.00059,-0.00038,0.59556,-0.00064,0.14069,0.00083,0.70707,-0.00010,0.70714,1,4,1,1
1765409437.156535,-0.00607,-0.02722,0.05039,-0.00200,-0.00198,0.00010,0.59556,-0.00064,0.14069,0.00083,0.70707,-0.00010,0.70714,1,4,1,1
1765409437.158540,-0.01264,0.01432,0.04922,-0.00040,-0.00079,0.00035,0.59552,-0.00064,0.14069,0.00083,0.70707,-0.00010,0.70714,1,4,1,1
1765409437.160533,0.02003,0.01692,0.01835,-0.00015,0.00123,0.00056,0.59552,-0.00064,0.14069,0.00083,0.70707,-0.00010,0.70714,1,4,1,1
1765409437.162543,0.00575,0.08632,0.06286,-0.00324,-0.00016,0.00154,0.59548,-0.00064,0.14069,0.00083,0.70707,-0.00010,0.70714,1,4,1,1
1765409437.164563,0.01538,0.07034,0.00190,0.00071,-0.00041,0.00013,0.59548,-0.00064,0.14069,0.00083,0.70707,-0.00010,0.70714,1,4,1,1
1765409437.166547,0.02360,-0.00423,0.00365,0.00112,0.00031,0.00014,0.59544,-0.00064,0.14069,0.00083,0.70707,-0.00010,0.70714,1,4,1,1
1765409437.168557,-0.00500,-0.04576,0.04328,-0.00004,0.00007,0.00116,0.59544,-0.00064,0.14069,0.00083,0.70707,-0.00010,0.70714,1,4,1,1
1765409437.170553,0.01096,-0.00740,0.05690,0.00065,0.00148,0.00047,0.59544,-0.00064,0.14069,0.00083,0.70707,-0.00010,0.70714,1,4,1,1
1765409437.172562,-0.02929,0.05365,-0.00486,-0.00102,-0.00049,0.00045,0.59544,-0.00064,0.14069,0.00083,0.70707,-0.00010,0.70714,1,4,1,1
1765409437.174549,-0.00562,0.02345,0.01860,0.00036,0.00002,0.00085,0.59536,-0.00064,0.14069,0.00083,0.70707,-0.00010,0.70714,1,4,1,1
1765409437.176578,0.02014,0.03278,0.04853,0.00004,-0.00005,0.00058,0.59536,-0.00064,0.14069,0.00083,0.70707,-0.00010,0.70714,1,4,1,1
1765409437.178543,0.03214,-0.02405,-0.01099,0.00110,0.00010,0.00026,0.59524,-0.00063,0.14069,0.00083,0.70707,-0.00010,0.70714,1,4,1,1
1765409437.180560,0.02269,0.02494,0.00313,0.00126,0.00069,0.00094,0.59524,-0.00063,0.14069,0.00083,0.70707,-0.00010,0.70714,1,4,1,1
1765409437.182563,-0.01314,0.00871,-0.01167,-0.00004,0.00024,0.00003,0.59524,-0.00063,0.14069,0.00083,0.70707,-0.00010,0.70714,1,4,1,1
1765409437.184580,-0.03421,0.00713,0.00368,0.00016,-0.00014,-0.00007,0.59524,-0.00063,0.14069,0.00083,0.70707,-0.00010,0.70714,1,4,1,1
1765409437.186545,-0.05230,0.02658,-0.01182,0.00061,0.00070,0.00060,0.59524,-0.00063,0.14069,0.00083,0.70707,-0.00010,0.70714,1,4,1,1
1765409437.188595,0.01861,-0.00146,-0.01154,0.00181,0.00025,0.00027,0.59524,-0.00063,0.14069,0.00083,0.70707,-0.00010,0.70714,1,4,1,1
1765409437.190563,0.03732,0.03744,0.01811,-0.00034,-0.00051,0.00081,0.59520,-0.00064,0.14069,0.00083,0.70707,-0.00010,0.70714,1,4,1,1
1765409437.192606,0.02649,-0.00007,0.11766,-0.00188,0.00027,0.00050,0.59520,-0.00064,0.14069,0.00083,0.70707,-0.00010,0.70714,1,4,1,1
1765409437.194610,0.00748,0.00094,0.02691,-0.00013,-0.00024,0.00126,0.59516,-0.00064,0.14070,0.00083,0.70707,-0.00010,0.70714,1,4,1,1
1765409437.196572,-0.00975,0.00126,-0.02675,0.00075,0.00046,0.00002,0.59516,-0.00064,0.14070,0.00083,0.70707,-0.00010,0.70714,1,4,1,1
1765409437.198578,-0.02954,0.04865,0.01048,-0.00086,-0.00035,0.00060,0.59512,-0.00063,0.14070,0.00083,0.70707,-0.00010,0.70714,1,4,1,1
1765409437.200594,0.01245,0.00810,0.01896,-0.00070,-0.00019,0.00084,0.59512,-0.00063,0.14070,0.00083,0.70707,-0.00010,0.70714,1,4,1,1
1765409437.202580,0.02544,-0.03794,0.01986,0.00006,-0.00108,-0.00010,0.59508,-0.00064,0.14070,0.00083,0.70707,-0.00010,0.70714,1,4,1,1
1765409437.204606,0.00724,0.01614,-0.03490,0.00093,-0.00002,-0.00041,0.59508,-0.00064,0.14070,0.00083,0.70707,-0.00010,0.70714,1,4,1,1
1765409437.206600,0.00941,0.03762,-0.02000,0.00185,0.00084,0.00080,0.59508,-0.00064,0.14070,0.00083,0.70707,-0.00010,0.70714,1,4,1,1
1765409437.208657,-0.02282,0.03486,-0.01191,0.00115,-0.00118,0.00058,0.59484,-0.00064,0.14070,0.00083,0.70706,-0.00010,0.70715,1,4,1,1
1765409437.210629,0.00290,-0.04083,0.00453,0.00111,0.00059,-0.00023,0.59484,-0.00064,0.14070,0.00083,0.70706,-0.00010,0.70715,1,4,1,1
1765409437.212602,-0.01305,0.04841,0.00316,-0.00086,-0.00079,0.00138,0.59484,-0.00064,0.14070,0.00083,0.70706,-0.00010,0.70715,1,4,1,1
1765409437.214577,0.01631,0.00639,0.01869,0.00038,-0.00063,-0.00011,0.59484,-0.00064,0.14070,0.00083,0.70706,-0.00010,0.70715,1,4,1,1
1765409437.216652,0.02353,-0.00939,0.01139,0.00106,0.00057,0.00029,0.59484,-0.00064,0.14070,0.00083,0.70706,-0.00010,0.70715,1,4,1,1
1765409437.218637,0.01411,0.02549,0.01822,0.00170,0.00054,0.00056,0.59484,-0.00064,0.14070,0.00083,0.70706,-0.00010,0.70715,1,4,1,1
1765409437.220601,0.01486,-0.00360,0.04189,0.00135,-0.00021,0.00059,0.59484,-0.00064,0.14070,0.00083,0.70706,-0.00010,0.70715,1,4,1,1
1765409437.222595,0.00245,0.03284,0.03349,0.00048,0.00042,0.00099,0.59484,-0.00064,0.14070,0.00083,0.70706,-0.00010,0.70715,1,4,1,1
1765409437.224594,-0.02822,0.05588,-0.02051,0.00184,0.00089,0.00016,0.59484,-0.00064,0.14070,0.00083,0.70706,-0.00010,0.70715,1,4,1,1
1765409437.226596,-0.01485,0.02429,-0.01205,0.00168,-0.00014,0.00003,0.59484,-0.00064,0.14070,0.00083,0.70706,-0.00010,0.70715,1,4,1,1
1765409437.228595,0.01584,-0.00419,0.01132,0.00047,0.00028,0.00016,0.59484,-0.00064,0.14070,0.00083,0.70706,-0.00010,0.70715,1,4,1,1
1765409437.230608,0.02484,0.01432,0.04115,-0.00062,0.00117,0.00044,0.59480,-0.00064,0.14071,0.00083,0.70706,-0.00010,0.70715,1,4,1,1
1765409437.232600,0.02273,-0.00333,-0.05702,0.00222,-0.00056,0.00010,0.59480,-0.00064,0.14071,0.00083,0.70706,-0.00010,0.70715,1,4,1,1
1765409437.234601,-0.00462,0.01926,0.05677,-0.00012,-0.00101,0.00062,0.59480,-0.00064,0.14071,0.00083,0.70706,-0.00010,0.70715,1,4,1,1
1765409437.236615,0.01591,0.05047,-0.00494,0.00004,-0.00064,0.00067,0.59476,-0.00064,0.14071,0.00083,0.70706,-0.00010,0.70715,1,4,1,1
1765409437.238705,0.00746,0.04066,0.01823,-0.00008,-0.00053,0.00097,0.59476,-0.00064,0.14071,0.00083,0.70706,-0.00010,0.70715,1,4,1,1
1765409437.240638,0.03236,0.02484,-0.00458,0.00038,0.00032,0.00052,0.59472,-0.00064,0.14071,0.00083,0.70706,-0.00010,0.70715,1,4,1,1
1765409437.242627,0.03177,0.03370,0.04855,0.00006,0.00134,0.00150,0.59472,-0.00064,0.14071,0.00083,0.70706,-0.00010,0.70715,1,4,1,1
1765409437.244614,0.01159,0.00904,-0.01893,0.00041,-0.00106,0.00081,0.59468,-0.00064,0.14071,0.00083,0.70706,-0.00010,0.70715,1,4,1,1
1765409437.246652,-0.01080,0.01155,-0.00399,0.00153,0.00009,0.00057,0.59464,-0.00064,0.14070,0.00083,0.70706,-0.00010,0.70715,1,4,1,1
1765409437.248639,0.01922,0.01858,0.01873,0.00096,-0.00066,0.00096,0.59464,-0.00064,0.14070,0.00083,0.70706,-0.00010,0.70715,1,4,1,1
1765409437.250641,0.02440,0.04407,0.02557,-0.00069,0.00066,0.00122,0.59464,-0.00064,0.14070,0.00083,0.70706,-0.00010,0.70715,1,4,1,1
1765409437.252610,0.00530,-0.01544,0.04964,-0.00076,-0.00099,-0.00046,0.59464,-0.00064,0.14070,0.00083,0.70706,-0.00010,0.70715,1,4,1,1
1765409437.254647,-0.00625,0.03106,0.03391,-0.00282,-0.00138,0.00087,0.59448,-0.00064,0.14070,0.00083,0.70706,-0.00010,0.70715,1,4,1,1
1765409437.256629,0.00743,0.01024,0.03386,-0.00001,0.00075,0.00058,0.59448,-0.00064,0.14070,0.00083,0.70706,-0.00010,0.70715,1,4,1,1
1765409437.258623,-0.01155,0.01951,0.01137,-0.00143,-0.00169,0.00059,0.59448,-0.00064,0.14070,0.00083,0.70706,-0.00010,0.70715,1,4,1,1
1765409437.260616,0.02055,-0.01559,0.00391,0.00076,-0.00079,-0.00052,0.59448,-0.00064,0.14070,0.00083,0.70706,-0.00010,0.70715,1,4,1,1
1765409437.262625,0.01556,0.05455,0.03269,0.00009,0.00062,0.00056,0.59448,-0.00064,0.14070,0.00083,0.70706,-0.00010,0.70715,1,4,1,1
1765409437.264629,0.03295,0.03518,0.04055,0.00029,-0.00009,-0.00011,0.59448,-0.00064,0.14070,0.00083,0.70706,-0.00010,0.70715,1,4,1,1
1765409437.266637,0.01443,0.00830,0.02637,-0.00201,-0.00073,0.00004,0.59448,-0.00064,0.14070,0.00083,0.70706,-0.00010,0.70715,1,4,1,1
1765409437.268629,-0.01320,-0.03103,0.03460,0.00035,0.00102,-0.00046,0.59444,-0.00064,0.14070,0.00083,0.70707,-0.00010,0.70715,1,4,1,1
1765409437.270634,-0.02328,-0.01790,0.05030,-0.00232,-0.00101,0.00065,0.59444,-0.00064,0.14070,0.00083,0.70707,-0.00010,0.70715,1,4,1,1
1765409437.272644,-0.00155,-0.02322,0.00456,0.00089,-0.00012,0.00072,0.59439,-0.00063,0.14070,0.00083,0.70707,-0.00010,0.70714,1,4,1,1
1765409437.274649,0.01206,0.05303,-0.01249,-0.00037,-0.00085,0.00080,0.59439,-0.00063,0.14070,0.00083,0.70707,-0.00010,0.70714,1,4,1,1
1765409437.276636,0.00557,0.07988,-0.00567,0.00127,0.00022,0.00107,0.59435,-0.00064,0.14070,0.00083,0.70707,-0.00010,0.70714,1,4,1,1
1765409437.278651,0.02411,0.06520,-0.00535,0.00022,-0.00075,0.00066,0.59435,-0.00064,0.14070,0.00083,0.70707,-0.00010,0.70714,1,4,1,1
1765409437.280647,0.01664,-0.03309,-0.00313,0.00033,-0.00060,-0.00025,0.59411,-0.00063,0.14069,0.00083,0.70708,-0.00010,0.70714,1,4,1,1
1765409437.282643,-0.00157,-0.04623,0.09626,-0.00288,-0.00011,0.00040,0.59411,-0.00063,0.14069,0.00083,0.70708,-0.00010,0.70714,1,4,1,1
1765409437.284657,0.00336,-0.00131,0.03419,0.00028,0.00005,0.00032,0.59411,-0.00063,0.14069,0.00083,0.70708,-0.00010,0.70714,1,4,1,1
1765409437.286637,-0.02203,0.04942,-0.01262,0.00067,-0.00083,-0.00024,0.59411,-0.00063,0.14069,0.00083,0.70708,-0.00010,0.70714,1,4,1,1
1765409437.289400,0.01962,0.05755,0.04016,0.00056,0.00006,0.00029,0.59411,-0.00063,0.14069,0.00083,0.70708,-0.00010,0.70714,1,4,1,1
1765409437.290647,0.00967,0.04195,0.05586,0.00125,0.00147,0.00112,0.59411,-0.00063,0.14069,0.00083,0.70708,-0.00010,0.70714,1,4,1,1
1765409437.292655,0.03209,0.05867,0.01768,-0.00030,0.00069,0.00161,0.59411,-0.00063,0.14069,0.00083,0.70708,-0.00010,0.70714,1,4,1,1
1765409437.294640,-0.00609,0.05344,-0.00527,0.00116,-0.00001,0.00002,0.59411,-0.00063,0.14069,0.00083,0.70708,-0.00010,0.70714,1,4,1,1
1765409437.296643,-0.02203,0.02400,0.05617,0.00058,0.00032,-0.00031,0.59411,-0.00063,0.14069,0.00083,0.70708,-0.00010,0.70714,1,4,1,1
1765409437.298631,-0.02764,0.00938,0.04215,-0.00243,-0.00123,0.00091,0.59411,-0.00063,0.14069,0.00083,0.70708,-0.00010,0.70714,1,4,1,1
1765409437.300649,-0.01976,-0.01439,0.08059,-0.00119,-0.00195,0.00040,0.59411,-0.00063,0.14069,0.00083,0.70708,-0.00010,0.70714,1,4,1,1
1765409437.302665,-0.00579,-0.03514,-0.03334,0.00140,-0.00019,0.00002,0.59411,-0.00063,0.14069,0.00083,0.70708,-0.00010,0.70714,1,4,1,1
1765409437.304656,0.05555,0.02378,0.00284,0.00190,0.00144,0.00090,0.59407,-0.00063,0.14069,0.00083,0.70707,-0.00010,0.70714,1,4,1,1
1765409437.306664,0.00335,0.05167,-0.05032,-0.00104,0.00067,0.00159,0.59407,-0.00063,0.14069,0.00083,0.70707,-0.00010,0.70714,1,4,1,1
1765409437.308676,-0.01864,0.02627,-0.00432,0.00083,0.00017,0.00058,0.59403,-0.00063,0.14069,0.00083,0.70708,-0.00010,0.70714,1,4,1,1
1765409437.310664,-0.00845,0.02625,0.00321,-0.00048,-0.00047,0.00017,0.59403,-0.00063,0.14069,0.00083,0.70708,-0.00010,0.70714,1,4,1,1
1765409437.312665,-0.01016,0.00630,0.01138,0.00081,0.00021,0.00072,0.59399,-0.00063,0.14069,0.00083,0.70707,-0.00010,0.70714,1,4,1,1
1765409437.314657,0.01032,0.01756,0.01855,0.00095,0.00098,0.00097,0.59399,-0.00063,0.14069,0.00083,0.70707,-0.00010,0.70714,1,4,1,1
1765409437.316676,0.02693,-0.03663,0.00428,0.00204,0.00106,0.00001,0.59399,-0.00063,0.14069,0.00083,0.70707,-0.00010,0.70714,1,4,1,1
1765409437.318666,0.01478,-0.03361,0.01220,0.00142,0.00032,0.00057,0.59374,-0.00063,0.14068,0.00083,0.70709,-0.00010,0.70712,1,4,1,1
1765409437.320676,0.00846,-0.01312,0.04989,-0.00030,-0.00102,0.00047,0.59374,-0.00063,0.14068,0.00083,0.70709,-0.00010,0.70712,1,4,1,1
1765409437.322651,0.02501,0.01050,0.02616,-0.00023,-0.00010,0.00016,0.59374,-0.00063,0.14068,0.00083,0.70709,-0.00010,0.70712,1,4,1,1
1765409437.324663,-0.01816,0.00216,0.00378,0.00098,-0.00033,0.00005,0.59374,-0.00063,0.14068,0.00083,0.70709,-0.00010,0.70712,1,4,1,1
1765409437.326688,0.00376,0.04231,-0.00464,-0.00094,0.00028,0.00109,0.59374,-0.00063,0.14068,0.00083,0.70709,-0.00010,0.70712,1,4,1,1
1765409437.328655,-0.02113,0.04413,-0.00465,-0.00048,-0.00096,0.00031,0.59374,-0.00063,0.14068,0.00083,0.70709,-0.00010,0.70712,1,4,1,1
1765409437.330680,0.05875,0.04377,0.02516,-0.00070,0.00023,0.00038,0.59374,-0.00063,0.14068,0.00083,0.70709,-0.00010,0.70712,1,4,1,1
1765409437.332705,0.03322,0.03999,0.02572,-0.00052,-0.00059,0.00095,0.59374,-0.00063,0.14068,0.00083,0.70709,-0.00010,0.70712,1,4,1,1
1765409437.334680,0.03540,0.01776,0.01835,0.00161,0.00029,0.00054,0.59374,-0.00063,0.14068,0.00083,0.70709,-0.00010,0.70712,1,4,1,1
1765409437.336694,-0.02332,-0.02471,0.01228,0.00174,-0.00037,0.00061,0.59374,-0.00063,0.14068,0.00083,0.70709,-0.00010,0.70712,1,4,1,1
1765409437.338679,-0.02612,-0.02247,-0.01839,0.00068,-0.00022,-0.00008,0.59374,-0.00063,0.14068,0.00083,0.70709,-0.00010,0.70712,1,4,1,1
1765409437.340713,0.01613,0.01048,0.01167,-0.00066,-0.00047,0.00177,0.59370,-0.00063,0.14068,0.00083,0.70709,-0.00010,0.70712,1,4,1,1
1765409437.342686,0.00070,0.00047,0.01902,-0.00145,0.00034,0.00045,0.59370,-0.00063,0.14068,0.00083,0.70709,-0.00010,0.70712,1,4,1,1
1765409437.344678,0.03260,0.02131,0.01067,0.00099,-0.00109,-0.00013,0.59366,-0.00063,0.14068,0.00083,0.70709,-0.00010,0.70712,1,4,1,1
1765409437.346686,0.02792,0.08169,-0.01348,0.00020,0.00008,0.00078,0.59366,-0.00063,0.14068,0.00083,0.70709,-0.00010,0.70712,1,4,1,1
1765409437.348678,0.00509,0.02789,0.12463,-0.00155,-0.00000,0.00039,0.59362,-0.00063,0.14068,0.00083,0.70709,-0.00010,0.70712,1,4,1,1
1765409437.350675,-0.01281,0.00896,0.01117,-0.00025,-0.00015,0.00005,0.59362,-0.00063,0.14068,0.00083,0.70709,-0.00010,0.70712,1,4,1,1
1765409437.352677,-0.00788,-0.01974,0.04264,-0.00191,0.00085,0.00143,0.59358,-0.00063,0.14068,0.00083,0.70709,-0.00010,0.70712,1,4,1,1
1765409437.354677,-0.02093,0.03403,0.01089,-0.00082,-0.00082,0.00059,0.59358,-0.00063,0.14068,0.00083,0.70709,-0.00010,0.70712,1,4,1,1
1765409437.356699,0.02108,-0.02188,-0.01868,-0.00040,0.00036,0.00000,0.59334,-0.00063,0.14069,0.00083,0.70708,-0.00010,0.70713,1,4,1,1
1765409437.358692,0.02481,0.04443,0.02584,-0.00113,-0.00010,0.00163,0.59334,-0.00063,0.14069,0.00083,0.70708,-0.00010,0.70713,1,4,1,1
1765409437.360684,0.02338,0.01499,-0.00441,0.00092,0.00081,0.00040,0.59334,-0.00063,0.14069,0.00083,0.70708,-0.00010,0.70713,1,4,1,1
1765409437.362685,0.00501,-0.02863,-0.01104,0.00279,0.00119,0.00002,0.59334,-0.00063,0.14069,0.00083,0.70708,-0.00010,0.70713,1,4,1,1
1765409437.364701,-0.01047,0.03392,0.01879,-0.00279,-0.00183,0.00100,0.59334,-0.00063,0.14069,0.00083,0.70708,-0.00010,0.70713,1,4,1,1
1765409437.366725,-0.00878,0.01611,-0.00426,-0.00017,0.00005,0.00003,0.59334,-0.00063,0.14069,0.00083,0.70708,-0.00010,0.70713,1,4,1,1
1765409437.368701,0.02115,0.02792,0.00305,-0.00067,-0.00044,0.00028,0.59334,-0.00063,0.14069,0.00083,0.70708,-0.00010,0.70713,1,4,1,1
1765409437.370692,0.02240,-0.01429,-0.00333,0.00166,0.00048,0.00122,0.59334,-0.00063,0.14069,0.00083,0.70708,-0.00010,0.70713,1,4,1,1
1765409437.372720,0.01712,0.05461,0.02558,-0.00166,-0.00040,0.00137,0.59334,-0.00063,0.14069,0.00083,0.70708,-0.00010,0.70713,1,4,1,1
1765409437.374692,0.01410,0.01563,0.00304,0.00202,0.00079,0.00001,0.59334,-0.00063,0.14069,0.00083,0.70708,-0.00010,0.70713,1,4,1,1
1765409437.376727,-0.00079,0.03072,0.05658,-0.00042,-0.00030,0.00128,0.59334,-0.00063,0.14069,0.00083,0.70708,-0.00010,0.70713,1,4,1,1
1765409437.378691,0.01949,0.00808,-0.04191,0.00062,-0.00001,0.00078,0.59334,-0.00063,0.14069,0.00083,0.70708,-0.00010,0.70713,1,4,1,1
1765409437.380694,-0.00093,0.02615,0.01849,0.00018,-0.00042,0.00058,0.59330,-0.00063,0.14069,0.00083,0.70708,-0.00010,0.70713,1,4,1,1
1765409437.382731,0.02002,0.01318,-0.00406,0.00024,-0.00028,0.00068,0.59330,-0.00063,0.14069,0.00083,0.70708,-0.00010,0.70713,1,4,1,1
1765409437.384721,0.02034,0.01839,-0.00418,0.00009,-0.00067,0.00054,0.59326,-0.00063,0.14069,0.00083,0.70708,-0.00010,0.70713,1,4,1,1
1765409437.386714,0.00617,-0.00176,0.02692,-0.00256,-0.00061,0.00073,0.59326,-0.00063,0.14069,0.00083,0.70708,-0.00010,0.70713,1,4,1,1
1765409437.388714,-0.00940,0.01636,0.01110,0.00028,-0.00019,0.00045,0.59322,-0.00063,0.14069,0.00083,0.70708,-0.00010,0.70713,1,4,1,1
1765409437.390730,0.00032,0.04527,-0.01968,-0.00156,-0.00057,0.00122,0.59322,-0.00063,0.14069,0.00083,0.70708,-0.00010,0.70713,1,4,1,1
1765409437.392723,0.02855,-0.00157,-0.00386,0.00050,-0.00038,0.00027,0.59318,-0.00063,0.14069,0.00083,0.70708,-0.00010,0.70713,1,4,1,1
1765409437.394720,0.03700,0.02729,0.04119,-0.00024,-0.00012,0.00110,0.59314,-0.00063,0.14069,0.00083,0.70708,-0.00010,0.70713,1,4,1,1
1765409437.396741,0.02357,0.03465,0.00280,0.00050,0.00067,0.00067,0.59314,-0.00063,0.14069,0.00083,0.70708,-0.00010,0.70713,1,4,1,1
1765409437.398735,-0.00490,0.01438,0.02602,0.00069,-0.00051,-0.00048,0.59298,-0.00063,0.14070,0.00083,0.70707,-0.00010,0.70714,1,4,1,1
1765409437.400740,0.01552,0.02524,0.01847,0.00017,0.00014,0.00096,0.59298,-0.00063,0.14070,0.00083,0.70707,-0.00010,0.70714,1,4,1,1
1765409437.402740,0.02057,0.01760,-0.01929,-0.00058,-0.00003,0.00093,0.59298,-0.00063,0.14070,0.00083,0.70707,-0.00010,0.70714,1,4,1,1
1765409437.404776,0.01934,0.01149,0.01134,-0.00240,-0.00206,0.00016,0.59298,-0.00063,0.14070,0.00083,0.70707,-0.00010,0.70714,1,4,1,1
1765409437.406727,0.02354,0.01542,0.02604,0.00092,0.00030,0.00043,0.59298,-0.00063,0.14070,0.00083,0.70707,-0.00010,0.70714,1,4,1,1
1765409437.408727,-0.00131,0.03046,0.01130,-0.00042,-0.00027,0.00205,0.59298,-0.00063,0.14070,0.00083,0.70707,-0.00010,0.70714,1,4,1,1
1765409437.410725,0.01971,-0.03583,-0.01068,0.00117,-0.00012,0.00001,0.59298,-0.00063,0.14070,0.00083,0.70707,-0.00010,0.70714,1,4,1,1
1765409437.412749,-0.00003,0.03654,-0.01971,-0.00035,-0.00133,0.00028,0.59298,-0.00063,0.14070,0.00083,0.70707,-0.00010,0.70714,1,4,1,1
1765409437.414749,0.01589,0.02980,-0.01194,-0.00043,0.00027,0.00121,0.59298,-0.00063,0.14070,0.00083,0.70707,-0.00010,0.70714,1,4,1,1
1765409437.416784,0.01657,0.03001,0.03299,-0.00021,0.00061,-0.00037,0.59293,-0.00063,0.14070,0.00083,0.70707,-0.00010,0.70714,1,4,1,1
1765409437.418735,0.01543,-0.00953,0.01123,0.00084,0.00105,-0.00011,0.59293,-0.00063,0.14070,0.00083,0.70707,-0.00010,0.70714,1,4,1,1
1765409437.420764,0.01175,0.00827,0.02635,0.00018,0.00007,0.00044,0.59289,-0.00063,0.14070,0.00083,0.70707,-0.00010,0.70714,1,4,1,1
1765409437.422739,-0.02118,0.02403,0.00362,-0.00072,-0.00068,0.00086,0.59289,-0.00063,0.14070,0.00083,0.70707,-0.00010,0.70714,1,4,1,1
1765409437.424747,0.01631,-0.02830,0.01942,0.00061,-0.00022,-0.00036,0.59286,-0.00063,0.14070,0.00083,0.70707,-0.00010,0.70715,1,4,1,1
1765409437.426733,0.02409,0.03473,0.01804,0.00007,0.00041,0.00068,0.59286,-0.00063,0.14070,0.00083,0.70707,-0.00010,0.70715,1,4,1,1
1765409437.428751,0.03186,0.03473,0.03317,0.00072,0.00044,0.00069,0.59281,-0.00063,0.14070,0.00083,0.70707,-0.00010,0.70715,1,4,1,1
1765409437.430747,0.00249,0.04428,-0.00479,0.00127,-0.00124,0.00028,0.59281,-0.00063,0.14070,0.00083,0.70707,-0.00010,0.70715,1,4,1,1
1765409437.432769,0.02015,0.02359,-0.00452,0.00058,-0.00068,0.00000,0.59278,-0.00063,0.14071,0.00083,0.70706,-0.00010,0.70716,1,4,1,1
1765409437.434760,0.01970,0.01781,-0.01155,0.00008,-0.00014,0.00134,0.59274,-0.00063,0.14071,0.00083,0.70706,-0.00010,0.70716,1,4,1,1
1765409437.436765,-0.01321,0.01963,-0.01152,0.00010,-0.00128,0.00057,0.59274,-0.00063,0.14071,0.00083,0.70706,-0.00010,0.70716,1,4,1,1
1765409437.438761,0.00406,-0.01139,0.01939,-0.00050,-0.00007,0.00059,0.59274,-0.00063,0.14071,0.00083,0.70706,-0.00010,0.70716,1,4,1,1
1765409437.440770,0.04184,0.00059,0.03427,-0.00035,-0.00079,0.00083,0.59262,-0.00063,0.14072,0.00083,0.70705,-0.00010,0.70717,1,4,1,1
1765409437.442778,0.02875,-0.01665,0.01185,0.00010,-0.00024,0.00069,0.59262,-0.00063,0.14072,0.00083,0.70705,-0.00010,0.70717,1,4,1,1
1765409437.444760,-0.00516,0.02907,-0.00441,0.00043,-0.00076,0.00030,0.59262,-0.00063,0.14072,0.00083,0.70705,-0.00010,0.70717,1,4,1,1
1765409437.446770,-0.02104,0.04797,-0.00482,-0.00109,0.00018,0.00057,0.59262,-0.00063,0.14072,0.00083,0.70705,-0.00010,0.70717,1,4,1,1
1765409437.448757,-0.00167,0.04030,-0.00465,0.00035,0.00034,0.00096,0.59262,-0.00063,0.14072,0.00083,0.70705,-0.00010,0.70717,1,4,1,1
1765409437.450773,-0.01005,-0.02303,-0.03374,0.00133,0.00023,-0.00012,0.59262,-0.00063,0.14072,0.00083,0.70705,-0.00010,0.70717,1,4,1,1
1765409437.452760,0.01574,0.02088,0.01099,0.00033,-0.00049,0.00069,0.59258,-0.00063,0.14073,0.00083,0.70704,-0.00010,0.70717,1,4,1,1
1765409437.454766,0.00559,0.11422,0.00060,0.00146,0.00081,0.00012,0.59258,-0.00063,0.14073,0.00083,0.70704,-0.00010,0.70717,1,4,1,1
1765409437.456752,0.01972,0.04856,0.03290,0.00089,-0.00095,0.00016,0.59258,-0.00063,0.14073,0.00083,0.70704,-0.00010,0.70717,1,4,1,1
1765409437.458772,-0.00240,-0.00134,0.03476,-0.00256,-0.00101,0.00115,0.59254,-0.00063,0.14073,0.00083,0.70704,-0.00010,0.70717,1,4,1,1
1765409437.460757,0.00706,-0.07253,0.00569,0.00117,-0.00019,0.00045,0.59250,-0.00063,0.14073,0.00083,0.70704,-0.00010,0.70717,1,4,1,1
1765409437.462788,-0.00114,-0.02817,-0.01856,0.00105,0.00024,-0.00038,0.59250,-0.00063,0.14073,0.00083,0.70704,-0.00010,0.70717,1,4,1,1
1765409437.464761,0.02838,0.03188,-0.00443,-0.00040,0.00037,0.00134,0.59246,-0.00063,0.14073,0.00083,0.70704,-0.00010,0.70717,1,4,1,1
1765409437.466784,-0.02603,0.02106,0.00332,-0.00011,0.00051,0.00032,0.59246,-0.00063,0.14073,0.00083,0.70704,-0.00010,0.70717,1,4,1,1
1765409437.468793,0.00322,0.03380,-0.00482,0.00071,-0.00049,-0.00025,0.59242,-0.00063,0.14073,0.00083,0.70704,-0.00010,0.70717,1,4,1,1
1765409437.470807,0.01281,0.02764,0.01080,-0.00111,-0.00008,0.00069,0.59238,-0.00063,0.14073,0.00083,0.70704,-0.00010,0.70717,1,4,1,1
1765409437.473152,0.01645,0.01585,0.04159,-0.00038,-0.00062,0.00085,0.59226,-0.00063,0.14074,0.00083,0.70703,-0.00010,0.70718,1,4,1,1
1765409437.474795,0.02354,-0.01356,-0.01904,0.00166,-0.00007,-0.00041,0.59226,-0.00063,0.14074,0.00083,0.70703,-0.00010,0.70718,1,4,1,1
1765409437.476779,0.00832,0.01077,-0.01951,-0.00023,0.00010,-0.00026,0.59226,-0.00063,0.14074,0.00083,0.70703,-0.00010,0.70718,1,4,1,1
1765409437.478857,0.01598,0.04066,-0.03493,-0.00008,-0.00088,0.00092,0.59226,-0.00063,0.14074,0.00083,0.70703,-0.00010,0.70718,1,4,1,1
1765409437.480772,0.00360,0.03336,-0.00450,-0.00017,-0.00048,0.00055,0.59226,-0.00063,0.14074,0.00083,0.70703,-0.00010,0.70718,1,4,1,1
1765409437.482778,0.00207,0.02410,-0.01988,0.00190,-0.00022,-0.00040,0.59226,-0.00063,0.14074,0.00083,0.70703,-0.00010,0.70718,1,4,1,1
1765409437.484803,0.00589,0.02722,0.05661,-0.00287,0.00001,0.00114,0.59226,-0.00063,0.14074,0.00083,0.70703,-0.00010,0.70718,1,4,1,1
1765409437.486796,-0.02784,-0.01520,0.02734,-0.00186,-0.00096,0.00036,0.59226,-0.00063,0.14074,0.00083,0.70703,-0.00010,0.70718,1,4,1,1
1765409437.488784,0.01108,-0.01690,0.02660,0.00097,0.00123,-0.00009,0.59222,-0.00063,0.14074,0.00083,0.70703,-0.00010,0.70719,1,4,1,1
1765409437.490798,0.02867,0.00293,-0.01134,-0.00010,-0.00025,0.00094,0.59222,-0.00063,0.14074,0.00083,0.70703,-0.00010,0.70719,1,4,1,1
1765409437.492794,-0.00564,-0.01982,0.00435,0.00137,-0.00085,0.00005,0.59218,-0.00063,0.14074,0.00083,0.70703,-0.00010,0.70719,1,4,1,1
1765409437.494805,-0.00215,0.03606,0.00302,0.00117,-0.00016,0.00070,0.59218,-0.00063,0.14074,0.00083,0.70703,-0.00010,0.70719,1,4,1,1
1765409437.496806,0.01089,0.07252,0.03980,0.00074,0.00015,0.00030,0.59218,-0.00063,0.14074,0.00083,0.70703,-0.00010,0.70719,1,4,1,1
1765409437.498806,0.03743,0.03211,0.01824,-0.00062,-0.00012,0.00094,0.59214,-0.00063,0.14074,0.00083,0.70702,-0.00010,0.70719,1,4,1,1
1765409437.500798,0.02428,-0.00372,0.04935,0.00069,-0.00046,0.00018,0.59214,-0.00063,0.14074,0.00083,0.70702,-0.00010,0.70719,1,4,1,1
1765409437.502807,0.01123,0.01308,-0.00409,0.00046,0.00020,0.00068,0.59210,-0.00063,0.14075,0.00083,0.70701,-0.00010,0.70720,1,4,1,1
1765409437.504805,-0.01707,0.01175,0.07197,-0.00022,-0.00036,0.00024,0.59210,-0.00063,0.14075,0.00083,0.70701,-0.00010,0.70720,1,4,1,1
1765409437.506907,0.01163,0.05188,-0.01270,-0.00038,0.00068,0.00080,0.59206,-0.00063,0.14075,0.00083,0.70701,-0.00010,0.70720,1,4,1,1
1765409437.508802,0.00580,0.03274,0.13986,-0.00236,-0.00027,0.00067,0.59206,-0.00063,0.14075,0.00083,0.70701,-0.00010,0.70720,1,4,1,1
1765409437.510794,-0.00912,-0.02250,-0.00321,0.00068,-0.00068,-0.00009,0.59202,-0.00063,0.14075,0.00083,0.70701,-0.00010,0.70720,1,4,1,1
1765409437.512789,-0.00142,-0.02770,-0.00314,0.00127,-0.00038,0.00004,0.59190,-0.00063,0.14075,0.00083,0.70701,-0.00010,0.70720,1,4,1,1
1765409437.514791,-0.00423,0.06790,0.01000,-0.00106,-0.00067,0.00084,0.59190,-0.00063,0.14075,0.00083,0.70701,-0.00010,0.70720,1,4,1,1
1765409437.516818,-0.00108,0.04074,0.03307,0.00035,0.00006,0.00018,0.59190,-0.00063,0.14075,0.00083,0.70701,-0.00010,0.70720,1,4,1,1
1765409437.518819,-0.00998,0.05073,0.01046,0.00026,-0.00020,0.00111,0.59190,-0.00063,0.14075,0.00083,0.70701,-0.00010,0.70720,1,4,1,1
1765409437.520811,0.03303,-0.01447,-0.01857,-0.00009,-0.00016,0.00080,0.59190,-0.00063,0.14075,0.00083,0.70701,-0.00010,0.70720,1,4,1,1
1765409437.522861,0.00880,-0.01339,-0.00364,-0.00030,-0.00052,-0.00038,0.59190,-0.00063,0.14075,0.00083,0.70701,-0.00010,0.70720,1,4,1,1
1765409437.524824,0.01191,0.01351,0.02658,-0.00019,-0.00069,0.00112,0.59190,-0.00063,0.14075,0.00083,0.70701,-0.00010,0.70720,1,4,1,1
1765409437.526853,-0.02641,0.05113,-0.01257,0.00026,-0.00001,0.00030,0.59186,-0.00063,0.14075,0.00083,0.70701,-0.00010,0.70720,1,4,1,1
1765409437.528852,-0.00733,0.02408,-0.03459,0.00212,-0.00021,0.00081,0.59186,-0.00063,0.14075,0.00083,0.70701,-0.00010,0.70720,1,4,1,1
1765409437.530844,0.02438,0.02059,0.00335,0.00011,-0.00047,0.00068,0.59182,-0.00063,0.14075,0.00083,0.70702,-0.00010,0.70719,1,4,1,1
1765409437.532856,0.02519,0.00523,-0.01908,-0.00073,-0.00008,0.00066,0.59182,-0.00063,0.14075,0.00083,0.70702,-0.00010,0.70719,1,4,1,1
1765409437.534844,-0.00179,-0.01868,0.01152,0.00138,0.00088,-0.00023,0.59178,-0.00063,0.14074,0.00083,0.70703,-0.00010,0.70719,1,4,1,1
1765409437.536819,0.01945,-0.02669,0.03474,0.00085,0.00064,0.00058,0.59178,-0.00063,0.14074,0.00083,0.70703,-0.00010,0.70719,1,4,1,1
1765409437.538849,-0.02653,-0.01882,-0.01826,0.00007,0.00094,0.00099,0.59174,-0.00063,0.14074,0.00083,0.70703,-0.00010,0.70718,1,4,1,1
1765409437.540844,0.00734,-0.00354,0.00383,0.00069,-0.00025,0.00016,0.59174,-0.00063,0.14074,0.00083,0.70703,-0.00010,0.70718,1,4,1,1
1765409437.542839,0.02958,0.05174,-0.02785,-0.00126,-0.00004,0.00077,0.59170,-0.00063,0.14073,0.00083,0.70703,-0.00010,0.70718,1,4,1,1
1765409437.544839,0.03243,0.04901,0.03312,-0.00041,0.00044,0.00149,0.59154,-0.00063,0.14073,0.00083,0.70704,-0.00010,0.70718,1,4,1,1
1765409437.546839,0.01054,0.01813,0.01865,0.00096,0.00021,0.00097,0.59154,-0.00063,0.14073,0.00083,0.70704,-0.00010,0.70718,1,4,1,1
1765409437.548844,0.00281,-0.04058,0.02011,0.00090,-0.00004,0.00059,0.59154,-0.00063,0.14073,0.00083,0.70704,-0.00010,0.70718,1,4,1,1
1765409437.550860,0.01633,0.01119,0.01902,-0.00022,-0.00099,0.00097,0.59154,-0.00063,0.14073,0.00083,0.70704,-0.00010,0.70718,1,4,1,1
1765409437.552848,0.03183,0.01542,0.04139,0.00093,-0.00005,0.00083,0.59154,-0.00063,0.14073,0.00083,0.70704,-0.00010,0.70718,1,4,1,1
1765409437.554838,0.04183,0.03904,0.02540,-0.00075,0.00044,0.00054,0.59154,-0.00063,0.14073,0.00083,0.70704,-0.00010,0.70718,1,4,1,1
1765409437.556849,0.03560,0.04597,0.01776,0.00042,0.00141,0.00134,0.59154,-0.00063,0.14073,0.00083,0.70704,-0.00010,0.70718,1,4,1,1
1765409437.558844,0.01160,0.04738,-0.01227,-0.00044,-0.00007,0.00134,0.59154,-0.00063,0.14073,0.00083,0.70704,-0.00010,0.70718,1,4,1,1
1765409437.560850,-0.01473,-0.03425,-0.00303,0.00228,-0.00060,-0.00035,0.59154,-0.00063,0.14073,0.00083,0.70704,-0.00010,0.70718,1,4,1,1
1765409437.562838,-0.00383,0.03868,0.01807,-0.00076,-0.00079,0.00004,0.59150,-0.00063,0.14073,0.00083,0.70704,-0.00010,0.70717,1,4,1,1
1765409437.564836,0.01656,0.02048,0.04136,-0.00054,-0.00025,0.00072,0.59150,-0.00063,0.14073,0.00083,0.70704,-0.00010,0.70717,1,4,1,1
1765409437.566859,-0.00194,0.03533,-0.01986,0.00073,0.00060,0.00068,0.59146,-0.00063,0.14073,0.00083,0.70704,-0.00010,0.70718,1,4,1,1
1765409437.568885,0.01591,0.01088,0.01099,0.00043,-0.00011,0.00016,0.59146,-0.00063,0.14073,0.00083,0.70704,-0.00010,0.70718,1,4,1,1
1765409437.570880,0.01139,0.01844,0.03395,0.00030,-0.00044,0.00098,0.59142,-0.00063,0.14073,0.00083,0.70704,-0.00010,0.70718,1,4,1,1
1765409437.572844,0.01218,0.01938,0.02620,0.00031,-0.00147,0.00017,0.59142,-0.00063,0.14073,0.00083,0.70704,-0.00010,0.70718,1,4,1,1
1765409437.574845,0.00715,0.00660,0.01108,0.00103,-0.00039,-0.00010,0.59138,-0.00063,0.14073,0.00083,0.70704,-0.00010,0.70718,1,4,1,1
1765409437.576853,0.02336,0.00562,0.03400,0.00102,0.00019,0.00070,0.59138,-0.00063,0.14073,0.00083,0.70704,-0.00010,0.70718,1,4,1,1
1765409437.578884,-0.00046,0.01065,0.01101,-0.00023,0.00046,0.00017,0.59117,-0.00063,0.14072,0.00083,0.70705,-0.00010,0.70716,1,4,1,1
1765409437.580868,0.02937,0.04271,0.04821,-0.00049,-0.00056,0.00030,0.59117,-0.00063,0.14072,0.00083,0.70705,-0.00010,0.70716,1,4,1,1
1765409437.582883,0.00692,0.02562,-0.04982,0.00039,-0.00013,0.00092,0.59117,-0.00063,0.14072,0.00083,0.70705,-0.00010,0.70716,1,4,1,1
1765409437.585035,0.01561,0.02618,-0.01193,0.00062,-0.00088,0.00054,0.59117,-0.00063,0.14072,0.00083,0.70705,-0.00010,0.70716,1,4,1,1
1765409437.586919,-0.01319,0.01923,0.00324,0.00031,-0.00041,-0.00023,0.59117,-0.00063,0.14072,0.00083,0.70705,-0.00010,0.70716,1,4,1,1
1765409437.588867,0.01048,0.00802,0.04936,0.00083,0.00048,0.00127,0.59117,-0.00063,0.14072,0.00083,0.70705,-0.00010,0.70716,1,4,1,1
1765409437.590873,0.03226,-0.00955,0.00397,0.00062,0.00022,0.00068,0.59117,-0.00063,0.14072,0.00083,0.70705,-0.00010,0.70716,1,4,1,1
1765409437.592866,-0.00062,-0.00331,-0.01146,0.00047,-0.00029,-0.00024,0.59117,-0.00063,0.14072,0.00083,0.70705,-0.00010,0.70716,1,4,1,1
1765409437.594874,0.04726,0.01244,-0.00388,-0.00173,-0.00098,0.00106,0.59117,-0.00063,0.14072,0.00083,0.70705,-0.00010,0.70716,1,4,1,1
1765409437.596862,0.02016,0.01355,-0.01918,0.00024,-0.00079,0.00067,0.59117,-0.00063,0.14072,0.00083,0.70705,-0.00010,0.70716,1,4,1,1
1765409437.598863,-0.01444,-0.01498,-0.01865,0.00164,-0.00036,-0.00010,0.59113,-0.00063,0.14072,0.00083,0.70705,-0.00010,0.70716,1,4,1,1
1765409437.600889,0.00252,0.00331,0.02648,0.00077,0.00057,0.00058,0.59113,-0.00063,0.14072,0.00083,0.70705,-0.00010,0.70716,1,4,1,1
1765409437.602862,0.02339,0.08941,0.03952,0.00051,-0.00001,0.00082,0.59109,-0.00063,0.14072,0.00083,0.70705,-0.00010,0.70716,1,4,1,1
1765409437.604915,0.02099,0.07716,-0.00588,-0.00073,-0.00035,0.00012,0.59109,-0.00063,0.14072,0.00083,0.70705,-0.00010,0.70716,1,4,1,1
1765409437.606960,0.04111,0.03457,0.02596,-0.00037,-0.00029,0.00148,0.59105,-0.00063,0.14072,0.00083,0.70705,-0.00010,0.70716,1,4,1,1
1765409437.608968,0.02535,-0.00929,0.01191,-0.00090,-0.00058,0.00110,0.59105,-0.00063,0.14072,0.00083,0.70705,-0.00010,0.70716,1,4,1,1
1765409437.610950,0.00722,-0.05280,-0.02542,0.00119,-0.00009,-0.00012,0.59101,-0.00063,0.14072,0.00083,0.70705,-0.00010,0.70716,1,4,1,1
1765409437.612911,-0.00819,-0.04267,0.05087,-0.00066,-0.00079,0.00090,0.59085,-0.00063,0.14071,0.00083,0.70706,-0.00010,0.70715,1,4,1,1
1765409437.614887,0.01588,0.00516,0.00345,0.00014,0.00078,0.00028,0.59085,-0.00063,0.14071,0.00083,0.70706,-0.00010,0.70715,1,4,1,1
1765409437.616895,-0.01337,0.03936,0.03293,0.00077,-0.00056,-0.00075,0.59085,-0.00063,0.14071,0.00083,0.70706,-0.00010,0.70715,1,4,1,1
1765409437.618888,-0.01078,0.07706,0.04800,-0.00336,-0.00046,0.00141,0.59085,-0.00063,0.14071,0.00083,0.70706,-0.00010,0.70715,1,4,1,1
1765409437.620903,0.02826,0.05717,0.01751,0.00012,-0.00004,0.00067,0.59085,-0.00063,0.14071,0.00083,0.70706,-0.00010,0.70715,1,4,1,1
1765409437.622883,0.02412,0.00585,0.04133,0.00081,0.00004,-0.00010,0.59085,-0.00063,0.14071,0.00083,0.70706,-0.00010,0.70715,1,4,1,1
1765409437.624902,0.02816,0.01777,0.00344,0.00030,-0.00013,0.00094,0.59085,-0.00063,0.14071,0.00083,0.70706,-0.00010,0.70715,1,4,1,1
1765409437.626917,-0.01288,-0.01611,-0.01093,-0.00034,0.00026,0.00031,0.59085,-0.00063,0.14071,0.00083,0.70706,-0.00010,0.70715,1,4,1,1
1765409437.628907,-0.00128,0.03085,-0.02733,0.00045,-0.00004,0.00041,0.59085,-0.00063,0.14071,0.00083,0.70706,-0.00010,0.70715,1,4,1,1
1765409437.630903,0.02013,0.02275,0.00331,-0.00008,-0.00004,0.00082,0.59081,-0.00063,0.14071,0.00083,0.70706,-0.00010,0.70716,1,4,1,1
1765409437.632924,-0.01294,-0.02976,0.05019,0.00037,-0.00075,-0.00004,0.59081,-0.00063,0.14071,0.00083,0.70706,-0.00010,0.70716,1,4,1,1
1765409437.634902,0.02086,-0.00625,0.01144,0.00000,-0.00054,0.00002,0.59076,-0.00063,0.14071,0.00083,0.70706,-0.00010,0.70715,1,4,1,1
1765409437.636919,0.02875,0.05137,-0.00482,-0.00104,0.00036,0.00160,0.59076,-0.00063,0.14071,0.00083,0.70706,-0.00010,0.70715,1,4,1,1
1765409437.638903,0.02091,0.07123,0.02470,-0.00124,0.00067,0.00068,0.59072,-0.00063,0.14071,0.00083,0.70706,-0.00010,0.70716,1,4,1,1
1765409437.640909,-0.01823,-0.01790,0.00428,0.00095,0.00007,0.00019,0.59072,-0.00063,0.14071,0.00083,0.70706,-0.00010,0.70716,1,4,1,1
1765409437.642917,0.00864,-0.01830,0.01968,-0.00058,-0.00088,0.00059,0.59068,-0.00063,0.14071,0.00083,0.70705,-0.00010,0.70716,1,4,1,1
1765409437.644926,0.01150,0.00320,0.02667,0.00012,0.00008,0.00098,0.59068,-0.00063,0.14071,0.00083,0.70705,-0.00010,0.70716,1,4,1,1
1765409437.646917,0.02070,0.03308,-0.00491,0.00004,-0.00032,-0.00027,0.59064,-0.00063,0.14071,0.00083,0.70706,-0.00010,0.70716,1,4,1,1
1765409437.648919,0.00188,0.02835,0.00314,0.00130,0.00018,0.00069,0.59060,-0.00063,0.14071,0.00083,0.70706,-0.00010,0.70716,1,4,1,1
1765409437.650915,0.04088,0.04396,0.02550,-0.00026,0.00046,0.00121,0.59043,-0.00063,0.14071,0.00083,0.70705,-0.00010,0.70716,1,4,1,1
1765409437.652911,0.00264,0.00859,-0.03440,0.00084,0.00006,0.00040,0.59043,-0.00063,0.14071,0.00083,0.70705,-0.00010,0.70716,1,4,1,1
1765409437.654926,-0.00694,-0.04966,-0.01818,0.00297,0.00032,-0.00077,0.59043,-0.00063,0.14071,0.00083,0.70705,-0.00010,0.70716,1,4,1,1
1765409437.656924,0.00355,0.00827,0.00396,-0.00047,-0.00020,0.00124,0.59043,-0.00063,0.14071,0.00083,0.70705,-0.00010,0.70716,1,4,1,1
1765409437.658954,0.00790,0.04042,-0.01956,-0.00074,-0.00065,0.00135,0.59043,-0.00063,0.14071,0.00083,0.70705,-0.00010,0.70716,1,4,1,1
1765409437.660940,0.01021,0.02525,0.04909,-0.00267,-0.00068,0.00100,0.59043,-0.00063,0.14071,0.00083,0.70705,-0.00010,0.70716,1,4,1,1
1765409437.662940,0.01994,-0.00184,-0.01150,0.00049,0.00023,0.00027,0.59043,-0.00063,0.14071,0.00083,0.70705,-0.00010,0.70716,1,4,1,1
1765409437.664927,0.05077,0.01464,0.00343,-0.00105,-0.00040,0.00079,0.59043,-0.00063,0.14071,0.00083,0.70705,-0.00010,0.70716,1,4,1,1
1765409437.666939,-0.00846,0.00642,-0.01161,-0.00028,-0.00020,-0.00010,0.59043,-0.00063,0.14071,0.00083,0.70705,-0.00010,0.70716,1,4,1,1
1765409437.668949,-0.00229,0.01085,0.01127,0.00108,0.00050,0.00098,0.59043,-0.00063,0.14071,0.00083,0.70705,-0.00010,0.70716,1,4,1,1
1765409437.670947,-0.02995,-0.00009,-0.01111,0.00007,-0.00069,0.00032,0.59040,-0.00063,0.14072,0.00083,0.70705,-0.00010,0.70716,1,4,1,1
1765409437.672923,0.00716,0.00045,0.04887,0.00074,0.00126,-0.00035,0.59040,-0.00063,0.14072,0.00083,0.70705,-0.00010,0.70716,1,4,1,1
1765409437.674926,0.02916,0.04197,0.01807,-0.00094,-0.00003,0.00108,0.59036,-0.00063,0.14072,0.00083,0.70705,-0.00010,0.70716,1,4,1,1
1765409437.676924,0.04119,0.03429,-0.01241,-0.00016,0.00033,0.00064,0.59036,-0.00063,0.14072,0.00083,0.70705,-0.00010,0.70716,1,4,1,1
1765409437.678941,0.03314,0.03496,0.04071,-0.00015,-0.00009,0.00029,0.59032,-0.00063,0.14072,0.00083,0.70705,-0.00010,0.70716,1,4,1,1
1765409437.680954,-0.00888,0.01135,-0.01129,-0.00044,-0.00056,0.00097,0.59032,-0.00063,0.14072,0.00083,0.70705,-0.00010,0.70716,1,4,1,1
1765409437.682935,-0.00455,0.01941,0.02642,-0.00012,-0.00126,0.00059,0.59028,-0.00063,0.14072,0.00083,0.70705,-0.00010,0.70716,1,4,1,1
1765409437.684954,-0.01475,0.02947,0.03355,0.00153,-0.00052,0.00033,0.59028,-0.00063,0.14072,0.00083,0.70705,-0.00010,0.70716,1,4,1,1
1765409437.686991,0.02779,0.06157,0.03239,0.00039,0.00085,0.00055,0.59024,-0.00063,0.14072,0.00083,0.70705,-0.00010,0.70716,1,4,1,1
1765409437.688968,0.03628,0.02241,0.00318,0.00057,0.00015,0.00080,0.59024,-0.00063,0.14072,0.00083,0.70705,-0.00010,0.70716,1,4,1,1
1765409437.690963,0.02278,-0.00383,-0.02672,0.00200,0.00007,0.00012,0.59008,-0.00063,0.14071,0.00083,0.70706,-0.00010,0.70715,1,4,1,1
1765409437.692979,-0.00181,0.00653,0.01140,0.00103,-0.00027,0.00071,0.59008,-0.00063,0.14071,0.00083,0.70706,-0.00010,0.70715,1,4,1,1
1765409437.695014,-0.02565,0.03688,0.02610,-0.00035,-0.00102,0.00074,0.59004,-0.00063,0.14071,0.00083,0.70706,-0.00010,0.70716,1,4,1,1
1765409437.696968,0.00342,0.01373,0.01107,0.00025,-0.00034,0.00030,0.59004,-0.00063,0.14071,0.00083,0.70706,-0.00010,0.70716,1,4,1,1
1765409437.698981,0.03691,0.02211,-0.00442,-0.00009,0.00027,0.00079,0.59004,-0.00063,0.14071,0.00083,0.70706,-0.00010,0.70716,1,4,1,1
1765409437.700964,0.01942,-0.00189,-0.00395,0.00093,0.00049,0.00028,0.59004,-0.00063,0.14071,0.00083,0.70706,-0.00010,0.70716,1,4,1,1
1765409437.702972,0.02573,-0.01870,-0.01854,-0.00058,-0.00084,0.00014,0.59004,-0.00063,0.14071,0.00083,0.70706,-0.00010,0.70716,1,4,1,1
1765409437.704970,0.00348,0.00447,0.02691,0.00013,-0.00134,0.00099,0.59004,-0.00063,0.14071,0.00083,0.70706,-0.00010,0.70716,1,4,1,1
1765409437.706985,-0.03388,0.01723,-0.01163,-0.00015,-0.00066,0.00005,0.59004,-0.00063,0.14071,0.00083,0.70706,-0.00010,0.70716,1,4,1,1
1765409437.708962,-0.00745,-0.01263,0.04211,-0.00073,-0.00109,-0.00032,0.59004,-0.00063,0.14071,0.00083,0.70706,-0.00010,0.70716,1,4,1,1
1765409437.710951,0.01125,-0.00600,-0.01120,0.00088,-0.00042,0.00042,0.58999,-0.00063,0.14071,0.00083,0.70706,-0.00010,0.70715,1,4,1,1
1765409437.712976,0.04907,0.00553,0.02621,0.00102,-0.00038,0.00027,0.58999,-0.00063,0.14071,0.00083,0.70706,-0.00010,0.70715,1,4,1,1
1765409437.714982,0.00699,0.00617,-0.01937,0.00103,0.00012,-0.00013,0.58995,-0.00063,0.14071,0.00083,0.70706,-0.00010,0.70715,1,4,1,1
1765409437.716974,-0.00885,0.03194,-0.01931,-0.00019,-0.00160,0.00083,0.58995,-0.00063,0.14071,0.00083,0.70706,-0.00010,0.70715,1,4,1,1
1765409437.718968,0.01196,0.04342,-0.01209,-0.00027,-0.00122,0.00108,0.58991,-0.00063,0.14071,0.00083,0.70706,-0.00010,0.70715,1,4,1,1
1765409437.720978,0.00790,0.03062,0.01083,-0.00042,-0.00040,0.00083,0.58991,-0.00063,0.14071,0.00083,0.70706,-0.00010,0.70715,1,4,1,1
1765409437.722975,0.04898,0.00949,0.04142,0.00042,0.00051,0.00095,0.58987,-0.00063,0.14071,0.00083,0.70706,-0.00010,0.70715,1,4,1,1
1765409437.724962,0.05002,0.05003,0.00257,-0.00018,-0.00118,0.00065,0.58987,-0.00063,0.14071,0.00083,0.70706,-0.00010,0.70715,1,4,1,1
1765409437.727029,0.04045,0.02522,0.04065,0.00126,0.00020,-0.00026,0.58987,-0.00063,0.14071,0.00083,0.70706,-0.00010,0.70715,1,4,1,1
1765409437.728992,0.00441,0.02359,0.06430,-0.00094,-0.00087,0.00088,0.58963,-0.00063,0.14071,0.00083,0.70706,-0.00010,0.70715,1,4,1,1
1765409437.730970,0.00394,0.01880,0.02614,-0.00013,-0.00061,0.00018,0.58963,-0.00063,0.14071,0.00083,0.70706,-0.00010,0.70715,1,4,1,1
1765409437.732990,-0.00834,-0.00743,0.01911,0.00020,-0.00109,-0.00048,0.58963,-0.00063,0.14071,0.00083,0.70706,-0.00010,0.70715,1,4,1,1
1765409437.734971,-0.00448,-0.00152,0.00384,-0.00038,0.00027,0.00031,0.58963,-0.00063,0.14071,0.00083,0.70706,-0.00010,0.70715,1,4,1,1
1765409437.737015,0.01928,-0.03400,0.11119,-0.00273,-0.00063,0.00066,0.58963,-0.00063,0.14071,0.00083,0.70706,-0.00010,0.70715,1,4,1,1
1765409437.738974,0.01176,-0.00080,0.01111,0.00094,-0.00045,-0.00051,0.58963,-0.00063,0.14071,0.00083,0.70706,-0.00010,0.70715,1,4,1,1
1765409437.740982,-0.03885,0.06838,0.02505,-0.00019,0.00025,0.00047,0.58963,-0.00063,0.14071,0.00083,0.70706,-0.00010,0.70715,1,4,1,1
1765409437.742974,-0.01077,0.04559,-0.03501,0.00085,0.00020,0.00121,0.58963,-0.00063,0.14071,0.00083,0.70706,-0.00010,0.70715,1,4,1,1
1765409437.744968,-0.00631,-0.01524,-0.00371,0.00208,0.00004,-0.00050,0.58963,-0.00063,0.14071,0.00083,0.70706,-0.00010,0.70715,1,4,1,1
1765409437.746984,0.00394,-0.05069,-0.01021,0.00012,0.00008,0.00003,0.58963,-0.00063,0.14071,0.00083,0.70706,-0.00010,0.70715,1,4,1,1
1765409437.748977,0.01437,0.03032,-0.02716,0.00110,0.00016,0.00120,0.58963,-0.00063,0.14071,0.00083,0.70706,-0.00010,0.70715,1,4,1,1
1765409437.750987,0.02031,0.03744,-0.01985,-0.00034,-0.00005,0.00079,0.58959,-0.00063,0.14071,0.00083,0.70706,-0.00010,0.70715,1,4,1,1
1765409437.753006,-0.00479,0.00897,0.01113,0.00019,-0.00025,0.00004,0.58959,-0.00063,0.14071,0.00083,0.70706,-0.00010,0.70715,1,4,1,1
1765409437.754986,0.00670,-0.00409,0.01925,0.00069,0.00028,0.00098,0.58955,-0.00063,0.14071,0.00083,0.70707,-0.00010,0.70715,1,4,1,1
1765409437.756998,0.00796,-0.01873,-0.01100,0.00007,0.00001,0.00016,0.58955,-0.00063,0.14071,0.00083,0.70707,-0.00010,0.70715,1,4,1,1
1765409437.759041,0.02759,-0.01650,-0.04137,0.00119,-0.00009,0.00065,0.58955,-0.00063,0.14071,0.00083,0.70707,-0.00010,0.70715,1,4,1,1
1765409437.761063,0.01589,0.02980,-0.01194,-0.00043,0.00027,0.00121,0.58951,-0.00063,0.14071,0.00083,0.70707,-0.00010,0.70715,1,4,1,1
1765409437.763000,-0.01066,0.01689,-0.01929,0.00159,-0.00043,0.00042,0.58951,-0.00063,0.14071,0.00083,0.70707,-0.00010,0.70715,1,4,1,1
1765409437.765035,0.00196,-0.00542,-0.04932,0.00198,-0.00044,-0.00001,0.58943,-0.00063,0.14071,0.00083,0.70706,-0.00010,0.70715,1,4,1,1
1765409437.767020,-0.01732,0.02585,-0.02707,-0.00048,0.00016,0.00056,0.58943,-0.00063,0.14071,0.00083,0.70706,-0.00010,0.70715,1,4,1,1
1765409437.769017,0.01448,-0.01243,-0.02649,0.00255,-0.00097,-0.00040,0.58943,-0.00063,0.14071,0.00083,0.70706,-0.00010,0.70715,1,4,1,1
1765409437.771022,0.02900,0.01813,0.01098,-0.00014,-0.00065,0.00055,0.58943,-0.00063,0.14071,0.00083,0.70706,-0.00010,0.70715,1,4,1,1
1765409437.773007,-0.00080,0.03068,0.03380,-0.00042,-0.00029,0.00126,0.58927,-0.00063,0.14072,0.00083,0.70705,-0.00010,0.70716,1,4,1,1
1765409437.775038,0.04477,0.05658,0.01719,0.00055,0.00052,0.00025,0.58927,-0.00063,0.14072,0.00083,0.70705,-0.00010,0.70716,1,4,1,1
1765409437.777002,-0.01150,-0.00306,0.03397,0.00266,0.00060,-0.00020,0.58927,-0.00063,0.14072,0.00083,0.70705,-0.00010,0.70716,1,4,1,1
1765409437.778999,-0.00891,0.02550,-0.01177,-0.00071,0.00019,0.00097,0.58927,-0.00063,0.14072,0.00083,0.70705,-0.00010,0.70716,1,4,1,1
1765409437.781008,-0.01616,-0.00860,0.04267,-0.00177,-0.00058,0.00157,0.58927,-0.00063,0.14072,0.00083,0.70705,-0.00010,0.70716,1,4,1,1
1765409437.783005,-0.00892,0.01567,-0.00416,-0.00039,0.00044,0.00044,0.58927,-0.00063,0.14072,0.00083,0.70705,-0.00010,0.70716,1,4,1,1
1765409437.785004,0.03267,0.03549,0.02593,0.00008,-0.00096,0.00109,0.58927,-0.00063,0.14072,0.00083,0.70705,-0.00010,0.70716,1,4,1,1
1765409437.787002,0.00488,0.03278,0.03366,-0.00171,-0.00037,0.00099,0.58927,-0.00063,0.14072,0.00083,0.70705,-0.00010,0.70716,1,4,1,1
1765409437.789021,0.00610,0.02059,0.03346,0.00142,0.00076,0.00031,0.58923,-0.00063,0.14072,0.00083,0.70705,-0.00010,0.70716,1,4,1,1
1765409437.791000,0.01699,0.04012,0.01063,-0.00118,-0.00052,0.00096,0.58923,-0.00063,0.14072,0.00083,0.70705,-0.00010,0.70716,1,4,1,1
1765409437.793002,-0.02233,0.01313,0.00339,0.00023,0.00124,0.00032,0.58919,-0.00063,0.14072,0.00083,0.70705,-0.00010,0.70716,1,4,1,1
1765409437.795024,-0.00054,-0.00825,-0.02609,-0.00002,-0.00078,0.00069,0.58919,-0.00063,0.14072,0.00083,0.70705,-0.00010,0.70716,1,4,1,1
1765409437.797033,0.02119,0.01858,-0.02668,-0.00079,-0.00144,0.00093,0.58915,-0.00063,0.14073,0.00083,0.70704,-0.00010,0.70717,1,4,1,1
1765409437.799020,0.02788,0.01794,0.01809,0.00117,0.00036,-0.00026,0.58915,-0.00063,0.14073,0.00083,0.70704,-0.00010,0.70717,1,4,1,1
1765409437.801031,0.00422,0.02331,0.01054,-0.00030,0.00001,-0.00037,0.58911,-0.00063,0.14073,0.00083,0.70704,-0.00010,0.70717,1,4,1,1
1765409437.803120,0.02234,0.01115,-0.01173,0.00218,-0.00018,0.00053,0.58911,-0.00063,0.14073,0.00083,0.70704,-0.00010,0.70717,1,4,1,1
1765409437.805020,0.01207,0.02327,-0.00417,-0.00029,-0.00057,0.00082,0.58911,-0.00063,0.14073,0.00083,0.70704,-0.00010,0.70717,1,4,1,1
1765409437.807016,0.00808,0.00654,-0.02701,0.00037,-0.00053,-0.00054,0.58887,-0.00063,0.14073,0.00083,0.70704,-0.00010,0.70718,1,4,1,1
1765409437.809090,-0.00056,0.02083,0.00345,-0.00032,-0.00017,0.00070,0.58887,-0.00063,0.14073,0.00083,0.70704,-0.00010,0.70718,1,4,1,1
1765409437.811041,0.00360,0.00863,-0.00412,0.00018,-0.00009,0.00002,0.58887,-0.00063,0.14073,0.00083,0.70704,-0.00010,0.70718,1,4,1,1
1765409437.813031,0.00352,0.00842,-0.01935,0.00018,0.00016,0.00001,0.58887,-0.00063,0.14073,0.00083,0.70704,-0.00010,0.70718,1,4,1,1
1765409437.815042,0.02010,0.03319,0.00320,0.00005,-0.00080,0.00095,0.58887,-0.00063,0.14073,0.00083,0.70704,-0.00010,0.70718,1,4,1,1
1765409437.817058,0.02904,0.01760,0.01849,-0.00036,-0.00002,0.00055,0.58887,-0.00063,0.14073,0.00083,0.70704,-0.00010,0.70718,1,4,1,1
1765409437.819040,0.02756,0.01269,0.02598,0.00111,0.00063,0.00029,0.58887,-0.00063,0.14073,0.00083,0.70704,-0.00010,0.70718,1,4,1,1
1765409437.821034,-0.00906,-0.00318,0.04191,0.00026,-0.00031,0.00021,0.58887,-0.00063,0.14073,0.00083,0.70704,-0.00010,0.70718,1,4,1,1
1765409437.823050,0.01171,0.02230,-0.01194,-0.00031,0.00070,0.00081,0.58887,-0.00063,0.14073,0.00083,0.70704,-0.00010,0.70718,1,4,1,1
1765409437.825030,0.01497,0.02074,0.01868,0.00077,-0.00022,0.00110,0.58887,-0.00063,0.14073,0.00083,0.70704,-0.00010,0.70718,1,4,1,1
1765409437.827047,0.00129,0.00340,0.01862,0.00209,0.00108,0.00017,0.58887,-0.00063,0.14073,0.00083,0.70704,-0.00010,0.70718,1,4,1,1
1765409437.829032,0.03921,0.01446,0.01818,0.00179,0.00138,0.00040,0.58883,-0.00063,0.14073,0.00083,0.70704,-0.00010,0.70718,1,4,1,1
1765409437.831038,0.02490,-0.01401,0.01932,-0.00009,-0.00033,0.00043,0.58883,-0.00063,0.14073,0.00083,0.70704,-0.00010,0.70718,1,4,1,1
1765409437.833057,-0.00910,0.05546,0.01031,-0.00056,-0.00022,0.00098,0.58879,-0.00063,0.14073,0.00083,0.70704,-0.00010,0.70717,1,4,1,1
1765409437.835039,0.02024,0.00886,0.01124,0.00041,-0.00092,0.00042,0.58879,-0.00063,0.14073,0.00083,0.70704,-0.00010,0.70717,1,4,1,1
1765409437.837042,-0.01223,0.03405,0.00294,-0.00060,-0.00081,-0.00023,0.58875,-0.00063,0.14073,0.00083,0.70704,-0.00010,0.70718,1,4,1,1
1765409437.839060,0.01539,0.02060,-0.03465,0.00055,-0.00010,0.00066,0.58875,-0.00063,0.14073,0.00083,0.70704,-0.00010,0.70718,1,4,1,1
1765409437.841051,-0.00887,-0.01743,-0.00354,0.00074,-0.00069,-0.00063,0.58871,-0.00063,0.14073,0.00083,0.70704,-0.00010,0.70717,1,4,1,1
1765409437.843059,0.01958,-0.03126,0.01203,0.00101,0.00026,0.00030,0.58851,-0.00063,0.14073,0.00083,0.70705,-0.00010,0.70717,1,4,1,1
1765409437.845059,0.02051,0.07275,-0.02825,-0.00035,-0.00110,0.00064,0.58851,-0.00063,0.14073,0.00083,0.70705,-0.00010,0.70717,1,4,1,1
1765409437.847057,-0.01934,0.03133,-0.01213,0.00155,0.00030,0.00043,0.58851,-0.00063,0.14073,0.00083,0.70705,-0.00010,0.70717,1,4,1,1
1765409437.849051,-0.02320,0.01905,-0.03468,0.00140,0.00035,0.00015,0.58851,-0.00063,0.14073,0.00083,0.70705,-0.00010,0.70717,1,4,1,1
1765409437.851073,0.04951,0.01891,-0.00455,-0.00012,0.00088,0.00064,0.58851,-0.00063,0.14073,0.00083,0.70705,-0.00010,0.70717,1,4,1,1
1765409437.853057,0.00844,0.00176,0.00378,-0.00012,-0.00103,0.00003,0.58851,-0.00063,0.14073,0.00083,0.70705,-0.00010,0.70717,1,4,1,1
1765409437.855069,-0.00203,-0.01392,0.00424,0.00100,0.00064,0.00085,0.58851,-0.00063,0.14073,0.00083,0.70705,-0.00010,0.70717,1,4,1,1
1765409437.857069,-0.02207,0.00449,0.01156,0.00035,-0.00041,0.00060,0.58851,-0.00063,0.14073,0.00083,0.70705,-0.00010,0.70717,1,4,1,1
1765409437.859064,0.00008,-0.00838,-0.00365,-0.00024,-0.00042,-0.00010,0.58851,-0.00063,0.14073,0.00083,0.70705,-0.00010,0.70717,1,4,1,1
1765409437.861071,0.02842,-0.00696,0.01921,0.00022,0.00001,0.00083,0.58851,-0.00063,0.14073,0.00083,0.70705,-0.00010,0.70717,1,4,1,1
1765409437.863053,0.04941,0.05401,0.04034,-0.00013,0.00009,0.00094,0.58851,-0.00063,0.14073,0.00083,0.70705,-0.00010,0.70717,1,4,1,1
1765409437.865050,0.03937,0.01550,-0.03480,0.00202,-0.00001,0.00036,0.58847,-0.00063,0.14072,0.00083,0.70705,-0.00010,0.70716,1,4,1,1
1765409437.867060,-0.00097,0.04019,-0.01980,-0.00031,0.00021,0.00095,0.58847,-0.00063,0.14072,0.00083,0.70705,-0.00010,0.70716,1,4,1,1
1765409437.869078,-0.03177,0.00964,-0.01923,0.00172,0.00021,0.00004,0.58843,-0.00063,0.14072,0.00083,0.70705,-0.00010,0.70716,1,4,1,1
1765409437.871091,-0.01804,0.00176,0.01150,0.00054,-0.00007,0.00046,0.58843,-0.00063,0.14072,0.00083,0.70705,-0.00010,0.70716,1,4,1,1
1765409437.873080,-0.01489,-0.00068,0.03420,0.00160,0.00027,0.00034,0.58839,-0.00063,0.14072,0.00083,0.70705,-0.00010,0.70716,1,4,1,1
1765409437.875084,0.02147,0.01738,0.00352,-0.00146,-0.00005,0.00095,0.58839,-0.00063,0.14072,0.00083,0.70705,-0.00010,0.70716,1,4,1,1
1765409437.877262,0.01617,0.01093,0.01861,0.00021,-0.00024,0.00016,0.58827,-0.00063,0.14072,0.00083,0.70706,-0.00010,0.70716,1,4,1,1
1765409437.879124,0.02435,0.01626,0.03382,0.00050,-0.00098,0.00044,0.58827,-0.00063,0.14072,0.00083,0.70706,-0.00010,0.70716,1,4,1,1
1765409437.881088,0.01521,0.00590,-0.01149,0.00081,-0.00009,0.00068,0.58827,-0.00063,0.14072,0.00083,0.70706,-0.00010,0.70716,1,4,1,1
1765409437.883107,-0.03848,0.00495,0.03411,0.00035,-0.00022,-0.00017,0.58827,-0.00063,0.14072,0.00083,0.70706,-0.00010,0.70716,1,4,1,1
1765409437.885100,-0.00910,0.01217,0.02661,0.00023,-0.00120,0.00060,0.58827,-0.00063,0.14072,0.00083,0.70706,-0.00010,0.70716,1,4,1,1
1765409437.887089,-0.00080,0.02069,0.01137,-0.00054,-0.00028,0.00152,0.58814,-0.00063,0.14071,0.00083,0.70706,-0.00010,0.70715,1,4,1,1
1765409437.889304,0.01006,-0.00346,0.07999,-0.00171,-0.00118,0.00023,0.58814,-0.00063,0.14071,0.00083,0.70706,-0.00010,0.70715,1,4,1,1
1765409437.891138,0.06220,0.03085,0.04057,-0.00020,0.00109,0.00053,0.58814,-0.00063,0.14071,0.00083,0.70706,-0.00010,0.70715,1,4,1,1
1765409437.893113,0.03675,0.02728,0.05636,-0.00002,0.00001,0.00111,0.58814,-0.00063,0.14071,0.00083,0.70706,-0.00010,0.70715,1,4,1,1
1765409437.895102,-0.00933,0.01671,0.03358,0.00072,-0.00021,-0.00034,0.58814,-0.00063,0.14071,0.00083,0.70706,-0.00010,0.70715,1,4,1,1
1765409437.897105,-0.03078,0.07776,0.03994,-0.00007,0.00065,0.00061,0.58814,-0.00063,0.14071,0.00083,0.70706,-0.00010,0.70715,1,4,1,1
1765409437.899105,-0.00434,0.02357,-0.01166,-0.00073,-0.00063,0.00083,0.58814,-0.00063,0.14071,0.00083,0.70706,-0.00010,0.70715,1,4,1,1
1765409437.901090,0.00768,0.02030,0.03336,0.00011,0.00073,-0.00009,0.58810,-0.00063,0.14071,0.00083,0.70706,-0.00010,0.70715,1,4,1,1
1765409437.903168,0.01425,0.00105,-0.01154,0.00184,0.00030,0.00041,0.58810,-0.00063,0.14071,0.00083,0.70706,-0.00010,0.70715,1,4,1,1
1765409437.905139,0.02319,0.01644,0.00339,0.00159,-0.00084,0.00041,0.58806,-0.00063,0.14071,0.00083,0.70707,-0.00010,0.70715,1,4,1,1
1765409437.907158,0.00327,-0.00649,-0.01141,0.00044,0.00043,0.00002,0.58806,-0.00063,0.14071,0.00083,0.70707,-0.00010,0.70715,1,4,1,1
1765409437.909139,-0.00157,0.02079,0.06412,0.00055,0.00035,0.00075,0.58802,-0.00063,0.14071,0.00083,0.70707,-0.00010,0.70714,1,4,1,1
1765409437.911160,-0.00824,0.01610,0.02652,-0.00104,-0.00045,0.00087,0.58802,-0.00063,0.14071,0.00083,0.70707,-0.00010,0.70714,1,4,1,1
1765409437.913167,0.01077,0.04322,0.03263,0.00148,0.00029,-0.00051,0.58798,-0.00063,0.14070,0.00083,0.70708,-0.00010,0.70714,1,4,1,1
1765409437.915256,0.02375,0.07406,-0.02073,-0.00011,0.00027,0.00118,0.58798,-0.00063,0.14070,0.00083,0.70708,-0.00010,0.70714,1,4,1,1
1765409437.917142,0.00737,0.01569,-0.01941,0.00027,0.00012,0.00041,0.58794,-0.00063,0.14070,0.00083,0.70707,-0.00010,0.70714,1,4,1,1
1765409437.919123,-0.01760,0.00163,0.01151,0.00010,-0.00008,0.00046,0.58777,-0.00063,0.14069,0.00083,0.70709,-0.00010,0.70713,1,4,1,1
1765409437.921151,-0.00687,-0.04317,0.01310,-0.00219,-0.00092,0.00128,0.58777,-0.00063,0.14069,0.00083,0.70709,-0.00010,0.70713,1,4,1,1
1765409437.923193,0.00854,-0.03420,-0.00273,-0.00099,0.00028,0.00097,0.58777,-0.00063,0.14069,0.00083,0.70709,-0.00010,0.70713,1,4,1,1
1765409437.925150,0.02778,-0.01653,0.01162,0.00119,0.00015,0.00028,0.58777,-0.00063,0.14069,0.00083,0.70709,-0.00010,0.70713,1,4,1,1
1765409437.927200,0.02881,0.04667,-0.02774,-0.00066,0.00035,0.00091,0.58777,-0.00063,0.14069,0.00083,0.70709,-0.00010,0.70713,1,4,1,1
1765409437.929173,0.01661,0.04039,-0.01974,-0.00074,-0.00077,0.00093,0.58777,-0.00063,0.14069,0.00083,0.70709,-0.00010,0.70713,1,4,1,1
1765409437.931193,-0.00446,0.00919,0.01119,-0.00003,-0.00063,0.00004,0.58777,-0.00063,0.14069,0.00083,0.70709,-0.00010,0.70713,1,4,1,1
1765409437.933152,-0.00884,0.00091,-0.01119,-0.00057,0.00021,0.00084,0.58777,-0.00063,0.14069,0.00083,0.70709,-0.00010,0.70713,1,4,1,1
1765409437.935167,0.01463,0.00077,0.01882,0.00140,0.00055,0.00043,0.58777,-0.00063,0.14069,0.00083,0.70709,-0.00010,0.70713,1,4,1,1
1765409437.937196,0.04145,-0.00398,0.01134,0.00047,-0.00079,0.00014,0.58773,-0.00063,0.14069,0.00083,0.70709,-0.00010,0.70712,1,4,1,1
1765409437.939182,0.02740,0.02272,0.04877,0.00101,0.00025,0.00084,0.58773,-0.00063,0.14069,0.00083,0.70709,-0.00010,0.70712,1,4,1,1
1765409437.941178,0.02924,0.04790,-0.01251,-0.00043,-0.00106,0.00052,0.58769,-0.00063,0.14069,0.00083,0.70708,-0.00010,0.70713,1,4,1,1
1765409437.943332,0.01140,-0.00683,-0.01150,0.00065,0.00072,0.00001,0.58769,-0.00063,0.14069,0.00083,0.70708,-0.00010,0.70713,1,4,1,1
1765409437.945192,-0.01457,-0.00057,-0.00354,0.00116,-0.00024,0.00072,0.58765,-0.00063,0.14070,0.00083,0.70709,-0.00010,0.70713,1,4,1,1
1765409437.947149,0.00605,0.00631,0.03373,0.00190,0.00038,-0.00009,0.58765,-0.00063,0.14070,0.00083,0.70709,-0.00010,0.70713,1,4,1,1
1765409437.949150,-0.00131,0.06009,0.03225,0.00059,0.00080,-0.00037,0.58761,-0.00063,0.14069,0.00083,0.70709,-0.00010,0.70713,1,4,1,1
1765409437.951169,0.04080,0.06362,0.01733,-0.00024,0.00057,0.00106,0.58761,-0.00063,0.14069,0.00083,0.70709,-0.00010,0.70713,1,4,1,1
1765409437.953190,0.01621,0.05998,0.03263,-0.00028,-0.00015,0.00043,0.58757,-0.00063,0.14070,0.00083,0.70708,-0.00010,0.70713,1,4,1,1
1765409437.955139,0.01573,0.00599,0.00375,0.00037,-0.00035,0.00069,0.58757,-0.00063,0.14070,0.00083,0.70708,-0.00010,0.70713,1,4,1,1
1765409437.957159,-0.02634,-0.00276,0.02714,0.00026,-0.00060,0.00102,0.58745,-0.00063,0.14070,0.00083,0.70708,-0.00010,0.70713,1,4,1,1
1765409437.959160,-0.02289,-0.04469,-0.02532,0.00150,-0.00010,0.00032,0.58745,-0.00063,0.14070,0.00083,0.70708,-0.00010,0.70713,1,4,1,1
1765409437.961157,0.02488,-0.01272,-0.01103,0.00058,-0.00173,0.00001,0.58745,-0.00063,0.14070,0.00083,0.70708,-0.00010,0.70713,1,4,1,1
1765409437.963145,0.02022,0.05768,0.04059,-0.00031,-0.00070,0.00111,0.58745,-0.00063,0.14070,0.00083,0.70708,-0.00010,0.70713,1,4,1,1
1765409437.965142,0.01084,0.03752,0.04084,0.00054,0.00057,0.00085,0.58745,-0.00063,0.14070,0.00083,0.70708,-0.00010,0.70713,1,4,1,1
1765409437.967141,0.01188,0.05197,-0.01285,-0.00038,0.00067,0.00040,0.58745,-0.00063,0.14070,0.00083,0.70708,-0.00010,0.70713,1,4,1,1
1765409437.969155,0.01571,0.01519,0.02624,0.00005,0.00040,0.00084,0.58741,-0.00063,0.14070,0.00083,0.70708,-0.00010,0.70714,1,4,1,1
1765409437.971143,0.00278,-0.00583,-0.01894,0.00110,-0.00020,0.00001,0.58741,-0.00063,0.14070,0.00083,0.70708,-0.00010,0.70714,1,4,1,1
1765409437.973162,-0.00153,-0.00254,0.01156,0.00136,-0.00103,0.00018,0.58736,-0.00063,0.14070,0.00083,0.70708,-0.00010,0.70714,1,4,1,1
1765409437.975177,0.01108,0.04329,-0.02790,0.00104,-0.00021,-0.00015,0.58736,-0.00063,0.14070,0.00083,0.70708,-0.00010,0.70714,1,4,1,1
1765409437.977156,0.01471,0.03559,0.01830,0.00095,-0.00023,0.00110,0.58732,-0.00063,0.14070,0.00083,0.70708,-0.00010,0.70714,1,4,1,1
1765409437.979180,0.01280,0.00786,-0.01179,-0.00070,0.00031,0.00001,0.58732,-0.00063,0.14070,0.00083,0.70708,-0.00010,0.70714,1,4,1,1
1765409437.981158,0.01962,0.01290,0.04125,0.00067,0.00047,0.00031,0.58728,-0.00063,0.14070,0.00083,0.70708,-0.00010,0.70713,1,4,1,1
1765409437.983181,-0.00644,-0.01341,0.01205,-0.00227,-0.00096,0.00046,0.58728,-0.00063,0.14070,0.00083,0.70708,-0.00010,0.70713,1,4,1,1
1765409437.985181,0.00623,-0.00467,0.03431,0.00090,0.00117,0.00099,0.58724,-0.00063,0.14070,0.00083,0.70708,-0.00010,0.70714,1,4,1,1
1765409437.987179,-0.00622,-0.01647,-0.01872,0.00119,0.00107,0.00029,0.58724,-0.00063,0.14070,0.00083,0.70708,-0.00010,0.70714,1,4,1,1
1765409437.989171,-0.00901,0.02670,-0.01954,0.00018,-0.00084,0.00015,0.58720,-0.00063,0.14070,0.00083,0.70708,-0.00010,0.70713,1,4,1,1
1765409437.991171,0.03006,0.03750,-0.00457,-0.00143,-0.00080,0.00080,0.58720,-0.00063,0.14070,0.00083,0.70708,-0.00010,0.70713,1,4,1,1
1765409437.993209,0.01962,0.04265,0.03293,0.00060,0.00020,0.00029,0.58720,-0.00063,0.14070,0.00083,0.70708,-0.00010,0.70713,1,4,1,1
1765409437.995176,0.04576,-0.00217,0.01847,0.00049,0.00016,-0.00054,0.58712,-0.00063,0.14070,0.00083,0.70708,-0.00010,0.70713,1,4,1,1
1765409437.997178,0.00756,0.00687,-0.00367,0.00038,-0.00127,0.00070,0.58700,-0.00063,0.14070,0.00083,0.70708,-0.00010,0.70714,1,4,1,1
1765409437.999182,0.01065,-0.00834,0.05780,-0.00264,-0.00193,0.00116,0.58700,-0.00063,0.14070,0.00083,0.70708,-0.00010,0.70714,1,4,1,1
1765409438.001300,0.01215,0.01744,0.03331,-0.00015,0.00106,-0.00023,0.58700,-0.00063,0.14070,0.00083,0.70708,-0.00010,0.70714,1,4,1,1
1765409438.003262,-0.01312,0.03341,0.01851,-0.00061,-0.00028,0.00099,0.58700,-0.00063,0.14070,0.00083,0.70708,-0.00010,0.70714,1,4,1,1
1765409438.005212,0.02887,0.04211,0.00993,-0.00006,0.00046,-0.00014,0.58700,-0.00063,0.14070,0.00083,0.70708,-0.00010,0.70714,1,4,1,1
1765409438.007238,-0.01299,0.00913,0.01878,-0.00003,-0.00027,0.00006,0.58700,-0.00063,0.14070,0.00083,0.70708,-0.00010,0.70714,1,4,1,1
1765409438.009235,0.01656,0.04028,0.03340,-0.00074,-0.00051,0.00097,0.58700,-0.00063,0.14070,0.00083,0.70708,-0.00010,0.70714,1,4,1,1
1765409438.011185,0.01937,-0.02307,0.10322,-0.00217,-0.00166,-0.00002,0.58700,-0.00063,0.14070,0.00083,0.70708,-0.00010,0.70714,1,4,1,1
1765409438.013179,-0.02286,-0.00547,-0.00369,0.00132,0.00024,0.00005,0.58700,-0.00063,0.14070,0.00083,0.70708,-0.00010,0.70714,1,4,1,1
1765409438.015186,0.00674,0.02517,0.04123,0.00039,0.00063,0.00099,0.58696,-0.00063,0.14070,0.00083,0.70708,-0.00010,0.70714,1,4,1,1
1765409438.017184,0.02903,0.05225,-0.00503,-0.00060,-0.00042,0.00079,0.58696,-0.00063,0.14070,0.00083,0.70708,-0.00010,0.70714,1,4,1,1
1765409438.019177,0.01155,-0.01632,0.01154,0.00075,0.00034,-0.00010,0.58692,-0.00063,0.14070,0.00083,0.70707,-0.00010,0.70714,1,4,1,1
1765409438.021180,-0.00007,0.00650,0.01171,-0.00072,-0.00104,0.00112,0.58688,-0.00063,0.14070,0.00083,0.70707,-0.00010,0.70714,1,4,1,1
1765409438.023193,-0.02015,-0.02032,0.04244,-0.00104,-0.00055,0.00010,0.58688,-0.00063,0.14070,0.00083,0.70707,-0.00010,0.70714,1,4,1,1
1765409438.025193,0.00368,0.03357,0.01073,-0.00017,-0.00074,0.00057,0.58684,-0.00063,0.14070,0.00083,0.70707,-0.00010,0.70714,1,4,1,1
1765409438.027230,0.00794,0.02508,-0.00426,-0.00071,0.00024,0.00096,0.58684,-0.00063,0.14070,0.00083,0.70707,-0.00010,0.70714,1,4,1,1
1765409438.029202,0.01428,0.00420,0.01908,-0.00162,-0.00174,0.00017,0.58684,-0.00063,0.14070,0.00083,0.70707,-0.00010,0.70714,1,4,1,1
1765409438.031214,0.04185,0.01004,0.01087,-0.00023,-0.00005,0.00013,0.58684,-0.00063,0.14070,0.00083,0.70707,-0.00010,0.70714,1,4,1,1
1765409438.033202,0.02439,0.02556,0.03373,-0.00004,-0.00060,0.00097,0.58664,-0.00063,0.14071,0.00083,0.70707,-0.00010,0.70715,1,4,1,1
1765409438.036136,0.00835,-0.02407,0.00452,-0.00065,0.00014,0.00071,0.58664,-0.00063,0.14071,0.00083,0.70707,-0.00010,0.70715,1,4,1,1
1765409438.037215,0.00371,-0.01649,0.00397,0.00010,0.00056,-0.00010,0.58664,-0.00063,0.14071,0.00083,0.70707,-0.00010,0.70715,1,4,1,1
1765409438.039226,0.00294,-0.02116,0.04266,0.00026,-0.00004,0.00128,0.58664,-0.00063,0.14071,0.00083,0.70707,-0.00010,0.70715,1,4,1,1
1765409438.041220,0.01668,0.03077,0.00310,-0.00042,-0.00077,0.00042,0.58664,-0.00063,0.14071,0.00083,0.70707,-0.00010,0.70715,1,4,1,1
1765409438.043226,0.01484,0.04107,0.01025,0.00145,-0.00051,0.00015,0.58664,-0.00063,0.14071,0.00083,0.70707,-0.00010,0.70715,1,4,1,1
1765409438.045212,0.04145,0.08391,0.00172,-0.00065,-0.00034,0.00091,0.58664,-0.00063,0.14071,0.00083,0.70707,-0.00010,0.70715,1,4,1,1
1765409438.047232,0.03469,0.01292,0.00313,0.00242,0.00055,0.00026,0.58664,-0.00063,0.14071,0.00083,0.70707,-0.00010,0.70715,1,4,1,1
1765409438.049217,0.00403,-0.01622,-0.00373,0.00010,0.00030,-0.00051,0.58664,-0.00063,0.14071,0.00083,0.70707,-0.00010,0.70715,1,4,1,1
1765409438.051213,0.00825,0.00614,0.06461,-0.00050,-0.00052,0.00075,0.58660,-0.00063,0.14071,0.00083,0.70707,-0.00010,0.70715,1,4,1,1
1765409438.053210,-0.00467,0.01845,0.00348,-0.00035,-0.00012,0.00057,0.58656,-0.00063,0.14071,0.00083,0.70706,-0.00010,0.70715,1,4,1,1
1765409438.055205,0.01191,-0.02518,0.02692,0.00108,-0.00068,-0.00062,0.58656,-0.00063,0.14071,0.00083,0.70706,-0.00010,0.70715,1,4,1,1
1765409438.057212,-0.00022,0.02112,0.04908,-0.00054,-0.00056,0.00074,0.58656,-0.00063,0.14071,0.00083,0.70706,-0.00010,0.70715,1,4,1,1
1765409438.059204,0.02250,-0.00953,0.00370,0.00193,0.00109,0.00028,0.58652,-0.00063,0.14071,0.00083,0.70706,-0.00010,0.70715,1,4,1,1
1765409438.061211,-0.00843,0.01142,0.04155,-0.00044,-0.00033,0.00021,0.58652,-0.00063,0.14071,0.00083,0.70706,-0.00010,0.70715,1,4,1,1
1765409438.063209,0.00378,0.03736,0.01833,-0.00100,0.00028,0.00124,0.58648,-0.00063,0.14071,0.00083,0.70706,-0.00010,0.70715,1,4,1,1
1765409438.065216,-0.02555,0.03151,0.00344,-0.00063,-0.00063,0.00086,0.58648,-0.00063,0.14071,0.00083,0.70706,-0.00010,0.70715,1,4,1,1
1765409438.067234,-0.02172,0.00049,-0.01105,0.00052,-0.00155,0.00032,0.58648,-0.00063,0.14071,0.00083,0.70706,-0.00010,0.70715,1,4,1,1
1765409438.069222,0.01021,0.01175,0.07987,-0.00196,-0.00195,0.00063,0.58648,-0.00063,0.14071,0.00083,0.70706,-0.00010,0.70715,1,4,1,1
1765409438.071233,0.01974,0.02747,0.07122,0.00041,0.00071,0.00033,0.58648,-0.00063,0.14071,0.00083,0.70706,-0.00010,0.70715,1,4,1,1
1765409438.073229,0.01321,0.01829,0.02593,-0.00079,-0.00035,-0.00023,0.58624,-0.00063,0.14072,0.00083,0.70705,-0.00010,0.70716,1,4,1,1
1765409438.075222,0.02469,0.00023,0.01143,-0.00035,0.00018,0.00082,0.58624,-0.00063,0.14072,0.00083,0.70705,-0.00010,0.70716,1,4,1,1
1765409438.077257,-0.00508,-0.02038,-0.01070,0.00049,-0.00059,0.00044,0.58624,-0.00063,0.14072,0.00083,0.70705,-0.00010,0.70716,1,4,1,1
1765409438.079227,0.02564,-0.02245,-0.00335,0.00024,-0.00186,-0.00052,0.58624,-0.00063,0.14072,0.00083,0.70705,-0.00010,0.70716,1,4,1,1
1765409438.081244,0.00328,0.01329,0.01118,0.00002,0.00004,0.00071,0.58624,-0.00063,0.14072,0.00083,0.70705,-0.00010,0.70716,1,4,1,1
1765409438.083224,0.03633,0.02191,0.03348,0.00035,0.00078,0.00082,0.58624,-0.00063,0.14072,0.00083,0.70705,-0.00010,0.70716,1,4,1,1
1765409438.085227,0.01225,0.02319,0.00325,-0.00029,-0.00033,0.00042,0.58624,-0.00063,0.14072,0.00083,0.70705,-0.00010,0.70716,1,4,1,1
1765409438.087222,0.02820,0.05694,0.03284,-0.00010,0.00009,0.00109,0.58624,-0.00063,0.14072,0.00083,0.70705,-0.00010,0.70716,1,4,1,1
1765409438.089221,0.03346,-0.01814,0.01186,0.00030,-0.00144,0.00015,0.58624,-0.00063,0.14072,0.00083,0.70705,-0.00010,0.70716,1,4,1,1
1765409438.091213,0.02816,0.00806,0.04886,0.00083,0.00024,0.00004,0.58620,-0.00063,0.14073,0.00083,0.70705,-0.00010,0.70717,1,4,1,1
1765409438.093222,0.02331,0.01531,0.05674,0.00071,0.00019,0.00126,0.58620,-0.00063,0.14073,0.00083,0.70705,-0.00010,0.70717,1,4,1,1
1765409438.095221,-0.00119,-0.00850,0.02661,0.00085,0.00023,-0.00008,0.58616,-0.00063,0.14073,0.00083,0.70705,-0.00010,0.70717,1,4,1,1
1765409438.097250,-0.01061,-0.00838,0.01916,0.00151,0.00048,0.00033,0.58616,-0.00063,0.14073,0.00083,0.70705,-0.00010,0.70717,1,4,1,1
1765409438.099261,0.02865,0.06681,0.05528,-0.00042,0.00007,0.00083,0.58612,-0.00063,0.14073,0.00083,0.70704,-0.00010,0.70717,1,4,1,1
1765409438.101256,-0.01527,0.02938,0.01831,0.00196,-0.00026,0.00032,0.58612,-0.00063,0.14073,0.00083,0.70704,-0.00010,0.70717,1,4,1,1
1765409438.103267,0.01104,-0.00086,-0.05712,0.00138,-0.00043,-0.00016,0.58588,-0.00063,0.14073,0.00083,0.70704,-0.00010,0.70717,1,4,1,1
1765409438.105273,0.01012,0.00906,-0.00385,0.00172,-0.00054,0.00082,0.58588,-0.00063,0.14073,0.00083,0.70704,-0.00010,0.70717,1,4,1,1
1765409438.107256,-0.00502,0.02322,-0.02731,0.00014,0.00038,0.00001,0.58588,-0.00063,0.14073,0.00083,0.70704,-0.00010,0.70717,1,4,1,1
1765409438.109264,0.02010,0.02710,0.03322,-0.00003,0.00096,0.00030,0.58588,-0.00063,0.14073,0.00083,0.70704,-0.00010,0.70717,1,4,1,1
1765409438.111256,-0.00214,-0.02092,0.08038,-0.00214,-0.00064,0.00011,0.58588,-0.00063,0.14073,0.00083,0.70704,-0.00010,0.70717,1,4,1,1
1765409438.113277,0.01375,0.00848,0.08710,-0.00135,-0.00060,0.00009,0.58588,-0.00063,0.14073,0.00083,0.70704,-0.00010,0.70717,1,4,1,1
1765409438.115259,0.01241,-0.02605,0.01218,-0.00024,-0.00042,0.00058,0.58588,-0.00063,0.14073,0.00083,0.70704,-0.00010,0.70717,1,4,1,1
1765409438.117265,-0.01036,0.03628,0.00290,0.00117,-0.00007,0.00030,0.58588,-0.00063,0.14073,0.00083,0.70704,-0.00010,0.70717,1,4,1,1
1765409438.119254,0.02046,0.01804,-0.00422,-0.00014,-0.00029,0.00054,0.58588,-0.00063,0.14073,0.00083,0.70704,-0.00010,0.70717,1,4,1,1
1765409438.121245,0.01666,0.00648,0.01149,-0.00028,-0.00125,0.00070,0.58588,-0.00063,0.14073,0.00083,0.70704,-0.00010,0.70717,1,4,1,1
1765409438.123252,0.04153,0.04952,0.03269,-0.00019,-0.00007,0.00027,0.58588,-0.00063,0.14073,0.00083,0.70704,-0.00010,0.70717,1,4,1,1
1765409438.125275,0.03721,0.02799,0.04855,0.00020,-0.00064,0.00030,0.58588,-0.00063,0.14073,0.00083,0.70704,-0.00010,0.70717,1,4,1,1
1765409438.127331,-0.00191,0.01135,-0.01177,0.00131,0.00010,0.00015,0.58584,-0.00063,0.14074,0.00083,0.70704,-0.00010,0.70717,1,4,1,1
1765409438.129342,-0.00229,0.03064,0.00330,0.00089,0.00023,0.00124,0.58584,-0.00063,0.14074,0.00083,0.70704,-0.00010,0.70717,1,4,1,1
1765409438.131340,-0.01766,0.02209,0.00329,0.00056,-0.00074,-0.00009,0.58580,-0.00063,0.14073,0.00083,0.70704,-0.00010,0.70717,1,4,1,1
1765409438.133360,0.00826,0.00695,0.03400,0.00016,-0.00117,-0.00008,0.58580,-0.00063,0.14073,0.00083,0.70704,-0.00010,0.70717,1,4,1,1
1765409438.135266,-0.00240,0.01120,0.01131,0.00131,0.00012,0.00098,0.58576,-0.00063,0.14074,0.00083,0.70704,-0.00010,0.70717,1,4,1,1
1765409438.137276,0.01420,-0.00405,0.04177,0.00178,0.00056,0.00058,0.58576,-0.00063,0.14074,0.00083,0.70704,-0.00010,0.70717,1,4,1,1
1765409438.139284,0.01041,-0.02117,-0.01095,0.00157,0.00036,0.00042,0.58552,-0.00063,0.14073,0.00083,0.70705,-0.00010,0.70716,1,4,1,1
1765409438.141289,0.01914,-0.01640,-0.01079,0.00098,-0.00011,0.00108,0.58552,-0.00063,0.14073,0.00083,0.70705,-0.00010,0.70716,1,4,1,1
1765409438.143286,-0.00947,-0.01361,0.00419,0.00035,0.00034,0.00045,0.58552,-0.00063,0.14073,0.00083,0.70705,-0.00010,0.70716,1,4,1,1
1765409438.145349,0.01903,0.02744,0.02578,0.00085,0.00073,0.00069,0.58552,-0.00063,0.14073,0.00083,0.70705,-0.00010,0.70716,1,4,1,1
1765409438.147379,-0.01062,0.02619,-0.01938,0.00105,-0.00005,0.00096,0.58552,-0.00063,0.14073,0.00083,0.70705,-0.00010,0.70716,1,4,1,1
1765409438.149390,0.00825,0.01691,0.03364,0.00028,-0.00118,-0.00036,0.58552,-0.00063,0.14073,0.00083,0.70705,-0.00010,0.70716,1,4,1,1
1765409438.151281,0.04249,0.00969,0.01105,-0.00111,-0.00005,0.00054,0.58552,-0.00063,0.14073,0.00083,0.70705,-0.00010,0.70716,1,4,1,1
1765409438.153296,0.01145,0.03727,0.02548,0.00009,0.00081,0.00043,0.58552,-0.00063,0.14073,0.00083,0.70705,-0.00010,0.70716,1,4,1,1
1765409438.155288,0.00421,0.00390,0.03429,-0.00053,-0.00072,0.00060,0.58552,-0.00063,0.14073,0.00083,0.70705,-0.00010,0.70716,1,4,1,1
1765409438.157294,-0.00525,0.01813,0.00357,-0.00014,0.00028,0.00098,0.58552,-0.00063,0.14073,0.00083,0.70705,-0.00010,0.70716,1,4,1,1
1765409438.159285,-0.03182,-0.02405,0.00479,0.00197,-0.00090,0.00061,0.58552,-0.00063,0.14073,0.00083,0.70705,-0.00010,0.70716,1,4,1,1
1765409438.161289,0.01620,-0.00955,-0.02651,-0.00004,0.00054,0.00026,0.58552,-0.00063,0.14073,0.00083,0.70705,-0.00010,0.70716,1,4,1,1
1765409438.163289,0.01376,0.00677,-0.00423,0.00278,-0.00022,-0.00013,0.58548,-0.00063,0.14073,0.00083,0.70705,-0.00010,0.70716,1,4,1,1
1765409438.165283,0.03442,0.05988,0.02510,-0.00138,-0.00101,0.00041,0.58548,-0.00063,0.14073,0.00083,0.70705,-0.00010,0.70716,1,4,1,1
1765409438.167293,0.00750,-0.00809,0.03446,0.00064,-0.00076,0.00032,0.58544,-0.00063,0.14073,0.00083,0.70705,-0.00010,0.70716,1,4,1,1
1765409438.169381,0.01698,0.07123,0.01752,-0.00058,-0.00220,0.00055,0.58544,-0.00063,0.14073,0.00083,0.70705,-0.00010,0.70716,1,4,1,1
1765409438.171368,0.02036,0.01344,0.01879,0.00003,-0.00067,0.00070,0.58540,-0.00063,0.14073,0.00083,0.70705,-0.00010,0.70716,1,4,1,1
1765409438.173370,0.01214,0.02724,0.00292,-0.00046,0.00081,0.00028,0.58540,-0.00063,0.14073,0.00083,0.70705,-0.00010,0.70716,1,4,1,1
1765409438.175305,0.02326,0.01959,0.04108,0.00076,0.00119,0.00070,0.58536,-0.00063,0.14073,0.00083,0.70705,-0.00010,0.70716,1,4,1,1
1765409438.177436,0.00661,0.03545,0.01813,0.00073,0.00024,0.00070,0.58536,-0.00063,0.14073,0.00083,0.70705,-0.00010,0.70716,1,4,1,1
1765409438.179367,-0.01739,-0.02116,0.02721,0.00113,-0.00185,-0.00046,0.58536,-0.00063,0.14073,0.00083,0.70705,-0.00010,0.70716,1,4,1,1
1765409438.181340,0.02901,0.01318,0.03394,-0.00019,-0.00065,0.00070,0.58532,-0.00063,0.14073,0.00083,0.70705,-0.00010,0.70716,1,4,1,1
1765409438.183318,0.02387,0.04905,0.02517,0.00002,0.00103,0.00068,0.58512,-0.00063,0.14073,0.00083,0.70706,-0.00010,0.70716,1,4,1,1
1765409438.185317,0.02397,0.01542,0.03330,0.00092,0.00054,-0.00038,0.58512,-0.00063,0.14073,0.00083,0.70706,-0.00010,0.70716,1,4,1,1
1765409438.187335,0.00383,0.06245,0.00988,-0.00069,-0.00000,0.00056,0.58512,-0.00063,0.14073,0.00083,0.70706,-0.00010,0.70716,1,4,1,1
1765409438.189428,0.00564,-0.01783,-0.02604,0.00227,-0.00047,0.00055,0.58512,-0.00063,0.14073,0.00083,0.70706,-0.00010,0.70716,1,4,1,1
1765409438.191326,-0.02738,-0.02309,0.03511,-0.00108,-0.00300,-0.00057,0.58512,-0.00063,0.14073,0.00083,0.70706,-0.00010,0.70716,1,4,1,1
1765409438.193312,0.01563,-0.02342,0.01212,0.00067,-0.00045,0.00071,0.58512,-0.00063,0.14073,0.00083,0.70706,-0.00010,0.70716,1,4,1,1
1765409438.195315,0.03234,0.00057,0.02661,0.00053,-0.00017,0.00083,0.58512,-0.00063,0.14073,0.00083,0.70706,-0.00010,0.70716,1,4,1,1
1765409438.197301,0.01934,0.03275,0.01013,0.00113,0.00058,-0.00026,0.58512,-0.00063,0.14073,0.00083,0.70706,-0.00010,0.70716,1,4,1,1
1765409438.199306,0.01659,0.03481,0.03332,-0.00081,0.00025,0.00070,0.58512,-0.00063,0.14073,0.00083,0.70706,-0.00010,0.70716,1,4,1,1
1765409438.201324,0.01302,-0.00025,-0.01113,-0.00036,-0.00197,0.00029,0.58512,-0.00063,0.14073,0.00083,0.70706,-0.00010,0.70716,1,4,1,1
1765409438.203330,0.01521,-0.06220,-0.00983,0.00173,-0.00081,0.00016,0.58508,-0.00063,0.14072,0.00083,0.70706,-0.00010,0.70715,1,4,1,1
1765409438.205306,-0.00854,0.02160,0.03399,-0.00053,-0.00096,0.00074,0.58508,-0.00063,0.14072,0.00083,0.70706,-0.00010,0.70715,1,4,1,1
1765409438.207355,0.00076,0.04298,0.00248,0.00235,0.00093,0.00028,0.58504,-0.00063,0.14072,0.00083,0.70706,-0.00010,0.70715,1,4,1,1
1765409438.209351,-0.00468,0.02348,-0.00447,-0.00008,-0.00000,0.00003,0.58504,-0.00063,0.14072,0.00083,0.70706,-0.00010,0.70715,1,4,1,1
1765409438.211355,0.02137,-0.00208,0.04209,-0.00125,-0.00028,0.00112,0.58500,-0.00063,0.14072,0.00083,0.70706,-0.00010,0.70715,1,4,1,1
1765409438.213341,0.04650,-0.00660,-0.00381,-0.00022,-0.00098,-0.00001,0.58500,-0.00063,0.14072,0.00083,0.70706,-0.00010,0.70715,1,4,1,1
1765409438.215357,0.00138,-0.00562,-0.01142,0.00241,0.00007,0.00002,0.58496,-0.00063,0.14072,0.00083,0.70706,-0.00010,0.70715,1,4,1,1
1765409438.217353,0.01614,0.04401,0.04855,-0.00113,0.00077,0.00166,0.58496,-0.00063,0.14072,0.00083,0.70706,-0.00010,0.70715,1,4,1,1
1765409438.219356,0.00574,0.03802,0.05655,-0.00252,-0.00114,0.00128,0.58496,-0.00063,0.14072,0.00083,0.70706,-0.00010,0.70715,1,4,1,1
1765409438.221333,0.03258,0.01071,0.04112,0.00087,-0.00007,-0.00024,0.58488,-0.00063,0.14073,0.00083,0.70706,-0.00010,0.70716,1,4,1,1
1765409438.223345,0.01653,0.03528,-0.01977,-0.00058,-0.00038,0.00066,0.58488,-0.00063,0.14073,0.00083,0.70706,-0.00010,0.70716,1,4,1,1
1765409438.225360,0.04391,0.02568,0.06430,-0.00223,-0.00210,0.00098,0.58471,-0.00063,0.14072,0.00083,0.70706,-0.00010,0.70715,1,4,1,1
1765409438.227348,-0.01050,0.02175,-0.03484,0.00165,-0.00019,-0.00013,0.58471,-0.00063,0.14072,0.00083,0.70706,-0.00010,0.70715,1,4,1,1
1765409438.229346,-0.03130,0.01941,0.01875,0.00097,-0.00005,0.00061,0.58471,-0.00063,0.14072,0.00083,0.70706,-0.00010,0.70715,1,4,1,1
1765409438.231338,0.00758,0.00064,0.01909,-0.00013,0.00026,0.00085,0.58471,-0.00063,0.14072,0.00083,0.70706,-0.00010,0.70715,1,4,1,1
1765409438.233355,0.00230,0.00629,0.04223,-0.00290,-0.00158,0.00115,0.58471,-0.00063,0.14072,0.00083,0.70706,-0.00010,0.70715,1,4,1,1
1765409438.235350,0.01529,0.02101,0.01097,0.00077,-0.00049,0.00069,0.58471,-0.00063,0.14072,0.00083,0.70706,-0.00010,0.70715,1,4,1,1
1765409438.237350,0.00007,0.02057,0.01864,-0.00098,-0.00005,0.00072,0.58471,-0.00063,0.14072,0.00083,0.70706,-0.00010,0.70715,1,4,1,1
1765409438.239345,-0.01053,0.00415,0.06471,-0.00228,-0.00106,0.00023,0.58471,-0.00063,0.14072,0.00083,0.70706,-0.00010,0.70715,1,4,1,1
1765409438.241341,0.00440,0.01857,0.04169,-0.00101,-0.00086,0.00100,0.58471,-0.00063,0.14072,0.00083,0.70706,-0.00010,0.70715,1,4,1,1
1765409438.243454,0.01629,0.00061,0.01892,-0.00013,0.00015,0.00043,0.58467,-0.00063,0.14072,0.00083,0.70706,-0.00010,0.70715,1,4,1,1
1765409438.245434,0.00244,-0.00477,-0.01880,0.00177,-0.00133,0.00002,0.58467,-0.00063,0.14072,0.00083,0.70706,-0.00010,0.70715,1,4,1,1
1765409438.247427,0.02888,0.04317,-0.01214,-0.00027,-0.00142,0.00106,0.58463,-0.00063,0.14072,0.00083,0.70706,-0.00010,0.70715,1,4,1,1
1765409438.249466,0.02377,-0.00805,-0.01134,0.00151,-0.00096,-0.00013,0.58463,-0.00063,0.14072,0.00083,0.70706,-0.00010,0.70715,1,4,1,1
1765409438.251357,0.01303,0.00850,0.03389,-0.00069,-0.00046,0.00005,0.58458,-0.00063,0.14072,0.00083,0.70707,-0.00010,0.70715,1,4,1,1
1765409438.253636,0.03211,0.02474,-0.00443,0.00038,0.00033,0.00093,0.58458,-0.00063,0.14072,0.00083,0.70707,-0.00010,0.70715,1,4,1,1
1765409438.255358,-0.00642,0.03350,0.01766,0.00179,0.00076,-0.00064,0.58450,-0.00063,0.14071,0.00083,0.70707,-0.00010,0.70714,1,4,1,1
1765409438.257352,-0.00453,0.00898,-0.00403,-0.00003,-0.00037,0.00003,0.58434,-0.00063,0.14070,0.00083,0.70708,-0.00010,0.70713,1,4,1,1
1765409438.259346,0.02511,0.03110,-0.01946,-0.00042,-0.00162,0.00080,0.58434,-0.00063,0.14070,0.00083,0.70708,-0.00010,0.70713,1,4,1,1
1765409438.261364,-0.00476,-0.02003,-0.00339,0.00071,-0.00073,-0.00036,0.58434,-0.00063,0.14070,0.00083,0.70708,-0.00010,0.70713,1,4,1,1
1765409438.263350,0.03166,-0.00251,0.00400,-0.00279,-0.00054,0.00068,0.58434,-0.00063,0.14070,0.00083,0.70708,-0.00010,0.70713,1,4,1,1
1765409438.265392,0.02816,0.01789,0.04125,0.00052,-0.00001,0.00057,0.58434,-0.00063,0.14070,0.00083,0.70708,-0.00010,0.70713,1,4,1,1
1765409438.267365,-0.01828,0.00128,-0.00414,0.00096,0.00093,-0.00036,0.58434,-0.00063,0.14070,0.00083,0.70708,-0.00010,0.70713,1,4,1,1
1765409438.269382,-0.00207,0.02011,0.01082,0.00076,0.00125,0.00070,0.58434,-0.00063,0.14070,0.00083,0.70708,-0.00010,0.70713,1,4,1,1
1765409438.271370,-0.01674,0.00695,0.04942,-0.00049,-0.00073,0.00036,0.58434,-0.00063,0.14070,0.00083,0.70708,-0.00010,0.70713,1,4,1,1
1765409438.273388,-0.00548,-0.01079,0.01923,0.00082,0.00003,0.00019,0.58434,-0.00063,0.14070,0.00083,0.70708,-0.00010,0.70713,1,4,1,1
1765409438.275377,0.03752,0.02322,-0.00456,0.00014,-0.00089,-0.00001,0.58434,-0.00063,0.14070,0.00083,0.70708,-0.00010,0.70713,1,4,1,1
1765409438.277385,0.01845,0.04435,0.04100,-0.00288,-0.00028,0.00125,0.58434,-0.00063,0.14070,0.00083,0.70708,-0.00010,0.70713,1,4,1,1
1765409438.279378,0.02845,0.02856,0.04121,0.00043,-0.00116,0.00070,0.58430,-0.00063,0.14071,0.00083,0.70708,-0.00010,0.70714,1,4,1,1
1765409438.281388,-0.01702,-0.00797,0.00402,-0.00002,-0.00034,-0.00008,0.58430,-0.00063,0.14071,0.00083,0.70708,-0.00010,0.70714,1,4,1,1
1765409438.283366,0.01254,0.00406,-0.01126,-0.00031,-0.00120,0.00055,0.58430,-0.00063,0.14071,0.00083,0.70708,-0.00010,0.70714,1,4,1,1
1765409438.285384,0.02079,0.01826,-0.00416,-0.00035,-0.00068,0.00054,0.58426,-0.00063,0.14071,0.00083,0.70708,-0.00010,0.70714,1,4,1,1
1765409438.287374,-0.01425,0.01459,-0.00402,0.00113,-0.00064,0.00031,0.58422,-0.00063,0.14071,0.00083,0.70708,-0.00010,0.70714,1,4,1,1
1765409438.289390,0.01555,0.02974,0.01804,0.00022,0.00089,0.00042,0.58422,-0.00063,0.14071,0.00083,0.70708,-0.00010,0.70714,1,4,1,1
1765409438.291389,0.04545,0.04211,0.04063,-0.00006,-0.00024,0.00068,0.58418,-0.00063,0.14070,0.00083,0.70708,-0.00010,0.70713,1,4,1,1
1765409438.293396,0.02005,-0.01088,-0.01099,0.00060,-0.00090,0.00055,0.58402,-0.00063,0.14070,0.00083,0.70709,-0.00010,0.70712,1,4,1,1
1765409438.295394,-0.00978,0.00681,-0.01165,0.00103,-0.00018,-0.00011,0.58402,-0.00063,0.14070,0.00083,0.70709,-0.00010,0.70712,1,4,1,1
1765409438.297401,0.00755,0.03662,-0.01199,0.00031,-0.00155,0.00068,0.58402,-0.00063,0.14070,0.00083,0.70709,-0.00010,0.70712,1,4,1,1
1765409438.299450,-0.00933,0.01654,0.00354,0.00028,-0.00044,0.00044,0.58402,-0.00063,0.14070,0.00083,0.70709,-0.00010,0.70712,1,4,1,1
1765409438.301400,0.01367,-0.00409,0.01876,0.00243,0.00094,0.00016,0.58402,-0.00063,0.14070,0.00083,0.70709,-0.00010,0.70712,1,4,1,1
1765409438.303387,0.03278,0.01493,-0.00472,0.00048,0.00069,-0.00042,0.58402,-0.00063,0.14070,0.00083,0.70709,-0.00010,0.70712,1,4,1,1
1765409438.305388,-0.00861,0.01151,0.03414,-0.00044,-0.00057,0.00061,0.58402,-0.00063,0.14070,0.00083,0.70709,-0.00010,0.70712,1,4,1,1
1765409438.307394,0.01282,0.00776,0.00375,-0.00114,0.00006,0.00083,0.58402,-0.00063,0.14070,0.00083,0.70709,-0.00010,0.70712,1,4,1,1
1765409438.309395,-0.00179,-0.01740,0.01172,0.00183,-0.00065,-0.00022,0.58402,-0.00063,0.14070,0.00083,0.70709,-0.00010,0.70712,1,4,1,1
1765409438.311387,0.00826,0.05514,0.00250,-0.00078,-0.00030,0.00055,0.58398,-0.00062,0.14069,0.00082,0.70709,-0.00010,0.70712,1,4,1,1
1765409438.313395,0.01579,0.02989,0.01013,0.00044,0.00101,-0.00039,0.58398,-0.00062,0.14069,0.00082,0.70709,-0.00010,0.70712,1,4,1,1
1765409438.315390,-0.00651,-0.03003,-0.04892,0.00233,0.00006,-0.00053,0.58394,-0.00063,0.14070,0.00083,0.70709,-0.00010,0.70713,1,4,1,1
1765409438.317394,0.00234,-0.03549,-0.03342,0.00161,0.00009,0.00001,0.58394,-0.00063,0.14070,0.00083,0.70709,-0.00010,0.70713,1,4,1,1
1765409438.319411,0.00055,-0.00861,0.01190,-0.00112,-0.00067,0.00072,0.58390,-0.00062,0.14070,0.00083,0.70709,-0.00010,0.70712,1,4,1,1
1765409438.321389,0.02171,-0.01594,0.00431,-0.00077,-0.00117,0.00029,0.58390,-0.00062,0.14070,0.00083,0.70709,-0.00010,0.70712,1,4,1,1
1765409438.323430,0.02028,-0.04125,0.01226,0.00045,0.00026,0.00017,0.58390,-0.00062,0.14070,0.00083,0.70709,-0.00010,0.70712,1,4,1,1
1765409438.325412,0.03996,0.02980,0.01849,0.00066,-0.00014,0.00161,0.58386,-0.00063,0.14070,0.00083,0.70709,-0.00010,0.70712,1,4,1,1
1765409438.327420,0.02295,0.05477,0.02522,0.00096,0.00028,0.00095,0.58382,-0.00063,0.14070,0.00083,0.70709,-0.00010,0.70712,1,4,1,1
1765409438.329426,0.01202,0.03385,0.00298,0.00027,-0.00110,0.00015,0.58370,-0.00063,0.14070,0.00083,0.70708,-0.00010,0.70713,1,4,1,1
1765409438.331418,-0.01796,0.00197,0.02673,0.00054,-0.00033,0.00047,0.58370,-0.00063,0.14070,0.00083,0.70708,-0.00010,0.70713,1,4,1,1
1765409438.333745,-0.00876,-0.04348,-0.00264,-0.00023,0.00049,0.00045,0.58370,-0.00063,0.14070,0.00083,0.70708,-0.00010,0.70713,1,4,1,1
1765409438.335415,-0.02578,0.02116,0.00318,-0.00011,0.00050,-0.00008,0.58370,-0.00063,0.14070,0.00083,0.70708,-0.00010,0.70713,1,4,1,1
1765409438.337429,0.00640,0.06450,0.00245,0.00021,0.00049,0.00149,0.58370,-0.00063,0.14070,0.00083,0.70708,-0.00010,0.70713,1,4,1,1
1765409438.339404,0.03165,0.05479,0.01728,0.00118,0.00029,0.00013,0.58370,-0.00063,0.14070,0.00083,0.70708,-0.00010,0.70713,1,4,1,1
1765409438.341409,0.03299,-0.04720,0.03544,0.00104,-0.00180,0.00018,0.58370,-0.00063,0.14070,0.00083,0.70708,-0.00010,0.70713,1,4,1,1
1765409438.343435,0.01628,-0.00892,0.02730,-0.00046,-0.00072,0.00152,0.58370,-0.00063,0.14070,0.00083,0.70708,-0.00010,0.70713,1,4,1,1
1765409438.345412,-0.01518,0.00917,-0.01935,0.00194,0.00039,0.00002,0.58366,-0.00063,0.14070,0.00083,0.70708,-0.00011,0.70713,1,4,1,1
1765409438.347452,-0.03408,0.02104,-0.04998,-0.00033,0.00073,-0.00012,0.58366,-0.00063,0.14070,0.00083,0.70708,-0.00011,0.70713,1,4,1,1
1765409438.349426,-0.00092,0.00623,0.01920,-0.00006,-0.00040,0.00112,0.58362,-0.00062,0.14070,0.00083,0.70708,-0.00010,0.70713,1,4,1,1
1765409438.351453,0.04098,0.02522,0.04087,0.00061,-0.00018,0.00015,0.58362,-0.00062,0.14070,0.00083,0.70708,-0.00010,0.70713,1,4,1,1
1765409438.353430,0.02896,-0.00591,0.06443,0.00066,-0.00078,-0.00035,0.58358,-0.00063,0.14071,0.00083,0.70708,-0.00010,0.70714,1,4,1,1
1765409438.355462,0.01615,0.02005,0.02608,-0.00033,0.00039,0.00070,0.58358,-0.00063,0.14071,0.00083,0.70708,-0.00010,0.70714,1,4,1,1
1765409438.357444,-0.01801,0.02597,-0.01191,0.00017,0.00029,0.00057,0.58354,-0.00063,0.14071,0.00083,0.70707,-0.00011,0.70714,1,4,1,1
1765409438.359467,-0.03458,-0.00248,-0.01130,0.00070,-0.00026,-0.00021,0.58334,-0.00063,0.14073,0.00083,0.70705,-0.00010,0.70716,1,4,1,1
1765409438.361483,0.01611,0.03041,0.01095,-0.00042,-0.00050,0.00123,0.58334,-0.00063,0.14073,0.00083,0.70705,-0.00010,0.70716,1,4,1,1
1765409438.363457,0.02986,0.00358,0.04183,-0.00075,-0.00116,0.00058,0.58334,-0.00063,0.14073,0.00083,0.70705,-0.00010,0.70716,1,4,1,1
1765409438.365443,0.03650,0.00327,0.02627,0.00100,-0.00023,0.00015,0.58334,-0.00063,0.14073,0.00083,0.70705,-0.00010,0.70716,1,4,1,1
1765409438.367450,0.03198,0.02441,0.03348,0.00038,0.00083,0.00096,0.58334,-0.00063,0.14073,0.00083,0.70705,-0.00010,0.70716,1,4,1,1
1765409438.369459,0.01075,0.02238,-0.00441,0.00057,0.00097,0.00081,0.58334,-0.00063,0.14073,0.00083,0.70705,-0.00010,0.70716,1,4,1,1
1765409438.371451,-0.01323,-0.00994,-0.00372,0.00083,-0.00065,-0.00063,0.58334,-0.00063,0.14073,0.00083,0.70705,-0.00010,0.70716,1,4,1,1
1765409438.373442,-0.01395,0.00901,-0.02651,0.00041,-0.00025,0.00083,0.58334,-0.00063,0.14073,0.00083,0.70705,-0.00010,0.70716,1,4,1,1
1765409438.375432,0.02091,0.05263,0.01785,-0.00081,-0.00071,0.00082,0.58334,-0.00063,0.14073,0.00083,0.70705,-0.00010,0.70716,1,4,1,1
1765409438.377436,0.05706,0.02454,0.01826,0.00082,0.00003,0.00092,0.58334,-0.00063,0.14073,0.00083,0.70705,-0.00010,0.70716,1,4,1,1
1765409438.379486,0.06456,-0.00525,0.00353,0.00199,0.00059,0.00050,0.58334,-0.00063,0.14073,0.00083,0.70705,-0.00010,0.70716,1,4,1,1
1765409438.381469,0.01973,0.03724,0.01804,0.00010,0.00046,0.00082,0.58330,-0.00063,0.14073,0.00083,0.70705,-0.00010,0.70716,1,4,1,1
1765409438.383489,-0.02629,0.01604,-0.00412,0.00005,0.00065,0.00045,0.58330,-0.00063,0.14073,0.00083,0.70705,-0.00010,0.70716,1,4,1,1
1765409438.385463,-0.02234,-0.00040,0.01137,0.00094,-0.00003,-0.00007,0.58326,-0.00063,0.14073,0.00083,0.70705,-0.00010,0.70716,1,4,1,1
1765409438.387469,-0.02246,0.04950,-0.00487,0.00089,-0.00095,0.00017,0.58326,-0.00063,0.14073,0.00083,0.70705,-0.00010,0.70716,1,4,1,1
1765409438.389460,0.03649,0.01312,-0.01190,0.00090,-0.00036,0.00025,0.58322,-0.00062,0.14073,0.00082,0.70704,-0.00010,0.70717,1,4,1,1
1765409438.391454,0.04608,0.03182,0.01060,-0.00084,-0.00010,0.00093,0.58322,-0.00062,0.14073,0.00082,0.70704,-0.00010,0.70717,1,4,1,1
1765409438.393465,0.02223,0.02929,0.02578,0.00131,0.00146,0.00122,0.58318,-0.00063,0.14074,0.00083,0.70704,-0.00010,0.70717,1,4,1,1
1765409438.395494,-0.00149,0.02162,-0.00409,0.00078,-0.00079,0.00070,0.58318,-0.00063,0.14074,0.00083,0.70704,-0.00010,0.70717,1,4,1,1
1765409438.397481,-0.00887,-0.01751,-0.01856,0.00052,-0.00081,-0.00024,0.58298,-0.00063,0.14075,0.00083,0.70703,-0.00011,0.70718,1,4,1,1
1765409438.399492,0.01739,0.04550,0.00295,-0.00133,-0.00116,0.00082,0.58298,-0.00063,0.14075,0.00083,0.70703,-0.00011,0.70718,1,4,1,1
1765409438.401477,0.01250,0.00838,-0.00414,-0.00026,-0.00020,0.00001,0.58298,-0.00063,0.14075,0.00083,0.70703,-0.00011,0.70718,1,4,1,1
1765409438.403976,0.03198,-0.00518,0.07184,0.00089,0.00135,0.00019,0.58298,-0.00063,0.14075,0.00083,0.70703,-0.00011,0.70718,1,4,1,1
1765409438.405481,0.01930,0.01752,0.03376,0.00051,0.00061,0.00097,0.58298,-0.00063,0.14075,0.00083,0.70703,-0.00011,0.70718,1,4,1,1
1765409438.407479,0.01568,0.03024,0.01017,0.00066,0.00063,-0.00039,0.58298,-0.00063,0.14075,0.00083,0.70703,-0.00011,0.70718,1,4,1,1
1765409438.409488,0.01997,0.03376,0.02552,0.00093,-0.00082,-0.00025,0.58298,-0.00063,0.14075,0.00083,0.70703,-0.00011,0.70718,1,4,1,1
1765409438.411482,-0.00313,0.03910,0.07930,-0.00163,-0.00180,0.00090,0.58298,-0.00063,0.14075,0.00083,0.70703,-0.00011,0.70718,1,4,1,1
1765409438.413490,0.02102,-0.00599,0.01185,-0.00043,-0.00129,0.00083,0.58298,-0.00063,0.14075,0.00083,0.70703,-0.00011,0.70718,1,4,1,1
1765409438.415480,0.01177,-0.00216,-0.00411,0.00027,0.00096,-0.00012,0.58298,-0.00063,0.14075,0.00083,0.70703,-0.00011,0.70718,1,4,1,1
1765409438.417488,0.02428,0.03459,0.03322,-0.00015,0.00053,0.00069,0.58294,-0.00063,0.14074,0.00083,0.70703,-0.00010,0.70718,1,4,1,1
1765409438.419476,0.01627,0.01051,-0.02701,-0.00001,0.00014,0.00013,0.58294,-0.00063,0.14074,0.00083,0.70703,-0.00010,0.70718,1,4,1,1
1765409438.421492,-0.03438,-0.00258,0.02667,0.00048,-0.00014,-0.00018,0.58290,-0.00063,0.14074,0.00083,0.70703,-0.00010,0.70718,1,4,1,1
1765409438.423477,0.03276,0.03924,0.01075,-0.00075,0.00007,0.00175,0.58290,-0.00063,0.14074,0.00083,0.70703,-0.00010,0.70718,1,4,1,1
1765409438.425470,0.00284,0.00362,0.04156,0.00078,0.00030,0.00019,0.58286,-0.00063,0.14074,0.00083,0.70704,-0.00011,0.70718,1,4,1,1
1765409438.427502,0.01956,-0.00627,0.02616,0.00153,0.00035,-0.00078,0.58286,-0.00063,0.14074,0.00083,0.70704,-0.00011,0.70718,1,4,1,1
1765409438.429513,0.02366,0.00012,0.02653,0.00052,0.00070,0.00083,0.58282,-0.00063,0.14074,0.00083,0.70704,-0.00010,0.70717,1,4,1,1
1765409438.431538,0.01053,0.02074,0.09439,-0.00229,-0.00070,-0.00004,0.58282,-0.00063,0.14074,0.00083,0.70704,-0.00010,0.70717,1,4,1,1
1765409438.433515,-0.00208,0.02143,0.00325,0.00143,-0.00016,0.00030,0.58262,-0.00063,0.14074,0.00083,0.70704,-0.00011,0.70717,1,4,1,1
1765409438.435501,0.01620,0.04053,0.03359,-0.00052,-0.00089,0.00138,0.58262,-0.00063,0.14074,0.00083,0.70704,-0.00011,0.70717,1,4,1,1
1765409438.437517,0.03276,0.02524,-0.01208,0.00017,-0.00032,0.00052,0.58262,-0.00063,0.14074,0.00083,0.70704,-0.00011,0.70717,1,4,1,1
1765409438.439495,0.03298,0.01103,0.01860,0.00043,-0.00083,0.00015,0.58262,-0.00063,0.14074,0.00083,0.70704,-0.00011,0.70717,1,4,1,1
1765409438.441498,0.04568,0.04133,0.02552,-0.00073,0.00040,0.00107,0.58262,-0.00063,0.14074,0.00083,0.70704,-0.00011,0.70717,1,4,1,1
1765409438.443500,0.00822,-0.02852,0.00423,0.00017,0.00013,-0.00037,0.58262,-0.00063,0.14074,0.00083,0.70704,-0.00011,0.70717,1,4,1,1
1765409438.445508,-0.01281,0.02382,-0.00438,-0.00029,-0.00029,0.00004,0.58262,-0.00063,0.14074,0.00083,0.70704,-0.00011,0.70717,1,4,1,1
1765409438.447519,-0.00718,0.02062,-0.00403,-0.00208,-0.00034,0.00071,0.58262,-0.00063,0.14074,0.00083,0.70704,-0.00011,0.70717,1,4,1,1
1765409438.449510,0.01675,-0.00373,-0.00373,-0.00018,-0.00062,0.00015,0.58262,-0.00063,0.14074,0.00083,0.70704,-0.00011,0.70717,1,4,1,1
1765409438.451511,0.05021,-0.03438,0.01198,0.00010,-0.00011,0.00014,0.58262,-0.00063,0.14074,0.00083,0.70704,-0.00011,0.70717,1,4,1,1
1765409438.453519,0.02355,-0.00443,0.04177,0.00090,0.00044,0.00058,0.58258,-0.00063,0.14073,0.00083,0.70705,-0.00010,0.70716,1,4,1,1
1765409438.455517,-0.00067,0.02121,0.02628,-0.00010,-0.00055,0.00072,0.58258,-0.00063,0.14073,0.00083,0.70705,-0.00010,0.70716,1,4,1,1
1765409438.457521,-0.03057,-0.00597,0.01148,0.00044,0.00084,0.00007,0.58254,-0.00063,0.14073,0.00083,0.70705,-0.00011,0.70716,1,4,1,1
1765409438.459513,-0.02533,0.03098,0.03339,-0.00064,0.00036,0.00007,0.58254,-0.00063,0.14073,0.00083,0.70705,-0.00011,0.70716,1,4,1,1
1765409438.461516,0.03626,0.04152,0.03308,0.00015,0.00077,0.00108,0.58250,-0.00063,0.14074,0.00083,0.70705,-0.00010,0.70716,1,4,1,1
1765409438.463532,0.04034,-0.00920,0.02640,0.00150,0.00011,-0.00012,0.58250,-0.00063,0.14074,0.00083,0.70705,-0.00010,0.70716,1,4,1,1
1765409438.465524,0.01923,-0.00159,0.01091,0.00159,0.00061,-0.00052,0.58246,-0.00063,0.14074,0.00083,0.70705,-0.00010,0.70717,1,4,1,1
1765409438.467563,-0.01499,0.02381,-0.03474,0.00146,0.00026,0.00041,0.58246,-0.00063,0.14074,0.00083,0.70705,-0.00010,0.70717,1,4,1,1
1765409438.469513,-0.01413,0.02407,-0.01167,0.00059,-0.00051,0.00084,0.58242,-0.00062,0.14073,0.00083,0.70705,-0.00011,0.70716,1,4,1,1
1765409438.471529,0.01004,-0.02078,-0.00350,0.00223,0.00023,0.00002,0.58242,-0.00062,0.14073,0.00083,0.70705,-0.00011,0.70716,1,4,1,1
1765409438.473605,0.00415,0.02355,0.05668,-0.00073,-0.00074,0.00088,0.58230,-0.00062,0.14074,0.00083,0.70705,-0.00010,0.70716,1,4,1,1
1765409438.475533,0.05022,0.01017,0.02643,-0.00045,-0.00077,0.00094,0.58230,-0.00062,0.14074,0.00083,0.70705,-0.00010,0.70716,1,4,1,1
1765409438.477535,0.01533,-0.00931,0.00402,0.00062,0.00043,0.00069,0.58230,-0.00062,0.14074,0.00083,0.70705,-0.00010,0.70716,1,4,1,1
1765409438.479543,0.00306,0.04868,0.01054,0.00023,-0.00112,0.00097,0.58230,-0.00062,0.14074,0.00083,0.70705,-0.00010,0.70716,1,4,1,1
1765409438.481542,-0.00084,0.05553,-0.01267,-0.00012,-0.00032,0.00055,0.58230,-0.00062,0.14074,0.00083,0.70705,-0.00010,0.70716,1,4,1,1
1765409438.483542,0.01356,-0.00060,-0.00391,-0.00058,-0.00135,-0.00052,0.58230,-0.00062,0.14074,0.00083,0.70705,-0.00010,0.70716,1,4,1,1
1765409438.485538,0.00741,-0.03323,-0.03322,0.00055,-0.00035,0.00055,0.58226,-0.00062,0.14074,0.00083,0.70705,-0.00010,0.70716,1,4,1,1
1765409438.487543,0.02080,-0.04618,0.00489,-0.00004,0.00000,0.00030,0.58226,-0.00062,0.14074,0.00083,0.70705,-0.00010,0.70716,1,4,1,1
1765409438.489538,0.02913,-0.01606,0.00384,0.00054,-0.00052,-0.00053,0.58222,-0.00062,0.14073,0.00083,0.70706,-0.00011,0.70716,1,4,1,1
1765409438.491552,0.02780,0.00823,0.03403,0.00084,-0.00025,0.00084,0.58222,-0.00062,0.14073,0.00083,0.70706,-0.00011,0.70716,1,4,1,1
1765409438.493531,-0.00324,0.00916,0.01128,-0.00112,-0.00103,0.00005,0.58218,-0.00062,0.14073,0.00083,0.70706,-0.00010,0.70715,1,4,1,1
1765409438.495533,-0.03054,0.00967,0.02643,0.00063,-0.00019,0.00008,0.58218,-0.00062,0.14073,0.00083,0.70706,-0.00010,0.70715,1,4,1,1
1765409438.497539,0.02504,0.02956,-0.02712,-0.00109,0.00003,0.00119,0.58214,-0.00062,0.14073,0.00083,0.70706,-0.00010,0.70715,1,4,1,1
1765409438.499548,0.00578,-0.01221,0.01975,-0.00269,-0.00008,0.00140,0.58214,-0.00062,0.14073,0.00083,0.70706,-0.00010,0.70715,1,4,1,1
1765409438.501544,-0.00151,-0.00796,0.00371,0.00151,-0.00015,-0.00050,0.58209,-0.00062,0.14073,0.00083,0.70705,-0.00011,0.70716,1,4,1,1
1765409438.503588,0.01583,0.03467,0.04102,-0.00037,0.00051,0.00111,0.58209,-0.00062,0.14073,0.00083,0.70705,-0.00011,0.70716,1,4,1,1
1765409438.505551,0.01979,0.02886,0.01829,0.00087,-0.00106,0.00029,0.58206,-0.00062,0.14073,0.00083,0.70705,-0.00010,0.70716,1,4,1,1
1765409438.507587,-0.00993,0.02624,-0.00450,0.00083,0.00006,0.00016,0.58193,-0.00062,0.14074,0.00083,0.70705,-0.00010,0.70717,1,4,1,1
1765409438.509574,0.01485,0.03966,0.00280,0.00056,0.00078,0.00095,0.58193,-0.00062,0.14074,0.00083,0.70705,-0.00010,0.70717,1,4,1,1
1765409438.511563,0.01657,0.00133,-0.01132,-0.00012,-0.00087,0.00041,0.58193,-0.00062,0.14074,0.00083,0.70705,-0.00010,0.70717,1,4,1,1
1765409438.513551,-0.00079,0.03153,0.02597,0.00024,-0.00094,0.00045,0.58193,-0.00062,0.14074,0.00083,0.70705,-0.00010,0.70717,1,4,1,1
1765409438.515606,0.01928,0.04652,0.04828,-0.00001,0.00110,0.00138,0.58193,-0.00062,0.14074,0.00083,0.70705,-0.00010,0.70717,1,4,1,1
1765409438.517579,-0.00600,-0.01586,0.00417,0.00120,0.00030,0.00031,0.58193,-0.00062,0.14074,0.00083,0.70705,-0.00010,0.70717,1,4,1,1
1765409438.519567,0.02933,0.00847,0.02641,-0.00025,-0.00090,0.00043,0.58193,-0.00062,0.14074,0.00083,0.70705,-0.00010,0.70717,1,4,1,1
1765409438.521560,0.03696,0.02782,0.03367,-0.00002,-0.00075,0.00109,0.58189,-0.00062,0.14073,0.00083,0.70705,-0.00010,0.70716,1,4,1,1
1765409438.523571,0.03799,0.02384,0.00317,-0.00007,-0.00179,-0.00001,0.58189,-0.00062,0.14073,0.00083,0.70705,-0.00010,0.70716,1,4,1,1
1765409438.525568,0.01122,0.00827,0.02613,0.00083,0.00045,0.00004,0.58185,-0.00062,0.14073,0.00083,0.70705,-0.00011,0.70716,1,4,1,1
1765409438.527569,-0.02199,0.02808,-0.01936,-0.00046,0.00047,0.00111,0.58185,-0.00062,0.14073,0.00083,0.70705,-0.00011,0.70716,1,4,1,1
1765409438.529576,0.00367,0.03354,-0.01206,-0.00017,-0.00074,0.00055,0.58181,-0.00062,0.14074,0.00083,0.70705,-0.00010,0.70717,1,4,1,1
1765409438.531560,-0.00093,0.01207,-0.01936,0.00088,-0.00093,-0.00025,0.58181,-0.00062,0.14074,0.00083,0.70705,-0.00010,0.70717,1,4,1,1
1765409438.533575,0.04652,0.02798,0.01099,-0.00089,-0.00162,0.00107,0.58177,-0.00062,0.14073,0.00083,0.70705,-0.00010,0.70717,1,4,1,1
1765409438.535578,0.01001,-0.02520,0.01195,0.00240,-0.00039,0.00017,0.58177,-0.00062,0.14073,0.00083,0.70705,-0.00010,0.70717,1,4,1,1
1765409438.537598,0.02025,-0.01098,0.02698,0.00038,-0.00078,0.00058,0.58173,-0.00062,0.14074,0.00083,0.70705,-0.00011,0.70717,1,4,1,1
1765409438.539604,-0.01801,0.02099,-0.01174,0.00011,0.00030,0.00071,0.58173,-0.00062,0.14074,0.00083,0.70705,-0.00011,0.70717,1,4,1,1
1765409438.541579,-0.00633,0.04076,0.02609,-0.00292,-0.00125,0.00100,0.58169,-0.00062,0.14073,0.00083,0.70705,-0.00010,0.70717,1,4,1,1
1765409438.543607,-0.01185,0.00880,-0.01138,-0.00135,-0.00053,0.00044,0.58152,-0.00062,0.14073,0.00083,0.70705,-0.00010,0.70716,1,4,1,1
1765409438.545584,0.01350,0.03386,0.01069,-0.00104,-0.00163,0.00016,0.58152,-0.00062,0.14073,0.00083,0.70705,-0.00010,0.70716,1,4,1,1
1765409438.547586,0.04464,0.00284,0.01116,0.00099,-0.00007,0.00053,0.58152,-0.00062,0.14073,0.00083,0.70705,-0.00010,0.70716,1,4,1,1
1765409438.549613,0.00163,0.01434,-0.00451,0.00244,-0.00008,-0.00052,0.58152,-0.00062,0.14073,0.00083,0.70705,-0.00010,0.70716,1,4,1,1
1765409438.551589,0.02706,0.02247,0.02592,0.00123,0.00064,0.00082,0.58152,-0.00062,0.14073,0.00083,0.70705,-0.00010,0.70716,1,4,1,1
1765409438.553621,-0.00567,-0.01065,0.00405,0.00104,-0.00009,0.00018,0.58152,-0.00062,0.14073,0.00083,0.70705,-0.00010,0.70716,1,4,1,1
1765409438.555583,-0.00574,0.00398,0.00382,0.00078,-0.00009,0.00058,0.58152,-0.00062,0.14073,0.00083,0.70705,-0.00010,0.70716,1,4,1,1
1765409438.557615,0.03770,0.00721,0.00396,-0.00114,-0.00022,0.00161,0.58152,-0.00062,0.14073,0.00083,0.70705,-0.00010,0.70716,1,4,1,1
1765409438.559586,0.01204,-0.01077,0.02686,0.00039,-0.00069,0.00018,0.58152,-0.00062,0.14073,0.00083,0.70705,-0.00010,0.70716,1,4,1,1
1765409438.561593,0.04630,-0.01218,0.02682,-0.00050,-0.00033,0.00055,0.58148,-0.00062,0.14073,0.00083,0.70705,-0.00011,0.70716,1,4,1,1
1765409438.563616,0.01076,0.02739,0.01820,0.00063,0.00096,0.00070,0.58148,-0.00062,0.14073,0.00083,0.70705,-0.00011,0.70716,1,4,1,1
1765409438.565592,-0.00857,0.02665,-0.00451,-0.00004,-0.00072,-0.00024,0.58144,-0.00062,0.14073,0.00083,0.70706,-0.00011,0.70716,1,4,1,1
1765409438.567603,0.00808,0.04041,0.00287,-0.00052,-0.00029,0.00055,0.58144,-0.00062,0.14073,0.00083,0.70706,-0.00011,0.70716,1,4,1,1
1765409438.569602,0.02914,0.02342,0.00344,-0.00029,-0.00129,0.00081,0.58140,-0.00062,0.14072,0.00083,0.70706,-0.00010,0.70715,1,4,1,1
1765409438.571626,0.00325,-0.02993,-0.01084,0.00124,-0.00070,-0.00051,0.58140,-0.00062,0.14072,0.00083,0.70706,-0.00010,0.70715,1,4,1,1
1765409438.573659,0.03659,0.00702,0.01108,0.00017,0.00079,0.00081,0.58136,-0.00062,0.14072,0.00083,0.70706,-0.00011,0.70716,1,4,1,1
1765409438.575619,0.03194,0.01008,0.04152,0.00064,0.00034,0.00097,0.58136,-0.00062,0.14072,0.00083,0.70706,-0.00011,0.70716,1,4,1,1
1765409438.577607,-0.01965,0.01203,-0.01930,0.00219,0.00006,0.00016,0.58115,-0.00062,0.14071,0.00082,0.70707,-0.00011,0.70714,1,4,1,1
1765409438.579613,-0.02725,-0.01240,-0.01085,0.00145,-0.00033,0.00046,0.58115,-0.00062,0.14071,0.00082,0.70707,-0.00011,0.70714,1,4,1,1
1765409438.581599,0.01117,0.03774,0.04090,0.00032,0.00018,0.00085,0.58115,-0.00062,0.14071,0.00082,0.70707,-0.00011,0.70714,1,4,1,1
1765409438.583635,0.02119,0.01747,0.00316,-0.00080,0.00033,0.00014,0.58115,-0.00062,0.14071,0.00082,0.70707,-0.00011,0.70714,1,4,1,1
1765409438.585602,0.01165,0.01317,0.01819,0.00067,0.00056,-0.00051,0.58115,-0.00062,0.14071,0.00082,0.70707,-0.00011,0.70714,1,4,1,1
1765409438.587617,0.01529,0.03950,-0.01998,0.00012,0.00077,0.00093,0.58115,-0.00062,0.14071,0.00082,0.70707,-0.00011,0.70714,1,4,1,1
1765409438.589597,-0.00852,0.00257,0.01911,0.00011,-0.00146,0.00006,0.58115,-0.00062,0.14071,0.00082,0.70707,-0.00011,0.70714,1,4,1,1
1765409438.591653,-0.02589,-0.04664,0.01265,0.00082,-0.00071,-0.00019,0.58115,-0.00062,0.14071,0.00082,0.70707,-0.00011,0.70714,1,4,1,1
1765409438.593623,0.03109,0.00977,0.02622,0.00129,0.00098,0.00095,0.58115,-0.00062,0.14071,0.00082,0.70707,-0.00011,0.70714,1,4,1,1
1765409438.595620,0.05418,0.01726,0.05636,-0.00014,-0.00020,0.00056,0.58115,-0.00062,0.14071,0.00082,0.70707,-0.00011,0.70714,1,4,1,1
1765409438.597644,0.01876,0.00963,-0.04986,0.00238,-0.00104,-0.00043,0.58115,-0.00062,0.14071,0.00082,0.70707,-0.00011,0.70714,1,4,1,1
1765409438.599623,0.01482,0.04504,-0.01215,0.00041,-0.00010,0.00161,0.58111,-0.00062,0.14071,0.00082,0.70707,-0.00011,0.70714,1,4,1,1
1765409438.601619,0.00316,-0.00120,-0.00378,0.00050,-0.00007,0.00029,0.58107,-0.00062,0.14071,0.00083,0.70708,-0.00010,0.70714,1,4,1,1
1765409438.603635,-0.01713,-0.01260,0.00424,0.00014,-0.00071,0.00006,0.58107,-0.00062,0.14071,0.00083,0.70708,-0.00010,0.70714,1,4,1,1
1765409438.605642,0.02416,0.04981,0.01772,0.00003,0.00002,0.00068,0.58103,-0.00062,0.14071,0.00082,0.70707,-0.00011,0.70714,1,4,1,1
1765409438.607636,0.01636,0.02059,0.00339,-0.00033,-0.00037,0.00069,0.58103,-0.00062,0.14071,0.00082,0.70707,-0.00011,0.70714,1,4,1,1
1765409438.609658,0.03796,-0.02148,0.01156,0.00004,-0.00036,-0.00039,0.58103,-0.00062,0.14071,0.00082,0.70707,-0.00011,0.70714,1,4,1,1
1765409438.611675,0.04384,0.02178,0.02597,0.00100,0.00082,0.00121,0.58079,-0.00062,0.14071,0.00082,0.70707,-0.00011,0.70714,1,4,1,1
1765409438.613635,0.02468,0.00652,0.03424,0.00016,-0.00135,0.00071,0.58079,-0.00062,0.14071,0.00082,0.70707,-0.00011,0.70714,1,4,1,1
1765409438.615642,0.00711,0.02083,0.02562,0.00099,0.00048,-0.00050,0.58079,-0.00062,0.14071,0.00082,0.70707,-0.00011,0.70714,1,4,1,1
1765409438.617625,0.00266,0.03350,0.04861,0.00070,-0.00022,0.00060,0.58079,-0.00062,0.14071,0.00082,0.70707,-0.00011,0.70714,1,4,1,1
1765409438.619630,0.00763,0.01573,-0.01179,0.00005,-0.00001,0.00041,0.58079,-0.00062,0.14071,0.00082,0.70707,-0.00011,0.70714,1,4,1,1
1765409438.621664,-0.01391,-0.00987,0.01920,0.00127,-0.00063,-0.00021,0.58079,-0.00062,0.14071,0.00082,0.70707,-0.00011,0.70714,1,4,1,1
1765409438.623670,0.04025,0.03924,0.01048,0.00034,0.00035,0.00133,0.58079,-0.00062,0.14071,0.00082,0.70707,-0.00011,0.70714,1,4,1,1
1765409438.625697,0.01744,0.01787,0.01071,0.00248,0.00101,0.00055,0.58079,-0.00062,0.14071,0.00082,0.70707,-0.00011,0.70714,1,4,1,1
1765409438.627647,-0.02661,0.02646,-0.04240,0.00061,0.00014,0.00015,0.58079,-0.00062,0.14071,0.00082,0.70707,-0.00011,0.70714,1,4,1,1
1765409438.629653,-0.00279,0.05122,-0.00494,0.00179,-0.00042,0.00069,0.58079,-0.00062,0.14071,0.00082,0.70707,-0.00011,0.70714,1,4,1,1
1765409438.631641,0.01120,-0.00044,-0.02666,0.00138,-0.00094,-0.00013,0.58079,-0.00062,0.14071,0.00082,0.70707,-0.00011,0.70714,1,4,1,1
1765409438.633664,0.02794,-0.03099,0.03484,0.00124,-0.00022,0.00031,0.58079,-0.00062,0.14071,0.00082,0.70707,-0.00011,0.70714,1,4,1,1
1765409438.635640,0.02596,-0.00887,0.08018,-0.00112,-0.00098,0.00075,0.58075,-0.00062,0.14071,0.00082,0.70708,-0.00011,0.70713,1,4,1,1
1765409438.637661,-0.00520,-0.01636,-0.03382,0.00032,0.00055,0.00028,0.58075,-0.00062,0.14071,0.00082,0.70708,-0.00011,0.70713,1,4,1,1
1765409438.639672,0.01558,0.02556,0.01816,0.00061,0.00013,0.00016,0.58071,-0.00062,0.14071,0.00083,0.70708,-0.00010,0.70713,1,4,1,1
1765409438.641656,-0.00642,0.04109,0.05670,-0.00292,-0.00176,0.00143,0.58071,-0.00062,0.14071,0.00083,0.70708,-0.00010,0.70713,1,4,1,1
1765409438.643656,0.01504,0.00199,-0.01929,0.00185,-0.00074,-0.00040,0.58067,-0.00062,0.14071,0.00082,0.70708,-0.00011,0.70713,1,4,1,1
1765409438.645637,0.01868,0.02851,-0.00463,0.00174,-0.00029,0.00027,0.58067,-0.00062,0.14071,0.00082,0.70708,-0.00011,0.70713,1,4,1,1
1765409438.647688,0.02244,0.02983,0.00310,0.00132,0.00070,0.00121,0.58043,-0.00062,0.14071,0.00082,0.70707,-0.00011,0.70714,1,4,1,1
1765409438.649661,-0.01747,0.03673,-0.01210,0.00008,-0.00087,0.00030,0.58043,-0.00062,0.14071,0.00082,0.70707,-0.00011,0.70714,1,4,1,1
1765409438.651681,-0.00906,0.01160,0.01134,0.00000,-0.00057,0.00059,0.58043,-0.00062,0.14071,0.00082,0.70707,-0.00011,0.70714,1,4,1,1
1765409438.653665,0.02140,0.02720,0.03352,-0.00134,0.00019,0.00070,0.58043,-0.00062,0.14071,0.00082,0.70707,-0.00011,0.70714,1,4,1,1
1765409438.655667,0.01088,-0.04528,-0.00285,0.00171,-0.00014,-0.00010,0.58043,-0.00062,0.14071,0.00082,0.70707,-0.00011,0.70714,1,4,1,1
1765409438.657683,0.02409,-0.01357,0.01174,0.00079,-0.00057,0.00043,0.58043,-0.00062,0.14071,0.00082,0.70707,-0.00011,0.70714,1,4,1,1
1765409438.659684,-0.00889,0.02131,-0.01164,-0.00032,-0.00057,0.00070,0.58043,-0.00062,0.14071,0.00082,0.70707,-0.00011,0.70714,1,4,1,1
1765409438.661675,-0.01065,0.01696,0.02629,0.00159,-0.00043,0.00046,0.58043,-0.00062,0.14071,0.00082,0.70707,-0.00011,0.70714,1,4,1,1
1765409438.663667,0.01634,0.04549,0.00250,-0.00002,-0.00040,0.00000,0.58043,-0.00062,0.14071,0.00082,0.70707,-0.00011,0.70714,1,4,1,1
1765409438.665669,0.02403,0.02459,0.02596,-0.00006,0.00068,0.00096,0.58043,-0.00062,0.14071,0.00082,0.70707,-0.00011,0.70714,1,4,1,1
1765409438.667680,0.00480,-0.00616,-0.00402,-0.00044,-0.00011,-0.00078,0.58043,-0.00062,0.14071,0.00082,0.70707,-0.00011,0.70714,1,4,1,1
1765409438.669699,-0.00587,-0.01545,-0.01872,0.00142,-0.00009,-0.00011,0.58043,-0.00062,0.14071,0.00082,0.70707,-0.00011,0.70714,1,4,1,1
1765409438.671691,0.00839,0.03979,0.01075,-0.00140,-0.00003,0.00137,0.58039,-0.00062,0.14072,0.00082,0.70707,-0.00010,0.70714,1,4,1,1
1765409438.673688,0.00753,0.00632,0.04144,0.00059,-0.00014,-0.00008,0.58039,-0.00062,0.14072,0.00082,0.70707,-0.00010,0.70714,1,4,1,1
1765409438.675678,0.02450,0.00538,0.01886,-0.00007,0.00005,0.00069,0.58035,-0.00062,0.14072,0.00083,0.70707,-0.00010,0.70715,1,4,1,1
1765409438.677679,-0.00410,0.03771,0.00325,-0.00143,-0.00013,0.00124,0.58035,-0.00062,0.14072,0.00083,0.70707,-0.00010,0.70715,1,4,1,1
1765409438.679669,-0.00737,-0.03221,0.06530,-0.00053,-0.00108,-0.00057,0.58031,-0.00062,0.14072,0.00082,0.70707,-0.00010,0.70714,1,4,1,1
1765409438.681694,0.00056,0.00644,0.07973,-0.00094,-0.00069,0.00037,0.58031,-0.00062,0.14072,0.00082,0.70707,-0.00010,0.70714,1,4,1,1
1765409438.683693,0.00409,0.01911,0.01878,-0.00034,-0.00124,0.00058,0.58027,-0.00062,0.14072,0.00082,0.70707,-0.00011,0.70714,1,4,1,1
1765409438.685698,-0.00117,0.02197,0.00322,0.00100,-0.00094,-0.00010,0.58027,-0.00062,0.14072,0.00082,0.70707,-0.00011,0.70714,1,4,1,1
1765409438.687878,0.00732,0.03047,0.04096,0.00023,0.00023,0.00045,0.58002,-0.00062,0.14071,0.00083,0.70707,-0.00011,0.70714,1,4,1,1
1765409438.689724,0.01931,0.02743,0.04117,0.00041,0.00048,0.00111,0.58002,-0.00062,0.14071,0.00083,0.70707,-0.00011,0.70714,1,4,1,1
1765409438.691690,0.01950,0.01321,0.01851,0.00090,0.00010,0.00029,0.58002,-0.00062,0.14071,0.00083,0.70707,-0.00011,0.70714,1,4,1,1
1765409438.693720,0.05464,0.01291,0.03371,-0.00020,-0.00096,0.00027,0.58002,-0.00062,0.14071,0.00083,0.70707,-0.00011,0.70714,1,4,1,1
1765409438.695755,0.01636,0.03047,-0.01198,-0.00042,-0.00050,0.00081,0.58002,-0.00062,0.14071,0.00083,0.70707,-0.00011,0.70714,1,4,1,1
1765409438.697724,-0.01324,-0.02919,0.05007,0.00103,-0.00114,-0.00044,0.58002,-0.00062,0.14071,0.00083,0.70707,-0.00011,0.70714,1,4,1,1
1765409438.699725,0.00276,0.02807,-0.01962,0.00042,0.00017,0.00068,0.58002,-0.00062,0.14071,0.00083,0.70707,-0.00011,0.70714,1,4,1,1
1765409438.701728,0.02908,0.01834,0.02620,-0.00013,-0.00091,0.00056,0.58002,-0.00062,0.14071,0.00083,0.70707,-0.00011,0.70714,1,4,1,1
1765409438.703722,0.01942,0.00790,-0.03435,0.00061,0.00024,0.00079,0.58002,-0.00062,0.14071,0.00083,0.70707,-0.00011,0.70714,1,4,1,1
1765409438.705745,0.01456,0.00541,-0.00384,0.00102,0.00056,0.00109,0.58002,-0.00062,0.14071,0.00083,0.70707,-0.00011,0.70714,1,4,1,1
1765409438.707714,-0.02614,0.03121,-0.02702,-0.00020,-0.00012,0.00084,0.58002,-0.00062,0.14071,0.00083,0.70707,-0.00011,0.70714,1,4,1,1
1765409438.709712,-0.01762,0.01153,-0.03442,0.00022,-0.00009,0.00015,0.58002,-0.00062,0.14071,0.00083,0.70707,-0.00011,0.70714,1,4,1,1
1765409438.711701,0.02912,0.00782,0.01129,-0.00048,-0.00026,0.00082,0.57998,-0.00062,0.14072,0.00083,0.70707,-0.00010,0.70714,1,4,1,1
1765409438.713724,0.01993,-0.02537,-0.02595,0.00108,-0.00102,0.00014,0.57998,-0.00062,0.14072,0.00083,0.70707,-0.00010,0.70714,1,4,1,1
1765409438.715708,0.02856,-0.00643,0.03412,0.00066,-0.00026,0.00003,0.57994,-0.00062,0.14071,0.00082,0.70707,-0.00011,0.70714,1,4,1,1
1765409438.717724,0.02373,0.03009,0.03343,0.00045,0.00017,0.00083,0.57994,-0.00062,0.14071,0.00082,0.70707,-0.00011,0.70714,1,4,1,1
1765409438.719703,0.01766,0.03076,0.04114,-0.00129,-0.00104,0.00045,0.57990,-0.00062,0.14071,0.00083,0.70708,-0.00011,0.70714,1,4,1,1
1765409438.721727,0.00693,0.01104,0.03358,0.00109,0.00037,-0.00022,0.57990,-0.00062,0.14071,0.00083,0.70708,-0.00011,0.70714,1,4,1,1
1765409438.723729,-0.01838,0.00652,0.01126,0.00081,0.00031,0.00032,0.57986,-0.00062,0.14071,0.00083,0.70708,-0.00010,0.70714,1,4,1,1
1765409438.725724,0.01932,0.00840,0.02629,0.00106,-0.00002,0.00043,0.57986,-0.00062,0.14071,0.00083,0.70708,-0.00010,0.70714,1,4,1,1
1765409438.727758,0.02502,0.04586,-0.01244,-0.00024,-0.00139,0.00039,0.57982,-0.00062,0.14072,0.00082,0.70707,-0.00011,0.70714,1,4,1,1
1765409438.729751,0.03717,0.03705,0.01044,-0.00034,-0.00000,0.00080,0.57982,-0.00062,0.14072,0.00082,0.70707,-0.00011,0.70714,1,4,1,1
1765409438.731748,0.00304,0.01323,0.03411,0.00002,0.00005,0.00113,0.57962,-0.00062,0.14072,0.00083,0.70708,-0.00010,0.70714,1,4,1,1
1765409438.733768,0.00247,-0.02578,0.03454,0.00151,0.00045,-0.00021,0.57962,-0.00062,0.14072,0.00083,0.70708,-0.00010,0.70714,1,4,1,1
1765409438.735724,-0.02713,0.00218,0.01912,0.00119,-0.00009,0.00048,0.57962,-0.00062,0.14072,0.00083,0.70708,-0.00010,0.70714,1,4,1,1
1765409438.737734,0.00767,0.01166,0.02614,0.00066,-0.00066,-0.00023,0.57962,-0.00062,0.14072,0.00083,0.70708,-0.00010,0.70714,1,4,1,1
1765409438.739747,0.03083,0.01793,0.01072,-0.00145,-0.00069,-0.00026,0.57962,-0.00062,0.14072,0.00083,0.70708,-0.00010,0.70714,1,4,1,1
1765409438.741772,0.01942,0.03451,0.08665,-0.00343,-0.00030,0.00075,0.57962,-0.00062,0.14072,0.00083,0.70708,-0.00010,0.70714,1,4,1,1
1765409438.743776,0.00227,-0.01588,-0.03383,0.00141,0.00008,0.00027,0.57962,-0.00062,0.14072,0.00083,0.70708,-0.00010,0.70714,1,4,1,1
1765409438.745766,-0.00939,-0.03241,-0.02601,0.00121,-0.00029,-0.00064,0.57962,-0.00062,0.14072,0.00083,0.70708,-0.00010,0.70714,1,4,1,1
1765409438.747783,0.00303,0.04295,0.00300,-0.00005,-0.00022,0.00110,0.57962,-0.00062,0.14072,0.00083,0.70708,-0.00010,0.70714,1,4,1,1
1765409438.749773,-0.01941,0.04852,0.07115,-0.00218,-0.00074,0.00023,0.57962,-0.00062,0.14072,0.00083,0.70708,-0.00010,0.70714,1,4,1,1
1765409438.751779,0.02539,-0.01887,-0.02637,-0.00015,-0.00033,-0.00028,0.57958,-0.00062,0.14072,0.00082,0.70707,-0.00011,0.70714,1,4,1,1
1765409438.753756,0.02813,-0.02133,0.01962,0.00070,-0.00035,0.00083,0.57958,-0.00062,0.14072,0.00082,0.70707,-0.00011,0.70714,1,4,1,1
1765409438.755774,0.04087,-0.01916,0.02698,0.00072,-0.00026,0.00056,0.57954,-0.00062,0.14072,0.00082,0.70708,-0.00011,0.70714,1,4,1,1
1765409438.757771,0.00026,0.00639,-0.01179,-0.00028,-0.00031,-0.00052,0.57954,-0.00062,0.14072,0.00082,0.70708,-0.00011,0.70714,1,4,1,1
1765409438.759780,-0.01013,0.05034,0.00279,0.00025,0.00031,0.00110,0.57950,-0.00062,0.14072,0.00083,0.70707,-0.00010,0.70714,1,4,1,1
1765409438.761774,-0.00442,0.02834,-0.02706,-0.00067,-0.00038,0.00068,0.57950,-0.00062,0.14072,0.00083,0.70707,-0.00010,0.70714,1,4,1,1
1765409438.763799,-0.01300,-0.01941,-0.01828,0.00050,-0.00152,0.00004,0.57946,-0.00062,0.14072,0.00082,0.70707,-0.00011,0.70714,1,4,1,1
1765409438.765783,0.01623,-0.02810,0.04277,0.00018,-0.00097,0.00087,0.57938,-0.00062,0.14072,0.00083,0.70707,-0.00011,0.70714,1,4,1,1
1765409438.767797,0.02863,-0.00135,0.01137,0.00050,-0.00064,0.00028,0.57926,-0.00062,0.14072,0.00083,0.70707,-0.00011,0.70714,1,4,1,1
1765409438.769775,0.00767,0.00668,0.02632,0.00060,-0.00065,-0.00009,0.57926,-0.00062,0.14072,0.00083,0.70707,-0.00011,0.70714,1,4,1,1
1765409438.771764,0.03977,0.03500,0.01815,0.00116,-0.00015,0.00107,0.57926,-0.00062,0.14072,0.00083,0.70707,-0.00011,0.70714,1,4,1,1
1765409438.773762,-0.00096,0.05593,-0.02039,0.00032,-0.00058,0.00014,0.57926,-0.00062,0.14072,0.00083,0.70707,-0.00011,0.70714,1,4,1,1
1765409438.775819,0.00663,0.00153,-0.00398,0.00141,-0.00012,0.00002,0.57926,-0.00062,0.14072,0.00083,0.70707,-0.00011,0.70714,1,4,1,1
1765409438.777776,0.00120,0.00609,0.07991,-0.00181,-0.00069,0.00077,0.57926,-0.00062,0.14072,0.00083,0.70707,-0.00011,0.70714,1,4,1,1
1765409438.779768,-0.00978,-0.03286,-0.01074,0.00121,0.00023,-0.00023,0.57926,-0.00062,0.14072,0.00083,0.70707,-0.00011,0.70714,1,4,1,1
1765409438.781787,0.00151,-0.01599,-0.00335,0.00185,0.00034,0.00070,0.57926,-0.00062,0.14072,0.00083,0.70707,-0.00011,0.70714,1,4,1,1
1765409438.783775,0.01232,0.00839,-0.02657,-0.00047,-0.00056,0.00081,0.57926,-0.00062,0.14072,0.00083,0.70707,-0.00011,0.70714,1,4,1,1
1765409438.785789,0.01144,-0.01095,0.03420,0.00104,-0.00005,-0.00022,0.57926,-0.00062,0.14072,0.00083,0.70707,-0.00011,0.70714,1,4,1,1
1765409438.787768,0.03697,0.04723,0.00992,0.00022,-0.00002,0.00012,0.57922,-0.00062,0.14072,0.00082,0.70707,-0.00011,0.70714,1,4,1,1
1765409438.789776,0.00639,0.03616,0.01822,0.00117,-0.00052,0.00070,0.57922,-0.00062,0.14072,0.00082,0.70707,-0.00011,0.70714,1,4,1,1
1765409438.791783,-0.00864,0.02639,-0.01197,-0.00026,-0.00059,0.00016,0.57918,-0.00062,0.14072,0.00082,0.70707,-0.00011,0.70715,1,4,1,1
1765409438.793785,0.00698,-0.03304,0.01234,0.00099,-0.00034,0.00058,0.57918,-0.00062,0.14072,0.00082,0.70707,-0.00011,0.70715,1,4,1,1
1765409438.795783,0.00739,0.02057,-0.00405,-0.00011,-0.00013,0.00109,0.57914,-0.00062,0.14072,0.00082,0.70707,-0.00010,0.70715,1,4,1,1
1765409438.797772,0.02848,-0.01656,0.01149,0.00075,0.00013,-0.00012,0.57914,-0.00062,0.14072,0.00082,0.70707,-0.00010,0.70715,1,4,1,1
1765409438.799785,0.03280,0.01121,0.02621,0.00065,-0.00095,0.00015,0.57910,-0.00062,0.14072,0.00082,0.70707,-0.00011,0.70715,1,4,1,1
1765409438.801775,-0.01402,0.00891,-0.00393,0.00062,0.00013,0.00044,0.57910,-0.00062,0.14072,0.00082,0.70707,-0.00011,0.70715,1,4,1,1
1765409438.803806,-0.00828,-0.01288,0.07238,-0.00008,-0.00045,-0.00030,0.57906,-0.00062,0.14073,0.00082,0.70706,-0.00011,0.70715,1,4,1,1
1765409438.805800,-0.02018,0.03962,0.03382,-0.00141,-0.00198,0.00088,0.57906,-0.00062,0.14073,0.00082,0.70706,-0.00011,0.70715,1,4,1,1
1765409438.807796,0.00862,0.04541,0.05626,-0.00133,-0.00080,0.00127,0.57890,-0.00062,0.14074,0.00083,0.70705,-0.00011,0.70716,1,4,1,1
1765409438.809789,0.04445,-0.03669,-0.00311,0.00139,0.00022,0.00040,0.57890,-0.00062,0.14074,0.00083,0.70705,-0.00011,0.70716,1,4,1,1
1765409438.811795,0.03498,-0.02943,0.05805,-0.00202,-0.00068,0.00127,0.57890,-0.00062,0.14074,0.00083,0.70705,-0.00011,0.70716,1,4,1,1
1765409438.813811,0.01225,0.01458,0.01882,0.00026,-0.00172,0.00030,0.57890,-0.00062,0.14074,0.00083,0.70705,-0.00011,0.70716,1,4,1,1
1765409438.815791,-0.00558,0.03868,-0.00503,0.00098,-0.00001,-0.00038,0.57890,-0.00062,0.14074,0.00083,0.70705,-0.00011,0.70716,1,4,1,1
1765409438.817795,-0.00612,0.02914,0.00313,0.00131,-0.00050,0.00030,0.57890,-0.00062,0.14074,0.00083,0.70705,-0.00011,0.70716,1,4,1,1
1765409438.819796,-0.01924,0.02899,0.07953,-0.00241,-0.00122,0.00079,0.57890,-0.00062,0.14074,0.00083,0.70705,-0.00011,0.70716,1,4,1,1
1765409438.821784,0.02910,-0.01563,0.01186,0.00033,-0.00139,0.00029,0.57890,-0.00062,0.14074,0.00083,0.70705,-0.00011,0.70716,1,4,1,1
1765409438.823803,0.02933,0.03197,0.01807,-0.00084,0.00035,0.00055,0.57886,-0.00062,0.14074,0.00082,0.70705,-0.00011,0.70717,1,4,1,1
1765409438.825792,0.02461,-0.00998,-0.02623,-0.00048,0.00045,0.00107,0.57886,-0.00062,0.14074,0.00082,0.70705,-0.00011,0.70717,1,4,1,1
1765409438.827805,-0.00530,-0.02088,0.00421,0.00070,0.00029,0.00004,0.57886,-0.00062,0.14074,0.00082,0.70705,-0.00011,0.70717,1,4,1,1
1765409438.829806,-0.00560,0.00940,0.00355,0.00107,-0.00049,0.00004,0.57882,-0.00062,0.14074,0.00082,0.70705,-0.00011,0.70717,1,4,1,1
1765409438.831814,0.02833,0.05855,-0.00487,0.00036,-0.00194,0.00106,0.57878,-0.00062,0.14074,0.00083,0.70704,-0.00011,0.70717,1,4,1,1
1765409438.833829,0.01951,0.02313,0.02592,0.00080,-0.00004,0.00043,0.57878,-0.00062,0.14074,0.00083,0.70704,-0.00011,0.70717,1,4,1,1
1765409438.835805,0.01552,0.00553,0.04146,0.00058,0.00053,0.00031,0.57874,-0.00062,0.14074,0.00082,0.70705,-0.00011,0.70717,1,4,1,1
1765409438.837819,0.02476,-0.01947,-0.00318,-0.00037,0.00007,0.00095,0.57874,-0.00062,0.14074,0.00082,0.70705,-0.00011,0.70717,1,4,1,1
1765409438.839816,-0.00168,-0.01783,-0.00334,0.00139,-0.00038,0.00017,0.57853,-0.00062,0.14074,0.00083,0.70705,-0.00011,0.70717,1,4,1,1
1765409438.841824,0.02523,0.04061,-0.00433,-0.00095,-0.00150,0.00134,0.57853,-0.00062,0.14074,0.00083,0.70705,-0.00011,0.70717,1,4,1,1
1765409438.843808,0.01675,0.03014,0.02615,-0.00108,-0.00038,0.00124,0.57853,-0.00062,0.14074,0.00083,0.70705,-0.00011,0.70717,1,4,1,1
1765409438.845805,-0.01387,0.00020,-0.03429,0.00139,-0.00090,-0.00052,0.57853,-0.00062,0.14074,0.00083,0.70705,-0.00011,0.70717,1,4,1,1
1765409438.847836,-0.03693,0.00509,0.04202,-0.00117,-0.00112,0.00024,0.57853,-0.00062,0.14074,0.00083,0.70705,-0.00011,0.70717,1,4,1,1
1765409438.849820,-0.01002,0.00176,0.01146,0.00097,-0.00017,0.00045,0.57853,-0.00062,0.14074,0.00083,0.70705,-0.00011,0.70717,1,4,1,1
1765409438.851825,0.01638,0.00164,0.00354,0.00054,-0.00075,-0.00038,0.57853,-0.00062,0.14074,0.00083,0.70705,-0.00011,0.70717,1,4,1,1
1765409438.853840,0.04213,0.02488,0.04126,-0.00093,-0.00056,0.00096,0.57853,-0.00062,0.14074,0.00083,0.70705,-0.00011,0.70717,1,4,1,1
1765409438.855835,0.00746,0.06552,0.02511,0.00000,-0.00068,0.00070,0.57853,-0.00062,0.14074,0.00083,0.70705,-0.00011,0.70717,1,4,1,1
1765409438.857861,-0.00549,-0.00075,0.03389,0.00116,0.00014,-0.00048,0.57853,-0.00062,0.14074,0.00083,0.70705,-0.00011,0.70717,1,4,1,1
1765409438.859826,-0.00126,-0.00892,-0.01088,0.00019,0.00013,0.00110,0.57853,-0.00062,0.14074,0.00083,0.70705,-0.00011,0.70717,1,4,1,1
1765409438.861853,0.02135,-0.02049,0.03472,-0.00017,-0.00130,0.00005,0.57849,-0.00062,0.14074,0.00082,0.70705,-0.00011,0.70717,1,4,1,1
1765409438.863831,-0.00057,0.00599,-0.01155,-0.00007,0.00009,0.00029,0.57845,-0.00062,0.14074,0.00082,0.70705,-0.00011,0.70716,1,4,1,1
1765409438.865848,0.02315,0.06948,0.05540,0.00049,0.00015,0.00138,0.57845,-0.00062,0.14074,0.00082,0.70705,-0.00011,0.70716,1,4,1,1
1765409438.867857,0.03332,0.02978,0.01050,-0.00043,0.00005,0.00040,0.57841,-0.00062,0.14074,0.00083,0.70705,-0.00011,0.70716,1,4,1,1
1765409438.869824,0.01957,-0.01133,0.01132,0.00125,0.00023,-0.00025,0.57841,-0.00062,0.14074,0.00083,0.70705,-0.00011,0.70716,1,4,1,1
1765409438.871850,0.02399,0.02515,0.04123,0.00017,0.00004,0.00097,0.57837,-0.00062,0.14074,0.00082,0.70705,-0.00011,0.70716,1,4,1,1
1765409438.873879,0.00351,0.00398,0.02666,0.00013,-0.00059,0.00059,0.57821,-0.00062,0.14074,0.00082,0.70705,-0.00011,0.70716,1,4,1,1
1765409438.875867,0.00808,-0.03267,0.00471,0.00034,-0.00100,0.00017,0.57821,-0.00062,0.14074,0.00082,0.70705,-0.00011,0.70716,1,4,1,1
1765409438.877845,0.01999,0.03728,0.02566,-0.00012,0.00033,0.00083,0.57821,-0.00062,0.14074,0.00082,0.70705,-0.00011,0.70716,1,4,1,1
1765409438.879851,0.05227,0.02956,0.07171,-0.00261,-0.00119,0.00125,0.57821,-0.00062,0.14074,0.00082,0.70705,-0.00011,0.70716,1,4,1,1
1765409438.882149,0.01679,0.01561,0.01084,-0.00039,-0.00013,0.00002,0.57821,-0.00062,0.14074,0.00082,0.70705,-0.00011,0.70716,1,4,1,1
1765409438.883857,0.04111,0.03457,0.02596,-0.00037,-0.00029,0.00148,0.57821,-0.00062,0.14074,0.00082,0.70705,-0.00011,0.70716,1,4,1,1
1765409438.885938,-0.01361,0.00943,0.02637,0.00063,-0.00039,0.00006,0.57821,-0.00062,0.14074,0.00082,0.70705,-0.00011,0.70716,1,4,1,1
1765409438.887841,-0.02574,0.00701,0.00366,0.00016,-0.00025,-0.00008,0.57821,-0.00062,0.14074,0.00082,0.70705,-0.00011,0.70716,1,4,1,1
1765409438.889847,0.04179,0.04438,-0.01233,-0.00091,-0.00043,0.00118,0.57821,-0.00062,0.14074,0.00082,0.70705,-0.00011,0.70716,1,4,1,1
1765409438.891855,0.02874,0.03298,0.01059,0.00004,-0.00066,0.00054,0.57817,-0.00062,0.14074,0.00083,0.70705,-0.00011,0.70716,1,4,1,1
1765409438.893851,0.03663,-0.00623,-0.00403,0.00132,-0.00048,-0.00041,0.57817,-0.00062,0.14074,0.00083,0.70705,-0.00011,0.70716,1,4,1,1
1765409438.895845,0.00711,0.01615,0.02657,0.00028,-0.00063,0.00125,0.57813,-0.00062,0.14074,0.00082,0.70705,-0.00011,0.70716,1,4,1,1
1765409438.897875,0.00582,-0.01282,0.01900,0.00254,-0.00011,-0.00036,0.57813,-0.00062,0.14074,0.00082,0.70705,-0.00011,0.70716,1,4,1,1
1765409438.899847,0.02371,-0.00466,-0.01141,0.00068,0.00057,0.00054,0.57813,-0.00062,0.14074,0.00082,0.70705,-0.00011,0.70716,1,4,1,1
1765409438.901936,0.03706,0.02250,0.00325,-0.00008,-0.00024,0.00080,0.57809,-0.00062,0.14073,0.00082,0.70706,-0.00011,0.70716,1,4,1,1
1765409438.903886,0.00357,0.01903,0.00354,0.00009,-0.00098,0.00057,0.57809,-0.00062,0.14073,0.00082,0.70706,-0.00011,0.70716,1,4,1,1
1765409438.905889,-0.00001,0.00203,0.06441,0.00010,-0.00082,-0.00032,0.57805,-0.00062,0.14073,0.00083,0.70706,-0.00011,0.70716,1,4,1,1
1765409438.907881,0.01540,0.04045,0.00296,0.00035,-0.00037,0.00095,0.57805,-0.00062,0.14073,0.00083,0.70706,-0.00011,0.70716,1,4,1,1
1765409438.909881,0.01584,0.01560,0.00335,0.00027,0.00001,0.00042,0.57800,-0.00062,0.14073,0.00082,0.70706,-0.00011,0.70716,1,4,1,1
1765409438.911872,-0.00050,-0.01861,-0.01097,0.00007,0.00011,0.00016,0.57784,-0.00062,0.14073,0.00082,0.70706,-0.00011,0.70715,1,4,1,1
1765409438.913912,-0.01729,0.01097,0.01904,-0.00066,0.00017,0.00100,0.57784,-0.00062,0.14073,0.00082,0.70706,-0.00011,0.70715,1,4,1,1
1765409438.916017,0.01470,0.01092,0.01090,0.00152,0.00028,0.00015,0.57784,-0.00062,0.14073,0.00082,0.70706,-0.00011,0.70715,1,4,1,1
1765409438.917978,0.02435,0.03057,-0.02756,0.00045,-0.00036,-0.00002,0.57784,-0.00062,0.14073,0.00082,0.70706,-0.00011,0.70715,1,4,1,1
1765409438.919889,0.02884,0.05659,0.03301,-0.00098,0.00009,0.00149,0.57784,-0.00062,0.14073,0.00082,0.70706,-0.00011,0.70715,1,4,1,1
1765409438.921945,0.01230,-0.01571,0.03465,0.00011,-0.00081,0.00032,0.57784,-0.00062,0.14073,0.00082,0.70706,-0.00011,0.70715,1,4,1,1
1765409438.924002,0.00745,-0.01369,0.03418,0.00079,0.00038,-0.00035,0.57784,-0.00062,0.14073,0.00082,0.70706,-0.00011,0.70715,1,4,1,1
1765409438.925974,0.00406,0.02330,0.01866,-0.00073,-0.00048,0.00085,0.57784,-0.00062,0.14073,0.00082,0.70706,-0.00011,0.70715,1,4,1,1
1765409438.927978,-0.00083,0.02577,-0.00435,-0.00005,-0.00004,0.00056,0.57784,-0.00062,0.14073,0.00082,0.70706,-0.00011,0.70715,1,4,1,1
1765409438.929976,0.00245,-0.01095,-0.00380,0.00147,0.00031,-0.00024,0.57780,-0.00062,0.14073,0.00083,0.70706,-0.00011,0.70715,1,4,1,1
1765409438.932065,0.03253,0.03014,0.04123,0.00001,-0.00044,0.00124,0.57780,-0.00062,0.14073,0.00083,0.70706,-0.00011,0.70715,1,4,1,1
1765409438.933903,0.00781,-0.02275,-0.00327,0.00068,-0.00088,-0.00010,0.57776,-0.00062,0.14073,0.00082,0.70706,-0.00011,0.70715,1,4,1,1
1765409438.935888,0.00731,-0.01795,-0.00315,0.00074,-0.00087,0.00057,0.57776,-0.00062,0.14073,0.00082,0.70706,-0.00011,0.70715,1,4,1,1
1765409438.937899,0.01290,0.01789,0.02639,-0.00123,-0.00033,0.00098,0.57772,-0.00062,0.14073,0.00082,0.70706,-0.00011,0.70715,1,4,1,1
1765409438.939898,0.01267,0.00325,-0.04212,-0.00032,0.00006,-0.00028,0.57772,-0.00062,0.14073,0.00082,0.70706,-0.00011,0.70715,1,4,1,1
1765409438.942015,0.00225,0.02306,0.01089,0.00080,0.00043,0.00084,0.57768,-0.00062,0.14073,0.00083,0.70706,-0.00011,0.70715,1,4,1,1
1765409438.943919,0.01335,-0.00130,-0.01127,-0.00103,-0.00083,0.00028,0.57748,-0.00062,0.14074,0.00082,0.70705,-0.00011,0.70716,1,4,1,1
1765409438.945901,-0.00536,-0.01531,-0.01125,0.00120,-0.00023,-0.00051,0.57748,-0.00062,0.14074,0.00082,0.70705,-0.00011,0.70716,1,4,1,1
1765409438.947925,0.01264,-0.01606,-0.03390,-0.00012,-0.00043,-0.00014,0.57748,-0.00062,0.14074,0.00082,0.70705,-0.00011,0.70716,1,4,1,1
1765409438.949934,0.00746,0.04058,0.00321,-0.00030,-0.00065,0.00136,0.57748,-0.00062,0.14074,0.00082,0.70705,-0.00011,0.70716,1,4,1,1
1765409438.951986,0.01169,0.01383,0.01089,0.00068,-0.00045,-0.00011,0.57748,-0.00062,0.14074,0.00082,0.70705,-0.00011,0.70716,1,4,1,1
1765409438.953942,0.00615,0.05959,0.03282,0.00059,0.00074,0.00124,0.57748,-0.00062,0.14074,0.00082,0.70705,-0.00011,0.70716,1,4,1,1
1765409438.955913,0.02959,0.03329,0.02589,-0.00061,-0.00131,0.00056,0.57748,-0.00062,0.14074,0.00082,0.70705,-0.00011,0.70716,1,4,1,1
1765409438.957916,0.01743,-0.03047,-0.01838,0.00321,0.00003,0.00027,0.57748,-0.00062,0.14074,0.00082,0.70705,-0.00011,0.70716,1,4,1,1
1765409438.959914,0.02358,0.01600,0.00371,0.00071,-0.00083,0.00122,0.57748,-0.00062,0.14074,0.00082,0.70705,-0.00011,0.70716,1,4,1,1
1765409438.961914,0.01549,0.04062,0.02596,0.00014,-0.00075,0.00137,0.57748,-0.00062,0.14074,0.00082,0.70705,-0.00011,0.70716,1,4,1,1
1765409438.963912,-0.00927,0.03167,-0.00455,0.00046,-0.00072,0.00003,0.57748,-0.00062,0.14074,0.00082,0.70705,-0.00011,0.70716,1,4,1,1
1765409438.965916,-0.00235,0.04547,0.05590,0.00107,0.00047,0.00087,0.57744,-0.00062,0.14074,0.00083,0.70705,-0.00011,0.70716,1,4,1,1
1765409438.967920,0.01721,0.04567,0.01055,-0.00111,-0.00129,0.00082,0.57744,-0.00062,0.14074,0.00083,0.70705,-0.00011,0.70716,1,4,1,1
1765409438.969929,0.00686,-0.01395,0.02650,0.00122,0.00089,-0.00036,0.57740,-0.00062,0.14074,0.00082,0.70705,-0.00011,0.70716,1,4,1,1
1765409438.971928,0.04128,-0.00024,0.01132,-0.00014,0.00036,0.00081,0.57740,-0.00062,0.14074,0.00082,0.70705,-0.00011,0.70716,1,4,1,1
1765409438.973958,-0.00504,0.02365,-0.01929,-0.00007,-0.00049,0.00082,0.57736,-0.00062,0.14074,0.00082,0.70705,-0.00011,0.70716,1,4,1,1
1765409438.975952,-0.03222,0.02463,-0.03480,0.00212,0.00008,0.00003,0.57736,-0.00062,0.14074,0.00082,0.70705,-0.00011,0.70716,1,4,1,1
1765409438.977974,-0.02285,0.02415,-0.01927,0.00081,-0.00028,0.00084,0.57712,-0.00062,0.14073,0.00083,0.70706,-0.00011,0.70715,1,4,1,1
1765409438.979939,0.01910,0.01771,0.01081,0.00095,0.00061,0.00055,0.57712,-0.00062,0.14073,0.00083,0.70706,-0.00011,0.70715,1,4,1,1
1765409438.981951,0.05793,0.00462,0.03350,0.00058,0.00052,-0.00014,0.57712,-0.00062,0.14073,0.00083,0.70706,-0.00011,0.70715,1,4,1,1
1765409438.983948,0.04270,-0.02437,0.00412,-0.00065,-0.00028,-0.00013,0.57712,-0.00062,0.14073,0.00083,0.70706,-0.00011,0.70715,1,4,1,1
1765409438.986008,-0.01536,0.01718,0.07236,-0.00190,-0.00189,0.00092,0.57712,-0.00062,0.14073,0.00083,0.70706,-0.00011,0.70715,1,4,1,1
1765409438.988034,-0.02552,0.01240,-0.02646,-0.00021,-0.00126,0.00058,0.57712,-0.00062,0.14073,0.00083,0.70706,-0.00011,0.70715,1,4,1,1
1765409438.989962,-0.02161,0.00031,0.01895,0.00073,-0.00093,-0.00047,0.57712,-0.00062,0.14073,0.00083,0.70706,-0.00011,0.70715,1,4,1,1
1765409438.991959,0.01168,0.00792,0.00387,-0.00026,0.00008,0.00123,0.57712,-0.00062,0.14073,0.00083,0.70706,-0.00011,0.70715,1,4,1,1
1765409438.993943,0.04558,0.00290,0.01088,0.00055,-0.00009,-0.00028,0.57712,-0.00062,0.14073,0.00083,0.70706,-0.00011,0.70715,1,4,1,1
1765409438.995962,0.01690,-0.01824,-0.00330,-0.00014,-0.00099,0.00016,0.57712,-0.00062,0.14073,0.00083,0.70706,-0.00011,0.70715,1,4,1,1
1765409438.997970,0.02950,0.02815,0.00307,-0.00045,-0.00092,0.00027,0.57712,-0.00062,0.14073,0.00083,0.70706,-0.00011,0.70715,1,4,1,1
1765409438.999979,-0.02617,0.00700,-0.00361,0.00016,-0.00048,0.00073,0.57712,-0.00062,0.14073,0.00083,0.70706,-0.00011,0.70715,1,4,1,1
1765409439.001960,-0.01762,-0.00325,-0.00384,0.00047,0.00017,-0.00022,0.57708,-0.00062,0.14073,0.00083,0.70706,-0.00011,0.70716,1,4,1,1
1765409439.003953,0.00413,0.01365,0.01871,-0.00041,-0.00048,0.00031,0.57708,-0.00062,0.14073,0.00083,0.70706,-0.00011,0.70716,1,4,1,1
1765409439.005987,0.02459,0.03113,0.00310,0.00024,-0.00125,0.00041,0.57704,-0.00062,0.14073,0.00082,0.70706,-0.00011,0.70716,1,4,1,1
1765409439.007961,0.02569,0.04631,-0.01232,-0.00067,-0.00216,0.00039,0.57704,-0.00062,0.14073,0.00082,0.70706,-0.00011,0.70716,1,4,1,1
1765409439.009995,0.03246,0.02996,0.04879,0.00001,-0.00019,0.00124,0.57700,-0.00062,0.14074,0.00083,0.70706,-0.00011,0.70716,1,4,1,1
1765409439.011981,0.00667,-0.00390,0.01873,0.00134,0.00064,-0.00023,0.57700,-0.00062,0.14074,0.00083,0.70706,-0.00011,0.70716,1,4,1,1
1765409439.013978,-0.00962,-0.01754,0.02694,0.00117,-0.00042,-0.00020,0.57700,-0.00062,0.14074,0.00083,0.70706,-0.00011,0.70716,1,4,1,1
1765409439.015959,0.00445,0.04853,-0.00475,-0.00086,-0.00127,0.00055,0.57680,-0.00062,0.14073,0.00082,0.70707,-0.00011,0.70714,1,4,1,1
1765409439.017979,0.02019,0.01437,0.00355,0.00069,-0.00156,0.00028,0.57680,-0.00062,0.14073,0.00082,0.70707,-0.00011,0.70714,1,4,1,1
1765409439.019996,0.01989,0.02355,-0.01214,0.00080,-0.00055,-0.00000,0.57680,-0.00062,0.14073,0.00082,0.70707,-0.00011,0.70714,1,4,1,1
1765409439.022024,0.01181,0.04812,0.01788,0.00001,-0.00060,0.00056,0.57680,-0.00062,0.14073,0.00082,0.70707,-0.00011,0.70714,1,4,1,1
1765409439.023972,-0.01877,0.01113,0.04137,0.00109,0.00094,0.00021,0.57680,-0.00062,0.14073,0.00082,0.70707,-0.00011,0.70714,1,4,1,1
1765409439.025973,0.00785,0.03483,-0.01984,-0.00059,0.00048,0.00067,0.57680,-0.00062,0.14073,0.00082,0.70707,-0.00011,0.70714,1,4,1,1
1765409439.027985,0.02022,-0.01181,0.00424,-0.00006,-0.00001,0.00096,0.57680,-0.00062,0.14073,0.00082,0.70707,-0.00011,0.70714,1,4,1,1
1765409439.029982,0.00810,-0.01200,0.01171,0.00081,-0.00191,-0.00036,0.57680,-0.00062,0.14073,0.00082,0.70707,-0.00011,0.70714,1,4,1,1
1765409439.031976,0.01130,-0.02012,0.01206,0.00115,-0.00117,0.00044,0.57680,-0.00062,0.14073,0.00082,0.70707,-0.00011,0.70714,1,4,1,1
1765409439.033976,-0.00027,0.02660,0.01860,-0.00025,-0.00119,0.00058,0.57676,-0.00062,0.14072,0.00083,0.70707,-0.00011,0.70714,1,4,1,1
1765409439.036011,0.00309,-0.02118,0.01175,0.00070,0.00045,0.00004,0.57676,-0.00062,0.14072,0.00083,0.70707,-0.00011,0.70714,1,4,1,1
1765409439.037979,0.03392,0.01460,-0.03488,-0.00084,0.00043,-0.00003,0.57672,-0.00062,0.14072,0.00083,0.70707,-0.00011,0.70714,1,4,1,1
1765409439.040005,0.03274,0.02575,0.01096,0.00018,-0.00108,0.00095,0.57672,-0.00062,0.14072,0.00083,0.70707,-0.00011,0.70714,1,4,1,1
1765409439.042012,-0.00019,-0.00216,-0.01125,0.00049,-0.00182,-0.00024,0.57668,-0.00062,0.14072,0.00082,0.70708,-0.00011,0.70714,1,4,1,1
1765409439.044003,0.00893,0.01102,0.01872,-0.00088,-0.00054,0.00017,0.57668,-0.00062,0.14072,0.00082,0.70708,-0.00011,0.70714,1,4,1,1
1765409439.045999,0.00612,0.06958,0.00191,0.00092,0.00085,0.00054,0.57664,-0.00062,0.14072,0.00083,0.70708,-0.00011,0.70714,1,4,1,1
1765409439.048064,0.01578,0.02615,-0.01229,0.00083,-0.00051,-0.00027,0.57644,-0.00062,0.14072,0.00082,0.70708,-0.00011,0.70714,1,4,1,1
1765409439.050004,0.02317,0.00576,0.01882,0.00124,0.00006,0.00069,0.57644,-0.00062,0.14072,0.00082,0.70708,-0.00011,0.70714,1,4,1,1
1765409439.052016,0.04137,0.00074,0.00370,0.00031,-0.00066,0.00040,0.57644,-0.00062,0.14072,0.00082,0.70708,-0.00011,0.70714,1,4,1,1
1765409439.054001,0.00734,-0.01334,0.03422,0.00101,-0.00000,-0.00035,0.57644,-0.00062,0.14072,0.00082,0.70708,-0.00011,0.70714,1,4,1,1
1765409439.055991,0.00754,-0.00381,0.01176,0.00003,-0.00037,0.00098,0.57644,-0.00062,0.14072,0.00082,0.70708,-0.00011,0.70714,1,4,1,1
1765409439.058026,0.02021,0.00815,0.02632,0.00018,-0.00003,0.00043,0.57644,-0.00062,0.14072,0.00082,0.70708,-0.00011,0.70714,1,4,1,1
1765409439.060011,-0.00198,0.00624,-0.01180,0.00146,0.00048,-0.00012,0.57644,-0.00062,0.14072,0.00082,0.70708,-0.00011,0.70714,1,4,1,1
1765409439.062006,0.04442,0.03699,0.03311,0.00075,0.00029,0.00081,0.57644,-0.00062,0.14072,0.00082,0.70708,-0.00011,0.70714,1,4,1,1
1765409439.064017,-0.00463,0.07240,0.00230,-0.00101,-0.00015,0.00110,0.57644,-0.00062,0.14072,0.00082,0.70708,-0.00011,0.70714,1,4,1,1
1765409439.066018,0.01961,0.06751,0.03981,0.00068,0.00004,0.00002,0.57644,-0.00062,0.14072,0.00082,0.70708,-0.00011,0.70714,1,4,1,1
1765409439.068022,0.01083,0.05238,0.02529,0.00050,0.00043,0.00083,0.57644,-0.00062,0.14072,0.00082,0.70708,-0.00011,0.70714,1,4,1,1
1765409439.070033,-0.00952,-0.03853,0.04268,0.00048,0.00087,0.00035,0.57640,-0.00062,0.14073,0.00083,0.70707,-0.00011,0.70714,1,4,1,1
1765409439.072022,0.00838,-0.06286,0.02040,0.00019,-0.00010,-0.00021,0.57640,-0.00062,0.14073,0.00083,0.70707,-0.00011,0.70714,1,4,1,1
1765409439.074035,0.00806,-0.01352,0.05739,-0.00008,-0.00038,0.00048,0.57636,-0.00062,0.14072,0.00082,0.70708,-0.00011,0.70713,1,4,1,1
1765409439.076019,-0.00473,0.02891,-0.02718,-0.00001,-0.00076,0.00028,0.57636,-0.00062,0.14072,0.00082,0.70708,-0.00011,0.70713,1,4,1,1
1765409439.078026,-0.00505,-0.01087,0.01148,0.00060,0.00015,-0.00022,0.57632,-0.00062,0.14072,0.00082,0.70708,-0.00011,0.70714,1,4,1,1
1765409439.080020,0.01978,0.03181,0.04075,0.00003,0.00122,0.00057,0.57632,-0.00062,0.14072,0.00082,0.70708,-0.00011,0.70714,1,4,1,1
1765409439.082024,0.01495,0.01582,-0.01946,0.00115,0.00003,0.00040,0.57628,-0.00062,0.14072,0.00082,0.70708,-0.00011,0.70714,1,4,1,1
1765409439.084089,0.02221,0.01894,0.00328,-0.00100,-0.00160,-0.00026,0.57628,-0.00062,0.14072,0.00082,0.70708,-0.00011,0.70714,1,4,1,1
1765409439.086023,-0.00219,0.00191,-0.00376,0.00163,-0.00039,0.00043,0.57620,-0.00062,0.14073,0.00082,0.70707,-0.00011,0.70714,1,4,1,1
1765409439.088022,-0.00068,0.01135,0.01110,0.00022,-0.00029,0.00017,0.57620,-0.00062,0.14073,0.00082,0.70707,-0.00011,0.70714,1,4,1,1
1765409439.090024,0.01906,-0.04114,0.02719,0.00177,0.00077,-0.00023,0.57620,-0.00062,0.14073,0.00082,0.70707,-0.00011,0.70714,1,4,1,1
1765409439.092042,0.03648,0.05206,0.03283,0.00028,-0.00001,0.00081,0.57620,-0.00062,0.14073,0.00082,0.70707,-0.00011,0.70714,1,4,1,1
1765409439.094044,0.00629,0.05085,-0.02033,0.00135,-0.00028,0.00026,0.57608,-0.00062,0.14073,0.00082,0.70706,-0.00011,0.70715,1,4,1,1
1765409439.096045,-0.00928,0.01184,-0.01938,0.00066,-0.00045,-0.00025,0.57608,-0.00062,0.14073,0.00082,0.70706,-0.00011,0.70715,1,4,1,1
1765409439.098045,0.04578,0.04222,0.00288,-0.00050,-0.00074,0.00106,0.57608,-0.00062,0.14073,0.00082,0.70706,-0.00011,0.70715,1,4,1,1
1765409439.100037,-0.00625,-0.01595,0.00432,0.00120,0.00031,0.00072,0.57608,-0.00062,0.14073,0.00082,0.70706,-0.00011,0.70715,1,4,1,1
1765409439.102046,0.01553,0.00618,-0.01919,0.00081,-0.00036,0.00027,0.57608,-0.00062,0.14073,0.00082,0.70706,-0.00011,0.70715,1,4,1,1
1765409439.104042,0.00353,0.03318,0.00306,-0.00017,-0.00023,0.00056,0.57608,-0.00062,0.14073,0.00082,0.70706,-0.00011,0.70715,1,4,1,1
1765409439.106050,-0.00449,0.00845,0.00348,-0.00026,0.00026,0.00004,0.57604,-0.00062,0.14073,0.00082,0.70706,-0.00011,0.70715,1,4,1,1
1765409439.108041,0.00378,-0.00145,-0.01914,0.00006,0.00017,-0.00012,0.57604,-0.00062,0.14073,0.00082,0.70706,-0.00011,0.70715,1,4,1,1
1765409439.110045,0.00582,-0.02298,-0.03347,0.00199,-0.00033,0.00068,0.57600,-0.00062,0.14073,0.00082,0.70706,-0.00011,0.70715,1,4,1,1
1765409439.112058,0.00350,0.00885,-0.01133,-0.00003,-0.00071,0.00083,0.57600,-0.00062,0.14073,0.00082,0.70706,-0.00011,0.70715,1,4,1,1
1765409439.114046,0.00714,0.01158,0.01090,0.00109,-0.00040,-0.00024,0.57596,-0.00062,0.14074,0.00082,0.70706,-0.00011,0.70715,1,4,1,1
1765409439.116068,0.01185,0.02768,-0.00445,-0.00024,0.00018,0.00068,0.57596,-0.00062,0.14074,0.00082,0.70706,-0.00011,0.70715,1,4,1,1
1765409439.118061,0.00641,-0.01402,-0.02634,0.00122,0.00066,0.00041,0.57592,-0.00062,0.14074,0.00082,0.70706,-0.00011,0.70716,1,4,1,1
1765409439.120113,0.01263,-0.01470,-0.01868,0.00055,-0.00184,-0.00052,0.57576,-0.00062,0.14074,0.00082,0.70705,-0.00011,0.70716,1,4,1,1
1765409439.122055,0.01006,0.01617,0.04198,-0.00234,-0.00168,0.00127,0.57576,-0.00062,0.14074,0.00082,0.70705,-0.00011,0.70716,1,4,1,1
1765409439.124057,0.02135,0.04259,0.01045,-0.00115,-0.00058,0.00068,0.57576,-0.00062,0.14074,0.00082,0.70705,-0.00011,0.70716,1,4,1,1
1765409439.126058,-0.01805,0.00189,0.01875,0.00097,0.00017,-0.00034,0.57576,-0.00062,0.14074,0.00082,0.70705,-0.00011,0.70716,1,4,1,1
1765409439.128054,-0.01428,-0.00350,0.04193,-0.00259,-0.00063,-0.00018,0.57576,-0.00062,0.14074,0.00082,0.70705,-0.00011,0.70716,1,4,1,1
1765409439.130086,0.01595,-0.02314,0.00441,0.00067,-0.00072,0.00030,0.57576,-0.00062,0.14074,0.00082,0.70705,-0.00011,0.70716,1,4,1,1
1765409439.132064,-0.00407,0.00965,-0.00408,-0.00003,-0.00115,-0.00037,0.57576,-0.00062,0.14074,0.00082,0.70705,-0.00011,0.70716,1,4,1,1
1765409439.134105,-0.00157,0.03140,0.00311,0.00090,-0.00055,0.00043,0.57576,-0.00062,0.14074,0.00082,0.70705,-0.00011,0.70716,1,4,1,1
1765409439.136090,-0.01484,0.04902,-0.01243,0.00133,-0.00053,0.00056,0.57576,-0.00062,0.14074,0.00082,0.70705,-0.00011,0.70716,1,4,1,1
1765409439.138063,0.01397,0.00033,0.01870,0.00183,0.00132,0.00043,0.57572,-0.00062,0.14074,0.00082,0.70705,-0.00011,0.70716,1,4,1,1
1765409439.140081,0.04486,0.03683,0.01034,0.00031,0.00029,0.00079,0.57572,-0.00062,0.14074,0.00082,0.70705,-0.00011,0.70716,1,4,1,1
1765409439.142079,0.04054,0.01522,0.01117,0.00049,-0.00040,0.00121,0.57572,-0.00062,0.14074,0.00082,0.70705,-0.00011,0.70716,1,4,1,1
1765409439.144111,-0.01466,0.00799,0.04197,-0.00179,-0.00254,-0.00005,0.57568,-0.00062,0.14074,0.00082,0.70705,-0.00011,0.70716,1,4,1,1
1765409439.146108,-0.00169,0.02111,0.04138,0.00077,-0.00003,0.00073,0.57564,-0.00062,0.14075,0.00082,0.70705,-0.00011,0.70717,1,4,1,1
1765409439.148081,0.00319,0.02309,-0.01217,0.00036,0.00041,0.00001,0.57564,-0.00062,0.14075,0.00082,0.70705,-0.00011,0.70717,1,4,1,1
1765409439.150098,-0.01913,0.01208,-0.02685,0.00175,-0.00020,0.00016,0.57560,-0.00062,0.14074,0.00082,0.70705,-0.00011,0.70716,1,4,1,1
1765409439.152118,0.04963,0.01497,0.03359,0.00027,-0.00014,0.00041,0.57560,-0.00062,0.14074,0.00082,0.70705,-0.00011,0.70716,1,4,1,1
1765409439.154160,0.00751,-0.00243,-0.00358,0.00092,-0.00165,0.00016,0.57556,-0.00062,0.14074,0.00082,0.70706,-0.00011,0.70716,1,4,1,1
1765409439.156117,0.01588,-0.03312,0.04237,0.00099,-0.00021,-0.00021,0.57539,-0.00062,0.14073,0.00082,0.70706,-0.00011,0.70715,1,4,1,1
1765409439.158133,-0.00863,0.05111,-0.01234,-0.00061,-0.00098,0.00069,0.57535,-0.00062,0.14073,0.00082,0.70707,-0.00011,0.70715,1,4,1,1
1765409439.160104,-0.00943,0.05022,-0.01236,-0.00041,0.00018,0.00109,0.57535,-0.00062,0.14073,0.00082,0.70707,-0.00011,0.70715,1,4,1,1
1765409439.162095,-0.00508,0.02789,-0.02718,-0.00024,0.00039,0.00068,0.57535,-0.00062,0.14073,0.00082,0.70707,-0.00011,0.70715,1,4,1,1
1765409439.164122,0.01916,-0.01389,0.08049,-0.00271,-0.00127,0.00090,0.57535,-0.00062,0.14073,0.00082,0.70707,-0.00011,0.70715,1,4,1,1
1765409439.166097,0.01614,-0.02328,0.01959,0.00045,-0.00059,0.00031,0.57535,-0.00062,0.14073,0.00082,0.70707,-0.00011,0.70715,1,4,1,1
1765409439.168113,0.00316,-0.04079,0.01215,0.00089,0.00046,-0.00022,0.57535,-0.00062,0.14073,0.00082,0.70707,-0.00011,0.70715,1,4,1,1
1765409439.170158,0.01388,0.01119,-0.02672,0.00196,-0.00020,0.00093,0.57535,-0.00062,0.14073,0.00082,0.70707,-0.00011,0.70715,1,4,1,1
1765409439.172119,0.00358,0.02775,0.02578,-0.00024,0.00053,0.00031,0.57535,-0.00062,0.14073,0.00082,0.70707,-0.00011,0.70715,1,4,1,1
1765409439.174100,0.01405,0.00132,-0.01947,0.00250,0.00042,-0.00041,0.57535,-0.00062,0.14073,0.00082,0.70707,-0.00011,0.70715,1,4,1,1
1765409439.176106,0.01654,0.06502,0.00247,-0.00088,-0.00078,0.00108,0.57535,-0.00062,0.14073,0.00082,0.70707,-0.00011,0.70715,1,4,1,1
1765409439.178123,0.01567,0.02070,0.01855,0.00033,-0.00024,0.00070,0.57535,-0.00062,0.14073,0.00082,0.70707,-0.00011,0.70715,1,4,1,1
1765409439.180106,0.01146,0.00821,-0.03462,0.00061,0.00032,-0.00001,0.57531,-0.00062,0.14073,0.00082,0.70706,-0.00011,0.70715,1,4,1,1
1765409439.182137,0.01021,0.03272,0.01081,0.00092,0.00034,0.00136,0.57531,-0.00062,0.14073,0.00082,0.70706,-0.00011,0.70715,1,4,1,1
1765409439.184215,0.01980,0.02759,0.01809,0.00041,0.00046,0.00028,0.57527,-0.00062,0.14073,0.00082,0.70706,-0.00011,0.70715,1,4,1,1
1765409439.186126,-0.01310,-0.04002,0.02734,0.00068,0.00001,-0.00060,0.57527,-0.00062,0.14073,0.00082,0.70706,-0.00011,0.70715,1,4,1,1
1765409439.188147,0.00764,0.02560,0.00339,-0.00026,-0.00027,0.00096,0.57523,-0.00062,0.14073,0.00082,0.70707,-0.00011,0.70715,1,4,1,1
1765409439.190136,0.00793,0.00174,0.03412,0.00032,-0.00078,0.00005,0.57503,-0.00062,0.14073,0.00082,0.70706,-0.00011,0.70715,1,4,1,1
1765409439.192137,0.01707,0.01572,0.06403,-0.00060,-0.00026,0.00006,0.57503,-0.00062,0.14073,0.00082,0.70706,-0.00011,0.70715,1,4,1,1
1765409439.194144,0.00743,0.06481,0.04018,-0.00023,0.00020,0.00071,0.57503,-0.00062,0.14073,0.00082,0.70706,-0.00011,0.70715,1,4,1,1
1765409439.196127,-0.00524,0.04383,0.00262,0.00061,-0.00052,-0.00011,0.57503,-0.00062,0.14073,0.00082,0.70706,-0.00011,0.70715,1,4,1,1
1765409439.198200,-0.01920,0.00944,0.04161,-0.00178,-0.00097,-0.00032,0.57503,-0.00062,0.14073,0.00082,0.70706,-0.00011,0.70715,1,4,1,1
1765409439.200138,-0.00425,0.00402,0.03432,-0.00053,-0.00062,0.00060,0.57503,-0.00062,0.14073,0.00082,0.70706,-0.00011,0.70715,1,4,1,1
1765409439.202127,0.02366,0.00020,0.04155,0.00074,0.00082,0.00044,0.57503,-0.00062,0.14073,0.00082,0.70706,-0.00011,0.70715,1,4,1,1
1765409439.204143,0.02434,-0.00855,0.01918,0.00063,-0.00071,0.00030,0.57503,-0.00062,0.14073,0.00082,0.70706,-0.00011,0.70715,1,4,1,1
1765409439.206143,0.01978,0.02181,0.01832,-0.00009,0.00124,0.00082,0.57503,-0.00062,0.14073,0.00082,0.70706,-0.00011,0.70715,1,4,1,1
1765409439.208162,0.02371,0.00024,-0.02661,0.00052,0.00045,0.00079,0.57503,-0.00062,0.14073,0.00082,0.70706,-0.00011,0.70715,1,4,1,1
1765409439.210138,0.00755,0.04041,0.00265,0.00013,0.00009,0.00015,0.57503,-0.00062,0.14073,0.00082,0.70706,-0.00011,0.70715,1,4,1,1
1765409439.212159,-0.02703,0.02657,-0.01185,0.00084,0.00002,0.00058,0.57498,-0.00062,0.14073,0.00082,0.70707,-0.00011,0.70714,1,4,1,1
1765409439.214164,0.00822,0.00617,0.00350,-0.00007,-0.00027,-0.00011,0.57498,-0.00062,0.14073,0.00082,0.70707,-0.00011,0.70714,1,4,1,1
1765409439.216154,0.01171,-0.04576,0.01251,0.00062,-0.00002,0.00031,0.57494,-0.00062,0.14073,0.00082,0.70706,-0.00011,0.70715,1,4,1,1
1765409439.218158,0.04047,0.00521,0.02634,0.00080,0.00011,0.00068,0.57494,-0.00062,0.14073,0.00082,0.70706,-0.00011,0.70715,1,4,1,1
1765409439.220148,0.01201,-0.00658,0.02673,0.00000,0.00008,0.00045,0.57490,-0.00062,0.14073,0.00082,0.70707,-0.00011,0.70714,1,4,1,1
1765409439.222162,0.00631,0.01615,0.01096,0.00137,0.00000,0.00043,0.57490,-0.00062,0.14073,0.00082,0.70707,-0.00011,0.70714,1,4,1,1
1765409439.224153,0.00314,0.03261,-0.01947,-0.00040,0.00017,0.00135,0.57486,-0.00062,0.14073,0.00082,0.70707,-0.00011,0.70714,1,4,1,1
1765409439.226224,0.01614,-0.00340,0.02665,0.00048,-0.00074,0.00017,0.57486,-0.00062,0.14073,0.00082,0.70707,-0.00011,0.70714,1,4,1,1
1765409439.228166,0.03350,0.03088,0.00309,-0.00020,-0.00135,0.00040,0.57462,-0.00062,0.14074,0.00082,0.70705,-0.00011,0.70716,1,4,1,1
1765409439.230160,0.02680,0.07201,0.02480,0.00117,0.00023,0.00108,0.57462,-0.00062,0.14074,0.00082,0.70705,-0.00011,0.70716,1,4,1,1
1765409439.232145,0.00340,0.04354,-0.00501,0.00039,-0.00050,-0.00012,0.57462,-0.00062,0.14074,0.00082,0.70705,-0.00011,0.70716,1,4,1,1
1765409439.234169,0.02049,-0.00093,0.02647,0.00051,-0.00080,-0.00010,0.57462,-0.00062,0.14074,0.00082,0.70705,-0.00011,0.70716,1,4,1,1
1765409439.236255,0.02886,0.00781,0.02645,-0.00026,-0.00013,0.00083,0.57462,-0.00062,0.14074,0.00082,0.70705,-0.00011,0.70716,1,4,1,1
1765409439.238200,0.02334,0.00572,0.01847,0.00146,0.00043,-0.00012,0.57462,-0.00062,0.14074,0.00082,0.70705,-0.00011,0.70716,1,4,1,1
1765409439.240188,-0.00103,0.00744,-0.01913,0.00104,-0.00130,-0.00012,0.57462,-0.00062,0.14074,0.00082,0.70705,-0.00011,0.70716,1,4,1,1
1765409439.242187,-0.00564,0.01160,0.09513,-0.00306,-0.00163,0.00066,0.57462,-0.00062,0.14074,0.00082,0.70705,-0.00011,0.70716,1,4,1,1
1765409439.244193,-0.01246,0.01415,0.04161,-0.00062,-0.00066,0.00035,0.57462,-0.00062,0.14074,0.00082,0.70705,-0.00011,0.70716,1,4,1,1
1765409439.246183,0.00668,-0.00415,-0.02633,0.00068,0.00028,0.00095,0.57462,-0.00062,0.14074,0.00082,0.70705,-0.00011,0.70716,1,4,1,1
1765409439.248167,0.00378,0.02834,-0.00467,-0.00002,-0.00011,-0.00012,0.57462,-0.00062,0.14074,0.00082,0.70705,-0.00011,0.70716,1,4,1,1
1765409439.250181,0.00792,0.00179,0.02635,0.00054,-0.00065,-0.00036,0.57462,-0.00062,0.14074,0.00082,0.70705,-0.00011,0.70716,1,4,1,1
1765409439.252181,0.01386,-0.00431,0.01892,0.00199,0.00094,0.00057,0.57458,-0.00062,0.14074,0.00082,0.70705,-0.00011,0.70716,1,4,1,1
1765409439.254183,0.01706,0.04030,0.00306,-0.00118,-0.00077,0.00095,0.57458,-0.00062,0.14074,0.00082,0.70705,-0.00011,0.70716,1,4,1,1
1765409439.256189,0.00240,0.01853,0.01097,0.00096,0.00005,0.00057,0.57454,-0.00062,0.14074,0.00082,0.70705,-0.00011,0.70716,1,4,1,1
1765409439.258202,0.01526,0.01158,0.00382,0.00088,-0.00111,0.00096,0.57454,-0.00062,0.14074,0.00082,0.70705,-0.00011,0.70716,1,4,1,1
1765409439.260192,-0.01009,0.00648,0.00382,0.00081,-0.00004,0.00071,0.57450,-0.00062,0.14074,0.00082,0.70705,-0.00011,0.70716,1,4,1,1
1765409439.262208,0.02345,0.02644,0.01065,0.00149,-0.00098,0.00014,0.57450,-0.00062,0.14074,0.00082,0.70705,-0.00011,0.70716,1,4,1,1
1765409439.264198,0.01112,0.01416,-0.04968,0.00112,-0.00094,0.00025,0.57426,-0.00062,0.14075,0.00082,0.70705,-0.00011,0.70717,1,4,1,1
1765409439.266220,-0.00415,0.02351,0.01854,-0.00073,-0.00039,0.00045,0.57426,-0.00062,0.14075,0.00082,0.70705,-0.00011,0.70717,1,4,1,1
1765409439.268196,0.00779,-0.01363,0.00420,0.00013,-0.00024,0.00044,0.57426,-0.00062,0.14075,0.00082,0.70705,-0.00011,0.70717,1,4,1,1
1765409439.270195,0.00258,0.01338,0.00354,0.00068,0.00018,0.00070,0.57426,-0.00062,0.14075,0.00082,0.70705,-0.00011,0.70717,1,4,1,1
1765409439.272227,0.02789,0.01781,0.01084,0.00073,0.00012,0.00054,0.57426,-0.00062,0.14075,0.00082,0.70705,-0.00011,0.70717,1,4,1,1
1765409439.274187,0.02818,0.01367,0.01859,0.00090,-0.00077,0.00028,0.57426,-0.00062,0.14075,0.00082,0.70705,-0.00011,0.70717,1,4,1,1
1765409439.276206,0.02080,0.01833,0.04141,-0.00035,-0.00068,0.00058,0.57426,-0.00062,0.14075,0.00082,0.70705,-0.00011,0.70717,1,4,1,1
1765409439.278209,0.02010,-0.01129,0.03433,0.00060,-0.00015,0.00018,0.57426,-0.00062,0.14075,0.00082,0.70705,-0.00011,0.70717,1,4,1,1
1765409439.280226,0.00444,0.00031,0.00397,0.00008,-0.00213,-0.00010,0.57426,-0.00062,0.14075,0.00082,0.70705,-0.00011,0.70717,1,4,1,1
1765409439.282202,0.03580,0.01674,0.02688,-0.00233,-0.00326,0.00124,0.57426,-0.00062,0.14075,0.00082,0.70705,-0.00011,0.70717,1,4,1,1
1765409439.284205,0.00431,0.02348,0.03353,-0.00051,-0.00037,0.00005,0.57426,-0.00062,0.14075,0.00082,0.70705,-0.00011,0.70717,1,4,1,1
1765409439.286213,0.01927,0.01767,0.01046,0.00117,0.00098,-0.00026,0.57426,-0.00062,0.14075,0.00082,0.70705,-0.00011,0.70717,1,4,1,1
1765409439.288218,0.01584,0.02540,-0.02704,-0.00005,-0.00024,0.00093,0.57422,-0.00062,0.14074,0.00082,0.70705,-0.00011,0.70716,1,4,1,1
1765409439.290242,-0.00030,0.03087,0.03350,-0.00042,-0.00031,0.00045,0.57422,-0.00062,0.14074,0.00082,0.70705,-0.00011,0.70716,1,4,1,1
1765409439.292227,-0.00182,-0.00758,-0.04923,0.00173,-0.00077,-0.00014,0.57418,-0.00062,0.14074,0.00082,0.70705,-0.00011,0.70716,1,4,1,1
1765409439.294224,0.03724,0.03352,0.00325,0.00005,-0.00177,0.00093,0.57418,-0.00062,0.14074,0.00082,0.70705,-0.00011,0.70716,1,4,1,1
1765409439.296253,0.00731,0.02554,0.03337,0.00039,0.00036,0.00018,0.57414,-0.00062,0.14075,0.00082,0.70705,-0.00011,0.70716,1,4,1,1
1765409439.298231,-0.00084,0.01220,-0.01915,0.00066,-0.00131,0.00015,0.57410,-0.00062,0.14074,0.00082,0.70705,-0.00011,0.70716,1,4,1,1
1765409439.300225,0.02923,0.01236,-0.00396,-0.00086,-0.00001,0.00107,0.57389,-0.00062,0.14074,0.00082,0.70705,-0.00011,0.70716,1,4,1,1
1765409439.302237,0.00403,0.02328,-0.03468,-0.00051,-0.00035,0.00040,0.57389,-0.00062,0.14074,0.00082,0.70705,-0.00011,0.70716,1,4,1,1
1765409439.304236,0.00767,-0.01740,-0.03396,0.00118,-0.00114,-0.00067,0.57389,-0.00062,0.14074,0.00082,0.70705,-0.00011,0.70716,1,4,1,1
1765409439.306214,0.03200,0.03002,0.00321,0.00045,-0.00018,0.00120,0.57389,-0.00062,0.14074,0.00082,0.70705,-0.00011,0.70716,1,4,1,1
1765409439.308322,0.01072,0.01804,0.02606,0.00095,0.00046,0.00057,0.57389,-0.00062,0.14074,0.00082,0.70705,-0.00011,0.70716,1,4,1,1
1765409439.310251,0.00816,0.02173,0.01047,0.00056,-0.00081,-0.00092,0.57389,-0.00062,0.14074,0.00082,0.70705,-0.00011,0.70716,1,4,1,1
1765409439.312233,-0.00092,0.04083,0.00345,-0.00052,-0.00092,0.00178,0.57389,-0.00062,0.14074,0.00082,0.70705,-0.00011,0.70716,1,4,1,1
1765409439.314227,0.01940,0.01850,0.02614,0.00096,-0.00041,0.00057,0.57389,-0.00062,0.14074,0.00082,0.70705,-0.00011,0.70716,1,4,1,1
1765409439.316237,0.02828,-0.00145,0.01856,0.00115,-0.00001,-0.00052,0.57389,-0.00062,0.14074,0.00082,0.70705,-0.00011,0.70716,1,4,1,1
1765409439.318223,0.02894,0.00802,0.04168,-0.00026,-0.00039,0.00084,0.57389,-0.00062,0.14074,0.00082,0.70705,-0.00011,0.70716,1,4,1,1
1765409439.320316,0.01061,-0.00875,0.11017,-0.00199,-0.00056,-0.00042,0.57389,-0.00062,0.14074,0.00082,0.70705,-0.00011,0.70716,1,4,1,1
1765409439.322272,-0.00057,-0.04221,0.01995,0.00088,-0.00077,-0.00034,0.57389,-0.00062,0.14074,0.00082,0.70705,-0.00011,0.70716,1,4,1,1
1765409439.324230,-0.00112,0.04119,0.01054,0.00036,-0.00069,0.00057,0.57385,-0.00062,0.14074,0.00082,0.70705,-0.00011,0.70716,1,4,1,1
1765409439.326230,-0.01524,0.04449,-0.04313,0.00236,-0.00041,-0.00054,0.57385,-0.00062,0.14074,0.00082,0.70705,-0.00011,0.70716,1,4,1,1
1765409439.328271,-0.00536,0.01946,0.00304,0.00119,-0.00051,-0.00064,0.57382,-0.00062,0.14075,0.00082,0.70705,-0.00011,0.70717,1,4,1,1
1765409439.330248,0.00945,0.01531,0.08718,-0.00192,-0.00016,0.00090,0.57382,-0.00062,0.14075,0.00082,0.70705,-0.00011,0.70717,1,4,1,1
1765409439.332261,0.02881,-0.02638,-0.00312,0.00020,-0.00036,0.00055,0.57377,-0.00062,0.14074,0.00082,0.70705,-0.00011,0.70716,1,4,1,1
1765409439.334255,0.01538,-0.03754,-0.03334,0.00159,-0.00083,-0.00013,0.57357,-0.00062,0.14074,0.00082,0.70705,-0.00011,0.70716,1,4,1,1
1765409439.336276,-0.01806,0.02280,-0.01905,0.00079,-0.00186,0.00071,0.57357,-0.00062,0.14074,0.00082,0.70705,-0.00011,0.70716,1,4,1,1
1765409439.338261,0.00756,0.03176,0.02599,0.00046,-0.00142,0.00044,0.57357,-0.00062,0.14074,0.00082,0.70705,-0.00011,0.70716,1,4,1,1
1765409439.340255,-0.03532,0.03657,-0.00477,0.00095,0.00035,-0.00008,0.57357,-0.00062,0.14074,0.00082,0.70705,-0.00011,0.70716,1,4,1,1
1765409439.342256,0.03572,0.03204,0.03347,0.00069,0.00041,0.00136,0.57357,-0.00062,0.14074,0.00082,0.70705,-0.00011,0.70716,1,4,1,1
1765409439.344257,0.01919,-0.02102,-0.01868,0.00157,-0.00000,0.00000,0.57357,-0.00062,0.14074,0.00082,0.70705,-0.00011,0.70716,1,4,1,1
1765409439.346262,0.04951,-0.00941,0.03401,0.00084,-0.00013,-0.00012,0.57357,-0.00062,0.14074,0.00082,0.70705,-0.00011,0.70716,1,4,1,1
1765409439.348255,0.00743,0.01634,0.00384,0.00006,-0.00101,0.00124,0.57357,-0.00062,0.14074,0.00082,0.70705,-0.00011,0.70716,1,4,1,1
1765409439.350263,-0.02684,0.01652,-0.00408,0.00071,0.00028,0.00045,0.57357,-0.00062,0.14074,0.00082,0.70705,-0.00011,0.70716,1,4,1,1
1765409439.352257,-0.02252,-0.00023,0.01898,0.00117,-0.00015,-0.00007,0.57357,-0.00062,0.14074,0.00082,0.70705,-0.00011,0.70716,1,4,1,1
1765409439.354269,0.02465,0.02557,0.01856,-0.00026,-0.00073,0.00096,0.57357,-0.00062,0.14074,0.00082,0.70705,-0.00011,0.70716,1,4,1,1
1765409439.356347,0.04959,-0.02915,0.02716,0.00060,-0.00036,0.00042,0.57353,-0.00062,0.14074,0.00082,0.70705,-0.00011,0.70716,1,4,1,1
1765409439.358349,0.04220,0.00523,0.01888,-0.00073,-0.00055,0.00068,0.57353,-0.00062,0.14074,0.00082,0.70705,-0.00011,0.70716,1,4,1,1
1765409439.360265,0.01243,0.03721,0.07129,-0.00100,0.00042,0.00087,0.57349,-0.00062,0.14075,0.00082,0.70705,-0.00011,0.70716,1,4,1,1
1765409439.362278,-0.00677,0.00400,0.02617,0.00209,0.00066,-0.00022,0.57349,-0.00062,0.14075,0.00082,0.70705,-0.00011,0.70716,1,4,1,1
1765409439.364270,-0.01042,0.02695,-0.01979,0.00171,-0.00045,-0.00025,0.57345,-0.00062,0.14074,0.00082,0.70705,-0.00011,0.70716,1,4,1,1
1765409439.366278,0.00476,0.03085,0.01805,0.00264,0.00064,0.00043,0.57345,-0.00062,0.14074,0.00082,0.70705,-0.00011,0.70716,1,4,1,1
1765409439.368286,0.02492,0.01515,-0.02706,-0.00039,0.00003,0.00039,0.57341,-0.00062,0.14075,0.00082,0.70705,-0.00011,0.70717,1,4,1,1
1765409439.370298,0.02349,-0.01384,0.00406,0.00122,-0.00005,0.00042,0.57341,-0.00062,0.14075,0.00082,0.70705,-0.00011,0.70717,1,4,1,1
1765409439.372867,0.01141,0.03410,0.01834,0.00071,-0.00134,0.00057,0.57337,-0.00062,0.14075,0.00082,0.70705,-0.00011,0.70717,1,4,1,1
1765409439.374285,-0.01776,0.03099,-0.00447,0.00002,0.00015,0.00044,0.57333,-0.00062,0.14075,0.00082,0.70704,-0.00011,0.70717,1,4,1,1
1765409439.376279,0.03122,0.03499,0.01797,0.00138,0.00032,0.00067,0.57321,-0.00062,0.14075,0.00082,0.70704,-0.00011,0.70717,1,4,1,1
1765409439.378285,0.01498,0.00588,0.03424,0.00081,-0.00009,0.00112,0.57317,-0.00062,0.14075,0.00082,0.70704,-0.00011,0.70717,1,4,1,1
1765409439.380360,0.02004,-0.05543,-0.02544,0.00115,-0.00024,-0.00026,0.57317,-0.00062,0.14075,0.00082,0.70704,-0.00011,0.70717,1,4,1,1
1765409439.382294,0.02061,0.00357,0.01900,-0.00009,-0.00067,0.00057,0.57317,-0.00062,0.14075,0.00082,0.70704,-0.00011,0.70717,1,4,1,1
1765409439.384299,0.02093,0.04710,-0.02780,-0.00088,0.00006,0.00051,0.57317,-0.00062,0.14075,0.00082,0.70704,-0.00011,0.70717,1,4,1,1
1765409439.386345,0.03140,0.03487,0.00260,0.00138,0.00057,0.00026,0.57317,-0.00062,0.14075,0.00082,0.70704,-0.00011,0.70717,1,4,1,1
1765409439.388311,-0.02297,0.01965,-0.01179,0.00141,-0.00041,0.00017,0.57317,-0.00062,0.14075,0.00082,0.70704,-0.00011,0.70717,1,4,1,1
1765409439.390314,0.01072,0.02294,0.01087,0.00080,0.00033,0.00083,0.57317,-0.00062,0.14075,0.00082,0.70704,-0.00011,0.70717,1,4,1,1
1765409439.392286,0.01255,-0.02553,0.02710,0.00021,-0.00069,-0.00022,0.57317,-0.00062,0.14075,0.00082,0.70704,-0.00011,0.70717,1,4,1,1
1765409439.394307,0.03687,0.02264,-0.01193,0.00014,-0.00036,0.00079,0.57317,-0.00062,0.14075,0.00082,0.70704,-0.00011,0.70717,1,4,1,1
1765409439.396285,0.03792,0.02847,-0.01949,-0.00045,-0.00178,0.00065,0.57313,-0.00062,0.14075,0.00082,0.70704,-0.00011,0.70717,1,4,1,1
1765409439.398305,0.02109,-0.00614,-0.01927,0.00022,-0.00043,-0.00081,0.57313,-0.00062,0.14075,0.00082,0.70704,-0.00011,0.70717,1,4,1,1
1765409439.400301,0.01138,-0.02488,0.02747,0.00109,-0.00142,0.00059,0.57309,-0.00062,0.14075,0.00082,0.70704,-0.00011,0.70717,1,4,1,1
1765409439.402312,0.02552,0.00537,-0.03404,-0.00116,-0.00059,0.00106,0.57309,-0.00062,0.14075,0.00082,0.70704,-0.00011,0.70717,1,4,1,1
1765409439.404297,0.01521,-0.03853,0.01187,0.00158,0.00069,-0.00051,0.57305,-0.00062,0.14075,0.00082,0.70704,-0.00011,0.70717,1,4,1,1
1765409439.406318,0.01944,0.02286,0.01846,0.00058,0.00010,0.00083,0.57305,-0.00062,0.14075,0.00082,0.70704,-0.00011,0.70717,1,4,1,1
1765409439.408307,0.03413,0.02555,0.00344,-0.00114,-0.00135,0.00094,0.57305,-0.00062,0.14075,0.00082,0.70704,-0.00011,0.70717,1,4,1,1
1765409439.410315,0.02903,0.03744,0.00276,-0.00034,-0.00016,0.00040,0.57301,-0.00062,0.14076,0.00082,0.70704,-0.00011,0.70718,1,4,1,1
1765409439.412310,0.01601,0.02088,0.02638,-0.00010,-0.00074,0.00111,0.57297,-0.00062,0.14076,0.00082,0.70704,-0.00011,0.70718,1,4,1,1
1765409439.414345,0.01173,0.02310,-0.01199,0.00014,-0.00007,0.00041,0.57297,-0.00062,0.14076,0.00082,0.70704,-0.00011,0.70718,1,4,1,1
1765409439.416323,-0.02250,0.00415,-0.01926,0.00100,0.00048,-0.00023,0.57297,-0.00062,0.14076,0.00082,0.70704,-0.00011,0.70718,1,4,1,1
1765409439.418340,-0.00248,0.00617,0.02630,0.00168,0.00062,0.00032,0.57281,-0.00062,0.14075,0.00082,0.70704,-0.00011,0.70717,1,4,1,1
1765409439.420579,-0.00887,0.00648,0.02670,-0.00028,-0.00044,0.00073,0.57281,-0.00062,0.14075,0.00082,0.70704,-0.00011,0.70717,1,4,1,1
1765409439.422322,0.02474,0.01054,0.03356,0.00021,0.00015,-0.00024,0.57281,-0.00062,0.14075,0.00082,0.70704,-0.00011,0.70717,1,4,1,1
1765409439.424314,0.03315,0.02491,0.02605,-0.00049,-0.00019,0.00096,0.57281,-0.00062,0.14075,0.00082,0.70704,-0.00011,0.70717,1,4,1,1
1765409439.426369,0.02379,0.02534,0.01828,0.00061,0.00004,0.00055,0.57281,-0.00062,0.14075,0.00082,0.70704,-0.00011,0.70717,1,4,1,1
1765409439.428351,0.01087,-0.00564,-0.02654,0.00154,-0.00055,0.00000,0.57281,-0.00062,0.14075,0.00082,0.70704,-0.00011,0.70717,1,4,1,1
1765409439.430330,0.01081,0.05869,0.01754,0.00123,-0.00098,0.00029,0.57281,-0.00062,0.14075,0.00082,0.70704,-0.00011,0.70717,1,4,1,1
1765409439.432332,0.01200,0.01816,-0.00420,-0.00014,-0.00019,0.00055,0.57281,-0.00062,0.14075,0.00082,0.70704,-0.00011,0.70717,1,4,1,1
1765409439.434353,-0.00431,-0.01514,0.01923,0.00033,-0.00075,-0.00048,0.57277,-0.00062,0.14076,0.00082,0.70704,-0.00011,0.70717,1,4,1,1
1765409439.436336,0.01225,0.00829,-0.00399,-0.00026,-0.00019,0.00042,0.57273,-0.00062,0.14076,0.00082,0.70704,-0.00011,0.70718,1,4,1,1
1765409439.438336,0.03211,-0.00986,0.01132,0.00084,0.00085,0.00028,0.57273,-0.00062,0.14076,0.00082,0.70704,-0.00011,0.70718,1,4,1,1
1765409439.440331,0.02953,0.00907,-0.00404,-0.00003,-0.00155,0.00000,0.57269,-0.00062,0.14075,0.00082,0.70704,-0.00011,0.70717,1,4,1,1
1765409439.442351,0.00611,0.01136,-0.01181,0.00175,0.00001,0.00014,0.57269,-0.00062,0.14075,0.00082,0.70704,-0.00011,0.70717,1,4,1,1
1765409439.444364,0.02424,0.04512,0.04814,0.00019,-0.00011,0.00044,0.57269,-0.00062,0.14075,0.00082,0.70704,-0.00011,0.70717,1,4,1,1
1765409439.446347,0.02763,0.00794,0.01083,0.00127,0.00051,0.00001,0.57265,-0.00062,0.14075,0.00082,0.70704,-0.00011,0.70717,1,4,1,1
1765409439.448606,-0.00118,0.05156,-0.03514,0.00049,-0.00145,0.00067,0.57265,-0.00062,0.14075,0.00082,0.70704,-0.00011,0.70717,1,4,1,1
1765409439.450366,0.02365,0.01507,0.02599,0.00070,0.00068,0.00042,0.57265,-0.00062,0.14075,0.00082,0.70704,-0.00011,0.70717,1,4,1,1
1765409439.452359,0.01004,-0.03066,0.01187,0.00233,0.00037,-0.00010,0.57245,-0.00062,0.14075,0.00082,0.70705,-0.00011,0.70717,1,4,1,1
1765409439.454365,0.01455,0.00673,-0.01141,0.00169,-0.00085,0.00068,0.57245,-0.00062,0.14075,0.00082,0.70705,-0.00011,0.70717,1,4,1,1
1765409439.456359,-0.00125,0.02176,-0.01201,0.00100,-0.00068,-0.00012,0.57245,-0.00062,0.14075,0.00082,0.70705,-0.00011,0.70717,1,4,1,1
1765409439.458449,-0.01015,0.01633,0.05660,0.00093,0.00020,0.00048,0.57245,-0.00062,0.14075,0.00082,0.70705,-0.00011,0.70717,1,4,1,1
1765409439.460354,0.02733,0.01188,-0.04974,0.00066,0.00116,0.00103,0.57245,-0.00062,0.14075,0.00082,0.70705,-0.00011,0.70717,1,4,1,1
1765409439.462358,0.01074,-0.03086,-0.01830,0.00145,0.00011,0.00028,0.57245,-0.00062,0.14075,0.00082,0.70705,-0.00011,0.70717,1,4,1,1
1765409439.464375,-0.01264,0.01864,-0.03460,-0.00057,-0.00015,0.00015,0.57245,-0.00062,0.14075,0.00082,0.70705,-0.00011,0.70717,1,4,1,1
1765409439.466354,-0.02336,0.02413,0.01107,0.00124,-0.00002,0.00086,0.57245,-0.00062,0.14075,0.00082,0.70705,-0.00011,0.70717,1,4,1,1
1765409439.468375,0.01535,0.05462,-0.02807,0.00030,0.00050,0.00051,0.57245,-0.00062,0.14075,0.00082,0.70705,-0.00011,0.70717,1,4,1,1
1765409439.470365,0.01981,-0.00654,-0.05685,0.00066,-0.00014,0.00037,0.57242,-0.00062,0.14076,0.00082,0.70704,-0.00011,0.70717,1,4,1,1
1765409439.472368,0.03252,0.00029,-0.01881,0.00009,-0.00016,0.00120,0.57242,-0.00062,0.14076,0.00082,0.70704,-0.00011,0.70717,1,4,1,1
1765409439.474354,-0.01019,-0.00359,-0.02658,0.00113,0.00047,0.00015,0.57238,-0.00062,0.14076,0.00082,0.70704,-0.00011,0.70717,1,4,1,1
1765409439.476351,0.00283,0.00347,-0.01904,0.00056,0.00019,0.00055,0.57235,-0.00062,0.14076,0.00082,0.70704,-0.00011,0.70717,1,4,1,1
1765409439.478384,-0.01957,0.02432,-0.01881,-0.00225,-0.00183,0.00125,0.57235,-0.00062,0.14076,0.00082,0.70704,-0.00011,0.70717,1,4,1,1
1765409439.480387,-0.00586,0.01429,0.00351,0.00112,-0.00049,0.00031,0.57235,-0.00062,0.14076,0.00082,0.70704,-0.00011,0.70717,1,4,1,1
1765409439.482376,0.02420,0.00537,-0.04987,0.00058,0.00042,-0.00017,0.57232,-0.00062,0.14076,0.00082,0.70704,-0.00011,0.70717,1,4,1,1
1765409439.484390,0.01549,0.00671,-0.02671,0.00103,-0.00099,0.00026,0.57232,-0.00062,0.14076,0.00082,0.70704,-0.00011,0.70717,1,4,1,1
1765409439.486405,0.02436,0.00563,-0.04945,0.00015,-0.00033,0.00064,0.57229,-0.00062,0.14076,0.00082,0.70704,-0.00011,0.70717,1,4,1,1
1765409439.488428,-0.01334,-0.00115,-0.04929,0.00006,0.00013,0.00028,0.57222,-0.00062,0.14075,0.00082,0.70705,-0.00011,0.70717,1,4,1,1
1765409439.490424,-0.01351,0.01884,-0.02686,0.00009,-0.00026,0.00056,0.57222,-0.00062,0.14075,0.00082,0.70705,-0.00011,0.70717,1,4,1,1
1765409439.492398,0.02542,0.02517,-0.03496,-0.00071,-0.00024,0.00011,0.57222,-0.00062,0.14075,0.00082,0.70705,-0.00011,0.70717,1,4,1,1
1765409439.494416,0.03325,0.03021,-0.06538,-0.00021,-0.00058,0.00034,0.57222,-0.00062,0.14075,0.00082,0.70705,-0.00011,0.70717,1,4,1,1
1765409439.496422,0.01890,0.03263,-0.03494,0.00091,0.00023,0.00092,0.57222,-0.00062,0.14075,0.00082,0.70705,-0.00011,0.70717,1,4,1,1
1765409439.498414,0.02920,0.00386,-0.00392,0.00013,-0.00116,0.00014,0.57222,-0.00062,0.14075,0.00082,0.70705,-0.00011,0.70717,1,4,1,1
1765409439.500413,0.02421,0.00524,-0.05712,0.00014,0.00018,0.00063,0.57222,-0.00062,0.14075,0.00082,0.70705,-0.00011,0.70717,1,4,1,1
1765409439.502398,-0.01763,0.03182,0.01122,-0.00019,-0.00123,0.00126,0.57222,-0.00062,0.14075,0.00082,0.70705,-0.00011,0.70717,1,4,1,1
1765409439.504403,-0.00014,0.02072,-0.02709,-0.00055,-0.00005,0.00027,0.57222,-0.00062,0.14075,0.00082,0.70705,-0.00011,0.70717,1,4,1,1
1765409439.506409,0.02382,0.02483,-0.00476,0.00060,0.00080,0.00013,0.57222,-0.00062,0.14075,0.00082,0.70705,-0.00011,0.70717,1,4,1,1
1765409439.508394,0.01947,0.06205,0.01730,0.00040,0.00044,0.00054,0.57222,-0.00062,0.14075,0.00082,0.70705,-0.00011,0.70717,1,4,1,1
1765409439.510406,0.05029,0.02031,0.01851,-0.00033,-0.00104,0.00067,0.57221,-0.00062,0.14075,0.00082,0.70704,-0.00011,0.70717,1,4,1,1
1765409439.512421,0.00985,-0.00081,-0.00386,0.00225,-0.00016,0.00028,0.57221,-0.00062,0.14075,0.00082,0.70704,-0.00011,0.70717,1,4,1,1
1765409439.514399,0.01068,0.03709,0.01039,0.00053,0.00108,0.00082,0.57221,-0.00062,0.14075,0.00082,0.70705,-0.00011,0.70717,1,4,1,1
1765409439.516418,-0.01790,0.01710,0.01863,0.00072,-0.00060,0.00006,0.57221,-0.00062,0.14075,0.00082,0.70705,-0.00011,0.70717,1,4,1,1
1765409439.518419,-0.01557,0.02096,0.01123,-0.00207,-0.00049,0.00073,0.57220,-0.00062,0.14075,0.00082,0.70705,-0.00011,0.70717,1,4,1,1
1765409439.520430,0.01509,0.01059,0.04903,0.00086,0.00041,0.00059,0.57220,-0.00062,0.14075,0.00082,0.70705,-0.00011,0.70717,1,4,1,1
1765409439.522471,0.00862,0.02640,0.01082,-0.00047,-0.00118,0.00016,0.57220,-0.00062,0.14075,0.00082,0.70704,-0.00011,0.70717,1,4,1,1
1765409439.524471,0.03500,-0.00876,0.06505,-0.00155,-0.00159,0.00073,0.57220,-0.00062,0.14075,0.00082,0.70704,-0.00011,0.70717,1,4,1,1
1765409439.526423,-0.01376,0.02866,-0.01930,-0.00001,-0.00039,0.00110,0.57220,-0.00062,0.14075,0.00082,0.70705,-0.00011,0.70717,1,4,1,1
1765409439.528417,-0.01272,0.00982,-0.03425,-0.00002,-0.00129,0.00002,0.57220,-0.00062,0.14075,0.00082,0.70705,-0.00011,0.70717,1,4,1,1
1765409439.530463,-0.01819,0.00128,-0.01118,0.00031,0.00032,0.00085,0.57220,-0.00062,0.14075,0.00082,0.70705,-0.00011,0.70717,1,4,1,1
1765409439.532427,0.00265,0.02347,0.00339,0.00058,-0.00021,0.00083,0.57220,-0.00062,0.14075,0.00082,0.70705,-0.00011,0.70717,1,4,1,1
1765409439.534428,0.01212,-0.00114,-0.00410,0.00050,-0.00019,-0.00052,0.57220,-0.00062,0.14075,0.00082,0.70705,-0.00011,0.70717,1,4,1,1
1765409439.536418,0.00876,-0.00118,0.00377,0.00291,0.00050,0.00069,0.57220,-0.00062,0.14075,0.00082,0.70705,-0.00011,0.70717,1,4,1,1
1765409439.538430,0.00974,0.00108,0.05748,-0.00209,-0.00116,0.00129,0.57220,-0.00062,0.14075,0.00082,0.70705,-0.00011,0.70717,1,4,1,1
1765409439.540432,0.03021,-0.00663,0.01144,-0.00087,-0.00065,0.00002,0.57220,-0.00062,0.14075,0.00082,0.70705,-0.00011,0.70717,1,4,1,1
1765409439.542456,0.01523,-0.00394,0.02668,0.00091,0.00004,0.00058,0.57220,-0.00062,0.14075,0.00082,0.70704,-0.00011,0.70717,1,4,1,1
1765409439.544427,0.01559,0.00551,-0.01893,0.00015,0.00004,0.00108,0.57220,-0.00062,0.14075,0.00082,0.70704,-0.00011,0.70717,1,4,1,1
1765409439.546452,-0.01465,-0.01050,0.02664,0.00170,0.00039,-0.00020,0.57220,-0.00062,0.14075,0.00082,0.70705,-0.00011,0.70717,1,4,1,1
1765409439.548460,0.02043,0.00733,-0.01158,-0.00049,0.00061,0.00081,0.57220,-0.00062,0.14075,0.00082,0.70705,-0.00011,0.70717,1,4,1,1
1765409439.550449,0.02020,0.02301,0.01077,0.00014,-0.00017,0.00042,0.57220,-0.00062,0.14075,0.00082,0.70705,-0.00011,0.70717,1,4,1,1
1765409439.552439,0.02530,-0.00773,-0.00395,0.00064,-0.00150,-0.00093,0.57220,-0.00062,0.14075,0.00082,0.70705,-0.00011,0.70717,1,4,1,1
1765409439.554459,0.01373,0.01015,0.02626,0.00173,0.00119,0.00097,0.57220,-0.00062,0.14075,0.00082,0.70705,-0.00011,0.70717,1,4,1,1
1765409439.556453,0.01503,0.00118,0.01132,0.00119,-0.00009,0.00043,0.57220,-0.00062,0.14075,0.00082,0.70705,-0.00011,0.70717,1,4,1,1
1765409439.558456,-0.01023,-0.01298,-0.04151,0.00145,-0.00003,0.00001,0.57220,-0.00062,0.14075,0.00082,0.70705,-0.00011,0.70717,1,4,1,1
1765409439.560493,0.01128,0.02250,0.03362,0.00013,0.00070,0.00085,0.57220,-0.00062,0.14075,0.00082,0.70704,-0.00011,0.70717,1,4,1,1
1765409439.562452,0.01965,0.02839,-0.00440,0.00064,-0.00067,0.00067,0.57220,-0.00062,0.14075,0.00082,0.70704,-0.00011,0.70717,1,4,1,1
1765409439.564436,0.01131,-0.01067,-0.01133,0.00126,-0.00043,-0.00026,0.57220,-0.00062,0.14075,0.00082,0.70704,-0.00011,0.70717,1,4,1,1
1765409439.566445,0.01581,0.02107,0.00343,0.00034,-0.00075,0.00069,0.57220,-0.00062,0.14075,0.00082,0.70704,-0.00011,0.70717,1,4,1,1
1765409439.568618,-0.00106,0.01163,-0.01926,0.00066,-0.00054,0.00015,0.57220,-0.00062,0.14075,0.00082,0.70704,-0.00011,0.70717,1,4,1,1
1765409439.570451,-0.00616,-0.00501,-0.00366,0.00176,-0.00072,0.00004,0.57220,-0.00062,0.14075,0.00082,0.70704,-0.00011,0.70717,1,4,1,1
1765409439.572469,0.01360,0.01055,0.01854,0.00217,0.00093,0.00056,0.57220,-0.00062,0.14075,0.00082,0.70704,-0.00011,0.70717,1,4,1,1
1765409439.574469,0.01271,0.02794,0.01862,-0.00111,-0.00058,0.00111,0.57220,-0.00062,0.14075,0.00082,0.70704,-0.00011,0.70717,1,4,1,1
1765409439.576473,-0.00222,0.00198,-0.04208,0.00207,-0.00015,-0.00041,0.57220,-0.00062,0.14075,0.00082,0.70704,-0.00011,0.70717,1,4,1,1
1765409439.578463,0.02812,0.03813,0.01075,0.00033,-0.00103,0.00121,0.57220,-0.00062,0.14075,0.00082,0.70704,-0.00011,0.70717,1,4,1,1
1765409439.580457,0.02323,0.01591,0.01090,0.00137,-0.00020,0.00041,0.57220,-0.00062,0.14075,0.00082,0.70704,-0.00011,0.70717,1,4,1,1
1765409439.582477,-0.00081,0.00103,0.02658,0.00009,0.00023,0.00046,0.57219,-0.00062,0.14075,0.00082,0.70704,-0.00011,0.70717,1,4,1,1
1765409439.584489,0.04031,0.02458,-0.01208,0.00060,0.00036,0.00091,0.57219,-0.00062,0.14075,0.00082,0.70704,-0.00011,0.70717,1,4,1,1
1765409439.586476,0.01694,0.03082,0.01072,-0.00064,-0.00090,0.00042,0.57219,-0.00062,0.14075,0.00082,0.70704,-0.00011,0.70717,1,4,1,1
1765409439.588455,-0.00203,0.02166,-0.01208,0.00165,-0.00029,-0.00012,0.57219,-0.00062,0.14075,0.00082,0.70704,-0.00011,0.70717,1,4,1,1
1765409439.590481,0.04149,0.04490,-0.00468,-0.00046,-0.00094,0.00119,0.57219,-0.00062,0.14075,0.00082,0.70704,-0.00011,0.70717,1,4,1,1
1765409439.592481,0.02085,0.01841,-0.03451,-0.00035,-0.00093,0.00052,0.57219,-0.00062,0.14075,0.00082,0.70704,-0.00011,0.70717,1,4,1,1
1765409439.594488,-0.00080,-0.00311,0.01894,0.00070,-0.00042,-0.00022,0.57219,-0.00062,0.14075,0.00082,0.70705,-0.00011,0.70717,1,4,1,1
1765409439.596552,0.01915,0.02701,0.01072,0.00041,0.00099,0.00109,0.57219,-0.00062,0.14075,0.00082,0.70704,-0.00011,0.70717,1,4,1,1
1765409439.598488,0.01718,0.02096,-0.01963,-0.00054,-0.00077,-0.00014,0.57219,-0.00062,0.14075,0.00082,0.70704,-0.00011,0.70717,1,4,1,1
1765409439.600495,0.01629,0.01678,0.02635,0.00028,-0.00152,0.00044,0.57219,-0.00062,0.14075,0.00082,0.70704,-0.00011,0.70717,1,4,1,1
1765409439.602482,0.00109,0.00647,0.10274,-0.00159,-0.00107,0.00079,0.57219,-0.00062,0.14075,0.00082,0.70704,-0.00011,0.70717,1,4,1,1
1765409439.604530,0.01669,0.00600,0.01124,-0.00028,-0.00050,0.00029,0.57219,-0.00062,0.14075,0.00082,0.70704,-0.00011,0.70717,1,4,1,1
1765409439.606501,-0.00933,-0.00309,0.04154,0.00091,0.00006,-0.00060,0.57219,-0.00062,0.14075,0.00082,0.70704,-0.00011,0.70717,1,4,1,1
1765409439.608559,-0.00323,0.01813,0.04205,-0.00232,-0.00075,0.00182,0.57219,-0.00062,0.14075,0.00082,0.70704,-0.00011,0.70717,1,4,1,1
1765409439.610483,0.01177,-0.00085,0.01888,0.00072,-0.00057,-0.00010,0.57219,-0.00062,0.14075,0.00082,0.70704,-0.00011,0.70717,1,4,1,1
1765409439.612481,-0.00566,-0.00984,-0.02656,0.00170,-0.00074,-0.00065,0.57219,-0.00062,0.14075,0.00082,0.70704,-0.00011,0.70717,1,4,1,1
1765409439.614506,-0.01009,0.00150,0.00400,0.00075,-0.00004,0.00085,0.57219,-0.00062,0.14075,0.00082,0.70704,-0.00011,0.70717,1,4,1,1
1765409439.616498,0.01594,0.01649,-0.01928,0.00050,-0.00113,0.00040,0.57219,-0.00062,0.14075,0.00082,0.70704,-0.00011,0.70717,1,4,1,1
1765409439.618531,0.01555,0.01123,0.02620,0.00087,-0.00036,0.00017,0.57219,-0.00062,0.14075,0.00082,0.70704,-0.00011,0.70717,1,4,1,1
1765409439.620505,-0.00323,0.01095,0.04159,0.00196,0.00076,0.00100,0.57219,-0.00062,0.14075,0.00082,0.70704,-0.00011,0.70717,1,4,1,1
1765409439.622513,0.02464,0.01565,0.01115,-0.00017,-0.00059,0.00082,0.57219,-0.00062,0.14075,0.00082,0.70704,-0.00011,0.70717,1,4,1,1
1765409439.624514,-0.00091,-0.00777,-0.00363,0.00086,-0.00079,-0.00010,0.57219,-0.00062,0.14075,0.00082,0.70704,-0.00011,0.70717,1,4,1,1
1765409439.626531,0.02425,0.00537,0.03403,0.00015,0.00018,0.00070,0.57219,-0.00062,0.14075,0.00082,0.70704,-0.00011,0.70717,1,4,1,1
1765409439.628525,-0.00129,-0.00747,-0.01120,0.00130,-0.00104,-0.00011,0.57219,-0.00062,0.14075,0.00082,0.70704,-0.00011,0.70717,1,4,1,1
1765409439.630523,-0.00991,0.00712,-0.03439,0.00125,-0.00056,-0.00012,0.57219,-0.00062,0.14075,0.00082,0.70704,-0.00011,0.70717,1,4,1,1
1765409439.632536,0.02022,0.00312,0.03427,-0.00010,-0.00015,0.00098,0.57219,-0.00062,0.14075,0.00082,0.70704,-0.00011,0.70717,1,4,1,1
1765409439.634502,0.01264,0.01874,0.00317,-0.00013,-0.00072,-0.00025,0.57219,-0.00062,0.14075,0.00082,0.70705,-0.00011,0.70717,1,4,1,1
1765409439.636541,0.02348,-0.00391,-0.01909,0.00134,-0.00006,0.00013,0.57219,-0.00062,0.14075,0.00082,0.70705,-0.00011,0.70717,1,4,1,1
1765409439.638512,0.00768,0.02005,-0.01170,-0.00055,0.00038,0.00109,0.57219,-0.00062,0.14075,0.00082,0.70705,-0.00011,0.70717,1,4,1,1
1765409439.641309,-0.00201,-0.00316,0.00383,0.00157,-0.00014,0.00017,0.57219,-0.00062,0.14075,0.00082,0.70705,-0.00011,0.70717,1,4,1,1
1765409439.642530,0.00708,-0.00355,0.01900,0.00091,-0.00012,0.00017,0.57219,-0.00062,0.14075,0.00082,0.70705,-0.00011,0.70717,1,4,1,1
1765409439.644521,0.02007,0.01767,0.02606,0.00008,0.00034,0.00056,0.57219,-0.00062,0.14075,0.00082,0.70705,-0.00011,0.70717,1,4,1,1
1765409439.646534,-0.01388,-0.00053,0.01134,0.00094,-0.00013,-0.00008,0.57219,-0.00062,0.14075,0.00082,0.70705,-0.00011,0.70717,1,4,1,1
1765409439.648561,0.02081,0.02763,-0.04258,-0.00046,-0.00005,0.00024,0.57219,-0.00062,0.14075,0.00082,0.70705,-0.00011,0.70717,1,4,1,1
1765409439.650554,0.00657,0.01109,-0.01905,0.00087,-0.00024,0.00095,0.57219,-0.00062,0.14075,0.00082,0.70705,-0.00011,0.70717,1,4,1,1
1765409439.652537,0.02554,0.02114,-0.01184,-0.00054,-0.00138,0.00027,0.57219,-0.00062,0.14075,0.00082,0.70705,-0.00011,0.70717,1,4,1,1
1765409439.654520,0.00625,-0.00318,-0.03417,0.00179,-0.00036,0.00013,0.57219,-0.00062,0.14075,0.00082,0.70705,-0.00011,0.70717,1,4,1,1
1765409439.656549,0.01035,0.03806,-0.00449,0.00098,-0.00018,0.00122,0.57219,-0.00062,0.14075,0.00082,0.70705,-0.00011,0.70717,1,4,1,1
1765409439.658538,-0.01656,-0.00301,0.07221,-0.00040,-0.00036,-0.00016,0.57219,-0.00062,0.14075,0.00082,0.70705,-0.00011,0.70717,1,4,1,1
1765409439.660546,-0.01388,-0.01554,-0.03370,0.00076,-0.00011,0.00029,0.57219,-0.00062,0.14075,0.00082,0.70705,-0.00011,0.70717,1,4,1,1
1765409439.662572,0.00731,0.02554,0.03337,0.00039,0.00036,0.00018,0.57219,-0.00062,0.14075,0.00082,0.70705,-0.00011,0.70717,1,4,1,1
1765409439.664555,0.00814,0.02578,0.00310,-0.00026,-0.00029,0.00015,0.57219,-0.00062,0.14075,0.00082,0.70705,-0.00011,0.70717,1,4,1,1
1765409439.666550,0.02252,0.02514,0.03353,0.00148,0.00057,0.00097,0.57219,-0.00062,0.14075,0.00082,0.70705,-0.00011,0.70717,1,4,1,1
1765409439.668557,-0.00622,0.01324,-0.01928,0.00089,0.00067,0.00069,0.57219,-0.00062,0.14075,0.00082,0.70705,-0.00011,0.70717,1,4,1,1
1765409439.670572,0.02090,0.02301,0.03342,-0.00030,-0.00019,0.00003,0.57219,-0.00062,0.14075,0.00082,0.70705,-0.00011,0.70717,1,4,1,1
1765409439.672557,-0.00057,0.01092,-0.00396,-0.00023,-0.00003,0.00056,0.57219,-0.00062,0.14075,0.00082,0.70705,-0.00011,0.70717,1,4,1,1
1765409439.674553,0.01443,0.02985,0.02593,0.00088,0.00079,0.00124,0.57219,-0.00062,0.14075,0.00082,0.70705,-0.00011,0.70717,1,4,1,1
1765409439.676575,0.01649,0.02108,-0.00447,0.00012,-0.00064,-0.00013,0.57219,-0.00062,0.14075,0.00082,0.70705,-0.00011,0.70717,1,4,1,1
1765409439.678673,0.00789,0.01578,-0.00417,-0.00017,-0.00014,0.00042,0.57219,-0.00062,0.14075,0.00082,0.70705,-0.00011,0.70717,1,4,1,1
1765409439.680548,0.04108,0.04956,0.01766,0.00003,-0.00019,0.00066,0.57219,-0.00062,0.14075,0.00082,0.70705,-0.00011,0.70717,1,4,1,1
1765409439.682586,0.01099,-0.00596,-0.00380,0.00132,-0.00017,0.00002,0.57219,-0.00062,0.14075,0.00082,0.70705,-0.00011,0.70717,1,4,1,1
1765409439.684570,0.03296,0.02015,0.02607,-0.00011,-0.00019,0.00069,0.57219,-0.00062,0.14075,0.00082,0.70705,-0.00011,0.70717,1,4,1,1
1765409439.686572,0.00388,0.02355,0.04129,-0.00029,-0.00048,0.00046,0.57219,-0.00062,0.14075,0.00082,0.70705,-0.00011,0.70717,1,4,1,1
1765409439.688604,-0.00503,0.01467,-0.01951,0.00091,-0.00089,-0.00052,0.57219,-0.00062,0.14075,0.00082,0.70705,-0.00011,0.70717,1,4,1,1
1765409439.690576,0.02497,0.02576,-0.00416,-0.00048,-0.00111,0.00094,0.57219,-0.00062,0.14075,0.00082,0.70705,-0.00011,0.70717,1,4,1,1
1765409439.692575,0.02216,0.01132,-0.00413,0.00240,-0.00031,0.00054,0.57219,-0.00062,0.14075,0.00082,0.70705,-0.00011,0.70717,1,4,1,1
1765409439.694561,0.01636,0.01079,0.03379,-0.00001,-0.00012,0.00017,0.57219,-0.00062,0.14075,0.00082,0.70705,-0.00011,0.70717,1,4,1,1
1765409439.696575,0.02398,0.04010,0.04070,0.00035,0.00002,0.00057,0.57219,-0.00062,0.14075,0.00082,0.70705,-0.00011,0.70717,1,4,1,1
1765409439.698563,0.03227,0.02027,0.04122,0.00055,-0.00006,0.00070,0.57219,-0.00062,0.14075,0.00082,0.70705,-0.00011,0.70717,1,4,1,1
1765409439.700565,-0.01685,0.00183,-0.00395,-0.00012,-0.00023,-0.00036,0.57219,-0.00062,0.14075,0.00082,0.70705,-0.00011,0.70717,1,4,1,1
1765409439.702564,0.01996,0.01304,0.02629,0.00024,-0.00003,0.00070,0.57219,-0.00062,0.14075,0.00082,0.70705,-0.00011,0.70717,1,4,1,1
1765409439.704588,0.00771,0.00105,-0.00379,0.00009,-0.00013,0.00042,0.57219,-0.00062,0.14075,0.00082,0.70705,-0.00011,0.70717,1,4,1,1
1765409439.706571,0.00186,-0.00122,0.01095,0.00203,0.00082,-0.00051,0.57219,-0.00062,0.14075,0.00082,0.70705,-0.00011,0.70717,1,4,1,1
1765409439.708578,0.00125,0.00874,-0.01911,0.00193,0.00020,0.00082,0.57219,-0.00062,0.14075,0.00082,0.70705,-0.00011,0.70717,1,4,1,1
1765409439.710571,0.01262,-0.00062,0.01916,-0.00015,-0.00133,0.00031,0.57219,-0.00062,0.14075,0.00082,0.70705,-0.00011,0.70717,1,4,1,1
1765409439.712614,0.00765,-0.00318,0.01114,0.00091,-0.00040,-0.00064,0.57219,-0.00062,0.14075,0.00082,0.70705,-0.00011,0.70717,1,4,1,1
1765409439.714633,0.02357,0.01115,0.01114,0.00109,-0.00058,0.00055,0.57219,-0.00062,0.14075,0.00082,0.70705,-0.00011,0.70717,1,4,1,1
1765409439.716652,0.03802,0.00267,0.02647,-0.00076,-0.00024,0.00055,0.57219,-0.00062,0.14075,0.00082,0.70705,-0.00011,0.70717,1,4,1,1
1765409439.718592,0.01764,0.00091,-0.01890,-0.00122,-0.00075,0.00041,0.57219,-0.00062,0.14075,0.00082,0.70705,-0.00011,0.70717,1,4,1,1
1765409439.720649,0.02458,0.01539,0.00369,-0.00039,-0.00046,0.00122,0.57219,-0.00062,0.14075,0.00082,0.70705,-0.00011,0.70717,1,4,1,1
1765409439.722593,-0.01005,-0.00385,0.04173,0.00090,0.00084,0.00021,0.57219,-0.00062,0.14075,0.00082,0.70705,-0.00011,0.70717,1,4,1,1
1765409439.724599,0.01624,-0.00869,0.01901,0.00041,-0.00023,-0.00010,0.57219,-0.00062,0.14075,0.00082,0.70705,-0.00011,0.70717,1,4,1,1
1765409439.726586,0.01943,0.01793,0.01087,0.00074,0.00022,0.00055,0.57219,-0.00062,0.14075,0.00082,0.70705,-0.00011,0.70717,1,4,1,1
1765409439.728601,0.00321,0.01311,0.01874,0.00002,0.00030,0.00071,0.57219,-0.00062,0.14075,0.00082,0.70705,-0.00011,0.70717,1,4,1,1
1765409439.730597,0.00796,-0.00375,0.01126,0.00025,-0.00001,-0.00024,0.57219,-0.00062,0.14075,0.00082,0.70705,-0.00011,0.70717,1,4,1,1
1765409439.732605,0.04407,0.02230,0.03384,0.00079,-0.00006,0.00162,0.57219,-0.00062,0.14075,0.00082,0.70705,-0.00011,0.70717,1,4,1,1
1765409439.734610,0.02370,0.01649,-0.00416,0.00115,-0.00110,0.00041,0.57219,-0.00062,0.14075,0.00082,0.70705,-0.00011,0.70717,1,4,1,1
1765409439.736607,-0.00050,0.01118,0.00350,-0.00001,-0.00017,0.00017,0.57219,-0.00062,0.14075,0.00082,0.70705,-0.00011,0.70717,1,4,1,1
1765409439.738614,0.01928,0.00885,0.00376,0.00106,-0.00078,0.00082,0.57219,-0.00062,0.14075,0.00082,0.70705,-0.00011,0.70717,1,4,1,1
1765409439.740613,-0.03172,-0.00086,-0.01136,0.00138,0.00085,0.00032,0.57219,-0.00062,0.14075,0.00082,0.70705,-0.00011,0.70717,1,4,1,1
1765409439.742645,0.00351,0.00978,-0.00413,0.00085,-0.00124,-0.00038,0.57219,-0.00062,0.14075,0.00082,0.70705,-0.00011,0.70717,1,4,1,1
1765409439.744612,0.01568,0.02428,0.01092,-0.00050,0.00104,0.00136,0.57219,-0.00062,0.14075,0.00082,0.70705,-0.00011,0.70717,1,4,1,1
1765409439.746624,0.01919,0.02775,0.01843,0.00064,0.00010,0.00109,0.57219,-0.00062,0.14075,0.00082,0.70705,-0.00011,0.70717,1,4,1,1
1765409439.748625,0.00841,0.02583,0.01072,-0.00048,-0.00042,0.00016,0.57219,-0.00062,0.14075,0.00082,0.70705,-0.00011,0.70717,1,4,1,1
1765409439.750637,0.01062,0.01846,0.07169,0.00118,0.00007,0.00061,0.57219,-0.00062,0.14075,0.00082,0.70705,-0.00011,0.70717,1,4,1,1
1765409439.752647,0.01087,0.00354,0.02650,0.00100,0.00008,0.00058,0.57219,-0.00062,0.14075,0.00082,0.70705,-0.00011,0.70717,1,4,1,1
1765409439.754722,0.01630,0.01126,-0.01930,0.00022,-0.00075,0.00013,0.57219,-0.00062,0.14075,0.00082,0.70705,-0.00011,0.70717,1,4,1,1
1765409439.756632,0.01548,0.02577,0.01096,0.00039,-0.00049,0.00096,0.57219,-0.00062,0.14075,0.00082,0.70705,-0.00011,0.70717,1,4,1,1
1765409439.758656,0.02501,0.03021,0.00317,-0.00064,-0.00048,0.00081,0.57219,-0.00062,0.14075,0.00082,0.70705,-0.00011,0.70717,1,4,1,1
1765409439.760655,0.00885,0.02578,0.02575,-0.00070,-0.00030,-0.00023,0.57219,-0.00062,0.14075,0.00082,0.70705,-0.00011,0.70717,1,4,1,1
1765409439.762720,0.01596,0.02508,-0.00430,-0.00027,0.00014,0.00095,0.57219,-0.00062,0.14075,0.00082,0.70705,-0.00011,0.70717,1,4,1,1
1765409439.764720,0.00420,0.02383,0.03358,-0.00029,-0.00075,0.00005,0.57219,-0.00062,0.14075,0.00082,0.70705,-0.00011,0.70717,1,4,1,1
1765409439.766706,0.01136,0.01353,-0.00419,0.00068,-0.00018,0.00028,0.57219,-0.00062,0.14075,0.00082,0.70705,-0.00011,0.70717,1,4,1,1
1765409439.768708,-0.00167,0.02541,-0.01188,0.00039,0.00048,0.00096,0.57219,-0.00062,0.14075,0.00082,0.70705,-0.00011,0.70717,1,4,1,1
1765409439.770710,0.02463,0.01570,0.00338,0.00005,-0.00047,0.00041,0.57219,-0.00062,0.14075,0.00082,0.70705,-0.00011,0.70717,1,4,1,1
1765409439.772655,-0.00093,-0.00845,0.03424,0.00063,0.00010,-0.00007,0.57219,-0.00062,0.14075,0.00082,0.70705,-0.00011,0.70717,1,4,1,1
1765409439.774648,0.01958,0.00833,-0.00389,0.00062,-0.00027,0.00081,0.57219,-0.00062,0.14075,0.00082,0.70705,-0.00011,0.70717,1,4,1,1
1765409439.776644,0.01555,0.01612,0.01100,0.00071,-0.00049,0.00042,0.57219,-0.00062,0.14075,0.00082,0.70705,-0.00011,0.70717,1,4,1,1
1765409439.778665,0.02811,0.00856,0.01856,0.00106,-0.00039,0.00001,0.57219,-0.00062,0.14075,0.00082,0.70705,-0.00011,0.70717,1,4,1,1
1765409439.780664,-0.00050,0.01608,-0.01170,-0.00016,-0.00029,0.00042,0.57219,-0.00062,0.14075,0.00082,0.70705,-0.00011,0.70717,1,4,1,1
1765409439.782670,0.00782,0.01197,0.01879,0.00044,-0.00129,0.00017,0.57219,-0.00062,0.14075,0.00082,0.70705,-0.00011,0.70717,1,4,1,1
1765409439.784695,0.00182,0.00078,0.04970,-0.00253,-0.00056,0.00088,0.57219,-0.00062,0.14075,0.00082,0.70705,-0.00011,0.70717,1,4,1,1
1765409439.786677,-0.00130,0.01527,0.00330,0.00026,0.00098,0.00043,0.57219,-0.00062,0.14075,0.00082,0.70705,-0.00011,0.70717,1,4,1,1
1765409439.788661,0.02034,0.01346,-0.01177,0.00024,-0.00055,0.00027,0.57219,-0.00062,0.14075,0.00082,0.70705,-0.00011,0.70717,1,4,1,1
1765409439.790671,0.00812,0.02618,-0.01167,-0.00048,-0.00116,0.00095,0.57219,-0.00062,0.14075,0.00082,0.70705,-0.00011,0.70717,1,4,1,1
1765409439.792670,0.02686,0.00779,0.01853,0.00171,0.00077,0.00042,0.57219,-0.00062,0.14075,0.00082,0.70705,-0.00011,0.70717,1,4,1,1
1765409439.794676,-0.00431,0.00958,0.01886,-0.00002,-0.00114,0.00005,0.57219,-0.00062,0.14075,0.00082,0.70705,-0.00011,0.70717,1,4,1,1
1765409439.796652,0.02097,0.00340,0.03382,-0.00010,-0.00018,-0.00023,0.57219,-0.00062,0.14075,0.00082,0.70705,-0.00011,0.70717,1,4,1,1
1765409439.798655,0.00807,0.02051,-0.02697,-0.00055,-0.00014,0.00067,0.57219,-0.00062,0.14075,0.00082,0.70705,-0.00011,0.70717,1,4,1,1
1765409439.800654,0.03259,0.00565,0.02628,0.00059,-0.00018,0.00029,0.57219,-0.00062,0.14075,0.00082,0.70705,-0.00011,0.70717,1,4,1,1
1765409439.802665,0.00818,-0.00824,-0.00348,-0.00002,-0.00089,0.00030,0.57219,-0.00062,0.14075,0.00082,0.70705,-0.00011,0.70717,1,4,1,1
1765409439.804653,0.03334,-0.00864,0.04216,-0.00002,-0.00119,0.00071,0.57219,-0.00062,0.14075,0.00082,0.70705,-0.00011,0.70717,1,4,1,1
1765409439.806652,-0.00497,0.01902,0.00336,0.00031,-0.00050,0.00017,0.57219,-0.00062,0.14075,0.00082,0.70705,-0.00011,0.70717,1,4,1,1
1765409439.808649,0.01595,0.01517,-0.01171,-0.00017,0.00028,0.00081,0.57219,-0.00062,0.14075,0.00082,0.70705,-0.00011,0.70717,1,4,1,1
1765409439.810692,0.00386,0.01851,-0.00411,-0.00035,-0.00047,0.00056,0.57219,-0.00062,0.14075,0.00082,0.70705,-0.00011,0.70717,1,4,1,1
1765409439.812644,0.00285,-0.00058,-0.01166,0.00138,-0.00034,-0.00052,0.57219,-0.00062,0.14075,0.00082,0.70705,-0.00011,0.70717,1,4,1,1
1765409439.814665,-0.00192,-0.01291,0.01941,0.00145,-0.00038,0.00046,0.57219,-0.00062,0.14075,0.00082,0.70705,-0.00011,0.70717,1,4,1,1
1765409439.816683,0.02155,0.02515,-0.00452,0.00235,0.00083,0.00093,0.57219,-0.00062,0.14075,0.00082,0.70705,-0.00011,0.70717,1,4,1,1
1765409439.818678,-0.02117,0.00018,0.01896,0.00030,-0.00094,-0.00047,0.57219,-0.00062,0.14075,0.00082,0.70705,-0.00011,0.70717,1,4,1,1
1765409439.820692,0.01440,-0.00110,0.04200,-0.00190,-0.00135,0.00033,0.57219,-0.00062,0.14075,0.00082,0.70705,-0.00011,0.70717,1,4,1,1
1765409439.822693,0.00649,-0.00381,0.01132,0.00134,0.00039,0.00017,0.57219,-0.00062,0.14075,0.00082,0.70705,-0.00011,0.70717,1,4,1,1
1765409439.824691,0.01495,0.01093,-0.00426,0.00130,0.00015,0.00014,0.57219,-0.00062,0.14075,0.00082,0.70705,-0.00011,0.70717,1,4,1,1
1765409439.826682,0.01163,0.02340,-0.00418,0.00015,-0.00057,0.00082,0.57219,-0.00062,0.14075,0.00082,0.70705,-0.00011,0.70717,1,4,1,1
1765409439.828686,0.02617,0.02342,-0.04253,0.00255,-0.00011,0.00036,0.57219,-0.00062,0.14075,0.00082,0.70705,-0.00011,0.70717,1,4,1,1
1765409439.830669,-0.00055,0.03665,0.01788,0.00052,-0.00084,-0.00050,0.57219,-0.00062,0.14075,0.00082,0.70705,-0.00011,0.70717,1,4,1,1
1765409439.832679,0.02356,0.00613,-0.01147,0.00103,-0.00057,0.00067,0.57219,-0.00062,0.14075,0.00082,0.70705,-0.00011,0.70717,1,4,1,1
1765409439.834671,0.00667,0.02997,0.04861,0.00044,0.00088,0.00086,0.57219,-0.00062,0.14075,0.00082,0.70705,-0.00011,0.70717,1,4,1,1
1765409439.836694,0.00239,0.00612,0.04167,-0.00247,-0.00084,-0.00007,0.57219,-0.00062,0.14075,0.00082,0.70705,-0.00011,0.70717,1,4,1,1
1765409439.838663,0.01498,0.00167,-0.01898,0.00141,-0.00072,0.00040,0.57219,-0.00062,0.14075,0.00082,0.70705,-0.00011,0.70717,1,4,1,1
1765409439.840677,-0.00182,0.00160,0.00381,0.00119,-0.00014,0.00044,0.57219,-0.00062,0.14075,0.00082,0.70705,-0.00011,0.70717,1,4,1,1
1765409439.842671,0.00422,0.01332,-0.01189,-0.00042,0.00002,-0.00012,0.57219,-0.00062,0.14075,0.00082,0.70705,-0.00011,0.70717,1,4,1,1
1765409439.844680,0.02021,0.02296,0.01853,-0.00008,-0.00029,0.00083,0.57219,-0.00062,0.14075,0.00082,0.70705,-0.00011,0.70717,1,4,1,1
1765409439.846689,-0.00601,0.00398,-0.01156,0.00122,0.00016,0.00016,0.57219,-0.00062,0.14075,0.00082,0.70705,-0.00011,0.70717,1,4,1,1
1765409439.848669,-0.00418,0.02358,-0.01978,-0.00029,-0.00014,-0.00039,0.57219,-0.00062,0.14075,0.00082,0.70705,-0.00011,0.70717,1,4,1,1
1765409439.850695,0.02640,0.03185,0.01819,0.00134,0.00116,0.00135,0.57219,-0.00062,0.14075,0.00082,0.70705,-0.00011,0.70717,1,4,1,1
1765409439.852706,0.01468,-0.00393,-0.00410,0.00178,0.00054,-0.00026,0.57219,-0.00062,0.14075,0.00082,0.70705,-0.00011,0.70717,1,4,1,1
1765409439.854717,0.00840,0.00600,-0.00411,-0.00029,-0.00015,-0.00012,0.57219,-0.00062,0.14075,0.00082,0.70705,-0.00011,0.70717,1,4,1,1
1765409439.856706,0.01916,0.03893,-0.02730,0.00121,-0.00143,0.00079,0.57219,-0.00062,0.14075,0.00082,0.70705,-0.00011,0.70717,1,4,1,1
1765409439.858712,0.01943,0.01793,0.01087,0.00074,0.00022,0.00055,0.57219,-0.00062,0.14075,0.00082,0.70705,-0.00011,0.70717,1,4,1,1
1765409439.860807,0.00411,0.00379,0.00353,-0.00010,-0.00023,-0.00024,0.57219,-0.00062,0.14075,0.00082,0.70705,-0.00011,0.70717,1,4,1,1
1765409439.862771,0.02263,0.03960,0.02569,0.00100,0.00069,0.00136,0.57219,-0.00062,0.14075,0.00082,0.70705,-0.00011,0.70717,1,4,1,1
1765409439.864780,0.02060,0.01350,-0.00415,0.00003,-0.00068,0.00028,0.57219,-0.00062,0.14075,0.00082,0.70705,-0.00011,0.70717,1,4,1,1
1765409439.866710,0.02547,0.01615,0.02594,-0.00016,-0.00088,-0.00038,0.57219,-0.00062,0.14075,0.00082,0.70705,-0.00011,0.70717,1,4,1,1
1765409439.868728,0.02725,0.03714,0.03331,0.00075,0.00050,0.00123,0.57219,-0.00062,0.14075,0.00082,0.70705,-0.00011,0.70717,1,4,1,1
1765409439.870702,-0.00695,0.00657,0.08724,-0.00159,-0.00073,-0.00002,0.57219,-0.00062,0.14075,0.00082,0.70705,-0.00011,0.70717,1,4,1,1
1765409439.872716,-0.00857,0.00677,-0.01157,-0.00006,-0.00058,-0.00010,0.57219,-0.00062,0.14075,0.00082,0.70705,-0.00011,0.70717,1,4,1,1
1765409439.874715,0.00196,0.00371,0.01149,0.00122,0.00007,0.00098,0.57219,-0.00062,0.14075,0.00082,0.70705,-0.00011,0.70717,1,4,1,1
1765409439.876720,-0.00519,0.00347,-0.01900,0.00012,0.00028,0.00056,0.57219,-0.00062,0.14075,0.00082,0.70705,-0.00011,0.70717,1,4,1,1
1765409439.878728,-0.00626,0.01621,0.01891,-0.00257,-0.00112,0.00046,0.57219,-0.00062,0.14075,0.00082,0.70705,-0.00011,0.70717,1,4,1,1
1765409439.880718,0.02181,0.01397,0.04954,-0.00128,-0.00195,0.00113,0.57219,-0.00062,0.14075,0.00082,0.70705,-0.00011,0.70717,1,4,1,1
1765409439.882725,0.01495,0.02076,-0.01187,0.00099,-0.00010,0.00067,0.57219,-0.00062,0.14075,0.00082,0.70705,-0.00011,0.70717,1,4,1,1
1765409439.884717,0.01687,0.00101,0.03385,-0.00013,-0.00013,-0.00036,0.57219,-0.00062,0.14075,0.00082,0.70705,-0.00011,0.70717,1,4,1,1
1765409439.886731,0.00179,0.01705,0.04160,-0.00168,-0.00198,0.00007,0.57219,-0.00062,0.14075,0.00082,0.70705,-0.00011,0.70717,1,4,1,1
1765409439.888757,-0.00094,0.01131,0.00348,0.00043,-0.00016,0.00017,0.57219,-0.00062,0.14075,0.00082,0.70705,-0.00011,0.70717,1,4,1,1
1765409439.890722,0.00881,0.00635,-0.00384,-0.00072,-0.00091,0.00029,0.57219,-0.00062,0.14075,0.00082,0.70705,-0.00011,0.70717,1,4,1,1
1765409439.892723,0.01856,0.00062,0.04224,-0.00253,-0.00101,0.00127,0.57219,-0.00062,0.14075,0.00082,0.70705,-0.00011,0.70717,1,4,1,1
1765409439.894727,0.00400,0.01394,-0.02682,-0.00019,-0.00086,0.00027,0.57219,-0.00062,0.14075,0.00082,0.70705,-0.00011,0.70717,1,4,1,1
1765409439.896712,0.00227,0.01137,0.02652,-0.00241,-0.00135,0.00019,0.57219,-0.00062,0.14075,0.00082,0.70705,-0.00011,0.70717,1,4,1,1
1765409439.898736,0.01993,0.01363,0.06435,0.00047,-0.00067,0.00073,0.57219,-0.00062,0.14075,0.00082,0.70705,-0.00011,0.70717,1,4,1,1
1765409439.900742,0.00772,0.00598,0.00380,-0.00007,-0.00026,0.00070,0.57219,-0.00062,0.14075,0.00082,0.70705,-0.00011,0.70717,1,4,1,1
1765409439.902739,-0.00907,0.00177,0.01895,0.00032,-0.00032,0.00006,0.57219,-0.00062,0.14075,0.00082,0.70705,-0.00011,0.70717,1,4,1,1
1765409439.904863,0.02449,0.01033,-0.00410,-0.00001,0.00004,0.00054,0.57219,-0.00062,0.14075,0.00082,0.70705,-0.00011,0.70717,1,4,1,1
1765409439.906740,-0.02669,-0.00288,0.01155,0.00091,0.00003,0.00020,0.57219,-0.00062,0.14075,0.00082,0.70705,-0.00011,0.70717,1,4,1,1
1765409439.908754,0.01929,0.01757,0.02599,0.00073,0.00073,0.00056,0.57219,-0.00062,0.14075,0.00082,0.70705,-0.00011,0.70717,1,4,1,1
1765409439.910738,0.00771,0.02578,-0.00417,-0.00026,-0.00052,0.00096,0.57219,-0.00062,0.14075,0.00082,0.70705,-0.00011,0.70717,1,4,1,1
1765409439.912740,0.00710,-0.00279,-0.00385,0.00136,-0.00089,-0.00025,0.57219,-0.00062,0.14075,0.00082,0.70705,-0.00011,0.70717,1,4,1,1
1765409439.914743,0.02477,0.01607,-0.01174,0.00006,-0.00098,0.00040,0.57219,-0.00062,0.14075,0.00082,0.70705,-0.00011,0.70717,1,4,1,1
1765409439.916738,-0.00320,-0.00079,0.06498,-0.00146,-0.00114,0.00077,0.57219,-0.00062,0.14075,0.00082,0.70705,-0.00011,0.70717,1,4,1,1
1765409439.918724,0.01287,0.00804,-0.01935,-0.00070,0.00005,0.00000,0.57219,-0.00062,0.14075,0.00082,0.70705,-0.00011,0.70717,1,4,1,1
1765409439.920733,-0.00588,0.00362,0.01895,0.00078,0.00041,0.00059,0.57219,-0.00062,0.14075,0.00082,0.70705,-0.00011,0.70717,1,4,1,1
1765409439.922734,0.00791,0.00086,0.01915,-0.00035,-0.00013,0.00085,0.57219,-0.00062,0.14075,0.00082,0.70705,-0.00011,0.70717,1,4,1,1
1765409439.924751,0.01605,0.00635,0.01107,0.00059,-0.00050,-0.00011,0.57219,-0.00062,0.14075,0.00082,0.70705,-0.00011,0.70717,1,4,1,1
1765409439.926734,0.03685,0.03315,0.03354,0.00027,-0.00113,0.00096,0.57219,-0.00062,0.14075,0.00082,0.70705,-0.00011,0.70717,1,4,1,1
1765409439.928767,-0.00140,0.02557,0.03355,0.00039,0.00047,0.00059,0.57219,-0.00062,0.14075,0.00082,0.70705,-0.00011,0.70717,1,4,1,1
1765409439.930840,-0.00054,0.01171,-0.00402,0.00022,-0.00080,0.00016,0.57219,-0.00062,0.14075,0.00082,0.70705,-0.00011,0.70717,1,4,1,1
1765409439.932786,0.02878,0.01756,0.01087,-0.00014,0.00011,0.00054,0.57219,-0.00062,0.14075,0.00082,0.70705,-0.00011,0.70717,1,4,1,1
1765409439.934758,0.02061,0.01353,0.01864,0.00003,-0.00068,0.00029,0.57219,-0.00062,0.14075,0.00082,0.70705,-0.00011,0.70717,1,4,1,1
1765409439.936772,0.00003,0.02191,-0.01948,-0.00009,-0.00133,-0.00012,0.57219,-0.00062,0.14075,0.00082,0.70705,-0.00011,0.70717,1,4,1,1
1765409439.938774,0.02901,0.01816,0.03376,-0.00013,-0.00065,0.00056,0.57219,-0.00062,0.14075,0.00082,0.70705,-0.00011,0.70717,1,4,1,1
1765409439.940799,0.02456,0.02042,-0.00425,-0.00011,-0.00034,0.00067,0.57219,-0.00062,0.14075,0.00082,0.70705,-0.00011,0.70717,1,4,1,1
1765409439.942771,0.02302,0.01536,0.03359,0.00136,0.00056,0.00043,0.57219,-0.00062,0.14075,0.00082,0.70705,-0.00011,0.70717,1,4,1,1
1765409439.944809,-0.00678,0.00381,-0.02666,0.00165,0.00043,0.00055,0.57219,-0.00062,0.14075,0.00082,0.70705,-0.00011,0.70717,1,4,1,1
1765409439.946756,0.02570,0.01528,-0.00420,-0.00105,-0.00036,0.00040,0.57219,-0.00062,0.14075,0.00082,0.70705,-0.00011,0.70717,1,4,1,1
1765409439.948790,0.01561,0.02120,-0.01175,0.00056,-0.00087,0.00068,0.57219,-0.00062,0.14075,0.00082,0.70705,-0.00011,0.70717,1,4,1,1
1765409439.950783,0.01144,0.00884,0.02623,0.00084,-0.00032,0.00004,0.57219,-0.00062,0.14075,0.00082,0.70705,-0.00011,0.70717,1,4,1,1
1765409439.952765,0.00832,0.00579,-0.01933,-0.00029,0.00011,-0.00013,0.57219,-0.00062,0.14075,0.00082,0.70705,-0.00011,0.70717,1,4,1,1
1765409439.954778,0.02311,0.02541,0.04120,0.00105,0.00005,0.00097,0.57219,-0.00062,0.14075,0.00082,0.70705,-0.00011,0.70717,1,4,1,1
1765409439.956780,0.01219,0.01802,0.01098,-0.00036,-0.00007,0.00056,0.57219,-0.00062,0.14075,0.00082,0.70705,-0.00011,0.70717,1,4,1,1
1765409439.958776,0.01744,0.00118,-0.02683,-0.00056,-0.00064,-0.00041,0.57219,-0.00062,0.14075,0.00082,0.70705,-0.00011,0.70717,1,4,1,1
1765409439.960800,0.01545,0.00646,0.01918,0.00060,-0.00098,0.00111,0.57219,-0.00062,0.14075,0.00082,0.70705,-0.00011,0.70717,1,4,1,1
1765409439.962793,0.03270,0.00522,0.01121,0.00015,0.00008,0.00068,0.57219,-0.00062,0.14075,0.00082,0.70705,-0.00011,0.70717,1,4,1,1
1765409439.964791,0.00833,0.00582,0.00345,-0.00029,0.00010,-0.00011,0.57219,-0.00062,0.14075,0.00082,0.70705,-0.00011,0.70717,1,4,1,1
1765409439.966787,0.01561,0.01549,0.03406,0.00005,-0.00010,0.00125,0.57219,-0.00062,0.14075,0.00082,0.70705,-0.00011,0.70717,1,4,1,1
1765409439.968777,0.01691,0.02509,0.00318,-0.00093,-0.00000,0.00055,0.57219,-0.00062,0.14075,0.00082,0.70705,-0.00011,0.70717,1,4,1,1
1765409439.970803,-0.00195,-0.01774,-0.00371,0.00205,-0.00001,-0.00064,0.57219,-0.00062,0.14075,0.00082,0.70705,-0.00011,0.70717,1,4,1,1
1765409439.972777,0.00559,0.01539,0.01115,0.00136,0.00078,0.00124,0.57219,-0.00062,0.14075,0.00082,0.70705,-0.00011,0.70717,1,4,1,1
1765409439.974859,0.00796,0.01098,-0.01155,-0.00022,-0.00039,0.00055,0.57219,-0.00062,0.14075,0.00082,0.70705,-0.00011,0.70717,1,4,1,1
1765409439.976783,0.00796,0.01612,0.01831,0.00027,-0.00016,-0.00037,0.57219,-0.00062,0.14075,0.00082,0.70705,-0.00011,0.70717,1,4,1,1
1765409439.978801,0.02674,0.02228,0.04865,0.00144,0.00102,0.00084,0.57219,-0.00062,0.14075,0.00082,0.70705,-0.00011,0.70717,1,4,1,1
1765409439.980809,0.00756,0.01065,0.01097,0.00021,0.00037,0.00016,0.57219,-0.00062,0.14075,0.00082,0.70705,-0.00011,0.70717,1,4,1,1
1765409439.982800,-0.00042,0.01139,0.01872,-0.00000,-0.00043,0.00018,0.57219,-0.00062,0.14075,0.00082,0.70705,-0.00011,0.70717,1,4,1,1
1765409439.984793,0.01017,0.00582,0.01950,-0.00269,-0.00129,0.00152,0.57219,-0.00062,0.14075,0.00082,0.70705,-0.00011,0.70717,1,4,1,1
1765409439.986814,0.00646,-0.00591,0.03466,-0.00240,-0.00151,0.00047,0.57219,-0.00062,0.14075,0.00082,0.70705,-0.00011,0.70717,1,4,1,1
1765409439.988797,-0.00978,0.00681,-0.01165,0.00103,-0.00018,-0.00011,0.57219,-0.00062,0.14075,0.00082,0.70705,-0.00011,0.70717,1,4,1,1
1765409439.990809,0.02354,0.02525,0.01843,0.00061,0.00005,0.00096,0.57219,-0.00062,0.14075,0.00082,0.70705,-0.00011,0.70717,1,4,1,1
1765409439.992815,0.01973,0.02243,0.02583,0.00035,0.00072,0.00043,0.57219,-0.00062,0.14075,0.00082,0.70705,-0.00011,0.70717,1,4,1,1
1765409439.994826,-0.01274,-0.00567,0.01140,0.00001,-0.00014,-0.00035,0.57219,-0.00062,0.14075,0.00082,0.70705,-0.00011,0.70717,1,4,1,1
1765409439.996832,-0.00294,0.00407,0.04238,-0.00206,-0.00151,0.00142,0.57219,-0.00062,0.14075,0.00082,0.70705,-0.00011,0.70717,1,4,1,1
1765409439.998814,0.00404,0.00850,-0.00411,-0.00026,-0.00010,0.00002,0.57219,-0.00062,0.14075,0.00082,0.70705,-0.00011,0.70717,1,4,1,1
1765409440.000851,0.00257,0.01085,0.01887,-0.00285,-0.00084,0.00018,0.57219,-0.00062,0.14075,0.00082,0.70705,-0.00011,0.70717,1,4,1,1
1765409440.002840,0.01937,0.03758,0.03325,0.00054,0.00021,0.00083,0.57219,-0.00062,0.14075,0.00082,0.70705,-0.00011,0.70717,1,4,1,1
1765409440.004818,0.03008,0.00288,0.04174,-0.00119,-0.00040,0.00058,0.57219,-0.00062,0.14075,0.00082,0.70705,-0.00011,0.70717,1,4,1,1
1765409440.006816,-0.00116,0.00205,0.00393,0.00076,-0.00091,0.00044,0.57219,-0.00062,0.14075,0.00082,0.70705,-0.00011,0.70717,1,4,1,1
1765409440.008830,0.02002,0.02800,-0.01185,-0.00002,-0.00054,0.00107,0.57219,-0.00062,0.14075,0.00082,0.70705,-0.00011,0.70717,1,4,1,1
1765409440.010816,-0.00879,0.01171,0.06453,-0.00022,-0.00070,0.00063,0.57219,-0.00062,0.14075,0.00082,0.70705,-0.00011,0.70717,1,4,1,1
1765409440.012831,0.02000,0.01320,-0.03461,0.00046,-0.00016,0.00025,0.57219,-0.00062,0.14075,0.00082,0.70705,-0.00011,0.70717,1,4,1,1
1765409440.014839,0.02834,0.01772,0.03364,0.00030,0.00012,0.00056,0.57219,-0.00062,0.14075,0.00082,0.70705,-0.00011,0.70717,1,4,1,1
1765409440.016829,-0.00014,0.01084,-0.01172,-0.00045,0.00008,0.00015,0.57219,-0.00062,0.14075,0.00082,0.70705,-0.00011,0.70717,1,4,1,1
1765409440.018836,0.01063,0.00430,0.01882,0.00166,-0.00055,0.00017,0.57219,-0.00062,0.14075,0.00082,0.70705,-0.00011,0.70717,1,4,1,1
1765409440.020868,0.02039,0.02279,0.01093,-0.00030,-0.00017,0.00082,0.57219,-0.00062,0.14075,0.00082,0.70705,-0.00011,0.70717,1,4,1,1
1765409440.022855,0.00367,0.02864,0.00314,-0.00001,-0.00061,0.00029,0.57219,-0.00062,0.14075,0.00082,0.70705,-0.00011,0.70717,1,4,1,1
1765409440.024857,0.00600,-0.00327,-0.03402,0.00179,-0.00035,0.00054,0.57219,-0.00062,0.14075,0.00082,0.70705,-0.00011,0.70717,1,4,1,1
1765409440.026846,0.02395,0.01569,0.01129,0.00027,-0.00058,0.00122,0.57219,-0.00062,0.14075,0.00082,0.70705,-0.00011,0.70717,1,4,1,1
1765409440.028847,-0.00923,0.00641,0.00333,0.00059,0.00031,-0.00050,0.57219,-0.00062,0.14075,0.00082,0.70705,-0.00011,0.70717,1,4,1,1
1765409440.030851,-0.00713,0.00172,0.07224,-0.00143,-0.00085,0.00010,0.57219,-0.00062,0.14075,0.00082,0.70705,-0.00011,0.70717,1,4,1,1
1765409440.032869,0.02270,0.01506,0.01851,0.00136,0.00083,0.00082,0.57219,-0.00062,0.14075,0.00082,0.70705,-0.00011,0.70717,1,4,1,1
1765409440.034897,0.00811,0.00655,0.02633,0.00016,-0.00066,-0.00009,0.57219,-0.00062,0.14075,0.00082,0.70705,-0.00011,0.70717,1,4,1,1
1765409440.036850,0.02884,-0.00159,0.04208,-0.00015,-0.00075,0.00112,0.57219,-0.00062,0.14075,0.00082,0.70705,-0.00011,0.70717,1,4,1,1
1765409440.038851,0.00694,0.01569,-0.02667,0.00027,-0.00012,0.00121,0.57219,-0.00062,0.14075,0.00082,0.70705,-0.00011,0.70717,1,4,1,1
1765409440.040853,0.00684,0.00705,-0.02684,0.00147,-0.00089,-0.00013,0.57219,-0.00062,0.14075,0.00082,0.70705,-0.00011,0.70717,1,4,1,1
1765409440.042852,0.02059,0.00367,0.00346,0.00034,-0.00042,-0.00026,0.57219,-0.00062,0.14075,0.00082,0.70705,-0.00011,0.70717,1,4,1,1
1765409440.044855,0.00068,-0.00878,0.09524,-0.00112,-0.00017,0.00038,0.57219,-0.00062,0.14075,0.00082,0.70705,-0.00011,0.70717,1,4,1,1
1765409440.046850,-0.01041,0.00209,-0.02667,0.00163,-0.00030,0.00002,0.57219,-0.00062,0.14075,0.00082,0.70705,-0.00011,0.70717,1,4,1,1
1765409440.048867,-0.00511,0.00947,-0.03456,0.00085,-0.00063,-0.00040,0.57219,-0.00062,0.14075,0.00082,0.70705,-0.00011,0.70717,1,4,1,1
1765409440.050857,0.01919,0.00306,0.04159,0.00099,0.00049,0.00058,0.57219,-0.00062,0.14075,0.00082,0.70705,-0.00011,0.70717,1,4,1,1
1765409440.052872,0.01043,-0.00377,0.08756,-0.00215,-0.00093,0.00023,0.57219,-0.00062,0.14075,0.00082,0.70705,-0.00011,0.70717,1,4,1,1
1765409440.054854,0.00138,0.02159,0.02613,-0.00141,-0.00135,-0.00008,0.57219,-0.00062,0.14075,0.00082,0.70705,-0.00011,0.70717,1,4,1,1
1765409440.056870,0.00558,0.00634,-0.03464,0.00234,0.00039,-0.00014,0.57219,-0.00062,0.14075,0.00082,0.70705,-0.00011,0.70717,1,4,1,1
1765409440.058870,0.03585,0.00751,-0.01132,0.00061,0.00005,0.00160,0.57219,-0.00062,0.14075,0.00082,0.70705,-0.00011,0.70717,1,4,1,1
1765409440.060871,0.00533,0.00869,0.01121,-0.00135,-0.00075,0.00004,0.57219,-0.00062,0.14075,0.00082,0.70705,-0.00011,0.70717,1,4,1,1
1765409440.062887,0.01473,0.01244,-0.03478,0.00241,-0.00125,-0.00069,0.57219,-0.00062,0.14075,0.00082,0.70705,-0.00011,0.70717,1,4,1,1
1765409440.064883,-0.00370,-0.02379,-0.04108,0.00241,0.00106,0.00108,0.57219,-0.00062,0.14075,0.00082,0.70705,-0.00011,0.70717,1,4,1,1
1765409440.066871,0.00693,0.00602,0.01097,0.00103,0.00037,-0.00011,0.57219,-0.00062,0.14075,0.00082,0.70705,-0.00011,0.70717,1,4,1,1
1765409440.068923,0.00404,0.02340,0.00313,-0.00029,-0.00024,0.00002,0.57219,-0.00062,0.14075,0.00082,0.70705,-0.00011,0.70717,1,4,1,1
1765409440.070898,0.01381,0.02019,0.03388,0.00142,0.00068,0.00151,0.57219,-0.00062,0.14075,0.00082,0.70705,-0.00011,0.70717,1,4,1,1
1765409440.072905,0.00563,-0.00786,-0.02639,0.00239,-0.00048,0.00027,0.57219,-0.00062,0.14075,0.00082,0.70705,-0.00011,0.70717,1,4,1,1
1765409440.074889,0.00495,0.03385,0.01051,-0.00082,-0.00115,-0.00024,0.57219,-0.00062,0.14075,0.00082,0.70705,-0.00011,0.70717,1,4,1,1
1765409440.076887,0.00822,0.00617,0.00350,-0.00007,-0.00027,-0.00011,0.57219,-0.00062,0.14075,0.00082,0.70705,-0.00011,0.70717,1,4,1,1
1765409440.078898,0.00273,-0.01104,-0.00344,0.00082,-0.00006,0.00057,0.57219,-0.00062,0.14075,0.00082,0.70705,-0.00011,0.70717,1,4,1,1
1765409440.080907,0.02447,0.01594,0.05657,0.00027,-0.00060,0.00045,0.57219,-0.00062,0.14075,0.00082,0.70705,-0.00011,0.70717,1,4,1,1
1765409440.082886,0.01714,0.04051,0.01829,-0.00118,-0.00103,0.00096,0.57219,-0.00062,0.14075,0.00082,0.70705,-0.00011,0.70717,1,4,1,1
1765409440.084880,-0.01085,-0.00273,-0.00372,0.00201,-0.00029,0.00017,0.57219,-0.00062,0.14075,0.00082,0.70705,-0.00011,0.70717,1,4,1,1
1765409440.086902,-0.00720,-0.01510,-0.04155,0.00273,-0.00007,-0.00013,0.57219,-0.00062,0.14075,0.00082,0.70705,-0.00011,0.70717,1,4,1,1
1765409440.088896,0.01281,0.05739,0.00248,-0.00119,-0.00036,0.00068,0.57219,-0.00062,0.14075,0.00082,0.70705,-0.00011,0.70717,1,4,1,1
1765409440.090883,0.02517,0.02647,0.00319,-0.00004,-0.00163,0.00014,0.57219,-0.00062,0.14075,0.00082,0.70705,-0.00011,0.70717,1,4,1,1
1765409440.092901,0.02804,-0.02141,0.01165,0.00113,0.00014,0.00002,0.57219,-0.00062,0.14075,0.00082,0.70705,-0.00011,0.70717,1,4,1,1
1765409440.094911,0.01545,0.03013,0.04087,0.00045,0.00051,0.00044,0.57219,-0.00062,0.14075,0.00082,0.70705,-0.00011,0.70717,1,4,1,1
1765409440.096903,0.01587,0.04491,0.01757,0.00019,0.00049,0.00001,0.57219,-0.00062,0.14075,0.00082,0.70705,-0.00011,0.70717,1,4,1,1
1765409440.098901,0.01184,0.01921,0.01837,0.00075,-0.00097,-0.00024,0.57219,-0.00062,0.14075,0.00082,0.70705,-0.00011,0.70717,1,4,1,1
1765409440.100914,-0.00923,-0.02296,0.02744,0.00024,-0.00041,0.00074,0.57219,-0.00062,0.14075,0.00082,0.70705,-0.00011,0.70717,1,4,1,1
1765409440.102905,0.02931,0.03747,0.04093,-0.00077,-0.00042,0.00083,0.57219,-0.00062,0.14075,0.00082,0.70705,-0.00011,0.70717,1,4,1,1
1765409440.104919,0.00968,0.03092,-0.01972,-0.00151,-0.00107,0.00000,0.57219,-0.00062,0.14075,0.00082,0.70705,-0.00011,0.70717,1,4,1,1
1765409440.106919,0.01918,0.02290,0.02586,0.00101,0.00035,0.00043,0.57219,-0.00062,0.14075,0.00082,0.70705,-0.00011,0.70717,1,4,1,1
1765409440.108915,0.01007,0.02318,-0.02711,0.00145,0.00021,0.00080,0.57219,-0.00062,0.14075,0.00082,0.70705,-0.00011,0.70717,1,4,1,1
