ros_time_sec,fx,fy,fz,mx,my,mz,ee_x,ee_y,ee_z,ee_qx,ee_qy,ee_qz,ee_qw,tag_visible,tag_id,tag_qx,tag_qy,tag_qz,tag_qw,tag_x,tag_y,tag_z,fw_contact,ft_trigger
1766094328.817676,-0.02697,0.01541,-0.00281,0.00157,0.00037,-0.00019,0.56713,-0.00055,0.19997,0.00065,0.70601,-0.00009,0.70821,1,5,0.99583,0.01061,-0.06323,-0.06488,0.06333,0.04235,0.81106,0,0
1766094328.819614,-0.00077,0.00959,-0.01791,0.00063,0.00031,-0.00009,0.56713,-0.00055,0.19997,0.00065,0.70601,-0.00009,0.70821,1,5,0.99583,0.01061,-0.06323,-0.06488,0.06333,0.04235,0.81106,0,0
1766094328.821612,-0.00602,0.00742,-0.02553,0.00170,0.00050,-0.00023,0.56713,-0.00055,0.19997,0.00065,0.70601,-0.00009,0.70821,1,5,0.99583,0.01061,-0.06323,-0.06488,0.06333,0.04235,0.81106,0,0
1766094328.823608,-0.00462,0.01224,-0.01044,0.00044,0.00023,-0.00035,0.56713,-0.00055,0.19997,0.00065,0.70601,-0.00009,0.70821,1,5,0.99583,0.01061,-0.06323,-0.06488,0.06333,0.04235,0.81106,0,0
1766094328.825607,-0.01433,-0.01194,-0.02489,0.00168,0.00024,-0.00008,0.56713,-0.00055,0.19997,0.00065,0.70601,-0.00009,0.70821,1,5,0.99583,0.01061,-0.06323,-0.06488,0.06333,0.04235,0.81106,0,0
1766094328.827620,-0.00134,0.00433,0.00514,0.00079,0.00071,0.00046,0.56713,-0.00055,0.19997,0.00065,0.70601,-0.00009,0.70821,1,5,0.99583,0.01061,-0.06323,-0.06488,0.06333,0.04235,0.81106,0,0
1766094328.829618,0.00057,-0.00064,0.02029,-0.00058,0.00043,-0.00020,0.56713,-0.00055,0.19997,0.00065,0.70601,-0.00009,0.70821,1,5,0.99583,0.01061,-0.06323,-0.06488,0.06333,0.04235,0.81106,0,0
1766094328.831609,-0.00935,0.00024,-0.01023,0.00117,0.00029,-0.00062,0.56713,-0.00055,0.19997,0.00065,0.70601,-0.00009,0.70821,1,5,0.99583,0.01061,-0.06323,-0.06488,0.06333,0.04235,0.81106,0,0
1766094328.833652,-0.00369,-0.00225,-0.02495,-0.00039,-0.00065,0.00005,0.56713,-0.00055,0.19997,0.00065,0.70601,-0.00009,0.70821,1,5,0.99609,0.01038,-0.06101,-0.06297,0.06335,0.04235,0.81132,0,0
1766094328.835729,0.01597,0.00381,0.03545,0.00035,0.00075,0.00047,0.56713,-0.00055,0.19997,0.00065,0.70601,-0.00009,0.70821,1,5,0.99609,0.01038,-0.06101,-0.06297,0.06335,0.04235,0.81132,0,0
1766094328.837674,-0.00908,0.00521,0.00498,0.00080,0.00003,-0.00034,0.56713,-0.00055,0.19997,0.00065,0.70601,-0.00009,0.70821,1,5,0.99609,0.01038,-0.06101,-0.06297,0.06335,0.04235,0.81132,0,0
1766094328.839644,-0.01471,0.00833,-0.01039,0.00236,-0.00003,-0.00061,0.56713,-0.00055,0.19997,0.00065,0.70601,-0.00009,0.70821,1,5,0.99609,0.01038,-0.06101,-0.06297,0.06335,0.04235,0.81132,0,0
1766094328.841656,-0.01427,-0.00171,-0.01779,0.00202,0.00009,-0.00075,0.56713,-0.00055,0.19997,0.00065,0.70601,-0.00009,0.70821,1,5,0.99609,0.01038,-0.06101,-0.06297,0.06335,0.04235,0.81132,0,0
1766094328.843672,-0.00552,0.00182,0.00496,0.00097,0.00114,-0.00007,0.56713,-0.00055,0.19997,0.00065,0.70601,-0.00009,0.70821,1,5,0.99609,0.01038,-0.06101,-0.06297,0.06335,0.04235,0.81132,0,0
1766094328.845646,-0.01009,0.00085,-0.02538,0.00205,-0.00021,-0.00063,0.56713,-0.00055,0.19997,0.00065,0.70601,-0.00009,0.70821,1,5,0.99609,0.01038,-0.06101,-0.06297,0.06335,0.04235,0.81132,0,0
1766094328.847656,-0.00007,0.00951,-0.01028,-0.00003,0.00018,-0.00009,0.56713,-0.00055,0.19997,0.00065,0.70601,-0.00009,0.70821,1,5,0.99609,0.01038,-0.06101,-0.06297,0.06335,0.04235,0.81132,0,0
1766094328.849677,0.01676,0.01956,0.01991,0.00010,-0.00054,0.00005,0.56713,-0.00055,0.19997,0.00065,0.70601,-0.00009,0.70821,1,5,0.99609,0.01038,-0.06101,-0.06297,0.06335,0.04235,0.81132,0,0
1766094328.851653,-0.01696,-0.01423,-0.00214,0.00056,-0.00012,-0.00060,0.56713,-0.00055,0.19997,0.00065,0.70601,-0.00009,0.70821,1,5,0.99609,0.01038,-0.06101,-0.06297,0.06335,0.04235,0.81132,0,0
1766094328.853640,0.00353,0.00196,0.01262,0.00054,0.00052,-0.00007,0.56713,-0.00055,0.19997,0.00065,0.70601,-0.00009,0.70821,1,5,0.99609,0.01038,-0.06101,-0.06297,0.06335,0.04235,0.81132,0,0
1766094328.855648,-0.01303,-0.00295,0.02768,0.00048,0.00122,-0.00072,0.56713,-0.00055,0.19997,0.00065,0.70601,-0.00009,0.70821,1,5,0.99609,0.01038,-0.06101,-0.06297,0.06335,0.04235,0.81132,0,0
1766094328.857678,-0.00014,0.01069,0.01250,0.00064,-0.00097,-0.00047,0.56713,-0.00055,0.19997,0.00065,0.70601,-0.00009,0.70821,1,5,0.99609,0.01038,-0.06101,-0.06297,0.06335,0.04235,0.81132,0,0
1766094328.859657,-0.00021,-0.00076,-0.00257,0.00007,0.00082,-0.00022,0.56713,-0.00055,0.19997,0.00065,0.70601,-0.00009,0.70821,1,5,0.99609,0.01038,-0.06101,-0.06297,0.06335,0.04235,0.81132,0,0
1766094328.861654,-0.00485,-0.00689,-0.02517,0.00109,-0.00027,-0.00063,0.56713,-0.00055,0.19997,0.00065,0.70601,-0.00009,0.70821,1,5,0.99609,0.01038,-0.06101,-0.06297,0.06335,0.04235,0.81132,0,0
1766094328.863675,-0.00044,0.01488,-0.00301,0.00069,0.00004,-0.00062,0.56713,-0.00055,0.19997,0.00065,0.70601,-0.00009,0.70821,1,5,0.99609,0.01038,-0.06101,-0.06297,0.06335,0.04235,0.81132,0,0
1766094328.865649,0.01747,0.00902,-0.02569,-0.00047,0.00021,-0.00052,0.56713,-0.00055,0.19997,0.00065,0.70601,-0.00009,0.70821,1,5,0.99609,0.01038,-0.06101,-0.06297,0.06335,0.04235,0.81132,0,0
1766094328.867655,-0.00185,0.01007,-0.01810,0.00195,0.00032,-0.00050,0.56713,-0.00055,0.19997,0.00065,0.70601,-0.00009,0.70821,1,5,0.99609,0.01038,-0.06101,-0.06297,0.06335,0.04235,0.81132,0,0
1766094328.869659,0.00430,0.00202,-0.01010,-0.00012,0.00013,-0.00009,0.56713,-0.00055,0.19997,0.00065,0.70601,-0.00009,0.70821,1,5,0.99609,0.01038,-0.06101,-0.06297,0.06335,0.04235,0.81132,0,0
1766094328.871661,-0.00439,0.00655,-0.01035,-0.00006,0.00099,-0.00022,0.56713,-0.00055,0.19997,0.00065,0.70601,-0.00009,0.70821,1,5,0.99609,0.01038,-0.06101,-0.06297,0.06335,0.04235,0.81132,0,0
1766094328.873650,0.00737,0.00173,0.02806,-0.00296,-0.00054,-0.00005,0.56713,-0.00055,0.19997,0.00065,0.70601,-0.00009,0.70821,1,5,0.99609,0.01038,-0.06101,-0.06297,0.06335,0.04235,0.81132,0,0
1766094328.875653,-0.02231,-0.01688,0.05146,0.00097,0.00022,0.00053,0.56713,-0.00055,0.19997,0.00065,0.70601,-0.00009,0.70821,1,5,0.99609,0.01038,-0.06101,-0.06297,0.06335,0.04235,0.81132,0,0
1766094328.877651,0.00481,0.00208,-0.01764,-0.00055,-0.00013,-0.00009,0.56713,-0.00055,0.19997,0.00065,0.70601,-0.00009,0.70821,1,5,0.99609,0.01038,-0.06101,-0.06297,0.06335,0.04235,0.81132,0,0
1766094328.879706,-0.00515,0.00641,-0.00266,0.00037,0.00126,0.00019,0.56713,-0.00055,0.19997,0.00065,0.70601,-0.00009,0.70821,1,5,0.99626,0.01046,-0.05745,-0.06377,0.06339,0.04241,0.81177,0,0
1766094328.881667,-0.00946,0.00549,-0.02538,0.00124,-0.00022,-0.00036,0.56713,-0.00055,0.19997,0.00065,0.70601,-0.00009,0.70821,1,5,0.99626,0.01046,-0.05745,-0.06377,0.06339,0.04241,0.81177,0,0
1766094328.883661,-0.01108,0.00503,-0.03299,0.00232,0.00070,0.00004,0.56713,-0.00055,0.19997,0.00065,0.70601,-0.00009,0.70821,1,5,0.99626,0.01046,-0.05745,-0.06377,0.06339,0.04241,0.81177,0,0
1766094328.885663,-0.00884,-0.00052,0.01283,0.00007,0.00067,0.00021,0.56713,-0.00055,0.19997,0.00065,0.70601,-0.00009,0.70821,1,5,0.99626,0.01046,-0.05745,-0.06377,0.06339,0.04241,0.81177,0,0
1766094328.887674,-0.00600,0.01475,0.03553,-0.00236,-0.00090,0.00023,0.56713,-0.00055,0.19997,0.00065,0.70601,-0.00009,0.70821,1,5,0.99626,0.01046,-0.05745,-0.06377,0.06339,0.04241,0.81177,0,0
1766094328.889656,-0.00045,-0.00091,0.00535,-0.00015,0.00071,0.00060,0.56713,-0.00055,0.19997,0.00065,0.70601,-0.00009,0.70821,1,5,0.99626,0.01046,-0.05745,-0.06377,0.06339,0.04241,0.81177,0,0
1766094328.891660,-0.00550,-0.02220,-0.00974,0.00156,0.00064,-0.00061,0.56713,-0.00055,0.19997,0.00065,0.70601,-0.00009,0.70821,1,5,0.99626,0.01046,-0.05745,-0.06377,0.06339,0.04241,0.81177,0,0
1766094328.893663,-0.00015,0.01934,-0.01084,0.00031,0.00054,-0.00077,0.56713,-0.00055,0.19997,0.00065,0.70601,-0.00009,0.70821,1,5,0.99626,0.01046,-0.05745,-0.06377,0.06339,0.04241,0.81177,0,0
1766094328.895679,-0.00560,-0.00330,0.00494,0.00113,0.00152,-0.00034,0.56713,-0.00055,0.19997,0.00065,0.70601,-0.00009,0.70821,1,5,0.99626,0.01046,-0.05745,-0.06377,0.06339,0.04241,0.81177,0,0
1766094328.897717,-0.01870,0.01049,-0.02560,0.00195,0.00027,-0.00049,0.56713,-0.00055,0.19997,0.00065,0.70601,-0.00009,0.70821,1,5,0.99626,0.01046,-0.05745,-0.06377,0.06339,0.04241,0.81177,0,0
1766094328.899673,-0.00962,-0.00065,-0.01003,0.00073,0.00107,0.00019,0.56713,-0.00055,0.19997,0.00065,0.70601,-0.00009,0.70821,1,5,0.99626,0.01046,-0.05745,-0.06377,0.06339,0.04241,0.81177,0,0
1766094328.901728,0.00023,0.00891,-0.03295,-0.00069,0.00056,0.00030,0.56713,-0.00055,0.19997,0.00065,0.70601,-0.00009,0.70821,1,5,0.99626,0.01046,-0.05745,-0.06377,0.06339,0.04241,0.81177,0,0
1766094328.903684,-0.01920,-0.00450,-0.01752,0.00221,0.00055,-0.00007,0.56713,-0.00055,0.19997,0.00065,0.70601,-0.00009,0.70821,1,5,0.99626,0.01046,-0.05745,-0.06377,0.06339,0.04241,0.81177,0,0
1766094328.905689,0.00813,-0.00146,-0.00975,-0.00059,0.00087,0.00098,0.56713,-0.00055,0.19997,0.00065,0.70601,-0.00009,0.70821,1,5,0.99626,0.01046,-0.05745,-0.06377,0.06339,0.04241,0.81177,0,0
1766094328.907686,0.00327,0.01171,-0.02540,0.00044,0.00040,0.00043,0.56713,-0.00055,0.19997,0.00065,0.70601,-0.00009,0.70821,1,5,0.99626,0.01046,-0.05745,-0.06377,0.06339,0.04241,0.81177,0,0
1766094328.909703,-0.00595,0.00769,-0.01807,0.00192,0.00037,-0.00063,0.56713,-0.00055,0.19997,0.00065,0.70601,-0.00009,0.70821,1,5,0.99626,0.01046,-0.05745,-0.06377,0.06339,0.04241,0.81177,0,0
1766094328.911670,-0.00926,0.01028,-0.00261,0.00086,-0.00022,-0.00007,0.56713,-0.00055,0.19997,0.00065,0.70601,-0.00009,0.70821,1,5,0.99626,0.01046,-0.05745,-0.06377,0.06339,0.04241,0.81177,0,0
1766094328.913682,0.00260,0.00519,0.05078,-0.00204,-0.00126,-0.00030,0.56713,-0.00055,0.19997,0.00065,0.70601,-0.00009,0.70821,1,5,0.99626,0.01046,-0.05745,-0.06377,0.06339,0.04241,0.81177,0,0
1766094328.915687,-0.01757,0.00960,0.01991,0.00063,0.00101,-0.00045,0.56713,-0.00055,0.19997,0.00065,0.70601,-0.00009,0.70821,1,5,0.99626,0.01046,-0.05745,-0.06377,0.06339,0.04241,0.81177,0,0
1766094328.917676,0.00442,-0.00328,0.01282,-0.00040,0.00051,0.00006,0.56713,-0.00055,0.19997,0.00065,0.70601,-0.00009,0.70821,1,5,0.99626,0.01046,-0.05745,-0.06377,0.06339,0.04241,0.81177,0,0
1766094328.919687,-0.00953,0.00444,0.02056,0.00035,0.00056,0.00089,0.56713,-0.00055,0.19997,0.00065,0.70601,-0.00009,0.70821,1,5,0.99600,0.01073,-0.06097,-0.06439,0.06335,0.04237,0.81140,0,0
1766094328.921678,-0.00795,-0.00576,0.01304,-0.00087,0.00067,0.00035,0.56713,-0.00055,0.19997,0.00065,0.70601,-0.00009,0.70821,1,5,0.99600,0.01073,-0.06097,-0.06439,0.06335,0.04237,0.81140,0,0
1766094328.923674,-0.00169,-0.00950,-0.03251,0.00171,-0.00016,0.00004,0.56713,-0.00055,0.19997,0.00065,0.70601,-0.00009,0.70821,1,5,0.99600,0.01073,-0.06097,-0.06439,0.06335,0.04237,0.81140,0,0
1766094328.925721,-0.00512,0.02201,-0.01050,0.00056,0.00023,0.00018,0.56713,-0.00055,0.19997,0.00065,0.70601,-0.00009,0.70821,1,5,0.99600,0.01073,-0.06097,-0.06439,0.06335,0.04237,0.81140,0,0
1766094328.927689,-0.00372,-0.00798,-0.03249,-0.00067,0.00024,0.00017,0.56713,-0.00055,0.19997,0.00065,0.70601,-0.00009,0.70821,1,5,0.99600,0.01073,-0.06097,-0.06439,0.06335,0.04237,0.81140,0,0
1766094328.929712,-0.00859,0.00447,-0.00251,-0.00009,0.00054,0.00006,0.56713,-0.00055,0.19997,0.00065,0.70601,-0.00009,0.70821,1,5,0.99600,0.01073,-0.06097,-0.06439,0.06335,0.04237,0.81140,0,0
1766094328.931711,0.00667,-0.00317,0.02060,-0.00236,-0.00040,0.00007,0.56713,-0.00055,0.19997,0.00065,0.70601,-0.00009,0.70821,1,5,0.99600,0.01073,-0.06097,-0.06439,0.06335,0.04237,0.81140,0,0
1766094328.933713,0.00410,0.01212,-0.02563,0.00022,-0.00001,-0.00037,0.56713,-0.00055,0.19997,0.00065,0.70601,-0.00009,0.70821,1,5,0.99600,0.01073,-0.06097,-0.06439,0.06335,0.04237,0.81140,0,0
1766094328.935776,0.00236,0.01137,0.02746,0.00131,0.00141,0.00007,0.56713,-0.00055,0.19997,0.00065,0.70601,-0.00009,0.70821,1,5,0.99600,0.01073,-0.06097,-0.06439,0.06335,0.04237,0.81140,0,0
1766094328.937707,0.00349,0.02607,0.01178,0.00039,0.00126,-0.00035,0.56713,-0.00055,0.19997,0.00065,0.70601,-0.00009,0.70821,1,5,0.99600,0.01073,-0.06097,-0.06439,0.06335,0.04237,0.81140,0,0
1766094328.939696,-0.01056,0.01508,-0.01810,0.00201,0.00042,-0.00022,0.56713,-0.00055,0.19997,0.00065,0.70601,-0.00009,0.70821,1,5,0.99600,0.01073,-0.06097,-0.06439,0.06335,0.04237,0.81140,0,0
1766094328.941719,-0.00030,-0.00541,0.02821,0.00001,0.00032,0.00035,0.56713,-0.00055,0.19997,0.00065,0.70601,-0.00009,0.70821,1,5,0.99600,0.01073,-0.06097,-0.06439,0.06335,0.04237,0.81140,0,0
1766094328.943716,0.00007,0.01485,-0.02558,0.00004,-0.00034,-0.00023,0.56713,-0.00055,0.19997,0.00065,0.70601,-0.00009,0.70821,1,5,0.99600,0.01073,-0.06097,-0.06439,0.06335,0.04237,0.81140,0,0
1766094328.945707,0.00443,0.00166,0.02041,-0.00056,0.00039,0.00034,0.56713,-0.00055,0.19997,0.00065,0.70601,-0.00009,0.70821,1,5,0.99600,0.01073,-0.06097,-0.06439,0.06335,0.04237,0.81140,0,0
1766094328.947698,-0.00073,0.00772,0.02066,-0.00310,-0.00184,0.00022,0.56713,-0.00055,0.19997,0.00065,0.70601,-0.00009,0.70821,1,5,0.99600,0.01073,-0.06097,-0.06439,0.06335,0.04237,0.81140,0,0
1766094328.949692,-0.00167,-0.01363,-0.04015,0.00232,-0.00081,-0.00064,0.56713,-0.00055,0.19997,0.00065,0.70601,-0.00009,0.70821,1,5,0.99600,0.01073,-0.06097,-0.06439,0.06335,0.04237,0.81140,0,0
1766094328.951689,-0.00028,0.00897,0.01240,-0.00003,0.00094,-0.00007,0.56713,-0.00055,0.19997,0.00065,0.70601,-0.00009,0.70821,1,5,0.99600,0.01073,-0.06097,-0.06439,0.06335,0.04237,0.81140,0,0
1766094328.953702,-0.00391,0.00717,-0.00263,-0.00027,0.00010,-0.00021,0.56713,-0.00055,0.19997,0.00065,0.70601,-0.00009,0.70821,1,5,0.99600,0.01073,-0.06097,-0.06439,0.06335,0.04237,0.81140,0,0
1766094328.955688,-0.00102,0.01460,0.01987,0.00091,0.00043,-0.00020,0.56713,-0.00055,0.19997,0.00065,0.70601,-0.00009,0.70821,1,5,0.99617,0.01038,-0.05869,-0.06394,0.06338,0.04238,0.81157,0,0
1766094328.957725,0.00820,0.02450,-0.00323,0.00038,-0.00007,-0.00050,0.56713,-0.00055,0.19997,0.00065,0.70601,-0.00009,0.70821,1,5,0.99617,0.01038,-0.05869,-0.06394,0.06338,0.04238,0.81157,0,0
1766094328.959714,-0.00922,0.01465,-0.01029,0.00047,0.00029,0.00019,0.56713,-0.00055,0.19997,0.00065,0.70601,-0.00009,0.70821,1,5,0.99617,0.01038,-0.05869,-0.06394,0.06338,0.04238,0.81157,0,0
1766094328.961734,-0.01005,-0.00801,0.05880,-0.00264,-0.00007,0.00026,0.56713,-0.00055,0.19997,0.00065,0.70601,-0.00009,0.70821,1,5,0.99617,0.01038,-0.05869,-0.06394,0.06338,0.04238,0.81157,0,0
1766094328.963728,0.00400,0.01744,0.00479,0.00029,-0.00051,-0.00008,0.56713,-0.00055,0.19997,0.00065,0.70601,-0.00009,0.70821,1,5,0.99617,0.01038,-0.05869,-0.06394,0.06338,0.04238,0.81157,0,0
1766094328.965720,-0.00092,0.00060,-0.01000,0.00118,-0.00057,-0.00022,0.56713,-0.00055,0.19997,0.00065,0.70601,-0.00009,0.70821,1,5,0.99617,0.01038,-0.05869,-0.06394,0.06338,0.04238,0.81157,0,0
1766094328.967744,0.00847,0.01458,0.00474,0.00004,-0.00019,-0.00022,0.56713,-0.00055,0.19997,0.00065,0.70601,-0.00009,0.70821,1,5,0.99617,0.01038,-0.05869,-0.06394,0.06338,0.04238,0.81157,0,0
1766094328.969738,0.00403,0.00688,-0.03292,-0.00006,0.00014,0.00016,0.56713,-0.00055,0.19997,0.00065,0.70601,-0.00009,0.70821,1,5,0.99617,0.01038,-0.05869,-0.06394,0.06338,0.04238,0.81157,0,0
1766094328.971729,0.01705,-0.01075,-0.00221,-0.00027,0.00024,0.00004,0.56713,-0.00055,0.19997,0.00065,0.70601,-0.00009,0.70821,1,5,0.99617,0.01038,-0.05869,-0.06394,0.06338,0.04238,0.81157,0,0
1766094328.973725,-0.00587,0.01283,0.00475,0.00176,-0.00001,-0.00034,0.56713,-0.00055,0.19997,0.00065,0.70601,-0.00009,0.70821,1,5,0.99617,0.01038,-0.05869,-0.06394,0.06338,0.04238,0.81157,0,0
1766094328.975808,0.00265,-0.00277,0.01277,0.00136,0.00054,0.00006,0.56713,-0.00055,0.19997,0.00065,0.70601,-0.00009,0.70821,1,5,0.99617,0.01038,-0.05869,-0.06394,0.06338,0.04238,0.81157,0,0
1766094328.977784,-0.00930,0.01455,0.01229,0.00069,0.00066,-0.00020,0.56713,-0.00055,0.19997,0.00065,0.70601,-0.00009,0.70821,1,5,0.99617,0.01038,-0.05869,-0.06394,0.06338,0.04238,0.81157,0,0
1766094328.979728,-0.00482,0.01161,-0.00278,0.00022,0.00087,0.00005,0.56713,-0.00055,0.19997,0.00065,0.70601,-0.00009,0.70821,1,5,0.99617,0.01038,-0.05869,-0.06394,0.06338,0.04238,0.81157,0,0
1766094328.981730,-0.00121,-0.00016,-0.00255,0.00117,0.00045,-0.00021,0.56713,-0.00055,0.19997,0.00065,0.70601,-0.00009,0.70821,1,5,0.99617,0.01038,-0.05869,-0.06394,0.06338,0.04238,0.81157,0,0
1766094328.983728,-0.00581,0.00805,-0.03319,0.00192,-0.00014,-0.00064,0.56713,-0.00055,0.19997,0.00065,0.70601,-0.00009,0.70821,1,5,0.99617,0.01038,-0.05869,-0.06394,0.06338,0.04238,0.81157,0,0
1766094328.985739,-0.01208,-0.00183,0.00532,-0.00016,-0.00069,-0.00033,0.56713,-0.00055,0.19997,0.00065,0.70601,-0.00009,0.70821,1,5,0.99617,0.01038,-0.05869,-0.06394,0.06338,0.04238,0.81157,0,0
1766094328.987757,0.00423,0.00188,0.02025,-0.00012,0.00038,-0.00007,0.56713,-0.00055,0.19997,0.00065,0.70601,-0.00009,0.70821,1,5,0.99617,0.01038,-0.05869,-0.06394,0.06338,0.04238,0.81157,0,0
1766094328.989741,0.00450,0.02244,-0.02572,-0.00009,-0.00078,-0.00024,0.56713,-0.00055,0.19997,0.00065,0.70601,-0.00009,0.70821,1,5,0.99617,0.01038,-0.05869,-0.06394,0.06338,0.04238,0.81157,0,0
1766094328.991758,-0.01203,-0.00743,-0.00201,-0.00067,-0.00017,0.00021,0.56713,-0.00055,0.19997,0.00065,0.70601,-0.00009,0.70821,1,5,0.99617,0.01038,-0.05869,-0.06394,0.06338,0.04238,0.81157,0,0
1766094328.993763,-0.00757,-0.00525,-0.01000,-0.00064,0.00027,-0.00048,0.56713,-0.00055,0.19997,0.00065,0.70601,-0.00009,0.70821,1,5,0.99628,0.01041,-0.05799,-0.06296,0.06336,0.04236,0.81140,0,0
1766094328.995731,-0.01880,0.01458,-0.00315,0.00178,0.00140,-0.00061,0.56713,-0.00055,0.19997,0.00065,0.70601,-0.00009,0.70821,1,5,0.99628,0.01041,-0.05799,-0.06296,0.06336,0.04236,0.81140,0,0
1766094328.997769,0.01217,0.01653,-0.01057,0.00028,0.00040,-0.00010,0.56713,-0.00055,0.19997,0.00065,0.70601,-0.00009,0.70821,1,5,0.99628,0.01041,-0.05799,-0.06296,0.06336,0.04236,0.81140,0,0
1766094328.999765,0.00371,0.01175,0.00465,0.00044,0.00063,-0.00035,0.56713,-0.00055,0.19997,0.00065,0.70601,-0.00009,0.70821,1,5,0.99628,0.01041,-0.05799,-0.06296,0.06336,0.04236,0.81140,0,0
1766094329.001792,-0.01365,-0.01038,0.02850,-0.00311,-0.00028,0.00010,0.56713,-0.00055,0.19997,0.00065,0.70601,-0.00009,0.70821,1,5,0.99628,0.01041,-0.05799,-0.06296,0.06336,0.04236,0.81140,0,0
1766094329.003754,-0.00110,-0.00421,-0.00222,0.00134,-0.00069,-0.00008,0.56713,-0.00055,0.19997,0.00065,0.70601,-0.00009,0.70821,1,5,0.99628,0.01041,-0.05799,-0.06296,0.06336,0.04236,0.81140,0,0
1766094329.005769,-0.00039,0.00924,-0.00257,-0.00003,0.00044,0.00032,0.56713,-0.00055,0.19997,0.00065,0.70601,-0.00009,0.70821,1,5,0.99628,0.01041,-0.05799,-0.06296,0.06336,0.04236,0.81140,0,0
1766094329.007935,0.00751,0.00466,-0.01015,0.00079,0.00009,0.00004,0.56713,-0.00055,0.19997,0.00065,0.70601,-0.00009,0.70821,1,5,0.99628,0.01041,-0.05799,-0.06296,0.06336,0.04236,0.81140,0,0
1766094329.009794,-0.00087,0.00990,-0.01010,0.00064,-0.00019,0.00032,0.56713,-0.00055,0.19997,0.00065,0.70601,-0.00009,0.70821,1,5,0.99628,0.01041,-0.05799,-0.06296,0.06336,0.04236,0.81140,0,0
1766094329.011855,0.00787,0.01428,-0.02572,0.00047,0.00033,-0.00025,0.56713,-0.00055,0.19997,0.00065,0.70601,-0.00009,0.70821,1,5,0.99628,0.01041,-0.05799,-0.06296,0.06336,0.04236,0.81140,0,0
1766094329.013872,0.01250,0.01675,-0.01051,0.00006,0.00002,-0.00010,0.56713,-0.00055,0.19997,0.00065,0.70601,-0.00009,0.70821,1,5,0.99628,0.01041,-0.05799,-0.06296,0.06336,0.04236,0.81140,0,0
1766094329.015803,0.00261,0.01138,0.01229,0.00109,0.00129,0.00006,0.56713,-0.00055,0.19997,0.00065,0.70601,-0.00009,0.70821,1,5,0.99628,0.01041,-0.05799,-0.06296,0.06336,0.04236,0.81140,0,0
1766094329.017868,-0.00221,0.00543,-0.00271,0.00233,0.00007,-0.00035,0.56713,-0.00055,0.19997,0.00065,0.70601,-0.00009,0.70821,1,5,0.99628,0.01041,-0.05799,-0.06296,0.06336,0.04236,0.81140,0,0
1766094329.019852,0.00290,-0.00530,0.04348,-0.00261,-0.00074,-0.00004,0.56713,-0.00055,0.19997,0.00065,0.70601,-0.00009,0.70821,1,5,0.99628,0.01041,-0.05799,-0.06296,0.06336,0.04236,0.81140,0,0
1766094329.021774,-0.00417,0.00713,-0.01025,-0.00005,0.00023,-0.00022,0.56713,-0.00055,0.19997,0.00065,0.70601,-0.00009,0.70821,1,5,0.99628,0.01041,-0.05799,-0.06296,0.06336,0.04236,0.81140,0,0
1766094329.023795,0.00358,0.01624,0.01235,0.00006,0.00089,0.00033,0.56713,-0.00055,0.19997,0.00065,0.70601,-0.00009,0.70821,1,5,0.99628,0.01041,-0.05799,-0.06296,0.06336,0.04236,0.81140,0,0
1766094329.025811,-0.01005,-0.00466,-0.01768,0.00177,0.00043,-0.00049,0.56713,-0.00055,0.19997,0.00065,0.70601,-0.00009,0.70821,1,5,0.99628,0.01041,-0.05799,-0.06296,0.06336,0.04236,0.81140,0,0
1766094329.027847,-0.00039,-0.00558,0.00522,0.00023,0.00070,-0.00007,0.56713,-0.00055,0.19997,0.00065,0.70601,-0.00009,0.70821,1,5,0.99628,0.01041,-0.05799,-0.06296,0.06336,0.04236,0.81140,0,0
1766094329.029780,0.00852,-0.01081,0.00538,-0.00027,0.00060,0.00006,0.56713,-0.00055,0.19997,0.00065,0.70601,-0.00009,0.70821,1,5,0.99615,0.01050,-0.06040,-0.06269,0.06335,0.04235,0.81130,0,0
1766094329.031761,0.02573,0.01460,0.02754,-0.00018,-0.00078,-0.00022,0.56713,-0.00055,0.19997,0.00065,0.70601,-0.00009,0.70821,1,5,0.99615,0.01050,-0.06040,-0.06269,0.06335,0.04235,0.81130,0,0
1766094329.033812,-0.03064,-0.01194,-0.04020,0.00124,0.00069,-0.00048,0.56713,-0.00055,0.19997,0.00065,0.70601,-0.00009,0.70821,1,5,0.99615,0.01050,-0.06040,-0.06269,0.06335,0.04235,0.81130,0,0
1766094329.035771,-0.01043,0.01480,0.02743,0.00179,0.00080,-0.00019,0.56713,-0.00055,0.19997,0.00065,0.70601,-0.00009,0.70821,1,5,0.99615,0.01050,-0.06040,-0.06269,0.06335,0.04235,0.81130,0,0
1766094329.037837,-0.00545,-0.00433,0.02864,-0.00260,-0.00190,0.00037,0.56713,-0.00055,0.19997,0.00065,0.70601,-0.00009,0.70821,1,5,0.99615,0.01050,-0.06040,-0.06269,0.06335,0.04235,0.81130,0,0
1766094329.039774,-0.00506,0.00245,-0.01786,0.00098,0.00036,-0.00049,0.56713,-0.00055,0.19997,0.00065,0.70601,-0.00009,0.70821,1,5,0.99615,0.01050,-0.06040,-0.06269,0.06335,0.04235,0.81130,0,0
1766094329.041777,-0.00147,-0.00286,-0.00210,-0.00258,-0.00068,0.00007,0.56713,-0.00055,0.19997,0.00065,0.70601,-0.00009,0.70821,1,5,0.99615,0.01050,-0.06040,-0.06269,0.06335,0.04235,0.81130,0,0
1766094329.043861,-0.00044,-0.00589,0.00553,-0.00021,0.00071,0.00074,0.56713,-0.00055,0.19997,0.00065,0.70601,-0.00009,0.70821,1,5,0.99615,0.01050,-0.06040,-0.06269,0.06335,0.04235,0.81130,0,0
1766094329.045869,-0.00057,0.01940,0.02747,0.00031,0.00030,0.00007,0.56713,-0.00055,0.19997,0.00065,0.70601,-0.00009,0.70821,1,5,0.99615,0.01050,-0.06040,-0.06269,0.06335,0.04235,0.81130,0,0
1766094329.047768,-0.00973,-0.00528,-0.00980,0.00089,0.00069,0.00033,0.56713,-0.00055,0.19997,0.00065,0.70601,-0.00009,0.70821,1,5,0.99615,0.01050,-0.06040,-0.06269,0.06335,0.04235,0.81130,0,0
1766094329.049914,-0.01044,-0.02001,-0.00965,0.00180,0.00109,-0.00007,0.56713,-0.00055,0.19997,0.00065,0.70601,-0.00009,0.70821,1,5,0.99615,0.01050,-0.06040,-0.06269,0.06335,0.04235,0.81130,0,0
1766094329.051821,0.00844,0.00388,-0.00261,-0.00031,0.00072,0.00005,0.56713,-0.00055,0.19997,0.00065,0.70601,-0.00009,0.70821,1,5,0.99615,0.01050,-0.06040,-0.06269,0.06335,0.04235,0.81130,0,0
1766094329.053878,-0.00978,0.00521,-0.01767,0.00123,0.00005,0.00005,0.56713,-0.00055,0.19997,0.00065,0.70601,-0.00009,0.70821,1,5,0.99615,0.01050,-0.06040,-0.06269,0.06335,0.04235,0.81130,0,0
1766094329.055881,-0.01461,-0.00278,-0.01002,0.00157,0.00113,0.00006,0.56713,-0.00055,0.19997,0.00065,0.70601,-0.00009,0.70821,1,5,0.99615,0.01050,-0.06040,-0.06269,0.06335,0.04235,0.81130,0,0
1766094329.057892,-0.00025,0.01458,-0.01787,0.00004,-0.00007,0.00018,0.56713,-0.00055,0.19997,0.00065,0.70601,-0.00009,0.70821,1,5,0.99615,0.01050,-0.06040,-0.06269,0.06335,0.04235,0.81130,0,0
1766094329.059943,-0.01450,-0.00680,0.01309,0.00174,-0.00001,0.00022,0.56713,-0.00055,0.19997,0.00065,0.70601,-0.00009,0.70821,1,5,0.99615,0.01050,-0.06040,-0.06269,0.06335,0.04235,0.81130,0,0
1766094329.061972,-0.01294,0.01264,-0.04055,0.00023,-0.00030,0.00004,0.56713,-0.00055,0.19997,0.00065,0.70601,-0.00009,0.70821,1,5,0.99615,0.01050,-0.06040,-0.06269,0.06335,0.04235,0.81130,0,0
1766094329.063994,-0.00014,0.02921,0.00434,-0.00000,0.00029,-0.00022,0.56713,-0.00055,0.19997,0.00065,0.70601,-0.00009,0.70821,1,5,0.99615,0.01050,-0.06040,-0.06269,0.06335,0.04235,0.81130,0,0
1766094329.066094,-0.01188,-0.02683,0.01362,-0.00047,-0.00041,-0.00004,0.56713,-0.00055,0.19997,0.00065,0.70601,-0.00009,0.70821,1,5,0.99615,0.01050,-0.06040,-0.06269,0.06335,0.04235,0.81130,0,0
1766094329.067853,0.01178,0.00473,0.01332,-0.00336,-0.00185,0.00088,0.56713,-0.00055,0.19997,0.00065,0.70601,-0.00009,0.70821,1,5,0.99607,0.01026,-0.06078,-0.06356,0.06334,0.04234,0.81111,0,0
1766094329.069830,0.00351,-0.00173,-0.01756,0.00115,-0.00088,-0.00036,0.56713,-0.00055,0.19997,0.00065,0.70601,-0.00009,0.70821,1,5,0.99607,0.01026,-0.06078,-0.06356,0.06334,0.04234,0.81111,0,0
1766094329.071782,-0.00940,-0.00506,-0.00974,0.00067,0.00031,0.00033,0.56713,-0.00055,0.19997,0.00065,0.70601,-0.00009,0.70821,1,5,0.99607,0.01026,-0.06078,-0.06356,0.06334,0.04234,0.81111,0,0
1766094329.073780,0.00852,-0.01081,0.00538,-0.00027,0.00060,0.00006,0.56713,-0.00055,0.19997,0.00065,0.70601,-0.00009,0.70821,1,5,0.99607,0.01026,-0.06078,-0.06356,0.06334,0.04234,0.81111,0,0
1766094329.075807,-0.01339,0.00220,0.01267,0.00054,0.00072,-0.00006,0.56713,-0.00055,0.19997,0.00065,0.70601,-0.00009,0.70821,1,5,0.99607,0.01026,-0.06078,-0.06356,0.06334,0.04234,0.81111,0,0
1766094329.077821,-0.01781,0.00028,-0.02522,0.00095,0.00027,-0.00022,0.56713,-0.00055,0.19997,0.00065,0.70601,-0.00009,0.70821,1,5,0.99607,0.01026,-0.06078,-0.06356,0.06334,0.04234,0.81111,0,0
1766094329.079821,-0.01797,0.00614,-0.03287,0.00146,-0.00075,-0.00035,0.56713,-0.00055,0.19997,0.00065,0.70601,-0.00009,0.70821,1,5,0.99607,0.01026,-0.06078,-0.06356,0.06334,0.04234,0.81111,0,0
1766094329.081802,0.00740,0.00420,0.02050,0.00035,0.00036,0.00087,0.56713,-0.00055,0.19997,0.00065,0.70601,-0.00009,0.70821,1,5,0.99607,0.01026,-0.06078,-0.06356,0.06334,0.04234,0.81111,0,0
1766094329.083809,0.01249,0.00194,-0.00273,0.00032,0.00028,-0.00050,0.56713,-0.00055,0.19997,0.00065,0.70601,-0.00009,0.70821,1,5,0.99607,0.01026,-0.06078,-0.06356,0.06334,0.04234,0.81111,0,0
1766094329.085818,-0.00032,0.00942,-0.01013,-0.00003,0.00019,0.00032,0.56713,-0.00055,0.19997,0.00065,0.70601,-0.00009,0.70821,1,5,0.99607,0.01026,-0.06078,-0.06356,0.06334,0.04234,0.81111,0,0
1766094329.087811,-0.00615,0.00444,0.02045,-0.00227,-0.00025,0.00008,0.56713,-0.00055,0.19997,0.00065,0.70601,-0.00009,0.70821,1,5,0.99607,0.01026,-0.06078,-0.06356,0.06334,0.04234,0.81111,0,0
1766094329.089810,-0.01958,0.00079,-0.02528,0.00271,0.00029,-0.00022,0.56713,-0.00055,0.19997,0.00065,0.70601,-0.00009,0.70821,1,5,0.99607,0.01026,-0.06078,-0.06356,0.06334,0.04234,0.81111,0,0
1766094329.091809,-0.01402,-0.01741,-0.00958,0.00118,0.00075,0.00007,0.56713,-0.00055,0.19997,0.00065,0.70601,-0.00009,0.70821,1,5,0.99607,0.01026,-0.06078,-0.06356,0.06334,0.04234,0.81111,0,0
1766094329.093819,0.00804,0.00475,0.00509,0.00036,-0.00017,0.00005,0.56713,-0.00055,0.19997,0.00065,0.70601,-0.00009,0.70821,1,5,0.99607,0.01026,-0.06078,-0.06356,0.06334,0.04234,0.81111,0,0
1766094329.095795,-0.00865,-0.00058,0.04304,0.00007,0.00092,-0.00017,0.56713,-0.00055,0.19997,0.00065,0.70601,-0.00009,0.70821,1,5,0.99607,0.01026,-0.06078,-0.06356,0.06334,0.04234,0.81111,0,0
1766094329.097811,-0.00454,0.00752,-0.00280,0.00060,0.00010,-0.00062,0.56713,-0.00055,0.19997,0.00065,0.70601,-0.00009,0.70821,1,5,0.99607,0.01026,-0.06078,-0.06356,0.06334,0.04234,0.81111,0,0
1766094329.099811,-0.01427,0.00319,-0.03299,0.00186,-0.00003,-0.00050,0.56713,-0.00055,0.19997,0.00065,0.70601,-0.00009,0.70821,1,5,0.99607,0.01026,-0.06078,-0.06356,0.06334,0.04234,0.81111,0,0
1766094329.101815,-0.00555,-0.00526,0.02849,-0.00283,-0.00076,0.00037,0.56713,-0.00055,0.19997,0.00065,0.70601,-0.00009,0.70821,1,5,0.99607,0.01026,-0.06078,-0.06356,0.06334,0.04234,0.81111,0,0
1766094329.103894,-0.01766,0.00565,-0.01773,0.00102,-0.00025,-0.00034,0.56713,-0.00055,0.19997,0.00065,0.70601,-0.00009,0.70821,1,5,0.99610,0.01046,-0.05968,-0.06417,0.06337,0.04238,0.81146,0,0
1766094329.105826,-0.01375,-0.00664,-0.02516,0.00152,-0.00016,-0.00062,0.56713,-0.00055,0.19997,0.00065,0.70601,-0.00009,0.70821,1,5,0.99610,0.01046,-0.05968,-0.06417,0.06337,0.04238,0.81146,0,0
1766094329.107832,0.00266,-0.00195,-0.01784,0.00202,-0.00011,-0.00077,0.56713,-0.00055,0.19997,0.00065,0.70601,-0.00009,0.70821,1,5,0.99610,0.01046,-0.05968,-0.06417,0.06337,0.04238,0.81146,0,0
1766094329.109840,0.01233,0.01760,-0.04077,0.00051,-0.00099,-0.00012,0.56713,-0.00055,0.19997,0.00065,0.70601,-0.00009,0.70821,1,5,0.99610,0.01046,-0.05968,-0.06417,0.06337,0.04238,0.81146,0,0
1766094329.111829,-0.00840,-0.00065,0.01285,-0.00037,0.00067,0.00021,0.56713,-0.00055,0.19997,0.00065,0.70601,-0.00009,0.70821,1,5,0.99610,0.01046,-0.05968,-0.06417,0.06337,0.04238,0.81146,0,0
1766094329.113829,0.00004,-0.01927,-0.00957,0.00050,-0.00057,-0.00048,0.56713,-0.00055,0.19997,0.00065,0.70601,-0.00009,0.70821,1,5,0.99610,0.01046,-0.05968,-0.06417,0.06337,0.04238,0.81146,0,0
1766094329.115820,-0.01838,-0.00491,0.01285,0.00133,0.00079,-0.00005,0.56713,-0.00055,0.19997,0.00065,0.70601,-0.00009,0.70821,1,5,0.99610,0.01046,-0.05968,-0.06417,0.06337,0.04238,0.81146,0,0
1766094329.117964,-0.01281,-0.01237,0.00535,0.00036,0.00047,-0.00046,0.56713,-0.00055,0.19997,0.00065,0.70601,-0.00009,0.70821,1,5,0.99610,0.01046,-0.05968,-0.06417,0.06337,0.04238,0.81146,0,0
1766094329.119886,0.01212,0.02702,-0.01844,0.00062,-0.00024,-0.00038,0.56713,-0.00055,0.19997,0.00065,0.70601,-0.00009,0.70821,1,5,0.99610,0.01046,-0.05968,-0.06417,0.06337,0.04238,0.81146,0,0
1766094329.121843,-0.00937,0.00067,-0.00221,0.00096,-0.00059,0.00020,0.56713,-0.00055,0.19997,0.00065,0.70601,-0.00009,0.70821,1,5,0.99610,0.01046,-0.05968,-0.06417,0.06337,0.04238,0.81146,0,0
1766094329.123828,-0.01270,0.01208,0.01995,0.00000,0.00057,-0.00032,0.56713,-0.00055,0.19997,0.00065,0.70601,-0.00009,0.70821,1,5,0.99610,0.01046,-0.05968,-0.06417,0.06337,0.04238,0.81146,0,0
1766094329.125824,-0.00487,0.01712,-0.01047,0.00050,0.00023,-0.00009,0.56713,-0.00055,0.19997,0.00065,0.70601,-0.00009,0.70821,1,5,0.99610,0.01046,-0.05968,-0.06417,0.06337,0.04238,0.81146,0,0
1766094329.127830,0.00404,-0.00798,-0.01736,-0.00002,0.00027,0.00018,0.56713,-0.00055,0.19997,0.00065,0.70601,-0.00009,0.70821,1,5,0.99610,0.01046,-0.05968,-0.06417,0.06337,0.04238,0.81146,0,0
1766094329.129832,-0.00032,-0.00050,-0.01754,0.00007,0.00032,0.00018,0.56713,-0.00055,0.19997,0.00065,0.70601,-0.00009,0.70821,1,5,0.99610,0.01046,-0.05968,-0.06417,0.06337,0.04238,0.81146,0,0
1766094329.131832,0.02567,0.01425,0.00506,-0.00062,-0.00076,0.00057,0.56713,-0.00055,0.19997,0.00065,0.70601,-0.00009,0.70821,1,5,0.99610,0.01046,-0.05968,-0.06417,0.06337,0.04238,0.81146,0,0
1766094329.133819,-0.00138,-0.00269,0.02090,-0.00279,-0.00106,0.00049,0.56713,-0.00055,0.19997,0.00065,0.70601,-0.00009,0.70821,1,5,0.99610,0.01046,-0.05968,-0.06417,0.06337,0.04238,0.81146,0,0
1766094329.135845,-0.00369,0.00293,0.02770,0.00011,-0.00042,-0.00086,0.56713,-0.00055,0.19997,0.00065,0.70601,-0.00009,0.70821,1,5,0.99610,0.01046,-0.05968,-0.06417,0.06337,0.04238,0.81146,0,0
1766094329.137872,-0.00003,0.02014,-0.01794,0.00010,-0.00084,0.00004,0.56713,-0.00055,0.19997,0.00065,0.70601,-0.00009,0.70821,1,5,0.99626,0.01029,-0.05951,-0.06183,0.06338,0.04238,0.81161,0,0
1766094329.139849,-0.01788,0.00010,-0.01766,0.00095,0.00052,-0.00021,0.56713,-0.00055,0.19997,0.00065,0.70601,-0.00009,0.70821,1,5,0.99626,0.01029,-0.05951,-0.06183,0.06338,0.04238,0.81161,0,0
1766094329.141851,-0.00456,-0.00324,-0.00239,0.00004,0.00088,0.00006,0.56713,-0.00055,0.19997,0.00065,0.70601,-0.00009,0.70821,1,5,0.99626,0.01029,-0.05951,-0.06183,0.06338,0.04238,0.81161,0,0
1766094329.143870,-0.02137,0.00375,-0.01019,0.00099,-0.00072,-0.00087,0.56713,-0.00055,0.19997,0.00065,0.70601,-0.00009,0.70821,1,5,0.99626,0.01029,-0.05951,-0.06183,0.06338,0.04238,0.81161,0,0
1766094329.145849,-0.00028,0.00894,-0.01038,-0.00003,0.00094,-0.00009,0.56713,-0.00055,0.19997,0.00065,0.70601,-0.00009,0.70821,1,5,0.99626,0.01029,-0.05951,-0.06183,0.06338,0.04238,0.81161,0,0
1766094329.147849,-0.00098,0.00897,-0.01025,0.00041,0.00096,0.00031,0.56713,-0.00055,0.19997,0.00065,0.70601,-0.00009,0.70821,1,5,0.99626,0.01029,-0.05951,-0.06183,0.06338,0.04238,0.81161,0,0
1766094329.149870,0.01708,0.01975,-0.00281,-0.00012,-0.00092,0.00004,0.56713,-0.00055,0.19997,0.00065,0.70601,-0.00009,0.70821,1,5,0.99626,0.01029,-0.05951,-0.06183,0.06338,0.04238,0.81161,0,0
1766094329.151850,-0.00457,0.00672,-0.00275,0.00016,0.00087,-0.00021,0.56713,-0.00055,0.19997,0.00065,0.70601,-0.00009,0.70821,1,5,0.99626,0.01029,-0.05951,-0.06183,0.06338,0.04238,0.81161,0,0
1766094329.153848,-0.00979,-0.00462,-0.01006,0.00155,0.00030,-0.00048,0.56713,-0.00055,0.19997,0.00065,0.70601,-0.00009,0.70821,1,5,0.99626,0.01029,-0.05951,-0.06183,0.06338,0.04238,0.81161,0,0
1766094329.155868,0.00360,0.01704,0.01229,0.00050,0.00013,-0.00008,0.56713,-0.00055,0.19997,0.00065,0.70601,-0.00009,0.70821,1,5,0.99626,0.01029,-0.05951,-0.06183,0.06338,0.04238,0.81161,0,0
1766094329.157843,-0.00459,-0.01178,-0.02514,0.00103,-0.00027,-0.00090,0.56713,-0.00055,0.19997,0.00065,0.70601,-0.00009,0.70821,1,5,0.99626,0.01029,-0.05951,-0.06183,0.06338,0.04238,0.81161,0,0
1766094329.159913,-0.00165,0.01232,0.05055,-0.00218,-0.00083,-0.00030,0.56713,-0.00055,0.19997,0.00065,0.70601,-0.00009,0.70821,1,5,0.99626,0.01029,-0.05951,-0.06183,0.06338,0.04238,0.81161,0,0
1766094329.161932,-0.02354,-0.01439,0.06652,-0.00141,-0.00042,-0.00013,0.56713,-0.00055,0.19997,0.00065,0.70601,-0.00009,0.70821,1,5,0.99626,0.01029,-0.05951,-0.06183,0.06338,0.04238,0.81161,0,0
1766094329.163880,-0.00477,0.00822,-0.00271,0.00105,-0.00066,-0.00061,0.56713,-0.00055,0.19997,0.00065,0.70601,-0.00009,0.70821,1,5,0.99626,0.01029,-0.05951,-0.06183,0.06338,0.04238,0.81161,0,0
1766094329.165858,-0.00621,0.01756,-0.01828,0.00204,0.00037,-0.00050,0.56713,-0.00055,0.19997,0.00065,0.70601,-0.00009,0.70821,1,5,0.99626,0.01029,-0.05951,-0.06183,0.06338,0.04238,0.81161,0,0
1766094329.167879,-0.00062,0.00509,0.00495,0.00080,-0.00007,-0.00034,0.56713,-0.00055,0.19997,0.00065,0.70601,-0.00009,0.70821,1,5,0.99626,0.01029,-0.05951,-0.06183,0.06338,0.04238,0.81161,0,0
1766094329.169882,-0.00973,-0.00447,-0.04041,0.00155,0.00005,-0.00050,0.56713,-0.00055,0.19997,0.00065,0.70601,-0.00009,0.70821,1,5,0.99626,0.01029,-0.05951,-0.06183,0.06338,0.04238,0.81161,0,0
1766094329.171884,0.00059,0.00004,-0.01757,-0.00036,-0.00046,-0.00022,0.56713,-0.00055,0.19997,0.00065,0.70601,-0.00009,0.70821,1,5,0.99626,0.01029,-0.05951,-0.06183,0.06338,0.04238,0.81161,0,0
1766094329.173860,-0.00184,-0.00977,-0.00237,0.00193,0.00046,-0.00035,0.56713,-0.00055,0.19997,0.00065,0.70601,-0.00009,0.70821,1,5,0.99626,0.01029,-0.05951,-0.06183,0.06338,0.04238,0.81161,0,0
1766094329.175858,-0.00987,-0.00564,0.00532,0.00088,0.00120,0.00034,0.56713,-0.00055,0.19997,0.00065,0.70601,-0.00009,0.70821,1,5,0.99626,0.01029,-0.05951,-0.06183,0.06338,0.04238,0.81161,0,0
1766094329.177869,-0.01967,-0.00125,0.08124,-0.00059,-0.00112,-0.00066,0.56713,-0.00055,0.19997,0.00065,0.70601,-0.00009,0.70821,1,5,0.99625,0.01022,-0.05832,-0.06317,0.06337,0.04237,0.81154,0,0
1766094329.179863,0.00308,0.00205,-0.01018,0.00098,0.00053,-0.00009,0.56713,-0.00055,0.19997,0.00065,0.70601,-0.00009,0.70821,1,5,0.99625,0.01022,-0.05832,-0.06317,0.06337,0.04237,0.81154,0,0
1766094329.181868,-0.00541,0.00636,-0.01028,0.00059,0.00139,0.00018,0.56713,-0.00055,0.19997,0.00065,0.70601,-0.00009,0.70821,1,5,0.99625,0.01022,-0.05832,-0.06317,0.06337,0.04237,0.81154,0,0
1766094329.183892,0.00760,0.00483,0.01284,0.00058,-0.00029,0.00046,0.56713,-0.00055,0.19997,0.00065,0.70601,-0.00009,0.70821,1,5,0.99625,0.01022,-0.05832,-0.06317,0.06337,0.04237,0.81154,0,0
1766094329.185888,0.00863,-0.00128,-0.01004,-0.00059,0.00085,0.00018,0.56713,-0.00055,0.19997,0.00065,0.70601,-0.00009,0.70821,1,5,0.99625,0.01022,-0.05832,-0.06317,0.06337,0.04237,0.81154,0,0
1766094329.187874,0.01328,-0.00308,-0.00973,-0.00083,-0.00035,0.00044,0.56713,-0.00055,0.19997,0.00065,0.70601,-0.00009,0.70821,1,5,0.99625,0.01022,-0.05832,-0.06317,0.06337,0.04237,0.81154,0,0
1766094329.189907,-0.00918,0.01420,0.01224,0.00047,0.00104,-0.00020,0.56713,-0.00055,0.19997,0.00065,0.70601,-0.00009,0.70821,1,5,0.99625,0.01022,-0.05832,-0.06317,0.06337,0.04237,0.81154,0,0
1766094329.192020,0.00923,0.00980,-0.01054,-0.00024,-0.00033,-0.00090,0.56713,-0.00055,0.19997,0.00065,0.70601,-0.00009,0.70821,1,5,0.99625,0.01022,-0.05832,-0.06317,0.06337,0.04237,0.81154,0,0
1766094329.193934,0.00825,0.00410,-0.00277,0.00013,0.00071,-0.00036,0.56713,-0.00055,0.19997,0.00065,0.70601,-0.00009,0.70821,1,5,0.99625,0.01022,-0.05832,-0.06317,0.06337,0.04237,0.81154,0,0
1766094329.196041,-0.00076,0.00473,0.02007,0.00079,0.00044,-0.00033,0.56713,-0.00055,0.19997,0.00065,0.70601,-0.00009,0.70821,1,5,0.99625,0.01022,-0.05832,-0.06317,0.06337,0.04237,0.81154,0,0
1766094329.197886,0.01232,0.01194,-0.00273,0.00022,-0.00010,0.00004,0.56713,-0.00055,0.19997,0.00065,0.70601,-0.00009,0.70821,1,5,0.99625,0.01022,-0.05832,-0.06317,0.06337,0.04237,0.81154,0,0
1766094329.199893,-0.01035,-0.00924,-0.04766,0.00193,-0.00019,0.00003,0.56713,-0.00055,0.19997,0.00065,0.70601,-0.00009,0.70821,1,5,0.99625,0.01022,-0.05832,-0.06317,0.06337,0.04237,0.81154,0,0
1766094329.201882,-0.00997,-0.01444,-0.02489,0.00165,0.00019,-0.00022,0.56713,-0.00055,0.19997,0.00065,0.70601,-0.00009,0.70821,1,5,0.99625,0.01022,-0.05832,-0.06317,0.06337,0.04237,0.81154,0,0
1766094329.203915,-0.01292,0.00641,-0.01779,-0.00028,0.00123,0.00019,0.56713,-0.00055,0.19997,0.00065,0.70601,-0.00009,0.70821,1,5,0.99625,0.01022,-0.05832,-0.06317,0.06337,0.04237,0.81154,0,0
1766094329.205881,-0.02624,0.00119,-0.02525,0.00140,-0.00040,-0.00061,0.56713,-0.00055,0.19997,0.00065,0.70601,-0.00009,0.70821,1,5,0.99625,0.01022,-0.05832,-0.06317,0.06337,0.04237,0.81154,0,0
1766094329.207881,-0.01837,-0.00908,-0.01758,0.00193,0.00015,-0.00075,0.56713,-0.00055,0.19997,0.00065,0.70601,-0.00009,0.70821,1,5,0.99625,0.01022,-0.05832,-0.06317,0.06337,0.04237,0.81154,0,0
1766094329.209882,-0.00065,0.00936,0.01985,0.00063,0.00081,-0.00047,0.56713,-0.00055,0.19997,0.00065,0.70601,-0.00009,0.70821,1,5,0.99625,0.01022,-0.05832,-0.06317,0.06337,0.04237,0.81154,0,0
1766094329.211880,0.01269,0.02024,-0.01073,-0.00077,0.00154,0.00016,0.56713,-0.00055,0.19997,0.00065,0.70601,-0.00009,0.70821,1,5,0.99625,0.01022,-0.05832,-0.06317,0.06337,0.04237,0.81154,0,0
1766094329.213902,-0.00443,0.01207,-0.01805,0.00022,0.00035,-0.00036,0.56713,-0.00055,0.19997,0.00065,0.70601,-0.00009,0.70821,1,5,0.99611,0.01063,-0.06049,-0.06312,0.06334,0.04235,0.81117,0,0
1766094329.215915,-0.01738,-0.01041,0.02803,0.00039,0.00128,-0.00031,0.56713,-0.00055,0.19997,0.00065,0.70601,-0.00009,0.70821,1,5,0.99611,0.01063,-0.06049,-0.06312,0.06334,0.04235,0.81117,0,0
1766094329.217901,-0.01774,0.00544,-0.03296,0.00102,0.00001,-0.00036,0.56713,-0.00055,0.19997,0.00065,0.70601,-0.00009,0.70821,1,5,0.99611,0.01063,-0.06049,-0.06312,0.06334,0.04235,0.81117,0,0
1766094329.219923,-0.01774,0.00046,-0.03278,0.00096,0.00002,-0.00022,0.56713,-0.00055,0.19997,0.00065,0.70601,-0.00009,0.70821,1,5,0.99611,0.01063,-0.06049,-0.06312,0.06334,0.04235,0.81117,0,0
1766094329.221908,0.01201,-0.00319,0.02054,0.00026,0.00030,0.00047,0.56713,-0.00055,0.19997,0.00065,0.70601,-0.00009,0.70821,1,5,0.99611,0.01063,-0.06049,-0.06312,0.06334,0.04235,0.81117,0,0
1766094329.223918,-0.00294,0.01460,-0.02566,0.00244,0.00085,0.00016,0.56713,-0.00055,0.19997,0.00065,0.70601,-0.00009,0.70821,1,5,0.99611,0.01063,-0.06049,-0.06312,0.06334,0.04235,0.81117,0,0
1766094329.225941,0.00442,-0.00328,0.01282,-0.00040,0.00051,0.00006,0.56713,-0.00055,0.19997,0.00065,0.70601,-0.00009,0.70821,1,5,0.99611,0.01063,-0.06049,-0.06312,0.06334,0.04235,0.81117,0,0
1766094329.227934,0.02577,0.02884,0.00448,-0.00066,-0.00040,0.00016,0.56713,-0.00055,0.19997,0.00065,0.70601,-0.00009,0.70821,1,5,0.99611,0.01063,-0.06049,-0.06312,0.06334,0.04235,0.81117,0,0
1766094329.229898,-0.01380,-0.01447,0.02121,-0.00272,-0.00128,0.00024,0.56713,-0.00055,0.19997,0.00065,0.70601,-0.00009,0.70821,1,5,0.99611,0.01063,-0.06049,-0.06312,0.06334,0.04235,0.81117,0,0
1766094329.231907,-0.00935,-0.01466,-0.01746,0.00121,0.00043,-0.00062,0.56713,-0.00055,0.19997,0.00065,0.70601,-0.00009,0.70821,1,5,0.99611,0.01063,-0.06049,-0.06312,0.06334,0.04235,0.81117,0,0
1766094329.233903,-0.00082,0.00030,-0.01782,0.00117,-0.00007,-0.00063,0.56713,-0.00055,0.19997,0.00065,0.70601,-0.00009,0.70821,1,5,0.99611,0.01063,-0.06049,-0.06312,0.06334,0.04235,0.81117,0,0
1766094329.235902,-0.00190,0.01975,0.00464,0.00163,0.00032,0.00005,0.56713,-0.00055,0.19997,0.00065,0.70601,-0.00009,0.70821,1,5,0.99611,0.01063,-0.06049,-0.06312,0.06334,0.04235,0.81117,0,0
1766094329.237932,0.00873,0.01463,0.01236,-0.00018,-0.00032,-0.00021,0.56713,-0.00055,0.19997,0.00065,0.70601,-0.00009,0.70821,1,5,0.99611,0.01063,-0.06049,-0.06312,0.06334,0.04235,0.81117,0,0
1766094329.240030,-0.01800,0.00551,-0.00277,0.00145,0.00026,-0.00074,0.56713,-0.00055,0.19997,0.00065,0.70601,-0.00009,0.70821,1,5,0.99611,0.01063,-0.06049,-0.06312,0.06334,0.04235,0.81117,0,0
1766094329.241930,-0.01920,-0.00949,-0.01735,0.00215,0.00055,0.00006,0.56713,-0.00055,0.19997,0.00065,0.70601,-0.00009,0.70821,1,5,0.99611,0.01063,-0.06049,-0.06312,0.06334,0.04235,0.81117,0,0
1766094329.243935,-0.01023,-0.00449,-0.01008,0.00199,0.00030,-0.00048,0.56713,-0.00055,0.19997,0.00065,0.70601,-0.00009,0.70821,1,5,0.99611,0.01063,-0.06049,-0.06312,0.06334,0.04235,0.81117,0,0
1766094329.245922,-0.02229,0.01318,-0.01051,0.00155,0.00005,-0.00074,0.56713,-0.00055,0.19997,0.00065,0.70601,-0.00009,0.70821,1,5,0.99611,0.01063,-0.06049,-0.06312,0.06334,0.04235,0.81117,0,0
1766094329.247926,-0.01768,-0.00502,-0.00230,0.00067,0.00065,-0.00006,0.56713,-0.00055,0.19997,0.00065,0.70601,-0.00009,0.70821,1,5,0.99611,0.01063,-0.06049,-0.06312,0.06334,0.04235,0.81117,0,0
1766094329.249931,-0.00260,-0.00992,0.00533,0.00236,0.00073,0.00006,0.56713,-0.00055,0.19997,0.00065,0.70601,-0.00009,0.70821,1,5,0.99624,0.01052,-0.05764,-0.06381,0.06338,0.04238,0.81164,0,0
1766094329.251931,0.00289,-0.01262,-0.01758,0.00145,0.00066,-0.00050,0.56713,-0.00055,0.19997,0.00065,0.70601,-0.00009,0.70821,1,5,0.99624,0.01052,-0.05764,-0.06381,0.06338,0.04238,0.81164,0,0
1766094329.253927,-0.00431,0.00178,0.00505,-0.00012,0.00074,-0.00007,0.56713,-0.00055,0.19997,0.00065,0.70601,-0.00009,0.70821,1,5,0.99624,0.01052,-0.05764,-0.06381,0.06338,0.04238,0.81164,0,0
1766094329.255949,-0.02535,-0.00964,0.05857,0.00018,0.00049,-0.00027,0.56713,-0.00055,0.19997,0.00065,0.70601,-0.00009,0.70821,1,5,0.99624,0.01052,-0.05764,-0.06381,0.06338,0.04238,0.81164,0,0
1766094329.257925,-0.00904,0.00456,-0.02531,0.00035,0.00055,0.00004,0.56713,-0.00055,0.19997,0.00065,0.70601,-0.00009,0.70821,1,5,0.99624,0.01052,-0.05764,-0.06381,0.06338,0.04238,0.81164,0,0
1766094329.259948,-0.00908,0.00023,0.00516,0.00074,0.00004,-0.00020,0.56713,-0.00055,0.19997,0.00065,0.70601,-0.00009,0.70821,1,5,0.99624,0.01052,-0.05764,-0.06381,0.06338,0.04238,0.81164,0,0
1766094329.262773,0.00359,0.01700,-0.01050,0.00050,0.00013,-0.00009,0.56713,-0.00055,0.19997,0.00065,0.70601,-0.00009,0.70821,1,5,0.99624,0.01052,-0.05764,-0.06381,0.06338,0.04238,0.81164,0,0
1766094329.263957,0.00436,0.02714,0.00424,0.00019,-0.00016,-0.00076,0.56713,-0.00055,0.19997,0.00065,0.70601,-0.00009,0.70821,1,5,0.99624,0.01052,-0.05764,-0.06381,0.06338,0.04238,0.81164,0,0
1766094329.265963,0.00862,-0.00621,-0.01763,-0.00043,0.00097,-0.00010,0.56713,-0.00055,0.19997,0.00065,0.70601,-0.00009,0.70821,1,5,0.99624,0.01052,-0.05764,-0.06381,0.06338,0.04238,0.81164,0,0
1766094329.267957,-0.01377,0.00492,0.02801,-0.00270,-0.00067,-0.00030,0.56713,-0.00055,0.19997,0.00065,0.70601,-0.00009,0.70821,1,5,0.99624,0.01052,-0.05764,-0.06381,0.06338,0.04238,0.81164,0,0
1766094329.269953,-0.00624,0.00323,-0.01024,0.00230,-0.00013,-0.00049,0.56713,-0.00055,0.19997,0.00065,0.70601,-0.00009,0.70821,1,5,0.99624,0.01052,-0.05764,-0.06381,0.06338,0.04238,0.81164,0,0
1766094329.271951,-0.00011,0.00433,0.02802,-0.00030,0.00031,0.00048,0.56713,-0.00055,0.19997,0.00065,0.70601,-0.00009,0.70821,1,5,0.99624,0.01052,-0.05764,-0.06381,0.06338,0.04238,0.81164,0,0
1766094329.273960,-0.01381,-0.00197,-0.02503,0.00115,-0.00015,0.00005,0.56713,-0.00055,0.19997,0.00065,0.70601,-0.00009,0.70821,1,5,0.99624,0.01052,-0.05764,-0.06381,0.06338,0.04238,0.81164,0,0
1766094329.275947,0.00316,0.01716,0.01228,0.00094,0.00013,-0.00008,0.56713,-0.00055,0.19997,0.00065,0.70601,-0.00009,0.70821,1,5,0.99624,0.01052,-0.05764,-0.06381,0.06338,0.04238,0.81164,0,0
1766094329.277946,-0.00065,0.00919,-0.01019,0.00019,0.00057,0.00032,0.56713,-0.00055,0.19997,0.00065,0.70601,-0.00009,0.70821,1,5,0.99624,0.01052,-0.05764,-0.06381,0.06338,0.04238,0.81164,0,0
1766094329.279944,-0.01393,0.01078,0.02036,-0.00220,-0.00169,-0.00044,0.56713,-0.00055,0.19997,0.00065,0.70601,-0.00009,0.70821,1,5,0.99624,0.01052,-0.05764,-0.06381,0.06338,0.04238,0.81164,0,0
1766094329.282048,-0.01371,0.00764,-0.02543,0.00104,0.00022,-0.00022,0.56713,-0.00055,0.19997,0.00065,0.70601,-0.00009,0.70821,1,5,0.99624,0.01052,-0.05764,-0.06381,0.06338,0.04238,0.81164,0,0
1766094329.283951,0.00331,0.02118,0.00455,0.00034,0.00102,0.00018,0.56713,-0.00055,0.19997,0.00065,0.70601,-0.00009,0.70821,1,5,0.99615,0.01051,-0.05870,-0.06419,0.06339,0.04239,0.81176,0,0
1766094329.285944,0.00228,-0.00018,0.02085,-0.00233,-0.00110,0.00062,0.56713,-0.00055,0.19997,0.00065,0.70601,-0.00009,0.70821,1,5,0.99615,0.01051,-0.05870,-0.06419,0.06339,0.04239,0.81176,0,0
1766094329.287971,-0.00061,-0.00496,-0.00971,0.00046,-0.00018,0.00032,0.56713,-0.00055,0.19997,0.00065,0.70601,-0.00009,0.70821,1,5,0.99615,0.01051,-0.05870,-0.06419,0.06339,0.04239,0.81176,0,0
1766094329.289953,-0.00160,-0.00327,0.02079,-0.00280,-0.00029,0.00049,0.56713,-0.00055,0.19997,0.00065,0.70601,-0.00009,0.70821,1,5,0.99615,0.01051,-0.05870,-0.06419,0.06339,0.04239,0.81176,0,0
1766094329.291977,-0.00501,-0.00577,0.00567,-0.00349,-0.00038,0.00035,0.56713,-0.00055,0.19997,0.00065,0.70601,-0.00009,0.70821,1,5,0.99615,0.01051,-0.05870,-0.06419,0.06339,0.04239,0.81176,0,0
1766094329.293973,-0.00010,0.01497,-0.01020,0.00004,-0.00058,0.00018,0.56713,-0.00055,0.19997,0.00065,0.70601,-0.00009,0.70821,1,5,0.99615,0.01051,-0.05870,-0.06419,0.06339,0.04239,0.81176,0,0
1766094329.295985,-0.01303,-0.00793,0.02785,0.00042,0.00122,-0.00058,0.56713,-0.00055,0.19997,0.00065,0.70601,-0.00009,0.70821,1,5,0.99615,0.01051,-0.05870,-0.06419,0.06339,0.04239,0.81176,0,0
1766094329.298165,-0.00161,0.00643,-0.04066,0.00234,-0.00121,-0.00078,0.56713,-0.00055,0.19997,0.00065,0.70601,-0.00009,0.70821,1,5,0.99615,0.01051,-0.05870,-0.06419,0.06339,0.04239,0.81176,0,0
1766094329.299992,-0.00273,0.01016,-0.04817,0.00239,0.00009,0.00029,0.56713,-0.00055,0.19997,0.00065,0.70601,-0.00009,0.70821,1,5,0.99615,0.01051,-0.05870,-0.06419,0.06339,0.04239,0.81176,0,0
1766094329.302092,-0.01268,-0.00703,-0.00995,0.00043,-0.00005,-0.00061,0.56713,-0.00055,0.19997,0.00065,0.70601,-0.00009,0.70821,1,5,0.99615,0.01051,-0.05870,-0.06419,0.06339,0.04239,0.81176,0,0
1766094329.304081,-0.01418,0.00833,-0.01017,0.00171,-0.00042,-0.00021,0.56713,-0.00055,0.19997,0.00065,0.70601,-0.00009,0.70821,1,5,0.99615,0.01051,-0.05870,-0.06419,0.06339,0.04239,0.81176,0,0
1766094329.305976,-0.00934,-0.00483,-0.02507,0.00089,0.00017,-0.00009,0.56713,-0.00055,0.19997,0.00065,0.70601,-0.00009,0.70821,1,5,0.99615,0.01051,-0.05870,-0.06419,0.06339,0.04239,0.81176,0,0
1766094329.308066,-0.02276,-0.01600,-0.02474,0.00207,-0.00042,-0.00034,0.56713,-0.00055,0.19997,0.00065,0.70601,-0.00009,0.70821,1,5,0.99615,0.01051,-0.05870,-0.06419,0.06339,0.04239,0.81176,0,0
1766094329.310058,-0.01002,0.00103,-0.03294,0.00206,-0.00046,-0.00063,0.56713,-0.00055,0.19997,0.00065,0.70601,-0.00009,0.70821,1,5,0.99615,0.01051,-0.05870,-0.06419,0.06339,0.04239,0.81176,0,0
1766094329.311981,-0.00820,0.01484,-0.01037,-0.00018,-0.00011,-0.00021,0.56713,-0.00055,0.19997,0.00065,0.70601,-0.00009,0.70821,1,5,0.99615,0.01051,-0.05870,-0.06419,0.06339,0.04239,0.81176,0,0
1766094329.314109,-0.02664,-0.00917,-0.01739,0.00149,0.00026,-0.00033,0.56713,-0.00055,0.19997,0.00065,0.70601,-0.00009,0.70821,1,5,0.99615,0.01051,-0.05870,-0.06419,0.06339,0.04239,0.81176,0,0
1766094329.316090,-0.00152,-0.00048,0.01293,0.00095,0.00059,0.00061,0.56713,-0.00055,0.19997,0.00065,0.70601,-0.00009,0.70821,1,5,0.99615,0.01051,-0.05870,-0.06419,0.06339,0.04239,0.81176,0,0
1766094329.318069,-0.01421,-0.00993,0.00574,-0.00245,-0.00065,0.00009,0.56713,-0.00055,0.19997,0.00065,0.70601,-0.00009,0.70821,1,5,0.99615,0.01051,-0.05870,-0.06419,0.06339,0.04239,0.81176,0,0
1766094329.319968,0.00764,0.00928,0.02018,0.00041,0.00034,0.00033,0.56713,-0.00055,0.19997,0.00065,0.70601,-0.00009,0.70821,1,5,0.99630,0.01065,-0.05813,-0.06241,0.06337,0.04237,0.81152,0,0
1766094329.321962,-0.01434,-0.00197,-0.02525,0.00180,0.00023,-0.00035,0.56713,-0.00055,0.19997,0.00065,0.70601,-0.00009,0.70821,1,5,0.99630,0.01065,-0.05813,-0.06241,0.06337,0.04237,0.81152,0,0
1766094329.323973,-0.02210,-0.01675,-0.00980,0.00140,0.00045,-0.00073,0.56713,-0.00055,0.19997,0.00065,0.70601,-0.00009,0.70821,1,5,0.99630,0.01065,-0.05813,-0.06241,0.06337,0.04237,0.81152,0,0
1766094329.326044,-0.00937,0.00936,-0.00276,0.00063,0.00092,-0.00008,0.56713,-0.00055,0.19997,0.00065,0.70601,-0.00009,0.70821,1,5,0.99630,0.01065,-0.05813,-0.06241,0.06337,0.04237,0.81152,0,0
1766094329.327993,-0.00105,0.00378,-0.02530,0.00034,0.00122,0.00044,0.56713,-0.00055,0.19997,0.00065,0.70601,-0.00009,0.70821,1,5,0.99630,0.01065,-0.05813,-0.06241,0.06337,0.04237,0.81152,0,0
1766094329.329986,-0.00184,-0.00989,-0.04017,0.00171,0.00035,0.00003,0.56713,-0.00055,0.19997,0.00065,0.70601,-0.00009,0.70821,1,5,0.99630,0.01065,-0.05813,-0.06241,0.06337,0.04237,0.81152,0,0
1766094329.331990,-0.00532,0.01232,-0.01807,0.00110,0.00036,-0.00036,0.56713,-0.00055,0.19997,0.00065,0.70601,-0.00009,0.70821,1,5,0.99630,0.01065,-0.05813,-0.06241,0.06337,0.04237,0.81152,0,0
1766094329.333995,-0.00039,0.00422,-0.02518,-0.00009,0.00045,0.00044,0.56713,-0.00055,0.19997,0.00065,0.70601,-0.00009,0.70821,1,5,0.99630,0.01065,-0.05813,-0.06241,0.06337,0.04237,0.81152,0,0
1766094329.336040,0.00265,0.00222,0.01259,0.00142,0.00053,-0.00007,0.56713,-0.00055,0.19997,0.00065,0.70601,-0.00009,0.70821,1,5,0.99630,0.01065,-0.05813,-0.06241,0.06337,0.04237,0.81152,0,0
1766094329.338072,-0.01908,-0.00482,0.00522,0.00198,0.00092,-0.00006,0.56713,-0.00055,0.19997,0.00065,0.70601,-0.00009,0.70821,1,5,0.99630,0.01065,-0.05813,-0.06241,0.06337,0.04237,0.81152,0,0
1766094329.340098,-0.00662,-0.00483,0.03607,-0.00173,-0.00087,0.00037,0.56713,-0.00055,0.19997,0.00065,0.70601,-0.00009,0.70821,1,5,0.99630,0.01065,-0.05813,-0.06241,0.06337,0.04237,0.81152,0,0
1766094329.341989,-0.00819,0.00487,-0.01001,-0.00030,-0.00010,0.00006,0.56713,-0.00055,0.19997,0.00065,0.70601,-0.00009,0.70821,1,5,0.99630,0.01065,-0.05813,-0.06241,0.06337,0.04237,0.81152,0,0
1766094329.343989,-0.00907,0.01883,0.01202,0.00031,0.00141,-0.00034,0.56713,-0.00055,0.19997,0.00065,0.70601,-0.00009,0.70821,1,5,0.99630,0.01065,-0.05813,-0.06241,0.06337,0.04237,0.81152,0,0
1766094329.345991,-0.00551,-0.00734,-0.02529,0.00152,0.00050,-0.00063,0.56713,-0.00055,0.19997,0.00065,0.70601,-0.00009,0.70821,1,5,0.99630,0.01065,-0.05813,-0.06241,0.06337,0.04237,0.81152,0,0
1766094329.348018,0.01609,0.00920,0.01238,0.00063,0.00036,-0.00009,0.56713,-0.00055,0.19997,0.00065,0.70601,-0.00009,0.70821,1,5,0.99630,0.01065,-0.05813,-0.06241,0.06337,0.04237,0.81152,0,0
1766094329.350008,-0.00163,-0.00915,-0.01003,0.00215,-0.00018,-0.00076,0.56713,-0.00055,0.19997,0.00065,0.70601,-0.00009,0.70821,1,5,0.99630,0.01065,-0.05813,-0.06241,0.06337,0.04237,0.81152,0,0
1766094329.352006,-0.00537,-0.00697,-0.04041,0.00152,-0.00001,-0.00064,0.56713,-0.00055,0.19997,0.00065,0.70601,-0.00009,0.70821,1,5,0.99630,0.01065,-0.05813,-0.06241,0.06337,0.04237,0.81152,0,0
1766094329.354024,0.00348,0.01237,-0.01027,0.00067,-0.00025,0.00004,0.56713,-0.00055,0.19997,0.00065,0.70601,-0.00009,0.70821,1,5,0.99630,0.01065,-0.05813,-0.06241,0.06337,0.04237,0.81152,0,0
1766094329.356014,-0.02282,-0.01751,-0.00961,0.00139,0.00124,0.00007,0.56713,-0.00055,0.19997,0.00065,0.70601,-0.00009,0.70821,1,5,0.99630,0.01065,-0.05813,-0.06241,0.06337,0.04237,0.81152,0,0
1766094329.358020,-0.00504,-0.01002,0.05116,-0.00288,-0.00077,-0.00029,0.56713,-0.00055,0.19997,0.00065,0.70601,-0.00009,0.70821,1,5,0.99615,0.01060,-0.05972,-0.06329,0.06336,0.04236,0.81137,0,0
1766094329.360017,-0.00083,0.00447,0.01262,0.00057,0.00057,0.00007,0.56713,-0.00055,0.19997,0.00065,0.70601,-0.00009,0.70821,1,5,0.99615,0.01060,-0.05972,-0.06329,0.06336,0.04236,0.81137,0,0
1766094329.362027,0.00018,-0.00039,-0.03286,-0.00015,0.00018,-0.00024,0.56713,-0.00055,0.19997,0.00065,0.70601,-0.00009,0.70821,1,5,0.99615,0.01060,-0.05972,-0.06329,0.06336,0.04236,0.81137,0,0
1766094329.364036,-0.00582,0.00968,0.04312,-0.00243,-0.00064,-0.00003,0.56713,-0.00055,0.19997,0.00065,0.70601,-0.00009,0.70821,1,5,0.99615,0.01060,-0.05972,-0.06329,0.06336,0.04236,0.81137,0,0
1766094329.366016,-0.02243,0.01273,-0.01041,0.00132,0.00044,-0.00034,0.56713,-0.00055,0.19997,0.00065,0.70601,-0.00009,0.70821,1,5,0.99615,0.01060,-0.05972,-0.06329,0.06336,0.04236,0.81137,0,0
1766094329.368011,-0.02309,-0.01448,0.08932,-0.00185,-0.00042,-0.00011,0.56713,-0.00055,0.19997,0.00065,0.70601,-0.00009,0.70821,1,5,0.99615,0.01060,-0.05972,-0.06329,0.06336,0.04236,0.81137,0,0
1766094329.370039,-0.00892,-0.00572,-0.00221,0.00001,0.00094,0.00033,0.56713,-0.00055,0.19997,0.00065,0.70601,-0.00009,0.70821,1,5,0.99615,0.01060,-0.05972,-0.06329,0.06336,0.04236,0.81137,0,0
1766094329.372015,0.00041,0.00520,-0.01014,-0.00008,-0.00059,-0.00035,0.56713,-0.00055,0.19997,0.00065,0.70601,-0.00009,0.70821,1,5,0.99615,0.01060,-0.05972,-0.06329,0.06336,0.04236,0.81137,0,0
1766094329.374090,-0.00025,0.01458,-0.01787,0.00004,-0.00007,0.00018,0.56713,-0.00055,0.19997,0.00065,0.70601,-0.00009,0.70821,1,5,0.99615,0.01060,-0.05972,-0.06329,0.06336,0.04236,0.81137,0,0
1766094329.376037,-0.00164,-0.02481,0.00558,0.00174,0.00073,-0.00034,0.56713,-0.00055,0.19997,0.00065,0.70601,-0.00009,0.70821,1,5,0.99615,0.01060,-0.05972,-0.06329,0.06336,0.04236,0.81137,0,0
1766094329.378031,-0.00086,0.00495,0.01287,0.00058,-0.00018,0.00047,0.56713,-0.00055,0.19997,0.00065,0.70601,-0.00009,0.70821,1,5,0.99615,0.01060,-0.05972,-0.06329,0.06336,0.04236,0.81137,0,0
1766094329.380036,-0.00879,-0.01020,-0.00991,0.00039,0.00067,-0.00034,0.56713,-0.00055,0.19997,0.00065,0.70601,-0.00009,0.70821,1,5,0.99615,0.01060,-0.05972,-0.06329,0.06336,0.04236,0.81137,0,0
1766094329.382068,-0.01005,-0.00466,-0.01768,0.00177,0.00043,-0.00049,0.56713,-0.00055,0.19997,0.00065,0.70601,-0.00009,0.70821,1,5,0.99615,0.01060,-0.05972,-0.06329,0.06336,0.04236,0.81137,0,0
1766094329.384037,-0.00153,0.01034,-0.02581,0.00195,0.00006,-0.00091,0.56713,-0.00055,0.19997,0.00065,0.70601,-0.00009,0.70821,1,5,0.99615,0.01060,-0.05972,-0.06329,0.06336,0.04236,0.81137,0,0
1766094329.386028,0.00287,-0.00767,-0.04054,0.00151,0.00066,-0.00065,0.56713,-0.00055,0.19997,0.00065,0.70601,-0.00009,0.70821,1,5,0.99615,0.01060,-0.05972,-0.06329,0.06336,0.04236,0.81137,0,0
1766094329.388103,-0.00890,0.00994,-0.01782,0.00042,0.00003,-0.00008,0.56713,-0.00055,0.19997,0.00065,0.70601,-0.00009,0.70821,1,5,0.99615,0.01060,-0.05972,-0.06329,0.06336,0.04236,0.81137,0,0
1766094329.390028,-0.00992,-0.01992,0.00559,0.00137,0.00083,-0.00006,0.56713,-0.00055,0.19997,0.00065,0.70601,-0.00009,0.70821,1,5,0.99615,0.01060,-0.05972,-0.06329,0.06336,0.04236,0.81137,0,0
1766094329.392036,-0.02191,-0.00709,-0.02501,0.00086,0.00033,-0.00021,0.56713,-0.00055,0.19997,0.00065,0.70601,-0.00009,0.70821,1,5,0.99615,0.01060,-0.05972,-0.06329,0.06336,0.04236,0.81137,0,0
1766094329.394026,-0.00187,-0.01060,-0.02510,0.00148,0.00123,0.00004,0.56713,-0.00055,0.19997,0.00065,0.70601,-0.00009,0.70821,1,5,0.99615,0.01060,-0.05972,-0.06329,0.06336,0.04236,0.81137,0,0
1766094329.396062,-0.00133,-0.00065,0.00532,0.00073,0.00072,0.00060,0.56713,-0.00055,0.19997,0.00065,0.70601,-0.00009,0.70821,1,5,0.99615,0.01060,-0.05972,-0.06329,0.06336,0.04236,0.81137,0,0
1766094329.398139,-0.00568,-0.00223,-0.01009,0.00158,0.00025,-0.00035,0.56713,-0.00055,0.19997,0.00065,0.70601,-0.00009,0.70821,1,5,0.99603,0.01055,-0.06034,-0.06464,0.06337,0.04239,0.81155,0,0
1766094329.400066,-0.01020,0.01972,-0.03349,0.00163,0.00067,-0.00037,0.56713,-0.00055,0.19997,0.00065,0.70601,-0.00009,0.70821,1,5,0.99603,0.01055,-0.06034,-0.06464,0.06337,0.04239,0.81155,0,0
1766094329.402056,-0.00833,0.00451,0.00511,-0.00030,0.00041,0.00007,0.56713,-0.00055,0.19997,0.00065,0.70601,-0.00009,0.70821,1,5,0.99603,0.01055,-0.06034,-0.06464,0.06337,0.04239,0.81155,0,0
1766094329.404086,-0.01777,-0.00527,-0.04032,0.00067,0.00091,-0.00009,0.56713,-0.00055,0.19997,0.00065,0.70601,-0.00009,0.70821,1,5,0.99603,0.01055,-0.06034,-0.06464,0.06337,0.04239,0.81155,0,0
1766094329.406069,-0.01052,0.01201,0.03529,-0.00196,-0.00009,-0.00031,0.56713,-0.00055,0.19997,0.00065,0.70601,-0.00009,0.70821,1,5,0.99603,0.01055,-0.06034,-0.06464,0.06337,0.04239,0.81155,0,0
1766094329.408133,0.00410,0.01212,-0.02563,0.00022,-0.00001,-0.00037,0.56713,-0.00055,0.19997,0.00065,0.70601,-0.00009,0.70821,1,5,0.99603,0.01055,-0.06034,-0.06464,0.06337,0.04239,0.81155,0,0
1766094329.410064,-0.02763,-0.01483,-0.01739,0.00208,0.00142,-0.00020,0.56713,-0.00055,0.19997,0.00065,0.70601,-0.00009,0.70821,1,5,0.99603,0.01055,-0.06034,-0.06464,0.06337,0.04239,0.81155,0,0
1766094329.412062,0.00656,0.01216,0.04290,-0.00196,-0.00080,-0.00032,0.56713,-0.00055,0.19997,0.00065,0.70601,-0.00009,0.70821,1,5,0.99603,0.01055,-0.06034,-0.06464,0.06337,0.04239,0.81155,0,0
1766094329.414057,0.00815,0.01423,-0.00257,-0.00018,-0.00004,0.00058,0.56713,-0.00055,0.19997,0.00065,0.70601,-0.00009,0.70821,1,5,0.99603,0.01055,-0.06034,-0.06464,0.06337,0.04239,0.81155,0,0
1766094329.416076,-0.01820,-0.00010,0.00507,0.00117,0.00091,-0.00019,0.56713,-0.00055,0.19997,0.00065,0.70601,-0.00009,0.70821,1,5,0.99603,0.01055,-0.06034,-0.06464,0.06337,0.04239,0.81155,0,0
1766094329.418068,-0.00838,0.00501,-0.02519,-0.00008,-0.00022,0.00005,0.56713,-0.00055,0.19997,0.00065,0.70601,-0.00009,0.70821,1,5,0.99603,0.01055,-0.06034,-0.06464,0.06337,0.04239,0.81155,0,0
1766094329.420061,-0.00613,-0.00700,0.00509,0.00218,0.00038,-0.00061,0.56713,-0.00055,0.19997,0.00065,0.70601,-0.00009,0.70821,1,5,0.99603,0.01055,-0.06034,-0.06464,0.06337,0.04239,0.81155,0,0
1766094329.422051,-0.02300,-0.02227,-0.00959,0.00177,0.00124,-0.00020,0.56713,-0.00055,0.19997,0.00065,0.70601,-0.00009,0.70821,1,5,0.99603,0.01055,-0.06034,-0.06464,0.06337,0.04239,0.81155,0,0
1766094329.424064,-0.01382,0.01043,0.02032,-0.00242,-0.00131,-0.00044,0.56713,-0.00055,0.19997,0.00065,0.70601,-0.00009,0.70821,1,5,0.99603,0.01055,-0.06034,-0.06464,0.06337,0.04239,0.81155,0,0
1766094329.426056,0.01097,-0.00590,0.03593,-0.00261,-0.00032,0.00035,0.56713,-0.00055,0.19997,0.00065,0.70601,-0.00009,0.70821,1,5,0.99603,0.01055,-0.06034,-0.06464,0.06337,0.04239,0.81155,0,0
1766094329.428076,0.00066,0.01512,-0.01790,-0.00039,-0.00085,-0.00023,0.56713,-0.00055,0.19997,0.00065,0.70601,-0.00009,0.70821,1,5,0.99603,0.01055,-0.06034,-0.06464,0.06337,0.04239,0.81155,0,0
1766094329.430072,-0.00431,0.00178,0.00505,-0.00012,0.00074,-0.00007,0.56713,-0.00055,0.19997,0.00065,0.70601,-0.00009,0.70821,1,5,0.99603,0.01055,-0.06034,-0.06464,0.06337,0.04239,0.81155,0,0
1766094329.432122,-0.00840,-0.00563,0.01303,-0.00043,0.00068,0.00035,0.56713,-0.00055,0.19997,0.00065,0.70601,-0.00009,0.70821,1,5,0.99603,0.01055,-0.06034,-0.06464,0.06337,0.04239,0.81155,0,0
1766094329.434077,0.02513,0.01438,0.01209,0.00047,-0.00014,-0.00063,0.56713,-0.00055,0.19997,0.00065,0.70601,-0.00009,0.70821,1,5,0.99603,0.01055,-0.06034,-0.06464,0.06337,0.04239,0.81155,0,0
1766094329.436095,0.00210,0.02124,0.02725,0.00143,0.00141,0.00020,0.56713,-0.00055,0.19997,0.00065,0.70601,-0.00009,0.70821,1,5,0.99603,0.01055,-0.06034,-0.06464,0.06337,0.04239,0.81155,0,0
1766094329.438163,-0.00022,0.00920,-0.00292,0.00019,0.00081,-0.00049,0.56713,-0.00055,0.19997,0.00065,0.70601,-0.00009,0.70821,1,5,0.99603,0.01055,-0.06034,-0.06464,0.06337,0.04239,0.81155,0,0
1766094329.440082,-0.00823,0.01412,0.00471,-0.00041,0.00078,-0.00020,0.56713,-0.00055,0.19997,0.00065,0.70601,-0.00009,0.70821,1,5,0.99603,0.01055,-0.06034,-0.06464,0.06337,0.04239,0.81155,0,0
1766094329.442083,-0.01429,-0.00251,-0.01773,0.00158,0.00086,-0.00035,0.56713,-0.00055,0.19997,0.00065,0.70601,-0.00009,0.70821,1,5,0.99603,0.01055,-0.06034,-0.06464,0.06337,0.04239,0.81155,0,0
1766094329.444077,-0.01395,-0.01233,-0.03234,0.00102,0.00037,0.00032,0.56713,-0.00055,0.19997,0.00065,0.70601,-0.00009,0.70821,1,5,0.99603,0.01055,-0.06034,-0.06464,0.06337,0.04239,0.81155,0,0
1766094329.446073,-0.01083,0.01019,-0.01829,0.00260,0.00080,-0.00090,0.56713,-0.00055,0.19997,0.00065,0.70601,-0.00009,0.70821,1,5,0.99603,0.01055,-0.06034,-0.06464,0.06337,0.04239,0.81155,0,0
1766094329.448077,-0.00046,0.00906,0.00499,-0.00003,0.00070,0.00033,0.56713,-0.00055,0.19997,0.00065,0.70601,-0.00009,0.70821,1,5,0.99617,0.01051,-0.05949,-0.06319,0.06339,0.04239,0.81162,0,0
1766094329.450070,-0.00242,-0.00511,-0.00246,0.00220,0.00085,-0.00008,0.56713,-0.00055,0.19997,0.00065,0.70601,-0.00009,0.70821,1,5,0.99617,0.01051,-0.05949,-0.06319,0.06339,0.04239,0.81162,0,0
1766094329.452083,0.00799,0.02376,-0.03338,-0.00007,0.00046,0.00028,0.56713,-0.00055,0.19997,0.00065,0.70601,-0.00009,0.70821,1,5,0.99617,0.01051,-0.05949,-0.06319,0.06339,0.04239,0.81162,0,0
1766094329.454180,0.01225,0.00678,0.00501,0.00016,0.00016,0.00018,0.56713,-0.00055,0.19997,0.00065,0.70601,-0.00009,0.70821,1,5,0.99617,0.01051,-0.05949,-0.06319,0.06339,0.04239,0.81162,0,0
1766094329.456214,-0.02639,-0.02476,0.02862,0.00087,0.00103,0.00011,0.56713,-0.00055,0.19997,0.00065,0.70601,-0.00009,0.70821,1,5,0.99617,0.01051,-0.05949,-0.06319,0.06339,0.04239,0.81162,0,0
1766094329.458128,-0.00047,-0.00081,-0.01019,0.00029,0.00095,-0.00022,0.56713,-0.00055,0.19997,0.00065,0.70601,-0.00009,0.70821,1,5,0.99617,0.01051,-0.05949,-0.06319,0.06339,0.04239,0.81162,0,0
1766094329.460097,-0.00061,0.02492,0.01978,0.00060,-0.00034,-0.00007,0.56713,-0.00055,0.19997,0.00065,0.70601,-0.00009,0.70821,1,5,0.99617,0.01051,-0.05949,-0.06319,0.06339,0.04239,0.81162,0,0
1766094329.462122,0.01650,0.00952,-0.01014,0.00020,-0.00040,0.00030,0.56713,-0.00055,0.19997,0.00065,0.70601,-0.00009,0.70821,1,5,0.99617,0.01051,-0.05949,-0.06319,0.06339,0.04239,0.81162,0,0
1766094329.464111,-0.00050,0.00469,0.01268,0.00035,0.00019,0.00007,0.56713,-0.00055,0.19997,0.00065,0.70601,-0.00009,0.70821,1,5,0.99617,0.01051,-0.05949,-0.06319,0.06339,0.04239,0.81162,0,0
1766094329.466126,0.01340,-0.00824,0.02045,-0.00068,0.00028,-0.00021,0.56713,-0.00055,0.19997,0.00065,0.70601,-0.00009,0.70821,1,5,0.99617,0.01051,-0.05949,-0.06319,0.06339,0.04239,0.81162,0,0
1766094329.468106,-0.00916,0.00870,-0.01062,0.00040,0.00180,-0.00049,0.56713,-0.00055,0.19997,0.00065,0.70601,-0.00009,0.70821,1,5,0.99617,0.01051,-0.05949,-0.06319,0.06339,0.04239,0.81162,0,0
1766094329.470104,-0.00481,0.00658,0.00517,-0.00006,0.00075,0.00060,0.56713,-0.00055,0.19997,0.00065,0.70601,-0.00009,0.70821,1,5,0.99617,0.01051,-0.05949,-0.06319,0.06339,0.04239,0.81162,0,0
1766094329.472106,-0.00006,0.01942,-0.00287,-0.00012,0.00004,0.00005,0.56713,-0.00055,0.19997,0.00065,0.70601,-0.00009,0.70821,1,5,0.99617,0.01051,-0.05949,-0.06319,0.06339,0.04239,0.81162,0,0
1766094329.474108,-0.01011,-0.02468,0.00561,0.00174,0.00083,-0.00033,0.56713,-0.00055,0.19997,0.00065,0.70601,-0.00009,0.70821,1,5,0.99617,0.01051,-0.05949,-0.06319,0.06339,0.04239,0.81162,0,0
1766094329.476113,-0.02140,-0.00267,0.05070,0.00026,0.00094,-0.00029,0.56713,-0.00055,0.19997,0.00065,0.70601,-0.00009,0.70821,1,5,0.99617,0.01051,-0.05949,-0.06319,0.06339,0.04239,0.81162,0,0
1766094329.478103,-0.00838,0.01501,-0.00276,0.00004,-0.00024,-0.00021,0.56713,-0.00055,0.19997,0.00065,0.70601,-0.00009,0.70821,1,5,0.99617,0.01051,-0.05949,-0.06319,0.06339,0.04239,0.81162,0,0
1766094329.480114,-0.00519,0.01195,0.01244,0.00066,0.00062,0.00007,0.56713,-0.00055,0.19997,0.00065,0.70601,-0.00009,0.70821,1,5,0.99617,0.01051,-0.05949,-0.06319,0.06339,0.04239,0.81162,0,0
1766094329.482102,0.00826,-0.00097,-0.01761,-0.00015,0.00060,0.00017,0.56713,-0.00055,0.19997,0.00065,0.70601,-0.00009,0.70821,1,5,0.99617,0.01051,-0.05949,-0.06319,0.06339,0.04239,0.81162,0,0
1766094329.484095,-0.00831,0.00519,-0.03275,-0.00008,-0.00048,0.00004,0.56713,-0.00055,0.19997,0.00065,0.70601,-0.00009,0.70821,1,5,0.99617,0.01051,-0.05949,-0.06319,0.06339,0.04239,0.81162,0,0
1766094329.486117,-0.00475,0.00191,0.00504,0.00032,0.00075,-0.00007,0.56713,-0.00055,0.19997,0.00065,0.70601,-0.00009,0.70821,1,5,0.99617,0.01051,-0.05949,-0.06319,0.06339,0.04239,0.81162,0,0
1766094329.488095,-0.01863,0.00569,-0.03299,0.00189,0.00002,-0.00036,0.56713,-0.00055,0.19997,0.00065,0.70601,-0.00009,0.70821,1,5,0.99617,0.01051,-0.05949,-0.06319,0.06339,0.04239,0.81162,0,0
1766094329.490147,-0.00627,-0.00250,-0.01777,0.00201,0.00077,-0.00036,0.56713,-0.00055,0.19997,0.00065,0.70601,-0.00009,0.70821,1,5,0.99609,0.01040,-0.06042,-0.06366,0.06335,0.04236,0.81133,0,0
1766094329.492137,-0.00377,0.00753,-0.01775,-0.00027,-0.00041,-0.00022,0.56713,-0.00055,0.19997,0.00065,0.70601,-0.00009,0.70821,1,5,0.99609,0.01040,-0.06042,-0.06366,0.06335,0.04236,0.81133,0,0
1766094329.494129,-0.00944,-0.00707,0.02862,-0.00285,-0.00147,0.00024,0.56713,-0.00055,0.19997,0.00065,0.70601,-0.00009,0.70821,1,5,0.99609,0.01040,-0.06042,-0.06366,0.06335,0.04236,0.81133,0,0
1766094329.496128,-0.01757,0.00462,0.02008,0.00057,0.00102,-0.00032,0.56713,-0.00055,0.19997,0.00065,0.70601,-0.00009,0.70821,1,5,0.99609,0.01040,-0.06042,-0.06366,0.06335,0.04236,0.81133,0,0
1766094329.498131,-0.01836,-0.00921,-0.02483,0.00149,-0.00009,0.00006,0.56713,-0.00055,0.19997,0.00065,0.70601,-0.00009,0.70821,1,5,0.99609,0.01040,-0.06042,-0.06366,0.06335,0.04236,0.81133,0,0
1766094329.500126,-0.00170,-0.01443,-0.04010,0.00187,-0.00004,-0.00024,0.56713,-0.00055,0.19997,0.00065,0.70601,-0.00009,0.70821,1,5,0.99609,0.01040,-0.06042,-0.06366,0.06335,0.04236,0.81133,0,0
1766094329.502133,-0.01438,-0.00642,-0.03258,0.00196,-0.00040,-0.00022,0.56713,-0.00055,0.19997,0.00065,0.70601,-0.00009,0.70821,1,5,0.99609,0.01040,-0.06042,-0.06366,0.06335,0.04236,0.81133,0,0
1766094329.504123,0.00359,0.02697,-0.01085,0.00062,0.00011,-0.00037,0.56713,-0.00055,0.19997,0.00065,0.70601,-0.00009,0.70821,1,5,0.99609,0.01040,-0.06042,-0.06366,0.06335,0.04236,0.81133,0,0
1766094329.506124,-0.00430,-0.00818,0.00541,-0.00024,0.00075,0.00020,0.56713,-0.00055,0.19997,0.00065,0.70601,-0.00009,0.70821,1,5,0.99609,0.01040,-0.06042,-0.06366,0.06335,0.04236,0.81133,0,0
1766094329.508132,-0.02125,-0.00664,-0.02489,0.00043,-0.00044,-0.00021,0.56713,-0.00055,0.19997,0.00065,0.70601,-0.00009,0.70821,1,5,0.99609,0.01040,-0.06042,-0.06366,0.06335,0.04236,0.81133,0,0
1766094329.510160,0.00891,0.00952,-0.00283,-0.00024,-0.00006,-0.00049,0.56713,-0.00055,0.19997,0.00065,0.70601,-0.00009,0.70821,1,5,0.99609,0.01040,-0.06042,-0.06366,0.06335,0.04236,0.81133,0,0
1766094329.512136,-0.00362,0.00673,0.00474,-0.00050,0.00072,-0.00061,0.56713,-0.00055,0.19997,0.00065,0.70601,-0.00009,0.70821,1,5,0.99609,0.01040,-0.06042,-0.06366,0.06335,0.04236,0.81133,0,0
1766094329.514133,-0.00588,0.00787,-0.02563,0.00192,0.00011,-0.00063,0.56713,-0.00055,0.19997,0.00065,0.70601,-0.00009,0.70821,1,5,0.99609,0.01040,-0.06042,-0.06366,0.06335,0.04236,0.81133,0,0
1766094329.516122,-0.01644,-0.00916,0.01293,0.00018,-0.00038,-0.00072,0.56713,-0.00055,0.19997,0.00065,0.70601,-0.00009,0.70821,1,5,0.99609,0.01040,-0.06042,-0.06366,0.06335,0.04236,0.81133,0,0
1766094329.518138,-0.01302,-0.00810,-0.00219,-0.00002,0.00099,0.00020,0.56713,-0.00055,0.19997,0.00065,0.70601,-0.00009,0.70821,1,5,0.99609,0.01040,-0.06042,-0.06366,0.06335,0.04236,0.81133,0,0
1766094329.520125,-0.01438,0.00362,-0.01792,0.00230,-0.00029,-0.00089,0.56713,-0.00055,0.19997,0.00065,0.70601,-0.00009,0.70821,1,5,0.99609,0.01040,-0.06042,-0.06366,0.06335,0.04236,0.81133,0,0
1766094329.522167,0.00385,0.01705,-0.00288,0.00029,-0.00000,-0.00009,0.56713,-0.00055,0.19997,0.00065,0.70601,-0.00009,0.70821,1,5,0.99609,0.01040,-0.06042,-0.06366,0.06335,0.04236,0.81133,0,0
1766094329.524167,0.00444,0.00748,0.01241,0.00017,-0.00027,-0.00061,0.56713,-0.00055,0.19997,0.00065,0.70601,-0.00009,0.70821,1,5,0.99609,0.01040,-0.06042,-0.06366,0.06335,0.04236,0.81133,0,0
1766094329.526142,0.00462,0.00723,-0.01022,-0.00027,-0.00026,-0.00022,0.56713,-0.00055,0.19997,0.00065,0.70601,-0.00009,0.70821,1,5,0.99609,0.01040,-0.06042,-0.06366,0.06335,0.04236,0.81133,0,0
1766094329.528152,-0.00878,0.00461,-0.01769,0.00013,0.00042,0.00005,0.56713,-0.00055,0.19997,0.00065,0.70601,-0.00009,0.70821,1,5,0.99609,0.01040,-0.06042,-0.06366,0.06335,0.04236,0.81133,0,0
1766094329.530177,-0.00439,0.00285,-0.00998,0.00033,-0.00053,-0.00008,0.56713,-0.00055,0.19997,0.00065,0.70601,-0.00009,0.70821,1,5,0.99609,0.01040,-0.06042,-0.06366,0.06335,0.04236,0.81133,0,0
1766094329.532144,0.00344,-0.01182,-0.01741,0.00125,-0.00049,-0.00049,0.56713,-0.00055,0.19997,0.00065,0.70601,-0.00009,0.70821,1,5,0.99609,0.01040,-0.06042,-0.06366,0.06335,0.04236,0.81133,0,0
1766094329.534138,-0.00708,-0.00457,0.04330,-0.00085,-0.00062,-0.00043,0.56713,-0.00055,0.19997,0.00065,0.70601,-0.00009,0.70821,1,5,0.99609,0.01040,-0.06042,-0.06366,0.06335,0.04236,0.81133,0,0
1766094329.536134,-0.00282,-0.00053,0.00487,0.00247,0.00148,-0.00021,0.56713,-0.00055,0.19997,0.00065,0.70601,-0.00009,0.70821,1,5,0.99609,0.01040,-0.06042,-0.06366,0.06335,0.04236,0.81133,0,0
1766094329.538143,-0.01017,0.01064,-0.01817,0.00217,0.00003,-0.00089,0.56713,-0.00055,0.19997,0.00065,0.70601,-0.00009,0.70821,1,5,0.99617,0.01025,-0.05957,-0.06318,0.06336,0.04236,0.81140,0,0
1766094329.540141,-0.01319,0.00781,0.00483,0.00083,0.00007,-0.00060,0.56713,-0.00055,0.19997,0.00065,0.70601,-0.00009,0.70821,1,5,0.99617,0.01025,-0.05957,-0.06318,0.06336,0.04236,0.81140,0,0
1766094329.542198,-0.00014,-0.00058,-0.01013,0.00007,0.00056,-0.00022,0.56713,-0.00055,0.19997,0.00065,0.70601,-0.00009,0.70821,1,5,0.99617,0.01025,-0.05957,-0.06318,0.06336,0.04236,0.81140,0,0
1766094329.544175,-0.00518,-0.00299,0.01297,0.00048,0.00064,0.00048,0.56713,-0.00055,0.19997,0.00065,0.70601,-0.00009,0.70821,1,5,0.99617,0.01025,-0.05957,-0.06318,0.06336,0.04236,0.81140,0,0
1766094329.546180,0.00592,0.00015,-0.01038,0.00270,0.00048,-0.00063,0.56713,-0.00055,0.19997,0.00065,0.70601,-0.00009,0.70821,1,5,0.99617,0.01025,-0.05957,-0.06318,0.06336,0.04236,0.81140,0,0
1766094329.548178,0.00263,0.00223,-0.01797,0.00163,0.00065,-0.00050,0.56713,-0.00055,0.19997,0.00065,0.70601,-0.00009,0.70821,1,5,0.99617,0.01025,-0.05957,-0.06318,0.06336,0.04236,0.81140,0,0
1766094329.550165,-0.01759,0.00085,-0.02512,0.00096,-0.00049,-0.00021,0.56713,-0.00055,0.19997,0.00065,0.70601,-0.00009,0.70821,1,5,0.99617,0.01025,-0.05957,-0.06318,0.06336,0.04236,0.81140,0,0
1766094329.552169,-0.01776,-0.00288,0.01315,-0.00324,-0.00036,0.00009,0.56713,-0.00055,0.19997,0.00065,0.70601,-0.00009,0.70821,1,5,0.99617,0.01025,-0.05957,-0.06318,0.06336,0.04236,0.81140,0,0
1766094329.554183,-0.00569,-0.01215,-0.01751,0.00168,0.00038,-0.00049,0.56713,-0.00055,0.19997,0.00065,0.70601,-0.00009,0.70821,1,5,0.99617,0.01025,-0.05957,-0.06318,0.06336,0.04236,0.81140,0,0
1766094329.556172,-0.00145,-0.00022,0.02039,0.00117,0.00046,0.00021,0.56713,-0.00055,0.19997,0.00065,0.70601,-0.00009,0.70821,1,5,0.99617,0.01025,-0.05957,-0.06318,0.06336,0.04236,0.81140,0,0
1766094329.558169,-0.01424,-0.00729,-0.05567,0.00173,0.00074,-0.00065,0.56713,-0.00055,0.19997,0.00065,0.70601,-0.00009,0.70821,1,5,0.99617,0.01025,-0.05957,-0.06318,0.06336,0.04236,0.81140,0,0
1766094329.560155,0.00407,0.01762,-0.00277,0.00029,-0.00077,-0.00009,0.56713,-0.00055,0.19997,0.00065,0.70601,-0.00009,0.70821,1,5,0.99617,0.01025,-0.05957,-0.06318,0.06336,0.04236,0.81140,0,0
1766094329.562240,-0.01352,-0.00241,-0.01766,0.00092,0.00047,-0.00035,0.56713,-0.00055,0.19997,0.00065,0.70601,-0.00009,0.70821,1,5,0.99617,0.01025,-0.05957,-0.06318,0.06336,0.04236,0.81140,0,0
1766094329.564159,0.00359,0.00709,-0.01791,0.00060,0.00026,-0.00023,0.56713,-0.00055,0.19997,0.00065,0.70601,-0.00009,0.70821,1,5,0.99617,0.01025,-0.05957,-0.06318,0.06336,0.04236,0.81140,0,0
1766094329.566165,-0.00483,0.01659,-0.00296,0.00028,0.00086,-0.00008,0.56713,-0.00055,0.19997,0.00065,0.70601,-0.00009,0.70821,1,5,0.99617,0.01025,-0.05957,-0.06318,0.06336,0.04236,0.81140,0,0
1766094329.568186,-0.02031,-0.01474,-0.02507,0.00317,0.00145,-0.00022,0.56713,-0.00055,0.19997,0.00065,0.70601,-0.00009,0.70821,1,5,0.99617,0.01025,-0.05957,-0.06318,0.06336,0.04236,0.81140,0,0
1766094329.570165,-0.00775,0.00475,-0.01000,-0.00074,-0.00010,0.00006,0.56713,-0.00055,0.19997,0.00065,0.70601,-0.00009,0.70821,1,5,0.99617,0.01025,-0.05957,-0.06318,0.06336,0.04236,0.81140,0,0
1766094329.572167,-0.01005,-0.00964,-0.01751,0.00171,0.00044,-0.00035,0.56713,-0.00055,0.19997,0.00065,0.70601,-0.00009,0.70821,1,5,0.99617,0.01025,-0.05957,-0.06318,0.06336,0.04236,0.81140,0,0
1766094329.574155,-0.01398,0.00185,-0.01003,0.00076,0.00112,0.00033,0.56713,-0.00055,0.19997,0.00065,0.70601,-0.00009,0.70821,1,5,0.99617,0.01025,-0.05957,-0.06318,0.06336,0.04236,0.81140,0,0
1766094329.576184,0.00241,0.01165,0.00436,0.00175,0.00140,-0.00076,0.56713,-0.00055,0.19997,0.00065,0.70601,-0.00009,0.70821,1,5,0.99617,0.01025,-0.05957,-0.06318,0.06336,0.04236,0.81140,0,0
1766094329.578319,0.01255,0.00626,-0.00264,-0.00028,0.00067,0.00017,0.56713,-0.00055,0.19997,0.00065,0.70601,-0.00009,0.70821,1,5,0.99617,0.01025,-0.05957,-0.06318,0.06336,0.04236,0.81140,0,0
1766094329.580181,-0.00406,0.00324,0.02012,0.00055,-0.00067,-0.00086,0.56713,-0.00055,0.19997,0.00065,0.70601,-0.00009,0.70821,1,5,0.99617,0.01025,-0.05957,-0.06318,0.06336,0.04236,0.81140,0,0
1766094329.582182,-0.00544,-0.00561,0.02844,-0.00305,-0.00038,0.00036,0.56713,-0.00055,0.19997,0.00065,0.70601,-0.00009,0.70821,1,5,0.99617,0.01025,-0.05957,-0.06318,0.06336,0.04236,0.81140,0,0
1766094329.584179,0.01054,0.00988,0.02031,-0.00177,-0.00122,-0.00007,0.56713,-0.00055,0.19997,0.00065,0.70601,-0.00009,0.70821,1,5,0.99617,0.01025,-0.05957,-0.06318,0.06336,0.04236,0.81140,0,0
1766094329.586246,0.01958,-0.01073,0.00594,-0.00289,-0.00104,0.00086,0.56713,-0.00055,0.19997,0.00065,0.70601,-0.00009,0.70821,1,5,0.99615,0.01039,-0.06070,-0.06235,0.06335,0.04237,0.81140,0,0
1766094329.588301,-0.00521,0.00328,-0.01757,0.00121,-0.00077,-0.00008,0.56713,-0.00055,0.19997,0.00065,0.70601,-0.00009,0.70821,1,5,0.99615,0.01039,-0.06070,-0.06235,0.06335,0.04237,0.81140,0,0
1766094329.590189,-0.01145,0.00280,0.00532,-0.00098,-0.00070,-0.00006,0.56713,-0.00055,0.19997,0.00065,0.70601,-0.00009,0.70821,1,5,0.99615,0.01039,-0.06070,-0.06235,0.06335,0.04237,0.81140,0,0
1766094329.592410,-0.00373,0.01198,-0.01041,-0.00043,0.00022,-0.00035,0.56713,-0.00055,0.19997,0.00065,0.70601,-0.00009,0.70821,1,5,0.99615,0.01039,-0.06070,-0.06235,0.06335,0.04237,0.81140,0,0
1766094329.594189,-0.00538,0.00454,0.02052,-0.00293,-0.00064,0.00009,0.56713,-0.00055,0.19997,0.00065,0.70601,-0.00009,0.70821,1,5,0.99615,0.01039,-0.06070,-0.06235,0.06335,0.04237,0.81140,0,0
1766094329.596180,-0.01749,0.00985,0.05792,0.00063,0.00076,-0.00042,0.56713,-0.00055,0.19997,0.00065,0.70601,-0.00009,0.70821,1,5,0.99615,0.01039,-0.06070,-0.06235,0.06335,0.04237,0.81140,0,0
1766094329.598187,0.00468,-0.00822,0.02062,-0.00068,0.00039,0.00021,0.56713,-0.00055,0.19997,0.00065,0.70601,-0.00009,0.70821,1,5,0.99615,0.01039,-0.06070,-0.06235,0.06335,0.04237,0.81140,0,0
1766094329.600203,-0.00171,0.01541,-0.03340,0.00201,-0.00020,-0.00065,0.56713,-0.00055,0.19997,0.00065,0.70601,-0.00009,0.70821,1,5,0.99615,0.01039,-0.06070,-0.06235,0.06335,0.04237,0.81140,0,0
1766094329.602203,-0.00481,-0.00333,-0.00224,0.00004,0.00089,0.00046,0.56713,-0.00055,0.19997,0.00065,0.70601,-0.00009,0.70821,1,5,0.99615,0.01039,-0.06070,-0.06235,0.06335,0.04237,0.81140,0,0
1766094329.604291,0.00764,0.00434,0.01259,0.00057,0.00047,0.00006,0.56713,-0.00055,0.19997,0.00065,0.70601,-0.00009,0.70821,1,5,0.99615,0.01039,-0.06070,-0.06235,0.06335,0.04237,0.81140,0,0
1766094329.606227,-0.00632,0.01293,-0.01805,0.00220,-0.00001,-0.00036,0.56713,-0.00055,0.19997,0.00065,0.70601,-0.00009,0.70821,1,5,0.99615,0.01039,-0.06070,-0.06235,0.06335,0.04237,0.81140,0,0
1766094329.608204,-0.01023,-0.00947,-0.00990,0.00193,0.00031,-0.00034,0.56713,-0.00055,0.19997,0.00065,0.70601,-0.00009,0.70821,1,5,0.99615,0.01039,-0.06070,-0.06235,0.06335,0.04237,0.81140,0,0
1766094329.610203,-0.00006,0.00445,-0.02512,-0.00030,0.00006,0.00044,0.56713,-0.00055,0.19997,0.00065,0.70601,-0.00009,0.70821,1,5,0.99615,0.01039,-0.06070,-0.06235,0.06335,0.04237,0.81140,0,0
1766094329.612198,-0.00991,-0.00928,-0.03263,0.00171,-0.00007,-0.00036,0.56713,-0.00055,0.19997,0.00065,0.70601,-0.00009,0.70821,1,5,0.99615,0.01039,-0.06070,-0.06235,0.06335,0.04237,0.81140,0,0
1766094329.614198,-0.00995,0.01475,-0.04848,0.00135,0.00055,-0.00025,0.56713,-0.00055,0.19997,0.00065,0.70601,-0.00009,0.70821,1,5,0.99615,0.01039,-0.06070,-0.06235,0.06335,0.04237,0.81140,0,0
1766094329.616234,-0.01276,-0.00296,0.04306,0.00004,0.00097,-0.00030,0.56713,-0.00055,0.19997,0.00065,0.70601,-0.00009,0.70821,1,5,0.99615,0.01039,-0.06070,-0.06235,0.06335,0.04237,0.81140,0,0
1766094329.618304,-0.01003,0.01503,-0.01011,0.00113,-0.00008,0.00059,0.56713,-0.00055,0.19997,0.00065,0.70601,-0.00009,0.70821,1,5,0.99615,0.01039,-0.06070,-0.06235,0.06335,0.04237,0.81140,0,0
1766094329.620290,-0.00929,0.00957,0.01246,0.00063,0.00067,-0.00006,0.56713,-0.00055,0.19997,0.00065,0.70601,-0.00009,0.70821,1,5,0.99615,0.01039,-0.06070,-0.06235,0.06335,0.04237,0.81140,0,0
1766094329.622303,-0.00440,-0.00208,-0.01757,0.00049,-0.00040,-0.00035,0.56713,-0.00055,0.19997,0.00065,0.70601,-0.00009,0.70821,1,5,0.99615,0.01039,-0.06070,-0.06235,0.06335,0.04237,0.81140,0,0
1766094329.624285,-0.00065,0.01426,0.00465,0.00047,0.00068,-0.00021,0.56713,-0.00055,0.19997,0.00065,0.70601,-0.00009,0.70821,1,5,0.99602,0.01082,-0.05958,-0.06543,0.06335,0.04237,0.81128,0,0
1766094329.626207,0.00012,-0.00556,-0.02512,-0.00021,0.00044,-0.00010,0.56713,-0.00055,0.19997,0.00065,0.70601,-0.00009,0.70821,1,5,0.99602,0.01082,-0.05958,-0.06543,0.06335,0.04237,0.81128,0,0
1766094329.628284,0.00682,-0.00278,0.02827,-0.00236,-0.00091,0.00008,0.56713,-0.00055,0.19997,0.00065,0.70601,-0.00009,0.70821,1,5,0.99602,0.01082,-0.05958,-0.06543,0.06335,0.04237,0.81128,0,0
1766094329.630443,0.00086,0.00382,0.01246,-0.00097,0.00093,-0.00034,0.56713,-0.00055,0.19997,0.00065,0.70601,-0.00009,0.70821,1,5,0.99602,0.01082,-0.05958,-0.06543,0.06335,0.04237,0.81128,0,0
1766094329.632202,0.00813,0.01433,-0.01810,0.00025,0.00020,-0.00024,0.56713,-0.00055,0.19997,0.00065,0.70601,-0.00009,0.70821,1,5,0.99602,0.01082,-0.05958,-0.06543,0.06335,0.04237,0.81128,0,0
1766094329.634223,-0.00457,0.00672,-0.00275,0.00016,0.00087,-0.00021,0.56713,-0.00055,0.19997,0.00065,0.70601,-0.00009,0.70821,1,5,0.99602,0.01082,-0.05958,-0.06543,0.06335,0.04237,0.81128,0,0
1766094329.636246,-0.01723,-0.00512,0.02050,0.00023,0.00065,-0.00004,0.56713,-0.00055,0.19997,0.00065,0.70601,-0.00009,0.70821,1,5,0.99602,0.01082,-0.05958,-0.06543,0.06335,0.04237,0.81128,0,0
1766094329.638232,-0.01363,0.00284,-0.03281,0.00099,-0.00003,-0.00009,0.56713,-0.00055,0.19997,0.00065,0.70601,-0.00009,0.70821,1,5,0.99602,0.01082,-0.05958,-0.06543,0.06335,0.04237,0.81128,0,0
1766094329.640224,-0.00950,0.01964,-0.02586,0.00097,0.00053,-0.00037,0.56713,-0.00055,0.19997,0.00065,0.70601,-0.00009,0.70821,1,5,0.99602,0.01082,-0.05958,-0.06543,0.06335,0.04237,0.81128,0,0
1766094329.642223,-0.00445,0.01122,-0.01022,-0.00044,0.00100,0.00045,0.56713,-0.00055,0.19997,0.00065,0.70601,-0.00009,0.70821,1,5,0.99602,0.01082,-0.05958,-0.06543,0.06335,0.04237,0.81128,0,0
1766094329.644217,-0.00197,-0.01022,-0.00227,0.00170,0.00085,0.00006,0.56713,-0.00055,0.19997,0.00065,0.70601,-0.00009,0.70821,1,5,0.99602,0.01082,-0.05958,-0.06543,0.06335,0.04237,0.81128,0,0
1766094329.646225,-0.01434,0.00301,-0.02542,0.00186,0.00022,-0.00049,0.56713,-0.00055,0.19997,0.00065,0.70601,-0.00009,0.70821,1,5,0.99602,0.01082,-0.05958,-0.06543,0.06335,0.04237,0.81128,0,0
1766094329.648218,-0.02253,-0.01177,-0.01724,0.00146,0.00021,-0.00007,0.56713,-0.00055,0.19997,0.00065,0.70601,-0.00009,0.70821,1,5,0.99602,0.01082,-0.05958,-0.06543,0.06335,0.04237,0.81128,0,0
1766094329.650221,-0.00117,0.01907,-0.02579,0.00075,0.00082,0.00003,0.56713,-0.00055,0.19997,0.00065,0.70601,-0.00009,0.70821,1,5,0.99602,0.01082,-0.05958,-0.06543,0.06335,0.04237,0.81128,0,0
1766094329.652324,0.01243,0.00168,-0.01018,0.00010,0.00041,-0.00010,0.56713,-0.00055,0.19997,0.00065,0.70601,-0.00009,0.70821,1,5,0.99602,0.01082,-0.05958,-0.06543,0.06335,0.04237,0.81128,0,0
1766094329.654331,0.00404,0.00691,-0.01013,-0.00006,0.00013,0.00018,0.56713,-0.00055,0.19997,0.00065,0.70601,-0.00009,0.70821,1,5,0.99602,0.01082,-0.05958,-0.06543,0.06335,0.04237,0.81128,0,0
1766094329.656315,-0.00578,0.00177,-0.00266,0.00119,0.00127,-0.00008,0.56713,-0.00055,0.19997,0.00065,0.70601,-0.00009,0.70821,1,5,0.99602,0.01082,-0.05958,-0.06543,0.06335,0.04237,0.81128,0,0
1766094329.658227,-0.02282,-0.01623,-0.00941,0.00185,-0.00029,0.00008,0.56713,-0.00055,0.19997,0.00065,0.70601,-0.00009,0.70821,1,5,0.99602,0.01082,-0.05958,-0.06543,0.06335,0.04237,0.81128,0,0
1766094329.660247,-0.00886,0.01937,-0.01067,0.00031,0.00065,-0.00035,0.56713,-0.00055,0.19997,0.00065,0.70601,-0.00009,0.70821,1,5,0.99616,0.01024,-0.05949,-0.06336,0.06335,0.04236,0.81133,0,0
1766094329.662244,0.00002,0.00964,-0.01007,-0.00024,-0.00020,0.00032,0.56713,-0.00055,0.19997,0.00065,0.70601,-0.00009,0.70821,1,5,0.99616,0.01024,-0.05949,-0.06336,0.06335,0.04236,0.81133,0,0
1766094329.664248,-0.00859,0.01447,0.01992,0.00003,0.00053,-0.00019,0.56713,-0.00055,0.19997,0.00065,0.70601,-0.00009,0.70821,1,5,0.99616,0.01024,-0.05949,-0.06336,0.06335,0.04236,0.81133,0,0
1766094329.666257,-0.00923,-0.01506,-0.00974,0.00077,0.00069,-0.00021,0.56713,-0.00055,0.19997,0.00065,0.70601,-0.00009,0.70821,1,5,0.99616,0.01024,-0.05949,-0.06336,0.06335,0.04236,0.81133,0,0
1766094329.668364,0.01569,0.01742,0.05058,-0.00255,-0.00180,-0.00005,0.56713,-0.00055,0.19997,0.00065,0.70601,-0.00009,0.70821,1,5,0.99616,0.01024,-0.05949,-0.06336,0.06335,0.04236,0.81133,0,0
1766094329.670363,0.01330,0.02258,-0.00290,-0.00030,-0.00127,-0.00023,0.56713,-0.00055,0.19997,0.00065,0.70601,-0.00009,0.70821,1,5,0.99616,0.01024,-0.05949,-0.06336,0.06335,0.04236,0.81133,0,0
1766094329.672255,-0.00827,0.00967,-0.00263,-0.00024,0.00015,-0.00007,0.56713,-0.00055,0.19997,0.00065,0.70601,-0.00009,0.70821,1,5,0.99616,0.01024,-0.05949,-0.06336,0.06335,0.04236,0.81133,0,0
1766094329.674267,0.01763,-0.00047,-0.00265,-0.00036,-0.00016,-0.00063,0.56713,-0.00055,0.19997,0.00065,0.70601,-0.00009,0.70821,1,5,0.99616,0.01024,-0.05949,-0.06336,0.06335,0.04236,0.81133,0,0
1766094329.676245,-0.01003,0.02372,-0.01067,0.00080,0.00143,0.00032,0.56713,-0.00055,0.19997,0.00065,0.70601,-0.00009,0.70821,1,5,0.99616,0.01024,-0.05949,-0.06336,0.06335,0.04236,0.81133,0,0
1766094329.678319,0.00851,0.00406,-0.01017,-0.00031,0.00046,0.00004,0.56713,-0.00055,0.19997,0.00065,0.70601,-0.00009,0.70821,1,5,0.99616,0.01024,-0.05949,-0.06336,0.06335,0.04236,0.81133,0,0
1766094329.680334,0.00801,0.01383,-0.01023,-0.00019,0.00047,0.00058,0.56713,-0.00055,0.19997,0.00065,0.70601,-0.00009,0.70821,1,5,0.99616,0.01024,-0.05949,-0.06336,0.06335,0.04236,0.81133,0,0
1766094329.682326,-0.00874,-0.00441,0.04320,0.00068,-0.00022,-0.00044,0.56713,-0.00055,0.19997,0.00065,0.70601,-0.00009,0.70821,1,5,0.99616,0.01024,-0.05949,-0.06336,0.06335,0.04236,0.81133,0,0
1766094329.684328,-0.01931,-0.00913,-0.01730,0.00237,0.00017,0.00006,0.56713,-0.00055,0.19997,0.00065,0.70601,-0.00009,0.70821,1,5,0.99616,0.01024,-0.05949,-0.06336,0.06335,0.04236,0.81133,0,0
1766094329.686349,-0.02199,0.00768,-0.01799,0.00104,0.00056,-0.00061,0.56713,-0.00055,0.19997,0.00065,0.70601,-0.00009,0.70821,1,5,0.99616,0.01024,-0.05949,-0.06336,0.06335,0.04236,0.81133,0,0
1766094329.688327,-0.00545,0.00934,0.02791,-0.00287,-0.00039,-0.00004,0.56713,-0.00055,0.19997,0.00065,0.70601,-0.00009,0.70821,1,5,0.99616,0.01024,-0.05949,-0.06336,0.06335,0.04236,0.81133,0,0
1766094329.690329,-0.01859,-0.00483,-0.04790,0.00155,0.00067,-0.00010,0.56713,-0.00055,0.19997,0.00065,0.70601,-0.00009,0.70821,1,5,0.99616,0.01024,-0.05949,-0.06336,0.06335,0.04236,0.81133,0,0
1766094329.692354,0.00277,-0.01227,-0.01753,0.00168,0.00028,-0.00050,0.56713,-0.00055,0.19997,0.00065,0.70601,-0.00009,0.70821,1,5,0.99616,0.01024,-0.05949,-0.06336,0.06335,0.04236,0.81133,0,0
1766094329.694355,-0.00620,0.00497,0.01294,-0.00205,-0.00089,0.00008,0.56713,-0.00055,0.19997,0.00065,0.70601,-0.00009,0.70821,1,5,0.99616,0.01024,-0.05949,-0.06336,0.06335,0.04236,0.81133,0,0
1766094329.696288,0.00731,0.01403,0.01994,0.00069,0.00072,0.00019,0.56713,-0.00055,0.19997,0.00065,0.70601,-0.00009,0.70821,1,5,0.99601,0.01064,-0.05895,-0.06611,0.06334,0.04236,0.81121,0,0
1766094329.698274,0.00790,0.02499,-0.01837,0.00082,-0.00057,-0.00051,0.56713,-0.00055,0.19997,0.00065,0.70601,-0.00009,0.70821,1,5,0.99601,0.01064,-0.05895,-0.06611,0.06334,0.04236,0.81121,0,0
1766094329.700284,-0.01889,0.00064,-0.06322,0.00205,0.00016,-0.00025,0.56713,-0.00055,0.19997,0.00065,0.70601,-0.00009,0.70821,1,5,0.99601,0.01064,-0.05895,-0.06611,0.06334,0.04236,0.81121,0,0
1766094329.702281,-0.01392,-0.00416,0.02090,-0.00238,-0.00168,-0.00003,0.56713,-0.00055,0.19997,0.00065,0.70601,-0.00009,0.70821,1,5,0.99601,0.01064,-0.05895,-0.06611,0.06334,0.04236,0.81121,0,0
1766094329.704274,-0.00476,0.02175,-0.01069,0.00034,0.00060,-0.00022,0.56713,-0.00055,0.19997,0.00065,0.70601,-0.00009,0.70821,1,5,0.99601,0.01064,-0.05895,-0.06611,0.06334,0.04236,0.81121,0,0
1766094329.706310,-0.00544,-0.00217,-0.03303,0.00158,0.00024,-0.00077,0.56713,-0.00055,0.19997,0.00065,0.70601,-0.00009,0.70821,1,5,0.99601,0.01064,-0.05895,-0.06611,0.06334,0.04236,0.81121,0,0
1766094329.708274,-0.00430,0.00170,-0.00997,-0.00034,0.00062,0.00032,0.56713,-0.00055,0.19997,0.00065,0.70601,-0.00009,0.70821,1,5,0.99601,0.01064,-0.05895,-0.06611,0.06334,0.04236,0.81121,0,0
1766094329.710268,-0.00927,-0.00727,-0.00177,-0.00307,-0.00134,0.00021,0.56713,-0.00055,0.19997,0.00065,0.70601,-0.00009,0.70821,1,5,0.99601,0.01064,-0.05895,-0.06611,0.06334,0.04236,0.81121,0,0
1766094329.712274,-0.00893,0.00923,-0.00275,0.00019,0.00092,-0.00008,0.56713,-0.00055,0.19997,0.00065,0.70601,-0.00009,0.70821,1,5,0.99601,0.01064,-0.05895,-0.06611,0.06334,0.04236,0.81121,0,0
1766094329.714351,-0.00131,-0.00977,-0.00215,0.00127,0.00008,0.00006,0.56713,-0.00055,0.19997,0.00065,0.70601,-0.00009,0.70821,1,5,0.99601,0.01064,-0.05895,-0.06611,0.06334,0.04236,0.81121,0,0
1766094329.716272,-0.02153,-0.01226,0.02055,0.00058,0.00070,-0.00044,0.56713,-0.00055,0.19997,0.00065,0.70601,-0.00009,0.70821,1,5,0.99601,0.01064,-0.05895,-0.06611,0.06334,0.04236,0.81121,0,0
1766094329.718264,-0.00443,0.00708,-0.01787,0.00016,0.00036,-0.00022,0.56713,-0.00055,0.19997,0.00065,0.70601,-0.00009,0.70821,1,5,0.99601,0.01064,-0.05895,-0.06611,0.06334,0.04236,0.81121,0,0
1766094329.720279,0.00897,0.02457,-0.02595,-0.00028,-0.00046,-0.00051,0.56713,-0.00055,0.19997,0.00065,0.70601,-0.00009,0.70821,1,5,0.99601,0.01064,-0.05895,-0.06611,0.06334,0.04236,0.81121,0,0
1766094329.722357,0.00800,-0.00591,-0.01004,0.00023,0.00085,-0.00009,0.56713,-0.00055,0.19997,0.00065,0.70601,-0.00009,0.70821,1,5,0.99601,0.01064,-0.05895,-0.06611,0.06334,0.04236,0.81121,0,0
1766094329.724371,-0.00528,-0.00183,-0.01759,0.00137,-0.00039,-0.00035,0.56713,-0.00055,0.19997,0.00065,0.70601,-0.00009,0.70821,1,5,0.99601,0.01064,-0.05895,-0.06611,0.06334,0.04236,0.81121,0,0
1766094329.726410,0.00276,0.00545,0.05119,-0.00248,-0.00201,0.00051,0.56713,-0.00055,0.19997,0.00065,0.70601,-0.00009,0.70821,1,5,0.99601,0.01064,-0.05895,-0.06611,0.06334,0.04236,0.81121,0,0
1766094329.728363,-0.00033,0.01445,-0.01808,0.00025,0.00030,-0.00023,0.56713,-0.00055,0.19997,0.00065,0.70601,-0.00009,0.70821,1,5,0.99601,0.01064,-0.05895,-0.06611,0.06334,0.04236,0.81121,0,0
1766094329.730276,-0.00519,0.00187,-0.02502,0.00032,0.00051,0.00071,0.56713,-0.00055,0.19997,0.00065,0.70601,-0.00009,0.70821,1,5,0.99601,0.01064,-0.05895,-0.06611,0.06334,0.04236,0.81121,0,0
1766094329.732289,-0.01325,-0.01233,-0.00968,0.00058,0.00035,-0.00007,0.56713,-0.00055,0.19997,0.00065,0.70601,-0.00009,0.70821,1,5,0.99617,0.01045,-0.06028,-0.06255,0.06335,0.04235,0.81120,0,0
1766094329.734285,0.00810,0.00490,-0.02526,0.00036,-0.00042,0.00003,0.56713,-0.00055,0.19997,0.00065,0.70601,-0.00009,0.70821,1,5,0.99617,0.01045,-0.06028,-0.06255,0.06335,0.04235,0.81120,0,0
1766094329.736286,-0.02108,-0.00746,0.02815,-0.00001,0.00057,-0.00017,0.56713,-0.00055,0.19997,0.00065,0.70601,-0.00009,0.70821,1,5,0.99617,0.01045,-0.06028,-0.06255,0.06335,0.04235,0.81120,0,0
1766094329.738286,-0.01109,0.01998,-0.03352,0.00250,0.00068,-0.00037,0.56713,-0.00055,0.19997,0.00065,0.70601,-0.00009,0.70821,1,5,0.99617,0.01045,-0.06028,-0.06255,0.06335,0.04235,0.81120,0,0
1766094329.740379,-0.01566,-0.00159,-0.02529,0.00312,0.00024,-0.00036,0.56713,-0.00055,0.19997,0.00065,0.70601,-0.00009,0.70821,1,5,0.99617,0.01045,-0.06028,-0.06255,0.06335,0.04235,0.81120,0,0
1766094329.742298,-0.01862,-0.00427,-0.03263,0.00177,0.00003,-0.00008,0.56713,-0.00055,0.19997,0.00065,0.70601,-0.00009,0.70821,1,5,0.99617,0.01045,-0.06028,-0.06255,0.06335,0.04235,0.81120,0,0
1766094329.744293,0.00477,0.00183,0.02824,-0.00099,-0.00012,0.00075,0.56713,-0.00055,0.19997,0.00065,0.70601,-0.00009,0.70821,1,5,0.99617,0.01045,-0.06028,-0.06255,0.06335,0.04235,0.81120,0,0
1766094329.746312,-0.01391,-0.01278,-0.00980,0.00101,0.00112,-0.00007,0.56713,-0.00055,0.19997,0.00065,0.70601,-0.00009,0.70821,1,5,0.99617,0.01045,-0.06028,-0.06255,0.06335,0.04235,0.81120,0,0
1766094329.748439,0.00372,-0.00817,0.00537,0.00020,0.00066,0.00019,0.56713,-0.00055,0.19997,0.00065,0.70601,-0.00009,0.70821,1,5,0.99617,0.01045,-0.06028,-0.06255,0.06335,0.04235,0.81120,0,0
1766094329.750306,-0.00170,0.00283,-0.00218,-0.00207,-0.00145,-0.00007,0.56713,-0.00055,0.19997,0.00065,0.70601,-0.00009,0.70821,1,5,0.99617,0.01045,-0.06028,-0.06255,0.06335,0.04235,0.81120,0,0
1766094329.752308,0.01218,0.01150,-0.00263,0.00000,0.00029,0.00044,0.56713,-0.00055,0.19997,0.00065,0.70601,-0.00009,0.70821,1,5,0.99617,0.01045,-0.06028,-0.06255,0.06335,0.04235,0.81120,0,0
1766094329.754308,-0.01400,-0.00936,0.00585,-0.00244,-0.00141,0.00009,0.56713,-0.00055,0.19997,0.00065,0.70601,-0.00009,0.70821,1,5,0.99617,0.01045,-0.06028,-0.06255,0.06335,0.04235,0.81120,0,0
1766094329.756305,0.01158,0.00758,-0.01770,0.00105,-0.00059,0.00017,0.56713,-0.00055,0.19997,0.00065,0.70601,-0.00009,0.70821,1,5,0.99617,0.01045,-0.06028,-0.06255,0.06335,0.04235,0.81120,0,0
1766094329.758302,-0.00991,-0.00430,-0.03281,0.00177,-0.00008,-0.00050,0.56713,-0.00055,0.19997,0.00065,0.70601,-0.00009,0.70821,1,5,0.99617,0.01045,-0.06028,-0.06255,0.06335,0.04235,0.81120,0,0
1766094329.760309,-0.00072,-0.00090,-0.01004,0.00029,0.00096,0.00018,0.56713,-0.00055,0.19997,0.00065,0.70601,-0.00009,0.70821,1,5,0.99617,0.01045,-0.06028,-0.06255,0.06335,0.04235,0.81120,0,0
1766094329.762313,-0.00028,0.01387,-0.00279,-0.00019,0.00081,0.00018,0.56713,-0.00055,0.19997,0.00065,0.70601,-0.00009,0.70821,1,5,0.99617,0.01045,-0.06028,-0.06255,0.06335,0.04235,0.81120,0,0
1766094329.764321,0.00006,-0.00077,0.01282,-0.00037,0.00057,0.00020,0.56713,-0.00055,0.19997,0.00065,0.70601,-0.00009,0.70821,1,5,0.99617,0.01045,-0.06028,-0.06255,0.06335,0.04235,0.81120,0,0
1766094329.766325,-0.01861,0.00812,0.04327,-0.00201,-0.00125,-0.00015,0.56713,-0.00055,0.19997,0.00065,0.70601,-0.00009,0.70821,1,5,0.99617,0.01045,-0.06028,-0.06255,0.06335,0.04235,0.81120,0,0
1766094329.768325,-0.00170,0.00047,-0.03286,0.00183,-0.00018,-0.00024,0.56713,-0.00055,0.19997,0.00065,0.70601,-0.00009,0.70821,1,5,0.99617,0.01045,-0.06028,-0.06255,0.06335,0.04235,0.81120,0,0
1766094329.770325,-0.00021,-0.00076,-0.00257,0.00007,0.00082,-0.00022,0.56713,-0.00055,0.19997,0.00065,0.70601,-0.00009,0.70821,1,5,0.99617,0.01045,-0.06028,-0.06255,0.06335,0.04235,0.81120,0,0
1766094329.772326,-0.00058,0.00946,-0.00273,0.00041,0.00044,-0.00008,0.56713,-0.00055,0.19997,0.00065,0.70601,-0.00009,0.70821,1,5,0.99622,0.01049,-0.06007,-0.06188,0.06336,0.04236,0.81143,0,0
1766094329.774353,-0.00050,-0.00024,0.00509,0.00051,0.00031,-0.00021,0.56713,-0.00055,0.19997,0.00065,0.70601,-0.00009,0.70821,1,5,0.99622,0.01049,-0.06007,-0.06188,0.06336,0.04236,0.81143,0,0
1766094329.776338,-0.02547,-0.01920,0.05121,0.00050,0.00024,-0.00041,0.56713,-0.00055,0.19997,0.00065,0.70601,-0.00009,0.70821,1,5,0.99622,0.01049,-0.06007,-0.06188,0.06336,0.04236,0.81143,0,0
1766094329.778400,-0.00913,0.01072,-0.00271,0.00108,-0.00061,-0.00048,0.56713,-0.00055,0.19997,0.00065,0.70601,-0.00009,0.70821,1,5,0.99622,0.01049,-0.06007,-0.06188,0.06336,0.04236,0.81143,0,0
1766094329.780335,0.00277,-0.01728,-0.04014,0.00162,0.00029,-0.00038,0.56713,-0.00055,0.19997,0.00065,0.70601,-0.00009,0.70821,1,5,0.99622,0.01049,-0.06007,-0.06188,0.06336,0.04236,0.81143,0,0
1766094329.782343,-0.01827,-0.01525,-0.00963,0.00098,0.00118,0.00020,0.56713,-0.00055,0.19997,0.00065,0.70601,-0.00009,0.70821,1,5,0.99622,0.01049,-0.06007,-0.06188,0.06336,0.04236,0.81143,0,0
1766094329.784340,-0.01427,0.00319,-0.03299,0.00186,-0.00003,-0.00050,0.56713,-0.00055,0.19997,0.00065,0.70601,-0.00009,0.70821,1,5,0.99622,0.01049,-0.06007,-0.06188,0.06336,0.04236,0.81143,0,0
1766094329.786341,-0.00795,-0.00495,-0.01757,-0.00020,0.00002,-0.00048,0.56713,-0.00055,0.19997,0.00065,0.70601,-0.00009,0.70821,1,5,0.99622,0.01049,-0.06007,-0.06188,0.06336,0.04236,0.81143,0,0
1766094329.788342,-0.00990,0.01055,-0.01780,0.00152,-0.00034,-0.00008,0.56713,-0.00055,0.19997,0.00065,0.70601,-0.00009,0.70821,1,5,0.99622,0.01049,-0.06007,-0.06188,0.06336,0.04236,0.81143,0,0
1766094329.790337,-0.00467,0.01204,0.02768,0.00022,0.00036,0.00008,0.56713,-0.00055,0.19997,0.00065,0.70601,-0.00009,0.70821,1,5,0.99622,0.01049,-0.06007,-0.06188,0.06336,0.04236,0.81143,0,0
1766094329.792328,0.01254,0.00252,-0.02505,0.00011,-0.00085,0.00030,0.56713,-0.00055,0.19997,0.00065,0.70601,-0.00009,0.70821,1,5,0.99622,0.01049,-0.06007,-0.06188,0.06336,0.04236,0.81143,0,0
1766094329.794544,0.00259,-0.01221,-0.04773,0.00168,0.00004,-0.00012,0.56713,-0.00055,0.19997,0.00065,0.70601,-0.00009,0.70821,1,5,0.99622,0.01049,-0.06007,-0.06188,0.06336,0.04236,0.81143,0,0
1766094329.796384,-0.00856,-0.00589,0.01261,0.00001,0.00143,-0.00046,0.56713,-0.00055,0.19997,0.00065,0.70601,-0.00009,0.70821,1,5,0.99622,0.01049,-0.06007,-0.06188,0.06336,0.04236,0.81143,0,0
1766094329.798433,0.00225,-0.00089,0.03593,-0.00255,-0.00021,0.00063,0.56713,-0.00055,0.19997,0.00065,0.70601,-0.00009,0.70821,1,5,0.99622,0.01049,-0.06007,-0.06188,0.06336,0.04236,0.81143,0,0
1766094329.800397,-0.00113,-0.00003,-0.00234,0.00095,0.00007,0.00019,0.56713,-0.00055,0.19997,0.00065,0.70601,-0.00009,0.70821,1,5,0.99622,0.01049,-0.06007,-0.06188,0.06336,0.04236,0.81143,0,0
1766094329.802333,-0.01001,-0.01881,-0.01721,0.00203,-0.00032,-0.00048,0.56713,-0.00055,0.19997,0.00065,0.70601,-0.00009,0.70821,1,5,0.99622,0.01049,-0.06007,-0.06188,0.06336,0.04236,0.81143,0,0
1766094329.804327,-0.01357,-0.01025,0.02871,-0.00332,-0.00065,0.00051,0.56713,-0.00055,0.19997,0.00065,0.70601,-0.00009,0.70821,1,5,0.99622,0.01049,-0.06007,-0.06188,0.06336,0.04236,0.81143,0,0
1766094329.806357,-0.02324,0.00492,0.07369,-0.00205,-0.00018,0.00014,0.56713,-0.00055,0.19997,0.00065,0.70601,-0.00009,0.70821,1,5,0.99622,0.01049,-0.06007,-0.06188,0.06336,0.04236,0.81143,0,0
1766094329.808356,-0.00569,-0.00717,-0.01768,0.00174,0.00038,-0.00062,0.56713,-0.00055,0.19997,0.00065,0.70601,-0.00009,0.70821,1,5,0.99617,0.01052,-0.05929,-0.06341,0.06337,0.04238,0.81155,0,0
1766094329.810363,-0.00638,-0.00212,0.00506,0.00224,0.00038,-0.00034,0.56713,-0.00055,0.19997,0.00065,0.70601,-0.00009,0.70821,1,5,0.99617,0.01052,-0.05929,-0.06341,0.06337,0.04238,0.81155,0,0
1766094329.812464,-0.00567,-0.00228,-0.00233,0.00136,0.00013,0.00006,0.56713,-0.00055,0.19997,0.00065,0.70601,-0.00009,0.70821,1,5,0.99617,0.01052,-0.05929,-0.06341,0.06337,0.04238,0.81155,0,0
1766094329.814409,-0.02217,0.00776,-0.02540,0.00104,0.00032,-0.00021,0.56713,-0.00055,0.19997,0.00065,0.70601,-0.00009,0.70821,1,5,0.99617,0.01052,-0.05929,-0.06341,0.06337,0.04238,0.81155,0,0
1766094329.816442,-0.00589,0.00212,-0.00261,0.00141,0.00089,-0.00008,0.56713,-0.00055,0.19997,0.00065,0.70601,-0.00009,0.70821,1,5,0.99617,0.01052,-0.05929,-0.06341,0.06337,0.04238,0.81155,0,0
1766094329.818380,-0.00079,0.01880,0.00458,0.00031,0.00107,0.00005,0.56713,-0.00055,0.19997,0.00065,0.70601,-0.00009,0.70821,1,5,0.99617,0.01052,-0.05929,-0.06341,0.06337,0.04238,0.81155,0,0
1766094329.820384,-0.00974,0.00468,-0.01016,0.00101,0.00068,0.00006,0.56713,-0.00055,0.19997,0.00065,0.70601,-0.00009,0.70821,1,5,0.99617,0.01052,-0.05929,-0.06341,0.06337,0.04238,0.81155,0,0
1766094329.822368,0.00398,-0.00813,0.01299,-0.00002,0.00053,0.00020,0.56713,-0.00055,0.19997,0.00065,0.70601,-0.00009,0.70821,1,5,0.99617,0.01052,-0.05929,-0.06341,0.06337,0.04238,0.81155,0,0
1766094329.824363,-0.00033,-0.00415,-0.02493,0.00068,-0.00108,-0.00009,0.56713,-0.00055,0.19997,0.00065,0.70601,-0.00009,0.70821,1,5,0.99617,0.01052,-0.05929,-0.06341,0.06337,0.04238,0.81155,0,0
1766094329.826363,0.00705,0.00489,-0.02570,0.00167,0.00034,-0.00078,0.56713,-0.00055,0.19997,0.00065,0.70601,-0.00009,0.70821,1,5,0.99617,0.01052,-0.05929,-0.06341,0.06337,0.04238,0.81155,0,0
1766094329.828356,-0.00182,0.00743,0.04331,-0.00223,-0.00107,0.00023,0.56713,-0.00055,0.19997,0.00065,0.70601,-0.00009,0.70821,1,5,0.99617,0.01052,-0.05929,-0.06341,0.06337,0.04238,0.81155,0,0
1766094329.830371,-0.01355,-0.00181,0.02040,0.00115,-0.00017,-0.00032,0.56713,-0.00055,0.19997,0.00065,0.70601,-0.00009,0.70821,1,5,0.99617,0.01052,-0.05929,-0.06341,0.06337,0.04238,0.81155,0,0
1766094329.832401,-0.00987,0.00513,-0.02565,0.00167,0.00054,-0.00077,0.56713,-0.00055,0.19997,0.00065,0.70601,-0.00009,0.70821,1,5,0.99617,0.01052,-0.05929,-0.06341,0.06337,0.04238,0.81155,0,0
1766094329.834378,0.00441,0.00167,-0.01014,-0.00034,0.00051,-0.00009,0.56713,-0.00055,0.19997,0.00065,0.70601,-0.00009,0.70821,1,5,0.99617,0.01052,-0.05929,-0.06341,0.06337,0.04238,0.81155,0,0
1766094329.836380,-0.00493,0.00706,0.01247,0.00060,0.00061,-0.00020,0.56713,-0.00055,0.19997,0.00065,0.70601,-0.00009,0.70821,1,5,0.99617,0.01052,-0.05929,-0.06341,0.06337,0.04238,0.81155,0,0
1766094329.838385,-0.00964,-0.01422,-0.02483,0.00143,-0.00020,-0.00022,0.56713,-0.00055,0.19997,0.00065,0.70601,-0.00009,0.70821,1,5,0.99617,0.01052,-0.05929,-0.06341,0.06337,0.04238,0.81155,0,0
1766094329.840375,-0.00095,0.02466,-0.00307,0.00081,0.00005,-0.00009,0.56713,-0.00055,0.19997,0.00065,0.70601,-0.00009,0.70821,1,5,0.99617,0.01052,-0.05929,-0.06341,0.06337,0.04238,0.81155,0,0
1766094329.842386,-0.00181,-0.00408,-0.01762,0.00221,-0.00043,-0.00049,0.56713,-0.00055,0.19997,0.00065,0.70601,-0.00009,0.70821,1,5,0.99617,0.01052,-0.05929,-0.06341,0.06337,0.04238,0.81155,0,0
1766094329.844376,-0.00920,-0.00945,-0.04001,0.00084,-0.00033,0.00004,0.56713,-0.00055,0.19997,0.00065,0.70601,-0.00009,0.70821,1,5,0.99602,0.01069,-0.06063,-0.06444,0.06336,0.04238,0.81143,0,0
1766094329.846380,-0.01453,0.00816,-0.01800,0.00214,0.00009,-0.00062,0.56713,-0.00055,0.19997,0.00065,0.70601,-0.00009,0.70821,1,5,0.99602,0.01069,-0.06063,-0.06444,0.06336,0.04238,0.81143,0,0
1766094329.848819,-0.00057,-0.00042,0.01265,0.00051,0.00057,-0.00020,0.56713,-0.00055,0.19997,0.00065,0.70601,-0.00009,0.70821,1,5,0.99602,0.01069,-0.06063,-0.06444,0.06336,0.04238,0.81143,0,0
1766094329.850388,-0.00088,0.00488,-0.03271,0.00058,-0.00018,0.00044,0.56713,-0.00055,0.19997,0.00065,0.70601,-0.00009,0.70821,1,5,0.99602,0.01069,-0.06063,-0.06444,0.06336,0.04238,0.81143,0,0
1766094329.852383,0.01621,-0.01229,0.05136,-0.00291,-0.00178,-0.00004,0.56713,-0.00055,0.19997,0.00065,0.70601,-0.00009,0.70821,1,5,0.99602,0.01069,-0.06063,-0.06444,0.06336,0.04238,0.81143,0,0
1766094329.854382,-0.01012,0.00014,-0.01030,0.00183,0.00068,-0.00062,0.56713,-0.00055,0.19997,0.00065,0.70601,-0.00009,0.70821,1,5,0.99602,0.01069,-0.06063,-0.06444,0.06336,0.04238,0.81143,0,0
1766094329.856381,-0.00193,0.01904,0.01972,0.00140,0.00121,0.00006,0.56713,-0.00055,0.19997,0.00065,0.70601,-0.00009,0.70821,1,5,0.99602,0.01069,-0.06063,-0.06444,0.06336,0.04238,0.81143,0,0
1766094329.858455,-0.01408,0.01296,-0.01039,0.00154,-0.00004,-0.00035,0.56713,-0.00055,0.19997,0.00065,0.70601,-0.00009,0.70821,1,5,0.99602,0.01069,-0.06063,-0.06444,0.06336,0.04238,0.81143,0,0
1766094329.860393,-0.00808,0.01452,0.01237,-0.00040,0.00027,-0.00020,0.56713,-0.00055,0.19997,0.00065,0.70601,-0.00009,0.70821,1,5,0.99602,0.01069,-0.06063,-0.06444,0.06336,0.04238,0.81143,0,0
1766094329.862391,0.00014,0.00434,0.01285,-0.00052,0.00019,0.00047,0.56713,-0.00055,0.19997,0.00065,0.70601,-0.00009,0.70821,1,5,0.99602,0.01069,-0.06063,-0.06444,0.06336,0.04238,0.81143,0,0
1766094329.864376,-0.01074,0.01027,-0.01032,0.00217,0.00030,-0.00008,0.56713,-0.00055,0.19997,0.00065,0.70601,-0.00009,0.70821,1,5,0.99602,0.01069,-0.06063,-0.06444,0.06336,0.04238,0.81143,0,0
1766094329.866396,-0.01817,-0.00938,-0.03244,0.00127,0.00003,0.00005,0.56713,-0.00055,0.19997,0.00065,0.70601,-0.00009,0.70821,1,5,0.99602,0.01069,-0.06063,-0.06444,0.06336,0.04238,0.81143,0,0
1766094329.868390,-0.01358,-0.01019,0.02094,-0.00311,-0.00053,0.00010,0.56713,-0.00055,0.19997,0.00065,0.70601,-0.00009,0.70821,1,5,0.99602,0.01069,-0.06063,-0.06444,0.06336,0.04238,0.81143,0,0
1766094329.870408,0.01237,0.00145,0.00514,-0.00012,0.00055,0.00032,0.56713,-0.00055,0.19997,0.00065,0.70601,-0.00009,0.70821,1,5,0.99602,0.01069,-0.06063,-0.06444,0.06336,0.04238,0.81143,0,0
1766094329.872414,0.00810,0.00236,0.02062,-0.00339,-0.00157,-0.00006,0.56713,-0.00055,0.19997,0.00065,0.70601,-0.00009,0.70821,1,5,0.99602,0.01069,-0.06063,-0.06444,0.06336,0.04238,0.81143,0,0
1766094329.874429,0.00244,-0.00759,-0.03279,0.00173,0.00054,-0.00024,0.56713,-0.00055,0.19997,0.00065,0.70601,-0.00009,0.70821,1,5,0.99602,0.01069,-0.06063,-0.06444,0.06336,0.04238,0.81143,0,0
1766094329.876389,-0.00197,-0.00529,0.00532,0.00154,0.00072,0.00033,0.56713,-0.00055,0.19997,0.00065,0.70601,-0.00009,0.70821,1,5,0.99602,0.01069,-0.06063,-0.06444,0.06336,0.04238,0.81143,0,0
1766094329.878400,0.00865,0.01441,-0.00286,-0.00018,-0.00006,-0.00023,0.56713,-0.00055,0.19997,0.00065,0.70601,-0.00009,0.70821,1,5,0.99603,0.01064,-0.06116,-0.06386,0.06338,0.04239,0.81170,0,0
1766094329.880395,0.00760,-0.00273,0.03611,-0.00323,-0.00142,0.00049,0.56713,-0.00055,0.19997,0.00065,0.70601,-0.00009,0.70821,1,5,0.99603,0.01064,-0.06116,-0.06386,0.06338,0.04239,0.81170,0,0
1766094329.882445,-0.00845,-0.00015,-0.01745,-0.00014,0.00004,0.00019,0.56713,-0.00055,0.19997,0.00065,0.70601,-0.00009,0.70821,1,5,0.99603,0.01064,-0.06116,-0.06386,0.06338,0.04239,0.81170,0,0
1766094329.884422,-0.00998,-0.01027,0.00554,0.00105,0.00083,0.00048,0.56713,-0.00055,0.19997,0.00065,0.70601,-0.00009,0.70821,1,5,0.99603,0.01064,-0.06116,-0.06386,0.06338,0.04239,0.81170,0,0
1766094329.886430,0.00410,0.01212,-0.02563,0.00022,-0.00001,-0.00037,0.56713,-0.00055,0.19997,0.00065,0.70601,-0.00009,0.70821,1,5,0.99603,0.01064,-0.06116,-0.06386,0.06338,0.04239,0.81170,0,0
1766094329.888421,-0.00476,0.02167,-0.02571,0.00012,0.00048,0.00017,0.56713,-0.00055,0.19997,0.00065,0.70601,-0.00009,0.70821,1,5,0.99603,0.01064,-0.06116,-0.06386,0.06338,0.04239,0.81170,0,0
1766094329.890429,-0.00929,-0.00039,0.01282,0.00051,0.00068,0.00021,0.56713,-0.00055,0.19997,0.00065,0.70601,-0.00009,0.70821,1,5,0.99603,0.01064,-0.06116,-0.06386,0.06338,0.04239,0.81170,0,0
1766094329.892436,0.00687,0.00506,-0.01810,0.00189,0.00021,-0.00078,0.56713,-0.00055,0.19997,0.00065,0.70601,-0.00009,0.70821,1,5,0.99603,0.01064,-0.06116,-0.06386,0.06338,0.04239,0.81170,0,0
1766094329.894423,-0.00611,0.01020,0.05077,-0.00198,-0.00115,-0.00003,0.56713,-0.00055,0.19997,0.00065,0.70601,-0.00009,0.70821,1,5,0.99603,0.01064,-0.06116,-0.06386,0.06338,0.04239,0.81170,0,0
1766094329.896425,-0.02439,-0.02466,0.05157,-0.00088,0.00024,0.00013,0.56713,-0.00055,0.19997,0.00065,0.70601,-0.00009,0.70821,1,5,0.99603,0.01064,-0.06116,-0.06386,0.06338,0.04239,0.81170,0,0
1766094329.898426,0.00751,0.01956,-0.00292,0.00075,-0.00005,0.00004,0.56713,-0.00055,0.19997,0.00065,0.70601,-0.00009,0.70821,1,5,0.99603,0.01064,-0.06116,-0.06386,0.06338,0.04239,0.81170,0,0
1766094329.900407,0.00008,0.00501,0.01259,0.00014,-0.00021,-0.00034,0.56713,-0.00055,0.19997,0.00065,0.70601,-0.00009,0.70821,1,5,0.99603,0.01064,-0.06116,-0.06386,0.06338,0.04239,0.81170,0,0
1766094329.902414,0.00041,0.00021,-0.00996,-0.00014,-0.00058,-0.00022,0.56713,-0.00055,0.19997,0.00065,0.70601,-0.00009,0.70821,1,5,0.99603,0.01064,-0.06116,-0.06386,0.06338,0.04239,0.81170,0,0
1766094329.904408,0.00753,0.01452,0.00503,0.00048,-0.00016,0.00059,0.56713,-0.00055,0.19997,0.00065,0.70601,-0.00009,0.70821,1,5,0.99603,0.01064,-0.06116,-0.06386,0.06338,0.04239,0.81170,0,0
1766094329.906414,-0.00922,-0.00021,0.00526,0.00051,0.00043,0.00020,0.56713,-0.00055,0.19997,0.00065,0.70601,-0.00009,0.70821,1,5,0.99603,0.01064,-0.06116,-0.06386,0.06338,0.04239,0.81170,0,0
1766094329.908401,0.00895,0.01520,0.01247,-0.00017,-0.00108,-0.00021,0.56713,-0.00055,0.19997,0.00065,0.70601,-0.00009,0.70821,1,5,0.99603,0.01064,-0.06116,-0.06386,0.06338,0.04239,0.81170,0,0
1766094329.910413,-0.00831,0.00519,-0.03275,-0.00008,-0.00048,0.00004,0.56713,-0.00055,0.19997,0.00065,0.70601,-0.00009,0.70821,1,5,0.99603,0.01064,-0.06116,-0.06386,0.06338,0.04239,0.81170,0,0
1766094329.912411,-0.00979,-0.00462,-0.01006,0.00155,0.00030,-0.00048,0.56713,-0.00055,0.19997,0.00065,0.70601,-0.00009,0.70821,1,5,0.99603,0.01064,-0.06116,-0.06386,0.06338,0.04239,0.81170,0,0
1766094329.914485,0.01221,0.01221,-0.01770,0.00023,-0.00060,0.00043,0.56713,-0.00055,0.19997,0.00065,0.70601,-0.00009,0.70821,1,5,0.99587,0.01055,-0.06175,-0.06575,0.06333,0.04236,0.81111,0,0
1766094329.916536,-0.01065,0.02405,0.01971,0.00146,0.00131,0.00034,0.56713,-0.00055,0.19997,0.00065,0.70601,-0.00009,0.70821,1,5,0.99587,0.01055,-0.06175,-0.06575,0.06333,0.04236,0.81111,0,0
1766094329.918509,0.00245,-0.00258,-0.01018,0.00179,0.00053,-0.00036,0.56713,-0.00055,0.19997,0.00065,0.70601,-0.00009,0.70821,1,5,0.99587,0.01055,-0.06175,-0.06575,0.06333,0.04236,0.81111,0,0
1766094329.920420,-0.01013,0.01411,-0.01027,0.00090,0.00107,0.00059,0.56713,-0.00055,0.19997,0.00065,0.70601,-0.00009,0.70821,1,5,0.99587,0.01055,-0.06175,-0.06575,0.06333,0.04236,0.81111,0,0
1766094329.922426,-0.00482,0.00165,-0.00242,0.00010,0.00088,0.00033,0.56713,-0.00055,0.19997,0.00065,0.70601,-0.00009,0.70821,1,5,0.99587,0.01055,-0.06175,-0.06575,0.06333,0.04236,0.81111,0,0
1766094329.924435,-0.00090,-0.00571,-0.00226,0.00045,0.00084,0.00033,0.56713,-0.00055,0.19997,0.00065,0.70601,-0.00009,0.70821,1,5,0.99587,0.01055,-0.06175,-0.06575,0.06333,0.04236,0.81111,0,0
1766094329.926448,0.00769,0.01947,0.00449,0.00075,0.00020,-0.00036,0.56713,-0.00055,0.19997,0.00065,0.70601,-0.00009,0.70821,1,5,0.99587,0.01055,-0.06175,-0.06575,0.06333,0.04236,0.81111,0,0
1766094329.928444,-0.00132,0.00517,-0.00268,0.00145,0.00006,-0.00035,0.56713,-0.00055,0.19997,0.00065,0.70601,-0.00009,0.70821,1,5,0.99587,0.01055,-0.06175,-0.06575,0.06333,0.04236,0.81111,0,0
1766094329.930445,-0.01439,0.00771,-0.00251,0.00148,0.00023,0.00020,0.56713,-0.00055,0.19997,0.00065,0.70601,-0.00009,0.70821,1,5,0.99587,0.01055,-0.06175,-0.06575,0.06333,0.04236,0.81111,0,0
1766094329.932450,-0.00517,-0.00218,-0.01764,0.00114,-0.00001,-0.00036,0.56713,-0.00055,0.19997,0.00065,0.70601,-0.00009,0.70821,1,5,0.99587,0.01055,-0.06175,-0.06575,0.06333,0.04236,0.81111,0,0
1766094329.934448,0.00258,0.00276,-0.02548,0.00186,0.00002,-0.00051,0.56713,-0.00055,0.19997,0.00065,0.70601,-0.00009,0.70821,1,5,0.99587,0.01055,-0.06175,-0.06575,0.06333,0.04236,0.81111,0,0
1766094329.936466,-0.00884,0.00956,0.05029,0.00041,0.00078,-0.00044,0.56713,-0.00055,0.19997,0.00065,0.70601,-0.00009,0.70821,1,5,0.99587,0.01055,-0.06175,-0.06575,0.06333,0.04236,0.81111,0,0
1766094329.938466,0.00790,0.00920,-0.01001,-0.00003,0.00009,0.00071,0.56713,-0.00055,0.19997,0.00065,0.70601,-0.00009,0.70821,1,5,0.99587,0.01055,-0.06175,-0.06575,0.06333,0.04236,0.81111,0,0
1766094329.940554,-0.01743,0.00498,0.00496,0.00057,0.00051,-0.00033,0.56713,-0.00055,0.19997,0.00065,0.70601,-0.00009,0.70821,1,5,0.99587,0.01055,-0.06175,-0.06575,0.06333,0.04236,0.81111,0,0
1766094329.942534,-0.02240,0.00353,-0.03290,0.00165,-0.00031,-0.00049,0.56713,-0.00055,0.19997,0.00065,0.70601,-0.00009,0.70821,1,5,0.99587,0.01055,-0.06175,-0.06575,0.06333,0.04236,0.81111,0,0
1766094329.944439,-0.00448,0.01260,-0.02556,0.00045,-0.00028,-0.00036,0.56713,-0.00055,0.19997,0.00065,0.70601,-0.00009,0.70821,1,5,0.99587,0.01055,-0.06175,-0.06575,0.06333,0.04236,0.81111,0,0
1766094329.946470,0.00876,-0.01075,-0.01755,-0.00027,0.00059,-0.00037,0.56713,-0.00055,0.19997,0.00065,0.70601,-0.00009,0.70821,1,5,0.99587,0.01055,-0.06175,-0.06575,0.06333,0.04236,0.81111,0,0
1766094329.948470,-0.00721,0.01053,-0.01001,-0.00089,-0.00126,-0.00007,0.56713,-0.00055,0.19997,0.00065,0.70601,-0.00009,0.70821,1,5,0.99587,0.01055,-0.06175,-0.06575,0.06333,0.04236,0.81111,0,0
1766094329.950446,-0.00050,0.00959,-0.00252,0.00020,0.00006,0.00032,0.56713,-0.00055,0.19997,0.00065,0.70601,-0.00009,0.70821,1,5,0.99587,0.01055,-0.06175,-0.06575,0.06333,0.04236,0.81111,0,0
1766094329.952453,0.00814,0.00436,-0.01775,0.00013,0.00021,0.00003,0.56713,-0.00055,0.19997,0.00065,0.70601,-0.00009,0.70821,1,5,0.99587,0.01055,-0.06175,-0.06575,0.06333,0.04236,0.81111,0,0
1766094329.954467,-0.00367,-0.01635,-0.03224,0.00010,-0.00128,-0.00036,0.56713,-0.00055,0.19997,0.00065,0.70601,-0.00009,0.70821,1,5,0.99585,0.01055,-0.06271,-0.06510,0.06333,0.04236,0.81117,0,0
1766094329.956460,-0.01081,-0.01469,0.00539,0.00230,0.00083,-0.00020,0.56713,-0.00055,0.19997,0.00065,0.70601,-0.00009,0.70821,1,5,0.99585,0.01055,-0.06271,-0.06510,0.06333,0.04236,0.81117,0,0
1766094329.958486,-0.00150,0.00272,0.03578,-0.00229,-0.00133,-0.00004,0.56713,-0.00055,0.19997,0.00065,0.70601,-0.00009,0.70821,1,5,0.99585,0.01055,-0.06271,-0.06510,0.06333,0.04236,0.81117,0,0
1766094329.960478,-0.02311,0.01026,0.05839,-0.00198,-0.00069,-0.00000,0.56713,-0.00055,0.19997,0.00065,0.70601,-0.00009,0.70821,1,5,0.99585,0.01055,-0.06271,-0.06510,0.06333,0.04236,0.81117,0,0
1766094329.962535,-0.00051,0.00964,-0.01029,0.00041,0.00018,-0.00009,0.56713,-0.00055,0.19997,0.00065,0.70601,-0.00009,0.70821,1,5,0.99585,0.01055,-0.06271,-0.06510,0.06333,0.04236,0.81117,0,0
1766094329.964539,-0.00032,0.00938,-0.03292,-0.00003,0.00019,0.00030,0.56713,-0.00055,0.19997,0.00065,0.70601,-0.00009,0.70821,1,5,0.99585,0.01055,-0.06271,-0.06510,0.06333,0.04236,0.81117,0,0
1766094329.966474,-0.00876,0.01038,-0.01792,0.00064,-0.00036,-0.00049,0.56713,-0.00055,0.19997,0.00065,0.70601,-0.00009,0.70821,1,5,0.99585,0.01055,-0.06271,-0.06510,0.06333,0.04236,0.81117,0,0
1766094329.968551,0.00376,0.00607,-0.01769,-0.00028,0.00103,0.00057,0.56713,-0.00055,0.19997,0.00065,0.70601,-0.00009,0.70821,1,5,0.99585,0.01055,-0.06271,-0.06510,0.06333,0.04236,0.81117,0,0
1766094329.970545,-0.00998,-0.00526,0.02815,0.00111,0.00082,0.00036,0.56713,-0.00055,0.19997,0.00065,0.70601,-0.00009,0.70821,1,5,0.99585,0.01055,-0.06271,-0.06510,0.06333,0.04236,0.81117,0,0
1766094329.972548,0.00042,0.00395,0.01245,-0.00053,0.00093,-0.00034,0.56713,-0.00055,0.19997,0.00065,0.70601,-0.00009,0.70821,1,5,0.99585,0.01055,-0.06271,-0.06510,0.06333,0.04236,0.81117,0,0
1766094329.974482,0.01661,0.01416,-0.01036,0.00003,-0.00002,0.00016,0.56713,-0.00055,0.19997,0.00065,0.70601,-0.00009,0.70821,1,5,0.99585,0.01055,-0.06271,-0.06510,0.06333,0.04236,0.81117,0,0
1766094329.976508,0.01228,0.00766,0.01998,0.00083,-0.00049,-0.00061,0.56713,-0.00055,0.19997,0.00065,0.70601,-0.00009,0.70821,1,5,0.99585,0.01055,-0.06271,-0.06510,0.06333,0.04236,0.81117,0,0
1766094329.978482,0.00353,0.00694,0.01244,0.00060,0.00051,-0.00021,0.56713,-0.00055,0.19997,0.00065,0.70601,-0.00009,0.70821,1,5,0.99585,0.01055,-0.06271,-0.06510,0.06333,0.04236,0.81117,0,0
1766094329.980495,-0.00176,0.01382,-0.03329,0.00112,0.00134,0.00016,0.56713,-0.00055,0.19997,0.00065,0.70601,-0.00009,0.70821,1,5,0.99585,0.01055,-0.06271,-0.06510,0.06333,0.04236,0.81117,0,0
1766094329.982577,-0.00500,-0.00316,0.00536,0.00026,0.00076,0.00047,0.56713,-0.00055,0.19997,0.00065,0.70601,-0.00009,0.70821,1,5,0.99585,0.01055,-0.06271,-0.06510,0.06333,0.04236,0.81117,0,0
1766094329.984502,-0.01323,0.00834,-0.00268,0.00105,-0.00056,-0.00061,0.56713,-0.00055,0.19997,0.00065,0.70601,-0.00009,0.70821,1,5,0.99585,0.01055,-0.06271,-0.06510,0.06333,0.04236,0.81117,0,0
1766094329.986572,0.00466,0.00666,-0.02549,-0.00050,0.00038,-0.00024,0.56713,-0.00055,0.19997,0.00065,0.70601,-0.00009,0.70821,1,5,0.99585,0.01055,-0.06271,-0.06510,0.06333,0.04236,0.81117,0,0
1766094329.988584,0.01757,0.01420,0.01991,-0.00062,-0.00017,-0.00022,0.56713,-0.00055,0.19997,0.00065,0.70601,-0.00009,0.70821,1,5,0.99585,0.01055,-0.06271,-0.06510,0.06333,0.04236,0.81117,0,0
1766094329.990496,-0.01389,0.00291,-0.00262,0.00142,0.00022,-0.00047,0.56713,-0.00055,0.19997,0.00065,0.70601,-0.00009,0.70821,1,5,0.99585,0.01055,-0.06271,-0.06510,0.06333,0.04236,0.81117,0,0
1766094329.992474,-0.01775,-0.00448,-0.04037,0.00111,0.00014,-0.00049,0.56713,-0.00055,0.19997,0.00065,0.70601,-0.00009,0.70821,1,5,0.99585,0.01055,-0.06271,-0.06510,0.06333,0.04236,0.81117,0,0
1766094329.994489,0.00834,-0.00574,-0.00221,-0.00021,0.00035,0.00032,0.56713,-0.00055,0.19997,0.00065,0.70601,-0.00009,0.70821,1,5,0.99585,0.01055,-0.06271,-0.06510,0.06333,0.04236,0.81117,0,0
1766094329.996483,-0.02674,-0.01879,-0.01699,0.00160,-0.00011,-0.00006,0.56713,-0.00055,0.19997,0.00065,0.70601,-0.00009,0.70821,1,5,0.99585,0.01055,-0.06271,-0.06510,0.06333,0.04236,0.81117,0,0
1766094329.998511,-0.00396,0.01758,-0.02552,-0.00015,-0.00067,-0.00009,0.56713,-0.00055,0.19997,0.00065,0.70601,-0.00009,0.70821,1,5,0.99585,0.01055,-0.06271,-0.06510,0.06333,0.04236,0.81117,0,0
1766094330.000497,0.00393,-0.00262,0.00529,0.00027,-0.00011,0.00006,0.56713,-0.00055,0.19997,0.00065,0.70601,-0.00009,0.70821,1,5,0.99585,0.01055,-0.06271,-0.06510,0.06333,0.04236,0.81117,0,0
1766094330.002495,-0.00652,-0.00757,-0.01745,0.00195,0.00078,0.00018,0.56713,-0.00055,0.19997,0.00065,0.70601,-0.00009,0.70821,1,5,0.99585,0.01055,-0.06271,-0.06510,0.06333,0.04236,0.81117,0,0
1766094330.004510,-0.01304,-0.00171,0.00509,0.00093,-0.00030,-0.00073,0.56713,-0.00055,0.19997,0.00065,0.70601,-0.00009,0.70821,1,5,0.99618,0.01034,-0.05997,-0.06262,0.06336,0.04236,0.81147,0,0
1766094330.006510,-0.03113,0.00859,-0.04067,0.00193,-0.00009,-0.00062,0.56713,-0.00055,0.19997,0.00065,0.70601,-0.00009,0.70821,1,5,0.99618,0.01034,-0.05997,-0.06262,0.06336,0.04236,0.81147,0,0
1766094330.008500,-0.00846,-0.00998,-0.00985,0.00017,0.00029,-0.00034,0.56713,-0.00055,0.19997,0.00065,0.70601,-0.00009,0.70821,1,5,0.99618,0.01034,-0.05997,-0.06262,0.06336,0.04236,0.81147,0,0
1766094330.010524,-0.00202,0.00028,-0.01014,0.00205,0.00021,-0.00022,0.56713,-0.00055,0.19997,0.00065,0.70601,-0.00009,0.70821,1,5,0.99618,0.01034,-0.05997,-0.06262,0.06336,0.04236,0.81147,0,0
1766094330.012504,-0.00055,-0.00962,-0.00984,0.00083,-0.00019,-0.00035,0.56713,-0.00055,0.19997,0.00065,0.70601,-0.00009,0.70821,1,5,0.99618,0.01034,-0.05997,-0.06262,0.06336,0.04236,0.81147,0,0
1766094330.014511,0.00825,0.00899,-0.01797,-0.00003,0.00059,-0.00010,0.56713,-0.00055,0.19997,0.00065,0.70601,-0.00009,0.70821,1,5,0.99618,0.01034,-0.05997,-0.06262,0.06336,0.04236,0.81147,0,0
1766094330.016509,-0.00725,-0.00445,0.05868,-0.00085,-0.00087,-0.00002,0.56713,-0.00055,0.19997,0.00065,0.70601,-0.00009,0.70821,1,5,0.99618,0.01034,-0.05997,-0.06262,0.06336,0.04236,0.81147,0,0
1766094330.018520,-0.01027,-0.01395,-0.04002,0.00209,-0.00032,-0.00023,0.56713,-0.00055,0.19997,0.00065,0.70601,-0.00009,0.70821,1,5,0.99618,0.01034,-0.05997,-0.06262,0.06336,0.04236,0.81147,0,0
1766094330.020604,-0.01850,-0.00957,-0.00971,0.00149,0.00042,0.00007,0.56713,-0.00055,0.19997,0.00065,0.70601,-0.00009,0.70821,1,5,0.99618,0.01034,-0.05997,-0.06262,0.06336,0.04236,0.81147,0,0
1766094330.022650,0.01646,0.01878,0.00458,0.00009,0.00048,0.00004,0.56713,-0.00055,0.19997,0.00065,0.70601,-0.00009,0.70821,1,5,0.99618,0.01034,-0.05997,-0.06262,0.06336,0.04236,0.81147,0,0
1766094330.024533,-0.00982,0.01446,-0.00295,0.00113,0.00092,-0.00021,0.56713,-0.00055,0.19997,0.00065,0.70601,-0.00009,0.70821,1,5,0.99618,0.01034,-0.05997,-0.06262,0.06336,0.04236,0.81147,0,0
1766094330.026508,0.02156,0.00204,0.01270,-0.00033,-0.00046,-0.00009,0.56713,-0.00055,0.19997,0.00065,0.70601,-0.00009,0.70821,1,5,0.99618,0.01034,-0.05997,-0.06262,0.06336,0.04236,0.81147,0,0
1766094330.028636,0.00252,-0.00240,-0.01774,0.00180,0.00028,-0.00037,0.56713,-0.00055,0.19997,0.00065,0.70601,-0.00009,0.70821,1,5,0.99618,0.01034,-0.05997,-0.06262,0.06336,0.04236,0.81147,0,0
1766094330.030500,-0.00425,0.00691,-0.02547,-0.00006,0.00048,-0.00023,0.56713,-0.00055,0.19997,0.00065,0.70601,-0.00009,0.70821,1,5,0.99618,0.01034,-0.05997,-0.06262,0.06336,0.04236,0.81147,0,0
1766094330.032510,-0.00606,-0.01192,-0.04010,0.00190,0.00002,-0.00010,0.56713,-0.00055,0.19997,0.00065,0.70601,-0.00009,0.70821,1,5,0.99618,0.01034,-0.05997,-0.06262,0.06336,0.04236,0.81147,0,0
1766094330.034506,0.00617,-0.00482,-0.02537,0.00242,0.00036,-0.00051,0.56713,-0.00055,0.19997,0.00065,0.70601,-0.00009,0.70821,1,5,0.99618,0.01034,-0.05997,-0.06262,0.06336,0.04236,0.81147,0,0
1766094330.036567,-0.00948,0.01472,0.01989,0.00091,0.00054,-0.00019,0.56713,-0.00055,0.19997,0.00065,0.70601,-0.00009,0.70821,1,5,0.99618,0.01034,-0.05997,-0.06262,0.06336,0.04236,0.81147,0,0
1766094330.038612,0.00022,0.01035,-0.00271,0.00020,-0.00072,-0.00048,0.56713,-0.00055,0.19997,0.00065,0.70601,-0.00009,0.70821,1,5,0.99618,0.01034,-0.05997,-0.06262,0.06336,0.04236,0.81147,0,0
1766094330.040530,0.00751,0.01463,-0.01051,0.00091,0.00008,-0.00023,0.56713,-0.00055,0.19997,0.00065,0.70601,-0.00009,0.70821,1,5,0.99618,0.01034,-0.05997,-0.06262,0.06336,0.04236,0.81147,0,0
1766094330.042523,-0.02638,-0.00415,-0.00995,0.00134,0.00012,-0.00046,0.56713,-0.00055,0.19997,0.00065,0.70601,-0.00009,0.70821,1,5,0.99618,0.01034,-0.05997,-0.06262,0.06336,0.04236,0.81147,0,0
1766094330.044518,-0.00461,0.01219,-0.00267,0.00023,0.00010,0.00006,0.56713,-0.00055,0.19997,0.00065,0.70601,-0.00009,0.70821,1,5,0.99618,0.01034,-0.05997,-0.06262,0.06336,0.04236,0.81147,0,0
1766094330.046530,-0.00668,-0.00171,-0.02509,0.00246,-0.00024,0.00004,0.56713,-0.00055,0.19997,0.00065,0.70601,-0.00009,0.70821,1,5,0.99618,0.01034,-0.05997,-0.06262,0.06336,0.04236,0.81147,0,0
1766094330.048549,0.01162,0.02194,-0.00295,0.00078,-0.00010,0.00017,0.56713,-0.00055,0.19997,0.00065,0.70601,-0.00009,0.70821,1,5,0.99607,0.01066,-0.05964,-0.06461,0.06335,0.04237,0.81130,0,0
1766094330.050516,-0.00427,0.00253,0.01276,0.00011,-0.00015,-0.00006,0.56713,-0.00055,0.19997,0.00065,0.70601,-0.00009,0.70821,1,5,0.99607,0.01066,-0.05964,-0.06461,0.06335,0.04237,0.81130,0,0
1766094330.052550,-0.01818,0.00560,-0.01019,0.00145,0.00001,-0.00034,0.56713,-0.00055,0.19997,0.00065,0.70601,-0.00009,0.70821,1,5,0.99607,0.01066,-0.05964,-0.06461,0.06335,0.04237,0.81130,0,0
1766094330.054542,-0.00362,0.01163,-0.01046,-0.00066,0.00059,-0.00035,0.56713,-0.00055,0.19997,0.00065,0.70601,-0.00009,0.70821,1,5,0.99607,0.01066,-0.05964,-0.06461,0.06335,0.04237,0.81130,0,0
1766094330.056526,-0.01432,-0.00820,-0.00248,0.00129,0.00176,-0.00020,0.56713,-0.00055,0.19997,0.00065,0.70601,-0.00009,0.70821,1,5,0.99607,0.01066,-0.05964,-0.06461,0.06335,0.04237,0.81130,0,0
1766094330.058533,-0.00859,0.00948,0.02010,-0.00003,0.00053,-0.00006,0.56713,-0.00055,0.19997,0.00065,0.70601,-0.00009,0.70821,1,5,0.99607,0.01066,-0.05964,-0.06461,0.06335,0.04237,0.81130,0,0
1766094330.060542,-0.01047,0.01270,0.05077,-0.00195,-0.00110,0.00011,0.56713,-0.00055,0.19997,0.00065,0.70601,-0.00009,0.70821,1,5,0.99607,0.01066,-0.05964,-0.06461,0.06335,0.04237,0.81130,0,0
1766094330.062559,0.00707,-0.00775,0.01328,-0.00264,-0.00103,0.00021,0.56713,-0.00055,0.19997,0.00065,0.70601,-0.00009,0.70821,1,5,0.99607,0.01066,-0.05964,-0.06461,0.06335,0.04237,0.81130,0,0
1766094330.064536,-0.00999,-0.00402,0.00556,0.00156,-0.00070,0.00034,0.56713,-0.00055,0.19997,0.00065,0.70601,-0.00009,0.70821,1,5,0.99607,0.01066,-0.05964,-0.06461,0.06335,0.04237,0.81130,0,0
1766094330.066588,0.00858,-0.00066,-0.00254,-0.00015,0.00033,-0.00022,0.56713,-0.00055,0.19997,0.00065,0.70601,-0.00009,0.70821,1,5,0.99607,0.01066,-0.05964,-0.06461,0.06335,0.04237,0.81130,0,0
1766094330.068579,-0.00386,0.00166,0.00506,-0.00056,0.00074,-0.00007,0.56713,-0.00055,0.19997,0.00065,0.70601,-0.00009,0.70821,1,5,0.99607,0.01066,-0.05964,-0.06461,0.06335,0.04237,0.81130,0,0
1766094330.070547,-0.00072,0.01399,-0.00281,0.00025,0.00082,0.00018,0.56713,-0.00055,0.19997,0.00065,0.70601,-0.00009,0.70821,1,5,0.99607,0.01066,-0.05964,-0.06461,0.06335,0.04237,0.81130,0,0
1766094330.072585,0.01531,0.01642,0.02002,-0.00256,-0.00052,-0.00007,0.56713,-0.00055,0.19997,0.00065,0.70601,-0.00009,0.70821,1,5,0.99607,0.01066,-0.05964,-0.06461,0.06335,0.04237,0.81130,0,0
1766094330.074562,0.00818,0.00013,-0.00986,0.00030,-0.00067,0.00018,0.56713,-0.00055,0.19997,0.00065,0.70601,-0.00009,0.70821,1,5,0.99607,0.01066,-0.05964,-0.06461,0.06335,0.04237,0.81130,0,0
1766094330.076626,-0.00971,0.00058,0.00498,0.00161,0.00004,-0.00060,0.56713,-0.00055,0.19997,0.00065,0.70601,-0.00009,0.70821,1,5,0.99607,0.01066,-0.05964,-0.06461,0.06335,0.04237,0.81130,0,0
1766094330.078578,-0.00472,0.01254,-0.00263,0.00045,-0.00028,0.00006,0.56713,-0.00055,0.19997,0.00065,0.70601,-0.00009,0.70821,1,5,0.99607,0.01066,-0.05964,-0.06461,0.06335,0.04237,0.81130,0,0
1766094330.080542,0.01031,0.00475,0.02840,-0.00205,-0.00133,0.00088,0.56713,-0.00055,0.19997,0.00065,0.70601,-0.00009,0.70821,1,5,0.99607,0.01066,-0.05964,-0.06461,0.06335,0.04237,0.81130,0,0
1766094330.082545,-0.00152,-0.00950,-0.01008,0.00193,0.00020,-0.00076,0.56713,-0.00055,0.19997,0.00065,0.70601,-0.00009,0.70821,1,5,0.99607,0.01066,-0.05964,-0.06461,0.06335,0.04237,0.81130,0,0
1766094330.084552,0.00055,0.00058,-0.02508,-0.00013,-0.00109,-0.00023,0.56713,-0.00055,0.19997,0.00065,0.70601,-0.00009,0.70821,1,5,0.99607,0.01066,-0.05964,-0.06461,0.06335,0.04237,0.81130,0,0
1766094330.086567,-0.00986,0.01246,0.03541,-0.00239,-0.00086,-0.00030,0.56713,-0.00055,0.19997,0.00065,0.70601,-0.00009,0.70821,1,5,0.99607,0.01066,-0.05964,-0.06461,0.06335,0.04237,0.81130,0,0
1766094330.088633,0.00001,0.00981,0.01997,0.00020,0.00004,-0.00047,0.56713,-0.00055,0.19997,0.00065,0.70601,-0.00009,0.70821,1,5,0.99607,0.01066,-0.05964,-0.06461,0.06335,0.04237,0.81130,0,0
1766094330.090661,0.00718,0.00444,-0.01021,0.00101,0.00048,0.00004,0.56713,-0.00055,0.19997,0.00065,0.70601,-0.00009,0.70821,1,5,0.99602,0.01064,-0.06081,-0.06429,0.06335,0.04237,0.81131,0,0
1766094330.092569,-0.01800,-0.02019,-0.00183,0.00071,0.00106,0.00035,0.56713,-0.00055,0.19997,0.00065,0.70601,-0.00009,0.70821,1,5,0.99602,0.01064,-0.06081,-0.06429,0.06335,0.04237,0.81131,0,0
1766094330.094609,0.01700,0.00963,-0.02545,-0.00002,-0.00053,-0.00011,0.56713,-0.00055,0.19997,0.00065,0.70601,-0.00009,0.70821,1,5,0.99602,0.01064,-0.06081,-0.06429,0.06335,0.04237,0.81131,0,0
1766094330.096568,-0.00160,0.00429,-0.00248,0.00101,0.00084,0.00046,0.56713,-0.00055,0.19997,0.00065,0.70601,-0.00009,0.70821,1,5,0.99602,0.01064,-0.06081,-0.06429,0.06335,0.04237,0.81131,0,0
1766094330.098603,-0.00221,0.01041,-0.00289,0.00239,0.00007,-0.00049,0.56713,-0.00055,0.19997,0.00065,0.70601,-0.00009,0.70821,1,5,0.99602,0.01064,-0.06081,-0.06429,0.06335,0.04237,0.81131,0,0
1766094330.100595,0.00252,-0.00240,-0.01774,0.00180,0.00028,-0.00037,0.56713,-0.00055,0.19997,0.00065,0.70601,-0.00009,0.70821,1,5,0.99602,0.01064,-0.06081,-0.06429,0.06335,0.04237,0.81131,0,0
1766094330.102646,0.00228,-0.01508,0.01362,-0.00229,-0.00096,0.00062,0.56713,-0.00055,0.19997,0.00065,0.70601,-0.00009,0.70821,1,5,0.99602,0.01064,-0.06081,-0.06429,0.06335,0.04237,0.81131,0,0
1766094330.104563,-0.00935,0.00749,0.00525,-0.00289,-0.00111,-0.00019,0.56713,-0.00055,0.19997,0.00065,0.70601,-0.00009,0.70821,1,5,0.99602,0.01064,-0.06081,-0.06429,0.06335,0.04237,0.81131,0,0
1766094330.106579,-0.00482,0.01161,-0.00278,0.00022,0.00087,0.00005,0.56713,-0.00055,0.19997,0.00065,0.70601,-0.00009,0.70821,1,5,0.99602,0.01064,-0.06081,-0.06429,0.06335,0.04237,0.81131,0,0
1766094330.108602,-0.00879,0.00959,-0.01787,0.00019,0.00041,-0.00009,0.56713,-0.00055,0.19997,0.00065,0.70601,-0.00009,0.70821,1,5,0.99602,0.01064,-0.06081,-0.06429,0.06335,0.04237,0.81131,0,0
1766094330.110590,0.00284,-0.00711,-0.02527,0.00174,0.00002,-0.00064,0.56713,-0.00055,0.19997,0.00065,0.70601,-0.00009,0.70821,1,5,0.99602,0.01064,-0.06081,-0.06429,0.06335,0.04237,0.81131,0,0
1766094330.112588,-0.00582,0.00466,0.02051,-0.00249,-0.00064,0.00009,0.56713,-0.00055,0.19997,0.00065,0.70601,-0.00009,0.70821,1,5,0.99602,0.01064,-0.06081,-0.06429,0.06335,0.04237,0.81131,0,0
1766094330.114758,-0.00925,0.00611,-0.03304,0.00146,-0.00086,-0.00077,0.56713,-0.00055,0.19997,0.00065,0.70601,-0.00009,0.70821,1,5,0.99602,0.01064,-0.06081,-0.06429,0.06335,0.04237,0.81131,0,0
1766094330.116572,0.00729,0.00915,0.00458,0.00106,0.00097,-0.00049,0.56713,-0.00055,0.19997,0.00065,0.70601,-0.00009,0.70821,1,5,0.99602,0.01064,-0.06081,-0.06429,0.06335,0.04237,0.81131,0,0
1766094330.118564,-0.02151,-0.01167,-0.03234,0.00059,-0.00031,-0.00008,0.56713,-0.00055,0.19997,0.00065,0.70601,-0.00009,0.70821,1,5,0.99602,0.01064,-0.06081,-0.06429,0.06335,0.04237,0.81131,0,0
1766094330.120576,-0.01850,0.00039,-0.01007,0.00161,0.00040,-0.00020,0.56713,-0.00055,0.19997,0.00065,0.70601,-0.00009,0.70821,1,5,0.99602,0.01064,-0.06081,-0.06429,0.06335,0.04237,0.81131,0,0
1766094330.122616,-0.00752,0.00535,0.01290,-0.00073,-0.00087,0.00008,0.56713,-0.00055,0.19997,0.00065,0.70601,-0.00009,0.70821,1,5,0.99602,0.01064,-0.06081,-0.06429,0.06335,0.04237,0.81131,0,0
1766094330.124584,0.00895,0.01022,0.01265,-0.00023,-0.00108,-0.00007,0.56713,-0.00055,0.19997,0.00065,0.70601,-0.00009,0.70821,1,5,0.99602,0.01064,-0.06081,-0.06429,0.06335,0.04237,0.81131,0,0
1766094330.126592,0.00366,0.01228,-0.00286,0.00066,-0.00000,-0.00036,0.56713,-0.00055,0.19997,0.00065,0.70601,-0.00009,0.70821,1,5,0.99602,0.01064,-0.06081,-0.06429,0.06335,0.04237,0.81131,0,0
1766094330.128590,-0.00054,0.00514,-0.00986,0.00036,-0.00057,0.00046,0.56713,-0.00055,0.19997,0.00065,0.70601,-0.00009,0.70821,1,5,0.99602,0.01064,-0.06081,-0.06429,0.06335,0.04237,0.81131,0,0
1766094330.130573,0.00877,0.00410,-0.00255,-0.00053,0.00033,0.00005,0.56713,-0.00055,0.19997,0.00065,0.70601,-0.00009,0.70821,1,5,0.99602,0.01064,-0.06081,-0.06429,0.06335,0.04237,0.81131,0,0
1766094330.132584,-0.01329,-0.01177,0.00559,0.00081,-0.00028,-0.00005,0.56713,-0.00055,0.19997,0.00065,0.70601,-0.00009,0.70821,1,5,0.99602,0.01064,-0.06081,-0.06429,0.06335,0.04237,0.81131,0,0
1766094330.134593,-0.00879,0.01457,-0.01805,0.00025,0.00040,-0.00022,0.56713,-0.00055,0.19997,0.00065,0.70601,-0.00009,0.70821,1,5,0.99602,0.01064,-0.06081,-0.06429,0.06335,0.04237,0.81131,0,0
1766094330.136582,-0.00075,-0.00515,0.03545,0.00089,0.00057,-0.00045,0.56713,-0.00055,0.19997,0.00065,0.70601,-0.00009,0.70821,1,5,0.99602,0.01064,-0.06081,-0.06429,0.06335,0.04237,0.81131,0,0
1766094330.138605,-0.02070,0.01276,-0.01787,-0.00021,-0.00021,-0.00034,0.56713,-0.00055,0.19997,0.00065,0.70601,-0.00009,0.70821,1,5,0.99602,0.01064,-0.06081,-0.06429,0.06335,0.04237,0.81131,0,0
1766094330.140592,-0.01819,-0.01006,0.00542,0.00105,0.00092,0.00008,0.56713,-0.00055,0.19997,0.00065,0.70601,-0.00009,0.70821,1,5,0.99597,0.01068,-0.06039,-0.06545,0.06335,0.04237,0.81131,0,0
1766094330.142591,0.01372,-0.01303,-0.00210,-0.00095,-0.00010,-0.00009,0.56713,-0.00055,0.19997,0.00065,0.70601,-0.00009,0.70821,1,5,0.99597,0.01068,-0.06039,-0.06545,0.06335,0.04237,0.81131,0,0
1766094330.144602,-0.00946,0.00286,0.00548,-0.00273,-0.00148,-0.00005,0.56713,-0.00055,0.19997,0.00065,0.70601,-0.00009,0.70821,1,5,0.99597,0.01068,-0.06039,-0.06545,0.06335,0.04237,0.81131,0,0
1766094330.146640,0.01295,-0.00812,0.02043,-0.00024,0.00028,-0.00021,0.56713,-0.00055,0.19997,0.00065,0.70601,-0.00009,0.70821,1,5,0.99597,0.01068,-0.06039,-0.06545,0.06335,0.04237,0.81131,0,0
1766094330.148645,0.00753,0.00697,0.02829,-0.00333,-0.00130,0.00062,0.56713,-0.00055,0.19997,0.00065,0.70601,-0.00009,0.70821,1,5,0.99597,0.01068,-0.06039,-0.06545,0.06335,0.04237,0.81131,0,0
1766094330.150647,0.01777,0.01972,-0.00295,-0.00056,-0.00094,-0.00037,0.56713,-0.00055,0.19997,0.00065,0.70601,-0.00009,0.70821,1,5,0.99597,0.01068,-0.06039,-0.06545,0.06335,0.04237,0.81131,0,0
1766094330.152600,-0.00862,0.00005,0.01294,0.00008,-0.00009,0.00021,0.56713,-0.00055,0.19997,0.00065,0.70601,-0.00009,0.70821,1,5,0.99597,0.01068,-0.06039,-0.06545,0.06335,0.04237,0.81131,0,0
1766094330.154628,0.00865,0.01441,-0.00286,-0.00018,-0.00006,-0.00023,0.56713,-0.00055,0.19997,0.00065,0.70601,-0.00009,0.70821,1,5,0.99597,0.01068,-0.06039,-0.06545,0.06335,0.04237,0.81131,0,0
1766094330.156615,-0.00152,0.00450,0.01275,0.00101,0.00059,0.00047,0.56713,-0.00055,0.19997,0.00065,0.70601,-0.00009,0.70821,1,5,0.99597,0.01068,-0.06039,-0.06545,0.06335,0.04237,0.81131,0,0
1766094330.158654,-0.00077,0.02449,-0.01068,0.00059,0.00017,-0.00009,0.56713,-0.00055,0.19997,0.00065,0.70601,-0.00009,0.70821,1,5,0.99597,0.01068,-0.06039,-0.06545,0.06335,0.04237,0.81131,0,0
1766094330.160629,-0.00456,0.00667,0.00502,-0.00006,0.00074,0.00020,0.56713,-0.00055,0.19997,0.00065,0.70601,-0.00009,0.70821,1,5,0.99597,0.01068,-0.06039,-0.06545,0.06335,0.04237,0.81131,0,0
1766094330.162682,-0.00113,-0.00994,-0.00975,0.00105,0.00021,0.00005,0.56713,-0.00055,0.19997,0.00065,0.70601,-0.00009,0.70821,1,5,0.99597,0.01068,-0.06039,-0.06545,0.06335,0.04237,0.81131,0,0
1766094330.164610,-0.00146,-0.01282,-0.00174,-0.00270,-0.00067,0.00034,0.56713,-0.00055,0.19997,0.00065,0.70601,-0.00009,0.70821,1,5,0.99597,0.01068,-0.06039,-0.06545,0.06335,0.04237,0.81131,0,0
1766094330.166608,-0.01832,-0.00977,-0.04011,0.00127,0.00054,0.00004,0.56713,-0.00055,0.19997,0.00065,0.70601,-0.00009,0.70821,1,5,0.99597,0.01068,-0.06039,-0.06545,0.06335,0.04237,0.81131,0,0
1766094330.168634,-0.01408,-0.00695,-0.04024,0.00152,0.00011,-0.00023,0.56713,-0.00055,0.19997,0.00065,0.70601,-0.00009,0.70821,1,5,0.99597,0.01068,-0.06039,-0.06545,0.06335,0.04237,0.81131,0,0
1766094330.170610,-0.00032,0.00942,-0.01013,-0.00003,0.00019,0.00032,0.56713,-0.00055,0.19997,0.00065,0.70601,-0.00009,0.70821,1,5,0.99597,0.01068,-0.06039,-0.06545,0.06335,0.04237,0.81131,0,0
1766094330.172690,-0.00555,-0.00526,0.02849,-0.00283,-0.00076,0.00037,0.56713,-0.00055,0.19997,0.00065,0.70601,-0.00009,0.70821,1,5,0.99597,0.01068,-0.06039,-0.06545,0.06335,0.04237,0.81131,0,0
1766094330.174656,-0.00023,-0.00017,0.03549,0.00029,0.00018,-0.00018,0.56713,-0.00055,0.19997,0.00065,0.70601,-0.00009,0.70821,1,5,0.99597,0.01068,-0.06039,-0.06545,0.06335,0.04237,0.81131,0,0
1766094330.176661,-0.00122,0.00401,0.02788,0.00057,0.00109,0.00048,0.56713,-0.00055,0.19997,0.00065,0.70601,-0.00009,0.70821,1,5,0.99597,0.01068,-0.06039,-0.06545,0.06335,0.04237,0.81131,0,0
1766094330.178669,-0.01836,-0.00921,-0.02483,0.00149,-0.00009,0.00006,0.56713,-0.00055,0.19997,0.00065,0.70601,-0.00009,0.70821,1,5,0.99597,0.01068,-0.06039,-0.06545,0.06335,0.04237,0.81131,0,0
1766094330.180625,-0.01350,-0.00998,0.03616,-0.00310,-0.00079,0.00011,0.56713,-0.00055,0.19997,0.00065,0.70601,-0.00009,0.70821,1,5,0.99597,0.01068,-0.06039,-0.06545,0.06335,0.04237,0.81131,0,0
1766094330.182629,-0.01791,-0.00934,-0.02482,0.00106,-0.00010,0.00006,0.56713,-0.00055,0.19997,0.00065,0.70601,-0.00009,0.70821,1,5,0.99597,0.01068,-0.06039,-0.06545,0.06335,0.04237,0.81131,0,0
1766094330.184625,-0.01373,0.00195,-0.01018,0.00076,0.00111,-0.00008,0.56713,-0.00055,0.19997,0.00065,0.70601,-0.00009,0.70821,1,5,0.99597,0.01068,-0.06039,-0.06545,0.06335,0.04237,0.81131,0,0
1766094330.186630,0.00846,0.01455,-0.01804,0.00004,-0.00019,-0.00024,0.56713,-0.00055,0.19997,0.00065,0.70601,-0.00009,0.70821,1,5,0.99597,0.01068,-0.06039,-0.06545,0.06335,0.04237,0.81131,0,0
1766094330.188625,-0.01832,-0.00977,-0.04011,0.00127,0.00054,0.00004,0.56713,-0.00055,0.19997,0.00065,0.70601,-0.00009,0.70821,1,5,0.99597,0.01068,-0.06039,-0.06545,0.06335,0.04237,0.81131,0,0
1766094330.190645,-0.01436,-0.01137,-0.00962,0.00191,-0.00039,-0.00007,0.56713,-0.00055,0.19997,0.00065,0.70601,-0.00009,0.70821,1,5,0.99607,0.01043,-0.06088,-0.06350,0.06336,0.04236,0.81136,0,0
1766094330.192638,-0.00463,0.00148,-0.01003,-0.00012,0.00101,0.00032,0.56713,-0.00055,0.19997,0.00065,0.70601,-0.00009,0.70821,1,5,0.99607,0.01043,-0.06088,-0.06350,0.06336,0.04236,0.81136,0,0
1766094330.194654,-0.01409,0.00310,-0.02557,0.00186,0.00021,-0.00089,0.56713,-0.00055,0.19997,0.00065,0.70601,-0.00009,0.70821,1,5,0.99607,0.01043,-0.06088,-0.06350,0.06336,0.04236,0.81136,0,0
1766094330.196711,-0.00215,0.01476,0.01999,0.00179,0.00045,0.00020,0.56713,-0.00055,0.19997,0.00065,0.70601,-0.00009,0.70821,1,5,0.99607,0.01043,-0.06088,-0.06350,0.06336,0.04236,0.81136,0,0
1766094330.198644,0.00038,0.00448,0.00493,-0.00030,0.00030,-0.00034,0.56713,-0.00055,0.19997,0.00065,0.70601,-0.00009,0.70821,1,5,0.99607,0.01043,-0.06088,-0.06350,0.06336,0.04236,0.81136,0,0
1766094330.201023,0.01738,0.02425,0.01214,-0.00050,-0.00043,-0.00009,0.56713,-0.00055,0.19997,0.00065,0.70601,-0.00009,0.70821,1,5,0.99607,0.01043,-0.06088,-0.06350,0.06336,0.04236,0.81136,0,0
1766094330.202680,0.01589,0.02918,-0.01853,0.00087,0.00009,-0.00025,0.56713,-0.00055,0.19997,0.00065,0.70601,-0.00009,0.70821,1,5,0.99607,0.01043,-0.06088,-0.06350,0.06336,0.04236,0.81136,0,0
1766094330.204653,0.00407,0.00643,-0.01038,-0.00006,0.00089,-0.00023,0.56713,-0.00055,0.19997,0.00065,0.70601,-0.00009,0.70821,1,5,0.99607,0.01043,-0.06088,-0.06350,0.06336,0.04236,0.81136,0,0
1766094330.206669,-0.00095,0.01968,-0.00289,0.00075,0.00005,0.00005,0.56713,-0.00055,0.19997,0.00065,0.70601,-0.00009,0.70821,1,5,0.99607,0.01043,-0.06088,-0.06350,0.06336,0.04236,0.81136,0,0
1766094330.208732,-0.00439,0.00647,-0.02537,-0.00028,0.00087,0.00017,0.56713,-0.00055,0.19997,0.00065,0.70601,-0.00009,0.70821,1,5,0.99607,0.01043,-0.06088,-0.06350,0.06336,0.04236,0.81136,0,0
1766094330.210706,-0.00515,-0.00975,0.03618,-0.00288,-0.00127,0.00010,0.56713,-0.00055,0.19997,0.00065,0.70601,-0.00009,0.70821,1,5,0.99607,0.01043,-0.06088,-0.06350,0.06336,0.04236,0.81136,0,0
1766094330.212663,0.01642,0.00939,-0.01035,0.00041,-0.00002,-0.00010,0.56713,-0.00055,0.19997,0.00065,0.70601,-0.00009,0.70821,1,5,0.99607,0.01043,-0.06088,-0.06350,0.06336,0.04236,0.81136,0,0
1766094330.214674,-0.01799,-0.00445,-0.00242,0.00133,0.00027,-0.00047,0.56713,-0.00055,0.19997,0.00065,0.70601,-0.00009,0.70821,1,5,0.99607,0.01043,-0.06088,-0.06350,0.06336,0.04236,0.81136,0,0
1766094330.216663,-0.00501,0.01186,0.01985,0.00066,0.00086,-0.00033,0.56713,-0.00055,0.19997,0.00065,0.70601,-0.00009,0.70821,1,5,0.99607,0.01043,-0.06088,-0.06350,0.06336,0.04236,0.81136,0,0
1766094330.218650,-0.01433,0.02283,-0.01060,0.00166,-0.00004,-0.00021,0.56713,-0.00055,0.19997,0.00065,0.70601,-0.00009,0.70821,1,5,0.99607,0.01043,-0.06088,-0.06350,0.06336,0.04236,0.81136,0,0
1766094330.220661,-0.00089,0.01420,0.02759,0.00047,0.00069,0.00021,0.56713,-0.00055,0.19997,0.00065,0.70601,-0.00009,0.70821,1,5,0.99607,0.01043,-0.06088,-0.06350,0.06336,0.04236,0.81136,0,0
1766094330.222660,0.01226,0.00180,0.00519,0.00010,0.00017,0.00032,0.56713,-0.00055,0.19997,0.00065,0.70601,-0.00009,0.70821,1,5,0.99607,0.01043,-0.06088,-0.06350,0.06336,0.04236,0.81136,0,0
1766094330.224672,-0.00911,0.01438,0.00468,0.00047,0.00079,-0.00021,0.56713,-0.00055,0.19997,0.00065,0.70601,-0.00009,0.70821,1,5,0.99607,0.01043,-0.06088,-0.06350,0.06336,0.04236,0.81136,0,0
1766094330.226681,-0.00892,-0.00572,-0.00221,0.00001,0.00094,0.00033,0.56713,-0.00055,0.19997,0.00065,0.70601,-0.00009,0.70821,1,5,0.99607,0.01043,-0.06088,-0.06350,0.06336,0.04236,0.81136,0,0
1766094330.228674,-0.00583,-0.00263,-0.01776,0.00157,0.00076,-0.00036,0.56713,-0.00055,0.19997,0.00065,0.70601,-0.00009,0.70821,1,5,0.99607,0.01043,-0.06088,-0.06350,0.06336,0.04236,0.81136,0,0
1766094330.230657,-0.00932,-0.00114,0.00511,0.00028,0.00157,0.00020,0.56713,-0.00055,0.19997,0.00065,0.70601,-0.00009,0.70821,1,5,0.99607,0.01043,-0.06088,-0.06350,0.06336,0.04236,0.81136,0,0
1766094330.232700,-0.00615,-0.00923,0.02118,-0.00200,-0.00176,0.00050,0.56713,-0.00055,0.19997,0.00065,0.70601,-0.00009,0.70821,1,5,0.99607,0.01043,-0.06088,-0.06350,0.06336,0.04236,0.81136,0,0
1766094330.234672,-0.00954,-0.00962,-0.04784,0.00127,0.00018,-0.00037,0.56713,-0.00055,0.19997,0.00065,0.70601,-0.00009,0.70821,1,5,0.99607,0.01043,-0.06088,-0.06350,0.06336,0.04236,0.81136,0,0
1766094330.236696,-0.00116,0.02910,0.01943,0.00087,0.00080,-0.00021,0.56713,-0.00055,0.19997,0.00065,0.70601,-0.00009,0.70821,1,5,0.99622,0.01031,-0.05889,-0.06295,0.06336,0.04236,0.81140,0,0
1766094330.238687,-0.00045,0.00407,0.00517,-0.00009,0.00070,0.00046,0.56713,-0.00055,0.19997,0.00065,0.70601,-0.00009,0.70821,1,5,0.99622,0.01031,-0.05889,-0.06295,0.06336,0.04236,0.81140,0,0
1766094330.240735,0.00355,-0.00805,0.02074,0.00020,0.00041,0.00061,0.56713,-0.00055,0.19997,0.00065,0.70601,-0.00009,0.70821,1,5,0.99622,0.01031,-0.05889,-0.06295,0.06336,0.04236,0.81140,0,0
1766094330.242675,-0.00246,-0.00458,-0.00997,0.00243,0.00022,-0.00008,0.56713,-0.00055,0.19997,0.00065,0.70601,-0.00009,0.70821,1,5,0.99622,0.01031,-0.05889,-0.06295,0.06336,0.04236,0.81140,0,0
1766094330.244777,0.00411,0.02215,0.01958,0.00035,-0.00002,-0.00061,0.56713,-0.00055,0.19997,0.00065,0.70601,-0.00009,0.70821,1,5,0.99622,0.01031,-0.05889,-0.06295,0.06336,0.04236,0.81140,0,0
1766094330.246679,-0.00029,0.03009,-0.00313,0.00044,-0.00073,-0.00022,0.56713,-0.00055,0.19997,0.00065,0.70601,-0.00009,0.70821,1,5,0.99622,0.01031,-0.05889,-0.06295,0.06336,0.04236,0.81140,0,0
1766094330.248687,-0.00139,-0.00007,-0.00996,0.00117,0.00021,0.00018,0.56713,-0.00055,0.19997,0.00065,0.70601,-0.00009,0.70821,1,5,0.99622,0.01031,-0.05889,-0.06295,0.06336,0.04236,0.81140,0,0
1766094330.250680,-0.01301,-0.01227,-0.03262,0.00058,0.00035,-0.00049,0.56713,-0.00055,0.19997,0.00065,0.70601,-0.00009,0.70821,1,5,0.99622,0.01031,-0.05889,-0.06295,0.06336,0.04236,0.81140,0,0
1766094330.252690,-0.00532,-0.00257,-0.02531,0.00114,0.00050,-0.00036,0.56713,-0.00055,0.19997,0.00065,0.70601,-0.00009,0.70821,1,5,0.99622,0.01031,-0.05889,-0.06295,0.06336,0.04236,0.81140,0,0
1766094330.254701,-0.00024,0.01959,0.00474,0.00010,-0.00008,0.00006,0.56713,-0.00055,0.19997,0.00065,0.70601,-0.00009,0.70821,1,5,0.99622,0.01031,-0.05889,-0.06295,0.06336,0.04236,0.81140,0,0
1766094330.256695,-0.00946,-0.00517,0.04339,0.00067,0.00056,0.00037,0.56713,-0.00055,0.19997,0.00065,0.70601,-0.00009,0.70821,1,5,0.99622,0.01031,-0.05889,-0.06295,0.06336,0.04236,0.81140,0,0
1766094330.258738,-0.01811,0.00578,-0.01775,0.00146,-0.00024,-0.00034,0.56713,-0.00055,0.19997,0.00065,0.70601,-0.00009,0.70821,1,5,0.99622,0.01031,-0.05889,-0.06295,0.06336,0.04236,0.81140,0,0
1766094330.260705,-0.01059,-0.01913,-0.01712,0.00225,0.00007,-0.00008,0.56713,-0.00055,0.19997,0.00065,0.70601,-0.00009,0.70821,1,5,0.99622,0.01031,-0.05889,-0.06295,0.06336,0.04236,0.81140,0,0
1766094330.262708,-0.01328,0.00177,-0.00239,0.00010,0.00098,0.00034,0.56713,-0.00055,0.19997,0.00065,0.70601,-0.00009,0.70821,1,5,0.99622,0.01031,-0.05889,-0.06295,0.06336,0.04236,0.81140,0,0
1766094330.264699,0.00178,0.01673,-0.04105,0.00203,0.00104,-0.00012,0.56713,-0.00055,0.19997,0.00065,0.70601,-0.00009,0.70821,1,5,0.99622,0.01031,-0.05889,-0.06295,0.06336,0.04236,0.81140,0,0
1766094330.266719,-0.00574,0.00488,0.03574,-0.00248,-0.00089,0.00010,0.56713,-0.00055,0.19997,0.00065,0.70601,-0.00009,0.70821,1,5,0.99622,0.01031,-0.05889,-0.06295,0.06336,0.04236,0.81140,0,0
1766094330.268715,0.00006,0.00919,0.01246,-0.00025,0.00056,-0.00007,0.56713,-0.00055,0.19997,0.00065,0.70601,-0.00009,0.70821,1,5,0.99622,0.01031,-0.05889,-0.06295,0.06336,0.04236,0.81140,0,0
1766094330.270713,0.00455,0.01693,-0.01803,-0.00037,-0.00014,-0.00010,0.56713,-0.00055,0.19997,0.00065,0.70601,-0.00009,0.70821,1,5,0.99622,0.01031,-0.05889,-0.06295,0.06336,0.04236,0.81140,0,0
1766094330.272773,0.00407,0.01762,-0.00277,0.00029,-0.00077,-0.00009,0.56713,-0.00055,0.19997,0.00065,0.70601,-0.00009,0.70821,1,5,0.99622,0.01031,-0.05889,-0.06295,0.06336,0.04236,0.81140,0,0
1766094330.274855,-0.00676,-0.00192,-0.04032,0.00246,0.00002,0.00003,0.56713,-0.00055,0.19997,0.00065,0.70601,-0.00009,0.70821,1,5,0.99622,0.01031,-0.05889,-0.06295,0.06336,0.04236,0.81140,0,0
1766094330.276791,-0.01448,0.00256,-0.02532,0.00164,0.00061,-0.00009,0.56713,-0.00055,0.19997,0.00065,0.70601,-0.00009,0.70821,1,5,0.99622,0.01031,-0.05889,-0.06295,0.06336,0.04236,0.81140,0,0
1766094330.278735,-0.00892,0.00425,-0.00257,0.00013,0.00092,0.00006,0.56713,-0.00055,0.19997,0.00065,0.70601,-0.00009,0.70821,1,5,0.99621,0.01055,-0.05788,-0.06402,0.06336,0.04238,0.81138,0,0
1766094330.280699,-0.00081,0.02004,-0.01801,0.00076,-0.00045,0.00004,0.56713,-0.00055,0.19997,0.00065,0.70601,-0.00009,0.70821,1,5,0.99621,0.01055,-0.05788,-0.06402,0.06336,0.04238,0.81138,0,0
1766094330.282756,-0.00479,0.00236,-0.01750,0.00033,-0.00001,0.00032,0.56713,-0.00055,0.19997,0.00065,0.70601,-0.00009,0.70821,1,5,0.99621,0.01055,-0.05788,-0.06402,0.06336,0.04238,0.81138,0,0
1766094330.284716,-0.00531,0.00236,-0.01772,0.00098,0.00037,-0.00009,0.56713,-0.00055,0.19997,0.00065,0.70601,-0.00009,0.70821,1,5,0.99621,0.01055,-0.05788,-0.06402,0.06336,0.04238,0.81138,0,0
1766094330.286741,-0.01881,-0.00149,0.05071,-0.00125,-0.00100,-0.00109,0.56713,-0.00055,0.19997,0.00065,0.70601,-0.00009,0.70821,1,5,0.99621,0.01055,-0.05788,-0.06402,0.06336,0.04238,0.81138,0,0
1766094330.288709,0.00898,0.02953,0.00443,-0.00044,-0.00059,-0.00022,0.56713,-0.00055,0.19997,0.00065,0.70601,-0.00009,0.70821,1,5,0.99621,0.01055,-0.05788,-0.06402,0.06336,0.04238,0.81138,0,0
1766094330.290749,0.00367,0.01722,0.00473,0.00051,-0.00013,-0.00008,0.56713,-0.00055,0.19997,0.00065,0.70601,-0.00009,0.70821,1,5,0.99621,0.01055,-0.05788,-0.06402,0.06336,0.04238,0.81138,0,0
1766094330.292703,0.00818,-0.00967,0.02054,0.00062,-0.00042,-0.00033,0.56713,-0.00055,0.19997,0.00065,0.70601,-0.00009,0.70821,1,5,0.99621,0.01055,-0.05788,-0.06402,0.06336,0.04238,0.81138,0,0
1766094330.294753,-0.00145,-0.00442,-0.03283,0.00177,-0.00018,-0.00051,0.56713,-0.00055,0.19997,0.00065,0.70601,-0.00009,0.70821,1,5,0.99621,0.01055,-0.05788,-0.06402,0.06336,0.04238,0.81138,0,0
1766094330.296700,-0.00484,-0.01265,0.02841,0.00036,0.00038,0.00036,0.56713,-0.00055,0.19997,0.00065,0.70601,-0.00009,0.70821,1,5,0.99621,0.01055,-0.05788,-0.06402,0.06336,0.04238,0.81138,0,0
1766094330.298714,0.00272,-0.00034,-0.00192,-0.00276,-0.00111,0.00060,0.56713,-0.00055,0.19997,0.00065,0.70601,-0.00009,0.70821,1,5,0.99621,0.01055,-0.05788,-0.06402,0.06336,0.04238,0.81138,0,0
1766094330.300701,0.00200,-0.00248,-0.03298,0.00223,0.00054,-0.00038,0.56713,-0.00055,0.19997,0.00065,0.70601,-0.00009,0.70821,1,5,0.99621,0.01055,-0.05788,-0.06402,0.06336,0.04238,0.81138,0,0
1766094330.302709,0.00060,-0.00992,-0.01721,-0.00048,-0.00045,0.00005,0.56713,-0.00055,0.19997,0.00065,0.70601,-0.00009,0.70821,1,5,0.99621,0.01055,-0.05788,-0.06402,0.06336,0.04238,0.81138,0,0
1766094330.304706,0.00019,0.01960,0.01201,0.00010,0.00015,-0.00075,0.56713,-0.00055,0.19997,0.00065,0.70601,-0.00009,0.70821,1,5,0.99621,0.01055,-0.05788,-0.06402,0.06336,0.04238,0.81138,0,0
1766094330.306883,0.00435,0.00642,0.00501,-0.00050,0.00064,0.00019,0.56713,-0.00055,0.19997,0.00065,0.70601,-0.00009,0.70821,1,5,0.99621,0.01055,-0.05788,-0.06402,0.06336,0.04238,0.81138,0,0
1766094330.308745,-0.01004,0.01517,-0.00286,0.00157,0.00016,-0.00021,0.56713,-0.00055,0.19997,0.00065,0.70601,-0.00009,0.70821,1,5,0.99621,0.01055,-0.05788,-0.06402,0.06336,0.04238,0.81138,0,0
1766094330.310769,0.00896,0.01396,0.03506,-0.00063,0.00044,-0.00020,0.56713,-0.00055,0.19997,0.00065,0.70601,-0.00009,0.70821,1,5,0.99621,0.01055,-0.05788,-0.06402,0.06336,0.04238,0.81138,0,0
1766094330.312715,-0.01448,0.00265,-0.01030,0.00186,0.00073,-0.00048,0.56713,-0.00055,0.19997,0.00065,0.70601,-0.00009,0.70821,1,5,0.99621,0.01055,-0.05788,-0.06402,0.06336,0.04238,0.81138,0,0
1766094330.314744,-0.01333,-0.00019,0.02820,-0.00320,-0.00067,-0.00017,0.56713,-0.00055,0.19997,0.00065,0.70601,-0.00009,0.70821,1,5,0.99621,0.01055,-0.05788,-0.06402,0.06336,0.04238,0.81138,0,0
1766094330.316717,-0.01133,0.01009,-0.00298,0.00282,0.00094,-0.00048,0.56713,-0.00055,0.19997,0.00065,0.70601,-0.00009,0.70821,1,5,0.99621,0.01055,-0.05788,-0.06402,0.06336,0.04238,0.81138,0,0
1766094330.318736,0.00026,-0.00018,-0.01763,-0.00014,-0.00007,-0.00022,0.56713,-0.00055,0.19997,0.00065,0.70601,-0.00009,0.70821,1,5,0.99621,0.01055,-0.05788,-0.06402,0.06336,0.04238,0.81138,0,0
1766094330.320756,-0.00497,0.01623,0.01217,0.00027,0.00137,-0.00007,0.56713,-0.00055,0.19997,0.00065,0.70601,-0.00009,0.70821,1,5,0.99621,0.01055,-0.05788,-0.06402,0.06336,0.04238,0.81138,0,0
1766094330.322742,-0.00826,-0.00029,-0.00227,-0.00036,0.00016,0.00020,0.56713,-0.00055,0.19997,0.00065,0.70601,-0.00009,0.70821,1,5,0.99621,0.01017,-0.05938,-0.06279,0.06337,0.04238,0.81157,0,0
1766094330.324835,-0.00171,0.01206,0.04309,-0.00240,-0.00069,0.00010,0.56713,-0.00055,0.19997,0.00065,0.70601,-0.00009,0.70821,1,5,0.99621,0.01017,-0.05938,-0.06279,0.06337,0.04238,0.81157,0,0
1766094330.326736,-0.00593,-0.00495,0.02091,-0.00238,-0.00100,0.00036,0.56713,-0.00055,0.19997,0.00065,0.70601,-0.00009,0.70821,1,5,0.99621,0.01017,-0.05938,-0.06279,0.06337,0.04238,0.81157,0,0
1766094330.328766,-0.00529,-0.00521,0.03611,-0.00304,-0.00089,0.00037,0.56713,-0.00055,0.19997,0.00065,0.70601,-0.00009,0.70821,1,5,0.99621,0.01017,-0.05938,-0.06279,0.06337,0.04238,0.81157,0,0
1766094330.330742,-0.00979,-0.00462,-0.01006,0.00155,0.00030,-0.00048,0.56713,-0.00055,0.19997,0.00065,0.70601,-0.00009,0.70821,1,5,0.99621,0.01017,-0.05938,-0.06279,0.06337,0.04238,0.81157,0,0
1766094330.332734,0.00327,-0.00066,0.02809,-0.00299,-0.00049,-0.00018,0.56713,-0.00055,0.19997,0.00065,0.70601,-0.00009,0.70821,1,5,0.99621,0.01017,-0.05938,-0.06279,0.06337,0.04238,0.81157,0,0
1766094330.334731,0.00883,0.01433,0.00455,-0.00019,0.00018,-0.00062,0.56713,-0.00055,0.19997,0.00065,0.70601,-0.00009,0.70821,1,5,0.99621,0.01017,-0.05938,-0.06279,0.06337,0.04238,0.81157,0,0
1766094330.336790,0.00262,0.01632,0.01988,0.00093,0.00116,0.00033,0.56713,-0.00055,0.19997,0.00065,0.70601,-0.00009,0.70821,1,5,0.99621,0.01017,-0.05938,-0.06279,0.06337,0.04238,0.81157,0,0
1766094330.339166,-0.01056,0.01508,-0.01810,0.00201,0.00042,-0.00022,0.56713,-0.00055,0.19997,0.00065,0.70601,-0.00009,0.70821,1,5,0.99621,0.01017,-0.05938,-0.06279,0.06337,0.04238,0.81157,0,0
1766094330.340753,0.00345,0.00302,-0.00241,0.00099,-0.00075,-0.00008,0.56713,-0.00055,0.19997,0.00065,0.70601,-0.00009,0.70821,1,5,0.99621,0.01017,-0.05938,-0.06279,0.06337,0.04238,0.81157,0,0
1766094330.342741,0.00433,0.00277,-0.00238,0.00011,-0.00076,-0.00008,0.56713,-0.00055,0.19997,0.00065,0.70601,-0.00009,0.70821,1,5,0.99621,0.01017,-0.05938,-0.06279,0.06337,0.04238,0.81157,0,0
1766094330.344743,-0.00979,0.01019,-0.01785,0.00129,0.00004,-0.00009,0.56713,-0.00055,0.19997,0.00065,0.70601,-0.00009,0.70821,1,5,0.99621,0.01017,-0.05938,-0.06279,0.06337,0.04238,0.81157,0,0
1766094330.346784,0.00304,-0.00494,0.02836,-0.00260,-0.00125,-0.00005,0.56713,-0.00055,0.19997,0.00065,0.70601,-0.00009,0.70821,1,5,0.99621,0.01017,-0.05938,-0.06279,0.06337,0.04238,0.81157,0,0
1766094330.348744,-0.00505,-0.00515,0.01317,-0.00304,-0.00089,-0.00005,0.56713,-0.00055,0.19997,0.00065,0.70601,-0.00009,0.70821,1,5,0.99621,0.01017,-0.05938,-0.06279,0.06337,0.04238,0.81157,0,0
1766094330.350792,0.00371,0.01159,-0.02539,0.00000,0.00039,0.00043,0.56713,-0.00055,0.19997,0.00065,0.70601,-0.00009,0.70821,1,5,0.99621,0.01017,-0.05938,-0.06279,0.06337,0.04238,0.81157,0,0
1766094330.352759,0.01173,0.00045,0.03603,-0.00275,-0.00224,0.00022,0.56713,-0.00055,0.19997,0.00065,0.70601,-0.00009,0.70821,1,5,0.99621,0.01017,-0.05938,-0.06279,0.06337,0.04238,0.81157,0,0
1766094330.354759,0.00663,0.00728,0.02050,-0.00224,-0.00117,0.00021,0.56713,-0.00055,0.19997,0.00065,0.70601,-0.00009,0.70821,1,5,0.99621,0.01017,-0.05938,-0.06279,0.06337,0.04238,0.81157,0,0
1766094330.356887,-0.00158,0.02003,-0.00307,0.00163,0.00005,-0.00036,0.56713,-0.00055,0.19997,0.00065,0.70601,-0.00009,0.70821,1,5,0.99621,0.01017,-0.05938,-0.06279,0.06337,0.04238,0.81157,0,0
1766094330.358772,0.00473,0.00696,0.00476,-0.00027,0.00024,-0.00062,0.56713,-0.00055,0.19997,0.00065,0.70601,-0.00009,0.70821,1,5,0.99621,0.01017,-0.05938,-0.06279,0.06337,0.04238,0.81157,0,0
1766094330.360736,-0.00953,0.00444,0.02056,0.00035,0.00056,0.00089,0.56713,-0.00055,0.19997,0.00065,0.70601,-0.00009,0.70821,1,5,0.99621,0.01017,-0.05938,-0.06279,0.06337,0.04238,0.81157,0,0
1766094330.362780,0.00290,0.00948,0.01291,-0.00286,-0.00099,0.00034,0.56713,-0.00055,0.19997,0.00065,0.70601,-0.00009,0.70821,1,5,0.99621,0.01017,-0.05938,-0.06279,0.06337,0.04238,0.81157,0,0
1766094330.364741,0.00765,-0.00069,0.02053,0.00029,0.00035,0.00060,0.56713,-0.00055,0.19997,0.00065,0.70601,-0.00009,0.70821,1,5,0.99621,0.01017,-0.05938,-0.06279,0.06337,0.04238,0.81157,0,0
1766094330.366854,0.00903,0.01414,0.02750,-0.00062,0.00019,-0.00020,0.56713,-0.00055,0.19997,0.00065,0.70601,-0.00009,0.70821,1,5,0.99602,0.01085,-0.06050,-0.06448,0.06337,0.04238,0.81145,0,0
1766094330.368823,-0.00620,0.00261,-0.01774,0.00186,0.00038,-0.00009,0.56713,-0.00055,0.19997,0.00065,0.70601,-0.00009,0.70821,1,5,0.99602,0.01085,-0.06050,-0.06448,0.06337,0.04238,0.81145,0,0
1766094330.370754,-0.00003,0.00405,-0.01035,-0.00009,0.00094,-0.00036,0.56713,-0.00055,0.19997,0.00065,0.70601,-0.00009,0.70821,1,5,0.99602,0.01085,-0.06050,-0.06448,0.06337,0.04238,0.81145,0,0
1766094330.372743,0.01716,-0.01110,-0.00225,-0.00049,0.00062,0.00004,0.56713,-0.00055,0.19997,0.00065,0.70601,-0.00009,0.70821,1,5,0.99602,0.01085,-0.06050,-0.06448,0.06337,0.04238,0.81145,0,0
1766094330.374826,-0.00080,0.00526,0.01256,0.00102,-0.00020,-0.00034,0.56713,-0.00055,0.19997,0.00065,0.70601,-0.00009,0.70821,1,5,0.99602,0.01085,-0.06050,-0.06448,0.06337,0.04238,0.81145,0,0
1766094330.376818,-0.01694,0.00934,0.03510,-0.00003,0.00113,-0.00044,0.56713,-0.00055,0.19997,0.00065,0.70601,-0.00009,0.70821,1,5,0.99602,0.01085,-0.06050,-0.06448,0.06337,0.04238,0.81145,0,0
1766094330.378779,-0.02269,0.00768,-0.04064,0.00148,0.00058,-0.00023,0.56713,-0.00055,0.19997,0.00065,0.70601,-0.00009,0.70821,1,5,0.99602,0.01085,-0.06050,-0.06448,0.06337,0.04238,0.81145,0,0
1766094330.380769,-0.00227,0.00752,0.02051,-0.00180,-0.00106,0.00022,0.56713,-0.00055,0.19997,0.00065,0.70601,-0.00009,0.70821,1,5,0.99602,0.01085,-0.06050,-0.06448,0.06337,0.04238,0.81145,0,0
1766094330.382912,-0.01347,-0.01923,0.02145,-0.00300,-0.00166,0.00038,0.56713,-0.00055,0.19997,0.00065,0.70601,-0.00009,0.70821,1,5,0.99602,0.01085,-0.06050,-0.06448,0.06337,0.04238,0.81145,0,0
1766094330.384785,0.01749,0.01398,0.00468,-0.00062,0.00009,-0.00023,0.56713,-0.00055,0.19997,0.00065,0.70601,-0.00009,0.70821,1,5,0.99602,0.01085,-0.06050,-0.06448,0.06337,0.04238,0.81145,0,0
1766094330.386889,0.02137,0.01217,0.01995,0.00001,-0.00060,-0.00035,0.56713,-0.00055,0.19997,0.00065,0.70601,-0.00009,0.70821,1,5,0.99602,0.01085,-0.06050,-0.06448,0.06337,0.04238,0.81145,0,0
1766094330.388766,-0.00145,0.00056,-0.03301,0.00183,-0.00019,-0.00064,0.56713,-0.00055,0.19997,0.00065,0.70601,-0.00009,0.70821,1,5,0.99602,0.01085,-0.06050,-0.06448,0.06337,0.04238,0.81145,0,0
1766094330.390797,0.00450,0.01183,0.03528,-0.00043,0.00012,0.00008,0.56713,-0.00055,0.19997,0.00065,0.70601,-0.00009,0.70821,1,5,0.99602,0.01085,-0.06050,-0.06448,0.06337,0.04238,0.81145,0,0
1766094330.392771,-0.00971,-0.00204,0.03584,-0.00235,-0.00123,-0.00030,0.56713,-0.00055,0.19997,0.00065,0.70601,-0.00009,0.70821,1,5,0.99602,0.01085,-0.06050,-0.06448,0.06337,0.04238,0.81145,0,0
1766094330.394784,0.00704,0.00150,0.02800,-0.00274,-0.00016,-0.00006,0.56713,-0.00055,0.19997,0.00065,0.70601,-0.00009,0.70821,1,5,0.99602,0.01085,-0.06050,-0.06448,0.06337,0.04238,0.81145,0,0
1766094330.396764,-0.00190,0.01975,0.00464,0.00163,0.00032,0.00005,0.56713,-0.00055,0.19997,0.00065,0.70601,-0.00009,0.70821,1,5,0.99602,0.01085,-0.06050,-0.06448,0.06337,0.04238,0.81145,0,0
1766094330.398767,-0.00240,-0.00443,-0.04032,0.00243,-0.00004,-0.00011,0.56713,-0.00055,0.19997,0.00065,0.70601,-0.00009,0.70821,1,5,0.99602,0.01085,-0.06050,-0.06448,0.06337,0.04238,0.81145,0,0
1766094330.400771,-0.01373,-0.00674,-0.00962,0.00109,-0.00040,0.00020,0.56713,-0.00055,0.19997,0.00065,0.70601,-0.00009,0.70821,1,5,0.99602,0.01085,-0.06050,-0.06448,0.06337,0.04238,0.81145,0,0
1766094330.402832,-0.00974,0.01202,0.02034,-0.00284,-0.00060,0.00009,0.56713,-0.00055,0.19997,0.00065,0.70601,-0.00009,0.70821,1,5,0.99602,0.01085,-0.06050,-0.06448,0.06337,0.04238,0.81145,0,0
1766094330.404882,-0.00892,-0.00698,0.04386,-0.00328,-0.00173,0.00025,0.56713,-0.00055,0.19997,0.00065,0.70601,-0.00009,0.70821,1,5,0.99602,0.01085,-0.06050,-0.06448,0.06337,0.04238,0.81145,0,0
1766094330.406933,-0.00911,0.00442,0.00504,0.00035,0.00080,0.00007,0.56713,-0.00055,0.19997,0.00065,0.70601,-0.00009,0.70821,1,5,0.99602,0.01085,-0.06050,-0.06448,0.06337,0.04238,0.81145,0,0
1766094330.408887,-0.00236,-0.00496,-0.03281,0.00220,0.00060,-0.00010,0.56713,-0.00055,0.19997,0.00065,0.70601,-0.00009,0.70821,1,5,0.99602,0.01085,-0.06050,-0.06448,0.06337,0.04238,0.81145,0,0
1766094330.410868,-0.01095,-0.01026,-0.03250,0.00192,0.00110,0.00044,0.56713,-0.00055,0.19997,0.00065,0.70601,-0.00009,0.70821,1,5,0.99602,0.01085,-0.06050,-0.06448,0.06337,0.04238,0.81145,0,0
1766094330.412870,-0.00024,-0.01509,0.00547,0.00033,0.00032,-0.00020,0.56713,-0.00055,0.19997,0.00065,0.70601,-0.00009,0.70821,1,5,0.99630,0.01018,-0.05747,-0.06305,0.06339,0.04239,0.81180,0,0
1766094330.414912,-0.00492,-0.00295,0.02059,0.00026,0.00051,0.00048,0.56713,-0.00055,0.19997,0.00065,0.70601,-0.00009,0.70821,1,5,0.99630,0.01018,-0.05747,-0.06305,0.06339,0.04239,0.81180,0,0
1766094330.416819,-0.01714,-0.00985,0.05869,0.00018,0.00040,0.00012,0.56713,-0.00055,0.19997,0.00065,0.70601,-0.00009,0.70821,1,5,0.99630,0.01018,-0.05747,-0.06305,0.06339,0.04239,0.81180,0,0
1766094330.418818,-0.00617,-0.00157,-0.01762,0.00224,-0.00038,-0.00035,0.56713,-0.00055,0.19997,0.00065,0.70601,-0.00009,0.70821,1,5,0.99630,0.01018,-0.05747,-0.06305,0.06339,0.04239,0.81180,0,0
1766094330.420803,-0.00595,0.00769,-0.01807,0.00192,0.00037,-0.00063,0.56713,-0.00055,0.19997,0.00065,0.70601,-0.00009,0.70821,1,5,0.99630,0.01018,-0.05747,-0.06305,0.06339,0.04239,0.81180,0,0
1766094330.422802,0.00375,0.01612,-0.00303,0.00006,0.00114,-0.00009,0.56713,-0.00055,0.19997,0.00065,0.70601,-0.00009,0.70821,1,5,0.99630,0.01018,-0.05747,-0.06305,0.06339,0.04239,0.81180,0,0
1766094330.424810,-0.02118,-0.00638,-0.01744,0.00065,-0.00058,-0.00060,0.56713,-0.00055,0.19997,0.00065,0.70601,-0.00009,0.70821,1,5,0.99630,0.01018,-0.05747,-0.06305,0.06339,0.04239,0.81180,0,0
1766094330.426803,0.00649,-0.00798,0.02839,-0.00220,-0.00052,0.00022,0.56713,-0.00055,0.19997,0.00065,0.70601,-0.00009,0.70821,1,5,0.99630,0.01018,-0.05747,-0.06305,0.06339,0.04239,0.81180,0,0
1766094330.428805,-0.00472,0.00131,-0.03302,0.00009,0.00138,-0.00010,0.56713,-0.00055,0.19997,0.00065,0.70601,-0.00009,0.70821,1,5,0.99630,0.01018,-0.05747,-0.06305,0.06339,0.04239,0.81180,0,0
1766094330.430938,-0.00010,0.00999,-0.01002,-0.00002,-0.00058,0.00032,0.56713,-0.00055,0.19997,0.00065,0.70601,-0.00009,0.70821,1,5,0.99630,0.01018,-0.05747,-0.06305,0.06339,0.04239,0.81180,0,0
1766094330.432821,-0.01349,-0.00170,-0.03273,0.00115,-0.00042,-0.00036,0.56713,-0.00055,0.19997,0.00065,0.70601,-0.00009,0.70821,1,5,0.99630,0.01018,-0.05747,-0.06305,0.06339,0.04239,0.81180,0,0
1766094330.434791,-0.00100,-0.01944,-0.04005,0.00137,-0.00005,-0.00051,0.56713,-0.00055,0.19997,0.00065,0.70601,-0.00009,0.70821,1,5,0.99630,0.01018,-0.05747,-0.06305,0.06339,0.04239,0.81180,0,0
1766094330.436796,-0.00649,0.01675,-0.00306,0.00181,0.00126,-0.00008,0.56713,-0.00055,0.19997,0.00065,0.70601,-0.00009,0.70821,1,5,0.99630,0.01018,-0.05747,-0.06305,0.06339,0.04239,0.81180,0,0
1766094330.438785,-0.00976,0.01589,-0.03310,0.00158,-0.00085,-0.00023,0.56713,-0.00055,0.19997,0.00065,0.70601,-0.00009,0.70821,1,5,0.99630,0.01018,-0.05747,-0.06305,0.06339,0.04239,0.81180,0,0
1766094330.440791,-0.02675,-0.01381,-0.01717,0.00166,-0.00012,-0.00020,0.56713,-0.00055,0.19997,0.00065,0.70601,-0.00009,0.70821,1,5,0.99630,0.01018,-0.05747,-0.06305,0.06339,0.04239,0.81180,0,0
1766094330.442813,0.00420,-0.00756,0.01309,-0.00001,-0.00024,0.00020,0.56713,-0.00055,0.19997,0.00065,0.70601,-0.00009,0.70821,1,5,0.99630,0.01018,-0.05747,-0.06305,0.06339,0.04239,0.81180,0,0
1766094330.444893,-0.00228,-0.00973,-0.01740,0.00215,0.00035,0.00005,0.56713,-0.00055,0.19997,0.00065,0.70601,-0.00009,0.70821,1,5,0.99630,0.01018,-0.05747,-0.06305,0.06339,0.04239,0.81180,0,0
1766094330.446908,-0.00639,0.01275,-0.01049,0.00220,0.00025,-0.00036,0.56713,-0.00055,0.19997,0.00065,0.70601,-0.00009,0.70821,1,5,0.99630,0.01018,-0.05747,-0.06305,0.06339,0.04239,0.81180,0,0
1766094330.448878,-0.02256,-0.00375,0.06634,-0.00194,-0.00158,-0.00039,0.56713,-0.00055,0.19997,0.00065,0.70601,-0.00009,0.70821,1,5,0.99630,0.01018,-0.05747,-0.06305,0.06339,0.04239,0.81180,0,0
1766094330.450906,-0.01415,-0.00211,-0.01007,0.00158,0.00035,-0.00034,0.56713,-0.00055,0.19997,0.00065,0.70601,-0.00009,0.70821,1,5,0.99630,0.01018,-0.05747,-0.06305,0.06339,0.04239,0.81180,0,0
1766094330.452877,-0.00476,-0.00183,-0.01737,0.00071,-0.00077,0.00005,0.56713,-0.00055,0.19997,0.00065,0.70601,-0.00009,0.70821,1,5,0.99630,0.01018,-0.05747,-0.06305,0.06339,0.04239,0.81180,0,0
1766094330.454900,-0.01154,-0.00666,0.06631,-0.00066,-0.00095,-0.00014,0.56713,-0.00055,0.19997,0.00065,0.70601,-0.00009,0.70821,1,5,0.99591,0.01073,-0.06161,-0.06521,0.06335,0.04237,0.81133,0,0
1766094330.456809,0.00436,-0.01693,0.07394,0.00031,-0.00050,-0.00028,0.56713,-0.00055,0.19997,0.00065,0.70601,-0.00009,0.70821,1,5,0.99591,0.01073,-0.06161,-0.06521,0.06335,0.04237,0.81133,0,0
1766094330.458828,-0.00189,0.00562,-0.02544,0.00211,-0.00031,-0.00037,0.56713,-0.00055,0.19997,0.00065,0.70601,-0.00009,0.70821,1,5,0.99591,0.01073,-0.06161,-0.06521,0.06335,0.04237,0.81133,0,0
1766094330.460832,0.00452,0.00761,0.01262,-0.00005,-0.00064,-0.00021,0.56713,-0.00055,0.19997,0.00065,0.70601,-0.00009,0.70821,1,5,0.99591,0.01073,-0.06161,-0.06521,0.06335,0.04237,0.81133,0,0
1766094330.462842,-0.00942,-0.00994,-0.02510,0.00105,0.00056,-0.00036,0.56713,-0.00055,0.19997,0.00065,0.70601,-0.00009,0.70821,1,5,0.99591,0.01073,-0.06161,-0.06521,0.06335,0.04237,0.81133,0,0
1766094330.464820,-0.01398,0.02675,0.01964,0.00084,0.00097,0.00008,0.56713,-0.00055,0.19997,0.00065,0.70601,-0.00009,0.70821,1,5,0.99591,0.01073,-0.06161,-0.06521,0.06335,0.04237,0.81133,0,0
1766094330.466850,-0.00120,-0.00433,-0.03298,0.00177,-0.00019,-0.00091,0.56713,-0.00055,0.19997,0.00065,0.70601,-0.00009,0.70821,1,5,0.99591,0.01073,-0.06161,-0.06521,0.06335,0.04237,0.81133,0,0
1766094330.468830,0.01356,0.00650,-0.01048,-0.00072,0.00039,-0.00064,0.56713,-0.00055,0.19997,0.00065,0.70601,-0.00009,0.70821,1,5,0.99591,0.01073,-0.06161,-0.06521,0.06335,0.04237,0.81133,0,0
1766094330.470830,0.00917,0.01450,0.01238,-0.00062,-0.00032,-0.00021,0.56713,-0.00055,0.19997,0.00065,0.70601,-0.00009,0.70821,1,5,0.99591,0.01073,-0.06161,-0.06521,0.06335,0.04237,0.81133,0,0
1766094330.472812,0.01531,0.00152,0.01279,-0.00252,-0.00038,-0.00008,0.56713,-0.00055,0.19997,0.00065,0.70601,-0.00009,0.70821,1,5,0.99591,0.01073,-0.06161,-0.06521,0.06335,0.04237,0.81133,0,0
1766094330.474913,-0.00337,0.00295,-0.02507,-0.00054,-0.00104,-0.00009,0.56713,-0.00055,0.19997,0.00065,0.70601,-0.00009,0.70821,1,5,0.99591,0.01073,-0.06161,-0.06521,0.06335,0.04237,0.81133,0,0
1766094330.476877,-0.00992,-0.00514,-0.02498,0.00111,0.00057,0.00032,0.56713,-0.00055,0.19997,0.00065,0.70601,-0.00009,0.70821,1,5,0.99591,0.01073,-0.06161,-0.06521,0.06335,0.04237,0.81133,0,0
1766094330.478847,0.00763,0.01414,-0.01781,0.00025,0.00022,0.00057,0.56713,-0.00055,0.19997,0.00065,0.70601,-0.00009,0.70821,1,5,0.99591,0.01073,-0.06161,-0.06521,0.06335,0.04237,0.81133,0,0
1766094330.480851,-0.00894,0.01047,-0.02534,0.00064,-0.00060,-0.00009,0.56713,-0.00055,0.19997,0.00065,0.70601,-0.00009,0.70821,1,5,0.99591,0.01073,-0.06161,-0.06521,0.06335,0.04237,0.81133,0,0
1766094330.482861,0.00327,-0.00306,0.00517,0.00070,0.00066,0.00006,0.56713,-0.00055,0.19997,0.00065,0.70601,-0.00009,0.70821,1,5,0.99591,0.01073,-0.06161,-0.06521,0.06335,0.04237,0.81133,0,0
1766094330.484859,-0.01394,-0.00238,-0.00214,0.00092,0.00024,0.00047,0.56713,-0.00055,0.19997,0.00065,0.70601,-0.00009,0.70821,1,5,0.99591,0.01073,-0.06161,-0.06521,0.06335,0.04237,0.81133,0,0
1766094330.486845,-0.01081,-0.00489,-0.02501,0.00198,0.00058,0.00032,0.56713,-0.00055,0.19997,0.00065,0.70601,-0.00009,0.70821,1,5,0.99591,0.01073,-0.06161,-0.06521,0.06335,0.04237,0.81133,0,0
1766094330.488822,-0.02586,-0.00406,0.00529,0.00090,-0.00014,-0.00045,0.56713,-0.00055,0.19997,0.00065,0.70601,-0.00009,0.70821,1,5,0.99591,0.01073,-0.06161,-0.06521,0.06335,0.04237,0.81133,0,0
1766094330.490870,0.00387,0.01283,-0.02554,0.00067,-0.00076,-0.00037,0.56713,-0.00055,0.19997,0.00065,0.70601,-0.00009,0.70821,1,5,0.99591,0.01073,-0.06161,-0.06521,0.06335,0.04237,0.81133,0,0
1766094330.492837,-0.01629,-0.01876,-0.00184,0.00007,-0.00088,-0.00046,0.56713,-0.00055,0.19997,0.00065,0.70601,-0.00009,0.70821,1,5,0.99591,0.01073,-0.06161,-0.06521,0.06335,0.04237,0.81133,0,0
1766094330.494835,0.00378,0.01193,-0.00291,0.00044,0.00038,-0.00036,0.56713,-0.00055,0.19997,0.00065,0.70601,-0.00009,0.70821,1,5,0.99591,0.01073,-0.06161,-0.06521,0.06335,0.04237,0.81133,0,0
1766094330.496840,-0.00872,0.00495,0.00479,0.00057,0.00040,-0.00074,0.56713,-0.00055,0.19997,0.00065,0.70601,-0.00009,0.70821,1,5,0.99591,0.01073,-0.06161,-0.06521,0.06335,0.04237,0.81133,0,0
1766094330.498862,-0.00434,0.01223,0.00495,0.00001,-0.00003,0.00006,0.56713,-0.00055,0.19997,0.00065,0.70601,-0.00009,0.70821,1,5,0.99622,0.01039,-0.05934,-0.06257,0.06335,0.04236,0.81129,0,0
1766094330.500847,0.00048,-0.01021,0.04348,-0.00048,0.00006,0.00010,0.56713,-0.00055,0.19997,0.00065,0.70601,-0.00009,0.70821,1,5,0.99622,0.01039,-0.05934,-0.06257,0.06335,0.04236,0.81129,0,0
1766094330.502847,-0.00468,0.00201,-0.01754,0.00010,0.00037,0.00032,0.56713,-0.00055,0.19997,0.00065,0.70601,-0.00009,0.70821,1,5,0.99622,0.01039,-0.05934,-0.06257,0.06335,0.04236,0.81129,0,0
1766094330.504860,-0.00936,-0.00559,-0.00223,0.00045,0.00094,0.00033,0.56713,-0.00055,0.19997,0.00065,0.70601,-0.00009,0.70821,1,5,0.99622,0.01039,-0.05934,-0.06257,0.06335,0.04236,0.81129,0,0
1766094330.506877,-0.00089,-0.00078,0.00533,0.00029,0.00071,0.00060,0.56713,-0.00055,0.19997,0.00065,0.70601,-0.00009,0.70821,1,5,0.99622,0.01039,-0.05934,-0.06257,0.06335,0.04236,0.81129,0,0
1766094330.508896,-0.00373,0.01198,-0.01041,-0.00043,0.00022,-0.00035,0.56713,-0.00055,0.19997,0.00065,0.70601,-0.00009,0.70821,1,5,0.99622,0.01039,-0.05934,-0.06257,0.06335,0.04236,0.81129,0,0
1766094330.510885,-0.00916,0.01491,-0.00283,0.00069,0.00015,-0.00021,0.56713,-0.00055,0.19997,0.00065,0.70601,-0.00009,0.70821,1,5,0.99622,0.01039,-0.05934,-0.06257,0.06335,0.04236,0.81129,0,0
1766094330.512856,0.00262,-0.00124,0.02072,-0.00299,0.00004,0.00062,0.56713,-0.00055,0.19997,0.00065,0.70601,-0.00009,0.70821,1,5,0.99622,0.01039,-0.05934,-0.06257,0.06335,0.04236,0.81129,0,0
1766094330.514938,-0.00924,-0.00883,-0.03251,0.00128,-0.00084,-0.00036,0.56713,-0.00055,0.19997,0.00065,0.70601,-0.00009,0.70821,1,5,0.99622,0.01039,-0.05934,-0.06257,0.06335,0.04236,0.81129,0,0
1766094330.516854,-0.00073,0.01046,0.02761,0.00108,-0.00046,-0.00046,0.56713,-0.00055,0.19997,0.00065,0.70601,-0.00009,0.70821,1,5,0.99622,0.01039,-0.05934,-0.06257,0.06335,0.04236,0.81129,0,0
1766094330.518868,-0.00454,0.01237,-0.01023,0.00023,-0.00015,0.00005,0.56713,-0.00055,0.19997,0.00065,0.70601,-0.00009,0.70821,1,5,0.99622,0.01039,-0.05934,-0.06257,0.06335,0.04236,0.81129,0,0
1766094330.520870,-0.00827,0.01466,-0.00281,-0.00018,0.00014,-0.00021,0.56713,-0.00055,0.19997,0.00065,0.70601,-0.00009,0.70821,1,5,0.99622,0.01039,-0.05934,-0.06257,0.06335,0.04236,0.81129,0,0
1766094330.522896,-0.02575,-0.01441,-0.01719,0.00056,0.00025,-0.00020,0.56713,-0.00055,0.19997,0.00065,0.70601,-0.00009,0.70821,1,5,0.99622,0.01039,-0.05934,-0.06257,0.06335,0.04236,0.81129,0,0
1766094330.524868,-0.00398,0.00209,0.02013,-0.00012,0.00048,-0.00046,0.56713,-0.00055,0.19997,0.00065,0.70601,-0.00009,0.70821,1,5,0.99622,0.01039,-0.05934,-0.06257,0.06335,0.04236,0.81129,0,0
1766094330.526911,0.00868,0.00892,-0.02572,-0.00025,0.00070,-0.00051,0.56713,-0.00055,0.19997,0.00065,0.70601,-0.00009,0.70821,1,5,0.99622,0.01039,-0.05934,-0.06257,0.06335,0.04236,0.81129,0,0
1766094330.528899,-0.01458,-0.00697,-0.00990,0.00196,0.00036,-0.00021,0.56713,-0.00055,0.19997,0.00065,0.70601,-0.00009,0.70821,1,5,0.99622,0.01039,-0.05934,-0.06257,0.06335,0.04236,0.81129,0,0
1766094330.530878,0.01201,-0.00817,0.02071,0.00020,0.00031,0.00060,0.56713,-0.00055,0.19997,0.00065,0.70601,-0.00009,0.70821,1,5,0.99622,0.01039,-0.05934,-0.06257,0.06335,0.04236,0.81129,0,0
1766094330.532872,-0.01350,-0.00998,0.03616,-0.00310,-0.00079,0.00011,0.56713,-0.00055,0.19997,0.00065,0.70601,-0.00009,0.70821,1,5,0.99622,0.01039,-0.05934,-0.06257,0.06335,0.04236,0.81129,0,0
1766094330.534878,-0.01316,0.00362,0.00495,0.00121,-0.00069,-0.00087,0.56713,-0.00055,0.19997,0.00065,0.70601,-0.00009,0.70821,1,5,0.99622,0.01039,-0.05934,-0.06257,0.06335,0.04236,0.81129,0,0
1766094330.536889,-0.01878,-0.00531,0.02035,0.00154,0.00143,-0.00005,0.56713,-0.00055,0.19997,0.00065,0.70601,-0.00009,0.70821,1,5,0.99622,0.01039,-0.05934,-0.06257,0.06335,0.04236,0.81129,0,0
1766094330.538895,0.00771,0.03431,0.01949,0.00050,-0.00006,0.00006,0.56713,-0.00055,0.19997,0.00065,0.70601,-0.00009,0.70821,1,5,0.99622,0.01039,-0.05934,-0.06257,0.06335,0.04236,0.81129,0,0
1766094330.540901,0.01099,0.01232,-0.00277,0.00154,-0.00008,0.00004,0.56713,-0.00055,0.19997,0.00065,0.70601,-0.00009,0.70821,1,5,0.99622,0.01039,-0.05934,-0.06257,0.06335,0.04236,0.81129,0,0
1766094330.542912,-0.01433,-0.01194,-0.02489,0.00168,0.00024,-0.00008,0.56713,-0.00055,0.19997,0.00065,0.70601,-0.00009,0.70821,1,5,0.99622,0.01039,-0.05934,-0.06257,0.06335,0.04236,0.81129,0,0
1766094330.544900,-0.00943,-0.00368,-0.02508,0.00156,-0.00097,-0.00049,0.56713,-0.00055,0.19997,0.00065,0.70601,-0.00009,0.70821,1,5,0.99594,0.01075,-0.06171,-0.06467,0.06336,0.04237,0.81134,0,0
1766094330.546907,0.00884,0.01424,-0.01047,-0.00040,0.00006,-0.00023,0.56713,-0.00055,0.19997,0.00065,0.70601,-0.00009,0.70821,1,5,0.99594,0.01075,-0.06171,-0.06467,0.06336,0.04237,0.81134,0,0
1766094330.548882,-0.00480,-0.01232,-0.00246,0.00102,0.00049,-0.00088,0.56713,-0.00055,0.19997,0.00065,0.70601,-0.00009,0.70821,1,5,0.99594,0.01075,-0.06171,-0.06467,0.06336,0.04237,0.81134,0,0
1766094330.550907,-0.00057,-0.01039,0.01300,0.00039,0.00058,0.00007,0.56713,-0.00055,0.19997,0.00065,0.70601,-0.00009,0.70821,1,5,0.99594,0.01075,-0.06171,-0.06467,0.06336,0.04237,0.81134,0,0
1766094330.552910,0.00777,0.01467,-0.00289,0.00069,-0.00005,-0.00023,0.56713,-0.00055,0.19997,0.00065,0.70601,-0.00009,0.70821,1,5,0.99594,0.01075,-0.06171,-0.06467,0.06336,0.04237,0.81134,0,0
1766094330.554913,-0.01733,-0.00401,-0.00230,0.00090,-0.00050,-0.00046,0.56713,-0.00055,0.19997,0.00065,0.70601,-0.00009,0.70821,1,5,0.99594,0.01075,-0.06171,-0.06467,0.06336,0.04237,0.81134,0,0
1766094330.556874,-0.01299,-0.00237,0.00535,0.00027,0.00009,0.00008,0.56713,-0.00055,0.19997,0.00065,0.70601,-0.00009,0.70821,1,5,0.99594,0.01075,-0.06171,-0.06467,0.06336,0.04237,0.81134,0,0
1766094330.558895,-0.01821,-0.01383,-0.03978,0.00144,-0.00059,0.00018,0.56713,-0.00055,0.19997,0.00065,0.70601,-0.00009,0.70821,1,5,0.99594,0.01075,-0.06171,-0.06467,0.06336,0.04237,0.81134,0,0
1766094330.560898,0.00248,-0.02174,-0.03231,0.00200,-0.00021,-0.00023,0.56713,-0.00055,0.19997,0.00065,0.70601,-0.00009,0.70821,1,5,0.99594,0.01075,-0.06171,-0.06467,0.06336,0.04237,0.81134,0,0
1766094330.562897,0.00409,0.00140,-0.00244,-0.00034,0.00077,0.00032,0.56713,-0.00055,0.19997,0.00065,0.70601,-0.00009,0.70821,1,5,0.99594,0.01075,-0.06171,-0.06467,0.06336,0.04237,0.81134,0,0
1766094330.564910,0.00834,0.01409,0.01261,-0.00040,0.00008,0.00059,0.56713,-0.00055,0.19997,0.00065,0.70601,-0.00009,0.70821,1,5,0.99594,0.01075,-0.06171,-0.06467,0.06336,0.04237,0.81134,0,0
1766094330.566912,-0.01004,0.01263,0.04302,-0.00217,-0.00098,-0.00030,0.56713,-0.00055,0.19997,0.00065,0.70601,-0.00009,0.70821,1,5,0.99594,0.01075,-0.06171,-0.06467,0.06336,0.04237,0.81134,0,0
1766094330.568896,-0.01247,-0.00722,0.01300,-0.00001,-0.00004,-0.00019,0.56713,-0.00055,0.19997,0.00065,0.70601,-0.00009,0.70821,1,5,0.99594,0.01075,-0.06171,-0.06467,0.06336,0.04237,0.81134,0,0
1766094330.570914,-0.00045,0.00407,0.00517,-0.00009,0.00070,0.00046,0.56713,-0.00055,0.19997,0.00065,0.70601,-0.00009,0.70821,1,5,0.99594,0.01075,-0.06171,-0.06467,0.06336,0.04237,0.81134,0,0
1766094330.572906,-0.00899,0.00407,0.00499,0.00013,0.00118,0.00007,0.56713,-0.00055,0.19997,0.00065,0.70601,-0.00009,0.70821,1,5,0.99594,0.01075,-0.06171,-0.06467,0.06336,0.04237,0.81134,0,0
1766094330.574919,0.00394,0.01228,0.01253,0.00023,-0.00025,0.00006,0.56713,-0.00055,0.19997,0.00065,0.70601,-0.00009,0.70821,1,5,0.99594,0.01075,-0.06171,-0.06467,0.06336,0.04237,0.81134,0,0
1766094330.576957,-0.01039,-0.00071,0.01269,0.00138,0.00145,0.00021,0.56713,-0.00055,0.19997,0.00065,0.70601,-0.00009,0.70821,1,5,0.99594,0.01075,-0.06171,-0.06467,0.06336,0.04237,0.81134,0,0
1766094330.579026,0.01627,0.00900,-0.01801,0.00041,0.00049,-0.00011,0.56713,-0.00055,0.19997,0.00065,0.70601,-0.00009,0.70821,1,5,0.99594,0.01075,-0.06171,-0.06467,0.06336,0.04237,0.81134,0,0
1766094330.580989,0.00793,0.00003,-0.00971,0.00030,-0.00066,0.00058,0.56713,-0.00055,0.19997,0.00065,0.70601,-0.00009,0.70821,1,5,0.99594,0.01075,-0.06171,-0.06467,0.06336,0.04237,0.81134,0,0
1766094330.582999,-0.01086,-0.00431,-0.04029,0.00243,0.00007,-0.00010,0.56713,-0.00055,0.19997,0.00065,0.70601,-0.00009,0.70821,1,5,0.99594,0.01075,-0.06171,-0.06467,0.06336,0.04237,0.81134,0,0
1766094330.584945,-0.00032,0.01440,-0.01031,0.00003,0.00018,0.00018,0.56713,-0.00055,0.19997,0.00065,0.70601,-0.00009,0.70821,1,5,0.99594,0.01075,-0.06171,-0.06467,0.06336,0.04237,0.81134,0,0
1766094330.586980,-0.01427,-0.02240,0.00577,0.00134,0.00088,0.00021,0.56713,-0.00055,0.19997,0.00065,0.70601,-0.00009,0.70821,1,5,0.99594,0.01075,-0.06171,-0.06467,0.06336,0.04237,0.81134,0,0
1766094330.588950,-0.00967,0.00486,-0.01772,0.00101,0.00043,0.00005,0.56713,-0.00055,0.19997,0.00065,0.70601,-0.00009,0.70821,1,5,0.99593,0.01063,-0.06173,-0.06487,0.06335,0.04236,0.81130,0,0
1766094330.590921,-0.00469,0.01704,-0.00306,0.00050,0.00047,-0.00049,0.56713,-0.00055,0.19997,0.00065,0.70601,-0.00009,0.70821,1,5,0.99593,0.01063,-0.06173,-0.06487,0.06335,0.04236,0.81130,0,0
1766094330.592929,-0.00051,0.01462,-0.01047,0.00047,0.00018,-0.00022,0.56713,-0.00055,0.19997,0.00065,0.70601,-0.00009,0.70821,1,5,0.99593,0.01063,-0.06173,-0.06487,0.06335,0.04236,0.81130,0,0
1766094330.594972,0.00323,-0.01009,0.02093,-0.00288,-0.00111,0.00008,0.56713,-0.00055,0.19997,0.00065,0.70601,-0.00009,0.70821,1,5,0.99593,0.01063,-0.06173,-0.06487,0.06335,0.04236,0.81130,0,0
1766094330.596936,-0.00209,0.01491,-0.01036,0.00179,0.00020,0.00018,0.56713,-0.00055,0.19997,0.00065,0.70601,-0.00009,0.70821,1,5,0.99593,0.01063,-0.06173,-0.06487,0.06335,0.04236,0.81130,0,0
1766094330.598916,-0.01877,0.01031,-0.01804,0.00195,0.00052,-0.00048,0.56713,-0.00055,0.19997,0.00065,0.70601,-0.00009,0.70821,1,5,0.99593,0.01063,-0.06173,-0.06487,0.06335,0.04236,0.81130,0,0
1766094330.600908,0.00007,0.02975,-0.01834,0.00000,-0.00048,-0.00023,0.56713,-0.00055,0.19997,0.00065,0.70601,-0.00009,0.70821,1,5,0.99593,0.01063,-0.06173,-0.06487,0.06335,0.04236,0.81130,0,0
1766094330.602958,-0.01869,0.00053,-0.02525,0.00183,0.00028,-0.00022,0.56713,-0.00055,0.19997,0.00065,0.70601,-0.00009,0.70821,1,5,0.99593,0.01063,-0.06173,-0.06487,0.06335,0.04236,0.81130,0,0
1766094330.604932,-0.00542,0.00263,-0.03269,0.00098,-0.00013,0.00031,0.56713,-0.00055,0.19997,0.00065,0.70601,-0.00009,0.70821,1,5,0.99593,0.01063,-0.06173,-0.06487,0.06335,0.04236,0.81130,0,0
1766094330.606971,-0.00031,-0.00536,0.02044,0.00023,0.00044,-0.00006,0.56713,-0.00055,0.19997,0.00065,0.70601,-0.00009,0.70821,1,5,0.99593,0.01063,-0.06173,-0.06487,0.06335,0.04236,0.81130,0,0
1766094330.608933,-0.01251,-0.01164,0.02845,0.00016,-0.00067,-0.00004,0.56713,-0.00055,0.19997,0.00065,0.70601,-0.00009,0.70821,1,5,0.99593,0.01063,-0.06173,-0.06487,0.06335,0.04236,0.81130,0,0
1766094330.611048,0.00298,-0.00027,0.02849,-0.00298,-0.00124,0.00063,0.56713,-0.00055,0.19997,0.00065,0.70601,-0.00009,0.70821,1,5,0.99593,0.01063,-0.06173,-0.06487,0.06335,0.04236,0.81130,0,0
1766094330.612919,-0.01370,0.00012,0.02063,-0.00276,-0.00092,-0.00017,0.56713,-0.00055,0.19997,0.00065,0.70601,-0.00009,0.70821,1,5,0.99593,0.01063,-0.06173,-0.06487,0.06335,0.04236,0.81130,0,0
1766094330.615081,-0.00879,0.01457,-0.01805,0.00025,0.00040,-0.00022,0.56713,-0.00055,0.19997,0.00065,0.70601,-0.00009,0.70821,1,5,0.99593,0.01063,-0.06173,-0.06487,0.06335,0.04236,0.81130,0,0
1766094330.616985,-0.00186,0.01922,0.01216,0.00140,0.00095,0.00006,0.56713,-0.00055,0.19997,0.00065,0.70601,-0.00009,0.70821,1,5,0.99593,0.01063,-0.06173,-0.06487,0.06335,0.04236,0.81130,0,0
1766094330.618927,-0.00058,0.00946,-0.00273,0.00041,0.00044,-0.00008,0.56713,-0.00055,0.19997,0.00065,0.70601,-0.00009,0.70821,1,5,0.99593,0.01063,-0.06173,-0.06487,0.06335,0.04236,0.81130,0,0
1766094330.620913,-0.00892,0.00425,-0.00257,0.00013,0.00092,0.00006,0.56713,-0.00055,0.19997,0.00065,0.70601,-0.00009,0.70821,1,5,0.99593,0.01063,-0.06173,-0.06487,0.06335,0.04236,0.81130,0,0
1766094330.622980,-0.00856,0.01020,0.00502,0.00020,-0.00036,-0.00007,0.56713,-0.00055,0.19997,0.00065,0.70601,-0.00009,0.70821,1,5,0.99593,0.01063,-0.06173,-0.06487,0.06335,0.04236,0.81130,0,0
1766094330.624987,-0.00938,0.00582,0.02765,0.00146,-0.00036,-0.00072,0.56713,-0.00055,0.19997,0.00065,0.70601,-0.00009,0.70821,1,5,0.99593,0.01063,-0.06173,-0.06487,0.06335,0.04236,0.81130,0,0
1766094330.626927,-0.00007,-0.00040,-0.01769,0.00007,0.00031,-0.00023,0.56713,-0.00055,0.19997,0.00065,0.70601,-0.00009,0.70821,1,5,0.99593,0.01063,-0.06173,-0.06487,0.06335,0.04236,0.81130,0,0
1766094330.628985,-0.00057,0.01439,0.00486,0.00025,0.00031,0.00019,0.56713,-0.00055,0.19997,0.00065,0.70601,-0.00009,0.70821,1,5,0.99593,0.01063,-0.06173,-0.06487,0.06335,0.04236,0.81130,0,0
1766094330.630948,-0.00498,-0.00506,-0.00941,-0.00326,-0.00127,0.00034,0.56713,-0.00055,0.19997,0.00065,0.70601,-0.00009,0.70821,1,5,0.99593,0.01063,-0.06173,-0.06487,0.06335,0.04236,0.81130,0,0
1766094330.632951,0.00384,0.01710,-0.01064,0.00050,0.00012,-0.00050,0.56713,-0.00055,0.19997,0.00065,0.70601,-0.00009,0.70821,1,5,0.99617,0.01063,-0.05834,-0.06425,0.06337,0.04238,0.81153,0,0
1766094330.634939,-0.01776,-0.03001,-0.00939,0.00080,0.00118,-0.00020,0.56713,-0.00055,0.19997,0.00065,0.70601,-0.00009,0.70821,1,5,0.99617,0.01063,-0.05834,-0.06425,0.06337,0.04238,0.81153,0,0
1766094330.636946,0.01847,0.01655,0.01964,0.00225,0.00096,-0.00009,0.56713,-0.00055,0.19997,0.00065,0.70601,-0.00009,0.70821,1,5,0.99617,0.01063,-0.05834,-0.06425,0.06337,0.04238,0.81153,0,0
1766094330.638949,0.00034,0.00505,0.02021,-0.00008,-0.00034,-0.00033,0.56713,-0.00055,0.19997,0.00065,0.70601,-0.00009,0.70821,1,5,0.99617,0.01063,-0.05834,-0.06425,0.06337,0.04238,0.81153,0,0
1766094330.640973,0.00190,0.01515,0.02777,-0.00149,-0.00125,-0.00019,0.56713,-0.00055,0.19997,0.00065,0.70601,-0.00009,0.70821,1,5,0.99617,0.01063,-0.05834,-0.06425,0.06337,0.04238,0.81153,0,0
1766094330.643009,0.01153,0.01680,-0.02577,0.00094,0.00029,-0.00012,0.56713,-0.00055,0.19997,0.00065,0.70601,-0.00009,0.70821,1,5,0.99617,0.01063,-0.05834,-0.06425,0.06337,0.04238,0.81153,0,0
1766094330.644938,-0.01767,-0.00928,-0.04775,0.00106,-0.00010,-0.00036,0.56713,-0.00055,0.19997,0.00065,0.70601,-0.00009,0.70821,1,5,0.99617,0.01063,-0.05834,-0.06425,0.06337,0.04238,0.81153,0,0
1766094330.646968,0.00316,0.02206,-0.00292,0.00078,0.00000,0.00018,0.56713,-0.00055,0.19997,0.00065,0.70601,-0.00009,0.70821,1,5,0.99617,0.01063,-0.05834,-0.06425,0.06337,0.04238,0.81153,0,0
1766094330.648938,-0.00997,0.00054,-0.00264,0.00183,0.00017,-0.00061,0.56713,-0.00055,0.19997,0.00065,0.70601,-0.00009,0.70821,1,5,0.99617,0.01063,-0.05834,-0.06425,0.06337,0.04238,0.81153,0,0
1766094330.650948,-0.00025,0.00960,-0.01769,-0.00002,-0.00007,0.00031,0.56713,-0.00055,0.19997,0.00065,0.70601,-0.00009,0.70821,1,5,0.99617,0.01063,-0.05834,-0.06425,0.06337,0.04238,0.81153,0,0
1766094330.652962,-0.00454,-0.00746,-0.02506,0.00042,0.00012,-0.00022,0.56713,-0.00055,0.19997,0.00065,0.70601,-0.00009,0.70821,1,5,0.99617,0.01063,-0.05834,-0.06425,0.06337,0.04238,0.81153,0,0
1766094330.654959,-0.01837,0.00072,-0.04798,0.00161,-0.00010,-0.00023,0.56713,-0.00055,0.19997,0.00065,0.70601,-0.00009,0.70821,1,5,0.99617,0.01063,-0.05834,-0.06425,0.06337,0.04238,0.81153,0,0
1766094330.656957,-0.01733,-0.00972,0.04351,0.00040,0.00027,0.00011,0.56713,-0.00055,0.19997,0.00065,0.70601,-0.00009,0.70821,1,5,0.99617,0.01063,-0.05834,-0.06425,0.06337,0.04238,0.81153,0,0
1766094330.658999,0.00449,0.00189,0.00508,-0.00034,0.00025,-0.00008,0.56713,-0.00055,0.19997,0.00065,0.70601,-0.00009,0.70821,1,5,0.99617,0.01063,-0.05834,-0.06425,0.06337,0.04238,0.81153,0,0
1766094330.660980,-0.00530,-0.00525,0.01332,-0.00304,-0.00088,0.00035,0.56713,-0.00055,0.19997,0.00065,0.70601,-0.00009,0.70821,1,5,0.99617,0.01063,-0.05834,-0.06425,0.06337,0.04238,0.81153,0,0
1766094330.663031,-0.00103,0.00465,-0.01033,0.00101,0.00057,-0.00036,0.56713,-0.00055,0.19997,0.00065,0.70601,-0.00009,0.70821,1,5,0.99617,0.01063,-0.05834,-0.06425,0.06337,0.04238,0.81153,0,0
1766094330.665009,-0.00633,-0.00200,-0.04808,0.00224,0.00013,-0.00038,0.56713,-0.00055,0.19997,0.00065,0.70601,-0.00009,0.70821,1,5,0.99617,0.01063,-0.05834,-0.06425,0.06337,0.04238,0.81153,0,0
1766094330.667011,-0.01402,-0.00007,0.04336,-0.00255,-0.00054,-0.00016,0.56713,-0.00055,0.19997,0.00065,0.70601,-0.00009,0.70821,1,5,0.99617,0.01063,-0.05834,-0.06425,0.06337,0.04238,0.81153,0,0
1766094330.669025,0.00001,0.01462,-0.01025,-0.00018,-0.00020,0.00018,0.56713,-0.00055,0.19997,0.00065,0.70601,-0.00009,0.70821,1,5,0.99617,0.01063,-0.05834,-0.06425,0.06337,0.04238,0.81153,0,0
1766094330.670959,0.00433,0.00775,-0.00256,0.00017,-0.00077,-0.00022,0.56713,-0.00055,0.19997,0.00065,0.70601,-0.00009,0.70821,1,5,0.99617,0.01063,-0.05834,-0.06425,0.06337,0.04238,0.81153,0,0
1766094330.672967,-0.00527,0.00048,0.02085,-0.00276,-0.00178,0.00023,0.56713,-0.00055,0.19997,0.00065,0.70601,-0.00009,0.70821,1,5,0.99617,0.01063,-0.05834,-0.06425,0.06337,0.04238,0.81153,0,0
1766094330.675023,0.00360,0.00704,-0.01014,0.00038,0.00014,0.00018,0.56713,-0.00055,0.19997,0.00065,0.70601,-0.00009,0.70821,1,5,0.99617,0.01063,-0.05834,-0.06425,0.06337,0.04238,0.81153,0,0
1766094330.677044,-0.00149,0.00521,-0.00233,0.00124,-0.00030,0.00046,0.56713,-0.00055,0.19997,0.00065,0.70601,-0.00009,0.70821,1,5,0.99623,0.01036,-0.05893,-0.06282,0.06336,0.04236,0.81140,0,0
1766094330.679019,-0.00045,-0.00091,0.00535,-0.00015,0.00071,0.00060,0.56713,-0.00055,0.19997,0.00065,0.70601,-0.00009,0.70821,1,5,0.99623,0.01036,-0.05893,-0.06282,0.06336,0.04236,0.81140,0,0
1766094330.680992,-0.01492,0.01759,-0.01810,0.00204,0.00048,-0.00009,0.56713,-0.00055,0.19997,0.00065,0.70601,-0.00009,0.70821,1,5,0.99623,0.01036,-0.05893,-0.06282,0.06336,0.04236,0.81140,0,0
1766094330.683038,-0.00229,-0.00470,-0.02535,0.00242,0.00046,-0.00050,0.56713,-0.00055,0.19997,0.00065,0.70601,-0.00009,0.70821,1,5,0.99623,0.01036,-0.05893,-0.06282,0.06336,0.04236,0.81140,0,0
1766094330.685017,-0.00927,0.01395,-0.02577,0.00046,0.00130,-0.00023,0.56713,-0.00055,0.19997,0.00065,0.70601,-0.00009,0.70821,1,5,0.99623,0.01036,-0.05893,-0.06282,0.06336,0.04236,0.81140,0,0
1766094330.686995,-0.02612,0.00087,-0.00251,0.00118,-0.00002,-0.00059,0.56713,-0.00055,0.19997,0.00065,0.70601,-0.00009,0.70821,1,5,0.99623,0.01036,-0.05893,-0.06282,0.06336,0.04236,0.81140,0,0
1766094330.688982,0.01653,0.00406,-0.01021,0.00013,0.00036,0.00003,0.56713,-0.00055,0.19997,0.00065,0.70601,-0.00009,0.70821,1,5,0.99623,0.01036,-0.05893,-0.06282,0.06336,0.04236,0.81140,0,0
1766094330.691098,-0.01876,-0.00961,-0.01733,0.00171,0.00055,0.00006,0.56713,-0.00055,0.19997,0.00065,0.70601,-0.00009,0.70821,1,5,0.99623,0.01036,-0.05893,-0.06282,0.06336,0.04236,0.81140,0,0
1766094330.692986,-0.00468,-0.00281,0.01267,0.00048,0.00062,-0.00033,0.56713,-0.00055,0.19997,0.00065,0.70601,-0.00009,0.70821,1,5,0.99623,0.01036,-0.05893,-0.06282,0.06336,0.04236,0.81140,0,0
1766094330.694991,-0.02247,-0.01146,-0.01755,0.00190,0.00020,-0.00088,0.56713,-0.00055,0.19997,0.00065,0.70601,-0.00009,0.70821,1,5,0.99623,0.01036,-0.05893,-0.06282,0.06336,0.04236,0.81140,0,0
1766094330.697085,-0.01305,0.00246,0.03552,0.00033,0.00034,-0.00004,0.56713,-0.00055,0.19997,0.00065,0.70601,-0.00009,0.70821,1,5,0.99623,0.01036,-0.05893,-0.06282,0.06336,0.04236,0.81140,0,0
1766094330.699044,-0.00055,-0.00453,0.02779,0.00111,-0.00008,-0.00086,0.56713,-0.00055,0.19997,0.00065,0.70601,-0.00009,0.70821,1,5,0.99623,0.01036,-0.05893,-0.06282,0.06336,0.04236,0.81140,0,0
1766094330.700999,-0.00115,-0.00580,-0.00211,0.00045,0.00085,0.00073,0.56713,-0.00055,0.19997,0.00065,0.70601,-0.00009,0.70821,1,5,0.99623,0.01036,-0.05893,-0.06282,0.06336,0.04236,0.81140,0,0
1766094330.702992,0.01736,0.01349,0.01255,-0.00107,0.00035,0.00059,0.56713,-0.00055,0.19997,0.00065,0.70601,-0.00009,0.70821,1,5,0.99623,0.01036,-0.05893,-0.06282,0.06336,0.04236,0.81140,0,0
1766094330.704995,0.00330,0.02478,0.01264,-0.00312,-0.00177,0.00034,0.56713,-0.00055,0.19997,0.00065,0.70601,-0.00009,0.70821,1,5,0.99623,0.01036,-0.05893,-0.06282,0.06336,0.04236,0.81140,0,0
1766094330.707102,0.00200,-0.00248,-0.03298,0.00223,0.00054,-0.00038,0.56713,-0.00055,0.19997,0.00065,0.70601,-0.00009,0.70821,1,5,0.99623,0.01036,-0.05893,-0.06282,0.06336,0.04236,0.81140,0,0
1766094330.709162,0.00256,0.00931,0.00508,-0.00243,-0.00049,-0.00007,0.56713,-0.00055,0.19997,0.00065,0.70601,-0.00009,0.70821,1,5,0.99623,0.01036,-0.05893,-0.06282,0.06336,0.04236,0.81140,0,0
1766094330.711099,-0.00482,0.00663,-0.00260,0.00016,0.00087,0.00019,0.56713,-0.00055,0.19997,0.00065,0.70601,-0.00009,0.70821,1,5,0.99623,0.01036,-0.05893,-0.06282,0.06336,0.04236,0.81140,0,0
1766094330.712993,-0.01375,0.00336,-0.00273,0.00165,-0.00017,-0.00088,0.56713,-0.00055,0.19997,0.00065,0.70601,-0.00009,0.70821,1,5,0.99623,0.01036,-0.05893,-0.06282,0.06336,0.04236,0.81140,0,0
1766094330.714996,0.00042,-0.00473,0.01300,-0.00020,-0.00058,-0.00006,0.56713,-0.00055,0.19997,0.00065,0.70601,-0.00009,0.70821,1,5,0.99623,0.01036,-0.05893,-0.06282,0.06336,0.04236,0.81140,0,0
1766094330.716996,0.00231,0.02179,0.00457,0.00144,0.00065,0.00018,0.56713,-0.00055,0.19997,0.00065,0.70601,-0.00009,0.70821,1,5,0.99623,0.01036,-0.05893,-0.06282,0.06336,0.04236,0.81140,0,0
1766094330.719003,-0.00657,-0.00206,-0.02514,0.00224,0.00014,0.00004,0.56713,-0.00055,0.19997,0.00065,0.70601,-0.00009,0.70821,1,5,0.99612,0.01042,-0.06102,-0.06256,0.06336,0.04236,0.81141,0,0
1766094330.721027,0.00902,0.01415,-0.00306,-0.00041,0.00031,-0.00063,0.56713,-0.00055,0.19997,0.00065,0.70601,-0.00009,0.70821,1,5,0.99612,0.01042,-0.06102,-0.06256,0.06336,0.04236,0.81141,0,0
1766094330.723009,-0.00443,0.01198,-0.03307,0.00000,0.00023,0.00003,0.56713,-0.00055,0.19997,0.00065,0.70601,-0.00009,0.70821,1,5,0.99612,0.01042,-0.06102,-0.06256,0.06336,0.04236,0.81141,0,0
1766094330.725068,-0.01486,0.00790,-0.04084,0.00236,0.00048,-0.00064,0.56713,-0.00055,0.19997,0.00065,0.70601,-0.00009,0.70821,1,5,0.99612,0.01042,-0.06102,-0.06256,0.06336,0.04236,0.81141,0,0
1766094330.727025,-0.00464,0.01773,0.01242,0.00051,-0.00054,-0.00007,0.56713,-0.00055,0.19997,0.00065,0.70601,-0.00009,0.70821,1,5,0.99612,0.01042,-0.06102,-0.06256,0.06336,0.04236,0.81141,0,0
1766094330.729008,-0.01968,-0.00638,0.02083,-0.00087,-0.00123,-0.00017,0.56713,-0.00055,0.19997,0.00065,0.70601,-0.00009,0.70821,1,5,0.99612,0.01042,-0.06102,-0.06256,0.06336,0.04236,0.81141,0,0
1766094330.731017,-0.00981,0.00450,-0.00260,0.00101,0.00093,0.00006,0.56713,-0.00055,0.19997,0.00065,0.70601,-0.00009,0.70821,1,5,0.99612,0.01042,-0.06102,-0.06256,0.06336,0.04236,0.81141,0,0
1766094330.733013,0.01294,0.00173,-0.01773,-0.00034,0.00015,-0.00010,0.56713,-0.00055,0.19997,0.00065,0.70601,-0.00009,0.70821,1,5,0.99612,0.01042,-0.06102,-0.06256,0.06336,0.04236,0.81141,0,0
1766094330.735129,-0.01779,-0.01464,-0.00190,0.00077,0.00029,0.00021,0.56713,-0.00055,0.19997,0.00065,0.70601,-0.00009,0.70821,1,5,0.99612,0.01042,-0.06102,-0.06256,0.06336,0.04236,0.81141,0,0
1766094330.737037,0.00697,0.01386,0.01211,0.00112,0.00123,-0.00022,0.56713,-0.00055,0.19997,0.00065,0.70601,-0.00009,0.70821,1,5,0.99612,0.01042,-0.06102,-0.06256,0.06336,0.04236,0.81141,0,0
1766094330.739062,-0.02256,-0.00523,0.01331,-0.00283,-0.00030,0.00037,0.56713,-0.00055,0.19997,0.00065,0.70601,-0.00009,0.70821,1,5,0.99612,0.01042,-0.06102,-0.06256,0.06336,0.04236,0.81141,0,0
1766094330.741024,-0.01906,-0.00542,-0.03284,0.00176,0.00156,-0.00009,0.56713,-0.00055,0.19997,0.00065,0.70601,-0.00009,0.70821,1,5,0.99612,0.01042,-0.06102,-0.06256,0.06336,0.04236,0.81141,0,0
1766094330.743050,0.00433,0.00775,-0.00256,0.00017,-0.00077,-0.00022,0.56713,-0.00055,0.19997,0.00065,0.70601,-0.00009,0.70821,1,5,0.99612,0.01042,-0.06102,-0.06256,0.06336,0.04236,0.81141,0,0
1766094330.745024,-0.00546,0.00698,-0.00277,0.00104,0.00088,-0.00021,0.56713,-0.00055,0.19997,0.00065,0.70601,-0.00009,0.70821,1,5,0.99612,0.01042,-0.06102,-0.06256,0.06336,0.04236,0.81141,0,0
1766094330.747030,-0.00160,0.00171,0.02061,-0.00274,-0.00030,0.00035,0.56713,-0.00055,0.19997,0.00065,0.70601,-0.00009,0.70821,1,5,0.99612,0.01042,-0.06102,-0.06256,0.06336,0.04236,0.81141,0,0
1766094330.749036,-0.01355,-0.00948,0.00586,-0.00288,-0.00142,0.00009,0.56713,-0.00055,0.19997,0.00065,0.70601,-0.00009,0.70821,1,5,0.99612,0.01042,-0.06102,-0.06256,0.06336,0.04236,0.81141,0,0
1766094330.751019,0.00788,0.00934,-0.00276,0.00041,0.00033,-0.00009,0.56713,-0.00055,0.19997,0.00065,0.70601,-0.00009,0.70821,1,5,0.99612,0.01042,-0.06102,-0.06256,0.06336,0.04236,0.81141,0,0
1766094330.753019,0.00398,0.00676,0.02022,-0.00006,0.00039,0.00020,0.56713,-0.00055,0.19997,0.00065,0.70601,-0.00009,0.70821,1,5,0.99612,0.01042,-0.06102,-0.06256,0.06336,0.04236,0.81141,0,0
1766094330.755023,-0.00511,0.00306,-0.01036,0.00142,-0.00015,-0.00089,0.56713,-0.00055,0.19997,0.00065,0.70601,-0.00009,0.70821,1,5,0.99612,0.01042,-0.06102,-0.06256,0.06336,0.04236,0.81141,0,0
1766094330.757029,0.00847,0.00968,0.01994,0.00020,-0.00006,-0.00048,0.56713,-0.00055,0.19997,0.00065,0.70601,-0.00009,0.70821,1,5,0.99612,0.01042,-0.06102,-0.06256,0.06336,0.04236,0.81141,0,0
1766094330.759026,-0.00468,0.01690,-0.01031,0.00006,0.00023,0.00032,0.56713,-0.00055,0.19997,0.00065,0.70601,-0.00009,0.70821,1,5,0.99612,0.01042,-0.06102,-0.06256,0.06336,0.04236,0.81141,0,0
1766094330.761032,-0.01870,0.00551,-0.02543,0.00189,0.00027,-0.00035,0.56713,-0.00055,0.19997,0.00065,0.70601,-0.00009,0.70821,1,5,0.99612,0.01042,-0.06102,-0.06256,0.06336,0.04236,0.81141,0,0
1766094330.763021,-0.01000,-0.00659,0.02865,-0.00219,-0.00184,0.00024,0.56713,-0.00055,0.19997,0.00065,0.70601,-0.00009,0.70821,1,5,0.99604,0.01063,-0.05967,-0.06509,0.06335,0.04237,0.81136,0,0
1766094330.765036,-0.01813,-0.00991,-0.02492,0.00105,0.00067,0.00006,0.56713,-0.00055,0.19997,0.00065,0.70601,-0.00009,0.70821,1,5,0.99604,0.01063,-0.05967,-0.06509,0.06335,0.04237,0.81136,0,0
1766094330.767039,-0.00945,0.00914,-0.01799,0.00062,0.00118,-0.00009,0.56713,-0.00055,0.19997,0.00065,0.70601,-0.00009,0.70821,1,5,0.99604,0.01063,-0.05967,-0.06509,0.06335,0.04237,0.81136,0,0
1766094330.769057,-0.00808,0.00950,-0.01024,-0.00046,0.00027,-0.00008,0.56713,-0.00055,0.19997,0.00065,0.70601,-0.00009,0.70821,1,5,0.99604,0.01063,-0.05967,-0.06509,0.06335,0.04237,0.81136,0,0
1766094330.771125,-0.00166,0.00492,-0.02553,0.00167,0.00045,-0.00037,0.56713,-0.00055,0.19997,0.00065,0.70601,-0.00009,0.70821,1,5,0.99604,0.01063,-0.05967,-0.06509,0.06335,0.04237,0.81136,0,0
1766094330.773054,0.00477,-0.00850,-0.01775,-0.00046,0.00101,-0.00063,0.56713,-0.00055,0.19997,0.00065,0.70601,-0.00009,0.70821,1,5,0.99604,0.01063,-0.05967,-0.06509,0.06335,0.04237,0.81136,0,0
1766094330.775050,-0.01223,-0.00223,-0.00235,-0.00017,-0.00018,-0.00033,0.56713,-0.00055,0.19997,0.00065,0.70601,-0.00009,0.70821,1,5,0.99604,0.01063,-0.05967,-0.06509,0.06335,0.04237,0.81136,0,0
1766094330.777040,0.00653,0.02382,0.00449,0.00124,0.00098,0.00031,0.56713,-0.00055,0.19997,0.00065,0.70601,-0.00009,0.70821,1,5,0.99604,0.01063,-0.05967,-0.06509,0.06335,0.04237,0.81136,0,0
1766094330.779049,-0.01415,0.01278,-0.00283,0.00154,0.00021,-0.00034,0.56713,-0.00055,0.19997,0.00065,0.70601,-0.00009,0.70821,1,5,0.99604,0.01063,-0.05967,-0.06509,0.06335,0.04237,0.81136,0,0
1766094330.781043,-0.00644,-0.01226,0.01298,0.00211,0.00065,-0.00006,0.56713,-0.00055,0.19997,0.00065,0.70601,-0.00009,0.70821,1,5,0.99604,0.01063,-0.05967,-0.06509,0.06335,0.04237,0.81136,0,0
1766094330.783039,-0.01000,-0.02014,-0.00964,0.00136,0.00108,-0.00007,0.56713,-0.00055,0.19997,0.00065,0.70601,-0.00009,0.70821,1,5,0.99604,0.01063,-0.05967,-0.06509,0.06335,0.04237,0.81136,0,0
1766094330.785036,0.00842,-0.00549,0.03580,-0.00020,0.00009,0.00035,0.56713,-0.00055,0.19997,0.00065,0.70601,-0.00009,0.70821,1,5,0.99604,0.01063,-0.05967,-0.06509,0.06335,0.04237,0.81136,0,0
1766094330.787035,0.01320,-0.00312,0.00509,-0.00040,0.00015,-0.00035,0.56713,-0.00055,0.19997,0.00065,0.70601,-0.00009,0.70821,1,5,0.99604,0.01063,-0.05967,-0.06509,0.06335,0.04237,0.81136,0,0
1766094330.789059,0.00323,0.02224,-0.01048,0.00079,-0.00025,0.00017,0.56713,-0.00055,0.19997,0.00065,0.70601,-0.00009,0.70821,1,5,0.99604,0.01063,-0.05967,-0.06509,0.06335,0.04237,0.81136,0,0
1766094330.791140,-0.00613,0.00288,-0.01029,0.00208,0.00025,-0.00049,0.56713,-0.00055,0.19997,0.00065,0.70601,-0.00009,0.70821,1,5,0.99604,0.01063,-0.05967,-0.06509,0.06335,0.04237,0.81136,0,0
1766094330.793047,0.01232,0.00696,-0.00255,0.00016,-0.00009,0.00018,0.56713,-0.00055,0.19997,0.00065,0.70601,-0.00009,0.70821,1,5,0.99604,0.01063,-0.05967,-0.06509,0.06335,0.04237,0.81136,0,0
1766094330.795079,0.01290,0.01226,-0.00281,0.00001,-0.00049,-0.00036,0.56713,-0.00055,0.19997,0.00065,0.70601,-0.00009,0.70821,1,5,0.99604,0.01063,-0.05967,-0.06509,0.06335,0.04237,0.81136,0,0
1766094330.797077,-0.00170,0.00467,0.02036,0.00123,0.00046,0.00048,0.56713,-0.00055,0.19997,0.00065,0.70601,-0.00009,0.70821,1,5,0.99604,0.01063,-0.05967,-0.06509,0.06335,0.04237,0.81136,0,0
1766094330.799069,0.00423,0.00686,0.02007,-0.00006,0.00038,-0.00020,0.56713,-0.00055,0.19997,0.00065,0.70601,-0.00009,0.70821,1,5,0.99604,0.01063,-0.05967,-0.06509,0.06335,0.04237,0.81136,0,0
1766094330.801086,-0.00145,0.01966,0.02744,0.00119,0.00031,0.00007,0.56713,-0.00055,0.19997,0.00065,0.70601,-0.00009,0.70821,1,5,0.99599,0.01081,-0.06091,-0.06462,0.06335,0.04237,0.81137,0,0
1766094330.803121,0.00425,-0.00316,0.02820,-0.00040,0.00027,0.00048,0.56713,-0.00055,0.19997,0.00065,0.70601,-0.00009,0.70821,1,5,0.99599,0.01081,-0.06091,-0.06462,0.06335,0.04237,0.81137,0,0
1766094330.805140,-0.00474,0.00684,0.01263,0.00016,0.00062,0.00020,0.56713,-0.00055,0.19997,0.00065,0.70601,-0.00009,0.70821,1,5,0.99599,0.01081,-0.06091,-0.06462,0.06335,0.04237,0.81137,0,0
1766094330.807144,-0.00072,0.00901,-0.00263,0.00019,0.00083,0.00032,0.56713,-0.00055,0.19997,0.00065,0.70601,-0.00009,0.70821,1,5,0.99599,0.01081,-0.06091,-0.06462,0.06335,0.04237,0.81137,0,0
1766094330.809155,-0.00006,0.01942,-0.00287,-0.00012,0.00004,0.00005,0.56713,-0.00055,0.19997,0.00065,0.70601,-0.00009,0.70821,1,5,0.99599,0.01081,-0.06091,-0.06462,0.06335,0.04237,0.81137,0,0
1766094330.811111,0.01322,0.00674,0.02027,-0.00071,-0.00011,0.00020,0.56713,-0.00055,0.19997,0.00065,0.70601,-0.00009,0.70821,1,5,0.99599,0.01081,-0.06091,-0.06462,0.06335,0.04237,0.81137,0,0
1766094330.813131,0.00835,0.00992,-0.01782,0.00020,-0.00056,-0.00010,0.56713,-0.00055,0.19997,0.00065,0.70601,-0.00009,0.70821,1,5,0.99599,0.01081,-0.06091,-0.06462,0.06335,0.04237,0.81137,0,0
1766094330.815135,-0.01057,-0.00475,-0.03293,0.00220,0.00069,-0.00050,0.56713,-0.00055,0.19997,0.00065,0.70601,-0.00009,0.70821,1,5,0.99599,0.01081,-0.06091,-0.06462,0.06335,0.04237,0.81137,0,0
1766094330.817130,0.00720,-0.00059,-0.00227,0.00073,0.00036,0.00059,0.56713,-0.00055,0.19997,0.00065,0.70601,-0.00009,0.70821,1,5,0.99599,0.01081,-0.06091,-0.06462,0.06335,0.04237,0.81137,0,0
1766094330.819083,-0.01323,0.00328,-0.01752,0.00077,-0.00067,-0.00008,0.56713,-0.00055,0.19997,0.00065,0.70601,-0.00009,0.70821,1,5,0.99599,0.01081,-0.06091,-0.06462,0.06335,0.04237,0.81137,0,0
1766094330.821062,-0.01820,-0.01009,-0.01736,0.00105,0.00092,0.00006,0.56713,-0.00055,0.19997,0.00065,0.70601,-0.00009,0.70821,1,5,0.99599,0.01081,-0.06091,-0.06462,0.06335,0.04237,0.81137,0,0
1766094330.823092,-0.00072,0.00400,-0.02524,0.00013,0.00083,0.00044,0.56713,-0.00055,0.19997,0.00065,0.70601,-0.00009,0.70821,1,5,0.99599,0.01081,-0.06091,-0.06462,0.06335,0.04237,0.81137,0,0
1766094330.825082,0.00368,0.00725,0.00509,0.00039,-0.00012,0.00019,0.56713,-0.00055,0.19997,0.00065,0.70601,-0.00009,0.70821,1,5,0.99599,0.01081,-0.06091,-0.06462,0.06335,0.04237,0.81137,0,0
1766094330.827080,0.00005,-0.01562,-0.00218,-0.00011,0.00083,-0.00021,0.56713,-0.00055,0.19997,0.00065,0.70601,-0.00009,0.70821,1,5,0.99599,0.01081,-0.06091,-0.06462,0.06335,0.04237,0.81137,0,0
1766094330.829098,-0.00191,0.00491,-0.01036,0.00188,0.00058,-0.00036,0.56713,-0.00055,0.19997,0.00065,0.70601,-0.00009,0.70821,1,5,0.99599,0.01081,-0.06091,-0.06462,0.06335,0.04237,0.81137,0,0
1766094330.831199,0.01681,0.01898,0.03520,-0.00034,-0.00003,0.00047,0.56713,-0.00055,0.19997,0.00065,0.70601,-0.00009,0.70821,1,5,0.99599,0.01081,-0.06091,-0.06462,0.06335,0.04237,0.81137,0,0
1766094330.833080,-0.00058,0.01436,-0.01793,0.00025,0.00031,0.00017,0.56713,-0.00055,0.19997,0.00065,0.70601,-0.00009,0.70821,1,5,0.99599,0.01081,-0.06091,-0.06462,0.06335,0.04237,0.81137,0,0
1766094330.835218,0.01852,0.00421,0.00497,-0.00140,-0.00030,-0.00036,0.56713,-0.00055,0.19997,0.00065,0.70601,-0.00009,0.70821,1,5,0.99599,0.01081,-0.06091,-0.06462,0.06335,0.04237,0.81137,0,0
1766094330.837126,-0.01808,0.00457,0.02763,0.00101,0.00128,-0.00031,0.56713,-0.00055,0.19997,0.00065,0.70601,-0.00009,0.70821,1,5,0.99599,0.01081,-0.06091,-0.06462,0.06335,0.04237,0.81137,0,0
1766094330.839082,-0.01010,-0.00494,0.00541,0.00133,0.00044,0.00034,0.56713,-0.00055,0.19997,0.00065,0.70601,-0.00009,0.70821,1,5,0.99599,0.01081,-0.06091,-0.06462,0.06335,0.04237,0.81137,0,0
1766094330.841083,0.00329,0.00758,-0.03304,0.00104,-0.00024,-0.00024,0.56713,-0.00055,0.19997,0.00065,0.70601,-0.00009,0.70821,1,5,0.99628,0.01045,-0.05857,-0.06236,0.06337,0.04237,0.81151,0,0
1766094330.843091,-0.00461,-0.00271,-0.00991,0.00026,0.00024,0.00006,0.56713,-0.00055,0.19997,0.00065,0.70601,-0.00009,0.70821,1,5,0.99628,0.01045,-0.05857,-0.06236,0.06337,0.04237,0.81151,0,0
1766094330.845122,-0.01334,0.00869,-0.00264,0.00127,-0.00094,-0.00060,0.56713,-0.00055,0.19997,0.00065,0.70601,-0.00009,0.70821,1,5,0.99628,0.01045,-0.05857,-0.06236,0.06337,0.04237,0.81151,0,0
1766094330.847094,-0.00071,0.02382,-0.01041,-0.00007,0.00057,0.00072,0.56713,-0.00055,0.19997,0.00065,0.70601,-0.00009,0.70821,1,5,0.99628,0.01045,-0.05857,-0.06236,0.06337,0.04237,0.81151,0,0
1766094330.849086,-0.01079,-0.01401,-0.03248,0.00253,-0.00006,-0.00023,0.56713,-0.00055,0.19997,0.00065,0.70601,-0.00009,0.70821,1,5,0.99628,0.01045,-0.05857,-0.06236,0.06337,0.04237,0.81151,0,0
1766094330.851110,0.00809,-0.00575,0.01296,0.00001,0.00048,0.00033,0.56713,-0.00055,0.19997,0.00065,0.70601,-0.00009,0.70821,1,5,0.99628,0.01045,-0.05857,-0.06236,0.06337,0.04237,0.81151,0,0
1766094330.853097,-0.00101,-0.00793,0.02088,-0.00308,-0.00068,0.00022,0.56713,-0.00055,0.19997,0.00065,0.70601,-0.00009,0.70821,1,5,0.99628,0.01045,-0.05857,-0.06236,0.06337,0.04237,0.81151,0,0
1766094330.855191,-0.00035,0.01505,0.01999,0.00048,-0.00034,-0.00020,0.56713,-0.00055,0.19997,0.00065,0.70601,-0.00009,0.70821,1,5,0.99628,0.01045,-0.05857,-0.06236,0.06337,0.04237,0.81151,0,0
1766094330.857162,-0.02625,-0.01440,0.03594,0.00099,0.00051,-0.00015,0.56713,-0.00055,0.19997,0.00065,0.70601,-0.00009,0.70821,1,5,0.99628,0.01045,-0.05857,-0.06236,0.06337,0.04237,0.81151,0,0
1766094330.859135,-0.00084,0.02929,-0.00329,0.00065,0.00042,-0.00022,0.56713,-0.00055,0.19997,0.00065,0.70601,-0.00009,0.70821,1,5,0.99628,0.01045,-0.05857,-0.06236,0.06337,0.04237,0.81151,0,0
1766094330.861134,-0.00132,-0.00479,-0.00232,0.00133,0.00008,-0.00008,0.56713,-0.00055,0.19997,0.00065,0.70601,-0.00009,0.70821,1,5,0.99628,0.01045,-0.05857,-0.06236,0.06337,0.04237,0.81151,0,0
1766094330.863122,-0.00034,-0.00129,-0.01749,-0.00037,0.00109,0.00058,0.56713,-0.00055,0.19997,0.00065,0.70601,-0.00009,0.70821,1,5,0.99628,0.01045,-0.05857,-0.06236,0.06337,0.04237,0.81151,0,0
1766094330.865109,0.00730,0.02391,0.00456,0.00059,0.00059,0.00031,0.56713,-0.00055,0.19997,0.00065,0.70601,-0.00009,0.70821,1,5,0.99628,0.01045,-0.05857,-0.06236,0.06337,0.04237,0.81151,0,0
1766094330.867119,-0.00116,-0.00575,-0.00988,0.00066,0.00097,0.00032,0.56713,-0.00055,0.19997,0.00065,0.70601,-0.00009,0.70821,1,5,0.99628,0.01045,-0.05857,-0.06236,0.06337,0.04237,0.81151,0,0
1766094330.869125,-0.01254,-0.00169,-0.02525,0.00049,-0.00056,-0.00075,0.56713,-0.00055,0.19997,0.00065,0.70601,-0.00009,0.70821,1,5,0.99628,0.01045,-0.05857,-0.06236,0.06337,0.04237,0.81151,0,0
1766094330.871121,-0.02640,-0.00422,-0.05552,0.00133,0.00012,-0.00050,0.56713,-0.00055,0.19997,0.00065,0.70601,-0.00009,0.70821,1,5,0.99628,0.01045,-0.05857,-0.06236,0.06337,0.04237,0.81151,0,0
1766094330.873106,0.00006,-0.00077,0.01282,-0.00037,0.00057,0.00020,0.56713,-0.00055,0.19997,0.00065,0.70601,-0.00009,0.70821,1,5,0.99593,0.01078,-0.06134,-0.06522,0.06334,0.04236,0.81117,0,0
1766094330.875117,-0.00812,0.00007,-0.01739,-0.00036,-0.00035,0.00019,0.56713,-0.00055,0.19997,0.00065,0.70601,-0.00009,0.70821,1,5,0.99593,0.01078,-0.06134,-0.06522,0.06334,0.04236,0.81117,0,0
1766094330.877120,-0.01242,-0.00279,0.05089,-0.00039,0.00046,0.00011,0.56713,-0.00055,0.19997,0.00065,0.70601,-0.00009,0.70821,1,5,0.99593,0.01078,-0.06134,-0.06522,0.06334,0.04236,0.81117,0,0
1766094330.879210,-0.00543,0.01275,-0.00301,0.00154,0.00010,-0.00075,0.56713,-0.00055,0.19997,0.00065,0.70601,-0.00009,0.70821,1,5,0.99593,0.01078,-0.06134,-0.06522,0.06334,0.04236,0.81117,0,0
1766094330.881109,-0.02507,0.00540,-0.03305,0.00014,0.00009,-0.00075,0.56713,-0.00055,0.19997,0.00065,0.70601,-0.00009,0.70821,1,5,0.99593,0.01078,-0.06134,-0.06522,0.06334,0.04236,0.81117,0,0
1766094330.883121,-0.02654,-0.00327,-0.01742,0.00178,-0.00089,-0.00047,0.56713,-0.00055,0.19997,0.00065,0.70601,-0.00009,0.70821,1,5,0.99593,0.01078,-0.06134,-0.06522,0.06334,0.04236,0.81117,0,0
1766094330.885125,-0.00101,0.00953,0.00502,0.00063,0.00032,0.00033,0.56713,-0.00055,0.19997,0.00065,0.70601,-0.00009,0.70821,1,5,0.99593,0.01078,-0.06134,-0.06522,0.06334,0.04236,0.81117,0,0
1766094330.887121,-0.00044,0.03471,0.01181,0.00050,-0.00023,-0.00035,0.56713,-0.00055,0.19997,0.00065,0.70601,-0.00009,0.70821,1,5,0.99593,0.01078,-0.06134,-0.06522,0.06334,0.04236,0.81117,0,0
1766094330.889179,-0.01845,-0.01010,-0.00220,0.00127,0.00105,0.00007,0.56713,-0.00055,0.19997,0.00065,0.70601,-0.00009,0.70821,1,5,0.99593,0.01078,-0.06134,-0.06522,0.06334,0.04236,0.81117,0,0
1766094330.891193,-0.00558,0.00236,-0.03311,0.00142,0.00063,-0.00051,0.56713,-0.00055,0.19997,0.00065,0.70601,-0.00009,0.70821,1,5,0.99593,0.01078,-0.06134,-0.06522,0.06334,0.04236,0.81117,0,0
1766094330.893157,-0.00987,0.00015,-0.02547,0.00161,0.00055,-0.00063,0.56713,-0.00055,0.19997,0.00065,0.70601,-0.00009,0.70821,1,5,0.99593,0.01078,-0.06134,-0.06522,0.06334,0.04236,0.81117,0,0
1766094330.895135,-0.01817,-0.00436,-0.00983,0.00133,0.00003,-0.00007,0.56713,-0.00055,0.19997,0.00065,0.70601,-0.00009,0.70821,1,5,0.99593,0.01078,-0.06134,-0.06522,0.06334,0.04236,0.81117,0,0
1766094330.897131,0.00649,0.00826,0.00456,0.00127,0.00213,-0.00009,0.56713,-0.00055,0.19997,0.00065,0.70601,-0.00009,0.70821,1,5,0.99593,0.01078,-0.06134,-0.06522,0.06334,0.04236,0.81117,0,0
1766094330.899165,-0.01020,0.00984,-0.01812,0.00173,0.00080,-0.00049,0.56713,-0.00055,0.19997,0.00065,0.70601,-0.00009,0.70821,1,5,0.99593,0.01078,-0.06134,-0.06522,0.06334,0.04236,0.81117,0,0
1766094330.901140,0.00611,-0.00848,0.05142,-0.00242,-0.00012,0.00104,0.56713,-0.00055,0.19997,0.00065,0.70601,-0.00009,0.70821,1,5,0.99593,0.01078,-0.06134,-0.06522,0.06334,0.04236,0.81117,0,0
1766094330.903128,-0.00492,-0.00217,-0.03281,0.00092,-0.00014,-0.00037,0.56713,-0.00055,0.19997,0.00065,0.70601,-0.00009,0.70821,1,5,0.99593,0.01078,-0.06134,-0.06522,0.06334,0.04236,0.81117,0,0
1766094330.905129,-0.01358,0.01225,0.00490,0.00066,0.00047,0.00007,0.56713,-0.00055,0.19997,0.00065,0.70601,-0.00009,0.70821,1,5,0.99593,0.01078,-0.06134,-0.06522,0.06334,0.04236,0.81117,0,0
1766094330.907128,0.00418,0.00234,-0.03284,0.00011,-0.00025,-0.00011,0.56713,-0.00055,0.19997,0.00065,0.70601,-0.00009,0.70821,1,5,0.99593,0.01078,-0.06134,-0.06522,0.06334,0.04236,0.81117,0,0
1766094330.909137,-0.02217,0.00278,-0.02522,0.00098,0.00032,-0.00008,0.56713,-0.00055,0.19997,0.00065,0.70601,-0.00009,0.70821,1,5,0.99600,0.01062,-0.06007,-0.06524,0.06335,0.04237,0.81131,0,0
1766094330.911142,-0.00472,0.00262,-0.01004,0.00055,-0.00014,-0.00008,0.56713,-0.00055,0.19997,0.00065,0.70601,-0.00009,0.70821,1,5,0.99600,0.01062,-0.06007,-0.06524,0.06335,0.04237,0.81131,0,0
1766094330.913128,-0.00147,-0.01501,-0.00238,0.00164,0.00084,-0.00062,0.56713,-0.00055,0.19997,0.00065,0.70601,-0.00009,0.70821,1,5,0.99600,0.01062,-0.06007,-0.06524,0.06335,0.04237,0.81131,0,0
1766094330.915162,0.00453,0.01127,0.02001,-0.00066,0.00075,0.00007,0.56713,-0.00055,0.19997,0.00065,0.70601,-0.00009,0.70821,1,5,0.99600,0.01062,-0.06007,-0.06524,0.06335,0.04237,0.81131,0,0
1766094330.917142,-0.01517,-0.01711,-0.00221,0.00249,0.00101,-0.00033,0.56713,-0.00055,0.19997,0.00065,0.70601,-0.00009,0.70821,1,5,0.99600,0.01062,-0.06007,-0.06524,0.06335,0.04237,0.81131,0,0
1766094330.919163,-0.00133,-0.00065,0.00532,0.00073,0.00072,0.00060,0.56713,-0.00055,0.19997,0.00065,0.70601,-0.00009,0.70821,1,5,0.99600,0.01062,-0.06007,-0.06524,0.06335,0.04237,0.81131,0,0
1766094330.921146,-0.01063,0.00738,0.03551,-0.00180,-0.00046,-0.00017,0.56713,-0.00055,0.19997,0.00065,0.70601,-0.00009,0.70821,1,5,0.99600,0.01062,-0.06007,-0.06524,0.06335,0.04237,0.81131,0,0
1766094330.923557,-0.00105,0.01508,0.02012,0.00092,-0.00032,0.00021,0.56713,-0.00055,0.19997,0.00065,0.70601,-0.00009,0.70821,1,5,0.99600,0.01062,-0.06007,-0.06524,0.06335,0.04237,0.81131,0,0
1766094330.925234,-0.01427,0.00310,-0.04801,0.00164,-0.00015,-0.00010,0.56713,-0.00055,0.19997,0.00065,0.70601,-0.00009,0.70821,1,5,0.99600,0.01062,-0.06007,-0.06524,0.06335,0.04237,0.81131,0,0
1766094330.927150,-0.02291,-0.00142,-0.01015,0.00224,0.00007,-0.00074,0.56713,-0.00055,0.19997,0.00065,0.70601,-0.00009,0.70821,1,5,0.99600,0.01062,-0.06007,-0.06524,0.06335,0.04237,0.81131,0,0
1766094330.929140,-0.01813,0.00009,-0.00249,0.00117,0.00065,-0.00020,0.56713,-0.00055,0.19997,0.00065,0.70601,-0.00009,0.70821,1,5,0.99600,0.01062,-0.06007,-0.06524,0.06335,0.04237,0.81131,0,0
1766094330.931152,0.00267,-0.01698,-0.03233,0.00162,-0.00021,0.00003,0.56713,-0.00055,0.19997,0.00065,0.70601,-0.00009,0.70821,1,5,0.99600,0.01062,-0.06007,-0.06524,0.06335,0.04237,0.81131,0,0
1766094330.933165,-0.00505,-0.01014,0.01335,-0.00310,-0.00089,0.00009,0.56713,-0.00055,0.19997,0.00065,0.70601,-0.00009,0.70821,1,5,0.99600,0.01062,-0.06007,-0.06524,0.06335,0.04237,0.81131,0,0
1766094330.935144,-0.01789,0.00006,-0.04045,0.00095,0.00053,-0.00023,0.56713,-0.00055,0.19997,0.00065,0.70601,-0.00009,0.70821,1,5,0.99600,0.01062,-0.06007,-0.06524,0.06335,0.04237,0.81131,0,0
1766094330.937172,0.00725,0.01458,-0.01813,0.00113,0.00021,-0.00024,0.56713,-0.00055,0.19997,0.00065,0.70601,-0.00009,0.70821,1,5,0.99600,0.01062,-0.06007,-0.06524,0.06335,0.04237,0.81131,0,0
1766094330.939156,-0.00816,0.01431,-0.00285,-0.00040,0.00052,-0.00021,0.56713,-0.00055,0.19997,0.00065,0.70601,-0.00009,0.70821,1,5,0.99600,0.01062,-0.06007,-0.06524,0.06335,0.04237,0.81131,0,0
1766094330.941156,-0.00893,0.00923,-0.00275,0.00019,0.00092,-0.00008,0.56713,-0.00055,0.19997,0.00065,0.70601,-0.00009,0.70821,1,5,0.99600,0.01062,-0.06007,-0.06524,0.06335,0.04237,0.81131,0,0
1766094330.943161,-0.01332,-0.00182,-0.04811,0.00115,-0.00017,-0.00077,0.56713,-0.00055,0.19997,0.00065,0.70601,-0.00009,0.70821,1,5,0.99598,0.01056,-0.06017,-0.06555,0.06333,0.04236,0.81113,0,0
1766094330.945161,0.00378,0.03666,-0.00328,0.00009,-0.00001,0.00018,0.56713,-0.00055,0.19997,0.00065,0.70601,-0.00009,0.70821,1,5,0.99598,0.01056,-0.06017,-0.06555,0.06333,0.04236,0.81113,0,0
1766094330.947175,-0.00044,0.00492,-0.00265,0.00057,0.00005,-0.00035,0.56713,-0.00055,0.19997,0.00065,0.70601,-0.00009,0.70821,1,5,0.99598,0.01056,-0.06017,-0.06555,0.06333,0.04236,0.81113,0,0
1766094330.949283,-0.00120,0.01465,-0.01033,0.00091,0.00019,0.00018,0.56713,-0.00055,0.19997,0.00065,0.70601,-0.00009,0.70821,1,5,0.99598,0.01056,-0.06017,-0.06555,0.06333,0.04236,0.81113,0,0
1766094330.951170,0.00295,0.02152,0.01976,0.00078,0.00077,0.00020,0.56713,-0.00055,0.19997,0.00065,0.70601,-0.00009,0.70821,1,5,0.99598,0.01056,-0.06017,-0.06555,0.06333,0.04236,0.81113,0,0
1766094330.953171,-0.00368,0.00647,-0.00272,-0.00072,0.00086,-0.00021,0.56713,-0.00055,0.19997,0.00065,0.70601,-0.00009,0.70821,1,5,0.99598,0.01056,-0.06017,-0.06555,0.06333,0.04236,0.81113,0,0
1766094330.955186,-0.00938,-0.01418,-0.01721,0.00122,-0.00033,-0.00021,0.56713,-0.00055,0.19997,0.00065,0.70601,-0.00009,0.70821,1,5,0.99598,0.01056,-0.06017,-0.06555,0.06333,0.04236,0.81113,0,0
1766094330.957164,0.00993,0.01649,0.02722,0.00225,0.00132,-0.00008,0.56713,-0.00055,0.19997,0.00065,0.70601,-0.00009,0.70821,1,5,0.99598,0.01056,-0.06017,-0.06555,0.06333,0.04236,0.81113,0,0
1766094330.959201,-0.00583,-0.00035,-0.00210,-0.00255,-0.00063,0.00020,0.56713,-0.00055,0.19997,0.00065,0.70601,-0.00009,0.70821,1,5,0.99598,0.01056,-0.06017,-0.06555,0.06333,0.04236,0.81113,0,0
1766094330.961175,-0.00872,0.01475,-0.02561,0.00026,0.00015,-0.00023,0.56713,-0.00055,0.19997,0.00065,0.70601,-0.00009,0.70821,1,5,0.99598,0.01056,-0.06017,-0.06555,0.06333,0.04236,0.81113,0,0
1766094330.963196,-0.01433,0.00802,-0.00282,0.00192,0.00021,-0.00061,0.56713,-0.00055,0.19997,0.00065,0.70601,-0.00009,0.70821,1,5,0.99598,0.01056,-0.06017,-0.06555,0.06333,0.04236,0.81113,0,0
1766094330.965163,-0.00482,0.00165,-0.00242,0.00010,0.00088,0.00033,0.56713,-0.00055,0.19997,0.00065,0.70601,-0.00009,0.70821,1,5,0.99598,0.01056,-0.06017,-0.06555,0.06333,0.04236,0.81113,0,0
1766094330.967178,-0.00999,0.00467,0.00501,0.00123,0.00081,0.00007,0.56713,-0.00055,0.19997,0.00065,0.70601,-0.00009,0.70821,1,5,0.99598,0.01056,-0.06017,-0.06555,0.06333,0.04236,0.81113,0,0
1766094330.969179,-0.00483,-0.01192,-0.01722,0.00081,-0.00038,-0.00008,0.56713,-0.00055,0.19997,0.00065,0.70601,-0.00009,0.70821,1,5,0.99598,0.01056,-0.06017,-0.06555,0.06333,0.04236,0.81113,0,0
1766094330.971174,-0.00840,0.00433,0.01267,-0.00031,0.00066,0.00007,0.56713,-0.00055,0.19997,0.00065,0.70601,-0.00009,0.70821,1,5,0.99598,0.01056,-0.06017,-0.06555,0.06333,0.04236,0.81113,0,0
1766094330.973157,0.00467,-0.00817,0.01285,-0.00046,0.00051,-0.00020,0.56713,-0.00055,0.19997,0.00065,0.70601,-0.00009,0.70821,1,5,0.99598,0.01056,-0.06017,-0.06555,0.06333,0.04236,0.81113,0,0
1766094330.975200,-0.01340,-0.00771,0.00526,0.00064,0.00086,-0.00019,0.56713,-0.00055,0.19997,0.00065,0.70601,-0.00009,0.70821,1,5,0.99598,0.01056,-0.06017,-0.06555,0.06333,0.04236,0.81113,0,0
1766094330.977193,0.01084,-0.00786,-0.00247,0.00173,0.00069,-0.00023,0.56713,-0.00055,0.19997,0.00065,0.70601,-0.00009,0.70821,1,5,0.99598,0.01056,-0.06017,-0.06555,0.06333,0.04236,0.81113,0,0
1766094330.979205,0.00389,0.01158,-0.00295,0.00022,0.00076,-0.00036,0.56713,-0.00055,0.19997,0.00065,0.70601,-0.00009,0.70821,1,5,0.99598,0.01056,-0.06017,-0.06555,0.06333,0.04236,0.81113,0,0
1766094330.981187,-0.00487,0.01712,-0.01047,0.00050,0.00023,-0.00009,0.56713,-0.00055,0.19997,0.00065,0.70601,-0.00009,0.70821,1,5,0.99623,0.01052,-0.05886,-0.06281,0.06336,0.04235,0.81136,0,0
1766094330.983200,0.00823,-0.00535,0.02062,0.00002,-0.00003,0.00034,0.56713,-0.00055,0.19997,0.00065,0.70601,-0.00009,0.70821,1,5,0.99623,0.01052,-0.05886,-0.06281,0.06336,0.04235,0.81136,0,0
1766094330.985200,-0.01883,0.00017,-0.01013,0.00183,0.00079,-0.00021,0.56713,-0.00055,0.19997,0.00065,0.70601,-0.00009,0.70821,1,5,0.99623,0.01052,-0.05886,-0.06281,0.06336,0.04235,0.81136,0,0
1766094330.987204,0.00380,-0.00298,0.02042,0.00026,0.00039,0.00007,0.56713,-0.00055,0.19997,0.00065,0.70601,-0.00009,0.70821,1,5,0.99623,0.01052,-0.05886,-0.06281,0.06336,0.04235,0.81136,0,0
1766094330.989185,-0.00072,0.00901,-0.00263,0.00019,0.00083,0.00032,0.56713,-0.00055,0.19997,0.00065,0.70601,-0.00009,0.70821,1,5,0.99623,0.01052,-0.05886,-0.06281,0.06336,0.04235,0.81136,0,0
1766094330.991199,-0.00793,-0.00007,-0.00221,-0.00058,-0.00022,0.00020,0.56713,-0.00055,0.19997,0.00065,0.70601,-0.00009,0.70821,1,5,0.99623,0.01052,-0.05886,-0.06281,0.06336,0.04235,0.81136,0,0
1766094330.993202,0.00346,0.01166,0.00480,0.00044,0.00064,0.00005,0.56713,-0.00055,0.19997,0.00065,0.70601,-0.00009,0.70821,1,5,0.99623,0.01052,-0.05886,-0.06281,0.06336,0.04235,0.81136,0,0
1766094330.995376,-0.00210,0.00505,-0.02554,0.00210,0.00046,-0.00037,0.56713,-0.00055,0.19997,0.00065,0.70601,-0.00009,0.70821,1,5,0.99623,0.01052,-0.05886,-0.06281,0.06336,0.04235,0.81136,0,0
1766094330.997190,0.01272,0.00753,0.01999,0.00039,-0.00049,-0.00061,0.56713,-0.00055,0.19997,0.00065,0.70601,-0.00009,0.70821,1,5,0.99623,0.01052,-0.05886,-0.06281,0.06336,0.04235,0.81136,0,0
1766094330.999211,-0.00923,0.01473,0.00473,0.00069,0.00041,-0.00020,0.56713,-0.00055,0.19997,0.00065,0.70601,-0.00009,0.70821,1,5,0.99623,0.01052,-0.05886,-0.06281,0.06336,0.04235,0.81136,0,0
1766094331.001200,-0.01054,0.00244,0.02088,-0.00229,-0.00095,0.00077,0.56713,-0.00055,0.19997,0.00065,0.70601,-0.00009,0.70821,1,5,0.99623,0.01052,-0.05886,-0.06281,0.06336,0.04235,0.81136,0,0
1766094331.003199,-0.00866,-0.00069,0.00523,-0.00015,0.00080,0.00020,0.56713,-0.00055,0.19997,0.00065,0.70601,-0.00009,0.70821,1,5,0.99623,0.01052,-0.05886,-0.06281,0.06336,0.04235,0.81136,0,0
1766094331.005203,-0.00455,-0.00329,0.00538,-0.00018,0.00076,0.00047,0.56713,-0.00055,0.19997,0.00065,0.70601,-0.00009,0.70821,1,5,0.99623,0.01052,-0.05886,-0.06281,0.06336,0.04235,0.81136,0,0
1766094331.007197,-0.00859,0.00450,0.02028,-0.00009,0.00054,0.00008,0.56713,-0.00055,0.19997,0.00065,0.70601,-0.00009,0.70821,1,5,0.99623,0.01052,-0.05886,-0.06281,0.06336,0.04235,0.81136,0,0
1766094331.009223,-0.00997,-0.01444,-0.02489,0.00165,0.00019,-0.00022,0.56713,-0.00055,0.19997,0.00065,0.70601,-0.00009,0.70821,1,5,0.99623,0.01052,-0.05886,-0.06281,0.06336,0.04235,0.81136,0,0
1766094331.011301,-0.00602,0.00244,-0.02535,0.00164,0.00051,-0.00010,0.56713,-0.00055,0.19997,0.00065,0.70601,-0.00009,0.70821,1,5,0.99623,0.01052,-0.05886,-0.06281,0.06336,0.04235,0.81136,0,0
1766094331.013245,0.00795,0.01450,-0.01050,0.00047,0.00007,-0.00023,0.56713,-0.00055,0.19997,0.00065,0.70601,-0.00009,0.70821,1,5,0.99623,0.01052,-0.05886,-0.06281,0.06336,0.04235,0.81136,0,0
1766094331.015341,-0.00475,-0.00307,0.00522,0.00026,0.00075,0.00007,0.56713,-0.00055,0.19997,0.00065,0.70601,-0.00009,0.70821,1,5,0.99634,0.01042,-0.05759,-0.06231,0.06340,0.04238,0.81180,0,0
1766094331.017237,-0.00510,0.00722,0.05063,0.00060,0.00037,0.00023,0.56713,-0.00055,0.19997,0.00065,0.70601,-0.00009,0.70821,1,5,0.99634,0.01042,-0.05759,-0.06231,0.06340,0.04238,0.81180,0,0
1766094331.019214,-0.00859,0.01447,0.01992,0.00003,0.00053,-0.00019,0.56713,-0.00055,0.19997,0.00065,0.70601,-0.00009,0.70821,1,5,0.99634,0.01042,-0.05759,-0.06231,0.06340,0.04238,0.81180,0,0
1766094331.021284,-0.00058,0.01436,-0.01793,0.00025,0.00031,0.00017,0.56713,-0.00055,0.19997,0.00065,0.70601,-0.00009,0.70821,1,5,0.99634,0.01042,-0.05759,-0.06231,0.06340,0.04238,0.81180,0,0
1766094331.023226,0.01220,0.00744,0.00475,0.00082,-0.00023,-0.00063,0.56713,-0.00055,0.19997,0.00065,0.70601,-0.00009,0.70821,1,5,0.99634,0.01042,-0.05759,-0.06231,0.06340,0.04238,0.81180,0,0
1766094331.025224,-0.00817,0.01555,-0.02544,0.00005,-0.00100,-0.00022,0.56713,-0.00055,0.19997,0.00065,0.70601,-0.00009,0.70821,1,5,0.99634,0.01042,-0.05759,-0.06231,0.06340,0.04238,0.81180,0,0
1766094331.027221,0.01181,0.00927,0.03568,-0.00330,-0.00110,0.00035,0.56713,-0.00055,0.19997,0.00065,0.70601,-0.00009,0.70821,1,5,0.99634,0.01042,-0.05759,-0.06231,0.06340,0.04238,0.81180,0,0
1766094331.029227,0.00630,-0.00294,-0.00199,-0.00214,-0.00077,0.00046,0.56713,-0.00055,0.19997,0.00065,0.70601,-0.00009,0.70821,1,5,0.99634,0.01042,-0.05759,-0.06231,0.06340,0.04238,0.81180,0,0
1766094331.031339,-0.00356,0.02598,0.03484,-0.00114,0.00097,0.00008,0.56713,-0.00055,0.19997,0.00065,0.70601,-0.00009,0.70821,1,5,0.99634,0.01042,-0.05759,-0.06231,0.06340,0.04238,0.81180,0,0
1766094331.033210,-0.00606,-0.01184,-0.02508,0.00212,0.00013,-0.00049,0.56713,-0.00055,0.19997,0.00065,0.70601,-0.00009,0.70821,1,5,0.99634,0.01042,-0.05759,-0.06231,0.06340,0.04238,0.81180,0,0
1766094331.035223,-0.00007,-0.00538,-0.01751,0.00001,0.00032,-0.00009,0.56713,-0.00055,0.19997,0.00065,0.70601,-0.00009,0.70821,1,5,0.99634,0.01042,-0.05759,-0.06231,0.06340,0.04238,0.81180,0,0
1766094331.037221,-0.00960,0.00504,-0.02528,0.00101,0.00017,0.00004,0.56713,-0.00055,0.19997,0.00065,0.70601,-0.00009,0.70821,1,5,0.99634,0.01042,-0.05759,-0.06231,0.06340,0.04238,0.81180,0,0
1766094331.039225,-0.00923,0.01971,0.00455,0.00075,0.00040,-0.00034,0.56713,-0.00055,0.19997,0.00065,0.70601,-0.00009,0.70821,1,5,0.99634,0.01042,-0.05759,-0.06231,0.06340,0.04238,0.81180,0,0
1766094331.041213,-0.00506,0.02228,-0.00304,0.00078,0.00010,-0.00022,0.56713,-0.00055,0.19997,0.00065,0.70601,-0.00009,0.70821,1,5,0.99634,0.01042,-0.05759,-0.06231,0.06340,0.04238,0.81180,0,0
1766094331.043316,-0.00871,-0.00501,0.00514,0.00045,0.00041,-0.00047,0.56713,-0.00055,0.19997,0.00065,0.70601,-0.00009,0.70821,1,5,0.99634,0.01042,-0.05759,-0.06231,0.06340,0.04238,0.81180,0,0
1766094331.045340,-0.00528,0.00310,-0.01000,0.00121,-0.00052,-0.00008,0.56713,-0.00055,0.19997,0.00065,0.70601,-0.00009,0.70821,1,5,0.99634,0.01042,-0.05759,-0.06231,0.06340,0.04238,0.81180,0,0
1766094331.047312,-0.00931,0.00591,0.00507,0.00124,-0.00073,-0.00033,0.56713,-0.00055,0.19997,0.00065,0.70601,-0.00009,0.70821,1,5,0.99634,0.01042,-0.05759,-0.06231,0.06340,0.04238,0.81180,0,0
1766094331.049381,-0.00507,0.01233,-0.03324,0.00088,0.00023,-0.00037,0.56713,-0.00055,0.19997,0.00065,0.70601,-0.00009,0.70821,1,5,0.99634,0.01042,-0.05759,-0.06231,0.06340,0.04238,0.81180,0,0
1766094331.051246,-0.01881,0.00586,-0.02538,0.00211,-0.00010,-0.00035,0.56713,-0.00055,0.19997,0.00065,0.70601,-0.00009,0.70821,1,5,0.99606,0.01068,-0.05961,-0.06478,0.06336,0.04237,0.81140,0,0
1766094331.053259,0.00414,-0.00208,-0.01739,0.00027,-0.00088,0.00004,0.56713,-0.00055,0.19997,0.00065,0.70601,-0.00009,0.70821,1,5,0.99606,0.01068,-0.05961,-0.06478,0.06336,0.04237,0.81140,0,0
1766094331.055252,-0.00021,-0.00076,-0.00257,0.00007,0.00082,-0.00022,0.56713,-0.00055,0.19997,0.00065,0.70601,-0.00009,0.70821,1,5,0.99606,0.01068,-0.05961,-0.06478,0.06336,0.04237,0.81140,0,0
1766094331.057239,0.01588,0.00365,0.01245,0.00056,0.00113,0.00005,0.56713,-0.00055,0.19997,0.00065,0.70601,-0.00009,0.70821,1,5,0.99606,0.01068,-0.05961,-0.06478,0.06336,0.04237,0.81140,0,0
1766094331.059234,-0.00469,0.02202,-0.00323,0.00056,0.00047,-0.00062,0.56713,-0.00055,0.19997,0.00065,0.70601,-0.00009,0.70821,1,5,0.99606,0.01068,-0.05961,-0.06478,0.06336,0.04237,0.81140,0,0
1766094331.061239,0.00423,-0.00812,-0.00218,-0.00024,0.00040,0.00019,0.56713,-0.00055,0.19997,0.00065,0.70601,-0.00009,0.70821,1,5,0.99606,0.01068,-0.05961,-0.06478,0.06336,0.04237,0.81140,0,0
1766094331.063239,0.00214,-0.00054,0.03598,-0.00233,-0.00059,0.00063,0.56713,-0.00055,0.19997,0.00065,0.70601,-0.00009,0.70821,1,5,0.99606,0.01068,-0.05961,-0.06478,0.06336,0.04237,0.81140,0,0
1766094331.065240,-0.00482,0.00663,-0.00260,0.00016,0.00087,0.00019,0.56713,-0.00055,0.19997,0.00065,0.70601,-0.00009,0.70821,1,5,0.99606,0.01068,-0.05961,-0.06478,0.06336,0.04237,0.81140,0,0
1766094331.067365,0.00426,0.00120,-0.03283,-0.00056,0.00090,0.00030,0.56713,-0.00055,0.19997,0.00065,0.70601,-0.00009,0.70821,1,5,0.99606,0.01068,-0.05961,-0.06478,0.06336,0.04237,0.81140,0,0
1766094331.069318,-0.00429,0.01243,-0.03317,0.00023,-0.00016,-0.00037,0.56713,-0.00055,0.19997,0.00065,0.70601,-0.00009,0.70821,1,5,0.99606,0.01068,-0.05961,-0.06478,0.06336,0.04237,0.81140,0,0
1766094331.071278,0.00444,-0.00260,-0.02504,-0.00017,-0.00037,0.00004,0.56713,-0.00055,0.19997,0.00065,0.70601,-0.00009,0.70821,1,5,0.99606,0.01068,-0.05961,-0.06478,0.06336,0.04237,0.81140,0,0
1766094331.073250,-0.00469,0.01206,-0.00288,0.00044,0.00048,-0.00035,0.56713,-0.00055,0.19997,0.00065,0.70601,-0.00009,0.70821,1,5,0.99606,0.01068,-0.05961,-0.06478,0.06336,0.04237,0.81140,0,0
1766094331.075260,-0.00395,0.00280,0.00506,0.00011,-0.00041,-0.00047,0.56713,-0.00055,0.19997,0.00065,0.70601,-0.00009,0.70821,1,5,0.99606,0.01068,-0.05961,-0.06478,0.06336,0.04237,0.81140,0,0
1766094331.077253,-0.00152,-0.00048,0.01293,0.00095,0.00059,0.00061,0.56713,-0.00055,0.19997,0.00065,0.70601,-0.00009,0.70821,1,5,0.99606,0.01068,-0.05961,-0.06478,0.06336,0.04237,0.81140,0,0
1766094331.079268,-0.02267,-0.01213,-0.00212,0.00146,0.00072,-0.00006,0.56713,-0.00055,0.19997,0.00065,0.70601,-0.00009,0.70821,1,5,0.99606,0.01068,-0.05961,-0.06478,0.06336,0.04237,0.81140,0,0
1766094331.081248,-0.00811,-0.00488,0.00557,-0.00042,-0.00034,0.00034,0.56713,-0.00055,0.19997,0.00065,0.70601,-0.00009,0.70821,1,5,0.99606,0.01068,-0.05961,-0.06478,0.06336,0.04237,0.81140,0,0
1766094331.083261,0.00067,0.00886,-0.01792,-0.00091,0.00068,-0.00009,0.56713,-0.00055,0.19997,0.00065,0.70601,-0.00009,0.70821,1,5,0.99606,0.01068,-0.05961,-0.06478,0.06336,0.04237,0.81140,0,0
1766094331.085258,0.00791,0.01984,-0.04823,0.00032,-0.00080,0.00041,0.56713,-0.00055,0.19997,0.00065,0.70601,-0.00009,0.70821,1,5,0.99606,0.01068,-0.05961,-0.06478,0.06336,0.04237,0.81140,0,0
1766094331.087248,-0.00075,0.02398,-0.03372,0.00059,0.00093,-0.00052,0.56713,-0.00055,0.19997,0.00065,0.70601,-0.00009,0.70821,1,5,0.99606,0.01068,-0.05961,-0.06478,0.06336,0.04237,0.81140,0,0
1766094331.089262,0.00809,-0.00575,0.01296,0.00001,0.00048,0.00033,0.56713,-0.00055,0.19997,0.00065,0.70601,-0.00009,0.70821,1,5,0.99591,0.01062,-0.06193,-0.06497,0.06334,0.04236,0.81123,0,0
1766094331.091288,0.00237,0.00712,-0.01800,0.00169,0.00066,-0.00023,0.56713,-0.00055,0.19997,0.00065,0.70601,-0.00009,0.70821,1,5,0.99591,0.01062,-0.06193,-0.06497,0.06334,0.04236,0.81123,0,0
1766094331.093266,-0.00535,-0.00699,-0.00986,0.00130,-0.00013,-0.00021,0.56713,-0.00055,0.19997,0.00065,0.70601,-0.00009,0.70821,1,5,0.99591,0.01062,-0.06193,-0.06497,0.06334,0.04236,0.81123,0,0
1766094331.095285,-0.00831,-0.01040,0.02843,-0.00048,0.00043,0.00050,0.56713,-0.00055,0.19997,0.00065,0.70601,-0.00009,0.70821,1,5,0.99591,0.01062,-0.06193,-0.06497,0.06334,0.04236,0.81123,0,0
1766094331.097246,-0.00717,-0.01543,0.06630,-0.00120,0.00053,-0.00015,0.56713,-0.00055,0.19997,0.00065,0.70601,-0.00009,0.70821,1,5,0.99591,0.01062,-0.06193,-0.06497,0.06334,0.04236,0.81123,0,0
1766094331.099294,-0.02162,-0.01752,-0.04008,0.00052,0.00096,-0.00035,0.56713,-0.00055,0.19997,0.00065,0.70601,-0.00009,0.70821,1,5,0.99591,0.01062,-0.06193,-0.06497,0.06334,0.04236,0.81123,0,0
1766094331.101300,-0.02606,-0.00894,-0.03250,0.00106,-0.00026,-0.00034,0.56713,-0.00055,0.19997,0.00065,0.70601,-0.00009,0.70821,1,5,0.99591,0.01062,-0.06193,-0.06497,0.06334,0.04236,0.81123,0,0
1766094331.103293,0.01276,0.00683,-0.00253,-0.00027,-0.00010,0.00018,0.56713,-0.00055,0.19997,0.00065,0.70601,-0.00009,0.70821,1,5,0.99591,0.01062,-0.06193,-0.06497,0.06334,0.04236,0.81123,0,0
1766094331.105579,-0.00446,0.02254,0.00464,0.00035,-0.00042,-0.00021,0.56713,-0.00055,0.19997,0.00065,0.70601,-0.00009,0.70821,1,5,0.99591,0.01062,-0.06193,-0.06497,0.06334,0.04236,0.81123,0,0
1766094331.107304,0.00430,0.00202,-0.01010,-0.00012,0.00013,-0.00009,0.56713,-0.00055,0.19997,0.00065,0.70601,-0.00009,0.70821,1,5,0.99591,0.01062,-0.06193,-0.06497,0.06334,0.04236,0.81123,0,0
1766094331.109289,0.01280,0.01128,0.00480,-0.00044,0.00053,0.00005,0.56713,-0.00055,0.19997,0.00065,0.70601,-0.00009,0.70821,1,5,0.99591,0.01062,-0.06193,-0.06497,0.06334,0.04236,0.81123,0,0
1766094331.111287,0.00826,-0.00094,0.00517,-0.00015,0.00060,0.00019,0.56713,-0.00055,0.19997,0.00065,0.70601,-0.00009,0.70821,1,5,0.99591,0.01062,-0.06193,-0.06497,0.06334,0.04236,0.81123,0,0
1766094331.113291,0.00169,0.01453,0.03543,-0.00171,-0.00061,0.00022,0.56713,-0.00055,0.19997,0.00065,0.70601,-0.00009,0.70821,1,5,0.99591,0.01062,-0.06193,-0.06497,0.06334,0.04236,0.81123,0,0
1766094331.115276,0.00049,0.00413,0.00489,-0.00053,0.00068,-0.00034,0.56713,-0.00055,0.19997,0.00065,0.70601,-0.00009,0.70821,1,5,0.99591,0.01062,-0.06193,-0.06497,0.06334,0.04236,0.81123,0,0
1766094331.117294,-0.00038,0.00927,0.02022,-0.00003,0.00044,0.00034,0.56713,-0.00055,0.19997,0.00065,0.70601,-0.00009,0.70821,1,5,0.99591,0.01062,-0.06193,-0.06497,0.06334,0.04236,0.81123,0,0
1766094331.119267,-0.01837,0.00080,-0.03296,0.00183,0.00002,-0.00063,0.56713,-0.00055,0.19997,0.00065,0.70601,-0.00009,0.70821,1,5,0.99591,0.01062,-0.06193,-0.06497,0.06334,0.04236,0.81123,0,0
1766094331.121265,-0.01383,-0.00195,-0.05558,0.00136,-0.00003,-0.00038,0.56713,-0.00055,0.19997,0.00065,0.70601,-0.00009,0.70821,1,5,0.99591,0.01062,-0.06193,-0.06497,0.06334,0.04236,0.81123,0,0
1766094331.123301,-0.01028,0.00584,-0.04799,0.00190,-0.00058,0.00003,0.56713,-0.00055,0.19997,0.00065,0.70601,-0.00009,0.70821,1,5,0.99591,0.01062,-0.06193,-0.06497,0.06334,0.04236,0.81123,0,0
1766094331.125264,-0.01434,-0.00687,-0.01005,0.00196,0.00035,-0.00061,0.56713,-0.00055,0.19997,0.00065,0.70601,-0.00009,0.70821,1,5,0.99591,0.01062,-0.06193,-0.06497,0.06334,0.04236,0.81123,0,0
1766094331.127298,0.01223,0.02169,-0.01831,0.00034,0.00014,-0.00024,0.56713,-0.00055,0.19997,0.00065,0.70601,-0.00009,0.70821,1,5,0.99600,0.01061,-0.06162,-0.06376,0.06336,0.04238,0.81148,0,0
1766094331.129278,-0.00493,0.00698,-0.00255,0.00038,0.00050,0.00019,0.56713,-0.00055,0.19997,0.00065,0.70601,-0.00009,0.70821,1,5,0.99600,0.01061,-0.06162,-0.06376,0.06336,0.04238,0.81148,0,0
1766094331.131303,-0.00929,-0.00039,0.01282,0.00051,0.00068,0.00021,0.56713,-0.00055,0.19997,0.00065,0.70601,-0.00009,0.70821,1,5,0.99600,0.01061,-0.06162,-0.06376,0.06336,0.04238,0.81148,0,0
1766094331.133362,-0.00903,0.00043,-0.03296,0.00096,-0.00009,-0.00063,0.56713,-0.00055,0.19997,0.00065,0.70601,-0.00009,0.70821,1,5,0.99600,0.01061,-0.06162,-0.06376,0.06336,0.04238,0.81148,0,0
1766094331.135291,0.00391,0.00157,0.00517,-0.00012,0.00065,0.00033,0.56713,-0.00055,0.19997,0.00065,0.70601,-0.00009,0.70821,1,5,0.99600,0.01061,-0.06162,-0.06376,0.06336,0.04238,0.81148,0,0
1766094331.137287,-0.01076,-0.01040,-0.01732,0.00170,0.00122,0.00046,0.56713,-0.00055,0.19997,0.00065,0.70601,-0.00009,0.70821,1,5,0.99600,0.01061,-0.06162,-0.06376,0.06336,0.04238,0.81148,0,0
1766094331.139329,0.00020,0.01947,0.00476,-0.00034,-0.00009,0.00006,0.56713,-0.00055,0.19997,0.00065,0.70601,-0.00009,0.70821,1,5,0.99600,0.01061,-0.06162,-0.06376,0.06336,0.04238,0.81148,0,0
1766094331.141310,0.00328,0.00685,0.01259,0.00060,0.00052,0.00019,0.56713,-0.00055,0.19997,0.00065,0.70601,-0.00009,0.70821,1,5,0.99600,0.01061,-0.06162,-0.06376,0.06336,0.04238,0.81148,0,0
1766094331.143376,-0.00064,0.00421,-0.01001,0.00013,0.00058,0.00045,0.56713,-0.00055,0.19997,0.00065,0.70601,-0.00009,0.70821,1,5,0.99600,0.01061,-0.06162,-0.06376,0.06336,0.04238,0.81148,0,0
1766094331.145300,-0.00059,0.02432,-0.01828,0.00037,0.00030,-0.00010,0.56713,-0.00055,0.19997,0.00065,0.70601,-0.00009,0.70821,1,5,0.99600,0.01061,-0.06162,-0.06376,0.06336,0.04238,0.81148,0,0
1766094331.147290,-0.01293,-0.00206,0.00504,0.00071,0.00008,-0.00073,0.56713,-0.00055,0.19997,0.00065,0.70601,-0.00009,0.70821,1,5,0.99600,0.01061,-0.06162,-0.06376,0.06336,0.04238,0.81148,0,0
1766094331.149301,-0.00510,0.00298,-0.02538,0.00121,-0.00027,-0.00050,0.56713,-0.00055,0.19997,0.00065,0.70601,-0.00009,0.70821,1,5,0.99600,0.01061,-0.06162,-0.06376,0.06336,0.04238,0.81148,0,0
1766094331.151291,-0.00053,0.00016,-0.00968,0.00030,-0.00056,0.00059,0.56713,-0.00055,0.19997,0.00065,0.70601,-0.00009,0.70821,1,5,0.99600,0.01061,-0.06162,-0.06376,0.06336,0.04238,0.81148,0,0
1766094331.153307,-0.01358,-0.01019,0.02094,-0.00311,-0.00053,0.00010,0.56713,-0.00055,0.19997,0.00065,0.70601,-0.00009,0.70821,1,5,0.99600,0.01061,-0.06162,-0.06376,0.06336,0.04238,0.81148,0,0
1766094331.155296,-0.00385,0.01731,-0.01054,-0.00015,-0.00017,-0.00049,0.56713,-0.00055,0.19997,0.00065,0.70601,-0.00009,0.70821,1,5,0.99600,0.01061,-0.06162,-0.06376,0.06336,0.04238,0.81148,0,0
1766094331.157319,0.00733,0.01483,0.01988,0.00113,-0.00005,-0.00021,0.56713,-0.00055,0.19997,0.00065,0.70601,-0.00009,0.70821,1,5,0.99600,0.01061,-0.06162,-0.06376,0.06336,0.04238,0.81148,0,0
1766094331.159302,0.00037,0.00568,-0.00989,-0.00007,-0.00135,0.00005,0.56713,-0.00055,0.19997,0.00065,0.70601,-0.00009,0.70821,1,5,0.99600,0.01061,-0.06162,-0.06376,0.06336,0.04238,0.81148,0,0
1766094331.161283,-0.01769,0.00123,-0.00228,0.00118,-0.00087,-0.00019,0.56713,-0.00055,0.19997,0.00065,0.70601,-0.00009,0.70821,1,5,0.99600,0.01061,-0.06162,-0.06376,0.06336,0.04238,0.81148,0,0
1766094331.163281,0.00258,0.00285,-0.01046,0.00208,0.00014,-0.00090,0.56713,-0.00055,0.19997,0.00065,0.70601,-0.00009,0.70821,1,5,0.99600,0.01061,-0.06162,-0.06376,0.06336,0.04238,0.81148,0,0
1766094331.165307,-0.01593,-0.02478,0.05154,-0.00088,0.00014,0.00012,0.56713,-0.00055,0.19997,0.00065,0.70601,-0.00009,0.70821,1,5,0.99612,0.01059,-0.05922,-0.06416,0.06336,0.04238,0.81146,0,0
1766094331.167331,-0.00937,-0.00924,-0.00962,0.00106,-0.00045,0.00006,0.56713,-0.00055,0.19997,0.00065,0.70601,-0.00009,0.70821,1,5,0.99612,0.01059,-0.05922,-0.06416,0.06336,0.04238,0.81146,0,0
1766094331.169343,-0.00332,-0.00754,-0.01720,-0.00089,-0.00040,0.00019,0.56713,-0.00055,0.19997,0.00065,0.70601,-0.00009,0.70821,1,5,0.99612,0.01059,-0.05922,-0.06416,0.06336,0.04238,0.81146,0,0
1766094331.171336,-0.00601,-0.00246,-0.01015,0.00180,0.00063,-0.00035,0.56713,-0.00055,0.19997,0.00065,0.70601,-0.00009,0.70821,1,5,0.99612,0.01059,-0.05922,-0.06416,0.06336,0.04238,0.81146,0,0
1766094331.173335,0.00404,0.01189,-0.01031,0.00000,0.00013,0.00004,0.56713,-0.00055,0.19997,0.00065,0.70601,-0.00009,0.70821,1,5,0.99612,0.01059,-0.05922,-0.06416,0.06336,0.04238,0.81146,0,0
1766094331.175327,-0.00989,0.00556,-0.01763,0.00146,-0.00033,0.00005,0.56713,-0.00055,0.19997,0.00065,0.70601,-0.00009,0.70821,1,5,0.99612,0.01059,-0.05922,-0.06416,0.06336,0.04238,0.81146,0,0
1766094331.177391,-0.01949,-0.00641,0.07381,-0.00088,-0.00099,-0.00053,0.56713,-0.00055,0.19997,0.00065,0.70601,-0.00009,0.70821,1,5,0.99612,0.01059,-0.05922,-0.06416,0.06336,0.04238,0.81146,0,0
1766094331.179402,-0.00439,0.01774,-0.00274,0.00029,-0.00067,-0.00008,0.56713,-0.00055,0.19997,0.00065,0.70601,-0.00009,0.70821,1,5,0.99612,0.01059,-0.05922,-0.06416,0.06336,0.04238,0.81146,0,0
1766094331.181423,0.01129,0.00428,0.03564,-0.00271,-0.00072,0.00008,0.56713,-0.00055,0.19997,0.00065,0.70601,-0.00009,0.70821,1,5,0.99612,0.01059,-0.05922,-0.06416,0.06336,0.04238,0.81146,0,0
1766094331.183388,0.00791,0.01503,-0.01801,0.00070,-0.00056,-0.00024,0.56713,-0.00055,0.19997,0.00065,0.70601,-0.00009,0.70821,1,5,0.99612,0.01059,-0.05922,-0.06416,0.06336,0.04238,0.81146,0,0
1766094331.185374,-0.00403,-0.00320,0.02062,-0.00062,0.00050,0.00048,0.56713,-0.00055,0.19997,0.00065,0.70601,-0.00009,0.70821,1,5,0.99612,0.01059,-0.05922,-0.06416,0.06336,0.04238,0.81146,0,0
1766094331.187379,-0.01287,-0.00689,-0.02513,0.00065,-0.00017,-0.00062,0.56713,-0.00055,0.19997,0.00065,0.70601,-0.00009,0.70821,1,5,0.99612,0.01059,-0.05922,-0.06416,0.06336,0.04238,0.81146,0,0
1766094331.189360,0.00276,0.00268,-0.01807,0.00186,0.00026,-0.00091,0.56713,-0.00055,0.19997,0.00065,0.70601,-0.00009,0.70821,1,5,0.99612,0.01059,-0.05922,-0.06416,0.06336,0.04238,0.81146,0,0
1766094331.191526,-0.00159,0.00641,-0.01010,0.00212,-0.00133,-0.00035,0.56713,-0.00055,0.19997,0.00065,0.70601,-0.00009,0.70821,1,5,0.99612,0.01059,-0.05922,-0.06416,0.06336,0.04238,0.81146,0,0
1766094331.193416,-0.00594,-0.00726,-0.01754,0.00174,0.00039,-0.00022,0.56713,-0.00055,0.19997,0.00065,0.70601,-0.00009,0.70821,1,5,0.99612,0.01059,-0.05922,-0.06416,0.06336,0.04238,0.81146,0,0
1766094331.195326,-0.00024,0.00963,0.00510,-0.00002,-0.00007,0.00033,0.56713,-0.00055,0.19997,0.00065,0.70601,-0.00009,0.70821,1,5,0.99612,0.01059,-0.05922,-0.06416,0.06336,0.04238,0.81146,0,0
1766094331.197310,-0.00623,0.00696,0.01217,0.00191,0.00138,-0.00061,0.56713,-0.00055,0.19997,0.00065,0.70601,-0.00009,0.70821,1,5,0.99612,0.01059,-0.05922,-0.06416,0.06336,0.04238,0.81146,0,0
1766094331.199403,-0.01810,-0.00917,-0.01721,0.00128,-0.00022,0.00006,0.56713,-0.00055,0.19997,0.00065,0.70601,-0.00009,0.70821,1,5,0.99612,0.01059,-0.05922,-0.06416,0.06336,0.04238,0.81146,0,0
1766094331.201414,-0.00494,0.01205,0.01229,0.00066,0.00061,-0.00034,0.56713,-0.00055,0.19997,0.00065,0.70601,-0.00009,0.70821,1,5,0.99612,0.01059,-0.05922,-0.06416,0.06336,0.04238,0.81146,0,0
1766094331.203456,-0.00455,0.00662,0.01279,-0.00028,0.00062,0.00061,0.56713,-0.00055,0.19997,0.00065,0.70601,-0.00009,0.70821,1,5,0.99617,0.01041,-0.05879,-0.06394,0.06336,0.04237,0.81139,0,0
1766094331.205365,-0.00602,-0.00747,-0.03276,0.00173,0.00064,-0.00023,0.56713,-0.00055,0.19997,0.00065,0.70601,-0.00009,0.70821,1,5,0.99617,0.01041,-0.05879,-0.06394,0.06336,0.04237,0.81139,0,0
1766094331.207359,0.01208,-0.00301,0.01297,0.00026,0.00005,0.00046,0.56713,-0.00055,0.19997,0.00065,0.70601,-0.00009,0.70821,1,5,0.99617,0.01041,-0.05879,-0.06394,0.06336,0.04237,0.81139,0,0
1766094331.209345,-0.00886,0.00941,-0.01031,0.00019,0.00066,-0.00008,0.56713,-0.00055,0.19997,0.00065,0.70601,-0.00009,0.70821,1,5,0.99617,0.01041,-0.05879,-0.06394,0.06336,0.04237,0.81139,0,0
1766094331.211343,-0.01411,-0.00268,-0.02534,0.00135,0.00099,-0.00036,0.56713,-0.00055,0.19997,0.00065,0.70601,-0.00009,0.70821,1,5,0.99617,0.01041,-0.05879,-0.06394,0.06336,0.04237,0.81139,0,0
1766094331.213330,0.01503,0.00701,0.05082,-0.00224,-0.00102,0.00022,0.56713,-0.00055,0.19997,0.00065,0.70601,-0.00009,0.70821,1,5,0.99617,0.01041,-0.05879,-0.06394,0.06336,0.04237,0.81139,0,0
1766094331.215347,0.01289,0.00652,0.02021,-0.00050,0.00028,0.00019,0.56713,-0.00055,0.19997,0.00065,0.70601,-0.00009,0.70821,1,5,0.99617,0.01041,-0.05879,-0.06394,0.06336,0.04237,0.81139,0,0
1766094331.217360,-0.00995,-0.00586,-0.00991,0.00088,0.00146,0.00033,0.56713,-0.00055,0.19997,0.00065,0.70601,-0.00009,0.70821,1,5,0.99617,0.01041,-0.05879,-0.06394,0.06336,0.04237,0.81139,0,0
1766094331.219344,-0.00538,0.00584,0.04351,-0.00247,-0.00217,0.00011,0.56713,-0.00055,0.19997,0.00065,0.70601,-0.00009,0.70821,1,5,0.99617,0.01041,-0.05879,-0.06394,0.06336,0.04237,0.81139,0,0
1766094331.221332,-0.02228,-0.00177,-0.00998,0.00137,0.00007,-0.00033,0.56713,-0.00055,0.19997,0.00065,0.70601,-0.00009,0.70821,1,5,0.99617,0.01041,-0.05879,-0.06394,0.06336,0.04237,0.81139,0,0
1766094331.223350,-0.00826,-0.00527,-0.00209,-0.00042,0.00017,0.00034,0.56713,-0.00055,0.19997,0.00065,0.70601,-0.00009,0.70821,1,5,0.99617,0.01041,-0.05879,-0.06394,0.06336,0.04237,0.81139,0,0
1766094331.225334,-0.00877,0.01464,0.02753,0.00025,0.00040,-0.00019,0.56713,-0.00055,0.19997,0.00065,0.70601,-0.00009,0.70821,1,5,0.99617,0.01041,-0.05879,-0.06394,0.06336,0.04237,0.81139,0,0
1766094331.227349,0.00006,-0.00570,0.00523,-0.00021,0.00069,-0.00007,0.56713,-0.00055,0.19997,0.00065,0.70601,-0.00009,0.70821,1,5,0.99617,0.01041,-0.05879,-0.06394,0.06336,0.04237,0.81139,0,0
1766094331.229448,-0.00916,0.01491,-0.00283,0.00069,0.00015,-0.00021,0.56713,-0.00055,0.19997,0.00065,0.70601,-0.00009,0.70821,1,5,0.99617,0.01041,-0.05879,-0.06394,0.06336,0.04237,0.81139,0,0
1766094331.231542,0.00442,0.00171,0.01264,-0.00034,0.00051,-0.00007,0.56713,-0.00055,0.19997,0.00065,0.70601,-0.00009,0.70821,1,5,0.99617,0.01041,-0.05879,-0.06394,0.06336,0.04237,0.81139,0,0
1766094331.233454,-0.00975,-0.01016,-0.02516,0.00126,0.00094,-0.00036,0.56713,-0.00055,0.19997,0.00065,0.70601,-0.00009,0.70821,1,5,0.99617,0.01041,-0.05879,-0.06394,0.06336,0.04237,0.81139,0,0
1766094331.235420,-0.00927,-0.01453,-0.01726,0.00099,0.00005,-0.00021,0.56713,-0.00055,0.19997,0.00065,0.70601,-0.00009,0.70821,1,5,0.99617,0.01041,-0.05879,-0.06394,0.06336,0.04237,0.81139,0,0
1766094331.237460,-0.02235,0.00303,-0.00260,0.00142,0.00032,-0.00046,0.56713,-0.00055,0.19997,0.00065,0.70601,-0.00009,0.70821,1,5,0.99617,0.01041,-0.05879,-0.06394,0.06336,0.04237,0.81139,0,0
1766094331.239470,-0.00887,0.02435,-0.01084,0.00037,0.00065,-0.00049,0.56713,-0.00055,0.19997,0.00065,0.70601,-0.00009,0.70821,1,5,0.99617,0.01041,-0.05879,-0.06394,0.06336,0.04237,0.81139,0,0
1766094331.241363,-0.00479,0.00742,-0.00265,0.00060,0.00011,-0.00021,0.56713,-0.00055,0.19997,0.00065,0.70601,-0.00009,0.70821,1,5,0.99622,0.01045,-0.05949,-0.06250,0.06337,0.04236,0.81145,0,0
1766094331.243372,0.00286,0.00276,-0.01009,0.00142,-0.00023,-0.00009,0.56713,-0.00055,0.19997,0.00065,0.70601,-0.00009,0.70821,1,5,0.99622,0.01045,-0.05949,-0.06250,0.06337,0.04236,0.81145,0,0
1766094331.245365,-0.00065,0.01418,-0.01037,0.00025,0.00057,0.00018,0.56713,-0.00055,0.19997,0.00065,0.70601,-0.00009,0.70821,1,5,0.99622,0.01045,-0.05949,-0.06250,0.06337,0.04236,0.81145,0,0
1766094331.247387,-0.00491,0.00786,0.01241,0.00105,-0.00015,-0.00060,0.56713,-0.00055,0.19997,0.00065,0.70601,-0.00009,0.70821,1,5,0.99622,0.01045,-0.05949,-0.06250,0.06337,0.04236,0.81145,0,0
1766094331.249355,0.00795,0.00952,-0.01032,0.00041,0.00008,-0.00010,0.56713,-0.00055,0.19997,0.00065,0.70601,-0.00009,0.70821,1,5,0.99622,0.01045,-0.05949,-0.06250,0.06337,0.04236,0.81145,0,0
1766094331.251386,-0.03082,-0.00676,-0.00998,0.00152,0.00055,-0.00059,0.56713,-0.00055,0.19997,0.00065,0.70601,-0.00009,0.70821,1,5,0.99622,0.01045,-0.05949,-0.06250,0.06337,0.04236,0.81145,0,0
1766094331.253368,-0.00533,-0.00252,-0.03307,0.00136,0.00062,-0.00077,0.56713,-0.00055,0.19997,0.00065,0.70601,-0.00009,0.70821,1,5,0.99622,0.01045,-0.05949,-0.06250,0.06337,0.04236,0.81145,0,0
1766094331.255428,-0.02612,-0.00411,-0.00233,0.00112,-0.00001,-0.00046,0.56713,-0.00055,0.19997,0.00065,0.70601,-0.00009,0.70821,1,5,0.99622,0.01045,-0.05949,-0.06250,0.06337,0.04236,0.81145,0,0
1766094331.257459,0.00724,-0.00602,0.02045,0.00066,0.00112,0.00033,0.56713,-0.00055,0.19997,0.00065,0.70601,-0.00009,0.70821,1,5,0.99622,0.01045,-0.05949,-0.06250,0.06337,0.04236,0.81145,0,0
1766094331.259434,-0.00472,0.02122,-0.00318,0.00012,0.00124,-0.00022,0.56713,-0.00055,0.19997,0.00065,0.70601,-0.00009,0.70821,1,5,0.99622,0.01045,-0.05949,-0.06250,0.06337,0.04236,0.81145,0,0
1766094331.261482,-0.01415,-0.00211,-0.01007,0.00158,0.00035,-0.00034,0.56713,-0.00055,0.19997,0.00065,0.70601,-0.00009,0.70821,1,5,0.99622,0.01045,-0.05949,-0.06250,0.06337,0.04236,0.81145,0,0
1766094331.263448,0.00045,0.00965,-0.00280,-0.00024,0.00004,-0.00049,0.56713,-0.00055,0.19997,0.00065,0.70601,-0.00009,0.70821,1,5,0.99622,0.01045,-0.05949,-0.06250,0.06337,0.04236,0.81145,0,0
1766094331.265488,-0.00497,0.00751,-0.01007,0.00061,-0.00014,0.00019,0.56713,-0.00055,0.19997,0.00065,0.70601,-0.00009,0.70821,1,5,0.99622,0.01045,-0.05949,-0.06250,0.06337,0.04236,0.81145,0,0
1766094331.267384,0.02640,0.00377,0.00503,-0.00118,-0.00001,0.00004,0.56713,-0.00055,0.19997,0.00065,0.70601,-0.00009,0.70821,1,5,0.99622,0.01045,-0.05949,-0.06250,0.06337,0.04236,0.81145,0,0
1766094331.269486,0.01737,0.00940,-0.00286,-0.00024,-0.00017,-0.00050,0.56713,-0.00055,0.19997,0.00065,0.70601,-0.00009,0.70821,1,5,0.99622,0.01045,-0.05949,-0.06250,0.06337,0.04236,0.81145,0,0
1766094331.271394,0.00360,-0.00287,-0.01755,0.00048,0.00027,0.00004,0.56713,-0.00055,0.19997,0.00065,0.70601,-0.00009,0.70821,1,5,0.99622,0.01045,-0.05949,-0.06250,0.06337,0.04236,0.81145,0,0
1766094331.273390,-0.00600,-0.00513,0.02847,-0.00239,-0.00075,0.00036,0.56713,-0.00055,0.19997,0.00065,0.70601,-0.00009,0.70821,1,5,0.99622,0.01045,-0.05949,-0.06250,0.06337,0.04236,0.81145,0,0
1766094331.275392,0.00909,-0.00554,-0.01767,-0.00043,0.00020,-0.00050,0.56713,-0.00055,0.19997,0.00065,0.70601,-0.00009,0.70821,1,5,0.99608,0.01017,-0.06081,-0.06343,0.06335,0.04235,0.81131,0,0
1766094331.277399,0.00294,0.02658,0.03460,0.00106,0.00088,-0.00033,0.56713,-0.00055,0.19997,0.00065,0.70601,-0.00009,0.70821,1,5,0.99608,0.01017,-0.06081,-0.06343,0.06335,0.04235,0.81131,0,0
1766094331.279390,0.02123,0.01662,0.00485,-0.00037,-0.00033,0.00031,0.56713,-0.00055,0.19997,0.00065,0.70601,-0.00009,0.70821,1,5,0.99608,0.01017,-0.06081,-0.06343,0.06335,0.04235,0.81131,0,0
1766094331.281435,-0.00657,0.00292,-0.02532,0.00230,0.00013,-0.00009,0.56713,-0.00055,0.19997,0.00065,0.70601,-0.00009,0.70821,1,5,0.99608,0.01017,-0.06081,-0.06343,0.06335,0.04235,0.81131,0,0
1766094331.283413,-0.00304,0.00001,-0.02508,0.00248,0.00049,0.00057,0.56713,-0.00055,0.19997,0.00065,0.70601,-0.00009,0.70821,1,5,0.99608,0.01017,-0.06081,-0.06343,0.06335,0.04235,0.81131,0,0
1766094331.285391,-0.01862,-0.00427,-0.03263,0.00177,0.00003,-0.00008,0.56713,-0.00055,0.19997,0.00065,0.70601,-0.00009,0.70821,1,5,0.99608,0.01017,-0.06081,-0.06343,0.06335,0.04235,0.81131,0,0
1766094331.287387,-0.00827,0.01964,-0.00299,-0.00012,0.00014,-0.00035,0.56713,-0.00055,0.19997,0.00065,0.70601,-0.00009,0.70821,1,5,0.99608,0.01017,-0.06081,-0.06343,0.06335,0.04235,0.81131,0,0
1766094331.289476,-0.02139,-0.00692,0.00525,0.00065,0.00018,-0.00059,0.56713,-0.00055,0.19997,0.00065,0.70601,-0.00009,0.70821,1,5,0.99608,0.01017,-0.06081,-0.06343,0.06335,0.04235,0.81131,0,0
1766094331.291415,0.00404,0.00198,-0.01772,0.00010,0.00026,-0.00010,0.56713,-0.00055,0.19997,0.00065,0.70601,-0.00009,0.70821,1,5,0.99608,0.01017,-0.06081,-0.06343,0.06335,0.04235,0.81131,0,0
1766094331.293396,0.00444,0.00250,0.01259,0.00011,-0.00026,-0.00047,0.56713,-0.00055,0.19997,0.00065,0.70601,-0.00009,0.70821,1,5,0.99608,0.01017,-0.06081,-0.06343,0.06335,0.04235,0.81131,0,0
1766094331.295405,-0.00109,-0.00920,-0.00204,0.00128,-0.00068,0.00006,0.56713,-0.00055,0.19997,0.00065,0.70601,-0.00009,0.70821,1,5,0.99608,0.01017,-0.06081,-0.06343,0.06335,0.04235,0.81131,0,0
1766094331.297400,-0.01475,0.00179,0.01269,0.00141,0.00151,0.00034,0.56713,-0.00055,0.19997,0.00065,0.70601,-0.00009,0.70821,1,5,0.99608,0.01017,-0.06081,-0.06343,0.06335,0.04235,0.81131,0,0
1766094331.299438,-0.01877,0.00533,-0.01787,0.00189,0.00053,-0.00035,0.56713,-0.00055,0.19997,0.00065,0.70601,-0.00009,0.70821,1,5,0.99608,0.01017,-0.06081,-0.06343,0.06335,0.04235,0.81131,0,0
1766094331.301407,-0.00576,-0.00743,-0.02514,0.00152,0.00051,-0.00023,0.56713,-0.00055,0.19997,0.00065,0.70601,-0.00009,0.70821,1,5,0.99608,0.01017,-0.06081,-0.06343,0.06335,0.04235,0.81131,0,0
1766094331.303406,0.02156,0.02183,0.00473,-0.00053,-0.00072,0.00017,0.56713,-0.00055,0.19997,0.00065,0.70601,-0.00009,0.70821,1,5,0.99608,0.01017,-0.06081,-0.06343,0.06335,0.04235,0.81131,0,0
1766094331.305414,-0.00985,0.01486,-0.01772,0.00091,0.00005,0.00059,0.56713,-0.00055,0.19997,0.00065,0.70601,-0.00009,0.70821,1,5,0.99608,0.01017,-0.06081,-0.06343,0.06335,0.04235,0.81131,0,0
1766094331.307396,0.01249,0.00194,-0.00273,0.00032,0.00028,-0.00050,0.56713,-0.00055,0.19997,0.00065,0.70601,-0.00009,0.70821,1,5,0.99608,0.01017,-0.06081,-0.06343,0.06335,0.04235,0.81131,0,0
1766094331.309397,-0.00003,-0.00464,-0.00980,0.00024,-0.00057,-0.00008,0.56713,-0.00055,0.19997,0.00065,0.70601,-0.00009,0.70821,1,5,0.99608,0.01017,-0.06081,-0.06343,0.06335,0.04235,0.81131,0,0
1766094331.311416,0.00352,0.02172,-0.01813,0.00034,0.00026,0.00017,0.56713,-0.00055,0.19997,0.00065,0.70601,-0.00009,0.70821,1,5,0.99609,0.01058,-0.05991,-0.06403,0.06338,0.04239,0.81170,0,0
1766094331.313416,-0.00064,0.01922,0.03503,0.00031,0.00056,0.00008,0.56713,-0.00055,0.19997,0.00065,0.70601,-0.00009,0.70821,1,5,0.99609,0.01058,-0.05991,-0.06403,0.06338,0.04239,0.81170,0,0
1766094331.315438,0.00375,0.00743,-0.00247,0.00039,-0.00037,0.00019,0.56713,-0.00055,0.19997,0.00065,0.70601,-0.00009,0.70821,1,5,0.99609,0.01058,-0.05991,-0.06403,0.06338,0.04239,0.81170,0,0
1766094331.317414,-0.01024,-0.01032,-0.00208,0.00126,0.00096,0.00047,0.56713,-0.00055,0.19997,0.00065,0.70601,-0.00009,0.70821,1,5,0.99609,0.01058,-0.05991,-0.06403,0.06338,0.04239,0.81170,0,0
1766094331.319415,0.00041,-0.00480,-0.03257,-0.00020,-0.00058,-0.00010,0.56713,-0.00055,0.19997,0.00065,0.70601,-0.00009,0.70821,1,5,0.99609,0.01058,-0.05991,-0.06403,0.06338,0.04239,0.81170,0,0
1766094331.321442,-0.00229,0.00518,-0.04072,0.00232,0.00033,-0.00038,0.56713,-0.00055,0.19997,0.00065,0.70601,-0.00009,0.70821,1,5,0.99609,0.01058,-0.05991,-0.06403,0.06338,0.04239,0.81170,0,0
1766094331.323442,0.01959,0.01419,0.05839,-0.00280,-0.00120,0.00063,0.56713,-0.00055,0.19997,0.00065,0.70601,-0.00009,0.70821,1,5,0.99609,0.01058,-0.05991,-0.06403,0.06338,0.04239,0.81170,0,0
1766094331.325516,-0.00048,0.00047,-0.00999,0.00074,-0.00057,-0.00022,0.56713,-0.00055,0.19997,0.00065,0.70601,-0.00009,0.70821,1,5,0.99609,0.01058,-0.05991,-0.06403,0.06338,0.04239,0.81170,0,0
1766094331.327415,0.00383,0.01266,0.03536,0.00045,-0.00063,0.00008,0.56713,-0.00055,0.19997,0.00065,0.70601,-0.00009,0.70821,1,5,0.99609,0.01058,-0.05991,-0.06403,0.06338,0.04239,0.81170,0,0
1766094331.329418,-0.00115,-0.00082,-0.00229,0.00051,0.00084,0.00059,0.56713,-0.00055,0.19997,0.00065,0.70601,-0.00009,0.70821,1,5,0.99609,0.01058,-0.05991,-0.06403,0.06338,0.04239,0.81170,0,0
1766094331.331424,-0.00583,0.00227,-0.03296,0.00142,0.00063,-0.00010,0.56713,-0.00055,0.19997,0.00065,0.70601,-0.00009,0.70821,1,5,0.99609,0.01058,-0.05991,-0.06403,0.06338,0.04239,0.81170,0,0
1766094331.333426,0.00044,0.01463,-0.00298,-0.00018,0.00003,-0.00062,0.56713,-0.00055,0.19997,0.00065,0.70601,-0.00009,0.70821,1,5,0.99609,0.01058,-0.05991,-0.06403,0.06338,0.04239,0.81170,0,0
1766094331.335432,-0.01503,-0.00684,-0.00992,0.00240,0.00037,-0.00021,0.56713,-0.00055,0.19997,0.00065,0.70601,-0.00009,0.70821,1,5,0.99609,0.01058,-0.05991,-0.06403,0.06338,0.04239,0.81170,0,0
1766094331.337421,0.00711,0.00426,-0.00265,0.00100,0.00073,0.00004,0.56713,-0.00055,0.19997,0.00065,0.70601,-0.00009,0.70821,1,5,0.99609,0.01058,-0.05991,-0.06403,0.06338,0.04239,0.81170,0,0
1766094331.339414,-0.00834,0.01448,0.00475,-0.00018,0.00040,-0.00020,0.56713,-0.00055,0.19997,0.00065,0.70601,-0.00009,0.70821,1,5,0.99609,0.01058,-0.05991,-0.06403,0.06338,0.04239,0.81170,0,0
1766094331.341415,-0.02120,-0.01207,-0.00218,0.00037,0.00032,-0.00046,0.56713,-0.00055,0.19997,0.00065,0.70601,-0.00009,0.70821,1,5,0.99609,0.01058,-0.05991,-0.06403,0.06338,0.04239,0.81170,0,0
1766094331.343426,0.01174,0.00175,0.01274,0.00054,0.00043,0.00032,0.56713,-0.00055,0.19997,0.00065,0.70601,-0.00009,0.70821,1,5,0.99609,0.01058,-0.05991,-0.06403,0.06338,0.04239,0.81170,0,0
1766094331.345417,-0.00444,0.02203,-0.01840,0.00034,0.00034,-0.00063,0.56713,-0.00055,0.19997,0.00065,0.70601,-0.00009,0.70821,1,5,0.99615,0.01028,-0.05941,-0.06370,0.06335,0.04236,0.81127,0,0
1766094331.347474,-0.01043,-0.00438,-0.04805,0.00221,0.00018,-0.00051,0.56713,-0.00055,0.19997,0.00065,0.70601,-0.00009,0.70821,1,5,0.99615,0.01028,-0.05941,-0.06370,0.06335,0.04236,0.81127,0,0
1766094331.349452,-0.00567,-0.00622,0.00555,-0.00306,0.00039,0.00034,0.56713,-0.00055,0.19997,0.00065,0.70601,-0.00009,0.70821,1,5,0.99615,0.01028,-0.05941,-0.06370,0.06335,0.04236,0.81127,0,0
1766094331.351491,-0.00892,0.00425,-0.00257,0.00013,0.00092,0.00006,0.56713,-0.00055,0.19997,0.00065,0.70601,-0.00009,0.70821,1,5,0.99615,0.01028,-0.05941,-0.06370,0.06335,0.04236,0.81127,0,0
1766094331.353446,0.00810,0.00999,0.01237,0.00064,-0.00031,-0.00048,0.56713,-0.00055,0.19997,0.00065,0.70601,-0.00009,0.70821,1,5,0.99615,0.01028,-0.05941,-0.06370,0.06335,0.04236,0.81127,0,0
1766094331.355457,-0.00129,-0.01518,-0.00999,0.00142,0.00096,-0.00062,0.56713,-0.00055,0.19997,0.00065,0.70601,-0.00009,0.70821,1,5,0.99615,0.01028,-0.05941,-0.06370,0.06335,0.04236,0.81127,0,0
1766094331.357471,-0.00952,0.00036,0.00515,0.00117,0.00004,-0.00020,0.56713,-0.00055,0.19997,0.00065,0.70601,-0.00009,0.70821,1,5,0.99615,0.01028,-0.05941,-0.06370,0.06335,0.04236,0.81127,0,0
1766094331.359468,-0.00889,0.00499,0.00514,0.00036,0.00003,0.00007,0.56713,-0.00055,0.19997,0.00065,0.70601,-0.00009,0.70821,1,5,0.99615,0.01028,-0.05941,-0.06370,0.06335,0.04236,0.81127,0,0
1766094331.361456,-0.00039,0.00439,0.00486,0.00035,0.00069,-0.00035,0.56713,-0.00055,0.19997,0.00065,0.70601,-0.00009,0.70821,1,5,0.99615,0.01028,-0.05941,-0.06370,0.06335,0.04236,0.81127,0,0
1766094331.363453,0.00822,0.00441,-0.03256,-0.00030,-0.00028,0.00083,0.56713,-0.00055,0.19997,0.00065,0.70601,-0.00009,0.70821,1,5,0.99615,0.01028,-0.05941,-0.06370,0.06335,0.04236,0.81127,0,0
1766094331.365451,-0.01703,-0.00943,0.00525,0.00062,0.00013,-0.00073,0.56713,-0.00055,0.19997,0.00065,0.70601,-0.00009,0.70821,1,5,0.99615,0.01028,-0.05941,-0.06370,0.06335,0.04236,0.81127,0,0
1766094331.367454,0.01251,0.00181,-0.00998,-0.00012,0.00004,0.00031,0.56713,-0.00055,0.19997,0.00065,0.70601,-0.00009,0.70821,1,5,0.99615,0.01028,-0.05941,-0.06370,0.06335,0.04236,0.81127,0,0
1766094331.369443,0.01188,0.00709,-0.00256,0.00060,-0.00009,0.00018,0.56713,-0.00055,0.19997,0.00065,0.70601,-0.00009,0.70821,1,5,0.99615,0.01028,-0.05941,-0.06370,0.06335,0.04236,0.81127,0,0
1766094331.371452,-0.00998,-0.00448,-0.02525,0.00177,0.00018,-0.00049,0.56713,-0.00055,0.19997,0.00065,0.70601,-0.00009,0.70821,1,5,0.99615,0.01028,-0.05941,-0.06370,0.06335,0.04236,0.81127,0,0
1766094331.373435,0.01793,0.01875,-0.01050,-0.00122,-0.00004,0.00003,0.56713,-0.00055,0.19997,0.00065,0.70601,-0.00009,0.70821,1,5,0.99615,0.01028,-0.05941,-0.06370,0.06335,0.04236,0.81127,0,0
1766094331.375452,0.00272,-0.00014,0.05091,-0.00233,-0.00087,-0.00017,0.56713,-0.00055,0.19997,0.00065,0.70601,-0.00009,0.70821,1,5,0.99615,0.01028,-0.05941,-0.06370,0.06335,0.04236,0.81127,0,0
1766094331.377453,-0.00999,-0.00513,0.03540,0.00154,0.00106,-0.00045,0.56713,-0.00055,0.19997,0.00065,0.70601,-0.00009,0.70821,1,5,0.99615,0.01028,-0.05941,-0.06370,0.06335,0.04236,0.81127,0,0
1766094331.379446,-0.00978,0.00267,0.02821,-0.00251,-0.00110,-0.00004,0.56713,-0.00055,0.19997,0.00065,0.70601,-0.00009,0.70821,1,5,0.99614,0.01058,-0.05914,-0.06405,0.06338,0.04239,0.81169,0,0
1766094331.381462,-0.00552,0.00263,-0.02565,0.00164,0.00049,-0.00090,0.56713,-0.00055,0.19997,0.00065,0.70601,-0.00009,0.70821,1,5,0.99614,0.01058,-0.05914,-0.06405,0.06338,0.04239,0.81169,0,0
1766094331.383453,-0.01372,-0.00557,0.03588,-0.00305,-0.00003,-0.00003,0.56713,-0.00055,0.19997,0.00065,0.70601,-0.00009,0.70821,1,5,0.99614,0.01058,-0.05914,-0.06405,0.06338,0.04239,0.81169,0,0
1766094331.385538,-0.00139,0.01479,-0.02552,0.00113,0.00007,0.00017,0.56713,-0.00055,0.19997,0.00065,0.70601,-0.00009,0.70821,1,5,0.99614,0.01058,-0.05914,-0.06405,0.06338,0.04239,0.81169,0,0
1766094331.387499,0.01283,0.00718,0.01994,0.00017,-0.00011,-0.00061,0.56713,-0.00055,0.19997,0.00065,0.70601,-0.00009,0.70821,1,5,0.99614,0.01058,-0.05914,-0.06405,0.06338,0.04239,0.81169,0,0
1766094331.389452,-0.01088,-0.01490,-0.00984,0.00230,0.00109,-0.00021,0.56713,-0.00055,0.19997,0.00065,0.70601,-0.00009,0.70821,1,5,0.99614,0.01058,-0.05914,-0.06405,0.06338,0.04239,0.81169,0,0
1766094331.391468,-0.01356,-0.00188,-0.02517,0.00115,-0.00016,-0.00035,0.56713,-0.00055,0.19997,0.00065,0.70601,-0.00009,0.70821,1,5,0.99614,0.01058,-0.05914,-0.06405,0.06338,0.04239,0.81169,0,0
1766094331.393507,-0.00990,-0.01426,-0.03245,0.00165,-0.00007,-0.00022,0.56713,-0.00055,0.19997,0.00065,0.70601,-0.00009,0.70821,1,5,0.99614,0.01058,-0.05914,-0.06405,0.06338,0.04239,0.81169,0,0
1766094331.395539,-0.00978,0.00603,-0.04828,0.00190,-0.00060,-0.00078,0.56713,-0.00055,0.19997,0.00065,0.70601,-0.00009,0.70821,1,5,0.99614,0.01058,-0.05914,-0.06405,0.06338,0.04239,0.81169,0,0
1766094331.397468,-0.01927,0.00033,0.01265,0.00227,0.00079,-0.00019,0.56713,-0.00055,0.19997,0.00065,0.70601,-0.00009,0.70821,1,5,0.99614,0.01058,-0.05914,-0.06405,0.06338,0.04239,0.81169,0,0
1766094331.399472,-0.01817,0.00062,-0.01001,0.00139,0.00002,-0.00020,0.56713,-0.00055,0.19997,0.00065,0.70601,-0.00009,0.70821,1,5,0.99614,0.01058,-0.05914,-0.06405,0.06338,0.04239,0.81169,0,0
1766094331.401465,-0.01774,-0.00032,0.02062,0.00029,0.00066,0.00063,0.56713,-0.00055,0.19997,0.00065,0.70601,-0.00009,0.70821,1,5,0.99614,0.01058,-0.05914,-0.06405,0.06338,0.04239,0.81169,0,0
1766094331.403473,-0.00921,-0.00438,-0.02517,0.00112,-0.00021,-0.00049,0.56713,-0.00055,0.19997,0.00065,0.70601,-0.00009,0.70821,1,5,0.99614,0.01058,-0.05914,-0.06405,0.06338,0.04239,0.81169,0,0
1766094331.405479,0.01176,0.02474,0.02763,-0.00290,-0.00176,-0.00006,0.56713,-0.00055,0.19997,0.00065,0.70601,-0.00009,0.70821,1,5,0.99614,0.01058,-0.05914,-0.06405,0.06338,0.04239,0.81169,0,0
1766094331.407476,0.00366,0.01718,-0.01806,0.00051,-0.00013,-0.00010,0.56713,-0.00055,0.19997,0.00065,0.70601,-0.00009,0.70821,1,5,0.99614,0.01058,-0.05914,-0.06405,0.06338,0.04239,0.81169,0,0
1766094331.409488,-0.00448,-0.00801,0.01301,-0.00002,0.00063,0.00021,0.56713,-0.00055,0.19997,0.00065,0.70601,-0.00009,0.70821,1,5,0.99614,0.01058,-0.05914,-0.06405,0.06338,0.04239,0.81169,0,0
1766094331.411471,-0.00505,0.00240,-0.01010,0.00076,0.00024,-0.00008,0.56713,-0.00055,0.19997,0.00065,0.70601,-0.00009,0.70821,1,5,0.99614,0.01058,-0.05914,-0.06405,0.06338,0.04239,0.81169,0,0
1766094331.413474,-0.00203,0.00526,-0.01031,0.00211,0.00020,-0.00036,0.56713,-0.00055,0.19997,0.00065,0.70601,-0.00009,0.70821,1,5,0.99614,0.01058,-0.05914,-0.06405,0.06338,0.04239,0.81169,0,0
1766094331.415496,0.01233,-0.00300,-0.00219,0.00004,-0.00008,0.00045,0.56713,-0.00055,0.19997,0.00065,0.70601,-0.00009,0.70821,1,5,0.99626,0.01042,-0.05826,-0.06297,0.06335,0.04236,0.81130,0,0
1766094331.417494,-0.01471,-0.02227,0.00575,0.00177,0.00089,0.00021,0.56713,-0.00055,0.19997,0.00065,0.70601,-0.00009,0.70821,1,5,0.99626,0.01042,-0.05826,-0.06297,0.06335,0.04236,0.81130,0,0
1766094331.419485,-0.01018,0.01481,0.01226,0.00157,0.00067,-0.00020,0.56713,-0.00055,0.19997,0.00065,0.70601,-0.00009,0.70821,1,5,0.99626,0.01042,-0.05826,-0.06297,0.06335,0.04236,0.81130,0,0
1766094331.421552,-0.01118,0.00542,-0.01015,0.00255,0.00032,0.00005,0.56713,-0.00055,0.19997,0.00065,0.70601,-0.00009,0.70821,1,5,0.99626,0.01042,-0.05826,-0.06297,0.06335,0.04236,0.81130,0,0
1766094331.423511,-0.03590,-0.01109,0.06650,-0.00137,-0.00103,-0.00038,0.56713,-0.00055,0.19997,0.00065,0.70601,-0.00009,0.70821,1,5,0.99626,0.01042,-0.05826,-0.06297,0.06335,0.04236,0.81130,0,0
1766094331.425487,-0.00002,0.01391,0.00483,-0.00041,0.00068,0.00019,0.56713,-0.00055,0.19997,0.00065,0.70601,-0.00009,0.70821,1,5,0.99626,0.01042,-0.05826,-0.06297,0.06335,0.04236,0.81130,0,0
1766094331.427483,0.01703,0.00344,0.02010,-0.00053,0.00099,0.00005,0.56713,-0.00055,0.19997,0.00065,0.70601,-0.00009,0.70821,1,5,0.99626,0.01042,-0.05826,-0.06297,0.06335,0.04236,0.81130,0,0
1766094331.429490,-0.01431,-0.00126,-0.04032,0.00203,-0.00066,-0.00036,0.56713,-0.00055,0.19997,0.00065,0.70601,-0.00009,0.70821,1,5,0.99626,0.01042,-0.05826,-0.06297,0.06335,0.04236,0.81130,0,0
1766094331.431605,0.00263,-0.00039,0.01289,-0.00233,-0.00061,-0.00020,0.56713,-0.00055,0.19997,0.00065,0.70601,-0.00009,0.70821,1,5,0.99626,0.01042,-0.05826,-0.06297,0.06335,0.04236,0.81130,0,0
1766094331.433603,0.00364,0.01149,-0.00280,0.00022,0.00077,0.00005,0.56713,-0.00055,0.19997,0.00065,0.70601,-0.00009,0.70821,1,5,0.99626,0.01042,-0.05826,-0.06297,0.06335,0.04236,0.81130,0,0
1766094331.435487,-0.00937,-0.01309,0.01327,-0.00314,-0.00007,-0.00005,0.56713,-0.00055,0.19997,0.00065,0.70601,-0.00009,0.70821,1,5,0.99626,0.01042,-0.05826,-0.06297,0.06335,0.04236,0.81130,0,0
1766094331.437487,0.00243,0.01645,0.00470,0.00115,0.00103,0.00032,0.56713,-0.00055,0.19997,0.00065,0.70601,-0.00009,0.70821,1,5,0.99626,0.01042,-0.05826,-0.06297,0.06335,0.04236,0.81130,0,0
1766094331.439487,-0.00041,0.02423,-0.01087,0.00037,0.00054,-0.00050,0.56713,-0.00055,0.19997,0.00065,0.70601,-0.00009,0.70821,1,5,0.99626,0.01042,-0.05826,-0.06297,0.06335,0.04236,0.81130,0,0
1766094331.441509,-0.01288,0.00727,0.02773,0.00017,0.00046,-0.00018,0.56713,-0.00055,0.19997,0.00065,0.70601,-0.00009,0.70821,1,5,0.99626,0.01042,-0.05826,-0.06297,0.06335,0.04236,0.81130,0,0
1766094331.443495,0.00246,-0.00035,0.01325,-0.00255,-0.00098,0.00061,0.56713,-0.00055,0.19997,0.00065,0.70601,-0.00009,0.70821,1,5,0.99626,0.01042,-0.05826,-0.06297,0.06335,0.04236,0.81130,0,0
1766094331.445511,-0.01804,0.01094,-0.02549,0.00152,-0.00050,-0.00049,0.56713,-0.00055,0.19997,0.00065,0.70601,-0.00009,0.70821,1,5,0.99626,0.01042,-0.05826,-0.06297,0.06335,0.04236,0.81130,0,0
1766094331.447493,-0.00916,0.01491,-0.00283,0.00069,0.00015,-0.00021,0.56713,-0.00055,0.19997,0.00065,0.70601,-0.00009,0.70821,1,5,0.99626,0.01042,-0.05826,-0.06297,0.06335,0.04236,0.81130,0,0
1766094331.449527,-0.00044,-0.00589,0.00553,-0.00021,0.00071,0.00074,0.56713,-0.00055,0.19997,0.00065,0.70601,-0.00009,0.70821,1,5,0.99626,0.01042,-0.05826,-0.06297,0.06335,0.04236,0.81130,0,0
1766094331.451506,-0.00058,0.01436,-0.01793,0.00025,0.00031,0.00017,0.56713,-0.00055,0.19997,0.00065,0.70601,-0.00009,0.70821,1,5,0.99621,0.01043,-0.05864,-0.06345,0.06336,0.04236,0.81143,0,0
1766094331.453518,-0.00093,-0.01005,0.02822,0.00083,0.00033,0.00008,0.56713,-0.00055,0.19997,0.00065,0.70601,-0.00009,0.70821,1,5,0.99621,0.01043,-0.05864,-0.06345,0.06336,0.04236,0.81143,0,0
1766094331.455504,-0.00654,0.01232,-0.04095,0.00219,0.00076,-0.00038,0.56713,-0.00055,0.19997,0.00065,0.70601,-0.00009,0.70821,1,5,0.99621,0.01043,-0.05864,-0.06345,0.06336,0.04236,0.81143,0,0
1766094331.457570,-0.00577,0.00164,-0.00991,0.00075,0.00103,0.00072,0.56713,-0.00055,0.19997,0.00065,0.70601,-0.00009,0.70821,1,5,0.99621,0.01043,-0.05864,-0.06345,0.06336,0.04236,0.81143,0,0
1766094331.459503,0.00340,0.01224,-0.01048,0.00088,0.00013,-0.00036,0.56713,-0.00055,0.19997,0.00065,0.70601,-0.00009,0.70821,1,5,0.99621,0.01043,-0.05864,-0.06345,0.06336,0.04236,0.81143,0,0
1766094331.461503,0.01643,0.00934,-0.00258,0.00019,-0.00014,0.00031,0.56713,-0.00055,0.19997,0.00065,0.70601,-0.00009,0.70821,1,5,0.99621,0.01043,-0.05864,-0.06345,0.06336,0.04236,0.81143,0,0
1766094331.463511,-0.00434,-0.00275,-0.01730,-0.00017,-0.00001,0.00045,0.56713,-0.00055,0.19997,0.00065,0.70601,-0.00009,0.70821,1,5,0.99621,0.01043,-0.05864,-0.06345,0.06336,0.04236,0.81143,0,0
1766094331.465507,0.00441,0.01167,0.01229,-0.00022,0.00050,-0.00034,0.56713,-0.00055,0.19997,0.00065,0.70601,-0.00009,0.70821,1,5,0.99621,0.01043,-0.05864,-0.06345,0.06336,0.04236,0.81143,0,0
1766094331.468002,-0.01031,-0.00470,-0.02530,0.00199,0.00056,-0.00049,0.56713,-0.00055,0.19997,0.00065,0.70601,-0.00009,0.70821,1,5,0.99621,0.01043,-0.05864,-0.06345,0.06336,0.04236,0.81143,0,0
1766094331.469498,0.00460,0.00652,0.00486,-0.00050,0.00063,-0.00021,0.56713,-0.00055,0.19997,0.00065,0.70601,-0.00009,0.70821,1,5,0.99621,0.01043,-0.05864,-0.06345,0.06336,0.04236,0.81143,0,0
1766094331.471510,0.00033,0.01498,-0.00294,0.00004,-0.00035,-0.00062,0.56713,-0.00055,0.19997,0.00065,0.70601,-0.00009,0.70821,1,5,0.99621,0.01043,-0.05864,-0.06345,0.06336,0.04236,0.81143,0,0
1766094331.473508,0.01086,0.00290,-0.00288,0.00230,-0.00009,-0.00090,0.56713,-0.00055,0.19997,0.00065,0.70601,-0.00009,0.70821,1,5,0.99621,0.01043,-0.05864,-0.06345,0.06336,0.04236,0.81143,0,0
1766094331.475698,-0.00534,-0.00835,-0.02507,0.00063,0.00128,0.00018,0.56713,-0.00055,0.19997,0.00065,0.70601,-0.00009,0.70821,1,5,0.99621,0.01043,-0.05864,-0.06345,0.06336,0.04236,0.81143,0,0
1766094331.477657,0.00626,0.02391,0.00412,0.00190,0.00135,-0.00050,0.56713,-0.00055,0.19997,0.00065,0.70601,-0.00009,0.70821,1,5,0.99621,0.01043,-0.05864,-0.06345,0.06336,0.04236,0.81143,0,0
1766094331.479518,-0.00000,-0.00384,-0.00985,0.00069,-0.00134,-0.00048,0.56713,-0.00055,0.19997,0.00065,0.70601,-0.00009,0.70821,1,5,0.99621,0.01043,-0.05864,-0.06345,0.06336,0.04236,0.81143,0,0
1766094331.481527,-0.01053,0.01089,-0.01798,0.00239,-0.00034,-0.00049,0.56713,-0.00055,0.19997,0.00065,0.70601,-0.00009,0.70821,1,5,0.99621,0.01043,-0.05864,-0.06345,0.06336,0.04236,0.81143,0,0
1766094331.483534,-0.00106,0.01505,-0.00267,0.00092,-0.00032,0.00019,0.56713,-0.00055,0.19997,0.00065,0.70601,-0.00009,0.70821,1,5,0.99621,0.01043,-0.05864,-0.06345,0.06336,0.04236,0.81143,0,0
1766094331.485537,-0.00814,-0.00559,0.02065,-0.00064,0.00054,0.00035,0.56713,-0.00055,0.19997,0.00065,0.70601,-0.00009,0.70821,1,5,0.99621,0.01043,-0.05864,-0.06345,0.06336,0.04236,0.81143,0,0
1766094331.487539,-0.01895,0.01048,-0.01044,0.00217,0.00040,-0.00048,0.56713,-0.00055,0.19997,0.00065,0.70601,-0.00009,0.70821,1,5,0.99621,0.01043,-0.05864,-0.06345,0.06336,0.04236,0.81143,0,0
1766094331.489538,-0.00633,-0.00771,-0.00227,0.00173,0.00090,0.00019,0.56713,-0.00055,0.19997,0.00065,0.70601,-0.00009,0.70821,1,5,0.99607,0.01045,-0.05989,-0.06444,0.06336,0.04238,0.81152,0,0
1766094331.491539,0.00045,0.00466,-0.00263,-0.00030,0.00004,-0.00035,0.56713,-0.00055,0.19997,0.00065,0.70601,-0.00009,0.70821,1,5,0.99607,0.01045,-0.05989,-0.06444,0.06336,0.04238,0.81152,0,0
1766094331.493597,-0.00019,-0.00086,0.01297,-0.00037,0.00058,0.00061,0.56713,-0.00055,0.19997,0.00065,0.70601,-0.00009,0.70821,1,5,0.99607,0.01045,-0.05989,-0.06444,0.06336,0.04238,0.81152,0,0
1766094331.495540,-0.00544,0.00195,0.00517,0.00076,0.00076,0.00033,0.56713,-0.00055,0.19997,0.00065,0.70601,-0.00009,0.70821,1,5,0.99607,0.01045,-0.05989,-0.06444,0.06336,0.04238,0.81152,0,0
1766094331.497531,-0.00930,-0.01026,-0.00236,0.00083,0.00093,-0.00034,0.56713,-0.00055,0.19997,0.00065,0.70601,-0.00009,0.70821,1,5,0.99607,0.01045,-0.05989,-0.06444,0.06336,0.04238,0.81152,0,0
1766094331.499536,-0.00352,0.00762,-0.01790,-0.00027,-0.00042,-0.00063,0.56713,-0.00055,0.19997,0.00065,0.70601,-0.00009,0.70821,1,5,0.99607,0.01045,-0.05989,-0.06444,0.06336,0.04238,0.81152,0,0
1766094331.501547,-0.00468,0.00201,-0.01754,0.00010,0.00037,0.00032,0.56713,-0.00055,0.19997,0.00065,0.70601,-0.00009,0.70821,1,5,0.99607,0.01045,-0.05989,-0.06444,0.06336,0.04238,0.81152,0,0
1766094331.503529,-0.00489,0.01135,-0.01024,-0.00000,0.00100,0.00045,0.56713,-0.00055,0.19997,0.00065,0.70601,-0.00009,0.70821,1,5,0.99607,0.01045,-0.05989,-0.06444,0.06336,0.04238,0.81152,0,0
1766094331.505628,-0.01843,0.00559,0.00498,0.00167,0.00014,-0.00033,0.56713,-0.00055,0.19997,0.00065,0.70601,-0.00009,0.70821,1,5,0.99607,0.01045,-0.05989,-0.06444,0.06336,0.04238,0.81152,0,0
1766094331.507551,-0.00133,-0.00967,-0.01768,0.00171,0.00032,-0.00076,0.56713,-0.00055,0.19997,0.00065,0.70601,-0.00009,0.70821,1,5,0.99607,0.01045,-0.05989,-0.06444,0.06336,0.04238,0.81152,0,0
1766094331.509607,0.01793,-0.00594,0.01266,-0.00087,0.00035,-0.00049,0.56713,-0.00055,0.19997,0.00065,0.70601,-0.00009,0.70821,1,5,0.99607,0.01045,-0.05989,-0.06444,0.06336,0.04238,0.81152,0,0
1766094331.511524,-0.01744,-0.00007,-0.04043,0.00051,0.00052,-0.00023,0.56713,-0.00055,0.19997,0.00065,0.70601,-0.00009,0.70821,1,5,0.99607,0.01045,-0.05989,-0.06444,0.06336,0.04238,0.81152,0,0
1766094331.513549,0.00021,0.00950,0.00511,-0.00046,-0.00007,0.00033,0.56713,-0.00055,0.19997,0.00065,0.70601,-0.00009,0.70821,1,5,0.99607,0.01045,-0.05989,-0.06444,0.06336,0.04238,0.81152,0,0
1766094331.515540,-0.01419,-0.00659,-0.04019,0.00174,-0.00027,-0.00023,0.56713,-0.00055,0.19997,0.00065,0.70601,-0.00009,0.70821,1,5,0.99607,0.01045,-0.05989,-0.06444,0.06336,0.04238,0.81152,0,0
1766094331.517534,-0.00144,0.00969,0.02780,0.00107,0.00032,0.00035,0.56713,-0.00055,0.19997,0.00065,0.70601,-0.00009,0.70821,1,5,0.99607,0.01045,-0.05989,-0.06444,0.06336,0.04238,0.81152,0,0
1766094331.519535,0.00325,-0.00169,-0.01016,0.00159,-0.00063,-0.00076,0.56713,-0.00055,0.19997,0.00065,0.70601,-0.00009,0.70821,1,5,0.99607,0.01045,-0.05989,-0.06444,0.06336,0.04238,0.81152,0,0
1766094331.521551,-0.00879,0.01457,-0.01805,0.00025,0.00040,-0.00022,0.56713,-0.00055,0.19997,0.00065,0.70601,-0.00009,0.70821,1,5,0.99607,0.01045,-0.05989,-0.06444,0.06336,0.04238,0.81152,0,0
1766094331.523535,0.00031,0.00920,-0.00270,-0.00047,0.00043,-0.00008,0.56713,-0.00055,0.19997,0.00065,0.70601,-0.00009,0.70821,1,5,0.99607,0.01045,-0.05989,-0.06444,0.06336,0.04238,0.81152,0,0
1766094331.525556,-0.00520,0.00209,-0.00274,0.00098,0.00087,-0.00048,0.56713,-0.00055,0.19997,0.00065,0.70601,-0.00009,0.70821,1,5,0.99608,0.01023,-0.06018,-0.06403,0.06335,0.04235,0.81123,0,0
1766094331.527537,0.00422,0.02172,0.00452,-0.00010,0.00024,-0.00022,0.56713,-0.00055,0.19997,0.00065,0.70601,-0.00009,0.70821,1,5,0.99608,0.01023,-0.06018,-0.06403,0.06335,0.04235,0.81123,0,0
1766094331.529574,-0.00981,-0.00174,0.04366,-0.00235,-0.00173,0.00011,0.56713,-0.00055,0.19997,0.00065,0.70601,-0.00009,0.70821,1,5,0.99608,0.01023,-0.06018,-0.06403,0.06335,0.04235,0.81123,0,0
1766094331.531545,-0.00544,-0.01295,-0.00206,0.00080,0.00090,0.00033,0.56713,-0.00055,0.19997,0.00065,0.70601,-0.00009,0.70821,1,5,0.99608,0.01023,-0.06018,-0.06403,0.06335,0.04235,0.81123,0,0
1766094331.533554,-0.01363,-0.01695,-0.02485,0.00118,0.00023,-0.00035,0.56713,-0.00055,0.19997,0.00065,0.70601,-0.00009,0.70821,1,5,0.99608,0.01023,-0.06018,-0.06403,0.06335,0.04235,0.81123,0,0
1766094331.535537,-0.01255,0.00248,0.00518,-0.00011,0.00008,-0.00006,0.56713,-0.00055,0.19997,0.00065,0.70601,-0.00009,0.70821,1,5,0.99608,0.01023,-0.06018,-0.06403,0.06335,0.04235,0.81123,0,0
1766094331.537555,-0.00186,-0.00057,0.02012,0.00160,0.00122,-0.00020,0.56713,-0.00055,0.19997,0.00065,0.70601,-0.00009,0.70821,1,5,0.99608,0.01023,-0.06018,-0.06403,0.06335,0.04235,0.81123,0,0
1766094331.539570,-0.01112,0.01054,-0.04068,0.00261,0.00006,-0.00010,0.56713,-0.00055,0.19997,0.00065,0.70601,-0.00009,0.70821,1,5,0.99608,0.01023,-0.06018,-0.06403,0.06335,0.04235,0.81123,0,0
1766094331.541555,-0.01177,0.00751,0.01285,-0.00092,-0.00044,0.00022,0.56713,-0.00055,0.19997,0.00065,0.70601,-0.00009,0.70821,1,5,0.99608,0.01023,-0.06018,-0.06403,0.06335,0.04235,0.81123,0,0
1766094331.543690,-0.00970,-0.00454,-0.00209,0.00112,-0.00020,0.00034,0.56713,-0.00055,0.19997,0.00065,0.70601,-0.00009,0.70821,1,5,0.99608,0.01023,-0.06018,-0.06403,0.06335,0.04235,0.81123,0,0
1766094331.545585,0.00386,0.02198,0.00471,0.00013,-0.00013,0.00019,0.56713,-0.00055,0.19997,0.00065,0.70601,-0.00009,0.70821,1,5,0.99608,0.01023,-0.06018,-0.06403,0.06335,0.04235,0.81123,0,0
1766094331.547580,0.00854,0.00493,0.00479,0.00036,-0.00019,-0.00076,0.56713,-0.00055,0.19997,0.00065,0.70601,-0.00009,0.70821,1,5,0.99608,0.01023,-0.06018,-0.06403,0.06335,0.04235,0.81123,0,0
1766094331.549589,0.00815,-0.00058,0.00522,0.00007,0.00022,0.00019,0.56713,-0.00055,0.19997,0.00065,0.70601,-0.00009,0.70821,1,5,0.99608,0.01023,-0.06018,-0.06403,0.06335,0.04235,0.81123,0,0
1766094331.551568,-0.00536,-0.01184,-0.00243,0.00168,0.00012,-0.00088,0.56713,-0.00055,0.19997,0.00065,0.70601,-0.00009,0.70821,1,5,0.99608,0.01023,-0.06018,-0.06403,0.06335,0.04235,0.81123,0,0
1766094331.553565,-0.00954,-0.01460,-0.04766,0.00121,0.00018,-0.00024,0.56713,-0.00055,0.19997,0.00065,0.70601,-0.00009,0.70821,1,5,0.99608,0.01023,-0.06018,-0.06403,0.06335,0.04235,0.81123,0,0
1766094331.555557,0.00891,0.00454,-0.00265,-0.00030,-0.00006,-0.00036,0.56713,-0.00055,0.19997,0.00065,0.70601,-0.00009,0.70821,1,5,0.99608,0.01023,-0.06018,-0.06403,0.06335,0.04235,0.81123,0,0
1766094331.557565,0.00270,0.02232,0.00432,0.00166,0.00025,-0.00062,0.56713,-0.00055,0.19997,0.00065,0.70601,-0.00009,0.70821,1,5,0.99608,0.01023,-0.06018,-0.06403,0.06335,0.04235,0.81123,0,0
1766094331.559565,-0.00081,-0.00057,0.02056,0.00029,0.00046,0.00061,0.56713,-0.00055,0.19997,0.00065,0.70601,-0.00009,0.70821,1,5,0.99608,0.01023,-0.06018,-0.06403,0.06335,0.04235,0.81123,0,0
1766094331.561568,-0.01817,-0.00938,-0.03244,0.00127,0.00003,0.00005,0.56713,-0.00055,0.19997,0.00065,0.70601,-0.00009,0.70821,1,5,0.99608,0.01023,-0.06018,-0.06403,0.06335,0.04235,0.81123,0,0
1766094331.563640,-0.01713,-0.01048,-0.00216,-0.00005,0.00104,0.00007,0.56713,-0.00055,0.19997,0.00065,0.70601,-0.00009,0.70821,1,5,0.99608,0.01023,-0.06018,-0.06403,0.06335,0.04235,0.81123,0,0
1766094331.565660,-0.00481,-0.00333,-0.00224,0.00004,0.00089,0.00046,0.56713,-0.00055,0.19997,0.00065,0.70601,-0.00009,0.70821,1,5,0.99626,0.01032,-0.05983,-0.06150,0.06339,0.04238,0.81177,0,0
1766094331.567653,-0.01416,0.00774,-0.04823,0.00148,0.00022,-0.00024,0.56713,-0.00055,0.19997,0.00065,0.70601,-0.00009,0.70821,1,5,0.99626,0.01032,-0.05983,-0.06150,0.06339,0.04238,0.81177,0,0
1766094331.569673,0.00265,-0.00052,0.00564,-0.00277,-0.00085,0.00061,0.56713,-0.00055,0.19997,0.00065,0.70601,-0.00009,0.70821,1,5,0.99626,0.01032,-0.05983,-0.06150,0.06339,0.04238,0.81177,0,0
1766094331.571597,-0.00116,0.00914,-0.00264,0.00063,0.00083,0.00032,0.56713,-0.00055,0.19997,0.00065,0.70601,-0.00009,0.70821,1,5,0.99626,0.01032,-0.05983,-0.06150,0.06339,0.04238,0.81177,0,0
1766094331.573606,0.00344,-0.01680,-0.01724,0.00119,-0.00048,-0.00036,0.56713,-0.00055,0.19997,0.00065,0.70601,-0.00009,0.70821,1,5,0.99626,0.01032,-0.05983,-0.06150,0.06339,0.04238,0.81177,0,0
1766094331.575596,-0.00362,0.01163,-0.01046,-0.00066,0.00059,-0.00035,0.56713,-0.00055,0.19997,0.00065,0.70601,-0.00009,0.70821,1,5,0.99626,0.01032,-0.05983,-0.06150,0.06339,0.04238,0.81177,0,0
1766094331.577616,0.00344,0.00592,0.02782,-0.00007,0.00141,0.00061,0.56713,-0.00055,0.19997,0.00065,0.70601,-0.00009,0.70821,1,5,0.99626,0.01032,-0.05983,-0.06150,0.06339,0.04238,0.81177,0,0
1766094331.579601,-0.01393,-0.00154,-0.00996,0.00159,-0.00041,-0.00034,0.56713,-0.00055,0.19997,0.00065,0.70601,-0.00009,0.70821,1,5,0.99626,0.01032,-0.05983,-0.06150,0.06339,0.04238,0.81177,0,0
1766094331.581690,-0.01929,0.00026,-0.03293,0.00226,0.00080,-0.00022,0.56713,-0.00055,0.19997,0.00065,0.70601,-0.00009,0.70821,1,5,0.99626,0.01032,-0.05983,-0.06150,0.06339,0.04238,0.81177,0,0
1766094331.583594,-0.00552,-0.00953,0.01359,-0.00266,-0.00164,0.00049,0.56713,-0.00055,0.19997,0.00065,0.70601,-0.00009,0.70821,1,5,0.99626,0.01032,-0.05983,-0.06150,0.06339,0.04238,0.81177,0,0
1766094331.585618,-0.00492,-0.00295,0.02059,0.00026,0.00051,0.00048,0.56713,-0.00055,0.19997,0.00065,0.70601,-0.00009,0.70821,1,5,0.99626,0.01032,-0.05983,-0.06150,0.06339,0.04238,0.81177,0,0
1766094331.587586,0.01323,-0.00258,-0.04003,-0.00061,-0.00098,0.00042,0.56713,-0.00055,0.19997,0.00065,0.70601,-0.00009,0.70821,1,5,0.99626,0.01032,-0.05983,-0.06150,0.06339,0.04238,0.81177,0,0
1766094331.589586,-0.00864,-0.00483,-0.00242,0.00046,0.00016,-0.00047,0.56713,-0.00055,0.19997,0.00065,0.70601,-0.00009,0.70821,1,5,0.99626,0.01032,-0.05983,-0.06150,0.06339,0.04238,0.81177,0,0
1766094331.591586,-0.00276,0.01197,0.02763,-0.00131,-0.00005,-0.00032,0.56713,-0.00055,0.19997,0.00065,0.70601,-0.00009,0.70821,1,5,0.99626,0.01032,-0.05983,-0.06150,0.06339,0.04238,0.81177,0,0
1766094331.593590,-0.00053,0.00386,-0.01006,-0.00009,0.00096,0.00045,0.56713,-0.00055,0.19997,0.00065,0.70601,-0.00009,0.70821,1,5,0.99626,0.01032,-0.05983,-0.06150,0.06339,0.04238,0.81177,0,0
1766094331.595587,-0.00038,-0.01056,0.00540,0.00017,0.00071,0.00006,0.56713,-0.00055,0.19997,0.00065,0.70601,-0.00009,0.70821,1,5,0.99626,0.01032,-0.05983,-0.06150,0.06339,0.04238,0.81177,0,0
1766094331.597607,-0.01920,0.00549,0.00491,0.00233,0.00053,-0.00033,0.56713,-0.00055,0.19997,0.00065,0.70601,-0.00009,0.70821,1,5,0.99626,0.01032,-0.05983,-0.06150,0.06339,0.04238,0.81177,0,0
1766094331.599669,-0.01397,-0.00721,-0.02526,0.00152,0.00060,-0.00062,0.56713,-0.00055,0.19997,0.00065,0.70601,-0.00009,0.70821,1,5,0.99626,0.01032,-0.05983,-0.06150,0.06339,0.04238,0.81177,0,0
1766094331.601624,-0.00449,0.01175,-0.01774,-0.00022,0.00036,0.00045,0.56713,-0.00055,0.19997,0.00065,0.70601,-0.00009,0.70821,1,5,0.99610,0.01068,-0.05918,-0.06453,0.06336,0.04238,0.81152,0,0
1766094331.603619,-0.00377,0.00753,-0.01775,-0.00027,-0.00041,-0.00022,0.56713,-0.00055,0.19997,0.00065,0.70601,-0.00009,0.70821,1,5,0.99610,0.01068,-0.05918,-0.06453,0.06336,0.04238,0.81152,0,0
1766094331.605626,-0.01493,0.00772,-0.03328,0.00235,0.00073,-0.00063,0.56713,-0.00055,0.19997,0.00065,0.70601,-0.00009,0.70821,1,5,0.99610,0.01068,-0.05918,-0.06453,0.06336,0.04238,0.81152,0,0
1766094331.607885,-0.00058,0.01934,-0.01811,0.00031,0.00030,0.00004,0.56713,-0.00055,0.19997,0.00065,0.70601,-0.00009,0.70821,1,5,0.99610,0.01068,-0.05918,-0.06453,0.06336,0.04238,0.81152,0,0
1766094331.609626,-0.00087,-0.00990,-0.00213,0.00083,0.00008,0.00006,0.56713,-0.00055,0.19997,0.00065,0.70601,-0.00009,0.70821,1,5,0.99610,0.01068,-0.05918,-0.06453,0.06336,0.04238,0.81152,0,0
1766094331.611658,0.00832,0.00428,-0.01033,0.00013,0.00046,-0.00036,0.56713,-0.00055,0.19997,0.00065,0.70601,-0.00009,0.70821,1,5,0.99610,0.01068,-0.05918,-0.06453,0.06336,0.04238,0.81152,0,0
1766094331.613624,0.01185,0.01127,-0.00268,0.00022,0.00067,0.00044,0.56713,-0.00055,0.19997,0.00065,0.70601,-0.00009,0.70821,1,5,0.99610,0.01068,-0.05918,-0.06453,0.06336,0.04238,0.81152,0,0
1766094331.615612,0.00330,0.01246,-0.01769,0.00067,-0.00049,0.00044,0.56713,-0.00055,0.19997,0.00065,0.70601,-0.00009,0.70821,1,5,0.99610,0.01068,-0.05918,-0.06453,0.06336,0.04238,0.81152,0,0
1766094331.617735,0.00300,0.01184,-0.00298,0.00110,0.00077,-0.00036,0.56713,-0.00055,0.19997,0.00065,0.70601,-0.00009,0.70821,1,5,0.99610,0.01068,-0.05918,-0.06453,0.06336,0.04238,0.81152,0,0
1766094331.619639,-0.00508,0.00868,-0.04063,0.00149,-0.00116,-0.00064,0.56713,-0.00055,0.19997,0.00065,0.70601,-0.00009,0.70821,1,5,0.99610,0.01068,-0.05918,-0.06453,0.06336,0.04238,0.81152,0,0
1766094331.621628,-0.00575,0.00986,0.03556,-0.00242,-0.00090,-0.00004,0.56713,-0.00055,0.19997,0.00065,0.70601,-0.00009,0.70821,1,5,0.99610,0.01068,-0.05918,-0.06453,0.06336,0.04238,0.81152,0,0
1766094331.623617,0.00356,0.00757,-0.01766,0.00061,-0.00049,0.00017,0.56713,-0.00055,0.19997,0.00065,0.70601,-0.00009,0.70821,1,5,0.99610,0.01068,-0.05918,-0.06453,0.06336,0.04238,0.81152,0,0
1766094331.625639,0.00253,0.00999,0.05816,-0.00199,-0.00101,-0.00043,0.56713,-0.00055,0.19997,0.00065,0.70601,-0.00009,0.70821,1,5,0.99610,0.01068,-0.05918,-0.06453,0.06336,0.04238,0.81152,0,0
1766094331.627631,-0.00140,-0.00495,-0.02532,0.00155,0.00045,-0.00050,0.56713,-0.00055,0.19997,0.00065,0.70601,-0.00009,0.70821,1,5,0.99610,0.01068,-0.05918,-0.06453,0.06336,0.04238,0.81152,0,0
1766094331.629631,0.01343,0.00728,-0.00242,-0.00071,-0.00087,0.00018,0.56713,-0.00055,0.19997,0.00065,0.70601,-0.00009,0.70821,1,5,0.99610,0.01068,-0.05918,-0.06453,0.06336,0.04238,0.81152,0,0
1766094331.631626,-0.00542,0.00274,0.00512,0.00120,-0.00001,-0.00007,0.56713,-0.00055,0.19997,0.00065,0.70601,-0.00009,0.70821,1,5,0.99610,0.01068,-0.05918,-0.06453,0.06336,0.04238,0.81152,0,0
1766094331.633629,0.00428,0.01195,-0.03324,0.00000,0.00012,-0.00038,0.56713,-0.00055,0.19997,0.00065,0.70601,-0.00009,0.70821,1,5,0.99610,0.01068,-0.05918,-0.06453,0.06336,0.04238,0.81152,0,0
1766094331.635716,0.00416,-0.00332,0.00520,-0.00018,0.00065,0.00006,0.56713,-0.00055,0.19997,0.00065,0.70601,-0.00009,0.70821,1,5,0.99619,0.01062,-0.05997,-0.06248,0.06335,0.04235,0.81129,0,0
1766094331.637732,-0.00120,0.01967,0.01228,0.00097,0.00018,0.00006,0.56713,-0.00055,0.19997,0.00065,0.70601,-0.00009,0.70821,1,5,0.99619,0.01062,-0.05997,-0.06248,0.06335,0.04235,0.81129,0,0
1766094331.639648,-0.01333,-0.00255,-0.00248,0.00070,0.00060,-0.00034,0.56713,-0.00055,0.19997,0.00065,0.70601,-0.00009,0.70821,1,5,0.99619,0.01062,-0.05997,-0.06248,0.06335,0.04235,0.81129,0,0
1766094331.641642,-0.01861,0.01074,0.01241,0.00195,0.00001,-0.00046,0.56713,-0.00055,0.19997,0.00065,0.70601,-0.00009,0.70821,1,5,0.99619,0.01062,-0.05997,-0.06248,0.06335,0.04235,0.81129,0,0
1766094331.643971,0.00400,0.01123,-0.00300,-0.00000,0.00114,-0.00036,0.56713,-0.00055,0.19997,0.00065,0.70601,-0.00009,0.70821,1,5,0.99619,0.01062,-0.05997,-0.06248,0.06335,0.04235,0.81129,0,0
1766094331.645663,-0.01401,-0.00175,-0.02519,0.00158,-0.00016,-0.00035,0.56713,-0.00055,0.19997,0.00065,0.70601,-0.00009,0.70821,1,5,0.99619,0.01062,-0.05997,-0.06248,0.06335,0.04235,0.81129,0,0
1766094331.647648,-0.01791,0.00567,0.02022,0.00124,-0.00012,-0.00031,0.56713,-0.00055,0.19997,0.00065,0.70601,-0.00009,0.70821,1,5,0.99619,0.01062,-0.05997,-0.06248,0.06335,0.04235,0.81129,0,0
1766094331.649652,-0.00169,-0.01439,-0.01731,0.00187,-0.00004,-0.00022,0.56713,-0.00055,0.19997,0.00065,0.70601,-0.00009,0.70821,1,5,0.99619,0.01062,-0.05997,-0.06248,0.06335,0.04235,0.81129,0,0
1766094331.651632,-0.00831,0.00392,-0.03295,-0.00053,0.00105,0.00004,0.56713,-0.00055,0.19997,0.00065,0.70601,-0.00009,0.70821,1,5,0.99619,0.01062,-0.05997,-0.06248,0.06335,0.04235,0.81129,0,0
1766094331.653991,-0.00473,-0.01222,-0.02504,0.00080,0.00012,-0.00049,0.56713,-0.00055,0.19997,0.00065,0.70601,-0.00009,0.70821,1,5,0.99619,0.01062,-0.05997,-0.06248,0.06335,0.04235,0.81129,0,0
1766094331.655664,-0.00410,0.01739,0.01964,0.00029,0.00008,-0.00087,0.56713,-0.00055,0.19997,0.00065,0.70601,-0.00009,0.70821,1,5,0.99619,0.01062,-0.05997,-0.06248,0.06335,0.04235,0.81129,0,0
1766094331.657629,-0.01618,-0.00491,0.07377,-0.00064,0.00012,0.00000,0.56713,-0.00055,0.19997,0.00065,0.70601,-0.00009,0.70821,1,5,0.99619,0.01062,-0.05997,-0.06248,0.06335,0.04235,0.81129,0,0
1766094331.659643,-0.00696,0.00255,0.00497,0.00251,0.00077,-0.00007,0.56713,-0.00055,0.19997,0.00065,0.70601,-0.00009,0.70821,1,5,0.99619,0.01062,-0.05997,-0.06248,0.06335,0.04235,0.81129,0,0
1766094331.661671,-0.01054,0.01252,0.05833,-0.00195,-0.00084,0.00012,0.56713,-0.00055,0.19997,0.00065,0.70601,-0.00009,0.70821,1,5,0.99619,0.01062,-0.05997,-0.06248,0.06335,0.04235,0.81129,0,0
1766094331.663647,-0.00297,-0.00471,-0.01744,0.00264,0.00036,0.00031,0.56713,-0.00055,0.19997,0.00065,0.70601,-0.00009,0.70821,1,5,0.99619,0.01062,-0.05997,-0.06248,0.06335,0.04235,0.81129,0,0
1766094331.665679,-0.00453,0.01738,0.01238,0.00029,-0.00016,-0.00007,0.56713,-0.00055,0.19997,0.00065,0.70601,-0.00009,0.70821,1,5,0.99619,0.01062,-0.05997,-0.06248,0.06335,0.04235,0.81129,0,0
1766094331.667646,-0.00886,-0.00911,-0.00215,0.00084,-0.00059,-0.00033,0.56713,-0.00055,0.19997,0.00065,0.70601,-0.00009,0.70821,1,5,0.99619,0.01062,-0.05997,-0.06248,0.06335,0.04235,0.81129,0,0
1766094331.669651,-0.00094,-0.00922,-0.03295,0.00171,-0.00019,-0.00118,0.56713,-0.00055,0.19997,0.00065,0.70601,-0.00009,0.70821,1,5,0.99619,0.01062,-0.05997,-0.06248,0.06335,0.04235,0.81129,0,0
1766094331.671647,0.00463,0.00225,-0.01004,-0.00033,-0.00025,-0.00009,0.56713,-0.00055,0.19997,0.00065,0.70601,-0.00009,0.70821,1,5,0.99619,0.01062,-0.05997,-0.06248,0.06335,0.04235,0.81129,0,0
1766094331.673647,-0.00631,-0.01193,-0.02493,0.00212,0.00014,-0.00009,0.56713,-0.00055,0.19997,0.00065,0.70601,-0.00009,0.70821,1,5,0.99618,0.01054,-0.05956,-0.06292,0.06335,0.04235,0.81127,0,0
1766094331.675645,-0.01666,-0.00990,-0.01722,-0.00026,0.00014,0.00006,0.56713,-0.00055,0.19997,0.00065,0.70601,-0.00009,0.70821,1,5,0.99618,0.01054,-0.05956,-0.06292,0.06335,0.04235,0.81127,0,0
1766094331.677661,-0.02144,-0.00712,0.04336,0.00043,0.00032,-0.00015,0.56713,-0.00055,0.19997,0.00065,0.70601,-0.00009,0.70821,1,5,0.99618,0.01054,-0.05956,-0.06292,0.06335,0.04235,0.81127,0,0
1766094331.679653,-0.00065,0.01418,-0.01037,0.00025,0.00057,0.00018,0.56713,-0.00055,0.19997,0.00065,0.70601,-0.00009,0.70821,1,5,0.99618,0.01054,-0.05956,-0.06292,0.06335,0.04235,0.81127,0,0
1766094331.681682,-0.00634,-0.00775,-0.02505,0.00173,0.00091,0.00018,0.56713,-0.00055,0.19997,0.00065,0.70601,-0.00009,0.70821,1,5,0.99618,0.01054,-0.05956,-0.06292,0.06335,0.04235,0.81127,0,0
1766094331.683648,-0.00594,-0.00228,-0.01771,0.00180,0.00038,-0.00036,0.56713,-0.00055,0.19997,0.00065,0.70601,-0.00009,0.70821,1,5,0.99618,0.01054,-0.05956,-0.06292,0.06335,0.04235,0.81127,0,0
1766094331.685666,-0.01826,0.00535,-0.04820,0.00145,0.00027,-0.00037,0.56713,-0.00055,0.19997,0.00065,0.70601,-0.00009,0.70821,1,5,0.99618,0.01054,-0.05956,-0.06292,0.06335,0.04235,0.81127,0,0
1766094331.687770,0.00230,0.02049,0.02785,-0.00186,-0.00202,0.00008,0.56713,-0.00055,0.19997,0.00065,0.70601,-0.00009,0.70821,1,5,0.99618,0.01054,-0.05956,-0.06292,0.06335,0.04235,0.81127,0,0
1766094331.689652,-0.00948,-0.00781,0.02091,-0.00308,-0.00058,0.00023,0.56713,-0.00055,0.19997,0.00065,0.70601,-0.00009,0.70821,1,5,0.99618,0.01054,-0.05956,-0.06292,0.06335,0.04235,0.81127,0,0
1766094331.691685,0.00327,-0.00808,-0.01743,0.00064,0.00066,0.00018,0.56713,-0.00055,0.19997,0.00065,0.70601,-0.00009,0.70821,1,5,0.99618,0.01054,-0.05956,-0.06292,0.06335,0.04235,0.81127,0,0
1766094331.693650,-0.00581,0.00473,0.06609,-0.00249,-0.00064,0.00012,0.56713,-0.00055,0.19997,0.00065,0.70601,-0.00009,0.70821,1,5,0.99618,0.01054,-0.05956,-0.06292,0.06335,0.04235,0.81127,0,0
1766094331.695652,-0.01009,-0.00413,-0.02520,0.00199,-0.00020,-0.00049,0.56713,-0.00055,0.19997,0.00065,0.70601,-0.00009,0.70821,1,5,0.99618,0.01054,-0.05956,-0.06292,0.06335,0.04235,0.81127,0,0
1766094331.697792,-0.02684,-0.02466,0.00582,0.00131,0.00104,0.00009,0.56713,-0.00055,0.19997,0.00065,0.70601,-0.00009,0.70821,1,5,0.99618,0.01054,-0.05956,-0.06292,0.06335,0.04235,0.81127,0,0
1766094331.699798,-0.01728,0.01521,0.00502,0.00026,-0.00025,0.00021,0.56713,-0.00055,0.19997,0.00065,0.70601,-0.00009,0.70821,1,5,0.99618,0.01054,-0.05956,-0.06292,0.06335,0.04235,0.81127,0,0
1766094331.701695,-0.01384,-0.01256,0.00542,0.00102,0.00087,-0.00006,0.56713,-0.00055,0.19997,0.00065,0.70601,-0.00009,0.70821,1,5,0.99618,0.01054,-0.05956,-0.06292,0.06335,0.04235,0.81127,0,0
1766094331.703667,-0.00357,-0.00388,-0.02520,-0.00106,0.00125,0.00004,0.56713,-0.00055,0.19997,0.00065,0.70601,-0.00009,0.70821,1,5,0.99618,0.01054,-0.05956,-0.06292,0.06335,0.04235,0.81127,0,0
1766094331.705671,-0.00222,0.02037,-0.00324,0.00251,0.00006,-0.00076,0.56713,-0.00055,0.19997,0.00065,0.70601,-0.00009,0.70821,1,5,0.99594,0.01047,-0.06179,-0.06468,0.06335,0.04237,0.81135,0,0
1766094331.707673,-0.01427,-0.00179,-0.03281,0.00180,-0.00003,-0.00036,0.56713,-0.00055,0.19997,0.00065,0.70601,-0.00009,0.70821,1,5,0.99594,0.01047,-0.06179,-0.06468,0.06335,0.04237,0.81135,0,0
1766094331.709699,-0.01449,0.00389,-0.03289,0.00231,-0.00079,-0.00049,0.56713,-0.00055,0.19997,0.00065,0.70601,-0.00009,0.70821,1,5,0.99594,0.01047,-0.06179,-0.06468,0.06335,0.04237,0.81135,0,0
1766094331.711736,-0.00022,0.00920,-0.00292,0.00019,0.00081,-0.00049,0.56713,-0.00055,0.19997,0.00065,0.70601,-0.00009,0.70821,1,5,0.99594,0.01047,-0.06179,-0.06468,0.06335,0.04237,0.81135,0,0
1766094331.713684,-0.00046,-0.00086,-0.00242,0.00007,0.00083,0.00019,0.56713,-0.00055,0.19997,0.00065,0.70601,-0.00009,0.70821,1,5,0.99594,0.01047,-0.06179,-0.06468,0.06335,0.04237,0.81135,0,0
1766094331.715671,0.00695,-0.00472,-0.02530,0.00177,-0.00003,-0.00051,0.56713,-0.00055,0.19997,0.00065,0.70601,-0.00009,0.70821,1,5,0.99594,0.01047,-0.06179,-0.06468,0.06335,0.04237,0.81135,0,0
1766094331.717686,-0.02555,0.00046,0.04303,0.00052,0.00035,-0.00056,0.56713,-0.00055,0.19997,0.00065,0.70601,-0.00009,0.70821,1,5,0.99594,0.01047,-0.06179,-0.06468,0.06335,0.04237,0.81135,0,0
1766094331.719666,-0.00555,-0.00680,-0.03280,0.00174,-0.00013,-0.00064,0.56713,-0.00055,0.19997,0.00065,0.70601,-0.00009,0.70821,1,5,0.99594,0.01047,-0.06179,-0.06468,0.06335,0.04237,0.81135,0,0
1766094331.721682,-0.00863,0.01002,0.01258,0.00020,-0.00010,-0.00006,0.56713,-0.00055,0.19997,0.00065,0.70601,-0.00009,0.70821,1,5,0.99594,0.01047,-0.06179,-0.06468,0.06335,0.04237,0.81135,0,0
1766094331.723683,0.00414,0.00661,-0.01794,-0.00006,0.00063,-0.00023,0.56713,-0.00055,0.19997,0.00065,0.70601,-0.00009,0.70821,1,5,0.99594,0.01047,-0.06179,-0.06468,0.06335,0.04237,0.81135,0,0
1766094331.725691,0.00395,0.02785,-0.01810,0.00042,-0.00128,0.00004,0.56713,-0.00055,0.19997,0.00065,0.70601,-0.00009,0.70821,1,5,0.99594,0.01047,-0.06179,-0.06468,0.06335,0.04237,0.81135,0,0
1766094331.727679,-0.00476,0.01686,0.00450,0.00050,0.00073,-0.00048,0.56713,-0.00055,0.19997,0.00065,0.70601,-0.00009,0.70821,1,5,0.99594,0.01047,-0.06179,-0.06468,0.06335,0.04237,0.81135,0,0
1766094331.729677,-0.01005,-0.00801,0.05880,-0.00264,-0.00007,0.00026,0.56713,-0.00055,0.19997,0.00065,0.70601,-0.00009,0.70821,1,5,0.99594,0.01047,-0.06179,-0.06468,0.06335,0.04237,0.81135,0,0
1766094331.731690,-0.00147,-0.01020,-0.03260,0.00127,0.00059,0.00003,0.56713,-0.00055,0.19997,0.00065,0.70601,-0.00009,0.70821,1,5,0.99594,0.01047,-0.06179,-0.06468,0.06335,0.04237,0.81135,0,0
1766094331.733702,0.00334,0.00454,0.04314,-0.00293,-0.00076,-0.00031,0.56713,-0.00055,0.19997,0.00065,0.70601,-0.00009,0.70821,1,5,0.99594,0.01047,-0.06179,-0.06468,0.06335,0.04237,0.81135,0,0
1766094331.735706,0.00197,-0.00698,-0.03255,0.00218,-0.00021,0.00016,0.56713,-0.00055,0.19997,0.00065,0.70601,-0.00009,0.70821,1,5,0.99594,0.01047,-0.06179,-0.06468,0.06335,0.04237,0.81135,0,0
1766094331.737711,0.00264,-0.00778,-0.00984,0.00130,0.00054,0.00018,0.56713,-0.00055,0.19997,0.00065,0.70601,-0.00009,0.70821,1,5,0.99594,0.01047,-0.06179,-0.06468,0.06335,0.04237,0.81135,0,0
1766094331.739696,0.00014,0.00434,0.01285,-0.00052,0.00019,0.00047,0.56713,-0.00055,0.19997,0.00065,0.70601,-0.00009,0.70821,1,5,0.99609,0.01065,-0.05981,-0.06406,0.06336,0.04238,0.81144,0,0
1766094331.741711,-0.00582,-0.00032,0.02069,-0.00255,-0.00063,0.00022,0.56713,-0.00055,0.19997,0.00065,0.70601,-0.00009,0.70821,1,5,0.99609,0.01065,-0.05981,-0.06406,0.06336,0.04238,0.81144,0,0
1766094331.743712,-0.01011,-0.00982,-0.00995,0.00171,0.00069,-0.00035,0.56713,-0.00055,0.19997,0.00065,0.70601,-0.00009,0.70821,1,5,0.99609,0.01065,-0.05981,-0.06406,0.06336,0.04238,0.81144,0,0
1766094331.745783,0.00383,0.01127,-0.00264,-0.00022,0.00077,0.00045,0.56713,-0.00055,0.19997,0.00065,0.70601,-0.00009,0.70821,1,5,0.99609,0.01065,-0.05981,-0.06406,0.06336,0.04238,0.81144,0,0
1766094331.747708,0.00390,0.00655,0.00499,-0.00006,0.00064,0.00019,0.56713,-0.00055,0.19997,0.00065,0.70601,-0.00009,0.70821,1,5,0.99609,0.01065,-0.05981,-0.06406,0.06336,0.04238,0.81144,0,0
1766094331.749692,-0.00866,-0.00069,0.00523,-0.00015,0.00080,0.00020,0.56713,-0.00055,0.19997,0.00065,0.70601,-0.00009,0.70821,1,5,0.99609,0.01065,-0.05981,-0.06406,0.06336,0.04238,0.81144,0,0
1766094331.751696,-0.01392,-0.00416,0.02090,-0.00238,-0.00168,-0.00003,0.56713,-0.00055,0.19997,0.00065,0.70601,-0.00009,0.70821,1,5,0.99609,0.01065,-0.05981,-0.06406,0.06336,0.04238,0.81144,0,0
1766094331.753709,-0.01448,0.00763,-0.01048,0.00192,0.00072,-0.00062,0.56713,-0.00055,0.19997,0.00065,0.70601,-0.00009,0.70821,1,5,0.99609,0.01065,-0.05981,-0.06406,0.06336,0.04238,0.81144,0,0
1766094331.755708,-0.00439,0.00655,-0.01035,-0.00006,0.00099,-0.00022,0.56713,-0.00055,0.19997,0.00065,0.70601,-0.00009,0.70821,1,5,0.99609,0.01065,-0.05981,-0.06406,0.06336,0.04238,0.81144,0,0
1766094331.757690,-0.00924,-0.01941,0.05129,0.00094,0.00005,-0.00002,0.56713,-0.00055,0.19997,0.00065,0.70601,-0.00009,0.70821,1,5,0.99609,0.01065,-0.05981,-0.06406,0.06336,0.04238,0.81144,0,0
1766094331.759701,-0.00081,-0.00477,-0.03266,0.00089,-0.00018,-0.00010,0.56713,-0.00055,0.19997,0.00065,0.70601,-0.00009,0.70821,1,5,0.99609,0.01065,-0.05981,-0.06406,0.06336,0.04238,0.81144,0,0
1766094331.761691,0.00861,0.01494,-0.01038,0.00004,-0.00070,-0.00023,0.56713,-0.00055,0.19997,0.00065,0.70601,-0.00009,0.70821,1,5,0.99609,0.01065,-0.05981,-0.06406,0.06336,0.04238,0.81144,0,0
1766094331.763698,-0.01850,-0.00957,-0.00971,0.00149,0.00042,0.00007,0.56713,-0.00055,0.19997,0.00065,0.70601,-0.00009,0.70821,1,5,0.99609,0.01065,-0.05981,-0.06406,0.06336,0.04238,0.81144,0,0
1766094331.765713,0.00779,-0.00033,0.00541,0.00030,-0.00015,0.00059,0.56713,-0.00055,0.19997,0.00065,0.70601,-0.00009,0.70821,1,5,0.99609,0.01065,-0.05981,-0.06406,0.06336,0.04238,0.81144,0,0
1766094331.767724,0.00389,0.00660,-0.00277,0.00016,0.00076,-0.00022,0.56713,-0.00055,0.19997,0.00065,0.70601,-0.00009,0.70821,1,5,0.99609,0.01065,-0.05981,-0.06406,0.06336,0.04238,0.81144,0,0
1766094331.769711,-0.01702,-0.00956,-0.00200,0.00018,-0.00011,0.00008,0.56713,-0.00055,0.19997,0.00065,0.70601,-0.00009,0.70821,1,5,0.99609,0.01065,-0.05981,-0.06406,0.06336,0.04238,0.81144,0,0
1766094331.771731,-0.00924,-0.00011,-0.01028,0.00095,0.00067,-0.00062,0.56713,-0.00055,0.19997,0.00065,0.70601,-0.00009,0.70821,1,5,0.99609,0.01065,-0.05981,-0.06406,0.06336,0.04238,0.81144,0,0
1766094331.773719,0.00792,-0.00473,0.01274,0.00090,-0.00030,-0.00048,0.56713,-0.00055,0.19997,0.00065,0.70601,-0.00009,0.70821,1,5,0.99609,0.01065,-0.05981,-0.06406,0.06336,0.04238,0.81144,0,0
1766094331.775720,-0.01005,-0.00303,0.05863,-0.00258,-0.00007,0.00012,0.56713,-0.00055,0.19997,0.00065,0.70601,-0.00009,0.70821,1,5,0.99625,0.01046,-0.05794,-0.06347,0.06336,0.04236,0.81135,0,0
1766094331.777737,0.00491,-0.01744,0.05112,-0.00035,-0.00012,-0.00030,0.56713,-0.00055,0.19997,0.00065,0.70601,-0.00009,0.70821,1,5,0.99625,0.01046,-0.05794,-0.06347,0.06336,0.04236,0.81135,0,0
1766094331.779717,-0.00601,-0.00246,-0.01015,0.00180,0.00063,-0.00035,0.56713,-0.00055,0.19997,0.00065,0.70601,-0.00009,0.70821,1,5,0.99625,0.01046,-0.05794,-0.06347,0.06336,0.04236,0.81135,0,0
1766094331.781799,0.00328,-0.00805,0.00535,0.00064,0.00066,0.00019,0.56713,-0.00055,0.19997,0.00065,0.70601,-0.00009,0.70821,1,5,0.99625,0.01046,-0.05794,-0.06347,0.06336,0.04236,0.81135,0,0
1766094331.783729,0.00035,-0.00492,0.02056,-0.00020,-0.00033,-0.00006,0.56713,-0.00055,0.19997,0.00065,0.70601,-0.00009,0.70821,1,5,0.99625,0.01046,-0.05794,-0.06347,0.06336,0.04236,0.81135,0,0
1766094331.785726,-0.00413,-0.00332,-0.01015,-0.00018,0.00099,-0.00035,0.56713,-0.00055,0.19997,0.00065,0.70601,-0.00009,0.70821,1,5,0.99625,0.01046,-0.05794,-0.06347,0.06336,0.04236,0.81135,0,0
1766094331.787738,0.00478,0.00145,0.01245,-0.00056,0.00088,-0.00048,0.56713,-0.00055,0.19997,0.00065,0.70601,-0.00009,0.70821,1,5,0.99625,0.01046,-0.05794,-0.06347,0.06336,0.04236,0.81135,0,0
1766094331.789730,0.00380,-0.00796,0.02059,0.00020,0.00040,0.00021,0.56713,-0.00055,0.19997,0.00065,0.70601,-0.00009,0.70821,1,5,0.99625,0.01046,-0.05794,-0.06347,0.06336,0.04236,0.81135,0,0
1766094331.791715,0.00396,0.01666,-0.02571,0.00006,0.00038,-0.00011,0.56713,-0.00055,0.19997,0.00065,0.70601,-0.00009,0.70821,1,5,0.99625,0.01046,-0.05794,-0.06347,0.06336,0.04236,0.81135,0,0
1766094331.793730,0.00815,-0.00058,0.00522,0.00007,0.00022,0.00019,0.56713,-0.00055,0.19997,0.00065,0.70601,-0.00009,0.70821,1,5,0.99625,0.01046,-0.05794,-0.06347,0.06336,0.04236,0.81135,0,0
1766094331.795717,0.00868,0.01431,0.01267,-0.00062,-0.00030,0.00060,0.56713,-0.00055,0.19997,0.00065,0.70601,-0.00009,0.70821,1,5,0.99625,0.01046,-0.05794,-0.06347,0.06336,0.04236,0.81135,0,0
1766094331.797715,-0.00140,0.01977,-0.02569,0.00119,0.00006,0.00003,0.56713,-0.00055,0.19997,0.00065,0.70601,-0.00009,0.70821,1,5,0.99625,0.01046,-0.05794,-0.06347,0.06336,0.04236,0.81135,0,0
1766094331.799712,0.00817,0.01927,0.04283,-0.00012,-0.00005,0.00048,0.56713,-0.00055,0.19997,0.00065,0.70601,-0.00009,0.70821,1,5,0.99625,0.01046,-0.05794,-0.06347,0.06336,0.04236,0.81135,0,0
1766094331.801745,0.00392,0.01229,-0.01803,0.00045,-0.00013,-0.00037,0.56713,-0.00055,0.19997,0.00065,0.70601,-0.00009,0.70821,1,5,0.99625,0.01046,-0.05794,-0.06347,0.06336,0.04236,0.81135,0,0
1766094331.804677,-0.01003,0.00520,-0.00251,0.00145,0.00018,0.00006,0.56713,-0.00055,0.19997,0.00065,0.70601,-0.00009,0.70821,1,5,0.99625,0.01046,-0.05794,-0.06347,0.06336,0.04236,0.81135,0,0
1766094331.805740,-0.00065,0.01916,-0.01054,0.00031,0.00056,0.00004,0.56713,-0.00055,0.19997,0.00065,0.70601,-0.00009,0.70821,1,5,0.99625,0.01046,-0.05794,-0.06347,0.06336,0.04236,0.81135,0,0
1766094331.807749,-0.02310,0.00365,-0.01774,0.00230,-0.00018,-0.00047,0.56713,-0.00055,0.19997,0.00065,0.70601,-0.00009,0.70821,1,5,0.99625,0.01046,-0.05794,-0.06347,0.06336,0.04236,0.81135,0,0
1766094331.809743,0.00351,0.00189,-0.03296,0.00054,0.00052,-0.00011,0.56713,-0.00055,0.19997,0.00065,0.70601,-0.00009,0.70821,1,5,0.99625,0.01046,-0.05794,-0.06347,0.06336,0.04236,0.81135,0,0
1766094331.811729,-0.00910,-0.00555,0.00539,0.00023,0.00081,0.00034,0.56713,-0.00055,0.19997,0.00065,0.70601,-0.00009,0.70821,1,5,0.99625,0.01046,-0.05794,-0.06347,0.06336,0.04236,0.81135,0,0
1766094331.813737,0.00314,-0.00261,-0.01031,0.00136,0.00052,-0.00076,0.56713,-0.00055,0.19997,0.00065,0.70601,-0.00009,0.70821,1,5,0.99589,0.01052,-0.06148,-0.06569,0.06333,0.04236,0.81109,0,0
1766094331.815756,0.00732,0.00724,0.02037,-0.00267,-0.00118,-0.00020,0.56713,-0.00055,0.19997,0.00065,0.70601,-0.00009,0.70821,1,5,0.99589,0.01052,-0.06148,-0.06569,0.06333,0.04236,0.81109,0,0
1766094331.817747,0.00627,0.00398,0.00483,0.00166,0.00137,0.00005,0.56713,-0.00055,0.19997,0.00065,0.70601,-0.00009,0.70821,1,5,0.99589,0.01052,-0.06148,-0.06569,0.06333,0.04236,0.81109,0,0
1766094331.819753,-0.02682,-0.00909,-0.02481,0.00150,0.00001,0.00007,0.56713,-0.00055,0.19997,0.00065,0.70601,-0.00009,0.70821,1,5,0.99589,0.01052,-0.06148,-0.06569,0.06333,0.04236,0.81109,0,0
1766094331.821743,0.01275,0.01178,-0.02550,-0.00021,-0.00010,0.00002,0.56713,-0.00055,0.19997,0.00065,0.70601,-0.00009,0.70821,1,5,0.99589,0.01052,-0.06148,-0.06569,0.06333,0.04236,0.81109,0,0
1766094331.823745,-0.01461,-0.00205,-0.05565,0.00202,0.00036,-0.00038,0.56713,-0.00055,0.19997,0.00065,0.70601,-0.00009,0.70821,1,5,0.99589,0.01052,-0.06148,-0.06569,0.06333,0.04236,0.81109,0,0
1766094331.825783,-0.00567,0.00008,0.02835,-0.00254,-0.00114,0.00023,0.56713,-0.00055,0.19997,0.00065,0.70601,-0.00009,0.70821,1,5,0.99589,0.01052,-0.06148,-0.06569,0.06333,0.04236,0.81109,0,0
1766094331.828459,0.00004,0.00423,-0.01791,-0.00009,0.00068,-0.00036,0.56713,-0.00055,0.19997,0.00065,0.70601,-0.00009,0.70821,1,5,0.99589,0.01052,-0.06148,-0.06569,0.06333,0.04236,0.81109,0,0
1766094331.829742,-0.00305,0.00250,0.01285,-0.00098,-0.00054,-0.00006,0.56713,-0.00055,0.19997,0.00065,0.70601,-0.00009,0.70821,1,5,0.99589,0.01052,-0.06148,-0.06569,0.06333,0.04236,0.81109,0,0
1766094331.831772,-0.01729,-0.01462,-0.03223,0.00034,0.00003,0.00019,0.56713,-0.00055,0.19997,0.00065,0.70601,-0.00009,0.70821,1,5,0.99589,0.01052,-0.06148,-0.06569,0.06333,0.04236,0.81109,0,0
1766094331.833769,0.00427,0.01629,0.02723,-0.00016,0.00100,-0.00047,0.56713,-0.00055,0.19997,0.00065,0.70601,-0.00009,0.70821,1,5,0.99589,0.01052,-0.06148,-0.06569,0.06333,0.04236,0.81109,0,0
1766094331.835753,0.02525,0.00896,-0.00280,-0.00003,0.00013,-0.00011,0.56713,-0.00055,0.19997,0.00065,0.70601,-0.00009,0.70821,1,5,0.99589,0.01052,-0.06148,-0.06569,0.06333,0.04236,0.81109,0,0
1766094331.837763,0.01133,0.02628,0.04214,0.00105,0.00103,-0.00034,0.56713,-0.00055,0.19997,0.00065,0.70601,-0.00009,0.70821,1,5,0.99589,0.01052,-0.06148,-0.06569,0.06333,0.04236,0.81109,0,0
1766094331.839752,0.00885,0.01431,0.03511,-0.00040,0.00006,-0.00020,0.56713,-0.00055,0.19997,0.00065,0.70601,-0.00009,0.70821,1,5,0.99589,0.01052,-0.06148,-0.06569,0.06333,0.04236,0.81109,0,0
1766094331.841810,-0.00465,0.01770,-0.01036,0.00051,-0.00054,-0.00008,0.56713,-0.00055,0.19997,0.00065,0.70601,-0.00009,0.70821,1,5,0.99589,0.01052,-0.06148,-0.06569,0.06333,0.04236,0.81109,0,0
1766094331.843743,-0.01445,-0.00660,-0.02502,0.00196,-0.00015,-0.00022,0.56713,-0.00055,0.19997,0.00065,0.70601,-0.00009,0.70821,1,5,0.99589,0.01052,-0.06148,-0.06569,0.06333,0.04236,0.81109,0,0
1766094331.845777,0.00417,0.00251,-0.00280,0.00054,-0.00001,-0.00089,0.56713,-0.00055,0.19997,0.00065,0.70601,-0.00009,0.70821,1,5,0.99589,0.01052,-0.06148,-0.06569,0.06333,0.04236,0.81109,0,0
1766094331.847749,0.00751,0.02952,-0.00328,0.00087,-0.00006,-0.00023,0.56713,-0.00055,0.19997,0.00065,0.70601,-0.00009,0.70821,1,5,0.99589,0.01052,-0.06148,-0.06569,0.06333,0.04236,0.81109,0,0
1766094331.849762,-0.00403,0.00178,0.02044,-0.00056,0.00049,0.00035,0.56713,-0.00055,0.19997,0.00065,0.70601,-0.00009,0.70821,1,5,0.99623,0.01043,-0.05801,-0.06366,0.06336,0.04236,0.81138,0,0
1766094331.851772,0.01679,0.01398,-0.01797,-0.00019,0.00010,0.00016,0.56713,-0.00055,0.19997,0.00065,0.70601,-0.00009,0.70821,1,5,0.99623,0.01043,-0.05801,-0.06366,0.06336,0.04236,0.81138,0,0
1766094331.853778,-0.00047,0.00911,-0.00278,0.00019,0.00082,-0.00008,0.56713,-0.00055,0.19997,0.00065,0.70601,-0.00009,0.70821,1,5,0.99623,0.01043,-0.05801,-0.06366,0.06336,0.04236,0.81138,0,0
1766094331.855769,-0.01826,0.00045,-0.03300,0.00161,0.00040,-0.00063,0.56713,-0.00055,0.19997,0.00065,0.70601,-0.00009,0.70821,1,5,0.99623,0.01043,-0.05801,-0.06366,0.06336,0.04236,0.81138,0,0
1766094331.857777,-0.02438,-0.01463,0.09679,-0.00076,0.00023,-0.00010,0.56713,-0.00055,0.19997,0.00065,0.70601,-0.00009,0.70821,1,5,0.99623,0.01043,-0.05801,-0.06366,0.06336,0.04236,0.81138,0,0
1766094331.859793,0.00801,0.02383,0.01220,-0.00007,0.00045,0.00032,0.56713,-0.00055,0.19997,0.00065,0.70601,-0.00009,0.70821,1,5,0.99623,0.01043,-0.05801,-0.06366,0.06336,0.04236,0.81138,0,0
1766094331.861800,-0.00068,0.01474,0.00491,0.00048,-0.00007,0.00019,0.56713,-0.00055,0.19997,0.00065,0.70601,-0.00009,0.70821,1,5,0.99623,0.01043,-0.05801,-0.06366,0.06336,0.04236,0.81138,0,0
1766094331.863825,0.00822,-0.00040,-0.00234,0.00007,-0.00004,0.00018,0.56713,-0.00055,0.19997,0.00065,0.70601,-0.00009,0.70821,1,5,0.99623,0.01043,-0.05801,-0.06366,0.06336,0.04236,0.81138,0,0
1766094331.865794,-0.00370,0.01269,-0.02549,-0.00021,-0.00067,-0.00036,0.56713,-0.00055,0.19997,0.00065,0.70601,-0.00009,0.70821,1,5,0.99623,0.01043,-0.05801,-0.06366,0.06336,0.04236,0.81138,0,0
1766094331.867801,0.00469,-0.00250,-0.02519,-0.00017,-0.00038,-0.00037,0.56713,-0.00055,0.19997,0.00065,0.70601,-0.00009,0.70821,1,5,0.99623,0.01043,-0.05801,-0.06366,0.06336,0.04236,0.81138,0,0
1766094331.869827,0.01324,0.01741,0.00484,-0.00036,-0.00101,-0.00009,0.56713,-0.00055,0.19997,0.00065,0.70601,-0.00009,0.70821,1,5,0.99623,0.01043,-0.05801,-0.06366,0.06336,0.04236,0.81138,0,0
1766094331.871806,0.00341,0.00726,-0.01030,0.00082,0.00013,-0.00023,0.56713,-0.00055,0.19997,0.00065,0.70601,-0.00009,0.70821,1,5,0.99623,0.01043,-0.05801,-0.06366,0.06336,0.04236,0.81138,0,0
1766094331.873787,0.01235,0.02134,-0.01836,0.00012,0.00052,-0.00025,0.56713,-0.00055,0.19997,0.00065,0.70601,-0.00009,0.70821,1,5,0.99623,0.01043,-0.05801,-0.06366,0.06336,0.04236,0.81138,0,0
1766094331.875804,-0.00049,0.00333,-0.00254,-0.00032,0.00159,0.00046,0.56713,-0.00055,0.19997,0.00065,0.70601,-0.00009,0.70821,1,5,0.99623,0.01043,-0.05801,-0.06366,0.06336,0.04236,0.81138,0,0
1766094331.877786,0.00753,0.00464,0.02040,0.00057,-0.00003,0.00047,0.56713,-0.00055,0.19997,0.00065,0.70601,-0.00009,0.70821,1,5,0.99623,0.01043,-0.05801,-0.06366,0.06336,0.04236,0.81138,0,0
1766094331.879781,0.00788,0.02420,-0.01831,0.00037,0.00020,-0.00011,0.56713,-0.00055,0.19997,0.00065,0.70601,-0.00009,0.70821,1,5,0.99623,0.01043,-0.05801,-0.06366,0.06336,0.04236,0.81138,0,0
1766094331.881809,-0.01388,0.00021,0.01321,-0.00276,-0.00117,0.00023,0.56713,-0.00055,0.19997,0.00065,0.70601,-0.00009,0.70821,1,5,0.99623,0.01043,-0.05801,-0.06366,0.06336,0.04236,0.81138,0,0
1766094331.883782,-0.00892,-0.00572,-0.00221,0.00001,0.00094,0.00033,0.56713,-0.00055,0.19997,0.00065,0.70601,-0.00009,0.70821,1,5,0.99623,0.01043,-0.05801,-0.06366,0.06336,0.04236,0.81138,0,0
1766094331.885895,-0.00911,-0.00060,-0.01757,0.00029,0.00081,0.00019,0.56713,-0.00055,0.19997,0.00065,0.70601,-0.00009,0.70821,1,5,0.99618,0.01049,-0.05981,-0.06268,0.06337,0.04236,0.81141,0,0
1766094331.887870,-0.00099,0.01392,-0.03321,0.00047,0.00095,0.00016,0.56713,-0.00055,0.19997,0.00065,0.70601,-0.00009,0.70821,1,5,0.99618,0.01049,-0.05981,-0.06268,0.06337,0.04236,0.81141,0,0
1766094331.889918,-0.01876,-0.00961,-0.01733,0.00171,0.00055,0.00006,0.56713,-0.00055,0.19997,0.00065,0.70601,-0.00009,0.70821,1,5,0.99618,0.01049,-0.05981,-0.06268,0.06337,0.04236,0.81141,0,0
1766094331.891883,-0.00472,0.01752,-0.00280,0.00051,-0.00028,-0.00008,0.56713,-0.00055,0.19997,0.00065,0.70601,-0.00009,0.70821,1,5,0.99618,0.01049,-0.05981,-0.06268,0.06337,0.04236,0.81141,0,0
1766094331.893866,0.00699,-0.01024,-0.01761,0.00148,0.00061,-0.00037,0.56713,-0.00055,0.19997,0.00065,0.70601,-0.00009,0.70821,1,5,0.99618,0.01049,-0.05981,-0.06268,0.06337,0.04236,0.81141,0,0
1766094331.895858,-0.01795,-0.01008,-0.03253,0.00083,0.00079,0.00005,0.56713,-0.00055,0.19997,0.00065,0.70601,-0.00009,0.70821,1,5,0.99618,0.01049,-0.05981,-0.06268,0.06337,0.04236,0.81141,0,0
1766094331.897783,-0.02535,-0.01462,0.05875,0.00012,0.00049,-0.00014,0.56713,-0.00055,0.19997,0.00065,0.70601,-0.00009,0.70821,1,5,0.99618,0.01049,-0.05981,-0.06268,0.06337,0.04236,0.81141,0,0
1766094331.899812,-0.00930,0.01953,0.01211,0.00075,0.00065,-0.00034,0.56713,-0.00055,0.19997,0.00065,0.70601,-0.00009,0.70821,1,5,0.99618,0.01049,-0.05981,-0.06268,0.06337,0.04236,0.81141,0,0
1766094331.901817,-0.00605,-0.00524,0.08161,-0.00239,-0.00050,0.00041,0.56713,-0.00055,0.19997,0.00065,0.70601,-0.00009,0.70821,1,5,0.99618,0.01049,-0.05981,-0.06268,0.06337,0.04236,0.81141,0,0
1766094331.903800,-0.00567,-0.00491,0.02853,-0.00260,-0.00113,0.00037,0.56713,-0.00055,0.19997,0.00065,0.70601,-0.00009,0.70821,1,5,0.99618,0.01049,-0.05981,-0.06268,0.06337,0.04236,0.81141,0,0
1766094331.905812,0.01121,0.02517,0.03543,-0.00245,-0.00225,0.00035,0.56713,-0.00055,0.19997,0.00065,0.70601,-0.00009,0.70821,1,5,0.99618,0.01049,-0.05981,-0.06268,0.06337,0.04236,0.81141,0,0
1766094331.907801,-0.00686,0.00449,-0.00997,-0.00162,-0.00011,0.00006,0.56713,-0.00055,0.19997,0.00065,0.70601,-0.00009,0.70821,1,5,0.99618,0.01049,-0.05981,-0.06268,0.06337,0.04236,0.81141,0,0
1766094331.909794,-0.00951,-0.00471,-0.00970,0.00090,-0.00007,0.00033,0.56713,-0.00055,0.19997,0.00065,0.70601,-0.00009,0.70821,1,5,0.99618,0.01049,-0.05981,-0.06268,0.06337,0.04236,0.81141,0,0
1766094331.911801,-0.00907,0.01385,0.01219,0.00025,0.00142,-0.00020,0.56713,-0.00055,0.19997,0.00065,0.70601,-0.00009,0.70821,1,5,0.99618,0.01049,-0.05981,-0.06268,0.06337,0.04236,0.81141,0,0
1766094331.913797,-0.00620,0.01258,-0.01810,0.00198,0.00037,-0.00036,0.56713,-0.00055,0.19997,0.00065,0.70601,-0.00009,0.70821,1,5,0.99618,0.01049,-0.05981,-0.06268,0.06337,0.04236,0.81141,0,0
1766094331.915790,-0.00388,-0.01191,-0.00974,0.00015,-0.00053,-0.00048,0.56713,-0.00055,0.19997,0.00065,0.70601,-0.00009,0.70821,1,5,0.99618,0.01049,-0.05981,-0.06268,0.06337,0.04236,0.81141,0,0
1766094331.917790,0.00720,-0.01047,0.01311,0.00083,0.00049,0.00047,0.56713,-0.00055,0.19997,0.00065,0.70601,-0.00009,0.70821,1,5,0.99618,0.01049,-0.05981,-0.06268,0.06337,0.04236,0.81141,0,0
1766094331.919807,-0.00072,-0.00588,-0.00986,0.00023,0.00097,0.00032,0.56713,-0.00055,0.19997,0.00065,0.70601,-0.00009,0.70821,1,5,0.99618,0.01049,-0.05981,-0.06268,0.06337,0.04236,0.81141,0,0
1766094331.921800,-0.01419,0.01331,-0.01035,0.00177,-0.00042,-0.00034,0.56713,-0.00055,0.19997,0.00065,0.70601,-0.00009,0.70821,1,5,0.99618,0.01049,-0.05981,-0.06268,0.06337,0.04236,0.81141,0,0
1766094331.923923,0.00006,0.00421,0.01264,-0.00031,0.00056,0.00007,0.56713,-0.00055,0.19997,0.00065,0.70601,-0.00009,0.70821,1,5,0.99597,0.01067,-0.06107,-0.06488,0.06335,0.04237,0.81138,0,0
1766094331.925809,-0.00430,-0.01316,0.00559,-0.00030,0.00076,0.00034,0.56713,-0.00055,0.19997,0.00065,0.70601,-0.00009,0.70821,1,5,0.99597,0.01067,-0.06107,-0.06488,0.06335,0.04237,0.81138,0,0
1766094331.927798,-0.01796,-0.02370,-0.03957,0.00132,-0.00059,0.00005,0.56713,-0.00055,0.19997,0.00065,0.70601,-0.00009,0.70821,1,5,0.99597,0.01067,-0.06107,-0.06488,0.06335,0.04237,0.81138,0,0
1766094331.929822,-0.00058,0.01436,-0.01793,0.00025,0.00031,0.00017,0.56713,-0.00055,0.19997,0.00065,0.70601,-0.00009,0.70821,1,5,0.99597,0.01067,-0.06107,-0.06488,0.06335,0.04237,0.81138,0,0
1766094331.931810,-0.02351,-0.00670,-0.04044,0.00262,0.00059,-0.00063,0.56713,-0.00055,0.19997,0.00065,0.70601,-0.00009,0.70821,1,5,0.99597,0.01067,-0.06107,-0.06488,0.06335,0.04237,0.81138,0,0
1766094331.933819,-0.01810,-0.01410,-0.02480,0.00143,-0.00009,-0.00021,0.56713,-0.00055,0.19997,0.00065,0.70601,-0.00009,0.70821,1,5,0.99597,0.01067,-0.06107,-0.06488,0.06335,0.04237,0.81138,0,0
1766094331.935817,-0.00585,0.00025,0.03596,-0.00232,-0.00127,0.00024,0.56713,-0.00055,0.19997,0.00065,0.70601,-0.00009,0.70821,1,5,0.99597,0.01067,-0.06107,-0.06488,0.06335,0.04237,0.81138,0,0
1766094331.937859,0.01178,0.00628,0.03509,0.00059,0.00117,-0.00020,0.56713,-0.00055,0.19997,0.00065,0.70601,-0.00009,0.70821,1,5,0.99597,0.01067,-0.06107,-0.06488,0.06335,0.04237,0.81138,0,0
1766094331.939844,-0.01277,0.01396,-0.02569,0.00112,-0.00134,-0.00116,0.56713,-0.00055,0.19997,0.00065,0.70601,-0.00009,0.70821,1,5,0.99597,0.01067,-0.06107,-0.06488,0.06335,0.04237,0.81138,0,0
1766094331.941830,-0.01863,0.00569,-0.03299,0.00189,0.00002,-0.00036,0.56713,-0.00055,0.19997,0.00065,0.70601,-0.00009,0.70821,1,5,0.99597,0.01067,-0.06107,-0.06488,0.06335,0.04237,0.81138,0,0
1766094331.943829,-0.00117,0.00421,-0.01023,0.00078,0.00096,0.00005,0.56713,-0.00055,0.19997,0.00065,0.70601,-0.00009,0.70821,1,5,0.99597,0.01067,-0.06107,-0.06488,0.06335,0.04237,0.81138,0,0
1766094331.945857,-0.00468,-0.00281,0.01267,0.00048,0.00062,-0.00033,0.56713,-0.00055,0.19997,0.00065,0.70601,-0.00009,0.70821,1,5,0.99597,0.01067,-0.06107,-0.06488,0.06335,0.04237,0.81138,0,0
1766094331.947812,0.00850,0.00402,-0.03296,-0.00031,0.00046,0.00002,0.56713,-0.00055,0.19997,0.00065,0.70601,-0.00009,0.70821,1,5,0.99597,0.01067,-0.06107,-0.06488,0.06335,0.04237,0.81138,0,0
1766094331.949850,-0.01397,-0.01057,0.05123,-0.00289,0.00011,0.00012,0.56713,-0.00055,0.19997,0.00065,0.70601,-0.00009,0.70821,1,5,0.99597,0.01067,-0.06107,-0.06488,0.06335,0.04237,0.81138,0,0
1766094331.951823,0.01146,0.01661,-0.01820,0.00094,0.00054,-0.00011,0.56713,-0.00055,0.19997,0.00065,0.70601,-0.00009,0.70821,1,5,0.99597,0.01067,-0.06107,-0.06488,0.06335,0.04237,0.81138,0,0
1766094331.953828,-0.00607,-0.00196,-0.04046,0.00202,0.00000,-0.00037,0.56713,-0.00055,0.19997,0.00065,0.70601,-0.00009,0.70821,1,5,0.99597,0.01067,-0.06107,-0.06488,0.06335,0.04237,0.81138,0,0
1766094331.955852,-0.00909,-0.00972,-0.02504,0.00083,0.00017,-0.00035,0.56713,-0.00055,0.19997,0.00065,0.70601,-0.00009,0.70821,1,5,0.99597,0.01067,-0.06107,-0.06488,0.06335,0.04237,0.81138,0,0
1766094331.957815,-0.02462,0.01405,-0.04834,0.00374,-0.00042,-0.00037,0.56713,-0.00055,0.19997,0.00065,0.70601,-0.00009,0.70821,1,5,0.99597,0.01067,-0.06107,-0.06488,0.06335,0.04237,0.81138,0,0
1766094331.959815,-0.00577,0.00253,-0.02550,0.00164,0.00050,-0.00050,0.56713,-0.00055,0.19997,0.00065,0.70601,-0.00009,0.70821,1,5,0.99597,0.01067,-0.06107,-0.06488,0.06335,0.04237,0.81138,0,0
1766094331.961831,-0.00840,0.01416,0.00506,-0.00062,0.00041,0.00061,0.56713,-0.00055,0.19997,0.00065,0.70601,-0.00009,0.70821,1,5,0.99597,0.01067,-0.06107,-0.06488,0.06335,0.04237,0.81138,0,0
1766094331.963832,-0.00972,-0.00945,-0.04023,0.00149,0.00005,-0.00037,0.56713,-0.00055,0.19997,0.00065,0.70601,-0.00009,0.70821,1,5,0.99597,0.01067,-0.06107,-0.06488,0.06335,0.04237,0.81138,0,0
1766094331.965841,-0.01862,0.00071,-0.03281,0.00183,0.00003,-0.00022,0.56713,-0.00055,0.19997,0.00065,0.70601,-0.00009,0.70821,1,5,0.99600,0.01082,-0.06100,-0.06446,0.06335,0.04237,0.81131,0,0
1766094331.967828,-0.00527,-0.01257,0.03616,0.00058,0.00027,0.00077,0.56713,-0.00055,0.19997,0.00065,0.70601,-0.00009,0.70821,1,5,0.99600,0.01082,-0.06100,-0.06446,0.06335,0.04237,0.81131,0,0
1766094331.969844,0.00007,-0.00575,0.01300,-0.00043,0.00057,0.00034,0.56713,-0.00055,0.19997,0.00065,0.70601,-0.00009,0.70821,1,5,0.99600,0.01082,-0.06100,-0.06446,0.06335,0.04237,0.81131,0,0
1766094331.971856,0.01206,0.01691,0.01226,0.00050,0.00002,-0.00008,0.56713,-0.00055,0.19997,0.00065,0.70601,-0.00009,0.70821,1,5,0.99600,0.01082,-0.06100,-0.06446,0.06335,0.04237,0.81131,0,0
1766094331.973825,0.01538,-0.00320,0.02043,-0.00236,-0.00051,-0.00034,0.56713,-0.00055,0.19997,0.00065,0.70601,-0.00009,0.70821,1,5,0.99600,0.01082,-0.06100,-0.06446,0.06335,0.04237,0.81131,0,0
1766094331.975829,0.00833,-0.00076,-0.00239,-0.00015,0.00034,0.00018,0.56713,-0.00055,0.19997,0.00065,0.70601,-0.00009,0.70821,1,5,0.99600,0.01082,-0.06100,-0.06446,0.06335,0.04237,0.81131,0,0
1766094331.977832,0.01141,0.01650,0.03493,0.00094,0.00079,-0.00007,0.56713,-0.00055,0.19997,0.00065,0.70601,-0.00009,0.70821,1,5,0.99600,0.01082,-0.06100,-0.06446,0.06335,0.04237,0.81131,0,0
1766094331.979847,-0.01277,0.00191,0.00508,-0.00012,0.00084,-0.00006,0.56713,-0.00055,0.19997,0.00065,0.70601,-0.00009,0.70821,1,5,0.99600,0.01082,-0.06100,-0.06446,0.06335,0.04237,0.81131,0,0
1766094331.981841,-0.00954,-0.01040,0.00556,0.00061,0.00082,0.00048,0.56713,-0.00055,0.19997,0.00065,0.70601,-0.00009,0.70821,1,5,0.99600,0.01082,-0.06100,-0.06446,0.06335,0.04237,0.81131,0,0
1766094331.983869,-0.00910,-0.00057,0.00521,0.00029,0.00081,0.00020,0.56713,-0.00055,0.19997,0.00065,0.70601,-0.00009,0.70821,1,5,0.99600,0.01082,-0.06100,-0.06446,0.06335,0.04237,0.81131,0,0
1766094331.985845,-0.01464,0.01349,-0.01813,0.00242,-0.00030,-0.00076,0.56713,-0.00055,0.19997,0.00065,0.70601,-0.00009,0.70821,1,5,0.99600,0.01082,-0.06100,-0.06446,0.06335,0.04237,0.81131,0,0
1766094331.987845,0.00032,-0.00566,0.01285,-0.00043,0.00056,-0.00007,0.56713,-0.00055,0.19997,0.00065,0.70601,-0.00009,0.70821,1,5,0.99600,0.01082,-0.06100,-0.06446,0.06335,0.04237,0.81131,0,0
1766094331.989835,-0.00547,0.01320,-0.02554,0.00155,-0.00065,-0.00036,0.56713,-0.00055,0.19997,0.00065,0.70601,-0.00009,0.70821,1,5,0.99600,0.01082,-0.06100,-0.06446,0.06335,0.04237,0.81131,0,0
1766094331.991832,0.00305,-0.02481,0.02130,-0.00263,-0.00110,0.00009,0.56713,-0.00055,0.19997,0.00065,0.70601,-0.00009,0.70821,1,5,0.99600,0.01082,-0.06100,-0.06446,0.06335,0.04237,0.81131,0,0
1766094331.993848,-0.01300,-0.00731,-0.00224,0.00043,0.00022,-0.00020,0.56713,-0.00055,0.19997,0.00065,0.70601,-0.00009,0.70821,1,5,0.99600,0.01082,-0.06100,-0.06446,0.06335,0.04237,0.81131,0,0
1766094331.995967,0.00435,0.00144,0.00519,-0.00056,0.00064,0.00033,0.56713,-0.00055,0.19997,0.00065,0.70601,-0.00009,0.70821,1,5,0.99600,0.01082,-0.06100,-0.06446,0.06335,0.04237,0.81131,0,0
1766094331.997850,-0.01895,-0.01029,-0.00190,0.00126,0.00107,0.00088,0.56713,-0.00055,0.19997,0.00065,0.70601,-0.00009,0.70821,1,5,0.99600,0.01082,-0.06100,-0.06446,0.06335,0.04237,0.81131,0,0
1766094331.999860,0.00623,0.01185,0.02782,-0.00196,-0.00054,0.00008,0.56713,-0.00055,0.19997,0.00065,0.70601,-0.00009,0.70821,1,5,0.99600,0.01082,-0.06100,-0.06446,0.06335,0.04237,0.81131,0,0
1766094332.001843,-0.00058,0.01934,-0.01811,0.00031,0.00030,0.00004,0.56713,-0.00055,0.19997,0.00065,0.70601,-0.00009,0.70821,1,5,0.99600,0.01082,-0.06100,-0.06446,0.06335,0.04237,0.81131,0,0
1766094332.003860,-0.01343,-0.01706,0.01312,0.00096,0.00035,-0.00032,0.56713,-0.00055,0.19997,0.00065,0.70601,-0.00009,0.70821,1,5,0.99600,0.01082,-0.06100,-0.06446,0.06335,0.04237,0.81131,0,0
1766094332.005845,0.00785,0.00973,-0.01752,0.00020,-0.00054,0.00071,0.56713,-0.00055,0.19997,0.00065,0.70601,-0.00009,0.70821,1,5,0.99626,0.01043,-0.05851,-0.06266,0.06336,0.04236,0.81141,0,0
1766094332.007943,-0.00468,0.02189,-0.01049,0.00013,0.00023,0.00018,0.56713,-0.00055,0.19997,0.00065,0.70601,-0.00009,0.70821,1,5,0.99626,0.01043,-0.05851,-0.06266,0.06336,0.04236,0.81141,0,0
1766094332.009964,-0.00871,-0.00019,-0.02507,0.00008,0.00017,0.00018,0.56713,-0.00055,0.19997,0.00065,0.70601,-0.00009,0.70821,1,5,0.99626,0.01043,-0.05851,-0.06266,0.06336,0.04236,0.81141,0,0
1766094332.011884,-0.00097,0.00399,-0.01007,0.00035,0.00096,0.00045,0.56713,-0.00055,0.19997,0.00065,0.70601,-0.00009,0.70821,1,5,0.99626,0.01043,-0.05851,-0.06266,0.06336,0.04236,0.81141,0,0
1766094332.013978,0.00327,-0.00066,0.02809,-0.00299,-0.00049,-0.00018,0.56713,-0.00055,0.19997,0.00065,0.70601,-0.00009,0.70821,1,5,0.99626,0.01043,-0.05851,-0.06266,0.06336,0.04236,0.81141,0,0
1766094332.015882,-0.00051,0.01462,-0.01047,0.00047,0.00018,-0.00022,0.56713,-0.00055,0.19997,0.00065,0.70601,-0.00009,0.70821,1,5,0.99626,0.01043,-0.05851,-0.06266,0.06336,0.04236,0.81141,0,0
1766094332.017868,-0.00529,-0.00754,0.02821,0.00086,0.00038,0.00022,0.56713,-0.00055,0.19997,0.00065,0.70601,-0.00009,0.70821,1,5,0.99626,0.01043,-0.05851,-0.06266,0.06336,0.04236,0.81141,0,0
1766094332.020036,-0.00034,0.02441,-0.01843,0.00037,0.00029,-0.00050,0.56713,-0.00055,0.19997,0.00065,0.70601,-0.00009,0.70821,1,5,0.99626,0.01043,-0.05851,-0.06266,0.06336,0.04236,0.81141,0,0
1766094332.021876,0.00023,0.02388,-0.01070,-0.00051,0.00054,-0.00009,0.56713,-0.00055,0.19997,0.00065,0.70601,-0.00009,0.70821,1,5,0.99626,0.01043,-0.05851,-0.06266,0.06336,0.04236,0.81141,0,0
1766094332.023873,0.00056,0.00431,-0.00267,-0.00053,0.00042,-0.00035,0.56713,-0.00055,0.19997,0.00065,0.70601,-0.00009,0.70821,1,5,0.99626,0.01043,-0.05851,-0.06266,0.06336,0.04236,0.81141,0,0
1766094332.025864,-0.01911,0.00292,0.02095,-0.00207,-0.00123,0.00077,0.56713,-0.00055,0.19997,0.00065,0.70601,-0.00009,0.70821,1,5,0.99626,0.01043,-0.05851,-0.06266,0.06336,0.04236,0.81141,0,0
1766094332.027861,0.00865,0.00948,-0.01045,-0.00003,0.00007,-0.00050,0.56713,-0.00055,0.19997,0.00065,0.70601,-0.00009,0.70821,1,5,0.99626,0.01043,-0.05851,-0.06266,0.06336,0.04236,0.81141,0,0
1766094332.029865,-0.01426,-0.01167,-0.01743,0.00190,0.00011,-0.00048,0.56713,-0.00055,0.19997,0.00065,0.70601,-0.00009,0.70821,1,5,0.99626,0.01043,-0.05851,-0.06266,0.06336,0.04236,0.81141,0,0
1766094332.031909,-0.01393,-0.00990,0.04392,-0.00288,-0.00090,0.00052,0.56713,-0.00055,0.19997,0.00065,0.70601,-0.00009,0.70821,1,5,0.99626,0.01043,-0.05851,-0.06266,0.06336,0.04236,0.81141,0,0
1766094332.033858,-0.00005,0.00946,-0.00251,-0.00024,0.00006,0.00032,0.56713,-0.00055,0.19997,0.00065,0.70601,-0.00009,0.70821,1,5,0.99626,0.01043,-0.05851,-0.06266,0.06336,0.04236,0.81141,0,0
1766094332.035877,-0.00924,-0.00883,-0.03251,0.00128,-0.00084,-0.00036,0.56713,-0.00055,0.19997,0.00065,0.70601,-0.00009,0.70821,1,5,0.99626,0.01043,-0.05851,-0.06266,0.06336,0.04236,0.81141,0,0
1766094332.037860,-0.00830,0.00913,0.04249,-0.00003,0.00128,-0.00085,0.56713,-0.00055,0.19997,0.00065,0.70601,-0.00009,0.70821,1,5,0.99626,0.01043,-0.05851,-0.06266,0.06336,0.04236,0.81141,0,0
1766094332.039857,-0.00926,-0.00226,0.02084,-0.00301,-0.00135,0.00010,0.56713,-0.00055,0.19997,0.00065,0.70601,-0.00009,0.70821,1,5,0.99626,0.01043,-0.05851,-0.06266,0.06336,0.04236,0.81141,0,0
1766094332.041862,-0.00177,0.00037,-0.01028,0.00205,0.00020,-0.00063,0.56713,-0.00055,0.19997,0.00065,0.70601,-0.00009,0.70821,1,5,0.99617,0.01049,-0.05920,-0.06343,0.06336,0.04236,0.81133,0,0
1766094332.043903,-0.00892,-0.00572,-0.00221,0.00001,0.00094,0.00033,0.56713,-0.00055,0.19997,0.00065,0.70601,-0.00009,0.70821,1,5,0.99617,0.01049,-0.05920,-0.06343,0.06336,0.04236,0.81133,0,0
1766094332.045951,-0.00157,0.00508,-0.00253,0.00145,0.00007,0.00005,0.56713,-0.00055,0.19997,0.00065,0.70601,-0.00009,0.70821,1,5,0.99617,0.01049,-0.05920,-0.06343,0.06336,0.04236,0.81133,0,0
1766094332.047896,0.01250,0.02675,0.01192,0.00019,0.00001,-0.00036,0.56713,-0.00055,0.19997,0.00065,0.70601,-0.00009,0.70821,1,5,0.99617,0.01049,-0.05920,-0.06343,0.06336,0.04236,0.81133,0,0
1766094332.049888,-0.00511,-0.00774,-0.00218,0.00064,0.00051,0.00020,0.56713,-0.00055,0.19997,0.00065,0.70601,-0.00009,0.70821,1,5,0.99617,0.01049,-0.05920,-0.06343,0.06336,0.04236,0.81133,0,0
1766094332.051918,0.01269,-0.00334,-0.01741,-0.00040,0.00017,0.00044,0.56713,-0.00055,0.19997,0.00065,0.70601,-0.00009,0.70821,1,5,0.99617,0.01049,-0.05920,-0.06343,0.06336,0.04236,0.81133,0,0
1766094332.053885,-0.00063,-0.00486,-0.02525,0.00089,0.00006,-0.00050,0.56713,-0.00055,0.19997,0.00065,0.70601,-0.00009,0.70821,1,5,0.99617,0.01049,-0.05920,-0.06343,0.06336,0.04236,0.81133,0,0
1766094332.055907,0.00648,0.00198,0.02803,-0.00208,-0.00053,-0.00006,0.56713,-0.00055,0.19997,0.00065,0.70601,-0.00009,0.70821,1,5,0.99617,0.01049,-0.05920,-0.06343,0.06336,0.04236,0.81133,0,0
1766094332.057878,-0.00174,0.01389,0.01229,0.00112,0.00134,0.00019,0.56713,-0.00055,0.19997,0.00065,0.70601,-0.00009,0.70821,1,5,0.99617,0.01049,-0.05920,-0.06343,0.06336,0.04236,0.81133,0,0
1766094332.059886,0.00458,0.01764,-0.03311,-0.00014,-0.00103,-0.00011,0.56713,-0.00055,0.19997,0.00065,0.70601,-0.00009,0.70821,1,5,0.99617,0.01049,-0.05920,-0.06343,0.06336,0.04236,0.81133,0,0
1766094332.061882,0.00854,-0.00013,-0.01005,0.00008,-0.00030,-0.00023,0.56713,-0.00055,0.19997,0.00065,0.70601,-0.00009,0.70821,1,5,0.99617,0.01049,-0.05920,-0.06343,0.06336,0.04236,0.81133,0,0
1766094332.063878,-0.00019,-0.00580,0.00538,-0.00021,0.00070,0.00033,0.56713,-0.00055,0.19997,0.00065,0.70601,-0.00009,0.70821,1,5,0.99617,0.01049,-0.05920,-0.06343,0.06336,0.04236,0.81133,0,0
1766094332.065888,-0.00015,0.01934,-0.01084,0.00031,0.00054,-0.00077,0.56713,-0.00055,0.19997,0.00065,0.70601,-0.00009,0.70821,1,5,0.99617,0.01049,-0.05920,-0.06343,0.06336,0.04236,0.81133,0,0
1766094332.067893,-0.00863,0.00372,-0.01022,-0.00031,0.00143,0.00005,0.56713,-0.00055,0.19997,0.00065,0.70601,-0.00009,0.70821,1,5,0.99617,0.01049,-0.05920,-0.06343,0.06336,0.04236,0.81133,0,0
1766094332.069880,0.00002,0.02832,0.01181,-0.00045,0.00130,-0.00021,0.56713,-0.00055,0.19997,0.00065,0.70601,-0.00009,0.70821,1,5,0.99617,0.01049,-0.05920,-0.06343,0.06336,0.04236,0.81133,0,0
1766094332.071897,-0.00546,0.01196,-0.00295,0.00110,0.00087,-0.00035,0.56713,-0.00055,0.19997,0.00065,0.70601,-0.00009,0.70821,1,5,0.99617,0.01049,-0.05920,-0.06343,0.06336,0.04236,0.81133,0,0
1766094332.073896,-0.00140,-0.01483,-0.00994,0.00165,0.00058,-0.00062,0.56713,-0.00055,0.19997,0.00065,0.70601,-0.00009,0.70821,1,5,0.99617,0.01049,-0.05920,-0.06343,0.06336,0.04236,0.81133,0,0
1766094332.075895,-0.00115,-0.01491,-0.04013,0.00121,0.00034,-0.00024,0.56713,-0.00055,0.19997,0.00065,0.70601,-0.00009,0.70821,1,5,0.99617,0.01049,-0.05920,-0.06343,0.06336,0.04236,0.81133,0,0
1766094332.077898,-0.00152,0.00948,0.01257,0.00107,0.00058,0.00033,0.56713,-0.00055,0.19997,0.00065,0.70601,-0.00009,0.70821,1,5,0.99622,0.01037,-0.05792,-0.06395,0.06338,0.04238,0.81153,0,0
1766094332.079916,-0.00906,-0.01390,-0.02492,0.00122,-0.00059,-0.00062,0.56713,-0.00055,0.19997,0.00065,0.70601,-0.00009,0.70821,1,5,0.99622,0.01037,-0.05792,-0.06395,0.06338,0.04238,0.81153,0,0
1766094332.081992,-0.00064,0.00429,0.00501,0.00035,0.00070,0.00006,0.56713,-0.00055,0.19997,0.00065,0.70601,-0.00009,0.70821,1,5,0.99622,0.01037,-0.05792,-0.06395,0.06338,0.04238,0.81153,0,0
1766094332.084006,-0.01318,-0.01215,-0.01724,0.00058,0.00010,-0.00007,0.56713,-0.00055,0.19997,0.00065,0.70601,-0.00009,0.70821,1,5,0.99622,0.01037,-0.05792,-0.06395,0.06338,0.04238,0.81153,0,0
1766094332.085906,0.00873,0.00480,0.01997,0.00014,-0.00006,-0.00074,0.56713,-0.00055,0.19997,0.00065,0.70601,-0.00009,0.70821,1,5,0.99622,0.01037,-0.05792,-0.06395,0.06338,0.04238,0.81153,0,0
1766094332.087910,-0.01808,0.00526,-0.04079,0.00145,0.00052,-0.00077,0.56713,-0.00055,0.19997,0.00065,0.70601,-0.00009,0.70821,1,5,0.99622,0.01037,-0.05792,-0.06395,0.06338,0.04238,0.81153,0,0
1766094332.089901,-0.01337,-0.00700,-0.00981,0.00087,-0.00003,-0.00020,0.56713,-0.00055,0.19997,0.00065,0.70601,-0.00009,0.70821,1,5,0.99622,0.01037,-0.05792,-0.06395,0.06338,0.04238,0.81153,0,0
1766094332.091972,-0.00944,-0.00580,-0.01745,0.00044,0.00120,0.00032,0.56713,-0.00055,0.19997,0.00065,0.70601,-0.00009,0.70821,1,5,0.99622,0.01037,-0.05792,-0.06395,0.06338,0.04238,0.81153,0,0
1766094332.094033,-0.00979,-0.00462,-0.01006,0.00155,0.00030,-0.00048,0.56713,-0.00055,0.19997,0.00065,0.70601,-0.00009,0.70821,1,5,0.99622,0.01037,-0.05792,-0.06395,0.06338,0.04238,0.81153,0,0
1766094332.095932,-0.01009,-0.00413,-0.02520,0.00199,-0.00020,-0.00049,0.56713,-0.00055,0.19997,0.00065,0.70601,-0.00009,0.70821,1,5,0.99622,0.01037,-0.05792,-0.06395,0.06338,0.04238,0.81153,0,0
1766094332.097950,0.01156,-0.01796,0.01329,0.00074,0.00045,0.00046,0.56713,-0.00055,0.19997,0.00065,0.70601,-0.00009,0.70821,1,5,0.99622,0.01037,-0.05792,-0.06395,0.06338,0.04238,0.81153,0,0
1766094332.100009,-0.00850,-0.00027,0.03568,-0.00014,0.00029,0.00023,0.56713,-0.00055,0.19997,0.00065,0.70601,-0.00009,0.70821,1,5,0.99622,0.01037,-0.05792,-0.06395,0.06338,0.04238,0.81153,0,0
1766094332.101993,0.00808,-0.00085,-0.00224,-0.00015,0.00035,0.00059,0.56713,-0.00055,0.19997,0.00065,0.70601,-0.00009,0.70821,1,5,0.99622,0.01037,-0.05792,-0.06395,0.06338,0.04238,0.81153,0,0
1766094332.103912,-0.00785,-0.00116,-0.00997,-0.00103,0.00105,0.00019,0.56713,-0.00055,0.19997,0.00065,0.70601,-0.00009,0.70821,1,5,0.99622,0.01037,-0.05792,-0.06395,0.06338,0.04238,0.81153,0,0
1766094332.105921,0.00945,0.01522,-0.01786,-0.00061,-0.00134,-0.00023,0.56713,-0.00055,0.19997,0.00065,0.70601,-0.00009,0.70821,1,5,0.99622,0.01037,-0.05792,-0.06395,0.06338,0.04238,0.81153,0,0
1766094332.107934,0.00266,-0.01200,-0.03251,0.00168,-0.00022,-0.00010,0.56713,-0.00055,0.19997,0.00065,0.70601,-0.00009,0.70821,1,5,0.99622,0.01037,-0.05792,-0.06395,0.06338,0.04238,0.81153,0,0
1766094332.109914,-0.01334,-0.01127,-0.02471,0.00103,-0.00091,-0.00008,0.56713,-0.00055,0.19997,0.00065,0.70601,-0.00009,0.70821,1,5,0.99622,0.01037,-0.05792,-0.06395,0.06338,0.04238,0.81153,0,0
1766094332.111920,0.01757,0.01910,0.00471,-0.00078,-0.00030,0.00004,0.56713,-0.00055,0.19997,0.00065,0.70601,-0.00009,0.70821,1,5,0.99622,0.01037,-0.05792,-0.06395,0.06338,0.04238,0.81153,0,0
1766094332.113921,-0.00771,0.00552,0.02050,-0.00051,-0.00100,0.00009,0.56713,-0.00055,0.19997,0.00065,0.70601,-0.00009,0.70821,1,5,0.99601,0.01054,-0.06118,-0.06411,0.06335,0.04236,0.81124,0,0
1766094332.115942,-0.00421,-0.01205,0.00522,0.00059,-0.00002,-0.00087,0.56713,-0.00055,0.19997,0.00065,0.70601,-0.00009,0.70821,1,5,0.99601,0.01054,-0.06118,-0.06411,0.06335,0.04236,0.81124,0,0
1766094332.117928,0.00705,0.00411,0.02770,0.00100,0.00098,0.00007,0.56713,-0.00055,0.19997,0.00065,0.70601,-0.00009,0.70821,1,5,0.99601,0.01054,-0.06118,-0.06411,0.06335,0.04236,0.81124,0,0
1766094332.119933,-0.00959,0.00009,-0.00231,0.00095,0.00018,0.00020,0.56713,-0.00055,0.19997,0.00065,0.70601,-0.00009,0.70821,1,5,0.99601,0.01054,-0.06118,-0.06411,0.06335,0.04236,0.81124,0,0
1766094332.121923,-0.00960,0.01504,-0.00285,0.00113,0.00016,-0.00021,0.56713,-0.00055,0.19997,0.00065,0.70601,-0.00009,0.70821,1,5,0.99601,0.01054,-0.06118,-0.06411,0.06335,0.04236,0.81124,0,0
1766094332.123942,-0.00867,-0.00562,-0.00236,0.00001,0.00093,-0.00007,0.56713,-0.00055,0.19997,0.00065,0.70601,-0.00009,0.70821,1,5,0.99601,0.01054,-0.06118,-0.06411,0.06335,0.04236,0.81124,0,0
1766094332.125921,-0.00822,-0.00082,0.00524,-0.00059,0.00079,0.00020,0.56713,-0.00055,0.19997,0.00065,0.70601,-0.00009,0.70821,1,5,0.99601,0.01054,-0.06118,-0.06411,0.06335,0.04236,0.81124,0,0
1766094332.127927,-0.00996,-0.00951,-0.01730,0.00149,0.00006,0.00006,0.56713,-0.00055,0.19997,0.00065,0.70601,-0.00009,0.70821,1,5,0.99601,0.01054,-0.06118,-0.06411,0.06335,0.04236,0.81124,0,0
1766094332.129921,-0.00068,0.00976,0.00508,0.00042,-0.00006,0.00033,0.56713,-0.00055,0.19997,0.00065,0.70601,-0.00009,0.70821,1,5,0.99601,0.01054,-0.06118,-0.06411,0.06335,0.04236,0.81124,0,0
1766094332.131949,-0.01478,-0.00686,-0.04787,0.00218,0.00024,-0.00024,0.56713,-0.00055,0.19997,0.00065,0.70601,-0.00009,0.70821,1,5,0.99601,0.01054,-0.06118,-0.06411,0.06335,0.04236,0.81124,0,0
1766094332.133946,0.01687,-0.01548,0.02060,0.00011,0.00024,-0.00021,0.56713,-0.00055,0.19997,0.00065,0.70601,-0.00009,0.70821,1,5,0.99601,0.01054,-0.06118,-0.06411,0.06335,0.04236,0.81124,0,0
1766094332.135953,-0.00048,-0.00944,-0.01740,0.00084,-0.00044,-0.00036,0.56713,-0.00055,0.19997,0.00065,0.70601,-0.00009,0.70821,1,5,0.99601,0.01054,-0.06118,-0.06411,0.06335,0.04236,0.81124,0,0
1766094332.137954,-0.00947,0.00476,0.02025,0.00079,0.00055,0.00008,0.56713,-0.00055,0.19997,0.00065,0.70601,-0.00009,0.70821,1,5,0.99601,0.01054,-0.06118,-0.06411,0.06335,0.04236,0.81124,0,0
1766094332.139957,-0.01251,0.00195,0.01270,-0.00034,0.00071,-0.00006,0.56713,-0.00055,0.19997,0.00065,0.70601,-0.00009,0.70821,1,5,0.99601,0.01054,-0.06118,-0.06411,0.06335,0.04236,0.81124,0,0
1766094332.141946,-0.00031,-0.01034,0.02062,0.00017,0.00045,0.00008,0.56713,-0.00055,0.19997,0.00065,0.70601,-0.00009,0.70821,1,5,0.99601,0.01054,-0.06118,-0.06411,0.06335,0.04236,0.81124,0,0
1766094332.143961,-0.01000,-0.00527,-0.02519,0.00132,0.00094,-0.00009,0.56713,-0.00055,0.19997,0.00065,0.70601,-0.00009,0.70821,1,5,0.99601,0.01054,-0.06118,-0.06411,0.06335,0.04236,0.81124,0,0
1766094332.145940,-0.00494,0.02184,-0.01811,0.00034,0.00036,0.00018,0.56713,-0.00055,0.19997,0.00065,0.70601,-0.00009,0.70821,1,5,0.99601,0.01054,-0.06118,-0.06411,0.06335,0.04236,0.81124,0,0
1766094332.147977,-0.00106,0.00024,0.00512,0.00117,-0.00006,-0.00021,0.56713,-0.00055,0.19997,0.00065,0.70601,-0.00009,0.70821,1,5,0.99601,0.01054,-0.06118,-0.06411,0.06335,0.04236,0.81124,0,0
1766094332.149946,0.00041,0.00021,-0.00996,-0.00014,-0.00058,-0.00022,0.56713,-0.00055,0.19997,0.00065,0.70601,-0.00009,0.70821,1,5,0.99598,0.01065,-0.06067,-0.06510,0.06334,0.04237,0.81122,0,0
1766094332.151954,0.00076,0.01482,-0.02571,-0.00040,-0.00035,-0.00064,0.56713,-0.00055,0.19997,0.00065,0.70601,-0.00009,0.70821,1,5,0.99598,0.01065,-0.06067,-0.06510,0.06334,0.04237,0.81122,0,0
1766094332.153940,-0.00944,0.00628,-0.02544,0.00168,-0.00099,-0.00076,0.56713,-0.00055,0.19997,0.00065,0.70601,-0.00009,0.70821,1,5,0.99598,0.01065,-0.06067,-0.06510,0.06334,0.04237,0.81122,0,0
1766094332.155958,-0.01780,-0.00969,-0.02487,0.00083,0.00028,0.00006,0.56713,-0.00055,0.19997,0.00065,0.70601,-0.00009,0.70821,1,5,0.99598,0.01065,-0.06067,-0.06510,0.06334,0.04237,0.81122,0,0
1766094332.157943,-0.01042,0.00066,-0.00265,0.00227,0.00017,-0.00061,0.56713,-0.00055,0.19997,0.00065,0.70601,-0.00009,0.70821,1,5,0.99598,0.01065,-0.06067,-0.06510,0.06334,0.04237,0.81122,0,0
1766094332.159943,-0.00031,-0.00055,-0.00977,-0.00015,0.00020,0.00059,0.56713,-0.00055,0.19997,0.00065,0.70601,-0.00009,0.70821,1,5,0.99598,0.01065,-0.06067,-0.06510,0.06334,0.04237,0.81122,0,0
1766094332.161944,-0.01038,0.01989,-0.02589,0.00185,0.00054,-0.00037,0.56713,-0.00055,0.19997,0.00065,0.70601,-0.00009,0.70821,1,5,0.99598,0.01065,-0.06067,-0.06510,0.06334,0.04237,0.81122,0,0
1766094332.164021,-0.01015,-0.00428,0.00515,0.00199,0.00005,-0.00047,0.56713,-0.00055,0.19997,0.00065,0.70601,-0.00009,0.70821,1,5,0.99598,0.01065,-0.06067,-0.06510,0.06334,0.04237,0.81122,0,0
1766094332.165955,-0.01438,0.00010,0.02853,-0.00254,-0.00103,0.00064,0.56713,-0.00055,0.19997,0.00065,0.70601,-0.00009,0.70821,1,5,0.99598,0.01065,-0.06067,-0.06510,0.06334,0.04237,0.81122,0,0
1766094332.167962,-0.00893,0.00923,-0.00275,0.00019,0.00092,-0.00008,0.56713,-0.00055,0.19997,0.00065,0.70601,-0.00009,0.70821,1,5,0.99598,0.01065,-0.06067,-0.06510,0.06334,0.04237,0.81122,0,0
1766094332.169953,0.00013,-0.00549,0.02046,-0.00021,0.00044,-0.00006,0.56713,-0.00055,0.19997,0.00065,0.70601,-0.00009,0.70821,1,5,0.99598,0.01065,-0.06067,-0.06510,0.06334,0.04237,0.81122,0,0
1766094332.171971,-0.01088,-0.00507,-0.01745,0.00198,0.00083,0.00032,0.56713,-0.00055,0.19997,0.00065,0.70601,-0.00009,0.70821,1,5,0.99598,0.01065,-0.06067,-0.06510,0.06334,0.04237,0.81122,0,0
1766094332.173974,0.01483,-0.02268,-0.00162,-0.00194,-0.00086,0.00019,0.56713,-0.00055,0.19997,0.00065,0.70601,-0.00009,0.70821,1,5,0.99598,0.01065,-0.06067,-0.06510,0.06334,0.04237,0.81122,0,0
1766094332.175959,-0.00708,0.00287,-0.01777,0.00273,0.00039,-0.00009,0.56713,-0.00055,0.19997,0.00065,0.70601,-0.00009,0.70821,1,5,0.99598,0.01065,-0.06067,-0.06510,0.06334,0.04237,0.81122,0,0
1766094332.177962,-0.00188,-0.01005,0.02073,0.00149,0.00047,0.00048,0.56713,-0.00055,0.19997,0.00065,0.70601,-0.00009,0.70821,1,5,0.99598,0.01065,-0.06067,-0.06510,0.06334,0.04237,0.81122,0,0
1766094332.179964,-0.01469,0.01056,0.01304,-0.00198,-0.00154,0.00036,0.56713,-0.00055,0.19997,0.00065,0.70601,-0.00009,0.70821,1,5,0.99598,0.01065,-0.06067,-0.06510,0.06334,0.04237,0.81122,0,0
1766094332.181964,-0.00032,-0.00041,-0.00252,0.00029,0.00044,-0.00021,0.56713,-0.00055,0.19997,0.00065,0.70601,-0.00009,0.70821,1,5,0.99598,0.01065,-0.06067,-0.06510,0.06334,0.04237,0.81122,0,0
1766094332.183962,0.01647,0.00881,0.00494,-0.00003,0.00049,0.00031,0.56713,-0.00055,0.19997,0.00065,0.70601,-0.00009,0.70821,1,5,0.99598,0.01065,-0.06067,-0.06510,0.06334,0.04237,0.81122,0,0
1766094332.185964,-0.00631,-0.01193,-0.02493,0.00212,0.00014,-0.00009,0.56713,-0.00055,0.19997,0.00065,0.70601,-0.00009,0.70821,1,5,0.99626,0.01043,-0.05848,-0.06279,0.06337,0.04237,0.81148,0,0
1766094332.187970,0.00481,0.00706,-0.01782,-0.00049,-0.00013,-0.00023,0.56713,-0.00055,0.19997,0.00065,0.70601,-0.00009,0.70821,1,5,0.99626,0.01043,-0.05848,-0.06279,0.06337,0.04237,0.81148,0,0
1766094332.190010,-0.01799,0.00045,-0.01761,0.00117,0.00015,-0.00021,0.56713,-0.00055,0.19997,0.00065,0.70601,-0.00009,0.70821,1,5,0.99626,0.01043,-0.05848,-0.06279,0.06337,0.04237,0.81148,0,0
1766094332.191975,-0.01353,-0.00457,0.04401,-0.00325,-0.00167,0.00079,0.56713,-0.00055,0.19997,0.00065,0.70601,-0.00009,0.70821,1,5,0.99626,0.01043,-0.05848,-0.06279,0.06337,0.04237,0.81148,0,0
1766094332.193975,-0.01459,-0.00700,-0.03269,0.00196,0.00037,-0.00022,0.56713,-0.00055,0.19997,0.00065,0.70601,-0.00009,0.70821,1,5,0.99626,0.01043,-0.05848,-0.06279,0.06337,0.04237,0.81148,0,0
1766094332.195978,-0.00530,0.00475,0.03575,-0.00292,-0.00090,0.00010,0.56713,-0.00055,0.19997,0.00065,0.70601,-0.00009,0.70821,1,5,0.99626,0.01043,-0.05848,-0.06279,0.06337,0.04237,0.81148,0,0
1766094332.197994,0.00694,0.00928,-0.00248,0.00085,0.00036,0.00072,0.56713,-0.00055,0.19997,0.00065,0.70601,-0.00009,0.70821,1,5,0.99626,0.01043,-0.05848,-0.06279,0.06337,0.04237,0.81148,0,0
1766094332.200742,0.01509,0.00222,0.01288,-0.00208,-0.00114,-0.00007,0.56713,-0.00055,0.19997,0.00065,0.70601,-0.00009,0.70821,1,5,0.99626,0.01043,-0.05848,-0.06279,0.06337,0.04237,0.81148,0,0
1766094332.202049,-0.01086,0.00561,-0.03288,0.00233,-0.00007,0.00004,0.56713,-0.00055,0.19997,0.00065,0.70601,-0.00009,0.70821,1,5,0.99626,0.01043,-0.05848,-0.06279,0.06337,0.04237,0.81148,0,0
1766094332.203981,0.00232,-0.01054,0.03598,-0.00223,-0.00022,0.00009,0.56713,-0.00055,0.19997,0.00065,0.70601,-0.00009,0.70821,1,5,0.99626,0.01043,-0.05848,-0.06279,0.06337,0.04237,0.81148,0,0
1766094332.205964,0.00890,0.00949,-0.02562,-0.00024,-0.00006,-0.00051,0.56713,-0.00055,0.19997,0.00065,0.70601,-0.00009,0.70821,1,5,0.99626,0.01043,-0.05848,-0.06279,0.06337,0.04237,0.81148,0,0
1766094332.208003,-0.00592,0.01006,0.06595,-0.00220,-0.00103,-0.00001,0.56713,-0.00055,0.19997,0.00065,0.70601,-0.00009,0.70821,1,5,0.99626,0.01043,-0.05848,-0.06279,0.06337,0.04237,0.81148,0,0
1766094332.209982,-0.01806,-0.01463,-0.01729,0.00121,0.00054,-0.00021,0.56713,-0.00055,0.19997,0.00065,0.70601,-0.00009,0.70821,1,5,0.99626,0.01043,-0.05848,-0.06279,0.06337,0.04237,0.81148,0,0
1766094332.211986,0.01203,0.00242,-0.00974,0.00033,-0.00071,0.00071,0.56713,-0.00055,0.19997,0.00065,0.70601,-0.00009,0.70821,1,5,0.99626,0.01043,-0.05848,-0.06279,0.06337,0.04237,0.81148,0,0
1766094332.213982,0.01306,0.01129,-0.01037,-0.00066,0.00040,0.00003,0.56713,-0.00055,0.19997,0.00065,0.70601,-0.00009,0.70821,1,5,0.99626,0.01043,-0.05848,-0.06279,0.06337,0.04237,0.81148,0,0
1766094332.216025,-0.00056,-0.00468,-0.03281,0.00089,-0.00019,-0.00050,0.56713,-0.00055,0.19997,0.00065,0.70601,-0.00009,0.70821,1,5,0.99626,0.01043,-0.05848,-0.06279,0.06337,0.04237,0.81148,0,0
1766094332.217983,-0.02587,-0.01471,0.04351,0.00055,0.00076,-0.00015,0.56713,-0.00055,0.19997,0.00065,0.70601,-0.00009,0.70821,1,5,0.99626,0.01043,-0.05848,-0.06279,0.06337,0.04237,0.81148,0,0
1766094332.219990,-0.00414,0.01783,-0.00289,0.00029,-0.00068,-0.00048,0.56713,-0.00055,0.19997,0.00065,0.70601,-0.00009,0.70821,1,5,0.99626,0.01043,-0.05848,-0.06279,0.06337,0.04237,0.81148,0,0
1766094332.221988,-0.00159,-0.00478,-0.01771,0.00177,0.00033,-0.00049,0.56713,-0.00055,0.19997,0.00065,0.70601,-0.00009,0.70821,1,5,0.99613,0.01057,-0.05905,-0.06419,0.06338,0.04239,0.81175,0,0
1766094332.223995,0.00796,0.00445,-0.02516,0.00013,-0.00003,0.00043,0.56713,-0.00055,0.19997,0.00065,0.70601,-0.00009,0.70821,1,5,0.99613,0.01057,-0.05905,-0.06419,0.06338,0.04239,0.81175,0,0
1766094332.226057,-0.00606,0.00533,-0.00219,-0.00204,-0.00139,0.00007,0.56713,-0.00055,0.19997,0.00065,0.70601,-0.00009,0.70821,1,5,0.99613,0.01057,-0.05905,-0.06419,0.06338,0.04239,0.81175,0,0
1766094332.227995,-0.01785,-0.01400,-0.02495,0.00143,-0.00010,-0.00061,0.56713,-0.00055,0.19997,0.00065,0.70601,-0.00009,0.70821,1,5,0.99613,0.01057,-0.05905,-0.06419,0.06338,0.04239,0.81175,0,0
1766094332.229998,-0.00865,0.00995,-0.03299,0.00020,-0.00010,-0.00010,0.56713,-0.00055,0.19997,0.00065,0.70601,-0.00009,0.70821,1,5,0.99613,0.01057,-0.05905,-0.06419,0.06338,0.04239,0.81175,0,0
1766094332.232014,-0.01062,0.00004,0.00501,0.00204,0.00082,-0.00020,0.56713,-0.00055,0.19997,0.00065,0.70601,-0.00009,0.70821,1,5,0.99613,0.01057,-0.05905,-0.06419,0.06338,0.04239,0.81175,0,0
1766094332.234008,0.00409,-0.00358,-0.00226,-0.00040,0.00078,0.00046,0.56713,-0.00055,0.19997,0.00065,0.70601,-0.00009,0.70821,1,5,0.99613,0.01057,-0.05905,-0.06419,0.06338,0.04239,0.81175,0,0
1766094332.236011,-0.02197,-0.00153,-0.04047,0.00137,-0.00019,-0.00076,0.56713,-0.00055,0.19997,0.00065,0.70601,-0.00009,0.70821,1,5,0.99613,0.01057,-0.05905,-0.06419,0.06338,0.04239,0.81175,0,0
1766094332.238064,0.00249,-0.00319,-0.01769,0.00135,0.00105,0.00004,0.56713,-0.00055,0.19997,0.00065,0.70601,-0.00009,0.70821,1,5,0.99613,0.01057,-0.05905,-0.06419,0.06338,0.04239,0.81175,0,0
1766094332.240094,-0.00443,0.00218,-0.00267,0.00032,0.00048,-0.00048,0.56713,-0.00055,0.19997,0.00065,0.70601,-0.00009,0.70821,1,5,0.99613,0.01057,-0.05905,-0.06419,0.06338,0.04239,0.81175,0,0
1766094332.242142,-0.01370,0.00012,0.02063,-0.00276,-0.00092,-0.00017,0.56713,-0.00055,0.19997,0.00065,0.70601,-0.00009,0.70821,1,5,0.99613,0.01057,-0.05905,-0.06419,0.06338,0.04239,0.81175,0,0
1766094332.244013,-0.01387,-0.01466,0.02877,-0.00272,-0.00103,0.00024,0.56713,-0.00055,0.19997,0.00065,0.70601,-0.00009,0.70821,1,5,0.99613,0.01057,-0.05905,-0.06419,0.06338,0.04239,0.81175,0,0
1766094332.246003,-0.01081,0.00755,0.04312,-0.00158,-0.00059,-0.00016,0.56713,-0.00055,0.19997,0.00065,0.70601,-0.00009,0.70821,1,5,0.99613,0.01057,-0.05905,-0.06419,0.06338,0.04239,0.81175,0,0
1766094332.248015,-0.00613,-0.00211,-0.01011,0.00202,0.00026,-0.00035,0.56713,-0.00055,0.19997,0.00065,0.70601,-0.00009,0.70821,1,5,0.99613,0.01057,-0.05905,-0.06419,0.06338,0.04239,0.81175,0,0
1766094332.250003,-0.00002,-0.01958,-0.00926,0.00006,-0.00055,0.00033,0.56713,-0.00055,0.19997,0.00065,0.70601,-0.00009,0.70821,1,5,0.99613,0.01057,-0.05905,-0.06419,0.06338,0.04239,0.81175,0,0
1766094332.252014,-0.00102,-0.01029,-0.00980,0.00083,0.00059,0.00005,0.56713,-0.00055,0.19997,0.00065,0.70601,-0.00009,0.70821,1,5,0.99613,0.01057,-0.05905,-0.06419,0.06338,0.04239,0.81175,0,0
1766094332.254001,-0.01359,0.00475,0.02040,-0.00292,-0.00055,-0.00031,0.56713,-0.00055,0.19997,0.00065,0.70601,-0.00009,0.70821,1,5,0.99613,0.01057,-0.05905,-0.06419,0.06338,0.04239,0.81175,0,0
1766094332.256000,-0.00010,0.01016,0.02002,0.00042,-0.00034,-0.00047,0.56713,-0.00055,0.19997,0.00065,0.70601,-0.00009,0.70821,1,5,0.99624,0.01036,-0.05899,-0.06258,0.06338,0.04238,0.81160,0,0
1766094332.258008,-0.01723,-0.01508,0.02086,0.00011,0.00066,0.00023,0.56713,-0.00055,0.19997,0.00065,0.70601,-0.00009,0.70821,1,5,0.99624,0.01036,-0.05899,-0.06258,0.06338,0.04238,0.81160,0,0
1766094332.260020,-0.00194,0.00268,0.00573,-0.00229,-0.00156,0.00075,0.56713,-0.00055,0.19997,0.00065,0.70601,-0.00009,0.70821,1,5,0.99624,0.01036,-0.05899,-0.06258,0.06338,0.04238,0.81160,0,0
1766094332.262012,-0.02638,0.00083,-0.01013,0.00140,0.00011,-0.00060,0.56713,-0.00055,0.19997,0.00065,0.70601,-0.00009,0.70821,1,5,0.99624,0.01036,-0.05899,-0.06258,0.06338,0.04238,0.81160,0,0
1766094332.264014,0.00404,0.00691,-0.01013,-0.00006,0.00013,0.00018,0.56713,-0.00055,0.19997,0.00065,0.70601,-0.00009,0.70821,1,5,0.99624,0.01036,-0.05899,-0.06258,0.06338,0.04238,0.81160,0,0
1766094332.266017,-0.00956,-0.00039,-0.00257,0.00095,0.00093,-0.00021,0.56713,-0.00055,0.19997,0.00065,0.70601,-0.00009,0.70821,1,5,0.99624,0.01036,-0.05899,-0.06258,0.06338,0.04238,0.81160,0,0
1766094332.268031,0.01256,0.00710,-0.01046,0.00038,0.00002,-0.00064,0.56713,-0.00055,0.19997,0.00065,0.70601,-0.00009,0.70821,1,5,0.99624,0.01036,-0.05899,-0.06258,0.06338,0.04238,0.81160,0,0
1766094332.270052,-0.02178,-0.01166,-0.04773,0.00103,-0.00005,-0.00049,0.56713,-0.00055,0.19997,0.00065,0.70601,-0.00009,0.70821,1,5,0.99624,0.01036,-0.05899,-0.06258,0.06338,0.04238,0.81160,0,0
1766094332.272129,-0.01344,-0.00485,0.00564,-0.00304,-0.00105,-0.00005,0.56713,-0.00055,0.19997,0.00065,0.70601,-0.00009,0.70821,1,5,0.99624,0.01036,-0.05899,-0.06258,0.06338,0.04238,0.81160,0,0
1766094332.274122,-0.00155,-0.00041,-0.02540,0.00138,0.00084,-0.00023,0.56713,-0.00055,0.19997,0.00065,0.70601,-0.00009,0.70821,1,5,0.99624,0.01036,-0.05899,-0.06258,0.06338,0.04238,0.81160,0,0
1766094332.276078,0.01689,0.01001,-0.00262,0.00020,-0.00092,-0.00010,0.56713,-0.00055,0.19997,0.00065,0.70601,-0.00009,0.70821,1,5,0.99624,0.01036,-0.05899,-0.06258,0.06338,0.04238,0.81160,0,0
1766094332.278123,-0.00077,0.01959,0.00452,0.00075,0.00030,-0.00035,0.56713,-0.00055,0.19997,0.00065,0.70601,-0.00009,0.70821,1,5,0.99624,0.01036,-0.05899,-0.06258,0.06338,0.04238,0.81160,0,0
1766094332.280124,-0.01373,0.01051,0.02829,-0.00285,-0.00181,0.00037,0.56713,-0.00055,0.19997,0.00065,0.70601,-0.00009,0.70821,1,5,0.99624,0.01036,-0.05899,-0.06258,0.06338,0.04238,0.81160,0,0
1766094332.282026,-0.00900,-0.00465,-0.01724,0.00046,-0.00033,0.00033,0.56713,-0.00055,0.19997,0.00065,0.70601,-0.00009,0.70821,1,5,0.99624,0.01036,-0.05899,-0.06258,0.06338,0.04238,0.81160,0,0
1766094332.284036,-0.00788,0.00442,0.02791,-0.00074,0.00040,0.00009,0.56713,-0.00055,0.19997,0.00065,0.70601,-0.00009,0.70821,1,5,0.99624,0.01036,-0.05899,-0.06258,0.06338,0.04238,0.81160,0,0
1766094332.286022,-0.00062,0.01007,0.00478,0.00086,-0.00008,-0.00048,0.56713,-0.00055,0.19997,0.00065,0.70601,-0.00009,0.70821,1,5,0.99624,0.01036,-0.05899,-0.06258,0.06338,0.04238,0.81160,0,0
1766094332.288038,0.00407,-0.00299,0.03580,-0.00017,0.00014,0.00049,0.56713,-0.00055,0.19997,0.00065,0.70601,-0.00009,0.70821,1,5,0.99624,0.01036,-0.05899,-0.06258,0.06338,0.04238,0.81160,0,0
1766094332.290037,0.00039,-0.01046,0.00547,-0.00049,0.00032,0.00007,0.56713,-0.00055,0.19997,0.00065,0.70601,-0.00009,0.70821,1,5,0.99624,0.01036,-0.05899,-0.06258,0.06338,0.04238,0.81160,0,0
1766094332.292036,-0.00343,0.00150,-0.01771,-0.00100,0.00073,-0.00009,0.56713,-0.00055,0.19997,0.00065,0.70601,-0.00009,0.70821,1,5,0.99624,0.01036,-0.05899,-0.06258,0.06338,0.04238,0.81160,0,0
1766094332.294035,-0.00998,-0.00946,-0.02507,0.00171,0.00018,-0.00036,0.56713,-0.00055,0.19997,0.00065,0.70601,-0.00009,0.70821,1,5,0.99624,0.01028,-0.05974,-0.06197,0.06339,0.04237,0.81164,0,0
1766094332.296030,-0.00905,0.01954,-0.00306,0.00053,0.00053,-0.00035,0.56713,-0.00055,0.19997,0.00065,0.70601,-0.00009,0.70821,1,5,0.99624,0.01028,-0.05974,-0.06197,0.06339,0.04237,0.81164,0,0
1766094332.298032,0.01115,0.00646,0.00488,0.00103,0.00094,0.00018,0.56713,-0.00055,0.19997,0.00065,0.70601,-0.00009,0.70821,1,5,0.99624,0.01028,-0.05974,-0.06197,0.06339,0.04237,0.81164,0,0
1766094332.300059,-0.00549,-0.00010,0.02075,-0.00276,-0.00102,0.00022,0.56713,-0.00055,0.19997,0.00065,0.70601,-0.00009,0.70821,1,5,0.99624,0.01028,-0.05974,-0.06197,0.06339,0.04237,0.81164,0,0
1766094332.302125,0.00415,0.00310,0.03526,0.00077,-0.00065,-0.00086,0.56713,-0.00055,0.19997,0.00065,0.70601,-0.00009,0.70821,1,5,0.99624,0.01028,-0.05974,-0.06197,0.06339,0.04237,0.81164,0,0
1766094332.304060,0.00352,0.01674,-0.01796,0.00028,0.00026,0.00030,0.56713,-0.00055,0.19997,0.00065,0.70601,-0.00009,0.70821,1,5,0.99624,0.01028,-0.05974,-0.06197,0.06339,0.04237,0.81164,0,0
1766094332.306070,-0.00013,0.01924,0.00470,-0.00013,0.00030,0.00006,0.56713,-0.00055,0.19997,0.00065,0.70601,-0.00009,0.70821,1,5,0.99624,0.01028,-0.05974,-0.06197,0.06339,0.04237,0.81164,0,0
1766094332.308220,-0.02596,-0.01997,-0.01711,0.00049,0.00102,-0.00006,0.56713,-0.00055,0.19997,0.00065,0.70601,-0.00009,0.70821,1,5,0.99624,0.01028,-0.05974,-0.06197,0.06339,0.04237,0.81164,0,0
1766094332.310094,-0.00822,0.00914,0.00489,-0.00047,0.00078,-0.00007,0.56713,-0.00055,0.19997,0.00065,0.70601,-0.00009,0.70821,1,5,0.99624,0.01028,-0.05974,-0.06197,0.06339,0.04237,0.81164,0,0
1766094332.312046,0.00024,0.00404,0.00504,-0.00053,0.00069,0.00006,0.56713,-0.00055,0.19997,0.00065,0.70601,-0.00009,0.70821,1,5,0.99624,0.01028,-0.05974,-0.06197,0.06339,0.04237,0.81164,0,0
1766094332.314057,-0.01539,-0.00414,0.03598,-0.00107,-0.00115,-0.00002,0.56713,-0.00055,0.19997,0.00065,0.70601,-0.00009,0.70821,1,5,0.99624,0.01028,-0.05974,-0.06197,0.06339,0.04237,0.81164,0,0
1766094332.316045,0.00828,0.00472,-0.03287,0.00014,-0.00030,0.00002,0.56713,-0.00055,0.19997,0.00065,0.70601,-0.00009,0.70821,1,5,0.99624,0.01028,-0.05974,-0.06197,0.06339,0.04237,0.81164,0,0
1766094332.318053,-0.02606,-0.01457,0.02833,0.00077,0.00063,-0.00016,0.56713,-0.00055,0.19997,0.00065,0.70601,-0.00009,0.70821,1,5,0.99624,0.01028,-0.05974,-0.06197,0.06339,0.04237,0.81164,0,0
1766094332.320040,-0.00625,-0.00672,-0.04044,0.00240,0.00000,-0.00064,0.56713,-0.00055,0.19997,0.00065,0.70601,-0.00009,0.70821,1,5,0.99624,0.01028,-0.05974,-0.06197,0.06339,0.04237,0.81164,0,0
1766094332.322041,-0.00930,0.01455,0.01229,0.00069,0.00066,-0.00020,0.56713,-0.00055,0.19997,0.00065,0.70601,-0.00009,0.70821,1,5,0.99624,0.01028,-0.05974,-0.06197,0.06339,0.04237,0.81164,0,0
1766094332.324135,-0.01817,0.00062,-0.01001,0.00139,0.00002,-0.00020,0.56713,-0.00055,0.19997,0.00065,0.70601,-0.00009,0.70821,1,5,0.99624,0.01028,-0.05974,-0.06197,0.06339,0.04237,0.81164,0,0
1766094332.326130,-0.01460,-0.01193,-0.04028,0.00212,0.00049,-0.00050,0.56713,-0.00055,0.19997,0.00065,0.70601,-0.00009,0.70821,1,5,0.99624,0.01028,-0.05974,-0.06197,0.06339,0.04237,0.81164,0,0
1766094332.328132,-0.00059,0.01942,-0.00309,0.00053,0.00042,-0.00036,0.56713,-0.00055,0.19997,0.00065,0.70601,-0.00009,0.70821,1,5,0.99624,0.01028,-0.05974,-0.06197,0.06339,0.04237,0.81164,0,0
1766094332.330128,-0.00915,-0.00003,-0.00230,0.00051,0.00017,0.00020,0.56713,-0.00055,0.19997,0.00065,0.70601,-0.00009,0.70821,1,5,0.99624,0.01028,-0.05974,-0.06197,0.06339,0.04237,0.81164,0,0
1766094332.332131,-0.01777,-0.00029,-0.04049,0.00073,0.00091,-0.00023,0.56713,-0.00055,0.19997,0.00065,0.70601,-0.00009,0.70821,1,5,0.99593,0.01063,-0.06195,-0.06455,0.06336,0.04238,0.81147,0,0
1766094332.334079,0.00738,-0.00480,-0.03305,0.00155,0.00009,-0.00092,0.56713,-0.00055,0.19997,0.00065,0.70601,-0.00009,0.70821,1,5,0.99593,0.01063,-0.06195,-0.06455,0.06336,0.04238,0.81147,0,0
1766094332.336072,-0.00883,-0.01547,0.01337,-0.00011,0.00069,0.00062,0.56713,-0.00055,0.19997,0.00065,0.70601,-0.00009,0.70821,1,5,0.99593,0.01063,-0.06195,-0.06455,0.06336,0.04238,0.81147,0,0
1766094332.338078,-0.00146,0.00481,0.01244,0.00145,0.00057,-0.00034,0.56713,-0.00055,0.19997,0.00065,0.70601,-0.00009,0.70821,1,5,0.99593,0.01063,-0.06195,-0.06455,0.06336,0.04238,0.81147,0,0
1766094332.340077,0.00121,0.01228,-0.04861,0.00285,0.00079,-0.00040,0.56713,-0.00055,0.19997,0.00065,0.70601,-0.00009,0.70821,1,5,0.99593,0.01063,-0.06195,-0.06455,0.06336,0.04238,0.81147,0,0
1766094332.342080,-0.00545,-0.00797,-0.00224,0.00086,0.00089,0.00019,0.56713,-0.00055,0.19997,0.00065,0.70601,-0.00009,0.70821,1,5,0.99593,0.01063,-0.06195,-0.06455,0.06336,0.04238,0.81147,0,0
1766094332.344098,0.01255,0.00749,0.00533,-0.00005,-0.00098,0.00059,0.56713,-0.00055,0.19997,0.00065,0.70601,-0.00009,0.70821,1,5,0.99593,0.01063,-0.06195,-0.06455,0.06336,0.04238,0.81147,0,0
1766094332.346089,0.00327,0.02669,-0.00315,0.00062,0.00038,0.00004,0.56713,-0.00055,0.19997,0.00065,0.70601,-0.00009,0.70821,1,5,0.99593,0.01063,-0.06195,-0.06455,0.06336,0.04238,0.81147,0,0
1766094332.348101,0.00444,0.01230,-0.01781,-0.00021,-0.00051,0.00004,0.56713,-0.00055,0.19997,0.00065,0.70601,-0.00009,0.70821,1,5,0.99593,0.01063,-0.06195,-0.06455,0.06336,0.04238,0.81147,0,0
1766094332.350080,-0.00107,-0.00470,-0.00247,0.00133,0.00007,-0.00048,0.56713,-0.00055,0.19997,0.00065,0.70601,-0.00009,0.70821,1,5,0.99593,0.01063,-0.06195,-0.06455,0.06336,0.04238,0.81147,0,0
1766094332.352070,-0.00970,-0.01711,-0.00143,-0.00275,-0.00133,0.00049,0.56713,-0.00055,0.19997,0.00065,0.70601,-0.00009,0.70821,1,5,0.99593,0.01063,-0.06195,-0.06455,0.06336,0.04238,0.81147,0,0
1766094332.354064,-0.00382,0.00232,-0.00224,-0.00055,-0.00027,0.00033,0.56713,-0.00055,0.19997,0.00065,0.70601,-0.00009,0.70821,1,5,0.99593,0.01063,-0.06195,-0.06455,0.06336,0.04238,0.81147,0,0
1766094332.356079,0.00907,0.00358,-0.01020,-0.00097,0.00084,0.00004,0.56713,-0.00055,0.19997,0.00065,0.70601,-0.00009,0.70821,1,5,0.99593,0.01063,-0.06195,-0.06455,0.06336,0.04238,0.81147,0,0
1766094332.358060,-0.01408,-0.00274,0.01298,0.00092,0.00074,0.00048,0.56713,-0.00055,0.19997,0.00065,0.70601,-0.00009,0.70821,1,5,0.99593,0.01063,-0.06195,-0.06455,0.06336,0.04238,0.81147,0,0
1766094332.360083,-0.00973,-0.00937,-0.02521,0.00171,0.00017,-0.00076,0.56713,-0.00055,0.19997,0.00065,0.70601,-0.00009,0.70821,1,5,0.99593,0.01063,-0.06195,-0.06455,0.06336,0.04238,0.81147,0,0
1766094332.362077,-0.00550,0.00987,0.02039,-0.00264,-0.00103,-0.00005,0.56713,-0.00055,0.19997,0.00065,0.70601,-0.00009,0.70821,1,5,0.99593,0.01063,-0.06195,-0.06455,0.06336,0.04238,0.81147,0,0
1766094332.364100,-0.00892,-0.00074,-0.00239,0.00007,0.00093,0.00020,0.56713,-0.00055,0.19997,0.00065,0.70601,-0.00009,0.70821,1,5,0.99593,0.01063,-0.06195,-0.06455,0.06336,0.04238,0.81147,0,0
1766094332.366100,0.00037,-0.00134,0.01294,-0.00103,0.00095,0.00061,0.56713,-0.00055,0.19997,0.00065,0.70601,-0.00009,0.70821,1,5,0.99593,0.01063,-0.06195,-0.06455,0.06336,0.04238,0.81147,0,0
1766094332.368108,-0.00563,-0.01543,0.01362,-0.00295,-0.00049,0.00063,0.56713,-0.00055,0.19997,0.00065,0.70601,-0.00009,0.70821,1,5,0.99619,0.01033,-0.05914,-0.06322,0.06338,0.04237,0.81154,0,0
1766094332.370095,0.00699,-0.00036,-0.03298,0.00138,0.00048,-0.00025,0.56713,-0.00055,0.19997,0.00065,0.70601,-0.00009,0.70821,1,5,0.99619,0.01033,-0.05914,-0.06322,0.06338,0.04237,0.81154,0,0
1766094332.372115,-0.01264,0.00223,-0.03283,-0.00011,0.00034,-0.00009,0.56713,-0.00055,0.19997,0.00065,0.70601,-0.00009,0.70821,1,5,0.99619,0.01033,-0.05914,-0.06322,0.06338,0.04237,0.81154,0,0
1766094332.374113,0.01268,0.00169,-0.02535,-0.00012,0.00028,-0.00011,0.56713,-0.00055,0.19997,0.00065,0.70601,-0.00009,0.70821,1,5,0.99619,0.01033,-0.05914,-0.06322,0.06338,0.04237,0.81154,0,0
1766094332.376112,-0.00882,0.01386,-0.00297,0.00003,0.00129,-0.00021,0.56713,-0.00055,0.19997,0.00065,0.70601,-0.00009,0.70821,1,5,0.99619,0.01033,-0.05914,-0.06322,0.06338,0.04237,0.81154,0,0
1766094332.378112,-0.00134,-0.00550,0.01275,0.00110,0.00096,-0.00007,0.56713,-0.00055,0.19997,0.00065,0.70601,-0.00009,0.70821,1,5,0.99619,0.01033,-0.05914,-0.06322,0.06338,0.04237,0.81154,0,0
1766094332.380111,-0.01845,0.00071,-0.01038,0.00205,0.00039,-0.00101,0.56713,-0.00055,0.19997,0.00065,0.70601,-0.00009,0.70821,1,5,0.99619,0.01033,-0.05914,-0.06322,0.06338,0.04237,0.81154,0,0
1766094332.382102,-0.01725,0.00481,-0.00264,0.00035,0.00064,-0.00033,0.56713,-0.00055,0.19997,0.00065,0.70601,-0.00009,0.70821,1,5,0.99619,0.01033,-0.05914,-0.06322,0.06338,0.04237,0.81154,0,0
1766094332.384129,-0.01253,-0.00174,-0.01748,0.00027,-0.00068,-0.00034,0.56713,-0.00055,0.19997,0.00065,0.70601,-0.00009,0.70821,1,5,0.99619,0.01033,-0.05914,-0.06322,0.06338,0.04237,0.81154,0,0
1766094332.386111,-0.00128,0.00575,-0.02501,0.00124,-0.00106,0.00044,0.56713,-0.00055,0.19997,0.00065,0.70601,-0.00009,0.70821,1,5,0.99619,0.01033,-0.05914,-0.06322,0.06338,0.04237,0.81154,0,0
1766094332.388108,-0.01351,-0.01237,-0.01730,0.00080,0.00048,-0.00008,0.56713,-0.00055,0.19997,0.00065,0.70601,-0.00009,0.70821,1,5,0.99619,0.01033,-0.05914,-0.06322,0.06338,0.04237,0.81154,0,0
1766094332.390117,-0.00032,0.00938,-0.03292,-0.00003,0.00019,0.00030,0.56713,-0.00055,0.19997,0.00065,0.70601,-0.00009,0.70821,1,5,0.99619,0.01033,-0.05914,-0.06322,0.06338,0.04237,0.81154,0,0
1766094332.392120,-0.00420,0.00769,0.00503,0.00017,-0.00041,-0.00020,0.56713,-0.00055,0.19997,0.00065,0.70601,-0.00009,0.70821,1,5,0.99619,0.01033,-0.05914,-0.06322,0.06338,0.04237,0.81154,0,0
1766094332.394114,-0.00368,0.00149,-0.00254,-0.00078,0.00086,-0.00008,0.56713,-0.00055,0.19997,0.00065,0.70601,-0.00009,0.70821,1,5,0.99619,0.01033,-0.05914,-0.06322,0.06338,0.04237,0.81154,0,0
1766094332.396122,0.00826,-0.00094,0.00517,-0.00015,0.00060,0.00019,0.56713,-0.00055,0.19997,0.00065,0.70601,-0.00009,0.70821,1,5,0.99619,0.01033,-0.05914,-0.06322,0.06338,0.04237,0.81154,0,0
1766094332.398132,-0.01798,0.00048,0.00517,0.00117,0.00014,-0.00019,0.56713,-0.00055,0.19997,0.00065,0.70601,-0.00009,0.70821,1,5,0.99619,0.01033,-0.05914,-0.06322,0.06338,0.04237,0.81154,0,0
1766094332.400124,0.00031,0.00430,0.01250,-0.00031,0.00055,-0.00034,0.56713,-0.00055,0.19997,0.00065,0.70601,-0.00009,0.70821,1,5,0.99619,0.01033,-0.05914,-0.06322,0.06338,0.04237,0.81154,0,0
1766094332.402120,-0.00967,0.00984,-0.01790,0.00107,0.00042,-0.00009,0.56713,-0.00055,0.19997,0.00065,0.70601,-0.00009,0.70821,1,5,0.99619,0.01033,-0.05914,-0.06322,0.06338,0.04237,0.81154,0,0
1766094332.404128,-0.01338,-0.00205,-0.03278,0.00093,-0.00004,-0.00036,0.56713,-0.00055,0.19997,0.00065,0.70601,-0.00009,0.70821,1,5,0.99619,0.01033,-0.05914,-0.06322,0.06338,0.04237,0.81154,0,0
1766094332.406117,-0.00833,0.00451,0.00511,-0.00030,0.00041,0.00007,0.56713,-0.00055,0.19997,0.00065,0.70601,-0.00009,0.70821,1,5,0.99619,0.01033,-0.05914,-0.06322,0.06338,0.04237,0.81154,0,0
1766094332.408122,0.00578,0.02688,0.03504,-0.00156,-0.00067,0.00008,0.56713,-0.00055,0.19997,0.00065,0.70601,-0.00009,0.70821,1,5,0.99619,0.01033,-0.05914,-0.06322,0.06338,0.04237,0.81154,0,0
1766094332.410119,-0.00035,-0.01471,0.02831,0.00056,-0.00006,-0.00018,0.56713,-0.00055,0.19997,0.00065,0.70601,-0.00009,0.70821,1,5,0.99619,0.01033,-0.05914,-0.06322,0.06338,0.04237,0.81154,0,0
1766094332.412127,-0.01016,-0.00937,-0.03248,0.00171,-0.00006,0.00004,0.56713,-0.00055,0.19997,0.00065,0.70601,-0.00009,0.70821,1,5,0.99619,0.01033,-0.05914,-0.06322,0.06338,0.04237,0.81154,0,0
1766094332.414113,-0.01755,-0.01458,-0.02483,0.00077,0.00028,-0.00021,0.56713,-0.00055,0.19997,0.00065,0.70601,-0.00009,0.70821,1,5,0.99600,0.01065,-0.06129,-0.06418,0.06337,0.04239,0.81163,0,0
1766094332.416115,0.01733,0.01487,-0.00278,-0.00018,-0.00093,-0.00023,0.56713,-0.00055,0.19997,0.00065,0.70601,-0.00009,0.70821,1,5,0.99600,0.01065,-0.06129,-0.06418,0.06337,0.04239,0.81163,0,0
1766094332.418114,-0.01579,-0.00936,0.07370,-0.00047,-0.00027,-0.00067,0.56713,-0.00055,0.19997,0.00065,0.70601,-0.00009,0.70821,1,5,0.99600,0.01065,-0.06129,-0.06418,0.06337,0.04239,0.81163,0,0
1766094332.420185,-0.00046,0.00412,-0.00260,0.00013,0.00082,0.00005,0.56713,-0.00055,0.19997,0.00065,0.70601,-0.00009,0.70821,1,5,0.99600,0.01065,-0.06129,-0.06418,0.06337,0.04239,0.81163,0,0
1766094332.422137,-0.00815,0.00442,0.01252,-0.00031,0.00065,-0.00033,0.56713,-0.00055,0.19997,0.00065,0.70601,-0.00009,0.70821,1,5,0.99600,0.01065,-0.06129,-0.06418,0.06337,0.04239,0.81163,0,0
1766094332.424129,-0.01398,-0.01786,0.01296,0.00117,0.00150,-0.00032,0.56713,-0.00055,0.19997,0.00065,0.70601,-0.00009,0.70821,1,5,0.99600,0.01065,-0.06129,-0.06418,0.06337,0.04239,0.81163,0,0
1766094332.426132,-0.01478,0.00815,-0.00283,0.00236,0.00022,-0.00061,0.56713,-0.00055,0.19997,0.00065,0.70601,-0.00009,0.70821,1,5,0.99600,0.01065,-0.06129,-0.06418,0.06337,0.04239,0.81163,0,0
1766094332.428144,-0.01355,-0.01674,-0.00962,0.00118,-0.00002,-0.00034,0.56713,-0.00055,0.19997,0.00065,0.70601,-0.00009,0.70821,1,5,0.99600,0.01065,-0.06129,-0.06418,0.06337,0.04239,0.81163,0,0
1766094332.430158,-0.02660,-0.00971,-0.00988,0.00127,0.00089,-0.00033,0.56713,-0.00055,0.19997,0.00065,0.70601,-0.00009,0.70821,1,5,0.99600,0.01065,-0.06129,-0.06418,0.06337,0.04239,0.81163,0,0
1766094332.432144,-0.00912,-0.00434,-0.03998,0.00068,-0.00071,0.00031,0.56713,-0.00055,0.19997,0.00065,0.70601,-0.00009,0.70821,1,5,0.99600,0.01065,-0.06129,-0.06418,0.06337,0.04239,0.81163,0,0
1766094332.434136,0.00403,0.01194,-0.01807,0.00022,0.00025,-0.00037,0.56713,-0.00055,0.19997,0.00065,0.70601,-0.00009,0.70821,1,5,0.99600,0.01065,-0.06129,-0.06418,0.06337,0.04239,0.81163,0,0
1766094332.436142,-0.00009,-0.00618,-0.01746,-0.00043,0.00109,0.00031,0.56713,-0.00055,0.19997,0.00065,0.70601,-0.00009,0.70821,1,5,0.99600,0.01065,-0.06129,-0.06418,0.06337,0.04239,0.81163,0,0
1766094332.438148,-0.01055,-0.00966,0.01283,0.00214,0.00069,-0.00033,0.56713,-0.00055,0.19997,0.00065,0.70601,-0.00009,0.70821,1,5,0.99600,0.01065,-0.06129,-0.06418,0.06337,0.04239,0.81163,0,0
1766094332.440146,0.00858,0.01420,-0.01809,-0.00019,0.00019,-0.00024,0.56713,-0.00055,0.19997,0.00065,0.70601,-0.00009,0.70821,1,5,0.99600,0.01065,-0.06129,-0.06418,0.06337,0.04239,0.81163,0,0
1766094332.442144,-0.01537,0.01278,-0.02571,0.00263,0.00061,-0.00036,0.56713,-0.00055,0.19997,0.00065,0.70601,-0.00009,0.70821,1,5,0.99600,0.01065,-0.06129,-0.06418,0.06337,0.04239,0.81163,0,0
1766094332.444136,0.01131,-0.00565,0.05878,-0.00283,-0.00071,0.00037,0.56713,-0.00055,0.19997,0.00065,0.70601,-0.00009,0.70821,1,5,0.99600,0.01065,-0.06129,-0.06418,0.06337,0.04239,0.81163,0,0
1766094332.446129,0.01224,0.00193,0.01244,0.00054,0.00041,-0.00049,0.56713,-0.00055,0.19997,0.00065,0.70601,-0.00009,0.70821,1,5,0.99600,0.01065,-0.06129,-0.06418,0.06337,0.04239,0.81163,0,0
1766094332.448134,-0.01831,0.00026,0.00511,0.00139,0.00053,-0.00019,0.56713,-0.00055,0.19997,0.00065,0.70601,-0.00009,0.70821,1,5,0.99600,0.01065,-0.06129,-0.06418,0.06337,0.04239,0.81163,0,0
1766094332.450146,0.00294,0.00895,0.02042,-0.00309,-0.00036,0.00034,0.56713,-0.00055,0.19997,0.00065,0.70601,-0.00009,0.70821,1,5,0.99600,0.01065,-0.06129,-0.06418,0.06337,0.04239,0.81163,0,0
1766094332.452153,-0.01362,0.00789,0.01259,0.00105,-0.00004,-0.00019,0.56713,-0.00055,0.19997,0.00065,0.70601,-0.00009,0.70821,1,5,0.99609,0.01026,-0.06019,-0.06389,0.06338,0.04239,0.81169,0,0
1766094332.454152,0.00276,-0.00242,-0.05570,0.00158,0.00015,-0.00039,0.56713,-0.00055,0.19997,0.00065,0.70601,-0.00009,0.70821,1,5,0.99609,0.01026,-0.06019,-0.06389,0.06338,0.04239,0.81169,0,0
1766094332.456170,-0.00443,0.00210,-0.01769,0.00010,0.00036,-0.00009,0.56713,-0.00055,0.19997,0.00065,0.70601,-0.00009,0.70821,1,5,0.99609,0.01026,-0.06019,-0.06389,0.06338,0.04239,0.81169,0,0
1766094332.458134,-0.02720,-0.01686,0.08935,-0.00188,-0.00037,-0.00024,0.56713,-0.00055,0.19997,0.00065,0.70601,-0.00009,0.70821,1,5,0.99609,0.01026,-0.06019,-0.06389,0.06338,0.04239,0.81169,0,0
1766094332.460163,-0.00549,0.00489,0.02057,-0.00270,-0.00102,0.00009,0.56713,-0.00055,0.19997,0.00065,0.70601,-0.00009,0.70821,1,5,0.99609,0.01026,-0.06019,-0.06389,0.06338,0.04239,0.81169,0,0
1766094332.462177,-0.00657,-0.00198,-0.01012,0.00246,0.00026,-0.00035,0.56713,-0.00055,0.19997,0.00065,0.70601,-0.00009,0.70821,1,5,0.99609,0.01026,-0.06019,-0.06389,0.06338,0.04239,0.81169,0,0
1766094332.464177,0.00017,-0.00112,0.01277,-0.00059,0.00095,0.00020,0.56713,-0.00055,0.19997,0.00065,0.70601,-0.00009,0.70821,1,5,0.99609,0.01026,-0.06019,-0.06389,0.06338,0.04239,0.81169,0,0
1766094332.466168,0.00771,0.01934,-0.00276,0.00031,-0.00004,0.00045,0.56713,-0.00055,0.19997,0.00065,0.70601,-0.00009,0.70821,1,5,0.99609,0.01026,-0.06019,-0.06389,0.06338,0.04239,0.81169,0,0
1766094332.468180,0.00289,-0.00772,-0.03278,0.00130,0.00054,-0.00024,0.56713,-0.00055,0.19997,0.00065,0.70601,-0.00009,0.70821,1,5,0.99609,0.01026,-0.06019,-0.06389,0.06338,0.04239,0.81169,0,0
1766094332.470160,-0.00533,-0.00130,-0.02511,0.00159,-0.00102,-0.00036,0.56713,-0.00055,0.19997,0.00065,0.70601,-0.00009,0.70821,1,5,0.99609,0.01026,-0.06019,-0.06389,0.06338,0.04239,0.81169,0,0
1766094332.472176,0.00006,-0.01068,0.00541,-0.00027,0.00070,0.00006,0.56713,-0.00055,0.19997,0.00065,0.70601,-0.00009,0.70821,1,5,0.99609,0.01026,-0.06019,-0.06389,0.06338,0.04239,0.81169,0,0
1766094332.474175,-0.00493,-0.00290,0.01282,0.00048,0.00063,0.00007,0.56713,-0.00055,0.19997,0.00065,0.70601,-0.00009,0.70821,1,5,0.99609,0.01026,-0.06019,-0.06389,0.06338,0.04239,0.81169,0,0
1766094332.476177,-0.00537,-0.01196,-0.04023,0.00146,0.00000,-0.00051,0.56713,-0.00055,0.19997,0.00065,0.70601,-0.00009,0.70821,1,5,0.99609,0.01026,-0.06019,-0.06389,0.06338,0.04239,0.81169,0,0
1766094332.478158,0.00312,0.03131,0.01180,0.00068,0.00088,-0.00008,0.56713,-0.00055,0.19997,0.00065,0.70601,-0.00009,0.70821,1,5,0.99609,0.01026,-0.06019,-0.06389,0.06338,0.04239,0.81169,0,0
1766094332.480157,0.00012,0.01435,0.00473,-0.00018,0.00029,-0.00021,0.56713,-0.00055,0.19997,0.00065,0.70601,-0.00009,0.70821,1,5,0.99609,0.01026,-0.06019,-0.06389,0.06338,0.04239,0.81169,0,0
1766094332.482177,0.00345,0.01285,-0.01002,0.00067,-0.00100,0.00045,0.56713,-0.00055,0.19997,0.00065,0.70601,-0.00009,0.70821,1,5,0.99609,0.01026,-0.06019,-0.06389,0.06338,0.04239,0.81169,0,0
1766094332.484155,-0.00064,-0.01060,-0.00222,0.00039,0.00084,0.00006,0.56713,-0.00055,0.19997,0.00065,0.70601,-0.00009,0.70821,1,5,0.99609,0.01026,-0.06019,-0.06389,0.06338,0.04239,0.81169,0,0
1766094332.486191,-0.00892,0.00425,-0.00257,0.00013,0.00092,0.00006,0.56713,-0.00055,0.19997,0.00065,0.70601,-0.00009,0.70821,1,5,0.99601,0.01066,-0.06090,-0.06441,0.06335,0.04237,0.81142,0,0
1766094332.488167,-0.01719,0.01994,-0.01074,0.00054,0.00036,-0.00075,0.56713,-0.00055,0.19997,0.00065,0.70601,-0.00009,0.70821,1,5,0.99601,0.01066,-0.06090,-0.06441,0.06335,0.04237,0.81142,0,0
1766094332.490166,-0.01268,-0.00784,0.02066,-0.00024,0.00060,0.00022,0.56713,-0.00055,0.19997,0.00065,0.70601,-0.00009,0.70821,1,5,0.99601,0.01066,-0.06090,-0.06441,0.06335,0.04237,0.81142,0,0
1766094332.492182,-0.02677,-0.01950,-0.00191,0.00137,0.00078,-0.00005,0.56713,-0.00055,0.19997,0.00065,0.70601,-0.00009,0.70821,1,5,0.99601,0.01066,-0.06090,-0.06441,0.06335,0.04237,0.81142,0,0
1766094332.494161,0.02078,-0.00307,-0.00999,0.00026,-0.00006,0.00003,0.56713,-0.00055,0.19997,0.00065,0.70601,-0.00009,0.70821,1,5,0.99601,0.01066,-0.06090,-0.06441,0.06335,0.04237,0.81142,0,0
1766094332.496189,-0.00210,0.01006,-0.00293,0.00217,0.00045,-0.00049,0.56713,-0.00055,0.19997,0.00065,0.70601,-0.00009,0.70821,1,5,0.99601,0.01066,-0.06090,-0.06441,0.06335,0.04237,0.81142,0,0
1766094332.498307,-0.01904,-0.00037,0.01255,0.00182,0.00155,-0.00019,0.56713,-0.00055,0.19997,0.00065,0.70601,-0.00009,0.70821,1,5,0.99601,0.01066,-0.06090,-0.06441,0.06335,0.04237,0.81142,0,0
1766094332.500248,-0.01813,0.00580,-0.04830,0.00167,-0.00012,-0.00077,0.56713,-0.00055,0.19997,0.00065,0.70601,-0.00009,0.70821,1,5,0.99601,0.01066,-0.06090,-0.06441,0.06335,0.04237,0.81142,0,0
1766094332.502294,-0.00849,0.00540,-0.00236,0.00014,-0.00060,0.00007,0.56713,-0.00055,0.19997,0.00065,0.70601,-0.00009,0.70821,1,5,0.99601,0.01066,-0.06090,-0.06441,0.06335,0.04237,0.81142,0,0
1766094332.504251,-0.00980,-0.01044,-0.00206,0.00083,0.00095,0.00047,0.56713,-0.00055,0.19997,0.00065,0.70601,-0.00009,0.70821,1,5,0.99601,0.01066,-0.06090,-0.06441,0.06335,0.04237,0.81142,0,0
1766094332.506250,-0.00027,0.00390,-0.00244,-0.00031,0.00083,0.00046,0.56713,-0.00055,0.19997,0.00065,0.70601,-0.00009,0.70821,1,5,0.99601,0.01066,-0.06090,-0.06441,0.06335,0.04237,0.81142,0,0
1766094332.508189,0.00422,0.00189,-0.01030,0.00010,0.00051,-0.00049,0.56713,-0.00055,0.19997,0.00065,0.70601,-0.00009,0.70821,1,5,0.99601,0.01066,-0.06090,-0.06441,0.06335,0.04237,0.81142,0,0
1766094332.510178,0.01217,0.00657,-0.01021,0.00016,0.00042,0.00017,0.56713,-0.00055,0.19997,0.00065,0.70601,-0.00009,0.70821,1,5,0.99601,0.01066,-0.06090,-0.06441,0.06335,0.04237,0.81142,0,0
1766094332.512173,-0.00091,0.00299,0.04346,-0.00273,-0.00184,-0.00003,0.56713,-0.00055,0.19997,0.00065,0.70601,-0.00009,0.70821,1,5,0.99601,0.01066,-0.06090,-0.06441,0.06335,0.04237,0.81142,0,0
1766094332.514174,0.00349,-0.01004,0.02855,-0.00310,-0.00125,0.00009,0.56713,-0.00055,0.19997,0.00065,0.70601,-0.00009,0.70821,1,5,0.99601,0.01066,-0.06090,-0.06441,0.06335,0.04237,0.81142,0,0
1766094332.516185,-0.00443,0.00210,-0.01769,0.00010,0.00036,-0.00009,0.56713,-0.00055,0.19997,0.00065,0.70601,-0.00009,0.70821,1,5,0.99601,0.01066,-0.06090,-0.06441,0.06335,0.04237,0.81142,0,0
1766094332.518182,-0.02554,-0.01448,0.04357,0.00034,0.00037,-0.00015,0.56713,-0.00055,0.19997,0.00065,0.70601,-0.00009,0.70821,1,5,0.99601,0.01066,-0.06090,-0.06441,0.06335,0.04237,0.81142,0,0
1766094332.520194,-0.00992,0.00566,-0.03316,0.00189,-0.00009,-0.00077,0.56713,-0.00055,0.19997,0.00065,0.70601,-0.00009,0.70821,1,5,0.99601,0.01066,-0.06090,-0.06441,0.06335,0.04237,0.81142,0,0
1766094332.522177,-0.00464,0.00646,-0.01021,-0.00006,0.00100,0.00018,0.56713,-0.00055,0.19997,0.00065,0.70601,-0.00009,0.70821,1,5,0.99622,0.01045,-0.05889,-0.06293,0.06338,0.04237,0.81158,0,0
1766094332.524203,-0.03304,-0.01371,-0.00957,-0.00009,-0.00056,-0.00058,0.56713,-0.00055,0.19997,0.00065,0.70601,-0.00009,0.70821,1,5,0.99622,0.01045,-0.05889,-0.06293,0.06338,0.04237,0.81158,0,0
1766094332.526185,-0.00973,-0.00937,-0.02521,0.00171,0.00017,-0.00076,0.56713,-0.00055,0.19997,0.00065,0.70601,-0.00009,0.70821,1,5,0.99622,0.01045,-0.05889,-0.06293,0.06338,0.04237,0.81158,0,0
1766094332.528245,0.00306,0.02117,0.01971,0.00055,0.00115,0.00019,0.56713,-0.00055,0.19997,0.00065,0.70601,-0.00009,0.70821,1,5,0.99622,0.01045,-0.05889,-0.06293,0.06338,0.04237,0.81158,0,0
1766094332.530312,0.00417,-0.00337,0.01297,-0.00040,0.00052,0.00047,0.56713,-0.00055,0.19997,0.00065,0.70601,-0.00009,0.70821,1,5,0.99622,0.01045,-0.05889,-0.06293,0.06338,0.04237,0.81158,0,0
1766094332.532292,-0.00620,0.00497,0.01294,-0.00205,-0.00089,0.00008,0.56713,-0.00055,0.19997,0.00065,0.70601,-0.00009,0.70821,1,5,0.99622,0.01045,-0.05889,-0.06293,0.06338,0.04237,0.81158,0,0
1766094332.534286,-0.01678,-0.00942,-0.00992,0.00040,0.00000,-0.00074,0.56713,-0.00055,0.19997,0.00065,0.70601,-0.00009,0.70821,1,5,0.99622,0.01045,-0.05889,-0.06293,0.06338,0.04237,0.81158,0,0
1766094332.536424,-0.00216,-0.01506,-0.01727,0.00186,0.00073,0.00018,0.56713,-0.00055,0.19997,0.00065,0.70601,-0.00009,0.70821,1,5,0.99622,0.01045,-0.05889,-0.06293,0.06338,0.04237,0.81158,0,0
1766094332.538330,-0.00929,-0.00023,0.04286,0.00095,0.00092,-0.00058,0.56713,-0.00055,0.19997,0.00065,0.70601,-0.00009,0.70821,1,5,0.99622,0.01045,-0.05889,-0.06293,0.06338,0.04237,0.81158,0,0
1766094332.540311,-0.01445,-0.00652,-0.01000,0.00218,-0.00003,-0.00061,0.56713,-0.00055,0.19997,0.00065,0.70601,-0.00009,0.70821,1,5,0.99622,0.01045,-0.05889,-0.06293,0.06338,0.04237,0.81158,0,0
1766094332.542206,-0.01750,0.00480,0.01252,0.00057,0.00077,-0.00032,0.56713,-0.00055,0.19997,0.00065,0.70601,-0.00009,0.70821,1,5,0.99622,0.01045,-0.05889,-0.06293,0.06338,0.04237,0.81158,0,0
1766094332.544204,-0.00025,0.00475,-0.01026,0.00035,0.00018,-0.00036,0.56713,-0.00055,0.19997,0.00065,0.70601,-0.00009,0.70821,1,5,0.99622,0.01045,-0.05889,-0.06293,0.06338,0.04237,0.81158,0,0
1766094332.546202,0.00025,0.00905,0.02765,-0.00047,0.00068,-0.00006,0.56713,-0.00055,0.19997,0.00065,0.70601,-0.00009,0.70821,1,5,0.99622,0.01045,-0.05889,-0.06293,0.06338,0.04237,0.81158,0,0
1766094332.548197,0.00379,-0.00309,-0.01739,0.00004,0.00028,0.00044,0.56713,-0.00055,0.19997,0.00065,0.70601,-0.00009,0.70821,1,5,0.99622,0.01045,-0.05889,-0.06293,0.06338,0.04237,0.81158,0,0
1766094332.550198,0.00683,-0.00927,-0.01006,0.00215,-0.00028,-0.00076,0.56713,-0.00055,0.19997,0.00065,0.70601,-0.00009,0.70821,1,5,0.99622,0.01045,-0.05889,-0.06293,0.06338,0.04237,0.81158,0,0
1766094332.552197,-0.00414,0.01653,-0.02588,-0.00016,0.00085,-0.00050,0.56713,-0.00055,0.19997,0.00065,0.70601,-0.00009,0.70821,1,5,0.99622,0.01045,-0.05889,-0.06293,0.06338,0.04237,0.81158,0,0
1766094332.554212,0.00451,0.01256,-0.01035,0.00001,-0.00065,-0.00036,0.56713,-0.00055,0.19997,0.00065,0.70601,-0.00009,0.70821,1,5,0.99622,0.01045,-0.05889,-0.06293,0.06338,0.04237,0.81158,0,0
1766094332.556190,-0.00119,-0.00931,-0.03280,0.00171,-0.00018,-0.00077,0.56713,-0.00055,0.19997,0.00065,0.70601,-0.00009,0.70821,1,5,0.99622,0.01045,-0.05889,-0.06293,0.06338,0.04237,0.81158,0,0
1766094332.558212,-0.02144,-0.02201,0.03613,0.00046,0.00046,-0.00016,0.56713,-0.00055,0.19997,0.00065,0.70601,-0.00009,0.70821,1,5,0.99617,0.01049,-0.05796,-0.06456,0.06337,0.04237,0.81155,0,0
1766094332.560233,-0.01427,-0.00179,-0.03281,0.00180,-0.00003,-0.00036,0.56713,-0.00055,0.19997,0.00065,0.70601,-0.00009,0.70821,1,5,0.99617,0.01049,-0.05796,-0.06456,0.06337,0.04237,0.81155,0,0
1766094332.562223,-0.00977,-0.00472,0.00547,0.00111,0.00006,0.00034,0.56713,-0.00055,0.19997,0.00065,0.70601,-0.00009,0.70821,1,5,0.99617,0.01049,-0.05796,-0.06456,0.06337,0.04237,0.81155,0,0
1766094332.564282,-0.00071,-0.00095,-0.00227,0.00007,0.00084,0.00059,0.56713,-0.00055,0.19997,0.00065,0.70601,-0.00009,0.70821,1,5,0.99617,0.01049,-0.05796,-0.06456,0.06337,0.04237,0.81155,0,0
1766094332.566241,-0.02663,-0.01416,-0.01721,0.00143,0.00026,-0.00020,0.56713,-0.00055,0.19997,0.00065,0.70601,-0.00009,0.70821,1,5,0.99617,0.01049,-0.05796,-0.06456,0.06337,0.04237,0.81155,0,0
1766094332.568232,0.00409,0.02707,-0.02617,0.00041,-0.00002,-0.00078,0.56713,-0.00055,0.19997,0.00065,0.70601,-0.00009,0.70821,1,5,0.99617,0.01049,-0.05796,-0.06456,0.06337,0.04237,0.81155,0,0
1766094332.570225,0.00032,-0.00566,0.01285,-0.00043,0.00056,-0.00007,0.56713,-0.00055,0.19997,0.00065,0.70601,-0.00009,0.70821,1,5,0.99617,0.01049,-0.05796,-0.06456,0.06337,0.04237,0.81155,0,0
1766094332.572235,-0.00117,0.01409,-0.02561,0.00069,0.00083,0.00017,0.56713,-0.00055,0.19997,0.00065,0.70601,-0.00009,0.70821,1,5,0.99617,0.01049,-0.05796,-0.06456,0.06337,0.04237,0.81155,0,0
1766094332.574339,-0.00340,0.00221,-0.03278,-0.00077,-0.00016,-0.00010,0.56713,-0.00055,0.19997,0.00065,0.70601,-0.00009,0.70821,1,5,0.99617,0.01049,-0.05796,-0.06456,0.06337,0.04237,0.81155,0,0
1766094332.576219,-0.01034,-0.00170,0.03567,-0.00147,-0.00123,-0.00070,0.56713,-0.00055,0.19997,0.00065,0.70601,-0.00009,0.70821,1,5,0.99617,0.01049,-0.05796,-0.06456,0.06337,0.04237,0.81155,0,0
1766094332.578228,-0.00665,-0.01790,-0.00197,0.00183,0.00130,0.00047,0.56713,-0.00055,0.19997,0.00065,0.70601,-0.00009,0.70821,1,5,0.99617,0.01049,-0.05796,-0.06456,0.06337,0.04237,0.81155,0,0
1766094332.580237,-0.00602,0.01240,-0.02571,0.00176,0.00050,-0.00037,0.56713,-0.00055,0.19997,0.00065,0.70601,-0.00009,0.70821,1,5,0.99617,0.01049,-0.05796,-0.06456,0.06337,0.04237,0.81155,0,0
1766094332.582235,0.00005,0.01907,-0.00291,-0.00035,0.00042,0.00005,0.56713,-0.00055,0.19997,0.00065,0.70601,-0.00009,0.70821,1,5,0.99617,0.01049,-0.05796,-0.06456,0.06337,0.04237,0.81155,0,0
1766094332.584220,0.00419,0.00739,0.01256,0.00017,-0.00026,-0.00021,0.56713,-0.00055,0.19997,0.00065,0.70601,-0.00009,0.70821,1,5,0.99617,0.01049,-0.05796,-0.06456,0.06337,0.04237,0.81155,0,0
1766094332.586228,-0.00520,0.00567,0.03590,-0.00269,-0.00204,0.00010,0.56713,-0.00055,0.19997,0.00065,0.70601,-0.00009,0.70821,1,5,0.99617,0.01049,-0.05796,-0.06456,0.06337,0.04237,0.81155,0,0
1766094332.588220,0.00283,-0.00559,0.01323,-0.00283,-0.00060,0.00034,0.56713,-0.00055,0.19997,0.00065,0.70601,-0.00009,0.70821,1,5,0.99617,0.01049,-0.05796,-0.06456,0.06337,0.04237,0.81155,0,0
1766094332.590256,-0.00959,-0.00248,0.02078,-0.00279,-0.00097,0.00009,0.56713,-0.00055,0.19997,0.00065,0.70601,-0.00009,0.70821,1,5,0.99617,0.01049,-0.05796,-0.06456,0.06337,0.04237,0.81155,0,0
1766094332.592238,0.00017,0.01377,0.02001,-0.00063,0.00081,0.00020,0.56713,-0.00055,0.19997,0.00065,0.70601,-0.00009,0.70821,1,5,0.99617,0.01049,-0.05796,-0.06456,0.06337,0.04237,0.81155,0,0
1766094332.594240,-0.01411,-0.01128,-0.00977,0.00191,-0.00040,-0.00047,0.56713,-0.00055,0.19997,0.00065,0.70601,-0.00009,0.70821,1,5,0.99617,0.01049,-0.05796,-0.06456,0.06337,0.04237,0.81155,0,0
1766094332.596258,0.00396,0.00678,-0.01033,0.00016,0.00051,-0.00023,0.56713,-0.00055,0.19997,0.00065,0.70601,-0.00009,0.70821,1,5,0.99615,0.01050,-0.05931,-0.06362,0.06335,0.04235,0.81124,0,0
1766094332.598266,0.01084,-0.00288,-0.00265,0.00179,0.00068,-0.00036,0.56713,-0.00055,0.19997,0.00065,0.70601,-0.00009,0.70821,1,5,0.99615,0.01050,-0.05931,-0.06362,0.06335,0.04235,0.81124,0,0
1766094332.600251,0.01261,0.01142,-0.01038,-0.00022,0.00041,0.00003,0.56713,-0.00055,0.19997,0.00065,0.70601,-0.00009,0.70821,1,5,0.99615,0.01050,-0.05931,-0.06362,0.06335,0.04235,0.81124,0,0
1766094332.602248,-0.01330,0.01306,-0.01032,0.00089,-0.00043,-0.00034,0.56713,-0.00055,0.19997,0.00065,0.70601,-0.00009,0.70821,1,5,0.99615,0.01050,-0.05931,-0.06362,0.06335,0.04235,0.81124,0,0
1766094332.604748,-0.01209,-0.02737,0.03631,-0.00047,0.00035,-0.00003,0.56713,-0.00055,0.19997,0.00065,0.70601,-0.00009,0.70821,1,5,0.99615,0.01050,-0.05931,-0.06362,0.06335,0.04235,0.81124,0,0
1766094332.606275,0.00446,-0.00253,0.02053,-0.00017,-0.00037,0.00007,0.56713,-0.00055,0.19997,0.00065,0.70601,-0.00009,0.70821,1,5,0.99615,0.01050,-0.05931,-0.06362,0.06335,0.04235,0.81124,0,0
1766094332.608249,-0.00499,-0.00227,-0.01023,0.00114,0.00024,-0.00075,0.56713,-0.00055,0.19997,0.00065,0.70601,-0.00009,0.70821,1,5,0.99615,0.01050,-0.05931,-0.06362,0.06335,0.04235,0.81124,0,0
1766094332.610267,-0.00210,0.00505,-0.02554,0.00210,0.00046,-0.00037,0.56713,-0.00055,0.19997,0.00065,0.70601,-0.00009,0.70821,1,5,0.99615,0.01050,-0.05931,-0.06362,0.06335,0.04235,0.81124,0,0
1766094332.612307,-0.00965,-0.00271,0.03611,-0.00301,-0.00083,0.00051,0.56713,-0.00055,0.19997,0.00065,0.70601,-0.00009,0.70821,1,5,0.99615,0.01050,-0.05931,-0.06362,0.06335,0.04235,0.81124,0,0
1766094332.614345,-0.01359,-0.00140,-0.02492,0.00115,-0.00092,0.00005,0.56713,-0.00055,0.19997,0.00065,0.70601,-0.00009,0.70821,1,5,0.99615,0.01050,-0.05931,-0.06362,0.06335,0.04235,0.81124,0,0
1766094332.616369,-0.01250,-0.00801,0.01306,-0.00046,0.00072,0.00022,0.56713,-0.00055,0.19997,0.00065,0.70601,-0.00009,0.70821,1,5,0.99615,0.01050,-0.05931,-0.06362,0.06335,0.04235,0.81124,0,0
1766094332.618262,-0.01350,-0.02222,0.02086,0.00090,0.00061,-0.00018,0.56713,-0.00055,0.19997,0.00065,0.70601,-0.00009,0.70821,1,5,0.99615,0.01050,-0.05931,-0.06362,0.06335,0.04235,0.81124,0,0
1766094332.620268,-0.01300,0.00747,-0.03281,0.00017,-0.00004,0.00018,0.56713,-0.00055,0.19997,0.00065,0.70601,-0.00009,0.70821,1,5,0.99615,0.01050,-0.05931,-0.06362,0.06335,0.04235,0.81124,0,0
1766094332.622273,0.00822,-0.00040,-0.00234,0.00007,-0.00004,0.00018,0.56713,-0.00055,0.19997,0.00065,0.70601,-0.00009,0.70821,1,5,0.99615,0.01050,-0.05931,-0.06362,0.06335,0.04235,0.81124,0,0
1766094332.624262,-0.01775,-0.01019,0.00544,0.00061,0.00091,0.00008,0.56713,-0.00055,0.19997,0.00065,0.70601,-0.00009,0.70821,1,5,0.99615,0.01050,-0.05931,-0.06362,0.06335,0.04235,0.81124,0,0
1766094332.626269,-0.00642,-0.01158,-0.02489,0.00234,-0.00024,-0.00009,0.56713,-0.00055,0.19997,0.00065,0.70601,-0.00009,0.70821,1,5,0.99615,0.01050,-0.05931,-0.06362,0.06335,0.04235,0.81124,0,0
1766094332.628262,-0.00553,-0.00446,0.02843,-0.00238,-0.00152,-0.00004,0.56713,-0.00055,0.19997,0.00065,0.70601,-0.00009,0.70821,1,5,0.99615,0.01050,-0.05931,-0.06362,0.06335,0.04235,0.81124,0,0
1766094332.630268,-0.00005,0.01447,0.02010,-0.00018,0.00005,0.00020,0.56713,-0.00055,0.19997,0.00065,0.70601,-0.00009,0.70821,1,5,0.99615,0.01050,-0.05931,-0.06362,0.06335,0.04235,0.81124,0,0
1766094332.632277,-0.00021,-0.00929,0.02803,0.00084,-0.00045,-0.00072,0.56713,-0.00055,0.19997,0.00065,0.70601,-0.00009,0.70821,1,5,0.99615,0.01064,-0.05999,-0.06306,0.06337,0.04238,0.81157,0,0
1766094332.634274,-0.01820,-0.01997,-0.00199,0.00115,0.00105,-0.00006,0.56713,-0.00055,0.19997,0.00065,0.70601,-0.00009,0.70821,1,5,0.99615,0.01064,-0.05999,-0.06306,0.06337,0.04238,0.81157,0,0
1766094332.636271,0.00440,0.00164,-0.03293,-0.00034,0.00051,-0.00011,0.56713,-0.00055,0.19997,0.00065,0.70601,-0.00009,0.70821,1,5,0.99615,0.01064,-0.05999,-0.06306,0.06337,0.04238,0.81157,0,0
1766094332.638282,-0.00173,0.02955,-0.00332,0.00153,0.00043,-0.00022,0.56713,-0.00055,0.19997,0.00065,0.70601,-0.00009,0.70821,1,5,0.99615,0.01064,-0.05999,-0.06306,0.06337,0.04238,0.81157,0,0
1766094332.640656,-0.00022,0.00051,-0.00237,0.00052,-0.00070,-0.00021,0.56713,-0.00055,0.19997,0.00065,0.70601,-0.00009,0.70821,1,5,0.99615,0.01064,-0.05999,-0.06306,0.06337,0.04238,0.81157,0,0
1766094332.642296,-0.01947,0.01040,-0.02568,0.00260,0.00066,-0.00049,0.56713,-0.00055,0.19997,0.00065,0.70601,-0.00009,0.70821,1,5,0.99615,0.01064,-0.05999,-0.06306,0.06337,0.04238,0.81157,0,0
1766094332.644284,0.00391,0.00157,0.00517,-0.00012,0.00065,0.00033,0.56713,-0.00055,0.19997,0.00065,0.70601,-0.00009,0.70821,1,5,0.99615,0.01064,-0.05999,-0.06306,0.06337,0.04238,0.81157,0,0
1766094332.646296,0.00426,0.01748,0.01241,0.00007,-0.00064,-0.00007,0.56713,-0.00055,0.19997,0.00065,0.70601,-0.00009,0.70821,1,5,0.99615,0.01064,-0.05999,-0.06306,0.06337,0.04238,0.81157,0,0
1766094332.648659,0.00404,0.01189,-0.01031,0.00000,0.00013,0.00004,0.56713,-0.00055,0.19997,0.00065,0.70601,-0.00009,0.70821,1,5,0.99615,0.01064,-0.05999,-0.06306,0.06337,0.04238,0.81157,0,0
1766094332.650284,0.01091,-0.01768,-0.03246,0.00161,0.00045,0.00002,0.56713,-0.00055,0.19997,0.00065,0.70601,-0.00009,0.70821,1,5,0.99615,0.01064,-0.05999,-0.06306,0.06337,0.04238,0.81157,0,0
1766094332.652278,-0.01480,-0.01252,-0.00983,0.00189,0.00113,-0.00007,0.56713,-0.00055,0.19997,0.00065,0.70601,-0.00009,0.70821,1,5,0.99615,0.01064,-0.05999,-0.06306,0.06337,0.04238,0.81157,0,0
1766094332.654295,-0.00121,-0.01998,-0.01737,0.00136,0.00072,-0.00049,0.56713,-0.00055,0.19997,0.00065,0.70601,-0.00009,0.70821,1,5,0.99615,0.01064,-0.05999,-0.06306,0.06337,0.04238,0.81157,0,0
1766094332.656304,0.00380,-0.00796,0.02059,0.00020,0.00040,0.00021,0.56713,-0.00055,0.19997,0.00065,0.70601,-0.00009,0.70821,1,5,0.99615,0.01064,-0.05999,-0.06306,0.06337,0.04238,0.81157,0,0
1766094332.658322,-0.00127,-0.01030,0.00537,0.00105,0.00072,0.00006,0.56713,-0.00055,0.19997,0.00065,0.70601,-0.00009,0.70821,1,5,0.99615,0.01064,-0.05999,-0.06306,0.06337,0.04238,0.81157,0,0
1766094332.660283,0.00481,0.01207,0.00479,-0.00043,-0.00014,-0.00035,0.56713,-0.00055,0.19997,0.00065,0.70601,-0.00009,0.70821,1,5,0.99615,0.01064,-0.05999,-0.06306,0.06337,0.04238,0.81157,0,0
1766094332.662278,-0.00958,-0.00489,-0.00214,0.00089,0.00018,0.00034,0.56713,-0.00055,0.19997,0.00065,0.70601,-0.00009,0.70821,1,5,0.99615,0.01064,-0.05999,-0.06306,0.06337,0.04238,0.81157,0,0
1766094332.664283,-0.01785,-0.01899,-0.02477,0.00137,-0.00010,-0.00048,0.56713,-0.00055,0.19997,0.00065,0.70601,-0.00009,0.70821,1,5,0.99615,0.01064,-0.05999,-0.06306,0.06337,0.04238,0.81157,0,0
1766094332.666301,0.00796,0.01445,-0.00273,0.00025,-0.00005,0.00018,0.56713,-0.00055,0.19997,0.00065,0.70601,-0.00009,0.70821,1,5,0.99615,0.01064,-0.05999,-0.06306,0.06337,0.04238,0.81157,0,0
1766094332.668366,-0.01334,0.00232,-0.04046,0.00054,0.00047,-0.00010,0.56713,-0.00055,0.19997,0.00065,0.70601,-0.00009,0.70821,1,5,0.99606,0.01051,-0.06221,-0.06240,0.06336,0.04235,0.81142,0,0
1766094332.670390,-0.01720,-0.00939,0.00560,0.00040,-0.00023,0.00008,0.56713,-0.00055,0.19997,0.00065,0.70601,-0.00009,0.70821,1,5,0.99606,0.01051,-0.06221,-0.06240,0.06336,0.04235,0.81142,0,0
1766094332.672323,0.00372,0.00174,0.01278,0.00010,0.00052,0.00033,0.56713,-0.00055,0.19997,0.00065,0.70601,-0.00009,0.70821,1,5,0.99606,0.01051,-0.06221,-0.06240,0.06336,0.04235,0.81142,0,0
1766094332.674314,-0.00351,-0.00222,0.02027,-0.00017,-0.00029,-0.00073,0.56713,-0.00055,0.19997,0.00065,0.70601,-0.00009,0.70821,1,5,0.99606,0.01051,-0.06221,-0.06240,0.06336,0.04235,0.81142,0,0
1766094332.676305,0.00778,0.00470,-0.00253,0.00057,-0.00004,0.00005,0.56713,-0.00055,0.19997,0.00065,0.70601,-0.00009,0.70821,1,5,0.99606,0.01051,-0.06221,-0.06240,0.06336,0.04235,0.81142,0,0
1766094332.678315,-0.00291,0.00216,0.06615,-0.00142,-0.00029,0.00039,0.56713,-0.00055,0.19997,0.00065,0.70601,-0.00009,0.70821,1,5,0.99606,0.01051,-0.06221,-0.06240,0.06336,0.04235,0.81142,0,0
1766094332.680587,0.00847,0.01458,0.00474,0.00004,-0.00019,-0.00022,0.56713,-0.00055,0.19997,0.00065,0.70601,-0.00009,0.70821,1,5,0.99606,0.01051,-0.06221,-0.06240,0.06336,0.04235,0.81142,0,0
1766094332.682314,0.00861,0.01494,-0.01038,0.00004,-0.00070,-0.00023,0.56713,-0.00055,0.19997,0.00065,0.70601,-0.00009,0.70821,1,5,0.99606,0.01051,-0.06221,-0.06240,0.06336,0.04235,0.81142,0,0
1766094332.684442,-0.00594,-0.00726,-0.01754,0.00174,0.00039,-0.00022,0.56713,-0.00055,0.19997,0.00065,0.70601,-0.00009,0.70821,1,5,0.99606,0.01051,-0.06221,-0.06240,0.06336,0.04235,0.81142,0,0
1766094332.686353,-0.00395,0.00280,0.00506,0.00011,-0.00041,-0.00047,0.56713,-0.00055,0.19997,0.00065,0.70601,-0.00009,0.70821,1,5,0.99606,0.01051,-0.06221,-0.06240,0.06336,0.04235,0.81142,0,0
1766094332.688315,-0.00856,0.01518,0.00485,0.00026,-0.00036,-0.00020,0.56713,-0.00055,0.19997,0.00065,0.70601,-0.00009,0.70821,1,5,0.99606,0.01051,-0.06221,-0.06240,0.06336,0.04235,0.81142,0,0
1766094332.690338,-0.01651,0.00046,-0.00991,-0.00014,-0.00038,-0.00020,0.56713,-0.00055,0.19997,0.00065,0.70601,-0.00009,0.70821,1,5,0.99606,0.01051,-0.06221,-0.06240,0.06336,0.04235,0.81142,0,0
1766094332.692414,-0.00043,-0.00015,-0.01749,0.00030,-0.00006,0.00018,0.56713,-0.00055,0.19997,0.00065,0.70601,-0.00009,0.70821,1,5,0.99606,0.01051,-0.06221,-0.06240,0.06336,0.04235,0.81142,0,0
1766094332.694294,0.00694,0.00026,-0.02548,0.00183,-0.00003,-0.00064,0.56713,-0.00055,0.19997,0.00065,0.70601,-0.00009,0.70821,1,5,0.99606,0.01051,-0.06221,-0.06240,0.06336,0.04235,0.81142,0,0
1766094332.696294,-0.00058,0.01444,-0.00291,0.00047,0.00043,-0.00022,0.56713,-0.00055,0.19997,0.00065,0.70601,-0.00009,0.70821,1,5,0.99606,0.01051,-0.06221,-0.06240,0.06336,0.04235,0.81142,0,0
1766094332.698302,0.00235,0.01632,0.00449,0.00137,0.00141,-0.00009,0.56713,-0.00055,0.19997,0.00065,0.70601,-0.00009,0.70821,1,5,0.99606,0.01051,-0.06221,-0.06240,0.06336,0.04235,0.81142,0,0
1766094332.700313,-0.00083,0.00945,0.01244,0.00063,0.00057,-0.00007,0.56713,-0.00055,0.19997,0.00065,0.70601,-0.00009,0.70821,1,5,0.99606,0.01051,-0.06221,-0.06240,0.06336,0.04235,0.81142,0,0
1766094332.702307,-0.01017,0.00557,-0.03301,0.00189,-0.00008,-0.00037,0.56713,-0.00055,0.19997,0.00065,0.70601,-0.00009,0.70821,1,5,0.99606,0.01051,-0.06221,-0.06240,0.06336,0.04235,0.81142,0,0
1766094332.704309,-0.01286,-0.00767,0.02827,-0.00002,0.00047,0.00023,0.56713,-0.00055,0.19997,0.00065,0.70601,-0.00009,0.70821,1,5,0.99601,0.01030,-0.06253,-0.06288,0.06335,0.04235,0.81123,0,0
1766094332.706303,0.01712,0.03412,0.01193,-0.00038,-0.00043,0.00004,0.56713,-0.00055,0.19997,0.00065,0.70601,-0.00009,0.70821,1,5,0.99601,0.01030,-0.06253,-0.06288,0.06335,0.04235,0.81123,0,0
1766094332.708308,0.01147,0.01407,0.02767,-0.00281,-0.00060,-0.00020,0.56713,-0.00055,0.19997,0.00065,0.70601,-0.00009,0.70821,1,5,0.99601,0.01030,-0.06253,-0.06288,0.06335,0.04235,0.81123,0,0
1766094332.710382,0.00012,0.01934,0.00455,-0.00012,0.00029,-0.00035,0.56713,-0.00055,0.19997,0.00065,0.70601,-0.00009,0.70821,1,5,0.99601,0.01030,-0.06253,-0.06288,0.06335,0.04235,0.81123,0,0
1766094332.712337,0.01214,0.00456,0.02815,-0.00336,-0.00136,0.00008,0.56713,-0.00055,0.19997,0.00065,0.70601,-0.00009,0.70821,1,5,0.99601,0.01030,-0.06253,-0.06288,0.06335,0.04235,0.81123,0,0
1766094332.714321,0.00802,0.01468,-0.01806,0.00048,-0.00018,-0.00024,0.56713,-0.00055,0.19997,0.00065,0.70601,-0.00009,0.70821,1,5,0.99601,0.01030,-0.06253,-0.06288,0.06335,0.04235,0.81123,0,0
1766094332.716326,0.00319,0.00660,-0.02543,0.00060,0.00078,0.00016,0.56713,-0.00055,0.19997,0.00065,0.70601,-0.00009,0.70821,1,5,0.99601,0.01030,-0.06253,-0.06288,0.06335,0.04235,0.81123,0,0
1766094332.718333,-0.00170,0.00467,0.02036,0.00123,0.00046,0.00048,0.56713,-0.00055,0.19997,0.00065,0.70601,-0.00009,0.70821,1,5,0.99601,0.01030,-0.06253,-0.06288,0.06335,0.04235,0.81123,0,0
1766094332.720324,-0.00134,0.00013,-0.04808,0.00139,0.00007,-0.00025,0.56713,-0.00055,0.19997,0.00065,0.70601,-0.00009,0.70821,1,5,0.99601,0.01030,-0.06253,-0.06288,0.06335,0.04235,0.81123,0,0
1766094332.722316,0.00026,0.00982,0.00480,-0.00002,-0.00009,-0.00048,0.56713,-0.00055,0.19997,0.00065,0.70601,-0.00009,0.70821,1,5,0.99601,0.01030,-0.06253,-0.06288,0.06335,0.04235,0.81123,0,0
1766094332.724320,-0.00900,-0.01445,0.01315,0.00078,-0.00008,-0.00019,0.56713,-0.00055,0.19997,0.00065,0.70601,-0.00009,0.70821,1,5,0.99601,0.01030,-0.06253,-0.06288,0.06335,0.04235,0.81123,0,0
1766094332.726327,-0.00123,-0.00720,0.04376,-0.00263,-0.00144,0.00024,0.56713,-0.00055,0.19997,0.00065,0.70601,-0.00009,0.70821,1,5,0.99601,0.01030,-0.06253,-0.06288,0.06335,0.04235,0.81123,0,0
1766094332.728314,-0.01018,0.01716,0.04294,-0.00234,-0.00060,-0.00003,0.56713,-0.00055,0.19997,0.00065,0.70601,-0.00009,0.70821,1,5,0.99601,0.01030,-0.06253,-0.06288,0.06335,0.04235,0.81123,0,0
1766094332.730348,-0.00764,0.00440,-0.01004,-0.00096,0.00028,0.00006,0.56713,-0.00055,0.19997,0.00065,0.70601,-0.00009,0.70821,1,5,0.99601,0.01030,-0.06253,-0.06288,0.06335,0.04235,0.81123,0,0
1766094332.732325,-0.02282,-0.00380,0.05872,-0.00172,-0.00145,-0.00040,0.56713,-0.00055,0.19997,0.00065,0.70601,-0.00009,0.70821,1,5,0.99601,0.01030,-0.06253,-0.06288,0.06335,0.04235,0.81123,0,0
1766094332.734317,0.00814,0.00935,-0.01792,0.00019,0.00021,-0.00010,0.56713,-0.00055,0.19997,0.00065,0.70601,-0.00009,0.70821,1,5,0.99601,0.01030,-0.06253,-0.06288,0.06335,0.04235,0.81123,0,0
1766094332.736328,0.00573,0.01175,0.04314,-0.00174,-0.00040,0.00049,0.56713,-0.00055,0.19997,0.00065,0.70601,-0.00009,0.70821,1,5,0.99601,0.01030,-0.06253,-0.06288,0.06335,0.04235,0.81123,0,0
1766094332.738332,-0.02036,0.00240,0.06598,-0.00077,0.00030,-0.00000,0.56713,-0.00055,0.19997,0.00065,0.70601,-0.00009,0.70821,1,5,0.99601,0.01030,-0.06253,-0.06288,0.06335,0.04235,0.81123,0,0
1766094332.740339,-0.00399,0.02185,-0.01062,-0.00031,0.00021,-0.00022,0.56713,-0.00055,0.19997,0.00065,0.70601,-0.00009,0.70821,1,5,0.99598,0.01050,-0.06072,-0.06498,0.06337,0.04238,0.81147,0,0
1766094332.742334,0.00697,-0.00238,0.03594,-0.00235,-0.00142,0.00009,0.56713,-0.00055,0.19997,0.00065,0.70601,-0.00009,0.70821,1,5,0.99598,0.01050,-0.06072,-0.06498,0.06337,0.04238,0.81147,0,0
1766094332.744329,-0.00576,-0.00245,-0.02532,0.00158,0.00051,-0.00036,0.56713,-0.00055,0.19997,0.00065,0.70601,-0.00009,0.70821,1,5,0.99598,0.01050,-0.06072,-0.06498,0.06337,0.04238,0.81147,0,0
1766094332.746359,-0.01078,0.00582,-0.01765,0.00233,-0.00032,0.00005,0.56713,-0.00055,0.19997,0.00065,0.70601,-0.00009,0.70821,1,5,0.99598,0.01050,-0.06072,-0.06498,0.06337,0.04238,0.81147,0,0
1766094332.748356,-0.00871,0.00479,-0.02525,0.00014,0.00016,0.00005,0.56713,-0.00055,0.19997,0.00065,0.70601,-0.00009,0.70821,1,5,0.99598,0.01050,-0.06072,-0.06498,0.06337,0.04238,0.81147,0,0
1766094332.750365,-0.02228,-0.01666,-0.01721,0.00140,0.00021,-0.00033,0.56713,-0.00055,0.19997,0.00065,0.70601,-0.00009,0.70821,1,5,0.99598,0.01050,-0.06072,-0.06498,0.06337,0.04238,0.81147,0,0
1766094332.752341,-0.00918,-0.00576,-0.00983,0.00023,0.00107,0.00033,0.56713,-0.00055,0.19997,0.00065,0.70601,-0.00009,0.70821,1,5,0.99598,0.01050,-0.06072,-0.06498,0.06337,0.04238,0.81147,0,0
1766094332.754368,-0.01781,0.00263,0.00546,-0.00295,-0.00100,-0.00005,0.56713,-0.00055,0.19997,0.00065,0.70601,-0.00009,0.70821,1,5,0.99598,0.01050,-0.06072,-0.06498,0.06337,0.04238,0.81147,0,0
1766094332.756361,-0.01324,-0.00659,-0.03270,0.00109,-0.00042,-0.00063,0.56713,-0.00055,0.19997,0.00065,0.70601,-0.00009,0.70821,1,5,0.99598,0.01050,-0.06072,-0.06498,0.06337,0.04238,0.81147,0,0
1766094332.758342,-0.00193,0.01904,0.01972,0.00140,0.00121,0.00006,0.56713,-0.00055,0.19997,0.00065,0.70601,-0.00009,0.70821,1,5,0.99598,0.01050,-0.06072,-0.06498,0.06337,0.04238,0.81147,0,0
1766094332.760358,-0.01006,0.00530,-0.01804,0.00189,0.00042,-0.00076,0.56713,-0.00055,0.19997,0.00065,0.70601,-0.00009,0.70821,1,5,0.99598,0.01050,-0.06072,-0.06498,0.06337,0.04238,0.81147,0,0
1766094332.762353,-0.01026,0.01325,0.02809,-0.00195,-0.00186,0.00010,0.56713,-0.00055,0.19997,0.00065,0.70601,-0.00009,0.70821,1,5,0.99598,0.01050,-0.06072,-0.06498,0.06337,0.04238,0.81147,0,0
1766094332.764346,0.00362,-0.00289,0.01300,0.00026,0.00015,0.00047,0.56713,-0.00055,0.19997,0.00065,0.70601,-0.00009,0.70821,1,5,0.99598,0.01050,-0.06072,-0.06498,0.06337,0.04238,0.81147,0,0
1766094332.766439,-0.01762,0.00141,-0.00984,0.00119,-0.00113,-0.00020,0.56713,-0.00055,0.19997,0.00065,0.70601,-0.00009,0.70821,1,5,0.99598,0.01050,-0.06072,-0.06498,0.06337,0.04238,0.81147,0,0
1766094332.768439,-0.01414,0.00282,-0.00248,0.00142,0.00022,-0.00007,0.56713,-0.00055,0.19997,0.00065,0.70601,-0.00009,0.70821,1,5,0.99598,0.01050,-0.06072,-0.06498,0.06337,0.04238,0.81147,0,0
1766094332.770344,-0.00795,-0.01074,0.01322,-0.00093,0.00068,0.00048,0.56713,-0.00055,0.19997,0.00065,0.70601,-0.00009,0.70821,1,5,0.99598,0.01050,-0.06072,-0.06498,0.06337,0.04238,0.81147,0,0
1766094332.772356,0.00169,0.00457,0.03578,-0.00183,-0.00060,0.00049,0.56713,-0.00055,0.19997,0.00065,0.70601,-0.00009,0.70821,1,5,0.99598,0.01050,-0.06072,-0.06498,0.06337,0.04238,0.81147,0,0
1766094332.774348,-0.00155,-0.01893,-0.01723,0.00203,-0.00042,-0.00049,0.56713,-0.00055,0.19997,0.00065,0.70601,-0.00009,0.70821,1,5,0.99598,0.01050,-0.06072,-0.06498,0.06337,0.04238,0.81147,0,0
1766094332.776344,-0.00896,-0.02367,0.02122,0.00088,-0.00096,0.00009,0.56713,-0.00055,0.19997,0.00065,0.70601,-0.00009,0.70821,1,5,0.99606,0.01071,-0.06026,-0.06425,0.06336,0.04238,0.81142,0,0
1766094332.778366,-0.00304,-0.00735,0.05101,-0.00088,-0.00041,-0.00016,0.56713,-0.00055,0.19997,0.00065,0.70601,-0.00009,0.70821,1,5,0.99606,0.01071,-0.06026,-0.06425,0.06336,0.04238,0.81142,0,0
1766094332.780379,-0.01878,0.02028,-0.01840,0.00207,0.00051,-0.00076,0.56713,-0.00055,0.19997,0.00065,0.70601,-0.00009,0.70821,1,5,0.99606,0.01071,-0.06026,-0.06425,0.06336,0.04238,0.81142,0,0
1766094332.782407,0.00168,0.00217,-0.01768,0.00207,0.00068,0.00031,0.56713,-0.00055,0.19997,0.00065,0.70601,-0.00009,0.70821,1,5,0.99606,0.01071,-0.06026,-0.06425,0.06336,0.04238,0.81142,0,0
1766094332.784380,0.02016,0.00950,0.03570,-0.00308,-0.00159,0.00034,0.56713,-0.00055,0.19997,0.00065,0.70601,-0.00009,0.70821,1,5,0.99606,0.01071,-0.06026,-0.06425,0.06336,0.04238,0.81142,0,0
1766094332.786367,0.00789,0.00929,0.00501,0.00019,0.00021,0.00032,0.56713,-0.00055,0.19997,0.00065,0.70601,-0.00009,0.70821,1,5,0.99606,0.01071,-0.06026,-0.06425,0.06336,0.04238,0.81142,0,0
1766094332.788413,0.00859,0.00925,0.00488,-0.00025,0.00020,-0.00008,0.56713,-0.00055,0.19997,0.00065,0.70601,-0.00009,0.70821,1,5,0.99606,0.01071,-0.06026,-0.06425,0.06336,0.04238,0.81142,0,0
1766094332.790491,0.00248,-0.00187,-0.02526,0.00202,-0.00036,-0.00037,0.56713,-0.00055,0.19997,0.00065,0.70601,-0.00009,0.70821,1,5,0.99606,0.01071,-0.06026,-0.06425,0.06336,0.04238,0.81142,0,0
1766094332.792384,-0.00482,0.00663,-0.00260,0.00016,0.00087,0.00019,0.56713,-0.00055,0.19997,0.00065,0.70601,-0.00009,0.70821,1,5,0.99606,0.01071,-0.06026,-0.06425,0.06336,0.04238,0.81142,0,0
1766094332.794367,-0.01788,0.00010,-0.01766,0.00095,0.00052,-0.00021,0.56713,-0.00055,0.19997,0.00065,0.70601,-0.00009,0.70821,1,5,0.99606,0.01071,-0.06026,-0.06425,0.06336,0.04238,0.81142,0,0
1766094332.796375,0.00012,-0.00054,-0.00251,-0.00015,0.00043,-0.00021,0.56713,-0.00055,0.19997,0.00065,0.70601,-0.00009,0.70821,1,5,0.99606,0.01071,-0.06026,-0.06425,0.06336,0.04238,0.81142,0,0
1766094332.798369,-0.00217,0.00490,0.00481,0.00210,0.00071,-0.00035,0.56713,-0.00055,0.19997,0.00065,0.70601,-0.00009,0.70821,1,5,0.99606,0.01071,-0.06026,-0.06425,0.06336,0.04238,0.81142,0,0
1766094332.800394,0.00324,0.01309,-0.04074,0.00133,-0.00088,-0.00038,0.56713,-0.00055,0.19997,0.00065,0.70601,-0.00009,0.70821,1,5,0.99606,0.01071,-0.06026,-0.06425,0.06336,0.04238,0.81142,0,0
1766094332.802379,-0.00104,0.00381,-0.00251,0.00034,0.00122,0.00046,0.56713,-0.00055,0.19997,0.00065,0.70601,-0.00009,0.70821,1,5,0.99606,0.01071,-0.06026,-0.06425,0.06336,0.04238,0.81142,0,0
1766094332.804384,-0.00027,-0.00108,-0.00226,-0.00037,0.00083,0.00059,0.56713,-0.00055,0.19997,0.00065,0.70601,-0.00009,0.70821,1,5,0.99606,0.01071,-0.06026,-0.06425,0.06336,0.04238,0.81142,0,0
1766094332.806371,0.00881,-0.00014,0.00534,-0.00036,-0.00055,0.00019,0.56713,-0.00055,0.19997,0.00065,0.70601,-0.00009,0.70821,1,5,0.99606,0.01071,-0.06026,-0.06425,0.06336,0.04238,0.81142,0,0
1766094332.808391,0.00445,0.01241,0.02000,0.00001,-0.00039,-0.00034,0.56713,-0.00055,0.19997,0.00065,0.70601,-0.00009,0.70821,1,5,0.99606,0.01071,-0.06026,-0.06425,0.06336,0.04238,0.81142,0,0
1766094332.810404,-0.01483,-0.01940,0.06652,-0.00147,-0.00052,-0.00040,0.56713,-0.00055,0.19997,0.00065,0.70601,-0.00009,0.70821,1,5,0.99606,0.01071,-0.06026,-0.06425,0.06336,0.04238,0.81142,0,0
1766094332.812398,0.00380,0.01265,-0.01798,0.00067,-0.00051,-0.00037,0.56713,-0.00055,0.19997,0.00065,0.70601,-0.00009,0.70821,1,5,0.99595,0.01074,-0.06082,-0.06528,0.06335,0.04236,0.81124,0,0
1766094332.814395,-0.01850,-0.00957,-0.00971,0.00149,0.00042,0.00007,0.56713,-0.00055,0.19997,0.00065,0.70601,-0.00009,0.70821,1,5,0.99595,0.01074,-0.06082,-0.06528,0.06335,0.04236,0.81124,0,0
1766094332.816404,0.01547,0.02177,0.05807,-0.00271,-0.00116,0.00023,0.56713,-0.00055,0.19997,0.00065,0.70601,-0.00009,0.70821,1,5,0.99595,0.01074,-0.06082,-0.06528,0.06335,0.04236,0.81124,0,0
1766094332.818550,-0.00109,-0.01047,-0.00224,0.00083,0.00084,0.00006,0.56713,-0.00055,0.19997,0.00065,0.70601,-0.00009,0.70821,1,5,0.99595,0.01074,-0.06082,-0.06528,0.06335,0.04236,0.81124,0,0
1766094332.820425,-0.02210,0.00803,-0.01794,0.00126,0.00018,-0.00061,0.56713,-0.00055,0.19997,0.00065,0.70601,-0.00009,0.70821,1,5,0.99595,0.01074,-0.06082,-0.06528,0.06335,0.04236,0.81124,0,0
1766094332.822419,-0.00922,0.00975,0.00490,0.00063,0.00041,-0.00007,0.56713,-0.00055,0.19997,0.00065,0.70601,-0.00009,0.70821,1,5,0.99595,0.01074,-0.06082,-0.06528,0.06335,0.04236,0.81124,0,0
1766094332.824414,-0.00871,-0.00518,-0.02490,0.00002,0.00017,0.00032,0.56713,-0.00055,0.19997,0.00065,0.70601,-0.00009,0.70821,1,5,0.99595,0.01074,-0.06082,-0.06528,0.06335,0.04236,0.81124,0,0
1766094332.826391,0.00335,0.00711,0.02005,0.00082,0.00039,-0.00020,0.56713,-0.00055,0.19997,0.00065,0.70601,-0.00009,0.70821,1,5,0.99595,0.01074,-0.06082,-0.06528,0.06335,0.04236,0.81124,0,0
1766094332.828396,0.00928,-0.00070,-0.00267,-0.00059,0.00032,-0.00063,0.56713,-0.00055,0.19997,0.00065,0.70601,-0.00009,0.70821,1,5,0.99595,0.01074,-0.06082,-0.06528,0.06335,0.04236,0.81124,0,0
1766094332.830392,0.00783,0.00412,0.01275,0.00013,0.00047,0.00046,0.56713,-0.00055,0.19997,0.00065,0.70601,-0.00009,0.70821,1,5,0.99595,0.01074,-0.06082,-0.06528,0.06335,0.04236,0.81124,0,0
1766094332.832406,-0.00398,0.01197,0.00475,-0.00021,0.00034,-0.00034,0.56713,-0.00055,0.19997,0.00065,0.70601,-0.00009,0.70821,1,5,0.99595,0.01074,-0.06082,-0.06528,0.06335,0.04236,0.81124,0,0
1766094332.834400,-0.00873,-0.00589,-0.00982,-0.00021,0.00106,0.00033,0.56713,-0.00055,0.19997,0.00065,0.70601,-0.00009,0.70821,1,5,0.99595,0.01074,-0.06082,-0.06528,0.06335,0.04236,0.81124,0,0
1766094332.836413,-0.01251,0.00693,0.01252,-0.00028,0.00071,-0.00019,0.56713,-0.00055,0.19997,0.00065,0.70601,-0.00009,0.70821,1,5,0.99595,0.01074,-0.06082,-0.06528,0.06335,0.04236,0.81124,0,0
1766094332.838395,0.00277,0.01679,0.04256,0.00116,0.00077,-0.00005,0.56713,-0.00055,0.19997,0.00065,0.70601,-0.00009,0.70821,1,5,0.99595,0.01074,-0.06082,-0.06528,0.06335,0.04236,0.81124,0,0
1766094332.840421,0.00278,0.00764,0.01231,0.00170,0.00013,-0.00061,0.56713,-0.00055,0.19997,0.00065,0.70601,-0.00009,0.70821,1,5,0.99595,0.01074,-0.06082,-0.06528,0.06335,0.04236,0.81124,0,0
1766094332.842417,-0.00625,0.01311,-0.02561,0.00220,-0.00026,-0.00037,0.56713,-0.00055,0.19997,0.00065,0.70601,-0.00009,0.70821,1,5,0.99595,0.01074,-0.06082,-0.06528,0.06335,0.04236,0.81124,0,0
1766094332.844410,0.00394,0.01228,0.01253,0.00023,-0.00025,0.00006,0.56713,-0.00055,0.19997,0.00065,0.70601,-0.00009,0.70821,1,5,0.99595,0.01074,-0.06082,-0.06528,0.06335,0.04236,0.81124,0,0
1766094332.846452,-0.00430,0.00173,0.01282,-0.00034,0.00062,0.00034,0.56713,-0.00055,0.19997,0.00065,0.70601,-0.00009,0.70821,1,5,0.99595,0.01074,-0.06082,-0.06528,0.06335,0.04236,0.81124,0,0
1766094332.848408,-0.00911,0.00940,0.00486,0.00041,0.00079,-0.00007,0.56713,-0.00055,0.19997,0.00065,0.70601,-0.00009,0.70821,1,5,0.99611,0.01033,-0.06039,-0.06340,0.06335,0.04236,0.81137,0,0
1766094332.850440,-0.00065,0.00919,-0.01019,0.00019,0.00057,0.00032,0.56713,-0.00055,0.19997,0.00065,0.70601,-0.00009,0.70821,1,5,0.99611,0.01033,-0.06039,-0.06340,0.06335,0.04236,0.81137,0,0
1766094332.852428,-0.00853,0.00963,-0.01025,-0.00002,0.00028,-0.00008,0.56713,-0.00055,0.19997,0.00065,0.70601,-0.00009,0.70821,1,5,0.99611,0.01033,-0.06039,-0.06340,0.06335,0.04236,0.81137,0,0
1766094332.854443,-0.00539,-0.00533,0.00534,-0.00261,-0.00039,-0.00046,0.56713,-0.00055,0.19997,0.00065,0.70601,-0.00009,0.70821,1,5,0.99611,0.01033,-0.06039,-0.06340,0.06335,0.04236,0.81137,0,0
1766094332.856426,-0.00442,0.00205,-0.00992,-0.00012,0.00024,0.00032,0.56713,-0.00055,0.19997,0.00065,0.70601,-0.00009,0.70821,1,5,0.99611,0.01033,-0.06039,-0.06340,0.06335,0.04236,0.81137,0,0
1766094332.858446,-0.01557,-0.00262,0.01253,0.00267,0.00151,-0.00033,0.56713,-0.00055,0.19997,0.00065,0.70601,-0.00009,0.70821,1,5,0.99611,0.01033,-0.06039,-0.06340,0.06335,0.04236,0.81137,0,0
1766094332.860425,-0.01026,0.00591,-0.00241,0.00190,-0.00058,0.00006,0.56713,-0.00055,0.19997,0.00065,0.70601,-0.00009,0.70821,1,5,0.99611,0.01033,-0.06039,-0.06340,0.06335,0.04236,0.81137,0,0
1766094332.862418,0.01200,0.00179,0.02036,0.00032,0.00030,0.00033,0.56713,-0.00055,0.19997,0.00065,0.70601,-0.00009,0.70821,1,5,0.99611,0.01033,-0.06039,-0.06340,0.06335,0.04236,0.81137,0,0
1766094332.864450,0.01237,-0.00353,0.00532,-0.00018,0.00055,0.00045,0.56713,-0.00055,0.19997,0.00065,0.70601,-0.00009,0.70821,1,5,0.99611,0.01033,-0.06039,-0.06340,0.06335,0.04236,0.81137,0,0
1766094332.866421,0.02185,0.02637,0.01192,-0.00069,-0.00011,-0.00036,0.56713,-0.00055,0.19997,0.00065,0.70601,-0.00009,0.70821,1,5,0.99611,0.01033,-0.06039,-0.06340,0.06335,0.04236,0.81137,0,0
1766094332.868409,-0.00068,0.00474,-0.01753,0.00036,-0.00006,0.00045,0.56713,-0.00055,0.19997,0.00065,0.70601,-0.00009,0.70821,1,5,0.99611,0.01033,-0.06039,-0.06340,0.06335,0.04236,0.81137,0,0
1766094332.870442,-0.01371,0.00283,0.00479,0.00142,0.00046,-0.00087,0.56713,-0.00055,0.19997,0.00065,0.70601,-0.00009,0.70821,1,5,0.99611,0.01033,-0.06039,-0.06340,0.06335,0.04236,0.81137,0,0
1766094332.872442,0.01350,0.01618,0.01226,-0.00104,0.00039,-0.00008,0.56713,-0.00055,0.19997,0.00065,0.70601,-0.00009,0.70821,1,5,0.99611,0.01033,-0.06039,-0.06340,0.06335,0.04236,0.81137,0,0
1766094332.874441,0.00807,0.01900,-0.01797,-0.00013,0.00021,0.00043,0.56713,-0.00055,0.19997,0.00065,0.70601,-0.00009,0.70821,1,5,0.99611,0.01033,-0.06039,-0.06340,0.06335,0.04236,0.81137,0,0
1766094332.876434,-0.00658,-0.01184,-0.02530,0.00277,0.00051,-0.00090,0.56713,-0.00055,0.19997,0.00065,0.70601,-0.00009,0.70821,1,5,0.99611,0.01033,-0.06039,-0.06340,0.06335,0.04236,0.81137,0,0
1766094332.878419,-0.00678,0.00739,0.01997,0.00235,0.00089,-0.00020,0.56713,-0.00055,0.19997,0.00065,0.70601,-0.00009,0.70821,1,5,0.99611,0.01033,-0.06039,-0.06340,0.06335,0.04236,0.81137,0,0
1766094332.880436,0.00418,0.00736,-0.01023,0.00017,-0.00025,-0.00022,0.56713,-0.00055,0.19997,0.00065,0.70601,-0.00009,0.70821,1,5,0.99611,0.01033,-0.06039,-0.06340,0.06335,0.04236,0.81137,0,0
1766094332.882420,0.00803,0.01463,-0.01029,0.00026,-0.00030,0.00017,0.56713,-0.00055,0.19997,0.00065,0.70601,-0.00009,0.70821,1,5,0.99611,0.01033,-0.06039,-0.06340,0.06335,0.04236,0.81137,0,0
1766094332.884436,-0.01397,-0.00730,-0.04028,0.00130,0.00049,-0.00023,0.56713,-0.00055,0.19997,0.00065,0.70601,-0.00009,0.70821,1,5,0.99598,0.01069,-0.06119,-0.06455,0.06336,0.04237,0.81138,0,0
1766094332.886435,0.01188,0.01207,-0.00274,0.00066,-0.00009,0.00004,0.56713,-0.00055,0.19997,0.00065,0.70601,-0.00009,0.70821,1,5,0.99598,0.01069,-0.06119,-0.06455,0.06336,0.04237,0.81138,0,0
1766094332.888430,-0.00940,-0.00506,-0.00974,0.00067,0.00031,0.00033,0.56713,-0.00055,0.19997,0.00065,0.70601,-0.00009,0.70821,1,5,0.99598,0.01069,-0.06119,-0.06455,0.06336,0.04237,0.81138,0,0
1766094332.890437,0.01305,0.01627,-0.01054,-0.00060,0.00039,-0.00010,0.56713,-0.00055,0.19997,0.00065,0.70601,-0.00009,0.70821,1,5,0.99598,0.01069,-0.06119,-0.06455,0.06336,0.04237,0.81138,0,0
1766094332.892425,0.00899,0.00957,-0.01764,-0.00068,-0.00056,0.00031,0.56713,-0.00055,0.19997,0.00065,0.70601,-0.00009,0.70821,1,5,0.99598,0.01069,-0.06119,-0.06455,0.06336,0.04237,0.81138,0,0
1766094332.894433,-0.00360,-0.01320,0.00545,-0.00074,0.00074,-0.00007,0.56713,-0.00055,0.19997,0.00065,0.70601,-0.00009,0.70821,1,5,0.99598,0.01069,-0.06119,-0.06455,0.06336,0.04237,0.81138,0,0
1766094332.896431,-0.01361,0.00653,-0.00263,0.00037,0.00136,0.00020,0.56713,-0.00055,0.19997,0.00065,0.70601,-0.00009,0.70821,1,5,0.99598,0.01069,-0.06119,-0.06455,0.06336,0.04237,0.81138,0,0
1766094332.898550,-0.00237,0.00419,-0.00255,0.00166,0.00123,0.00045,0.56713,-0.00055,0.19997,0.00065,0.70601,-0.00009,0.70821,1,5,0.99598,0.01069,-0.06119,-0.06455,0.06336,0.04237,0.81138,0,0
1766094332.900491,-0.01806,-0.00973,-0.03249,0.00105,0.00041,0.00005,0.56713,-0.00055,0.19997,0.00065,0.70601,-0.00009,0.70821,1,5,0.99598,0.01069,-0.06119,-0.06455,0.06336,0.04237,0.81138,0,0
1766094332.902483,-0.00120,0.00220,0.02813,-0.00274,-0.00082,-0.00005,0.56713,-0.00055,0.19997,0.00065,0.70601,-0.00009,0.70821,1,5,0.99598,0.01069,-0.06119,-0.06455,0.06336,0.04237,0.81138,0,0
1766094332.904543,-0.00051,0.00964,-0.01029,0.00041,0.00018,-0.00009,0.56713,-0.00055,0.19997,0.00065,0.70601,-0.00009,0.70821,1,5,0.99598,0.01069,-0.06119,-0.06455,0.06336,0.04237,0.81138,0,0
1766094332.906511,-0.00097,-0.00099,-0.00989,0.00029,0.00097,0.00059,0.56713,-0.00055,0.19997,0.00065,0.70601,-0.00009,0.70821,1,5,0.99598,0.01069,-0.06119,-0.06455,0.06336,0.04237,0.81138,0,0
1766094332.908481,0.00404,-0.01778,0.01303,0.00030,0.00052,-0.00034,0.56713,-0.00055,0.19997,0.00065,0.70601,-0.00009,0.70821,1,5,0.99598,0.01069,-0.06119,-0.06455,0.06336,0.04237,0.81138,0,0
1766094332.910557,0.00429,0.02688,-0.00322,-0.00003,-0.00002,-0.00036,0.56713,-0.00055,0.19997,0.00065,0.70601,-0.00009,0.70821,1,5,0.99598,0.01069,-0.06119,-0.06455,0.06336,0.04237,0.81138,0,0
1766094332.912496,-0.00943,0.01611,-0.03304,0.00136,-0.00124,-0.00023,0.56713,-0.00055,0.19997,0.00065,0.70601,-0.00009,0.70821,1,5,0.99598,0.01069,-0.06119,-0.06455,0.06336,0.04237,0.81138,0,0
1766094332.914627,0.00812,0.01850,0.01233,-0.00035,0.00084,0.00046,0.56713,-0.00055,0.19997,0.00065,0.70601,-0.00009,0.70821,1,5,0.99598,0.01069,-0.06119,-0.06455,0.06336,0.04237,0.81138,0,0
1766094332.916513,-0.01039,-0.00492,-0.04053,0.00198,0.00082,-0.00051,0.56713,-0.00055,0.19997,0.00065,0.70601,-0.00009,0.70821,1,5,0.99598,0.01069,-0.06119,-0.06455,0.06336,0.04237,0.81138,0,0
1766094332.918539,-0.00144,-0.01516,0.02092,0.00099,0.00048,0.00062,0.56713,-0.00055,0.19997,0.00065,0.70601,-0.00009,0.70821,1,5,0.99598,0.01069,-0.06119,-0.06455,0.06336,0.04237,0.81138,0,0
1766094332.920474,-0.00841,0.01430,0.01231,-0.00019,0.00065,-0.00020,0.56713,-0.00055,0.19997,0.00065,0.70601,-0.00009,0.70821,1,5,0.99603,0.01045,-0.06048,-0.06451,0.06337,0.04238,0.81154,0,0
1766094332.922469,-0.00859,0.00450,0.02028,-0.00009,0.00054,0.00008,0.56713,-0.00055,0.19997,0.00065,0.70601,-0.00009,0.70821,1,5,0.99603,0.01045,-0.06048,-0.06451,0.06337,0.04238,0.81154,0,0
1766094332.924509,0.01219,0.00154,-0.00227,-0.00012,0.00030,0.00072,0.56713,-0.00055,0.19997,0.00065,0.70601,-0.00009,0.70821,1,5,0.99603,0.01045,-0.06048,-0.06451,0.06337,0.04238,0.81154,0,0
1766094332.926570,0.00381,-0.00303,0.02818,0.00004,0.00027,0.00048,0.56713,-0.00055,0.19997,0.00065,0.70601,-0.00009,0.70821,1,5,0.99603,0.01045,-0.06048,-0.06451,0.06337,0.04238,0.81154,0,0
1766094332.928524,-0.01425,0.00815,-0.00261,0.00171,-0.00016,-0.00020,0.56713,-0.00055,0.19997,0.00065,0.70601,-0.00009,0.70821,1,5,0.99603,0.01045,-0.06048,-0.06451,0.06337,0.04238,0.81154,0,0
1766094332.930468,-0.00894,-0.00512,0.03585,0.00024,0.00030,0.00037,0.56713,-0.00055,0.19997,0.00065,0.70601,-0.00009,0.70821,1,5,0.99603,0.01045,-0.06048,-0.06451,0.06337,0.04238,0.81154,0,0
1766094332.932459,-0.00443,0.00708,-0.01787,0.00016,0.00036,-0.00022,0.56713,-0.00055,0.19997,0.00065,0.70601,-0.00009,0.70821,1,5,0.99603,0.01045,-0.06048,-0.06451,0.06337,0.04238,0.81154,0,0
1766094332.934460,0.00328,-0.01225,-0.04787,0.00124,0.00002,-0.00052,0.56713,-0.00055,0.19997,0.00065,0.70601,-0.00009,0.70821,1,5,0.99603,0.01045,-0.06048,-0.06451,0.06337,0.04238,0.81154,0,0
1766094332.936505,-0.00915,-0.01003,-0.02473,0.00039,0.00019,0.00045,0.56713,-0.00055,0.19997,0.00065,0.70601,-0.00009,0.70821,1,5,0.99603,0.01045,-0.06048,-0.06451,0.06337,0.04238,0.81154,0,0
1766094332.938475,0.00683,0.01831,-0.00298,0.00074,0.00149,0.00044,0.56713,-0.00055,0.19997,0.00065,0.70601,-0.00009,0.70821,1,5,0.99603,0.01045,-0.06048,-0.06451,0.06337,0.04238,0.81154,0,0
1766094332.940483,0.00170,-0.01041,0.01353,-0.00201,-0.00058,0.00088,0.56713,-0.00055,0.19997,0.00065,0.70601,-0.00009,0.70821,1,5,0.99603,0.01045,-0.06048,-0.06451,0.06337,0.04238,0.81154,0,0
1766094332.942469,-0.01790,-0.01429,-0.00185,0.00100,-0.00009,0.00021,0.56713,-0.00055,0.19997,0.00065,0.70601,-0.00009,0.70821,1,5,0.99603,0.01045,-0.06048,-0.06451,0.06337,0.04238,0.81154,0,0
1766094332.944484,0.02142,0.01649,0.02003,-0.00059,-0.00021,0.00032,0.56713,-0.00055,0.19997,0.00065,0.70601,-0.00009,0.70821,1,5,0.99603,0.01045,-0.06048,-0.06451,0.06337,0.04238,0.81154,0,0
1766094332.946490,-0.01728,0.00538,0.01263,0.00058,0.00000,-0.00032,0.56713,-0.00055,0.19997,0.00065,0.70601,-0.00009,0.70821,1,5,0.99603,0.01045,-0.06048,-0.06451,0.06337,0.04238,0.81154,0,0
1766094332.948488,0.01184,-0.00973,0.04359,-0.00266,-0.00161,-0.00031,0.56713,-0.00055,0.19997,0.00065,0.70601,-0.00009,0.70821,1,5,0.99603,0.01045,-0.06048,-0.06451,0.06337,0.04238,0.81154,0,0
1766094332.950486,0.01660,0.01914,-0.01054,0.00009,-0.00003,0.00003,0.56713,-0.00055,0.19997,0.00065,0.70601,-0.00009,0.70821,1,5,0.99603,0.01045,-0.06048,-0.06451,0.06337,0.04238,0.81154,0,0
1766094332.952490,-0.00883,0.01510,-0.02556,0.00048,-0.00023,-0.00023,0.56713,-0.00055,0.19997,0.00065,0.70601,-0.00009,0.70821,1,5,0.99603,0.01045,-0.06048,-0.06451,0.06337,0.04238,0.81154,0,0
1766094332.954485,-0.01832,0.00524,0.00494,0.00145,0.00052,-0.00033,0.56713,-0.00055,0.19997,0.00065,0.70601,-0.00009,0.70821,1,5,0.99603,0.01045,-0.06048,-0.06451,0.06337,0.04238,0.81154,0,0
1766094332.956480,-0.00809,-0.01403,-0.02468,0.00013,-0.00098,-0.00021,0.56713,-0.00055,0.19997,0.00065,0.70601,-0.00009,0.70821,1,5,0.99603,0.01045,-0.06048,-0.06451,0.06337,0.04238,0.81154,0,0
1766094332.958493,-0.01161,0.00928,0.01225,0.00259,0.00184,-0.00007,0.56713,-0.00055,0.19997,0.00065,0.70601,-0.00009,0.70821,1,5,0.99606,0.01061,-0.05933,-0.06510,0.06335,0.04237,0.81124,0,0
1766094332.960471,0.00765,-0.00069,0.02053,0.00029,0.00035,0.00060,0.56713,-0.00055,0.19997,0.00065,0.70601,-0.00009,0.70821,1,5,0.99606,0.01061,-0.05933,-0.06510,0.06335,0.04237,0.81124,0,0
1766094332.962495,-0.01856,0.00587,-0.04055,0.00189,-0.00023,-0.00036,0.56713,-0.00055,0.19997,0.00065,0.70601,-0.00009,0.70821,1,5,0.99606,0.01061,-0.05933,-0.06510,0.06335,0.04237,0.81124,0,0
1766094332.964543,-0.00247,-0.01449,-0.01738,0.00252,0.00035,-0.00022,0.56713,-0.00055,0.19997,0.00065,0.70601,-0.00009,0.70821,1,5,0.99606,0.01061,-0.05933,-0.06510,0.06335,0.04237,0.81124,0,0
1766094332.966486,-0.00202,-0.00307,0.06635,-0.00236,-0.00029,0.00052,0.56713,-0.00055,0.19997,0.00065,0.70601,-0.00009,0.70821,1,5,0.99606,0.01061,-0.05933,-0.06510,0.06335,0.04237,0.81124,0,0
1766094332.968498,-0.00518,0.00697,0.01261,0.00060,0.00062,0.00020,0.56713,-0.00055,0.19997,0.00065,0.70601,-0.00009,0.70821,1,5,0.99606,0.01061,-0.05933,-0.06510,0.06335,0.04237,0.81124,0,0
1766094332.970489,-0.01415,-0.00214,-0.03285,0.00158,0.00035,-0.00036,0.56713,-0.00055,0.19997,0.00065,0.70601,-0.00009,0.70821,1,5,0.99606,0.01061,-0.05933,-0.06510,0.06335,0.04237,0.81124,0,0
1766094332.972486,0.00740,0.01501,0.01232,0.00114,-0.00030,-0.00021,0.56713,-0.00055,0.19997,0.00065,0.70601,-0.00009,0.70821,1,5,0.99606,0.01061,-0.05933,-0.06510,0.06335,0.04237,0.81124,0,0
1766094332.974508,-0.00569,-0.00717,-0.01768,0.00174,0.00038,-0.00062,0.56713,-0.00055,0.19997,0.00065,0.70601,-0.00009,0.70821,1,5,0.99606,0.01061,-0.05933,-0.06510,0.06335,0.04237,0.81124,0,0
1766094332.976572,-0.00587,-0.00210,-0.02527,0.00180,0.00013,-0.00036,0.56713,-0.00055,0.19997,0.00065,0.70601,-0.00009,0.70821,1,5,0.99606,0.01061,-0.05933,-0.06510,0.06335,0.04237,0.81124,0,0
1766094332.978583,-0.01809,-0.00045,0.00502,0.00094,0.00129,-0.00019,0.56713,-0.00055,0.19997,0.00065,0.70601,-0.00009,0.70821,1,5,0.99606,0.01061,-0.05933,-0.06510,0.06335,0.04237,0.81124,0,0
1766094332.980548,-0.00031,0.01941,0.01230,0.00010,0.00017,0.00006,0.56713,-0.00055,0.19997,0.00065,0.70601,-0.00009,0.70821,1,5,0.99606,0.01061,-0.05933,-0.06510,0.06335,0.04237,0.81124,0,0
1766094332.982598,-0.01922,0.00543,-0.04067,0.00233,0.00054,-0.00037,0.56713,-0.00055,0.19997,0.00065,0.70601,-0.00009,0.70821,1,5,0.99606,0.01061,-0.05933,-0.06510,0.06335,0.04237,0.81124,0,0
1766094332.984594,0.01116,0.00229,-0.02555,0.00164,0.00030,-0.00052,0.56713,-0.00055,0.19997,0.00065,0.70601,-0.00009,0.70821,1,5,0.99606,0.01061,-0.05933,-0.06510,0.06335,0.04237,0.81124,0,0
1766094332.986568,-0.01404,0.00380,-0.01009,0.00187,-0.00080,-0.00048,0.56713,-0.00055,0.19997,0.00065,0.70601,-0.00009,0.70821,1,5,0.99606,0.01061,-0.05933,-0.06510,0.06335,0.04237,0.81124,0,0
1766094332.988566,0.01086,-0.00718,-0.04033,0.00196,-0.00019,-0.00025,0.56713,-0.00055,0.19997,0.00065,0.70601,-0.00009,0.70821,1,5,0.99606,0.01061,-0.05933,-0.06510,0.06335,0.04237,0.81124,0,0
1766094332.990558,-0.00560,-0.00473,0.02097,-0.00260,-0.00139,0.00036,0.56713,-0.00055,0.19997,0.00065,0.70601,-0.00009,0.70821,1,5,0.99606,0.01061,-0.05933,-0.06510,0.06335,0.04237,0.81124,0,0
1766094332.992524,0.00081,0.00441,-0.00282,-0.00053,0.00041,-0.00075,0.56713,-0.00055,0.19997,0.00065,0.70601,-0.00009,0.70821,1,5,0.99606,0.01061,-0.05933,-0.06510,0.06335,0.04237,0.81124,0,0
1766094332.994561,0.00270,-0.00249,-0.01033,0.00179,0.00052,-0.00076,0.56713,-0.00055,0.19997,0.00065,0.70601,-0.00009,0.70821,1,5,0.99606,0.01061,-0.05933,-0.06510,0.06335,0.04237,0.81124,0,0
1766094332.996640,0.00736,0.00659,-0.00993,-0.00312,-0.00067,0.00018,0.56713,-0.00055,0.19997,0.00065,0.70601,-0.00009,0.70821,1,5,0.99606,0.01061,-0.05933,-0.06510,0.06335,0.04237,0.81124,0,0
1766094332.998634,0.00697,0.00019,0.01284,0.00139,-0.00028,0.00019,0.56713,-0.00055,0.19997,0.00065,0.70601,-0.00009,0.70821,1,5,0.99622,0.01050,-0.05738,-0.06431,0.06337,0.04238,0.81156,0,0
1766094333.000637,-0.00063,-0.00074,0.01295,0.00007,0.00058,0.00061,0.56713,-0.00055,0.19997,0.00065,0.70601,-0.00009,0.70821,1,5,0.99622,0.01050,-0.05738,-0.06431,0.06337,0.04238,0.81156,0,0
1766094333.002573,-0.00090,0.01417,0.00480,0.00047,0.00069,0.00019,0.56713,-0.00055,0.19997,0.00065,0.70601,-0.00009,0.70821,1,5,0.99622,0.01050,-0.05738,-0.06431,0.06337,0.04238,0.81156,0,0
1766094333.004592,-0.00612,0.00518,0.02816,-0.00204,-0.00114,0.00009,0.56713,-0.00055,0.19997,0.00065,0.70601,-0.00009,0.70821,1,5,0.99622,0.01050,-0.05738,-0.06431,0.06337,0.04238,0.81156,0,0
1766094333.006618,0.00389,0.00660,-0.00277,0.00016,0.00076,-0.00022,0.56713,-0.00055,0.19997,0.00065,0.70601,-0.00009,0.70821,1,5,0.99622,0.01050,-0.05738,-0.06431,0.06337,0.04238,0.81156,0,0
1766094333.008562,-0.01921,-0.00442,-0.00250,0.00243,0.00067,-0.00047,0.56713,-0.00055,0.19997,0.00065,0.70601,-0.00009,0.70821,1,5,0.99622,0.01050,-0.05738,-0.06431,0.06337,0.04238,0.81156,0,0
1766094333.010625,0.00207,0.00761,-0.03313,0.00214,0.00015,-0.00025,0.56713,-0.00055,0.19997,0.00065,0.70601,-0.00009,0.70821,1,5,0.99622,0.01050,-0.05738,-0.06431,0.06337,0.04238,0.81156,0,0
1766094333.012614,0.00865,0.01441,-0.00286,-0.00018,-0.00006,-0.00023,0.56713,-0.00055,0.19997,0.00065,0.70601,-0.00009,0.70821,1,5,0.99622,0.01050,-0.05738,-0.06431,0.06337,0.04238,0.81156,0,0
1766094333.014556,-0.00115,-0.00486,-0.02547,0.00155,0.00044,-0.00091,0.56713,-0.00055,0.19997,0.00065,0.70601,-0.00009,0.70821,1,5,0.99622,0.01050,-0.05738,-0.06431,0.06337,0.04238,0.81156,0,0
1766094333.016554,-0.01349,-0.01158,-0.01736,0.00125,-0.00028,-0.00048,0.56713,-0.00055,0.19997,0.00065,0.70601,-0.00009,0.70821,1,5,0.99622,0.01050,-0.05738,-0.06431,0.06337,0.04238,0.81156,0,0
1766094333.018569,0.00276,-0.00320,-0.00230,0.00091,0.00080,0.00045,0.56713,-0.00055,0.19997,0.00065,0.70601,-0.00009,0.70821,1,5,0.99622,0.01050,-0.05738,-0.06431,0.06337,0.04238,0.81156,0,0
1766094333.020518,-0.01869,0.00053,-0.02525,0.00183,0.00028,-0.00022,0.56713,-0.00055,0.19997,0.00065,0.70601,-0.00009,0.70821,1,5,0.99622,0.01050,-0.05738,-0.06431,0.06337,0.04238,0.81156,0,0
1766094333.022528,-0.02153,0.00260,0.00499,0.00054,0.00056,-0.00046,0.56713,-0.00055,0.19997,0.00065,0.70601,-0.00009,0.70821,1,5,0.99622,0.01050,-0.05738,-0.06431,0.06337,0.04238,0.81156,0,0
1766094333.024526,-0.01311,-0.00687,0.01283,0.00087,-0.00004,-0.00059,0.56713,-0.00055,0.19997,0.00065,0.70601,-0.00009,0.70821,1,5,0.99622,0.01050,-0.05738,-0.06431,0.06337,0.04238,0.81156,0,0
1766094333.026702,-0.00054,0.01889,0.00443,0.00031,0.00106,-0.00035,0.56713,-0.00055,0.19997,0.00065,0.70601,-0.00009,0.70821,1,5,0.99622,0.01050,-0.05738,-0.06431,0.06337,0.04238,0.81156,0,0
1766094333.028622,0.00461,-0.00843,0.00539,-0.00068,0.00065,0.00019,0.56713,-0.00055,0.19997,0.00065,0.70601,-0.00009,0.70821,1,5,0.99622,0.01050,-0.05738,-0.06431,0.06337,0.04238,0.81156,0,0
1766094333.030600,-0.01833,-0.00479,-0.04028,0.00133,0.00054,-0.00009,0.56713,-0.00055,0.19997,0.00065,0.70601,-0.00009,0.70821,1,5,0.99622,0.01050,-0.05738,-0.06431,0.06337,0.04238,0.81156,0,0
1766094333.032758,0.00365,0.00646,0.00514,-0.00006,0.00065,0.00059,0.56713,-0.00055,0.19997,0.00065,0.70601,-0.00009,0.70821,1,5,0.99618,0.01033,-0.05762,-0.06476,0.06337,0.04238,0.81145,0,0
1766094333.034570,-0.01382,-0.01682,-0.04003,0.00140,0.00011,-0.00036,0.56713,-0.00055,0.19997,0.00065,0.70601,-0.00009,0.70821,1,5,0.99618,0.01033,-0.05762,-0.06476,0.06337,0.04238,0.81145,0,0
1766094333.036560,0.00322,-0.00248,-0.01011,0.00114,0.00014,-0.00036,0.56713,-0.00055,0.19997,0.00065,0.70601,-0.00009,0.70821,1,5,0.99618,0.01033,-0.05762,-0.06476,0.06337,0.04238,0.81145,0,0
1766094333.038581,-0.00616,-0.00734,0.03595,0.00152,0.00027,0.00063,0.56713,-0.00055,0.19997,0.00065,0.70601,-0.00009,0.70821,1,5,0.99618,0.01033,-0.05762,-0.06476,0.06337,0.04238,0.81145,0,0
1766094333.040562,-0.00202,0.00028,-0.01014,0.00205,0.00021,-0.00022,0.56713,-0.00055,0.19997,0.00065,0.70601,-0.00009,0.70821,1,5,0.99618,0.01033,-0.05762,-0.06476,0.06337,0.04238,0.81145,0,0
1766094333.042585,0.00309,0.02188,0.00464,0.00078,0.00026,0.00018,0.56713,-0.00055,0.19997,0.00065,0.70601,-0.00009,0.70821,1,5,0.99618,0.01033,-0.05762,-0.06476,0.06337,0.04238,0.81145,0,0
1766094333.044594,0.00331,-0.01486,0.03633,-0.00294,-0.00136,0.00023,0.56713,-0.00055,0.19997,0.00065,0.70601,-0.00009,0.70821,1,5,0.99618,0.01033,-0.05762,-0.06476,0.06337,0.04238,0.81145,0,0
1766094333.046603,-0.00879,0.01457,-0.01805,0.00025,0.00040,-0.00022,0.56713,-0.00055,0.19997,0.00065,0.70601,-0.00009,0.70821,1,5,0.99618,0.01033,-0.05762,-0.06476,0.06337,0.04238,0.81145,0,0
1766094333.048602,-0.01094,0.01037,-0.04829,0.00239,0.00018,-0.00011,0.56713,-0.00055,0.19997,0.00065,0.70601,-0.00009,0.70821,1,5,0.99618,0.01033,-0.05762,-0.06476,0.06337,0.04238,0.81145,0,0
1766094333.050631,-0.00879,0.01457,-0.01805,0.00025,0.00040,-0.00022,0.56713,-0.00055,0.19997,0.00065,0.70601,-0.00009,0.70821,1,5,0.99618,0.01033,-0.05762,-0.06476,0.06337,0.04238,0.81145,0,0
1766094333.052561,-0.00468,-0.00790,-0.02495,0.00020,0.00051,0.00018,0.56713,-0.00055,0.19997,0.00065,0.70601,-0.00009,0.70821,1,5,0.99618,0.01033,-0.05762,-0.06476,0.06337,0.04238,0.81145,0,0
1766094333.054538,0.00487,-0.00839,0.01301,-0.00090,0.00052,0.00020,0.56713,-0.00055,0.19997,0.00065,0.70601,-0.00009,0.70821,1,5,0.99618,0.01033,-0.05762,-0.06476,0.06337,0.04238,0.81145,0,0
1766094333.056515,0.02186,0.00155,0.02783,-0.00077,0.00004,-0.00008,0.56713,-0.00055,0.19997,0.00065,0.70601,-0.00009,0.70821,1,5,0.99618,0.01033,-0.05762,-0.06476,0.06337,0.04238,0.81145,0,0
1766094333.058541,-0.00984,-0.00490,0.01303,0.00111,0.00031,0.00035,0.56713,-0.00055,0.19997,0.00065,0.70601,-0.00009,0.70821,1,5,0.99618,0.01033,-0.05762,-0.06476,0.06337,0.04238,0.81145,0,0
1766094333.060537,0.00327,0.02171,-0.00297,0.00056,0.00038,0.00018,0.56713,-0.00055,0.19997,0.00065,0.70601,-0.00009,0.70821,1,5,0.99618,0.01033,-0.05762,-0.06476,0.06337,0.04238,0.81145,0,0
1766094333.062533,0.01564,0.01918,-0.02579,0.00097,0.00024,0.00001,0.56713,-0.00055,0.19997,0.00065,0.70601,-0.00009,0.70821,1,5,0.99618,0.01033,-0.05762,-0.06476,0.06337,0.04238,0.81145,0,0
1766094333.064586,-0.00951,-0.00961,0.00550,0.00105,0.00005,0.00007,0.56713,-0.00055,0.19997,0.00065,0.70601,-0.00009,0.70821,1,5,0.99618,0.01033,-0.05762,-0.06476,0.06337,0.04238,0.81145,0,0
1766094333.066643,0.00293,0.00375,-0.04826,0.00209,-0.00113,-0.00093,0.56713,-0.00055,0.19997,0.00065,0.70601,-0.00009,0.70821,1,5,0.99618,0.01033,-0.05762,-0.06476,0.06337,0.04238,0.81145,0,0
1766094333.068624,0.00711,0.01406,-0.03305,0.00069,0.00048,0.00056,0.56713,-0.00055,0.19997,0.00065,0.70601,-0.00009,0.70821,1,5,0.99618,0.01033,-0.05762,-0.06476,0.06337,0.04238,0.81145,0,0
1766094333.070760,0.00448,0.01185,0.00473,-0.00022,0.00024,-0.00035,0.56713,-0.00055,0.19997,0.00065,0.70601,-0.00009,0.70821,1,5,0.99633,0.01053,-0.05610,-0.06373,0.06338,0.04240,0.81170,0,0
1766094333.072753,0.00491,0.01296,-0.01785,-0.00020,-0.00128,-0.00036,0.56713,-0.00055,0.19997,0.00065,0.70601,-0.00009,0.70821,1,5,0.99633,0.01053,-0.05610,-0.06373,0.06338,0.04240,0.81170,0,0
1766094333.074624,-0.00145,0.00554,-0.03319,0.00189,-0.00019,-0.00078,0.56713,-0.00055,0.19997,0.00065,0.70601,-0.00009,0.70821,1,5,0.99633,0.01053,-0.05610,-0.06373,0.06338,0.04240,0.81170,0,0
1766094333.076613,-0.00903,-0.00957,-0.05539,0.00083,-0.00008,-0.00038,0.56713,-0.00055,0.19997,0.00065,0.70601,-0.00009,0.70821,1,5,0.99633,0.01053,-0.05610,-0.06373,0.06338,0.04240,0.81170,0,0
1766094333.078609,-0.02640,-0.01483,0.00548,0.00099,0.00102,-0.00018,0.56713,-0.00055,0.19997,0.00065,0.70601,-0.00009,0.70821,1,5,0.99633,0.01053,-0.05610,-0.06373,0.06338,0.04240,0.81170,0,0
1766094333.080774,-0.02441,0.00634,0.02066,-0.00050,-0.00156,0.00010,0.56713,-0.00055,0.19997,0.00065,0.70601,-0.00009,0.70821,1,5,0.99633,0.01053,-0.05610,-0.06373,0.06338,0.04240,0.81170,0,0
1766094333.082772,-0.00627,0.00741,-0.01036,0.00192,0.00063,-0.00022,0.56713,-0.00055,0.19997,0.00065,0.70601,-0.00009,0.70821,1,5,0.99633,0.01053,-0.05610,-0.06373,0.06338,0.04240,0.81170,0,0
1766094333.084677,-0.01317,-0.01212,0.00554,0.00059,0.00010,-0.00006,0.56713,-0.00055,0.19997,0.00065,0.70601,-0.00009,0.70821,1,5,0.99633,0.01053,-0.05610,-0.06373,0.06338,0.04240,0.81170,0,0
1766094333.086777,-0.00546,0.01188,-0.01797,0.00088,0.00075,0.00004,0.56713,-0.00055,0.19997,0.00065,0.70601,-0.00009,0.70821,1,5,0.99633,0.01053,-0.05610,-0.06373,0.06338,0.04240,0.81170,0,0
1766094333.088634,-0.00857,0.00037,0.01263,0.00052,-0.00010,-0.00060,0.56713,-0.00055,0.19997,0.00065,0.70601,-0.00009,0.70821,1,5,0.99633,0.01053,-0.05610,-0.06373,0.06338,0.04240,0.81170,0,0
1766094333.090686,-0.01932,0.00083,-0.01766,0.00249,0.00016,-0.00021,0.56713,-0.00055,0.19997,0.00065,0.70601,-0.00009,0.70821,1,5,0.99633,0.01053,-0.05610,-0.06373,0.06338,0.04240,0.81170,0,0
1766094333.092556,-0.01023,-0.00947,-0.00990,0.00193,0.00031,-0.00034,0.56713,-0.00055,0.19997,0.00065,0.70601,-0.00009,0.70821,1,5,0.99633,0.01053,-0.05610,-0.06373,0.06338,0.04240,0.81170,0,0
1766094333.094561,0.01745,0.01945,0.00476,-0.00056,-0.00068,0.00004,0.56713,-0.00055,0.19997,0.00065,0.70601,-0.00009,0.70821,1,5,0.99633,0.01053,-0.05610,-0.06373,0.06338,0.04240,0.81170,0,0
1766094333.096611,0.01730,-0.00077,-0.01773,-0.00037,0.00010,-0.00024,0.56713,-0.00055,0.19997,0.00065,0.70601,-0.00009,0.70821,1,5,0.99633,0.01053,-0.05610,-0.06373,0.06338,0.04240,0.81170,0,0
1766094333.098690,-0.01379,-0.01310,0.01294,0.00079,0.00150,-0.00005,0.56713,-0.00055,0.19997,0.00065,0.70601,-0.00009,0.70821,1,5,0.99633,0.01053,-0.05610,-0.06373,0.06338,0.04240,0.81170,0,0
1766094333.100668,-0.00998,-0.00448,-0.02525,0.00177,0.00018,-0.00049,0.56713,-0.00055,0.19997,0.00065,0.70601,-0.00009,0.70821,1,5,0.99633,0.01053,-0.05610,-0.06373,0.06338,0.04240,0.81170,0,0
1766094333.102620,0.00689,-0.00758,0.02089,-0.00242,-0.00116,0.00021,0.56713,-0.00055,0.19997,0.00065,0.70601,-0.00009,0.70821,1,5,0.99633,0.01053,-0.05610,-0.06373,0.06338,0.04240,0.81170,0,0
1766094333.104609,0.00001,0.01462,-0.01025,-0.00018,-0.00020,0.00018,0.56713,-0.00055,0.19997,0.00065,0.70601,-0.00009,0.70821,1,5,0.99633,0.01053,-0.05610,-0.06373,0.06338,0.04240,0.81170,0,0
1766094333.106731,-0.00063,0.00497,-0.03285,0.00058,-0.00019,0.00003,0.56713,-0.00055,0.19997,0.00065,0.70601,-0.00009,0.70821,1,5,0.99633,0.01053,-0.05610,-0.06373,0.06338,0.04240,0.81170,0,0
1766094333.108593,0.00241,-0.01694,-0.02493,0.00206,0.00004,-0.00037,0.56713,-0.00055,0.19997,0.00065,0.70601,-0.00009,0.70821,1,5,0.99623,0.01056,-0.05911,-0.06257,0.06337,0.04236,0.81146,0,0
1766094333.110665,-0.01403,0.00491,0.04318,-0.00249,-0.00055,-0.00029,0.56713,-0.00055,0.19997,0.00065,0.70601,-0.00009,0.70821,1,5,0.99623,0.01056,-0.05911,-0.06257,0.06337,0.04236,0.81146,0,0
1766094333.112666,-0.00003,0.01524,-0.00274,0.00026,-0.00072,-0.00022,0.56713,-0.00055,0.19997,0.00065,0.70601,-0.00009,0.70821,1,5,0.99623,0.01056,-0.05911,-0.06257,0.06337,0.04236,0.81146,0,0
1766094333.114561,0.01293,0.02169,0.00434,-0.00010,0.00013,-0.00063,0.56713,-0.00055,0.19997,0.00065,0.70601,-0.00009,0.70821,1,5,0.99623,0.01056,-0.05911,-0.06257,0.06337,0.04236,0.81146,0,0
1766094333.116574,0.01223,-0.00810,-0.03278,0.00042,0.00042,-0.00025,0.56713,-0.00055,0.19997,0.00065,0.70601,-0.00009,0.70821,1,5,0.99623,0.01056,-0.05911,-0.06257,0.06337,0.04236,0.81146,0,0
1766094333.118699,-0.00512,0.00723,0.02007,0.00082,0.00049,-0.00019,0.56713,-0.00055,0.19997,0.00065,0.70601,-0.00009,0.70821,1,5,0.99623,0.01056,-0.05911,-0.06257,0.06337,0.04236,0.81146,0,0
1766094333.120666,-0.00961,-0.00972,-0.02526,0.00149,0.00055,-0.00076,0.56713,-0.00055,0.19997,0.00065,0.70601,-0.00009,0.70821,1,5,0.99623,0.01056,-0.05911,-0.06257,0.06337,0.04236,0.81146,0,0
1766094333.122785,-0.00959,0.00508,-0.00249,0.00101,0.00017,0.00006,0.56713,-0.00055,0.19997,0.00065,0.70601,-0.00009,0.70821,1,5,0.99623,0.01056,-0.05911,-0.06257,0.06337,0.04236,0.81146,0,0
1766094333.124646,-0.00590,-0.00053,0.00546,-0.00255,-0.00037,0.00021,0.56713,-0.00055,0.19997,0.00065,0.70601,-0.00009,0.70821,1,5,0.99623,0.01056,-0.05911,-0.06257,0.06337,0.04236,0.81146,0,0
1766094333.126590,-0.00683,0.00296,-0.01792,0.00273,0.00038,-0.00049,0.56713,-0.00055,0.19997,0.00065,0.70601,-0.00009,0.70821,1,5,0.99623,0.01056,-0.05911,-0.06257,0.06337,0.04236,0.81146,0,0
1766094333.128601,-0.00934,0.02006,0.00459,0.00098,0.00002,-0.00034,0.56713,-0.00055,0.19997,0.00065,0.70601,-0.00009,0.70821,1,5,0.99623,0.01056,-0.05911,-0.06257,0.06337,0.04236,0.81146,0,0
1766094333.130575,-0.00430,0.00672,0.01264,-0.00028,0.00061,0.00020,0.56713,-0.00055,0.19997,0.00065,0.70601,-0.00009,0.70821,1,5,0.99623,0.01056,-0.05911,-0.06257,0.06337,0.04236,0.81146,0,0
1766094333.132578,-0.00430,-0.00818,0.00541,-0.00024,0.00075,0.00020,0.56713,-0.00055,0.19997,0.00065,0.70601,-0.00009,0.70821,1,5,0.99623,0.01056,-0.05911,-0.06257,0.06337,0.04236,0.81146,0,0
1766094333.134589,0.00420,-0.00756,0.01309,-0.00001,-0.00024,0.00020,0.56713,-0.00055,0.19997,0.00065,0.70601,-0.00009,0.70821,1,5,0.99623,0.01056,-0.05911,-0.06257,0.06337,0.04236,0.81146,0,0
1766094333.136581,0.00895,0.01389,-0.01051,-0.00063,0.00044,-0.00023,0.56713,-0.00055,0.19997,0.00065,0.70601,-0.00009,0.70821,1,5,0.99623,0.01056,-0.05911,-0.06257,0.06337,0.04236,0.81146,0,0
1766094333.138705,-0.02904,-0.02653,0.07442,-0.00025,-0.00008,0.00002,0.56713,-0.00055,0.19997,0.00065,0.70601,-0.00009,0.70821,1,5,0.99623,0.01056,-0.05911,-0.06257,0.06337,0.04236,0.81146,0,0
1766094333.140677,0.00781,0.01904,-0.01057,0.00031,0.00046,0.00003,0.56713,-0.00055,0.19997,0.00065,0.70601,-0.00009,0.70821,1,5,0.99623,0.01056,-0.05911,-0.06257,0.06337,0.04236,0.81146,0,0
1766094333.142657,-0.00100,0.00038,-0.02523,0.00117,-0.00031,-0.00023,0.56713,-0.00055,0.19997,0.00065,0.70601,-0.00009,0.70821,1,5,0.99616,0.01058,-0.05995,-0.06295,0.06336,0.04237,0.81145,0,0
1766094333.144647,-0.00916,-0.00492,-0.01766,0.00089,0.00042,-0.00049,0.56713,-0.00055,0.19997,0.00065,0.70601,-0.00009,0.70821,1,5,0.99616,0.01058,-0.05995,-0.06295,0.06336,0.04237,0.81145,0,0
1766094333.146731,-0.00531,0.03215,-0.00325,0.00090,0.00009,-0.00008,0.56713,-0.00055,0.19997,0.00065,0.70601,-0.00009,0.70821,1,5,0.99616,0.01058,-0.05995,-0.06295,0.06336,0.04237,0.81145,0,0
1766094333.148639,-0.00533,-0.00751,-0.03290,0.00130,0.00063,-0.00064,0.56713,-0.00055,0.19997,0.00065,0.70601,-0.00009,0.70821,1,5,0.99616,0.01058,-0.05995,-0.06295,0.06336,0.04237,0.81145,0,0
1766094333.150763,-0.00892,0.00425,-0.00257,0.00013,0.00092,0.00006,0.56713,-0.00055,0.19997,0.00065,0.70601,-0.00009,0.70821,1,5,0.99616,0.01058,-0.05995,-0.06295,0.06336,0.04237,0.81145,0,0
1766094333.152700,-0.00840,-0.00065,0.01285,-0.00037,0.00067,0.00021,0.56713,-0.00055,0.19997,0.00065,0.70601,-0.00009,0.70821,1,5,0.99616,0.01058,-0.05995,-0.06295,0.06336,0.04237,0.81145,0,0
1766094333.154598,-0.01839,-0.01975,-0.00215,0.00158,0.00105,-0.00046,0.56713,-0.00055,0.19997,0.00065,0.70601,-0.00009,0.70821,1,5,0.99616,0.01058,-0.05995,-0.06295,0.06336,0.04237,0.81145,0,0
1766094333.156674,0.01335,-0.01264,0.00534,-0.00029,-0.00023,-0.00048,0.56713,-0.00055,0.19997,0.00065,0.70601,-0.00009,0.70821,1,5,0.99616,0.01058,-0.05995,-0.06295,0.06336,0.04237,0.81145,0,0
1766094333.158599,-0.01901,-0.01452,0.01303,0.00209,0.00080,-0.00018,0.56713,-0.00055,0.19997,0.00065,0.70601,-0.00009,0.70821,1,5,0.99616,0.01058,-0.05995,-0.06295,0.06336,0.04237,0.81145,0,0
1766094333.160617,0.01386,0.00729,0.00485,-0.00071,-0.00063,-0.00062,0.56713,-0.00055,0.19997,0.00065,0.70601,-0.00009,0.70821,1,5,0.99616,0.01058,-0.05995,-0.06295,0.06336,0.04237,0.81145,0,0
1766094333.162594,-0.00929,0.00459,0.01264,0.00057,0.00067,0.00007,0.56713,-0.00055,0.19997,0.00065,0.70601,-0.00009,0.70821,1,5,0.99616,0.01058,-0.05995,-0.06295,0.06336,0.04237,0.81145,0,0
1766094333.164592,-0.00801,0.00470,-0.01762,-0.00052,0.00003,0.00005,0.56713,-0.00055,0.19997,0.00065,0.70601,-0.00009,0.70821,1,5,0.99616,0.01058,-0.05995,-0.06295,0.06336,0.04237,0.81145,0,0
1766094333.166612,-0.00050,0.00959,-0.00252,0.00020,0.00006,0.00032,0.56713,-0.00055,0.19997,0.00065,0.70601,-0.00009,0.70821,1,5,0.99616,0.01058,-0.05995,-0.06295,0.06336,0.04237,0.81145,0,0
1766094333.168596,0.00251,0.00757,-0.01810,0.00192,0.00027,-0.00064,0.56713,-0.00055,0.19997,0.00065,0.70601,-0.00009,0.70821,1,5,0.99616,0.01058,-0.05995,-0.06295,0.06336,0.04237,0.81145,0,0
1766094333.170608,-0.01335,0.00657,0.00499,0.00016,0.00123,0.00020,0.56713,-0.00055,0.19997,0.00065,0.70601,-0.00009,0.70821,1,5,0.99616,0.01058,-0.05995,-0.06295,0.06336,0.04237,0.81145,0,0
1766094333.172606,-0.00978,-0.01458,-0.00971,0.00143,0.00031,-0.00021,0.56713,-0.00055,0.19997,0.00065,0.70601,-0.00009,0.70821,1,5,0.99616,0.01058,-0.05995,-0.06295,0.06336,0.04237,0.81145,0,0
1766094333.174592,0.00470,-0.00255,-0.01742,-0.00039,-0.00050,0.00004,0.56713,-0.00055,0.19997,0.00065,0.70601,-0.00009,0.70821,1,5,0.99616,0.01058,-0.05995,-0.06295,0.06336,0.04237,0.81145,0,0
1766094333.176617,0.00865,0.01441,-0.00286,-0.00018,-0.00006,-0.00023,0.56713,-0.00055,0.19997,0.00065,0.70601,-0.00009,0.70821,1,5,0.99614,0.01063,-0.05877,-0.06431,0.06338,0.04238,0.81169,0,0
1766094333.178622,0.00218,0.01146,0.02004,0.00131,0.00117,0.00047,0.56713,-0.00055,0.19997,0.00065,0.70601,-0.00009,0.70821,1,5,0.99614,0.01063,-0.05877,-0.06431,0.06338,0.04238,0.81169,0,0
1766094333.180643,-0.00409,0.01232,0.00480,0.00001,-0.00004,-0.00034,0.56713,-0.00055,0.19997,0.00065,0.70601,-0.00009,0.70821,1,5,0.99614,0.01063,-0.05877,-0.06431,0.06338,0.04238,0.81169,0,0
1766094333.182641,0.01664,0.00992,-0.00247,0.00020,-0.00091,0.00031,0.56713,-0.00055,0.19997,0.00065,0.70601,-0.00009,0.70821,1,5,0.99614,0.01063,-0.05877,-0.06431,0.06338,0.04238,0.81169,0,0
1766094333.184633,-0.00479,-0.00262,-0.01732,0.00027,-0.00000,0.00045,0.56713,-0.00055,0.19997,0.00065,0.70601,-0.00009,0.70821,1,5,0.99614,0.01063,-0.05877,-0.06431,0.06338,0.04238,0.81169,0,0
1766094333.186642,-0.00494,0.01205,0.01229,0.00066,0.00061,-0.00034,0.56713,-0.00055,0.19997,0.00065,0.70601,-0.00009,0.70821,1,5,0.99614,0.01063,-0.05877,-0.06431,0.06338,0.04238,0.81169,0,0
1766094333.188629,-0.01012,-0.00484,-0.01012,0.00177,0.00068,-0.00048,0.56713,-0.00055,0.19997,0.00065,0.70601,-0.00009,0.70821,1,5,0.99614,0.01063,-0.05877,-0.06431,0.06338,0.04238,0.81169,0,0
1766094333.190658,-0.00012,0.00438,0.02025,-0.00009,0.00044,0.00007,0.56713,-0.00055,0.19997,0.00065,0.70601,-0.00009,0.70821,1,5,0.99614,0.01063,-0.05877,-0.06431,0.06338,0.04238,0.81169,0,0
1766094333.192620,-0.01173,0.00706,0.03538,-0.00093,0.00031,-0.00017,0.56713,-0.00055,0.19997,0.00065,0.70601,-0.00009,0.70821,1,5,0.99614,0.01063,-0.05877,-0.06431,0.06338,0.04238,0.81169,0,0
1766094333.194625,0.00484,0.01151,-0.01049,-0.00066,0.00049,-0.00036,0.56713,-0.00055,0.19997,0.00065,0.70601,-0.00009,0.70821,1,5,0.99614,0.01063,-0.05877,-0.06431,0.06338,0.04238,0.81169,0,0
1766094333.196623,0.02615,-0.00122,0.02037,-0.00103,0.00013,0.00018,0.56713,-0.00055,0.19997,0.00065,0.70601,-0.00009,0.70821,1,5,0.99614,0.01063,-0.05877,-0.06431,0.06338,0.04238,0.81169,0,0
1766094333.198646,0.00682,0.00976,0.00482,0.00151,0.00022,-0.00009,0.56713,-0.00055,0.19997,0.00065,0.70601,-0.00009,0.70821,1,5,0.99614,0.01063,-0.05877,-0.06431,0.06338,0.04238,0.81169,0,0
1766094333.200639,0.00877,0.00418,0.01247,-0.00031,0.00045,-0.00035,0.56713,-0.00055,0.19997,0.00065,0.70601,-0.00009,0.70821,1,5,0.99614,0.01063,-0.05877,-0.06431,0.06338,0.04238,0.81169,0,0
1766094333.202627,-0.01281,0.01733,0.00480,0.00007,0.00007,-0.00006,0.56713,-0.00055,0.19997,0.00065,0.70601,-0.00009,0.70821,1,5,0.99614,0.01063,-0.05877,-0.06431,0.06338,0.04238,0.81169,0,0
1766094333.204611,-0.00114,0.00990,-0.02548,0.00107,0.00006,-0.00010,0.56713,-0.00055,0.19997,0.00065,0.70601,-0.00009,0.70821,1,5,0.99614,0.01063,-0.05877,-0.06431,0.06338,0.04238,0.81169,0,0
1766094333.206634,-0.00537,-0.00535,0.03590,-0.00283,-0.00051,-0.00003,0.56713,-0.00055,0.19997,0.00065,0.70601,-0.00009,0.70821,1,5,0.99614,0.01063,-0.05877,-0.06431,0.06338,0.04238,0.81169,0,0
1766094333.208627,-0.01807,0.01023,-0.01041,0.00129,0.00039,-0.00048,0.56713,-0.00055,0.19997,0.00065,0.70601,-0.00009,0.70821,1,5,0.99614,0.01063,-0.05877,-0.06431,0.06338,0.04238,0.81169,0,0
1766094333.210654,-0.01370,-0.00730,-0.02489,0.00086,0.00023,0.00019,0.56713,-0.00055,0.19997,0.00065,0.70601,-0.00009,0.70821,1,5,0.99614,0.01063,-0.05877,-0.06431,0.06338,0.04238,0.81169,0,0
1766094333.212642,-0.01119,0.01538,-0.01051,0.00267,0.00030,-0.00022,0.56713,-0.00055,0.19997,0.00065,0.70601,-0.00009,0.70821,1,5,0.99594,0.01070,-0.06128,-0.06501,0.06335,0.04236,0.81127,0,0
1766094333.214659,-0.00936,-0.01057,-0.00205,0.00039,0.00095,0.00047,0.56713,-0.00055,0.19997,0.00065,0.70601,-0.00009,0.70821,1,5,0.99594,0.01070,-0.06128,-0.06501,0.06335,0.04236,0.81127,0,0
1766094333.216654,-0.01023,0.00041,-0.02528,0.00183,0.00018,-0.00022,0.56713,-0.00055,0.19997,0.00065,0.70601,-0.00009,0.70821,1,5,0.99594,0.01070,-0.06128,-0.06501,0.06335,0.04236,0.81127,0,0
1766094333.218645,-0.02083,-0.01226,0.04320,0.00014,0.00068,-0.00083,0.56713,-0.00055,0.19997,0.00065,0.70601,-0.00009,0.70821,1,5,0.99594,0.01070,-0.06128,-0.06501,0.06335,0.04236,0.81127,0,0
1766094333.220639,-0.00841,0.00931,0.01249,-0.00025,0.00066,-0.00006,0.56713,-0.00055,0.19997,0.00065,0.70601,-0.00009,0.70821,1,5,0.99594,0.01070,-0.06128,-0.06501,0.06335,0.04236,0.81127,0,0
1766094333.222672,0.00223,-0.00332,-0.04033,0.00135,0.00106,0.00042,0.56713,-0.00055,0.19997,0.00065,0.70601,-0.00009,0.70821,1,5,0.99594,0.01070,-0.06128,-0.06501,0.06335,0.04236,0.81127,0,0
1766094333.224650,-0.00546,-0.00926,0.02105,-0.00244,-0.00177,0.00009,0.56713,-0.00055,0.19997,0.00065,0.70601,-0.00009,0.70821,1,5,0.99594,0.01070,-0.06128,-0.06501,0.06335,0.04236,0.81127,0,0
1766094333.226663,-0.00469,0.02202,-0.00323,0.00056,0.00047,-0.00062,0.56713,-0.00055,0.19997,0.00065,0.70601,-0.00009,0.70821,1,5,0.99594,0.01070,-0.06128,-0.06501,0.06335,0.04236,0.81127,0,0
1766094333.228640,-0.00454,0.00254,-0.00262,0.00054,0.00010,-0.00048,0.56713,-0.00055,0.19997,0.00065,0.70601,-0.00009,0.70821,1,5,0.99594,0.01070,-0.06128,-0.06501,0.06335,0.04236,0.81127,0,0
1766094333.230637,0.00366,-0.00253,0.00493,0.00092,0.00026,-0.00075,0.56713,-0.00055,0.19997,0.00065,0.70601,-0.00009,0.70821,1,5,0.99594,0.01070,-0.06128,-0.06501,0.06335,0.04236,0.81127,0,0
1766094333.232644,-0.00019,0.00910,0.01261,-0.00025,0.00056,0.00033,0.56713,-0.00055,0.19997,0.00065,0.70601,-0.00009,0.70821,1,5,0.99594,0.01070,-0.06128,-0.06501,0.06335,0.04236,0.81127,0,0
1766094333.234647,0.00052,-0.00014,-0.01001,-0.00036,-0.00020,-0.00022,0.56713,-0.00055,0.19997,0.00065,0.70601,-0.00009,0.70821,1,5,0.99594,0.01070,-0.06128,-0.06501,0.06335,0.04236,0.81127,0,0
1766094333.236651,-0.00494,0.00197,-0.02516,0.00032,0.00050,0.00031,0.56713,-0.00055,0.19997,0.00065,0.70601,-0.00009,0.70821,1,5,0.99594,0.01070,-0.06128,-0.06501,0.06335,0.04236,0.81127,0,0
1766094333.238656,-0.02371,0.00144,0.05851,-0.00078,-0.00145,-0.00054,0.56713,-0.00055,0.19997,0.00065,0.70601,-0.00009,0.70821,1,5,0.99594,0.01070,-0.06128,-0.06501,0.06335,0.04236,0.81127,0,0
1766094333.240658,-0.00525,-0.00819,-0.00208,0.00042,0.00090,0.00060,0.56713,-0.00055,0.19997,0.00065,0.70601,-0.00009,0.70821,1,5,0.99594,0.01070,-0.06128,-0.06501,0.06335,0.04236,0.81127,0,0
1766094333.242643,-0.01026,0.00206,0.02048,-0.00230,-0.00020,-0.00005,0.56713,-0.00055,0.19997,0.00065,0.70601,-0.00009,0.70821,1,5,0.99594,0.01070,-0.06128,-0.06501,0.06335,0.04236,0.81127,0,0
1766094333.244644,-0.00525,-0.02219,-0.02490,0.00134,0.00051,-0.00063,0.56713,-0.00055,0.19997,0.00065,0.70601,-0.00009,0.70821,1,5,0.99594,0.01070,-0.06128,-0.06501,0.06335,0.04236,0.81127,0,0
1766094333.246663,-0.02217,0.00286,-0.01020,0.00120,0.00044,-0.00047,0.56713,-0.00055,0.19997,0.00065,0.70601,-0.00009,0.70821,1,5,0.99584,0.01082,-0.06309,-0.06480,0.06335,0.04236,0.81134,0,0
1766094333.248673,0.00796,0.02433,-0.01810,0.00016,-0.00018,0.00030,0.56713,-0.00055,0.19997,0.00065,0.70601,-0.00009,0.70821,1,5,0.99584,0.01082,-0.06309,-0.06480,0.06335,0.04236,0.81134,0,0
1766094333.250674,-0.00058,0.01934,-0.01811,0.00031,0.00030,0.00004,0.56713,-0.00055,0.19997,0.00065,0.70601,-0.00009,0.70821,1,5,0.99584,0.01082,-0.06309,-0.06480,0.06335,0.04236,0.81134,0,0
1766094333.252665,-0.01740,0.00569,-0.01011,0.00080,-0.00038,-0.00034,0.56713,-0.00055,0.19997,0.00065,0.70601,-0.00009,0.70821,1,5,0.99584,0.01082,-0.06309,-0.06480,0.06335,0.04236,0.81134,0,0
1766094333.254700,0.02110,0.01201,-0.02548,0.00001,-0.00058,0.00002,0.56713,-0.00055,0.19997,0.00065,0.70601,-0.00009,0.70821,1,5,0.99584,0.01082,-0.06309,-0.06480,0.06335,0.04236,0.81134,0,0
1766094333.256681,-0.00683,0.00288,-0.03294,0.00252,0.00027,-0.00010,0.56713,-0.00055,0.19997,0.00065,0.70601,-0.00009,0.70821,1,5,0.99584,0.01082,-0.06309,-0.06480,0.06335,0.04236,0.81134,0,0
1766094333.258662,0.01185,0.00654,0.04255,0.00081,0.00104,-0.00060,0.56713,-0.00055,0.19997,0.00065,0.70601,-0.00009,0.70821,1,5,0.99584,0.01082,-0.06309,-0.06480,0.06335,0.04236,0.81134,0,0
1766094333.260670,-0.00490,0.02139,0.00443,0.00034,0.00111,-0.00021,0.56713,-0.00055,0.19997,0.00065,0.70601,-0.00009,0.70821,1,5,0.99584,0.01082,-0.06309,-0.06480,0.06335,0.04236,0.81134,0,0
1766094333.262663,-0.00047,0.01899,-0.01815,0.00009,0.00068,0.00004,0.56713,-0.00055,0.19997,0.00065,0.70601,-0.00009,0.70821,1,5,0.99584,0.01082,-0.06309,-0.06480,0.06335,0.04236,0.81134,0,0
1766094333.264662,-0.00028,0.00387,-0.02522,-0.00031,0.00083,0.00044,0.56713,-0.00055,0.19997,0.00065,0.70601,-0.00009,0.70821,1,5,0.99584,0.01082,-0.06309,-0.06480,0.06335,0.04236,0.81134,0,0
1766094333.266672,0.00190,-0.00227,-0.04019,0.00202,-0.00008,0.00043,0.56713,-0.00055,0.19997,0.00065,0.70601,-0.00009,0.70821,1,5,0.99584,0.01082,-0.06309,-0.06480,0.06335,0.04236,0.81134,0,0
1766094333.268677,0.01203,-0.00007,0.02837,-0.00320,-0.00173,0.00022,0.56713,-0.00055,0.19997,0.00065,0.70601,-0.00009,0.70821,1,5,0.99584,0.01082,-0.06309,-0.06480,0.06335,0.04236,0.81134,0,0
1766094333.270682,-0.01503,-0.00684,-0.00992,0.00240,0.00037,-0.00021,0.56713,-0.00055,0.19997,0.00065,0.70601,-0.00009,0.70821,1,5,0.99584,0.01082,-0.06309,-0.06480,0.06335,0.04236,0.81134,0,0
1766094333.272702,-0.00932,0.00095,-0.02530,0.00140,-0.00060,-0.00063,0.56713,-0.00055,0.19997,0.00065,0.70601,-0.00009,0.70821,1,5,0.99584,0.01082,-0.06309,-0.06480,0.06335,0.04236,0.81134,0,0
1766094333.274718,-0.00973,0.00206,0.02070,-0.00296,-0.00058,0.00036,0.56713,-0.00055,0.19997,0.00065,0.70601,-0.00009,0.70821,1,5,0.99584,0.01082,-0.06309,-0.06480,0.06335,0.04236,0.81134,0,0
1766094333.276665,-0.00105,0.01251,0.04321,-0.00283,-0.00146,0.00010,0.56713,-0.00055,0.19997,0.00065,0.70601,-0.00009,0.70821,1,5,0.99584,0.01082,-0.06309,-0.06480,0.06335,0.04236,0.81134,0,0
1766094333.278683,-0.01022,0.01406,0.00455,0.00134,0.00156,-0.00021,0.56713,-0.00055,0.19997,0.00065,0.70601,-0.00009,0.70821,1,5,0.99584,0.01082,-0.06309,-0.06480,0.06335,0.04236,0.81134,0,0
1766094333.280688,-0.00858,-0.00048,0.02045,-0.00015,0.00054,0.00022,0.56713,-0.00055,0.19997,0.00065,0.70601,-0.00009,0.70821,1,5,0.99607,0.01045,-0.05911,-0.06513,0.06336,0.04238,0.81143,0,0
1766094333.282689,0.00434,0.01149,0.01985,-0.00022,0.00075,-0.00034,0.56713,-0.00055,0.19997,0.00065,0.70601,-0.00009,0.70821,1,5,0.99607,0.01045,-0.05911,-0.06513,0.06336,0.04238,0.81143,0,0
1766094333.284687,0.00774,0.01877,-0.01803,0.00009,0.00059,0.00043,0.56713,-0.00055,0.19997,0.00065,0.70601,-0.00009,0.70821,1,5,0.99607,0.01045,-0.05911,-0.06513,0.06336,0.04238,0.81143,0,0
1766094333.286685,-0.01790,0.00632,-0.04043,0.00146,-0.00100,-0.00036,0.56713,-0.00055,0.19997,0.00065,0.70601,-0.00009,0.70821,1,5,0.99607,0.01045,-0.05911,-0.06513,0.06336,0.04238,0.81143,0,0
1766094333.288679,-0.00513,0.00631,0.01288,-0.00006,0.00102,0.00101,0.56713,-0.00055,0.19997,0.00065,0.70601,-0.00009,0.70821,1,5,0.99607,0.01045,-0.05911,-0.06513,0.06336,0.04238,0.81143,0,0
1766094333.290680,-0.01912,-0.01927,-0.02455,0.00203,0.00031,0.00033,0.56713,-0.00055,0.19997,0.00065,0.70601,-0.00009,0.70821,1,5,0.99607,0.01045,-0.05911,-0.06513,0.06336,0.04238,0.81143,0,0
1766094333.292701,-0.01795,-0.02860,-0.02437,0.00148,-0.00047,-0.00020,0.56713,-0.00055,0.19997,0.00065,0.70601,-0.00009,0.70821,1,5,0.99607,0.01045,-0.05911,-0.06513,0.06336,0.04238,0.81143,0,0
1766094333.294680,-0.02192,-0.00704,-0.03278,0.00108,0.00045,-0.00062,0.56713,-0.00055,0.19997,0.00065,0.70601,-0.00009,0.70821,1,5,0.99607,0.01045,-0.05911,-0.06513,0.06336,0.04238,0.81143,0,0
1766094333.296692,0.00865,0.01948,0.01198,0.00010,0.00005,-0.00075,0.56713,-0.00055,0.19997,0.00065,0.70601,-0.00009,0.70821,1,5,0.99607,0.01045,-0.05911,-0.06513,0.06336,0.04238,0.81143,0,0
1766094333.298684,-0.00703,-0.00759,0.01289,0.00239,0.00104,0.00021,0.56713,-0.00055,0.19997,0.00065,0.70601,-0.00009,0.70821,1,5,0.99607,0.01045,-0.05911,-0.06513,0.06336,0.04238,0.81143,0,0
1766094333.300707,-0.01815,-0.00858,-0.03249,0.00172,-0.00073,-0.00035,0.56713,-0.00055,0.19997,0.00065,0.70601,-0.00009,0.70821,1,5,0.99607,0.01045,-0.05911,-0.06513,0.06336,0.04238,0.81143,0,0
1766094333.302683,-0.00255,0.00517,-0.02555,0.00254,0.00046,-0.00037,0.56713,-0.00055,0.19997,0.00065,0.70601,-0.00009,0.70821,1,5,0.99607,0.01045,-0.05911,-0.06513,0.06336,0.04238,0.81143,0,0
1766094333.304704,-0.00222,-0.00297,0.02838,-0.00214,-0.00041,0.00049,0.56713,-0.00055,0.19997,0.00065,0.70601,-0.00009,0.70821,1,5,0.99607,0.01045,-0.05911,-0.06513,0.06336,0.04238,0.81143,0,0
1766094333.306679,-0.00090,0.00918,0.00498,0.00041,0.00070,0.00033,0.56713,-0.00055,0.19997,0.00065,0.70601,-0.00009,0.70821,1,5,0.99607,0.01045,-0.05911,-0.06513,0.06336,0.04238,0.81143,0,0
1766094333.308754,0.00896,-0.00595,0.00522,-0.00065,0.00059,-0.00008,0.56713,-0.00055,0.19997,0.00065,0.70601,-0.00009,0.70821,1,5,0.99607,0.01045,-0.05911,-0.06513,0.06336,0.04238,0.81143,0,0
1766094333.310798,-0.00070,0.00488,-0.01027,0.00079,0.00018,-0.00036,0.56713,-0.00055,0.19997,0.00065,0.70601,-0.00009,0.70821,1,5,0.99607,0.01045,-0.05911,-0.06513,0.06336,0.04238,0.81143,0,0
1766094333.312753,0.02177,0.01756,0.01227,-0.00014,-0.00124,-0.00049,0.56713,-0.00055,0.19997,0.00065,0.70601,-0.00009,0.70821,1,5,0.99607,0.01045,-0.05911,-0.06513,0.06336,0.04238,0.81143,0,0
1766094333.314708,-0.01020,-0.00876,-0.02497,0.00216,-0.00058,-0.00035,0.56713,-0.00055,0.19997,0.00065,0.70601,-0.00009,0.70821,1,5,0.99607,0.01045,-0.05911,-0.06513,0.06336,0.04238,0.81143,0,0
1766094333.316722,-0.02159,-0.01183,-0.05533,0.00081,0.00007,-0.00050,0.56713,-0.00055,0.19997,0.00065,0.70601,-0.00009,0.70821,1,5,0.99609,0.01033,-0.06068,-0.06343,0.06335,0.04235,0.81128,0,0
1766094333.318709,-0.00578,0.01169,0.00476,0.00109,0.00113,0.00006,0.56713,-0.00055,0.19997,0.00065,0.70601,-0.00009,0.70821,1,5,0.99609,0.01033,-0.06068,-0.06343,0.06335,0.04235,0.81128,0,0
1766094333.320708,-0.00240,0.00055,-0.04050,0.00249,-0.00004,-0.00024,0.56713,-0.00055,0.19997,0.00065,0.70601,-0.00009,0.70821,1,5,0.99609,0.01033,-0.06068,-0.06343,0.06335,0.04235,0.81128,0,0
1766094333.322711,-0.00999,-0.00031,0.00519,0.00117,0.00082,0.00020,0.56713,-0.00055,0.19997,0.00065,0.70601,-0.00009,0.70821,1,5,0.99609,0.01033,-0.06068,-0.06343,0.06335,0.04235,0.81128,0,0
1766094333.324721,-0.00986,-0.00981,-0.02511,0.00149,0.00056,-0.00036,0.56713,-0.00055,0.19997,0.00065,0.70601,-0.00009,0.70821,1,5,0.99609,0.01033,-0.06068,-0.06343,0.06335,0.04235,0.81128,0,0
1766094333.326710,-0.01439,0.00517,0.04337,-0.00226,-0.00092,0.00011,0.56713,-0.00055,0.19997,0.00065,0.70601,-0.00009,0.70821,1,5,0.99609,0.01033,-0.06068,-0.06343,0.06335,0.04235,0.81128,0,0
1766094333.328750,-0.01747,0.00551,-0.00255,0.00080,-0.00012,-0.00033,0.56713,-0.00055,0.19997,0.00065,0.70601,-0.00009,0.70821,1,5,0.99609,0.01033,-0.06068,-0.06343,0.06335,0.04235,0.81128,0,0
1766094333.330707,0.00041,-0.00967,0.00541,-0.00004,-0.00045,-0.00034,0.56713,-0.00055,0.19997,0.00065,0.70601,-0.00009,0.70821,1,5,0.99609,0.01033,-0.06068,-0.06343,0.06335,0.04235,0.81128,0,0
1766094333.332729,-0.00455,-0.00329,0.00538,-0.00018,0.00076,0.00047,0.56713,-0.00055,0.19997,0.00065,0.70601,-0.00009,0.70821,1,5,0.99609,0.01033,-0.06068,-0.06343,0.06335,0.04235,0.81128,0,0
1766094333.334714,0.00259,-0.00213,-0.01028,0.00202,0.00014,-0.00076,0.56713,-0.00055,0.19997,0.00065,0.70601,-0.00009,0.70821,1,5,0.99609,0.01033,-0.06068,-0.06343,0.06335,0.04235,0.81128,0,0
1766094333.336725,-0.01806,0.00027,-0.01005,0.00117,0.00040,-0.00020,0.56713,-0.00055,0.19997,0.00065,0.70601,-0.00009,0.70821,1,5,0.99609,0.01033,-0.06068,-0.06343,0.06335,0.04235,0.81128,0,0
1766094333.338732,-0.02154,0.00758,0.00481,0.00060,0.00055,-0.00059,0.56713,-0.00055,0.19997,0.00065,0.70601,-0.00009,0.70821,1,5,0.99609,0.01033,-0.06068,-0.06343,0.06335,0.04235,0.81128,0,0
1766094333.340744,-0.01862,0.00071,-0.03281,0.00183,0.00003,-0.00022,0.56713,-0.00055,0.19997,0.00065,0.70601,-0.00009,0.70821,1,5,0.99609,0.01033,-0.06068,-0.06343,0.06335,0.04235,0.81128,0,0
1766094333.342779,-0.01369,-0.00727,-0.00211,0.00086,0.00023,0.00021,0.56713,-0.00055,0.19997,0.00065,0.70601,-0.00009,0.70821,1,5,0.99609,0.01033,-0.06068,-0.06343,0.06335,0.04235,0.81128,0,0
1766094333.344757,-0.00025,0.01458,-0.01787,0.00004,-0.00007,0.00018,0.56713,-0.00055,0.19997,0.00065,0.70601,-0.00009,0.70821,1,5,0.99609,0.01033,-0.06068,-0.06343,0.06335,0.04235,0.81128,0,0
1766094333.346723,-0.02645,0.00783,-0.00210,-0.00289,-0.00115,0.00023,0.56713,-0.00055,0.19997,0.00065,0.70601,-0.00009,0.70821,1,5,0.99609,0.01033,-0.06068,-0.06343,0.06335,0.04235,0.81128,0,0
1766094333.348722,-0.01840,0.00499,-0.03308,0.00145,0.00078,-0.00036,0.56713,-0.00055,0.19997,0.00065,0.70601,-0.00009,0.70821,1,5,0.99609,0.01033,-0.06068,-0.06343,0.06335,0.04235,0.81128,0,0
1766094333.350722,0.00397,-0.01306,0.00540,0.00014,0.00065,-0.00007,0.56713,-0.00055,0.19997,0.00065,0.70601,-0.00009,0.70821,1,5,0.99609,0.01033,-0.06068,-0.06343,0.06335,0.04235,0.81128,0,0
1766094333.352743,-0.00874,0.00408,-0.01018,-0.00009,0.00105,0.00005,0.56713,-0.00055,0.19997,0.00065,0.70601,-0.00009,0.70821,1,5,0.99594,0.01059,-0.06133,-0.06502,0.06334,0.04237,0.81129,0,0
1766094333.354729,-0.02132,-0.00674,-0.00231,0.00065,-0.00007,-0.00059,0.56713,-0.00055,0.19997,0.00065,0.70601,-0.00009,0.70821,1,5,0.99594,0.01059,-0.06133,-0.06502,0.06334,0.04237,0.81129,0,0
1766094333.356724,0.01316,0.00231,-0.01763,-0.00033,-0.00061,-0.00010,0.56713,-0.00055,0.19997,0.00065,0.70601,-0.00009,0.70821,1,5,0.99594,0.01059,-0.06133,-0.06502,0.06334,0.04237,0.81129,0,0
1766094333.358779,-0.00109,-0.01047,-0.00224,0.00083,0.00084,0.00006,0.56713,-0.00055,0.19997,0.00065,0.70601,-0.00009,0.70821,1,5,0.99594,0.01059,-0.06133,-0.06502,0.06334,0.04237,0.81129,0,0
1766094333.360732,-0.00558,-0.00262,-0.03293,0.00136,0.00063,-0.00037,0.56713,-0.00055,0.19997,0.00065,0.70601,-0.00009,0.70821,1,5,0.99594,0.01059,-0.06133,-0.06502,0.06334,0.04237,0.81129,0,0
1766094333.362720,0.00347,0.00165,0.01293,0.00010,0.00053,0.00074,0.56713,-0.00055,0.19997,0.00065,0.70601,-0.00009,0.70821,1,5,0.99594,0.01059,-0.06133,-0.06502,0.06334,0.04237,0.81129,0,0
1766094333.364728,-0.00031,0.00444,-0.00995,-0.00009,0.00019,0.00045,0.56713,-0.00055,0.19997,0.00065,0.70601,-0.00009,0.70821,1,5,0.99594,0.01059,-0.06133,-0.06502,0.06334,0.04237,0.81129,0,0
1766094333.366733,-0.02627,-0.01450,-0.03243,0.00099,0.00051,-0.00021,0.56713,-0.00055,0.19997,0.00065,0.70601,-0.00009,0.70821,1,5,0.99594,0.01059,-0.06133,-0.06502,0.06334,0.04237,0.81129,0,0
1766094333.368742,0.00802,0.01966,-0.01823,0.00054,-0.00019,-0.00037,0.56713,-0.00055,0.19997,0.00065,0.70601,-0.00009,0.70821,1,5,0.99594,0.01059,-0.06133,-0.06502,0.06334,0.04237,0.81129,0,0
1766094333.370735,-0.00076,-0.00025,0.02025,0.00073,0.00044,-0.00020,0.56713,-0.00055,0.19997,0.00065,0.70601,-0.00009,0.70821,1,5,0.99594,0.01059,-0.06133,-0.06502,0.06334,0.04237,0.81129,0,0
1766094333.372739,-0.00101,-0.01446,-0.04023,0.00143,-0.00005,-0.00064,0.56713,-0.00055,0.19997,0.00065,0.70601,-0.00009,0.70821,1,5,0.99594,0.01059,-0.06133,-0.06502,0.06334,0.04237,0.81129,0,0
1766094333.374775,0.00635,0.00497,-0.03334,0.00232,0.00047,-0.00079,0.56713,-0.00055,0.19997,0.00065,0.70601,-0.00009,0.70821,1,5,0.99594,0.01059,-0.06133,-0.06502,0.06334,0.04237,0.81129,0,0
1766094333.376740,-0.00114,0.00999,-0.01046,0.00129,0.00018,-0.00049,0.56713,-0.00055,0.19997,0.00065,0.70601,-0.00009,0.70821,1,5,0.99594,0.01059,-0.06133,-0.06502,0.06334,0.04237,0.81129,0,0
1766094333.378779,-0.02379,-0.03427,0.07463,-0.00121,-0.00014,0.00002,0.56713,-0.00055,0.19997,0.00065,0.70601,-0.00009,0.70821,1,5,0.99594,0.01059,-0.06133,-0.06502,0.06334,0.04237,0.81129,0,0
1766094333.380757,-0.01359,0.00475,0.02040,-0.00292,-0.00055,-0.00031,0.56713,-0.00055,0.19997,0.00065,0.70601,-0.00009,0.70821,1,5,0.99594,0.01059,-0.06133,-0.06502,0.06334,0.04237,0.81129,0,0
1766094333.382744,0.00755,0.01401,-0.01801,0.00047,0.00059,0.00016,0.56713,-0.00055,0.19997,0.00065,0.70601,-0.00009,0.70821,1,5,0.99594,0.01059,-0.06133,-0.06502,0.06334,0.04237,0.81129,0,0
1766094333.384738,-0.00567,-0.00491,0.02853,-0.00260,-0.00113,0.00037,0.56713,-0.00055,0.19997,0.00065,0.70601,-0.00009,0.70821,1,5,0.99594,0.01059,-0.06133,-0.06502,0.06334,0.04237,0.81129,0,0
1766094333.386758,-0.00062,0.02369,0.01181,0.00036,0.00131,-0.00048,0.56713,-0.00055,0.19997,0.00065,0.70601,-0.00009,0.70821,1,5,0.99594,0.01059,-0.06133,-0.06502,0.06334,0.04237,0.81129,0,0
1766094333.388779,0.00492,0.00189,0.01235,-0.00034,0.00049,-0.00088,0.56713,-0.00055,0.19997,0.00065,0.70601,-0.00009,0.70821,1,5,0.99594,0.01059,-0.06133,-0.06502,0.06334,0.04237,0.81129,0,0
1766094333.390769,-0.00031,-0.00956,-0.03278,0.00083,-0.00019,-0.00077,0.56713,-0.00055,0.19997,0.00065,0.70601,-0.00009,0.70821,1,5,0.99612,0.01051,-0.05981,-0.06376,0.06339,0.04240,0.81178,0,0
1766094333.392751,0.00362,0.01282,-0.01037,0.00089,-0.00064,-0.00036,0.56713,-0.00055,0.19997,0.00065,0.70601,-0.00009,0.70821,1,5,0.99612,0.01051,-0.05981,-0.06376,0.06339,0.04240,0.81178,0,0
1766094333.394781,-0.00118,0.00055,-0.01762,0.00140,-0.00044,-0.00022,0.56713,-0.00055,0.19997,0.00065,0.70601,-0.00009,0.70821,1,5,0.99612,0.01051,-0.05981,-0.06376,0.06339,0.04240,0.81178,0,0
1766094333.396789,-0.01852,0.01032,-0.03321,0.00173,0.00039,-0.00049,0.56713,-0.00055,0.19997,0.00065,0.70601,-0.00009,0.70821,1,5,0.99612,0.01051,-0.05981,-0.06376,0.06339,0.04240,0.81178,0,0
1766094333.398768,-0.02181,0.00188,0.03523,0.00054,0.00158,-0.00044,0.56713,-0.00055,0.19997,0.00065,0.70601,-0.00009,0.70821,1,5,0.99612,0.01051,-0.05981,-0.06376,0.06339,0.04240,0.81178,0,0
1766094333.400764,0.00843,0.01511,-0.00277,0.00026,-0.00082,-0.00022,0.56713,-0.00055,0.19997,0.00065,0.70601,-0.00009,0.70821,1,5,0.99612,0.01051,-0.05981,-0.06376,0.06339,0.04240,0.81178,0,0
1766094333.402798,-0.01146,0.00204,0.02816,-0.00143,0.00007,0.00036,0.56713,-0.00055,0.19997,0.00065,0.70601,-0.00009,0.70821,1,5,0.99612,0.01051,-0.05981,-0.06376,0.06339,0.04240,0.81178,0,0
1766094333.404768,0.00860,-0.00076,0.01300,-0.00058,0.00009,0.00060,0.56713,-0.00055,0.19997,0.00065,0.70601,-0.00009,0.70821,1,5,0.99612,0.01051,-0.05981,-0.06376,0.06339,0.04240,0.81178,0,0
1766094333.406842,-0.01448,0.00754,-0.02550,0.00170,0.00061,-0.00022,0.56713,-0.00055,0.19997,0.00065,0.70601,-0.00009,0.70821,1,5,0.99612,0.01051,-0.05981,-0.06376,0.06339,0.04240,0.81178,0,0
1766094333.408767,0.00762,0.01427,-0.01056,0.00069,0.00046,-0.00023,0.56713,-0.00055,0.19997,0.00065,0.70601,-0.00009,0.70821,1,5,0.99612,0.01051,-0.05981,-0.06376,0.06339,0.04240,0.81178,0,0
1766094333.410772,-0.00287,0.01478,-0.03322,0.00244,0.00059,0.00016,0.56713,-0.00055,0.19997,0.00065,0.70601,-0.00009,0.70821,1,5,0.99612,0.01051,-0.05981,-0.06376,0.06339,0.04240,0.81178,0,0
1766094333.412763,-0.00958,-0.00489,-0.00214,0.00089,0.00018,0.00034,0.56713,-0.00055,0.19997,0.00065,0.70601,-0.00009,0.70821,1,5,0.99612,0.01051,-0.05981,-0.06376,0.06339,0.04240,0.81178,0,0
1766094333.414762,0.00648,0.01195,0.02767,-0.00196,-0.00054,-0.00033,0.56713,-0.00055,0.19997,0.00065,0.70601,-0.00009,0.70821,1,5,0.99612,0.01051,-0.05981,-0.06376,0.06339,0.04240,0.81178,0,0
1766094333.416755,0.01240,-0.00772,0.00544,0.00021,-0.00021,0.00019,0.56713,-0.00055,0.19997,0.00065,0.70601,-0.00009,0.70821,1,5,0.99612,0.01051,-0.05981,-0.06376,0.06339,0.04240,0.81178,0,0
1766094333.418758,-0.00935,-0.01555,-0.00187,0.00033,0.00095,0.00061,0.56713,-0.00055,0.19997,0.00065,0.70601,-0.00009,0.70821,1,5,0.99612,0.01051,-0.05981,-0.06376,0.06339,0.04240,0.81178,0,0
1766094333.420775,-0.00928,-0.00538,0.01300,0.00045,0.00069,0.00035,0.56713,-0.00055,0.19997,0.00065,0.70601,-0.00009,0.70821,1,5,0.99612,0.01051,-0.05981,-0.06376,0.06339,0.04240,0.81178,0,0
1766094333.422776,0.00264,0.01708,-0.00296,0.00138,0.00039,-0.00009,0.56713,-0.00055,0.19997,0.00065,0.70601,-0.00009,0.70821,1,5,0.99612,0.01051,-0.05981,-0.06376,0.06339,0.04240,0.81178,0,0
1766094333.424764,0.00416,-0.00830,0.00538,-0.00024,0.00065,0.00019,0.56713,-0.00055,0.19997,0.00065,0.70601,-0.00009,0.70821,1,5,0.99612,0.01051,-0.05981,-0.06376,0.06339,0.04240,0.81178,0,0
1766094333.426765,-0.00840,0.00433,0.01267,-0.00031,0.00066,0.00007,0.56713,-0.00055,0.19997,0.00065,0.70601,-0.00009,0.70821,1,5,0.99606,0.01060,-0.06030,-0.06416,0.06337,0.04238,0.81159,0,0
1766094333.428775,0.00529,0.00640,-0.01029,-0.00116,0.00049,-0.00023,0.56713,-0.00055,0.19997,0.00065,0.70601,-0.00009,0.70821,1,5,0.99606,0.01060,-0.06030,-0.06416,0.06337,0.04238,0.81159,0,0
1766094333.430779,-0.00991,-0.00430,-0.03281,0.00177,-0.00008,-0.00050,0.56713,-0.00055,0.19997,0.00065,0.70601,-0.00009,0.70821,1,5,0.99606,0.01060,-0.06030,-0.06416,0.06337,0.04238,0.81159,0,0
1766094333.432833,0.00877,0.00418,0.01247,-0.00031,0.00045,-0.00035,0.56713,-0.00055,0.19997,0.00065,0.70601,-0.00009,0.70821,1,5,0.99606,0.01060,-0.06030,-0.06416,0.06337,0.04238,0.81159,0,0
1766094333.434795,-0.00209,-0.00256,0.00550,-0.00192,-0.00080,0.00007,0.56713,-0.00055,0.19997,0.00065,0.70601,-0.00009,0.70821,1,5,0.99606,0.01060,-0.06030,-0.06416,0.06337,0.04238,0.81159,0,0
1766094333.436779,-0.00123,0.00395,-0.01769,0.00056,0.00109,0.00044,0.56713,-0.00055,0.19997,0.00065,0.70601,-0.00009,0.70821,1,5,0.99606,0.01060,-0.06030,-0.06416,0.06337,0.04238,0.81159,0,0
1766094333.438814,-0.00897,-0.00012,0.00511,0.00051,0.00042,-0.00020,0.56713,-0.00055,0.19997,0.00065,0.70601,-0.00009,0.70821,1,5,0.99606,0.01060,-0.06030,-0.06416,0.06337,0.04238,0.81159,0,0
1766094333.440800,-0.00942,0.00731,0.01281,-0.00289,-0.00085,-0.00019,0.56713,-0.00055,0.19997,0.00065,0.70601,-0.00009,0.70821,1,5,0.99606,0.01060,-0.06030,-0.06416,0.06337,0.04238,0.81159,0,0
1766094333.443571,-0.00638,-0.00220,-0.00996,0.00202,0.00026,0.00005,0.56713,-0.00055,0.19997,0.00065,0.70601,-0.00009,0.70821,1,5,0.99606,0.01060,-0.06030,-0.06416,0.06337,0.04238,0.81159,0,0
1766094333.444808,-0.01032,-0.02044,-0.02472,0.00136,0.00135,0.00032,0.56713,-0.00055,0.19997,0.00065,0.70601,-0.00009,0.70821,1,5,0.99606,0.01060,-0.06030,-0.06416,0.06337,0.04238,0.81159,0,0
1766094333.446794,0.01247,-0.00264,-0.01731,0.00005,-0.00059,0.00044,0.56713,-0.00055,0.19997,0.00065,0.70601,-0.00009,0.70821,1,5,0.99606,0.01060,-0.06030,-0.06416,0.06337,0.04238,0.81159,0,0
1766094333.448785,-0.00960,-0.00985,-0.03251,0.00105,0.00031,0.00004,0.56713,-0.00055,0.19997,0.00065,0.70601,-0.00009,0.70821,1,5,0.99606,0.01060,-0.06030,-0.06416,0.06337,0.04238,0.81159,0,0
1766094333.450784,-0.00461,-0.01262,-0.01732,0.00036,0.00038,-0.00008,0.56713,-0.00055,0.19997,0.00065,0.70601,-0.00009,0.70821,1,5,0.99606,0.01060,-0.06030,-0.06416,0.06337,0.04238,0.81159,0,0
1766094333.452806,0.00051,-0.00588,0.01301,-0.00087,0.00057,0.00034,0.56713,-0.00055,0.19997,0.00065,0.70601,-0.00009,0.70821,1,5,0.99606,0.01060,-0.06030,-0.06416,0.06337,0.04238,0.81159,0,0
1766094333.454870,0.02611,-0.00069,0.01286,-0.00080,-0.00051,0.00018,0.56713,-0.00055,0.19997,0.00065,0.70601,-0.00009,0.70821,1,5,0.99606,0.01060,-0.06030,-0.06416,0.06337,0.04238,0.81159,0,0
1766094333.456806,-0.01412,-0.00221,0.00547,0.00114,0.00011,0.00048,0.56713,-0.00055,0.19997,0.00065,0.70601,-0.00009,0.70821,1,5,0.99606,0.01060,-0.06030,-0.06416,0.06337,0.04238,0.81159,0,0
1766094333.458876,-0.00150,0.00407,0.00473,0.00122,0.00146,-0.00035,0.56713,-0.00055,0.19997,0.00065,0.70601,-0.00009,0.70821,1,5,0.99606,0.01060,-0.06030,-0.06416,0.06337,0.04238,0.81159,0,0
1766094333.460805,-0.00968,0.01483,-0.01807,0.00113,0.00041,-0.00022,0.56713,-0.00055,0.19997,0.00065,0.70601,-0.00009,0.70821,1,5,0.99606,0.01060,-0.06030,-0.06416,0.06337,0.04238,0.81159,0,0
1766094333.462814,-0.00468,0.00209,-0.00252,0.00032,0.00049,-0.00008,0.56713,-0.00055,0.19997,0.00065,0.70601,-0.00009,0.70821,1,5,0.99620,0.01032,-0.05869,-0.06348,0.06336,0.04236,0.81138,0,0
1766094333.464803,-0.00024,0.01959,0.00474,0.00010,-0.00008,0.00006,0.56713,-0.00055,0.19997,0.00065,0.70601,-0.00009,0.70821,1,5,0.99620,0.01032,-0.05869,-0.06348,0.06336,0.04236,0.81138,0,0
1766094333.466830,0.00376,0.01109,0.00492,-0.00022,0.00103,0.00046,0.56713,-0.00055,0.19997,0.00065,0.70601,-0.00009,0.70821,1,5,0.99620,0.01032,-0.05869,-0.06348,0.06336,0.04236,0.81138,0,0
1766094333.468822,-0.01023,-0.01947,-0.03233,0.00181,0.00032,-0.00009,0.56713,-0.00055,0.19997,0.00065,0.70601,-0.00009,0.70821,1,5,0.99620,0.01032,-0.05869,-0.06348,0.06336,0.04236,0.81138,0,0
1766094333.470824,-0.01022,-0.01445,-0.00972,0.00187,0.00032,-0.00021,0.56713,-0.00055,0.19997,0.00065,0.70601,-0.00009,0.70821,1,5,0.99620,0.01032,-0.05869,-0.06348,0.06336,0.04236,0.81138,0,0
1766094333.472815,-0.00622,0.00426,0.02801,-0.00227,0.00000,0.00009,0.56713,-0.00055,0.19997,0.00065,0.70601,-0.00009,0.70821,1,5,0.99620,0.01032,-0.05869,-0.06348,0.06336,0.04236,0.81138,0,0
1766094333.474823,0.00824,0.01398,-0.01815,0.00003,0.00058,-0.00024,0.56713,-0.00055,0.19997,0.00065,0.70601,-0.00009,0.70821,1,5,0.99620,0.01032,-0.05869,-0.06348,0.06336,0.04236,0.81138,0,0
1766094333.476830,-0.01393,-0.00154,-0.00996,0.00159,-0.00041,-0.00034,0.56713,-0.00055,0.19997,0.00065,0.70601,-0.00009,0.70821,1,5,0.99620,0.01032,-0.05869,-0.06348,0.06336,0.04236,0.81138,0,0
1766094333.478933,-0.02536,-0.01465,0.03596,0.00012,0.00050,-0.00015,0.56713,-0.00055,0.19997,0.00065,0.70601,-0.00009,0.70821,1,5,0.99620,0.01032,-0.05869,-0.06348,0.06336,0.04236,0.81138,0,0
1766094333.480819,-0.00840,-0.00563,0.01303,-0.00043,0.00068,0.00035,0.56713,-0.00055,0.19997,0.00065,0.70601,-0.00009,0.70821,1,5,0.99620,0.01032,-0.05869,-0.06348,0.06336,0.04236,0.81138,0,0
1766094333.482810,-0.01878,0.02028,-0.01840,0.00207,0.00051,-0.00076,0.56713,-0.00055,0.19997,0.00065,0.70601,-0.00009,0.70821,1,5,0.99620,0.01032,-0.05869,-0.06348,0.06336,0.04236,0.81138,0,0
1766094333.484803,-0.02191,-0.00211,-0.02519,0.00092,0.00032,-0.00034,0.56713,-0.00055,0.19997,0.00065,0.70601,-0.00009,0.70821,1,5,0.99620,0.01032,-0.05869,-0.06348,0.06336,0.04236,0.81138,0,0
1766094333.486815,-0.00953,0.00522,-0.03284,0.00101,-0.00008,0.00004,0.56713,-0.00055,0.19997,0.00065,0.70601,-0.00009,0.70821,1,5,0.99620,0.01032,-0.05869,-0.06348,0.06336,0.04236,0.81138,0,0
1766094333.488832,-0.01069,0.00557,-0.03324,0.00255,0.00030,-0.00077,0.56713,-0.00055,0.19997,0.00065,0.70601,-0.00009,0.70821,1,5,0.99620,0.01032,-0.05869,-0.06348,0.06336,0.04236,0.81138,0,0
1766094333.490832,-0.00254,0.00512,-0.01779,0.00233,0.00034,0.00004,0.56713,-0.00055,0.19997,0.00065,0.70601,-0.00009,0.70821,1,5,0.99620,0.01032,-0.05869,-0.06348,0.06336,0.04236,0.81138,0,0
1766094333.492814,-0.01279,-0.00668,-0.00990,0.00065,-0.00043,-0.00061,0.56713,-0.00055,0.19997,0.00065,0.70601,-0.00009,0.70821,1,5,0.99620,0.01032,-0.05869,-0.06348,0.06336,0.04236,0.81138,0,0
1766094333.494799,-0.00224,-0.01029,-0.03267,0.00192,0.00098,0.00003,0.56713,-0.00055,0.19997,0.00065,0.70601,-0.00009,0.70821,1,5,0.99620,0.01032,-0.05869,-0.06348,0.06336,0.04236,0.81138,0,0
1766094333.496827,-0.01905,-0.01653,0.05140,-0.00143,-0.00098,-0.00027,0.56713,-0.00055,0.19997,0.00065,0.70601,-0.00009,0.70821,1,5,0.99620,0.01032,-0.05869,-0.06348,0.06336,0.04236,0.81138,0,0
1766094333.498941,-0.00988,-0.01041,0.02777,0.00148,0.00157,-0.00072,0.56713,-0.00055,0.19997,0.00065,0.70601,-0.00009,0.70821,1,5,0.99620,0.01032,-0.05869,-0.06348,0.06336,0.04236,0.81138,0,0
1766094333.500876,0.00031,0.00430,0.01250,-0.00031,0.00055,-0.00034,0.56713,-0.00055,0.19997,0.00065,0.70601,-0.00009,0.70821,1,5,0.99612,0.01062,-0.05896,-0.06444,0.06338,0.04239,0.81161,0,0
1766094333.502912,-0.01311,-0.00189,0.01265,0.00093,-0.00005,-0.00073,0.56713,-0.00055,0.19997,0.00065,0.70601,-0.00009,0.70821,1,5,0.99612,0.01062,-0.05896,-0.06444,0.06338,0.04239,0.81161,0,0
1766094333.504865,0.00430,0.00695,-0.00251,-0.00027,0.00000,0.00019,0.56713,-0.00055,0.19997,0.00065,0.70601,-0.00009,0.70821,1,5,0.99612,0.01062,-0.05896,-0.06444,0.06338,0.04239,0.81161,0,0
1766094333.506890,-0.00507,-0.00338,-0.00986,0.00026,0.00102,0.00046,0.56713,-0.00055,0.19997,0.00065,0.70601,-0.00009,0.70821,1,5,0.99612,0.01062,-0.05896,-0.06444,0.06338,0.04239,0.81161,0,0
1766094333.508842,0.02403,0.01888,-0.01826,0.00097,0.00039,0.00001,0.56713,-0.00055,0.19997,0.00065,0.70601,-0.00009,0.70821,1,5,0.99612,0.01062,-0.05896,-0.06444,0.06338,0.04239,0.81161,0,0
1766094333.510848,-0.00100,0.00545,-0.01039,0.00145,-0.00020,-0.00076,0.56713,-0.00055,0.19997,0.00065,0.70601,-0.00009,0.70821,1,5,0.99612,0.01062,-0.05896,-0.06444,0.06338,0.04239,0.81161,0,0
1766094333.512836,0.00269,-0.00622,-0.03274,0.00219,-0.00099,-0.00064,0.56713,-0.00055,0.19997,0.00065,0.70601,-0.00009,0.70821,1,5,0.99612,0.01062,-0.05896,-0.06444,0.06338,0.04239,0.81161,0,0
1766094333.514902,0.00802,0.00480,-0.00268,0.00057,-0.00005,-0.00036,0.56713,-0.00055,0.19997,0.00065,0.70601,-0.00009,0.70821,1,5,0.99612,0.01062,-0.05896,-0.06444,0.06338,0.04239,0.81161,0,0
1766094333.516833,0.00877,0.00410,-0.00255,-0.00053,0.00033,0.00005,0.56713,-0.00055,0.19997,0.00065,0.70601,-0.00009,0.70821,1,5,0.99612,0.01062,-0.05896,-0.06444,0.06338,0.04239,0.81161,0,0
1766094333.518831,0.00795,0.00960,0.00470,0.00063,0.00020,-0.00049,0.56713,-0.00055,0.19997,0.00065,0.70601,-0.00009,0.70821,1,5,0.99612,0.01062,-0.05896,-0.06444,0.06338,0.04239,0.81161,0,0
1766094333.520831,-0.00550,0.00751,-0.01029,0.00126,0.00024,-0.00022,0.56713,-0.00055,0.19997,0.00065,0.70601,-0.00009,0.70821,1,5,0.99612,0.01062,-0.05896,-0.06444,0.06338,0.04239,0.81161,0,0
1766094333.522823,0.00327,0.01183,0.01241,0.00066,0.00052,0.00006,0.56713,-0.00055,0.19997,0.00065,0.70601,-0.00009,0.70821,1,5,0.99612,0.01062,-0.05896,-0.06444,0.06338,0.04239,0.81161,0,0
1766094333.524838,-0.00161,-0.00925,0.00551,0.00171,-0.00042,0.00007,0.56713,-0.00055,0.19997,0.00065,0.70601,-0.00009,0.70821,1,5,0.99612,0.01062,-0.05896,-0.06444,0.06338,0.04239,0.81161,0,0
1766094333.526949,-0.01445,0.00826,-0.04058,0.00192,-0.00028,-0.00023,0.56713,-0.00055,0.19997,0.00065,0.70601,-0.00009,0.70821,1,5,0.99612,0.01062,-0.05896,-0.06444,0.06338,0.04239,0.81161,0,0
1766094333.528912,-0.00998,0.00042,-0.04044,0.00161,0.00005,-0.00024,0.56713,-0.00055,0.19997,0.00065,0.70601,-0.00009,0.70821,1,5,0.99612,0.01062,-0.05896,-0.06444,0.06338,0.04239,0.81161,0,0
1766094333.530859,-0.01022,-0.01943,-0.00954,0.00181,0.00032,-0.00007,0.56713,-0.00055,0.19997,0.00065,0.70601,-0.00009,0.70821,1,5,0.99612,0.01062,-0.05896,-0.06444,0.06338,0.04239,0.81161,0,0
1766094333.532844,-0.01112,-0.00925,-0.03271,0.00280,0.00032,-0.00036,0.56713,-0.00055,0.19997,0.00065,0.70601,-0.00009,0.70821,1,5,0.99612,0.01062,-0.05896,-0.06444,0.06338,0.04239,0.81161,0,0
1766094333.534864,0.01147,0.00909,0.02785,-0.00287,-0.00060,-0.00006,0.56713,-0.00055,0.19997,0.00065,0.70601,-0.00009,0.70821,1,5,0.99612,0.01062,-0.05896,-0.06444,0.06338,0.04239,0.81161,0,0
1766094333.536858,0.01262,0.00644,-0.01020,-0.00028,0.00041,0.00017,0.56713,-0.00055,0.19997,0.00065,0.70601,-0.00009,0.70821,1,5,0.99617,0.01062,-0.05901,-0.06359,0.06335,0.04236,0.81127,0,0
1766094333.538872,0.00162,-0.01279,0.02045,0.00233,0.00119,-0.00007,0.56713,-0.00055,0.19997,0.00065,0.70601,-0.00009,0.70821,1,5,0.99617,0.01062,-0.05901,-0.06359,0.06335,0.04236,0.81127,0,0
1766094333.540855,-0.00252,0.00589,-0.04063,0.00277,-0.00043,-0.00038,0.56713,-0.00055,0.19997,0.00065,0.70601,-0.00009,0.70821,1,5,0.99617,0.01062,-0.05901,-0.06359,0.06335,0.04236,0.81127,0,0
1766094333.542868,0.00385,0.01211,-0.01047,0.00044,0.00012,-0.00036,0.56713,-0.00055,0.19997,0.00065,0.70601,-0.00009,0.70821,1,5,0.99617,0.01062,-0.05901,-0.06359,0.06335,0.04236,0.81127,0,0
1766094333.544868,-0.01721,-0.00444,-0.01736,0.00046,-0.00024,-0.00007,0.56713,-0.00055,0.19997,0.00065,0.70601,-0.00009,0.70821,1,5,0.99617,0.01062,-0.05901,-0.06359,0.06335,0.04236,0.81127,0,0
1766094333.546855,-0.00211,0.02492,-0.01849,0.00213,0.00031,-0.00050,0.56713,-0.00055,0.19997,0.00065,0.70601,-0.00009,0.70821,1,5,0.99617,0.01062,-0.05901,-0.06359,0.06335,0.04236,0.81127,0,0
1766094333.548852,0.00434,-0.01340,-0.00982,-0.00030,0.00090,-0.00009,0.56713,-0.00055,0.19997,0.00065,0.70601,-0.00009,0.70821,1,5,0.99617,0.01062,-0.05901,-0.06359,0.06335,0.04236,0.81127,0,0
1766094333.550856,-0.00156,0.00083,-0.04798,0.00184,-0.00069,-0.00025,0.56713,-0.00055,0.19997,0.00065,0.70601,-0.00009,0.70821,1,5,0.99617,0.01062,-0.05901,-0.06359,0.06335,0.04236,0.81127,0,0
1766094333.552942,0.00867,0.01929,0.01250,-0.00056,-0.00031,0.00046,0.56713,-0.00055,0.19997,0.00065,0.70601,-0.00009,0.70821,1,5,0.99617,0.01062,-0.05901,-0.06359,0.06335,0.04236,0.81127,0,0
1766094333.554859,0.00618,0.01737,0.02013,-0.00168,-0.00117,-0.00006,0.56713,-0.00055,0.19997,0.00065,0.70601,-0.00009,0.70821,1,5,0.99617,0.01062,-0.05901,-0.06359,0.06335,0.04236,0.81127,0,0
1766094333.556916,0.00825,0.00401,-0.01779,-0.00009,0.00059,0.00003,0.56713,-0.00055,0.19997,0.00065,0.70601,-0.00009,0.70821,1,5,0.99617,0.01062,-0.05901,-0.06359,0.06335,0.04236,0.81127,0,0
1766094333.558919,-0.00915,0.00005,0.01272,0.00073,0.00029,-0.00019,0.56713,-0.00055,0.19997,0.00065,0.70601,-0.00009,0.70821,1,5,0.99617,0.01062,-0.05901,-0.06359,0.06335,0.04236,0.81127,0,0
1766094333.561017,-0.00431,0.00677,0.00487,-0.00006,0.00073,-0.00021,0.56713,-0.00055,0.19997,0.00065,0.70601,-0.00009,0.70821,1,5,0.99617,0.01062,-0.05901,-0.06359,0.06335,0.04236,0.81127,0,0
1766094333.562912,-0.00029,0.02511,-0.00295,0.00038,-0.00072,-0.00008,0.56713,-0.00055,0.19997,0.00065,0.70601,-0.00009,0.70821,1,5,0.99617,0.01062,-0.05901,-0.06359,0.06335,0.04236,0.81127,0,0
1766094333.564953,-0.00962,-0.01307,0.05123,-0.00292,0.00005,-0.00002,0.56713,-0.00055,0.19997,0.00065,0.70601,-0.00009,0.70821,1,5,0.99617,0.01062,-0.05901,-0.06359,0.06335,0.04236,0.81127,0,0
1766094333.567011,0.01202,0.00745,-0.01768,0.00061,-0.00060,0.00017,0.56713,-0.00055,0.19997,0.00065,0.70601,-0.00009,0.70821,1,5,0.99617,0.01062,-0.05901,-0.06359,0.06335,0.04236,0.81127,0,0
1766094333.568981,-0.00948,-0.00026,-0.00236,0.00073,0.00056,0.00020,0.56713,-0.00055,0.19997,0.00065,0.70601,-0.00009,0.70821,1,5,0.99617,0.01062,-0.05901,-0.06359,0.06335,0.04236,0.81127,0,0
1766094333.570974,-0.00151,-0.00468,-0.04029,0.00155,-0.00005,-0.00011,0.56713,-0.00055,0.19997,0.00065,0.70601,-0.00009,0.70821,1,5,0.99617,0.01062,-0.05901,-0.06359,0.06335,0.04236,0.81127,0,0
1766094333.572941,-0.00569,-0.01215,-0.01751,0.00168,0.00038,-0.00049,0.56713,-0.00055,0.19997,0.00065,0.70601,-0.00009,0.70821,1,5,0.99601,0.01073,-0.06045,-0.06482,0.06335,0.04237,0.81131,0,0
1766094333.574946,0.00796,-0.00299,0.03592,-0.00345,-0.00105,0.00009,0.56713,-0.00055,0.19997,0.00065,0.70601,-0.00009,0.70821,1,5,0.99601,0.01073,-0.06045,-0.06482,0.06335,0.04237,0.81131,0,0
1766094333.576880,-0.00577,0.00752,-0.02568,0.00170,0.00049,-0.00064,0.56713,-0.00055,0.19997,0.00065,0.70601,-0.00009,0.70821,1,5,0.99601,0.01073,-0.06045,-0.06482,0.06335,0.04237,0.81131,0,0
1766094333.578964,-0.00210,0.00427,0.02786,0.00144,0.00110,0.00048,0.56713,-0.00055,0.19997,0.00065,0.70601,-0.00009,0.70821,1,5,0.99601,0.01073,-0.06045,-0.06482,0.06335,0.04237,0.81131,0,0
1766094333.580876,-0.00439,0.01774,-0.00274,0.00029,-0.00067,-0.00008,0.56713,-0.00055,0.19997,0.00065,0.70601,-0.00009,0.70821,1,5,0.99601,0.01073,-0.06045,-0.06482,0.06335,0.04237,0.81131,0,0
1766094333.582875,0.00443,0.01655,0.02765,-0.00059,0.00025,0.00034,0.56713,-0.00055,0.19997,0.00065,0.70601,-0.00009,0.70821,1,5,0.99601,0.01073,-0.06045,-0.06482,0.06335,0.04237,0.81131,0,0
1766094333.584876,0.00441,0.01159,-0.00273,-0.00044,0.00038,0.00005,0.56713,-0.00055,0.19997,0.00065,0.70601,-0.00009,0.70821,1,5,0.99601,0.01073,-0.06045,-0.06482,0.06335,0.04237,0.81131,0,0
1766094333.586924,-0.00038,0.01425,0.02004,0.00003,0.00043,0.00020,0.56713,-0.00055,0.19997,0.00065,0.70601,-0.00009,0.70821,1,5,0.99601,0.01073,-0.06045,-0.06482,0.06335,0.04237,0.81131,0,0
1766094333.588897,-0.01374,-0.00669,-0.01739,0.00131,-0.00028,-0.00021,0.56713,-0.00055,0.19997,0.00065,0.70601,-0.00009,0.70821,1,5,0.99601,0.01073,-0.06045,-0.06482,0.06335,0.04237,0.81131,0,0
1766094333.590888,-0.00097,-0.00099,-0.00989,0.00029,0.00097,0.00059,0.56713,-0.00055,0.19997,0.00065,0.70601,-0.00009,0.70821,1,5,0.99601,0.01073,-0.06045,-0.06482,0.06335,0.04237,0.81131,0,0
1766094333.592874,-0.00441,0.00217,0.02789,0.00010,0.00036,-0.00005,0.56713,-0.00055,0.19997,0.00065,0.70601,-0.00009,0.70821,1,5,0.99601,0.01073,-0.06045,-0.06482,0.06335,0.04237,0.81131,0,0
1766094333.594888,-0.01373,-0.01654,0.02077,0.00141,-0.00015,-0.00031,0.56713,-0.00055,0.19997,0.00065,0.70601,-0.00009,0.70821,1,5,0.99601,0.01073,-0.06045,-0.06482,0.06335,0.04237,0.81131,0,0
1766094333.596886,-0.00562,-0.00544,0.03605,-0.00283,-0.00050,0.00037,0.56713,-0.00055,0.19997,0.00065,0.70601,-0.00009,0.70821,1,5,0.99601,0.01073,-0.06045,-0.06482,0.06335,0.04237,0.81131,0,0
1766094333.598974,0.01078,0.01668,0.00472,0.00137,0.00055,0.00031,0.56713,-0.00055,0.19997,0.00065,0.70601,-0.00009,0.70821,1,5,0.99601,0.01073,-0.06045,-0.06482,0.06335,0.04237,0.81131,0,0
1766094333.600892,-0.00886,0.01439,-0.01049,0.00025,0.00066,-0.00022,0.56713,-0.00055,0.19997,0.00065,0.70601,-0.00009,0.70821,1,5,0.99601,0.01073,-0.06045,-0.06482,0.06335,0.04237,0.81131,0,0
1766094333.602893,0.00380,-0.00298,0.02042,0.00026,0.00039,0.00007,0.56713,-0.00055,0.19997,0.00065,0.70601,-0.00009,0.70821,1,5,0.99601,0.01073,-0.06045,-0.06482,0.06335,0.04237,0.81131,0,0
1766094333.604878,-0.00582,0.00466,0.02051,-0.00249,-0.00064,0.00009,0.56713,-0.00055,0.19997,0.00065,0.70601,-0.00009,0.70821,1,5,0.99601,0.01073,-0.06045,-0.06482,0.06335,0.04237,0.81131,0,0
1766094333.606887,-0.01856,0.00587,-0.04055,0.00189,-0.00023,-0.00036,0.56713,-0.00055,0.19997,0.00065,0.70601,-0.00009,0.70821,1,5,0.99601,0.01073,-0.06045,-0.06482,0.06335,0.04237,0.81131,0,0
1766094333.608903,-0.01431,-0.01951,0.02893,-0.00234,-0.00102,0.00038,0.56713,-0.00055,0.19997,0.00065,0.70601,-0.00009,0.70821,1,5,0.99628,0.01032,-0.05844,-0.06256,0.06338,0.04237,0.81158,0,0
1766094333.610912,0.00328,-0.00805,0.00535,0.00064,0.00066,0.00019,0.56713,-0.00055,0.19997,0.00065,0.70601,-0.00009,0.70821,1,5,0.99628,0.01032,-0.05844,-0.06256,0.06338,0.04237,0.81158,0,0
1766094333.612907,0.01291,0.01213,-0.01007,-0.00043,-0.00073,0.00044,0.56713,-0.00055,0.19997,0.00065,0.70601,-0.00009,0.70821,1,5,0.99628,0.01032,-0.05844,-0.06256,0.06338,0.04237,0.81158,0,0
1766094333.614917,0.00301,-0.02293,-0.01727,0.00111,0.00105,-0.00023,0.56713,-0.00055,0.19997,0.00065,0.70601,-0.00009,0.70821,1,5,0.99628,0.01032,-0.05844,-0.06256,0.06338,0.04237,0.81158,0,0
1766094333.616905,-0.00860,0.01945,0.01974,0.00009,0.00052,-0.00033,0.56713,-0.00055,0.19997,0.00065,0.70601,-0.00009,0.70821,1,5,0.99628,0.01032,-0.05844,-0.06256,0.06338,0.04237,0.81158,0,0
1766094333.618963,-0.00789,-0.01410,0.03607,-0.00009,-0.00086,-0.00017,0.56713,-0.00055,0.19997,0.00065,0.70601,-0.00009,0.70821,1,5,0.99628,0.01032,-0.05844,-0.06256,0.06338,0.04237,0.81158,0,0
1766094333.620896,-0.01016,0.01050,-0.02542,0.00173,-0.00021,-0.00009,0.56713,-0.00055,0.19997,0.00065,0.70601,-0.00009,0.70821,1,5,0.99628,0.01032,-0.05844,-0.06256,0.06338,0.04237,0.81158,0,0
1766094333.622914,-0.01832,0.01022,0.00476,0.00151,0.00052,-0.00046,0.56713,-0.00055,0.19997,0.00065,0.70601,-0.00009,0.70821,1,5,0.99628,0.01032,-0.05844,-0.06256,0.06338,0.04237,0.81158,0,0
1766094333.624899,-0.01260,-0.01183,-0.01733,0.00037,-0.00029,-0.00048,0.56713,-0.00055,0.19997,0.00065,0.70601,-0.00009,0.70821,1,5,0.99628,0.01032,-0.05844,-0.06256,0.06338,0.04237,0.81158,0,0
1766094333.626894,-0.00926,-0.00470,-0.02486,0.00068,-0.00020,0.00032,0.56713,-0.00055,0.19997,0.00065,0.70601,-0.00009,0.70821,1,5,0.99628,0.01032,-0.05844,-0.06256,0.06338,0.04237,0.81158,0,0
1766094333.628916,-0.00850,-0.00447,-0.01754,0.00046,-0.00035,-0.00048,0.56713,-0.00055,0.19997,0.00065,0.70601,-0.00009,0.70821,1,5,0.99628,0.01032,-0.05844,-0.06256,0.06338,0.04237,0.81158,0,0
1766094333.630900,0.00750,0.01205,0.01258,-0.00283,-0.00106,-0.00034,0.56713,-0.00055,0.19997,0.00065,0.70601,-0.00009,0.70821,1,5,0.99628,0.01032,-0.05844,-0.06256,0.06338,0.04237,0.81158,0,0
1766094333.632909,0.00910,0.00930,-0.00267,-0.00068,-0.00006,-0.00009,0.56713,-0.00055,0.19997,0.00065,0.70601,-0.00009,0.70821,1,5,0.99628,0.01032,-0.05844,-0.06256,0.06338,0.04237,0.81158,0,0
1766094333.634895,-0.00972,-0.01443,-0.04006,0.00143,0.00006,-0.00023,0.56713,-0.00055,0.19997,0.00065,0.70601,-0.00009,0.70821,1,5,0.99628,0.01032,-0.05844,-0.06256,0.06338,0.04237,0.81158,0,0
1766094333.636905,0.01167,-0.01255,-0.04033,0.00124,0.00018,-0.00052,0.56713,-0.00055,0.19997,0.00065,0.70601,-0.00009,0.70821,1,5,0.99628,0.01032,-0.05844,-0.06256,0.06338,0.04237,0.81158,0,0
1766094333.638895,-0.02115,0.00232,0.03535,0.00010,0.00081,-0.00043,0.56713,-0.00055,0.19997,0.00065,0.70601,-0.00009,0.70821,1,5,0.99628,0.01032,-0.05844,-0.06256,0.06338,0.04237,0.81158,0,0
1766094333.640898,-0.00072,0.00901,-0.00263,0.00019,0.00083,0.00032,0.56713,-0.00055,0.19997,0.00065,0.70601,-0.00009,0.70821,1,5,0.99628,0.01032,-0.05844,-0.06256,0.06338,0.04237,0.81158,0,0
1766094333.642889,-0.01368,-0.00153,-0.02513,0.00137,-0.00054,-0.00035,0.56713,-0.00055,0.19997,0.00065,0.70601,-0.00009,0.70821,1,5,0.99628,0.01032,-0.05844,-0.06256,0.06338,0.04237,0.81158,0,0
1766094333.644897,-0.01779,-0.00965,-0.00208,0.00083,0.00028,0.00008,0.56713,-0.00055,0.19997,0.00065,0.70601,-0.00009,0.70821,1,5,0.99618,0.01048,-0.05884,-0.06366,0.06335,0.04235,0.81131,0,0
1766094333.646928,-0.00643,0.00830,-0.01783,0.00236,-0.00038,-0.00022,0.56713,-0.00055,0.19997,0.00065,0.70601,-0.00009,0.70821,1,5,0.99618,0.01048,-0.05884,-0.06366,0.06335,0.04235,0.81131,0,0
1766094333.648919,0.00726,0.00457,-0.01001,0.00079,0.00010,0.00044,0.56713,-0.00055,0.19997,0.00065,0.70601,-0.00009,0.70821,1,5,0.99618,0.01048,-0.05884,-0.06366,0.06335,0.04235,0.81131,0,0
1766094333.651010,-0.02742,-0.00432,-0.04043,0.00221,0.00064,-0.00049,0.56713,-0.00055,0.19997,0.00065,0.70601,-0.00009,0.70821,1,5,0.99618,0.01048,-0.05884,-0.06366,0.06335,0.04235,0.81131,0,0
1766094333.652988,-0.00033,0.01445,-0.01808,0.00025,0.00030,-0.00023,0.56713,-0.00055,0.19997,0.00065,0.70601,-0.00009,0.70821,1,5,0.99618,0.01048,-0.05884,-0.06366,0.06335,0.04235,0.81131,0,0
1766094333.654999,0.00488,-0.01252,0.00537,-0.00029,-0.00013,-0.00048,0.56713,-0.00055,0.19997,0.00065,0.70601,-0.00009,0.70821,1,5,0.99618,0.01048,-0.05884,-0.06366,0.06335,0.04235,0.81131,0,0
1766094333.657033,-0.01414,0.00282,-0.00248,0.00142,0.00022,-0.00007,0.56713,-0.00055,0.19997,0.00065,0.70601,-0.00009,0.70821,1,5,0.99618,0.01048,-0.05884,-0.06366,0.06335,0.04235,0.81131,0,0
1766094333.658956,-0.01267,-0.01263,0.07367,0.00014,0.00084,-0.00041,0.56713,-0.00055,0.19997,0.00065,0.70601,-0.00009,0.70821,1,5,0.99618,0.01048,-0.05884,-0.06366,0.06335,0.04235,0.81131,0,0
1766094333.661014,-0.00053,0.00884,-0.01024,-0.00003,0.00095,0.00031,0.56713,-0.00055,0.19997,0.00065,0.70601,-0.00009,0.70821,1,5,0.99618,0.01048,-0.05884,-0.06366,0.06335,0.04235,0.81131,0,0
1766094333.662974,0.00654,-0.00366,0.02847,-0.00280,-0.00013,0.00089,0.56713,-0.00055,0.19997,0.00065,0.70601,-0.00009,0.70821,1,5,0.99618,0.01048,-0.05884,-0.06366,0.06335,0.04235,0.81131,0,0
1766094333.664970,-0.01266,0.00275,-0.00979,-0.00011,-0.00042,0.00033,0.56713,-0.00055,0.19997,0.00065,0.70601,-0.00009,0.70821,1,5,0.99618,0.01048,-0.05884,-0.06366,0.06335,0.04235,0.81131,0,0
1766094333.667007,-0.00069,0.01479,-0.00286,0.00069,0.00005,-0.00022,0.56713,-0.00055,0.19997,0.00065,0.70601,-0.00009,0.70821,1,5,0.99618,0.01048,-0.05884,-0.06366,0.06335,0.04235,0.81131,0,0
1766094333.669034,0.00411,0.01706,-0.01804,0.00007,-0.00013,-0.00010,0.56713,-0.00055,0.19997,0.00065,0.70601,-0.00009,0.70821,1,5,0.99618,0.01048,-0.05884,-0.06366,0.06335,0.04235,0.81131,0,0
1766094333.671030,0.01646,0.01376,-0.01803,0.00003,0.00049,0.00016,0.56713,-0.00055,0.19997,0.00065,0.70601,-0.00009,0.70821,1,5,0.99618,0.01048,-0.05884,-0.06366,0.06335,0.04235,0.81131,0,0
1766094333.672972,0.00723,0.00259,0.05115,-0.00273,-0.00168,0.00037,0.56713,-0.00055,0.19997,0.00065,0.70601,-0.00009,0.70821,1,5,0.99618,0.01048,-0.05884,-0.06366,0.06335,0.04235,0.81131,0,0
1766094333.675001,-0.00166,0.00492,-0.02553,0.00167,0.00045,-0.00037,0.56713,-0.00055,0.19997,0.00065,0.70601,-0.00009,0.70821,1,5,0.99618,0.01048,-0.05884,-0.06366,0.06335,0.04235,0.81131,0,0
1766094333.676974,-0.00069,0.00724,0.02041,-0.00311,-0.00109,-0.00019,0.56713,-0.00055,0.19997,0.00065,0.70601,-0.00009,0.70821,1,5,0.99618,0.01048,-0.05884,-0.06366,0.06335,0.04235,0.81131,0,0
1766094333.678976,-0.00946,0.00560,0.01243,0.00146,-0.00010,-0.00073,0.56713,-0.00055,0.19997,0.00065,0.70601,-0.00009,0.70821,1,5,0.99586,0.01070,-0.06292,-0.06473,0.06334,0.04237,0.81128,0,0
1766094333.680945,0.01655,0.01474,-0.02564,0.00048,-0.00054,-0.00025,0.56713,-0.00055,0.19997,0.00065,0.70601,-0.00009,0.70821,1,5,0.99586,0.01070,-0.06292,-0.06473,0.06334,0.04237,0.81128,0,0
1766094333.683007,-0.01806,0.00027,-0.01005,0.00117,0.00040,-0.00020,0.56713,-0.00055,0.19997,0.00065,0.70601,-0.00009,0.70821,1,5,0.99586,0.01070,-0.06292,-0.06473,0.06334,0.04237,0.81128,0,0
1766094333.685010,0.00880,0.00481,-0.01763,-0.00030,-0.00056,0.00004,0.56713,-0.00055,0.19997,0.00065,0.70601,-0.00009,0.70821,1,5,0.99586,0.01070,-0.06292,-0.06473,0.06334,0.04237,0.81128,0,0
1766094333.686936,-0.02301,-0.00239,-0.00254,0.00179,0.00109,-0.00033,0.56713,-0.00055,0.19997,0.00065,0.70601,-0.00009,0.70821,1,5,0.99586,0.01070,-0.06292,-0.06473,0.06334,0.04237,0.81128,0,0
1766094333.688930,-0.00915,0.00495,-0.00248,0.00057,0.00017,0.00006,0.56713,-0.00055,0.19997,0.00065,0.70601,-0.00009,0.70821,1,5,0.99586,0.01070,-0.06292,-0.06473,0.06334,0.04237,0.81128,0,0
1766094333.690946,0.01668,-0.00053,-0.00237,0.00007,-0.00014,0.00018,0.56713,-0.00055,0.19997,0.00065,0.70601,-0.00009,0.70821,1,5,0.99586,0.01070,-0.06292,-0.06473,0.06334,0.04237,0.81128,0,0
1766094333.692961,-0.00808,-0.00046,-0.00988,-0.00058,0.00029,0.00019,0.56713,-0.00055,0.19997,0.00065,0.70601,-0.00009,0.70821,1,5,0.99586,0.01070,-0.06292,-0.06473,0.06334,0.04237,0.81128,0,0
1766094333.694967,-0.00948,0.00052,-0.05576,0.00139,-0.00009,-0.00065,0.56713,-0.00055,0.19997,0.00065,0.70601,-0.00009,0.70821,1,5,0.99586,0.01070,-0.06292,-0.06473,0.06334,0.04237,0.81128,0,0
1766094333.696934,-0.00801,0.00968,-0.01780,-0.00046,0.00002,-0.00008,0.56713,-0.00055,0.19997,0.00065,0.70601,-0.00009,0.70821,1,5,0.99586,0.01070,-0.06292,-0.06473,0.06334,0.04237,0.81128,0,0
1766094333.698945,-0.00174,0.00891,0.01247,0.00106,0.00134,0.00033,0.56713,-0.00055,0.19997,0.00065,0.70601,-0.00009,0.70821,1,5,0.99586,0.01070,-0.06292,-0.06473,0.06334,0.04237,0.81128,0,0
1766094333.700927,0.00415,-0.01204,-0.01703,0.00015,-0.00086,0.00032,0.56713,-0.00055,0.19997,0.00065,0.70601,-0.00009,0.70821,1,5,0.99586,0.01070,-0.06292,-0.06473,0.06334,0.04237,0.81128,0,0
1766094333.702941,-0.00018,0.00493,-0.01782,0.00036,-0.00008,-0.00036,0.56713,-0.00055,0.19997,0.00065,0.70601,-0.00009,0.70821,1,5,0.99586,0.01070,-0.06292,-0.06473,0.06334,0.04237,0.81128,0,0
1766094333.704945,-0.01285,-0.00201,-0.00977,0.00027,-0.00042,0.00007,0.56713,-0.00055,0.19997,0.00065,0.70601,-0.00009,0.70821,1,5,0.99586,0.01070,-0.06292,-0.06473,0.06334,0.04237,0.81128,0,0
1766094333.706939,0.00251,0.01255,-0.01828,0.00198,0.00026,-0.00077,0.56713,-0.00055,0.19997,0.00065,0.70601,-0.00009,0.70821,1,5,0.99586,0.01070,-0.06292,-0.06473,0.06334,0.04237,0.81128,0,0
1766094333.708930,-0.01792,-0.01917,-0.01721,0.00137,0.00016,-0.00047,0.56713,-0.00055,0.19997,0.00065,0.70601,-0.00009,0.70821,1,5,0.99586,0.01070,-0.06292,-0.06473,0.06334,0.04237,0.81128,0,0
1766094333.710938,0.00829,0.01475,0.01235,0.00026,-0.00031,-0.00021,0.56713,-0.00055,0.19997,0.00065,0.70601,-0.00009,0.70821,1,5,0.99586,0.01070,-0.06292,-0.06473,0.06334,0.04237,0.81128,0,0
1766094333.712922,-0.00036,0.02493,0.00461,0.00038,-0.00047,-0.00008,0.56713,-0.00055,0.19997,0.00065,0.70601,-0.00009,0.70821,1,5,0.99586,0.01070,-0.06292,-0.06473,0.06334,0.04237,0.81128,0,0
1766094333.714988,0.01141,0.00507,0.02854,-0.00292,-0.00210,0.00089,0.56713,-0.00055,0.19997,0.00065,0.70601,-0.00009,0.70821,1,5,0.99586,0.01070,-0.06292,-0.06473,0.06334,0.04237,0.81128,0,0
1766094333.716954,-0.01796,0.00116,-0.03269,0.00140,-0.00074,-0.00022,0.56713,-0.00055,0.19997,0.00065,0.70601,-0.00009,0.70821,1,5,0.99605,0.01064,-0.05952,-0.06499,0.06336,0.04237,0.81144,0,0
1766094333.718968,0.01089,0.01641,0.01969,0.00137,0.00105,-0.00008,0.56713,-0.00055,0.19997,0.00065,0.70601,-0.00009,0.70821,1,5,0.99605,0.01064,-0.05952,-0.06499,0.06336,0.04237,0.81144,0,0
1766094333.720952,0.00463,0.01224,0.01239,-0.00021,-0.00027,-0.00034,0.56713,-0.00055,0.19997,0.00065,0.70601,-0.00009,0.70821,1,5,0.99605,0.01064,-0.05952,-0.06499,0.06336,0.04237,0.81144,0,0
1766094333.722989,-0.00922,0.00975,0.00490,0.00063,0.00041,-0.00007,0.56713,-0.00055,0.19997,0.00065,0.70601,-0.00009,0.70821,1,5,0.99605,0.01064,-0.05952,-0.06499,0.06336,0.04237,0.81144,0,0
1766094333.724948,0.00075,-0.00435,0.04310,0.00002,-0.00073,-0.00085,0.56713,-0.00055,0.19997,0.00065,0.70601,-0.00009,0.70821,1,5,0.99605,0.01064,-0.05952,-0.06499,0.06336,0.04237,0.81144,0,0
1766094333.726967,-0.01828,-0.01401,-0.03221,0.00144,-0.00034,0.00019,0.56713,-0.00055,0.19997,0.00065,0.70601,-0.00009,0.70821,1,5,0.99605,0.01064,-0.05952,-0.06499,0.06336,0.04237,0.81144,0,0
1766094333.728969,0.00253,-0.00017,0.00569,-0.00254,-0.00123,0.00061,0.56713,-0.00055,0.19997,0.00065,0.70601,-0.00009,0.70821,1,5,0.99605,0.01064,-0.05952,-0.06499,0.06336,0.04237,0.81144,0,0
1766094333.731037,-0.00814,-0.00559,0.02065,-0.00064,0.00054,0.00035,0.56713,-0.00055,0.19997,0.00065,0.70601,-0.00009,0.70821,1,5,0.99605,0.01064,-0.05952,-0.06499,0.06336,0.04237,0.81144,0,0
1766094333.732956,0.01629,0.00392,-0.00230,-0.00009,0.00025,0.00085,0.56713,-0.00055,0.19997,0.00065,0.70601,-0.00009,0.70821,1,5,0.99605,0.01064,-0.05952,-0.06499,0.06336,0.04237,0.81144,0,0
1766094333.734954,0.00706,-0.01504,-0.02499,0.00143,0.00036,-0.00024,0.56713,-0.00055,0.19997,0.00065,0.70601,-0.00009,0.70821,1,5,0.99605,0.01064,-0.05952,-0.06499,0.06336,0.04237,0.81144,0,0
1766094333.736953,-0.00469,0.02194,-0.01825,0.00034,0.00035,-0.00023,0.56713,-0.00055,0.19997,0.00065,0.70601,-0.00009,0.70821,1,5,0.99605,0.01064,-0.05952,-0.06499,0.06336,0.04237,0.81144,0,0
1766094333.738961,-0.01785,-0.00980,0.02827,0.00083,0.00053,0.00010,0.56713,-0.00055,0.19997,0.00065,0.70601,-0.00009,0.70821,1,5,0.99605,0.01064,-0.05952,-0.06499,0.06336,0.04237,0.81144,0,0
1766094333.740969,-0.00077,0.01951,-0.01050,0.00053,0.00018,0.00004,0.56713,-0.00055,0.19997,0.00065,0.70601,-0.00009,0.70821,1,5,0.99605,0.01064,-0.05952,-0.06499,0.06336,0.04237,0.81144,0,0
1766094333.742961,-0.01101,0.01028,-0.02571,0.00260,0.00056,-0.00050,0.56713,-0.00055,0.19997,0.00065,0.70601,-0.00009,0.70821,1,5,0.99605,0.01064,-0.05952,-0.06499,0.06336,0.04237,0.81144,0,0
1766094333.744960,-0.00582,0.00968,0.04312,-0.00243,-0.00064,-0.00003,0.56713,-0.00055,0.19997,0.00065,0.70601,-0.00009,0.70821,1,5,0.99605,0.01064,-0.05952,-0.06499,0.06336,0.04237,0.81144,0,0
1766094333.746982,0.00397,-0.00689,-0.00960,0.00043,-0.00100,0.00019,0.56713,-0.00055,0.19997,0.00065,0.70601,-0.00009,0.70821,1,5,0.99605,0.01064,-0.05952,-0.06499,0.06336,0.04237,0.81144,0,0
1766094333.748950,-0.00170,-0.00451,-0.03269,0.00177,-0.00017,-0.00010,0.56713,-0.00055,0.19997,0.00065,0.70601,-0.00009,0.70821,1,5,0.99605,0.01064,-0.05952,-0.06499,0.06336,0.04237,0.81144,0,0
1766094333.750958,-0.00497,-0.01499,0.01373,-0.00338,-0.00126,0.00063,0.56713,-0.00055,0.19997,0.00065,0.70601,-0.00009,0.70821,1,5,0.99605,0.01064,-0.05952,-0.06499,0.06336,0.04237,0.81144,0,0
1766094333.752983,-0.01172,-0.00789,0.03592,-0.00111,0.00033,0.00024,0.56713,-0.00055,0.19997,0.00065,0.70601,-0.00009,0.70821,1,5,0.99606,0.01064,-0.05960,-0.06484,0.06335,0.04237,0.81139,0,0
1766094333.755019,0.00324,-0.00006,0.06615,-0.00276,-0.00113,-0.00015,0.56713,-0.00055,0.19997,0.00065,0.70601,-0.00009,0.70821,1,5,0.99606,0.01064,-0.05960,-0.06484,0.06335,0.04237,0.81139,0,0
1766094333.756984,-0.01363,-0.00704,-0.01743,0.00108,0.00010,-0.00021,0.56713,-0.00055,0.19997,0.00065,0.70601,-0.00009,0.70821,1,5,0.99606,0.01064,-0.05960,-0.06484,0.06335,0.04237,0.81139,0,0
1766094333.758990,-0.02710,-0.01972,-0.00197,0.00158,0.00116,-0.00005,0.56713,-0.00055,0.19997,0.00065,0.70601,-0.00009,0.70821,1,5,0.99606,0.01064,-0.05960,-0.06484,0.06335,0.04237,0.81139,0,0
1766094333.760981,0.00052,-0.00014,-0.01001,-0.00036,-0.00020,-0.00022,0.56713,-0.00055,0.19997,0.00065,0.70601,-0.00009,0.70821,1,5,0.99606,0.01064,-0.05960,-0.06484,0.06335,0.04237,0.81139,0,0
1766094333.762986,-0.00088,0.02484,-0.01063,0.00082,-0.00021,-0.00009,0.56713,-0.00055,0.19997,0.00065,0.70601,-0.00009,0.70821,1,5,0.99606,0.01064,-0.05960,-0.06484,0.06335,0.04237,0.81139,0,0
1766094333.764975,-0.00101,-0.00300,0.02847,-0.00323,-0.00081,0.00050,0.56713,-0.00055,0.19997,0.00065,0.70601,-0.00009,0.70821,1,5,0.99606,0.01064,-0.05960,-0.06484,0.06335,0.04237,0.81139,0,0
1766094333.767003,-0.01870,0.01049,-0.02560,0.00195,0.00027,-0.00049,0.56713,-0.00055,0.19997,0.00065,0.70601,-0.00009,0.70821,1,5,0.99606,0.01064,-0.05960,-0.06484,0.06335,0.04237,0.81139,0,0
1766094333.769016,0.01237,0.01724,-0.00321,0.00072,-0.00012,-0.00090,0.56713,-0.00055,0.19997,0.00065,0.70601,-0.00009,0.70821,1,5,0.99606,0.01064,-0.05960,-0.06484,0.06335,0.04237,0.81139,0,0
1766094333.770995,0.00444,-0.00758,-0.02486,-0.00023,-0.00037,0.00017,0.56713,-0.00055,0.19997,0.00065,0.70601,-0.00009,0.70821,1,5,0.99606,0.01064,-0.05960,-0.06484,0.06335,0.04237,0.81139,0,0
1766094333.773041,-0.00962,-0.00065,-0.01003,0.00073,0.00107,0.00019,0.56713,-0.00055,0.19997,0.00065,0.70601,-0.00009,0.70821,1,5,0.99606,0.01064,-0.05960,-0.06484,0.06335,0.04237,0.81139,0,0
1766094333.774999,-0.00202,0.01007,-0.04053,0.00173,-0.00005,0.00029,0.56713,-0.00055,0.19997,0.00065,0.70601,-0.00009,0.70821,1,5,0.99606,0.01064,-0.05960,-0.06484,0.06335,0.04237,0.81139,0,0
1766094333.776978,0.00250,-0.00941,0.05136,-0.00200,-0.00162,0.00011,0.56713,-0.00055,0.19997,0.00065,0.70601,-0.00009,0.70821,1,5,0.99606,0.01064,-0.05960,-0.06484,0.06335,0.04237,0.81139,0,0
1766094333.778976,-0.01383,-0.01746,0.02062,0.00118,0.00099,-0.00032,0.56713,-0.00055,0.19997,0.00065,0.70601,-0.00009,0.70821,1,5,0.99606,0.01064,-0.05960,-0.06484,0.06335,0.04237,0.81139,0,0
1766094333.780985,-0.00018,0.02974,-0.00318,0.00022,-0.00035,-0.00022,0.56713,-0.00055,0.19997,0.00065,0.70601,-0.00009,0.70821,1,5,0.99606,0.01064,-0.05960,-0.06484,0.06335,0.04237,0.81139,0,0
1766094333.782994,-0.00434,0.00733,0.02015,0.00017,0.00010,-0.00019,0.56713,-0.00055,0.19997,0.00065,0.70601,-0.00009,0.70821,1,5,0.99606,0.01064,-0.05960,-0.06484,0.06335,0.04237,0.81139,0,0
1766094333.784969,0.00189,-0.00055,0.05114,-0.00211,-0.00047,0.00064,0.56713,-0.00055,0.19997,0.00065,0.70601,-0.00009,0.70821,1,5,0.99606,0.01064,-0.05960,-0.06484,0.06335,0.04237,0.81139,0,0
1766094333.786990,-0.01100,0.00023,-0.04037,0.00227,0.00045,0.00017,0.56713,-0.00055,0.19997,0.00065,0.70601,-0.00009,0.70821,1,5,0.99606,0.01064,-0.05960,-0.06484,0.06335,0.04237,0.81139,0,0
1766094333.788975,-0.00082,-0.00460,-0.00262,0.00133,0.00006,-0.00089,0.56713,-0.00055,0.19997,0.00065,0.70601,-0.00009,0.70821,1,5,0.99606,0.01064,-0.05960,-0.06484,0.06335,0.04237,0.81139,0,0
1766094333.790998,-0.00038,0.01425,0.02004,0.00003,0.00043,0.00020,0.56713,-0.00055,0.19997,0.00065,0.70601,-0.00009,0.70821,1,5,0.99619,0.01045,-0.05822,-0.06414,0.06338,0.04238,0.81161,0,0
1766094333.792999,-0.01803,-0.00890,-0.00975,0.00150,-0.00036,-0.00033,0.56713,-0.00055,0.19997,0.00065,0.70601,-0.00009,0.70821,1,5,0.99619,0.01045,-0.05822,-0.06414,0.06338,0.04238,0.81161,0,0
1766094333.795026,0.00414,0.00661,-0.01794,-0.00006,0.00063,-0.00023,0.56713,-0.00055,0.19997,0.00065,0.70601,-0.00009,0.70821,1,5,0.99619,0.01045,-0.05822,-0.06414,0.06338,0.04238,0.81161,0,0
1766094333.797020,0.02167,0.01160,0.02006,-0.00065,-0.00021,0.00005,0.56713,-0.00055,0.19997,0.00065,0.70601,-0.00009,0.70821,1,5,0.99619,0.01045,-0.05822,-0.06414,0.06338,0.04238,0.81161,0,0
1766094333.799015,-0.00138,0.01486,0.02006,0.00113,0.00006,0.00020,0.56713,-0.00055,0.19997,0.00065,0.70601,-0.00009,0.70821,1,5,0.99619,0.01045,-0.05822,-0.06414,0.06338,0.04238,0.81161,0,0
1766094333.801005,-0.00506,0.01155,0.02016,0.00022,0.00088,0.00048,0.56713,-0.00055,0.19997,0.00065,0.70601,-0.00009,0.70821,1,5,0.99619,0.01045,-0.05822,-0.06414,0.06338,0.04238,0.81161,0,0
1766094333.802995,0.00484,0.00780,-0.01011,-0.00026,-0.00102,-0.00022,0.56713,-0.00055,0.19997,0.00065,0.70601,-0.00009,0.70821,1,5,0.99619,0.01045,-0.05822,-0.06414,0.06338,0.04238,0.81161,0,0
1766094333.804995,-0.01269,0.00204,0.00529,-0.00033,0.00047,0.00034,0.56713,-0.00055,0.19997,0.00065,0.70601,-0.00009,0.70821,1,5,0.99619,0.01045,-0.05822,-0.06414,0.06338,0.04238,0.81161,0,0
1766094333.807024,-0.00083,-0.00047,0.00503,0.00073,0.00070,-0.00021,0.56713,-0.00055,0.19997,0.00065,0.70601,-0.00009,0.70821,1,5,0.99619,0.01045,-0.05822,-0.06414,0.06338,0.04238,0.81161,0,0
1766094333.809070,-0.01021,0.02470,-0.03367,0.00169,0.00066,-0.00051,0.56713,-0.00055,0.19997,0.00065,0.70601,-0.00009,0.70821,1,5,0.99619,0.01045,-0.05822,-0.06414,0.06338,0.04238,0.81161,0,0
1766094333.811085,0.00814,0.02424,-0.01069,0.00015,0.00007,-0.00010,0.56713,-0.00055,0.19997,0.00065,0.70601,-0.00009,0.70821,1,5,0.99619,0.01045,-0.05822,-0.06414,0.06338,0.04238,0.81161,0,0
1766094333.813039,-0.01267,0.00288,-0.00254,0.00033,-0.00018,-0.00047,0.56713,-0.00055,0.19997,0.00065,0.70601,-0.00009,0.70821,1,5,0.99619,0.01045,-0.05822,-0.06414,0.06338,0.04238,0.81161,0,0
1766094333.815073,0.00709,-0.00926,-0.02522,0.00193,-0.00041,-0.00078,0.56713,-0.00055,0.19997,0.00065,0.70601,-0.00009,0.70821,1,5,0.99619,0.01045,-0.05822,-0.06414,0.06338,0.04238,0.81161,0,0
1766094333.817050,-0.00094,0.00972,-0.00254,0.00063,0.00007,0.00032,0.56713,-0.00055,0.19997,0.00065,0.70601,-0.00009,0.70821,1,5,0.99619,0.01045,-0.05822,-0.06414,0.06338,0.04238,0.81161,0,0
1766094333.819032,-0.02022,-0.00715,0.04345,-0.00067,-0.00008,-0.00015,0.56713,-0.00055,0.19997,0.00065,0.70601,-0.00009,0.70821,1,5,0.99619,0.01045,-0.05822,-0.06414,0.06338,0.04238,0.81161,0,0
1766094333.821064,0.00021,-0.00029,0.03551,-0.00014,0.00018,-0.00018,0.56713,-0.00055,0.19997,0.00065,0.70601,-0.00009,0.70821,1,5,0.99619,0.01045,-0.05822,-0.06414,0.06338,0.04238,0.81161,0,0
1766094333.823017,-0.02209,-0.02181,-0.02464,0.00112,0.00034,-0.00020,0.56713,-0.00055,0.19997,0.00065,0.70601,-0.00009,0.70821,1,5,0.99619,0.01045,-0.05822,-0.06414,0.06338,0.04238,0.81161,0,0
1766094333.825008,-0.00236,0.00002,-0.03298,0.00226,0.00059,-0.00024,0.56713,-0.00055,0.19997,0.00065,0.70601,-0.00009,0.70821,1,5,0.99619,0.01045,-0.05822,-0.06414,0.06338,0.04238,0.81161,0,0
1766094333.827031,-0.00809,0.02445,-0.01077,-0.00028,0.00026,-0.00049,0.56713,-0.00055,0.19997,0.00065,0.70601,-0.00009,0.70821,1,5,0.99617,0.01033,-0.06091,-0.06181,0.06338,0.04238,0.81166,0,0
1766094333.829012,-0.00966,-0.01000,-0.00216,0.00105,0.00056,0.00007,0.56713,-0.00055,0.19997,0.00065,0.70601,-0.00009,0.70821,1,5,0.99617,0.01033,-0.06091,-0.06181,0.06338,0.04238,0.81166,0,0
1766094333.831038,-0.00592,0.00007,0.04352,-0.00232,-0.00101,0.00024,0.56713,-0.00055,0.19997,0.00065,0.70601,-0.00009,0.70821,1,5,0.99617,0.01033,-0.06091,-0.06181,0.06338,0.04238,0.81166,0,0
1766094333.833020,0.00416,0.01166,0.02746,0.00000,0.00062,-0.00033,0.56713,-0.00055,0.19997,0.00065,0.70601,-0.00009,0.70821,1,5,0.99617,0.01033,-0.06091,-0.06181,0.06338,0.04238,0.81166,0,0
1766094333.835040,-0.00145,0.00468,0.00519,0.00101,0.00033,0.00046,0.56713,-0.00055,0.19997,0.00065,0.70601,-0.00009,0.70821,1,5,0.99617,0.01033,-0.06091,-0.06181,0.06338,0.04238,0.81166,0,0
1766094333.837027,-0.00166,0.00990,-0.02571,0.00173,0.00044,-0.00051,0.56713,-0.00055,0.19997,0.00065,0.70601,-0.00009,0.70821,1,5,0.99617,0.01033,-0.06091,-0.06181,0.06338,0.04238,0.81166,0,0
1766094333.839024,-0.01785,-0.02470,0.02104,0.00087,0.00067,0.00010,0.56713,-0.00055,0.19997,0.00065,0.70601,-0.00009,0.70821,1,5,0.99617,0.01033,-0.06091,-0.06181,0.06338,0.04238,0.81166,0,0
1766094333.841016,-0.00646,0.00755,-0.02554,0.00214,0.00051,-0.00023,0.56713,-0.00055,0.19997,0.00065,0.70601,-0.00009,0.70821,1,5,0.99617,0.01033,-0.06091,-0.06181,0.06338,0.04238,0.81166,0,0
1766094333.843029,-0.00147,0.01959,-0.01813,0.00119,0.00032,0.00004,0.56713,-0.00055,0.19997,0.00065,0.70601,-0.00009,0.70821,1,5,0.99617,0.01033,-0.06091,-0.06181,0.06338,0.04238,0.81166,0,0
1766094333.845060,0.00822,0.00449,-0.01754,-0.00008,-0.00016,0.00044,0.56713,-0.00055,0.19997,0.00065,0.70601,-0.00009,0.70821,1,5,0.99617,0.01033,-0.06091,-0.06181,0.06338,0.04238,0.81166,0,0
1766094333.847032,-0.01038,0.00993,-0.02553,0.00173,0.00056,-0.00009,0.56713,-0.00055,0.19997,0.00065,0.70601,-0.00009,0.70821,1,5,0.99617,0.01033,-0.06091,-0.06181,0.06338,0.04238,0.81166,0,0
1766094333.849026,-0.00967,0.00984,-0.01790,0.00107,0.00042,-0.00009,0.56713,-0.00055,0.19997,0.00065,0.70601,-0.00009,0.70821,1,5,0.99617,0.01033,-0.06091,-0.06181,0.06338,0.04238,0.81166,0,0
1766094333.851033,-0.00134,0.00013,-0.04808,0.00139,0.00007,-0.00025,0.56713,-0.00055,0.19997,0.00065,0.70601,-0.00009,0.70821,1,5,0.99617,0.01033,-0.06091,-0.06181,0.06338,0.04238,0.81166,0,0
1766094333.853034,0.00422,-0.00309,-0.01013,0.00004,0.00051,-0.00036,0.56713,-0.00055,0.19997,0.00065,0.70601,-0.00009,0.70821,1,5,0.99617,0.01033,-0.06091,-0.06181,0.06338,0.04238,0.81166,0,0
1766094333.855046,0.00818,0.00013,-0.00986,0.00030,-0.00067,0.00018,0.56713,-0.00055,0.19997,0.00065,0.70601,-0.00009,0.70821,1,5,0.99617,0.01033,-0.06091,-0.06181,0.06338,0.04238,0.81166,0,0
1766094333.857030,-0.01359,0.00475,0.02040,-0.00292,-0.00055,-0.00031,0.56713,-0.00055,0.19997,0.00065,0.70601,-0.00009,0.70821,1,5,0.99617,0.01033,-0.06091,-0.06181,0.06338,0.04238,0.81166,0,0
1766094333.859033,-0.00563,-0.00282,0.00519,0.00114,0.00076,0.00006,0.56713,-0.00055,0.19997,0.00065,0.70601,-0.00009,0.70821,1,5,0.99617,0.01033,-0.06091,-0.06181,0.06338,0.04238,0.81166,0,0
1766094333.861060,-0.00565,0.00349,-0.00256,0.00187,-0.00065,-0.00048,0.56713,-0.00055,0.19997,0.00065,0.70601,-0.00009,0.70821,1,5,0.99617,0.01033,-0.06091,-0.06181,0.06338,0.04238,0.81166,0,0
1766094333.863044,-0.00094,0.01470,-0.00271,0.00069,0.00006,0.00019,0.56713,-0.00055,0.19997,0.00065,0.70601,-0.00009,0.70821,1,5,0.99600,0.01070,-0.05993,-0.06533,0.06335,0.04236,0.81128,0,0
1766094333.865056,0.00290,0.01206,-0.01019,0.00088,0.00015,0.00045,0.56713,-0.00055,0.19997,0.00065,0.70601,-0.00009,0.70821,1,5,0.99600,0.01070,-0.05993,-0.06533,0.06335,0.04236,0.81128,0,0
1766094333.867047,-0.00051,0.01462,-0.01047,0.00047,0.00018,-0.00022,0.56713,-0.00055,0.19997,0.00065,0.70601,-0.00009,0.70821,1,5,0.99600,0.01070,-0.05993,-0.06533,0.06335,0.04236,0.81128,0,0
1766094333.869063,0.00309,-0.00710,-0.04044,0.00152,-0.00011,-0.00065,0.56713,-0.00055,0.19997,0.00065,0.70601,-0.00009,0.70821,1,5,0.99600,0.01070,-0.05993,-0.06533,0.06335,0.04236,0.81128,0,0
1766094333.871308,-0.01396,0.00763,-0.01026,0.00126,0.00034,-0.00021,0.56713,-0.00055,0.19997,0.00065,0.70601,-0.00009,0.70821,1,5,0.99600,0.01070,-0.05993,-0.06533,0.06335,0.04236,0.81128,0,0
1766094333.873150,0.00451,-0.00242,-0.03260,-0.00017,-0.00063,0.00003,0.56713,-0.00055,0.19997,0.00065,0.70601,-0.00009,0.70821,1,5,0.99600,0.01070,-0.05993,-0.06533,0.06335,0.04236,0.81128,0,0
1766094333.875053,-0.01842,-0.01935,-0.01692,0.00137,0.00018,0.00034,0.56713,-0.00055,0.19997,0.00065,0.70601,-0.00009,0.70821,1,5,0.99600,0.01070,-0.05993,-0.06533,0.06335,0.04236,0.81128,0,0
1766094333.877068,0.02591,0.00941,-0.00268,-0.00046,-0.00064,-0.00010,0.56713,-0.00055,0.19997,0.00065,0.70601,-0.00009,0.70821,1,5,0.99600,0.01070,-0.05993,-0.06533,0.06335,0.04236,0.81128,0,0
1766094333.879062,-0.00441,-0.01273,0.02065,0.00014,0.00050,-0.00005,0.56713,-0.00055,0.19997,0.00065,0.70601,-0.00009,0.70821,1,5,0.99600,0.01070,-0.05993,-0.06533,0.06335,0.04236,0.81128,0,0
1766094333.881940,-0.00145,-0.00442,-0.03283,0.00177,-0.00018,-0.00051,0.56713,-0.00055,0.19997,0.00065,0.70601,-0.00009,0.70821,1,5,0.99600,0.01070,-0.05993,-0.06533,0.06335,0.04236,0.81128,0,0
1766094333.883112,-0.01505,0.00807,-0.03324,0.00258,0.00035,-0.00063,0.56713,-0.00055,0.19997,0.00065,0.70601,-0.00009,0.70821,1,5,0.99600,0.01070,-0.05993,-0.06533,0.06335,0.04236,0.81128,0,0
1766094333.885106,-0.00500,0.00680,0.00501,0.00038,0.00075,0.00020,0.56713,-0.00055,0.19997,0.00065,0.70601,-0.00009,0.70821,1,5,0.99600,0.01070,-0.05993,-0.06533,0.06335,0.04236,0.81128,0,0
1766094333.887120,-0.00196,0.00541,-0.04066,0.00211,-0.00005,-0.00038,0.56713,-0.00055,0.19997,0.00065,0.70601,-0.00009,0.70821,1,5,0.99600,0.01070,-0.05993,-0.06533,0.06335,0.04236,0.81128,0,0
1766094333.889137,-0.01857,0.00021,-0.00251,0.00161,0.00066,-0.00020,0.56713,-0.00055,0.19997,0.00065,0.70601,-0.00009,0.70821,1,5,0.99600,0.01070,-0.05993,-0.06533,0.06335,0.04236,0.81128,0,0
1766094333.891130,-0.00826,-0.00029,-0.00227,-0.00036,0.00016,0.00020,0.56713,-0.00055,0.19997,0.00065,0.70601,-0.00009,0.70821,1,5,0.99600,0.01070,-0.05993,-0.06533,0.06335,0.04236,0.81128,0,0
1766094333.893132,-0.00602,0.00742,-0.02553,0.00170,0.00050,-0.00023,0.56713,-0.00055,0.19997,0.00065,0.70601,-0.00009,0.70821,1,5,0.99600,0.01070,-0.05993,-0.06533,0.06335,0.04236,0.81128,0,0
1766094333.895142,0.01261,-0.00339,-0.00259,0.00004,0.00066,-0.00036,0.56713,-0.00055,0.19997,0.00065,0.70601,-0.00009,0.70821,1,5,0.99600,0.01070,-0.05993,-0.06533,0.06335,0.04236,0.81128,0,0
1766094333.897113,-0.00038,-0.00563,0.01299,0.00001,0.00058,0.00034,0.56713,-0.00055,0.19997,0.00065,0.70601,-0.00009,0.70821,1,5,0.99600,0.01070,-0.05993,-0.06533,0.06335,0.04236,0.81128,0,0
1766094333.899128,0.00671,0.01875,0.01208,0.00118,0.00123,0.00005,0.56713,-0.00055,0.19997,0.00065,0.70601,-0.00009,0.70821,1,5,0.99600,0.01070,-0.05993,-0.06533,0.06335,0.04236,0.81128,0,0
1766094333.901142,0.01232,0.01692,-0.00290,0.00028,-0.00011,-0.00010,0.56713,-0.00055,0.19997,0.00065,0.70601,-0.00009,0.70821,1,5,0.99600,0.01070,-0.05993,-0.06533,0.06335,0.04236,0.81128,0,0
1766094333.903149,-0.00080,0.00028,0.01274,0.00096,-0.00019,-0.00020,0.56713,-0.00055,0.19997,0.00065,0.70601,-0.00009,0.70821,1,5,0.99627,0.01046,-0.05865,-0.06247,0.06336,0.04236,0.81136,0,0
1766094333.905095,0.00896,-0.00974,-0.00943,-0.00047,-0.00105,0.00045,0.56713,-0.00055,0.19997,0.00065,0.70601,-0.00009,0.70821,1,5,0.99627,0.01046,-0.05865,-0.06247,0.06336,0.04236,0.81136,0,0
1766094333.907159,-0.00257,-0.00195,0.00574,-0.00147,-0.00155,0.00048,0.56713,-0.00055,0.19997,0.00065,0.70601,-0.00009,0.70821,1,5,0.99627,0.01046,-0.05865,-0.06247,0.06336,0.04236,0.81136,0,0
1766094333.909148,0.01663,0.01495,-0.01042,0.00048,-0.00079,-0.00024,0.56713,-0.00055,0.19997,0.00065,0.70601,-0.00009,0.70821,1,5,0.99627,0.01046,-0.05865,-0.06247,0.06336,0.04236,0.81136,0,0
1766094333.911131,-0.00405,0.01179,0.01232,-0.00022,0.00060,-0.00034,0.56713,-0.00055,0.19997,0.00065,0.70601,-0.00009,0.70821,1,5,0.99627,0.01046,-0.05865,-0.06247,0.06336,0.04236,0.81136,0,0
1766094333.913116,0.00017,0.01085,-0.03301,0.00043,-0.00135,-0.00051,0.56713,-0.00055,0.19997,0.00065,0.70601,-0.00009,0.70821,1,5,0.99627,0.01046,-0.05865,-0.06247,0.06336,0.04236,0.81136,0,0
1766094333.915158,0.01217,0.00657,-0.01021,0.00016,0.00042,0.00017,0.56713,-0.00055,0.19997,0.00065,0.70601,-0.00009,0.70821,1,5,0.99627,0.01046,-0.05865,-0.06247,0.06336,0.04236,0.81136,0,0
1766094333.917060,0.00076,-0.01077,0.01304,-0.00093,0.00057,0.00007,0.56713,-0.00055,0.19997,0.00065,0.70601,-0.00009,0.70821,1,5,0.99627,0.01046,-0.05865,-0.06247,0.06336,0.04236,0.81136,0,0
1766094333.919256,-0.01287,-0.01261,0.02068,0.00014,0.00060,-0.00005,0.56713,-0.00055,0.19997,0.00065,0.70601,-0.00009,0.70821,1,5,0.99627,0.01046,-0.05865,-0.06247,0.06336,0.04236,0.81136,0,0
1766094333.921073,-0.01807,0.00530,-0.01800,0.00145,0.00051,-0.00075,0.56713,-0.00055,0.19997,0.00065,0.70601,-0.00009,0.70821,1,5,0.99627,0.01046,-0.05865,-0.06247,0.06336,0.04236,0.81136,0,0
1766094333.923083,0.00425,0.00255,-0.01761,0.00011,-0.00050,-0.00009,0.56713,-0.00055,0.19997,0.00065,0.70601,-0.00009,0.70821,1,5,0.99627,0.01046,-0.05865,-0.06247,0.06336,0.04236,0.81136,0,0
1766094333.925076,-0.01843,-0.00942,-0.04006,0.00149,0.00016,0.00005,0.56713,-0.00055,0.19997,0.00065,0.70601,-0.00009,0.70821,1,5,0.99627,0.01046,-0.05865,-0.06247,0.06336,0.04236,0.81136,0,0
1766094333.927078,0.00239,-0.00543,0.03601,-0.00239,-0.00060,0.00036,0.56713,-0.00055,0.19997,0.00065,0.70601,-0.00009,0.70821,1,5,0.99627,0.01046,-0.05865,-0.06247,0.06336,0.04236,0.81136,0,0
1766094333.929081,-0.00015,0.00938,-0.01048,0.00019,0.00055,-0.00049,0.56713,-0.00055,0.19997,0.00065,0.70601,-0.00009,0.70821,1,5,0.99627,0.01046,-0.05865,-0.06247,0.06336,0.04236,0.81136,0,0
1766094333.931080,0.01085,-0.00066,0.02078,-0.00255,-0.00083,0.00061,0.56713,-0.00055,0.19997,0.00065,0.70601,-0.00009,0.70821,1,5,0.99627,0.01046,-0.05865,-0.06247,0.06336,0.04236,0.81136,0,0
1766094333.933087,0.01182,0.00196,0.02796,0.00054,0.00017,0.00034,0.56713,-0.00055,0.19997,0.00065,0.70601,-0.00009,0.70821,1,5,0.99627,0.01046,-0.05865,-0.06247,0.06336,0.04236,0.81136,0,0
1766094333.935082,-0.00108,-0.01456,-0.01765,0.00165,0.00032,-0.00103,0.56713,-0.00055,0.19997,0.00065,0.70601,-0.00009,0.70821,1,5,0.99627,0.01046,-0.05865,-0.06247,0.06336,0.04236,0.81136,0,0
1766094333.937087,0.00777,0.02458,0.00452,0.00060,-0.00018,-0.00009,0.56713,-0.00055,0.19997,0.00065,0.70601,-0.00009,0.70821,1,5,0.99627,0.01046,-0.05865,-0.06247,0.06336,0.04236,0.81136,0,0
1766094333.939088,-0.00629,0.00665,0.01248,0.00147,0.00140,0.00020,0.56713,-0.00055,0.19997,0.00065,0.70601,-0.00009,0.70821,1,5,0.99601,0.01079,-0.06034,-0.06491,0.06335,0.04237,0.81141,0,0
1766094333.941096,-0.01445,-0.00652,-0.01000,0.00218,-0.00003,-0.00061,0.56713,-0.00055,0.19997,0.00065,0.70601,-0.00009,0.70821,1,5,0.99601,0.01079,-0.06034,-0.06491,0.06335,0.04237,0.81141,0,0
1766094333.943088,0.00352,0.00184,-0.02519,0.00032,0.00040,0.00030,0.56713,-0.00055,0.19997,0.00065,0.70601,-0.00009,0.70821,1,5,0.99601,0.01079,-0.06034,-0.06491,0.06335,0.04237,0.81141,0,0
1766094333.945112,-0.00021,0.01405,-0.01035,-0.00019,0.00056,0.00018,0.56713,-0.00055,0.19997,0.00065,0.70601,-0.00009,0.70821,1,5,0.99601,0.01079,-0.06034,-0.06491,0.06335,0.04237,0.81141,0,0
1766094333.947086,-0.00038,0.01425,0.02004,0.00003,0.00043,0.00020,0.56713,-0.00055,0.19997,0.00065,0.70601,-0.00009,0.70821,1,5,0.99601,0.01079,-0.06034,-0.06491,0.06335,0.04237,0.81141,0,0
1766094333.949122,0.02141,0.00662,0.00485,-0.00028,0.00004,-0.00023,0.56713,-0.00055,0.19997,0.00065,0.70601,-0.00009,0.70821,1,5,0.99601,0.01079,-0.06034,-0.06491,0.06335,0.04237,0.81141,0,0
1766094333.951126,-0.01850,-0.00459,-0.00989,0.00155,0.00041,-0.00007,0.56713,-0.00055,0.19997,0.00065,0.70601,-0.00009,0.70821,1,5,0.99601,0.01079,-0.06034,-0.06491,0.06335,0.04237,0.81141,0,0
1766094333.953179,0.00931,0.02482,-0.00310,-0.00049,-0.00084,-0.00050,0.56713,-0.00055,0.19997,0.00065,0.70601,-0.00009,0.70821,1,5,0.99601,0.01079,-0.06034,-0.06491,0.06335,0.04237,0.81141,0,0
1766094333.955135,0.00851,0.00904,-0.01035,-0.00025,0.00045,-0.00010,0.56713,-0.00055,0.19997,0.00065,0.70601,-0.00009,0.70821,1,5,0.99601,0.01079,-0.06034,-0.06491,0.06335,0.04237,0.81141,0,0
1766094333.957107,-0.00976,-0.01390,-0.04757,0.00166,-0.00057,-0.00023,0.56713,-0.00055,0.19997,0.00065,0.70601,-0.00009,0.70821,1,5,0.99601,0.01079,-0.06034,-0.06491,0.06335,0.04237,0.81141,0,0
1766094333.959109,0.00317,-0.01758,0.02077,0.00096,0.00041,0.00007,0.56713,-0.00055,0.19997,0.00065,0.70601,-0.00009,0.70821,1,5,0.99601,0.01079,-0.06034,-0.06491,0.06335,0.04237,0.81141,0,0
1766094333.961114,-0.01374,-0.00669,-0.01739,0.00131,-0.00028,-0.00021,0.56713,-0.00055,0.19997,0.00065,0.70601,-0.00009,0.70821,1,5,0.99601,0.01079,-0.06034,-0.06491,0.06335,0.04237,0.81141,0,0
1766094333.963118,-0.00798,0.01413,-0.01046,-0.00063,0.00065,-0.00022,0.56713,-0.00055,0.19997,0.00065,0.70601,-0.00009,0.70821,1,5,0.99601,0.01079,-0.06034,-0.06491,0.06335,0.04237,0.81141,0,0
1766094333.965112,-0.00198,0.00709,0.02788,-0.00202,-0.00044,-0.00018,0.56713,-0.00055,0.19997,0.00065,0.70601,-0.00009,0.70821,1,5,0.99601,0.01079,-0.06034,-0.06491,0.06335,0.04237,0.81141,0,0
1766094333.967113,-0.00044,0.00990,-0.00283,0.00063,0.00005,-0.00049,0.56713,-0.00055,0.19997,0.00065,0.70601,-0.00009,0.70821,1,5,0.99601,0.01079,-0.06034,-0.06491,0.06335,0.04237,0.81141,0,0
1766094333.969116,-0.00576,0.02236,-0.01068,0.00144,0.00023,-0.00022,0.56713,-0.00055,0.19997,0.00065,0.70601,-0.00009,0.70821,1,5,0.99601,0.01079,-0.06034,-0.06491,0.06335,0.04237,0.81141,0,0
1766094333.971112,-0.00491,-0.01213,-0.03245,0.00080,-0.00013,-0.00009,0.56713,-0.00055,0.19997,0.00065,0.70601,-0.00009,0.70821,1,5,0.99601,0.01079,-0.06034,-0.06491,0.06335,0.04237,0.81141,0,0
1766094333.973114,-0.01005,-0.00466,-0.01768,0.00177,0.00043,-0.00049,0.56713,-0.00055,0.19997,0.00065,0.70601,-0.00009,0.70821,1,5,0.99601,0.01079,-0.06034,-0.06491,0.06335,0.04237,0.81141,0,0
1766094333.975107,-0.00076,-0.01282,0.02091,-0.00314,-0.00069,-0.00005,0.56713,-0.00055,0.19997,0.00065,0.70601,-0.00009,0.70821,1,5,0.99626,0.01033,-0.05848,-0.06275,0.06337,0.04237,0.81157,0,0
1766094333.977108,0.00033,0.00510,0.01244,0.00014,-0.00022,-0.00074,0.56713,-0.00055,0.19997,0.00065,0.70601,-0.00009,0.70821,1,5,0.99626,0.01033,-0.05848,-0.06275,0.06337,0.04237,0.81157,0,0
1766094333.979116,0.01518,0.01863,0.01205,0.00118,0.00113,0.00004,0.56713,-0.00055,0.19997,0.00065,0.70601,-0.00009,0.70821,1,5,0.99626,0.01033,-0.05848,-0.06275,0.06337,0.04237,0.81157,0,0
1766094333.981104,-0.01360,0.00236,-0.03306,0.00098,0.00072,-0.00050,0.56713,-0.00055,0.19997,0.00065,0.70601,-0.00009,0.70821,1,5,0.99626,0.01033,-0.05848,-0.06275,0.06337,0.04237,0.81157,0,0
1766094333.983132,0.00822,-0.00032,0.01268,0.00029,0.00008,-0.00021,0.56713,-0.00055,0.19997,0.00065,0.70601,-0.00009,0.70821,1,5,0.99626,0.01033,-0.05848,-0.06275,0.06337,0.04237,0.81157,0,0
1766094333.985128,0.01229,0.01621,0.01217,0.00006,0.00078,-0.00009,0.56713,-0.00055,0.19997,0.00065,0.70601,-0.00009,0.70821,1,5,0.99626,0.01033,-0.05848,-0.06275,0.06337,0.04237,0.81157,0,0
1766094333.987132,0.00744,0.00946,-0.00277,0.00085,0.00034,-0.00009,0.56713,-0.00055,0.19997,0.00065,0.70601,-0.00009,0.70821,1,5,0.99626,0.01033,-0.05848,-0.06275,0.06337,0.04237,0.81157,0,0
1766094333.989142,0.00429,0.00700,-0.01028,-0.00006,0.00012,-0.00023,0.56713,-0.00055,0.19997,0.00065,0.70601,-0.00009,0.70821,1,5,0.99626,0.01033,-0.05848,-0.06275,0.06337,0.04237,0.81157,0,0
1766094333.991134,0.00241,0.01883,0.00482,-0.00253,-0.00011,0.00006,0.56713,-0.00055,0.19997,0.00065,0.70601,-0.00009,0.70821,1,5,0.99626,0.01033,-0.05848,-0.06275,0.06337,0.04237,0.81157,0,0
1766094333.993133,-0.00032,-0.00041,-0.00252,0.00029,0.00044,-0.00021,0.56713,-0.00055,0.19997,0.00065,0.70601,-0.00009,0.70821,1,5,0.99626,0.01033,-0.05848,-0.06275,0.06337,0.04237,0.81157,0,0
1766094333.995141,-0.00991,-0.00430,-0.03281,0.00177,-0.00008,-0.00050,0.56713,-0.00055,0.19997,0.00065,0.70601,-0.00009,0.70821,1,5,0.99626,0.01033,-0.05848,-0.06275,0.06337,0.04237,0.81157,0,0
1766094333.997144,-0.00196,-0.00937,-0.01009,0.00237,0.00020,-0.00076,0.56713,-0.00055,0.19997,0.00065,0.70601,-0.00009,0.70821,1,5,0.99626,0.01033,-0.05848,-0.06275,0.06337,0.04237,0.81157,0,0
1766094333.999236,-0.00930,0.01455,0.01229,0.00069,0.00066,-0.00020,0.56713,-0.00055,0.19997,0.00065,0.70601,-0.00009,0.70821,1,5,0.99626,0.01033,-0.05848,-0.06275,0.06337,0.04237,0.81157,0,0
1766094334.001215,-0.00457,0.00174,-0.00257,0.00010,0.00087,-0.00008,0.56713,-0.00055,0.19997,0.00065,0.70601,-0.00009,0.70821,1,5,0.99626,0.01033,-0.05848,-0.06275,0.06337,0.04237,0.81157,0,0
1766094334.003239,-0.00556,0.00806,-0.04836,0.00170,-0.00027,-0.00065,0.56713,-0.00055,0.19997,0.00065,0.70601,-0.00009,0.70821,1,5,0.99626,0.01033,-0.05848,-0.06275,0.06337,0.04237,0.81157,0,0
1766094334.005218,-0.00450,0.01180,-0.02551,0.00000,0.00049,0.00004,0.56713,-0.00055,0.19997,0.00065,0.70601,-0.00009,0.70821,1,5,0.99626,0.01033,-0.05848,-0.06275,0.06337,0.04237,0.81157,0,0
1766094334.007213,-0.01895,-0.00449,-0.03269,0.00199,0.00042,-0.00009,0.56713,-0.00055,0.19997,0.00065,0.70601,-0.00009,0.70821,1,5,0.99626,0.01033,-0.05848,-0.06275,0.06337,0.04237,0.81157,0,0
1766094334.009222,0.00318,0.02155,-0.02596,0.00078,0.00076,-0.00024,0.56713,-0.00055,0.19997,0.00065,0.70601,-0.00009,0.70821,1,5,0.99618,0.01048,-0.06048,-0.06208,0.06336,0.04236,0.81142,0,0
1766094334.011138,-0.01747,-0.01445,-0.02463,0.00056,-0.00010,0.00020,0.56713,-0.00055,0.19997,0.00065,0.70601,-0.00009,0.70821,1,5,0.99618,0.01048,-0.06048,-0.06208,0.06336,0.04236,0.81142,0,0
1766094334.013129,0.00752,0.01195,0.02812,-0.00327,-0.00131,0.00048,0.56713,-0.00055,0.19997,0.00065,0.70601,-0.00009,0.70821,1,5,0.99618,0.01048,-0.06048,-0.06208,0.06336,0.04236,0.81142,0,0
1766094334.015125,0.00655,0.00969,-0.02559,0.00173,0.00035,-0.00011,0.56713,-0.00055,0.19997,0.00065,0.70601,-0.00009,0.70821,1,5,0.99618,0.01048,-0.06048,-0.06208,0.06336,0.04236,0.81142,0,0
1766094334.017137,-0.00051,0.00972,0.00473,0.00063,0.00030,-0.00048,0.56713,-0.00055,0.19997,0.00065,0.70601,-0.00009,0.70821,1,5,0.99618,0.01048,-0.06048,-0.06208,0.06336,0.04236,0.81142,0,0
1766094334.019157,-0.01753,-0.01941,0.03594,0.00093,0.00040,-0.00043,0.56713,-0.00055,0.19997,0.00065,0.70601,-0.00009,0.70821,1,5,0.99618,0.01048,-0.06048,-0.06208,0.06336,0.04236,0.81142,0,0
1766094334.021151,-0.01024,0.00547,-0.01043,0.00211,0.00029,-0.00075,0.56713,-0.00055,0.19997,0.00065,0.70601,-0.00009,0.70821,1,5,0.99618,0.01048,-0.06048,-0.06208,0.06336,0.04236,0.81142,0,0
1766094334.023153,-0.00076,-0.00029,-0.00253,0.00073,0.00044,-0.00021,0.56713,-0.00055,0.19997,0.00065,0.70601,-0.00009,0.70821,1,5,0.99618,0.01048,-0.06048,-0.06208,0.06336,0.04236,0.81142,0,0
1766094334.025146,-0.00814,-0.00061,0.02047,-0.00058,0.00054,0.00022,0.56713,-0.00055,0.19997,0.00065,0.70601,-0.00009,0.70821,1,5,0.99618,0.01048,-0.06048,-0.06208,0.06336,0.04236,0.81142,0,0
1766094334.027159,0.00466,0.00291,-0.01734,-0.00032,-0.00126,0.00031,0.56713,-0.00055,0.19997,0.00065,0.70601,-0.00009,0.70821,1,5,0.99618,0.01048,-0.06048,-0.06208,0.06336,0.04236,0.81142,0,0
1766094334.029150,-0.01327,-0.01231,-0.04024,0.00080,0.00048,-0.00050,0.56713,-0.00055,0.19997,0.00065,0.70601,-0.00009,0.70821,1,5,0.99618,0.01048,-0.06048,-0.06208,0.06336,0.04236,0.81142,0,0
1766094334.031149,-0.01355,-0.00683,-0.00221,0.00109,-0.00016,-0.00020,0.56713,-0.00055,0.19997,0.00065,0.70601,-0.00009,0.70821,1,5,0.99618,0.01048,-0.06048,-0.06208,0.06336,0.04236,0.81142,0,0
1766094334.033154,0.01288,0.00729,-0.03319,0.00017,-0.00036,-0.00065,0.56713,-0.00055,0.19997,0.00065,0.70601,-0.00009,0.70821,1,5,0.99618,0.01048,-0.06048,-0.06208,0.06336,0.04236,0.81142,0,0
1766094334.035151,-0.00218,-0.00015,-0.04059,0.00204,0.00072,-0.00025,0.56713,-0.00055,0.19997,0.00065,0.70601,-0.00009,0.70821,1,5,0.99618,0.01048,-0.06048,-0.06208,0.06336,0.04236,0.81142,0,0
1766094334.037171,0.03939,0.01094,-0.00296,-0.00132,-0.00005,-0.00039,0.56713,-0.00055,0.19997,0.00065,0.70601,-0.00009,0.70821,1,5,0.99618,0.01048,-0.06048,-0.06208,0.06336,0.04236,0.81142,0,0
1766094334.039151,-0.02225,-0.00306,0.02038,0.00069,0.00147,0.00009,0.56713,-0.00055,0.19997,0.00065,0.70601,-0.00009,0.70821,1,5,0.99618,0.01048,-0.06048,-0.06208,0.06336,0.04236,0.81142,0,0
1766094334.041153,-0.00031,-0.00536,0.02044,0.00023,0.00044,-0.00006,0.56713,-0.00055,0.19997,0.00065,0.70601,-0.00009,0.70821,1,5,0.99618,0.01048,-0.06048,-0.06208,0.06336,0.04236,0.81142,0,0
1766094334.043138,0.00802,0.01460,-0.03308,0.00026,-0.00030,0.00016,0.56713,-0.00055,0.19997,0.00065,0.70601,-0.00009,0.70821,1,5,0.99618,0.01048,-0.06048,-0.06208,0.06336,0.04236,0.81142,0,0
1766094334.045150,0.00297,0.00241,-0.01014,0.00120,0.00015,-0.00009,0.56713,-0.00055,0.19997,0.00065,0.70601,-0.00009,0.70821,1,5,0.99618,0.01044,-0.05989,-0.06262,0.06335,0.04236,0.81128,0,0
1766094334.047160,-0.00039,-0.00059,0.00504,0.00029,0.00069,-0.00021,0.56713,-0.00055,0.19997,0.00065,0.70601,-0.00009,0.70821,1,5,0.99618,0.01044,-0.05989,-0.06262,0.06335,0.04236,0.81128,0,0
1766094334.049147,0.00239,-0.00045,0.03583,-0.00233,-0.00060,0.00023,0.56713,-0.00055,0.19997,0.00065,0.70601,-0.00009,0.70821,1,5,0.99618,0.01044,-0.05989,-0.06262,0.06335,0.04236,0.81128,0,0
1766094334.051151,-0.00201,-0.01458,0.00542,0.00209,0.00034,-0.00020,0.56713,-0.00055,0.19997,0.00065,0.70601,-0.00009,0.70821,1,5,0.99618,0.01044,-0.05989,-0.06262,0.06335,0.04236,0.81128,0,0
1766094334.053150,-0.01764,-0.01670,0.06666,-0.00275,-0.00125,-0.00026,0.56713,-0.00055,0.19997,0.00065,0.70601,-0.00009,0.70821,1,5,0.99618,0.01044,-0.05989,-0.06262,0.06335,0.04236,0.81128,0,0
1766094334.055172,0.00410,-0.01636,-0.01712,0.00075,-0.00125,-0.00035,0.56713,-0.00055,0.19997,0.00065,0.70601,-0.00009,0.70821,1,5,0.99618,0.01044,-0.05989,-0.06262,0.06335,0.04236,0.81128,0,0
1766094334.057641,-0.00492,-0.00788,0.01300,0.00042,0.00063,0.00021,0.56713,-0.00055,0.19997,0.00065,0.70601,-0.00009,0.70821,1,5,0.99618,0.01044,-0.05989,-0.06262,0.06335,0.04236,0.81128,0,0
1766094334.059175,0.00376,0.00129,0.03531,0.00009,0.00128,-0.00006,0.56713,-0.00055,0.19997,0.00065,0.70601,-0.00009,0.70821,1,5,0.99618,0.01044,-0.05989,-0.06262,0.06335,0.04236,0.81128,0,0
1766094334.061217,-0.00698,0.01738,-0.03337,0.00247,0.00064,-0.00011,0.56713,-0.00055,0.19997,0.00065,0.70601,-0.00009,0.70821,1,5,0.99618,0.01044,-0.05989,-0.06262,0.06335,0.04236,0.81128,0,0
1766094334.063185,-0.01408,-0.00695,-0.04024,0.00152,0.00011,-0.00023,0.56713,-0.00055,0.19997,0.00065,0.70601,-0.00009,0.70821,1,5,0.99618,0.01044,-0.05989,-0.06262,0.06335,0.04236,0.81128,0,0
1766094334.065172,-0.00879,-0.00411,-0.03992,0.00047,-0.00109,0.00031,0.56713,-0.00055,0.19997,0.00065,0.70601,-0.00009,0.70821,1,5,0.99618,0.01044,-0.05989,-0.06262,0.06335,0.04236,0.81128,0,0
1766094334.067172,0.00863,0.02481,0.00480,-0.00027,-0.00095,0.00032,0.56713,-0.00055,0.19997,0.00065,0.70601,-0.00009,0.70821,1,5,0.99618,0.01044,-0.05989,-0.06262,0.06335,0.04236,0.81128,0,0
1766094334.069198,-0.00646,0.00257,-0.02536,0.00208,0.00051,-0.00010,0.56713,-0.00055,0.19997,0.00065,0.70601,-0.00009,0.70821,1,5,0.99618,0.01044,-0.05989,-0.06262,0.06335,0.04236,0.81128,0,0
1766094334.071185,-0.00973,0.00060,-0.02557,0.00183,0.00016,-0.00103,0.56713,-0.00055,0.19997,0.00065,0.70601,-0.00009,0.70821,1,5,0.99618,0.01044,-0.05989,-0.06262,0.06335,0.04236,0.81128,0,0
1766094334.073174,-0.00479,0.00244,-0.00248,0.00054,0.00011,-0.00008,0.56713,-0.00055,0.19997,0.00065,0.70601,-0.00009,0.70821,1,5,0.99618,0.01044,-0.05989,-0.06262,0.06335,0.04236,0.81128,0,0
1766094334.075171,-0.00381,0.02168,-0.01823,-0.00053,0.00034,-0.00023,0.56713,-0.00055,0.19997,0.00065,0.70601,-0.00009,0.70821,1,5,0.99618,0.01044,-0.05989,-0.06262,0.06335,0.04236,0.81128,0,0
1766094334.077179,0.01310,-0.01274,0.00549,-0.00029,-0.00022,-0.00008,0.56713,-0.00055,0.19997,0.00065,0.70601,-0.00009,0.70821,1,5,0.99618,0.01044,-0.05989,-0.06262,0.06335,0.04236,0.81128,0,0
1766094334.079186,0.01162,0.02695,0.01966,0.00084,-0.00011,0.00005,0.56713,-0.00055,0.19997,0.00065,0.70601,-0.00009,0.70821,1,5,0.99616,0.01036,-0.05982,-0.06307,0.06335,0.04235,0.81126,0,0
1766094334.081184,-0.00868,0.00932,-0.00290,0.00019,0.00091,-0.00048,0.56713,-0.00055,0.19997,0.00065,0.70601,-0.00009,0.70821,1,5,0.99616,0.01036,-0.05982,-0.06307,0.06335,0.04235,0.81126,0,0
1766094334.083190,0.00782,0.01400,-0.00263,0.00003,0.00034,0.00058,0.56713,-0.00055,0.19997,0.00065,0.70601,-0.00009,0.70821,1,5,0.99616,0.01036,-0.05982,-0.06307,0.06335,0.04235,0.81126,0,0
1766094334.085230,0.01235,0.02134,-0.01836,0.00012,0.00052,-0.00025,0.56713,-0.00055,0.19997,0.00065,0.70601,-0.00009,0.70821,1,5,0.99616,0.01036,-0.05982,-0.06307,0.06335,0.04235,0.81126,0,0
1766094334.087196,0.00823,0.00542,-0.01034,0.00080,-0.00069,-0.00077,0.56713,-0.00055,0.19997,0.00065,0.70601,-0.00009,0.70821,1,5,0.99616,0.01036,-0.05982,-0.06307,0.06335,0.04235,0.81126,0,0
1766094334.089175,-0.00480,0.02220,-0.03323,0.00035,-0.00015,0.00017,0.56713,-0.00055,0.19997,0.00065,0.70601,-0.00009,0.70821,1,5,0.99616,0.01036,-0.05982,-0.06307,0.06335,0.04235,0.81126,0,0
1766094334.091214,-0.00014,-0.00557,-0.00995,0.00001,0.00057,-0.00008,0.56713,-0.00055,0.19997,0.00065,0.70601,-0.00009,0.70821,1,5,0.99616,0.01036,-0.05982,-0.06307,0.06335,0.04235,0.81126,0,0
1766094334.093199,-0.00592,-0.01491,0.02127,-0.00251,-0.00099,0.00063,0.56713,-0.00055,0.19997,0.00065,0.70601,-0.00009,0.70821,1,5,0.99616,0.01036,-0.05982,-0.06307,0.06335,0.04235,0.81126,0,0
1766094334.095336,-0.00506,0.00245,-0.01786,0.00098,0.00036,-0.00049,0.56713,-0.00055,0.19997,0.00065,0.70601,-0.00009,0.70821,1,5,0.99616,0.01036,-0.05982,-0.06307,0.06335,0.04235,0.81126,0,0
1766094334.097188,0.00789,0.02415,-0.01054,0.00015,0.00008,0.00030,0.56713,-0.00055,0.19997,0.00065,0.70601,-0.00009,0.70821,1,5,0.99616,0.01036,-0.05982,-0.06307,0.06335,0.04235,0.81126,0,0
1766094334.099181,0.00697,0.00390,0.01247,0.00100,0.00124,0.00005,0.56713,-0.00055,0.19997,0.00065,0.70601,-0.00009,0.70821,1,5,0.99616,0.01036,-0.05982,-0.06307,0.06335,0.04235,0.81126,0,0
1766094334.101215,-0.00448,-0.00303,0.01284,0.00004,0.00062,0.00007,0.56713,-0.00055,0.19997,0.00065,0.70601,-0.00009,0.70821,1,5,0.99616,0.01036,-0.05982,-0.06307,0.06335,0.04235,0.81126,0,0
1766094334.103220,0.01137,0.01193,-0.01021,0.00088,0.00005,0.00044,0.56713,-0.00055,0.19997,0.00065,0.70601,-0.00009,0.70821,1,5,0.99616,0.01036,-0.05982,-0.06307,0.06335,0.04235,0.81126,0,0
1766094334.105216,-0.02144,-0.00650,-0.04008,0.00065,-0.00057,-0.00022,0.56713,-0.00055,0.19997,0.00065,0.70601,-0.00009,0.70821,1,5,0.99616,0.01036,-0.05982,-0.06307,0.06335,0.04235,0.81126,0,0
1766094334.107183,-0.00343,-0.00221,-0.01733,-0.00060,-0.00078,0.00005,0.56713,-0.00055,0.19997,0.00065,0.70601,-0.00009,0.70821,1,5,0.99616,0.01036,-0.05982,-0.06307,0.06335,0.04235,0.81126,0,0
1766094334.109183,0.00052,0.00983,-0.01036,-0.00024,-0.00022,-0.00049,0.56713,-0.00055,0.19997,0.00065,0.70601,-0.00009,0.70821,1,5,0.99616,0.01036,-0.05982,-0.06307,0.06335,0.04235,0.81126,0,0
1766094334.111290,-0.00676,0.00804,-0.04068,0.00258,0.00001,-0.00024,0.56713,-0.00055,0.19997,0.00065,0.70601,-0.00009,0.70821,1,5,0.99616,0.01036,-0.05982,-0.06307,0.06335,0.04235,0.81126,0,0
1766094334.113270,0.01345,0.01186,0.01217,-0.00043,0.00000,-0.00076,0.56713,-0.00055,0.19997,0.00065,0.70601,-0.00009,0.70821,1,5,0.99616,0.01036,-0.05982,-0.06307,0.06335,0.04235,0.81126,0,0
1766094334.115239,-0.00598,0.01423,0.01249,-0.00237,-0.00014,-0.00019,0.56713,-0.00055,0.19997,0.00065,0.70601,-0.00009,0.70821,1,5,0.99616,0.01036,-0.05982,-0.06307,0.06335,0.04235,0.81126,0,0
1766094334.117318,-0.00048,0.00044,-0.03278,0.00074,-0.00057,-0.00024,0.56713,-0.00055,0.19997,0.00065,0.70601,-0.00009,0.70821,1,5,0.99616,0.01036,-0.05982,-0.06307,0.06335,0.04235,0.81126,0,0
1766094334.119188,-0.01718,-0.01920,0.06655,0.00050,-0.00011,-0.00000,0.56713,-0.00055,0.19997,0.00065,0.70601,-0.00009,0.70821,1,5,0.99629,0.01035,-0.05818,-0.06261,0.06339,0.04237,0.81167,0,0
1766094334.121213,-0.00864,0.00500,-0.01003,0.00014,-0.00009,0.00006,0.56713,-0.00055,0.19997,0.00065,0.70601,-0.00009,0.70821,1,5,0.99629,0.01035,-0.05818,-0.06261,0.06339,0.04237,0.81167,0,0
1766094334.123204,-0.00615,0.00444,0.02045,-0.00227,-0.00025,0.00008,0.56713,-0.00055,0.19997,0.00065,0.70601,-0.00009,0.70821,1,5,0.99629,0.01035,-0.05818,-0.06261,0.06339,0.04237,0.81167,0,0
1766094334.125219,-0.00670,-0.00003,0.04345,-0.00167,-0.00062,0.00024,0.56713,-0.00055,0.19997,0.00065,0.70601,-0.00009,0.70821,1,5,0.99629,0.01035,-0.05818,-0.06261,0.06339,0.04237,0.81167,0,0
1766094334.127226,-0.00091,0.00789,0.02827,-0.00288,-0.00197,0.00023,0.56713,-0.00055,0.19997,0.00065,0.70601,-0.00009,0.70821,1,5,0.99629,0.01035,-0.05818,-0.06261,0.06339,0.04237,0.81167,0,0
1766094334.129206,-0.00188,0.00072,-0.01024,0.00227,-0.00018,-0.00062,0.56713,-0.00055,0.19997,0.00065,0.70601,-0.00009,0.70821,1,5,0.99629,0.01035,-0.05818,-0.06261,0.06339,0.04237,0.81167,0,0
1766094334.131225,-0.00967,0.00232,0.02816,-0.00273,-0.00072,-0.00004,0.56713,-0.00055,0.19997,0.00065,0.70601,-0.00009,0.70821,1,5,0.99629,0.01035,-0.05818,-0.06261,0.06339,0.04237,0.81167,0,0
1766094334.133225,0.01661,0.00917,-0.01018,-0.00003,-0.00002,0.00030,0.56713,-0.00055,0.19997,0.00065,0.70601,-0.00009,0.70821,1,5,0.99629,0.01035,-0.05818,-0.06261,0.06339,0.04237,0.81167,0,0
1766094334.135359,0.00458,-0.01203,-0.00977,0.00015,-0.00063,-0.00049,0.56713,-0.00055,0.19997,0.00065,0.70601,-0.00009,0.70821,1,5,0.99629,0.01035,-0.05818,-0.06261,0.06339,0.04237,0.81167,0,0
1766094334.137238,-0.00219,0.00646,0.03554,-0.00225,0.00021,0.00022,0.56713,-0.00055,0.19997,0.00065,0.70601,-0.00009,0.70821,1,5,0.99629,0.01035,-0.05818,-0.06261,0.06339,0.04237,0.81167,0,0
1766094334.139221,-0.00371,0.00715,0.05036,-0.00027,0.00034,-0.00057,0.56713,-0.00055,0.19997,0.00065,0.70601,-0.00009,0.70821,1,5,0.99629,0.01035,-0.05818,-0.06261,0.06339,0.04237,0.81167,0,0
1766094334.141221,-0.00416,0.00226,0.02774,0.00010,0.00035,-0.00046,0.56713,-0.00055,0.19997,0.00065,0.70601,-0.00009,0.70821,1,5,0.99629,0.01035,-0.05818,-0.06261,0.06339,0.04237,0.81167,0,0
1766094334.143216,0.00744,-0.00045,-0.01018,0.00095,0.00047,-0.00023,0.56713,-0.00055,0.19997,0.00065,0.70601,-0.00009,0.70821,1,5,0.99629,0.01035,-0.05818,-0.06261,0.06339,0.04237,0.81167,0,0
1766094334.145231,-0.01448,-0.00234,-0.01013,0.00180,0.00074,-0.00034,0.56713,-0.00055,0.19997,0.00065,0.70601,-0.00009,0.70821,1,5,0.99629,0.01035,-0.05818,-0.06261,0.06339,0.04237,0.81167,0,0
1766094334.147213,0.01206,0.01691,0.01226,0.00050,0.00002,-0.00008,0.56713,-0.00055,0.19997,0.00065,0.70601,-0.00009,0.70821,1,5,0.99629,0.01035,-0.05818,-0.06261,0.06339,0.04237,0.81167,0,0
1766094334.149225,-0.00943,-0.00499,-0.04807,0.00111,0.00055,-0.00051,0.56713,-0.00055,0.19997,0.00065,0.70601,-0.00009,0.70821,1,5,0.99629,0.01035,-0.05818,-0.06261,0.06339,0.04237,0.81167,0,0
1766094334.151239,-0.00883,0.00032,0.00501,0.00074,0.00003,-0.00060,0.56713,-0.00055,0.19997,0.00065,0.70601,-0.00009,0.70821,1,5,0.99629,0.01035,-0.05818,-0.06261,0.06339,0.04237,0.81167,0,0
1766094334.153278,-0.00072,0.00408,-0.01022,0.00035,0.00095,0.00005,0.56713,-0.00055,0.19997,0.00065,0.70601,-0.00009,0.70821,1,5,0.99629,0.01035,-0.05818,-0.06261,0.06339,0.04237,0.81167,0,0
1766094334.155256,0.00366,0.01228,-0.00286,0.00066,-0.00000,-0.00036,0.56713,-0.00055,0.19997,0.00065,0.70601,-0.00009,0.70821,1,5,0.99629,0.01035,-0.05818,-0.06261,0.06339,0.04237,0.81167,0,0
1766094334.157237,-0.01793,-0.00422,-0.01775,0.00155,0.00014,-0.00088,0.56713,-0.00055,0.19997,0.00065,0.70601,-0.00009,0.70821,1,5,0.99629,0.01035,-0.05818,-0.06261,0.06339,0.04237,0.81167,0,0
1766094334.159273,-0.01014,-0.00070,-0.00248,0.00116,0.00133,0.00020,0.56713,-0.00055,0.19997,0.00065,0.70601,-0.00009,0.70821,1,5,0.99596,0.01054,-0.06227,-0.06388,0.06333,0.04234,0.81109,0,0
1766094334.161289,0.01743,0.00877,0.02019,-0.00091,0.00022,0.00032,0.56713,-0.00055,0.19997,0.00065,0.70601,-0.00009,0.70821,1,5,0.99596,0.01054,-0.06227,-0.06388,0.06333,0.04234,0.81109,0,0
1766094334.163253,-0.00117,0.01409,-0.02561,0.00069,0.00083,0.00017,0.56713,-0.00055,0.19997,0.00065,0.70601,-0.00009,0.70821,1,5,0.99596,0.01054,-0.06227,-0.06388,0.06333,0.04234,0.81109,0,0
1766094334.165264,0.01605,0.00962,-0.03294,0.00063,-0.00039,0.00028,0.56713,-0.00055,0.19997,0.00065,0.70601,-0.00009,0.70821,1,5,0.99596,0.01054,-0.06227,-0.06388,0.06333,0.04234,0.81109,0,0
1766094334.167301,-0.01389,-0.00207,-0.00245,0.00136,0.00022,-0.00034,0.56713,-0.00055,0.19997,0.00065,0.70601,-0.00009,0.70821,1,5,0.99596,0.01054,-0.06227,-0.06388,0.06333,0.04234,0.81109,0,0
1766094334.169252,-0.00453,0.01607,-0.01061,-0.00016,0.00137,-0.00009,0.56713,-0.00055,0.19997,0.00065,0.70601,-0.00009,0.70821,1,5,0.99596,0.01054,-0.06227,-0.06388,0.06333,0.04234,0.81109,0,0
1766094334.171241,-0.00945,0.01543,0.00482,0.00114,-0.00035,-0.00020,0.56713,-0.00055,0.19997,0.00065,0.70601,-0.00009,0.70821,1,5,0.99596,0.01054,-0.06227,-0.06388,0.06333,0.04234,0.81109,0,0
1766094334.173248,0.00720,-0.00471,-0.04047,0.00155,-0.00016,-0.00052,0.56713,-0.00055,0.19997,0.00065,0.70601,-0.00009,0.70821,1,5,0.99596,0.01054,-0.06227,-0.06388,0.06333,0.04234,0.81109,0,0
1766094334.175237,-0.00562,-0.00698,-0.02524,0.00174,0.00012,-0.00063,0.56713,-0.00055,0.19997,0.00065,0.70601,-0.00009,0.70821,1,5,0.99596,0.01054,-0.06227,-0.06388,0.06333,0.04234,0.81109,0,0
1766094334.177237,-0.00045,-0.00091,0.00535,-0.00015,0.00071,0.00060,0.56713,-0.00055,0.19997,0.00065,0.70601,-0.00009,0.70821,1,5,0.99596,0.01054,-0.06227,-0.06388,0.06333,0.04234,0.81109,0,0
1766094334.179242,0.01116,0.00151,0.02784,0.00097,0.00094,0.00033,0.56713,-0.00055,0.19997,0.00065,0.70601,-0.00009,0.70821,1,5,0.99596,0.01054,-0.06227,-0.06388,0.06333,0.04234,0.81109,0,0
1766094334.181230,-0.01028,0.00601,-0.01795,0.00233,-0.00034,-0.00076,0.56713,-0.00055,0.19997,0.00065,0.70601,-0.00009,0.70821,1,5,0.99596,0.01054,-0.06227,-0.06388,0.06333,0.04234,0.81109,0,0
1766094334.183237,0.01655,0.01474,-0.02564,0.00048,-0.00054,-0.00025,0.56713,-0.00055,0.19997,0.00065,0.70601,-0.00009,0.70821,1,5,0.99596,0.01054,-0.06227,-0.06388,0.06333,0.04234,0.81109,0,0
1766094334.185240,-0.00139,-0.00763,0.01331,-0.00264,-0.00093,0.00022,0.56713,-0.00055,0.19997,0.00065,0.70601,-0.00009,0.70821,1,5,0.99596,0.01054,-0.06227,-0.06388,0.06333,0.04234,0.81109,0,0
1766094334.187262,-0.00877,0.01464,0.02753,0.00025,0.00040,-0.00019,0.56713,-0.00055,0.19997,0.00065,0.70601,-0.00009,0.70821,1,5,0.99596,0.01054,-0.06227,-0.06388,0.06333,0.04234,0.81109,0,0
1766094334.189273,-0.00127,0.00039,-0.04062,0.00161,-0.00006,-0.00065,0.56713,-0.00055,0.19997,0.00065,0.70601,-0.00009,0.70821,1,5,0.99596,0.01054,-0.06227,-0.06388,0.06333,0.04234,0.81109,0,0
1766094334.191264,-0.00067,-0.01919,-0.01721,0.00116,-0.00043,-0.00049,0.56713,-0.00055,0.19997,0.00065,0.70601,-0.00009,0.70821,1,5,0.99596,0.01054,-0.06227,-0.06388,0.06333,0.04234,0.81109,0,0
1766094334.193254,0.00046,-0.00518,0.03554,-0.00020,0.00017,-0.00045,0.56713,-0.00055,0.19997,0.00065,0.70601,-0.00009,0.70821,1,5,0.99596,0.01054,-0.06227,-0.06388,0.06333,0.04234,0.81109,0,0
1766094334.195259,0.00855,0.01842,0.00458,-0.00057,0.00096,0.00005,0.56713,-0.00055,0.19997,0.00065,0.70601,-0.00009,0.70821,1,5,0.99596,0.01054,-0.06227,-0.06388,0.06333,0.04234,0.81109,0,0
1766094334.197253,0.00291,-0.01028,0.04366,-0.00267,-0.00073,0.00010,0.56713,-0.00055,0.19997,0.00065,0.70601,-0.00009,0.70821,1,5,0.99596,0.01054,-0.06227,-0.06388,0.06333,0.04234,0.81109,0,0
1766094334.199255,0.00225,-0.00815,0.02045,0.00151,0.00118,0.00020,0.56713,-0.00055,0.19997,0.00065,0.70601,-0.00009,0.70821,1,5,0.99609,0.01033,-0.06038,-0.06364,0.06337,0.04238,0.81154,0,0
1766094334.201250,0.00378,0.00695,-0.00273,0.00038,0.00038,-0.00022,0.56713,-0.00055,0.19997,0.00065,0.70601,-0.00009,0.70821,1,5,0.99609,0.01033,-0.06038,-0.06364,0.06337,0.04238,0.81154,0,0
1766094334.203270,-0.00934,0.00509,-0.01766,0.00079,0.00004,0.00005,0.56713,-0.00055,0.19997,0.00065,0.70601,-0.00009,0.70821,1,5,0.99609,0.01033,-0.06038,-0.06364,0.06337,0.04238,0.81154,0,0
1766094334.205259,0.00239,-0.00053,0.02081,-0.00255,-0.00072,0.00062,0.56713,-0.00055,0.19997,0.00065,0.70601,-0.00009,0.70821,1,5,0.99609,0.01033,-0.06038,-0.06364,0.06337,0.04238,0.81154,0,0
1766094334.207276,0.00265,-0.00697,-0.04045,0.00196,-0.00010,-0.00065,0.56713,-0.00055,0.19997,0.00065,0.70601,-0.00009,0.70821,1,5,0.99609,0.01033,-0.06038,-0.06364,0.06337,0.04238,0.81154,0,0
1766094334.209258,-0.00261,0.00001,-0.01782,0.00248,0.00072,-0.00023,0.56713,-0.00055,0.19997,0.00065,0.70601,-0.00009,0.70821,1,5,0.99609,0.01033,-0.06038,-0.06364,0.06337,0.04238,0.81154,0,0
1766094334.211270,-0.02586,0.00092,0.00511,0.00096,-0.00015,-0.00059,0.56713,-0.00055,0.19997,0.00065,0.70601,-0.00009,0.70821,1,5,0.99609,0.01033,-0.06038,-0.06364,0.06337,0.04238,0.81154,0,0
1766094334.213254,-0.00480,-0.00260,-0.04787,0.00048,0.00012,0.00003,0.56713,-0.00055,0.19997,0.00065,0.70601,-0.00009,0.70821,1,5,0.99609,0.01033,-0.06038,-0.06364,0.06337,0.04238,0.81154,0,0
1766094334.215288,-0.00984,-0.00412,-0.04037,0.00177,-0.00033,-0.00050,0.56713,-0.00055,0.19997,0.00065,0.70601,-0.00009,0.70821,1,5,0.99609,0.01033,-0.06038,-0.06364,0.06337,0.04238,0.81154,0,0
1766094334.217273,-0.00115,-0.00082,-0.00229,0.00051,0.00084,0.00059,0.56713,-0.00055,0.19997,0.00065,0.70601,-0.00009,0.70821,1,5,0.99609,0.01033,-0.06038,-0.06364,0.06337,0.04238,0.81154,0,0
1766094334.219285,-0.00126,-0.01027,0.02816,0.00105,0.00071,0.00008,0.56713,-0.00055,0.19997,0.00065,0.70601,-0.00009,0.70821,1,5,0.99609,0.01033,-0.06038,-0.06364,0.06337,0.04238,0.81154,0,0
1766094334.221277,0.00422,0.02670,0.00434,-0.00004,0.00023,-0.00035,0.56713,-0.00055,0.19997,0.00065,0.70601,-0.00009,0.70821,1,5,0.99609,0.01033,-0.06038,-0.06364,0.06337,0.04238,0.81154,0,0
1766094334.223279,-0.00109,0.00932,-0.01020,0.00063,0.00058,0.00032,0.56713,-0.00055,0.19997,0.00065,0.70601,-0.00009,0.70821,1,5,0.99609,0.01033,-0.06038,-0.06364,0.06337,0.04238,0.81154,0,0
1766094334.225277,-0.00892,-0.00572,-0.00221,0.00001,0.00094,0.00033,0.56713,-0.00055,0.19997,0.00065,0.70601,-0.00009,0.70821,1,5,0.99609,0.01033,-0.06038,-0.06364,0.06337,0.04238,0.81154,0,0
1766094334.227271,0.00352,0.01192,0.01226,0.00066,0.00051,-0.00035,0.56713,-0.00055,0.19997,0.00065,0.70601,-0.00009,0.70821,1,5,0.99609,0.01033,-0.06038,-0.06364,0.06337,0.04238,0.81154,0,0
1766094334.229292,-0.00129,-0.00793,0.00549,-0.00264,-0.00043,-0.00020,0.56713,-0.00055,0.19997,0.00065,0.70601,-0.00009,0.70821,1,5,0.99609,0.01033,-0.06038,-0.06364,0.06337,0.04238,0.81154,0,0
1766094334.231266,-0.00154,0.00688,0.01287,-0.00268,-0.00056,0.00021,0.56713,-0.00055,0.19997,0.00065,0.70601,-0.00009,0.70821,1,5,0.99609,0.01033,-0.06038,-0.06364,0.06337,0.04238,0.81154,0,0
1766094334.233276,-0.00929,0.00459,0.01264,0.00057,0.00067,0.00007,0.56713,-0.00055,0.19997,0.00065,0.70601,-0.00009,0.70821,1,5,0.99609,0.01033,-0.06038,-0.06364,0.06337,0.04238,0.81154,0,0
1766094334.235276,-0.00771,-0.01558,0.00548,-0.00077,0.00079,-0.00020,0.56713,-0.00055,0.19997,0.00065,0.70601,-0.00009,0.70821,1,5,0.99615,0.01022,-0.06012,-0.06300,0.06336,0.04236,0.81136,0,0
1766094334.237276,-0.00057,-0.01039,0.01300,0.00039,0.00058,0.00007,0.56713,-0.00055,0.19997,0.00065,0.70601,-0.00009,0.70821,1,5,0.99615,0.01022,-0.06012,-0.06300,0.06336,0.04236,0.81136,0,0
1766094334.239276,-0.00960,0.00513,-0.01026,0.00123,0.00029,-0.00035,0.56713,-0.00055,0.19997,0.00065,0.70601,-0.00009,0.70821,1,5,0.99615,0.01022,-0.06012,-0.06300,0.06336,0.04236,0.81136,0,0
1766094334.241455,-0.00044,-0.00589,0.00553,-0.00021,0.00071,0.00074,0.56713,-0.00055,0.19997,0.00065,0.70601,-0.00009,0.70821,1,5,0.99615,0.01022,-0.06012,-0.06300,0.06336,0.04236,0.81136,0,0
1766094334.243368,-0.01484,-0.00709,-0.03254,0.00196,0.00037,0.00018,0.56713,-0.00055,0.19997,0.00065,0.70601,-0.00009,0.70821,1,5,0.99615,0.01022,-0.06012,-0.06300,0.06336,0.04236,0.81136,0,0
1766094334.245304,0.00180,0.00920,0.03556,-0.00199,-0.00022,0.00036,0.56713,-0.00055,0.19997,0.00065,0.70601,-0.00009,0.70821,1,5,0.99615,0.01022,-0.06012,-0.06300,0.06336,0.04236,0.81136,0,0
1766094334.247304,-0.01445,-0.00162,-0.02520,0.00202,-0.00015,-0.00035,0.56713,-0.00055,0.19997,0.00065,0.70601,-0.00009,0.70821,1,5,0.99615,0.01022,-0.06012,-0.06300,0.06336,0.04236,0.81136,0,0
1766094334.249302,-0.00880,0.02453,-0.01840,0.00037,0.00039,-0.00049,0.56713,-0.00055,0.19997,0.00065,0.70601,-0.00009,0.70821,1,5,0.99615,0.01022,-0.06012,-0.06300,0.06336,0.04236,0.81136,0,0
1766094334.251389,-0.01453,-0.02244,-0.00185,0.00155,0.00102,0.00021,0.56713,-0.00055,0.19997,0.00065,0.70601,-0.00009,0.70821,1,5,0.99615,0.01022,-0.06012,-0.06300,0.06336,0.04236,0.81136,0,0
1766094334.253319,-0.00423,0.00188,-0.01753,-0.00034,0.00037,0.00032,0.56713,-0.00055,0.19997,0.00065,0.70601,-0.00009,0.70821,1,5,0.99615,0.01022,-0.06012,-0.06300,0.06336,0.04236,0.81136,0,0
1766094334.255313,-0.00447,0.00762,-0.02538,0.00039,-0.00028,-0.00023,0.56713,-0.00055,0.19997,0.00065,0.70601,-0.00009,0.70821,1,5,0.99615,0.01022,-0.06012,-0.06300,0.06336,0.04236,0.81136,0,0
1766094334.257294,-0.00088,0.00488,-0.03271,0.00058,-0.00018,0.00044,0.56713,-0.00055,0.19997,0.00065,0.70601,-0.00009,0.70821,1,5,0.99615,0.01022,-0.06012,-0.06300,0.06336,0.04236,0.81136,0,0
1766094334.259319,0.00672,0.00879,0.01244,0.00106,0.00124,0.00032,0.56713,-0.00055,0.19997,0.00065,0.70601,-0.00009,0.70821,1,5,0.99615,0.01022,-0.06012,-0.06300,0.06336,0.04236,0.81136,0,0
1766094334.261297,-0.00897,0.00976,-0.01026,0.00041,0.00028,-0.00008,0.56713,-0.00055,0.19997,0.00065,0.70601,-0.00009,0.70821,1,5,0.99615,0.01022,-0.06012,-0.06300,0.06336,0.04236,0.81136,0,0
1766094334.263288,-0.01434,0.00799,-0.02560,0.00192,0.00022,-0.00063,0.56713,-0.00055,0.19997,0.00065,0.70601,-0.00009,0.70821,1,5,0.99615,0.01022,-0.06012,-0.06300,0.06336,0.04236,0.81136,0,0
1766094334.265299,0.00781,0.02393,-0.02577,0.00015,0.00033,0.00029,0.56713,-0.00055,0.19997,0.00065,0.70601,-0.00009,0.70821,1,5,0.99615,0.01022,-0.06012,-0.06300,0.06336,0.04236,0.81136,0,0
1766094334.267294,0.00384,0.01701,-0.02566,0.00028,-0.00000,-0.00011,0.56713,-0.00055,0.19997,0.00065,0.70601,-0.00009,0.70821,1,5,0.99615,0.01022,-0.06012,-0.06300,0.06336,0.04236,0.81136,0,0
1766094334.269301,-0.00621,-0.01223,-0.03275,0.00211,0.00064,-0.00050,0.56713,-0.00055,0.19997,0.00065,0.70601,-0.00009,0.70821,1,5,0.99615,0.01022,-0.06012,-0.06300,0.06336,0.04236,0.81136,0,0
1766094334.271298,-0.00139,0.01981,-0.00291,0.00119,0.00006,0.00005,0.56713,-0.00055,0.19997,0.00065,0.70601,-0.00009,0.70821,1,5,0.99626,0.01049,-0.05837,-0.06281,0.06335,0.04235,0.81136,0,0
1766094334.273306,0.00749,0.00750,0.02078,-0.00311,-0.00193,0.00062,0.56713,-0.00055,0.19997,0.00065,0.70601,-0.00009,0.70821,1,5,0.99626,0.01049,-0.05837,-0.06281,0.06335,0.04235,0.81136,0,0
1766094334.275325,-0.01806,0.00027,-0.01005,0.00117,0.00040,-0.00020,0.56713,-0.00055,0.19997,0.00065,0.70601,-0.00009,0.70821,1,5,0.99626,0.01049,-0.05837,-0.06281,0.06335,0.04235,0.81136,0,0
1766094334.277407,0.00430,0.01692,-0.00286,-0.00015,-0.00001,-0.00009,0.56713,-0.00055,0.19997,0.00065,0.70601,-0.00009,0.70821,1,5,0.99626,0.01049,-0.05837,-0.06281,0.06335,0.04235,0.81136,0,0
1766094334.279353,-0.00161,0.01923,-0.00301,0.00119,0.00082,0.00005,0.56713,-0.00055,0.19997,0.00065,0.70601,-0.00009,0.70821,1,5,0.99626,0.01049,-0.05837,-0.06281,0.06335,0.04235,0.81136,0,0
1766094334.281324,0.00236,0.00003,0.03608,-0.00232,-0.00136,0.00063,0.56713,-0.00055,0.19997,0.00065,0.70601,-0.00009,0.70821,1,5,0.99626,0.01049,-0.05837,-0.06281,0.06335,0.04235,0.81136,0,0
1766094334.283339,-0.00247,0.00040,-0.01015,0.00249,0.00021,-0.00022,0.56713,-0.00055,0.19997,0.00065,0.70601,-0.00009,0.70821,1,5,0.99626,0.01049,-0.05837,-0.06281,0.06335,0.04235,0.81136,0,0
1766094334.285394,-0.00526,-0.01222,-0.02526,0.00146,0.00050,-0.00090,0.56713,-0.00055,0.19997,0.00065,0.70601,-0.00009,0.70821,1,5,0.99626,0.01049,-0.05837,-0.06281,0.06335,0.04235,0.81136,0,0
1766094334.287322,-0.00840,0.00433,0.01267,-0.00031,0.00066,0.00007,0.56713,-0.00055,0.19997,0.00065,0.70601,-0.00009,0.70821,1,5,0.99626,0.01049,-0.05837,-0.06281,0.06335,0.04235,0.81136,0,0
1766094334.289319,-0.02605,0.00109,0.01272,0.00118,-0.00027,-0.00058,0.56713,-0.00055,0.19997,0.00065,0.70601,-0.00009,0.70821,1,5,0.99626,0.01049,-0.05837,-0.06281,0.06335,0.04235,0.81136,0,0
1766094334.291319,-0.00666,0.01267,-0.04090,0.00242,0.00038,-0.00038,0.56713,-0.00055,0.19997,0.00065,0.70601,-0.00009,0.70821,1,5,0.99626,0.01049,-0.05837,-0.06281,0.06335,0.04235,0.81136,0,0
1766094334.293328,0.00272,-0.00014,0.05091,-0.00233,-0.00087,-0.00017,0.56713,-0.00055,0.19997,0.00065,0.70601,-0.00009,0.70821,1,5,0.99626,0.01049,-0.05837,-0.06281,0.06335,0.04235,0.81136,0,0
1766094334.295310,0.01195,0.00971,0.03558,-0.00308,-0.00149,-0.00005,0.56713,-0.00055,0.19997,0.00065,0.70601,-0.00009,0.70821,1,5,0.99626,0.01049,-0.05837,-0.06281,0.06335,0.04235,0.81136,0,0
1766094334.297307,0.00385,0.01211,-0.01047,0.00044,0.00012,-0.00036,0.56713,-0.00055,0.19997,0.00065,0.70601,-0.00009,0.70821,1,5,0.99626,0.01049,-0.05837,-0.06281,0.06335,0.04235,0.81136,0,0
1766094334.299308,-0.00541,-0.00845,-0.00249,0.00085,0.00165,-0.00021,0.56713,-0.00055,0.19997,0.00065,0.70601,-0.00009,0.70821,1,5,0.99626,0.01049,-0.05837,-0.06281,0.06335,0.04235,0.81136,0,0
1766094334.301320,-0.03197,-0.00666,-0.05544,0.00240,0.00058,-0.00023,0.56713,-0.00055,0.19997,0.00065,0.70601,-0.00009,0.70821,1,5,0.99626,0.01049,-0.05837,-0.06281,0.06335,0.04235,0.81136,0,0
1766094334.303314,-0.00883,-0.01547,0.01337,-0.00011,0.00069,0.00062,0.56713,-0.00055,0.19997,0.00065,0.70601,-0.00009,0.70821,1,5,0.99626,0.01049,-0.05837,-0.06281,0.06335,0.04235,0.81136,0,0
1766094334.305343,-0.01842,-0.00936,0.00552,0.00149,0.00016,0.00008,0.56713,-0.00055,0.19997,0.00065,0.70601,-0.00009,0.70821,1,5,0.99609,0.01062,-0.06061,-0.06332,0.06334,0.04234,0.81111,0,0
1766094334.307352,-0.01740,-0.00427,-0.00976,0.00068,-0.00036,-0.00006,0.56713,-0.00055,0.19997,0.00065,0.70601,-0.00009,0.70821,1,5,0.99609,0.01062,-0.06061,-0.06332,0.06334,0.04234,0.81111,0,0
1766094334.309338,0.01666,-0.00132,-0.00231,-0.00037,0.00063,0.00058,0.56713,-0.00055,0.19997,0.00065,0.70601,-0.00009,0.70821,1,5,0.99609,0.01062,-0.06061,-0.06332,0.06334,0.04234,0.81111,0,0
1766094334.311372,-0.00487,0.02080,-0.03363,0.00011,0.00175,-0.00024,0.56713,-0.00055,0.19997,0.00065,0.70601,-0.00009,0.70821,1,5,0.99609,0.01062,-0.06061,-0.06332,0.06334,0.04234,0.81111,0,0
1766094334.313347,0.00353,0.00196,0.01262,0.00054,0.00052,-0.00007,0.56713,-0.00055,0.19997,0.00065,0.70601,-0.00009,0.70821,1,5,0.99609,0.01062,-0.06061,-0.06332,0.06334,0.04234,0.81111,0,0
1766094334.315355,0.00268,0.00039,0.04339,-0.00210,-0.00150,-0.00017,0.56713,-0.00055,0.19997,0.00065,0.70601,-0.00009,0.70821,1,5,0.99609,0.01062,-0.06061,-0.06332,0.06334,0.04234,0.81111,0,0
1766094334.317342,-0.00565,-0.00913,0.00587,-0.00222,-0.00190,0.00008,0.56713,-0.00055,0.19997,0.00065,0.70601,-0.00009,0.70821,1,5,0.99609,0.01062,-0.06061,-0.06332,0.06334,0.04234,0.81111,0,0
1766094334.319401,-0.00101,0.01452,0.00485,0.00069,0.00031,0.00019,0.56713,-0.00055,0.19997,0.00065,0.70601,-0.00009,0.70821,1,5,0.99609,0.01062,-0.06061,-0.06332,0.06334,0.04234,0.81111,0,0
1766094334.321329,0.00865,0.01441,-0.00286,-0.00018,-0.00006,-0.00023,0.56713,-0.00055,0.19997,0.00065,0.70601,-0.00009,0.70821,1,5,0.99609,0.01062,-0.06061,-0.06332,0.06334,0.04234,0.81111,0,0
1766094334.323327,-0.00958,-0.00489,-0.00214,0.00089,0.00018,0.00034,0.56713,-0.00055,0.19997,0.00065,0.70601,-0.00009,0.70821,1,5,0.99609,0.01062,-0.06061,-0.06332,0.06334,0.04234,0.81111,0,0
1766094334.325330,0.01079,-0.00084,0.02834,-0.00255,-0.00057,0.00062,0.56713,-0.00055,0.19997,0.00065,0.70601,-0.00009,0.70821,1,5,0.99609,0.01062,-0.06061,-0.06332,0.06334,0.04234,0.81111,0,0
1766094334.327330,-0.01733,0.00089,-0.01750,0.00074,-0.00062,-0.00021,0.56713,-0.00055,0.19997,0.00065,0.70601,-0.00009,0.70821,1,5,0.99609,0.01062,-0.06061,-0.06332,0.06334,0.04234,0.81111,0,0
1766094334.329341,0.00765,0.01992,-0.01804,0.00076,-0.00056,0.00003,0.56713,-0.00055,0.19997,0.00065,0.70601,-0.00009,0.70821,1,5,0.99609,0.01062,-0.06061,-0.06332,0.06334,0.04234,0.81111,0,0
1766094334.331333,0.00176,-0.00263,-0.02507,0.00201,0.00043,0.00044,0.56713,-0.00055,0.19997,0.00065,0.70601,-0.00009,0.70821,1,5,0.99609,0.01062,-0.06061,-0.06332,0.06334,0.04234,0.81111,0,0
1766094334.333328,-0.01784,-0.00912,-0.00959,0.00106,-0.00035,0.00007,0.56713,-0.00055,0.19997,0.00065,0.70601,-0.00009,0.70821,1,5,0.99609,0.01062,-0.06061,-0.06332,0.06334,0.04234,0.81111,0,0
1766094334.335335,0.00285,-0.01217,-0.04011,0.00146,-0.00009,-0.00011,0.56713,-0.00055,0.19997,0.00065,0.70601,-0.00009,0.70821,1,5,0.99609,0.01062,-0.06061,-0.06332,0.06334,0.04234,0.81111,0,0
1766094334.337462,-0.00569,0.00263,-0.04808,0.00142,0.00013,-0.00011,0.56713,-0.00055,0.19997,0.00065,0.70601,-0.00009,0.70821,1,5,0.99609,0.01062,-0.06061,-0.06332,0.06334,0.04234,0.81111,0,0
1766094334.339463,-0.00456,0.01177,0.04265,0.00022,0.00086,-0.00031,0.56713,-0.00055,0.19997,0.00065,0.70601,-0.00009,0.70821,1,5,0.99604,0.01081,-0.06073,-0.06402,0.06337,0.04238,0.81155,0,0
1766094334.341358,-0.00565,0.01573,0.01275,-0.00213,-0.00205,-0.00019,0.56713,-0.00055,0.19997,0.00065,0.70601,-0.00009,0.70821,1,5,0.99604,0.01081,-0.06073,-0.06402,0.06337,0.04238,0.81155,0,0
1766094334.343358,-0.00841,-0.00068,-0.00994,-0.00037,0.00067,0.00019,0.56713,-0.00055,0.19997,0.00065,0.70601,-0.00009,0.70821,1,5,0.99604,0.01081,-0.06073,-0.06402,0.06337,0.04238,0.81155,0,0
1766094334.345364,0.01263,-0.00349,0.01294,-0.00040,0.00042,0.00046,0.56713,-0.00055,0.19997,0.00065,0.70601,-0.00009,0.70821,1,5,0.99604,0.01081,-0.06073,-0.06402,0.06337,0.04238,0.81155,0,0
1766094334.347362,-0.01143,0.00785,0.05071,-0.00092,-0.00071,-0.00016,0.56713,-0.00055,0.19997,0.00065,0.70601,-0.00009,0.70821,1,5,0.99604,0.01081,-0.06073,-0.06402,0.06337,0.04238,0.81155,0,0
1766094334.349368,-0.01360,-0.02111,-0.00194,0.00157,-0.00053,-0.00060,0.56713,-0.00055,0.19997,0.00065,0.70601,-0.00009,0.70821,1,5,0.99604,0.01081,-0.06073,-0.06402,0.06337,0.04238,0.81155,0,0
1766094334.351398,-0.01276,0.01182,0.01249,-0.00022,0.00071,0.00008,0.56713,-0.00055,0.19997,0.00065,0.70601,-0.00009,0.70821,1,5,0.99604,0.01081,-0.06073,-0.06402,0.06337,0.04238,0.81155,0,0
1766094334.353374,0.01346,0.00688,0.01235,-0.00049,0.00001,-0.00062,0.56713,-0.00055,0.19997,0.00065,0.70601,-0.00009,0.70821,1,5,0.99604,0.01081,-0.06073,-0.06402,0.06337,0.04238,0.81155,0,0
1766094334.355354,-0.00879,0.00959,-0.01787,0.00019,0.00041,-0.00009,0.56713,-0.00055,0.19997,0.00065,0.70601,-0.00009,0.70821,1,5,0.99604,0.01081,-0.06073,-0.06402,0.06337,0.04238,0.81155,0,0
1766094334.357391,0.00286,0.00349,-0.05572,0.00187,-0.00100,-0.00053,0.56713,-0.00055,0.19997,0.00065,0.70601,-0.00009,0.70821,1,5,0.99604,0.01081,-0.06073,-0.06402,0.06337,0.04238,0.81155,0,0
1766094334.359357,-0.00617,0.00341,-0.01780,0.00230,-0.00038,-0.00049,0.56713,-0.00055,0.19997,0.00065,0.70601,-0.00009,0.70821,1,5,0.99604,0.01081,-0.06073,-0.06402,0.06337,0.04238,0.81155,0,0
1766094334.361362,-0.00574,-0.00157,-0.01036,0.00224,-0.00014,-0.00116,0.56713,-0.00055,0.19997,0.00065,0.70601,-0.00009,0.70821,1,5,0.99604,0.01081,-0.06073,-0.06402,0.06337,0.04238,0.81155,0,0
1766094334.363359,-0.01865,-0.00988,-0.00236,0.00170,0.00105,-0.00033,0.56713,-0.00055,0.19997,0.00065,0.70601,-0.00009,0.70821,1,5,0.99604,0.01081,-0.06073,-0.06402,0.06337,0.04238,0.81155,0,0
1766094334.365360,-0.01396,-0.01225,-0.01732,0.00124,0.00049,-0.00008,0.56713,-0.00055,0.19997,0.00065,0.70601,-0.00009,0.70821,1,5,0.99604,0.01081,-0.06073,-0.06402,0.06337,0.04238,0.81155,0,0
1766094334.367380,0.00801,0.01885,0.01238,-0.00013,0.00046,0.00046,0.56713,-0.00055,0.19997,0.00065,0.70601,-0.00009,0.70821,1,5,0.99604,0.01081,-0.06073,-0.06402,0.06337,0.04238,0.81155,0,0
1766094334.369380,0.00359,0.01709,0.00452,0.00072,0.00025,-0.00049,0.56713,-0.00055,0.19997,0.00065,0.70601,-0.00009,0.70821,1,5,0.99604,0.01081,-0.06073,-0.06402,0.06337,0.04238,0.81155,0,0
1766094334.371374,-0.00141,-0.00005,-0.04052,0.00139,0.00033,-0.00024,0.56713,-0.00055,0.19997,0.00065,0.70601,-0.00009,0.70821,1,5,0.99604,0.01081,-0.06073,-0.06402,0.06337,0.04238,0.81155,0,0
1766094334.373371,-0.00140,-0.01002,-0.04016,0.00127,0.00034,0.00003,0.56713,-0.00055,0.19997,0.00065,0.70601,-0.00009,0.70821,1,5,0.99586,0.01065,-0.06251,-0.06518,0.06334,0.04237,0.81123,0,0
1766094334.375377,0.01275,0.01186,-0.01048,0.00000,0.00002,-0.00037,0.56713,-0.00055,0.19997,0.00065,0.70601,-0.00009,0.70821,1,5,0.99586,0.01065,-0.06251,-0.06518,0.06334,0.04237,0.81123,0,0
1766094334.377376,-0.00039,0.01422,-0.00275,0.00003,0.00043,0.00019,0.56713,-0.00055,0.19997,0.00065,0.70601,-0.00009,0.70821,1,5,0.99586,0.01065,-0.06251,-0.06518,0.06334,0.04237,0.81123,0,0
1766094334.379380,0.00679,0.01896,0.02731,0.00118,0.00097,0.00006,0.56713,-0.00055,0.19997,0.00065,0.70601,-0.00009,0.70821,1,5,0.99586,0.01065,-0.06251,-0.06518,0.06334,0.04237,0.81123,0,0
1766094334.381387,-0.00912,0.00574,-0.00253,0.00102,-0.00060,-0.00034,0.56713,-0.00055,0.19997,0.00065,0.70601,-0.00009,0.70821,1,5,0.99586,0.01065,-0.06251,-0.06518,0.06334,0.04237,0.81123,0,0
1766094334.383383,0.00292,0.00792,-0.01783,0.00149,-0.00049,-0.00023,0.56713,-0.00055,0.19997,0.00065,0.70601,-0.00009,0.70821,1,5,0.99586,0.01065,-0.06251,-0.06518,0.06334,0.04237,0.81123,0,0
1766094334.385398,-0.00987,-0.00483,-0.02529,0.00155,0.00056,-0.00049,0.56713,-0.00055,0.19997,0.00065,0.70601,-0.00009,0.70821,1,5,0.99586,0.01065,-0.06251,-0.06518,0.06334,0.04237,0.81123,0,0
1766094334.388065,-0.00936,-0.00061,-0.00241,0.00051,0.00094,0.00020,0.56713,-0.00055,0.19997,0.00065,0.70601,-0.00009,0.70821,1,5,0.99586,0.01065,-0.06251,-0.06518,0.06334,0.04237,0.81123,0,0
1766094334.389491,-0.00135,-0.00318,0.02064,-0.00280,-0.00030,0.00008,0.56713,-0.00055,0.19997,0.00065,0.70601,-0.00009,0.70821,1,5,0.99586,0.01065,-0.06251,-0.06518,0.06334,0.04237,0.81123,0,0
1766094334.391506,-0.01689,-0.00417,-0.02507,0.00046,-0.00050,-0.00048,0.56713,-0.00055,0.19997,0.00065,0.70601,-0.00009,0.70821,1,5,0.99586,0.01065,-0.06251,-0.06518,0.06334,0.04237,0.81123,0,0
1766094334.393469,0.00031,0.00430,0.01250,-0.00031,0.00055,-0.00034,0.56713,-0.00055,0.19997,0.00065,0.70601,-0.00009,0.70821,1,5,0.99586,0.01065,-0.06251,-0.06518,0.06334,0.04237,0.81123,0,0
1766094334.395487,-0.00975,-0.00518,-0.02534,0.00132,0.00093,-0.00049,0.56713,-0.00055,0.19997,0.00065,0.70601,-0.00009,0.70821,1,5,0.99586,0.01065,-0.06251,-0.06518,0.06334,0.04237,0.81123,0,0
1766094334.397474,0.00807,0.00418,-0.01019,0.00013,0.00047,0.00004,0.56713,-0.00055,0.19997,0.00065,0.70601,-0.00009,0.70821,1,5,0.99586,0.01065,-0.06251,-0.06518,0.06334,0.04237,0.81123,0,0
1766094334.399474,-0.01414,0.00788,0.01237,0.00170,0.00034,-0.00060,0.56713,-0.00055,0.19997,0.00065,0.70601,-0.00009,0.70821,1,5,0.99586,0.01065,-0.06251,-0.06518,0.06334,0.04237,0.81123,0,0
1766094334.401458,-0.00446,0.00765,-0.00259,0.00039,-0.00028,-0.00021,0.56713,-0.00055,0.19997,0.00065,0.70601,-0.00009,0.70821,1,5,0.99586,0.01065,-0.06251,-0.06518,0.06334,0.04237,0.81123,0,0
1766094334.403465,0.00836,0.01983,-0.01041,0.00010,-0.00069,0.00004,0.56713,-0.00055,0.19997,0.00065,0.70601,-0.00009,0.70821,1,5,0.99586,0.01065,-0.06251,-0.06518,0.06334,0.04237,0.81123,0,0
1766094334.405480,-0.00413,-0.00332,-0.01015,-0.00018,0.00099,-0.00035,0.56713,-0.00055,0.19997,0.00065,0.70601,-0.00009,0.70821,1,5,0.99586,0.01065,-0.06251,-0.06518,0.06334,0.04237,0.81123,0,0
1766094334.407481,0.01739,0.00930,0.01268,-0.00068,-0.00041,0.00032,0.56713,-0.00055,0.19997,0.00065,0.70601,-0.00009,0.70821,1,5,0.99586,0.01065,-0.06251,-0.06518,0.06334,0.04237,0.81123,0,0
1766094334.409466,0.00592,0.01496,-0.01817,0.00244,0.00023,-0.00024,0.56713,-0.00055,0.19997,0.00065,0.70601,-0.00009,0.70821,1,5,0.99614,0.01048,-0.06062,-0.06260,0.06336,0.04236,0.81138,0,0
1766094334.411495,-0.02408,0.00047,0.05074,-0.00079,-0.00017,-0.00055,0.56713,-0.00055,0.19997,0.00065,0.70601,-0.00009,0.70821,1,5,0.99614,0.01048,-0.06062,-0.06260,0.06336,0.04236,0.81138,0,0
1766094334.413469,-0.00826,0.00469,-0.00245,-0.00030,0.00015,0.00006,0.56713,-0.00055,0.19997,0.00065,0.70601,-0.00009,0.70821,1,5,0.99614,0.01048,-0.06062,-0.06260,0.06336,0.04236,0.81138,0,0
1766094334.415531,-0.00131,-0.01239,0.02871,-0.00269,-0.00118,0.00036,0.56713,-0.00055,0.19997,0.00065,0.70601,-0.00009,0.70821,1,5,0.99614,0.01048,-0.06062,-0.06260,0.06336,0.04236,0.81138,0,0
1766094334.417421,0.00416,0.00170,0.02781,-0.00012,0.00064,-0.00006,0.56713,-0.00055,0.19997,0.00065,0.70601,-0.00009,0.70821,1,5,0.99614,0.01048,-0.06062,-0.06260,0.06336,0.04236,0.81138,0,0
1766094334.419492,-0.01276,-0.01296,0.02063,-0.00008,0.00098,-0.00005,0.56713,-0.00055,0.19997,0.00065,0.70601,-0.00009,0.70821,1,5,0.99614,0.01048,-0.06062,-0.06260,0.06336,0.04236,0.81138,0,0
1766094334.421463,-0.01049,0.00045,-0.01788,0.00227,0.00043,-0.00062,0.56713,-0.00055,0.19997,0.00065,0.70601,-0.00009,0.70821,1,5,0.99614,0.01048,-0.06062,-0.06260,0.06336,0.04236,0.81138,0,0
1766094334.423474,-0.00080,-0.00482,-0.02489,0.00068,-0.00030,0.00031,0.56713,-0.00055,0.19997,0.00065,0.70601,-0.00009,0.70821,1,5,0.99614,0.01048,-0.06062,-0.06260,0.06336,0.04236,0.81138,0,0
1766094334.425485,0.01219,0.00154,-0.00227,-0.00012,0.00030,0.00072,0.56713,-0.00055,0.19997,0.00065,0.70601,-0.00009,0.70821,1,5,0.99614,0.01048,-0.06062,-0.06260,0.06336,0.04236,0.81138,0,0
1766094334.427421,-0.00639,0.01275,-0.01049,0.00220,0.00025,-0.00036,0.56713,-0.00055,0.19997,0.00065,0.70601,-0.00009,0.70821,1,5,0.99614,0.01048,-0.06062,-0.06260,0.06336,0.04236,0.81138,0,0
1766094334.429425,-0.00577,0.01241,-0.04087,0.00154,0.00037,-0.00038,0.56713,-0.00055,0.19997,0.00065,0.70601,-0.00009,0.70821,1,5,0.99614,0.01048,-0.06062,-0.06260,0.06336,0.04236,0.81138,0,0
1766094334.431434,-0.00916,-0.00990,-0.01748,0.00083,0.00043,-0.00035,0.56713,-0.00055,0.19997,0.00065,0.70601,-0.00009,0.70821,1,5,0.99614,0.01048,-0.06062,-0.06260,0.06336,0.04236,0.81138,0,0
1766094334.433449,-0.01395,-0.00487,0.03597,-0.00260,-0.00079,-0.00002,0.56713,-0.00055,0.19997,0.00065,0.70601,-0.00009,0.70821,1,5,0.99614,0.01048,-0.06062,-0.06260,0.06336,0.04236,0.81138,0,0
1766094334.435430,-0.00913,-0.01408,-0.01736,0.00122,-0.00034,-0.00062,0.56713,-0.00055,0.19997,0.00065,0.70601,-0.00009,0.70821,1,5,0.99614,0.01048,-0.06062,-0.06260,0.06336,0.04236,0.81138,0,0
1766094334.437457,0.00371,0.00669,-0.01019,0.00016,0.00052,0.00018,0.56713,-0.00055,0.19997,0.00065,0.70601,-0.00009,0.70821,1,5,0.99614,0.01048,-0.06062,-0.06260,0.06336,0.04236,0.81138,0,0
1766094334.439438,-0.00164,-0.00020,-0.03260,0.00117,0.00022,0.00057,0.56713,-0.00055,0.19997,0.00065,0.70601,-0.00009,0.70821,1,5,0.99614,0.01048,-0.06062,-0.06260,0.06336,0.04236,0.81138,0,0
1766094334.441444,-0.00376,-0.00235,-0.00237,-0.00017,-0.00028,-0.00034,0.56713,-0.00055,0.19997,0.00065,0.70601,-0.00009,0.70821,1,5,0.99614,0.01048,-0.06062,-0.06260,0.06336,0.04236,0.81138,0,0
1766094334.443415,0.01200,0.01665,0.00480,0.00028,0.00016,0.00031,0.56713,-0.00055,0.19997,0.00065,0.70601,-0.00009,0.70821,1,5,0.99614,0.01048,-0.06062,-0.06260,0.06336,0.04236,0.81138,0,0
1766094334.445423,0.00687,0.00008,-0.01792,0.00183,0.00022,-0.00064,0.56713,-0.00055,0.19997,0.00065,0.70601,-0.00009,0.70821,1,5,0.99610,0.01072,-0.05920,-0.06461,0.06336,0.04238,0.81144,0,0
1766094334.447431,-0.00442,0.00205,-0.00992,-0.00012,0.00024,0.00032,0.56713,-0.00055,0.19997,0.00065,0.70601,-0.00009,0.70821,1,5,0.99610,0.01072,-0.05920,-0.06461,0.06336,0.04238,0.81144,0,0
1766094334.449431,-0.00468,0.00699,-0.01772,0.00016,0.00037,0.00018,0.56713,-0.00055,0.19997,0.00065,0.70601,-0.00009,0.70821,1,5,0.99610,0.01072,-0.05920,-0.06461,0.06336,0.04238,0.81144,0,0
1766094334.451441,-0.01107,-0.00493,-0.03263,0.00220,0.00071,0.00031,0.56713,-0.00055,0.19997,0.00065,0.70601,-0.00009,0.70821,1,5,0.99610,0.01072,-0.05920,-0.06461,0.06336,0.04238,0.81144,0,0
1766094334.453425,0.00419,0.00731,-0.00246,-0.00005,-0.00038,0.00019,0.56713,-0.00055,0.19997,0.00065,0.70601,-0.00009,0.70821,1,5,0.99610,0.01072,-0.05920,-0.06461,0.06336,0.04238,0.81144,0,0
1766094334.455457,-0.01765,-0.00929,-0.01720,0.00084,-0.00023,0.00007,0.56713,-0.00055,0.19997,0.00065,0.70601,-0.00009,0.70821,1,5,0.99610,0.01072,-0.05920,-0.06461,0.06336,0.04238,0.81144,0,0
1766094334.457439,-0.00791,0.01432,-0.01802,-0.00062,0.00039,-0.00022,0.56713,-0.00055,0.19997,0.00065,0.70601,-0.00009,0.70821,1,5,0.99610,0.01072,-0.05920,-0.06461,0.06336,0.04238,0.81144,0,0
1766094334.459448,0.00661,-0.00074,0.02786,0.00138,0.00099,0.00020,0.56713,-0.00055,0.19997,0.00065,0.70601,-0.00009,0.70821,1,5,0.99610,0.01072,-0.05920,-0.06461,0.06336,0.04238,0.81144,0,0
1766094334.461453,0.00190,0.00781,-0.00274,0.00236,0.00002,-0.00022,0.56713,-0.00055,0.19997,0.00065,0.70601,-0.00009,0.70821,1,5,0.99610,0.01072,-0.05920,-0.06461,0.06336,0.04238,0.81144,0,0
1766094334.463444,-0.02227,-0.00182,-0.00221,0.00115,-0.00005,0.00008,0.56713,-0.00055,0.19997,0.00065,0.70601,-0.00009,0.70821,1,5,0.99610,0.01072,-0.05920,-0.06461,0.06336,0.04238,0.81144,0,0
1766094334.465437,-0.01306,-0.00267,-0.02490,0.00005,0.00023,0.00046,0.56713,-0.00055,0.19997,0.00065,0.70601,-0.00009,0.70821,1,5,0.99610,0.01072,-0.05920,-0.06461,0.06336,0.04238,0.81144,0,0
1766094334.467441,0.00461,0.02209,-0.02577,-0.00031,-0.00040,-0.00024,0.56713,-0.00055,0.19997,0.00065,0.70601,-0.00009,0.70821,1,5,0.99610,0.01072,-0.05920,-0.06461,0.06336,0.04238,0.81144,0,0
1766094334.469460,-0.00886,-0.01540,-0.02495,0.00033,0.00094,-0.00022,0.56713,-0.00055,0.19997,0.00065,0.70601,-0.00009,0.70821,1,5,0.99610,0.01072,-0.05920,-0.06461,0.06336,0.04238,0.81144,0,0
1766094334.471445,-0.00058,0.01934,-0.01811,0.00031,0.00030,0.00004,0.56713,-0.00055,0.19997,0.00065,0.70601,-0.00009,0.70821,1,5,0.99610,0.01072,-0.05920,-0.06461,0.06336,0.04238,0.81144,0,0
1766094334.473436,0.00435,0.00152,0.02020,-0.00034,0.00076,-0.00007,0.56713,-0.00055,0.19997,0.00065,0.70601,-0.00009,0.70821,1,5,0.99610,0.01072,-0.05920,-0.06461,0.06336,0.04238,0.81144,0,0
1766094334.475441,-0.01837,-0.01406,-0.01740,0.00187,0.00016,-0.00061,0.56713,-0.00055,0.19997,0.00065,0.70601,-0.00009,0.70821,1,5,0.99610,0.01072,-0.05920,-0.06461,0.06336,0.04238,0.81144,0,0
1766094334.477443,0.01341,-0.00258,-0.01760,-0.00039,-0.00061,-0.00037,0.56713,-0.00055,0.19997,0.00065,0.70601,-0.00009,0.70821,1,5,0.99600,0.01083,-0.06062,-0.06468,0.06336,0.04237,0.81149,0,0
1766094334.479448,0.01057,0.02683,-0.01859,0.00193,0.00054,-0.00038,0.56713,-0.00055,0.19997,0.00065,0.70601,-0.00009,0.70821,1,5,0.99600,0.01083,-0.06062,-0.06468,0.06336,0.04237,0.81149,0,0
1766094334.481473,-0.00997,-0.00943,-0.00228,0.00171,0.00018,-0.00034,0.56713,-0.00055,0.19997,0.00065,0.70601,-0.00009,0.70821,1,5,0.99600,0.01083,-0.06062,-0.06468,0.06336,0.04237,0.81149,0,0
1766094334.483508,-0.01747,0.00053,-0.00237,0.00074,-0.00012,-0.00020,0.56713,-0.00055,0.19997,0.00065,0.70601,-0.00009,0.70821,1,5,0.99600,0.01083,-0.06062,-0.06468,0.06336,0.04237,0.81149,0,0
1766094334.485462,-0.00896,-0.01498,0.02067,0.00055,0.00055,-0.00018,0.56713,-0.00055,0.19997,0.00065,0.70601,-0.00009,0.70821,1,5,0.99600,0.01083,-0.06062,-0.06468,0.06336,0.04237,0.81149,0,0
1766094334.487468,-0.00066,0.02414,-0.01072,0.00037,0.00055,-0.00009,0.56713,-0.00055,0.19997,0.00065,0.70601,-0.00009,0.70821,1,5,0.99600,0.01083,-0.06062,-0.06468,0.06336,0.04237,0.81149,0,0
1766094334.489464,-0.01049,0.01036,-0.01046,0.00217,0.00030,-0.00049,0.56713,-0.00055,0.19997,0.00065,0.70601,-0.00009,0.70821,1,5,0.99600,0.01083,-0.06062,-0.06468,0.06336,0.04237,0.81149,0,0
1766094334.491565,-0.02220,-0.00167,-0.03256,0.00115,-0.00030,0.00005,0.56713,-0.00055,0.19997,0.00065,0.70601,-0.00009,0.70821,1,5,0.99600,0.01083,-0.06062,-0.06468,0.06336,0.04237,0.81149,0,0
1766094334.493490,0.00297,-0.00258,-0.00996,0.00114,0.00015,0.00005,0.56713,-0.00055,0.19997,0.00065,0.70601,-0.00009,0.70821,1,5,0.99600,0.01083,-0.06062,-0.06468,0.06336,0.04237,0.81149,0,0
1766094334.495538,0.00903,0.00411,-0.01772,-0.00075,0.00020,0.00003,0.56713,-0.00055,0.19997,0.00065,0.70601,-0.00009,0.70821,1,5,0.99600,0.01083,-0.06062,-0.06468,0.06336,0.04237,0.81149,0,0
1766094334.497502,-0.01434,0.00799,-0.02560,0.00192,0.00022,-0.00063,0.56713,-0.00055,0.19997,0.00065,0.70601,-0.00009,0.70821,1,5,0.99600,0.01083,-0.06062,-0.06468,0.06336,0.04237,0.81149,0,0
1766094334.499581,0.00306,-0.00361,0.02786,0.00069,0.00142,0.00007,0.56713,-0.00055,0.19997,0.00065,0.70601,-0.00009,0.70821,1,5,0.99600,0.01083,-0.06062,-0.06468,0.06336,0.04237,0.81149,0,0
1766094334.501578,-0.00083,0.00435,-0.02519,0.00035,0.00045,0.00044,0.56713,-0.00055,0.19997,0.00065,0.70601,-0.00009,0.70821,1,5,0.99600,0.01083,-0.06062,-0.06468,0.06336,0.04237,0.81149,0,0
1766094334.503488,-0.02217,-0.00215,-0.03281,0.00114,0.00045,-0.00035,0.56713,-0.00055,0.19997,0.00065,0.70601,-0.00009,0.70821,1,5,0.99600,0.01083,-0.06062,-0.06468,0.06336,0.04237,0.81149,0,0
1766094334.505461,-0.00946,0.00549,-0.02538,0.00124,-0.00022,-0.00036,0.56713,-0.00055,0.19997,0.00065,0.70601,-0.00009,0.70821,1,5,0.99600,0.01083,-0.06062,-0.06468,0.06336,0.04237,0.81149,0,0
1766094334.507465,-0.00520,0.02180,-0.02573,0.00056,0.00049,0.00017,0.56713,-0.00055,0.19997,0.00065,0.70601,-0.00009,0.70821,1,5,0.99600,0.01083,-0.06062,-0.06468,0.06336,0.04237,0.81149,0,0
1766094334.509469,0.01249,0.00692,-0.00290,0.00038,0.00027,-0.00063,0.56713,-0.00055,0.19997,0.00065,0.70601,-0.00009,0.70821,1,5,0.99600,0.01083,-0.06062,-0.06468,0.06336,0.04237,0.81149,0,0
1766094334.511465,0.00068,0.00400,0.02007,-0.00075,0.00080,-0.00033,0.56713,-0.00055,0.19997,0.00065,0.70601,-0.00009,0.70821,1,5,0.99600,0.01083,-0.06062,-0.06468,0.06336,0.04237,0.81149,0,0
1766094334.513486,0.00269,0.01229,-0.04090,0.00154,0.00027,-0.00039,0.56713,-0.00055,0.19997,0.00065,0.70601,-0.00009,0.70821,1,5,0.99600,0.01083,-0.06062,-0.06468,0.06336,0.04237,0.81149,0,0
1766094334.515481,-0.00849,0.00540,-0.00236,0.00014,-0.00060,0.00007,0.56713,-0.00055,0.19997,0.00065,0.70601,-0.00009,0.70821,1,5,0.99600,0.01083,-0.06062,-0.06468,0.06336,0.04237,0.81149,0,0
1766094334.517586,-0.00434,-0.00275,-0.01730,-0.00017,-0.00001,0.00045,0.56713,-0.00055,0.19997,0.00065,0.70601,-0.00009,0.70821,1,5,0.99618,0.01046,-0.05896,-0.06356,0.06336,0.04237,0.81148,0,0
1766094334.519567,-0.00159,-0.00478,-0.01771,0.00177,0.00033,-0.00049,0.56713,-0.00055,0.19997,0.00065,0.70601,-0.00009,0.70821,1,5,0.99618,0.01046,-0.05896,-0.06356,0.06336,0.04237,0.81148,0,0
1766094334.521572,-0.00520,0.00201,-0.01776,0.00076,0.00075,-0.00009,0.56713,-0.00055,0.19997,0.00065,0.70601,-0.00009,0.70821,1,5,0.99618,0.01046,-0.05896,-0.06356,0.06336,0.04237,0.81148,0,0
1766094334.523512,-0.00083,0.00566,-0.00221,0.00080,-0.00107,0.00046,0.56713,-0.00055,0.19997,0.00065,0.70601,-0.00009,0.70821,1,5,0.99618,0.01046,-0.05896,-0.06356,0.06336,0.04237,0.81148,0,0
1766094334.525488,-0.00832,-0.00542,0.02825,-0.00042,0.00042,0.00036,0.56713,-0.00055,0.19997,0.00065,0.70601,-0.00009,0.70821,1,5,0.99618,0.01046,-0.05896,-0.06356,0.06336,0.04237,0.81148,0,0
1766094334.527494,0.00393,0.00726,-0.01008,0.00017,-0.00025,0.00018,0.56713,-0.00055,0.19997,0.00065,0.70601,-0.00009,0.70821,1,5,0.99618,0.01046,-0.05896,-0.06356,0.06336,0.04237,0.81148,0,0
1766094334.529487,-0.00595,0.00271,-0.01789,0.00186,0.00037,-0.00049,0.56713,-0.00055,0.19997,0.00065,0.70601,-0.00009,0.70821,1,5,0.99618,0.01046,-0.05896,-0.06356,0.06336,0.04237,0.81148,0,0
1766094334.531535,0.00830,-0.00019,0.01289,0.00008,-0.00029,0.00020,0.56713,-0.00055,0.19997,0.00065,0.70601,-0.00009,0.70821,1,5,0.99618,0.01046,-0.05896,-0.06356,0.06336,0.04237,0.81148,0,0
1766094334.533508,-0.00871,0.00479,-0.02525,0.00014,0.00016,0.00005,0.56713,-0.00055,0.19997,0.00065,0.70601,-0.00009,0.70821,1,5,0.99618,0.01046,-0.05896,-0.06356,0.06336,0.04237,0.81148,0,0
1766094334.535482,-0.00881,-0.00610,-0.02505,-0.00021,0.00132,0.00031,0.56713,-0.00055,0.19997,0.00065,0.70601,-0.00009,0.70821,1,5,0.99618,0.01046,-0.05896,-0.06356,0.06336,0.04237,0.81148,0,0
1766094334.537502,-0.01922,0.00543,-0.04067,0.00233,0.00054,-0.00037,0.56713,-0.00055,0.19997,0.00065,0.70601,-0.00009,0.70821,1,5,0.99618,0.01046,-0.05896,-0.06356,0.06336,0.04237,0.81148,0,0
1766094334.539489,-0.01521,0.00569,0.05080,-0.00116,-0.00104,-0.00029,0.56713,-0.00055,0.19997,0.00065,0.70601,-0.00009,0.70821,1,5,0.99618,0.01046,-0.05896,-0.06356,0.06336,0.04237,0.81148,0,0
1766094334.541494,-0.00978,0.01101,-0.04846,0.00196,-0.00061,-0.00092,0.56713,-0.00055,0.19997,0.00065,0.70601,-0.00009,0.70821,1,5,0.99618,0.01046,-0.05896,-0.06356,0.06336,0.04237,0.81148,0,0
1766094334.543496,0.00190,-0.01206,-0.00979,0.00234,0.00017,-0.00009,0.56713,-0.00055,0.19997,0.00065,0.70601,-0.00009,0.70821,1,5,0.99618,0.01046,-0.05896,-0.06356,0.06336,0.04237,0.81148,0,0
1766094334.545484,0.00778,0.01462,0.00488,0.00048,-0.00017,0.00018,0.56713,-0.00055,0.19997,0.00065,0.70601,-0.00009,0.70821,1,5,0.99618,0.01046,-0.05896,-0.06356,0.06336,0.04237,0.81148,0,0
1766094334.547497,-0.00214,0.01059,-0.01045,0.00239,-0.00019,-0.00049,0.56713,-0.00055,0.19997,0.00065,0.70601,-0.00009,0.70821,1,5,0.99618,0.01046,-0.05896,-0.06356,0.06336,0.04237,0.81148,0,0
1766094334.549505,-0.00405,0.00183,0.01267,-0.00034,0.00061,-0.00006,0.56713,-0.00055,0.19997,0.00065,0.70601,-0.00009,0.70821,1,5,0.99618,0.01046,-0.05896,-0.06356,0.06336,0.04237,0.81148,0,0
1766094334.551510,0.00930,0.00500,-0.01792,-0.00030,-0.00058,-0.00077,0.56713,-0.00055,0.19997,0.00065,0.70601,-0.00009,0.70821,1,5,0.99610,0.01063,-0.05913,-0.06462,0.06336,0.04237,0.81142,0,0
1766094334.553524,-0.01399,-0.00434,0.02846,-0.00238,-0.00142,-0.00003,0.56713,-0.00055,0.19997,0.00065,0.70601,-0.00009,0.70821,1,5,0.99610,0.01063,-0.05913,-0.06462,0.06336,0.04237,0.81142,0,0
1766094334.555506,-0.00556,-0.00529,0.00570,-0.00283,-0.00075,0.00035,0.56713,-0.00055,0.19997,0.00065,0.70601,-0.00009,0.70821,1,5,0.99610,0.01063,-0.05913,-0.06462,0.06336,0.04237,0.81142,0,0
1766094334.557554,-0.00136,0.00676,-0.00250,-0.00268,-0.00031,-0.00021,0.56713,-0.00055,0.19997,0.00065,0.70601,-0.00009,0.70821,1,5,0.99610,0.01063,-0.05913,-0.06462,0.06336,0.04237,0.81142,0,0
1766094334.559615,-0.00123,0.01896,0.02735,0.00075,0.00107,0.00007,0.56713,-0.00055,0.19997,0.00065,0.70601,-0.00009,0.70821,1,5,0.99610,0.01063,-0.05913,-0.06462,0.06336,0.04237,0.81142,0,0
1766094334.561650,-0.00174,-0.00028,-0.04058,0.00160,0.00071,-0.00025,0.56713,-0.00055,0.19997,0.00065,0.70601,-0.00009,0.70821,1,5,0.99610,0.01063,-0.05913,-0.06462,0.06336,0.04237,0.81142,0,0
1766094334.563505,-0.02331,0.00299,-0.03287,0.00208,0.00046,-0.00008,0.56713,-0.00055,0.19997,0.00065,0.70601,-0.00009,0.70821,1,5,0.99610,0.01063,-0.05913,-0.06462,0.06336,0.04237,0.81142,0,0
1766094334.565605,0.00027,0.00965,-0.02524,-0.00046,-0.00033,0.00031,0.56713,-0.00055,0.19997,0.00065,0.70601,-0.00009,0.70821,1,5,0.99610,0.01063,-0.05913,-0.06462,0.06336,0.04237,0.81142,0,0
1766094334.567578,-0.01954,-0.00974,-0.04019,0.00236,0.00094,0.00004,0.56713,-0.00055,0.19997,0.00065,0.70601,-0.00009,0.70821,1,5,0.99610,0.01063,-0.05913,-0.06462,0.06336,0.04237,0.81142,0,0
1766094334.569580,-0.02201,0.00321,0.00523,0.00099,-0.00019,-0.00005,0.56713,-0.00055,0.19997,0.00065,0.70601,-0.00009,0.70821,1,5,0.99610,0.01063,-0.05913,-0.06462,0.06336,0.04237,0.81142,0,0
1766094334.571581,0.01109,0.00488,0.05126,-0.00270,-0.00172,0.00090,0.56713,-0.00055,0.19997,0.00065,0.70601,-0.00009,0.70821,1,5,0.99610,0.01063,-0.05913,-0.06462,0.06336,0.04237,0.81142,0,0
1766094334.573581,0.00012,0.01427,-0.01029,-0.00040,0.00018,0.00018,0.56713,-0.00055,0.19997,0.00065,0.70601,-0.00009,0.70821,1,5,0.99610,0.01063,-0.05913,-0.06462,0.06336,0.04237,0.81142,0,0
1766094334.575578,0.00304,-0.00494,0.02836,-0.00260,-0.00125,-0.00005,0.56713,-0.00055,0.19997,0.00065,0.70601,-0.00009,0.70821,1,5,0.99610,0.01063,-0.05913,-0.06462,0.06336,0.04237,0.81142,0,0
1766094334.577525,0.00889,-0.00494,-0.00204,-0.00042,-0.00080,0.00032,0.56713,-0.00055,0.19997,0.00065,0.70601,-0.00009,0.70821,1,5,0.99610,0.01063,-0.05913,-0.06462,0.06336,0.04237,0.81142,0,0
1766094334.579500,-0.03296,-0.02908,0.06684,-0.00050,0.00009,-0.00012,0.56713,-0.00055,0.19997,0.00065,0.70601,-0.00009,0.70821,1,5,0.99610,0.01063,-0.05913,-0.06462,0.06336,0.04237,0.81142,0,0
1766094334.581591,-0.01460,0.00798,-0.01044,0.00214,0.00034,-0.00062,0.56713,-0.00055,0.19997,0.00065,0.70601,-0.00009,0.70821,1,5,0.99610,0.01063,-0.05913,-0.06462,0.06336,0.04237,0.81142,0,0
1766094334.583525,-0.01275,-0.00223,-0.00257,0.00049,0.00020,-0.00074,0.56713,-0.00055,0.19997,0.00065,0.70601,-0.00009,0.70821,1,5,0.99610,0.01063,-0.05913,-0.06462,0.06336,0.04237,0.81142,0,0
1766094334.585581,0.00833,-0.00076,-0.00239,-0.00015,0.00034,0.00018,0.56713,-0.00055,0.19997,0.00065,0.70601,-0.00009,0.70821,1,5,0.99610,0.01063,-0.05913,-0.06462,0.06336,0.04237,0.81142,0,0
1766094334.587522,0.00267,0.00027,0.00559,-0.00232,-0.00162,0.00020,0.56713,-0.00055,0.19997,0.00065,0.70601,-0.00009,0.70821,1,5,0.99610,0.01063,-0.05913,-0.06462,0.06336,0.04237,0.81142,0,0
1766094334.589523,-0.00007,-0.00040,-0.01769,0.00007,0.00031,-0.00023,0.56713,-0.00055,0.19997,0.00065,0.70601,-0.00009,0.70821,1,5,0.99618,0.01025,-0.05887,-0.06364,0.06336,0.04236,0.81135,0,0
1766094334.591538,-0.00202,-0.00972,-0.03257,0.00193,0.00022,0.00003,0.56713,-0.00055,0.19997,0.00065,0.70601,-0.00009,0.70821,1,5,0.99618,0.01025,-0.05887,-0.06364,0.06336,0.04236,0.81135,0,0
1766094334.593546,0.00350,0.00742,0.01269,0.00061,-0.00024,0.00020,0.56713,-0.00055,0.19997,0.00065,0.70601,-0.00009,0.70821,1,5,0.99618,0.01025,-0.05887,-0.06364,0.06336,0.04236,0.81135,0,0
1766094334.595527,-0.00657,0.00292,-0.02532,0.00230,0.00013,-0.00009,0.56713,-0.00055,0.19997,0.00065,0.70601,-0.00009,0.70821,1,5,0.99618,0.01025,-0.05887,-0.06364,0.06336,0.04236,0.81135,0,0
1766094334.597541,-0.00581,0.00470,0.04330,-0.00249,-0.00064,0.00010,0.56713,-0.00055,0.19997,0.00065,0.70601,-0.00009,0.70821,1,5,0.99618,0.01025,-0.05887,-0.06364,0.06336,0.04236,0.81135,0,0
1766094334.599523,-0.01154,-0.00053,-0.01775,0.00247,0.00160,0.00018,0.56713,-0.00055,0.19997,0.00065,0.70601,-0.00009,0.70821,1,5,0.99618,0.01025,-0.05887,-0.06364,0.06336,0.04236,0.81135,0,0
1766094334.601541,-0.00890,0.01492,-0.01800,0.00048,0.00002,-0.00022,0.56713,-0.00055,0.19997,0.00065,0.70601,-0.00009,0.70821,1,5,0.99618,0.01025,-0.05887,-0.06364,0.06336,0.04236,0.81135,0,0
1766094334.603524,-0.02580,-0.00392,-0.02506,0.00090,-0.00039,-0.00047,0.56713,-0.00055,0.19997,0.00065,0.70601,-0.00009,0.70821,1,5,0.99618,0.01025,-0.05887,-0.06364,0.06336,0.04236,0.81135,0,0
1766094334.605559,-0.01056,0.01010,-0.01792,0.00195,0.00043,-0.00009,0.56713,-0.00055,0.19997,0.00065,0.70601,-0.00009,0.70821,1,5,0.99618,0.01025,-0.05887,-0.06364,0.06336,0.04236,0.81135,0,0
1766094334.607554,-0.00057,-0.00042,0.01265,0.00051,0.00057,-0.00020,0.56713,-0.00055,0.19997,0.00065,0.70601,-0.00009,0.70821,1,5,0.99618,0.01025,-0.05887,-0.06364,0.06336,0.04236,0.81135,0,0
1766094334.609569,-0.02295,0.00775,-0.01045,0.00192,0.00083,-0.00061,0.56713,-0.00055,0.19997,0.00065,0.70601,-0.00009,0.70821,1,5,0.99618,0.01025,-0.05887,-0.06364,0.06336,0.04236,0.81135,0,0
1766094334.611580,0.00633,0.00042,-0.02514,0.00205,-0.00039,0.00016,0.56713,-0.00055,0.19997,0.00065,0.70601,-0.00009,0.70821,1,5,0.99618,0.01025,-0.05887,-0.06364,0.06336,0.04236,0.81135,0,0
1766094334.613589,-0.00960,-0.00487,-0.03269,0.00111,0.00031,-0.00009,0.56713,-0.00055,0.19997,0.00065,0.70601,-0.00009,0.70821,1,5,0.99618,0.01025,-0.05887,-0.06364,0.06336,0.04236,0.81135,0,0
1766094334.615603,-0.00954,-0.01950,-0.03247,0.00137,0.00031,-0.00049,0.56713,-0.00055,0.19997,0.00065,0.70601,-0.00009,0.70821,1,5,0.99618,0.01025,-0.05887,-0.06364,0.06336,0.04236,0.81135,0,0
1766094334.617600,-0.00142,0.00412,-0.01008,0.00078,0.00097,0.00045,0.56713,-0.00055,0.19997,0.00065,0.70601,-0.00009,0.70821,1,5,0.99618,0.01025,-0.05887,-0.06364,0.06336,0.04236,0.81135,0,0
1766094334.619590,-0.00122,0.00899,0.02771,0.00063,0.00108,0.00034,0.56713,-0.00055,0.19997,0.00065,0.70601,-0.00009,0.70821,1,5,0.99618,0.01025,-0.05887,-0.06364,0.06336,0.04236,0.81135,0,0
1766094334.621608,-0.00442,0.01711,0.02735,0.00028,0.00034,-0.00046,0.56713,-0.00055,0.19997,0.00065,0.70601,-0.00009,0.70821,1,5,0.99618,0.01025,-0.05887,-0.06364,0.06336,0.04236,0.81135,0,0
1766094334.623550,-0.00051,0.01952,-0.02567,0.00031,0.00005,0.00003,0.56713,-0.00055,0.19997,0.00065,0.70601,-0.00009,0.70821,1,5,0.99626,0.01040,-0.05828,-0.06299,0.06337,0.04237,0.81157,0,0
1766094334.625554,-0.00604,-0.00089,0.02058,-0.00255,0.00013,0.00022,0.56713,-0.00055,0.19997,0.00065,0.70601,-0.00009,0.70821,1,5,0.99626,0.01040,-0.05828,-0.06299,0.06337,0.04237,0.81157,0,0
1766094334.627542,0.00008,0.01978,-0.01799,-0.00012,-0.00046,0.00004,0.56713,-0.00055,0.19997,0.00065,0.70601,-0.00009,0.70821,1,5,0.99626,0.01040,-0.05828,-0.06299,0.06337,0.04237,0.81157,0,0
1766094334.629586,0.01297,0.00117,-0.03300,-0.00056,0.00079,-0.00012,0.56713,-0.00055,0.19997,0.00065,0.70601,-0.00009,0.70821,1,5,0.99626,0.01040,-0.05828,-0.06299,0.06337,0.04237,0.81157,0,0
1766094334.631540,0.00876,0.01036,-0.00253,-0.00001,-0.00120,-0.00009,0.56713,-0.00055,0.19997,0.00065,0.70601,-0.00009,0.70821,1,5,0.99626,0.01040,-0.05828,-0.06299,0.06337,0.04237,0.81157,0,0
1766094334.633552,-0.00247,0.00539,-0.01033,0.00255,0.00020,-0.00036,0.56713,-0.00055,0.19997,0.00065,0.70601,-0.00009,0.70821,1,5,0.99626,0.01040,-0.05828,-0.06299,0.06337,0.04237,0.81157,0,0
1766094334.635542,-0.00597,-0.01797,-0.02489,0.00139,0.00129,0.00004,0.56713,-0.00055,0.19997,0.00065,0.70601,-0.00009,0.70821,1,5,0.99626,0.01040,-0.05828,-0.06299,0.06337,0.04237,0.81157,0,0
1766094334.637567,0.00415,-0.00825,-0.00239,-0.00002,0.00077,-0.00022,0.56713,-0.00055,0.19997,0.00065,0.70601,-0.00009,0.70821,1,5,0.99626,0.01040,-0.05828,-0.06299,0.06337,0.04237,0.81157,0,0
1766094334.639592,-0.01465,-0.00715,-0.00234,0.00196,0.00062,-0.00020,0.56713,-0.00055,0.19997,0.00065,0.70601,-0.00009,0.70821,1,5,0.99626,0.01040,-0.05828,-0.06299,0.06337,0.04237,0.81157,0,0
1766094334.641576,-0.00980,0.00033,-0.03303,0.00161,0.00029,-0.00063,0.56713,-0.00055,0.19997,0.00065,0.70601,-0.00009,0.70821,1,5,0.99626,0.01040,-0.05828,-0.06299,0.06337,0.04237,0.81157,0,0
1766094334.643603,-0.02799,-0.01449,-0.00218,0.00252,0.00116,-0.00019,0.56713,-0.00055,0.19997,0.00065,0.70601,-0.00009,0.70821,1,5,0.99626,0.01040,-0.05828,-0.06299,0.06337,0.04237,0.81157,0,0
1766094334.645568,-0.01041,0.00050,-0.03269,0.00183,-0.00007,0.00017,0.56713,-0.00055,0.19997,0.00065,0.70601,-0.00009,0.70821,1,5,0.99626,0.01040,-0.05828,-0.06299,0.06337,0.04237,0.81157,0,0
1766094334.647565,0.00826,0.00405,0.00499,-0.00009,0.00059,0.00005,0.56713,-0.00055,0.19997,0.00065,0.70601,-0.00009,0.70821,1,5,0.99626,0.01040,-0.05828,-0.06299,0.06337,0.04237,0.81157,0,0
1766094334.649572,-0.00399,0.02193,0.00440,-0.00009,0.00033,-0.00061,0.56713,-0.00055,0.19997,0.00065,0.70601,-0.00009,0.70821,1,5,0.99626,0.01040,-0.05828,-0.06299,0.06337,0.04237,0.81157,0,0
1766094334.651638,-0.00510,-0.00200,-0.02520,0.00115,-0.00026,-0.00036,0.56713,-0.00055,0.19997,0.00065,0.70601,-0.00009,0.70821,1,5,0.99626,0.01040,-0.05828,-0.06299,0.06337,0.04237,0.81157,0,0
1766094334.653570,-0.00094,0.00972,-0.00254,0.00063,0.00007,0.00032,0.56713,-0.00055,0.19997,0.00065,0.70601,-0.00009,0.70821,1,5,0.99626,0.01040,-0.05828,-0.06299,0.06337,0.04237,0.81157,0,0
1766094334.655558,0.00290,0.00467,0.04312,-0.00249,-0.00075,-0.00031,0.56713,-0.00055,0.19997,0.00065,0.70601,-0.00009,0.70821,1,5,0.99626,0.01040,-0.05828,-0.06299,0.06337,0.04237,0.81157,0,0
1766094334.657572,-0.00911,0.01438,0.00468,0.00047,0.00079,-0.00021,0.56713,-0.00055,0.19997,0.00065,0.70601,-0.00009,0.70821,1,5,0.99626,0.01040,-0.05828,-0.06299,0.06337,0.04237,0.81157,0,0
1766094334.659647,-0.00833,-0.00528,0.03550,0.00001,0.00066,-0.00044,0.56713,-0.00055,0.19997,0.00065,0.70601,-0.00009,0.70821,1,5,0.99626,0.01040,-0.05828,-0.06299,0.06337,0.04237,0.81157,0,0
1766094334.661605,-0.00101,0.02031,-0.02594,0.00142,-0.00034,-0.00078,0.56713,-0.00055,0.19997,0.00065,0.70601,-0.00009,0.70821,1,5,0.99614,0.01070,-0.05880,-0.06427,0.06335,0.04237,0.81138,0,0
1766094334.663589,-0.00472,0.00262,-0.01004,0.00055,-0.00014,-0.00008,0.56713,-0.00055,0.19997,0.00065,0.70601,-0.00009,0.70821,1,5,0.99614,0.01070,-0.05880,-0.06427,0.06335,0.04237,0.81138,0,0
1766094334.665575,-0.01848,0.00107,-0.04793,0.00184,-0.00048,-0.00023,0.56713,-0.00055,0.19997,0.00065,0.70601,-0.00009,0.70821,1,5,0.99614,0.01070,-0.05880,-0.06427,0.06335,0.04237,0.81138,0,0
1766094334.667584,-0.01061,0.00235,0.04346,-0.00208,-0.00057,0.00038,0.56713,-0.00055,0.19997,0.00065,0.70601,-0.00009,0.70821,1,5,0.99614,0.01070,-0.05880,-0.06427,0.06335,0.04237,0.81138,0,0
1766094334.669586,0.00857,0.00429,-0.02550,-0.00009,0.00033,-0.00038,0.56713,-0.00055,0.19997,0.00065,0.70601,-0.00009,0.70821,1,5,0.99614,0.01070,-0.05880,-0.06427,0.06335,0.04237,0.81138,0,0
1766094334.671574,0.00776,0.01965,-0.00307,0.00075,-0.00006,-0.00036,0.56713,-0.00055,0.19997,0.00065,0.70601,-0.00009,0.70821,1,5,0.99614,0.01070,-0.05880,-0.06427,0.06335,0.04237,0.81138,0,0
1766094334.673579,0.00448,0.01683,0.00455,-0.00015,0.00024,-0.00049,0.56713,-0.00055,0.19997,0.00065,0.70601,-0.00009,0.70821,1,5,0.99614,0.01070,-0.05880,-0.06427,0.06335,0.04237,0.81138,0,0
1766094334.675567,-0.00665,0.00271,-0.04055,0.00229,0.00039,-0.00011,0.56713,-0.00055,0.19997,0.00065,0.70601,-0.00009,0.70821,1,5,0.99614,0.01070,-0.05880,-0.06427,0.06335,0.04237,0.81138,0,0
1766094334.677703,-0.00654,0.00244,-0.02557,0.00229,0.00089,-0.00050,0.56713,-0.00055,0.19997,0.00065,0.70601,-0.00009,0.70821,1,5,0.99614,0.01070,-0.05880,-0.06427,0.06335,0.04237,0.81138,0,0
1766094334.679667,-0.00570,0.01680,0.00479,0.00094,0.00075,0.00033,0.56713,-0.00055,0.19997,0.00065,0.70601,-0.00009,0.70821,1,5,0.99614,0.01070,-0.05880,-0.06427,0.06335,0.04237,0.81138,0,0
1766094334.681620,-0.00902,-0.00035,0.02044,0.00029,0.00055,0.00022,0.56713,-0.00055,0.19997,0.00065,0.70601,-0.00009,0.70821,1,5,0.99614,0.01070,-0.05880,-0.06427,0.06335,0.04237,0.81138,0,0
1766094334.683669,-0.01493,0.00772,-0.03328,0.00235,0.00073,-0.00063,0.56713,-0.00055,0.19997,0.00065,0.70601,-0.00009,0.70821,1,5,0.99614,0.01070,-0.05880,-0.06427,0.06335,0.04237,0.81138,0,0
1766094334.685577,-0.00125,0.00029,-0.02508,0.00117,-0.00030,0.00017,0.56713,-0.00055,0.19997,0.00065,0.70601,-0.00009,0.70821,1,5,0.99614,0.01070,-0.05880,-0.06427,0.06335,0.04237,0.81138,0,0
1766094334.687582,-0.01858,0.00018,-0.02529,0.00161,0.00066,-0.00022,0.56713,-0.00055,0.19997,0.00065,0.70601,-0.00009,0.70821,1,5,0.99614,0.01070,-0.05880,-0.06427,0.06335,0.04237,0.81138,0,0
1766094334.689652,-0.00827,0.01466,-0.00281,-0.00018,0.00014,-0.00021,0.56713,-0.00055,0.19997,0.00065,0.70601,-0.00009,0.70821,1,5,0.99614,0.01070,-0.05880,-0.06427,0.06335,0.04237,0.81138,0,0
1766094334.691676,-0.01894,-0.01446,-0.03233,0.00187,0.00043,0.00019,0.56713,-0.00055,0.19997,0.00065,0.70601,-0.00009,0.70821,1,5,0.99614,0.01070,-0.05880,-0.06427,0.06335,0.04237,0.81138,0,0
1766094334.693594,-0.00191,-0.01007,-0.03261,0.00170,0.00060,0.00003,0.56713,-0.00055,0.19997,0.00065,0.70601,-0.00009,0.70821,1,5,0.99614,0.01070,-0.05880,-0.06427,0.06335,0.04237,0.81138,0,0
1766094334.695585,-0.01492,-0.00722,-0.03275,0.00217,0.00075,-0.00023,0.56713,-0.00055,0.19997,0.00065,0.70601,-0.00009,0.70821,1,5,0.99614,0.01070,-0.05880,-0.06427,0.06335,0.04237,0.81138,0,0
1766094334.697586,0.00854,-0.00013,-0.01005,0.00008,-0.00030,-0.00023,0.56713,-0.00055,0.19997,0.00065,0.70601,-0.00009,0.70821,1,5,0.99614,0.01070,-0.05880,-0.06427,0.06335,0.04237,0.81138,0,0
1766094334.699593,-0.00178,0.00944,0.00495,0.00129,0.00071,0.00033,0.56713,-0.00055,0.19997,0.00065,0.70601,-0.00009,0.70821,1,5,0.99624,0.01034,-0.05824,-0.06330,0.06335,0.04236,0.81134,0,0
1766094334.701596,-0.00558,-0.00262,-0.03293,0.00136,0.00063,-0.00037,0.56713,-0.00055,0.19997,0.00065,0.70601,-0.00009,0.70821,1,5,0.99624,0.01034,-0.05824,-0.06330,0.06335,0.04236,0.81134,0,0
1766094334.703653,-0.02191,-0.00709,-0.02501,0.00086,0.00033,-0.00021,0.56713,-0.00055,0.19997,0.00065,0.70601,-0.00009,0.70821,1,5,0.99624,0.01034,-0.05824,-0.06330,0.06335,0.04236,0.81134,0,0
1766094334.705691,-0.01983,-0.01666,0.02854,-0.00078,-0.00058,-0.00029,0.56713,-0.00055,0.19997,0.00065,0.70601,-0.00009,0.70821,1,5,0.99624,0.01034,-0.05824,-0.06330,0.06335,0.04236,0.81134,0,0
1766094334.707743,-0.00516,0.03625,0.00404,0.00052,0.00110,-0.00022,0.56713,-0.00055,0.19997,0.00065,0.70601,-0.00009,0.70821,1,5,0.99624,0.01034,-0.05824,-0.06330,0.06335,0.04236,0.81134,0,0
1766094334.709863,-0.00114,0.00002,-0.01011,0.00117,0.00020,-0.00022,0.56713,-0.00055,0.19997,0.00065,0.70601,-0.00009,0.70821,1,5,0.99624,0.01034,-0.05824,-0.06330,0.06335,0.04236,0.81134,0,0
1766094334.711673,-0.00046,0.00412,-0.00260,0.00013,0.00082,0.00005,0.56713,-0.00055,0.19997,0.00065,0.70601,-0.00009,0.70821,1,5,0.99624,0.01034,-0.05824,-0.06330,0.06335,0.04236,0.81134,0,0
1766094334.713645,-0.00990,-0.00435,-0.02504,0.00155,-0.00020,-0.00009,0.56713,-0.00055,0.19997,0.00065,0.70601,-0.00009,0.70821,1,5,0.99624,0.01034,-0.05824,-0.06330,0.06335,0.04236,0.81134,0,0
1766094334.715654,-0.00862,0.00576,-0.03287,0.00058,-0.00086,-0.00036,0.56713,-0.00055,0.19997,0.00065,0.70601,-0.00009,0.70821,1,5,0.99624,0.01034,-0.05824,-0.06330,0.06335,0.04236,0.81134,0,0
1766094334.717722,0.00536,-0.00330,-0.00248,-0.00105,0.00037,-0.00035,0.56713,-0.00055,0.19997,0.00065,0.70601,-0.00009,0.70821,1,5,0.99624,0.01034,-0.05824,-0.06330,0.06335,0.04236,0.81134,0,0
1766094334.719666,-0.01472,-0.01847,0.06667,-0.00124,-0.00166,-0.00040,0.56713,-0.00055,0.19997,0.00065,0.70601,-0.00009,0.70821,1,5,0.99624,0.01034,-0.05824,-0.06330,0.06335,0.04236,0.81134,0,0
1766094334.721634,-0.00883,0.00530,0.00483,0.00080,0.00002,-0.00074,0.56713,-0.00055,0.19997,0.00065,0.70601,-0.00009,0.70821,1,5,0.99624,0.01034,-0.05824,-0.06330,0.06335,0.04236,0.81134,0,0
1766094334.723671,0.00829,0.01475,0.01235,0.00026,-0.00031,-0.00021,0.56713,-0.00055,0.19997,0.00065,0.70601,-0.00009,0.70821,1,5,0.99624,0.01034,-0.05824,-0.06330,0.06335,0.04236,0.81134,0,0
1766094334.725721,-0.00184,-0.00487,-0.01756,0.00177,0.00034,-0.00009,0.56713,-0.00055,0.19997,0.00065,0.70601,-0.00009,0.70821,1,5,0.99624,0.01034,-0.05824,-0.06330,0.06335,0.04236,0.81134,0,0
1766094334.727605,0.00879,0.01404,0.02765,-0.00062,0.00020,0.00020,0.56713,-0.00055,0.19997,0.00065,0.70601,-0.00009,0.70821,1,5,0.99624,0.01034,-0.05824,-0.06330,0.06335,0.04236,0.81134,0,0
1766094334.729647,-0.00562,0.01791,0.00442,0.00182,-0.00003,-0.00088,0.56713,-0.00055,0.19997,0.00065,0.70601,-0.00009,0.70821,1,5,0.99624,0.01034,-0.05824,-0.06330,0.06335,0.04236,0.81134,0,0
1766094334.731673,0.00360,0.00712,0.00488,0.00060,0.00026,-0.00021,0.56713,-0.00055,0.19997,0.00065,0.70601,-0.00009,0.70821,1,5,0.99624,0.01034,-0.05824,-0.06330,0.06335,0.04236,0.81134,0,0
1766094334.733670,-0.00474,-0.00805,0.00539,0.00020,0.00076,0.00020,0.56713,-0.00055,0.19997,0.00065,0.70601,-0.00009,0.70821,1,5,0.99624,0.01034,-0.05824,-0.06330,0.06335,0.04236,0.81134,0,0
1766094334.735669,-0.00029,-0.00966,-0.01724,0.00040,-0.00044,0.00005,0.56713,-0.00055,0.19997,0.00065,0.70601,-0.00009,0.70821,1,5,0.99598,0.01072,-0.06120,-0.06453,0.06336,0.04237,0.81142,0,0
1766094334.737658,0.00378,0.02176,-0.01051,0.00012,0.00013,0.00017,0.56713,-0.00055,0.19997,0.00065,0.70601,-0.00009,0.70821,1,5,0.99598,0.01072,-0.06120,-0.06453,0.06336,0.04237,0.81142,0,0
1766094334.739730,0.00742,-0.00121,0.01266,0.00050,0.00124,0.00019,0.56713,-0.00055,0.19997,0.00065,0.70601,-0.00009,0.70821,1,5,0.99598,0.01072,-0.06120,-0.06453,0.06336,0.04237,0.81142,0,0
1766094334.741722,-0.01875,-0.01448,0.02065,0.00187,0.00067,-0.00018,0.56713,-0.00055,0.19997,0.00065,0.70601,-0.00009,0.70821,1,5,0.99598,0.01072,-0.06120,-0.06453,0.06336,0.04237,0.81142,0,0
1766094334.743635,-0.00929,0.00957,0.01246,0.00063,0.00067,-0.00006,0.56713,-0.00055,0.19997,0.00065,0.70601,-0.00009,0.70821,1,5,0.99598,0.01072,-0.06120,-0.06453,0.06336,0.04237,0.81142,0,0
1766094334.745647,-0.00493,-0.00290,0.01282,0.00048,0.00063,0.00007,0.56713,-0.00055,0.19997,0.00065,0.70601,-0.00009,0.70821,1,5,0.99598,0.01072,-0.06120,-0.06453,0.06336,0.04237,0.81142,0,0
1766094334.747725,-0.00992,0.00351,0.02850,-0.00228,-0.00223,0.00037,0.56713,-0.00055,0.19997,0.00065,0.70601,-0.00009,0.70821,1,5,0.99598,0.01072,-0.06120,-0.06453,0.06336,0.04237,0.81142,0,0
1766094334.749724,0.00454,0.00217,-0.01801,0.00010,0.00024,-0.00090,0.56713,-0.00055,0.19997,0.00065,0.70601,-0.00009,0.70821,1,5,0.99598,0.01072,-0.06120,-0.06453,0.06336,0.04237,0.81142,0,0
1766094334.751695,-0.00468,0.00699,-0.01772,0.00016,0.00037,0.00018,0.56713,-0.00055,0.19997,0.00065,0.70601,-0.00009,0.70821,1,5,0.99598,0.01072,-0.06120,-0.06453,0.06336,0.04237,0.81142,0,0
1766094334.753642,0.01751,0.00478,-0.01780,-0.00030,-0.00067,-0.00038,0.56713,-0.00055,0.19997,0.00065,0.70601,-0.00009,0.70821,1,5,0.99598,0.01072,-0.06120,-0.06453,0.06336,0.04237,0.81142,0,0
1766094334.755645,0.00359,0.02318,-0.02550,0.00080,-0.00152,0.00017,0.56713,-0.00055,0.19997,0.00065,0.70601,-0.00009,0.70821,1,5,0.99598,0.01072,-0.06120,-0.06453,0.06336,0.04237,0.81142,0,0
1766094334.757643,0.01767,0.00521,0.01265,-0.00029,-0.00118,-0.00035,0.56713,-0.00055,0.19997,0.00065,0.70601,-0.00009,0.70821,1,5,0.99598,0.01072,-0.06120,-0.06453,0.06336,0.04237,0.81142,0,0
1766094334.759636,0.00664,0.02355,0.01946,0.00124,0.00148,-0.00008,0.56713,-0.00055,0.19997,0.00065,0.70601,-0.00009,0.70821,1,5,0.99598,0.01072,-0.06120,-0.06453,0.06336,0.04237,0.81142,0,0
1766094334.761643,-0.00046,-0.00086,-0.00242,0.00007,0.00083,0.00019,0.56713,-0.00055,0.19997,0.00065,0.70601,-0.00009,0.70821,1,5,0.99598,0.01072,-0.06120,-0.06453,0.06336,0.04237,0.81142,0,0
1766094334.763632,-0.00141,-0.00005,-0.04052,0.00139,0.00033,-0.00024,0.56713,-0.00055,0.19997,0.00065,0.70601,-0.00009,0.70821,1,5,0.99598,0.01072,-0.06120,-0.06453,0.06336,0.04237,0.81142,0,0
1766094334.765631,0.00480,0.00714,-0.00280,-0.00027,-0.00002,-0.00062,0.56713,-0.00055,0.19997,0.00065,0.70601,-0.00009,0.70821,1,5,0.99598,0.01072,-0.06120,-0.06453,0.06336,0.04237,0.81142,0,0
1766094334.767634,-0.00893,0.00923,-0.00275,0.00019,0.00092,-0.00008,0.56713,-0.00055,0.19997,0.00065,0.70601,-0.00009,0.70821,1,5,0.99598,0.01072,-0.06120,-0.06453,0.06336,0.04237,0.81142,0,0
1766094334.769634,-0.00508,0.00532,0.03586,-0.00292,-0.00166,0.00010,0.56713,-0.00055,0.19997,0.00065,0.70601,-0.00009,0.70821,1,5,0.99598,0.01072,-0.06120,-0.06453,0.06336,0.04237,0.81142,0,0
1766094334.771627,-0.01493,0.00274,-0.03310,0.00229,0.00074,-0.00050,0.56713,-0.00055,0.19997,0.00065,0.70601,-0.00009,0.70821,1,5,0.99598,0.01072,-0.06120,-0.06453,0.06336,0.04237,0.81142,0,0
1766094334.773664,-0.01082,0.00507,-0.02537,0.00211,0.00057,0.00004,0.56713,-0.00055,0.19997,0.00065,0.70601,-0.00009,0.70821,1,5,0.99608,0.01027,-0.06115,-0.06316,0.06336,0.04236,0.81134,0,0
1766094334.775661,-0.00502,-0.01668,-0.01721,0.00119,-0.00038,-0.00035,0.56713,-0.00055,0.19997,0.00065,0.70601,-0.00009,0.70821,1,5,0.99608,0.01027,-0.06115,-0.06316,0.06336,0.04236,0.81134,0,0
1766094334.777661,0.00676,-0.00447,-0.00267,0.00221,-0.00003,-0.00089,0.56713,-0.00055,0.19997,0.00065,0.70601,-0.00009,0.70821,1,5,0.99608,0.01027,-0.06115,-0.06316,0.06336,0.04236,0.81134,0,0
1766094334.779673,-0.00578,0.01667,0.00458,0.00115,0.00113,-0.00008,0.56713,-0.00055,0.19997,0.00065,0.70601,-0.00009,0.70821,1,5,0.99608,0.01027,-0.06115,-0.06316,0.06336,0.04236,0.81134,0,0
1766094334.781664,-0.00446,0.02254,0.00464,0.00035,-0.00042,-0.00021,0.56713,-0.00055,0.19997,0.00065,0.70601,-0.00009,0.70821,1,5,0.99608,0.01027,-0.06115,-0.06316,0.06336,0.04236,0.81134,0,0
1766094334.783674,-0.02222,-0.00655,-0.04792,0.00152,-0.00006,-0.00063,0.56713,-0.00055,0.19997,0.00065,0.70601,-0.00009,0.70821,1,5,0.99608,0.01027,-0.06115,-0.06316,0.06336,0.04236,0.81134,0,0
1766094334.785661,-0.00855,0.00023,0.00538,0.00008,-0.00034,0.00021,0.56713,-0.00055,0.19997,0.00065,0.70601,-0.00009,0.70821,1,5,0.99608,0.01027,-0.06115,-0.06316,0.06336,0.04236,0.81134,0,0
1766094334.787684,-0.01434,0.00301,-0.02542,0.00186,0.00022,-0.00049,0.56713,-0.00055,0.19997,0.00065,0.70601,-0.00009,0.70821,1,5,0.99608,0.01027,-0.06115,-0.06316,0.06336,0.04236,0.81134,0,0
1766094334.789654,-0.00631,-0.00949,0.02077,-0.00157,-0.00101,-0.00031,0.56713,-0.00055,0.19997,0.00065,0.70601,-0.00009,0.70821,1,5,0.99608,0.01027,-0.06115,-0.06316,0.06336,0.04236,0.81134,0,0
1766094334.791669,0.00942,-0.00030,0.00500,-0.00058,-0.00019,-0.00062,0.56713,-0.00055,0.19997,0.00065,0.70601,-0.00009,0.70821,1,5,0.99608,0.01027,-0.06115,-0.06316,0.06336,0.04236,0.81134,0,0
1766094334.793669,0.01724,0.01890,0.02744,-0.00056,0.00009,0.00006,0.56713,-0.00055,0.19997,0.00065,0.70601,-0.00009,0.70821,1,5,0.99608,0.01027,-0.06115,-0.06316,0.06336,0.04236,0.81134,0,0
1766094334.795722,-0.00443,0.01207,-0.01805,0.00022,0.00035,-0.00036,0.56713,-0.00055,0.19997,0.00065,0.70601,-0.00009,0.70821,1,5,0.99608,0.01027,-0.06115,-0.06316,0.06336,0.04236,0.81134,0,0
1766094334.797786,0.01143,-0.01025,0.01328,-0.00267,-0.00109,0.00007,0.56713,-0.00055,0.19997,0.00065,0.70601,-0.00009,0.70821,1,5,0.99608,0.01027,-0.06115,-0.06316,0.06336,0.04236,0.81134,0,0
1766094334.799683,-0.00033,0.00955,-0.00288,0.00041,0.00043,-0.00049,0.56713,-0.00055,0.19997,0.00065,0.70601,-0.00009,0.70821,1,5,0.99608,0.01027,-0.06115,-0.06316,0.06336,0.04236,0.81134,0,0
1766094334.801708,0.00670,0.01244,0.01276,-0.00217,-0.00143,0.00007,0.56713,-0.00055,0.19997,0.00065,0.70601,-0.00009,0.70821,1,5,0.99608,0.01027,-0.06115,-0.06316,0.06336,0.04236,0.81134,0,0
1766094334.803650,-0.00620,0.00759,-0.01792,0.00192,0.00038,-0.00023,0.56713,-0.00055,0.19997,0.00065,0.70601,-0.00009,0.70821,1,5,0.99608,0.01027,-0.06115,-0.06316,0.06336,0.04236,0.81134,0,0
1766094334.805691,-0.00228,0.00023,-0.01776,0.00227,0.00034,-0.00023,0.56713,-0.00055,0.19997,0.00065,0.70601,-0.00009,0.70821,1,5,0.99608,0.01027,-0.06115,-0.06316,0.06336,0.04236,0.81134,0,0
1766094334.807685,0.00294,0.00161,-0.01008,0.00075,0.00091,0.00031,0.56713,-0.00055,0.19997,0.00065,0.70601,-0.00009,0.70821,1,5,0.99609,0.01062,-0.05978,-0.06414,0.06336,0.04237,0.81147,0,0
1766094334.809718,-0.01752,0.00613,0.00495,0.00124,-0.00064,-0.00073,0.56713,-0.00055,0.19997,0.00065,0.70601,-0.00009,0.70821,1,5,0.99609,0.01062,-0.05978,-0.06414,0.06336,0.04237,0.81147,0,0
1766094334.811763,0.00611,-0.00007,-0.01022,0.00226,0.00049,-0.00023,0.56713,-0.00055,0.19997,0.00065,0.70601,-0.00009,0.70821,1,5,0.99609,0.01062,-0.05978,-0.06414,0.06336,0.04237,0.81147,0,0
1766094334.813811,-0.01415,-0.00214,-0.03285,0.00158,0.00035,-0.00036,0.56713,-0.00055,0.19997,0.00065,0.70601,-0.00009,0.70821,1,5,0.99609,0.01062,-0.05978,-0.06414,0.06336,0.04237,0.81147,0,0
1766094334.815763,0.00744,-0.00809,-0.00193,-0.00308,-0.00078,0.00019,0.56713,-0.00055,0.19997,0.00065,0.70601,-0.00009,0.70821,1,5,0.99609,0.01062,-0.05978,-0.06414,0.06336,0.04237,0.81147,0,0
1766094334.817766,0.00694,-0.01309,0.02858,-0.00270,-0.00052,0.00035,0.56713,-0.00055,0.19997,0.00065,0.70601,-0.00009,0.70821,1,5,0.99609,0.01062,-0.05978,-0.06414,0.06336,0.04237,0.81147,0,0
1766094334.819674,-0.01801,-0.01521,-0.00201,0.00077,0.00105,0.00021,0.56713,-0.00055,0.19997,0.00065,0.70601,-0.00009,0.70821,1,5,0.99609,0.01062,-0.05978,-0.06414,0.06336,0.04237,0.81147,0,0
1766094334.821689,-0.00886,0.01937,-0.01067,0.00031,0.00065,-0.00035,0.56713,-0.00055,0.19997,0.00065,0.70601,-0.00009,0.70821,1,5,0.99609,0.01062,-0.05978,-0.06414,0.06336,0.04237,0.81147,0,0
1766094334.823794,0.00308,0.00205,-0.01018,0.00098,0.00053,-0.00009,0.56713,-0.00055,0.19997,0.00065,0.70601,-0.00009,0.70821,1,5,0.99609,0.01062,-0.05978,-0.06414,0.06336,0.04237,0.81147,0,0
1766094334.825866,0.00450,-0.00804,0.02823,-0.00045,0.00026,0.00021,0.56713,-0.00055,0.19997,0.00065,0.70601,-0.00009,0.70821,1,5,0.99609,0.01062,-0.05978,-0.06414,0.06336,0.04237,0.81147,0,0
1766094334.827886,-0.01260,0.00318,0.02771,0.00055,-0.00032,-0.00085,0.56713,-0.00055,0.19997,0.00065,0.70601,-0.00009,0.70821,1,5,0.99609,0.01062,-0.05978,-0.06414,0.06336,0.04237,0.81147,0,0
1766094334.829819,0.00851,-0.00084,0.00503,-0.00015,0.00059,-0.00022,0.56713,-0.00055,0.19997,0.00065,0.70601,-0.00009,0.70821,1,5,0.99609,0.01062,-0.05978,-0.06414,0.06336,0.04237,0.81147,0,0
1766094334.831713,-0.00973,-0.00937,-0.02521,0.00171,0.00017,-0.00076,0.56713,-0.00055,0.19997,0.00065,0.70601,-0.00009,0.70821,1,5,0.99609,0.01062,-0.05978,-0.06414,0.06336,0.04237,0.81147,0,0
1766094334.833677,0.00441,0.00669,0.01247,-0.00028,0.00050,-0.00021,0.56713,-0.00055,0.19997,0.00065,0.70601,-0.00009,0.70821,1,5,0.99609,0.01062,-0.05978,-0.06414,0.06336,0.04237,0.81147,0,0
1766094334.835668,-0.00002,-0.00592,-0.01000,-0.00021,0.00095,-0.00008,0.56713,-0.00055,0.19997,0.00065,0.70601,-0.00009,0.70821,1,5,0.99609,0.01062,-0.05978,-0.06414,0.06336,0.04237,0.81147,0,0
1766094334.837704,-0.00022,-0.01438,-0.00960,0.00056,-0.00056,-0.00021,0.56713,-0.00055,0.19997,0.00065,0.70601,-0.00009,0.70821,1,5,0.99609,0.01062,-0.05978,-0.06414,0.06336,0.04237,0.81147,0,0
1766094334.839679,-0.01779,-0.00954,0.03573,0.00105,0.00040,-0.00030,0.56713,-0.00055,0.19997,0.00065,0.70601,-0.00009,0.70821,1,5,0.99609,0.01062,-0.05978,-0.06414,0.06336,0.04237,0.81147,0,0
1766094334.841675,-0.00542,0.00515,0.02803,-0.00248,-0.00116,-0.00031,0.56713,-0.00055,0.19997,0.00065,0.70601,-0.00009,0.70821,1,5,0.99609,0.01062,-0.05978,-0.06414,0.06336,0.04237,0.81147,0,0
1766094334.843668,-0.01276,0.01182,0.01249,-0.00022,0.00071,0.00008,0.56713,-0.00055,0.19997,0.00065,0.70601,-0.00009,0.70821,1,5,0.99609,0.01062,-0.05978,-0.06414,0.06336,0.04237,0.81147,0,0
1766094334.845675,-0.00548,-0.00508,0.02093,-0.00282,-0.00101,0.00036,0.56713,-0.00055,0.19997,0.00065,0.70601,-0.00009,0.70821,1,5,0.99619,0.01068,-0.05879,-0.06350,0.06335,0.04236,0.81135,0,0
1766094334.847683,-0.00071,0.00403,-0.00245,0.00013,0.00083,0.00046,0.56713,-0.00055,0.19997,0.00065,0.70601,-0.00009,0.70821,1,5,0.99619,0.01068,-0.05879,-0.06350,0.06335,0.04236,0.81135,0,0
1766094334.849674,-0.00171,0.01043,-0.03322,0.00195,-0.00019,-0.00051,0.56713,-0.00055,0.19997,0.00065,0.70601,-0.00009,0.70821,1,5,0.99619,0.01068,-0.05879,-0.06350,0.06335,0.04236,0.81135,0,0
1766094334.851727,0.00006,0.00421,0.01264,-0.00031,0.00056,0.00007,0.56713,-0.00055,0.19997,0.00065,0.70601,-0.00009,0.70821,1,5,0.99619,0.01068,-0.05879,-0.06350,0.06335,0.04236,0.81135,0,0
1766094334.853767,-0.00228,0.00023,-0.01776,0.00227,0.00034,-0.00023,0.56713,-0.00055,0.19997,0.00065,0.70601,-0.00009,0.70821,1,5,0.99619,0.01068,-0.05879,-0.06350,0.06335,0.04236,0.81135,0,0
1766094334.855750,0.00298,-0.01164,-0.02519,0.00190,-0.00036,-0.00091,0.56713,-0.00055,0.19997,0.00065,0.70601,-0.00009,0.70821,1,5,0.99619,0.01068,-0.05879,-0.06350,0.06335,0.04236,0.81135,0,0
1766094334.857731,-0.00948,0.00215,0.02055,-0.00296,-0.00059,-0.00004,0.56713,-0.00055,0.19997,0.00065,0.70601,-0.00009,0.70821,1,5,0.99619,0.01068,-0.05879,-0.06350,0.06335,0.04236,0.81135,0,0
1766094334.859776,-0.00825,-0.01507,0.02830,-0.00011,0.00042,-0.00018,0.56713,-0.00055,0.19997,0.00065,0.70601,-0.00009,0.70821,1,5,0.99619,0.01068,-0.05879,-0.06350,0.06335,0.04236,0.81135,0,0
1766094334.861697,0.00903,0.01414,0.02750,-0.00062,0.00019,-0.00020,0.56713,-0.00055,0.19997,0.00065,0.70601,-0.00009,0.70821,1,5,0.99619,0.01068,-0.05879,-0.06350,0.06335,0.04236,0.81135,0,0
1766094334.863696,0.00008,0.01497,0.01223,0.00026,-0.00022,-0.00061,0.56713,-0.00055,0.19997,0.00065,0.70601,-0.00009,0.70821,1,5,0.99619,0.01068,-0.05879,-0.06350,0.06335,0.04236,0.81135,0,0
1766094334.865688,-0.00063,0.00424,0.01278,0.00013,0.00058,0.00047,0.56713,-0.00055,0.19997,0.00065,0.70601,-0.00009,0.70821,1,5,0.99619,0.01068,-0.05879,-0.06350,0.06335,0.04236,0.81135,0,0
1766094334.867685,-0.00978,0.00267,0.02821,-0.00251,-0.00110,-0.00004,0.56713,-0.00055,0.19997,0.00065,0.70601,-0.00009,0.70821,1,5,0.99619,0.01068,-0.05879,-0.06350,0.06335,0.04236,0.81135,0,0
1766094334.869817,0.00316,-0.00027,0.05092,-0.00276,-0.00087,-0.00017,0.56713,-0.00055,0.19997,0.00065,0.70601,-0.00009,0.70821,1,5,0.99619,0.01068,-0.05879,-0.06350,0.06335,0.04236,0.81135,0,0
1766094334.871698,0.00276,0.00268,-0.01807,0.00186,0.00026,-0.00091,0.56713,-0.00055,0.19997,0.00065,0.70601,-0.00009,0.70821,1,5,0.99619,0.01068,-0.05879,-0.06350,0.06335,0.04236,0.81135,0,0
1766094334.873712,-0.00465,0.00770,-0.03280,0.00039,-0.00052,0.00017,0.56713,-0.00055,0.19997,0.00065,0.70601,-0.00009,0.70821,1,5,0.99619,0.01068,-0.05879,-0.06350,0.06335,0.04236,0.81135,0,0
1766094334.875696,-0.00149,-0.00724,0.03614,-0.00241,-0.00131,0.00023,0.56713,-0.00055,0.19997,0.00065,0.70601,-0.00009,0.70821,1,5,0.99619,0.01068,-0.05879,-0.06350,0.06335,0.04236,0.81135,0,0
1766094334.877692,-0.01078,-0.01153,0.03601,-0.00116,-0.00121,-0.00043,0.56713,-0.00055,0.19997,0.00065,0.70601,-0.00009,0.70821,1,5,0.99619,0.01068,-0.05879,-0.06350,0.06335,0.04236,0.81135,0,0
1766094334.879698,-0.00086,0.01992,0.03512,0.00076,-0.00020,0.00008,0.56713,-0.00055,0.19997,0.00065,0.70601,-0.00009,0.70821,1,5,0.99619,0.01068,-0.05879,-0.06350,0.06335,0.04236,0.81135,0,0
1766094334.881730,-0.00841,-0.01051,-0.00233,-0.00005,0.00092,-0.00034,0.56713,-0.00055,0.19997,0.00065,0.70601,-0.00009,0.70821,1,5,0.99616,0.01027,-0.05949,-0.06343,0.06335,0.04235,0.81124,0,0
1766094334.883724,-0.00990,0.01055,-0.01780,0.00152,-0.00034,-0.00008,0.56713,-0.00055,0.19997,0.00065,0.70601,-0.00009,0.70821,1,5,0.99616,0.01027,-0.05949,-0.06343,0.06335,0.04235,0.81124,0,0
1766094334.885723,-0.00047,0.01400,-0.01797,0.00003,0.00069,0.00017,0.56713,-0.00055,0.19997,0.00065,0.70601,-0.00009,0.70821,1,5,0.99616,0.01027,-0.05949,-0.06343,0.06335,0.04235,0.81124,0,0
1766094334.887801,-0.00577,0.00752,-0.02568,0.00170,0.00049,-0.00064,0.56713,-0.00055,0.19997,0.00065,0.70601,-0.00009,0.70821,1,5,0.99616,0.01027,-0.05949,-0.06343,0.06335,0.04235,0.81124,0,0
1766094334.889727,-0.03103,-0.02598,-0.00918,0.00173,-0.00018,-0.00005,0.56713,-0.00055,0.19997,0.00065,0.70601,-0.00009,0.70821,1,5,0.99616,0.01027,-0.05949,-0.06343,0.06335,0.04235,0.81124,0,0
1766094334.891721,-0.00071,0.00403,-0.00245,0.00013,0.00083,0.00046,0.56713,-0.00055,0.19997,0.00065,0.70601,-0.00009,0.70821,1,5,0.99616,0.01027,-0.05949,-0.06343,0.06335,0.04235,0.81124,0,0
1766094334.893728,0.00189,-0.00218,-0.02517,0.00224,0.00004,0.00003,0.56713,-0.00055,0.19997,0.00065,0.70601,-0.00009,0.70821,1,5,0.99616,0.01027,-0.05949,-0.06343,0.06335,0.04235,0.81124,0,0
1766094334.895712,0.00817,0.01009,-0.01021,0.00042,-0.00068,-0.00009,0.56713,-0.00055,0.19997,0.00065,0.70601,-0.00009,0.70821,1,5,0.99616,0.01027,-0.05949,-0.06343,0.06335,0.04235,0.81124,0,0
1766094334.897740,-0.00057,-0.00042,0.01265,0.00051,0.00057,-0.00020,0.56713,-0.00055,0.19997,0.00065,0.70601,-0.00009,0.70821,1,5,0.99616,0.01027,-0.05949,-0.06343,0.06335,0.04235,0.81124,0,0
1766094334.899719,0.01137,-0.01276,0.01295,0.00124,0.00044,-0.00008,0.56713,-0.00055,0.19997,0.00065,0.70601,-0.00009,0.70821,1,5,0.99616,0.01027,-0.05949,-0.06343,0.06335,0.04235,0.81124,0,0
1766094334.901726,-0.01856,0.01086,-0.04073,0.00195,-0.00024,-0.00050,0.56713,-0.00055,0.19997,0.00065,0.70601,-0.00009,0.70821,1,5,0.99616,0.01027,-0.05949,-0.06343,0.06335,0.04235,0.81124,0,0
1766094334.903718,-0.01385,-0.00761,-0.01754,0.00108,0.00086,-0.00021,0.56713,-0.00055,0.19997,0.00065,0.70601,-0.00009,0.70821,1,5,0.99616,0.01027,-0.05949,-0.06343,0.06335,0.04235,0.81124,0,0
1766094334.905723,-0.00850,-0.00447,-0.01754,0.00046,-0.00035,-0.00048,0.56713,-0.00055,0.19997,0.00065,0.70601,-0.00009,0.70821,1,5,0.99616,0.01027,-0.05949,-0.06343,0.06335,0.04235,0.81124,0,0
1766094334.907790,-0.00796,-0.00078,0.01286,-0.00081,0.00066,0.00021,0.56713,-0.00055,0.19997,0.00065,0.70601,-0.00009,0.70821,1,5,0.99616,0.01027,-0.05949,-0.06343,0.06335,0.04235,0.81124,0,0
1766094334.909829,-0.00587,-0.01699,-0.03251,0.00184,0.00027,-0.00036,0.56713,-0.00055,0.19997,0.00065,0.70601,-0.00009,0.70821,1,5,0.99616,0.01027,-0.05949,-0.06343,0.06335,0.04235,0.81124,0,0
1766094334.911775,0.00383,0.00637,0.01255,-0.00006,0.00090,0.00019,0.56713,-0.00055,0.19997,0.00065,0.70601,-0.00009,0.70821,1,5,0.99616,0.01027,-0.05949,-0.06343,0.06335,0.04235,0.81124,0,0
1766094334.913796,0.00905,0.00989,-0.01795,-0.00024,-0.00057,-0.00050,0.56713,-0.00055,0.19997,0.00065,0.70601,-0.00009,0.70821,1,5,0.99616,0.01027,-0.05949,-0.06343,0.06335,0.04235,0.81124,0,0
1766094334.915810,-0.00555,0.00474,0.05092,-0.00270,-0.00077,0.00011,0.56713,-0.00055,0.19997,0.00065,0.70601,-0.00009,0.70821,1,5,0.99616,0.01027,-0.05949,-0.06343,0.06335,0.04235,0.81124,0,0
1766094334.917818,-0.00883,-0.01959,-0.02483,0.00071,0.00017,-0.00049,0.56713,-0.00055,0.19997,0.00065,0.70601,-0.00009,0.70821,1,5,0.99629,0.01040,-0.05791,-0.06287,0.06337,0.04236,0.81145,0,0
1766094334.919737,0.00464,0.01228,0.03518,-0.00021,-0.00027,-0.00032,0.56713,-0.00055,0.19997,0.00065,0.70601,-0.00009,0.70821,1,5,0.99629,0.01040,-0.05791,-0.06287,0.06337,0.04236,0.81145,0,0
1766094334.921725,-0.00533,-0.01465,0.02895,-0.00294,-0.00151,0.00064,0.56713,-0.00055,0.19997,0.00065,0.70601,-0.00009,0.70821,1,5,0.99629,0.01040,-0.05791,-0.06287,0.06337,0.04236,0.81145,0,0
1766094334.923732,-0.00582,0.00968,0.04312,-0.00243,-0.00064,-0.00003,0.56713,-0.00055,0.19997,0.00065,0.70601,-0.00009,0.70821,1,5,0.99629,0.01040,-0.05791,-0.06287,0.06337,0.04236,0.81145,0,0
1766094334.925744,-0.01753,-0.01459,0.00572,0.00056,0.00016,0.00022,0.56713,-0.00055,0.19997,0.00065,0.70601,-0.00009,0.70821,1,5,0.99629,0.01040,-0.05791,-0.06287,0.06337,0.04236,0.81145,0,0
1766094334.927728,-0.00548,-0.00508,0.02093,-0.00282,-0.00101,0.00036,0.56713,-0.00055,0.19997,0.00065,0.70601,-0.00009,0.70821,1,5,0.99629,0.01040,-0.05791,-0.06287,0.06337,0.04236,0.81145,0,0
1766094334.929782,-0.00607,0.01310,-0.00318,0.00242,0.00010,-0.00116,0.56713,-0.00055,0.19997,0.00065,0.70601,-0.00009,0.70821,1,5,0.99629,0.01040,-0.05791,-0.06287,0.06337,0.04236,0.81145,0,0
1766094334.932175,-0.01728,-0.00960,-0.00962,0.00040,0.00002,0.00007,0.56713,-0.00055,0.19997,0.00065,0.70601,-0.00009,0.70821,1,5,0.99629,0.01040,-0.05791,-0.06287,0.06337,0.04236,0.81145,0,0
1766094334.933764,-0.00443,0.00708,-0.01787,0.00016,0.00036,-0.00022,0.56713,-0.00055,0.19997,0.00065,0.70601,-0.00009,0.70821,1,5,0.99629,0.01040,-0.05791,-0.06287,0.06337,0.04236,0.81145,0,0
1766094334.935760,0.00781,-0.01199,0.04382,-0.00291,-0.00193,-0.00003,0.56713,-0.00055,0.19997,0.00065,0.70601,-0.00009,0.70821,1,5,0.99629,0.01040,-0.05791,-0.06287,0.06337,0.04236,0.81145,0,0
1766094334.937777,0.01634,0.01909,-0.01816,0.00031,0.00010,0.00002,0.56713,-0.00055,0.19997,0.00065,0.70601,-0.00009,0.70821,1,5,0.99629,0.01040,-0.05791,-0.06287,0.06337,0.04236,0.81145,0,0
1766094334.939738,-0.01121,-0.01509,0.01289,0.00252,0.00147,-0.00019,0.56713,-0.00055,0.19997,0.00065,0.70601,-0.00009,0.70821,1,5,0.99629,0.01040,-0.05791,-0.06287,0.06337,0.04236,0.81145,0,0
1766094334.941812,-0.01808,0.00657,-0.01780,0.00190,-0.00101,-0.00075,0.56713,-0.00055,0.19997,0.00065,0.70601,-0.00009,0.70821,1,5,0.99629,0.01040,-0.05791,-0.06287,0.06337,0.04236,0.81145,0,0
1766094334.943805,0.01258,-0.00797,-0.01718,-0.00023,-0.00020,0.00057,0.56713,-0.00055,0.19997,0.00065,0.70601,-0.00009,0.70821,1,5,0.99629,0.01040,-0.05791,-0.06287,0.06337,0.04236,0.81145,0,0
1766094334.945804,-0.01397,-0.00730,-0.04028,0.00130,0.00049,-0.00023,0.56713,-0.00055,0.19997,0.00065,0.70601,-0.00009,0.70821,1,5,0.99629,0.01040,-0.05791,-0.06287,0.06337,0.04236,0.81145,0,0
1766094334.947872,-0.00923,0.02453,-0.02567,0.00038,0.00016,0.00031,0.56713,-0.00055,0.19997,0.00065,0.70601,-0.00009,0.70821,1,5,0.99629,0.01040,-0.05791,-0.06287,0.06337,0.04236,0.81145,0,0
1766094334.949850,-0.00807,-0.00043,0.01291,-0.00058,0.00028,0.00021,0.56713,-0.00055,0.19997,0.00065,0.70601,-0.00009,0.70821,1,5,0.99629,0.01040,-0.05791,-0.06287,0.06337,0.04236,0.81145,0,0
1766094334.951789,0.00015,0.00519,0.00503,0.00014,-0.00046,-0.00034,0.56713,-0.00055,0.19997,0.00065,0.70601,-0.00009,0.70821,1,5,0.99629,0.01040,-0.05791,-0.06287,0.06337,0.04236,0.81145,0,0
1766094334.953886,-0.00530,-0.00173,-0.03313,0.00180,-0.00015,-0.00118,0.56713,-0.00055,0.19997,0.00065,0.70601,-0.00009,0.70821,1,5,0.99615,0.01061,-0.05999,-0.06310,0.06336,0.04237,0.81140,0,0
1766094334.955795,0.00668,0.01021,-0.01067,0.00217,0.00008,-0.00091,0.56713,-0.00055,0.19997,0.00065,0.70601,-0.00009,0.70821,1,5,0.99615,0.01061,-0.05999,-0.06310,0.06336,0.04237,0.81140,0,0
1766094334.957840,-0.00545,-0.00063,0.02826,-0.00299,-0.00038,0.00023,0.56713,-0.00055,0.19997,0.00065,0.70601,-0.00009,0.70821,1,5,0.99615,0.01061,-0.05999,-0.06310,0.06336,0.04237,0.81140,0,0
1766094334.959812,-0.00229,0.00440,0.01268,0.00166,0.00098,0.00047,0.56713,-0.00055,0.19997,0.00065,0.70601,-0.00009,0.70821,1,5,0.99615,0.01061,-0.05999,-0.06310,0.06336,0.04237,0.81140,0,0
1766094334.962575,-0.01750,-0.00890,-0.00953,0.00084,-0.00074,0.00007,0.56713,-0.00055,0.19997,0.00065,0.70601,-0.00009,0.70821,1,5,0.99615,0.01061,-0.05999,-0.06310,0.06336,0.04237,0.81140,0,0
1766094334.963816,-0.01398,0.00394,-0.04044,0.00187,-0.00105,-0.00050,0.56713,-0.00055,0.19997,0.00065,0.70601,-0.00009,0.70821,1,5,0.99615,0.01061,-0.05999,-0.06310,0.06336,0.04237,0.81140,0,0
1766094334.965848,-0.02257,-0.01252,-0.02496,0.00123,0.00110,-0.00007,0.56713,-0.00055,0.19997,0.00065,0.70601,-0.00009,0.70821,1,5,0.99615,0.01061,-0.05999,-0.06310,0.06336,0.04237,0.81140,0,0
1766094334.967850,0.01265,-0.00779,-0.02474,-0.00023,-0.00046,0.00057,0.56713,-0.00055,0.19997,0.00065,0.70601,-0.00009,0.70821,1,5,0.99615,0.01061,-0.05999,-0.06310,0.06336,0.04237,0.81140,0,0
1766094334.969812,-0.00990,0.01055,-0.01780,0.00152,-0.00034,-0.00008,0.56713,-0.00055,0.19997,0.00065,0.70601,-0.00009,0.70821,1,5,0.99615,0.01061,-0.05999,-0.06310,0.06336,0.04237,0.81140,0,0
1766094334.971839,-0.00613,0.00777,-0.02548,0.00192,0.00012,-0.00023,0.56713,-0.00055,0.19997,0.00065,0.70601,-0.00009,0.70821,1,5,0.99615,0.01061,-0.05999,-0.06310,0.06336,0.04237,0.81140,0,0
1766094334.973807,-0.00613,-0.00211,-0.01011,0.00202,0.00026,-0.00035,0.56713,-0.00055,0.19997,0.00065,0.70601,-0.00009,0.70821,1,5,0.99615,0.01061,-0.05999,-0.06310,0.06336,0.04237,0.81140,0,0
1766094334.975768,0.02606,0.00482,0.00517,-0.00052,-0.00115,0.00004,0.56713,-0.00055,0.19997,0.00065,0.70601,-0.00009,0.70821,1,5,0.99615,0.01061,-0.05999,-0.06310,0.06336,0.04237,0.81140,0,0
1766094334.977859,-0.00980,0.00531,-0.03321,0.00167,0.00029,-0.00077,0.56713,-0.00055,0.19997,0.00065,0.70601,-0.00009,0.70821,1,5,0.99615,0.01061,-0.05999,-0.06310,0.06336,0.04237,0.81140,0,0
1766094334.979794,-0.00593,0.00759,-0.00253,0.00148,0.00013,0.00019,0.56713,-0.00055,0.19997,0.00065,0.70601,-0.00009,0.70821,1,5,0.99615,0.01061,-0.05999,-0.06310,0.06336,0.04237,0.81140,0,0
1766094334.981800,-0.02376,-0.01177,-0.04012,0.00255,0.00061,-0.00009,0.56713,-0.00055,0.19997,0.00065,0.70601,-0.00009,0.70821,1,5,0.99615,0.01061,-0.05999,-0.06310,0.06336,0.04237,0.81140,0,0
1766094334.983782,-0.01092,-0.00454,-0.02496,0.00221,0.00020,0.00032,0.56713,-0.00055,0.19997,0.00065,0.70601,-0.00009,0.70821,1,5,0.99615,0.01061,-0.05999,-0.06310,0.06336,0.04237,0.81140,0,0
1766094334.985788,-0.01080,-0.00486,-0.00222,0.00199,0.00058,0.00033,0.56713,-0.00055,0.19997,0.00065,0.70601,-0.00009,0.70821,1,5,0.99615,0.01061,-0.05999,-0.06310,0.06336,0.04237,0.81140,0,0
1766094334.987787,-0.00080,0.01252,0.02804,-0.00305,-0.00159,0.00009,0.56713,-0.00055,0.19997,0.00065,0.70601,-0.00009,0.70821,1,5,0.99615,0.01061,-0.05999,-0.06310,0.06336,0.04237,0.81140,0,0
1766094334.989779,-0.00369,-0.01213,-0.00958,-0.00029,-0.00052,-0.00007,0.56713,-0.00055,0.19997,0.00065,0.70601,-0.00009,0.70821,1,5,0.99615,0.01061,-0.05999,-0.06310,0.06336,0.04237,0.81140,0,0
1766094334.991792,0.01333,0.00639,0.02022,-0.00093,0.00027,0.00019,0.56713,-0.00055,0.19997,0.00065,0.70601,-0.00009,0.70821,1,5,0.99616,0.01072,-0.05881,-0.06394,0.06336,0.04238,0.81152,0,0
1766094334.993825,-0.00787,-0.00473,-0.00234,-0.00020,-0.00023,-0.00047,0.56713,-0.00055,0.19997,0.00065,0.70601,-0.00009,0.70821,1,5,0.99616,0.01072,-0.05881,-0.06394,0.06336,0.04238,0.81152,0,0
1766094334.995789,0.01301,0.01182,-0.01788,-0.00043,-0.00023,0.00003,0.56713,-0.00055,0.19997,0.00065,0.70601,-0.00009,0.70821,1,5,0.99616,0.01072,-0.05881,-0.06394,0.06336,0.04238,0.81152,0,0
1766094334.997869,0.00240,-0.00196,-0.00268,0.00224,0.00002,-0.00076,0.56713,-0.00055,0.19997,0.00065,0.70601,-0.00009,0.70821,1,5,0.99616,0.01072,-0.05881,-0.06394,0.06336,0.04238,0.81152,0,0
1766094334.999797,-0.00167,0.00909,0.00491,0.00106,0.00109,0.00033,0.56713,-0.00055,0.19997,0.00065,0.70601,-0.00009,0.70821,1,5,0.99616,0.01072,-0.05881,-0.06394,0.06336,0.04238,0.81152,0,0
1766094335.001833,0.00862,0.01000,0.01259,-0.00002,-0.00069,-0.00008,0.56713,-0.00055,0.19997,0.00065,0.70601,-0.00009,0.70821,1,5,0.99616,0.01072,-0.05881,-0.06394,0.06336,0.04238,0.81152,0,0
1766094335.003794,-0.00383,0.01228,-0.00260,-0.00043,-0.00029,0.00006,0.56713,-0.00055,0.19997,0.00065,0.70601,-0.00009,0.70821,1,5,0.99616,0.01072,-0.05881,-0.06394,0.06336,0.04238,0.81152,0,0
1766094335.005814,0.00473,0.00696,0.00476,-0.00027,0.00024,-0.00062,0.56713,-0.00055,0.19997,0.00065,0.70601,-0.00009,0.70821,1,5,0.99616,0.01072,-0.05881,-0.06394,0.06336,0.04238,0.81152,0,0
1766094335.007793,-0.00021,-0.00575,-0.00239,0.00001,0.00083,-0.00008,0.56713,-0.00055,0.19997,0.00065,0.70601,-0.00009,0.70821,1,5,0.99616,0.01072,-0.05881,-0.06394,0.06336,0.04238,0.81152,0,0
1766094335.009832,-0.00095,0.01968,-0.00289,0.00075,0.00005,0.00005,0.56713,-0.00055,0.19997,0.00065,0.70601,-0.00009,0.70821,1,5,0.99616,0.01072,-0.05881,-0.06394,0.06336,0.04238,0.81152,0,0
1766094335.011787,-0.00608,-0.01260,-0.00224,0.00167,0.00090,-0.00007,0.56713,-0.00055,0.19997,0.00065,0.70601,-0.00009,0.70821,1,5,0.99616,0.01072,-0.05881,-0.06394,0.06336,0.04238,0.81152,0,0
1766094335.013781,-0.01352,-0.00005,0.01302,-0.00298,-0.00080,-0.00018,0.56713,-0.00055,0.19997,0.00065,0.70601,-0.00009,0.70821,1,5,0.99616,0.01072,-0.05881,-0.06394,0.06336,0.04238,0.81152,0,0
1766094335.015804,0.00905,-0.00579,0.02821,-0.00086,0.00021,0.00034,0.56713,-0.00055,0.19997,0.00065,0.70601,-0.00009,0.70821,1,5,0.99616,0.01072,-0.05881,-0.06394,0.06336,0.04238,0.81152,0,0
1766094335.017796,-0.00648,-0.01419,0.06636,-0.00119,-0.00101,-0.00055,0.56713,-0.00055,0.19997,0.00065,0.70601,-0.00009,0.70821,1,5,0.99616,0.01072,-0.05881,-0.06394,0.06336,0.04238,0.81152,0,0
1766094335.019856,-0.00145,-0.01511,0.01315,0.00121,0.00060,0.00021,0.56713,-0.00055,0.19997,0.00065,0.70601,-0.00009,0.70821,1,5,0.99616,0.01072,-0.05881,-0.06394,0.06336,0.04238,0.81152,0,0
1766094335.021829,-0.01028,0.01580,-0.04834,0.00202,-0.00059,-0.00024,0.56713,-0.00055,0.19997,0.00065,0.70601,-0.00009,0.70821,1,5,0.99616,0.01072,-0.05881,-0.06394,0.06336,0.04238,0.81152,0,0
1766094335.023834,0.00286,0.00279,0.01270,0.00142,-0.00024,-0.00007,0.56713,-0.00055,0.19997,0.00065,0.70601,-0.00009,0.70821,1,5,0.99616,0.01072,-0.05881,-0.06394,0.06336,0.04238,0.81152,0,0
1766094335.025823,0.00397,-0.00318,-0.00998,0.00004,0.00052,0.00005,0.56713,-0.00055,0.19997,0.00065,0.70601,-0.00009,0.70821,1,5,0.99616,0.01072,-0.05881,-0.06394,0.06336,0.04238,0.81152,0,0
1766094335.027796,0.00411,0.01717,0.01976,0.00029,-0.00001,-0.00047,0.56713,-0.00055,0.19997,0.00065,0.70601,-0.00009,0.70821,1,5,0.99616,0.01072,-0.05881,-0.06394,0.06336,0.04238,0.81152,0,0
1766094335.029830,-0.00984,-0.00902,-0.02517,0.00193,-0.00021,-0.00076,0.56713,-0.00055,0.19997,0.00065,0.70601,-0.00009,0.70821,1,5,0.99629,0.01056,-0.05837,-0.06238,0.06337,0.04237,0.81152,0,0
1766094335.031807,0.00069,0.01464,-0.01815,-0.00040,-0.00010,-0.00063,0.56713,-0.00055,0.19997,0.00065,0.70601,-0.00009,0.70821,1,5,0.99629,0.01056,-0.05837,-0.06238,0.06337,0.04237,0.81152,0,0
1766094335.033801,-0.00553,0.00542,0.01306,-0.00248,-0.00166,0.00008,0.56713,-0.00055,0.19997,0.00065,0.70601,-0.00009,0.70821,1,5,0.99629,0.01056,-0.05837,-0.06238,0.06337,0.04237,0.81152,0,0
1766094335.035820,0.01310,-0.00291,-0.00212,-0.00061,-0.00047,0.00045,0.56713,-0.00055,0.19997,0.00065,0.70601,-0.00009,0.70821,1,5,0.99629,0.01056,-0.05837,-0.06238,0.06337,0.04237,0.81152,0,0
1766094335.037810,0.01137,-0.00207,-0.03304,0.00180,-0.00034,-0.00079,0.56713,-0.00055,0.19997,0.00065,0.70601,-0.00009,0.70821,1,5,0.99629,0.01056,-0.05837,-0.06238,0.06337,0.04237,0.81152,0,0
1766094335.039809,-0.02190,-0.00196,0.03540,0.00114,0.00044,-0.00070,0.56713,-0.00055,0.19997,0.00065,0.70601,-0.00009,0.70821,1,5,0.99629,0.01056,-0.05837,-0.06238,0.06337,0.04237,0.81152,0,0
1766094335.041806,-0.00631,-0.01185,-0.00991,0.00234,0.00026,-0.00048,0.56713,-0.00055,0.19997,0.00065,0.70601,-0.00009,0.70821,1,5,0.99629,0.01056,-0.05837,-0.06238,0.06337,0.04237,0.81152,0,0
1766094335.043800,-0.01074,0.01027,-0.01032,0.00217,0.00030,-0.00008,0.56713,-0.00055,0.19997,0.00065,0.70601,-0.00009,0.70821,1,5,0.99629,0.01056,-0.05837,-0.06238,0.06337,0.04237,0.81152,0,0
1766094335.045846,-0.00058,0.01934,-0.01811,0.00031,0.00030,0.00004,0.56713,-0.00055,0.19997,0.00065,0.70601,-0.00009,0.70821,1,5,0.99629,0.01056,-0.05837,-0.06238,0.06337,0.04237,0.81152,0,0
1766094335.047889,0.01650,-0.00044,-0.00978,0.00008,-0.00038,0.00057,0.56713,-0.00055,0.19997,0.00065,0.70601,-0.00009,0.70821,1,5,0.99629,0.01056,-0.05837,-0.06238,0.06337,0.04237,0.81152,0,0
1766094335.049827,0.00769,0.01445,-0.01812,0.00069,0.00020,-0.00024,0.56713,-0.00055,0.19997,0.00065,0.70601,-0.00009,0.70821,1,5,0.99629,0.01056,-0.05837,-0.06238,0.06337,0.04237,0.81152,0,0
1766094335.051810,-0.00475,0.00681,-0.01016,0.00016,0.00062,0.00019,0.56713,-0.00055,0.19997,0.00065,0.70601,-0.00009,0.70821,1,5,0.99629,0.01056,-0.05837,-0.06238,0.06337,0.04237,0.81152,0,0
1766094335.053827,0.00416,-0.00830,0.00538,-0.00024,0.00065,0.00019,0.56713,-0.00055,0.19997,0.00065,0.70601,-0.00009,0.70821,1,5,0.99629,0.01056,-0.05837,-0.06238,0.06337,0.04237,0.81152,0,0
1766094335.055812,-0.02261,0.00299,-0.01022,0.00164,0.00045,-0.00047,0.56713,-0.00055,0.19997,0.00065,0.70601,-0.00009,0.70821,1,5,0.99629,0.01056,-0.05837,-0.06238,0.06337,0.04237,0.81152,0,0
1766094335.057825,0.00839,0.01437,-0.01048,0.00003,0.00007,-0.00023,0.56713,-0.00055,0.19997,0.00065,0.70601,-0.00009,0.70821,1,5,0.99629,0.01056,-0.05837,-0.06238,0.06337,0.04237,0.81152,0,0
1766094335.059808,0.00268,0.00667,0.01993,0.00125,0.00116,-0.00021,0.56713,-0.00055,0.19997,0.00065,0.70601,-0.00009,0.70821,1,5,0.99629,0.01056,-0.05837,-0.06238,0.06337,0.04237,0.81152,0,0
1766094335.061820,-0.00916,0.01491,-0.00283,0.00069,0.00015,-0.00021,0.56713,-0.00055,0.19997,0.00065,0.70601,-0.00009,0.70821,1,5,0.99629,0.01056,-0.05837,-0.06238,0.06337,0.04237,0.81152,0,0
1766094335.063815,-0.00866,0.00429,0.00505,-0.00009,0.00079,0.00007,0.56713,-0.00055,0.19997,0.00065,0.70601,-0.00009,0.70821,1,5,0.99629,0.01056,-0.05837,-0.06238,0.06337,0.04237,0.81152,0,0
1766094335.065879,-0.00254,0.00019,-0.02538,0.00248,0.00047,-0.00023,0.56713,-0.00055,0.19997,0.00065,0.70601,-0.00009,0.70821,1,5,0.99624,0.01044,-0.05816,-0.06332,0.06339,0.04238,0.81164,0,0
1766094335.067829,-0.00178,0.00535,-0.01046,0.00211,0.00019,-0.00076,0.56713,-0.00055,0.19997,0.00065,0.70601,-0.00009,0.70821,1,5,0.99624,0.01044,-0.05816,-0.06332,0.06339,0.04238,0.81164,0,0
1766094335.069831,-0.00557,-0.00014,0.03556,-0.00233,-0.00052,-0.00057,0.56713,-0.00055,0.19997,0.00065,0.70601,-0.00009,0.70821,1,5,0.99624,0.01044,-0.05816,-0.06332,0.06339,0.04238,0.81164,0,0
1766094335.071827,-0.00568,0.00270,-0.00250,0.00142,0.00012,-0.00008,0.56713,-0.00055,0.19997,0.00065,0.70601,-0.00009,0.70821,1,5,0.99624,0.01044,-0.05816,-0.06332,0.06339,0.04238,0.81164,0,0
1766094335.073823,-0.00177,0.00527,-0.02548,0.00189,0.00007,-0.00037,0.56713,-0.00055,0.19997,0.00065,0.70601,-0.00009,0.70821,1,5,0.99624,0.01044,-0.05816,-0.06332,0.06339,0.04238,0.81164,0,0
1766094335.075887,-0.00128,-0.00798,0.01326,-0.00286,-0.00055,0.00021,0.56713,-0.00055,0.19997,0.00065,0.70601,-0.00009,0.70821,1,5,0.99624,0.01044,-0.05816,-0.06332,0.06339,0.04238,0.81164,0,0
1766094335.077847,0.00708,-0.01265,0.02848,-0.00248,-0.00091,-0.00005,0.56713,-0.00055,0.19997,0.00065,0.70601,-0.00009,0.70821,1,5,0.99624,0.01044,-0.05816,-0.06332,0.06339,0.04238,0.81164,0,0
1766094335.079822,-0.02282,-0.00253,0.01264,0.00157,0.00122,-0.00032,0.56713,-0.00055,0.19997,0.00065,0.70601,-0.00009,0.70821,1,5,0.99624,0.01044,-0.05816,-0.06332,0.06339,0.04238,0.81164,0,0
1766094335.081822,-0.00831,0.01519,-0.01032,0.00004,-0.00049,-0.00021,0.56713,-0.00055,0.19997,0.00065,0.70601,-0.00009,0.70821,1,5,0.99624,0.01044,-0.05816,-0.06332,0.06339,0.04238,0.81164,0,0
1766094335.083823,-0.01809,-0.00415,0.00540,0.00134,-0.00023,-0.00005,0.56713,-0.00055,0.19997,0.00065,0.70601,-0.00009,0.70821,1,5,0.99624,0.01044,-0.05816,-0.06332,0.06339,0.04238,0.81164,0,0
1766094335.085847,-0.00449,-0.00796,0.00525,0.00020,0.00075,-0.00020,0.56713,-0.00055,0.19997,0.00065,0.70601,-0.00009,0.70821,1,5,0.99624,0.01044,-0.05816,-0.06332,0.06339,0.04238,0.81164,0,0
1766094335.087848,-0.00095,0.00977,-0.01030,0.00085,0.00019,-0.00009,0.56713,-0.00055,0.19997,0.00065,0.70601,-0.00009,0.70821,1,5,0.99624,0.01044,-0.05816,-0.06332,0.06339,0.04238,0.81164,0,0
1766094335.089837,-0.00863,0.01500,0.01241,0.00026,-0.00011,-0.00020,0.56713,-0.00055,0.19997,0.00065,0.70601,-0.00009,0.70821,1,5,0.99624,0.01044,-0.05816,-0.06332,0.06339,0.04238,0.81164,0,0
1766094335.091854,-0.00434,0.01223,0.00495,0.00001,-0.00003,0.00006,0.56713,-0.00055,0.19997,0.00065,0.70601,-0.00009,0.70821,1,5,0.99624,0.01044,-0.05816,-0.06332,0.06339,0.04238,0.81164,0,0
1766094335.093844,-0.00171,-0.00292,0.02084,-0.00258,-0.00067,0.00049,0.56713,-0.00055,0.19997,0.00065,0.70601,-0.00009,0.70821,1,5,0.99624,0.01044,-0.05816,-0.06332,0.06339,0.04238,0.81164,0,0
1766094335.095854,0.01196,-0.00025,0.03593,-0.00320,-0.00148,0.00022,0.56713,-0.00055,0.19997,0.00065,0.70601,-0.00009,0.70821,1,5,0.99624,0.01044,-0.05816,-0.06332,0.06339,0.04238,0.81164,0,0
1766094335.097858,-0.01465,-0.00723,-0.01736,0.00174,0.00050,0.00019,0.56713,-0.00055,0.19997,0.00065,0.70601,-0.00009,0.70821,1,5,0.99624,0.01044,-0.05816,-0.06332,0.06339,0.04238,0.81164,0,0
1766094335.099858,-0.00748,0.00012,0.08843,-0.00036,0.00013,-0.00094,0.56713,-0.00055,0.19997,0.00065,0.70601,-0.00009,0.70821,1,5,0.99624,0.01044,-0.05816,-0.06332,0.06339,0.04238,0.81164,0,0
1766094335.101847,-0.00871,0.01980,0.01979,0.00032,0.00014,-0.00033,0.56713,-0.00055,0.19997,0.00065,0.70601,-0.00009,0.70821,1,5,0.99624,0.01044,-0.05816,-0.06332,0.06339,0.04238,0.81164,0,0
1766094335.103858,0.01630,0.01473,-0.01048,0.00070,-0.00041,-0.00024,0.56713,-0.00055,0.19997,0.00065,0.70601,-0.00009,0.70821,1,5,0.99612,0.01048,-0.05935,-0.06414,0.06338,0.04239,0.81165,0,0
1766094335.105850,-0.02105,-0.02164,0.00584,0.00025,-0.00018,-0.00018,0.56713,-0.00055,0.19997,0.00065,0.70601,-0.00009,0.70821,1,5,0.99612,0.01048,-0.05935,-0.06414,0.06338,0.04239,0.81165,0,0
1766094335.107855,0.01081,-0.00502,0.02846,-0.00217,-0.00133,0.00035,0.56713,-0.00055,0.19997,0.00065,0.70601,-0.00009,0.70821,1,5,0.99612,0.01048,-0.05935,-0.06414,0.06338,0.04239,0.81165,0,0
1766094335.109864,0.01210,0.00011,0.02081,-0.00320,-0.00199,0.00021,0.56713,-0.00055,0.19997,0.00065,0.70601,-0.00009,0.70821,1,5,0.99612,0.01048,-0.05935,-0.06414,0.06338,0.04239,0.81165,0,0
1766094335.111872,-0.01580,0.00542,0.04312,-0.00073,-0.00053,-0.00029,0.56713,-0.00055,0.19997,0.00065,0.70601,-0.00009,0.70821,1,5,0.99612,0.01048,-0.05935,-0.06414,0.06338,0.04239,0.81165,0,0
1766094335.113853,-0.00005,-0.00034,0.02789,0.00007,0.00031,-0.00019,0.56713,-0.00055,0.19997,0.00065,0.70601,-0.00009,0.70821,1,5,0.99612,0.01048,-0.05935,-0.06414,0.06338,0.04239,0.81165,0,0
1766094335.115854,0.00811,-0.00504,-0.00212,0.00024,-0.00041,0.00032,0.56713,-0.00055,0.19997,0.00065,0.70601,-0.00009,0.70821,1,5,0.99612,0.01048,-0.05935,-0.06414,0.06338,0.04239,0.81165,0,0
1766094335.117914,0.00745,-0.00960,-0.04044,0.00149,-0.00016,-0.00079,0.56713,-0.00055,0.19997,0.00065,0.70601,-0.00009,0.70821,1,5,0.99612,0.01048,-0.05935,-0.06414,0.06338,0.04239,0.81165,0,0
1766094335.119838,-0.00939,0.01995,0.05773,0.00098,0.00027,-0.00030,0.56713,-0.00055,0.19997,0.00065,0.70601,-0.00009,0.70821,1,5,0.99612,0.01048,-0.05935,-0.06414,0.06338,0.04239,0.81165,0,0
1766094335.121841,-0.01039,0.00007,-0.04071,0.00204,0.00081,-0.00064,0.56713,-0.00055,0.19997,0.00065,0.70601,-0.00009,0.70821,1,5,0.99612,0.01048,-0.05935,-0.06414,0.06338,0.04239,0.81165,0,0
1766094335.123847,-0.00171,0.01043,-0.03322,0.00195,-0.00019,-0.00051,0.56713,-0.00055,0.19997,0.00065,0.70601,-0.00009,0.70821,1,5,0.99612,0.01048,-0.05935,-0.06414,0.06338,0.04239,0.81165,0,0
1766094335.125852,-0.00551,-0.01448,0.03656,-0.00272,-0.00163,0.00065,0.56713,-0.00055,0.19997,0.00065,0.70601,-0.00009,0.70821,1,5,0.99612,0.01048,-0.05935,-0.06414,0.06338,0.04239,0.81165,0,0
1766094335.127872,-0.00409,0.01224,-0.01022,-0.00021,-0.00015,0.00005,0.56713,-0.00055,0.19997,0.00065,0.70601,-0.00009,0.70821,1,5,0.99612,0.01048,-0.05935,-0.06414,0.06338,0.04239,0.81165,0,0
1766094335.129852,-0.00654,0.00742,-0.02575,0.00235,0.00088,-0.00064,0.56713,-0.00055,0.19997,0.00065,0.70601,-0.00009,0.70821,1,5,0.99612,0.01048,-0.05935,-0.06414,0.06338,0.04239,0.81165,0,0
1766094335.131857,-0.00025,0.00475,-0.01026,0.00035,0.00018,-0.00036,0.56713,-0.00055,0.19997,0.00065,0.70601,-0.00009,0.70821,1,5,0.99612,0.01048,-0.05935,-0.06414,0.06338,0.04239,0.81165,0,0
1766094335.133858,-0.00885,-0.00056,-0.00995,0.00007,0.00068,0.00019,0.56713,-0.00055,0.19997,0.00065,0.70601,-0.00009,0.70821,1,5,0.99612,0.01048,-0.05935,-0.06414,0.06338,0.04239,0.81165,0,0
1766094335.135851,0.00338,-0.00345,-0.01766,0.00047,0.00104,0.00004,0.56713,-0.00055,0.19997,0.00065,0.70601,-0.00009,0.70821,1,5,0.99612,0.01048,-0.05935,-0.06414,0.06338,0.04239,0.81165,0,0
1766094335.137862,-0.00970,0.00044,-0.00227,0.00118,-0.00020,0.00020,0.56713,-0.00055,0.19997,0.00065,0.70601,-0.00009,0.70821,1,5,0.99619,0.01063,-0.05841,-0.06385,0.06336,0.04238,0.81149,0,0
1766094335.139867,-0.00205,-0.00043,0.00494,0.00182,0.00109,-0.00021,0.56713,-0.00055,0.19997,0.00065,0.70601,-0.00009,0.70821,1,5,0.99619,0.01063,-0.05841,-0.06385,0.06336,0.04238,0.81149,0,0
1766094335.141868,-0.02580,0.00608,-0.00263,0.00102,-0.00041,-0.00073,0.56713,-0.00055,0.19997,0.00065,0.70601,-0.00009,0.70821,1,5,0.99619,0.01063,-0.05841,-0.06385,0.06336,0.04238,0.81149,0,0
1766094335.143920,-0.00063,0.00424,0.01278,0.00013,0.00058,0.00047,0.56713,-0.00055,0.19997,0.00065,0.70601,-0.00009,0.70821,1,5,0.99619,0.01063,-0.05841,-0.06385,0.06336,0.04238,0.81149,0,0
1766094335.145880,-0.00608,-0.00534,0.01325,-0.00239,-0.00049,0.00035,0.56713,-0.00055,0.19997,0.00065,0.70601,-0.00009,0.70821,1,5,0.99619,0.01063,-0.05841,-0.06385,0.06336,0.04238,0.81149,0,0
1766094335.147931,-0.00095,0.01968,-0.00289,0.00075,0.00005,0.00005,0.56713,-0.00055,0.19997,0.00065,0.70601,-0.00009,0.70821,1,5,0.99619,0.01063,-0.05841,-0.06385,0.06336,0.04238,0.81149,0,0
1766094335.149966,0.00877,0.00908,-0.00273,-0.00047,0.00032,-0.00009,0.56713,-0.00055,0.19997,0.00065,0.70601,-0.00009,0.70821,1,5,0.99619,0.01063,-0.05841,-0.06385,0.06336,0.04238,0.81149,0,0
1766094335.152276,-0.00555,-0.00680,-0.03280,0.00174,-0.00013,-0.00064,0.56713,-0.00055,0.19997,0.00065,0.70601,-0.00009,0.70821,1,5,0.99619,0.01063,-0.05841,-0.06385,0.06336,0.04238,0.81149,0,0
1766094335.153870,-0.00595,0.00271,-0.01789,0.00186,0.00037,-0.00049,0.56713,-0.00055,0.19997,0.00065,0.70601,-0.00009,0.70821,1,5,0.99619,0.01063,-0.05841,-0.06385,0.06336,0.04238,0.81149,0,0
1766094335.155858,0.01379,0.02693,0.02723,-0.00090,-0.00065,-0.00034,0.56713,-0.00055,0.19997,0.00065,0.70601,-0.00009,0.70821,1,5,0.99619,0.01063,-0.05841,-0.06385,0.06336,0.04238,0.81149,0,0
1766094335.157852,0.00290,-0.01031,0.02087,-0.00267,-0.00073,0.00008,0.56713,-0.00055,0.19997,0.00065,0.70601,-0.00009,0.70821,1,5,0.99619,0.01063,-0.05841,-0.06385,0.06336,0.04238,0.81149,0,0
1766094335.159866,0.01598,0.01454,0.01225,0.00091,-0.00002,-0.00022,0.56713,-0.00055,0.19997,0.00065,0.70601,-0.00009,0.70821,1,5,0.99619,0.01063,-0.05841,-0.06385,0.06336,0.04238,0.81149,0,0
1766094335.161890,0.00205,-0.00572,-0.00963,-0.00218,-0.00021,0.00032,0.56713,-0.00055,0.19997,0.00065,0.70601,-0.00009,0.70821,1,5,0.99619,0.01063,-0.05841,-0.06385,0.06336,0.04238,0.81149,0,0
1766094335.163855,-0.01863,0.01067,-0.03316,0.00195,0.00001,-0.00049,0.56713,-0.00055,0.19997,0.00065,0.70601,-0.00009,0.70821,1,5,0.99619,0.01063,-0.05841,-0.06385,0.06336,0.04238,0.81149,0,0
1766094335.165886,0.00291,-0.00289,-0.00965,0.00070,0.00017,0.00085,0.56713,-0.00055,0.19997,0.00065,0.70601,-0.00009,0.70821,1,5,0.99619,0.01063,-0.05841,-0.06385,0.06336,0.04238,0.81149,0,0
1766094335.167892,0.00839,0.00944,-0.01807,0.00019,0.00020,-0.00051,0.56713,-0.00055,0.19997,0.00065,0.70601,-0.00009,0.70821,1,5,0.99619,0.01063,-0.05841,-0.06385,0.06336,0.04238,0.81149,0,0
1766094335.169884,-0.01057,0.02006,-0.01828,0.00207,0.00042,-0.00036,0.56713,-0.00055,0.19997,0.00065,0.70601,-0.00009,0.70821,1,5,0.99619,0.01063,-0.05841,-0.06385,0.06336,0.04238,0.81149,0,0
1766094335.171957,0.00770,0.02432,-0.00294,0.00037,-0.00005,0.00031,0.56713,-0.00055,0.19997,0.00065,0.70601,-0.00009,0.70821,1,5,0.99619,0.01063,-0.05841,-0.06385,0.06336,0.04238,0.81149,0,0
1766094335.173993,-0.00931,0.00452,-0.03293,0.00057,0.00068,0.00004,0.56713,-0.00055,0.19997,0.00065,0.70601,-0.00009,0.70821,1,5,0.99619,0.01063,-0.05841,-0.06385,0.06336,0.04238,0.81149,0,0
1766094335.175959,-0.00499,-0.00235,-0.02525,0.00092,0.00012,-0.00036,0.56713,-0.00055,0.19997,0.00065,0.70601,-0.00009,0.70821,1,5,0.99619,0.01063,-0.05841,-0.06385,0.06336,0.04238,0.81149,0,0
1766094335.177959,-0.00915,0.00993,-0.00266,0.00063,0.00016,-0.00007,0.56713,-0.00055,0.19997,0.00065,0.70601,-0.00009,0.70821,1,5,0.99619,0.01063,-0.05841,-0.06385,0.06336,0.04238,0.81149,0,0
1766094335.179960,-0.00815,-0.00546,0.02790,-0.00021,0.00079,-0.00045,0.56713,-0.00055,0.19997,0.00065,0.70601,-0.00009,0.70821,1,5,0.99619,0.01063,-0.05841,-0.06385,0.06336,0.04238,0.81149,0,0
1766094335.181990,0.00787,0.02918,-0.01849,0.00043,0.00019,-0.00024,0.56713,-0.00055,0.19997,0.00065,0.70601,-0.00009,0.70821,1,5,0.99597,0.01081,-0.06173,-0.06415,0.06334,0.04236,0.81128,0,0
1766094335.183967,-0.00046,-0.00584,-0.00224,0.00001,0.00083,0.00033,0.56713,-0.00055,0.19997,0.00065,0.70601,-0.00009,0.70821,1,5,0.99597,0.01081,-0.06173,-0.06415,0.06334,0.04236,0.81128,0,0
1766094335.185955,-0.00184,0.00011,-0.01774,0.00183,0.00033,-0.00023,0.56713,-0.00055,0.19997,0.00065,0.70601,-0.00009,0.70821,1,5,0.99597,0.01081,-0.06173,-0.06415,0.06334,0.04236,0.81128,0,0
1766094335.187911,-0.01285,0.01868,-0.03333,0.00096,-0.00121,-0.00090,0.56713,-0.00055,0.19997,0.00065,0.70601,-0.00009,0.70821,1,5,0.99597,0.01081,-0.06173,-0.06415,0.06334,0.04236,0.81128,0,0
1766094335.189891,0.02143,0.01232,-0.01040,0.00001,-0.00085,-0.00038,0.56713,-0.00055,0.19997,0.00065,0.70601,-0.00009,0.70821,1,5,0.99597,0.01081,-0.06173,-0.06415,0.06334,0.04236,0.81128,0,0
1766094335.191890,0.01228,0.01247,-0.01024,0.00045,-0.00073,0.00004,0.56713,-0.00055,0.19997,0.00065,0.70601,-0.00009,0.70821,1,5,0.99597,0.01081,-0.06173,-0.06415,0.06334,0.04236,0.81128,0,0
