ros_time_sec,fx,fy,fz,mx,my,mz,ee_x,ee_y,ee_z,ee_qx,ee_qy,ee_qz,ee_qw,tag_visible,tag_id,tag_qx,tag_qy,tag_qz,tag_qw,tag_x,tag_y,tag_z,fw_contact,ft_trigger
1768603704.673806,-0.06919,0.03190,0.00617,0.00110,0.00204,-0.00030,0.51760,0.00008,0.28073,-0.00009,0.70746,0.00008,0.70675,1,3,0.99956,0.01043,0.01068,-0.02568,0.06011,0.08393,0.63438,0,0
1768603704.675804,0.00589,0.05986,0.02907,0.00085,-0.00074,0.00035,0.51760,0.00008,0.28073,-0.00009,0.70746,0.00008,0.70675,1,3,0.99956,0.01043,0.01068,-0.02568,0.06011,0.08393,0.63438,0,0
1768603704.677807,-0.00182,0.03340,0.03974,0.00100,0.00026,0.00041,0.51760,0.00008,0.28073,-0.00009,0.70746,0.00008,0.70675,1,3,0.99956,0.01043,0.01068,-0.02568,0.06011,0.08393,0.63438,0,0
1768603704.679833,-0.03874,0.05830,0.00518,0.00150,0.00072,-0.00036,0.51760,0.00008,0.28073,-0.00009,0.70746,0.00008,0.70675,1,3,0.99956,0.01043,0.01068,-0.02568,0.06011,0.08393,0.63438,0,0
1768603704.681833,-0.00134,0.05132,0.03020,0.00126,-0.00051,-0.00094,0.51760,0.00008,0.28073,-0.00009,0.70746,0.00008,0.70675,1,3,0.99958,0.01073,0.01226,-0.02414,0.06010,0.08392,0.63430,0,0
1768603704.683830,0.02157,0.05536,0.02253,0.00128,-0.00038,-0.00060,0.51760,0.00008,0.28073,-0.00009,0.70746,0.00008,0.70675,1,3,0.99958,0.01073,0.01226,-0.02414,0.06010,0.08392,0.63430,0,0
1768603704.685840,0.03759,0.04592,0.00160,0.00091,-0.00260,-0.00264,0.51760,0.00008,0.28073,-0.00009,0.70746,0.00008,0.70675,1,3,0.99958,0.01073,0.01226,-0.02414,0.06010,0.08392,0.63430,0,0
1768603704.687841,-0.02408,0.06648,0.01920,0.00150,0.00067,0.00041,0.51760,0.00008,0.28073,-0.00009,0.70746,0.00008,0.70675,1,3,0.99958,0.01073,0.01226,-0.02414,0.06010,0.08392,0.63430,0,0
1768603704.689846,0.00609,0.04260,0.03037,0.00087,-0.00007,-0.00059,0.51760,0.00008,0.28073,-0.00009,0.70746,0.00008,0.70675,1,3,0.99958,0.01073,0.01226,-0.02414,0.06010,0.08392,0.63430,0,0
1768603704.691833,-0.01615,0.05931,0.00959,0.00138,-0.00032,-0.00000,0.51760,0.00008,0.28073,-0.00009,0.70746,0.00008,0.70675,1,3,0.99958,0.01073,0.01226,-0.02414,0.06010,0.08392,0.63430,0,0
1768603704.693861,0.00645,0.05550,0.02289,0.00127,-0.00038,-0.00111,0.51760,0.00008,0.28073,-0.00009,0.70746,0.00008,0.70675,1,3,0.99958,0.01073,0.01226,-0.02414,0.06010,0.08392,0.63430,0,0
1768603704.695878,0.02254,0.04370,-0.00490,0.00184,-0.00159,-0.00043,0.51760,0.00008,0.28073,-0.00009,0.70746,0.00008,0.70675,1,3,0.99958,0.01073,0.01226,-0.02414,0.06010,0.08392,0.63430,0,0
1768603704.697860,-0.02426,0.06019,0.03411,0.00150,-0.00133,-0.00028,0.51760,0.00008,0.28073,-0.00009,0.70746,0.00008,0.70675,1,3,0.99958,0.01073,0.01226,-0.02414,0.06010,0.08392,0.63430,0,0
1768603704.699858,-0.00077,0.04677,-0.00176,0.00074,0.00020,-0.00049,0.51760,0.00008,0.28073,-0.00009,0.70746,0.00008,0.70675,1,3,0.99958,0.01073,0.01226,-0.02414,0.06010,0.08392,0.63430,0,0
1768603704.701843,-0.00832,0.03403,0.01581,0.00168,-0.00025,-0.00097,0.51760,0.00008,0.28073,-0.00009,0.70746,0.00008,0.70675,1,3,0.99958,0.01073,0.01226,-0.02414,0.06010,0.08392,0.63430,0,0
1768603704.703845,-0.05415,0.06649,0.00507,0.00107,0.00115,-0.00021,0.51760,0.00008,0.28073,-0.00009,0.70746,0.00008,0.70675,1,3,0.99958,0.01073,0.01226,-0.02414,0.06010,0.08392,0.63430,0,0
1768603704.705852,-0.01686,0.03040,0.04258,0.00113,-0.00080,-0.00045,0.51760,0.00008,0.28073,-0.00009,0.70746,0.00008,0.70675,1,3,0.99958,0.01073,0.01226,-0.02414,0.06010,0.08392,0.63430,0,0
1768603704.707829,-0.03112,0.05438,-0.00227,0.00111,0.00063,-0.00006,0.51760,0.00008,0.28073,-0.00009,0.70746,0.00008,0.70675,1,3,0.99958,0.01073,0.01226,-0.02414,0.06010,0.08392,0.63430,0,0
1768603704.709882,-0.02386,0.05527,0.01237,0.00111,-0.00029,-0.00021,0.51760,0.00008,0.28073,-0.00009,0.70746,0.00008,0.70675,1,3,0.99958,0.01073,0.01226,-0.02414,0.06010,0.08392,0.63430,0,0
1768603704.711850,0.01436,0.06222,0.01516,0.00128,-0.00266,-0.00169,0.51760,0.00008,0.28073,-0.00009,0.70746,0.00008,0.70675,1,3,0.99958,0.01073,0.01226,-0.02414,0.06010,0.08392,0.63430,0,0
1768603704.713852,-0.03066,0.03398,-0.00348,0.00140,0.00017,-0.00133,0.51760,0.00008,0.28073,-0.00009,0.70746,0.00008,0.70675,1,3,0.99958,0.01073,0.01226,-0.02414,0.06010,0.08392,0.63430,0,0
1768603704.715946,-0.01624,0.06308,0.01175,0.00151,-0.00007,0.00033,0.51760,0.00008,0.28073,-0.00009,0.70746,0.00008,0.70675,1,3,0.99959,0.01095,0.01094,-0.02423,0.06012,0.08397,0.63461,0,0
1768603704.717949,-0.02466,0.05984,0.05011,0.00110,-0.00048,-0.00144,0.51760,0.00008,0.28073,-0.00009,0.70746,0.00008,0.70675,1,3,0.99959,0.01095,0.01094,-0.02423,0.06012,0.08397,0.63461,0,0
1768603704.719884,-0.03127,0.05962,-0.00005,0.00083,-0.00022,-0.00013,0.51760,0.00008,0.28073,-0.00009,0.70746,0.00008,0.70675,1,3,0.99959,0.01095,0.01094,-0.02423,0.06012,0.08397,0.63461,0,0
1768603704.721872,-0.03193,0.03379,0.03513,0.00112,-0.00001,-0.00023,0.51760,0.00008,0.28073,-0.00009,0.70746,0.00008,0.70675,1,3,0.99959,0.01095,0.01094,-0.02423,0.06012,0.08397,0.63461,0,0
1768603704.723861,-0.02389,0.05083,0.00976,0.00098,-0.00010,0.00022,0.51760,0.00008,0.28073,-0.00009,0.70746,0.00008,0.70675,1,3,0.99959,0.01095,0.01094,-0.02423,0.06012,0.08397,0.63461,0,0
1768603704.725871,-0.03151,0.03413,0.02539,0.00139,-0.00035,-0.00060,0.51760,0.00008,0.28073,-0.00009,0.70746,0.00008,0.70675,1,3,0.99959,0.01095,0.01094,-0.02423,0.06012,0.08397,0.63461,0,0
1768603704.727840,-0.03195,0.05034,0.02536,0.00056,0.00074,-0.00043,0.51760,0.00008,0.28073,-0.00009,0.70746,0.00008,0.70675,1,3,0.99959,0.01095,0.01094,-0.02423,0.06012,0.08397,0.63461,0,0
1768603704.729915,-0.04666,0.02520,0.02203,0.00072,0.00092,-0.00177,0.51760,0.00008,0.28073,-0.00009,0.70746,0.00008,0.70675,1,3,0.99959,0.01095,0.01094,-0.02423,0.06012,0.08397,0.63461,0,0
1768603704.731869,-0.02374,0.07121,0.00149,0.00136,0.00024,0.00075,0.51760,0.00008,0.28073,-0.00009,0.70746,0.00008,0.70675,1,3,0.99959,0.01095,0.01094,-0.02423,0.06012,0.08397,0.63461,0,0
1768603704.733860,-0.02377,0.02907,0.01810,0.00140,0.00044,-0.00028,0.51760,0.00008,0.28073,-0.00009,0.70746,0.00008,0.70675,1,3,0.99959,0.01095,0.01094,-0.02423,0.06012,0.08397,0.63461,0,0
1768603704.735883,0.02256,0.03097,-0.01113,0.00105,-0.00079,-0.00105,0.51760,0.00008,0.28073,-0.00009,0.70746,0.00008,0.70675,1,3,0.99959,0.01095,0.01094,-0.02423,0.06012,0.08397,0.63461,0,0
1768603704.737874,-0.00919,0.04663,0.04730,0.00179,-0.00052,-0.00076,0.51760,0.00008,0.28073,-0.00009,0.70746,0.00008,0.70675,1,3,0.99959,0.01095,0.01094,-0.02423,0.06012,0.08397,0.63461,0,0
1768603704.739873,-0.04692,0.06231,0.01247,0.00068,0.00124,0.00008,0.51760,0.00008,0.28073,-0.00009,0.70746,0.00008,0.70675,1,3,0.99959,0.01095,0.01094,-0.02423,0.06012,0.08397,0.63461,0,0
1768603704.741891,-0.03140,0.02625,0.02085,0.00113,-0.00062,-0.00088,0.51760,0.00008,0.28073,-0.00009,0.70747,0.00008,0.70675,1,3,0.99959,0.01095,0.01094,-0.02423,0.06012,0.08397,0.63461,0,0
1768603704.743873,0.04544,0.06216,-0.01968,0.00104,-0.00242,-0.00104,0.51760,0.00008,0.28073,-0.00009,0.70746,0.00008,0.70675,1,3,0.99959,0.01095,0.01094,-0.02423,0.06012,0.08397,0.63461,0,0
1768603704.745882,-0.02467,0.02533,0.05015,0.00113,-0.00005,-0.00026,0.51760,0.00008,0.28073,-0.00009,0.70746,0.00008,0.70675,1,3,0.99959,0.01095,0.01094,-0.02423,0.06012,0.08397,0.63461,0,0
1768603704.747882,-0.00891,0.05449,0.01235,0.00071,0.00059,0.00030,0.51760,0.00008,0.28073,-0.00009,0.70747,0.00008,0.70675,1,3,0.99952,0.01074,0.01330,-0.02582,0.06009,0.08391,0.63422,0,0
1768603704.749888,-0.03871,0.03793,0.00847,0.00125,0.00032,-0.00089,0.51760,0.00008,0.28073,-0.00009,0.70747,0.00008,0.70675,1,3,0.99952,0.01074,0.01330,-0.02582,0.06009,0.08391,0.63422,0,0
1768603704.751911,-0.00926,0.05057,0.02470,0.00058,0.00030,0.00033,0.51760,0.00008,0.28073,-0.00009,0.70747,0.00008,0.70675,1,3,0.99952,0.01074,0.01330,-0.02582,0.06009,0.08391,0.63422,0,0
1768603704.753947,-0.00065,0.02753,0.01035,0.00143,-0.00206,-0.00063,0.51760,0.00008,0.28073,-0.00009,0.70747,0.00008,0.70675,1,3,0.99952,0.01074,0.01330,-0.02582,0.06009,0.08391,0.63422,0,0
1768603704.755876,-0.03886,0.04637,0.01253,0.00151,-0.00007,-0.00022,0.51760,0.00008,0.28073,-0.00009,0.70747,0.00008,0.70675,1,3,0.99952,0.01074,0.01330,-0.02582,0.06009,0.08391,0.63422,0,0
1768603704.757888,-0.00147,0.01296,0.02795,0.00076,-0.00010,0.00028,0.51760,0.00008,0.28073,-0.00009,0.70746,0.00008,0.70675,1,3,0.99952,0.01074,0.01330,-0.02582,0.06009,0.08391,0.63422,0,0
1768603704.759875,-0.03138,0.05316,0.00274,0.00097,0.00178,0.00033,0.51760,0.00008,0.28073,-0.00009,0.70746,0.00008,0.70675,1,3,0.99952,0.01074,0.01330,-0.02582,0.06009,0.08391,0.63422,0,0
1768603704.761896,0.02189,0.03920,0.00312,0.00063,-0.00062,-0.00040,0.51760,0.00008,0.28073,-0.00009,0.70747,0.00008,0.70675,1,3,0.99952,0.01074,0.01330,-0.02582,0.06009,0.08391,0.63422,0,0
1768603704.763904,-0.03940,0.04137,0.02535,0.00097,0.00096,-0.00018,0.51760,0.00008,0.28073,-0.00009,0.70747,0.00008,0.70675,1,3,0.99952,0.01074,0.01330,-0.02582,0.06009,0.08391,0.63422,0,0
1768603704.765886,0.00695,0.06640,0.01274,0.00154,-0.00268,-0.00199,0.51760,0.00008,0.28073,-0.00009,0.70747,0.00008,0.70675,1,3,0.99952,0.01074,0.01330,-0.02582,0.06009,0.08391,0.63422,0,0
1768603704.767909,-0.00153,0.05523,0.03281,0.00099,-0.00004,-0.00099,0.51760,0.00008,0.28073,-0.00009,0.70747,0.00008,0.70675,1,3,0.99952,0.01074,0.01330,-0.02582,0.06009,0.08391,0.63422,0,0
1768603704.769894,-0.03202,0.04956,0.02527,0.00056,0.00140,-0.00004,0.51760,0.00008,0.28073,-0.00009,0.70747,0.00008,0.70675,1,3,0.99952,0.01074,0.01330,-0.02582,0.06009,0.08391,0.63422,0,0
1768603704.771896,0.00632,0.03340,0.01497,0.00088,0.00040,0.00068,0.51760,0.00008,0.28073,-0.00009,0.70747,0.00008,0.70675,1,3,0.99952,0.01074,0.01330,-0.02582,0.06009,0.08391,0.63422,0,0
1768603704.773893,-0.00015,0.04463,-0.00858,0.00115,-0.00163,-0.00197,0.51760,0.00008,0.28073,-0.00009,0.70747,0.00008,0.70675,1,3,0.99952,0.01074,0.01330,-0.02582,0.06009,0.08391,0.63422,0,0
1768603704.775896,-0.01610,0.03367,0.01484,0.00167,-0.00026,0.00031,0.51760,0.00008,0.28073,-0.00009,0.70746,0.00008,0.70675,1,3,0.99952,0.01074,0.01330,-0.02582,0.06009,0.08391,0.63422,0,0
1768603704.777892,-0.04680,0.04945,0.00579,0.00029,0.00182,-0.00015,0.51760,0.00008,0.28073,-0.00009,0.70746,0.00008,0.70675,1,3,0.99952,0.01074,0.01330,-0.02582,0.06009,0.08391,0.63422,0,0
1768603704.779903,0.02983,0.03612,0.00986,0.00185,-0.00250,-0.00048,0.51760,0.00008,0.28073,-0.00009,0.70747,0.00008,0.70675,1,3,0.99953,0.01059,0.01366,-0.02540,0.06009,0.08391,0.63424,0,0
1768603704.781919,-0.03115,0.03305,-0.00384,0.00059,0.00126,-0.00019,0.51760,0.00008,0.28073,-0.00009,0.70747,0.00008,0.70675,1,3,0.99953,0.01059,0.01366,-0.02540,0.06009,0.08391,0.63424,0,0
1768603704.783898,-0.00936,0.06051,0.03940,0.00098,-0.00127,-0.00055,0.51760,0.00008,0.28073,-0.00009,0.70747,0.00008,0.70675,1,3,0.99953,0.01059,0.01366,-0.02540,0.06009,0.08391,0.63424,0,0
1768603704.785911,-0.03163,0.05773,0.01077,0.00056,0.00188,-0.00050,0.51760,0.00008,0.28073,-0.00009,0.70747,0.00008,0.70675,1,3,0.99953,0.01059,0.01366,-0.02540,0.06009,0.08391,0.63424,0,0
1768603704.787924,-0.00829,0.05298,0.01017,0.00140,-0.00206,-0.00119,0.51760,0.00008,0.28073,-0.00009,0.70747,0.00008,0.70675,1,3,0.99953,0.01059,0.01366,-0.02540,0.06009,0.08391,0.63424,0,0
1768603704.789932,-0.00927,0.05611,0.03260,0.00058,-0.00070,-0.00088,0.51760,0.00008,0.28073,-0.00009,0.70746,0.00008,0.70675,1,3,0.99953,0.01059,0.01366,-0.02540,0.06009,0.08391,0.63424,0,0
1768603704.791927,-0.00066,0.03018,-0.00129,0.00075,-0.00002,-0.00067,0.51760,0.00008,0.28073,-0.00009,0.70746,0.00008,0.70675,1,3,0.99953,0.01059,0.01366,-0.02540,0.06009,0.08391,0.63424,0,0
1768603704.793929,-0.02395,0.02988,0.01771,0.00100,-0.00023,0.00009,0.51760,0.00008,0.28073,-0.00009,0.70747,0.00008,0.70675,1,3,0.99953,0.01059,0.01366,-0.02540,0.06009,0.08391,0.63424,0,0
1768603704.795943,-0.00847,0.04264,0.00988,0.00140,-0.00054,0.00007,0.51760,0.00008,0.28073,-0.00009,0.70747,0.00008,0.70675,1,3,0.99953,0.01059,0.01366,-0.02540,0.06009,0.08391,0.63424,0,0
1768603704.798572,-0.00894,0.04152,0.02578,0.00100,0.00097,-0.00070,0.51760,0.00008,0.28073,-0.00009,0.70747,0.00008,0.70675,1,3,0.99953,0.01059,0.01366,-0.02540,0.06009,0.08391,0.63424,0,0
1768603704.799919,-0.00177,0.04164,0.03406,0.00113,0.00019,0.00107,0.51760,0.00008,0.28073,-0.00009,0.70747,0.00008,0.70675,1,3,0.99953,0.01059,0.01366,-0.02540,0.06009,0.08391,0.63424,0,0
1768603704.801909,0.00716,0.02410,-0.00877,0.00117,0.00142,0.00005,0.51760,0.00008,0.28073,-0.00009,0.70746,0.00008,0.70675,1,3,0.99953,0.01059,0.01366,-0.02540,0.06009,0.08391,0.63424,0,0
1768603704.803924,-0.04648,0.04983,0.00535,0.00110,0.00094,-0.00014,0.51760,0.00008,0.28073,-0.00009,0.70746,0.00008,0.70675,1,3,0.99953,0.01059,0.01366,-0.02540,0.06009,0.08391,0.63424,0,0
1768603704.805912,-0.03904,0.04137,0.01539,0.00124,0.00084,-0.00017,0.51760,0.00008,0.28073,-0.00009,0.70746,0.00008,0.70675,1,3,0.99953,0.01059,0.01366,-0.02540,0.06009,0.08391,0.63424,0,0
1768603704.807945,-0.03857,0.03768,0.00838,0.00166,0.00032,-0.00088,0.51760,0.00008,0.28073,-0.00009,0.70746,0.00008,0.70675,1,3,0.99953,0.01059,0.01366,-0.02540,0.06009,0.08391,0.63424,0,0
1768603704.809914,-0.04708,0.02451,0.03076,0.00085,0.00102,-0.00024,0.51760,0.00008,0.28073,-0.00009,0.70746,0.00008,0.70675,1,3,0.99953,0.01059,0.01366,-0.02540,0.06009,0.08391,0.63424,0,0
1768603704.811927,-0.00831,0.06027,-0.00037,0.00126,-0.00110,-0.00013,0.51760,0.00008,0.28073,-0.00009,0.70747,0.00008,0.70675,1,3,0.99953,0.01059,0.01366,-0.02540,0.06009,0.08391,0.63424,0,0
1768603704.813924,-0.03186,0.03457,0.03523,0.00112,-0.00067,-0.00062,0.51760,0.00008,0.28073,-0.00009,0.70747,0.00008,0.70675,1,3,0.99953,0.01059,0.01366,-0.02540,0.06009,0.08391,0.63424,0,0
1768603704.815933,-0.03886,0.04573,0.00790,0.00124,0.00075,-0.00022,0.51760,0.00008,0.28073,-0.00009,0.70746,0.00008,0.70675,1,3,0.99953,0.01059,0.01366,-0.02540,0.06009,0.08391,0.63424,0,0
1768603704.817912,-0.05409,0.05411,0.01382,0.00109,0.00126,-0.00159,0.51760,0.00008,0.28073,-0.00009,0.70746,0.00008,0.70675,1,3,0.99953,0.01059,0.01366,-0.02540,0.06009,0.08391,0.63424,0,0
1768603704.819913,-0.00882,0.05908,0.02519,0.00138,0.00009,-0.00090,0.51761,0.00008,0.28073,-0.00009,0.70746,0.00008,0.70675,1,3,0.99953,0.01059,0.01366,-0.02540,0.06009,0.08391,0.63424,0,0
1768603704.821926,-0.06931,0.05366,-0.00217,0.00067,0.00150,0.00020,0.51761,0.00008,0.28073,-0.00009,0.70746,0.00008,0.70675,1,3,0.99953,0.01059,0.01366,-0.02540,0.06009,0.08391,0.63424,0,0
1768603704.823930,-0.02440,0.02992,0.03698,0.00126,-0.00065,0.00046,0.51761,0.00008,0.28073,-0.00009,0.70746,0.00008,0.70675,1,3,0.99953,0.01059,0.01366,-0.02540,0.06009,0.08391,0.63424,0,0
1768603704.825954,-0.05558,0.03848,0.06623,0.00122,-0.00095,0.00046,0.51761,0.00008,0.28073,-0.00009,0.70746,0.00008,0.70675,1,3,0.99955,0.01069,0.01326,-0.02475,0.06012,0.08395,0.63447,0,0
1768603704.827941,-0.09930,0.04002,-0.00910,0.00107,0.00229,0.00012,0.51761,0.00008,0.28072,-0.00009,0.70747,0.00008,0.70675,1,3,0.99955,0.01069,0.01326,-0.02475,0.06012,0.08395,0.63447,0,0
1768603704.829946,-0.11437,0.04023,-0.01839,0.00052,0.00261,-0.00039,0.51761,0.00008,0.28072,-0.00009,0.70747,0.00008,0.70675,1,3,0.99955,0.01069,0.01326,-0.02475,0.06012,0.08395,0.63447,0,0
1768603704.831986,-0.06833,0.04653,-0.02108,0.00123,0.00040,-0.00122,0.51762,0.00008,0.28072,-0.00009,0.70747,0.00008,0.70675,1,3,0.99955,0.01069,0.01326,-0.02475,0.06012,0.08395,0.63447,0,0
1768603704.833949,-0.05393,0.03893,0.01276,0.00151,-0.00094,-0.00064,0.51762,0.00008,0.28072,-0.00009,0.70747,0.00008,0.70675,1,3,0.99955,0.01069,0.01326,-0.02475,0.06012,0.08395,0.63447,0,0
1768603704.835942,-0.10007,0.02314,0.01411,0.00120,0.00148,0.00221,0.51762,0.00008,0.28072,-0.00009,0.70747,0.00008,0.70675,1,3,0.99955,0.01069,0.01326,-0.02475,0.06012,0.08395,0.63447,0,0
1768603704.837943,-0.07642,0.01671,0.00145,0.00125,0.00045,-0.00075,0.51762,0.00008,0.28072,-0.00009,0.70747,0.00008,0.70675,1,3,0.99955,0.01069,0.01326,-0.02475,0.06012,0.08395,0.63447,0,0
1768603704.839943,-0.07000,0.04663,0.03816,0.00081,0.00024,-0.00127,0.51763,0.00008,0.28072,-0.00009,0.70746,0.00008,0.70675,1,3,0.99955,0.01069,0.01326,-0.02475,0.06012,0.08395,0.63447,0,0
1768603704.841940,-0.06121,0.07764,0.00612,0.00147,-0.00102,-0.00288,0.51767,0.00008,0.28072,-0.00009,0.70746,0.00008,0.70676,1,3,0.99955,0.01069,0.01326,-0.02475,0.06012,0.08395,0.63447,0,0
1768603704.843974,-0.04615,0.08908,-0.01865,0.00106,-0.00044,0.00055,0.51767,0.00008,0.28072,-0.00009,0.70746,0.00008,0.70676,1,3,0.99955,0.01069,0.01326,-0.02475,0.06012,0.08395,0.63447,0,0
1768603704.845961,-0.04440,0.05861,-0.07966,0.00138,0.00056,0.00097,0.51770,0.00008,0.28073,-0.00009,0.70744,0.00008,0.70677,1,3,0.99955,0.01069,0.01326,-0.02475,0.06012,0.08395,0.63447,0,0
1768603704.847960,-0.00721,0.03992,-0.02697,0.00183,-0.00186,-0.00062,0.51770,0.00008,0.28073,-0.00009,0.70744,0.00008,0.70677,1,3,0.99955,0.01069,0.01326,-0.02475,0.06012,0.08395,0.63447,0,0
1768603704.849973,-0.06329,0.01557,0.07976,0.00150,0.00074,0.00009,0.51773,0.00008,0.28074,-0.00009,0.70742,0.00008,0.70679,1,3,0.99955,0.01069,0.01326,-0.02475,0.06012,0.08395,0.63447,0,0
1768603704.851974,-0.07095,0.03802,0.08249,0.00121,-0.00009,-0.00120,0.51773,0.00008,0.28074,-0.00009,0.70742,0.00008,0.70679,1,3,0.99955,0.01069,0.01326,-0.02475,0.06012,0.08395,0.63447,0,0
1768603704.853992,-0.00877,0.07973,0.03494,0.00151,-0.00329,-0.00268,0.51777,0.00008,0.28076,-0.00009,0.70740,0.00008,0.70681,1,3,0.99955,0.01069,0.01326,-0.02475,0.06012,0.08395,0.63447,0,0
1768603704.855974,0.01562,0.04700,-0.05073,0.00050,0.00048,-0.00071,0.51777,0.00008,0.28076,-0.00009,0.70740,0.00008,0.70681,1,3,0.99955,0.01069,0.01326,-0.02475,0.06012,0.08395,0.63447,0,0
1768603704.857968,-0.00151,0.06830,0.03300,0.00191,-0.00156,0.00077,0.51781,0.00008,0.28077,-0.00009,0.70738,0.00008,0.70683,1,3,0.99955,0.01069,0.01326,-0.02475,0.06012,0.08395,0.63447,0,0
1768603704.859954,-0.01749,0.02338,0.05453,0.00099,0.00153,0.00115,0.51781,0.00008,0.28077,-0.00009,0.70738,0.00008,0.70683,1,3,0.99955,0.01069,0.01326,-0.02475,0.06012,0.08395,0.63447,0,0
1768603704.861967,0.06513,0.01654,0.10717,0.00066,-0.00351,-0.00136,0.51784,0.00008,0.28079,-0.00009,0.70736,0.00008,0.70685,1,3,0.99955,0.01069,0.01326,-0.02475,0.06012,0.08395,0.63447,0,0
1768603704.863950,-0.03469,0.04215,0.13414,0.00041,0.00009,-0.00080,0.51784,0.00008,0.28079,-0.00009,0.70736,0.00008,0.70685,1,3,0.99955,0.01069,0.01326,-0.02475,0.06012,0.08395,0.63447,0,0
1768603704.865970,-0.00044,0.02140,-0.00747,0.00116,0.00428,-0.00055,0.51784,0.00008,0.28079,-0.00009,0.70736,0.00008,0.70685,1,3,0.99955,0.01069,0.01326,-0.02475,0.06012,0.08395,0.63447,0,0
1768603704.867949,-0.01684,0.03403,0.04429,0.00166,-0.00078,0.00028,0.51788,0.00008,0.28080,-0.00009,0.70734,0.00008,0.70687,1,3,0.99955,0.01069,0.01326,-0.02475,0.06012,0.08395,0.63447,0,0
1768603704.869950,-0.02386,0.02948,0.00740,0.00086,0.00009,0.00086,0.51788,0.00008,0.28080,-0.00009,0.70734,0.00008,0.70687,1,3,0.99955,0.01069,0.01326,-0.02475,0.06012,0.08395,0.63447,0,0
1768603704.871963,-0.02499,0.05857,0.05851,0.00163,-0.00016,0.00048,0.51792,0.00008,0.28081,-0.00009,0.70733,0.00008,0.70688,1,3,0.99957,0.01041,0.01153,-0.02502,0.06010,0.08394,0.63445,0,0
1768603704.873974,-0.05550,0.03300,0.07595,0.00123,0.00092,-0.00177,0.51792,0.00008,0.28081,-0.00009,0.70733,0.00008,0.70688,1,3,0.99957,0.01041,0.01153,-0.02502,0.06010,0.08394,0.63445,0,0
1768603704.875979,-0.00218,0.05119,0.05546,0.00058,0.00002,-0.00135,0.51792,0.00008,0.28081,-0.00009,0.70733,0.00008,0.70688,1,3,0.99957,0.01041,0.01153,-0.02502,0.06010,0.08394,0.63445,0,0
1768603704.877995,-0.02394,0.05405,0.01240,0.00111,0.00081,0.00018,0.51796,0.00008,0.28083,-0.00009,0.70731,0.00008,0.70690,1,3,0.99957,0.01041,0.01153,-0.02502,0.06010,0.08394,0.63445,0,0
1768603704.880053,-0.03114,0.07228,-0.00392,0.00149,-0.00092,0.00087,0.51796,0.00008,0.28083,-0.00009,0.70731,0.00008,0.70690,1,3,0.99957,0.01041,0.01153,-0.02502,0.06010,0.08394,0.63445,0,0
1768603704.882032,-0.06819,0.05473,-0.03606,0.00082,0.00087,-0.00093,0.51796,0.00008,0.28083,-0.00009,0.70731,0.00008,0.70690,1,3,0.99957,0.01041,0.01153,-0.02502,0.06010,0.08394,0.63445,0,0
1768603704.883999,-0.05294,0.03229,-0.03386,0.00139,0.00155,0.00024,0.51800,0.00008,0.28084,-0.00009,0.70729,0.00008,0.70693,1,3,0.99957,0.01041,0.01153,-0.02502,0.06010,0.08394,0.63445,0,0
1768603704.885981,-0.02234,0.00954,-0.03154,0.00064,0.00027,-0.00230,0.51804,0.00008,0.28086,-0.00009,0.70727,0.00008,0.70694,1,3,0.99957,0.01041,0.01153,-0.02502,0.06010,0.08394,0.63445,0,0
1768603704.887979,-0.03114,0.06657,-0.00953,0.00069,0.00141,-0.00021,0.51808,0.00008,0.28087,-0.00009,0.70725,0.00008,0.70696,1,3,0.99957,0.01041,0.01153,-0.02502,0.06010,0.08394,0.63445,0,0
1768603704.889986,-0.07708,0.05312,0.00686,0.00120,0.00139,0.00109,0.51812,0.00008,0.28088,-0.00009,0.70724,0.00008,0.70698,1,3,0.99957,0.01041,0.01153,-0.02502,0.06010,0.08394,0.63445,0,0
1768603704.891986,-0.03771,0.03443,-0.04451,0.00086,-0.00032,0.00072,0.51812,0.00008,0.28088,-0.00009,0.70724,0.00008,0.70698,1,3,0.99957,0.01041,0.01153,-0.02502,0.06010,0.08394,0.63445,0,0
1768603704.894064,0.06862,0.03308,-0.03607,0.00055,-0.00241,-0.00106,0.51816,0.00008,0.28089,-0.00009,0.70722,0.00008,0.70699,1,3,0.99957,0.01041,0.01153,-0.02502,0.06010,0.08394,0.63445,0,0
1768603704.896010,-0.00037,0.04231,-0.00887,0.00115,0.00033,-0.00080,0.51816,0.00008,0.28089,-0.00009,0.70722,0.00008,0.70699,1,3,0.99957,0.01041,0.01153,-0.02502,0.06010,0.08394,0.63445,0,0
1768603704.898003,-0.00807,0.02617,-0.00768,0.00035,0.00034,-0.00163,0.51816,0.00008,0.28089,-0.00009,0.70722,0.00008,0.70699,1,3,0.99957,0.01041,0.01153,-0.02502,0.06010,0.08394,0.63445,0,0
1768603704.899994,0.01360,0.05437,0.03667,0.00167,0.00001,0.00029,0.51820,0.00008,0.28091,-0.00009,0.70720,0.00008,0.70701,1,3,0.99957,0.01041,0.01153,-0.02502,0.06010,0.08394,0.63445,0,0
1768603704.901992,-0.00915,0.05834,0.02461,0.00098,0.00074,0.00024,0.51824,0.00008,0.28092,-0.00009,0.70719,0.00008,0.70702,1,3,0.99957,0.01041,0.01153,-0.02502,0.06010,0.08394,0.63445,0,0
1768603704.904000,0.00601,0.04344,0.04056,0.00101,-0.00082,-0.00137,0.51824,0.00008,0.28092,-0.00009,0.70719,0.00008,0.70702,1,3,0.99957,0.01041,0.01153,-0.02502,0.06010,0.08394,0.63445,0,0
1768603704.905994,-0.03177,0.05772,0.02972,0.00163,0.00102,-0.00012,0.51824,0.00008,0.28092,-0.00009,0.70719,0.00008,0.70702,1,3,0.99957,0.01041,0.01153,-0.02502,0.06010,0.08394,0.63445,0,0
1768603704.907994,0.02287,0.04142,-0.01616,0.00118,-0.00260,-0.00193,0.51824,0.00008,0.28092,-0.00009,0.70719,0.00008,0.70702,1,3,0.99957,0.01041,0.01153,-0.02502,0.06010,0.08394,0.63445,0,0
1768603704.910044,-0.00138,0.04325,0.02588,0.00060,-0.00034,-0.00123,0.51828,0.00008,0.28093,-0.00009,0.70717,0.00008,0.70704,1,3,0.99956,0.01072,0.01306,-0.02419,0.06010,0.08392,0.63436,0,0
1768603704.911998,-0.01753,0.06025,0.06906,0.00137,-0.00135,-0.00082,0.51828,0.00008,0.28093,-0.00009,0.70717,0.00008,0.70704,1,3,0.99956,0.01072,0.01306,-0.02419,0.06010,0.08392,0.63436,0,0
1768603704.914027,0.00585,0.05853,0.02945,0.00085,0.00058,0.00036,0.51832,0.00008,0.28094,-0.00009,0.70716,0.00008,0.70706,1,3,0.99956,0.01072,0.01306,-0.02419,0.06010,0.08392,0.63436,0,0
1768603704.916015,-0.03894,0.05323,0.00292,0.00096,0.00178,0.00007,0.51836,0.00008,0.28095,-0.00009,0.70715,0.00008,0.70707,1,3,0.99956,0.01072,0.01306,-0.02419,0.06010,0.08392,0.63436,0,0
1768603704.918007,-0.03263,0.00245,0.06320,0.00100,0.00163,0.00013,0.51836,0.00008,0.28095,-0.00009,0.70715,0.00008,0.70707,1,3,0.99956,0.01072,0.01306,-0.02419,0.06010,0.08392,0.63436,0,0
1768603704.920008,-0.00940,0.01676,0.04572,0.00088,0.00033,-0.00041,0.51841,0.00008,0.28096,-0.00009,0.70714,0.00008,0.70707,1,3,0.99956,0.01072,0.01306,-0.02419,0.06010,0.08392,0.63436,0,0
1768603704.922025,-0.00260,0.04384,0.07935,0.00112,-0.00166,-0.00089,0.51841,0.00008,0.28096,-0.00009,0.70714,0.00008,0.70707,1,3,0.99956,0.01072,0.01306,-0.02419,0.06010,0.08392,0.63436,0,0
1768603704.924053,-0.03139,0.04135,0.01952,0.00192,0.00024,0.00047,0.51845,0.00008,0.28095,-0.00009,0.70714,0.00008,0.70707,1,3,0.99956,0.01072,0.01306,-0.02419,0.06010,0.08392,0.63436,0,0
1768603704.926115,-0.05338,0.07573,-0.02965,0.00081,0.00073,-0.00030,0.51845,0.00008,0.28095,-0.00009,0.70714,0.00008,0.70707,1,3,0.99956,0.01072,0.01306,-0.02419,0.06010,0.08392,0.63436,0,0
1768603704.928021,-0.02162,0.02856,-0.06993,0.00103,0.00177,-0.00059,0.51849,0.00008,0.28095,-0.00009,0.70715,0.00008,0.70706,1,3,0.99956,0.01072,0.01306,-0.02419,0.06010,0.08392,0.63436,0,0
1768603704.930060,-0.04642,0.04999,0.01558,0.00163,0.00063,-0.00090,0.51849,0.00008,0.28095,-0.00009,0.70715,0.00008,0.70706,1,3,0.99956,0.01072,0.01306,-0.02419,0.06010,0.08392,0.63436,0,0
1768603704.932015,-0.05466,0.02122,0.03284,0.00098,-0.00004,-0.00007,0.51853,0.00008,0.28094,-0.00009,0.70716,0.00008,0.70705,1,3,0.99956,0.01072,0.01306,-0.02419,0.06010,0.08392,0.63436,0,0
1768603704.934024,0.00599,0.03846,0.03217,0.00101,-0.00049,0.00022,0.51853,0.00008,0.28094,-0.00009,0.70716,0.00008,0.70705,1,3,0.99956,0.01072,0.01306,-0.02419,0.06010,0.08392,0.63436,0,0
1768603704.936018,-0.03157,0.05977,0.02014,0.00110,-0.00041,-0.00091,0.51857,0.00008,0.28094,-0.00009,0.70717,0.00008,0.70705,1,3,0.99956,0.01072,0.01306,-0.02419,0.06010,0.08392,0.63436,0,0
1768603704.938024,-0.01696,0.07732,0.03457,0.00069,-0.00089,-0.00101,0.51857,0.00008,0.28094,-0.00009,0.70717,0.00008,0.70705,1,3,0.99956,0.01072,0.01306,-0.02419,0.06010,0.08392,0.63436,0,0
1768603704.940023,-0.02335,0.04585,-0.00731,0.00126,0.00057,0.00030,0.51857,0.00008,0.28094,-0.00009,0.70717,0.00008,0.70705,1,3,0.99956,0.01072,0.01306,-0.02419,0.06010,0.08392,0.63436,0,0
1768603704.942017,-0.00864,0.02956,0.02863,0.00155,0.00013,-0.00131,0.51862,0.00008,0.28094,-0.00009,0.70717,0.00008,0.70704,1,3,0.99956,0.01072,0.01306,-0.02419,0.06010,0.08392,0.63436,0,0
1768603704.944078,-0.00283,0.06333,0.08130,0.00123,-0.00032,-0.00037,0.51862,0.00008,0.28094,-0.00009,0.70717,0.00008,0.70704,1,3,0.99956,0.01072,0.01306,-0.02419,0.06010,0.08392,0.63436,0,0
1768603704.946029,-0.02469,0.05895,0.05036,0.00110,0.00039,-0.00143,0.51866,0.00008,0.28094,-0.00009,0.70717,0.00008,0.70704,1,3,0.99956,0.01072,0.01306,-0.02419,0.06010,0.08392,0.63436,0,0
1768603704.948052,-0.00955,0.06762,0.04384,0.00123,-0.00034,0.00012,0.51866,0.00008,0.28094,-0.00009,0.70717,0.00008,0.70704,1,3,0.99956,0.01060,0.01106,-0.02533,0.06010,0.08395,0.63446,0,0
1768603704.950063,-0.03225,0.02406,0.03595,0.00032,0.00174,-0.00012,0.51870,0.00008,0.28093,-0.00009,0.70717,0.00008,0.70704,1,3,0.99956,0.01060,0.01106,-0.02533,0.06010,0.08395,0.63446,0,0
1768603704.952060,-0.01666,0.01650,0.03571,0.00115,0.00043,-0.00027,0.51870,0.00008,0.28093,-0.00009,0.70717,0.00008,0.70704,1,3,0.99956,0.01060,0.01106,-0.02533,0.06010,0.08395,0.63446,0,0
1768603704.954055,-0.02485,0.01778,0.05579,0.00060,-0.00042,-0.00095,0.51874,0.00008,0.28093,-0.00009,0.70718,0.00008,0.70704,1,3,0.99956,0.01060,0.01106,-0.02533,0.06010,0.08395,0.63446,0,0
1768603704.956067,-0.00905,0.05919,0.02982,0.00125,-0.00007,-0.00053,0.51874,0.00008,0.28093,-0.00009,0.70718,0.00008,0.70704,1,3,0.99956,0.01060,0.01106,-0.02533,0.06010,0.08395,0.63446,0,0
1768603704.958048,0.02071,0.05443,0.04690,0.00100,0.00035,0.00014,0.51874,0.00008,0.28093,-0.00009,0.70718,0.00008,0.70704,1,3,0.99956,0.01060,0.01106,-0.02533,0.06010,0.08395,0.63446,0,0
1768603704.960049,-0.00902,0.02529,0.02599,0.00061,0.00053,-0.00051,0.51874,0.00008,0.28093,-0.00009,0.70718,0.00008,0.70704,1,3,0.99956,0.01060,0.01106,-0.02533,0.06010,0.08395,0.63446,0,0
1768603704.962050,-0.02433,0.04624,0.02791,0.00071,0.00055,-0.00050,0.51882,0.00008,0.28092,-0.00009,0.70719,0.00008,0.70703,1,3,0.99956,0.01060,0.01106,-0.02533,0.06010,0.08395,0.63446,0,0
1768603704.964060,-0.00988,0.03443,0.07448,0.00166,-0.00106,-0.00064,0.51886,0.00008,0.28092,-0.00009,0.70720,0.00008,0.70702,1,3,0.99956,0.01060,0.01106,-0.02533,0.06010,0.08395,0.63446,0,0
1768603704.966047,-0.04660,0.05550,-0.00732,0.00002,0.00013,0.00017,0.51886,0.00008,0.28092,-0.00009,0.70720,0.00008,0.70702,1,3,0.99956,0.01060,0.01106,-0.02533,0.06010,0.08395,0.63446,0,0
1768603704.968044,-0.04577,0.07119,-0.02697,0.00095,0.00098,-0.00037,0.51891,0.00008,0.28091,-0.00009,0.70720,0.00008,0.70701,1,3,0.99956,0.01060,0.01106,-0.02533,0.06010,0.08395,0.63446,0,0
1768603704.970068,-0.04687,0.05438,0.03233,0.00176,0.00017,-0.00059,0.51891,0.00008,0.28091,-0.00009,0.70720,0.00008,0.70701,1,3,0.99956,0.01060,0.01106,-0.02533,0.06010,0.08395,0.63446,0,0
1768603704.972038,-0.03075,0.04647,-0.00633,0.00125,0.00036,-0.00110,0.51895,0.00008,0.28090,-0.00009,0.70721,0.00008,0.70700,1,3,0.99956,0.01060,0.01106,-0.02533,0.06010,0.08395,0.63446,0,0
1768603704.974084,-0.02445,0.05057,0.02959,0.00084,0.00014,0.00021,0.51895,0.00008,0.28090,-0.00009,0.70721,0.00008,0.70700,1,3,0.99956,0.01060,0.01106,-0.02533,0.06010,0.08395,0.63446,0,0
1768603704.976151,-0.01586,0.02483,0.02148,0.00195,0.00048,-0.00149,0.51895,0.00008,0.28090,-0.00009,0.70721,0.00008,0.70700,1,3,0.99956,0.01060,0.01106,-0.02533,0.06010,0.08395,0.63446,0,0
1768603704.978069,-0.02334,0.03910,-0.00576,0.00046,-0.00007,-0.00154,0.51899,0.00008,0.28090,-0.00009,0.70722,0.00008,0.70699,1,3,0.99956,0.01060,0.01106,-0.02533,0.06010,0.08395,0.63446,0,0
1768603704.980068,0.01503,0.03466,-0.02399,0.00077,-0.00029,-0.00020,0.51899,0.00008,0.28090,-0.00009,0.70722,0.00008,0.70699,1,3,0.99956,0.01060,0.01106,-0.02533,0.06010,0.08395,0.63446,0,0
1768603704.982066,0.01408,0.05922,0.01363,0.00167,-0.00071,0.00101,0.51903,0.00008,0.28089,-0.00009,0.70723,0.00008,0.70698,1,3,0.99955,0.01094,0.01168,-0.02556,0.06010,0.08395,0.63447,0,0
1768603704.984069,-0.03906,0.03401,-0.00021,0.00044,-0.00001,0.00106,0.51903,0.00008,0.28089,-0.00009,0.70723,0.00008,0.70698,1,3,0.99955,0.01094,0.01168,-0.02556,0.06010,0.08395,0.63447,0,0
1768603704.986061,0.00709,-0.01231,-0.00051,0.00080,0.00021,-0.00028,0.51907,0.00008,0.28089,-0.00009,0.70723,0.00008,0.70698,1,3,0.99955,0.01094,0.01168,-0.02556,0.06010,0.08395,0.63447,0,0
1768603704.988074,-0.01568,0.00811,0.00754,0.00117,0.00096,-0.00167,0.51907,0.00008,0.28089,-0.00009,0.70723,0.00008,0.70698,1,3,0.99955,0.01094,0.01168,-0.02556,0.06010,0.08395,0.63447,0,0
1768603704.990077,0.02286,0.03715,-0.02251,0.00038,-0.00181,-0.00265,0.51912,0.00008,0.28088,-0.00009,0.70724,0.00008,0.70697,1,3,0.99955,0.01094,0.01168,-0.02556,0.06010,0.08395,0.63447,0,0
1768603704.992074,-0.03150,0.06976,0.00227,0.00095,0.00199,0.00051,0.51916,0.00008,0.28088,-0.00009,0.70725,0.00008,0.70696,1,3,0.99955,0.01094,0.01168,-0.02556,0.06010,0.08395,0.63447,0,0
1768603704.994072,-0.02367,0.07027,-0.00755,0.00083,0.00166,0.00038,0.51916,0.00008,0.28088,-0.00009,0.70725,0.00008,0.70696,1,3,0.99955,0.01094,0.01168,-0.02556,0.06010,0.08395,0.63447,0,0
1768603704.996066,-0.05440,0.04378,0.01542,0.00043,-0.00091,-0.00072,0.51920,0.00008,0.28087,-0.00009,0.70726,0.00008,0.70695,1,3,0.99955,0.01094,0.01168,-0.02556,0.06010,0.08395,0.63447,0,0
1768603704.998073,0.00600,0.03010,0.03820,0.00088,-0.00020,-0.00082,0.51920,0.00008,0.28087,-0.00009,0.70726,0.00008,0.70695,1,3,0.99955,0.01094,0.01168,-0.02556,0.06010,0.08395,0.63447,0,0
1768603705.000094,0.00585,0.06316,0.05158,0.00206,-0.00046,-0.00045,0.51924,0.00008,0.28086,-0.00009,0.70727,0.00008,0.70695,1,3,0.99955,0.01094,0.01168,-0.02556,0.06010,0.08395,0.63447,0,0
1768603705.002081,-0.00055,0.08810,-0.01798,0.00110,0.00066,0.00018,0.51924,0.00008,0.28086,-0.00009,0.70727,0.00008,0.70695,1,3,0.99955,0.01094,0.01168,-0.02556,0.06010,0.08395,0.63447,0,0
1768603705.004086,-0.05371,0.04920,-0.01418,0.00083,0.00179,0.00001,0.51928,0.00008,0.28085,-0.00009,0.70728,0.00008,0.70693,1,3,0.99955,0.01094,0.01168,-0.02556,0.06010,0.08395,0.63447,0,0
1768603705.006089,-0.02279,0.02050,-0.02110,0.00129,0.00083,-0.00014,0.51928,0.00008,0.28085,-0.00009,0.70728,0.00008,0.70693,1,3,0.99955,0.01094,0.01168,-0.02556,0.06010,0.08395,0.63447,0,0
1768603705.008091,-0.00194,0.01310,0.05312,0.00089,-0.00023,-0.00050,0.51932,0.00008,0.28085,-0.00009,0.70729,0.00008,0.70693,1,3,0.99955,0.01094,0.01168,-0.02556,0.06010,0.08395,0.63447,0,0
1768603705.010109,-0.00913,0.01137,0.02829,0.00075,0.00143,0.00042,0.51932,0.00008,0.28085,-0.00009,0.70729,0.00008,0.70693,1,3,0.99955,0.01094,0.01168,-0.02556,0.06010,0.08395,0.63447,0,0
1768603705.012099,-0.00076,0.02978,0.00813,0.00129,-0.00012,-0.00028,0.51932,0.00008,0.28085,-0.00009,0.70729,0.00008,0.70693,1,3,0.99955,0.01094,0.01168,-0.02556,0.06010,0.08395,0.63447,0,0
1768603705.014099,-0.02293,0.04254,-0.03353,0.00019,0.00068,-0.00042,0.51937,0.00008,0.28084,-0.00009,0.70730,0.00008,0.70692,1,3,0.99955,0.01094,0.01168,-0.02556,0.06010,0.08395,0.63447,0,0
1768603705.016096,-0.02279,0.02549,-0.01897,0.00142,-0.00001,-0.00020,0.51937,0.00008,0.28084,-0.00009,0.70730,0.00008,0.70692,1,3,0.99952,0.01034,0.01286,-0.02606,0.06010,0.08391,0.63423,0,0
1768603705.018080,-0.02357,0.04268,0.02535,0.00220,-0.00078,-0.00120,0.51941,0.00008,0.28084,-0.00009,0.70730,0.00008,0.70691,1,3,0.99952,0.01034,0.01286,-0.02606,0.06010,0.08391,0.63423,0,0
1768603705.020102,-0.01654,0.03460,0.02614,0.00060,-0.00012,-0.00125,0.51941,0.00008,0.28084,-0.00009,0.70730,0.00008,0.70691,1,3,0.99952,0.01034,0.01286,-0.02606,0.06010,0.08391,0.63423,0,0
1768603705.022146,0.02116,0.03385,0.03466,0.00116,-0.00024,0.00040,0.51941,0.00008,0.28084,-0.00009,0.70730,0.00008,0.70691,1,3,0.99952,0.01034,0.01286,-0.02606,0.06010,0.08391,0.63423,0,0
1768603705.024092,-0.04747,0.05868,0.04816,0.00188,-0.00051,0.00087,0.51945,0.00008,0.28083,-0.00009,0.70731,0.00008,0.70690,1,3,0.99952,0.01034,0.01286,-0.02606,0.06010,0.08391,0.63423,0,0
1768603705.026105,-0.04697,0.06341,0.01777,0.00054,0.00043,-0.00070,0.51949,0.00008,0.28083,-0.00009,0.70732,0.00008,0.70690,1,3,0.99952,0.01034,0.01286,-0.02606,0.06010,0.08391,0.63423,0,0
1768603705.028091,-0.07690,0.07055,0.01288,0.00146,0.00125,-0.00102,0.51953,0.00008,0.28082,-0.00009,0.70732,0.00008,0.70689,1,3,0.99952,0.01034,0.01286,-0.02606,0.06010,0.08391,0.63423,0,0
1768603705.030162,0.01435,0.05580,0.00750,0.00128,-0.00078,-0.00047,0.51953,0.00008,0.28082,-0.00009,0.70732,0.00008,0.70689,1,3,0.99952,0.01034,0.01286,-0.02606,0.06010,0.08391,0.63423,0,0
1768603705.032106,0.01519,0.01103,-0.01788,0.00066,-0.00153,-0.00144,0.51957,0.00008,0.28082,-0.00009,0.70733,0.00008,0.70689,1,3,0.99952,0.01034,0.01286,-0.02606,0.06010,0.08391,0.63423,0,0
1768603705.034096,-0.00091,0.03938,0.00785,0.00088,-0.00100,-0.00040,0.51957,0.00008,0.28082,-0.00009,0.70733,0.00008,0.70689,1,3,0.99952,0.01034,0.01286,-0.02606,0.06010,0.08391,0.63423,0,0
1768603705.036098,0.01368,0.08076,0.03072,0.00178,-0.00115,0.00036,0.51961,0.00008,0.28082,-0.00009,0.70733,0.00008,0.70688,1,3,0.99952,0.01034,0.01286,-0.02606,0.06010,0.08391,0.63423,0,0
1768603705.038102,-0.03224,0.07111,0.03737,0.00081,0.00089,-0.00068,0.51961,0.00008,0.28082,-0.00009,0.70733,0.00008,0.70688,1,3,0.99952,0.01034,0.01286,-0.02606,0.06010,0.08391,0.63423,0,0
1768603705.040105,-0.00970,0.04643,0.05748,0.00112,0.00004,-0.00078,0.51961,0.00008,0.28082,-0.00009,0.70733,0.00008,0.70688,1,3,0.99952,0.01034,0.01286,-0.02606,0.06010,0.08391,0.63423,0,0
1768603705.042101,-0.00235,0.02476,0.07957,0.00194,-0.00013,-0.00027,0.51966,0.00008,0.28081,-0.00009,0.70734,0.00008,0.70687,1,3,0.99952,0.01034,0.01286,-0.02606,0.06010,0.08391,0.63423,0,0
1768603705.044095,0.00620,0.00776,0.02520,0.00104,0.00052,0.00098,0.51966,0.00008,0.28081,-0.00009,0.70734,0.00008,0.70687,1,3,0.99952,0.01034,0.01286,-0.02606,0.06010,0.08391,0.63423,0,0
1768603705.046096,-0.01666,0.05983,0.02326,0.00137,-0.00125,0.00112,0.51970,0.00008,0.28081,-0.00009,0.70734,0.00008,0.70687,1,3,0.99952,0.01034,0.01286,-0.02606,0.06010,0.08391,0.63423,0,0
1768603705.048121,0.00544,0.08444,0.05880,0.00163,-0.00038,-0.00072,0.51970,0.00008,0.28081,-0.00009,0.70734,0.00008,0.70687,1,3,0.99952,0.01034,0.01286,-0.02606,0.06010,0.08391,0.63423,0,0
1768603705.050096,-0.04716,0.04153,0.03642,0.00070,0.00131,-0.00159,0.51974,0.00008,0.28081,-0.00009,0.70735,0.00008,0.70687,1,3,0.99955,0.01061,0.01304,-0.02496,0.06012,0.08394,0.63437,0,0
1768603705.052094,-0.03958,0.03247,0.04534,0.00165,0.00099,-0.00046,0.51974,0.00008,0.28081,-0.00009,0.70735,0.00008,0.70687,1,3,0.99955,0.01061,0.01304,-0.02496,0.06012,0.08394,0.63437,0,0
1768603705.054117,0.02159,0.04869,0.02293,0.00089,-0.00169,-0.00129,0.51979,0.00008,0.28081,-0.00009,0.70735,0.00008,0.70686,1,3,0.99955,0.01061,0.01304,-0.02496,0.06012,0.08394,0.63437,0,0
1768603705.056126,0.02129,0.04260,0.02547,0.00062,0.00009,-0.00046,0.51983,0.00008,0.28080,-0.00009,0.70736,0.00008,0.70685,1,3,0.99955,0.01061,0.01304,-0.02496,0.06012,0.08394,0.63437,0,0
1768603705.058117,-0.01724,0.07094,0.04120,0.00109,0.00050,0.00059,0.51983,0.00008,0.28080,-0.00009,0.70736,0.00008,0.70685,1,3,0.99955,0.01061,0.01304,-0.02496,0.06012,0.08394,0.63437,0,0
1768603705.060109,-0.05443,0.07935,0.02298,0.00119,0.00115,-0.00152,0.51987,0.00008,0.28080,-0.00009,0.70736,0.00008,0.70685,1,3,0.99955,0.01061,0.01304,-0.02496,0.06012,0.08394,0.63437,0,0
1768603705.062107,-0.01653,0.05522,0.01796,0.00058,0.00022,-0.00073,0.51987,0.00008,0.28080,-0.00009,0.70736,0.00008,0.70685,1,3,0.99955,0.01061,0.01304,-0.02496,0.06012,0.08394,0.63437,0,0
1768603705.064149,-0.00114,0.04413,0.03461,0.00194,-0.00220,-0.00085,0.51991,0.00008,0.28080,-0.00009,0.70737,0.00008,0.70685,1,3,0.99955,0.01061,0.01304,-0.02496,0.06012,0.08394,0.63437,0,0
1768603705.066114,0.00644,0.02971,0.01792,0.00102,-0.00000,-0.00004,0.51991,0.00008,0.28080,-0.00009,0.70737,0.00008,0.70685,1,3,0.99955,0.01061,0.01304,-0.02496,0.06012,0.08394,0.63437,0,0
1768603705.068127,-0.03855,0.05021,-0.00492,0.00137,0.00038,0.00012,0.51995,0.00008,0.28079,-0.00009,0.70737,0.00008,0.70684,1,3,0.99955,0.01061,0.01304,-0.02496,0.06012,0.08394,0.63437,0,0
1768603705.070132,-0.00793,0.05393,-0.01287,0.00180,0.00050,0.00072,0.51995,0.00008,0.28079,-0.00009,0.70737,0.00008,0.70684,1,3,0.99955,0.01061,0.01304,-0.02496,0.06012,0.08394,0.63437,0,0
1768603705.072125,-0.01672,0.02988,0.03261,0.00100,-0.00026,-0.00005,0.51999,0.00008,0.28079,-0.00009,0.70738,0.00008,0.70684,1,3,0.99955,0.01061,0.01304,-0.02496,0.06012,0.08394,0.63437,0,0
1768603705.074139,-0.02395,0.02188,0.02476,0.00047,0.00030,-0.00211,0.51999,0.00008,0.28079,-0.00009,0.70738,0.00008,0.70684,1,3,0.99955,0.01061,0.01304,-0.02496,0.06012,0.08394,0.63437,0,0
1768603705.076148,-0.00130,0.05939,0.03453,0.00193,-0.00067,-0.00065,0.51999,0.00008,0.28079,-0.00009,0.70738,0.00008,0.70684,1,3,0.99955,0.01061,0.01304,-0.02496,0.06012,0.08394,0.63437,0,0
1768603705.078318,-0.00039,0.02043,-0.01621,0.00076,0.00111,0.00022,0.52004,0.00008,0.28078,-0.00009,0.70738,0.00008,0.70683,1,3,0.99955,0.01061,0.01304,-0.02496,0.06012,0.08394,0.63437,0,0
1768603705.080147,0.03811,0.02743,-0.02885,0.00093,-0.00145,-0.00049,0.52004,0.00008,0.28078,-0.00009,0.70738,0.00008,0.70683,1,3,0.99955,0.01061,0.01304,-0.02496,0.06012,0.08394,0.63437,0,0
1768603705.082151,0.00624,0.07650,0.02921,0.00165,-0.00074,-0.00060,0.52008,0.00008,0.28078,-0.00009,0.70739,0.00008,0.70682,1,3,0.99955,0.01061,0.01304,-0.02496,0.06012,0.08394,0.63437,0,0
1768603705.084123,-0.03136,0.02507,0.01669,0.00086,0.00085,-0.00125,0.52008,0.00008,0.28078,-0.00009,0.70739,0.00008,0.70682,1,3,0.99955,0.01061,0.01304,-0.02496,0.06012,0.08394,0.63437,0,0
1768603705.086119,-0.01626,0.07207,0.00264,0.00056,0.00025,-0.00054,0.52012,0.00008,0.28078,-0.00009,0.70739,0.00008,0.70682,1,3,0.99955,0.01061,0.01304,-0.02496,0.06012,0.08394,0.63437,0,0
1768603705.088119,0.00022,0.03910,-0.02645,0.00143,-0.00076,-0.00074,0.52012,0.00008,0.28078,-0.00009,0.70739,0.00008,0.70682,1,3,0.99955,0.01061,0.01304,-0.02496,0.06012,0.08394,0.63437,0,0
1768603705.090119,-0.02353,0.04522,-0.00696,0.00085,0.00144,0.00030,0.52016,0.00008,0.28078,-0.00009,0.70740,0.00008,0.70682,1,3,0.99955,0.01061,0.01304,-0.02496,0.06012,0.08394,0.63437,0,0
1768603705.092147,-0.00901,0.03764,0.02269,0.00086,0.00049,0.00011,0.52016,0.00008,0.28078,-0.00009,0.70740,0.00008,0.70682,1,3,0.99957,0.01054,0.00997,-0.02532,0.06012,0.08398,0.63466,0,0
1768603705.094151,-0.00857,0.04714,0.00781,0.00086,-0.00034,-0.00037,0.52020,0.00008,0.28077,-0.00009,0.70740,0.00008,0.70681,1,3,0.99957,0.01054,0.00997,-0.02532,0.06012,0.08398,0.63466,0,0
1768603705.096155,-0.00838,0.06385,-0.00297,0.00112,-0.00047,0.00020,0.52020,0.00008,0.28077,-0.00009,0.70740,0.00008,0.70681,1,3,0.99957,0.01054,0.00997,-0.02532,0.06012,0.08398,0.63466,0,0
1768603705.098146,-0.02291,0.04662,-0.03194,0.00073,0.00027,0.00030,0.52020,0.00008,0.28077,-0.00009,0.70740,0.00008,0.70681,1,3,0.99957,0.01054,0.00997,-0.02532,0.06012,0.08398,0.63466,0,0
1768603705.100160,0.03741,0.03024,-0.00184,0.00119,-0.00046,-0.00016,0.52024,0.00008,0.28077,-0.00009,0.70741,0.00008,0.70681,1,3,0.99957,0.01054,0.00997,-0.02532,0.06012,0.08398,0.63466,0,0
1768603705.102173,0.04421,0.02753,0.03035,0.00092,-0.00182,-0.00066,0.52029,0.00008,0.28077,-0.00009,0.70740,0.00008,0.70681,1,3,0.99957,0.01054,0.00997,-0.02532,0.06012,0.08398,0.63466,0,0
1768603705.104187,-0.01708,0.05104,0.04017,0.00057,0.00005,-0.00070,0.52033,0.00008,0.28077,-0.00009,0.70741,0.00008,0.70680,1,3,0.99957,0.01054,0.00997,-0.02532,0.06012,0.08398,0.63466,0,0
1768603705.106210,-0.04006,0.02924,0.05765,0.00111,0.00026,-0.00044,0.52033,0.00008,0.28077,-0.00009,0.70741,0.00008,0.70680,1,3,0.99957,0.01054,0.00997,-0.02532,0.06012,0.08398,0.63466,0,0
1768603705.108147,-0.03035,0.03801,-0.03094,0.00073,0.00071,-0.00061,0.52037,0.00008,0.28076,-0.00009,0.70741,0.00008,0.70680,1,3,0.99957,0.01054,0.00997,-0.02532,0.06012,0.08398,0.63466,0,0
1768603705.110148,-0.03143,0.02182,0.01824,0.00100,-0.00044,-0.00045,0.52037,0.00008,0.28076,-0.00009,0.70741,0.00008,0.70680,1,3,0.99957,0.01054,0.00997,-0.02532,0.06012,0.08398,0.63466,0,0
1768603705.112137,0.05263,0.05284,0.00410,0.00199,-0.00257,0.00009,0.52041,0.00008,0.28076,-0.00009,0.70741,0.00008,0.70680,1,3,0.99957,0.01054,0.00997,-0.02532,0.06012,0.08398,0.63466,0,0
1768603705.114141,-0.00115,0.02215,0.01365,0.00035,-0.00028,-0.00059,0.52041,0.00008,0.28076,-0.00009,0.70741,0.00008,0.70680,1,3,0.99957,0.01054,0.00997,-0.02532,0.06012,0.08398,0.63466,0,0
1768603705.116146,0.00553,0.06777,0.05415,0.00138,-0.00043,-0.00052,0.52045,0.00008,0.28076,-0.00009,0.70742,0.00008,0.70679,1,3,0.99957,0.01054,0.00997,-0.02532,0.06012,0.08398,0.63466,0,0
1768603705.118155,-0.06150,0.02404,0.02132,0.00192,0.00113,-0.00110,0.52045,0.00008,0.28076,-0.00009,0.70742,0.00008,0.70679,1,3,0.99957,0.01054,0.00997,-0.02532,0.06012,0.08398,0.63466,0,0
1768603705.120165,-0.02299,0.05075,-0.02876,0.00045,0.00074,-0.00052,0.52045,0.00008,0.28076,-0.00009,0.70742,0.00008,0.70679,1,3,0.99957,0.01054,0.00997,-0.02532,0.06012,0.08398,0.63466,0,0
1768603705.122163,-0.03151,0.05121,0.01435,0.00124,-0.00070,0.00035,0.52049,0.00008,0.28076,-0.00009,0.70742,0.00008,0.70679,1,3,0.99957,0.01054,0.00997,-0.02532,0.06012,0.08398,0.63466,0,0
1768603705.124163,-0.00944,0.05921,0.04828,0.00191,-0.00094,0.00061,0.52049,0.00008,0.28076,-0.00009,0.70742,0.00008,0.70679,1,3,0.99957,0.01054,0.00997,-0.02532,0.06012,0.08398,0.63466,0,0
1768603705.126163,0.00561,0.03856,0.04804,0.00060,-0.00008,-0.00094,0.52053,0.00008,0.28075,-0.00009,0.70743,0.00008,0.70679,1,3,0.99957,0.01054,0.00997,-0.02532,0.06012,0.08398,0.63466,0,0
1768603705.128185,-0.00168,0.05432,0.03725,0.00125,0.00045,-0.00022,0.52053,0.00008,0.28075,-0.00009,0.70743,0.00008,0.70679,1,3,0.99954,0.01081,0.01283,-0.02511,0.06011,0.08394,0.63444,0,0
1768603705.130176,0.00528,0.03711,0.06645,0.00167,0.00015,0.00060,0.52053,0.00008,0.28075,-0.00009,0.70743,0.00008,0.70679,1,3,0.99954,0.01081,0.01283,-0.02511,0.06011,0.08394,0.63444,0,0
1768603705.132185,-0.04666,0.05064,0.00497,0.00069,0.00028,0.00023,0.52057,0.00008,0.28075,-0.00009,0.70743,0.00008,0.70678,1,3,0.99954,0.01081,0.01283,-0.02511,0.06011,0.08394,0.63444,0,0
1768603705.134162,-0.01669,0.03449,0.02522,0.00059,-0.00035,-0.00011,0.52061,0.00008,0.28075,-0.00009,0.70743,0.00008,0.70678,1,3,0.99954,0.01081,0.01283,-0.02511,0.06011,0.08394,0.63444,0,0
1768603705.136201,-0.01600,0.03780,0.01304,0.00154,0.00016,-0.00050,0.52061,0.00008,0.28075,-0.00009,0.70743,0.00008,0.70678,1,3,0.99954,0.01081,0.01283,-0.02511,0.06011,0.08394,0.63444,0,0
1768603705.138158,-0.03898,0.03932,0.00840,0.00044,-0.00056,-0.00091,0.52066,0.00008,0.28075,-0.00009,0.70744,0.00008,0.70678,1,3,0.99954,0.01081,0.01283,-0.02511,0.06011,0.08394,0.63444,0,0
1768603705.140188,-0.02348,0.02520,0.00505,0.00154,-0.00016,0.00054,0.52066,0.00008,0.28075,-0.00009,0.70744,0.00008,0.70678,1,3,0.99954,0.01081,0.01283,-0.02511,0.06011,0.08394,0.63444,0,0
1768603705.142170,0.00570,0.03344,0.06023,0.00168,0.00007,-0.00087,0.52070,0.00008,0.28074,-0.00009,0.70744,0.00008,0.70677,1,3,0.99954,0.01081,0.01283,-0.02511,0.06011,0.08394,0.63444,0,0
1768603705.144177,0.03677,0.03100,0.01818,0.00064,-0.00087,-0.00057,0.52074,0.00008,0.28074,-0.00009,0.70744,0.00008,0.70677,1,3,0.99954,0.01081,0.01283,-0.02511,0.06011,0.08394,0.63444,0,0
1768603705.146220,-0.02517,0.05519,0.07165,0.00150,-0.00066,-0.00063,0.52074,0.00008,0.28074,-0.00009,0.70744,0.00008,0.70677,1,3,0.99954,0.01081,0.01283,-0.02511,0.06011,0.08394,0.63444,0,0
1768603705.148212,-0.02459,0.06700,0.05389,0.00216,-0.00022,-0.00037,0.52078,0.00008,0.28074,-0.00009,0.70744,0.00008,0.70677,1,3,0.99954,0.01081,0.01283,-0.02511,0.06011,0.08394,0.63444,0,0
1768603705.150192,-0.05401,0.02454,0.00669,0.00071,0.00139,-0.00086,0.52078,0.00008,0.28074,-0.00009,0.70744,0.00008,0.70677,1,3,0.99954,0.01081,0.01283,-0.02511,0.06011,0.08394,0.63444,0,0
1768603705.152191,0.01315,0.05450,0.04708,0.00099,0.00035,-0.00011,0.52082,0.00008,0.28074,-0.00009,0.70744,0.00008,0.70677,1,3,0.99954,0.01081,0.01283,-0.02511,0.06011,0.08394,0.63444,0,0
1768603705.154186,-0.00949,0.04260,0.03897,0.00099,-0.00062,0.00080,0.52082,0.00008,0.28074,-0.00009,0.70744,0.00008,0.70677,1,3,0.99954,0.01081,0.01283,-0.02511,0.06011,0.08394,0.63444,0,0
1768603705.156192,-0.01702,0.05474,0.03224,0.00057,0.00039,0.00002,0.52082,0.00008,0.28074,-0.00009,0.70744,0.00008,0.70677,1,3,0.99954,0.01081,0.01283,-0.02511,0.06011,0.08394,0.63444,0,0
1768603705.158189,-0.00847,0.06152,0.02014,0.00152,-0.00216,-0.00168,0.52086,0.00008,0.28074,-0.00009,0.70744,0.00008,0.70677,1,3,0.99954,0.01081,0.01283,-0.02511,0.06011,0.08394,0.63444,0,0
1768603705.160192,-0.05355,0.03731,-0.00123,0.00151,0.00086,-0.00099,0.52086,0.00008,0.28074,-0.00009,0.70744,0.00008,0.70677,1,3,0.99954,0.01081,0.01283,-0.02511,0.06011,0.08394,0.63444,0,0
1768603705.162192,-0.00862,0.01327,-0.00148,-0.00005,0.00019,0.00041,0.52090,0.00008,0.28074,-0.00009,0.70745,0.00008,0.70677,1,3,0.99958,0.01089,0.01127,-0.02418,0.06012,0.08397,0.63464,0,0
1768603705.164209,-0.01681,0.02993,0.04191,0.00153,-0.00080,0.00033,0.52090,0.00008,0.28074,-0.00009,0.70745,0.00008,0.70677,1,3,0.99958,0.01089,0.01127,-0.02418,0.06012,0.08397,0.63464,0,0
1768603705.166209,-0.02413,0.03806,0.02667,0.00152,-0.00055,0.00075,0.52090,0.00008,0.28074,-0.00009,0.70745,0.00008,0.70677,1,3,0.99958,0.01089,0.01127,-0.02418,0.06012,0.08397,0.63464,0,0
1768603705.168221,0.00600,0.05136,0.03465,0.00113,-0.00067,-0.00031,0.52090,0.00008,0.28074,-0.00009,0.70745,0.00008,0.70677,1,3,0.99958,0.01089,0.01127,-0.02418,0.06012,0.08397,0.63464,0,0
1768603705.170201,0.00736,0.03613,-0.01410,0.00090,-0.00170,-0.00085,0.52094,0.00008,0.28074,-0.00009,0.70745,0.00008,0.70676,1,3,0.99958,0.01089,0.01127,-0.02418,0.06012,0.08397,0.63464,0,0
1768603705.172232,-0.02362,0.05560,0.00761,0.00125,-0.00056,-0.00059,0.52103,0.00008,0.28073,-0.00009,0.70746,0.00008,0.70676,1,3,0.99958,0.01089,0.01127,-0.02418,0.06012,0.08397,0.63464,0,0
1768603705.174215,-0.01557,0.04248,-0.01397,0.00087,0.00027,-0.00055,0.52103,0.00008,0.28073,-0.00009,0.70746,0.00008,0.70676,1,3,0.99958,0.01089,0.01127,-0.02418,0.06012,0.08397,0.63464,0,0
1768603705.176229,-0.01687,0.03332,0.03455,0.00113,0.00020,0.00067,0.52107,0.00008,0.28073,-0.00009,0.70746,0.00008,0.70675,1,3,0.99958,0.01089,0.01127,-0.02418,0.06012,0.08397,0.63464,0,0
1768603705.178231,-0.07679,0.02834,-0.00162,0.00069,0.00151,0.00025,0.52107,0.00008,0.28073,-0.00009,0.70746,0.00008,0.70675,1,3,0.99958,0.01089,0.01127,-0.02418,0.06012,0.08397,0.63464,0,0
1768603705.180270,-0.00881,0.06033,0.01969,0.00112,-0.00107,-0.00053,0.52111,0.00008,0.28073,-0.00009,0.70746,0.00008,0.70675,1,3,0.99958,0.01089,0.01127,-0.02418,0.06012,0.08397,0.63464,0,0
1768603705.182212,0.00731,0.04191,-0.01425,0.00129,0.00048,-0.00016,0.52111,0.00008,0.28073,-0.00009,0.70746,0.00008,0.70675,1,3,0.99958,0.01089,0.01127,-0.02418,0.06012,0.08397,0.63464,0,0
1768603705.184208,-0.02496,0.05981,0.05927,0.00123,-0.00081,-0.00068,0.52115,0.00008,0.28073,-0.00009,0.70746,0.00008,0.70675,1,3,0.99958,0.01089,0.01127,-0.02418,0.06012,0.08397,0.63464,0,0
1768603705.186218,-0.03856,0.04994,-0.01479,0.00084,0.00091,0.00050,0.52115,0.00008,0.28073,-0.00009,0.70746,0.00008,0.70675,1,3,0.99958,0.01089,0.01127,-0.02418,0.06012,0.08397,0.63464,0,0
1768603705.188207,-0.02400,0.02110,0.03237,0.00181,-0.00048,0.00019,0.52115,0.00008,0.28073,-0.00009,0.70746,0.00008,0.70675,1,3,0.99958,0.01089,0.01127,-0.02418,0.06012,0.08397,0.63464,0,0
1768603705.190205,0.01498,0.06349,-0.02740,0.00101,0.00011,0.00022,0.52119,0.00008,0.28073,-0.00009,0.70746,0.00008,0.70676,1,3,0.99958,0.01089,0.01127,-0.02418,0.06012,0.08397,0.63464,0,0
1768603705.192242,-0.01649,0.05592,0.01295,0.00031,-0.00028,-0.00074,0.52119,0.00008,0.28073,-0.00009,0.70746,0.00008,0.70676,1,3,0.99958,0.01089,0.01127,-0.02418,0.06012,0.08397,0.63464,0,0
1768603705.194201,-0.00775,0.05510,-0.02220,0.00127,-0.00005,-0.00005,0.52119,0.00008,0.28073,-0.00009,0.70746,0.00008,0.70676,1,3,0.99953,0.01077,0.01243,-0.02571,0.06011,0.08396,0.63449,0,0
1768603705.196239,0.00660,0.02936,0.00421,0.00022,0.00114,-0.00080,0.52123,0.00008,0.28073,-0.00009,0.70746,0.00008,0.70675,1,3,0.99953,0.01077,0.01243,-0.02571,0.06011,0.08396,0.63449,0,0
1768603705.198229,-0.00070,0.04202,0.00519,0.00155,0.00006,-0.00004,0.52123,0.00008,0.28073,-0.00009,0.70746,0.00008,0.70675,1,3,0.99953,0.01077,0.01243,-0.02571,0.06011,0.08396,0.63449,0,0
1768603705.200313,0.02128,0.06269,0.02627,0.00153,0.00010,0.00083,0.52127,0.00008,0.28073,-0.00009,0.70746,0.00008,0.70675,1,3,0.99953,0.01077,0.01243,-0.02571,0.06011,0.08396,0.63449,0,0
1768603705.202226,-0.00153,0.04570,0.02217,0.00086,0.00070,0.00065,0.52132,0.00008,0.28073,-0.00009,0.70746,0.00008,0.70675,1,3,0.99953,0.01077,0.01243,-0.02571,0.06011,0.08396,0.63449,0,0
1768603705.204234,-0.00919,0.03827,0.03231,0.00100,-0.00027,0.00010,0.52132,0.00008,0.28073,-0.00009,0.70746,0.00008,0.70675,1,3,0.99953,0.01077,0.01243,-0.02571,0.06011,0.08396,0.63449,0,0
1768603705.206218,-0.02333,0.03385,0.01097,0.00181,-0.00009,-0.00108,0.52136,0.00008,0.28073,-0.00009,0.70746,0.00008,0.70675,1,3,0.99953,0.01077,0.01243,-0.02571,0.06011,0.08396,0.63449,0,0
1768603705.208238,-0.00040,0.02776,-0.00802,0.00036,-0.00119,-0.00178,0.52136,0.00008,0.28073,-0.00009,0.70746,0.00008,0.70675,1,3,0.99953,0.01077,0.01243,-0.02571,0.06011,0.08396,0.63449,0,0
1768603705.210232,-0.02407,0.02877,0.02365,0.00086,0.00116,-0.00067,0.52140,0.00008,0.28073,-0.00009,0.70746,0.00008,0.70675,1,3,0.99953,0.01077,0.01243,-0.02571,0.06011,0.08396,0.63449,0,0
1768603705.212229,0.02187,0.06375,0.00733,0.00127,-0.00035,-0.00031,0.52140,0.00008,0.28073,-0.00009,0.70746,0.00008,0.70675,1,3,0.99953,0.01077,0.01243,-0.02571,0.06011,0.08396,0.63449,0,0
1768603705.214240,0.01364,0.05579,0.02743,0.00073,-0.00054,-0.00049,0.52144,0.00008,0.28073,-0.00009,0.70747,0.00008,0.70675,1,3,0.99953,0.01077,0.01243,-0.02571,0.06011,0.08396,0.63449,0,0
1768603705.216254,-0.03186,0.04656,0.02320,0.00044,0.00050,-0.00076,0.52144,0.00008,0.28073,-0.00009,0.70747,0.00008,0.70675,1,3,0.99953,0.01077,0.01243,-0.02571,0.06011,0.08396,0.63449,0,0
1768603705.218274,-0.01712,0.05960,0.05367,0.00177,-0.00110,-0.00003,0.52148,0.00008,0.28073,-0.00009,0.70746,0.00008,0.70675,1,3,0.99953,0.01077,0.01243,-0.02571,0.06011,0.08396,0.63449,0,0
1768603705.220256,-0.03140,0.05062,0.02029,0.00151,0.00003,-0.00079,0.52148,0.00008,0.28073,-0.00009,0.70746,0.00008,0.70675,1,3,0.99953,0.01077,0.01243,-0.02571,0.06011,0.08396,0.63449,0,0
1768603705.222263,0.02196,0.02209,-0.00139,0.00038,-0.00024,-0.00020,0.52148,0.00008,0.28073,-0.00009,0.70746,0.00008,0.70675,1,3,0.99953,0.01077,0.01243,-0.02571,0.06011,0.08396,0.63449,0,0
1768603705.224244,-0.01645,0.06444,0.03190,0.00178,-0.00136,-0.00084,0.52152,0.00008,0.28073,-0.00009,0.70746,0.00008,0.70675,1,3,0.99953,0.01077,0.01243,-0.02571,0.06011,0.08396,0.63449,0,0
1768603705.226243,-0.01659,0.05552,0.02237,0.00084,-0.00038,-0.00036,0.52152,0.00008,0.28073,-0.00009,0.70746,0.00008,0.70675,1,3,0.99953,0.01077,0.01243,-0.02571,0.06011,0.08396,0.63449,0,0
1768603705.228262,-0.02406,0.04085,0.01049,0.00058,0.00165,0.00033,0.52156,0.00008,0.28073,-0.00009,0.70746,0.00008,0.70675,1,3,0.99953,0.01077,0.01243,-0.02571,0.06011,0.08396,0.63449,0,0
1768603705.230258,0.01389,0.05041,0.02477,0.00141,0.00008,-0.00004,0.52156,0.00008,0.28073,-0.00009,0.70746,0.00008,0.70675,1,3,0.99953,0.01073,0.01272,-0.02568,0.06011,0.08395,0.63441,0,0
1768603705.232299,-0.00182,0.05564,0.04185,0.00112,-0.00080,-0.00024,0.52160,0.00008,0.28073,-0.00009,0.70747,0.00008,0.70675,1,3,0.99953,0.01073,0.01272,-0.02568,0.06011,0.08395,0.63441,0,0
1768603705.234263,-0.00919,0.06115,0.03905,0.00138,-0.00215,-0.00056,0.52160,0.00008,0.28073,-0.00009,0.70747,0.00008,0.70675,1,3,0.99953,0.01073,0.01272,-0.02568,0.06011,0.08395,0.63441,0,0
1768603705.236265,-0.02445,0.07264,0.04170,0.00149,-0.00102,-0.00082,0.52164,0.00008,0.28073,-0.00009,0.70747,0.00008,0.70675,1,3,0.99953,0.01073,0.01272,-0.02568,0.06011,0.08395,0.63441,0,0
1768603705.238271,-0.01687,0.06257,0.02250,0.00043,0.00115,-0.00007,0.52168,0.00008,0.28073,-0.00009,0.70747,0.00008,0.70675,1,3,0.99953,0.01073,0.01272,-0.02568,0.06011,0.08395,0.63441,0,0
1768603705.240281,-0.00962,0.02122,0.04785,0.00060,0.00014,-0.00009,0.52168,0.00008,0.28073,-0.00009,0.70747,0.00008,0.70675,1,3,0.99953,0.01073,0.01272,-0.02568,0.06011,0.08395,0.63441,0,0
1768603705.242306,-0.00964,0.03315,0.05944,0.00167,0.00006,0.00015,0.52172,0.00008,0.28073,-0.00009,0.70747,0.00008,0.70675,1,3,0.99953,0.01073,0.01272,-0.02568,0.06011,0.08395,0.63441,0,0
1768603705.244284,-0.03169,0.01561,0.02112,0.00073,0.00156,-0.00000,0.52172,0.00008,0.28073,-0.00009,0.70747,0.00008,0.70675,1,3,0.99953,0.01073,0.01272,-0.02568,0.06011,0.08395,0.63441,0,0
1768603705.246297,0.03717,0.06141,0.00580,0.00076,-0.00146,-0.00169,0.52176,0.00008,0.28073,-0.00009,0.70747,0.00008,0.70674,1,3,0.99953,0.01073,0.01272,-0.02568,0.06011,0.08395,0.63441,0,0
1768603705.248282,-0.00114,0.04179,0.02084,0.00114,0.00069,-0.00082,0.52176,0.00008,0.28073,-0.00009,0.70747,0.00008,0.70674,1,3,0.99953,0.01073,0.01272,-0.02568,0.06011,0.08395,0.63441,0,0
1768603705.250319,-0.03198,0.05089,0.02489,0.00056,0.00008,-0.00005,0.52180,0.00008,0.28073,-0.00009,0.70747,0.00008,0.70674,1,3,0.99953,0.01073,0.01272,-0.02568,0.06011,0.08395,0.63441,0,0
1768603705.252306,-0.00193,0.05098,0.04493,0.00085,-0.00011,-0.00057,0.52180,0.00008,0.28073,-0.00009,0.70747,0.00008,0.70674,1,3,0.99953,0.01073,0.01272,-0.02568,0.06011,0.08395,0.63441,0,0
1768603705.254355,0.02067,0.07607,0.05287,0.00178,-0.00088,0.00065,0.52184,0.00008,0.28073,-0.00009,0.70748,0.00008,0.70674,1,3,0.99953,0.01073,0.01272,-0.02568,0.06011,0.08395,0.63441,0,0
1768603705.256299,0.00672,0.05626,0.00324,0.00060,-0.00062,-0.00112,0.52184,0.00008,0.28073,-0.00009,0.70748,0.00008,0.70674,1,3,0.99953,0.01073,0.01272,-0.02568,0.06011,0.08395,0.63441,0,0
1768603705.258280,-0.01636,0.03424,0.02014,0.00113,-0.00041,-0.00009,0.52188,0.00008,0.28073,-0.00009,0.70748,0.00008,0.70674,1,3,0.99953,0.01073,0.01272,-0.02568,0.06011,0.08395,0.63441,0,0
1768603705.260284,0.02165,0.02498,0.02076,0.00117,0.00047,-0.00024,0.52188,0.00008,0.28073,-0.00009,0.70748,0.00008,0.70674,1,3,0.99958,0.01068,0.01150,-0.02422,0.06013,0.08397,0.63461,0,0
1768603705.262302,-0.01707,0.04214,0.04042,0.00058,0.00049,-0.00059,0.52188,0.00008,0.28073,-0.00009,0.70748,0.00008,0.70674,1,3,0.99958,0.01068,0.01150,-0.02422,0.06013,0.08397,0.63461,0,0
1768603705.264297,-0.01758,0.05039,0.06445,0.00110,0.00013,-0.00032,0.52192,0.00008,0.28072,-0.00009,0.70748,0.00008,0.70674,1,3,0.99958,0.01068,0.01150,-0.02422,0.06013,0.08397,0.63461,0,0
1768603705.266321,-0.02331,0.01977,-0.00193,0.00155,0.00107,0.00061,0.52192,0.00008,0.28072,-0.00009,0.70748,0.00008,0.70674,1,3,0.99958,0.01068,0.01150,-0.02422,0.06013,0.08397,0.63461,0,0
1768603705.268319,-0.07552,0.03370,-0.04811,0.00057,0.00094,-0.00054,0.52196,0.00008,0.28072,-0.00009,0.70748,0.00008,0.70673,1,3,0.99958,0.01068,0.01150,-0.02422,0.06013,0.08397,0.63461,0,0
1768603705.270364,-0.02297,0.01695,-0.01898,0.00102,0.00020,0.00027,0.52196,0.00008,0.28072,-0.00009,0.70748,0.00008,0.70673,1,3,0.99958,0.01068,0.01150,-0.02422,0.06013,0.08397,0.63461,0,0
1768603705.272408,-0.02455,0.05062,0.05991,0.00205,-0.00036,-0.00132,0.52200,0.00008,0.28072,-0.00009,0.70749,0.00008,0.70673,1,3,0.99958,0.01068,0.01150,-0.02422,0.06013,0.08397,0.63461,0,0
1768603705.274309,-0.01633,0.02196,0.01379,0.00034,-0.00006,-0.00071,0.52200,0.00008,0.28072,-0.00009,0.70749,0.00008,0.70673,1,3,0.99958,0.01068,0.01150,-0.02422,0.06013,0.08397,0.63461,0,0
1768603705.276305,-0.03902,0.03354,0.02014,0.00152,0.00002,-0.00008,0.52204,0.00008,0.28072,-0.00009,0.70749,0.00008,0.70673,1,3,0.99958,0.01068,0.01150,-0.02422,0.06013,0.08397,0.63461,0,0
1768603705.278306,-0.01583,0.06315,-0.00786,0.00125,0.00012,0.00034,0.52208,0.00008,0.28071,-0.00009,0.70749,0.00008,0.70672,1,3,0.99958,0.01068,0.01150,-0.02422,0.06013,0.08397,0.63461,0,0
1768603705.280396,-0.00890,0.05575,0.02788,0.00112,-0.00054,-0.00125,0.52208,0.00008,0.28071,-0.00009,0.70749,0.00008,0.70672,1,3,0.99958,0.01068,0.01150,-0.02422,0.06013,0.08397,0.63461,0,0
1768603705.283158,0.02202,0.06637,0.01203,0.00155,-0.00291,-0.00110,0.52212,0.00008,0.28071,-0.00009,0.70749,0.00008,0.70672,1,3,0.99958,0.01068,0.01150,-0.02422,0.06013,0.08397,0.63461,0,0
1768603705.284375,0.00677,0.07022,0.02420,0.00220,-0.00298,-0.00128,0.52212,0.00008,0.28071,-0.00009,0.70749,0.00008,0.70672,1,3,0.99958,0.01068,0.01150,-0.02422,0.06013,0.08397,0.63461,0,0
1768603705.286351,-0.02275,0.05382,-0.04631,0.00032,0.00184,0.00022,0.52216,0.00008,0.28071,-0.00009,0.70750,0.00008,0.70672,1,3,0.99958,0.01068,0.01150,-0.02422,0.06013,0.08397,0.63461,0,0
1768603705.288301,-0.00797,0.01714,-0.01413,0.00090,0.00004,0.00039,0.52216,0.00008,0.28071,-0.00009,0.70750,0.00008,0.70672,1,3,0.99958,0.01068,0.01150,-0.02422,0.06013,0.08397,0.63461,0,0
1768603705.290337,-0.01713,0.04999,0.04417,0.00124,0.00032,0.00046,0.52220,0.00008,0.28070,-0.00009,0.70750,0.00008,0.70671,1,3,0.99958,0.01068,0.01150,-0.02422,0.06013,0.08397,0.63461,0,0
1768603705.292318,0.01288,0.05926,0.05987,0.00085,0.00007,-0.00094,0.52220,0.00008,0.28070,-0.00009,0.70750,0.00008,0.70671,1,3,0.99958,0.01068,0.01150,-0.02422,0.06013,0.08397,0.63461,0,0
1768603705.294317,0.02151,0.07664,0.01978,0.00112,-0.00041,-0.00086,0.52224,0.00008,0.28070,-0.00009,0.70750,0.00008,0.70671,1,3,0.99958,0.01068,0.01150,-0.02422,0.06013,0.08397,0.63461,0,0
1768603705.296345,0.03039,0.04101,-0.01031,0.00105,-0.00187,-0.00282,0.52224,0.00008,0.28070,-0.00009,0.70750,0.00008,0.70671,1,3,0.99958,0.01068,0.01150,-0.02422,0.06013,0.08397,0.63461,0,0
1768603705.298331,-0.02330,0.01702,-0.00390,0.00102,0.00017,-0.00012,0.52228,0.00008,0.28070,-0.00009,0.70750,0.00008,0.70671,1,3,0.99958,0.01068,0.01150,-0.02422,0.06013,0.08397,0.63461,0,0
1768603705.300369,-0.03119,0.02036,0.01320,0.00154,0.00059,-0.00004,0.52228,0.00008,0.28070,-0.00009,0.70750,0.00008,0.70671,1,3,0.99958,0.01068,0.01150,-0.02422,0.06013,0.08397,0.63461,0,0
1768603705.302375,-0.00935,0.02581,0.03468,0.00074,-0.00046,0.00062,0.52228,0.00008,0.28070,-0.00009,0.70750,0.00008,0.70671,1,3,0.99958,0.01068,0.01150,-0.02422,0.06013,0.08397,0.63461,0,0
1768603705.304395,0.02077,0.07584,0.05358,0.00178,-0.00044,-0.00011,0.52232,0.00008,0.28070,-0.00009,0.70750,0.00008,0.70671,1,3,0.99958,0.01068,0.01150,-0.02422,0.06013,0.08397,0.63461,0,0
1768603705.306333,0.04535,0.03179,0.00456,0.00147,-0.00148,-0.00259,0.52232,0.00008,0.28070,-0.00009,0.70750,0.00008,0.70671,1,3,0.99958,0.01068,0.01150,-0.02422,0.06013,0.08397,0.63461,0,0
1768603705.308370,-0.05375,0.01641,0.00206,0.00086,0.00111,-0.00113,0.52236,0.00008,0.28070,-0.00009,0.70750,0.00008,0.70671,1,3,0.99954,0.01063,0.01292,-0.02541,0.06011,0.08392,0.63429,0,0
1768603705.310345,-0.04626,0.04882,-0.01379,0.00043,0.00245,-0.00012,0.52236,0.00008,0.28070,-0.00009,0.70750,0.00008,0.70671,1,3,0.99954,0.01063,0.01292,-0.02541,0.06011,0.08392,0.63429,0,0
1768603705.312315,-0.03229,0.04650,0.03656,0.00083,-0.00021,0.00076,0.52240,0.00008,0.28070,-0.00009,0.70750,0.00008,0.70671,1,3,0.99954,0.01063,0.01292,-0.02541,0.06011,0.08392,0.63429,0,0
1768603705.314340,-0.03141,0.06243,-0.00275,0.00069,0.00106,0.00060,0.52240,0.00008,0.28070,-0.00009,0.70750,0.00008,0.70671,1,3,0.99954,0.01063,0.01292,-0.02541,0.06011,0.08392,0.63429,0,0
1768603705.316355,0.00656,0.03792,0.01770,0.00142,-0.00000,-0.00013,0.52244,0.00008,0.28070,-0.00009,0.70750,0.00008,0.70671,1,3,0.99954,0.01063,0.01292,-0.02541,0.06011,0.08392,0.63429,0,0
1768603705.318377,0.01433,0.06080,0.02439,0.00221,-0.00210,-0.00091,0.52248,0.00008,0.28070,-0.00009,0.70751,0.00008,0.70671,1,3,0.99954,0.01063,0.01292,-0.02541,0.06011,0.08392,0.63429,0,0
1768603705.320356,0.00626,0.03631,0.03531,0.00115,-0.00220,-0.00127,0.52248,0.00008,0.28070,-0.00009,0.70751,0.00008,0.70671,1,3,0.99954,0.01063,0.01292,-0.02541,0.06011,0.08392,0.63429,0,0
1768603705.322358,-0.05482,0.02278,0.03563,0.00110,0.00239,0.00029,0.52252,0.00008,0.28070,-0.00009,0.70750,0.00008,0.70671,1,3,0.99954,0.01063,0.01292,-0.02541,0.06011,0.08392,0.63429,0,0
1768603705.324341,0.02032,0.04362,0.09405,0.00235,-0.00214,-0.00126,0.52252,0.00008,0.28070,-0.00009,0.70750,0.00008,0.70671,1,3,0.99954,0.01063,0.01292,-0.02541,0.06011,0.08392,0.63429,0,0
1768603705.326359,0.02908,0.02480,0.02592,0.00104,0.00075,-0.00037,0.52256,0.00008,0.28070,-0.00009,0.70750,0.00008,0.70671,1,3,0.99954,0.01063,0.01292,-0.02541,0.06011,0.08392,0.63429,0,0
1768603705.328361,-0.01745,0.04713,0.04626,0.00057,-0.00075,0.00086,0.52256,0.00008,0.28070,-0.00009,0.70750,0.00008,0.70671,1,3,0.99954,0.01063,0.01292,-0.02541,0.06011,0.08392,0.63429,0,0
1768603705.330355,-0.00083,0.05979,0.01514,0.00166,-0.00069,-0.00102,0.52260,0.00008,0.28070,-0.00009,0.70751,0.00008,0.70671,1,3,0.99954,0.01063,0.01292,-0.02541,0.06011,0.08392,0.63429,0,0
1768603705.332347,-0.01632,0.03494,0.01512,0.00087,-0.00091,-0.00010,0.52260,0.00008,0.28070,-0.00009,0.70751,0.00008,0.70671,1,3,0.99954,0.01063,0.01292,-0.02541,0.06011,0.08392,0.63429,0,0
1768603705.334366,-0.00815,0.00087,-0.00348,0.00064,-0.00027,-0.00019,0.52264,0.00008,0.28070,-0.00009,0.70751,0.00008,0.70671,1,3,0.99954,0.01063,0.01292,-0.02541,0.06011,0.08392,0.63429,0,0
1768603705.336354,0.01410,0.02451,0.01516,0.00130,0.00062,0.00066,0.52264,0.00008,0.28070,-0.00009,0.70751,0.00008,0.70671,1,3,0.99954,0.01063,0.01292,-0.02541,0.06011,0.08392,0.63429,0,0
1768603705.338408,-0.02394,0.04587,0.00843,0.00045,0.00119,-0.00049,0.52264,0.00008,0.28070,-0.00009,0.70751,0.00008,0.70671,1,3,0.99954,0.01063,0.01292,-0.02541,0.06011,0.08392,0.63429,0,0
1768603705.340364,-0.00941,0.08808,0.02672,0.00068,0.00076,-0.00012,0.52268,0.00008,0.28070,-0.00009,0.70751,0.00008,0.70670,1,3,0.99954,0.01063,0.01292,-0.02541,0.06011,0.08392,0.63429,0,0
1768603705.342376,-0.03266,0.02462,0.06019,0.00085,0.00073,-0.00014,0.52268,0.00008,0.28070,-0.00009,0.70751,0.00008,0.70670,1,3,0.99954,0.01063,0.01292,-0.02541,0.06011,0.08392,0.63429,0,0
1768603705.344379,-0.01705,0.03441,0.05879,0.00206,-0.00147,0.00027,0.52272,0.00008,0.28069,-0.00009,0.70751,0.00008,0.70670,1,3,0.99954,0.01063,0.01292,-0.02541,0.06011,0.08392,0.63429,0,0
1768603705.346395,-0.03943,0.03792,0.02840,0.00071,0.00056,-0.00091,0.52272,0.00008,0.28069,-0.00009,0.70751,0.00008,0.70670,1,3,0.99954,0.01063,0.01292,-0.02541,0.06011,0.08392,0.63429,0,0
1768603705.348372,-0.03185,0.08008,0.01751,0.00054,0.00065,-0.00078,0.52276,0.00008,0.28070,-0.00009,0.70751,0.00008,0.70670,1,3,0.99954,0.01063,0.01292,-0.02541,0.06011,0.08392,0.63429,0,0
1768603705.350377,-0.05343,0.08250,-0.02415,0.00107,0.00233,-0.00076,0.52276,0.00008,0.28070,-0.00009,0.70751,0.00008,0.70670,1,3,0.99954,0.01063,0.01292,-0.02541,0.06011,0.08392,0.63429,0,0
1768603705.352350,-0.00029,0.03818,-0.01204,0.00142,-0.00015,0.00002,0.52280,0.00008,0.28070,-0.00009,0.70751,0.00008,0.70670,1,3,0.99952,0.01078,0.01412,-0.02529,0.06009,0.08390,0.63418,0,0
1768603705.354383,-0.00112,-0.00011,0.02551,0.00145,-0.00013,0.00045,0.52280,0.00008,0.28070,-0.00009,0.70751,0.00008,0.70670,1,3,0.99952,0.01078,0.01412,-0.02529,0.06009,0.08390,0.63418,0,0
1768603705.356582,-0.03238,0.04318,0.05402,0.00137,-0.00131,0.00003,0.52284,0.00008,0.28069,-0.00009,0.70751,0.00008,0.70670,1,3,0.99952,0.01078,0.01412,-0.02529,0.06009,0.08390,0.63418,0,0
1768603705.358386,0.00665,0.05059,-0.00013,0.00087,0.00022,0.00048,0.52288,0.00008,0.28069,-0.00009,0.70751,0.00008,0.70670,1,3,0.99952,0.01078,0.01412,-0.02529,0.06009,0.08390,0.63418,0,0
1768603705.360441,-0.04601,0.04879,-0.01330,0.00083,0.00246,-0.00088,0.52288,0.00008,0.28069,-0.00009,0.70751,0.00008,0.70670,1,3,0.99952,0.01078,0.01412,-0.02529,0.06009,0.08390,0.63418,0,0
1768603705.362379,-0.02263,0.05947,-0.04374,0.00045,0.00056,-0.00061,0.52293,0.00008,0.28070,-0.00009,0.70751,0.00008,0.70670,1,3,0.99952,0.01078,0.01412,-0.02529,0.06009,0.08390,0.63418,0,0
1768603705.364382,-0.01756,0.02966,0.06672,0.00126,-0.00050,0.00031,0.52293,0.00008,0.28070,-0.00009,0.70751,0.00008,0.70670,1,3,0.99952,0.01078,0.01412,-0.02529,0.06009,0.08390,0.63418,0,0
1768603705.366383,0.02082,0.04283,0.04949,0.00115,-0.00071,-0.00010,0.52297,0.00008,0.28070,-0.00009,0.70751,0.00008,0.70670,1,3,0.99952,0.01078,0.01412,-0.02529,0.06009,0.08390,0.63418,0,0
1768603705.368384,0.07432,0.02376,0.04311,0.00081,-0.00210,-0.00114,0.52297,0.00008,0.28070,-0.00009,0.70751,0.00008,0.70670,1,3,0.99952,0.01078,0.01412,-0.02529,0.06009,0.08390,0.63418,0,0
1768603705.370391,-0.01651,0.05494,0.02206,0.00125,-0.00017,0.00004,0.52301,0.00008,0.28069,-0.00009,0.70751,0.00008,0.70670,1,3,0.99952,0.01078,0.01412,-0.02529,0.06009,0.08390,0.63418,0,0
1768603705.372381,0.04579,0.06946,-0.01916,0.00184,-0.00154,-0.00187,0.52301,0.00008,0.28069,-0.00009,0.70751,0.00008,0.70670,1,3,0.99952,0.01078,0.01412,-0.02529,0.06009,0.08390,0.63418,0,0
1768603705.374399,0.09039,0.05403,0.00066,0.00054,-0.00240,-0.00135,0.52305,0.00008,0.28069,-0.00009,0.70751,0.00008,0.70670,1,3,0.99952,0.01078,0.01412,-0.02529,0.06009,0.08390,0.63418,0,0
1768603705.376406,-0.00166,0.04658,0.03315,0.00059,0.00040,-0.00090,0.52305,0.00008,0.28069,-0.00009,0.70751,0.00008,0.70670,1,3,0.99952,0.01078,0.01412,-0.02529,0.06009,0.08390,0.63418,0,0
1768603705.378395,-0.02493,0.05570,0.05689,0.00110,-0.00084,-0.00063,0.52305,0.00008,0.28069,-0.00009,0.70751,0.00008,0.70670,1,3,0.99952,0.01078,0.01412,-0.02529,0.06009,0.08390,0.63418,0,0
1768603705.380376,-0.01676,0.03790,0.03261,0.00099,0.00017,-0.00015,0.52309,0.00008,0.28070,-0.00009,0.70751,0.00008,0.70670,1,3,0.99952,0.01078,0.01412,-0.02529,0.06009,0.08390,0.63418,0,0
1768603705.382402,-0.00845,0.02547,0.01501,0.00169,-0.00048,0.00028,0.52309,0.00008,0.28070,-0.00009,0.70751,0.00008,0.70670,1,3,0.99952,0.01078,0.01412,-0.02529,0.06009,0.08390,0.63418,0,0
1768603705.384381,0.00688,0.05582,-0.00161,0.00074,-0.00024,-0.00110,0.52313,0.00008,0.28070,-0.00009,0.70751,0.00008,0.70671,1,3,0.99954,0.01085,0.01345,-0.02504,0.06008,0.08390,0.63418,0,0
1768603705.386405,-0.01645,0.04076,0.03053,0.00166,0.00124,-0.00055,0.52313,0.00008,0.28070,-0.00009,0.70751,0.00008,0.70671,1,3,0.99954,0.01085,0.01345,-0.02504,0.06008,0.08390,0.63418,0,0
1768603705.388417,0.01483,0.06954,-0.00953,0.00114,-0.00142,-0.00138,0.52317,0.00008,0.28069,-0.00009,0.70751,0.00008,0.70670,1,3,0.99954,0.01085,0.01345,-0.02504,0.06008,0.08390,0.63418,0,0
1768603705.390532,0.02312,0.00899,-0.03307,0.00107,0.00003,-0.00038,0.52321,0.00008,0.28069,-0.00009,0.70752,0.00008,0.70670,1,3,0.99954,0.01085,0.01345,-0.02504,0.06008,0.08390,0.63418,0,0
1768603705.392412,0.00750,0.02528,-0.02934,0.00090,0.00030,0.00081,0.52321,0.00008,0.28069,-0.00009,0.70752,0.00008,0.70670,1,3,0.99954,0.01085,0.01345,-0.02504,0.06008,0.08390,0.63418,0,0
1768603705.394406,-0.03884,0.05426,-0.00187,0.00070,0.00107,-0.00032,0.52325,0.00008,0.28069,-0.00009,0.70751,0.00008,0.70670,1,3,0.99954,0.01085,0.01345,-0.02504,0.06008,0.08390,0.63418,0,0
1768603705.396418,-0.00946,0.06384,0.04168,0.00110,-0.00059,-0.00021,0.52325,0.00008,0.28069,-0.00009,0.70751,0.00008,0.70670,1,3,0.99954,0.01085,0.01345,-0.02504,0.06008,0.08390,0.63418,0,0
1768603705.398609,-0.02427,0.07457,0.02930,0.00162,0.00101,-0.00007,0.52329,0.00008,0.28069,-0.00009,0.70751,0.00008,0.70670,1,3,0.99954,0.01085,0.01345,-0.02504,0.06008,0.08390,0.63418,0,0
1768603705.400391,-0.02344,0.02873,-0.00059,0.00074,0.00152,-0.00103,0.52329,0.00008,0.28069,-0.00009,0.70751,0.00008,0.70670,1,3,0.99954,0.01085,0.01345,-0.02504,0.06008,0.08390,0.63418,0,0
1768603705.402420,-0.05358,0.03242,-0.01847,0.00058,0.00196,-0.00017,0.52333,0.00008,0.28069,-0.00009,0.70751,0.00008,0.70670,1,3,0.99954,0.01085,0.01345,-0.02504,0.06008,0.08390,0.63418,0,0
1768603705.404392,-0.03168,0.04665,0.01708,0.00097,-0.00023,0.00039,0.52333,0.00008,0.28069,-0.00009,0.70751,0.00008,0.70670,1,3,0.99954,0.01085,0.01345,-0.02504,0.06008,0.08390,0.63418,0,0
1768603705.406398,-0.00929,0.05095,0.03422,0.00112,-0.00046,0.00033,0.52333,0.00008,0.28069,-0.00009,0.70751,0.00008,0.70670,1,3,0.99954,0.01085,0.01345,-0.02504,0.06008,0.08390,0.63418,0,0
1768603705.408701,-0.04613,0.06683,-0.01450,0.00082,0.00114,-0.00033,0.52337,0.00008,0.28070,-0.00009,0.70751,0.00008,0.70670,1,3,0.99954,0.01085,0.01345,-0.02504,0.06008,0.08390,0.63418,0,0
1768603705.410413,-0.01670,0.03324,0.03071,0.00086,0.00081,-0.00047,0.52337,0.00008,0.28070,-0.00009,0.70751,0.00008,0.70670,1,3,0.99954,0.01085,0.01345,-0.02504,0.06008,0.08390,0.63418,0,0
1768603705.412418,-0.00862,0.02483,0.01536,0.00128,0.00040,0.00028,0.52341,0.00008,0.28070,-0.00009,0.70751,0.00008,0.70670,1,3,0.99954,0.01085,0.01345,-0.02504,0.06008,0.08390,0.63418,0,0
1768603705.414415,-0.01697,0.03863,0.04814,0.00099,-0.00029,-0.00131,0.52341,0.00008,0.28070,-0.00009,0.70751,0.00008,0.70670,1,3,0.99954,0.01085,0.01345,-0.02504,0.06008,0.08390,0.63418,0,0
1768603705.416423,-0.00276,0.06285,0.08689,0.00150,0.00018,-0.00112,0.52345,0.00008,0.28070,-0.00009,0.70750,0.00008,0.70671,1,3,0.99954,0.01085,0.01345,-0.02504,0.06008,0.08390,0.63418,0,0
1768603705.418421,-0.00972,0.05970,0.05473,0.00097,-0.00043,-0.00094,0.52345,0.00008,0.28070,-0.00009,0.70750,0.00008,0.70671,1,3,0.99953,0.01073,0.01263,-0.02597,0.06011,0.08393,0.63428,0,0
1768603705.420463,-0.01603,0.05143,0.00505,0.00112,-0.00060,-0.00029,0.52350,0.00008,0.28070,-0.00009,0.70751,0.00008,0.70671,1,3,0.99953,0.01073,0.01263,-0.02597,0.06011,0.08393,0.63428,0,0
1768603705.422427,-0.01729,0.03861,0.05105,0.00125,-0.00113,0.00097,0.52354,0.00008,0.28070,-0.00009,0.70751,0.00008,0.70671,1,3,0.99953,0.01073,0.01263,-0.02597,0.06011,0.08393,0.63428,0,0
1768603705.424421,-0.00157,0.02564,0.02986,0.00088,-0.00030,0.00051,0.52354,0.00008,0.28070,-0.00009,0.70751,0.00008,0.70671,1,3,0.99953,0.01073,0.01263,-0.02597,0.06011,0.08393,0.63428,0,0
1768603705.426423,-0.03249,0.02081,0.06350,0.00099,0.00055,-0.00124,0.52358,0.00008,0.28070,-0.00009,0.70750,0.00008,0.70671,1,3,0.99953,0.01073,0.01263,-0.02597,0.06011,0.08393,0.63428,0,0
1768603705.428428,0.00618,0.03383,0.02608,0.00061,0.00053,-0.00086,0.52358,0.00008,0.28070,-0.00009,0.70750,0.00008,0.70671,1,3,0.99953,0.01073,0.01263,-0.02597,0.06011,0.08393,0.63428,0,0
1768603705.430477,-0.03193,0.06089,0.02179,0.00122,0.00201,0.00098,0.52362,0.00008,0.28070,-0.00009,0.70750,0.00008,0.70671,1,3,0.99953,0.01073,0.01263,-0.02597,0.06011,0.08393,0.63428,0,0
1768603705.432449,-0.03196,0.05381,0.03082,0.00177,0.00016,0.00145,0.52362,0.00008,0.28070,-0.00009,0.70750,0.00008,0.70671,1,3,0.99953,0.01073,0.01263,-0.02597,0.06011,0.08393,0.63428,0,0
1768603705.434449,-0.05549,0.02643,0.06895,0.00137,-0.00157,0.00022,0.52366,0.00008,0.28070,-0.00009,0.70750,0.00008,0.70671,1,3,0.99953,0.01073,0.01263,-0.02597,0.06011,0.08393,0.63428,0,0
1768603705.436436,-0.05404,0.04618,0.01267,0.00150,0.00015,-0.00035,0.52366,0.00008,0.28070,-0.00009,0.70750,0.00008,0.70671,1,3,0.99953,0.01073,0.01263,-0.02597,0.06011,0.08393,0.63428,0,0
1768603705.438435,-0.03136,0.03006,0.01882,0.00100,0.00001,-0.00131,0.52366,0.00008,0.28070,-0.00009,0.70750,0.00008,0.70671,1,3,0.99953,0.01073,0.01263,-0.02597,0.06011,0.08393,0.63428,0,0
1768603705.440435,0.00004,0.05864,-0.03415,0.00100,0.00090,-0.00022,0.52370,0.00008,0.28070,-0.00009,0.70750,0.00008,0.70671,1,3,0.99953,0.01073,0.01263,-0.02597,0.06011,0.08393,0.63428,0,0
1768603705.442430,0.01294,0.06260,0.05092,0.00125,0.00018,0.00094,0.52370,0.00008,0.28070,-0.00009,0.70750,0.00008,0.70671,1,3,0.99953,0.01073,0.01263,-0.02597,0.06011,0.08393,0.63428,0,0
1768603705.444435,-0.00179,0.06844,0.03843,0.00137,-0.00128,0.00037,0.52374,0.00008,0.28070,-0.00009,0.70750,0.00008,0.70671,1,3,0.99953,0.01073,0.01263,-0.02597,0.06011,0.08393,0.63428,0,0
1768603705.446436,-0.04712,0.02889,0.03675,0.00164,0.00001,0.00086,0.52374,0.00008,0.28070,-0.00009,0.70750,0.00008,0.70671,1,3,0.99953,0.01073,0.01263,-0.02597,0.06011,0.08393,0.63428,0,0
1768603705.448437,0.05276,0.03179,-0.00655,0.00093,-0.00161,-0.00081,0.52374,0.00008,0.28070,-0.00009,0.70750,0.00008,0.70671,1,3,0.99953,0.01073,0.01263,-0.02597,0.06011,0.08393,0.63428,0,0
1768603705.450436,-0.03230,0.04642,0.03771,0.00043,0.00045,-0.00039,0.52378,0.00008,0.28070,-0.00009,0.70750,0.00008,0.70671,1,3,0.99955,0.01055,0.01291,-0.02477,0.06012,0.08395,0.63445,0,0
1768603705.452439,-0.02359,0.06277,-0.00257,0.00110,0.00062,0.00009,0.52378,0.00008,0.28070,-0.00009,0.70750,0.00008,0.70671,1,3,0.99955,0.01055,0.01291,-0.02477,0.06012,0.08395,0.63445,0,0
1768603705.454460,-0.01692,0.05141,0.02995,0.00044,-0.00029,-0.00032,0.52382,0.00008,0.28070,-0.00009,0.70751,0.00008,0.70671,1,3,0.99955,0.01055,0.01291,-0.02477,0.06012,0.08395,0.63445,0,0
1768603705.456466,-0.01735,0.05800,0.04916,0.00110,0.00081,0.00036,0.52386,0.00008,0.28070,-0.00009,0.70750,0.00008,0.70671,1,3,0.99955,0.01055,0.01291,-0.02477,0.06012,0.08395,0.63445,0,0
1768603705.458456,-0.00914,0.03461,0.02980,0.00087,-0.00073,0.00014,0.52390,0.00008,0.28071,-0.00009,0.70750,0.00008,0.70671,1,3,0.99955,0.01055,0.01291,-0.02477,0.06012,0.08395,0.63445,0,0
1768603705.460461,-0.02407,0.03214,0.01550,0.00086,0.00171,0.00044,0.52390,0.00008,0.28071,-0.00009,0.70750,0.00008,0.70671,1,3,0.99955,0.01055,0.01291,-0.02477,0.06012,0.08395,0.63445,0,0
1768603705.462455,-0.00042,0.02081,-0.00669,0.00130,0.00035,0.00022,0.52390,0.00008,0.28071,-0.00009,0.70750,0.00008,0.70671,1,3,0.99955,0.01055,0.01291,-0.02477,0.06012,0.08395,0.63445,0,0
1768603705.464475,-0.00177,0.06744,0.03903,0.00137,-0.00018,0.00000,0.52394,0.00008,0.28071,-0.00009,0.70750,0.00008,0.70671,1,3,0.99955,0.01055,0.01291,-0.02477,0.06012,0.08395,0.63445,0,0
1768603705.466460,-0.03901,0.04854,0.00520,0.00110,0.00203,0.00051,0.52394,0.00008,0.28071,-0.00009,0.70750,0.00008,0.70671,1,3,0.99955,0.01055,0.01291,-0.02477,0.06012,0.08395,0.63445,0,0
1768603705.468478,0.01494,0.04086,0.00411,0.00144,-0.00214,-0.00257,0.52398,0.00008,0.28071,-0.00009,0.70750,0.00008,0.70671,1,3,0.99955,0.01055,0.01291,-0.02477,0.06012,0.08395,0.63445,0,0
1768603705.470478,-0.01570,0.01240,-0.00008,0.00076,0.00109,-0.00134,0.52403,0.00008,0.28071,-0.00009,0.70750,0.00008,0.70671,1,3,0.99955,0.01055,0.01291,-0.02477,0.06012,0.08395,0.63445,0,0
1768603705.472452,0.00666,0.07265,0.01198,0.00152,-0.00094,-0.00054,0.52403,0.00008,0.28071,-0.00009,0.70750,0.00008,0.70671,1,3,0.99955,0.01055,0.01291,-0.02477,0.06012,0.08395,0.63445,0,0
1768603705.474454,-0.01582,0.07667,-0.01551,0.00083,-0.00041,0.00018,0.52403,0.00008,0.28071,-0.00009,0.70750,0.00008,0.70671,1,3,0.99955,0.01055,0.01291,-0.02477,0.06012,0.08395,0.63445,0,0
1768603705.476510,-0.00065,0.05152,-0.00598,0.00140,-0.00117,0.00099,0.52406,0.00008,0.28070,-0.00009,0.70750,0.00008,0.70671,1,3,0.99955,0.01055,0.01291,-0.02477,0.06012,0.08395,0.63445,0,0
1768603705.478477,0.01397,0.01585,0.01551,0.00090,0.00106,0.00076,0.52406,0.00008,0.28070,-0.00009,0.70750,0.00008,0.70671,1,3,0.99955,0.01055,0.01291,-0.02477,0.06012,0.08395,0.63445,0,0
1768603705.480476,-0.00196,0.01248,0.06325,0.00143,0.00011,-0.00088,0.52406,0.00008,0.28070,-0.00009,0.70750,0.00008,0.70671,1,3,0.99955,0.01055,0.01291,-0.02477,0.06012,0.08395,0.63445,0,0
1768603705.482476,-0.03154,0.02489,0.03167,0.00127,0.00082,-0.00163,0.52411,0.00008,0.28071,-0.00009,0.70750,0.00008,0.70671,1,3,0.99962,0.01077,0.01070,-0.02281,0.06012,0.08395,0.63460,0,0
1768603705.484476,-0.02353,0.02895,-0.00129,0.00073,0.00107,-0.00027,0.52411,0.00008,0.28071,-0.00009,0.70750,0.00008,0.70671,1,3,0.99962,0.01077,0.01070,-0.02281,0.06012,0.08395,0.63460,0,0
1768603705.486477,-0.03805,0.05023,-0.03383,0.00058,0.00112,-0.00025,0.52414,0.00008,0.28071,-0.00009,0.70750,0.00008,0.70671,1,3,0.99962,0.01077,0.01070,-0.02281,0.06012,0.08395,0.63460,0,0
1768603705.488505,-0.02314,0.05366,-0.01784,0.00152,0.00088,0.00098,0.52414,0.00008,0.28071,-0.00009,0.70750,0.00008,0.70671,1,3,0.99962,0.01077,0.01070,-0.02281,0.06012,0.08395,0.63460,0,0
1768603705.490473,-0.00970,0.03362,0.05385,0.00140,-0.00044,0.00091,0.52418,0.00008,0.28071,-0.00009,0.70750,0.00008,0.70671,1,3,0.99962,0.01077,0.01070,-0.02281,0.06012,0.08395,0.63460,0,0
1768603705.492473,-0.01672,0.04713,0.03259,0.00098,-0.00048,-0.00064,0.52422,0.00008,0.28070,-0.00009,0.70750,0.00008,0.70671,1,3,0.99962,0.01077,0.01070,-0.02281,0.06012,0.08395,0.63460,0,0
1768603705.494473,-0.00784,0.04651,-0.01049,0.00101,0.00075,-0.00187,0.52422,0.00008,0.28070,-0.00009,0.70750,0.00008,0.70671,1,3,0.99962,0.01077,0.01070,-0.02281,0.06012,0.08395,0.63460,0,0
1768603705.496479,0.06861,0.02666,-0.02270,0.00123,-0.00050,-0.00175,0.52426,0.00008,0.28070,-0.00009,0.70751,0.00008,0.70671,1,3,0.99962,0.01077,0.01070,-0.02281,0.06012,0.08395,0.63460,0,0
1768603705.498490,-0.00144,0.05883,0.01897,0.00112,0.00001,0.00088,0.52426,0.00008,0.28070,-0.00009,0.70751,0.00008,0.70671,1,3,0.99962,0.01077,0.01070,-0.02281,0.06012,0.08395,0.63460,0,0
1768603705.500496,0.00516,0.05096,0.05775,0.00125,-0.00105,0.00158,0.52430,0.00008,0.28070,-0.00009,0.70750,0.00008,0.70671,1,3,0.99962,0.01077,0.01070,-0.02281,0.06012,0.08395,0.63460,0,0
1768603705.502492,0.00598,0.05393,0.02561,0.00153,0.00009,0.00195,0.52430,0.00008,0.28070,-0.00009,0.70750,0.00008,0.70671,1,3,0.99962,0.01077,0.01070,-0.02281,0.06012,0.08395,0.63460,0,0
1768603705.504509,-0.00863,0.00421,0.02353,0.00130,0.00006,-0.00024,0.52430,0.00008,0.28070,-0.00009,0.70750,0.00008,0.70671,1,3,0.99962,0.01077,0.01070,-0.02281,0.06012,0.08395,0.63460,0,0
1768603705.506500,0.02262,0.04918,-0.00629,0.00130,-0.00204,-0.00203,0.52434,0.00008,0.28070,-0.00009,0.70751,0.00008,0.70671,1,3,0.99962,0.01077,0.01070,-0.02281,0.06012,0.08395,0.63460,0,0
1768603705.508511,-0.07011,0.05208,0.03779,0.00120,0.00264,-0.00019,0.52434,0.00008,0.28070,-0.00009,0.70751,0.00008,0.70671,1,3,0.99962,0.01077,0.01070,-0.02281,0.06012,0.08395,0.63460,0,0
1768603705.510499,-0.02348,0.04591,-0.01198,0.00058,0.00094,0.00029,0.52438,0.00008,0.28070,-0.00009,0.70750,0.00008,0.70671,1,3,0.99962,0.01077,0.01070,-0.02281,0.06012,0.08395,0.63460,0,0
1768603705.512536,-0.03935,0.03326,0.03420,0.00192,-0.00024,0.00068,0.52438,0.00008,0.28070,-0.00009,0.70750,0.00008,0.70671,1,3,0.99962,0.01077,0.01070,-0.02281,0.06012,0.08395,0.63460,0,0
1768603705.514507,0.02953,0.01536,0.01359,0.00079,-0.00202,-0.00101,0.52442,0.00008,0.28070,-0.00009,0.70750,0.00008,0.70671,1,3,0.99962,0.01077,0.01070,-0.02281,0.06012,0.08395,0.63460,0,0
1768603705.516518,-0.01663,0.02611,0.03045,0.00087,-0.00051,-0.00039,0.52442,0.00008,0.28070,-0.00009,0.70750,0.00008,0.70671,1,3,0.99962,0.01077,0.01070,-0.02281,0.06012,0.08395,0.63460,0,0
1768603705.518507,-0.02377,0.03716,0.00846,0.00086,0.00119,-0.00038,0.52446,0.00008,0.28070,-0.00009,0.70750,0.00008,0.70671,1,3,0.99955,0.01074,0.01282,-0.02495,0.06010,0.08393,0.63435,0,0
1768603705.520513,-0.01669,0.06321,0.02216,0.00083,0.00027,-0.00007,0.52446,0.00008,0.28070,-0.00009,0.70750,0.00008,0.70671,1,3,0.99955,0.01074,0.01282,-0.02495,0.06010,0.08393,0.63435,0,0
1768603705.522507,0.01365,0.04688,0.02768,0.00074,-0.00010,-0.00039,0.52451,0.00008,0.28071,-0.00009,0.70750,0.00008,0.70671,1,3,0.99955,0.01074,0.01282,-0.02495,0.06010,0.08393,0.63435,0,0
1768603705.524580,-0.02431,0.03661,0.03238,0.00139,0.00105,0.00038,0.52451,0.00008,0.28071,-0.00009,0.70750,0.00008,0.70671,1,3,0.99955,0.01074,0.01282,-0.02495,0.06010,0.08393,0.63435,0,0
1768603705.526516,0.02132,0.04420,0.04972,0.00196,-0.00224,-0.00124,0.52455,0.00008,0.28071,-0.00009,0.70750,0.00008,0.70671,1,3,0.99955,0.01074,0.01282,-0.02495,0.06010,0.08393,0.63435,0,0
1768603705.528581,0.01353,0.02996,0.03291,0.00062,-0.00004,-0.00019,0.52459,0.00008,0.28071,-0.00009,0.70750,0.00008,0.70671,1,3,0.99955,0.01074,0.01282,-0.02495,0.06010,0.08393,0.63435,0,0
1768603705.530532,-0.04014,0.02919,0.05333,0.00044,0.00086,-0.00083,0.52459,0.00008,0.28071,-0.00009,0.70750,0.00008,0.70671,1,3,0.99955,0.01074,0.01282,-0.02495,0.06010,0.08393,0.63435,0,0
1768603705.532538,-0.02427,0.03803,0.02315,0.00045,0.00050,-0.00040,0.52463,0.00008,0.28071,-0.00009,0.70750,0.00008,0.70672,1,3,0.99955,0.01074,0.01282,-0.02495,0.06010,0.08393,0.63435,0,0
1768603705.534520,0.04474,0.04889,0.00300,0.00064,-0.00171,-0.00090,0.52463,0.00008,0.28071,-0.00009,0.70750,0.00008,0.70672,1,3,0.99955,0.01074,0.01282,-0.02495,0.06010,0.08393,0.63435,0,0
1768603705.536540,-0.02428,0.03314,0.03463,0.00153,0.00020,0.00042,0.52466,0.00008,0.28070,-0.00009,0.70750,0.00008,0.70671,1,3,0.99955,0.01074,0.01282,-0.02495,0.06010,0.08393,0.63435,0,0
1768603705.538522,-0.01606,0.03828,0.00745,0.00127,-0.00035,0.00025,0.52466,0.00008,0.28070,-0.00009,0.70750,0.00008,0.70671,1,3,0.99955,0.01074,0.01282,-0.02495,0.06010,0.08393,0.63435,0,0
1768603705.540517,-0.05351,0.03719,-0.00088,0.00151,0.00108,-0.00137,0.52471,0.00008,0.28070,-0.00009,0.70750,0.00008,0.70671,1,3,0.99955,0.01074,0.01282,-0.02495,0.06010,0.08393,0.63435,0,0
1768603705.542529,-0.00088,0.02548,0.01223,0.00062,0.00080,-0.00177,0.52471,0.00008,0.28070,-0.00009,0.70750,0.00008,0.70671,1,3,0.99955,0.01074,0.01282,-0.02495,0.06010,0.08393,0.63435,0,0
1768603705.544517,0.01283,0.06454,0.05165,0.00045,-0.00090,-0.00024,0.52475,0.00008,0.28070,-0.00009,0.70750,0.00008,0.70671,1,3,0.99955,0.01074,0.01282,-0.02495,0.06010,0.08393,0.63435,0,0
1768603705.546525,-0.06949,0.04058,0.01033,0.00095,0.00165,0.00035,0.52475,0.00008,0.28070,-0.00009,0.70750,0.00008,0.70671,1,3,0.99955,0.01074,0.01282,-0.02495,0.06010,0.08393,0.63435,0,0
1768603705.548521,-0.04677,0.00737,0.02046,0.00113,0.00090,0.00074,0.52475,0.00008,0.28070,-0.00009,0.70750,0.00008,0.70671,1,3,0.99955,0.01074,0.01282,-0.02495,0.06010,0.08393,0.63435,0,0
1768603705.550518,-0.07629,0.04154,-0.02444,0.00068,0.00101,0.00049,0.52479,0.00008,0.28071,-0.00009,0.70750,0.00008,0.70671,1,3,0.99955,0.01074,0.01282,-0.02495,0.06010,0.08393,0.63435,0,0
1768603705.552516,-0.03112,0.02297,0.00702,0.00113,0.00270,-0.00083,0.52479,0.00008,0.28071,-0.00009,0.70750,0.00008,0.70671,1,3,0.99955,0.01074,0.01282,-0.02495,0.06010,0.08393,0.63435,0,0
1768603705.554542,0.00591,0.05050,0.03570,0.00073,0.00065,-0.00107,0.52483,0.00008,0.28071,-0.00009,0.70750,0.00008,0.70672,1,3,0.99955,0.01074,0.01282,-0.02495,0.06010,0.08393,0.63435,0,0
1768603705.556577,-0.01799,0.07293,0.08093,0.00121,-0.00142,-0.00061,0.52483,0.00008,0.28071,-0.00009,0.70750,0.00008,0.70672,1,3,0.99954,0.01048,0.01237,-0.02582,0.06008,0.08392,0.63428,0,0
1768603705.558595,-0.01705,0.08010,0.03108,0.00095,-0.00006,0.00048,0.52487,0.00008,0.28071,-0.00009,0.70750,0.00008,0.70672,1,3,0.99954,0.01048,0.01237,-0.02582,0.06008,0.08392,0.63428,0,0
1768603705.560570,0.02219,0.05002,-0.00716,0.00049,-0.00271,-0.00091,0.52487,0.00008,0.28071,-0.00009,0.70750,0.00008,0.70672,1,3,0.99954,0.01048,0.01237,-0.02582,0.06008,0.08392,0.63428,0,0
1768603705.562556,-0.03050,0.03790,-0.03186,0.00073,0.00048,0.00053,0.52490,0.00008,0.28070,-0.00009,0.70750,0.00008,0.70671,1,3,0.99954,0.01048,0.01237,-0.02582,0.06008,0.08392,0.63428,0,0
1768603705.564573,0.02309,0.03323,-0.01115,0.00186,-0.00319,-0.00220,0.52490,0.00008,0.28070,-0.00009,0.70750,0.00008,0.70671,1,3,0.99954,0.01048,0.01237,-0.02582,0.06008,0.08392,0.63428,0,0
1768603705.566553,-0.00155,0.04671,0.04258,0.00153,-0.00036,-0.00089,0.52495,0.00008,0.28070,-0.00009,0.70750,0.00008,0.70671,1,3,0.99954,0.01048,0.01237,-0.02582,0.06008,0.08392,0.63428,0,0
1768603705.568573,-0.03952,0.05824,0.02850,0.00162,0.00013,0.00114,0.52499,0.00008,0.28070,-0.00009,0.70751,0.00008,0.70671,1,3,0.99954,0.01048,0.01237,-0.02582,0.06008,0.08392,0.63428,0,0
1768603705.570554,0.00022,-0.00103,-0.03317,0.00106,0.00134,0.00050,0.52499,0.00008,0.28070,-0.00009,0.70751,0.00008,0.70671,1,3,0.99954,0.01048,0.01237,-0.02582,0.06008,0.08392,0.63428,0,0
1768603705.572628,-0.00846,0.03455,0.00476,0.00114,-0.00082,0.00055,0.52503,0.00008,0.28070,-0.00009,0.70750,0.00008,0.70671,1,3,0.99954,0.01048,0.01237,-0.02582,0.06008,0.08392,0.63428,0,0
1768603705.574556,-0.01597,0.04304,0.01028,0.00140,-0.00075,-0.00057,0.52503,0.00008,0.28070,-0.00009,0.70750,0.00008,0.70671,1,3,0.99954,0.01048,0.01237,-0.02582,0.06008,0.08392,0.63428,0,0
1768603705.576582,-0.03958,0.05053,0.03996,0.00136,0.00005,-0.00068,0.52507,0.00008,0.28070,-0.00009,0.70751,0.00008,0.70671,1,3,0.99954,0.01048,0.01237,-0.02582,0.06008,0.08392,0.63428,0,0
1768603705.578542,0.02198,0.03408,0.01531,0.00171,-0.00047,-0.00033,0.52507,0.00008,0.28070,-0.00009,0.70751,0.00008,0.70671,1,3,0.99954,0.01048,0.01237,-0.02582,0.06008,0.08392,0.63428,0,0
1768603705.580548,0.05337,0.02012,-0.02401,0.00122,-0.00270,-0.00065,0.52511,0.00008,0.28070,-0.00009,0.70750,0.00008,0.70671,1,3,0.99954,0.01048,0.01237,-0.02582,0.06008,0.08392,0.63428,0,0
1768603705.582572,-0.03246,0.05423,0.05190,0.00122,0.00041,-0.00010,0.52511,0.00008,0.28070,-0.00009,0.70750,0.00008,0.70671,1,3,0.99954,0.01048,0.01237,-0.02582,0.06008,0.08392,0.63428,0,0
1768603705.584561,0.01394,0.06054,0.03925,0.00221,-0.00192,-0.00092,0.52515,0.00008,0.28070,-0.00009,0.70751,0.00008,0.70671,1,3,0.99954,0.01048,0.01237,-0.02582,0.06008,0.08392,0.63428,0,0
1768603705.586555,-0.02387,0.03865,0.01702,0.00139,-0.00089,0.00037,0.52515,0.00008,0.28070,-0.00009,0.70751,0.00008,0.70671,1,3,0.99954,0.01048,0.01237,-0.02582,0.06008,0.08392,0.63428,0,0
1768603705.588562,-0.00040,0.01441,-0.02514,-0.00057,-0.00009,-0.00086,0.52515,0.00008,0.28070,-0.00009,0.70751,0.00008,0.70671,1,3,0.99954,0.01048,0.01237,-0.02582,0.06008,0.08392,0.63428,0,0
1768603705.590554,-0.02386,0.06398,0.00736,0.00083,-0.00035,-0.00032,0.52519,0.00008,0.28069,-0.00009,0.70751,0.00008,0.70671,1,3,0.99954,0.01048,0.01237,-0.02582,0.06008,0.08392,0.63428,0,0
1768603705.592558,-0.00872,0.05041,0.01975,0.00153,0.00002,-0.00003,0.52519,0.00008,0.28069,-0.00009,0.70751,0.00008,0.70671,1,3,0.99953,0.01065,0.01339,-0.02543,0.06010,0.08393,0.63436,0,0
1768603705.594630,-0.01817,0.07611,0.08776,0.00161,-0.00090,0.00012,0.52523,0.00008,0.28069,-0.00009,0.70751,0.00008,0.70670,1,3,0.99953,0.01065,0.01339,-0.02543,0.06010,0.08393,0.63436,0,0
1768603705.596569,-0.01621,0.02082,0.01395,0.00075,0.00082,-0.00069,0.52523,0.00008,0.28069,-0.00009,0.70751,0.00008,0.70670,1,3,0.99953,0.01065,0.01339,-0.02543,0.06010,0.08393,0.63436,0,0
1768603705.598577,-0.04658,0.00818,0.01637,0.00087,0.00063,-0.00041,0.52527,0.00008,0.28069,-0.00009,0.70751,0.00008,0.70670,1,3,0.99953,0.01065,0.01339,-0.02543,0.06010,0.08393,0.63436,0,0
1768603705.600576,-0.04622,0.00899,0.00104,0.00087,-0.00021,-0.00003,0.52531,0.00008,0.28069,-0.00009,0.70751,0.00008,0.70671,1,3,0.99953,0.01065,0.01339,-0.02543,0.06010,0.08393,0.63436,0,0
1768603705.602578,0.00654,0.04553,0.02951,0.00168,-0.00336,-0.00099,0.52531,0.00008,0.28069,-0.00009,0.70751,0.00008,0.70671,1,3,0.99953,0.01065,0.01339,-0.02543,0.06010,0.08393,0.63436,0,0
1768603705.604621,0.06749,0.04892,0.01154,0.00159,-0.00270,0.00025,0.52535,0.00008,0.28069,-0.00009,0.70751,0.00008,0.70670,1,3,0.99953,0.01065,0.01339,-0.02543,0.06010,0.08393,0.63436,0,0
1768603705.606567,-0.05390,0.07019,-0.00159,0.00107,0.00195,-0.00101,0.52535,0.00008,0.28069,-0.00009,0.70751,0.00008,0.70670,1,3,0.99953,0.01065,0.01339,-0.02543,0.06010,0.08393,0.63436,0,0
1768603705.608587,0.04514,0.03171,0.00443,0.00106,-0.00126,-0.00221,0.52539,0.00008,0.28069,-0.00009,0.70751,0.00008,0.70670,1,3,0.99953,0.01065,0.01339,-0.02543,0.06010,0.08393,0.63436,0,0
1768603705.610602,-0.04038,0.03304,0.06559,0.00070,0.00101,-0.00088,0.52539,0.00008,0.28069,-0.00009,0.70751,0.00008,0.70670,1,3,0.99953,0.01065,0.01339,-0.02543,0.06010,0.08393,0.63436,0,0
1768603705.612581,-0.00901,0.02956,0.03234,0.00141,-0.00027,0.00021,0.52543,0.00008,0.28069,-0.00009,0.70751,0.00008,0.70670,1,3,0.99953,0.01065,0.01339,-0.02543,0.06010,0.08393,0.63436,0,0
1768603705.614585,-0.00209,0.08139,0.04123,0.00069,-0.00103,-0.00018,0.52543,0.00008,0.28069,-0.00009,0.70751,0.00008,0.70670,1,3,0.99953,0.01065,0.01339,-0.02543,0.06010,0.08393,0.63436,0,0
1768603705.616598,0.06044,0.03575,-0.01444,0.00094,-0.00149,-0.00022,0.52543,0.00008,0.28069,-0.00009,0.70751,0.00008,0.70670,1,3,0.99953,0.01065,0.01339,-0.02543,0.06010,0.08393,0.63436,0,0
1768603705.618584,-0.02364,0.04325,0.01090,0.00099,-0.00052,-0.00121,0.52547,0.00008,0.28069,-0.00009,0.70751,0.00008,0.70670,1,3,0.99953,0.01065,0.01339,-0.02543,0.06010,0.08393,0.63436,0,0
1768603705.620581,-0.00855,0.02560,0.01545,0.00128,-0.00025,-0.00011,0.52547,0.00008,0.28069,-0.00009,0.70751,0.00008,0.70670,1,3,0.99953,0.01065,0.01339,-0.02543,0.06010,0.08393,0.63436,0,0
1768603705.622587,-0.05506,0.05804,0.03860,0.00134,0.00047,0.00101,0.52551,0.00008,0.28069,-0.00009,0.70751,0.00008,0.70670,1,3,0.99953,0.01065,0.01339,-0.02543,0.06010,0.08393,0.63436,0,0
1768603705.624588,0.00602,0.02982,0.04229,0.00155,-0.00058,-0.00005,0.52551,0.00008,0.28069,-0.00009,0.70751,0.00008,0.70670,1,3,0.99956,0.01051,0.01188,-0.02519,0.06012,0.08395,0.63444,0,0
1768603705.626609,-0.03190,0.00861,0.02629,0.00020,0.00053,-0.00031,0.52555,0.00008,0.28069,-0.00009,0.70751,0.00008,0.70670,1,3,0.99956,0.01051,0.01188,-0.02519,0.06012,0.08395,0.63444,0,0
1768603705.628597,-0.01543,0.05468,-0.03247,0.00072,0.00048,0.00084,0.52555,0.00008,0.28069,-0.00009,0.70751,0.00008,0.70670,1,3,0.99956,0.01051,0.01188,-0.02519,0.06012,0.08395,0.63444,0,0
1768603705.630604,-0.02442,0.03802,0.04209,0.00152,-0.00036,-0.00002,0.52559,0.00008,0.28069,-0.00009,0.70751,0.00008,0.70670,1,3,0.99956,0.01051,0.01188,-0.02519,0.06012,0.08395,0.63444,0,0
1768603705.632612,-0.04660,0.03610,0.01242,0.00151,0.00146,0.00079,0.52563,0.00008,0.28069,-0.00009,0.70751,0.00008,0.70670,1,3,0.99956,0.01051,0.01188,-0.02519,0.06012,0.08395,0.63444,0,0
1768603705.634636,0.05259,0.02014,0.01147,0.00108,-0.00249,-0.00183,0.52563,0.00008,0.28069,-0.00009,0.70751,0.00008,0.70670,1,3,0.99956,0.01051,0.01188,-0.02519,0.06012,0.08395,0.63444,0,0
1768603705.636615,0.02058,0.05328,0.07416,0.00167,-0.00281,-0.00137,0.52567,0.00008,0.28069,-0.00009,0.70751,0.00008,0.70670,1,3,0.99956,0.01051,0.01188,-0.02519,0.06012,0.08395,0.63444,0,0
1768603705.638618,-0.00216,0.05881,0.03889,0.00057,0.00025,0.00085,0.52567,0.00008,0.28069,-0.00009,0.70751,0.00008,0.70670,1,3,0.99956,0.01051,0.01188,-0.02519,0.06012,0.08395,0.63444,0,0
1768603705.640607,0.01428,0.07628,0.00387,0.00152,-0.00061,0.00043,0.52571,0.00008,0.28069,-0.00009,0.70751,0.00008,0.70670,1,3,0.99956,0.01051,0.01188,-0.02519,0.06012,0.08395,0.63444,0,0
1768603705.642662,0.01450,0.05308,0.00906,0.00182,-0.00273,-0.00005,0.52571,0.00008,0.28069,-0.00009,0.70751,0.00008,0.70670,1,3,0.99956,0.01051,0.01188,-0.02519,0.06012,0.08395,0.63444,0,0
1768603705.644602,-0.04670,0.03475,0.02016,0.00111,-0.00085,-0.00035,0.52575,0.00008,0.28069,-0.00009,0.70751,0.00008,0.70670,1,3,0.99956,0.01051,0.01188,-0.02519,0.06012,0.08395,0.63444,0,0
1768603705.646607,-0.00262,0.03343,0.08999,0.00167,-0.00000,-0.00115,0.52575,0.00008,0.28069,-0.00009,0.70751,0.00008,0.70670,1,3,0.99956,0.01051,0.01188,-0.02519,0.06012,0.08395,0.63444,0,0
1768603705.648621,-0.03246,0.05859,0.04939,0.00109,0.00038,-0.00016,0.52575,0.00008,0.28069,-0.00009,0.70751,0.00008,0.70670,1,3,0.99956,0.01051,0.01188,-0.02519,0.06012,0.08395,0.63444,0,0
1768603705.650604,-0.03882,0.04037,-0.00375,0.00057,0.00236,-0.00015,0.52579,0.00008,0.28069,-0.00009,0.70751,0.00008,0.70670,1,3,0.99956,0.01051,0.01188,-0.02519,0.06012,0.08395,0.63444,0,0
1768603705.652596,-0.03098,0.03432,0.00044,0.00126,-0.00043,-0.00020,0.52579,0.00008,0.28069,-0.00009,0.70751,0.00008,0.70670,1,3,0.99956,0.01051,0.01188,-0.02519,0.06012,0.08395,0.63444,0,0
1768603705.654597,0.00671,0.01748,0.00464,0.00117,-0.00082,0.00126,0.52583,0.00008,0.28069,-0.00009,0.70752,0.00008,0.70670,1,3,0.99956,0.01051,0.01188,-0.02519,0.06012,0.08395,0.63444,0,0
1768603705.656597,0.02142,0.06379,0.02659,0.00154,-0.00077,0.00006,0.52583,0.00008,0.28069,-0.00009,0.70752,0.00008,0.70670,1,3,0.99956,0.01051,0.01188,-0.02519,0.06012,0.08395,0.63444,0,0
1768603705.658700,-0.03859,0.03697,-0.00137,0.00112,0.00129,-0.00049,0.52587,0.00008,0.28069,-0.00009,0.70751,0.00008,0.70670,1,3,0.99949,0.01067,0.01471,-0.02631,0.06008,0.08390,0.63414,0,0
1768603705.660709,-0.03180,0.05009,0.02527,0.00097,0.00074,-0.00042,0.52587,0.00008,0.28069,-0.00009,0.70751,0.00008,0.70670,1,3,0.99949,0.01067,0.01471,-0.02631,0.06008,0.08390,0.63414,0,0
1768603705.662641,-0.03172,0.04097,0.01996,0.00111,0.00111,0.00046,0.52590,0.00008,0.28069,-0.00009,0.70751,0.00008,0.70670,1,3,0.99949,0.01067,0.01471,-0.02631,0.06008,0.08390,0.63414,0,0
1768603705.664635,-0.05419,0.04678,0.01378,0.00069,0.00038,-0.00151,0.52590,0.00008,0.28069,-0.00009,0.70751,0.00008,0.70670,1,3,0.99949,0.01067,0.01471,-0.02631,0.06008,0.08390,0.63414,0,0
1768603705.666644,-0.05400,0.05559,0.00264,0.00095,-0.00041,-0.00046,0.52594,0.00008,0.28069,-0.00009,0.70751,0.00008,0.70670,1,3,0.99949,0.01067,0.01471,-0.02631,0.06008,0.08390,0.63414,0,0
1768603705.668633,-0.00023,0.02678,-0.01865,0.00063,-0.00067,-0.00061,0.52598,0.00008,0.28069,-0.00009,0.70752,0.00008,0.70670,1,3,0.99949,0.01067,0.01471,-0.02631,0.06008,0.08390,0.63414,0,0
1768603705.670642,0.04559,0.03302,-0.00671,0.00174,-0.00314,-0.00145,0.52598,0.00008,0.28069,-0.00009,0.70752,0.00008,0.70670,1,3,0.99949,0.01067,0.01471,-0.02631,0.06008,0.08390,0.63414,0,0
1768603705.672658,-0.03178,0.05916,0.02899,0.00163,-0.00052,0.00024,0.52602,0.00008,0.28068,-0.00009,0.70752,0.00008,0.70669,1,3,0.99949,0.01067,0.01471,-0.02631,0.06008,0.08390,0.63414,0,0
1768603705.674632,-0.05501,0.07846,0.03192,0.00092,0.00170,-0.00000,0.52602,0.00008,0.28068,-0.00009,0.70752,0.00008,0.70669,1,3,0.99949,0.01067,0.01471,-0.02631,0.06008,0.08390,0.63414,0,0
1768603705.676673,-0.02372,0.04540,0.00278,0.00098,0.00112,0.00029,0.52606,0.00008,0.28069,-0.00009,0.70752,0.00008,0.70670,1,3,0.99949,0.01067,0.01471,-0.02631,0.06008,0.08390,0.63414,0,0
1768603705.678639,-0.00054,-0.00529,0.00993,0.00132,0.00143,-0.00100,0.52606,0.00008,0.28069,-0.00009,0.70752,0.00008,0.70670,1,3,0.99949,0.01067,0.01471,-0.02631,0.06008,0.08390,0.63414,0,0
1768603705.680629,-0.03149,0.00360,0.01340,0.00075,0.00081,0.00053,0.52610,0.00008,0.28069,-0.00009,0.70751,0.00008,0.70670,1,3,0.99949,0.01067,0.01471,-0.02631,0.06008,0.08390,0.63414,0,0
1768603705.682626,0.00611,0.02623,0.03013,0.00089,-0.00073,-0.00001,0.52610,0.00008,0.28069,-0.00009,0.70751,0.00008,0.70670,1,3,0.99949,0.01067,0.01471,-0.02631,0.06008,0.08390,0.63414,0,0
1768603705.684648,0.03709,0.09570,0.01289,0.00206,-0.00333,-0.00018,0.52615,0.00008,0.28069,-0.00009,0.70751,0.00008,0.70670,1,3,0.99949,0.01067,0.01471,-0.02631,0.06008,0.08390,0.63414,0,0
1768603705.686647,0.00647,0.04187,0.00986,0.00101,0.00034,0.00058,0.52615,0.00008,0.28069,-0.00009,0.70751,0.00008,0.70670,1,3,0.99949,0.01067,0.01471,-0.02631,0.06008,0.08390,0.63414,0,0
1768603705.688645,-0.03217,0.05045,0.05101,0.00110,0.00062,-0.00196,0.52615,0.00008,0.28069,-0.00009,0.70751,0.00008,0.70670,1,3,0.99949,0.01067,0.01471,-0.02631,0.06008,0.08390,0.63414,0,0
1768603705.690638,0.01344,-0.00771,0.04666,0.00052,-0.00010,-0.00089,0.52615,0.00008,0.28069,-0.00009,0.70751,0.00008,0.70670,1,3,0.99949,0.01067,0.01471,-0.02631,0.06008,0.08390,0.63414,0,0
1768603705.692639,-0.02528,0.03952,0.07138,0.00111,-0.00176,-0.00007,0.52619,0.00008,0.28069,-0.00009,0.70751,0.00008,0.70670,1,3,0.99949,0.01067,0.01471,-0.02631,0.06008,0.08390,0.63414,0,0
1768603705.694649,-0.03844,0.07559,-0.02503,0.00068,0.00079,0.00020,0.52623,0.00008,0.28069,-0.00009,0.70751,0.00008,0.70670,1,3,0.99955,0.01067,0.01143,-0.02542,0.06012,0.08397,0.63457,0,0
1768603705.696661,-0.00044,0.03034,-0.00231,0.00156,-0.00090,0.00010,0.52623,0.00008,0.28069,-0.00009,0.70751,0.00008,0.70670,1,3,0.99955,0.01067,0.01143,-0.02542,0.06012,0.08397,0.63457,0,0
1768603705.698657,-0.03143,0.04119,0.01556,0.00125,0.00106,-0.00030,0.52627,0.00008,0.28069,-0.00009,0.70751,0.00008,0.70670,1,3,0.99955,0.01067,0.01143,-0.02542,0.06012,0.08397,0.63457,0,0
1768603705.700652,-0.01690,0.02134,0.05362,0.00128,-0.00001,-0.00148,0.52631,0.00008,0.28069,-0.00009,0.70751,0.00008,0.70670,1,3,0.99955,0.01067,0.01143,-0.02542,0.06012,0.08397,0.63457,0,0
1768603705.702650,-0.03982,0.05685,0.02955,0.00081,0.00211,0.00077,0.52631,0.00008,0.28069,-0.00009,0.70751,0.00008,0.70670,1,3,0.99955,0.01067,0.01143,-0.02542,0.06012,0.08397,0.63457,0,0
1768603705.705218,0.01543,0.05272,-0.02537,0.00196,-0.00227,-0.00001,0.52635,0.00008,0.28069,-0.00009,0.70751,0.00008,0.70670,1,3,0.99955,0.01067,0.01143,-0.02542,0.06012,0.08397,0.63457,0,0
1768603705.706656,-0.08381,0.04406,-0.02669,0.00094,0.00251,0.00059,0.52635,0.00008,0.28069,-0.00009,0.70751,0.00008,0.70670,1,3,0.99955,0.01067,0.01143,-0.02542,0.06012,0.08397,0.63457,0,0
1768603705.708668,-0.01678,0.02618,0.04054,0.00100,-0.00060,-0.00078,0.52639,0.00008,0.28069,-0.00009,0.70751,0.00008,0.70671,1,3,0.99955,0.01067,0.01143,-0.02542,0.06012,0.08397,0.63457,0,0
1768603705.710719,-0.03924,0.03028,0.03293,0.00139,-0.00070,-0.00081,0.52639,0.00008,0.28069,-0.00009,0.70751,0.00008,0.70671,1,3,0.99955,0.01067,0.01143,-0.02542,0.06012,0.08397,0.63457,0,0
1768603705.712678,-0.00174,0.03345,0.04406,0.00167,-0.00034,0.00079,0.52643,0.00008,0.28069,-0.00009,0.70751,0.00008,0.70671,1,3,0.99955,0.01067,0.01143,-0.02542,0.06012,0.08397,0.63457,0,0
1768603705.714677,-0.00886,0.05110,0.01972,0.00112,-0.00042,-0.00004,0.52643,0.00008,0.28069,-0.00009,0.70751,0.00008,0.70671,1,3,0.99955,0.01067,0.01143,-0.02542,0.06012,0.08397,0.63457,0,0
1768603705.716672,-0.05339,0.04558,-0.03211,0.00070,0.00114,0.00082,0.52643,0.00008,0.28069,-0.00009,0.70751,0.00008,0.70671,1,3,0.99955,0.01067,0.01143,-0.02542,0.06012,0.08397,0.63457,0,0
1768603705.718686,-0.00912,0.04152,0.03076,0.00086,0.00103,-0.00070,0.52643,0.00008,0.28069,-0.00009,0.70751,0.00008,0.70671,1,3,0.99955,0.01067,0.01143,-0.02542,0.06012,0.08397,0.63457,0,0
1768603705.720711,-0.03915,0.05113,0.01907,0.00150,-0.00086,0.00047,0.52647,0.00008,0.28069,-0.00009,0.70751,0.00008,0.70670,1,3,0.99955,0.01067,0.01143,-0.02542,0.06012,0.08397,0.63457,0,0
1768603705.722681,-0.00922,0.03011,0.03684,0.00127,-0.00087,0.00058,0.52647,0.00008,0.28069,-0.00009,0.70751,0.00008,0.70670,1,3,0.99955,0.01067,0.01143,-0.02542,0.06012,0.08397,0.63457,0,0
1768603705.724684,-0.02450,0.05131,0.03388,0.00110,-0.00090,0.00058,0.52651,0.00008,0.28069,-0.00009,0.70751,0.00008,0.70670,1,3,0.99955,0.01067,0.01143,-0.02542,0.06012,0.08397,0.63457,0,0
1768603705.726700,-0.05356,0.07236,-0.01651,0.00068,0.00024,-0.00141,0.52651,0.00008,0.28069,-0.00009,0.70751,0.00008,0.70670,1,3,0.99955,0.01067,0.01143,-0.02542,0.06012,0.08397,0.63457,0,0
1768603705.728674,-0.03996,0.04609,0.04731,0.00096,0.00035,-0.00026,0.52655,0.00008,0.28069,-0.00009,0.70751,0.00008,0.70670,1,3,0.99955,0.01067,0.01143,-0.02542,0.06012,0.08397,0.63457,0,0
1768603705.730673,-0.03265,0.03590,0.05239,0.00083,0.00194,0.00049,0.52655,0.00008,0.28069,-0.00009,0.70751,0.00008,0.70670,1,3,0.99955,0.01067,0.01143,-0.02542,0.06012,0.08397,0.63457,0,0
1768603705.732672,-0.01689,0.00691,0.03970,0.00142,0.00091,0.00137,0.52659,0.00008,0.28070,-0.00009,0.70750,0.00008,0.70671,1,3,0.99955,0.01067,0.01143,-0.02542,0.06012,0.08397,0.63457,0,0
1768603705.734673,0.01329,0.05924,0.04911,0.00153,-0.00050,-0.00016,0.52659,0.00008,0.28070,-0.00009,0.70750,0.00008,0.70671,1,3,0.99955,0.01067,0.01143,-0.02542,0.06012,0.08397,0.63457,0,0
1768603705.736699,-0.03084,0.05690,-0.01934,0.00097,0.00239,0.00030,0.52663,0.00008,0.28070,-0.00009,0.70750,0.00008,0.70671,1,3,0.99955,0.01067,0.01143,-0.02542,0.06012,0.08397,0.63457,0,0
1768603705.738706,-0.00144,0.05146,0.03065,0.00086,-0.00028,-0.00133,0.52663,0.00008,0.28070,-0.00009,0.70750,0.00008,0.70671,1,3,0.99958,0.01078,0.01087,-0.02464,0.06014,0.08399,0.63475,0,0
1768603705.740727,-0.00180,0.05145,0.04061,0.00059,-0.00016,-0.00134,0.52668,0.00008,0.28070,-0.00009,0.70750,0.00008,0.70671,1,3,0.99958,0.01078,0.01087,-0.02464,0.06014,0.08399,0.63475,0,0
1768603705.742709,-0.00960,0.04584,0.04240,0.00071,0.00073,-0.00000,0.52668,0.00008,0.28070,-0.00009,0.70750,0.00008,0.70671,1,3,0.99958,0.01078,0.01087,-0.02464,0.06014,0.08399,0.63475,0,0
1768603705.744835,-0.00996,0.05163,0.04913,0.00030,-0.00072,0.00029,0.52676,0.00008,0.28070,-0.00009,0.70750,0.00008,0.70671,1,3,0.99958,0.01078,0.01087,-0.02464,0.06014,0.08399,0.63475,0,0
1768603705.746701,-0.03108,0.05472,-0.00831,0.00124,-0.00010,0.00108,0.52676,0.00008,0.28070,-0.00009,0.70750,0.00008,0.70671,1,3,0.99958,0.01078,0.01087,-0.02464,0.06014,0.08399,0.63475,0,0
1768603705.748705,-0.02340,0.02215,-0.00133,0.00074,-0.00046,-0.00057,0.52676,0.00008,0.28070,-0.00009,0.70750,0.00008,0.70671,1,3,0.99958,0.01078,0.01087,-0.02464,0.06014,0.08399,0.63475,0,0
1768603705.750755,0.00648,0.04205,0.02088,0.00115,0.00047,-0.00095,0.52680,0.00008,0.28070,-0.00009,0.70750,0.00008,0.70671,1,3,0.99958,0.01078,0.01087,-0.02464,0.06014,0.08399,0.63475,0,0
1768603705.752703,-0.00227,0.05932,0.05512,0.00057,0.00023,-0.00107,0.52680,0.00008,0.28070,-0.00009,0.70750,0.00008,0.70671,1,3,0.99958,0.01078,0.01087,-0.02464,0.06014,0.08399,0.63475,0,0
1768603705.754721,0.02100,0.05020,0.05385,0.00221,-0.00044,0.00021,0.52684,0.00008,0.28070,-0.00009,0.70750,0.00008,0.70671,1,3,0.99958,0.01078,0.01087,-0.02464,0.06014,0.08399,0.63475,0,0
1768603705.756725,-0.01576,0.05022,-0.00489,0.00139,0.00038,0.00012,0.52684,0.00008,0.28070,-0.00009,0.70750,0.00008,0.70671,1,3,0.99958,0.01078,0.01087,-0.02464,0.06014,0.08399,0.63475,0,0
1768603705.758724,-0.03809,0.02464,-0.01928,0.00140,0.00064,0.00044,0.52688,0.00008,0.28070,-0.00009,0.70750,0.00008,0.70671,1,3,0.99958,0.01078,0.01087,-0.02464,0.06014,0.08399,0.63475,0,0
1768603705.760745,0.02227,0.04171,0.00319,0.00104,-0.00302,-0.00157,0.52688,0.00008,0.28070,-0.00009,0.70750,0.00008,0.70671,1,3,0.99958,0.01078,0.01087,-0.02464,0.06014,0.08399,0.63475,0,0
1768603705.762735,-0.00817,0.04703,-0.00180,0.00114,-0.00024,-0.00074,0.52692,0.00008,0.28070,-0.00009,0.70750,0.00008,0.70672,1,3,0.99958,0.01078,0.01087,-0.02464,0.06014,0.08399,0.63475,0,0
1768603705.764711,-0.00854,0.02506,0.00967,0.00142,-0.00010,0.00105,0.52692,0.00008,0.28070,-0.00009,0.70750,0.00008,0.70672,1,3,0.99958,0.01078,0.01087,-0.02464,0.06014,0.08399,0.63475,0,0
1768603705.766738,0.03732,0.02646,0.00098,0.00092,-0.00065,-0.00050,0.52692,0.00008,0.28070,-0.00009,0.70750,0.00008,0.70672,1,3,0.99958,0.01078,0.01087,-0.02464,0.06014,0.08399,0.63475,0,0
1768603705.768727,-0.04651,0.07430,0.01071,0.00134,0.00188,-0.00120,0.52696,0.00008,0.28070,-0.00009,0.70750,0.00008,0.70671,1,3,0.99958,0.01078,0.01087,-0.02464,0.06014,0.08399,0.63475,0,0
1768603705.770727,-0.03179,0.04918,0.01702,0.00003,0.00261,-0.00156,0.52696,0.00008,0.28070,-0.00009,0.70750,0.00008,0.70671,1,3,0.99958,0.01078,0.01087,-0.02464,0.06014,0.08399,0.63475,0,0
1768603705.772711,-0.03942,0.07306,0.03299,0.00095,-0.00069,-0.00209,0.52700,0.00008,0.28070,-0.00009,0.70750,0.00008,0.70671,1,3,0.99958,0.01078,0.01087,-0.02464,0.06014,0.08399,0.63475,0,0
1768603705.774739,-0.00944,0.06437,0.04041,0.00151,-0.00169,0.00093,0.52700,0.00008,0.28070,-0.00009,0.70750,0.00008,0.70671,1,3,0.99958,0.01078,0.01087,-0.02464,0.06014,0.08399,0.63475,0,0
1768603705.776721,0.00658,0.01737,0.00997,0.00103,-0.00054,0.00088,0.52704,0.00008,0.28070,-0.00009,0.70750,0.00008,0.70671,1,3,0.99958,0.01078,0.01087,-0.02464,0.06014,0.08399,0.63475,0,0
1768603705.778761,-0.03021,0.04567,-0.03693,0.00126,0.00086,0.00045,0.52704,0.00008,0.28070,-0.00009,0.70750,0.00008,0.70671,1,3,0.99953,0.01074,0.01341,-0.02528,0.06009,0.08393,0.63430,0,0
1768603705.780727,0.05347,0.03117,-0.03111,0.00121,-0.00103,-0.00078,0.52708,0.00008,0.28070,-0.00009,0.70750,0.00008,0.70671,1,3,0.99953,0.01074,0.01341,-0.02528,0.06009,0.08393,0.63430,0,0
1768603705.782722,-0.00115,0.05877,0.01095,0.00059,0.00101,-0.00102,0.52708,0.00008,0.28070,-0.00009,0.70750,0.00008,0.70671,1,3,0.99953,0.01074,0.01341,-0.02528,0.06009,0.08393,0.63430,0,0
1768603705.784729,-0.02514,0.03693,0.05751,0.00071,0.00113,-0.00003,0.52712,0.00008,0.28070,-0.00009,0.70750,0.00008,0.70671,1,3,0.99953,0.01074,0.01341,-0.02528,0.06009,0.08393,0.63430,0,0
1768603705.786762,-0.00919,0.01585,0.04020,0.00142,0.00070,0.00037,0.52716,0.00008,0.28071,-0.00009,0.70750,0.00008,0.70672,1,3,0.99953,0.01074,0.01341,-0.02528,0.06009,0.08393,0.63430,0,0
1768603705.788765,-0.03210,0.05176,0.04358,0.00164,-0.00166,0.00032,0.52716,0.00008,0.28071,-0.00009,0.70750,0.00008,0.70672,1,3,0.99953,0.01074,0.01341,-0.02528,0.06009,0.08393,0.63430,0,0
1768603705.790735,-0.04572,0.05862,-0.02923,0.00083,0.00096,-0.00022,0.52720,0.00008,0.28071,-0.00009,0.70750,0.00008,0.70672,1,3,0.99953,0.01074,0.01341,-0.02528,0.06009,0.08393,0.63430,0,0
1768603705.792857,-0.00053,0.05164,-0.01902,0.00020,-0.00001,-0.00054,0.52720,0.00008,0.28071,-0.00009,0.70750,0.00008,0.70672,1,3,0.99953,0.01074,0.01341,-0.02528,0.06009,0.08393,0.63430,0,0
1768603705.794749,0.03072,0.01870,-0.02749,0.00094,-0.00077,-0.00178,0.52725,0.00008,0.28071,-0.00009,0.70749,0.00008,0.70672,1,3,0.99953,0.01074,0.01341,-0.02528,0.06009,0.08393,0.63430,0,0
1768603705.796809,-0.04727,0.03759,0.04298,0.00110,0.00052,-0.00078,0.52725,0.00008,0.28071,-0.00009,0.70749,0.00008,0.70672,1,3,0.99953,0.01074,0.01341,-0.02528,0.06009,0.08393,0.63430,0,0
1768603705.798831,0.03677,0.03981,0.02679,0.00157,-0.00208,0.00009,0.52728,0.00008,0.28071,-0.00009,0.70750,0.00008,0.70672,1,3,0.99953,0.01074,0.01341,-0.02528,0.06009,0.08393,0.63430,0,0
1768603705.800728,0.05152,0.00021,0.05303,0.00095,-0.00395,-0.00124,0.52728,0.00008,0.28071,-0.00009,0.70750,0.00008,0.70672,1,3,0.99953,0.01074,0.01341,-0.02528,0.06009,0.08393,0.63430,0,0
1768603705.802747,0.06790,0.05806,-0.01207,0.00065,-0.00233,-0.00100,0.52728,0.00008,0.28071,-0.00009,0.70750,0.00008,0.70672,1,3,0.99953,0.01074,0.01341,-0.02528,0.06009,0.08393,0.63430,0,0
1768603705.804723,-0.03247,0.05985,0.05866,0.00162,-0.00125,-0.00017,0.52732,0.00008,0.28071,-0.00009,0.70750,0.00008,0.70672,1,3,0.99953,0.01074,0.01341,-0.02528,0.06009,0.08393,0.63430,0,0
1768603705.806725,0.00545,0.07634,0.05368,0.00137,-0.00066,-0.00024,0.52732,0.00008,0.28071,-0.00009,0.70750,0.00008,0.70672,1,3,0.99953,0.01074,0.01341,-0.02528,0.06009,0.08393,0.63430,0,0
1768603705.808731,0.04403,0.02335,0.04885,0.00106,-0.00160,-0.00215,0.52736,0.00008,0.28071,-0.00009,0.70750,0.00008,0.70672,1,3,0.99953,0.01074,0.01341,-0.02528,0.06009,0.08393,0.63430,0,0
1768603705.810725,-0.04711,0.01154,0.04418,0.00113,0.00141,-0.00123,0.52736,0.00008,0.28071,-0.00009,0.70750,0.00008,0.70672,1,3,0.99953,0.01074,0.01341,-0.02528,0.06009,0.08393,0.63430,0,0
1768603705.812740,-0.00083,0.03026,0.00254,0.00102,-0.00063,0.00047,0.52740,0.00008,0.28071,-0.00009,0.70750,0.00008,0.70672,1,3,0.99959,0.01075,0.01114,-0.02428,0.06013,0.08399,0.63474,0,0
1768603705.814758,0.02238,0.07240,-0.01774,0.00114,-0.00043,-0.00002,0.52740,0.00008,0.28071,-0.00009,0.70750,0.00008,0.70672,1,3,0.99959,0.01075,0.01114,-0.02428,0.06013,0.08399,0.63474,0,0
1768603705.816778,0.02158,0.05481,0.01675,0.00141,-0.00023,0.00055,0.52744,0.00008,0.28071,-0.00009,0.70750,0.00008,0.70672,1,3,0.99959,0.01075,0.01114,-0.02428,0.06013,0.08399,0.63474,0,0
1768603705.818781,-0.05461,0.02030,0.03855,0.00125,0.00090,-0.00082,0.52744,0.00008,0.28071,-0.00009,0.70750,0.00008,0.70672,1,3,0.99959,0.01075,0.01114,-0.02428,0.06013,0.08399,0.63474,0,0
1768603705.820771,0.05171,0.02295,0.04347,0.00120,-0.00144,-0.00150,0.52744,0.00008,0.28071,-0.00009,0.70750,0.00008,0.70672,1,3,0.99959,0.01075,0.01114,-0.02428,0.06013,0.08399,0.63474,0,0
1768603705.822762,-0.03973,0.01564,0.03546,0.00072,0.00130,0.00049,0.52752,0.00008,0.28071,-0.00009,0.70750,0.00008,0.70672,1,3,0.99959,0.01075,0.01114,-0.02428,0.06013,0.08399,0.63474,0,0
1768603705.824761,-0.00823,0.05443,-0.01268,0.00099,0.00050,0.00070,0.52752,0.00008,0.28071,-0.00009,0.70750,0.00008,0.70672,1,3,0.99959,0.01075,0.01114,-0.02428,0.06013,0.08399,0.63474,0,0
1768603705.826786,0.00693,0.06241,0.01001,0.00141,-0.00294,-0.00156,0.52756,0.00008,0.28071,-0.00009,0.70750,0.00008,0.70672,1,3,0.99959,0.01075,0.01114,-0.02428,0.06013,0.08399,0.63474,0,0
1768603705.828789,-0.00745,0.02888,-0.02995,0.00076,0.00160,-0.00126,0.52756,0.00008,0.28071,-0.00009,0.70750,0.00008,0.70672,1,3,0.99959,0.01075,0.01114,-0.02428,0.06013,0.08399,0.63474,0,0
1768603705.830764,-0.03958,0.03700,0.03284,0.00097,0.00105,-0.00014,0.52760,0.00008,0.28070,-0.00009,0.70750,0.00008,0.70671,1,3,0.99959,0.01075,0.01114,-0.02428,0.06013,0.08399,0.63474,0,0
1768603705.832754,-0.01660,0.06869,0.02847,0.00164,-0.00162,0.00026,0.52760,0.00008,0.28070,-0.00009,0.70750,0.00008,0.70671,1,3,0.99959,0.01075,0.01114,-0.02428,0.06013,0.08399,0.63474,0,0
1768603705.834865,-0.03941,0.04245,0.02360,0.00137,-0.00081,0.00133,0.52764,0.00008,0.28071,-0.00009,0.70750,0.00008,0.70672,1,3,0.99959,0.01075,0.01114,-0.02428,0.06013,0.08399,0.63474,0,0
1768603705.836900,-0.06831,0.03282,-0.03296,0.00057,0.00178,-0.00067,0.52764,0.00008,0.28071,-0.00009,0.70750,0.00008,0.70672,1,3,0.99959,0.01075,0.01114,-0.02428,0.06013,0.08399,0.63474,0,0
1768603705.838782,-0.04569,0.03681,-0.02521,0.00058,0.00209,-0.00111,0.52764,0.00008,0.28071,-0.00009,0.70750,0.00008,0.70672,1,3,0.99959,0.01075,0.01114,-0.02428,0.06013,0.08399,0.63474,0,0
1768603705.840784,0.07598,0.05320,-0.02456,0.00121,-0.00205,-0.00067,0.52769,0.00008,0.28070,-0.00009,0.70750,0.00008,0.70671,1,3,0.99959,0.01075,0.01114,-0.02428,0.06013,0.08399,0.63474,0,0
1768603705.842756,-0.00151,0.01289,0.03760,0.00130,-0.00042,0.00028,0.52769,0.00008,0.28070,-0.00009,0.70750,0.00008,0.70671,1,3,0.99959,0.01075,0.01114,-0.02428,0.06013,0.08399,0.63474,0,0
1768603705.844779,-0.03998,0.02156,0.05161,0.00125,-0.00091,0.00080,0.52773,0.00008,0.28071,-0.00009,0.70750,0.00008,0.70672,1,3,0.99959,0.01075,0.01114,-0.02428,0.06013,0.08399,0.63474,0,0
1768603705.846803,-0.00919,0.03391,0.03481,0.00113,-0.00024,0.00015,0.52773,0.00008,0.28071,-0.00009,0.70750,0.00008,0.70672,1,3,0.99958,0.01083,0.01323,-0.02338,0.06011,0.08393,0.63443,0,0
1768603705.848777,-0.03094,0.05991,-0.01411,0.00044,0.00005,-0.00089,0.52777,0.00008,0.28070,-0.00009,0.70750,0.00008,0.70672,1,3,0.99958,0.01083,0.01323,-0.02338,0.06011,0.08393,0.63443,0,0
1768603705.850802,-0.00160,0.06219,0.02205,0.00084,0.00114,0.00045,0.52777,0.00008,0.28070,-0.00009,0.70750,0.00008,0.70672,1,3,0.99958,0.01083,0.01323,-0.02338,0.06011,0.08393,0.63443,0,0
1768603705.852771,0.06737,0.02399,0.02381,0.00095,-0.00212,-0.00176,0.52781,0.00008,0.28071,-0.00009,0.70749,0.00008,0.70672,1,3,0.99958,0.01083,0.01323,-0.02338,0.06011,0.08393,0.63443,0,0
1768603705.854796,0.01269,0.02174,0.07552,0.00182,-0.00171,0.00142,0.52781,0.00008,0.28071,-0.00009,0.70749,0.00008,0.70672,1,3,0.99958,0.01083,0.01323,-0.02338,0.06011,0.08393,0.63443,0,0
1768603705.856772,0.00558,0.03732,0.04728,0.00100,0.00057,0.00022,0.52785,0.00008,0.28071,-0.00009,0.70749,0.00008,0.70672,1,3,0.99958,0.01083,0.01323,-0.02338,0.06011,0.08393,0.63443,0,0
1768603705.858790,-0.03129,0.04539,0.00410,0.00058,0.00180,-0.00111,0.52789,0.00008,0.28071,-0.00009,0.70749,0.00008,0.70672,1,3,0.99958,0.01083,0.01323,-0.02338,0.06011,0.08393,0.63443,0,0
1768603705.860771,-0.01565,0.05852,-0.01396,0.00085,0.00114,-0.00074,0.52789,0.00008,0.28071,-0.00009,0.70749,0.00008,0.70672,1,3,0.99958,0.01083,0.01323,-0.02338,0.06011,0.08393,0.63443,0,0
1768603705.862792,-0.03196,0.03934,0.03678,0.00125,-0.00152,0.00009,0.52793,0.00008,0.28071,-0.00009,0.70749,0.00008,0.70673,1,3,0.99958,0.01083,0.01323,-0.02338,0.06011,0.08393,0.63443,0,0
1768603705.864786,-0.00834,0.01651,0.00596,0.00116,0.00051,0.00001,0.52793,0.00008,0.28071,-0.00009,0.70749,0.00008,0.70673,1,3,0.99958,0.01083,0.01323,-0.02338,0.06011,0.08393,0.63443,0,0
1768603705.866799,-0.07816,0.01567,0.05958,0.00122,0.00072,0.00074,0.52797,0.00008,0.28071,-0.00009,0.70748,0.00008,0.70673,1,3,0.99958,0.01083,0.01323,-0.02338,0.06011,0.08393,0.63443,0,0
1768603705.868788,-0.03055,0.04839,-0.03350,0.00058,0.00287,0.00003,0.52797,0.00008,0.28071,-0.00009,0.70748,0.00008,0.70673,1,3,0.99958,0.01083,0.01323,-0.02338,0.06011,0.08393,0.63443,0,0
1768603705.870800,0.03119,0.07549,-0.04583,0.00116,-0.00252,-0.00282,0.52797,0.00008,0.28071,-0.00009,0.70748,0.00008,0.70673,1,3,0.99958,0.01083,0.01323,-0.02338,0.06011,0.08393,0.63443,0,0
1768603705.872810,-0.00756,0.06135,-0.00953,0.00194,-0.00208,-0.00165,0.52801,0.00008,0.28071,-0.00009,0.70749,0.00008,0.70673,1,3,0.99958,0.01083,0.01323,-0.02338,0.06011,0.08393,0.63443,0,0
1768603705.874925,0.02115,0.02702,0.03110,0.00009,-0.00072,-0.00105,0.52801,0.00008,0.28071,-0.00009,0.70749,0.00008,0.70673,1,3,0.99958,0.01083,0.01323,-0.02338,0.06011,0.08393,0.63443,0,0
1768603705.876800,-0.03288,0.04662,0.06592,0.00123,-0.00073,0.00074,0.52805,0.00008,0.28071,-0.00009,0.70749,0.00008,0.70672,1,3,0.99958,0.01083,0.01323,-0.02338,0.06011,0.08393,0.63443,0,0
1768603705.878794,-0.07586,0.02264,-0.03920,0.00111,0.00258,0.00149,0.52805,0.00008,0.28071,-0.00009,0.70749,0.00008,0.70672,1,3,0.99958,0.01083,0.01323,-0.02338,0.06011,0.08393,0.63443,0,0
1768603705.880812,-0.00126,0.04728,0.01817,0.00060,-0.00022,-0.00089,0.52809,0.00008,0.28071,-0.00009,0.70749,0.00008,0.70672,1,3,0.99958,0.01062,0.01150,-0.02458,0.06011,0.08395,0.63446,0,0
1768603705.882797,0.06777,0.05359,-0.00423,0.00066,-0.00202,-0.00134,0.52809,0.00008,0.28071,-0.00009,0.70749,0.00008,0.70672,1,3,0.99958,0.01062,0.01150,-0.02458,0.06011,0.08395,0.63446,0,0
1768603705.884822,-0.00845,0.03679,0.02593,0.00142,-0.00253,-0.00215,0.52813,0.00008,0.28071,-0.00009,0.70749,0.00008,0.70672,1,3,0.99958,0.01062,0.01150,-0.02458,0.06011,0.08395,0.63446,0,0
1768603705.886883,-0.01713,0.05161,0.05446,0.00138,-0.00109,-0.00071,0.52813,0.00008,0.28071,-0.00009,0.70749,0.00008,0.70672,1,3,0.99958,0.01062,0.01150,-0.02458,0.06011,0.08395,0.63446,0,0
1768603705.888813,-0.03955,0.03237,0.03944,0.00178,0.00070,0.00069,0.52817,0.00008,0.28071,-0.00009,0.70749,0.00008,0.70672,1,3,0.99958,0.01062,0.01150,-0.02458,0.06011,0.08395,0.63446,0,0
1768603705.890829,-0.01597,0.01270,0.00305,0.00102,0.00003,0.00056,0.52821,0.00008,0.28071,-0.00009,0.70749,0.00008,0.70672,1,3,0.99958,0.01062,0.01150,-0.02458,0.06011,0.08395,0.63446,0,0
1768603705.892860,-0.02374,0.04623,0.01217,0.00152,-0.00007,0.00028,0.52821,0.00008,0.28071,-0.00009,0.70749,0.00008,0.70672,1,3,0.99958,0.01062,0.01150,-0.02458,0.06011,0.08395,0.63446,0,0
1768603705.894853,-0.03109,0.05046,0.00636,0.00111,0.00073,-0.00154,0.52825,0.00008,0.28071,-0.00009,0.70749,0.00008,0.70673,1,3,0.99958,0.01062,0.01150,-0.02458,0.06011,0.08395,0.63446,0,0
1768603705.896839,-0.03264,0.03333,0.06144,0.00044,0.00118,-0.00177,0.52825,0.00008,0.28071,-0.00009,0.70749,0.00008,0.70673,1,3,0.99958,0.01062,0.01150,-0.02458,0.06011,0.08395,0.63446,0,0
1768603705.899087,0.01440,0.02580,0.01526,0.00171,-0.00069,-0.00011,0.52829,0.00008,0.28071,-0.00009,0.70749,0.00008,0.70673,1,3,0.99958,0.01062,0.01150,-0.02458,0.06011,0.08395,0.63446,0,0
1768603705.900844,0.02123,0.03800,0.02660,0.00115,-0.00033,0.00112,0.52829,0.00008,0.28071,-0.00009,0.70749,0.00008,0.70673,1,3,0.99958,0.01062,0.01150,-0.02458,0.06011,0.08395,0.63446,0,0
1768603705.902829,0.00651,0.03385,0.00986,0.00102,-0.00010,0.00068,0.52833,0.00008,0.28071,-0.00009,0.70749,0.00008,0.70673,1,3,0.99958,0.01062,0.01150,-0.02458,0.06011,0.08395,0.63446,0,0
1768603705.904824,-0.00958,0.06736,0.04873,0.00150,-0.00028,0.00012,0.52833,0.00008,0.28071,-0.00009,0.70749,0.00008,0.70673,1,3,0.99958,0.01062,0.01150,-0.02458,0.06011,0.08395,0.63446,0,0
1768603705.906826,-0.02385,0.03693,0.01414,0.00072,0.00170,-0.00114,0.52837,0.00008,0.28071,-0.00009,0.70749,0.00008,0.70673,1,3,0.99958,0.01062,0.01150,-0.02458,0.06011,0.08395,0.63446,0,0
1768603705.908810,-0.02421,0.02138,0.03326,0.00100,-0.00004,-0.00058,0.52837,0.00008,0.28071,-0.00009,0.70749,0.00008,0.70673,1,3,0.99958,0.01062,0.01150,-0.02458,0.06011,0.08395,0.63446,0,0
1768603705.910810,0.01507,0.05271,-0.01541,0.00169,-0.00215,-0.00002,0.52837,0.00008,0.28071,-0.00009,0.70749,0.00008,0.70673,1,3,0.99958,0.01062,0.01150,-0.02458,0.06011,0.08395,0.63446,0,0
1768603705.912815,-0.02508,0.05061,0.05384,0.00096,-0.00022,0.00057,0.52841,0.00008,0.28071,-0.00009,0.70749,0.00008,0.70673,1,3,0.99958,0.01062,0.01150,-0.02458,0.06011,0.08395,0.63446,0,0
1768603705.914850,-0.01696,0.06860,0.03958,0.00096,-0.00083,-0.00091,0.52841,0.00008,0.28071,-0.00009,0.70749,0.00008,0.70673,1,3,0.99958,0.01062,0.01150,-0.02458,0.06011,0.08395,0.63446,0,0
1768603705.916821,-0.01018,0.05929,0.07412,0.00123,-0.00041,-0.00056,0.52845,0.00008,0.28071,-0.00009,0.70749,0.00008,0.70673,1,3,0.99958,0.01062,0.01150,-0.02458,0.06011,0.08395,0.63446,0,0
1768603705.918855,-0.03937,0.04580,0.02796,0.00110,0.00077,-0.00062,0.52845,0.00008,0.28071,-0.00009,0.70749,0.00008,0.70673,1,3,0.99958,0.01062,0.01150,-0.02458,0.06011,0.08395,0.63446,0,0
1768603705.920837,-0.02357,0.02497,0.01073,0.00141,0.00035,-0.00022,0.52849,0.00008,0.28071,-0.00009,0.70749,0.00008,0.70673,1,3,0.99956,0.01095,0.01218,-0.02474,0.06013,0.08398,0.63464,0,0
1768603705.922854,-0.00781,0.02933,-0.02638,0.00062,0.00077,0.00025,0.52849,0.00008,0.28071,-0.00009,0.70749,0.00008,0.70673,1,3,0.99956,0.01095,0.01218,-0.02474,0.06013,0.08398,0.63464,0,0
1768603705.924853,-0.02389,0.04648,0.01227,0.00112,-0.00007,0.00027,0.52853,0.00008,0.28071,-0.00009,0.70749,0.00008,0.70672,1,3,0.99956,0.01095,0.01218,-0.02474,0.06013,0.08398,0.63464,0,0
1768603705.926905,-0.06168,0.06682,0.00036,0.00080,0.00110,-0.00047,0.52853,0.00008,0.28071,-0.00009,0.70749,0.00008,0.70672,1,3,0.99956,0.01095,0.01218,-0.02474,0.06013,0.08398,0.63464,0,0
1768603705.928846,-0.01705,0.02559,0.05019,0.00113,-0.00027,-0.00039,0.52857,0.00008,0.28071,-0.00009,0.70749,0.00008,0.70672,1,3,0.99956,0.01095,0.01218,-0.02474,0.06013,0.08398,0.63464,0,0
1768603705.930831,0.00438,0.05889,0.09359,0.00110,-0.00018,-0.00007,0.52861,0.00008,0.28070,-0.00009,0.70749,0.00008,0.70672,1,3,0.99956,0.01095,0.01218,-0.02474,0.06013,0.08398,0.63464,0,0
1768603705.932840,-0.00951,0.05061,0.04523,0.00085,0.00033,-0.00082,0.52861,0.00008,0.28070,-0.00009,0.70749,0.00008,0.70672,1,3,0.99956,0.01095,0.01218,-0.02474,0.06013,0.08398,0.63464,0,0
1768603705.934865,-0.06969,0.06212,0.00767,0.00039,0.00162,0.00008,0.52864,0.00008,0.28070,-0.00009,0.70749,0.00008,0.70672,1,3,0.99956,0.01095,0.01218,-0.02474,0.06013,0.08398,0.63464,0,0
1768603705.936890,-0.03029,0.06189,-0.02590,0.00138,0.00187,-0.00127,0.52864,0.00008,0.28070,-0.00009,0.70749,0.00008,0.70672,1,3,0.99956,0.01095,0.01218,-0.02474,0.06013,0.08398,0.63464,0,0
1768603705.938850,-0.01624,0.03090,0.02411,0.00087,-0.00058,-0.00196,0.52868,0.00008,0.28070,-0.00009,0.70749,0.00008,0.70672,1,3,0.99956,0.01095,0.01218,-0.02474,0.06013,0.08398,0.63464,0,0
1768603705.940866,-0.00155,0.02963,0.03260,0.00101,-0.00004,0.00008,0.52868,0.00008,0.28070,-0.00009,0.70749,0.00008,0.70672,1,3,0.99956,0.01095,0.01218,-0.02474,0.06013,0.08398,0.63464,0,0
1768603705.942837,-0.00895,0.03407,0.01903,0.00114,-0.00065,0.00131,0.52872,0.00008,0.28070,-0.00009,0.70750,0.00008,0.70672,1,3,0.99956,0.01095,0.01218,-0.02474,0.06013,0.08398,0.63464,0,0
1768603705.944857,0.03014,0.03668,-0.00829,0.00078,-0.00185,-0.00201,0.52872,0.00008,0.28070,-0.00009,0.70750,0.00008,0.70672,1,3,0.99956,0.01095,0.01218,-0.02474,0.06013,0.08398,0.63464,0,0
1768603705.946872,-0.03913,0.02969,0.01785,0.00099,-0.00001,-0.00004,0.52872,0.00008,0.28070,-0.00009,0.70750,0.00008,0.70672,1,3,0.99956,0.01095,0.01218,-0.02474,0.06013,0.08398,0.63464,0,0
1768603705.948963,-0.01559,0.02978,-0.01169,0.00101,0.00007,-0.00002,0.52876,0.00008,0.28070,-0.00009,0.70750,0.00008,0.70672,1,3,0.99956,0.01095,0.01218,-0.02474,0.06013,0.08398,0.63464,0,0
1768603705.950877,-0.00971,0.06414,0.05108,0.00123,-0.00113,0.00016,0.52876,0.00008,0.28070,-0.00009,0.70750,0.00008,0.70672,1,3,0.99956,0.01095,0.01218,-0.02474,0.06013,0.08398,0.63464,0,0
1768603705.952853,-0.03122,0.06463,-0.00528,0.00136,0.00256,0.00096,0.52880,0.00008,0.28070,-0.00009,0.70750,0.00008,0.70671,1,3,0.99956,0.01095,0.01218,-0.02474,0.06013,0.08398,0.63464,0,0
1768603705.954852,-0.02295,0.02566,-0.01773,0.00061,0.00065,-0.00136,0.52880,0.00008,0.28070,-0.00009,0.70750,0.00008,0.70671,1,3,0.99956,0.01095,0.01218,-0.02474,0.06013,0.08398,0.63464,0,0
1768603705.956850,-0.02368,0.03500,0.01658,0.00087,-0.00046,-0.00188,0.52884,0.00008,0.28070,-0.00009,0.70750,0.00008,0.70672,1,3,0.99956,0.01095,0.01218,-0.02474,0.06013,0.08398,0.63464,0,0
1768603705.958856,-0.00960,0.04967,0.04888,0.00151,0.00037,0.00072,0.52884,0.00008,0.28070,-0.00009,0.70750,0.00008,0.70672,1,3,0.99956,0.01095,0.01218,-0.02474,0.06013,0.08398,0.63464,0,0
1768603705.960852,-0.01786,0.07286,0.06458,0.00121,-0.00184,0.00131,0.52888,0.00008,0.28070,-0.00009,0.70750,0.00008,0.70672,1,3,0.99957,0.01078,0.01327,-0.02386,0.06011,0.08393,0.63443,0,0
1768603705.962865,0.00591,0.04659,0.03182,0.00100,-0.00027,0.00051,0.52888,0.00008,0.28070,-0.00009,0.70750,0.00008,0.70672,1,3,0.99957,0.01078,0.01327,-0.02386,0.06011,0.08393,0.63443,0,0
1768603705.964869,0.00707,0.02194,0.00434,0.00104,-0.00017,-0.00146,0.52888,0.00008,0.28070,-0.00009,0.70750,0.00008,0.70672,1,3,0.99957,0.01078,0.01327,-0.02386,0.06011,0.08393,0.63443,0,0
1768603705.966877,-0.01542,0.02533,-0.01302,0.00089,0.00071,-0.00110,0.52896,0.00008,0.28070,-0.00009,0.70749,0.00008,0.70672,1,3,0.99957,0.01078,0.01327,-0.02386,0.06011,0.08393,0.63443,0,0
1768603705.968884,-0.01648,0.03376,0.03071,0.00127,0.00015,-0.00085,0.52896,0.00008,0.28070,-0.00009,0.70749,0.00008,0.70672,1,3,0.99957,0.01078,0.01327,-0.02386,0.06011,0.08393,0.63443,0,0
1768603705.970896,-0.01712,0.06751,0.03301,0.00109,-0.00047,0.00140,0.52900,0.00008,0.28070,-0.00009,0.70750,0.00008,0.70672,1,3,0.99957,0.01078,0.01327,-0.02386,0.06011,0.08393,0.63443,0,0
1768603705.972891,-0.01637,0.01780,0.01479,0.00088,-0.00092,0.00087,0.52900,0.00008,0.28070,-0.00009,0.70750,0.00008,0.70672,1,3,0.99957,0.01078,0.01327,-0.02386,0.06011,0.08393,0.63443,0,0
1768603705.974899,-0.00911,0.03904,0.03240,0.00100,-0.00092,-0.00029,0.52905,0.00008,0.28070,-0.00009,0.70749,0.00008,0.70672,1,3,0.99957,0.01078,0.01327,-0.02386,0.06011,0.08393,0.63443,0,0
1768603705.976900,0.01402,0.03381,0.03149,0.00129,0.00038,-0.00175,0.52905,0.00008,0.28070,-0.00009,0.70749,0.00008,0.70672,1,3,0.99957,0.01078,0.01327,-0.02386,0.06011,0.08393,0.63443,0,0
1768603705.978907,-0.02415,0.06269,0.02828,0.00110,0.00100,-0.00146,0.52909,0.00008,0.28070,-0.00009,0.70749,0.00008,0.70672,1,3,0.99957,0.01078,0.01327,-0.02386,0.06011,0.08393,0.63443,0,0
1768603705.980881,-0.02446,0.05103,0.04423,0.00164,-0.00077,-0.00018,0.52909,0.00008,0.28070,-0.00009,0.70749,0.00008,0.70672,1,3,0.99957,0.01078,0.01327,-0.02386,0.06011,0.08393,0.63443,0,0
1768603705.982884,-0.02431,0.04160,0.03451,0.00152,0.00020,0.00032,0.52912,0.00008,0.28070,-0.00009,0.70749,0.00008,0.70672,1,3,0.99957,0.01078,0.01327,-0.02386,0.06011,0.08393,0.63443,0,0
1768603705.984887,-0.02369,0.03366,0.00991,0.00140,-0.00010,0.00043,0.52912,0.00008,0.28070,-0.00009,0.70749,0.00008,0.70672,1,3,0.99957,0.01078,0.01327,-0.02386,0.06011,0.08393,0.63443,0,0
1768603705.986897,-0.03165,0.03401,0.03072,0.00126,-0.00007,-0.00098,0.52912,0.00008,0.28070,-0.00009,0.70749,0.00008,0.70672,1,3,0.99957,0.01078,0.01327,-0.02386,0.06011,0.08393,0.63443,0,0
1768603705.988901,-0.04663,0.03301,0.01648,0.00084,0.00129,-0.00109,0.52912,0.00008,0.28070,-0.00009,0.70749,0.00008,0.70672,1,3,0.99957,0.01078,0.01327,-0.02386,0.06011,0.08393,0.63443,0,0
1768603705.990904,0.00639,0.06806,0.02515,0.00139,-0.00035,-0.00126,0.52916,0.00008,0.28070,-0.00009,0.70749,0.00008,0.70672,1,3,0.99957,0.01078,0.01327,-0.02386,0.06011,0.08393,0.63443,0,0
1768603705.992890,-0.00930,0.05469,0.04184,0.00152,-0.00015,-0.00010,0.52916,0.00008,0.28070,-0.00009,0.70749,0.00008,0.70672,1,3,0.99957,0.01078,0.01327,-0.02386,0.06011,0.08393,0.63443,0,0
1768603705.994903,-0.02368,0.05864,-0.00077,0.00124,0.00021,0.00090,0.52921,0.00008,0.28070,-0.00009,0.70749,0.00008,0.70672,1,3,0.99957,0.01078,0.01327,-0.02386,0.06011,0.08393,0.63443,0,0
1768603705.996919,-0.01585,0.03018,0.00361,0.00101,-0.00018,-0.00079,0.52921,0.00008,0.28070,-0.00009,0.70749,0.00008,0.70672,1,3,0.99960,0.01092,0.01213,-0.02325,0.06011,0.08393,0.63445,0,0
1768603705.998917,-0.05365,0.02827,-0.01041,0.00058,0.00205,-0.00089,0.52925,0.00008,0.28070,-0.00009,0.70749,0.00008,0.70672,1,3,0.99960,0.01092,0.01213,-0.02325,0.06011,0.08393,0.63445,0,0
1768603706.000919,-0.02390,0.02905,0.02229,0.00167,0.00005,0.00048,0.52925,0.00008,0.28070,-0.00009,0.70749,0.00008,0.70672,1,3,0.99960,0.01092,0.01213,-0.02325,0.06011,0.08393,0.63445,0,0
1768603706.003200,0.01408,0.05103,0.00966,0.00101,-0.00032,0.00034,0.52929,0.00008,0.28070,-0.00009,0.70749,0.00008,0.70672,1,3,0.99960,0.01092,0.01213,-0.02325,0.06011,0.08393,0.63445,0,0
1768603706.004900,-0.03203,0.06872,0.03915,0.00135,-0.00127,-0.00065,0.52929,0.00008,0.28070,-0.00009,0.70749,0.00008,0.70672,1,3,0.99960,0.01092,0.01213,-0.02325,0.06011,0.08393,0.63445,0,0
1768603706.006929,-0.04720,0.04672,0.03705,0.00123,-0.00043,-0.00013,0.52937,0.00008,0.28070,-0.00009,0.70749,0.00008,0.70672,1,3,0.99960,0.01092,0.01213,-0.02325,0.06011,0.08393,0.63445,0,0
1768603706.008910,-0.00124,0.03330,0.02515,0.00141,0.00030,0.00004,0.52937,0.00008,0.28070,-0.00009,0.70749,0.00008,0.70672,1,3,0.99960,0.01092,0.01213,-0.02325,0.06011,0.08393,0.63445,0,0
1768603706.010954,-0.00963,0.04640,0.04192,0.00071,0.00007,0.00037,0.52941,0.00008,0.28070,-0.00009,0.70749,0.00008,0.70672,1,3,0.99960,0.01092,0.01213,-0.02325,0.06011,0.08393,0.63445,0,0
1768603706.012917,-0.00074,0.05731,-0.02010,0.00059,0.00194,0.00130,0.52941,0.00008,0.28070,-0.00009,0.70749,0.00008,0.70672,1,3,0.99960,0.01092,0.01213,-0.02325,0.06011,0.08393,0.63445,0,0
1768603706.014955,-0.00165,0.05084,0.03950,0.00139,-0.00040,-0.00018,0.52945,0.00008,0.28070,-0.00009,0.70749,0.00008,0.70672,1,3,0.99960,0.01092,0.01213,-0.02325,0.06011,0.08393,0.63445,0,0
1768603706.016936,-0.03145,0.03836,0.00847,0.00045,0.00032,-0.00065,0.52945,0.00008,0.28070,-0.00009,0.70749,0.00008,0.70672,1,3,0.99960,0.01092,0.01213,-0.02325,0.06011,0.08393,0.63445,0,0
1768603706.018936,-0.01737,0.03757,0.06210,0.00139,0.00010,-0.00016,0.52949,0.00008,0.28070,-0.00009,0.70749,0.00008,0.70672,1,3,0.99960,0.01092,0.01213,-0.02325,0.06011,0.08393,0.63445,0,0
1768603706.020934,-0.00151,0.03387,0.03044,0.00087,0.00015,-0.00036,0.52949,0.00008,0.28070,-0.00009,0.70749,0.00008,0.70672,1,3,0.99960,0.01092,0.01213,-0.02325,0.06011,0.08393,0.63445,0,0
1768603706.022924,-0.00146,0.05821,0.02910,0.00165,0.00035,0.00051,0.52949,0.00008,0.28070,-0.00009,0.70749,0.00008,0.70672,1,3,0.99960,0.01092,0.01213,-0.02325,0.06011,0.08393,0.63445,0,0
1768603706.024926,0.00633,0.06036,0.01559,0.00046,-0.00047,-0.00118,0.52949,0.00008,0.28070,-0.00009,0.70749,0.00008,0.70672,1,3,0.99960,0.01092,0.01213,-0.02325,0.06011,0.08393,0.63445,0,0
1768603706.026924,-0.00856,0.07046,0.01443,0.00125,-0.00266,-0.00103,0.52953,0.00008,0.28070,-0.00009,0.70749,0.00008,0.70672,1,3,0.99960,0.01092,0.01213,-0.02325,0.06011,0.08393,0.63445,0,0
1768603706.028924,-0.00806,0.03269,0.01359,0.00156,-0.00268,-0.00209,0.52953,0.00008,0.28070,-0.00009,0.70749,0.00008,0.70672,1,3,0.99960,0.01092,0.01213,-0.02325,0.06011,0.08393,0.63445,0,0
1768603706.030921,-0.03253,0.02653,0.05515,0.00058,-0.00087,-0.00054,0.52957,0.00008,0.28070,-0.00009,0.70750,0.00008,0.70672,1,3,0.99956,0.01081,0.01179,-0.02514,0.06012,0.08397,0.63461,0,0
1768603706.032943,-0.00936,0.03746,0.04266,0.00113,0.00052,-0.00028,0.52957,0.00008,0.28070,-0.00009,0.70750,0.00008,0.70672,1,3,0.99956,0.01081,0.01179,-0.02514,0.06012,0.08397,0.63461,0,0
1768603706.034924,-0.01693,0.03398,0.03997,0.00099,-0.00017,-0.00011,0.52961,0.00008,0.28070,-0.00009,0.70749,0.00008,0.70672,1,3,0.99956,0.01081,0.01179,-0.02514,0.06012,0.08397,0.63461,0,0
1768603706.036966,-0.01482,0.05030,-0.03944,0.00154,0.00040,0.00015,0.52961,0.00008,0.28070,-0.00009,0.70749,0.00008,0.70672,1,3,0.99956,0.01081,0.01179,-0.02514,0.06012,0.08397,0.63461,0,0
1768603706.038935,-0.05327,0.04606,-0.02167,0.00124,0.00061,-0.00032,0.52965,0.00008,0.28070,-0.00009,0.70750,0.00008,0.70672,1,3,0.99956,0.01081,0.01179,-0.02514,0.06012,0.08397,0.63461,0,0
1768603706.040936,-0.01575,0.01669,0.00706,0.00116,0.00074,-0.00139,0.52969,0.00008,0.28070,-0.00009,0.70750,0.00008,0.70672,1,3,0.99956,0.01081,0.01179,-0.02514,0.06012,0.08397,0.63461,0,0
1768603706.042950,-0.05460,0.02011,0.03379,0.00098,0.00128,-0.00082,0.52969,0.00008,0.28070,-0.00009,0.70750,0.00008,0.70672,1,3,0.99956,0.01081,0.01179,-0.02514,0.06012,0.08397,0.63461,0,0
1768603706.044946,-0.03178,0.04173,0.03901,0.00218,-0.00040,0.00045,0.52974,0.00008,0.28070,-0.00009,0.70749,0.00008,0.70672,1,3,0.99956,0.01081,0.01179,-0.02514,0.06012,0.08397,0.63461,0,0
1768603706.046951,-0.01548,0.04644,-0.02679,0.00060,0.00055,0.00017,0.52974,0.00008,0.28070,-0.00009,0.70749,0.00008,0.70672,1,3,0.99956,0.01081,0.01179,-0.02514,0.06012,0.08397,0.63461,0,0
1768603706.048948,0.06027,0.06171,-0.01449,0.00051,-0.00171,-0.00092,0.52978,0.00008,0.28070,-0.00009,0.70749,0.00008,0.70672,1,3,0.99956,0.01081,0.01179,-0.02514,0.06012,0.08397,0.63461,0,0
1768603706.050970,-0.04714,0.04206,0.03515,0.00110,0.00021,-0.00045,0.52978,0.00008,0.28070,-0.00009,0.70749,0.00008,0.70672,1,3,0.99956,0.01081,0.01179,-0.02514,0.06012,0.08397,0.63461,0,0
1768603706.052953,-0.00918,0.05535,0.04229,0.00152,-0.00058,-0.00087,0.52982,0.00008,0.28070,-0.00009,0.70749,0.00008,0.70672,1,3,0.99956,0.01081,0.01179,-0.02514,0.06012,0.08397,0.63461,0,0
1768603706.055058,-0.05364,0.04143,-0.01907,0.00057,0.00130,0.00010,0.52982,0.00008,0.28070,-0.00009,0.70749,0.00008,0.70672,1,3,0.99956,0.01081,0.01179,-0.02514,0.06012,0.08397,0.63461,0,0
1768603706.056959,0.01400,0.02528,0.02024,0.00116,0.00002,0.00027,0.52982,0.00008,0.28070,-0.00009,0.70749,0.00008,0.70672,1,3,0.99956,0.01081,0.01179,-0.02514,0.06012,0.08397,0.63461,0,0
1768603706.058946,-0.01698,0.05027,0.03510,0.00071,0.00064,-0.00030,0.52986,0.00008,0.28071,-0.00009,0.70749,0.00008,0.70672,1,3,0.99956,0.01081,0.01179,-0.02514,0.06012,0.08397,0.63461,0,0
1768603706.060945,-0.00277,0.07548,0.07950,0.00109,0.00053,-0.00127,0.52986,0.00008,0.28071,-0.00009,0.70749,0.00008,0.70672,1,3,0.99956,0.01081,0.01179,-0.02514,0.06012,0.08397,0.63461,0,0
1768603706.062943,-0.01702,0.05376,0.04761,0.00137,0.00101,-0.00073,0.52990,0.00008,0.28071,-0.00009,0.70749,0.00008,0.70673,1,3,0.99956,0.01081,0.01179,-0.02514,0.06012,0.08397,0.63461,0,0
1768603706.065039,-0.03894,0.02869,0.01348,0.00112,0.00103,-0.00040,0.52990,0.00008,0.28071,-0.00009,0.70749,0.00008,0.70673,1,3,0.99956,0.01083,0.01171,-0.02518,0.06012,0.08397,0.63459,0,0
1768603706.067017,-0.00133,0.05513,0.02192,0.00126,-0.00039,0.00016,0.52994,0.00008,0.28071,-0.00009,0.70748,0.00008,0.70673,1,3,0.99956,0.01083,0.01171,-0.02518,0.06012,0.08397,0.63459,0,0
1768603706.068971,-0.00800,0.02996,-0.01676,0.00075,0.00001,0.00024,0.52994,0.00008,0.28071,-0.00009,0.70748,0.00008,0.70673,1,3,0.99956,0.01083,0.01171,-0.02518,0.06012,0.08397,0.63459,0,0
1768603706.070962,-0.04678,0.06270,0.01701,0.00135,0.00043,0.00008,0.52998,0.00008,0.28072,-0.00009,0.70748,0.00008,0.70673,1,3,0.99956,0.01083,0.01171,-0.02518,0.06012,0.08397,0.63459,0,0
1768603706.072978,-0.02530,0.05943,0.07448,0.00122,-0.00041,-0.00107,0.53002,0.00008,0.28071,-0.00009,0.70748,0.00008,0.70673,1,3,0.99956,0.01083,0.01171,-0.02518,0.06012,0.08397,0.63459,0,0
1768603706.074992,-0.00186,0.02951,0.04291,0.00074,0.00030,-0.00032,0.53002,0.00008,0.28071,-0.00009,0.70748,0.00008,0.70673,1,3,0.99956,0.01083,0.01171,-0.02518,0.06012,0.08397,0.63459,0,0
1768603706.076972,-0.00841,0.03461,0.01613,0.00128,-0.00046,-0.00136,0.53007,0.00008,0.28072,-0.00009,0.70748,0.00008,0.70673,1,3,0.99956,0.01083,0.01171,-0.02518,0.06012,0.08397,0.63459,0,0
1768603706.078976,-0.02398,0.02464,0.02047,0.00113,0.00068,0.00015,0.53007,0.00008,0.28072,-0.00009,0.70748,0.00008,0.70673,1,3,0.99956,0.01083,0.01171,-0.02518,0.06012,0.08397,0.63459,0,0
1768603706.080975,-0.00871,0.04986,0.01397,0.00166,0.00017,0.00113,0.53010,0.00008,0.28072,-0.00009,0.70748,0.00008,0.70673,1,3,0.99956,0.01083,0.01171,-0.02518,0.06012,0.08397,0.63459,0,0
1768603706.083069,-0.01603,0.03291,-0.00420,0.00060,0.00126,0.00031,0.53010,0.00008,0.28072,-0.00009,0.70748,0.00008,0.70673,1,3,0.99956,0.01083,0.01171,-0.02518,0.06012,0.08397,0.63459,0,0
1768603706.085065,0.00675,0.05036,0.00057,0.00087,0.00066,-0.00028,0.53015,0.00008,0.28072,-0.00009,0.70748,0.00008,0.70674,1,3,0.99956,0.01083,0.01171,-0.02518,0.06012,0.08397,0.63459,0,0
1768603706.086980,-0.00951,0.05025,0.04422,0.00125,0.00010,0.00033,0.53015,0.00008,0.28072,-0.00009,0.70748,0.00008,0.70674,1,3,0.99956,0.01083,0.01171,-0.02518,0.06012,0.08397,0.63459,0,0
1768603706.088970,-0.03201,0.01703,0.04432,0.00167,-0.00078,0.00074,0.53019,0.00008,0.28072,-0.00009,0.70748,0.00008,0.70673,1,3,0.99956,0.01083,0.01171,-0.02518,0.06012,0.08397,0.63459,0,0
1768603706.090970,-0.02508,0.03726,0.05774,0.00071,0.00092,-0.00042,0.53019,0.00008,0.28072,-0.00009,0.70748,0.00008,0.70673,1,3,0.99956,0.01083,0.01171,-0.02518,0.06012,0.08397,0.63459,0,0
1768603706.092983,0.01373,0.06375,0.03211,0.00140,-0.00048,-0.00058,0.53019,0.00008,0.28072,-0.00009,0.70748,0.00008,0.70673,1,3,0.99956,0.01083,0.01171,-0.02518,0.06012,0.08397,0.63459,0,0
1768603706.094981,0.02214,0.05350,0.00536,0.00116,-0.00234,-0.00133,0.53023,0.00008,0.28072,-0.00009,0.70748,0.00008,0.70673,1,3,0.99956,0.01083,0.01171,-0.02518,0.06012,0.08397,0.63459,0,0
1768603706.096982,-0.06948,0.06638,0.01530,0.00119,0.00128,-0.00072,0.53023,0.00008,0.28072,-0.00009,0.70748,0.00008,0.70673,1,3,0.99956,0.01083,0.01171,-0.02518,0.06012,0.08397,0.63459,0,0
1768603706.098986,-0.04680,0.04500,0.01715,0.00136,0.00108,0.00067,0.53027,0.00008,0.28072,-0.00009,0.70748,0.00008,0.70673,1,3,0.99953,0.01072,0.01335,-0.02526,0.06009,0.08390,0.63419,0,0
1768603706.100987,-0.01621,0.02379,0.03235,0.00182,-0.00289,-0.00073,0.53027,0.00008,0.28072,-0.00009,0.70748,0.00008,0.70673,1,3,0.99953,0.01072,0.01335,-0.02526,0.06009,0.08390,0.63419,0,0
1768603706.103008,-0.05428,0.06229,0.02278,0.00161,0.00093,-0.00093,0.53031,0.00008,0.28072,-0.00009,0.70748,0.00008,0.70673,1,3,0.99953,0.01072,0.01335,-0.02526,0.06009,0.08390,0.63419,0,0
1768603706.105015,-0.02466,0.05130,0.04512,0.00084,-0.00033,-0.00096,0.53031,0.00008,0.28072,-0.00009,0.70748,0.00008,0.70673,1,3,0.99953,0.01072,0.01335,-0.02526,0.06009,0.08390,0.63419,0,0
1768603706.106988,-0.01663,0.03801,0.02728,0.00113,-0.00011,0.00024,0.53035,0.00008,0.28072,-0.00009,0.70748,0.00008,0.70674,1,3,0.99953,0.01072,0.01335,-0.02526,0.06009,0.08390,0.63419,0,0
1768603706.108987,-0.00181,0.04139,0.03895,0.00140,0.00025,0.00108,0.53039,0.00008,0.28073,-0.00009,0.70747,0.00008,0.70674,1,3,0.99953,0.01072,0.01335,-0.02526,0.06009,0.08390,0.63419,0,0
1768603706.110986,0.01368,0.06287,0.02610,0.00153,-0.00012,0.00096,0.53039,0.00008,0.28073,-0.00009,0.70747,0.00008,0.70674,1,3,0.99953,0.01072,0.01335,-0.02526,0.06009,0.08390,0.63419,0,0
1768603706.112986,0.00602,0.04371,0.02941,0.00087,-0.00139,0.00016,0.53043,0.00008,0.28073,-0.00009,0.70747,0.00008,0.70674,1,3,0.99953,0.01072,0.01335,-0.02526,0.06009,0.08390,0.63419,0,0
1768603706.115077,-0.00173,0.06369,0.03767,0.00084,0.00002,-0.00110,0.53043,0.00008,0.28073,-0.00009,0.70747,0.00008,0.70674,1,3,0.99953,0.01072,0.01335,-0.02526,0.06009,0.08390,0.63419,0,0
1768603706.117058,-0.01627,0.03838,0.01834,0.00100,0.00000,-0.00090,0.53047,0.00008,0.28073,-0.00009,0.70747,0.00008,0.70674,1,3,0.99953,0.01072,0.01335,-0.02526,0.06009,0.08390,0.63419,0,0
1768603706.118982,-0.00155,0.05025,0.02442,0.00099,0.00030,0.00060,0.53047,0.00008,0.28073,-0.00009,0.70747,0.00008,0.70674,1,3,0.99953,0.01072,0.01335,-0.02526,0.06009,0.08390,0.63419,0,0
1768603706.121023,0.00664,0.05158,-0.00074,0.00087,-0.00088,0.00085,0.53051,0.00008,0.28073,-0.00009,0.70747,0.00008,0.70674,1,3,0.99953,0.01072,0.01335,-0.02526,0.06009,0.08390,0.63419,0,0
1768603706.123000,-0.03194,0.04642,0.02774,0.00070,0.00033,-0.00038,0.53051,0.00008,0.28073,-0.00009,0.70747,0.00008,0.70674,1,3,0.99953,0.01072,0.01335,-0.02526,0.06009,0.08390,0.63419,0,0
1768603706.124993,-0.01702,0.03020,0.04280,0.00073,-0.00036,-0.00045,0.53055,0.00008,0.28073,-0.00009,0.70747,0.00008,0.70674,1,3,0.99953,0.01072,0.01335,-0.02526,0.06009,0.08390,0.63419,0,0
1768603706.126990,0.00653,0.03784,0.01259,0.00115,0.00015,0.00025,0.53055,0.00008,0.28073,-0.00009,0.70747,0.00008,0.70674,1,3,0.99953,0.01072,0.01335,-0.02526,0.06009,0.08390,0.63419,0,0
1768603706.129016,-0.00936,0.05116,0.03977,0.00098,-0.00039,-0.00044,0.53055,0.00008,0.28073,-0.00009,0.70747,0.00008,0.70674,1,3,0.99953,0.01072,0.01335,-0.02526,0.06009,0.08390,0.63419,0,0
1768603706.131002,-0.03183,0.03114,0.03091,0.00125,0.00256,-0.00019,0.53059,0.00008,0.28073,-0.00009,0.70747,0.00008,0.70674,1,3,0.99953,0.01072,0.01335,-0.02526,0.06009,0.08390,0.63419,0,0
1768603706.133010,-0.03151,0.04302,0.01038,0.00058,-0.00031,-0.00032,0.53059,0.00008,0.28073,-0.00009,0.70747,0.00008,0.70674,1,3,0.99953,0.01072,0.01335,-0.02526,0.06009,0.08390,0.63419,0,0
1768603706.135010,0.01320,0.03403,0.04446,0.00088,-0.00034,0.00052,0.53063,0.00008,0.28073,-0.00009,0.70747,0.00008,0.70674,1,3,0.99953,0.01072,0.01335,-0.02526,0.06009,0.08390,0.63419,0,0
1768603706.137006,0.01388,0.03850,0.02793,0.00115,-0.00032,-0.00066,0.53063,0.00008,0.28073,-0.00009,0.70747,0.00008,0.70674,1,3,0.99953,0.01072,0.01335,-0.02526,0.06009,0.08390,0.63419,0,0
1768603706.139010,0.02945,0.07118,0.01931,0.00155,-0.00348,-0.00129,0.53067,0.00008,0.28073,-0.00009,0.70747,0.00008,0.70674,1,3,0.99954,0.01075,0.01277,-0.02540,0.06010,0.08392,0.63432,0,0
1768603706.141021,-0.01698,0.05090,0.03973,0.00098,-0.00017,-0.00031,0.53067,0.00008,0.28073,-0.00009,0.70747,0.00008,0.70674,1,3,0.99954,0.01075,0.01277,-0.02540,0.06010,0.08392,0.63432,0,0
1768603706.143038,-0.00880,0.05143,0.01994,0.00112,-0.00063,-0.00043,0.53071,0.00008,0.28073,-0.00009,0.70747,0.00008,0.70674,1,3,0.99954,0.01075,0.01277,-0.02540,0.06010,0.08392,0.63432,0,0
1768603706.145025,-0.01618,0.02998,0.01652,0.00181,-0.00111,0.00111,0.53075,0.00008,0.28073,-0.00009,0.70747,0.00008,0.70674,1,3,0.99954,0.01075,0.01277,-0.02540,0.06010,0.08392,0.63432,0,0
1768603706.147034,-0.00934,0.00855,0.04095,0.00062,0.00027,-0.00032,0.53075,0.00008,0.28073,-0.00009,0.70747,0.00008,0.70674,1,3,0.99954,0.01075,0.01277,-0.02540,0.06010,0.08392,0.63432,0,0
1768603706.149014,-0.01722,0.06410,0.05161,0.00123,-0.00090,-0.00048,0.53079,0.00008,0.28073,-0.00009,0.70747,0.00008,0.70674,1,3,0.99954,0.01075,0.01277,-0.02540,0.06010,0.08392,0.63432,0,0
1768603706.151005,-0.03094,0.04248,-0.00409,0.00099,0.00017,-0.00068,0.53079,0.00008,0.28073,-0.00009,0.70747,0.00008,0.70674,1,3,0.99954,0.01075,0.01277,-0.02540,0.06010,0.08392,0.63432,0,0
1768603706.153036,-0.00793,0.03384,-0.01368,0.00088,0.00049,-0.00057,0.53083,0.00008,0.28073,-0.00009,0.70747,0.00008,0.70674,1,3,0.99954,0.01075,0.01277,-0.02540,0.06010,0.08392,0.63432,0,0
1768603706.155045,0.02329,0.03578,-0.03369,0.00145,-0.00150,-0.00108,0.53083,0.00008,0.28073,-0.00009,0.70747,0.00008,0.70674,1,3,0.99954,0.01075,0.01277,-0.02540,0.06010,0.08392,0.63432,0,0
1768603706.157039,-0.02373,0.02204,0.02375,0.00128,-0.00059,-0.00134,0.53087,0.00008,0.28072,-0.00009,0.70748,0.00008,0.70674,1,3,0.99954,0.01075,0.01277,-0.02540,0.06010,0.08392,0.63432,0,0
1768603706.159065,-0.04746,0.04986,0.03956,0.00095,0.00070,0.00021,0.53087,0.00008,0.28072,-0.00009,0.70748,0.00008,0.70674,1,3,0.99954,0.01075,0.01277,-0.02540,0.06010,0.08392,0.63432,0,0
1768603706.161120,-0.03163,0.04637,0.02743,0.00151,-0.00010,-0.00036,0.53091,0.00008,0.28073,-0.00009,0.70747,0.00008,0.70674,1,3,0.99954,0.01075,0.01277,-0.02540,0.06010,0.08392,0.63432,0,0
1768603706.163036,-0.01602,0.07677,-0.00462,0.00056,-0.00006,-0.00097,0.53091,0.00008,0.28073,-0.00009,0.70747,0.00008,0.70674,1,3,0.99954,0.01075,0.01277,-0.02540,0.06010,0.08392,0.63432,0,0
1768603706.165033,-0.03161,0.06006,0.03080,0.00123,-0.00050,-0.00206,0.53095,0.00008,0.28073,-0.00009,0.70747,0.00008,0.70674,1,3,0.99954,0.01075,0.01277,-0.02540,0.06010,0.08392,0.63432,0,0
1768603706.167036,-0.01701,0.07145,0.02644,0.00069,0.00032,0.00059,0.53095,0.00008,0.28073,-0.00009,0.70747,0.00008,0.70674,1,3,0.99954,0.01075,0.01277,-0.02540,0.06010,0.08392,0.63432,0,0
1768603706.169036,0.01382,0.04635,0.03168,0.00181,-0.00049,0.00039,0.53095,0.00008,0.28073,-0.00009,0.70747,0.00008,0.70674,1,3,0.99954,0.01075,0.01277,-0.02540,0.06010,0.08392,0.63432,0,0
1768603706.171038,-0.05422,0.03956,0.00524,0.00109,0.00246,0.00087,0.53100,0.00008,0.28073,-0.00009,0.70747,0.00008,0.70674,1,3,0.99954,0.01075,0.01277,-0.02540,0.06010,0.08392,0.63432,0,0
1768603706.173030,-0.00004,0.03725,-0.00505,0.00169,0.00125,-0.00226,0.53100,0.00008,0.28073,-0.00009,0.70747,0.00008,0.70674,1,3,0.99954,0.01075,0.01277,-0.02540,0.06010,0.08392,0.63432,0,0
1768603706.175036,-0.02339,0.02862,-0.00024,0.00074,0.00174,-0.00141,0.53104,0.00008,0.28073,-0.00009,0.70747,0.00008,0.70674,1,3,0.99954,0.01075,0.01277,-0.02540,0.06010,0.08392,0.63432,0,0
1768603706.177025,-0.01710,0.05762,0.04862,0.00190,0.00059,0.00076,0.53104,0.00008,0.28073,-0.00009,0.70747,0.00008,0.70674,1,3,0.99954,0.01075,0.01277,-0.02540,0.06010,0.08392,0.63432,0,0
1768603706.179024,0.01322,0.01330,0.04673,0.00103,-0.00097,0.00115,0.53108,0.00008,0.28073,-0.00009,0.70747,0.00008,0.70674,1,3,0.99954,0.01075,0.01277,-0.02540,0.06010,0.08392,0.63432,0,0
1768603706.181028,-0.00296,0.04685,0.08014,0.00124,-0.00121,0.00136,0.53108,0.00008,0.28073,-0.00009,0.70747,0.00008,0.70674,1,3,0.99958,0.01118,0.01249,-0.02352,0.06013,0.08396,0.63462,0,0
1768603706.183060,-0.00975,0.03783,0.06214,0.00139,-0.00012,-0.00029,0.53112,0.00008,0.28073,-0.00009,0.70747,0.00008,0.70674,1,3,0.99958,0.01118,0.01249,-0.02352,0.06013,0.08396,0.63462,0,0
1768603706.185061,0.02199,0.03398,0.00170,0.00050,0.00067,-0.00110,0.53112,0.00008,0.28073,-0.00009,0.70747,0.00008,0.70674,1,3,0.99958,0.01118,0.01249,-0.02352,0.06013,0.08396,0.63462,0,0
1768603706.187042,0.01495,0.03699,-0.02110,0.00090,0.00149,-0.00023,0.53116,0.00008,0.28073,-0.00009,0.70747,0.00008,0.70674,1,3,0.99958,0.01118,0.01249,-0.02352,0.06013,0.08396,0.63462,0,0
1768603706.189080,0.00616,0.05847,0.02914,0.00166,0.00014,0.00038,0.53120,0.00008,0.28073,-0.00009,0.70747,0.00008,0.70674,1,3,0.99958,0.01118,0.01249,-0.02352,0.06013,0.08396,0.63462,0,0
1768603706.191092,-0.06330,0.01139,0.07226,0.00110,0.00087,0.00052,0.53120,0.00008,0.28073,-0.00009,0.70747,0.00008,0.70674,1,3,0.99958,0.01118,0.01249,-0.02352,0.06013,0.08396,0.63462,0,0
1768603706.193098,0.02846,0.02016,0.05561,0.00064,-0.00261,-0.00149,0.53124,0.00008,0.28073,-0.00009,0.70747,0.00008,0.70674,1,3,0.99958,0.01118,0.01249,-0.02352,0.06013,0.08396,0.63462,0,0
1768603706.195070,-0.01669,0.02578,0.03023,0.00087,-0.00029,-0.00000,0.53124,0.00008,0.28073,-0.00009,0.70747,0.00008,0.70674,1,3,0.99958,0.01118,0.01249,-0.02352,0.06013,0.08396,0.63462,0,0
1768603706.197057,-0.03931,0.07566,0.01975,0.00107,0.00046,-0.00059,0.53128,0.00008,0.28073,-0.00009,0.70747,0.00008,0.70674,1,3,0.99958,0.01118,0.01249,-0.02352,0.06013,0.08396,0.63462,0,0
1768603706.199117,0.03740,0.02741,-0.00892,0.00039,-0.00120,-0.00051,0.53128,0.00008,0.28073,-0.00009,0.70747,0.00008,0.70674,1,3,0.99958,0.01118,0.01249,-0.02352,0.06013,0.08396,0.63462,0,0
1768603706.201059,-0.03868,0.02636,0.00560,0.00113,-0.00081,-0.00036,0.53132,0.00008,0.28072,-0.00009,0.70747,0.00008,0.70674,1,3,0.99958,0.01118,0.01249,-0.02352,0.06013,0.08396,0.63462,0,0
1768603706.203049,-0.03051,0.00740,-0.01433,0.00169,0.00070,0.00090,0.53132,0.00008,0.28072,-0.00009,0.70747,0.00008,0.70674,1,3,0.99958,0.01118,0.01249,-0.02352,0.06013,0.08396,0.63462,0,0
1768603706.205045,-0.04659,0.03236,0.02582,0.00178,0.00119,-0.00070,0.53135,0.00008,0.28072,-0.00009,0.70748,0.00008,0.70674,1,3,0.99958,0.01118,0.01249,-0.02352,0.06013,0.08396,0.63462,0,0
1768603706.207061,-0.06146,0.03862,0.00342,0.00097,-0.00018,-0.00089,0.53135,0.00008,0.28072,-0.00009,0.70748,0.00008,0.70674,1,3,0.99958,0.01118,0.01249,-0.02352,0.06013,0.08396,0.63462,0,0
1768603706.209080,-0.02328,0.05534,-0.01223,0.00098,-0.00015,-0.00020,0.53135,0.00008,0.28072,-0.00009,0.70748,0.00008,0.70674,1,3,0.99958,0.01118,0.01249,-0.02352,0.06013,0.08396,0.63462,0,0
1768603706.211056,-0.03998,0.05081,0.03957,0.00055,0.00004,0.00007,0.53139,0.00008,0.28072,-0.00009,0.70748,0.00008,0.70674,1,3,0.99958,0.01118,0.01249,-0.02352,0.06013,0.08396,0.63462,0,0
1768603706.213065,-0.00850,0.02549,0.01580,0.00129,-0.00003,-0.00049,0.53139,0.00008,0.28072,-0.00009,0.70748,0.00008,0.70674,1,3,0.99958,0.01118,0.01249,-0.02352,0.06013,0.08396,0.63462,0,0
1768603706.215052,-0.03285,0.05042,0.06389,0.00109,-0.00010,0.00031,0.53143,0.00008,0.28072,-0.00009,0.70748,0.00008,0.70674,1,3,0.99958,0.01118,0.01249,-0.02352,0.06013,0.08396,0.63462,0,0
1768603706.217093,-0.03824,0.03946,-0.01298,0.00125,0.00312,-0.00089,0.53143,0.00008,0.28072,-0.00009,0.70748,0.00008,0.70674,1,3,0.99952,0.01057,0.01298,-0.02604,0.06010,0.08391,0.63423,0,0
1768603706.219094,-0.04580,0.04657,-0.02153,0.00084,0.00039,-0.00046,0.53148,0.00008,0.28072,-0.00009,0.70748,0.00008,0.70674,1,3,0.99952,0.01057,0.01298,-0.02604,0.06010,0.08391,0.63423,0,0
1768603706.221072,-0.03806,0.05132,-0.01456,0.00165,-0.00061,-0.00064,0.53148,0.00008,0.28072,-0.00009,0.70748,0.00008,0.70674,1,3,0.99952,0.01057,0.01298,-0.02604,0.06010,0.08391,0.63423,0,0
1768603706.223079,0.00607,0.04633,0.01697,0.00060,0.00020,0.00090,0.53148,0.00008,0.28072,-0.00009,0.70748,0.00008,0.70674,1,3,0.99952,0.01057,0.01298,-0.02604,0.06010,0.08391,0.63423,0,0
1768603706.225093,-0.01774,0.03366,0.06818,0.00138,-0.00070,0.00140,0.53148,0.00008,0.28072,-0.00009,0.70748,0.00008,0.70674,1,3,0.99952,0.01057,0.01298,-0.02604,0.06010,0.08391,0.63423,0,0
1768603706.227072,-0.02474,0.02119,0.05821,0.00113,0.00005,-0.00098,0.53152,0.00008,0.28072,-0.00009,0.70748,0.00008,0.70673,1,3,0.99952,0.01057,0.01298,-0.02604,0.06010,0.08391,0.63423,0,0
1768603706.229083,-0.00939,0.03401,0.04570,0.00086,0.00011,-0.00100,0.53152,0.00008,0.28072,-0.00009,0.70748,0.00008,0.70673,1,3,0.99952,0.01057,0.01298,-0.02604,0.06010,0.08391,0.63423,0,0
1768603706.231091,-0.00834,0.05076,-0.00396,0.00059,0.00061,-0.00079,0.53160,0.00008,0.28072,-0.00009,0.70748,0.00008,0.70674,1,3,0.99952,0.01057,0.01298,-0.02604,0.06010,0.08391,0.63423,0,0
1768603706.233090,0.02959,0.07515,-0.00087,0.00167,0.00043,0.00058,0.53164,0.00008,0.28072,-0.00009,0.70748,0.00008,0.70673,1,3,0.99952,0.01057,0.01298,-0.02604,0.06010,0.08391,0.63423,0,0
1768603706.235070,-0.00863,0.03045,0.02212,0.00168,-0.00126,0.00021,0.53164,0.00008,0.28072,-0.00009,0.70748,0.00008,0.70673,1,3,0.99952,0.01057,0.01298,-0.02604,0.06010,0.08391,0.63423,0,0
1768603706.237065,-0.02464,0.02622,0.04989,0.00113,-0.00093,-0.00027,0.53168,0.00008,0.28072,-0.00009,0.70748,0.00008,0.70673,1,3,0.99952,0.01057,0.01298,-0.02604,0.06010,0.08391,0.63423,0,0
1768603706.239065,-0.03204,0.05394,0.03753,0.00123,0.00089,-0.00047,0.53168,0.00008,0.28072,-0.00009,0.70748,0.00008,0.70673,1,3,0.99952,0.01057,0.01298,-0.02604,0.06010,0.08391,0.63423,0,0
1768603706.241105,-0.06152,0.05784,-0.00949,0.00068,0.00163,0.00002,0.53168,0.00008,0.28072,-0.00009,0.70748,0.00008,0.70673,1,3,0.99952,0.01057,0.01298,-0.02604,0.06010,0.08391,0.63423,0,0
1768603706.243097,-0.00824,0.08059,-0.01295,0.00097,-0.00016,0.00001,0.53172,0.00008,0.28072,-0.00009,0.70748,0.00008,0.70673,1,3,0.99952,0.01057,0.01298,-0.02604,0.06010,0.08391,0.63423,0,0
1768603706.245089,-0.03133,0.03768,0.00225,0.00098,0.00024,0.00089,0.53172,0.00008,0.28072,-0.00009,0.70748,0.00008,0.70673,1,3,0.99952,0.01057,0.01298,-0.02604,0.06010,0.08391,0.63423,0,0
1768603706.247089,-0.04747,0.00699,0.04563,0.00086,0.00142,0.00034,0.53176,0.00008,0.28072,-0.00009,0.70748,0.00008,0.70673,1,3,0.99952,0.01057,0.01298,-0.02604,0.06010,0.08391,0.63423,0,0
1768603706.249091,-0.03202,0.04611,0.04228,0.00151,0.00008,-0.00037,0.53176,0.00008,0.28072,-0.00009,0.70748,0.00008,0.70673,1,3,0.99954,0.01058,0.01244,-0.02536,0.06011,0.08394,0.63443,0,0
1768603706.251096,-0.03897,0.06767,0.01058,0.00095,0.00035,-0.00125,0.53180,0.00008,0.28072,-0.00009,0.70749,0.00008,0.70673,1,3,0.99954,0.01058,0.01244,-0.02536,0.06011,0.08394,0.63443,0,0
1768603706.253114,-0.03093,0.07491,-0.02905,0.00002,0.00205,-0.00030,0.53180,0.00008,0.28072,-0.00009,0.70749,0.00008,0.70673,1,3,0.99954,0.01058,0.01244,-0.02536,0.06011,0.08394,0.63443,0,0
1768603706.255093,-0.01688,0.06784,0.02825,0.00123,-0.00075,0.00102,0.53180,0.00008,0.28072,-0.00009,0.70749,0.00008,0.70673,1,3,0.99954,0.01058,0.01244,-0.02536,0.06011,0.08394,0.63443,0,0
1768603706.257102,-0.01716,0.03702,0.05759,0.00152,0.00070,-0.00053,0.53184,0.00008,0.28071,-0.00009,0.70749,0.00008,0.70673,1,3,0.99954,0.01058,0.01244,-0.02536,0.06011,0.08394,0.63443,0,0
1768603706.259091,-0.00111,0.01296,0.01799,0.00103,-0.00022,0.00029,0.53188,0.00008,0.28071,-0.00009,0.70749,0.00008,0.70673,1,3,0.99954,0.01058,0.01244,-0.02536,0.06011,0.08394,0.63443,0,0
1768603706.261100,-0.01538,0.01377,-0.01589,0.00076,-0.00042,-0.00058,0.53192,0.00008,0.28071,-0.00009,0.70749,0.00008,0.70672,1,3,0.99954,0.01058,0.01244,-0.02536,0.06011,0.08394,0.63443,0,0
1768603706.263086,-0.01571,0.05865,0.00046,0.00165,0.00044,-0.00074,0.53192,0.00008,0.28071,-0.00009,0.70749,0.00008,0.70672,1,3,0.99954,0.01058,0.01244,-0.02536,0.06011,0.08394,0.63443,0,0
1768603706.265101,0.00633,0.07290,0.01705,0.00098,-0.00088,-0.00056,0.53196,0.00008,0.28071,-0.00009,0.70749,0.00008,0.70672,1,3,0.99954,0.01058,0.01244,-0.02536,0.06011,0.08394,0.63443,0,0
1768603706.267133,-0.03307,0.06842,0.07313,0.00121,-0.00130,0.00009,0.53196,0.00008,0.28071,-0.00009,0.70749,0.00008,0.70672,1,3,0.99954,0.01058,0.01244,-0.02536,0.06011,0.08394,0.63443,0,0
1768603706.269130,-0.00154,0.02571,0.03498,0.00115,-0.00045,0.00012,0.53200,0.00008,0.28071,-0.00009,0.70749,0.00008,0.70672,1,3,0.99954,0.01058,0.01244,-0.02536,0.06011,0.08394,0.63443,0,0
1768603706.271122,-0.00879,0.05080,0.01531,0.00086,0.00018,-0.00042,0.53200,0.00008,0.28071,-0.00009,0.70749,0.00008,0.70672,1,3,0.99954,0.01058,0.01244,-0.02536,0.06011,0.08394,0.63443,0,0
1768603706.273127,-0.01593,0.03003,0.00814,0.00128,-0.00034,-0.00041,0.53200,0.00008,0.28071,-0.00009,0.70749,0.00008,0.70672,1,3,0.99954,0.01058,0.01244,-0.02536,0.06011,0.08394,0.63443,0,0
1768603706.275116,-0.01661,0.05944,0.02000,0.00070,0.00002,-0.00040,0.53200,0.00008,0.28071,-0.00009,0.70749,0.00008,0.70672,1,3,0.99954,0.01058,0.01244,-0.02536,0.06011,0.08394,0.63443,0,0
1768603706.277127,0.08962,0.06960,0.03469,0.00118,-0.00176,-0.00117,0.53204,0.00008,0.28071,-0.00009,0.70749,0.00008,0.70672,1,3,0.99954,0.01058,0.01244,-0.02536,0.06011,0.08394,0.63443,0,0
1768603706.279114,-0.01725,0.05706,0.05408,0.00177,0.00131,0.00038,0.53204,0.00008,0.28071,-0.00009,0.70749,0.00008,0.70672,1,3,0.99954,0.01058,0.01244,-0.02536,0.06011,0.08394,0.63443,0,0
1768603706.281118,-0.03945,0.03605,0.02300,0.00084,0.00202,0.00026,0.53208,0.00008,0.28071,-0.00009,0.70749,0.00008,0.70673,1,3,0.99954,0.01058,0.01244,-0.02536,0.06011,0.08394,0.63443,0,0
1768603706.283113,0.01435,0.00147,0.01661,0.00093,-0.00090,-0.00097,0.53208,0.00008,0.28071,-0.00009,0.70749,0.00008,0.70673,1,3,0.99955,0.01081,0.01305,-0.02489,0.06010,0.08390,0.63426,0,0
1768603706.285110,-0.04025,0.03895,0.05701,0.00070,-0.00084,-0.00018,0.53212,0.00008,0.28071,-0.00009,0.70749,0.00008,0.70672,1,3,0.99955,0.01081,0.01305,-0.02489,0.06010,0.08390,0.63426,0,0
1768603706.287119,0.00577,0.06837,0.03825,0.00138,-0.00128,0.00063,0.53212,0.00008,0.28071,-0.00009,0.70749,0.00008,0.70672,1,3,0.99955,0.01081,0.01305,-0.02489,0.06010,0.08390,0.63426,0,0
1768603706.289152,-0.05449,0.07619,0.02338,0.00173,-0.00081,0.00043,0.53220,0.00008,0.28071,-0.00009,0.70749,0.00008,0.70672,1,3,0.99955,0.01081,0.01305,-0.02489,0.06010,0.08390,0.63426,0,0
1768603706.291115,-0.06177,0.00156,0.00886,0.00086,0.00272,0.00069,0.53220,0.00008,0.28071,-0.00009,0.70749,0.00008,0.70672,1,3,0.99955,0.01081,0.01305,-0.02489,0.06010,0.08390,0.63426,0,0
1768603706.293136,-0.03178,0.02599,0.03570,0.00113,-0.00044,-0.00089,0.53223,0.00008,0.28071,-0.00009,0.70749,0.00008,0.70672,1,3,0.99955,0.01081,0.01305,-0.02489,0.06010,0.08390,0.63426,0,0
1768603706.295109,-0.02395,0.04197,0.02557,0.00139,0.00031,-0.00082,0.53223,0.00008,0.28071,-0.00009,0.70749,0.00008,0.70672,1,3,0.99955,0.01081,0.01305,-0.02489,0.06010,0.08390,0.63426,0,0
1768603706.297187,-0.05413,0.05484,0.00334,0.00055,0.00069,-0.00084,0.53227,0.00008,0.28071,-0.00009,0.70750,0.00008,0.70672,1,3,0.99955,0.01081,0.01305,-0.02489,0.06010,0.08390,0.63426,0,0
1768603706.299134,-0.00793,0.06497,-0.02658,0.00018,-0.00054,-0.00095,0.53227,0.00008,0.28071,-0.00009,0.70750,0.00008,0.70672,1,3,0.99955,0.01081,0.01305,-0.02489,0.06010,0.08390,0.63426,0,0
1768603706.301142,0.03054,0.03676,-0.02790,0.00052,-0.00165,-0.00200,0.53231,0.00008,0.28071,-0.00009,0.70750,0.00008,0.70672,1,3,0.99955,0.01081,0.01305,-0.02489,0.06010,0.08390,0.63426,0,0
1768603706.303132,-0.02476,0.05036,0.04876,0.00150,-0.00028,0.00059,0.53231,0.00008,0.28071,-0.00009,0.70750,0.00008,0.70672,1,3,0.99955,0.01081,0.01305,-0.02489,0.06010,0.08390,0.63426,0,0
1768603706.305140,-0.02498,0.03519,0.06472,0.00112,-0.00140,-0.00077,0.53231,0.00008,0.28071,-0.00009,0.70750,0.00008,0.70672,1,3,0.99955,0.01081,0.01305,-0.02489,0.06010,0.08390,0.63426,0,0
1768603706.307157,-0.04803,0.03769,0.06256,0.00055,0.00054,-0.00043,0.53231,0.00008,0.28071,-0.00009,0.70750,0.00008,0.70672,1,3,0.99955,0.01081,0.01305,-0.02489,0.06010,0.08390,0.63426,0,0
1768603706.309154,0.02169,0.05085,0.00983,0.00101,-0.00010,0.00022,0.53235,0.00008,0.28070,-0.00009,0.70750,0.00008,0.70672,1,3,0.99955,0.01081,0.01305,-0.02489,0.06010,0.08390,0.63426,0,0
1768603706.311192,-0.01708,0.05432,0.04087,0.00151,-0.00016,0.00118,0.53235,0.00008,0.28070,-0.00009,0.70750,0.00008,0.70672,1,3,0.99955,0.01081,0.01305,-0.02489,0.06010,0.08390,0.63426,0,0
1768603706.313160,-0.03884,0.04546,0.01199,0.00191,0.00036,0.00055,0.53239,0.00008,0.28071,-0.00009,0.70750,0.00008,0.70672,1,3,0.99955,0.01081,0.01305,-0.02489,0.06010,0.08390,0.63426,0,0
1768603706.315159,-0.02372,0.03021,0.01296,0.00114,-0.00050,-0.00029,0.53239,0.00008,0.28071,-0.00009,0.70750,0.00008,0.70672,1,3,0.99955,0.01081,0.01305,-0.02489,0.06010,0.08390,0.63426,0,0
1768603706.317151,-0.05360,0.02407,-0.01870,0.00058,0.00173,0.00031,0.53243,0.00008,0.28070,-0.00009,0.70750,0.00008,0.70671,1,3,0.99955,0.01070,0.01267,-0.02486,0.06008,0.08389,0.63416,0,0
1768603706.319130,-0.02409,0.01507,0.02028,0.00114,0.00155,0.00103,0.53243,0.00008,0.28070,-0.00009,0.70750,0.00008,0.70671,1,3,0.99955,0.01070,0.01267,-0.02486,0.06008,0.08389,0.63416,0,0
1768603706.321158,0.06717,0.03483,0.01486,0.00093,-0.00091,0.00040,0.53247,0.00008,0.28070,-0.00009,0.70750,0.00008,0.70672,1,3,0.99955,0.01070,0.01267,-0.02486,0.06008,0.08389,0.63416,0,0
1768603706.323141,0.02105,0.08397,0.02851,0.00124,0.00013,0.00057,0.53247,0.00008,0.28070,-0.00009,0.70750,0.00008,0.70672,1,3,0.99955,0.01070,0.01267,-0.02486,0.06008,0.08389,0.63416,0,0
1768603706.325190,0.01409,0.06999,0.01878,0.00153,-0.00261,-0.00026,0.53252,0.00008,0.28070,-0.00009,0.70750,0.00008,0.70671,1,3,0.99955,0.01070,0.01267,-0.02486,0.06008,0.08389,0.63416,0,0
1768603706.327173,-0.03869,0.01158,0.00398,0.00101,0.00135,-0.00019,0.53256,0.00008,0.28070,-0.00009,0.70750,0.00008,0.70671,1,3,0.99955,0.01070,0.01267,-0.02486,0.06008,0.08389,0.63416,0,0
1768603706.329163,-0.01667,-0.01702,0.04141,0.00104,0.00028,-0.00026,0.53256,0.00008,0.28070,-0.00009,0.70750,0.00008,0.70671,1,3,0.99955,0.01070,0.01267,-0.02486,0.06008,0.08389,0.63416,0,0
1768603706.331205,-0.01026,0.01646,0.07472,0.00087,0.00025,0.00033,0.53260,0.00008,0.28070,-0.00009,0.70750,0.00008,0.70671,1,3,0.99955,0.01070,0.01267,-0.02486,0.06008,0.08389,0.63416,0,0
1768603706.333174,0.00566,0.06707,0.03317,0.00111,-0.00003,0.00140,0.53260,0.00008,0.28070,-0.00009,0.70750,0.00008,0.70671,1,3,0.99955,0.01070,0.01267,-0.02486,0.06008,0.08389,0.63416,0,0
1768603706.335176,-0.01630,0.07628,0.01864,0.00190,-0.00086,0.00018,0.53264,0.00008,0.28070,-0.00009,0.70750,0.00008,0.70671,1,3,0.99955,0.01070,0.01267,-0.02486,0.06008,0.08389,0.63416,0,0
1768603706.337180,-0.02326,0.05080,-0.01448,0.00085,0.00026,-0.00014,0.53264,0.00008,0.28070,-0.00009,0.70750,0.00008,0.70671,1,3,0.99955,0.01070,0.01267,-0.02486,0.06008,0.08389,0.63416,0,0
1768603706.339163,-0.00898,0.03260,0.05440,0.00128,-0.00218,-0.00365,0.53268,0.00008,0.28070,-0.00009,0.70750,0.00008,0.70672,1,3,0.99955,0.01070,0.01267,-0.02486,0.06008,0.08389,0.63416,0,0
1768603706.341161,-0.01739,0.02540,0.05539,0.00059,0.00023,-0.00040,0.53268,0.00008,0.28070,-0.00009,0.70750,0.00008,0.70672,1,3,0.99955,0.01070,0.01267,-0.02486,0.06008,0.08389,0.63416,0,0
1768603706.343163,-0.02384,0.02084,0.01752,0.00141,-0.00001,0.00058,0.53268,0.00008,0.28070,-0.00009,0.70750,0.00008,0.70672,1,3,0.99955,0.01070,0.01267,-0.02486,0.06008,0.08389,0.63416,0,0
1768603706.345162,-0.02326,0.06724,-0.03016,0.00043,0.00073,0.00081,0.53272,0.00008,0.28070,-0.00009,0.70750,0.00008,0.70671,1,3,0.99955,0.01070,0.01267,-0.02486,0.06008,0.08389,0.63416,0,0
1768603706.347157,-0.02309,0.01728,-0.01377,0.00089,0.00005,-0.00012,0.53272,0.00008,0.28070,-0.00009,0.70750,0.00008,0.70671,1,3,0.99955,0.01070,0.01267,-0.02486,0.06008,0.08389,0.63416,0,0
1768603706.349160,-0.00883,0.02956,0.02735,0.00154,-0.00033,0.00022,0.53276,0.00008,0.28070,-0.00009,0.70750,0.00008,0.70671,1,3,0.99955,0.01070,0.01267,-0.02486,0.06008,0.08389,0.63416,0,0
1768603706.351173,0.00664,0.00660,0.02902,0.00119,-0.00184,-0.00167,0.53276,0.00008,0.28070,-0.00009,0.70750,0.00008,0.70671,1,3,0.99955,0.01070,0.01267,-0.02486,0.06008,0.08389,0.63416,0,0
1768603706.353177,-0.04720,0.05027,0.03991,0.00136,0.00026,-0.00055,0.53280,0.00008,0.28070,-0.00009,0.70750,0.00008,0.70671,1,3,0.99955,0.01070,0.01267,-0.02486,0.06008,0.08389,0.63416,0,0
1768603706.355186,-0.03964,0.03376,0.03439,0.00111,-0.00024,0.00066,0.53280,0.00008,0.28070,-0.00009,0.70750,0.00008,0.70671,1,3,0.99955,0.01070,0.01267,-0.02486,0.06008,0.08389,0.63416,0,0
1768603706.357172,-0.01604,0.04352,0.00469,0.00113,-0.00126,0.00019,0.53284,0.00008,0.28070,-0.00009,0.70750,0.00008,0.70671,1,3,0.99955,0.01070,0.01267,-0.02486,0.06008,0.08389,0.63416,0,0
1768603706.359180,-0.00885,0.07927,0.01088,0.00150,0.00035,0.00115,0.53284,0.00008,0.28070,-0.00009,0.70750,0.00008,0.70671,1,3,0.99955,0.01070,0.01267,-0.02486,0.06008,0.08389,0.63416,0,0
1768603706.361180,-0.06889,0.05417,-0.02191,0.00041,0.00126,0.00020,0.53288,0.00008,0.28070,-0.00009,0.70750,0.00008,0.70671,1,3,0.99955,0.01070,0.01267,-0.02486,0.06008,0.08389,0.63416,0,0
1768603706.363181,-0.03032,0.03791,-0.01582,0.00154,0.00046,-0.00137,0.53288,0.00008,0.28070,-0.00009,0.70750,0.00008,0.70671,1,3,0.99955,0.01070,0.01267,-0.02486,0.06008,0.08389,0.63416,0,0
1768603706.365172,-0.00026,0.02698,0.00087,0.00170,-0.00152,-0.00100,0.53292,0.00008,0.28070,-0.00009,0.70750,0.00008,0.70671,1,3,0.99955,0.01070,0.01267,-0.02486,0.06008,0.08389,0.63416,0,0
1768603706.367191,-0.00900,0.03436,0.02970,0.00127,-0.00073,0.00015,0.53292,0.00008,0.28070,-0.00009,0.70750,0.00008,0.70671,1,3,0.99955,0.01070,0.01267,-0.02486,0.06008,0.08389,0.63416,0,0
1768603706.369206,-0.02534,0.06727,0.06346,0.00108,-0.00010,0.00036,0.53296,0.00008,0.28070,-0.00009,0.70750,0.00008,0.70671,1,3,0.99955,0.01070,0.01267,-0.02486,0.06008,0.08389,0.63416,0,0
1768603706.371190,-0.01617,0.02053,0.00328,0.00061,0.00091,0.00046,0.53296,0.00008,0.28070,-0.00009,0.70750,0.00008,0.70671,1,3,0.99956,0.01041,0.01133,-0.02524,0.06010,0.08394,0.63446,0,0
1768603706.373185,-0.00803,0.01663,-0.00436,0.00143,0.00016,0.00040,0.53300,0.00008,0.28071,-0.00009,0.70750,0.00008,0.70672,1,3,0.99956,0.01041,0.01133,-0.02524,0.06010,0.08394,0.63446,0,0
1768603706.375227,0.00732,-0.00798,-0.00879,0.00120,-0.00033,0.00044,0.53305,0.00008,0.28071,-0.00009,0.70749,0.00008,0.70672,1,3,0.99956,0.01041,0.01133,-0.02524,0.06010,0.08394,0.63446,0,0
1768603706.377181,0.02076,0.03378,0.05428,0.00142,-0.00044,0.00039,0.53305,0.00008,0.28071,-0.00009,0.70749,0.00008,0.70672,1,3,0.99956,0.01041,0.01133,-0.02524,0.06010,0.08394,0.63446,0,0
1768603706.379195,0.00582,0.05891,0.03897,0.00139,-0.00018,0.00036,0.53309,0.00008,0.28071,-0.00009,0.70749,0.00008,0.70672,1,3,0.99956,0.01041,0.01133,-0.02524,0.06010,0.08394,0.63446,0,0
1768603706.381178,-0.00141,0.06263,0.01694,0.00098,0.00064,0.00045,0.53309,0.00008,0.28071,-0.00009,0.70749,0.00008,0.70672,1,3,0.99956,0.01041,0.01133,-0.02524,0.06010,0.08394,0.63446,0,0
1768603706.383217,-0.04654,0.02986,0.01896,0.00098,0.00023,-0.00143,0.53313,0.00008,0.28071,-0.00009,0.70749,0.00008,0.70672,1,3,0.99956,0.01041,0.01133,-0.02524,0.06010,0.08394,0.63446,0,0
1768603706.385235,-0.01540,0.00816,-0.00789,0.00117,0.00077,-0.00090,0.53313,0.00008,0.28071,-0.00009,0.70749,0.00008,0.70672,1,3,0.99956,0.01041,0.01133,-0.02524,0.06010,0.08394,0.63446,0,0
1768603706.387214,-0.03245,0.04677,0.05141,0.00123,-0.00069,0.00037,0.53317,0.00008,0.28071,-0.00009,0.70749,0.00008,0.70672,1,3,0.99956,0.01041,0.01133,-0.02524,0.06010,0.08394,0.63446,0,0
1768603706.389202,-0.00204,0.06429,0.05147,0.00124,-0.00112,-0.00035,0.53317,0.00008,0.28071,-0.00009,0.70749,0.00008,0.70672,1,3,0.99956,0.01041,0.01133,-0.02524,0.06010,0.08394,0.63446,0,0
1768603706.391214,0.02054,0.08048,0.04570,0.00097,-0.00054,0.00059,0.53321,0.00008,0.28071,-0.00009,0.70749,0.00008,0.70672,1,3,0.99956,0.01041,0.01133,-0.02524,0.06010,0.08394,0.63446,0,0
1768603706.393229,0.02169,0.07229,0.01730,0.00140,-0.00044,-0.00080,0.53321,0.00008,0.28071,-0.00009,0.70749,0.00008,0.70672,1,3,0.99956,0.01041,0.01133,-0.02524,0.06010,0.08394,0.63446,0,0
1768603706.395195,0.00599,0.05945,0.03977,0.00139,-0.00039,-0.00079,0.53325,0.00008,0.28071,-0.00009,0.70749,0.00008,0.70672,1,3,0.99956,0.01041,0.01133,-0.02524,0.06010,0.08394,0.63446,0,0
1768603706.397190,0.01436,0.03337,0.00064,0.00089,0.00066,0.00018,0.53325,0.00008,0.28071,-0.00009,0.70749,0.00008,0.70672,1,3,0.99956,0.01041,0.01133,-0.02524,0.06010,0.08394,0.63446,0,0
1768603706.399205,-0.01690,0.02808,0.03731,0.00126,0.00111,0.00073,0.53325,0.00008,0.28071,-0.00009,0.70749,0.00008,0.70672,1,3,0.99956,0.01041,0.01133,-0.02524,0.06010,0.08394,0.63446,0,0
1768603706.401209,-0.03211,0.04278,0.03872,0.00137,-0.00106,0.00081,0.53329,0.00008,0.28072,-0.00009,0.70749,0.00008,0.70672,1,3,0.99956,0.01041,0.01133,-0.02524,0.06010,0.08394,0.63446,0,0
1768603706.403208,-0.00123,0.05073,0.01513,0.00086,0.00018,-0.00017,0.53329,0.00008,0.28072,-0.00009,0.70749,0.00008,0.70672,1,3,0.99956,0.01041,0.01133,-0.02524,0.06010,0.08394,0.63446,0,0
1768603706.405196,-0.04753,0.04163,0.06000,0.00163,0.00029,-0.00084,0.53333,0.00008,0.28072,-0.00009,0.70749,0.00008,0.70672,1,3,0.99956,0.01041,0.01133,-0.02524,0.06010,0.08394,0.63446,0,0
1768603706.407209,-0.06085,0.01653,-0.01817,0.00099,0.00087,-0.00061,0.53333,0.00008,0.28072,-0.00009,0.70749,0.00008,0.70672,1,3,0.99956,0.01041,0.01133,-0.02524,0.06010,0.08394,0.63446,0,0
1768603706.409210,0.01355,0.02532,0.03950,0.00143,-0.00040,0.00064,0.53337,0.00008,0.28072,-0.00009,0.70749,0.00008,0.70673,1,3,0.99956,0.01041,0.01133,-0.02524,0.06010,0.08394,0.63446,0,0
1768603706.411228,0.01401,0.03336,0.01060,0.00062,0.00078,0.00017,0.53337,0.00008,0.28072,-0.00009,0.70749,0.00008,0.70673,1,3,0.99956,0.01041,0.01133,-0.02524,0.06010,0.08394,0.63446,0,0
1768603706.413213,0.00620,0.05980,0.02876,0.00166,-0.00118,0.00036,0.53341,0.00008,0.28072,-0.00009,0.70749,0.00008,0.70673,1,3,0.99956,0.01041,0.01133,-0.02524,0.06010,0.08394,0.63446,0,0
1768603706.415219,0.01342,0.06196,0.05972,0.00167,-0.00277,-0.00210,0.53341,0.00008,0.28072,-0.00009,0.70749,0.00008,0.70673,1,3,0.99956,0.01041,0.01133,-0.02524,0.06010,0.08394,0.63446,0,0
1768603706.417221,-0.00142,0.03446,0.02578,0.00061,-0.00013,-0.00074,0.53345,0.00008,0.28072,-0.00009,0.70749,0.00008,0.70672,1,3,0.99951,0.01067,0.01353,-0.02613,0.06010,0.08392,0.63427,0,0
1768603706.419257,0.01361,0.05989,0.02981,0.00086,-0.00051,-0.00054,0.53345,0.00008,0.28072,-0.00009,0.70749,0.00008,0.70672,1,3,0.99951,0.01067,0.01353,-0.02613,0.06010,0.08392,0.63427,0,0
1768603706.421219,-0.00858,0.06296,0.00227,0.00098,0.00046,0.00021,0.53349,0.00008,0.28071,-0.00009,0.70749,0.00008,0.70672,1,3,0.99951,0.01067,0.01353,-0.02613,0.06010,0.08392,0.63427,0,0
1768603706.423316,-0.00820,0.05788,-0.01573,0.00125,0.00090,0.00143,0.53349,0.00008,0.28071,-0.00009,0.70749,0.00008,0.70672,1,3,0.99951,0.01067,0.01353,-0.02613,0.06010,0.08392,0.63427,0,0
1768603706.425231,-0.01600,0.03263,-0.00011,0.00127,0.00087,0.00109,0.53353,0.00008,0.28071,-0.00009,0.70749,0.00008,0.70672,1,3,0.99951,0.01067,0.01353,-0.02613,0.06010,0.08392,0.63427,0,0
1768603706.427250,-0.05473,0.01999,0.03913,0.00084,0.00156,-0.00121,0.53357,0.00008,0.28072,-0.00009,0.70749,0.00008,0.70672,1,3,0.99951,0.01067,0.01353,-0.02613,0.06010,0.08392,0.63427,0,0
1768603706.429238,-0.03269,0.03807,0.06220,0.00097,-0.00012,-0.00030,0.53357,0.00008,0.28072,-0.00009,0.70749,0.00008,0.70672,1,3,0.99951,0.01067,0.01353,-0.02613,0.06010,0.08392,0.63427,0,0
1768603706.431239,-0.03171,0.04640,0.02197,0.00124,-0.00017,0.00040,0.53361,0.00008,0.28071,-0.00009,0.70749,0.00008,0.70672,1,3,0.99951,0.01067,0.01353,-0.02613,0.06010,0.08392,0.63427,0,0
1768603706.433235,-0.00849,0.04220,0.01000,0.00140,-0.00010,0.00008,0.53361,0.00008,0.28071,-0.00009,0.70749,0.00008,0.70672,1,3,0.99951,0.01067,0.01353,-0.02613,0.06010,0.08392,0.63427,0,0
1768603706.435248,-0.00837,0.03513,0.00009,0.00088,-0.00109,0.00016,0.53366,0.00008,0.28072,-0.00009,0.70749,0.00008,0.70672,1,3,0.99951,0.01067,0.01353,-0.02613,0.06010,0.08392,0.63427,0,0
1768603706.437242,-0.01590,0.03784,0.00259,0.00140,0.00003,0.00026,0.53366,0.00008,0.28072,-0.00009,0.70749,0.00008,0.70672,1,3,0.99951,0.01067,0.01353,-0.02613,0.06010,0.08392,0.63427,0,0
1768603706.439248,-0.01716,0.04218,0.04972,0.00112,-0.00005,-0.00021,0.53370,0.00008,0.28071,-0.00009,0.70749,0.00008,0.70672,1,3,0.99951,0.01067,0.01353,-0.02613,0.06010,0.08392,0.63427,0,0
1768603706.441262,-0.00936,0.05099,0.04977,0.00152,-0.00049,-0.00082,0.53370,0.00008,0.28071,-0.00009,0.70749,0.00008,0.70672,1,3,0.99951,0.01067,0.01353,-0.02613,0.06010,0.08392,0.63427,0,0
1768603706.443256,0.05232,0.03680,0.00008,0.00052,-0.00241,-0.00012,0.53374,0.00008,0.28071,-0.00009,0.70749,0.00008,0.70672,1,3,0.99951,0.01067,0.01353,-0.02613,0.06010,0.08392,0.63427,0,0
1768603706.445234,0.01412,0.02994,0.01717,0.00143,-0.00067,0.00060,0.53374,0.00008,0.28071,-0.00009,0.70749,0.00008,0.70672,1,3,0.99951,0.01067,0.01353,-0.02613,0.06010,0.08392,0.63427,0,0
1768603706.447240,-0.00164,0.04630,0.03724,0.00126,0.00001,-0.00012,0.53374,0.00008,0.28071,-0.00009,0.70749,0.00008,0.70672,1,3,0.99951,0.01067,0.01353,-0.02613,0.06010,0.08392,0.63427,0,0
1768603706.449232,-0.00165,0.04150,0.03988,0.00140,0.00048,-0.00007,0.53378,0.00008,0.28071,-0.00009,0.70749,0.00008,0.70672,1,3,0.99951,0.01067,0.01353,-0.02613,0.06010,0.08392,0.63427,0,0
1768603706.451250,-0.01708,0.04605,0.03805,0.00044,0.00090,-0.00064,0.53378,0.00008,0.28071,-0.00009,0.70749,0.00008,0.70672,1,3,0.99951,0.01067,0.01353,-0.02613,0.06010,0.08392,0.63427,0,0
1768603706.453241,0.02868,0.04243,0.03912,0.00142,-0.00062,0.00056,0.53382,0.00008,0.28071,-0.00009,0.70749,0.00008,0.70672,1,3,0.99956,0.01057,0.01218,-0.02509,0.06011,0.08394,0.63441,0,0
1768603706.455277,-0.01691,0.04215,0.02918,0.00085,-0.00009,0.00094,0.53382,0.00008,0.28071,-0.00009,0.70749,0.00008,0.70672,1,3,0.99956,0.01057,0.01218,-0.02509,0.06011,0.08394,0.63441,0,0
1768603706.457263,0.00602,0.01275,0.03231,0.00103,-0.00027,0.00091,0.53386,0.00008,0.28071,-0.00009,0.70749,0.00008,0.70672,1,3,0.99956,0.01057,0.01218,-0.02509,0.06011,0.08394,0.63441,0,0
1768603706.459305,-0.01713,0.05551,0.03732,0.00043,-0.00020,-0.00037,0.53386,0.00008,0.28071,-0.00009,0.70749,0.00008,0.70672,1,3,0.99956,0.01057,0.01218,-0.02509,0.06011,0.08394,0.63441,0,0
1768603706.461277,0.02988,0.05528,-0.00608,0.00089,0.00036,-0.00147,0.53389,0.00008,0.28071,-0.00009,0.70750,0.00008,0.70671,1,3,0.99956,0.01057,0.01218,-0.02509,0.06011,0.08394,0.63441,0,0
1768603706.463284,0.05276,0.05758,-0.00158,0.00118,-0.00198,-0.00188,0.53393,0.00008,0.28070,-0.00009,0.70750,0.00008,0.70671,1,3,0.99956,0.01057,0.01218,-0.02509,0.06011,0.08394,0.63441,0,0
1768603706.465259,0.01340,0.04247,0.03856,0.00141,-0.00084,0.00119,0.53393,0.00008,0.28070,-0.00009,0.70750,0.00008,0.70671,1,3,0.99956,0.01057,0.01218,-0.02509,0.06011,0.08394,0.63441,0,0
1768603706.467282,-0.02449,0.03805,0.03663,0.00125,-0.00043,0.00074,0.53397,0.00008,0.28070,-0.00009,0.70750,0.00008,0.70671,1,3,0.99956,0.01057,0.01218,-0.02509,0.06011,0.08394,0.63441,0,0
1768603706.469280,-0.03937,0.02918,0.03261,0.00139,0.00017,-0.00004,0.53397,0.00008,0.28070,-0.00009,0.70750,0.00008,0.70671,1,3,0.99956,0.01057,0.01218,-0.02509,0.06011,0.08394,0.63441,0,0
1768603706.471284,-0.01615,0.04241,0.01063,0.00099,0.00013,-0.00057,0.53401,0.00008,0.28070,-0.00009,0.70750,0.00008,0.70671,1,3,0.99956,0.01057,0.01218,-0.02509,0.06011,0.08394,0.63441,0,0
1768603706.473256,-0.04618,0.03795,-0.00065,0.00071,0.00086,-0.00152,0.53401,0.00008,0.28070,-0.00009,0.70750,0.00008,0.70671,1,3,0.99956,0.01057,0.01218,-0.02509,0.06011,0.08394,0.63441,0,0
1768603706.475290,-0.03178,0.05097,0.02502,0.00097,-0.00013,-0.00043,0.53405,0.00008,0.28070,-0.00009,0.70751,0.00008,0.70671,1,3,0.99956,0.01057,0.01218,-0.02509,0.06011,0.08394,0.63441,0,0
1768603706.477287,0.00734,0.05151,-0.01952,0.00101,-0.00046,-0.00027,0.53405,0.00008,0.28070,-0.00009,0.70751,0.00008,0.70671,1,3,0.99956,0.01057,0.01218,-0.02509,0.06011,0.08394,0.63441,0,0
1768603706.479305,-0.00831,0.06355,-0.00738,0.00085,0.00013,-0.00017,0.53409,0.00008,0.28070,-0.00009,0.70751,0.00008,0.70670,1,3,0.99956,0.01057,0.01218,-0.02509,0.06011,0.08394,0.63441,0,0
1768603706.481280,-0.00030,0.03953,-0.01163,0.00102,-0.00102,-0.00077,0.53409,0.00008,0.28070,-0.00009,0.70751,0.00008,0.70670,1,3,0.99956,0.01057,0.01218,-0.02509,0.06011,0.08394,0.63441,0,0
1768603706.483321,-0.03971,0.01528,0.04069,0.00099,0.00158,0.00012,0.53409,0.00008,0.28070,-0.00009,0.70751,0.00008,0.70670,1,3,0.99956,0.01057,0.01218,-0.02509,0.06011,0.08394,0.63441,0,0
1768603706.485276,-0.00939,0.04691,0.04819,0.00099,-0.00007,-0.00154,0.53413,0.00008,0.28070,-0.00009,0.70750,0.00008,0.70671,1,3,0.99958,0.01058,0.01024,-0.02501,0.06014,0.08399,0.63477,0,0
1768603706.487304,-0.02504,0.08084,0.06142,0.00134,-0.00078,-0.00094,0.53413,0.00008,0.28070,-0.00009,0.70750,0.00008,0.70671,1,3,0.99958,0.01058,0.01024,-0.02501,0.06014,0.08399,0.63477,0,0
1768603706.489280,0.01499,0.04668,-0.02751,0.00102,-0.00012,0.00081,0.53417,0.00008,0.28070,-0.00009,0.70750,0.00008,0.70671,1,3,0.99958,0.01058,0.01024,-0.02501,0.06014,0.08399,0.63477,0,0
1768603706.491493,-0.00213,0.05018,0.04902,0.00112,0.00016,0.00058,0.53421,0.00008,0.28070,-0.00009,0.70750,0.00008,0.70671,1,3,0.99958,0.01058,0.01024,-0.02501,0.06014,0.08399,0.63477,0,0
1768603706.493279,-0.03081,0.02570,-0.00838,0.00074,0.00033,-0.00086,0.53421,0.00008,0.28070,-0.00009,0.70750,0.00008,0.70671,1,3,0.99958,0.01058,0.01024,-0.02501,0.06014,0.08399,0.63477,0,0
1768603706.495287,-0.03177,0.02580,0.03094,0.00086,-0.00007,-0.00089,0.53425,0.00008,0.28070,-0.00009,0.70750,0.00008,0.70671,1,3,0.99958,0.01058,0.01024,-0.02501,0.06014,0.08399,0.63477,0,0
1768603706.497291,-0.00189,0.05087,0.04528,0.00085,0.00011,-0.00095,0.53425,0.00008,0.28070,-0.00009,0.70750,0.00008,0.70671,1,3,0.99958,0.01058,0.01024,-0.02501,0.06014,0.08399,0.63477,0,0
1768603706.499357,-0.01687,0.04330,0.03880,0.00139,-0.00150,0.00055,0.53430,0.00008,0.28070,-0.00009,0.70750,0.00008,0.70671,1,3,0.99958,0.01058,0.01024,-0.02501,0.06014,0.08399,0.63477,0,0
1768603706.501273,0.00581,0.03810,0.03613,0.00127,-0.00066,0.00137,0.53430,0.00008,0.28070,-0.00009,0.70750,0.00008,0.70671,1,3,0.99958,0.01058,0.01024,-0.02501,0.06014,0.08399,0.63477,0,0
1768603706.503293,0.00593,0.03813,0.03195,0.00101,-0.00027,0.00061,0.53434,0.00008,0.28070,-0.00009,0.70750,0.00008,0.70671,1,3,0.99958,0.01058,0.01024,-0.02501,0.06014,0.08399,0.63477,0,0
1768603706.505298,-0.02387,0.05146,0.02065,0.00111,-0.00041,-0.00132,0.53434,0.00008,0.28070,-0.00009,0.70750,0.00008,0.70671,1,3,0.99958,0.01058,0.01024,-0.02501,0.06014,0.08399,0.63477,0,0
1768603706.507298,-0.08504,0.04511,0.03370,0.00093,0.00172,-0.00137,0.53434,0.00008,0.28070,-0.00009,0.70750,0.00008,0.70671,1,3,0.99958,0.01058,0.01024,-0.02501,0.06014,0.08399,0.63477,0,0
1768603706.509306,0.00689,0.05317,0.01003,0.00141,-0.00228,-0.00107,0.53438,0.00008,0.28071,-0.00009,0.70750,0.00008,0.70671,1,3,0.99958,0.01058,0.01024,-0.02501,0.06014,0.08399,0.63477,0,0
1768603706.511302,-0.00910,0.03706,0.02736,0.00113,0.00077,0.00050,0.53438,0.00008,0.28071,-0.00009,0.70750,0.00008,0.70671,1,3,0.99958,0.01058,0.01024,-0.02501,0.06014,0.08399,0.63477,0,0
1768603706.513297,-0.03162,0.06316,0.01277,0.00069,0.00059,-0.00057,0.53442,0.00008,0.28071,-0.00009,0.70750,0.00008,0.70671,1,3,0.99958,0.01058,0.01024,-0.02501,0.06014,0.08399,0.63477,0,0
1768603706.515295,-0.00145,0.08081,0.03222,0.00137,-0.00048,-0.00130,0.53442,0.00008,0.28071,-0.00009,0.70750,0.00008,0.70671,1,3,0.99958,0.01058,0.01024,-0.02501,0.06014,0.08399,0.63477,0,0
1768603706.517307,-0.03106,0.06069,0.00573,0.00111,-0.00102,-0.00167,0.53446,0.00008,0.28070,-0.00009,0.70750,0.00008,0.70671,1,3,0.99958,0.01058,0.01024,-0.02501,0.06014,0.08399,0.63477,0,0
1768603706.519304,-0.06208,0.03205,0.01525,0.00083,0.00171,0.00070,0.53446,0.00008,0.28070,-0.00009,0.70750,0.00008,0.70671,1,3,0.99954,0.01046,0.01167,-0.02607,0.06008,0.08392,0.63429,0,0
1768603706.521302,-0.03878,0.04723,0.01148,0.00191,-0.00139,0.00053,0.53446,0.00008,0.28070,-0.00009,0.70750,0.00008,0.70671,1,3,0.99954,0.01046,0.01167,-0.02607,0.06008,0.08392,0.63429,0,0
1768603706.523303,-0.05413,0.05866,0.00982,0.00135,0.00034,-0.00012,0.53450,0.00008,0.28070,-0.00009,0.70750,0.00008,0.70671,1,3,0.99954,0.01046,0.01167,-0.02607,0.06008,0.08392,0.63429,0,0
1768603706.525327,-0.05523,0.02594,0.05480,0.00097,-0.00065,-0.00015,0.53450,0.00008,0.28070,-0.00009,0.70750,0.00008,0.70671,1,3,0.99954,0.01046,0.01167,-0.02607,0.06008,0.08392,0.63429,0,0
1768603706.527316,-0.03176,0.04288,0.04092,0.00138,-0.00038,-0.00186,0.53454,0.00008,0.28070,-0.00009,0.70750,0.00008,0.70671,1,3,0.99954,0.01046,0.01167,-0.02607,0.06008,0.08392,0.63429,0,0
1768603706.529313,-0.03926,0.01793,0.03622,0.00113,-0.00066,-0.00143,0.53458,0.00008,0.28070,-0.00009,0.70750,0.00008,0.70671,1,3,0.99954,0.01046,0.01167,-0.02607,0.06008,0.08392,0.63429,0,0
1768603706.531315,-0.03978,0.04430,0.04205,0.00150,0.00160,0.00054,0.53462,0.00008,0.28070,-0.00009,0.70750,0.00008,0.70671,1,3,0.99954,0.01046,0.01167,-0.02607,0.06008,0.08392,0.63429,0,0
1768603706.533326,-0.01561,0.07558,-0.01103,0.00191,-0.00013,0.00059,0.53462,0.00008,0.28070,-0.00009,0.70750,0.00008,0.70671,1,3,0.99954,0.01046,0.01167,-0.02607,0.06008,0.08392,0.63429,0,0
1768603706.535398,0.00773,0.05366,-0.01421,0.00169,-0.00257,-0.00181,0.53466,0.00008,0.28070,-0.00009,0.70751,0.00008,0.70671,1,3,0.99954,0.01046,0.01167,-0.02607,0.06008,0.08392,0.63429,0,0
1768603706.537323,-0.02399,0.03709,0.02309,0.00126,0.00093,-0.00038,0.53466,0.00008,0.28070,-0.00009,0.70751,0.00008,0.70671,1,3,0.99954,0.01046,0.01167,-0.02607,0.06008,0.08392,0.63429,0,0
1768603706.539322,0.00676,0.02771,0.03129,0.00170,-0.00203,-0.00230,0.53470,0.00008,0.28070,-0.00009,0.70750,0.00008,0.70671,1,3,0.99954,0.01046,0.01167,-0.02607,0.06008,0.08392,0.63429,0,0
1768603706.541313,0.02050,0.02110,0.06233,0.00103,-0.00012,0.00015,0.53470,0.00008,0.28070,-0.00009,0.70750,0.00008,0.70671,1,3,0.99954,0.01046,0.01167,-0.02607,0.06008,0.08392,0.63429,0,0
1768603706.543327,0.01213,0.07135,0.07513,0.00096,-0.00018,0.00119,0.53470,0.00008,0.28070,-0.00009,0.70750,0.00008,0.70671,1,3,0.99954,0.01046,0.01167,-0.02607,0.06008,0.08392,0.63429,0,0
1768603706.545318,0.00532,0.07605,0.04799,0.00110,-0.00051,0.00090,0.53474,0.00008,0.28070,-0.00009,0.70750,0.00008,0.70671,1,3,0.99954,0.01046,0.01167,-0.02607,0.06008,0.08392,0.63429,0,0
1768603706.547329,-0.03981,0.06183,0.01691,0.00014,0.00173,0.00109,0.53474,0.00008,0.28070,-0.00009,0.70750,0.00008,0.70671,1,3,0.99954,0.01046,0.01167,-0.02607,0.06008,0.08392,0.63429,0,0
1768603706.549322,-0.03851,0.00903,0.00179,0.00088,0.00002,-0.00092,0.53478,0.00008,0.28070,-0.00009,0.70751,0.00008,0.70671,1,3,0.99954,0.01046,0.01167,-0.02607,0.06008,0.08392,0.63429,0,0
1768603706.551332,-0.04706,0.01951,0.01387,-0.00009,0.00235,0.00020,0.53478,0.00008,0.28070,-0.00009,0.70751,0.00008,0.70671,1,3,0.99954,0.01046,0.01167,-0.02607,0.06008,0.08392,0.63429,0,0
1768603706.553473,-0.03949,0.02079,0.04283,0.00153,0.00008,-0.00032,0.53478,0.00008,0.28070,-0.00009,0.70751,0.00008,0.70671,1,3,0.99954,0.01046,0.01167,-0.02607,0.06008,0.08392,0.63429,0,0
1768603706.555904,-0.00136,0.04135,0.01969,0.00113,0.00067,0.00071,0.53482,0.00008,0.28070,-0.00009,0.70751,0.00008,0.70671,1,3,0.99954,0.01046,0.01167,-0.02607,0.06008,0.08392,0.63429,0,0
1768603706.557314,0.00588,0.06342,0.04669,0.00179,-0.00052,-0.00046,0.53482,0.00008,0.28070,-0.00009,0.70751,0.00008,0.70671,1,3,0.99954,0.01046,0.01167,-0.02607,0.06008,0.08392,0.63429,0,0
1768603706.559327,-0.00105,0.05828,0.00948,0.00139,0.00055,0.00052,0.53486,0.00008,0.28070,-0.00009,0.70751,0.00008,0.70670,1,3,0.99954,0.01046,0.01167,-0.02607,0.06008,0.08392,0.63429,0,0
1768603706.561315,-0.00175,0.01808,0.03551,0.00035,-0.00067,-0.00018,0.53490,0.00008,0.28070,-0.00009,0.70751,0.00008,0.70670,1,3,0.99954,0.01046,0.01167,-0.02607,0.06008,0.08392,0.63429,0,0
1768603706.563349,-0.01696,0.04307,0.04449,0.00125,-0.00099,-0.00022,0.53490,0.00008,0.28070,-0.00009,0.70751,0.00008,0.70670,1,3,0.99954,0.01046,0.01167,-0.02607,0.06008,0.08392,0.63429,0,0
1768603706.565349,0.00597,0.05546,0.03704,0.00126,-0.00064,-0.00036,0.53494,0.00008,0.28070,-0.00009,0.70751,0.00008,0.70670,1,3,0.99957,0.01063,0.01128,-0.02502,0.06012,0.08395,0.63449,0,0
1768603706.567375,-0.00817,0.04204,-0.00393,0.00101,0.00061,-0.00068,0.53494,0.00008,0.28070,-0.00009,0.70751,0.00008,0.70670,1,3,0.99957,0.01063,0.01128,-0.02502,0.06012,0.08395,0.63449,0,0
1768603706.569373,0.02136,0.07636,0.02885,0.00166,-0.00074,-0.00009,0.53494,0.00008,0.28070,-0.00009,0.70751,0.00008,0.70670,1,3,0.99957,0.01063,0.01128,-0.02502,0.06012,0.08395,0.63449,0,0
1768603706.571371,-0.03197,0.04972,0.03549,0.00110,0.00109,-0.00080,0.53502,0.00008,0.28069,-0.00009,0.70751,0.00008,0.70670,1,3,0.99957,0.01063,0.01128,-0.02502,0.06012,0.08395,0.63449,0,0
1768603706.573344,-0.06257,0.02838,0.04870,0.00096,0.00146,-0.00119,0.53502,0.00008,0.28069,-0.00009,0.70751,0.00008,0.70670,1,3,0.99957,0.01063,0.01128,-0.02502,0.06012,0.08395,0.63449,0,0
1768603706.575386,-0.06274,0.04716,0.05179,0.00121,-0.00090,-0.00027,0.53506,0.00008,0.28069,-0.00009,0.70751,0.00008,0.70670,1,3,0.99957,0.01063,0.01128,-0.02502,0.06012,0.08395,0.63449,0,0
1768603706.577362,0.00688,0.06136,0.01400,0.00207,-0.00267,-0.00040,0.53506,0.00008,0.28069,-0.00009,0.70751,0.00008,0.70670,1,3,0.99957,0.01063,0.01128,-0.02502,0.06012,0.08395,0.63449,0,0
1768603706.579359,-0.01579,0.06420,-0.01186,0.00058,-0.00014,-0.00082,0.53506,0.00008,0.28069,-0.00009,0.70751,0.00008,0.70670,1,3,0.99957,0.01063,0.01128,-0.02502,0.06012,0.08395,0.63449,0,0
1768603706.581362,-0.02321,0.02161,-0.01209,0.00101,-0.00037,0.00059,0.53510,0.00008,0.28069,-0.00009,0.70752,0.00008,0.70670,1,3,0.99957,0.01063,0.01128,-0.02502,0.06012,0.08395,0.63449,0,0
1768603706.583387,-0.02466,0.03840,0.04263,0.00071,-0.00014,-0.00042,0.53514,0.00008,0.28069,-0.00009,0.70752,0.00008,0.70670,1,3,0.99957,0.01063,0.01128,-0.02502,0.06012,0.08395,0.63449,0,0
1768603706.585347,0.04379,0.02846,0.04935,0.00118,-0.00312,-0.00030,0.53514,0.00008,0.28069,-0.00009,0.70752,0.00008,0.70670,1,3,0.99957,0.01063,0.01128,-0.02502,0.06012,0.08395,0.63449,0,0
1768603706.587376,-0.03225,0.06267,0.04600,0.00175,-0.00010,0.00057,0.53518,0.00008,0.28069,-0.00009,0.70752,0.00008,0.70670,1,3,0.99957,0.01063,0.01128,-0.02502,0.06012,0.08395,0.63449,0,0
1768603706.589357,-0.00040,0.02870,-0.02110,0.00049,0.00149,0.00012,0.53518,0.00008,0.28069,-0.00009,0.70752,0.00008,0.70670,1,3,0.99957,0.01063,0.01128,-0.02502,0.06012,0.08395,0.63449,0,0
1768603706.591349,-0.03963,0.05892,0.03472,0.00109,0.00020,-0.00040,0.53518,0.00008,0.28069,-0.00009,0.70752,0.00008,0.70670,1,3,0.99957,0.01063,0.01128,-0.02502,0.06012,0.08395,0.63449,0,0
1768603706.593388,-0.00196,0.07669,0.04478,0.00083,-0.00033,-0.00126,0.53518,0.00008,0.28069,-0.00009,0.70752,0.00008,0.70670,1,3,0.99957,0.01063,0.01128,-0.02502,0.06012,0.08395,0.63449,0,0
1768603706.595359,-0.01717,0.00884,0.04541,0.00048,-0.00011,0.00018,0.53522,0.00008,0.28070,-0.00009,0.70751,0.00008,0.70670,1,3,0.99957,0.01063,0.01128,-0.02502,0.06012,0.08395,0.63449,0,0
1768603706.597356,0.02129,0.01671,0.02935,0.00131,-0.00030,0.00138,0.53522,0.00008,0.28070,-0.00009,0.70751,0.00008,0.70670,1,3,0.99957,0.01063,0.01128,-0.02502,0.06012,0.08395,0.63449,0,0
1768603706.599356,-0.02438,0.04200,0.03007,0.00085,0.00036,-0.00007,0.53526,0.00008,0.28069,-0.00009,0.70751,0.00008,0.70670,1,3,0.99957,0.01063,0.01128,-0.02502,0.06012,0.08395,0.63449,0,0
1768603706.601367,-0.02436,0.05516,0.04243,0.00151,-0.00036,-0.00099,0.53526,0.00008,0.28069,-0.00009,0.70751,0.00008,0.70670,1,3,0.99957,0.01063,0.01128,-0.02502,0.06012,0.08395,0.63449,0,0
1768603706.603358,-0.00885,0.07591,0.04006,0.00217,-0.00017,-0.00186,0.53530,0.00008,0.28069,-0.00009,0.70751,0.00008,0.70670,1,3,0.99957,0.01063,0.01128,-0.02502,0.06012,0.08395,0.63449,0,0
1768603706.605409,-0.01713,0.05161,0.05446,0.00138,-0.00109,-0.00071,0.53530,0.00008,0.28069,-0.00009,0.70751,0.00008,0.70670,1,3,0.99957,0.01060,0.01133,-0.02494,0.06012,0.08396,0.63456,0,0
1768603706.607440,-0.00067,0.02619,-0.00403,0.00062,-0.00027,-0.00024,0.53534,0.00008,0.28069,-0.00009,0.70751,0.00008,0.70670,1,3,0.99957,0.01060,0.01133,-0.02494,0.06012,0.08396,0.63456,0,0
1768603706.609384,-0.01583,0.02572,0.00021,0.00128,-0.00044,0.00041,0.53534,0.00008,0.28069,-0.00009,0.70751,0.00008,0.70670,1,3,0.99957,0.01060,0.01133,-0.02494,0.06012,0.08396,0.63456,0,0
1768603706.611377,-0.03131,0.03839,0.01200,0.00152,-0.00073,0.00051,0.53538,0.00008,0.28069,-0.00009,0.70751,0.00008,0.70670,1,3,0.99957,0.01060,0.01133,-0.02494,0.06012,0.08396,0.63456,0,0
1768603706.613383,-0.05452,0.04069,0.01006,0.00056,0.00165,0.00085,0.53542,0.00008,0.28069,-0.00009,0.70751,0.00008,0.70670,1,3,0.99957,0.01060,0.01133,-0.02494,0.06012,0.08396,0.63456,0,0
1768603706.615380,-0.03966,0.05322,0.02285,0.00042,0.00202,0.00005,0.53542,0.00008,0.28069,-0.00009,0.70751,0.00008,0.70670,1,3,0.99957,0.01060,0.01133,-0.02494,0.06012,0.08396,0.63456,0,0
1768603706.617403,-0.00825,0.02528,0.00526,0.00156,-0.00016,0.00029,0.53546,0.00008,0.28069,-0.00009,0.70751,0.00008,0.70670,1,3,0.99957,0.01060,0.01133,-0.02494,0.06012,0.08396,0.63456,0,0
1768603706.619388,-0.00148,0.03395,0.03556,0.00114,-0.00001,-0.00074,0.53546,0.00008,0.28069,-0.00009,0.70751,0.00008,0.70670,1,3,0.99957,0.01060,0.01133,-0.02494,0.06012,0.08396,0.63456,0,0
1768603706.621495,-0.01572,0.03348,0.00012,0.00168,0.00000,0.00032,0.53550,0.00008,0.28069,-0.00009,0.70752,0.00008,0.70670,1,3,0.99957,0.01060,0.01133,-0.02494,0.06012,0.08396,0.63456,0,0
1768603706.623480,-0.00964,0.06703,0.04851,0.00150,-0.00007,0.00051,0.53550,0.00008,0.28069,-0.00009,0.70752,0.00008,0.70670,1,3,0.99957,0.01060,0.01133,-0.02494,0.06012,0.08396,0.63456,0,0
1768603706.625393,-0.03142,0.03373,0.01507,0.00126,-0.00004,0.00017,0.53554,0.00008,0.28069,-0.00009,0.70752,0.00008,0.70670,1,3,0.99957,0.01060,0.01133,-0.02494,0.06012,0.08396,0.63456,0,0
1768603706.627390,-0.03208,0.03886,0.04735,0.00138,-0.00096,-0.00067,0.53554,0.00008,0.28069,-0.00009,0.70752,0.00008,0.70670,1,3,0.99957,0.01060,0.01133,-0.02494,0.06012,0.08396,0.63456,0,0
1768603706.629442,-0.01655,0.02881,0.02312,0.00087,0.00093,-0.00003,0.53558,0.00008,0.28069,-0.00009,0.70752,0.00008,0.70670,1,3,0.99957,0.01060,0.01133,-0.02494,0.06012,0.08396,0.63456,0,0
1768603706.631388,-0.00868,0.05047,0.01010,0.00099,0.00034,-0.00003,0.53558,0.00008,0.28069,-0.00009,0.70752,0.00008,0.70670,1,3,0.99957,0.01060,0.01133,-0.02494,0.06012,0.08396,0.63456,0,0
1768603706.633378,-0.00856,0.05032,-0.00510,0.00059,0.00059,0.00074,0.53562,0.00008,0.28069,-0.00009,0.70752,0.00008,0.70670,1,3,0.99957,0.01060,0.01133,-0.02494,0.06012,0.08396,0.63456,0,0
1768603706.635386,-0.01679,0.04165,0.03398,0.00152,-0.00003,0.00095,0.53562,0.00008,0.28069,-0.00009,0.70752,0.00008,0.70670,1,3,0.99957,0.01060,0.01133,-0.02494,0.06012,0.08396,0.63456,0,0
1768603706.637373,-0.02460,0.02956,0.03323,0.00018,0.00062,-0.00032,0.53562,0.00008,0.28069,-0.00009,0.70752,0.00008,0.70670,1,3,0.99957,0.01060,0.01133,-0.02494,0.06012,0.08396,0.63456,0,0
1768603706.639374,0.01385,0.02117,0.02284,0.00090,0.00005,0.00031,0.53566,0.00008,0.28069,-0.00009,0.70752,0.00008,0.70670,1,3,0.99957,0.01060,0.01133,-0.02494,0.06012,0.08396,0.63456,0,0
1768603706.641378,0.05331,0.03660,-0.02412,0.00121,-0.00226,-0.00085,0.53566,0.00008,0.28069,-0.00009,0.70752,0.00008,0.70670,1,3,0.99957,0.01060,0.01133,-0.02494,0.06012,0.08396,0.63456,0,0
1768603706.643392,-0.02337,0.05058,-0.01506,0.00085,0.00025,0.00062,0.53570,0.00008,0.28069,-0.00009,0.70752,0.00008,0.70670,1,3,0.99957,0.01060,0.01133,-0.02494,0.06012,0.08396,0.63456,0,0
1768603706.645414,-0.03916,0.03316,0.01560,0.00085,0.00084,-0.00008,0.53570,0.00008,0.28069,-0.00009,0.70752,0.00008,0.70670,1,3,0.99957,0.01060,0.01133,-0.02494,0.06012,0.08396,0.63456,0,0
1768603706.647426,-0.00154,0.01717,0.02999,0.00089,-0.00030,0.00061,0.53574,0.00008,0.28069,-0.00009,0.70751,0.00008,0.70670,1,3,0.99957,0.01083,0.01157,-0.02456,0.06013,0.08397,0.63458,0,0
1768603706.649408,-0.03193,0.03815,0.03262,0.00098,-0.00004,-0.00028,0.53574,0.00008,0.28069,-0.00009,0.70751,0.00008,0.70670,1,3,0.99957,0.01083,0.01157,-0.02456,0.06013,0.08397,0.63458,0,0
1768603706.651412,0.06698,0.02790,0.02514,0.00067,-0.00210,-0.00029,0.53578,0.00008,0.28069,-0.00009,0.70751,0.00008,0.70670,1,3,0.99957,0.01083,0.01157,-0.02456,0.06013,0.08397,0.63458,0,0
1768603706.653423,-0.02371,0.03232,-0.00447,0.00059,0.00169,0.00083,0.53582,0.00008,0.28069,-0.00009,0.70751,0.00008,0.70670,1,3,0.99957,0.01083,0.01157,-0.02456,0.06013,0.08397,0.63458,0,0
1768603706.655416,-0.00881,0.02874,0.01796,0.00101,0.00087,0.00023,0.53582,0.00008,0.28069,-0.00009,0.70751,0.00008,0.70670,1,3,0.99957,0.01083,0.01157,-0.02456,0.06013,0.08397,0.63458,0,0
1768603706.657428,-0.00181,0.05820,0.03906,0.00138,0.00047,0.00049,0.53586,0.00008,0.28069,-0.00009,0.70751,0.00008,0.70670,1,3,0.99957,0.01083,0.01157,-0.02456,0.06013,0.08397,0.63458,0,0
1768603706.659415,-0.00190,0.06795,0.04900,0.00151,-0.00071,-0.00039,0.53586,0.00008,0.28069,-0.00009,0.70751,0.00008,0.70670,1,3,0.99957,0.01083,0.01157,-0.02456,0.06013,0.08397,0.63458,0,0
1768603706.661565,-0.01621,0.03736,0.01189,0.00153,0.00014,0.00102,0.53590,0.00008,0.28070,-0.00009,0.70751,0.00008,0.70671,1,3,0.99957,0.01083,0.01157,-0.02456,0.06013,0.08397,0.63458,0,0
1768603706.663434,-0.05316,-0.00858,-0.00300,0.00183,0.00018,-0.00081,0.53590,0.00008,0.28070,-0.00009,0.70751,0.00008,0.70671,1,3,0.99957,0.01083,0.01157,-0.02456,0.06013,0.08397,0.63458,0,0
1768603706.665411,-0.02397,0.02944,0.01784,0.00100,0.00021,0.00009,0.53595,0.00008,0.28070,-0.00009,0.70750,0.00008,0.70671,1,3,0.99957,0.01083,0.01157,-0.02456,0.06013,0.08397,0.63458,0,0
1768603706.667411,-0.03232,0.02563,0.04963,0.00112,-0.00049,0.00024,0.53595,0.00008,0.28070,-0.00009,0.70750,0.00008,0.70671,1,3,0.99957,0.01083,0.01157,-0.02456,0.06013,0.08397,0.63458,0,0
1768603706.669394,-0.00102,0.07143,0.00708,0.00125,0.00031,-0.00002,0.53599,0.00008,0.28070,-0.00009,0.70750,0.00008,0.70671,1,3,0.99957,0.01083,0.01157,-0.02456,0.06013,0.08397,0.63458,0,0
1768603706.671399,-0.00133,0.04322,0.02509,0.00100,-0.00079,-0.00046,0.53599,0.00008,0.28070,-0.00009,0.70750,0.00008,0.70671,1,3,0.99957,0.01083,0.01157,-0.02456,0.06013,0.08397,0.63458,0,0
1768603706.673406,-0.02435,0.04288,0.02981,0.00085,-0.00051,-0.00008,0.53599,0.00008,0.28070,-0.00009,0.70750,0.00008,0.70671,1,3,0.99957,0.01083,0.01157,-0.02456,0.06013,0.08397,0.63458,0,0
1768603706.675408,-0.00222,0.04267,0.05898,0.00126,-0.00082,0.00028,0.53603,0.00008,0.28070,-0.00009,0.70750,0.00008,0.70671,1,3,0.99957,0.01083,0.01157,-0.02456,0.06013,0.08397,0.63458,0,0
1768603706.677408,-0.01712,0.02998,0.04222,0.00073,-0.00037,0.00031,0.53603,0.00008,0.28070,-0.00009,0.70750,0.00008,0.70671,1,3,0.99957,0.01083,0.01157,-0.02456,0.06013,0.08397,0.63458,0,0
1768603706.679423,-0.00196,0.07472,0.03348,0.00109,0.00084,0.00106,0.53607,0.00008,0.28071,-0.00009,0.70750,0.00008,0.70672,1,3,0.99957,0.01083,0.01157,-0.02456,0.06013,0.08397,0.63458,0,0
1768603706.681454,0.00689,0.03303,-0.00950,0.00075,0.00097,0.00070,0.53607,0.00008,0.28071,-0.00009,0.70750,0.00008,0.70672,1,3,0.99956,0.01071,0.01291,-0.02463,0.06010,0.08392,0.63436,0,0
1768603706.683439,-0.01602,0.05951,-0.00460,0.00058,0.00016,-0.00039,0.53611,0.00008,0.28071,-0.00009,0.70749,0.00008,0.70672,1,3,0.99956,0.01071,0.01291,-0.02463,0.06010,0.08392,0.63436,0,0
1768603706.685446,0.02976,0.03633,0.01542,0.00172,-0.00244,-0.00125,0.53611,0.00008,0.28071,-0.00009,0.70749,0.00008,0.70672,1,3,0.99956,0.01071,0.01291,-0.02463,0.06010,0.08392,0.63436,0,0
1768603706.687508,-0.01658,0.05933,0.01409,0.00084,-0.00027,0.00075,0.53615,0.00008,0.28071,-0.00009,0.70749,0.00008,0.70672,1,3,0.99956,0.01071,0.01291,-0.02463,0.06010,0.08392,0.63436,0,0
1768603706.689531,-0.02337,0.04169,-0.00005,0.00166,0.00022,0.00035,0.53619,0.00008,0.28071,-0.00009,0.70749,0.00008,0.70672,1,3,0.99956,0.01071,0.01291,-0.02463,0.06010,0.08392,0.63436,0,0
1768603706.691458,-0.03286,0.02126,0.06708,0.00085,-0.00028,0.00028,0.53619,0.00008,0.28071,-0.00009,0.70749,0.00008,0.70672,1,3,0.99956,0.01071,0.01291,-0.02463,0.06010,0.08392,0.63436,0,0
1768603706.693450,-0.03168,0.04230,0.01958,0.00111,-0.00020,0.00045,0.53623,0.00008,0.28071,-0.00009,0.70749,0.00008,0.70672,1,3,0.99956,0.01071,0.01291,-0.02463,0.06010,0.08392,0.63436,0,0
1768603706.695441,-0.01710,0.04768,0.04207,0.00071,-0.00102,-0.00028,0.53623,0.00008,0.28071,-0.00009,0.70749,0.00008,0.70672,1,3,0.99956,0.01071,0.01291,-0.02463,0.06010,0.08392,0.63436,0,0
1768603706.697497,0.03756,0.04468,0.00084,0.00131,-0.00196,-0.00147,0.53627,0.00008,0.28071,-0.00009,0.70749,0.00008,0.70672,1,3,0.99956,0.01071,0.01291,-0.02463,0.06010,0.08392,0.63436,0,0
1768603706.699504,-0.02393,0.02888,0.01832,0.00100,0.00087,-0.00028,0.53627,0.00008,0.28071,-0.00009,0.70749,0.00008,0.70672,1,3,0.99956,0.01071,0.01291,-0.02463,0.06010,0.08392,0.63436,0,0
1768603706.701430,0.01359,0.05073,0.03495,0.00114,-0.00001,-0.00043,0.53631,0.00008,0.28071,-0.00009,0.70749,0.00008,0.70673,1,3,0.99956,0.01071,0.01291,-0.02463,0.06010,0.08392,0.63436,0,0
1768603706.703422,-0.02499,0.05874,0.04851,0.00109,-0.00007,0.00086,0.53631,0.00008,0.28071,-0.00009,0.70749,0.00008,0.70673,1,3,0.99956,0.01071,0.01291,-0.02463,0.06010,0.08392,0.63436,0,0
1768603706.705484,0.00583,0.05063,0.04386,0.00166,-0.00056,0.00046,0.53631,0.00008,0.28071,-0.00009,0.70749,0.00008,0.70673,1,3,0.99956,0.01071,0.01291,-0.02463,0.06010,0.08392,0.63436,0,0
1768603706.707443,-0.02518,0.02185,0.06734,0.00086,-0.00072,-0.00024,0.53635,0.00008,0.28072,-0.00009,0.70748,0.00008,0.70673,1,3,0.99956,0.01071,0.01291,-0.02463,0.06010,0.08392,0.63436,0,0
1768603706.709458,-0.04589,0.01247,-0.01117,0.00101,0.00051,-0.00006,0.53635,0.00008,0.28072,-0.00009,0.70748,0.00008,0.70673,1,3,0.99956,0.01071,0.01291,-0.02463,0.06010,0.08392,0.63436,0,0
1768603706.711452,-0.06184,0.07089,0.00693,0.00120,0.00074,0.00024,0.53639,0.00008,0.28072,-0.00009,0.70749,0.00008,0.70673,1,3,0.99956,0.01071,0.01291,-0.02463,0.06010,0.08392,0.63436,0,0
1768603706.713456,0.00660,0.08041,0.00211,0.00098,0.00003,-0.00026,0.53639,0.00008,0.28072,-0.00009,0.70749,0.00008,0.70673,1,3,0.99956,0.01071,0.01291,-0.02463,0.06010,0.08392,0.63436,0,0
1768603706.715448,-0.04719,0.04964,0.03528,0.00109,0.00108,-0.00054,0.53643,0.00008,0.28072,-0.00009,0.70748,0.00008,0.70673,1,3,0.99952,0.01056,0.01286,-0.02619,0.06009,0.08392,0.63429,0,0
1768603706.717461,-0.00842,-0.00053,0.01153,0.00104,0.00079,-0.00018,0.53643,0.00008,0.28072,-0.00009,0.70748,0.00008,0.70673,1,3,0.99952,0.01056,0.01286,-0.02619,0.06009,0.08392,0.63429,0,0
1768603706.719454,-0.00999,0.02123,0.07257,0.00114,-0.00022,-0.00049,0.53647,0.00008,0.28072,-0.00009,0.70748,0.00008,0.70673,1,3,0.99952,0.01056,0.01286,-0.02619,0.06009,0.08392,0.63429,0,0
1768603706.721518,-0.06931,0.04431,-0.00179,0.00068,0.00238,0.00031,0.53651,0.00008,0.28072,-0.00009,0.70748,0.00008,0.70673,1,3,0.99952,0.01056,0.01286,-0.02619,0.06009,0.08392,0.63429,0,0
1768603706.723463,-0.03137,0.00763,0.00569,0.00074,0.00094,0.00087,0.53651,0.00008,0.28072,-0.00009,0.70748,0.00008,0.70673,1,3,0.99952,0.01056,0.01286,-0.02619,0.06009,0.08392,0.63429,0,0
1768603706.725489,-0.00164,0.08117,0.03196,0.00096,-0.00070,-0.00093,0.53655,0.00008,0.28072,-0.00009,0.70748,0.00008,0.70673,1,3,0.99952,0.01056,0.01286,-0.02619,0.06009,0.08392,0.63429,0,0
1768603706.727460,0.02929,0.01571,0.01642,0.00092,0.00151,-0.00025,0.53655,0.00008,0.28072,-0.00009,0.70748,0.00008,0.70673,1,3,0.99952,0.01056,0.01286,-0.02619,0.06009,0.08392,0.63429,0,0
1768603706.729533,-0.03170,0.06766,0.01842,0.00149,-0.00065,0.00091,0.53659,0.00008,0.28072,-0.00009,0.70748,0.00008,0.70673,1,3,0.99952,0.01056,0.01286,-0.02619,0.06009,0.08392,0.63429,0,0
1768603706.731473,-0.01558,0.03234,0.00654,0.00195,0.00139,-0.00119,0.53659,0.00008,0.28072,-0.00009,0.70748,0.00008,0.70673,1,3,0.99952,0.01056,0.01286,-0.02619,0.06009,0.08392,0.63429,0,0
1768603706.733474,-0.03196,0.05143,0.04463,0.00164,-0.00099,-0.00082,0.53663,0.00008,0.28072,-0.00009,0.70748,0.00008,0.70673,1,3,0.99952,0.01056,0.01286,-0.02619,0.06009,0.08392,0.63429,0,0
1768603706.735474,-0.02390,0.02905,0.02229,0.00167,0.00005,0.00048,0.53663,0.00008,0.28072,-0.00009,0.70748,0.00008,0.70673,1,3,0.99952,0.01056,0.01286,-0.02619,0.06009,0.08392,0.63429,0,0
1768603706.737497,-0.03943,0.05801,0.02920,0.00162,0.00057,0.00038,0.53667,0.00008,0.28072,-0.00009,0.70748,0.00008,0.70673,1,3,0.99952,0.01056,0.01286,-0.02619,0.06009,0.08392,0.63429,0,0
1768603706.739488,-0.02472,0.05353,0.04210,0.00110,0.00117,0.00016,0.53667,0.00008,0.28072,-0.00009,0.70748,0.00008,0.70673,1,3,0.99952,0.01056,0.01286,-0.02619,0.06009,0.08392,0.63429,0,0
1768603706.741467,-0.00863,0.02982,0.01748,0.00141,-0.00045,0.00022,0.53667,0.00008,0.28072,-0.00009,0.70748,0.00008,0.70673,1,3,0.99952,0.01056,0.01286,-0.02619,0.06009,0.08392,0.63429,0,0
1768603706.743472,0.01407,0.01635,0.01970,0.00157,0.00002,0.00114,0.53671,0.00008,0.28072,-0.00009,0.70748,0.00008,0.70673,1,3,0.99952,0.01056,0.01286,-0.02619,0.06009,0.08392,0.63429,0,0
1768603706.745469,-0.02339,0.04389,-0.01156,0.00099,0.00270,0.00032,0.53671,0.00008,0.28072,-0.00009,0.70748,0.00008,0.70673,1,3,0.99952,0.01056,0.01286,-0.02619,0.06009,0.08392,0.63429,0,0
1768603706.747466,-0.01667,0.05718,0.02720,0.00071,-0.00186,-0.00076,0.53675,0.00008,0.28072,-0.00009,0.70748,0.00008,0.70673,1,3,0.99952,0.01056,0.01286,-0.02619,0.06009,0.08392,0.63429,0,0
1768603706.749469,-0.04660,0.02953,0.01873,0.00098,0.00044,-0.00105,0.53675,0.00008,0.28072,-0.00009,0.70748,0.00008,0.70673,1,3,0.99952,0.01056,0.01286,-0.02619,0.06009,0.08392,0.63429,0,0
1768603706.751472,-0.04686,0.01811,0.03605,0.00113,-0.00088,-0.00130,0.53680,0.00008,0.28072,-0.00009,0.70748,0.00008,0.70673,1,3,0.99952,0.01056,0.01286,-0.02619,0.06009,0.08392,0.63429,0,0
1768603706.753485,0.01429,0.01305,0.01322,0.00118,-0.00028,0.00004,0.53680,0.00008,0.28072,-0.00009,0.70748,0.00008,0.70673,1,3,0.99956,0.01069,0.01307,-0.02442,0.06010,0.08393,0.63437,0,0
1768603706.755485,-0.04701,0.05755,0.00963,0.00054,0.00164,0.00090,0.53683,0.00008,0.28071,-0.00009,0.70748,0.00008,0.70673,1,3,0.99956,0.01069,0.01307,-0.02442,0.06010,0.08393,0.63437,0,0
1768603706.757529,-0.01621,0.06751,0.01436,0.00164,-0.00026,-0.00010,0.53683,0.00008,0.28071,-0.00009,0.70748,0.00008,0.70673,1,3,0.99956,0.01069,0.01307,-0.02442,0.06010,0.08393,0.63437,0,0
1768603706.759562,0.02124,0.04689,0.03261,0.00101,-0.00026,-0.00051,0.53687,0.00008,0.28071,-0.00009,0.70748,0.00008,0.70673,1,3,0.99956,0.01069,0.01307,-0.02442,0.06010,0.08393,0.63437,0,0
1768603706.761500,-0.01618,0.04314,0.02117,0.00113,-0.00040,-0.00172,0.53692,0.00008,0.28072,-0.00009,0.70748,0.00008,0.70673,1,3,0.99956,0.01069,0.01307,-0.02442,0.06010,0.08393,0.63437,0,0
1768603706.763495,0.00637,0.04299,0.01596,0.00047,-0.00003,-0.00097,0.53692,0.00008,0.28072,-0.00009,0.70748,0.00008,0.70673,1,3,0.99956,0.01069,0.01307,-0.02442,0.06010,0.08393,0.63437,0,0
1768603706.765505,-0.03955,0.06849,0.02866,0.00121,-0.00118,0.00025,0.53695,0.00008,0.28071,-0.00009,0.70749,0.00008,0.70673,1,3,0.99956,0.01069,0.01307,-0.02442,0.06010,0.08393,0.63437,0,0
1768603706.767489,-0.02362,0.03992,-0.00081,0.00166,0.00152,0.00189,0.53695,0.00008,0.28071,-0.00009,0.70749,0.00008,0.70673,1,3,0.99956,0.01069,0.01307,-0.02442,0.06010,0.08393,0.63437,0,0
1768603706.769489,-0.00161,0.02912,0.04238,0.00155,0.00007,0.00008,0.53700,0.00008,0.28071,-0.00009,0.70748,0.00008,0.70673,1,3,0.99956,0.01069,0.01307,-0.02442,0.06010,0.08393,0.63437,0,0
1768603706.771487,-0.02445,0.05012,0.03598,0.00070,0.00109,-0.00132,0.53700,0.00008,0.28071,-0.00009,0.70748,0.00008,0.70673,1,3,0.99956,0.01069,0.01307,-0.02442,0.06010,0.08393,0.63437,0,0
1768603706.773506,-0.02469,0.05976,0.04499,0.00083,-0.00033,-0.00106,0.53704,0.00008,0.28072,-0.00009,0.70748,0.00008,0.70673,1,3,0.99956,0.01069,0.01307,-0.02442,0.06010,0.08393,0.63437,0,0
1768603706.775491,-0.00917,0.03791,0.03755,0.00127,0.00002,-0.00028,0.53704,0.00008,0.28072,-0.00009,0.70748,0.00008,0.70673,1,3,0.99956,0.01069,0.01307,-0.02442,0.06010,0.08393,0.63437,0,0
1768603706.777501,-0.01648,0.01570,0.01508,0.00088,0.00105,0.00127,0.53704,0.00008,0.28072,-0.00009,0.70748,0.00008,0.70673,1,3,0.99956,0.01069,0.01307,-0.02442,0.06010,0.08393,0.63437,0,0
1768603706.779486,0.02094,0.05504,0.04575,0.00181,-0.00097,0.00091,0.53708,0.00008,0.28072,-0.00009,0.70748,0.00008,0.70673,1,3,0.99956,0.01069,0.01307,-0.02442,0.06010,0.08393,0.63437,0,0
1768603706.781487,-0.00936,0.07579,0.02807,0.00123,-0.00031,0.00118,0.53708,0.00008,0.28072,-0.00009,0.70748,0.00008,0.70673,1,3,0.99956,0.01069,0.01307,-0.02442,0.06010,0.08393,0.63437,0,0
1768603706.783485,-0.01710,0.05541,0.05243,0.00124,-0.00046,-0.00113,0.53712,0.00008,0.28072,-0.00009,0.70748,0.00008,0.70673,1,3,0.99956,0.01069,0.01307,-0.02442,0.06010,0.08393,0.63437,0,0
1768603706.785513,-0.03944,0.02377,0.03140,0.00085,0.00191,-0.00074,0.53712,0.00008,0.28072,-0.00009,0.70748,0.00008,0.70673,1,3,0.99956,0.01069,0.01307,-0.02442,0.06010,0.08393,0.63437,0,0
1768603706.787516,-0.03064,0.00328,-0.00547,0.00130,0.00124,-0.00058,0.53716,0.00008,0.28072,-0.00009,0.70748,0.00008,0.70673,1,3,0.99956,0.01069,0.01307,-0.02442,0.06010,0.08393,0.63437,0,0
1768603706.789518,0.01436,0.06977,0.01450,0.00167,-0.00223,-0.00102,0.53716,0.00008,0.28072,-0.00009,0.70748,0.00008,0.70673,1,3,0.99953,0.01075,0.01391,-0.02494,0.06010,0.08392,0.63430,0,0
1768603706.791512,-0.05410,0.05456,0.00744,0.00122,0.00031,-0.00007,0.53720,0.00008,0.28072,-0.00009,0.70748,0.00008,0.70674,1,3,0.99953,0.01075,0.01391,-0.02494,0.06010,0.08392,0.63430,0,0
1768603706.793521,0.00692,0.06179,0.02013,0.00194,-0.00259,-0.00194,0.53720,0.00008,0.28072,-0.00009,0.70748,0.00008,0.70674,1,3,0.99953,0.01075,0.01391,-0.02494,0.06010,0.08392,0.63430,0,0
1768603706.795518,0.02156,0.00139,0.02640,0.00066,-0.00078,-0.00073,0.53724,0.00008,0.28072,-0.00009,0.70748,0.00008,0.70673,1,3,0.99953,0.01075,0.01391,-0.02494,0.06010,0.08392,0.63430,0,0
1768603706.797528,-0.00914,0.05106,0.03514,0.00112,-0.00023,-0.00082,0.53728,0.00008,0.28072,-0.00009,0.70748,0.00008,0.70674,1,3,0.99953,0.01075,0.01391,-0.02494,0.06010,0.08392,0.63430,0,0
1768603706.799515,-0.00195,0.05836,0.04801,0.00192,-0.00029,0.00125,0.53728,0.00008,0.28072,-0.00009,0.70748,0.00008,0.70674,1,3,0.99953,0.01075,0.01391,-0.02494,0.06010,0.08392,0.63430,0,0
1768603706.801518,0.01442,0.07846,0.00869,0.00179,-0.00273,-0.00035,0.53732,0.00008,0.28072,-0.00009,0.70748,0.00008,0.70674,1,3,0.99953,0.01075,0.01391,-0.02494,0.06010,0.08392,0.63430,0,0
1768603706.803522,0.02232,0.03945,0.00224,0.00184,-0.00172,-0.00001,0.53732,0.00008,0.28072,-0.00009,0.70748,0.00008,0.70674,1,3,0.99953,0.01075,0.01391,-0.02494,0.06010,0.08392,0.63430,0,0
1768603706.805512,-0.00868,0.02050,0.01866,0.00102,0.00088,-0.00044,0.53736,0.00008,0.28072,-0.00009,0.70748,0.00008,0.70674,1,3,0.99953,0.01075,0.01391,-0.02494,0.06010,0.08392,0.63430,0,0
1768603706.807532,-0.00879,0.02109,0.03373,0.00142,0.00019,-0.00121,0.53736,0.00008,0.28072,-0.00009,0.70748,0.00008,0.70674,1,3,0.99953,0.01075,0.01391,-0.02494,0.06010,0.08392,0.63430,0,0
1768603706.809515,-0.03191,0.02933,0.03173,0.00139,-0.00027,0.00098,0.53740,0.00008,0.28072,-0.00009,0.70748,0.00008,0.70674,1,3,0.99953,0.01075,0.01391,-0.02494,0.06010,0.08392,0.63430,0,0
1768603706.811535,0.00581,0.03828,0.04715,0.00141,-0.00052,-0.00016,0.53740,0.00008,0.28072,-0.00009,0.70748,0.00008,0.70674,1,3,0.99953,0.01075,0.01391,-0.02494,0.06010,0.08392,0.63430,0,0
1768603706.813546,-0.03134,0.03814,0.01689,0.00179,-0.00067,0.00051,0.53740,0.00008,0.28072,-0.00009,0.70748,0.00008,0.70674,1,3,0.99953,0.01075,0.01391,-0.02494,0.06010,0.08392,0.63430,0,0
1768603706.815507,-0.03898,0.03833,0.02377,0.00125,0.00007,-0.00166,0.53744,0.00008,0.28072,-0.00009,0.70748,0.00008,0.70674,1,3,0.99953,0.01075,0.01391,-0.02494,0.06010,0.08392,0.63430,0,0
1768603706.817521,0.00626,0.01762,0.03607,0.00117,-0.00044,-0.00105,0.53744,0.00008,0.28072,-0.00009,0.70748,0.00008,0.70674,1,3,0.99953,0.01075,0.01391,-0.02494,0.06010,0.08392,0.63430,0,0
1768603706.819507,-0.03156,0.02525,0.02643,0.00100,0.00054,-0.00126,0.53748,0.00008,0.28072,-0.00009,0.70747,0.00008,0.70674,1,3,0.99953,0.01075,0.01391,-0.02494,0.06010,0.08392,0.63430,0,0
1768603706.821550,-0.02424,0.05501,0.02722,0.00110,-0.00011,-0.00022,0.53748,0.00008,0.28072,-0.00009,0.70747,0.00008,0.70674,1,3,0.99953,0.01075,0.01391,-0.02494,0.06010,0.08392,0.63430,0,0
1768603706.823589,-0.00811,0.02849,-0.01184,0.00102,0.00116,0.00063,0.53752,0.00008,0.28072,-0.00009,0.70748,0.00008,0.70674,1,3,0.99953,0.01075,0.01391,-0.02494,0.06010,0.08392,0.63430,0,0
1768603706.825572,-0.03142,0.02891,0.00294,0.00059,0.00091,0.00061,0.53752,0.00008,0.28072,-0.00009,0.70748,0.00008,0.70674,1,3,0.99956,0.01078,0.01199,-0.02474,0.06012,0.08398,0.63469,0,0
1768603706.827529,-0.02490,0.05416,0.05172,0.00123,0.00041,0.00015,0.53752,0.00008,0.28072,-0.00009,0.70748,0.00008,0.70674,1,3,0.99956,0.01078,0.01199,-0.02474,0.06012,0.08398,0.63469,0,0
1768603706.829541,-0.06918,0.02044,0.00921,0.00084,0.00120,-0.00093,0.53756,0.00008,0.28073,-0.00009,0.70747,0.00008,0.70674,1,3,0.99956,0.01078,0.01199,-0.02474,0.06012,0.08398,0.63469,0,0
1768603706.831569,-0.03922,0.03346,0.02001,0.00111,0.00024,0.00030,0.53760,0.00008,0.28072,-0.00009,0.70747,0.00008,0.70674,1,3,0.99956,0.01078,0.01199,-0.02474,0.06012,0.08398,0.63469,0,0
1768603706.833555,-0.00109,0.05772,0.03208,0.00180,-0.00289,-0.00139,0.53764,0.00008,0.28073,-0.00009,0.70747,0.00008,0.70674,1,3,0.99956,0.01078,0.01199,-0.02474,0.06012,0.08398,0.63469,0,0
1768603706.835543,0.01378,0.04229,0.02383,0.00141,-0.00059,0.00120,0.53764,0.00008,0.28073,-0.00009,0.70747,0.00008,0.70674,1,3,0.99956,0.01078,0.01199,-0.02474,0.06012,0.08398,0.63469,0,0
1768603706.837531,-0.02463,0.07600,0.03853,0.00135,-0.00040,0.00028,0.53764,0.00008,0.28073,-0.00009,0.70747,0.00008,0.70674,1,3,0.99956,0.01078,0.01199,-0.02474,0.06012,0.08398,0.63469,0,0
1768603706.839525,-0.02383,0.03764,0.00287,0.00059,0.00069,0.00038,0.53768,0.00008,0.28072,-0.00009,0.70748,0.00008,0.70674,1,3,0.99956,0.01078,0.01199,-0.02474,0.06012,0.08398,0.63469,0,0
1768603706.841540,-0.03186,0.05731,0.02439,0.00136,0.00139,0.00065,0.53768,0.00008,0.28072,-0.00009,0.70748,0.00008,0.70674,1,3,0.99956,0.01078,0.01199,-0.02474,0.06012,0.08398,0.63469,0,0
1768603706.843548,-0.00862,0.04964,0.01467,0.00166,0.00062,0.00037,0.53772,0.00008,0.28072,-0.00009,0.70748,0.00008,0.70674,1,3,0.99956,0.01078,0.01199,-0.02474,0.06012,0.08398,0.63469,0,0
1768603706.845575,-0.03954,0.03478,0.02959,0.00084,-0.00096,0.00027,0.53776,0.00008,0.28073,-0.00009,0.70747,0.00008,0.70674,1,3,0.99956,0.01078,0.01199,-0.02474,0.06012,0.08398,0.63469,0,0
1768603706.847532,0.02175,0.04718,0.01357,0.00075,-0.00006,-0.00127,0.53776,0.00008,0.28073,-0.00009,0.70747,0.00008,0.70674,1,3,0.99956,0.01078,0.01199,-0.02474,0.06012,0.08398,0.63469,0,0
1768603706.849559,-0.06244,0.01978,0.04838,0.00137,0.00124,-0.00070,0.53776,0.00008,0.28073,-0.00009,0.70747,0.00008,0.70674,1,3,0.99956,0.01078,0.01199,-0.02474,0.06012,0.08398,0.63469,0,0
1768603706.851564,-0.00860,0.01318,0.01363,0.00076,-0.00006,-0.00035,0.53776,0.00008,0.28073,-0.00009,0.70747,0.00008,0.70674,1,3,0.99956,0.01078,0.01199,-0.02474,0.06012,0.08398,0.63469,0,0
1768603706.853562,0.01406,0.04268,0.00943,0.00102,-0.00054,0.00082,0.53780,0.00008,0.28072,-0.00009,0.70747,0.00008,0.70674,1,3,0.99956,0.01078,0.01199,-0.02474,0.06012,0.08398,0.63469,0,0
1768603706.855575,-0.03800,0.06639,-0.03915,0.00069,0.00171,-0.00006,0.53780,0.00008,0.28072,-0.00009,0.70747,0.00008,0.70674,1,3,0.99956,0.01078,0.01199,-0.02474,0.06012,0.08398,0.63469,0,0
1768603706.857650,-0.03999,0.04085,0.05007,0.00110,0.00126,-0.00020,0.53784,0.00008,0.28073,-0.00009,0.70747,0.00008,0.70674,1,3,0.99956,0.01078,0.01199,-0.02474,0.06012,0.08398,0.63469,0,0
1768603706.859632,-0.01731,0.05997,0.05341,0.00137,-0.00132,0.00034,0.53788,0.00008,0.28072,-0.00009,0.70747,0.00008,0.70674,1,3,0.99956,0.01078,0.01199,-0.02474,0.06012,0.08398,0.63469,0,0
1768603706.861646,0.02911,0.04083,0.04307,0.00157,-0.00254,-0.00209,0.53788,0.00008,0.28072,-0.00009,0.70747,0.00008,0.70674,1,3,0.99956,0.01078,0.01199,-0.02474,0.06012,0.08398,0.63469,0,0
1768603706.863683,0.01372,0.07957,0.02656,0.00151,0.00033,-0.00001,0.53792,0.00008,0.28072,-0.00009,0.70747,0.00008,0.70674,1,3,0.99958,0.01084,0.01233,-0.02409,0.06005,0.08401,0.63463,0,0
1768603706.865667,-0.00842,0.03443,0.00511,0.00114,-0.00060,0.00017,0.53792,0.00008,0.28072,-0.00009,0.70747,0.00008,0.70674,1,3,0.99958,0.01084,0.01233,-0.02409,0.06005,0.08401,0.63463,0,0
1768603706.867565,-0.00172,0.02135,0.04246,0.00115,-0.00036,0.00017,0.53792,0.00008,0.28072,-0.00009,0.70747,0.00008,0.70674,1,3,0.99958,0.01084,0.01233,-0.02409,0.06005,0.08401,0.63463,0,0
1768603706.869568,-0.03223,0.01233,0.05784,0.00154,0.00004,-0.00036,0.53800,0.00008,0.28072,-0.00009,0.70747,0.00008,0.70674,1,3,0.99958,0.01084,0.01233,-0.02409,0.06005,0.08401,0.63463,0,0
1768603706.871557,0.00579,0.03420,0.04556,0.00088,-0.00011,-0.00088,0.53800,0.00008,0.28072,-0.00009,0.70747,0.00008,0.70674,1,3,0.99958,0.01084,0.01233,-0.02409,0.06005,0.08401,0.63463,0,0
1768603706.873588,-0.00885,0.07626,0.02005,0.00110,0.00003,-0.00111,0.53804,0.00008,0.28072,-0.00009,0.70747,0.00008,0.70674,1,3,0.99958,0.01084,0.01233,-0.02409,0.06005,0.08401,0.63463,0,0
1768603706.875555,-0.03835,0.04440,-0.02142,0.00084,0.00236,0.00020,0.53804,0.00008,0.28072,-0.00009,0.70747,0.00008,0.70674,1,3,0.99958,0.01084,0.01233,-0.02409,0.06005,0.08401,0.63463,0,0
1768603706.877591,0.01444,0.00798,0.00100,0.00092,0.00066,0.00049,0.53804,0.00008,0.28072,-0.00009,0.70747,0.00008,0.70674,1,3,0.99958,0.01084,0.01233,-0.02409,0.06005,0.08401,0.63463,0,0
1768603706.879584,-0.00958,0.01721,0.04432,0.00088,-0.00056,0.00110,0.53808,0.00008,0.28072,-0.00009,0.70748,0.00008,0.70674,1,3,0.99958,0.01084,0.01233,-0.02409,0.06005,0.08401,0.63463,0,0
1768603706.881591,-0.02518,0.05848,0.06464,0.00109,0.00057,-0.00067,0.53808,0.00008,0.28072,-0.00009,0.70748,0.00008,0.70674,1,3,0.99958,0.01084,0.01233,-0.02409,0.06005,0.08401,0.63463,0,0
1768603706.883579,-0.00966,0.05405,0.04717,0.00097,0.00079,-0.00010,0.53812,0.00008,0.28072,-0.00009,0.70748,0.00008,0.70674,1,3,0.99958,0.01084,0.01233,-0.02409,0.06005,0.08401,0.63463,0,0
1768603706.885582,-0.00149,0.04349,0.03994,0.00140,-0.00126,-0.00085,0.53812,0.00008,0.28072,-0.00009,0.70748,0.00008,0.70674,1,3,0.99958,0.01084,0.01233,-0.02409,0.06005,0.08401,0.63463,0,0
1768603706.887598,0.01427,0.04649,0.00242,0.00101,0.00003,0.00040,0.53816,0.00008,0.28072,-0.00009,0.70748,0.00008,0.70674,1,3,0.99958,0.01084,0.01233,-0.02409,0.06005,0.08401,0.63463,0,0
1768603706.889570,-0.03227,0.05032,0.04929,0.00150,-0.00006,-0.00005,0.53816,0.00008,0.28072,-0.00009,0.70748,0.00008,0.70674,1,3,0.99958,0.01084,0.01233,-0.02409,0.06005,0.08401,0.63463,0,0
1768603706.891600,-0.04733,0.04678,0.03238,0.00055,-0.00005,-0.00013,0.53816,0.00008,0.28072,-0.00009,0.70748,0.00008,0.70674,1,3,0.99958,0.01084,0.01233,-0.02409,0.06005,0.08401,0.63463,0,0
1768603706.893576,-0.02326,0.01754,0.00108,0.00129,-0.00043,-0.00051,0.53820,0.00008,0.28072,-0.00009,0.70748,0.00008,0.70673,1,3,0.99958,0.01084,0.01233,-0.02409,0.06005,0.08401,0.63463,0,0
1768603706.895571,-0.02353,0.04329,0.00046,0.00086,-0.00065,-0.00044,0.53820,0.00008,0.28072,-0.00009,0.70748,0.00008,0.70673,1,3,0.99958,0.01084,0.01233,-0.02409,0.06005,0.08401,0.63463,0,0
1768603706.897583,-0.00096,0.06421,0.00796,0.00085,-0.00034,-0.00108,0.53824,0.00008,0.28072,-0.00009,0.70748,0.00008,0.70673,1,3,0.99958,0.01084,0.01233,-0.02409,0.06005,0.08401,0.63463,0,0
1768603706.899582,-0.04032,0.05508,0.05588,0.00108,-0.00063,0.00077,0.53824,0.00008,0.28072,-0.00009,0.70748,0.00008,0.70673,1,3,0.99960,0.01055,0.01106,-0.02359,0.05959,0.08462,0.63501,0,0
1768603706.901589,-0.01668,0.03377,0.02944,0.00126,-0.00030,0.00067,0.53828,0.00008,0.28072,-0.00009,0.70748,0.00008,0.70673,1,3,0.99960,0.01055,0.01106,-0.02359,0.05959,0.08462,0.63501,0,0
1768603706.903574,-0.00151,0.02579,0.04009,0.00142,-0.00061,-0.00026,0.53828,0.00008,0.28072,-0.00009,0.70748,0.00008,0.70673,1,3,0.99960,0.01055,0.01106,-0.02359,0.05959,0.08462,0.63501,0,0
1768603706.905654,0.00644,0.02535,0.02042,0.00116,0.00003,0.00001,0.53832,0.00008,0.28071,-0.00009,0.70748,0.00008,0.70673,1,3,0.99960,0.01055,0.01106,-0.02359,0.05959,0.08462,0.63501,0,0
1768603706.907605,-0.00977,0.05109,0.05939,0.00125,-0.00059,-0.00045,0.53836,0.00008,0.28071,-0.00009,0.70748,0.00008,0.70673,1,3,0.99960,0.01055,0.01106,-0.02359,0.05959,0.08462,0.63501,0,0
1768603706.909611,-0.01665,0.06773,0.02362,0.00137,-0.00059,0.00065,0.53836,0.00008,0.28071,-0.00009,0.70748,0.00008,0.70673,1,3,0.99960,0.01055,0.01106,-0.02359,0.05959,0.08462,0.63501,0,0
1768603706.911605,0.02180,0.03443,0.00029,0.00049,-0.00022,0.00042,0.53840,0.00008,0.28071,-0.00009,0.70748,0.00008,0.70673,1,3,0.99960,0.01055,0.01106,-0.02359,0.05959,0.08462,0.63501,0,0
1768603706.913648,-0.00133,0.03451,0.03010,0.00128,-0.00073,-0.00036,0.53840,0.00008,0.28071,-0.00009,0.70748,0.00008,0.70673,1,3,0.99960,0.01055,0.01106,-0.02359,0.05959,0.08462,0.63501,0,0
1768603706.915609,-0.00982,0.05930,0.06415,0.00151,-0.00053,-0.00055,0.53844,0.00008,0.28071,-0.00009,0.70748,0.00008,0.70673,1,3,0.99960,0.01055,0.01106,-0.02359,0.05959,0.08462,0.63501,0,0
1768603706.917598,-0.00990,0.04244,0.05973,0.00085,-0.00015,-0.00036,0.53844,0.00008,0.28071,-0.00009,0.70748,0.00008,0.70673,1,3,0.99960,0.01055,0.01106,-0.02359,0.05959,0.08462,0.63501,0,0
1768603706.919597,-0.01624,0.05054,0.01028,0.00099,0.00034,-0.00028,0.53848,0.00008,0.28071,-0.00009,0.70749,0.00008,0.70673,1,3,0.99960,0.01055,0.01106,-0.02359,0.05959,0.08462,0.63501,0,0
1768603706.921602,-0.04622,0.04579,-0.01166,0.00057,0.00117,-0.00009,0.53848,0.00008,0.28071,-0.00009,0.70749,0.00008,0.70673,1,3,0.99960,0.01055,0.01106,-0.02359,0.05959,0.08462,0.63501,0,0
1768603706.923602,-0.00871,0.02640,0.02132,0.00075,-0.00040,-0.00127,0.53852,0.00008,0.28071,-0.00009,0.70749,0.00008,0.70673,1,3,0.99960,0.01055,0.01106,-0.02359,0.05959,0.08462,0.63501,0,0
1768603706.925599,-0.02417,-0.00745,0.03041,0.00090,-0.00095,0.00053,0.53852,0.00008,0.28071,-0.00009,0.70749,0.00008,0.70673,1,3,0.99960,0.01055,0.01106,-0.02359,0.05959,0.08462,0.63501,0,0
1768603706.927589,-0.00907,0.03457,0.03526,0.00114,-0.00067,-0.00062,0.53852,0.00008,0.28071,-0.00009,0.70749,0.00008,0.70673,1,3,0.99960,0.01055,0.01106,-0.02359,0.05959,0.08462,0.63501,0,0
1768603706.929599,-0.00061,0.05069,-0.00912,0.00073,0.00054,-0.00053,0.53856,0.00008,0.28071,-0.00009,0.70749,0.00008,0.70673,1,3,0.99960,0.01055,0.01106,-0.02359,0.05959,0.08462,0.63501,0,0
1768603706.931617,-0.00827,0.04654,-0.00599,0.00046,0.00080,-0.00112,0.53856,0.00008,0.28071,-0.00009,0.70749,0.00008,0.70673,1,3,0.99966,0.01089,0.01239,-0.02003,0.05994,0.08524,0.63869,0,0
1768603706.933615,0.00716,0.05470,-0.01269,0.00141,0.00007,0.00045,0.53860,0.00008,0.28071,-0.00009,0.70749,0.00008,0.70673,1,3,0.99966,0.01089,0.01239,-0.02003,0.05994,0.08524,0.63869,0,0
1768603706.935613,-0.02419,0.03808,0.02746,0.00112,-0.00011,-0.00002,0.53860,0.00008,0.28071,-0.00009,0.70749,0.00008,0.70673,1,3,0.99966,0.01089,0.01239,-0.02003,0.05994,0.08524,0.63869,0,0
1768603706.937810,-0.05544,0.03823,0.06613,0.00162,-0.00095,0.00047,0.53864,0.00008,0.28071,-0.00009,0.70749,0.00008,0.70672,1,3,0.99966,0.01089,0.01239,-0.02003,0.05994,0.08524,0.63869,0,0
1768603706.939622,-0.02407,0.04665,0.02827,0.00112,0.00012,-0.00126,0.53868,0.00008,0.28071,-0.00009,0.70749,0.00008,0.70672,1,3,0.99966,0.01089,0.01239,-0.02003,0.05994,0.08524,0.63869,0,0
1768603706.941633,0.05997,0.04577,0.00137,0.00012,-0.00217,-0.00189,0.53868,0.00008,0.28071,-0.00009,0.70749,0.00008,0.70672,1,3,0.99966,0.01089,0.01239,-0.02003,0.05994,0.08524,0.63869,0,0
1768603706.943617,0.00651,0.08045,0.01141,0.00151,-0.00051,0.00012,0.53872,0.00008,0.28071,-0.00009,0.70749,0.00008,0.70672,1,3,0.99966,0.01089,0.01239,-0.02003,0.05994,0.08524,0.63869,0,0
1768603706.945650,0.01454,0.04173,-0.01038,0.00115,0.00031,0.00123,0.53872,0.00008,0.28071,-0.00009,0.70749,0.00008,0.70672,1,3,0.99966,0.01089,0.01239,-0.02003,0.05994,0.08524,0.63869,0,0
1768603706.947651,-0.00204,-0.00730,0.06060,0.00091,-0.00102,-0.00026,0.53876,0.00008,0.28070,-0.00009,0.70749,0.00008,0.70672,1,3,0.99966,0.01089,0.01239,-0.02003,0.05994,0.08524,0.63869,0,0
1768603706.949621,-0.03160,0.02420,0.03043,0.00167,0.00080,-0.00010,0.53876,0.00008,0.28070,-0.00009,0.70749,0.00008,0.70672,1,3,0.99966,0.01089,0.01239,-0.02003,0.05994,0.08524,0.63869,0,0
1768603706.951612,-0.00867,0.06017,0.01074,0.00058,-0.00031,-0.00129,0.53880,0.00008,0.28071,-0.00009,0.70749,0.00008,0.70672,1,3,0.99966,0.01089,0.01239,-0.02003,0.05994,0.08524,0.63869,0,0
1768603706.953615,-0.06936,0.07058,-0.00241,0.00065,0.00150,-0.00001,0.53880,0.00008,0.28071,-0.00009,0.70749,0.00008,0.70672,1,3,0.99966,0.01089,0.01239,-0.02003,0.05994,0.08524,0.63869,0,0
1768603706.955627,0.06029,0.05272,-0.00538,0.00146,-0.00203,-0.00004,0.53884,0.00008,0.28071,-0.00009,0.70749,0.00008,0.70672,1,3,0.99966,0.01089,0.01239,-0.02003,0.05994,0.08524,0.63869,0,0
1768603706.957644,0.00570,0.01308,0.05726,0.00157,-0.00084,0.00014,0.53884,0.00008,0.28071,-0.00009,0.70749,0.00008,0.70672,1,3,0.99966,0.01089,0.01239,-0.02003,0.05994,0.08524,0.63869,0,0
1768603706.959634,0.00641,0.02109,0.00782,0.00049,0.00031,0.00082,0.53884,0.00008,0.28071,-0.00009,0.70749,0.00008,0.70672,1,3,0.99966,0.01089,0.01239,-0.02003,0.05994,0.08524,0.63869,0,0
1768603706.961659,0.01322,0.04656,0.05218,0.00127,-0.00024,-0.00039,0.53888,0.00008,0.28071,-0.00009,0.70749,0.00008,0.70673,1,3,0.99966,0.01089,0.01239,-0.02003,0.05994,0.08524,0.63869,0,0
1768603706.963644,-0.01599,0.07940,-0.00230,0.00109,0.00107,-0.00062,0.53888,0.00008,0.28071,-0.00009,0.70749,0.00008,0.70673,1,3,0.99966,0.01089,0.01239,-0.02003,0.05994,0.08524,0.63869,0,0
1768603706.965642,0.02242,0.03984,-0.00719,0.00130,-0.00162,-0.00039,0.53892,0.00008,0.28071,-0.00009,0.70748,0.00008,0.70673,1,3,0.99966,0.01089,0.01239,-0.02003,0.05994,0.08524,0.63869,0,0
1768603706.967649,-0.03865,0.06226,-0.00764,0.00123,0.00100,0.00036,0.53892,0.00008,0.28071,-0.00009,0.70748,0.00008,0.70673,1,3,0.99966,0.01089,0.01239,-0.02003,0.05994,0.08524,0.63869,0,0
1768603706.969649,-0.00157,0.02528,0.04987,0.00195,-0.00049,-0.00025,0.53897,0.00008,0.28072,-0.00009,0.70748,0.00008,0.70673,1,3,0.99970,0.01086,0.01072,-0.01911,0.05995,0.08526,0.63879,0,0
1768603706.971649,-0.02512,0.04173,0.05488,0.00057,0.00066,-0.00009,0.53897,0.00008,0.28072,-0.00009,0.70748,0.00008,0.70673,1,3,0.99970,0.01086,0.01072,-0.01911,0.05995,0.08526,0.63879,0,0
1768603706.973646,-0.01705,0.00690,0.05094,0.00115,0.00149,-0.00017,0.53901,0.00008,0.28072,-0.00009,0.70748,0.00008,0.70673,1,3,0.99970,0.01086,0.01072,-0.01911,0.05995,0.08526,0.63879,0,0
1768603706.975721,-0.03862,0.05878,-0.00539,0.00137,0.00015,0.00040,0.53901,0.00008,0.28072,-0.00009,0.70748,0.00008,0.70673,1,3,0.99970,0.01086,0.01072,-0.01911,0.05995,0.08526,0.63879,0,0
1768603706.977664,-0.05468,0.04595,0.02704,0.00109,0.00033,0.00040,0.53901,0.00008,0.28072,-0.00009,0.70748,0.00008,0.70673,1,3,0.99970,0.01086,0.01072,-0.01911,0.05995,0.08526,0.63879,0,0
1768603706.979650,-0.05482,0.04646,0.03701,0.00122,-0.00021,0.00000,0.53909,0.00008,0.28072,-0.00009,0.70748,0.00008,0.70674,1,3,0.99970,0.01086,0.01072,-0.01911,0.05995,0.08526,0.63879,0,0
1768603706.981647,-0.03923,0.01221,0.02356,0.00087,0.00072,-0.00021,0.53909,0.00008,0.28072,-0.00009,0.70748,0.00008,0.70674,1,3,0.99970,0.01086,0.01072,-0.01911,0.05995,0.08526,0.63879,0,0
1768603706.983647,-0.02399,-0.00807,0.04182,0.00144,-0.00015,-0.00137,0.53913,0.00008,0.28072,-0.00009,0.70748,0.00008,0.70673,1,3,0.99970,0.01086,0.01072,-0.01911,0.05995,0.08526,0.63879,0,0
1768603706.985716,-0.00851,0.05502,0.00738,0.00126,-0.00013,-0.00008,0.53913,0.00008,0.28072,-0.00009,0.70748,0.00008,0.70673,1,3,0.99970,0.01086,0.01072,-0.01911,0.05995,0.08526,0.63879,0,0
1768603706.987692,-0.01668,0.07103,0.03137,0.00176,0.00016,0.00023,0.53917,0.00008,0.28072,-0.00009,0.70748,0.00008,0.70674,1,3,0.99970,0.01086,0.01072,-0.01911,0.05995,0.08526,0.63879,0,0
1768603706.989666,-0.01680,0.05607,0.02688,0.00071,-0.00099,0.00001,0.53917,0.00008,0.28072,-0.00009,0.70748,0.00008,0.70674,1,3,0.99970,0.01086,0.01072,-0.01911,0.05995,0.08526,0.63879,0,0
1768603706.991745,-0.00100,0.02073,0.01790,0.00143,0.00021,0.00020,0.53921,0.00008,0.28072,-0.00009,0.70748,0.00008,0.70674,1,3,0.99970,0.01086,0.01072,-0.01911,0.05995,0.08526,0.63879,0,0
1768603706.993700,-0.05414,-0.00982,0.02194,0.00115,0.00157,-0.00045,0.53921,0.00008,0.28072,-0.00009,0.70748,0.00008,0.70674,1,3,0.99970,0.01086,0.01072,-0.01911,0.05995,0.08526,0.63879,0,0
1768603706.995673,-0.01651,0.05058,0.02456,0.00138,-0.00014,0.00009,0.53925,0.00008,0.28072,-0.00009,0.70747,0.00008,0.70674,1,3,0.99970,0.01086,0.01072,-0.01911,0.05995,0.08526,0.63879,0,0
1768603706.997663,-0.02375,0.06367,0.01691,0.00177,-0.00067,-0.00031,0.53925,0.00008,0.28072,-0.00009,0.70747,0.00008,0.70674,1,3,0.99970,0.01086,0.01072,-0.01911,0.05995,0.08526,0.63879,0,0
1768603706.999662,-0.02454,0.08333,0.03857,0.00174,0.00047,0.00020,0.53925,0.00008,0.28072,-0.00009,0.70747,0.00008,0.70674,1,3,0.99970,0.01086,0.01072,-0.01911,0.05995,0.08526,0.63879,0,0
1768603707.001659,-0.01539,0.02123,-0.01541,0.00076,0.00068,-0.00106,0.53929,0.00008,0.28072,-0.00009,0.70747,0.00008,0.70674,1,3,0.99970,0.01086,0.01072,-0.01911,0.05995,0.08526,0.63879,0,0
1768603707.003653,-0.00191,0.05942,0.04401,0.00125,-0.00056,0.00009,0.53929,0.00008,0.28072,-0.00009,0.70747,0.00008,0.70674,1,3,0.99970,0.01086,0.01072,-0.01911,0.05995,0.08526,0.63879,0,0
1768603707.005655,-0.02415,0.02943,0.02282,0.00086,0.00027,0.00009,0.53933,0.00008,0.28073,-0.00009,0.70747,0.00008,0.70674,1,3,0.99965,0.01065,0.01075,-0.02189,0.05965,0.08479,0.63587,0,0
1768603707.007657,-0.04705,0.02859,0.03234,0.00138,0.00061,0.00048,0.53933,0.00008,0.28073,-0.00009,0.70747,0.00008,0.70674,1,3,0.99965,0.01065,0.01075,-0.02189,0.05965,0.08479,0.63587,0,0
1768603707.009656,-0.01566,0.03835,-0.01216,0.00100,-0.00015,0.00026,0.53937,0.00008,0.28073,-0.00009,0.70747,0.00008,0.70675,1,3,0.99965,0.01065,0.01075,-0.02189,0.05965,0.08479,0.63587,0,0
1768603707.011662,-0.00990,0.05098,0.06472,0.00111,-0.00031,-0.00084,0.53941,0.00008,0.28073,-0.00009,0.70747,0.00008,0.70675,1,3,0.99965,0.01065,0.01075,-0.02189,0.05965,0.08479,0.63587,0,0
1768603707.013662,-0.02421,0.05881,0.02519,0.00097,0.00052,-0.00065,0.53941,0.00008,0.28073,-0.00009,0.70747,0.00008,0.70675,1,3,0.99965,0.01065,0.01075,-0.02189,0.05965,0.08479,0.63587,0,0
1768603707.015681,-0.02398,0.02127,0.02863,0.00114,0.00013,-0.00096,0.53945,0.00008,0.28073,-0.00009,0.70746,0.00008,0.70675,1,3,0.99965,0.01065,0.01075,-0.02189,0.05965,0.08479,0.63587,0,0
1768603707.017668,0.00680,0.02971,0.00795,0.00129,-0.00012,-0.00003,0.53945,0.00008,0.28073,-0.00009,0.70746,0.00008,0.70675,1,3,0.99965,0.01065,0.01075,-0.02189,0.05965,0.08479,0.63587,0,0
1768603707.019720,-0.02417,0.04297,0.02368,0.00138,-0.00124,0.00107,0.53949,0.00008,0.28074,-0.00009,0.70746,0.00008,0.70675,1,3,0.99965,0.01065,0.01075,-0.02189,0.05965,0.08479,0.63587,0,0
1768603707.021682,-0.01621,0.03736,0.01189,0.00153,0.00014,0.00102,0.53949,0.00008,0.28074,-0.00009,0.70746,0.00008,0.70675,1,3,0.99965,0.01065,0.01075,-0.02189,0.05965,0.08479,0.63587,0,0
1768603707.023689,-0.04791,0.04091,0.06022,0.00082,0.00138,-0.00046,0.53954,0.00008,0.28074,-0.00009,0.70746,0.00008,0.70675,1,3,0.99965,0.01065,0.01075,-0.02189,0.05965,0.08479,0.63587,0,0
1768603707.025731,-0.03915,0.01536,0.03086,0.00167,0.00124,-0.00024,0.53954,0.00008,0.28074,-0.00009,0.70746,0.00008,0.70675,1,3,0.99965,0.01065,0.01075,-0.02189,0.05965,0.08479,0.63587,0,0
1768603707.027710,-0.00872,0.02933,0.01329,0.00074,0.00059,-0.00016,0.53958,0.00008,0.28074,-0.00009,0.70746,0.00008,0.70676,1,3,0.99965,0.01065,0.01075,-0.02189,0.05965,0.08479,0.63587,0,0
1768603707.029681,0.04510,0.02319,0.00794,0.00174,-0.00209,-0.00058,0.53958,0.00008,0.28074,-0.00009,0.70746,0.00008,0.70676,1,3,0.99965,0.01065,0.01075,-0.02189,0.05965,0.08479,0.63587,0,0
1768603707.031682,-0.02453,0.05798,0.03347,0.00150,0.00041,0.00127,0.53962,0.00008,0.28074,-0.00009,0.70745,0.00008,0.70676,1,3,0.99965,0.01065,0.01075,-0.02189,0.05965,0.08479,0.63587,0,0
1768603707.033683,-0.03949,0.02371,0.04105,0.00139,0.00159,-0.00074,0.53962,0.00008,0.28074,-0.00009,0.70745,0.00008,0.70676,1,3,0.99965,0.01065,0.01075,-0.02189,0.05965,0.08479,0.63587,0,0
1768603707.035681,-0.02455,-0.00461,0.05451,0.00089,0.00087,-0.00143,0.53962,0.00008,0.28074,-0.00009,0.70745,0.00008,0.70676,1,3,0.99965,0.01065,0.01075,-0.02189,0.05965,0.08479,0.63587,0,0
1768603707.037705,-0.02371,0.03376,0.01582,0.00127,0.00019,-0.00072,0.53966,0.00008,0.28075,-0.00009,0.70745,0.00008,0.70676,1,3,0.99965,0.01065,0.01075,-0.02189,0.05965,0.08479,0.63587,0,0
1768603707.039682,-0.03817,0.04005,-0.02390,0.00112,0.00233,0.00026,0.53966,0.00008,0.28075,-0.00009,0.70745,0.00008,0.70676,1,3,0.99965,0.01065,0.01075,-0.02189,0.05965,0.08479,0.63587,0,0
1768603707.041688,-0.00858,0.03487,0.00996,0.00101,-0.00097,0.00016,0.53970,0.00008,0.28074,-0.00009,0.70745,0.00008,0.70676,1,3,0.99963,0.01039,0.00866,-0.02362,0.05999,0.08433,0.63569,0,0
1768603707.043700,-0.04659,0.05460,0.00691,0.00122,0.00008,0.00056,0.53970,0.00008,0.28074,-0.00009,0.70745,0.00008,0.70676,1,3,0.99963,0.01039,0.00866,-0.02362,0.05999,0.08433,0.63569,0,0
1768603707.045733,-0.04738,0.00821,0.04560,0.00086,0.00033,-0.00006,0.53970,0.00008,0.28074,-0.00009,0.70745,0.00008,0.70676,1,3,0.99963,0.01039,0.00866,-0.02362,0.05999,0.08433,0.63569,0,0
1768603707.047709,0.00552,0.03326,0.05419,0.00141,-0.00000,0.00066,0.53974,0.00008,0.28075,-0.00009,0.70745,0.00008,0.70676,1,3,0.99963,0.01039,0.00866,-0.02362,0.05999,0.08433,0.63569,0,0
1768603707.049704,-0.00915,0.06832,0.02887,0.00124,-0.00096,0.00013,0.53978,0.00008,0.28074,-0.00009,0.70745,0.00008,0.70676,1,3,0.99963,0.01039,0.00866,-0.02362,0.05999,0.08433,0.63569,0,0
1768603707.051743,-0.00103,0.04128,0.00461,0.00114,0.00071,0.00110,0.53982,0.00008,0.28075,-0.00009,0.70745,0.00008,0.70677,1,3,0.99963,0.01039,0.00866,-0.02362,0.05999,0.08433,0.63569,0,0
1768603707.053725,-0.00088,0.04655,-0.00233,0.00073,0.00019,0.00028,0.53982,0.00008,0.28075,-0.00009,0.70745,0.00008,0.70677,1,3,0.99963,0.01039,0.00866,-0.02362,0.05999,0.08433,0.63569,0,0
1768603707.055721,-0.01701,0.04049,0.02934,0.00085,0.00145,0.00134,0.53986,0.00008,0.28075,-0.00009,0.70745,0.00008,0.70677,1,3,0.99963,0.01039,0.00866,-0.02362,0.05999,0.08433,0.63569,0,0
1768603707.057791,0.01316,0.05912,0.05444,0.00139,-0.00021,-0.00055,0.53986,0.00008,0.28075,-0.00009,0.70745,0.00008,0.70677,1,3,0.99963,0.01039,0.00866,-0.02362,0.05999,0.08433,0.63569,0,0
1768603707.059749,0.00713,0.05561,-0.01215,0.00101,-0.00037,-0.00033,0.53990,0.00008,0.28075,-0.00009,0.70745,0.00008,0.70677,1,3,0.99963,0.01039,0.00866,-0.02362,0.05999,0.08433,0.63569,0,0
1768603707.061725,0.04499,0.05402,-0.00439,0.00064,-0.00246,-0.00134,0.53990,0.00008,0.28075,-0.00009,0.70745,0.00008,0.70677,1,3,0.99963,0.01039,0.00866,-0.02362,0.05999,0.08433,0.63569,0,0
1768603707.063724,-0.03101,0.03244,-0.00495,0.00139,0.00103,0.00097,0.53994,0.00008,0.28075,-0.00009,0.70744,0.00008,0.70677,1,3,0.99963,0.01039,0.00866,-0.02362,0.05999,0.08433,0.63569,0,0
1768603707.065706,-0.00913,0.02054,0.03792,0.00128,0.00046,-0.00007,0.53994,0.00008,0.28075,-0.00009,0.70744,0.00008,0.70677,1,3,0.99963,0.01039,0.00866,-0.02362,0.05999,0.08433,0.63569,0,0
1768603707.067699,-0.02489,0.03281,0.06412,0.00192,0.00012,0.00041,0.53998,0.00008,0.28075,-0.00009,0.70744,0.00008,0.70677,1,3,0.99963,0.01039,0.00866,-0.02362,0.05999,0.08433,0.63569,0,0
1768603707.069699,-0.03148,0.05164,0.02048,0.00111,-0.00063,-0.00119,0.53998,0.00008,0.28075,-0.00009,0.70744,0.00008,0.70677,1,3,0.99963,0.01039,0.00866,-0.02362,0.05999,0.08433,0.63569,0,0
1768603707.071700,-0.01566,0.04954,-0.01882,0.00059,0.00174,-0.00025,0.53998,0.00008,0.28075,-0.00009,0.70744,0.00008,0.70677,1,3,0.99963,0.01039,0.00866,-0.02362,0.05999,0.08433,0.63569,0,0
1768603707.073701,-0.02392,0.03804,0.01318,0.00072,0.00038,-0.00039,0.54002,0.00008,0.28075,-0.00009,0.70744,0.00008,0.70677,1,3,0.99963,0.01039,0.00866,-0.02362,0.05999,0.08433,0.63569,0,0
1768603707.075701,-0.00962,0.03296,0.05468,0.00140,0.00044,0.00015,0.54002,0.00008,0.28075,-0.00009,0.70744,0.00008,0.70677,1,3,0.99963,0.01039,0.00866,-0.02362,0.05999,0.08433,0.63569,0,0
1768603707.077700,0.00448,0.06747,0.08813,0.00123,-0.00046,0.00021,0.54007,0.00008,0.28075,-0.00009,0.70744,0.00008,0.70677,1,3,0.99963,0.01039,0.00866,-0.02362,0.05999,0.08433,0.63569,0,0
1768603707.079706,0.02122,0.02919,0.03276,0.00103,0.00039,0.00008,0.54007,0.00008,0.28075,-0.00009,0.70744,0.00008,0.70677,1,3,0.99963,0.01039,0.00866,-0.02362,0.05999,0.08433,0.63569,0,0
1768603707.081704,0.01406,0.02359,0.03674,0.00211,-0.00305,-0.00009,0.54010,0.00008,0.28075,-0.00009,0.70745,0.00008,0.70677,1,3,0.99963,0.01039,0.00866,-0.02362,0.05999,0.08433,0.63569,0,0
1768603707.083724,0.00653,0.04638,0.01758,0.00141,-0.00001,-0.00023,0.54010,0.00008,0.28075,-0.00009,0.70745,0.00008,0.70677,1,3,0.99963,0.01039,0.00866,-0.02362,0.05999,0.08433,0.63569,0,0
1768603707.085725,-0.00221,0.08347,0.04901,0.00108,0.00082,-0.00020,0.54014,0.00008,0.28075,-0.00009,0.70745,0.00008,0.70677,1,3,0.99963,0.01039,0.00866,-0.02362,0.05999,0.08433,0.63569,0,0
1768603707.087768,-0.00122,0.10806,0.00310,0.00147,0.00114,0.00107,0.54014,0.00008,0.28075,-0.00009,0.70745,0.00008,0.70677,1,3,0.99958,0.01099,0.01191,-0.02411,0.06011,0.08396,0.63460,0,0
1768603707.089747,-0.00096,0.00435,0.02393,0.00131,0.00007,-0.00075,0.54014,0.00008,0.28075,-0.00009,0.70745,0.00008,0.70677,1,3,0.99958,0.01099,0.01191,-0.02411,0.06011,0.08396,0.63460,0,0
1768603707.091743,-0.03128,-0.00531,0.01493,0.00076,0.00170,-0.00089,0.54018,0.00008,0.28075,-0.00009,0.70744,0.00008,0.70677,1,3,0.99958,0.01099,0.01191,-0.02411,0.06011,0.08396,0.63460,0,0
1768603707.093732,-0.07709,0.01542,0.02608,0.00137,0.00140,-0.00037,0.54018,0.00008,0.28075,-0.00009,0.70744,0.00008,0.70677,1,3,0.99958,0.01099,0.01191,-0.02411,0.06011,0.08396,0.63460,0,0
1768603707.095767,-0.04764,0.06113,0.03674,0.00080,0.00197,0.00084,0.54026,0.00008,0.28075,-0.00009,0.70745,0.00008,0.70677,1,3,0.99958,0.01099,0.01191,-0.02411,0.06011,0.08396,0.63460,0,0
1768603707.097738,0.01344,0.05418,0.03689,0.00126,0.00045,0.00029,0.54026,0.00008,0.28075,-0.00009,0.70745,0.00008,0.70677,1,3,0.99958,0.01099,0.01191,-0.02411,0.06011,0.08396,0.63460,0,0
1768603707.099731,0.04500,0.05312,0.00983,0.00185,-0.00250,-0.00094,0.54030,0.00008,0.28074,-0.00009,0.70745,0.00008,0.70676,1,3,0.99958,0.01099,0.01191,-0.02411,0.06011,0.08396,0.63460,0,0
1768603707.101732,-0.02297,0.02805,-0.01678,0.00154,0.00132,0.00053,0.54030,0.00008,0.28074,-0.00009,0.70745,0.00008,0.70676,1,3,0.99958,0.01099,0.01191,-0.02411,0.06011,0.08396,0.63460,0,0
1768603707.103754,-0.00851,0.01695,0.01081,0.00102,0.00013,-0.00001,0.54030,0.00008,0.28074,-0.00009,0.70745,0.00008,0.70676,1,3,0.99958,0.01099,0.01191,-0.02411,0.06011,0.08396,0.63460,0,0
1768603707.105985,-0.05400,0.02463,0.00555,0.00111,0.00072,0.00029,0.54034,0.00008,0.28074,-0.00009,0.70745,0.00008,0.70676,1,3,0.99958,0.01099,0.01191,-0.02411,0.06011,0.08396,0.63460,0,0
1768603707.107741,-0.04717,0.02891,0.03755,0.00124,0.00045,0.00009,0.54034,0.00008,0.28074,-0.00009,0.70745,0.00008,0.70676,1,3,0.99958,0.01099,0.01191,-0.02411,0.06011,0.08396,0.63460,0,0
1768603707.109741,-0.08464,0.04919,0.01057,0.00093,0.00166,-0.00026,0.54038,0.00008,0.28075,-0.00009,0.70745,0.00008,0.70676,1,3,0.99958,0.01099,0.01191,-0.02411,0.06011,0.08396,0.63460,0,0
1768603707.111742,-0.00860,0.06733,0.01453,0.00165,-0.00004,-0.00023,0.54042,0.00008,0.28075,-0.00009,0.70745,0.00008,0.70676,1,3,0.99958,0.01099,0.01191,-0.02411,0.06011,0.08396,0.63460,0,0
1768603707.113739,-0.03130,0.05757,0.00455,0.00150,0.00115,0.00066,0.54042,0.00008,0.28075,-0.00009,0.70745,0.00008,0.70676,1,3,0.99958,0.01099,0.01191,-0.02411,0.06011,0.08396,0.63460,0,0
1768603707.115756,-0.03227,0.05032,0.04929,0.00150,-0.00006,-0.00005,0.54042,0.00008,0.28075,-0.00009,0.70745,0.00008,0.70676,1,3,0.99958,0.01099,0.01191,-0.02411,0.06011,0.08396,0.63460,0,0
1768603707.117733,0.01371,0.04605,0.03225,0.00141,0.00017,0.00001,0.54046,0.00008,0.28074,-0.00009,0.70745,0.00008,0.70676,1,3,0.99958,0.01099,0.01191,-0.02411,0.06011,0.08396,0.63460,0,0
1768603707.119741,0.03662,0.05395,0.03502,0.00116,-0.00285,-0.00161,0.54046,0.00008,0.28074,-0.00009,0.70745,0.00008,0.70676,1,3,0.99958,0.01099,0.01191,-0.02411,0.06011,0.08396,0.63460,0,0
1768603707.121744,-0.01594,0.05323,0.01194,0.00232,0.00080,0.00047,0.54046,0.00008,0.28074,-0.00009,0.70745,0.00008,0.70676,1,3,0.99958,0.01099,0.01191,-0.02411,0.06011,0.08396,0.63460,0,0
1768603707.123734,0.02118,0.05946,0.03487,0.00114,-0.00023,-0.00067,0.54050,0.00008,0.28074,-0.00009,0.70746,0.00008,0.70676,1,3,0.99958,0.01099,0.01191,-0.02411,0.06011,0.08396,0.63460,0,0
1768603707.125766,0.00514,0.04198,0.07391,0.00166,-0.00042,0.00016,0.54050,0.00008,0.28074,-0.00009,0.70746,0.00008,0.70676,1,3,0.99958,0.01099,0.01191,-0.02411,0.06011,0.08396,0.63460,0,0
1768603707.127826,0.03651,0.03459,0.03532,0.00117,-0.00067,-0.00062,0.54055,0.00008,0.28075,-0.00009,0.70745,0.00008,0.70676,1,3,0.99957,0.01097,0.01289,-0.02412,0.06009,0.08393,0.63438,0,0
1768603707.129744,0.01373,0.04919,0.04692,0.00182,-0.00293,-0.00117,0.54055,0.00008,0.28075,-0.00009,0.70745,0.00008,0.70676,1,3,0.99957,0.01097,0.01289,-0.02412,0.06009,0.08393,0.63438,0,0
1768603707.131756,-0.01678,0.03211,0.02960,0.00126,0.00123,0.00107,0.54058,0.00008,0.28074,-0.00009,0.70745,0.00008,0.70676,1,3,0.99957,0.01097,0.01289,-0.02412,0.06009,0.08393,0.63438,0,0
1768603707.133743,-0.00831,0.02594,0.01069,0.00142,-0.00053,-0.00049,0.54058,0.00008,0.28074,-0.00009,0.70745,0.00008,0.70676,1,3,0.99957,0.01097,0.01289,-0.02412,0.06009,0.08393,0.63438,0,0
1768603707.135756,-0.00146,0.04904,0.01947,0.00112,0.00133,0.00100,0.54066,0.00008,0.28074,-0.00009,0.70746,0.00008,0.70675,1,3,0.99957,0.01097,0.01289,-0.02412,0.06009,0.08393,0.63438,0,0
1768603707.137738,-0.00924,0.04585,0.03244,0.00099,0.00061,0.00001,0.54066,0.00008,0.28074,-0.00009,0.70746,0.00008,0.70675,1,3,0.99957,0.01097,0.01289,-0.02412,0.06009,0.08393,0.63438,0,0
1768603707.139811,-0.00182,0.02567,0.05040,0.00115,-0.00027,-0.00065,0.54070,0.00008,0.28074,-0.00009,0.70746,0.00008,0.70676,1,3,0.99957,0.01097,0.01289,-0.02412,0.06009,0.08393,0.63438,0,0
1768603707.141783,-0.01676,0.04190,0.02909,0.00125,-0.00009,0.00095,0.54070,0.00008,0.28074,-0.00009,0.70746,0.00008,0.70676,1,3,0.99957,0.01097,0.01289,-0.02412,0.06009,0.08393,0.63438,0,0
1768603707.143763,-0.00185,0.05876,0.03858,0.00138,-0.00019,0.00087,0.54074,0.00008,0.28074,-0.00009,0.70746,0.00008,0.70675,1,3,0.99957,0.01097,0.01289,-0.02412,0.06009,0.08393,0.63438,0,0
1768603707.145755,0.02166,0.06601,0.02097,0.00167,-0.00302,0.00004,0.54074,0.00008,0.28074,-0.00009,0.70746,0.00008,0.70675,1,3,0.99957,0.01097,0.01289,-0.02412,0.06009,0.08393,0.63438,0,0
1768603707.147762,0.01381,0.04708,0.02746,0.00114,-0.00054,-0.00038,0.54074,0.00008,0.28074,-0.00009,0.70746,0.00008,0.70675,1,3,0.99957,0.01097,0.01289,-0.02412,0.06009,0.08393,0.63438,0,0
1768603707.149767,0.02210,0.02238,0.00429,0.00065,-0.00039,-0.00134,0.54074,0.00008,0.28074,-0.00009,0.70746,0.00008,0.70675,1,3,0.99957,0.01097,0.01289,-0.02412,0.06009,0.08393,0.63438,0,0
1768603707.151758,-0.00074,0.02132,0.00826,0.00130,-0.00012,-0.00018,0.54078,0.00008,0.28073,-0.00009,0.70746,0.00008,0.70675,1,3,0.99957,0.01097,0.01289,-0.02412,0.06009,0.08393,0.63438,0,0
1768603707.153762,-0.00957,0.05863,0.03898,0.00097,0.00025,0.00061,0.54078,0.00008,0.28073,-0.00009,0.70746,0.00008,0.70675,1,3,0.99957,0.01097,0.01289,-0.02412,0.06009,0.08393,0.63438,0,0
1768603707.155775,-0.03160,0.05916,0.02401,0.00177,-0.00058,0.00025,0.54082,0.00008,0.28073,-0.00009,0.70747,0.00008,0.70675,1,3,0.99957,0.01097,0.01289,-0.02412,0.06009,0.08393,0.63438,0,0
1768603707.157906,-0.03895,0.04695,0.01285,0.00111,-0.00028,-0.00062,0.54082,0.00008,0.28073,-0.00009,0.70747,0.00008,0.70675,1,3,0.99957,0.01097,0.01289,-0.02412,0.06009,0.08393,0.63438,0,0
1768603707.159778,-0.00922,0.02548,0.03573,0.00074,0.00021,-0.00051,0.54086,0.00008,0.28073,-0.00009,0.70747,0.00008,0.70674,1,3,0.99962,0.01087,0.01224,-0.02235,0.06012,0.08395,0.63459,0,0
1768603707.161785,-0.04684,0.03612,0.01820,0.00097,0.00197,0.00001,0.54086,0.00008,0.28073,-0.00009,0.70747,0.00008,0.70674,1,3,0.99962,0.01087,0.01224,-0.02235,0.06012,0.08395,0.63459,0,0
1768603707.163785,0.01436,0.04317,0.01489,0.00169,-0.00113,-0.00032,0.54086,0.00008,0.28073,-0.00009,0.70747,0.00008,0.70674,1,3,0.99962,0.01087,0.01224,-0.02235,0.06012,0.08395,0.63459,0,0
1768603707.165800,-0.04658,0.08296,0.00909,0.00173,0.00099,0.00023,0.54094,0.00008,0.28073,-0.00009,0.70747,0.00008,0.70674,1,3,0.99962,0.01087,0.01224,-0.02235,0.06012,0.08395,0.63459,0,0
1768603707.167780,0.03746,0.03628,-0.00371,0.00065,-0.00158,-0.00138,0.54094,0.00008,0.28073,-0.00009,0.70747,0.00008,0.70674,1,3,0.99962,0.01087,0.01224,-0.02235,0.06012,0.08395,0.63459,0,0
1768603707.169769,-0.00174,0.04109,0.03454,0.00113,0.00085,0.00070,0.54098,0.00008,0.28073,-0.00009,0.70747,0.00008,0.70675,1,3,0.99962,0.01087,0.01224,-0.02235,0.06012,0.08395,0.63459,0,0
1768603707.171883,-0.01682,0.03002,0.03305,0.00060,-0.00004,-0.00044,0.54098,0.00008,0.28073,-0.00009,0.70747,0.00008,0.70675,1,3,0.99962,0.01087,0.01224,-0.02235,0.06012,0.08395,0.63459,0,0
1768603707.173759,-0.00210,0.05542,0.04626,0.00098,-0.00075,0.00052,0.54102,0.00008,0.28073,-0.00009,0.70747,0.00008,0.70674,1,3,0.99962,0.01087,0.01224,-0.02235,0.06012,0.08395,0.63459,0,0
1768603707.175788,-0.02359,0.06277,-0.00257,0.00110,0.00062,0.00009,0.54102,0.00008,0.28073,-0.00009,0.70747,0.00008,0.70674,1,3,0.99962,0.01087,0.01224,-0.02235,0.06012,0.08395,0.63459,0,0
1768603707.177783,-0.00140,0.05436,0.02182,0.00126,0.00026,0.00055,0.54106,0.00008,0.28073,-0.00009,0.70747,0.00008,0.70674,1,3,0.99962,0.01087,0.01224,-0.02235,0.06012,0.08395,0.63459,0,0
1768603707.179801,-0.02501,0.04685,0.06644,0.00164,-0.00094,-0.00015,0.54106,0.00008,0.28073,-0.00009,0.70747,0.00008,0.70674,1,3,0.99962,0.01087,0.01224,-0.02235,0.06012,0.08395,0.63459,0,0
1768603707.181797,-0.04037,0.04930,0.05991,0.00082,0.00138,-0.00031,0.54106,0.00008,0.28073,-0.00009,0.70747,0.00008,0.70674,1,3,0.99962,0.01087,0.01224,-0.02235,0.06012,0.08395,0.63459,0,0
1768603707.183783,-0.00921,0.01105,0.04283,0.00156,0.00117,0.00043,0.54111,0.00008,0.28073,-0.00009,0.70747,0.00008,0.70674,1,3,0.99962,0.01087,0.01224,-0.02235,0.06012,0.08395,0.63459,0,0
1768603707.185804,0.00739,0.03459,-0.01927,0.00103,-0.00045,-0.00007,0.54111,0.00008,0.28073,-0.00009,0.70747,0.00008,0.70674,1,3,0.99962,0.01087,0.01224,-0.02235,0.06012,0.08395,0.63459,0,0
1768603707.187784,0.03019,0.01424,-0.00119,0.00161,-0.00133,-0.00097,0.54115,0.00008,0.28073,-0.00009,0.70747,0.00008,0.70674,1,3,0.99962,0.01087,0.01224,-0.02235,0.06012,0.08395,0.63459,0,0
1768603707.189805,-0.03842,0.02970,-0.00207,0.00153,-0.00025,-0.00001,0.54115,0.00008,0.28073,-0.00009,0.70747,0.00008,0.70674,1,3,0.99962,0.01087,0.01224,-0.02235,0.06012,0.08395,0.63459,0,0
1768603707.191814,-0.01722,0.05974,0.05411,0.00137,-0.00087,-0.00042,0.54119,0.00008,0.28073,-0.00009,0.70747,0.00008,0.70674,1,3,0.99960,0.01093,0.01211,-0.02330,0.06010,0.08393,0.63448,0,0
1768603707.193789,-0.03183,0.06017,0.03544,0.00110,-0.00066,-0.00169,0.54119,0.00008,0.28073,-0.00009,0.70747,0.00008,0.70674,1,3,0.99960,0.01093,0.01211,-0.02330,0.06010,0.08393,0.63448,0,0
1768603707.195837,-0.03178,0.01583,0.02042,0.00073,0.00112,0.00076,0.54122,0.00008,0.28072,-0.00009,0.70748,0.00008,0.70674,1,3,0.99960,0.01093,0.01211,-0.02330,0.06010,0.08393,0.63448,0,0
1768603707.197824,0.04468,0.03647,0.01595,0.00092,-0.00199,-0.00152,0.54122,0.00008,0.28072,-0.00009,0.70748,0.00008,0.70674,1,3,0.99960,0.01093,0.01211,-0.02330,0.06010,0.08393,0.63448,0,0
1768603707.199808,0.00630,0.06294,0.02130,0.00166,-0.00018,0.00071,0.54126,0.00008,0.28072,-0.00009,0.70748,0.00008,0.70674,1,3,0.99960,0.01093,0.01211,-0.02330,0.06010,0.08393,0.63448,0,0
1768603707.201806,0.01413,0.06701,0.01434,0.00166,0.00018,0.00016,0.54131,0.00008,0.28072,-0.00009,0.70748,0.00008,0.70674,1,3,0.99960,0.01093,0.01211,-0.02330,0.06010,0.08393,0.63448,0,0
1768603707.204479,0.01377,0.06700,0.02430,0.00139,0.00030,0.00015,0.54134,0.00008,0.28072,-0.00009,0.70748,0.00008,0.70673,1,3,0.99960,0.01093,0.01211,-0.02330,0.06010,0.08393,0.63448,0,0
1768603707.205787,-0.03243,0.03723,0.04703,0.00097,0.00057,0.00048,0.54134,0.00008,0.28072,-0.00009,0.70748,0.00008,0.70673,1,3,0.99960,0.01093,0.01211,-0.02330,0.06010,0.08393,0.63448,0,0
1768603707.207814,-0.03888,0.04673,0.00729,0.00124,-0.00035,0.00015,0.54134,0.00008,0.28072,-0.00009,0.70748,0.00008,0.70673,1,3,0.99960,0.01093,0.01211,-0.02330,0.06010,0.08393,0.63448,0,0
1768603707.209813,-0.00171,0.06858,0.03389,0.00111,-0.00112,-0.00001,0.54138,0.00008,0.28072,-0.00009,0.70748,0.00008,0.70673,1,3,0.99960,0.01093,0.01211,-0.02330,0.06010,0.08393,0.63448,0,0
1768603707.211812,0.01456,0.05287,-0.00421,0.00061,-0.00136,-0.00120,0.54138,0.00008,0.28072,-0.00009,0.70748,0.00008,0.70673,1,3,0.99960,0.01093,0.01211,-0.02330,0.06010,0.08393,0.63448,0,0
1768603707.213815,-0.00847,0.04201,0.00524,0.00113,0.00028,0.00008,0.54142,0.00008,0.28072,-0.00009,0.70748,0.00008,0.70673,1,3,0.99960,0.01093,0.01211,-0.02330,0.06010,0.08393,0.63448,0,0
1768603707.215806,-0.00121,0.03418,0.02489,0.00141,-0.00057,0.00003,0.54142,0.00008,0.28072,-0.00009,0.70748,0.00008,0.70673,1,3,0.99960,0.01093,0.01211,-0.02330,0.06010,0.08393,0.63448,0,0
1768603707.217812,0.05226,0.00197,0.02092,0.00122,-0.00172,-0.00047,0.54142,0.00008,0.28072,-0.00009,0.70748,0.00008,0.70673,1,3,0.99960,0.01093,0.01211,-0.02330,0.06010,0.08393,0.63448,0,0
1768603707.219826,-0.02424,0.02112,0.03815,0.00127,0.00002,-0.00058,0.54146,0.00008,0.28072,-0.00009,0.70748,0.00008,0.70673,1,3,0.99960,0.01093,0.01211,-0.02330,0.06010,0.08393,0.63448,0,0
1768603707.221810,-0.00180,0.08089,0.04104,0.00150,-0.00103,-0.00016,0.54146,0.00008,0.28072,-0.00009,0.70748,0.00008,0.70673,1,3,0.99960,0.01093,0.01211,-0.02330,0.06010,0.08393,0.63448,0,0
1768603707.223811,-0.00850,0.06238,0.00195,0.00138,0.00068,0.00060,0.54150,0.00008,0.28072,-0.00009,0.70748,0.00008,0.70674,1,3,0.99953,0.01066,0.01313,-0.02564,0.06010,0.08394,0.63440,0,0
1768603707.225812,-0.00148,0.05166,0.02915,0.00126,-0.00118,0.00020,0.54150,0.00008,0.28072,-0.00009,0.70748,0.00008,0.70674,1,3,0.99953,0.01066,0.01313,-0.02564,0.06010,0.08394,0.63440,0,0
1768603707.227843,-0.02413,0.04277,0.02518,0.00098,-0.00035,-0.00045,0.54154,0.00008,0.28072,-0.00009,0.70747,0.00008,0.70674,1,3,0.99953,0.01066,0.01313,-0.02564,0.06010,0.08394,0.63440,0,0
1768603707.229825,0.01317,0.03750,0.04221,0.00074,0.00051,0.00048,0.54158,0.00008,0.28072,-0.00009,0.70747,0.00008,0.70674,1,3,0.99953,0.01066,0.01313,-0.02564,0.06010,0.08394,0.63440,0,0
1768603707.231853,-0.02424,0.07110,0.03155,0.00176,0.00017,-0.00003,0.54158,0.00008,0.28072,-0.00009,0.70747,0.00008,0.70674,1,3,0.99953,0.01066,0.01313,-0.02564,0.06010,0.08394,0.63440,0,0
1768603707.233835,0.01416,0.04601,0.01299,0.00115,0.00059,-0.00036,0.54162,0.00008,0.28072,-0.00009,0.70747,0.00008,0.70674,1,3,0.99953,0.01066,0.01313,-0.02564,0.06010,0.08394,0.63440,0,0
1768603707.235874,-0.02513,0.02110,0.06306,0.00059,0.00032,-0.00061,0.54162,0.00008,0.28072,-0.00009,0.70747,0.00008,0.70674,1,3,0.99953,0.01066,0.01313,-0.02564,0.06010,0.08394,0.63440,0,0
1768603707.237858,0.01336,0.03678,0.04145,0.00155,0.00050,0.00126,0.54166,0.00008,0.28073,-0.00009,0.70747,0.00008,0.70675,1,3,0.99953,0.01066,0.01313,-0.02564,0.06010,0.08394,0.63440,0,0
1768603707.239855,-0.00197,0.03864,0.04196,0.00073,-0.00059,0.00034,0.54166,0.00008,0.28073,-0.00009,0.70747,0.00008,0.70675,1,3,0.99953,0.01066,0.01313,-0.02564,0.06010,0.08394,0.63440,0,0
1768603707.241843,0.01409,0.03521,0.01520,0.00089,-0.00113,-0.00023,0.54170,0.00008,0.28073,-0.00009,0.70747,0.00008,0.70674,1,3,0.99953,0.01066,0.01313,-0.02564,0.06010,0.08394,0.63440,0,0
1768603707.243830,-0.02342,0.01699,0.00028,0.00128,-0.00022,0.00064,0.54170,0.00008,0.28073,-0.00009,0.70747,0.00008,0.70674,1,3,0.99953,0.01066,0.01313,-0.02564,0.06010,0.08394,0.63440,0,0
1768603707.245821,-0.00065,0.01772,-0.00390,0.00063,-0.00027,-0.00014,0.54170,0.00008,0.28073,-0.00009,0.70747,0.00008,0.70674,1,3,0.99953,0.01066,0.01313,-0.02564,0.06010,0.08394,0.63440,0,0
1768603707.247840,-0.00859,0.02073,0.01297,0.00115,0.00037,0.00033,0.54174,0.00008,0.28073,-0.00009,0.70747,0.00008,0.70675,1,3,0.99953,0.01066,0.01313,-0.02564,0.06010,0.08394,0.63440,0,0
1768603707.249843,-0.00854,0.05041,0.01477,0.00166,-0.00004,-0.00002,0.54174,0.00008,0.28073,-0.00009,0.70747,0.00008,0.70675,1,3,0.99953,0.01066,0.01313,-0.02564,0.06010,0.08394,0.63440,0,0
1768603707.251829,0.00576,0.02959,0.05296,0.00128,-0.00002,-0.00082,0.54178,0.00008,0.28073,-0.00009,0.70747,0.00008,0.70675,1,3,0.99953,0.01066,0.01313,-0.02564,0.06010,0.08394,0.63440,0,0
1768603707.253825,-0.00108,0.06355,0.00752,0.00085,0.00009,-0.00031,0.54178,0.00008,0.28073,-0.00009,0.70747,0.00008,0.70675,1,3,0.99953,0.01066,0.01313,-0.02564,0.06010,0.08394,0.63440,0,0
1768603707.255865,-0.00897,0.08122,0.02637,0.00150,-0.00121,-0.00040,0.54182,0.00008,0.28073,-0.00009,0.70747,0.00008,0.70675,1,3,0.99953,0.01066,0.01313,-0.02564,0.06010,0.08394,0.63440,0,0
1768603707.257837,-0.03998,0.05563,0.05170,0.00122,-0.00090,-0.00037,0.54182,0.00008,0.28073,-0.00009,0.70747,0.00008,0.70675,1,3,0.99953,0.01066,0.01313,-0.02564,0.06010,0.08394,0.63440,0,0
1768603707.259852,-0.01743,0.03805,0.05651,0.00112,-0.00041,0.00059,0.54186,0.00008,0.28073,-0.00009,0.70746,0.00008,0.70675,1,3,0.99953,0.01066,0.01313,-0.02564,0.06010,0.08394,0.63440,0,0
1768603707.261820,0.00646,0.01253,0.02305,0.00131,0.00006,0.00017,0.54186,0.00008,0.28073,-0.00009,0.70746,0.00008,0.70675,1,3,0.99953,0.01066,0.01313,-0.02564,0.06010,0.08394,0.63440,0,0
1768603707.263865,0.04478,0.03844,-0.00192,0.00078,-0.00003,-0.00001,0.54190,0.00008,0.28073,-0.00009,0.70747,0.00008,0.70675,1,3,0.99959,0.01094,0.01193,-0.02382,0.06010,0.08394,0.63448,0,0
1768603707.265851,0.01459,0.05951,-0.00541,0.00141,-0.00050,0.00026,0.54190,0.00008,0.28073,-0.00009,0.70747,0.00008,0.70675,1,3,0.99959,0.01094,0.01193,-0.02382,0.06010,0.08394,0.63448,0,0
1768603707.267927,-0.02437,0.06199,0.01726,0.00056,0.00152,0.00045,0.54194,0.00008,0.28073,-0.00009,0.70747,0.00008,0.70675,1,3,0.99959,0.01094,0.01193,-0.02382,0.06010,0.08394,0.63448,0,0
1768603707.269891,0.01322,0.03303,0.04506,0.00088,0.00076,0.00015,0.54198,0.00008,0.28072,-0.00009,0.70747,0.00008,0.70675,1,3,0.99959,0.01094,0.01193,-0.02382,0.06010,0.08394,0.63448,0,0
1768603707.271856,-0.00909,0.04240,0.03050,0.00086,0.00015,-0.00071,0.54198,0.00008,0.28072,-0.00009,0.70747,0.00008,0.70675,1,3,0.99959,0.01094,0.01193,-0.02382,0.06010,0.08394,0.63448,0,0
1768603707.273871,-0.02407,0.03776,0.02226,0.00126,0.00005,0.00037,0.54202,0.00008,0.28073,-0.00009,0.70747,0.00008,0.70675,1,3,0.99959,0.01094,0.01193,-0.02382,0.06010,0.08394,0.63448,0,0
1768603707.275913,-0.00930,0.04714,0.04250,0.00112,-0.00058,-0.00077,0.54202,0.00008,0.28073,-0.00009,0.70747,0.00008,0.70675,1,3,0.99959,0.01094,0.01193,-0.02382,0.06010,0.08394,0.63448,0,0
1768603707.277868,0.01371,0.05139,0.03540,0.00114,-0.00044,-0.00120,0.54206,0.00008,0.28073,-0.00009,0.70747,0.00008,0.70675,1,3,0.99959,0.01094,0.01193,-0.02382,0.06010,0.08394,0.63448,0,0
1768603707.279858,0.01359,0.01667,0.03486,0.00117,-0.00002,0.00074,0.54206,0.00008,0.28073,-0.00009,0.70747,0.00008,0.70675,1,3,0.99959,0.01094,0.01193,-0.02382,0.06010,0.08394,0.63448,0,0
1768603707.281869,-0.01604,0.04689,-0.00347,0.00112,-0.00070,0.00130,0.54210,0.00008,0.28073,-0.00009,0.70747,0.00008,0.70675,1,3,0.99959,0.01094,0.01193,-0.02382,0.06010,0.08394,0.63448,0,0
1768603707.283853,0.02940,0.06360,0.00204,0.00101,-0.00019,0.00032,0.54210,0.00008,0.28073,-0.00009,0.70747,0.00008,0.70675,1,3,0.99959,0.01094,0.01193,-0.02382,0.06010,0.08394,0.63448,0,0
1768603707.285857,0.00698,0.05731,0.00823,0.00128,-0.00187,-0.00188,0.54214,0.00008,0.28072,-0.00009,0.70747,0.00008,0.70674,1,3,0.99959,0.01094,0.01193,-0.02382,0.06010,0.08394,0.63448,0,0
1768603707.287851,-0.00185,0.02977,0.05279,0.00128,-0.00024,-0.00070,0.54214,0.00008,0.28072,-0.00009,0.70747,0.00008,0.70674,1,3,0.99959,0.01094,0.01193,-0.02382,0.06010,0.08394,0.63448,0,0
1768603707.290015,-0.02460,0.06174,0.04189,0.00149,0.00116,0.00007,0.54214,0.00008,0.28072,-0.00009,0.70747,0.00008,0.70674,1,3,0.99959,0.01094,0.01193,-0.02382,0.06010,0.08394,0.63448,0,0
1768603707.291863,-0.03169,0.01224,0.02928,0.00074,0.00101,-0.00111,0.54218,0.00008,0.28073,-0.00009,0.70747,0.00008,0.70675,1,3,0.99959,0.01094,0.01193,-0.02382,0.06010,0.08394,0.63448,0,0
1768603707.293855,0.02967,0.07273,-0.00262,0.00114,-0.00069,-0.00054,0.54218,0.00008,0.28073,-0.00009,0.70747,0.00008,0.70675,1,3,0.99959,0.01094,0.01193,-0.02382,0.06010,0.08394,0.63448,0,0
1768603707.295848,0.00579,0.05546,0.04202,0.00112,-0.00058,-0.00037,0.54222,0.00008,0.28073,-0.00009,0.70746,0.00008,0.70675,1,3,0.99959,0.01094,0.01193,-0.02382,0.06010,0.08394,0.63448,0,0
1768603707.297892,0.05878,0.02002,0.05035,0.00040,-0.00245,-0.00085,0.54222,0.00008,0.28073,-0.00009,0.70746,0.00008,0.70675,1,3,0.99959,0.01094,0.01193,-0.02382,0.06010,0.08394,0.63448,0,0
1768603707.299879,0.01323,0.05370,0.06332,0.00194,-0.00360,-0.00048,0.54226,0.00008,0.28073,-0.00009,0.70746,0.00008,0.70675,1,3,0.99957,0.01055,0.01163,-0.02482,0.06009,0.08393,0.63435,0,0
1768603707.301895,-0.01634,0.04452,0.01295,0.00112,0.00190,0.00017,0.54226,0.00008,0.28073,-0.00009,0.70746,0.00008,0.70675,1,3,0.99957,0.01055,0.01163,-0.02482,0.06009,0.08393,0.63435,0,0
1768603707.303876,-0.03881,0.02791,-0.00636,0.00045,0.00210,0.00038,0.54231,0.00008,0.28073,-0.00009,0.70746,0.00008,0.70675,1,3,0.99957,0.01055,0.01163,-0.02482,0.06009,0.08393,0.63435,0,0
1768603707.305874,-0.01571,0.03347,-0.01464,0.00087,0.00047,0.00070,0.54235,0.00008,0.28073,-0.00009,0.70746,0.00008,0.70675,1,3,0.99957,0.01055,0.01163,-0.02482,0.06009,0.08393,0.63435,0,0
1768603707.307888,-0.03282,0.03261,0.06439,0.00110,0.00078,0.00053,0.54235,0.00008,0.28073,-0.00009,0.70746,0.00008,0.70675,1,3,0.99957,0.01055,0.01163,-0.02482,0.06009,0.08393,0.63435,0,0
1768603707.309910,0.01309,0.05089,0.05386,0.00140,-0.00066,0.00032,0.54239,0.00008,0.28073,-0.00009,0.70746,0.00008,0.70675,1,3,0.99957,0.01055,0.01163,-0.02482,0.06009,0.08393,0.63435,0,0
1768603707.311870,0.02166,0.05693,0.02351,0.00088,-0.00124,-0.00215,0.54239,0.00008,0.28073,-0.00009,0.70746,0.00008,0.70675,1,3,0.99957,0.01055,0.01163,-0.02482,0.06009,0.08393,0.63435,0,0
1768603707.313942,0.01505,0.05380,-0.00385,0.00143,-0.00245,-0.00234,0.54243,0.00008,0.28073,-0.00009,0.70746,0.00008,0.70675,1,3,0.99957,0.01055,0.01163,-0.02482,0.06009,0.08393,0.63435,0,0
1768603707.315882,-0.04634,0.02059,-0.00155,0.00072,0.00085,0.00021,0.54243,0.00008,0.28073,-0.00009,0.70746,0.00008,0.70675,1,3,0.99957,0.01055,0.01163,-0.02482,0.06009,0.08393,0.63435,0,0
1768603707.317886,-0.03153,0.03733,0.02098,0.00205,-0.00040,0.00166,0.54247,0.00008,0.28073,-0.00009,0.70746,0.00008,0.70675,1,3,0.99957,0.01055,0.01163,-0.02482,0.06009,0.08393,0.63435,0,0
1768603707.319870,-0.00217,0.04948,0.05403,0.00138,0.00065,0.00059,0.54247,0.00008,0.28073,-0.00009,0.70746,0.00008,0.70675,1,3,0.99957,0.01055,0.01163,-0.02482,0.06009,0.08393,0.63435,0,0
1768603707.321883,-0.03228,0.04668,0.04758,0.00097,-0.00008,-0.00077,0.54251,0.00008,0.28073,-0.00009,0.70746,0.00008,0.70675,1,3,0.99957,0.01055,0.01163,-0.02482,0.06009,0.08393,0.63435,0,0
1768603707.323892,-0.00012,0.02183,-0.01021,0.00104,0.00009,-0.00170,0.54251,0.00008,0.28073,-0.00009,0.70746,0.00008,0.70675,1,3,0.99957,0.01055,0.01163,-0.02482,0.06009,0.08393,0.63435,0,0
1768603707.325873,-0.02353,0.07035,0.01470,0.00164,-0.00266,-0.00153,0.54251,0.00008,0.28073,-0.00009,0.70746,0.00008,0.70675,1,3,0.99957,0.01055,0.01163,-0.02482,0.06009,0.08393,0.63435,0,0
1768603707.327857,-0.00819,0.03415,-0.01054,0.00115,-0.00057,0.00133,0.54255,0.00008,0.28073,-0.00009,0.70746,0.00008,0.70675,1,3,0.99957,0.01055,0.01163,-0.02482,0.06009,0.08393,0.63435,0,0
1768603707.329873,-0.00129,0.03242,0.01914,0.00154,0.00067,0.00159,0.54255,0.00008,0.28073,-0.00009,0.70746,0.00008,0.70675,1,3,0.99957,0.01055,0.01163,-0.02482,0.06009,0.08393,0.63435,0,0
1768603707.331896,-0.05472,0.00655,0.03086,0.00085,0.00190,0.00048,0.54259,0.00008,0.28073,-0.00009,0.70746,0.00008,0.70675,1,3,0.99957,0.01055,0.01163,-0.02482,0.06009,0.08393,0.63435,0,0
1768603707.333897,-0.01609,0.04611,0.00269,0.00099,0.00047,0.00016,0.54259,0.00008,0.28073,-0.00009,0.70746,0.00008,0.70675,1,3,0.99957,0.01055,0.01163,-0.02482,0.06009,0.08393,0.63435,0,0
1768603707.335899,0.00642,0.03434,0.01132,0.00021,0.00035,-0.00086,0.54263,0.00008,0.28073,-0.00009,0.70746,0.00008,0.70676,1,3,0.99956,0.01081,0.01326,-0.02442,0.06010,0.08393,0.63435,0,0
1768603707.337891,-0.00906,0.03767,0.02349,0.00046,0.00094,-0.00066,0.54263,0.00008,0.28073,-0.00009,0.70746,0.00008,0.70676,1,3,0.99956,0.01081,0.01326,-0.02442,0.06010,0.08393,0.63435,0,0
1768603707.339893,0.05177,0.01874,0.03518,0.00120,-0.00176,-0.00030,0.54267,0.00008,0.28073,-0.00009,0.70746,0.00008,0.70676,1,3,0.99956,0.01081,0.01326,-0.02442,0.06010,0.08393,0.63435,0,0
1768603707.341913,-0.02420,0.00892,0.03065,0.00088,-0.00029,-0.00005,0.54271,0.00008,0.28073,-0.00009,0.70746,0.00008,0.70676,1,3,0.99956,0.01081,0.01326,-0.02442,0.06010,0.08393,0.63435,0,0
1768603707.343892,-0.03211,0.05185,0.03472,0.00070,-0.00089,-0.00045,0.54271,0.00008,0.28073,-0.00009,0.70746,0.00008,0.70676,1,3,0.99956,0.01081,0.01326,-0.02442,0.06010,0.08393,0.63435,0,0
1768603707.345905,-0.04628,0.04628,0.00377,0.00097,0.00070,-0.00124,0.54275,0.00008,0.28073,-0.00009,0.70746,0.00008,0.70676,1,3,0.99956,0.01081,0.01326,-0.02442,0.06010,0.08393,0.63435,0,0
1768603707.347895,-0.00897,0.03363,0.04018,0.00181,-0.00017,-0.00060,0.54275,0.00008,0.28073,-0.00009,0.70746,0.00008,0.70676,1,3,0.99956,0.01081,0.01326,-0.02442,0.06010,0.08393,0.63435,0,0
1768603707.349894,0.01310,0.03924,0.06690,0.00168,-0.00159,-0.00069,0.54279,0.00008,0.28073,-0.00009,0.70746,0.00008,0.70676,1,3,0.99956,0.01081,0.01326,-0.02442,0.06010,0.08393,0.63435,0,0
1768603707.351900,-0.00201,0.02522,0.05551,0.00101,0.00023,-0.00065,0.54279,0.00008,0.28073,-0.00009,0.70746,0.00008,0.70676,1,3,0.99956,0.01081,0.01326,-0.02442,0.06010,0.08393,0.63435,0,0
1768603707.353884,0.06802,0.05337,-0.01477,0.00093,-0.00215,-0.00056,0.54284,0.00008,0.28073,-0.00009,0.70746,0.00008,0.70676,1,3,0.99956,0.01081,0.01326,-0.02442,0.06010,0.08393,0.63435,0,0
1768603707.355896,0.03792,0.04859,-0.02627,0.00064,-0.00119,-0.00113,0.54284,0.00008,0.28073,-0.00009,0.70746,0.00008,0.70676,1,3,0.99956,0.01081,0.01326,-0.02442,0.06010,0.08393,0.63435,0,0
1768603707.357888,0.00637,0.03064,0.02696,0.00156,-0.00142,0.00033,0.54288,0.00008,0.28073,-0.00009,0.70746,0.00008,0.70676,1,3,0.99956,0.01081,0.01326,-0.02442,0.06010,0.08393,0.63435,0,0
1768603707.359919,-0.01714,0.03436,0.05448,0.00139,-0.00087,-0.00012,0.54288,0.00008,0.28073,-0.00009,0.70746,0.00008,0.70676,1,3,0.99956,0.01081,0.01326,-0.02442,0.06010,0.08393,0.63435,0,0
1768603707.361923,-0.04762,0.01142,0.05322,0.00085,0.00130,-0.00010,0.54288,0.00008,0.28073,-0.00009,0.70746,0.00008,0.70676,1,3,0.99956,0.01081,0.01326,-0.02442,0.06010,0.08393,0.63435,0,0
1768603707.363918,0.05208,0.08290,0.01640,0.00141,-0.00264,-0.00068,0.54292,0.00008,0.28073,-0.00009,0.70746,0.00008,0.70676,1,3,0.99956,0.01081,0.01326,-0.02442,0.06010,0.08393,0.63435,0,0
1768603707.365917,-0.05408,0.06372,0.00230,0.00094,-0.00019,-0.00018,0.54292,0.00008,0.28073,-0.00009,0.70746,0.00008,0.70676,1,3,0.99956,0.01081,0.01326,-0.02442,0.06010,0.08393,0.63435,0,0
1768603707.367902,0.01427,0.04137,0.00800,0.00049,-0.00253,-0.00107,0.54296,0.00008,0.28073,-0.00009,0.70746,0.00008,0.70676,1,3,0.99956,0.01081,0.01326,-0.02442,0.06010,0.08393,0.63435,0,0
1768603707.369915,0.02129,0.02997,0.03286,0.00103,-0.00026,-0.00031,0.54296,0.00008,0.28073,-0.00009,0.70746,0.00008,0.70676,1,3,0.99958,0.01099,0.01251,-0.02392,0.06010,0.08393,0.63439,0,0
1768603707.371917,-0.04019,0.00005,0.06502,0.00113,-0.00031,0.00028,0.54300,0.00008,0.28073,-0.00009,0.70746,0.00008,0.70676,1,3,0.99958,0.01099,0.01251,-0.02392,0.06010,0.08393,0.63439,0,0
1768603707.373936,-0.02435,0.01236,0.03259,0.00101,0.00017,0.00067,0.54300,0.00008,0.28073,-0.00009,0.70746,0.00008,0.70676,1,3,0.99958,0.01099,0.01251,-0.02392,0.06010,0.08393,0.63439,0,0
1768603707.375919,0.00755,0.04561,-0.02717,0.00142,0.00076,0.00057,0.54300,0.00008,0.28073,-0.00009,0.70746,0.00008,0.70676,1,3,0.99958,0.01099,0.01251,-0.02392,0.06010,0.08393,0.63439,0,0
1768603707.377931,-0.00031,0.04898,0.00161,0.00222,-0.00304,-0.00011,0.54304,0.00008,0.28073,-0.00009,0.70746,0.00008,0.70675,1,3,0.99958,0.01099,0.01251,-0.02392,0.06010,0.08393,0.63439,0,0
1768603707.379917,0.02219,0.04984,0.00285,0.00103,-0.00281,-0.00129,0.54308,0.00008,0.28073,-0.00009,0.70746,0.00008,0.70675,1,3,0.99958,0.01099,0.01251,-0.02392,0.06010,0.08393,0.63439,0,0
1768603707.381915,-0.04715,0.04261,0.04093,0.00096,0.00006,-0.00161,0.54312,0.00008,0.28073,-0.00009,0.70746,0.00008,0.70675,1,3,0.99958,0.01099,0.01251,-0.02392,0.06010,0.08393,0.63439,0,0
1768603707.383899,-0.00132,0.02996,0.02784,0.00115,-0.00032,-0.00030,0.54312,0.00008,0.28073,-0.00009,0.70746,0.00008,0.70675,1,3,0.99958,0.01099,0.01251,-0.02392,0.06010,0.08393,0.63439,0,0
1768603707.385942,-0.01619,0.03434,0.00630,0.00033,0.00029,-0.00086,0.54316,0.00008,0.28073,-0.00009,0.70746,0.00008,0.70676,1,3,0.99958,0.01099,0.01251,-0.02392,0.06010,0.08393,0.63439,0,0
1768603707.387899,0.02065,0.05428,0.03667,0.00046,0.00066,0.00091,0.54316,0.00008,0.28073,-0.00009,0.70746,0.00008,0.70676,1,3,0.99958,0.01099,0.01251,-0.02392,0.06010,0.08393,0.63439,0,0
1768603707.389943,-0.00179,0.06345,0.03630,0.00124,-0.00043,0.00043,0.54320,0.00008,0.28073,-0.00009,0.70746,0.00008,0.70675,1,3,0.99958,0.01099,0.01251,-0.02392,0.06010,0.08393,0.63439,0,0
1768603707.391929,-0.02475,0.05943,0.04477,0.00083,-0.00011,-0.00067,0.54320,0.00008,0.28073,-0.00009,0.70746,0.00008,0.70675,1,3,0.99958,0.01099,0.01251,-0.02392,0.06010,0.08393,0.63439,0,0
1768603707.393951,-0.02410,0.02496,0.02568,0.00100,0.00053,-0.00024,0.54324,0.00008,0.28073,-0.00009,0.70746,0.00008,0.70675,1,3,0.99958,0.01099,0.01251,-0.02392,0.06010,0.08393,0.63439,0,0
1768603707.395930,-0.00827,-0.00851,0.00108,0.00092,0.00022,0.00069,0.54324,0.00008,0.28073,-0.00009,0.70746,0.00008,0.70675,1,3,0.99958,0.01099,0.01251,-0.02392,0.06010,0.08393,0.63439,0,0
1768603707.397924,-0.00882,0.03454,0.01472,0.00087,-0.00070,0.00054,0.54324,0.00008,0.28073,-0.00009,0.70746,0.00008,0.70675,1,3,0.99958,0.01099,0.01251,-0.02392,0.06010,0.08393,0.63439,0,0
1768603707.399924,-0.01657,0.04108,0.01471,0.00085,0.00105,0.00097,0.54328,0.00008,0.28073,-0.00009,0.70746,0.00008,0.70675,1,3,0.99958,0.01099,0.01251,-0.02392,0.06010,0.08393,0.63439,0,0
1768603707.401920,-0.00918,0.05907,0.03515,0.00111,0.00021,-0.00091,0.54328,0.00008,0.28073,-0.00009,0.70746,0.00008,0.70675,1,3,0.99958,0.01099,0.01251,-0.02392,0.06010,0.08393,0.63439,0,0
1768603707.403926,-0.02407,0.03340,0.02476,0.00139,0.00008,0.00043,0.54328,0.00008,0.28073,-0.00009,0.70746,0.00008,0.70675,1,3,0.99960,0.01055,0.01022,-0.02416,0.06011,0.08396,0.63459,0,0
1768603707.405969,-0.03159,0.01772,0.03560,0.00154,-0.00088,-0.00079,0.54332,0.00008,0.28073,-0.00009,0.70746,0.00008,0.70675,1,3,0.99960,0.01055,0.01022,-0.02416,0.06011,0.08396,0.63459,0,0
1768603707.407931,-0.00136,0.02962,0.01286,0.00034,0.00037,0.00046,0.54336,0.00008,0.28073,-0.00009,0.70746,0.00008,0.70675,1,3,0.99960,0.01055,0.01022,-0.02416,0.06011,0.08396,0.63459,0,0
1768603707.409966,0.02075,0.05913,0.03836,0.00099,-0.00041,0.00124,0.54340,0.00008,0.28073,-0.00009,0.70746,0.00008,0.70675,1,3,0.99960,0.01055,0.01022,-0.02416,0.06011,0.08396,0.63459,0,0
1768603707.411929,0.01345,0.07161,0.02687,0.00071,0.00033,0.00008,0.54340,0.00008,0.28073,-0.00009,0.70746,0.00008,0.70675,1,3,0.99960,0.01055,0.01022,-0.02416,0.06011,0.08396,0.63459,0,0
1768603707.413930,-0.05455,0.05060,0.03022,0.00122,0.00015,-0.00080,0.54340,0.00008,0.28073,-0.00009,0.70746,0.00008,0.70675,1,3,0.99960,0.01055,0.01022,-0.02416,0.06011,0.08396,0.63459,0,0
1768603707.415946,-0.00060,0.02970,0.00430,0.00102,0.00049,-0.00142,0.54344,0.00008,0.28072,-0.00009,0.70747,0.00008,0.70674,1,3,0.99960,0.01055,0.01022,-0.02416,0.06011,0.08396,0.63459,0,0
1768603707.418016,-0.03219,0.03257,0.04014,0.00098,0.00114,0.00016,0.54344,0.00008,0.28072,-0.00009,0.70747,0.00008,0.70674,1,3,0.99960,0.01055,0.01022,-0.02416,0.06011,0.08396,0.63459,0,0
1768603707.419953,-0.03912,0.04366,0.02484,0.00138,-0.00145,-0.00058,0.54348,0.00008,0.28073,-0.00009,0.70747,0.00008,0.70675,1,3,0.99960,0.01055,0.01022,-0.02416,0.06011,0.08396,0.63459,0,0
1768603707.421965,-0.04771,0.07106,0.04439,0.00173,-0.00055,0.00225,0.54348,0.00008,0.28073,-0.00009,0.70747,0.00008,0.70675,1,3,0.99960,0.01055,0.01022,-0.02416,0.06011,0.08396,0.63459,0,0
1768603707.423950,0.05995,0.05414,0.01011,0.00105,-0.00294,-0.00122,0.54352,0.00008,0.28072,-0.00009,0.70747,0.00008,0.70674,1,3,0.99960,0.01055,0.01022,-0.02416,0.06011,0.08396,0.63459,0,0
1768603707.425958,0.04448,0.03648,0.01467,0.00092,-0.00245,0.00000,0.54352,0.00008,0.28072,-0.00009,0.70747,0.00008,0.70674,1,3,0.99960,0.01055,0.01022,-0.02416,0.06011,0.08396,0.63459,0,0
1768603707.427953,-0.00874,0.02934,0.02806,0.00155,0.00012,-0.00054,0.54356,0.00008,0.28072,-0.00009,0.70747,0.00008,0.70674,1,3,0.99960,0.01055,0.01022,-0.02416,0.06011,0.08396,0.63459,0,0
1768603707.429955,0.00740,0.00425,-0.00548,0.00133,0.00037,-0.00085,0.54356,0.00008,0.28072,-0.00009,0.70747,0.00008,0.70674,1,3,0.99960,0.01055,0.01022,-0.02416,0.06011,0.08396,0.63459,0,0
1768603707.431955,-0.00871,0.04330,0.02029,0.00113,-0.00085,-0.00071,0.54356,0.00008,0.28072,-0.00009,0.70747,0.00008,0.70674,1,3,0.99960,0.01055,0.01022,-0.02416,0.06011,0.08396,0.63459,0,0
1768603707.433959,0.00582,0.05037,0.03398,0.00113,-0.00003,0.00084,0.54360,0.00008,0.28072,-0.00009,0.70747,0.00008,0.70674,1,3,0.99960,0.01055,0.01022,-0.02416,0.06011,0.08396,0.63459,0,0
1768603707.435949,-0.01010,0.07296,0.05568,0.00068,-0.00129,0.00042,0.54360,0.00008,0.28072,-0.00009,0.70747,0.00008,0.70674,1,3,0.99960,0.01055,0.01022,-0.02416,0.06011,0.08396,0.63459,0,0
1768603707.437949,0.00650,0.02585,0.01065,0.00062,-0.00009,0.00001,0.54364,0.00008,0.28073,-0.00009,0.70747,0.00008,0.70675,1,3,0.99960,0.01055,0.01022,-0.02416,0.06011,0.08396,0.63459,0,0
1768603707.439953,0.03651,0.04214,0.03466,0.00157,-0.00024,0.00006,0.54364,0.00008,0.28073,-0.00009,0.70747,0.00008,0.70675,1,3,0.99960,0.01055,0.01022,-0.02416,0.06011,0.08396,0.63459,0,0
1768603707.441972,0.00602,0.05409,0.02812,0.00072,0.00121,-0.00073,0.54368,0.00008,0.28073,-0.00009,0.70747,0.00008,0.70674,1,3,0.99955,0.01086,0.01294,-0.02464,0.06011,0.08393,0.63445,0,0
1768603707.443962,-0.00189,0.04215,0.05029,0.00113,0.00017,-0.00085,0.54368,0.00008,0.28073,-0.00009,0.70747,0.00008,0.70674,1,3,0.99955,0.01086,0.01294,-0.02464,0.06011,0.08393,0.63445,0,0
1768603707.445957,0.00583,0.05063,0.04386,0.00166,-0.00056,0.00046,0.54372,0.00008,0.28073,-0.00009,0.70747,0.00008,0.70674,1,3,0.99955,0.01086,0.01294,-0.02464,0.06011,0.08393,0.63445,0,0
1768603707.447969,-0.01693,0.03443,0.03359,0.00113,-0.00112,0.00142,0.54376,0.00008,0.28073,-0.00009,0.70747,0.00008,0.70674,1,3,0.99955,0.01086,0.01294,-0.02464,0.06011,0.08393,0.63445,0,0
1768603707.449982,0.00611,0.05004,0.02380,0.00140,0.00007,0.00124,0.54376,0.00008,0.28073,-0.00009,0.70747,0.00008,0.70674,1,3,0.99955,0.01086,0.01294,-0.02464,0.06011,0.08393,0.63445,0,0
1768603707.451994,-0.03178,0.02181,0.02820,0.00073,-0.00032,-0.00046,0.54380,0.00008,0.28072,-0.00009,0.70747,0.00008,0.70674,1,3,0.99955,0.01086,0.01294,-0.02464,0.06011,0.08393,0.63445,0,0
1768603707.453976,-0.05307,0.00763,-0.01797,0.00141,0.00109,-0.00062,0.54380,0.00008,0.28072,-0.00009,0.70747,0.00008,0.70674,1,3,0.99955,0.01086,0.01294,-0.02464,0.06011,0.08393,0.63445,0,0
1768603707.455998,-0.00177,0.04699,0.03721,0.00086,-0.00042,-0.00014,0.54384,0.00008,0.28072,-0.00009,0.70747,0.00008,0.70674,1,3,0.99955,0.01086,0.01294,-0.02464,0.06011,0.08393,0.63445,0,0
1768603707.457985,-0.01737,0.05011,0.06356,0.00191,-0.00032,0.00045,0.54384,0.00008,0.28072,-0.00009,0.70747,0.00008,0.70674,1,3,0.99955,0.01086,0.01294,-0.02464,0.06011,0.08393,0.63445,0,0
1768603707.459991,-0.01702,0.05465,0.04110,0.00151,-0.00038,0.00079,0.54388,0.00008,0.28073,-0.00009,0.70747,0.00008,0.70675,1,3,0.99955,0.01086,0.01294,-0.02464,0.06011,0.08393,0.63445,0,0
1768603707.461999,-0.03894,0.02114,0.01414,0.00073,0.00060,-0.00108,0.54388,0.00008,0.28073,-0.00009,0.70747,0.00008,0.70675,1,3,0.99955,0.01086,0.01294,-0.02464,0.06011,0.08393,0.63445,0,0
1768603707.463972,-0.00775,0.02485,-0.01726,0.00062,0.00153,-0.00161,0.54392,0.00008,0.28073,-0.00009,0.70747,0.00008,0.70675,1,3,0.99955,0.01086,0.01294,-0.02464,0.06011,0.08393,0.63445,0,0
1768603707.465973,0.05964,0.03277,0.02396,0.00053,-0.00212,-0.00212,0.54392,0.00008,0.28073,-0.00009,0.70747,0.00008,0.70675,1,3,0.99955,0.01086,0.01294,-0.02464,0.06011,0.08393,0.63445,0,0
1768603707.467972,0.01290,0.05817,0.04831,0.00112,0.00037,0.00137,0.54392,0.00008,0.28073,-0.00009,0.70747,0.00008,0.70675,1,3,0.99955,0.01086,0.01294,-0.02464,0.06011,0.08393,0.63445,0,0
1768603707.469971,0.04402,0.02673,0.03444,0.00118,-0.00155,0.00049,0.54396,0.00008,0.28072,-0.00009,0.70747,0.00008,0.70674,1,3,0.99955,0.01086,0.01294,-0.02464,0.06011,0.08393,0.63445,0,0
1768603707.471993,-0.00204,0.06249,0.05119,0.00164,0.00019,0.00044,0.54396,0.00008,0.28072,-0.00009,0.70747,0.00008,0.70674,1,3,0.99955,0.01086,0.01294,-0.02464,0.06011,0.08393,0.63445,0,0
1768603707.473991,-0.02428,0.02496,0.03066,0.00086,0.00059,-0.00025,0.54400,0.00008,0.28073,-0.00009,0.70747,0.00007,0.70674,1,3,0.99955,0.01086,0.01294,-0.02464,0.06011,0.08393,0.63445,0,0
1768603707.476010,0.05201,0.02896,0.02106,0.00039,-0.00259,-0.00157,0.54400,0.00008,0.28073,-0.00009,0.70747,0.00007,0.70674,1,3,0.99955,0.01086,0.01294,-0.02464,0.06011,0.08393,0.63445,0,0
1768603707.477988,-0.01654,0.05051,0.01945,0.00111,0.00002,0.00047,0.54404,0.00008,0.28072,-0.00009,0.70747,0.00007,0.70674,1,3,0.99955,0.01086,0.01294,-0.02464,0.06011,0.08393,0.63445,0,0
1768603707.480003,-0.03180,0.06600,0.01858,0.00149,0.00088,0.00131,0.54404,0.00008,0.28072,-0.00009,0.70747,0.00007,0.70674,1,3,0.99955,0.01086,0.01294,-0.02464,0.06011,0.08393,0.63445,0,0
1768603707.482000,-0.04619,0.03661,-0.00732,0.00124,0.00122,0.00079,0.54408,0.00008,0.28072,-0.00009,0.70747,0.00007,0.70674,1,3,0.99955,0.01086,0.01294,-0.02464,0.06011,0.08393,0.63445,0,0
1768603707.483990,-0.01615,0.02614,0.01630,0.00088,-0.00024,-0.00114,0.54408,0.00008,0.28072,-0.00009,0.70747,0.00007,0.70674,1,3,0.99953,0.01092,0.01371,-0.02517,0.06008,0.08391,0.63422,0,0
1768603707.485997,-0.00106,0.04300,0.02081,0.00114,-0.00040,-0.00121,0.54412,0.00008,0.28072,-0.00009,0.70747,0.00007,0.70674,1,3,0.99953,0.01092,0.01371,-0.02517,0.06008,0.08391,0.63422,0,0
1768603707.487994,0.00643,0.05087,0.01552,0.00087,0.00019,-0.00068,0.54412,0.00008,0.28072,-0.00009,0.70747,0.00007,0.70674,1,3,0.99953,0.01092,0.01371,-0.02517,0.06008,0.08391,0.63422,0,0
1768603707.489999,0.00610,0.06394,0.02568,0.00152,-0.00122,0.00107,0.54417,0.00008,0.28072,-0.00009,0.70747,0.00007,0.70674,1,3,0.99953,0.01092,0.01371,-0.02517,0.06008,0.08391,0.63422,0,0
1768603707.491999,-0.04712,0.03653,0.02724,0.00110,0.00120,0.00076,0.54417,0.00008,0.28072,-0.00009,0.70747,0.00007,0.70674,1,3,0.99953,0.01092,0.01371,-0.02517,0.06008,0.08391,0.63422,0,0
1768603707.494020,-0.00169,0.01725,0.04008,0.00102,-0.00039,0.00022,0.54417,0.00008,0.28072,-0.00009,0.70747,0.00007,0.70674,1,3,0.99953,0.01092,0.01371,-0.02517,0.06008,0.08391,0.63422,0,0
1768603707.496025,-0.00824,0.06014,0.00624,0.00112,-0.00036,-0.00204,0.54420,0.00008,0.28072,-0.00009,0.70747,0.00007,0.70674,1,3,0.99953,0.01092,0.01371,-0.02517,0.06008,0.08391,0.63422,0,0
1768603707.498019,-0.03207,0.05804,0.03991,0.00136,0.00092,-0.00052,0.54425,0.00008,0.28072,-0.00009,0.70747,0.00007,0.70674,1,3,0.99953,0.01092,0.01371,-0.02517,0.06008,0.08391,0.63422,0,0
1768603707.500055,-0.03913,0.04177,0.00468,0.00070,0.00049,0.00097,0.54428,0.00008,0.28072,-0.00009,0.70748,0.00007,0.70674,1,3,0.99953,0.01092,0.01371,-0.02517,0.06008,0.08391,0.63422,0,0
1768603707.502155,-0.01643,-0.00895,0.02599,0.00104,0.00053,0.00042,0.54428,0.00008,0.28072,-0.00009,0.70748,0.00007,0.70674,1,3,0.99953,0.01092,0.01371,-0.02517,0.06008,0.08391,0.63422,0,0
1768603707.504046,-0.02427,0.02940,0.02701,0.00113,-0.00011,0.00085,0.54432,0.00008,0.28072,-0.00009,0.70747,0.00007,0.70674,1,3,0.99953,0.01092,0.01371,-0.02517,0.06008,0.08391,0.63422,0,0
1768603707.506019,-0.00950,0.07204,0.05271,0.00123,-0.00001,-0.00184,0.54432,0.00008,0.28072,-0.00009,0.70747,0.00007,0.70674,1,3,0.99953,0.01092,0.01371,-0.02517,0.06008,0.08391,0.63422,0,0
1768603707.508008,-0.00986,0.05995,0.05482,0.00057,-0.00043,-0.00095,0.54436,0.00008,0.28072,-0.00009,0.70748,0.00007,0.70674,1,3,0.99953,0.01092,0.01371,-0.02517,0.06008,0.08391,0.63422,0,0
1768603707.510132,-0.03137,0.04669,0.00791,0.00084,0.00009,-0.00036,0.54436,0.00008,0.28072,-0.00009,0.70748,0.00007,0.70674,1,3,0.99953,0.01092,0.01371,-0.02517,0.06008,0.08391,0.63422,0,0
1768603707.512017,0.00715,0.01700,-0.01449,0.00091,0.00004,0.00090,0.54436,0.00008,0.28072,-0.00009,0.70748,0.00007,0.70674,1,3,0.99953,0.01092,0.01371,-0.02517,0.06008,0.08391,0.63422,0,0
1768603707.514025,-0.03156,0.02570,0.02005,0.00113,-0.00042,0.00027,0.54440,0.00008,0.28072,-0.00009,0.70747,0.00007,0.70674,1,3,0.99953,0.01092,0.01371,-0.02517,0.06008,0.08391,0.63422,0,0
1768603707.516013,-0.03952,0.04668,0.03268,0.00097,-0.00004,-0.00063,0.54440,0.00008,0.28072,-0.00009,0.70747,0.00007,0.70674,1,3,0.99953,0.01092,0.01371,-0.02517,0.06008,0.08391,0.63422,0,0
1768603707.518013,-0.02398,0.03753,0.02296,0.00126,0.00050,-0.00039,0.54444,0.00008,0.28072,-0.00009,0.70748,0.00007,0.70674,1,3,0.99953,0.01092,0.01371,-0.02517,0.06008,0.08391,0.63422,0,0
1768603707.520196,0.03013,0.05651,0.00366,0.00183,-0.00126,-0.00224,0.54444,0.00008,0.28072,-0.00009,0.70748,0.00007,0.70674,1,3,0.99958,0.01077,0.01224,-0.02410,0.06010,0.08393,0.63440,0,0
1768603707.522155,-0.03183,0.04885,0.02451,0.00137,0.00139,0.00075,0.54448,0.00008,0.28071,-0.00009,0.70748,0.00007,0.70673,1,3,0.99958,0.01077,0.01224,-0.02410,0.06010,0.08393,0.63440,0,0
1768603707.524154,0.00531,0.06297,0.05551,0.00151,-0.00042,0.00106,0.54448,0.00008,0.28071,-0.00009,0.70748,0.00007,0.70673,1,3,0.99958,0.01077,0.01224,-0.02410,0.06010,0.08393,0.63440,0,0
1768603707.526181,-0.00919,0.03391,0.03481,0.00113,-0.00024,0.00015,0.54452,0.00008,0.28071,-0.00009,0.70748,0.00007,0.70673,1,3,0.99958,0.01077,0.01224,-0.02410,0.06010,0.08393,0.63440,0,0
1768603707.528071,-0.00862,0.02919,0.01285,0.00114,0.00037,0.00023,0.54452,0.00008,0.28071,-0.00009,0.70748,0.00007,0.70673,1,3,0.99958,0.01077,0.01224,-0.02410,0.06010,0.08393,0.63440,0,0
1768603707.530060,-0.02309,0.01728,-0.01377,0.00089,0.00005,-0.00012,0.54456,0.00008,0.28071,-0.00009,0.70748,0.00007,0.70673,1,3,0.99958,0.01077,0.01224,-0.02410,0.06010,0.08393,0.63440,0,0
1768603707.532073,-0.03962,0.04583,0.02748,0.00069,0.00077,0.00014,0.54460,0.00008,0.28071,-0.00009,0.70748,0.00007,0.70673,1,3,0.99958,0.01077,0.01224,-0.02410,0.06010,0.08393,0.63440,0,0
1768603707.534045,-0.00935,0.05480,0.04149,0.00151,-0.00037,0.00028,0.54460,0.00008,0.28071,-0.00009,0.70748,0.00007,0.70673,1,3,0.99958,0.01077,0.01224,-0.02410,0.06010,0.08393,0.63440,0,0
1768603707.536403,-0.00089,0.04827,0.02157,0.00208,-0.00236,-0.00012,0.54464,0.00008,0.28071,-0.00009,0.70749,0.00007,0.70673,1,3,0.99958,0.01077,0.01224,-0.02410,0.06010,0.08393,0.63440,0,0
1768603707.538071,-0.03893,0.02222,0.01864,0.00100,-0.00065,-0.00109,0.54464,0.00008,0.28071,-0.00009,0.70749,0.00007,0.70673,1,3,0.99958,0.01077,0.01224,-0.02410,0.06010,0.08393,0.63440,0,0
1768603707.540055,-0.00868,0.03420,0.01577,0.00087,-0.00003,-0.00060,0.54468,0.00008,0.28071,-0.00009,0.70749,0.00007,0.70673,1,3,0.99958,0.01077,0.01224,-0.02410,0.06010,0.08393,0.63440,0,0
1768603707.542055,-0.01628,0.04647,0.02346,0.00126,0.00028,-0.00138,0.54468,0.00008,0.28071,-0.00009,0.70749,0.00007,0.70673,1,3,0.99958,0.01077,0.01224,-0.02410,0.06010,0.08393,0.63440,0,0
1768603707.544059,0.04416,0.04881,0.02760,0.00077,-0.00185,-0.00092,0.54472,0.00008,0.28070,-0.00009,0.70749,0.00007,0.70673,1,3,0.99958,0.01077,0.01224,-0.02410,0.06010,0.08393,0.63440,0,0
1768603707.546034,0.00619,0.05517,0.02139,0.00126,-0.00061,0.00080,0.54472,0.00008,0.28070,-0.00009,0.70749,0.00007,0.70673,1,3,0.99958,0.01077,0.01224,-0.02410,0.06010,0.08393,0.63440,0,0
1768603707.548036,-0.02367,0.03347,0.00515,0.00113,0.00028,0.00044,0.54476,0.00008,0.28071,-0.00009,0.70749,0.00007,0.70673,1,3,0.99958,0.01077,0.01224,-0.02410,0.06010,0.08393,0.63440,0,0
1768603707.550034,-0.04673,0.02079,0.02793,0.00152,0.00012,-0.00018,0.54476,0.00008,0.28071,-0.00009,0.70749,0.00007,0.70673,1,3,0.99958,0.01077,0.01224,-0.02410,0.06010,0.08393,0.63440,0,0
1768603707.552037,-0.01657,0.04914,0.04742,0.00179,-0.00270,-0.00181,0.54476,0.00008,0.28071,-0.00009,0.70749,0.00007,0.70673,1,3,0.99958,0.01077,0.01224,-0.02410,0.06010,0.08393,0.63440,0,0
1768603707.554056,0.08997,0.03191,0.02292,0.00095,-0.00191,-0.00071,0.54480,0.00008,0.28071,-0.00009,0.70748,0.00007,0.70673,1,3,0.99958,0.01077,0.01224,-0.02410,0.06010,0.08393,0.63440,0,0
1768603707.556041,-0.03153,0.03288,0.00987,0.00099,0.00077,0.00095,0.54480,0.00008,0.28071,-0.00009,0.70748,0.00007,0.70673,1,3,0.99958,0.01077,0.01224,-0.02410,0.06010,0.08393,0.63440,0,0
1768603707.558034,-0.03063,0.05451,-0.01757,0.00151,0.00022,0.00034,0.54484,0.00008,0.28071,-0.00009,0.70748,0.00007,0.70673,1,3,0.99958,0.01077,0.01224,-0.02410,0.06010,0.08393,0.63440,0,0
1768603707.560081,-0.00884,0.03365,0.01498,0.00087,0.00018,0.00055,0.54484,0.00008,0.28071,-0.00009,0.70748,0.00007,0.70673,1,3,0.99961,0.01065,0.01090,-0.02358,0.06010,0.08395,0.63449,0,0
1768603707.562057,-0.01678,0.01346,0.04908,0.00102,-0.00028,-0.00177,0.54488,0.00008,0.28071,-0.00009,0.70748,0.00007,0.70673,1,3,0.99961,0.01065,0.01090,-0.02358,0.06010,0.08395,0.63449,0,0
1768603707.564124,-0.02324,0.01834,0.00197,0.00089,-0.00064,-0.00167,0.54488,0.00008,0.28071,-0.00009,0.70748,0.00007,0.70673,1,3,0.99961,0.01065,0.01090,-0.02358,0.06010,0.08395,0.63449,0,0
1768603707.566072,0.01396,0.03411,0.01488,0.00089,-0.00026,0.00054,0.54492,0.00008,0.28070,-0.00009,0.70749,0.00007,0.70673,1,3,0.99961,0.01065,0.01090,-0.02358,0.06010,0.08395,0.63449,0,0
1768603707.568075,-0.03889,0.05338,-0.00787,0.00083,0.00143,0.00122,0.54496,0.00008,0.28071,-0.00009,0.70749,0.00007,0.70673,1,3,0.99961,0.01065,0.01090,-0.02358,0.06010,0.08395,0.63449,0,0
1768603707.570077,-0.00113,0.01315,0.02275,0.00130,-0.00060,0.00029,0.54496,0.00008,0.28071,-0.00009,0.70749,0.00007,0.70673,1,3,0.99961,0.01065,0.01090,-0.02358,0.06010,0.08395,0.63449,0,0
1768603707.572071,-0.03255,0.02983,0.06290,0.00098,-0.00011,-0.00096,0.54500,0.00008,0.28071,-0.00009,0.70748,0.00007,0.70673,1,3,0.99961,0.01065,0.01090,-0.02358,0.06010,0.08395,0.63449,0,0
1768603707.574115,-0.02427,0.05075,0.03563,0.00111,0.00021,-0.00132,0.54500,0.00008,0.28071,-0.00009,0.70748,0.00007,0.70673,1,3,0.99961,0.01065,0.01090,-0.02358,0.06010,0.08395,0.63449,0,0
1768603707.576080,-0.03999,0.03649,0.05258,0.00123,0.00129,-0.00014,0.54504,0.00008,0.28071,-0.00009,0.70748,0.00007,0.70673,1,3,0.99961,0.01065,0.01090,-0.02358,0.06010,0.08395,0.63449,0,0
1768603707.578049,-0.00143,0.05411,0.02671,0.00152,0.00032,0.00056,0.54504,0.00008,0.28071,-0.00009,0.70748,0.00007,0.70673,1,3,0.99961,0.01065,0.01090,-0.02358,0.06010,0.08395,0.63449,0,0
1768603707.580070,-0.03151,0.03930,0.01752,0.00098,-0.00110,-0.00028,0.54508,0.00008,0.28071,-0.00009,0.70748,0.00007,0.70673,1,3,0.99961,0.01065,0.01090,-0.02358,0.06010,0.08395,0.63449,0,0
1768603707.582064,-0.01600,0.04135,-0.00512,0.00099,0.00081,0.00098,0.54508,0.00008,0.28071,-0.00009,0.70748,0.00007,0.70673,1,3,0.99961,0.01065,0.01090,-0.02358,0.06010,0.08395,0.63449,0,0
1768603707.584065,0.00683,0.05576,0.00804,0.00127,-0.00056,-0.00110,0.54512,0.00008,0.28071,-0.00009,0.70749,0.00007,0.70673,1,3,0.99961,0.01065,0.01090,-0.02358,0.06010,0.08395,0.63449,0,0
1768603707.586078,-0.03143,0.03436,0.01971,0.00153,-0.00086,0.00017,0.54512,0.00008,0.28071,-0.00009,0.70749,0.00007,0.70673,1,3,0.99961,0.01065,0.01090,-0.02358,0.06010,0.08395,0.63449,0,0
1768603707.588061,-0.02422,-0.00549,0.02379,0.00049,0.00159,0.00050,0.54512,0.00008,0.28071,-0.00009,0.70749,0.00007,0.70673,1,3,0.99961,0.01065,0.01090,-0.02358,0.06010,0.08395,0.63449,0,0
1768603707.590061,-0.00910,0.04623,0.03698,0.00166,-0.00021,0.00001,0.54516,0.00008,0.28071,-0.00009,0.70749,0.00007,0.70673,1,3,0.99960,0.01056,0.01145,-0.02373,0.06010,0.08394,0.63454,0,0
1768603707.592065,-0.00118,0.06958,0.02460,0.00138,-0.00188,-0.00115,0.54516,0.00008,0.28071,-0.00009,0.70749,0.00007,0.70673,1,3,0.99960,0.01056,0.01145,-0.02373,0.06010,0.08394,0.63454,0,0
1768603707.594074,-0.00189,0.04296,0.04492,0.00086,-0.00055,-0.00048,0.54520,0.00008,0.28071,-0.00009,0.70748,0.00007,0.70673,1,3,0.99960,0.01056,0.01145,-0.02373,0.06010,0.08394,0.63454,0,0
1768603707.596091,0.00680,0.03407,0.00545,0.00116,-0.00015,-0.00008,0.54524,0.00008,0.28071,-0.00009,0.70748,0.00007,0.70673,1,3,0.99960,0.01056,0.01145,-0.02373,0.06010,0.08394,0.63454,0,0
1768603707.598076,-0.02426,0.01776,0.04005,0.00141,-0.00105,-0.00016,0.54524,0.00008,0.28071,-0.00009,0.70748,0.00007,0.70673,1,3,0.99960,0.01056,0.01145,-0.02373,0.06010,0.08394,0.63454,0,0
1768603707.600089,0.00582,0.05553,0.02611,0.00072,-0.00078,0.00116,0.54529,0.00008,0.28071,-0.00009,0.70748,0.00007,0.70674,1,3,0.99960,0.01056,0.01145,-0.02373,0.06010,0.08394,0.63454,0,0
1768603707.602089,-0.00974,0.05953,0.05847,0.00164,-0.00104,0.00021,0.54529,0.00008,0.28071,-0.00009,0.70748,0.00007,0.70674,1,3,0.99960,0.01056,0.01145,-0.02373,0.06010,0.08394,0.63454,0,0
1768603707.604095,-0.03970,0.05922,0.03913,0.00135,-0.00040,-0.00002,0.54533,0.00008,0.28071,-0.00009,0.70748,0.00007,0.70673,1,3,0.99960,0.01056,0.01145,-0.02373,0.06010,0.08394,0.63454,0,0
1768603707.606112,-0.03896,0.01181,0.02928,0.00154,0.00101,-0.00134,0.54533,0.00008,0.28071,-0.00009,0.70748,0.00007,0.70673,1,3,0.99960,0.01056,0.01145,-0.02373,0.06010,0.08394,0.63454,0,0
1768603707.608089,0.01434,0.06142,0.01427,0.00168,-0.00245,-0.00054,0.54537,0.00008,0.28071,-0.00009,0.70748,0.00007,0.70674,1,3,0.99960,0.01056,0.01145,-0.02373,0.06010,0.08394,0.63454,0,0
1768603707.610087,0.02945,0.04475,0.00970,0.00103,-0.00229,-0.00022,0.54537,0.00008,0.28071,-0.00009,0.70748,0.00007,0.70674,1,3,0.99960,0.01056,0.01145,-0.02373,0.06010,0.08394,0.63454,0,0
1768603707.612089,0.01413,0.01901,0.01122,0.00024,-0.00118,-0.00081,0.54537,0.00008,0.28071,-0.00009,0.70748,0.00007,0.70674,1,3,0.99960,0.01056,0.01145,-0.02373,0.06010,0.08394,0.63454,0,0
1768603707.614080,-0.03932,0.03787,0.02681,0.00151,-0.00033,0.00063,0.54541,0.00008,0.28072,-0.00009,0.70748,0.00007,0.70674,1,3,0.99960,0.01056,0.01145,-0.02373,0.06010,0.08394,0.63454,0,0
1768603707.616100,-0.03195,0.04935,0.01971,0.00070,0.00133,0.00073,0.54541,0.00008,0.28072,-0.00009,0.70748,0.00007,0.70674,1,3,0.99960,0.01056,0.01145,-0.02373,0.06010,0.08394,0.63454,0,0
1768603707.618078,0.05285,0.02810,-0.00985,0.00121,-0.00253,0.00000,0.54545,0.00008,0.28071,-0.00009,0.70748,0.00007,0.70674,1,3,0.99960,0.01056,0.01145,-0.02373,0.06010,0.08394,0.63454,0,0
1768603707.620088,-0.03133,0.00806,0.01182,0.00061,0.00101,-0.00067,0.54545,0.00008,0.28071,-0.00009,0.70748,0.00007,0.70674,1,3,0.99951,0.01060,0.01157,-0.02709,0.06005,0.08388,0.63395,0,0
1768603707.622099,-0.00900,0.02065,0.03258,0.00142,0.00017,0.00032,0.54549,0.00008,0.28072,-0.00009,0.70748,0.00007,0.70674,1,3,0.99951,0.01060,0.01157,-0.02709,0.06005,0.08388,0.63395,0,0
1768603707.624099,-0.02535,0.05856,0.06847,0.00135,-0.00004,0.00047,0.54549,0.00008,0.28072,-0.00009,0.70748,0.00007,0.70674,1,3,0.99951,0.01060,0.01157,-0.02709,0.06005,0.08388,0.63395,0,0
1768603707.626113,-0.02421,0.04591,0.02271,0.00084,0.00071,-0.00011,0.54553,0.00008,0.28072,-0.00009,0.70748,0.00007,0.70673,1,3,0.99951,0.01060,0.01157,-0.02709,0.06005,0.08388,0.63395,0,0
1768603707.628111,0.01497,0.04948,-0.00681,0.00129,-0.00249,-0.00152,0.54553,0.00008,0.28072,-0.00009,0.70748,0.00007,0.70673,1,3,0.99951,0.01060,0.01157,-0.02709,0.06005,0.08388,0.63395,0,0
1768603707.630111,0.00709,0.01748,0.00093,0.00131,-0.00043,-0.00025,0.54557,0.00008,0.28072,-0.00009,0.70748,0.00007,0.70674,1,3,0.99951,0.01060,0.01157,-0.02709,0.06005,0.08388,0.63395,0,0
1768603707.632116,-0.00858,0.02018,0.00719,0.00129,0.00052,0.00148,0.54561,0.00008,0.28072,-0.00009,0.70748,0.00007,0.70673,1,3,0.99951,0.01060,0.01157,-0.02709,0.06005,0.08388,0.63395,0,0
1768603707.634099,-0.06286,0.04551,0.04569,0.00134,0.00012,0.00166,0.54561,0.00008,0.28072,-0.00009,0.70748,0.00007,0.70673,1,3,0.99951,0.01060,0.01157,-0.02709,0.06005,0.08388,0.63395,0,0
1768603707.636114,-0.03905,0.04093,0.01551,0.00124,0.00128,-0.00017,0.54565,0.00008,0.28072,-0.00009,0.70748,0.00007,0.70673,1,3,0.99951,0.01060,0.01157,-0.02709,0.06005,0.08388,0.63395,0,0
1768603707.638103,-0.02392,0.02497,0.02070,0.00114,0.00047,-0.00023,0.54565,0.00008,0.28072,-0.00009,0.70748,0.00007,0.70673,1,3,0.99951,0.01060,0.01157,-0.02709,0.06005,0.08388,0.63395,0,0
1768603707.640114,-0.00111,0.05139,0.01557,0.00086,-0.00025,-0.00094,0.54569,0.00008,0.28072,-0.00009,0.70748,0.00007,0.70674,1,3,0.99951,0.01060,0.01157,-0.02709,0.06005,0.08388,0.63395,0,0
1768603707.642126,-0.00175,0.04253,0.03381,0.00113,-0.00068,0.00106,0.54569,0.00008,0.28072,-0.00009,0.70748,0.00007,0.70674,1,3,0.99951,0.01060,0.01157,-0.02709,0.06005,0.08388,0.63395,0,0
1768603707.644123,0.00581,0.02876,0.03651,0.00128,0.00022,0.00148,0.54569,0.00008,0.28072,-0.00009,0.70748,0.00007,0.70674,1,3,0.99951,0.01060,0.01157,-0.02709,0.06005,0.08388,0.63395,0,0
1768603707.646098,-0.03213,0.03461,0.04951,0.00152,-0.00115,-0.00024,0.54569,0.00008,0.28072,-0.00009,0.70748,0.00007,0.70674,1,3,0.99951,0.01060,0.01157,-0.02709,0.06005,0.08388,0.63395,0,0
1768603707.648118,-0.02517,0.05973,0.05914,0.00082,-0.00059,-0.00031,0.54574,0.00008,0.28072,-0.00009,0.70747,0.00007,0.70674,1,3,0.99951,0.01060,0.01157,-0.02709,0.06005,0.08388,0.63395,0,0
1768603707.650141,-0.00194,0.07179,0.04151,0.00110,-0.00015,-0.00006,0.54574,0.00008,0.28072,-0.00009,0.70747,0.00007,0.70674,1,3,0.99951,0.01060,0.01157,-0.02709,0.06005,0.08388,0.63395,0,0
1768603707.652101,0.03656,0.06126,0.02528,0.00061,-0.00144,-0.00132,0.54578,0.00008,0.28072,-0.00009,0.70747,0.00007,0.70674,1,3,0.99951,0.01060,0.01157,-0.02709,0.06005,0.08388,0.63395,0,0
1768603707.654100,-0.02360,0.04607,0.00322,0.00099,0.00069,-0.00048,0.54578,0.00008,0.28072,-0.00009,0.70747,0.00007,0.70674,1,3,0.99951,0.01060,0.01157,-0.02709,0.06005,0.08388,0.63395,0,0
1768603707.656103,0.01381,0.03773,0.02784,0.00115,0.00034,-0.00027,0.54582,0.00008,0.28072,-0.00009,0.70747,0.00007,0.70674,1,3,0.99951,0.01060,0.01157,-0.02709,0.06005,0.08388,0.63395,0,0
1768603707.658114,-0.00928,0.01980,0.03236,0.00101,0.00104,0.00108,0.54586,0.00008,0.28072,-0.00009,0.70747,0.00007,0.70674,1,3,0.99951,0.01060,0.01157,-0.02709,0.06005,0.08388,0.63395,0,0
1768603707.660114,-0.03285,0.07284,0.05600,0.00067,-0.00107,0.00004,0.54586,0.00008,0.28072,-0.00009,0.70747,0.00007,0.70674,1,3,0.99951,0.01060,0.01157,-0.02709,0.06005,0.08388,0.63395,0,0
1768603707.662113,-0.02437,0.03309,0.03032,0.00085,0.00080,0.00004,0.54590,0.00008,0.28072,-0.00009,0.70747,0.00007,0.70674,1,3,0.99951,0.01060,0.01157,-0.02709,0.06005,0.08388,0.63395,0,0
1768603707.664134,0.00609,0.00417,0.03278,0.00104,-0.00004,0.00064,0.54590,0.00008,0.28072,-0.00009,0.70747,0.00007,0.70674,1,3,0.99960,0.01063,0.01118,-0.02374,0.06010,0.08394,0.63450,0,0
1768603707.666123,-0.00939,0.04592,0.04253,0.00112,0.00051,-0.00038,0.54590,0.00008,0.28072,-0.00009,0.70747,0.00007,0.70674,1,3,0.99960,0.01063,0.01118,-0.02374,0.06010,0.08394,0.63450,0,0
1768603707.668170,-0.03202,0.04628,0.03228,0.00097,0.00017,0.00000,0.54598,0.00008,0.28072,-0.00009,0.70747,0.00007,0.70674,1,3,0.99960,0.01063,0.01118,-0.02374,0.06010,0.08394,0.63450,0,0
1768603707.670125,-0.02321,0.04125,-0.00490,0.00180,0.00060,0.00036,0.54598,0.00008,0.28072,-0.00009,0.70747,0.00007,0.70674,1,3,0.99960,0.01063,0.01118,-0.02374,0.06010,0.08394,0.63450,0,0
1768603707.672120,-0.00044,0.03407,-0.00945,0.00115,-0.00012,0.00006,0.54602,0.00008,0.28072,-0.00009,0.70747,0.00007,0.70674,1,3,0.99960,0.01063,0.01118,-0.02374,0.06010,0.08394,0.63450,0,0
1768603707.674120,-0.00854,0.02605,0.01532,0.00128,-0.00069,-0.00012,0.54602,0.00008,0.28072,-0.00009,0.70747,0.00007,0.70674,1,3,0.99960,0.01063,0.01118,-0.02374,0.06010,0.08394,0.63450,0,0
1768603707.676141,-0.06280,0.06071,0.03868,0.00053,-0.00150,0.00033,0.54606,0.00008,0.28072,-0.00009,0.70747,0.00007,0.70674,1,3,0.99960,0.01063,0.01118,-0.02374,0.06010,0.08394,0.63450,0,0
1768603707.678127,0.01377,0.03883,0.03314,0.00102,-0.00047,-0.00105,0.54606,0.00008,0.28072,-0.00009,0.70747,0.00007,0.70674,1,3,0.99960,0.01063,0.01118,-0.02374,0.06010,0.08394,0.63450,0,0
1768603707.680123,0.00612,0.04604,0.02732,0.00114,0.00033,0.00014,0.54606,0.00008,0.28072,-0.00009,0.70747,0.00007,0.70674,1,3,0.99960,0.01063,0.01118,-0.02374,0.06010,0.08394,0.63450,0,0
1768603707.682122,-0.00142,0.02574,0.03079,0.00088,-0.00007,-0.00064,0.54610,0.00008,0.28073,-0.00009,0.70747,0.00007,0.70674,1,3,0.99960,0.01063,0.01118,-0.02374,0.06010,0.08394,0.63450,0,0
1768603707.684117,-0.01716,0.07535,0.04301,0.00162,-0.00013,0.00092,0.54610,0.00008,0.28073,-0.00009,0.70747,0.00007,0.70674,1,3,0.99960,0.01063,0.01118,-0.02374,0.06010,0.08394,0.63450,0,0
1768603707.686116,0.00601,0.07391,0.01905,0.00110,0.00176,0.00095,0.54614,0.00008,0.28072,-0.00009,0.70747,0.00007,0.70674,1,3,0.99960,0.01063,0.01118,-0.02374,0.06010,0.08394,0.63450,0,0
1768603707.688146,0.00591,0.04659,0.03182,0.00100,-0.00027,0.00051,0.54614,0.00008,0.28072,-0.00009,0.70747,0.00007,0.70674,1,3,0.99960,0.01063,0.01118,-0.02374,0.06010,0.08394,0.63450,0,0
1768603707.690142,0.00684,0.01351,0.00398,0.00064,-0.00018,-0.00060,0.54614,0.00008,0.28072,-0.00009,0.70747,0.00007,0.70674,1,3,0.99960,0.01063,0.01118,-0.02374,0.06010,0.08394,0.63450,0,0
1768603707.692141,-0.00908,0.01103,0.04521,0.00130,-0.00252,-0.00072,0.54618,0.00008,0.28073,-0.00009,0.70747,0.00007,0.70674,1,3,0.99960,0.01063,0.01118,-0.02374,0.06010,0.08394,0.63450,0,0
1768603707.694141,-0.03131,0.04423,0.00220,0.00138,0.00177,0.00120,0.54618,0.00008,0.28073,-0.00009,0.70747,0.00007,0.70674,1,3,0.99960,0.01063,0.01118,-0.02374,0.06010,0.08394,0.63450,0,0
1768603707.696155,-0.01697,0.07188,0.03257,0.00055,0.00040,-0.00095,0.54622,0.00008,0.28073,-0.00009,0.70747,0.00007,0.70674,1,3,0.99960,0.01063,0.01118,-0.02374,0.06010,0.08394,0.63450,0,0
1768603707.698142,0.01376,0.02593,0.03065,0.00089,-0.00029,-0.00051,0.54622,0.00008,0.28073,-0.00009,0.70747,0.00007,0.70674,1,3,0.99960,0.01063,0.01118,-0.02374,0.06010,0.08394,0.63450,0,0
1768603707.700152,-0.01613,0.01750,0.02642,0.00142,-0.00034,-0.00141,0.54626,0.00008,0.28073,-0.00009,0.70747,0.00007,0.70675,1,3,0.99960,0.01025,0.00948,-0.02440,0.06011,0.08397,0.63466,0,0
1768603707.702138,-0.02444,0.06018,0.03909,0.00137,-0.00127,-0.00029,0.54626,0.00008,0.28073,-0.00009,0.70747,0.00007,0.70675,1,3,0.99960,0.01025,0.00948,-0.02440,0.06011,0.08397,0.63466,0,0
1768603707.704151,-0.03188,0.06801,0.02442,0.00095,-0.00036,-0.00025,0.54630,0.00008,0.28073,-0.00009,0.70747,0.00007,0.70675,1,3,0.99960,0.01025,0.00948,-0.02440,0.06011,0.08397,0.63466,0,0
1768603707.706150,0.02964,0.04938,0.01209,0.00157,-0.00291,-0.00065,0.54634,0.00008,0.28073,-0.00009,0.70747,0.00007,0.70674,1,3,0.99960,0.01025,0.00948,-0.02440,0.06011,0.08397,0.63466,0,0
1768603707.708151,0.02132,0.05292,0.04471,0.00168,-0.00230,-0.00135,0.54634,0.00008,0.28073,-0.00009,0.70747,0.00007,0.70674,1,3,0.99960,0.01025,0.00948,-0.02440,0.06011,0.08397,0.63466,0,0
1768603707.710137,-0.02419,0.01602,0.03637,0.00114,0.00109,-0.00090,0.54638,0.00008,0.28073,-0.00009,0.70747,0.00007,0.70674,1,3,0.99960,0.01025,0.00948,-0.02440,0.06011,0.08397,0.63466,0,0
1768603707.712143,-0.03983,0.05910,0.04446,0.00122,-0.00012,-0.00041,0.54638,0.00008,0.28073,-0.00009,0.70747,0.00007,0.70674,1,3,0.99960,0.01025,0.00948,-0.02440,0.06011,0.08397,0.63466,0,0
1768603707.714142,-0.01668,0.04329,0.01906,0.00072,-0.00108,0.00093,0.54642,0.00008,0.28073,-0.00009,0.70747,0.00007,0.70674,1,3,0.99960,0.01025,0.00948,-0.02440,0.06011,0.08397,0.63466,0,0
1768603707.716170,-0.00895,0.05195,0.02365,0.00139,-0.00168,0.00071,0.54642,0.00008,0.28073,-0.00009,0.70747,0.00007,0.70674,1,3,0.99960,0.01025,0.00948,-0.02440,0.06011,0.08397,0.63466,0,0
1768603707.718165,0.01336,0.03422,0.04424,0.00128,-0.00078,0.00052,0.54647,0.00008,0.28073,-0.00009,0.70747,0.00007,0.70674,1,3,0.99960,0.01025,0.00948,-0.02440,0.06011,0.08397,0.63466,0,0
1768603707.720163,-0.00977,0.06790,0.05949,0.00123,-0.00037,-0.00104,0.54647,0.00008,0.28073,-0.00009,0.70747,0.00007,0.70674,1,3,0.99960,0.01025,0.00948,-0.02440,0.06011,0.08397,0.63466,0,0
1768603707.722160,-0.00108,0.06710,0.01038,0.00098,0.00078,-0.00074,0.54650,0.00008,0.28073,-0.00009,0.70747,0.00007,0.70674,1,3,0.99960,0.01025,0.00948,-0.02440,0.06011,0.08397,0.63466,0,0
1768603707.724168,-0.03057,0.02441,-0.02343,0.00074,0.00146,-0.00007,0.54650,0.00008,0.28073,-0.00009,0.70747,0.00007,0.70674,1,3,0.99960,0.01025,0.00948,-0.02440,0.06011,0.08397,0.63466,0,0
1768603707.726176,-0.04569,0.00837,-0.01854,0.00101,0.00043,-0.00000,0.54655,0.00008,0.28073,-0.00009,0.70747,0.00007,0.70674,1,3,0.99960,0.01025,0.00948,-0.02440,0.06011,0.08397,0.63466,0,0
1768603707.728165,0.03689,0.03467,0.00945,0.00104,-0.00098,0.00092,0.54655,0.00008,0.28073,-0.00009,0.70747,0.00007,0.70674,1,3,0.99960,0.01025,0.00948,-0.02440,0.06011,0.08397,0.63466,0,0
1768603707.730175,-0.02459,0.07617,0.04249,0.00202,-0.00123,0.00105,0.54655,0.00008,0.28073,-0.00009,0.70747,0.00007,0.70674,1,3,0.99960,0.01025,0.00948,-0.02440,0.06011,0.08397,0.63466,0,0
1768603707.732160,0.02895,0.06544,0.04260,0.00154,-0.00188,-0.00201,0.54659,0.00008,0.28073,-0.00009,0.70748,0.00007,0.70674,1,3,0.99960,0.01025,0.00948,-0.02440,0.06011,0.08397,0.63466,0,0
1768603707.734158,-0.03919,0.02989,0.02967,0.00072,0.00057,-0.00234,0.54659,0.00008,0.28073,-0.00009,0.70748,0.00007,0.70674,1,3,0.99960,0.01025,0.00948,-0.02440,0.06011,0.08397,0.63466,0,0
1768603707.736173,-0.00126,0.04113,0.02039,0.00114,0.00112,-0.00005,0.54663,0.00008,0.28072,-0.00009,0.70748,0.00007,0.70674,1,3,0.99960,0.01025,0.00948,-0.02440,0.06011,0.08397,0.63466,0,0
1768603707.738162,-0.02509,0.05344,0.05466,0.00190,0.00001,0.00245,0.54663,0.00008,0.28072,-0.00009,0.70748,0.00007,0.70674,1,3,0.99954,0.01088,0.01361,-0.02470,0.06007,0.08389,0.63411,0,0
1768603707.740164,-0.00192,0.06814,0.03274,0.00110,-0.00113,0.00152,0.54667,0.00008,0.28072,-0.00009,0.70748,0.00007,0.70674,1,3,0.99954,0.01088,0.01361,-0.02470,0.06007,0.08389,0.63411,0,0
1768603707.742176,-0.00927,0.06429,0.03658,0.00124,-0.00109,-0.00021,0.54667,0.00008,0.28072,-0.00009,0.70748,0.00007,0.70674,1,3,0.99954,0.01088,0.01361,-0.02470,0.06007,0.08389,0.63411,0,0
1768603707.744241,-0.00901,0.02218,0.02300,0.00048,-0.00060,-0.00009,0.54667,0.00008,0.28072,-0.00009,0.70748,0.00007,0.70674,1,3,0.99954,0.01088,0.01361,-0.02470,0.06007,0.08389,0.63411,0,0
1768603707.746170,-0.00898,0.02999,0.03847,0.00128,-0.00019,-0.00132,0.54667,0.00008,0.28072,-0.00009,0.70748,0.00007,0.70674,1,3,0.99954,0.01088,0.01361,-0.02470,0.06007,0.08389,0.63411,0,0
1768603707.748202,-0.03291,0.05881,0.05865,0.00081,0.00005,0.00059,0.54667,0.00008,0.28072,-0.00009,0.70748,0.00007,0.70674,1,3,0.99954,0.01088,0.01361,-0.02470,0.06007,0.08389,0.63411,0,0
1768603707.750194,-0.03103,0.01475,-0.00480,0.00141,0.00169,0.00156,0.54679,0.00008,0.28072,-0.00009,0.70748,0.00007,0.70674,1,3,0.99954,0.01088,0.01361,-0.02470,0.06007,0.08389,0.63411,0,0
1768603707.752215,-0.00857,0.03433,0.00418,0.00114,-0.00083,0.00131,0.54679,0.00008,0.28072,-0.00009,0.70748,0.00007,0.70674,1,3,0.99954,0.01088,0.01361,-0.02470,0.06007,0.08389,0.63411,0,0
1768603707.754191,-0.02332,0.04256,0.00596,0.00153,-0.00015,-0.00119,0.54683,0.00008,0.28073,-0.00009,0.70747,0.00007,0.70674,1,3,0.99954,0.01088,0.01361,-0.02470,0.06007,0.08389,0.63411,0,0
1768603707.756202,-0.01745,0.05976,0.05989,0.00083,-0.00037,-0.00120,0.54683,0.00008,0.28073,-0.00009,0.70747,0.00007,0.70674,1,3,0.99954,0.01088,0.01361,-0.02470,0.06007,0.08389,0.63411,0,0
1768603707.758189,-0.01703,0.04684,0.05290,0.00125,-0.00023,-0.00141,0.54687,0.00008,0.28073,-0.00009,0.70747,0.00007,0.70674,1,3,0.99954,0.01088,0.01361,-0.02470,0.06007,0.08389,0.63411,0,0
1768603707.760191,-0.00211,0.03817,0.04628,0.00099,-0.00053,0.00110,0.54687,0.00008,0.28073,-0.00009,0.70747,0.00007,0.70674,1,3,0.99954,0.01088,0.01361,-0.02470,0.06007,0.08389,0.63411,0,0
1768603707.762220,0.01360,0.00386,0.03123,0.00145,-0.00050,0.00242,0.54691,0.00008,0.28073,-0.00009,0.70747,0.00007,0.70674,1,3,0.99954,0.01088,0.01361,-0.02470,0.06007,0.08389,0.63411,0,0
1768603707.764210,-0.04738,0.02803,0.04279,0.00111,0.00139,0.00009,0.54691,0.00008,0.28073,-0.00009,0.70747,0.00007,0.70674,1,3,0.99954,0.01088,0.01361,-0.02470,0.06007,0.08389,0.63411,0,0
1768603707.766199,-0.04628,0.04982,0.00663,0.00110,0.00139,-0.00166,0.54691,0.00008,0.28073,-0.00009,0.70747,0.00007,0.70674,1,3,0.99954,0.01088,0.01361,-0.02470,0.06007,0.08389,0.63411,0,0
1768603707.768204,-0.03090,0.04664,-0.00510,0.00045,0.00103,-0.00226,0.54695,0.00008,0.28073,-0.00009,0.70747,0.00007,0.70674,1,3,0.99954,0.01088,0.01361,-0.02470,0.06007,0.08389,0.63411,0,0
1768603707.770198,0.01436,0.05125,0.00525,0.00115,-0.00037,-0.00041,0.54695,0.00008,0.28073,-0.00009,0.70747,0.00007,0.70674,1,3,0.99954,0.01088,0.01361,-0.02470,0.06007,0.08389,0.63411,0,0
1768603707.772227,-0.00212,0.01548,0.04430,0.00088,0.00097,0.00176,0.54699,0.00008,0.28073,-0.00009,0.70747,0.00007,0.70674,1,3,0.99954,0.01088,0.01361,-0.02470,0.06007,0.08389,0.63411,0,0
1768603707.774199,-0.00247,0.02572,0.06839,0.00140,-0.00114,0.00124,0.54699,0.00008,0.28073,-0.00009,0.70747,0.00007,0.70674,1,3,0.99954,0.01088,0.01361,-0.02470,0.06007,0.08389,0.63411,0,0
1768603707.776228,-0.03214,0.04288,0.04462,0.00124,-0.00077,-0.00034,0.54703,0.00008,0.28073,-0.00009,0.70747,0.00007,0.70674,1,3,0.99955,0.01068,0.01308,-0.02489,0.06010,0.08394,0.63441,0,0
1768603707.778225,-0.01605,0.03400,0.00736,0.00033,0.00096,-0.00200,0.54703,0.00008,0.28073,-0.00009,0.70747,0.00007,0.70674,1,3,0.99955,0.01068,0.01308,-0.02489,0.06010,0.08394,0.63441,0,0
1768603707.780235,0.02345,0.02761,-0.02788,0.00173,-0.00165,-0.00212,0.54707,0.00008,0.28073,-0.00009,0.70747,0.00007,0.70674,1,3,0.99955,0.01068,0.01308,-0.02489,0.06010,0.08394,0.63441,0,0
1768603707.782239,-0.01650,0.03395,0.01445,0.00086,-0.00026,0.00105,0.54711,0.00008,0.28072,-0.00009,0.70747,0.00007,0.70674,1,3,0.99955,0.01068,0.01308,-0.02489,0.06010,0.08394,0.63441,0,0
1768603707.784212,-0.00210,0.04998,0.05196,0.00219,-0.00090,0.00250,0.54711,0.00008,0.28072,-0.00009,0.70747,0.00007,0.70674,1,3,0.99955,0.01068,0.01308,-0.02489,0.06010,0.08394,0.63441,0,0
1768603707.786211,-0.05574,0.03649,0.06616,0.00121,0.00080,0.00124,0.54715,0.00008,0.28072,-0.00009,0.70748,0.00007,0.70674,1,3,0.99955,0.01068,0.01308,-0.02489,0.06010,0.08394,0.63441,0,0
1768603707.788216,-0.03846,0.02518,-0.00354,0.00100,0.00061,-0.00073,0.54715,0.00008,0.28072,-0.00009,0.70748,0.00007,0.70674,1,3,0.99955,0.01068,0.01308,-0.02489,0.06010,0.08394,0.63441,0,0
1768603707.790223,-0.03109,0.03401,0.00102,0.00086,0.00023,-0.00059,0.54719,0.00008,0.28072,-0.00009,0.70748,0.00007,0.70674,1,3,0.99955,0.01068,0.01308,-0.02489,0.06010,0.08394,0.63441,0,0
1768603707.792224,-0.02371,0.04212,0.00979,0.00139,-0.00010,0.00033,0.54719,0.00008,0.28072,-0.00009,0.70748,0.00007,0.70674,1,3,0.99955,0.01068,0.01308,-0.02489,0.06010,0.08394,0.63441,0,0
1768603707.794234,-0.03252,0.00694,0.04910,0.00113,0.00081,0.00199,0.54723,0.00008,0.28072,-0.00009,0.70748,0.00007,0.70674,1,3,0.99955,0.01068,0.01308,-0.02489,0.06010,0.08394,0.63441,0,0
1768603707.796219,-0.00946,0.05040,0.03342,0.00111,-0.00025,0.00148,0.54723,0.00008,0.28072,-0.00009,0.70748,0.00007,0.70674,1,3,0.99955,0.01068,0.01308,-0.02489,0.06010,0.08394,0.63441,0,0
1768603707.798236,-0.00925,0.05574,0.03784,0.00085,-0.00042,-0.00126,0.54727,0.00008,0.28072,-0.00009,0.70748,0.00007,0.70673,1,3,0.99955,0.01068,0.01308,-0.02489,0.06010,0.08394,0.63441,0,0
1768603707.800227,-0.03129,0.06664,0.00056,0.00082,0.00132,-0.00060,0.54727,0.00008,0.28072,-0.00009,0.70748,0.00007,0.70673,1,3,0.99955,0.01068,0.01308,-0.02489,0.06010,0.08394,0.63441,0,0
1768603707.802238,-0.01635,0.05087,0.01549,0.00085,0.00019,-0.00067,0.54727,0.00008,0.28072,-0.00009,0.70748,0.00007,0.70673,1,3,0.99955,0.01068,0.01308,-0.02489,0.06010,0.08394,0.63441,0,0
1768603707.804247,0.00704,0.04532,-0.00813,0.00168,0.00056,0.00133,0.54731,0.00008,0.28072,-0.00009,0.70748,0.00007,0.70673,1,3,0.99955,0.01068,0.01308,-0.02489,0.06010,0.08394,0.63441,0,0
1768603707.806250,-0.00137,-0.00798,0.02467,0.00105,-0.00080,0.00168,0.54731,0.00008,0.28072,-0.00009,0.70748,0.00007,0.70673,1,3,0.99955,0.01068,0.01308,-0.02489,0.06010,0.08394,0.63441,0,0
1768603707.808266,-0.03950,0.03414,0.03893,0.00178,-0.00106,0.00067,0.54735,0.00008,0.28072,-0.00009,0.70748,0.00007,0.70673,1,3,0.99955,0.01068,0.01308,-0.02489,0.06010,0.08394,0.63441,0,0
1768603707.810242,-0.03118,0.02408,0.00606,0.00113,0.00138,-0.00008,0.54735,0.00008,0.28072,-0.00009,0.70748,0.00007,0.70673,1,3,0.99957,0.01090,0.01261,-0.02414,0.06009,0.08392,0.63436,0,0
1768603707.812245,-0.03133,0.02851,0.01365,0.00113,0.00126,-0.00052,0.54739,0.00008,0.28072,-0.00009,0.70748,0.00007,0.70673,1,3,0.99957,0.01090,0.01261,-0.02414,0.06009,0.08392,0.63436,0,0
1768603707.814231,0.01531,0.04468,-0.01414,0.00170,-0.00214,-0.00145,0.54739,0.00008,0.28072,-0.00009,0.70748,0.00007,0.70673,1,3,0.99957,0.01090,0.01261,-0.02414,0.06009,0.08392,0.63436,0,0
1768603707.816252,-0.01622,0.02563,0.00506,0.00074,-0.00016,0.00078,0.54743,0.00008,0.28072,-0.00009,0.70748,0.00007,0.70673,1,3,0.99957,0.01090,0.01261,-0.02414,0.06009,0.08392,0.63436,0,0
1768603707.818234,0.02108,0.03452,0.03383,0.00116,-0.00112,0.00116,0.54747,0.00008,0.28072,-0.00009,0.70748,0.00007,0.70673,1,3,0.99957,0.01090,0.01261,-0.02414,0.06009,0.08392,0.63436,0,0
1768603707.820232,-0.00874,0.05123,0.02915,0.00206,-0.00117,-0.00004,0.54747,0.00008,0.28072,-0.00009,0.70748,0.00007,0.70673,1,3,0.99957,0.01090,0.01261,-0.02414,0.06009,0.08392,0.63436,0,0
1768603707.822237,0.00720,0.05706,-0.01398,0.00127,0.00223,-0.00034,0.54751,0.00008,0.28072,-0.00009,0.70748,0.00007,0.70674,1,3,0.99957,0.01090,0.01261,-0.02414,0.06009,0.08392,0.63436,0,0
1768603707.824453,-0.00063,0.02945,0.00919,0.00129,0.00055,-0.00142,0.54751,0.00008,0.28072,-0.00009,0.70748,0.00007,0.70674,1,3,0.99957,0.01090,0.01261,-0.02414,0.06009,0.08392,0.63436,0,0
1768603707.826342,0.01386,0.04598,0.02216,0.00128,0.00027,0.00040,0.54755,0.00008,0.28072,-0.00009,0.70748,0.00007,0.70674,1,3,0.99957,0.01090,0.01261,-0.02414,0.06009,0.08392,0.63436,0,0
1768603707.828335,-0.00948,0.00871,0.04990,0.00115,-0.00049,0.00044,0.54755,0.00008,0.28072,-0.00009,0.70748,0.00007,0.70674,1,3,0.99957,0.01090,0.01261,-0.02414,0.06009,0.08392,0.63436,0,0
1768603707.830247,0.00580,0.03766,0.03626,0.00127,-0.00022,0.00138,0.54759,0.00008,0.28072,-0.00009,0.70748,0.00007,0.70673,1,3,0.99957,0.01090,0.01261,-0.02414,0.06009,0.08392,0.63436,0,0
1768603707.832244,-0.03201,0.04902,0.01949,0.00070,0.00155,0.00112,0.54759,0.00008,0.28072,-0.00009,0.70748,0.00007,0.70673,1,3,0.99957,0.01090,0.01261,-0.02414,0.06009,0.08392,0.63436,0,0
1768603707.834264,-0.00864,0.06798,0.02621,0.00138,0.00010,-0.00253,0.54763,0.00008,0.28072,-0.00009,0.70748,0.00007,0.70673,1,3,0.99957,0.01090,0.01261,-0.02414,0.06009,0.08392,0.63436,0,0
1768603707.836264,-0.02478,0.05855,0.04503,0.00083,0.00076,-0.00066,0.54763,0.00008,0.28072,-0.00009,0.70748,0.00007,0.70673,1,3,0.99957,0.01090,0.01261,-0.02414,0.06009,0.08392,0.63436,0,0
1768603707.838262,0.03781,0.04029,0.00382,0.00186,-0.00192,-0.00217,0.54763,0.00008,0.28072,-0.00009,0.70748,0.00007,0.70673,1,3,0.99957,0.01090,0.01261,-0.02414,0.06009,0.08392,0.63436,0,0
1768603707.840252,-0.00217,0.02975,0.05570,0.00154,-0.00107,0.00159,0.54767,0.00008,0.28072,-0.00009,0.70748,0.00007,0.70673,1,3,0.99957,0.01090,0.01261,-0.02414,0.06009,0.08392,0.63436,0,0
1768603707.842268,-0.00055,0.02577,-0.00038,0.00170,-0.00088,0.00092,0.54767,0.00008,0.28072,-0.00009,0.70748,0.00007,0.70673,1,3,0.99957,0.01090,0.01261,-0.02414,0.06009,0.08392,0.63436,0,0
1768603707.844243,-0.03190,0.05629,0.03235,0.00096,-0.00114,-0.00088,0.54771,0.00008,0.28072,-0.00009,0.70748,0.00007,0.70673,1,3,0.99957,0.01087,0.01231,-0.02415,0.06009,0.08392,0.63433,0,0
1768603707.846241,-0.03911,0.02550,0.01661,0.00045,0.00063,-0.00113,0.54771,0.00008,0.28072,-0.00009,0.70748,0.00007,0.70673,1,3,0.99957,0.01087,0.01231,-0.02415,0.06009,0.08392,0.63433,0,0
1768603707.848248,-0.00948,0.05522,0.03784,0.00044,0.00024,-0.00088,0.54775,0.00008,0.28072,-0.00009,0.70748,0.00007,0.70674,1,3,0.99957,0.01087,0.01231,-0.02415,0.06009,0.08392,0.63433,0,0
1768603707.850265,0.00605,0.04279,0.02887,0.00127,-0.00096,0.00094,0.54779,0.00008,0.28072,-0.00009,0.70748,0.00007,0.70674,1,3,0.99957,0.01087,0.01231,-0.02415,0.06009,0.08392,0.63433,0,0
1768603707.852295,0.02954,0.02066,-0.00199,0.00078,0.00063,0.00084,0.54779,0.00008,0.28072,-0.00009,0.70748,0.00007,0.70674,1,3,0.99957,0.01087,0.01231,-0.02415,0.06009,0.08392,0.63433,0,0
1768603707.854272,-0.00937,0.05580,0.04088,0.00151,-0.00147,0.00065,0.54783,0.00008,0.28072,-0.00009,0.70748,0.00007,0.70674,1,3,0.99957,0.01087,0.01231,-0.02415,0.06009,0.08392,0.63433,0,0
1768603707.856278,0.00736,0.05820,-0.00199,0.00155,-0.00286,-0.00188,0.54783,0.00008,0.28072,-0.00009,0.70748,0.00007,0.70674,1,3,0.99957,0.01087,0.01231,-0.02415,0.06009,0.08392,0.63433,0,0
1768603707.858290,-0.03172,0.04596,0.02209,0.00124,0.00027,0.00040,0.54787,0.00008,0.28072,-0.00009,0.70747,0.00007,0.70674,1,3,0.99957,0.01087,0.01231,-0.02415,0.06009,0.08392,0.63433,0,0
1768603707.860338,-0.03904,0.03818,0.01354,0.00071,0.00038,-0.00090,0.54787,0.00008,0.28072,-0.00009,0.70747,0.00007,0.70674,1,3,0.99957,0.01087,0.01231,-0.02415,0.06009,0.08392,0.63433,0,0
1768603707.862293,-0.00177,0.04519,0.03692,0.00126,0.00088,0.00065,0.54791,0.00008,0.28072,-0.00009,0.70748,0.00007,0.70674,1,3,0.99957,0.01087,0.01231,-0.02415,0.06009,0.08392,0.63433,0,0
1768603707.864277,-0.00905,0.06256,0.02166,0.00124,0.00048,0.00058,0.54791,0.00008,0.28072,-0.00009,0.70748,0.00007,0.70674,1,3,0.99957,0.01087,0.01231,-0.02415,0.06009,0.08392,0.63433,0,0
1768603707.866282,-0.00182,0.04310,0.04038,0.00059,-0.00039,-0.00086,0.54795,0.00008,0.28072,-0.00009,0.70747,0.00007,0.70674,1,3,0.99957,0.01087,0.01231,-0.02415,0.06009,0.08392,0.63433,0,0
1768603707.868263,-0.03998,0.04691,0.05671,0.00150,-0.00084,-0.00027,0.54795,0.00008,0.28072,-0.00009,0.70747,0.00007,0.70674,1,3,0.99957,0.01087,0.01231,-0.02415,0.06009,0.08392,0.63433,0,0
1768603707.870264,-0.03232,0.03416,0.05462,0.00138,-0.00065,-0.00024,0.54795,0.00008,0.28072,-0.00009,0.70747,0.00007,0.70674,1,3,0.99957,0.01087,0.01231,-0.02415,0.06009,0.08392,0.63433,0,0
1768603707.872265,-0.01621,0.02483,0.03144,0.00168,0.00060,-0.00150,0.54799,0.00008,0.28072,-0.00009,0.70747,0.00007,0.70674,1,3,0.99957,0.01087,0.01231,-0.02415,0.06009,0.08392,0.63433,0,0
1768603707.874261,-0.03181,0.04335,0.02057,0.00031,-0.00041,-0.00072,0.54799,0.00008,0.28072,-0.00009,0.70747,0.00007,0.70674,1,3,0.99957,0.01087,0.01231,-0.02415,0.06009,0.08392,0.63433,0,0
1768603707.876260,0.02151,0.04213,0.01982,0.00115,0.00002,0.00032,0.54803,0.00008,0.28072,-0.00009,0.70747,0.00007,0.70674,1,3,0.99957,0.01087,0.01231,-0.02415,0.06009,0.08392,0.63433,0,0
1768603707.878291,-0.03925,0.05028,0.01386,0.00123,-0.00005,0.00125,0.54803,0.00008,0.28072,-0.00009,0.70747,0.00007,0.70674,1,3,0.99957,0.01087,0.01231,-0.02415,0.06009,0.08392,0.63433,0,0
1768603707.880286,0.01424,0.02125,0.01799,0.00144,-0.00022,-0.00006,0.54807,0.00008,0.28073,-0.00009,0.70747,0.00007,0.70674,1,3,0.99957,0.01087,0.01231,-0.02415,0.06009,0.08392,0.63433,0,0
1768603707.882285,-0.02471,0.00863,0.04969,0.00114,-0.00050,0.00070,0.54807,0.00008,0.28073,-0.00009,0.70747,0.00007,0.70674,1,3,0.99957,0.01087,0.01231,-0.02415,0.06009,0.08392,0.63433,0,0
1768603707.884294,-0.02409,0.02042,0.02342,0.00087,0.00094,-0.00019,0.54811,0.00008,0.28073,-0.00009,0.70747,0.00007,0.70674,1,3,0.99965,0.01069,0.00902,-0.02245,0.06012,0.08398,0.63479,0,0
1768603707.886297,0.00507,0.05927,0.06842,0.00138,-0.00070,0.00033,0.54811,0.00008,0.28073,-0.00009,0.70747,0.00007,0.70674,1,3,0.99965,0.01069,0.00902,-0.02245,0.06012,0.08398,0.63479,0,0
1768603707.888304,0.02214,0.05652,-0.00382,0.00155,-0.00201,0.00093,0.54815,0.00008,0.28072,-0.00009,0.70747,0.00007,0.70674,1,3,0.99965,0.01069,0.00902,-0.02245,0.06012,0.08398,0.63479,0,0
1768603707.890315,-0.01601,0.05043,0.00565,0.00112,0.00050,-0.00066,0.54819,0.00008,0.28072,-0.00009,0.70747,0.00007,0.70674,1,3,0.99965,0.01069,0.00902,-0.02245,0.06012,0.08398,0.63479,0,0
1768603707.892302,-0.03199,0.02528,0.03093,0.00045,0.00059,-0.00051,0.54819,0.00008,0.28072,-0.00009,0.70747,0.00007,0.70674,1,3,0.99965,0.01069,0.00902,-0.02245,0.06012,0.08398,0.63479,0,0
1768603707.894384,0.01452,0.03455,0.00607,0.00117,-0.00037,-0.00098,0.54823,0.00008,0.28072,-0.00009,0.70747,0.00007,0.70674,1,3,0.99965,0.01069,0.00902,-0.02245,0.06012,0.08398,0.63479,0,0
1768603707.896295,-0.02413,0.04614,0.01702,0.00098,0.00020,0.00065,0.54823,0.00008,0.28072,-0.00009,0.70747,0.00007,0.70674,1,3,0.99965,0.01069,0.00902,-0.02245,0.06012,0.08398,0.63479,0,0
1768603707.898293,-0.00856,0.04723,0.00667,0.00126,-0.00101,0.00078,0.54827,0.00008,0.28072,-0.00009,0.70747,0.00007,0.70674,1,3,0.99965,0.01069,0.00902,-0.02245,0.06012,0.08398,0.63479,0,0
1768603707.900369,-0.04619,0.01971,-0.00628,0.00086,0.00167,0.00023,0.54827,0.00008,0.28072,-0.00009,0.70747,0.00007,0.70674,1,3,0.99965,0.01069,0.00902,-0.02245,0.06012,0.08398,0.63479,0,0
1768603707.902300,-0.03884,0.00312,0.00908,0.00088,0.00142,-0.00009,0.54831,0.00008,0.28072,-0.00009,0.70747,0.00007,0.70674,1,3,0.99965,0.01069,0.00902,-0.02245,0.06012,0.08398,0.63479,0,0
1768603707.904322,0.00602,0.03000,0.03229,0.00102,-0.00049,0.00033,0.54831,0.00008,0.28072,-0.00009,0.70747,0.00007,0.70674,1,3,0.99965,0.01069,0.00902,-0.02245,0.06012,0.08398,0.63479,0,0
1768603707.906323,-0.00098,0.04198,-0.00040,0.00087,0.00021,0.00109,0.54835,0.00008,0.28072,-0.00009,0.70747,0.00007,0.70674,1,3,0.99965,0.01069,0.00902,-0.02245,0.06012,0.08398,0.63479,0,0
1768603707.908328,0.02115,0.05583,0.02690,0.00074,-0.00077,0.00014,0.54835,0.00008,0.28072,-0.00009,0.70747,0.00007,0.70674,1,3,0.99965,0.01069,0.00902,-0.02245,0.06012,0.08398,0.63479,0,0
1768603707.910312,-0.01605,0.02066,0.01271,0.00155,0.00015,0.00046,0.54835,0.00008,0.28072,-0.00009,0.70747,0.00007,0.70674,1,3,0.99965,0.01069,0.00902,-0.02245,0.06012,0.08398,0.63479,0,0
1768603707.912316,0.00621,0.04663,0.02266,0.00087,0.00005,-0.00025,0.54839,0.00008,0.28072,-0.00009,0.70748,0.00007,0.70674,1,3,0.99965,0.01069,0.00902,-0.02245,0.06012,0.08398,0.63479,0,0
1768603707.914308,-0.02385,0.04884,0.01097,0.00098,0.00210,-0.00052,0.54839,0.00008,0.28072,-0.00009,0.70748,0.00007,0.70674,1,3,0.99965,0.01069,0.00902,-0.02245,0.06012,0.08398,0.63479,0,0
1768603707.916310,-0.00193,0.02545,0.04983,0.00114,-0.00027,0.00011,0.54839,0.00008,0.28072,-0.00009,0.70748,0.00007,0.70674,1,3,0.99965,0.01069,0.00902,-0.02245,0.06012,0.08398,0.63479,0,0
1768603707.918321,-0.05413,0.03305,0.01587,0.00124,0.00085,-0.00058,0.54843,0.00008,0.28072,-0.00009,0.70747,0.00007,0.70674,1,3,0.99965,0.01069,0.00902,-0.02245,0.06012,0.08398,0.63479,0,0
1768603707.920310,-0.00192,0.04608,0.04165,0.00112,0.00007,0.00063,0.54847,0.00008,0.28072,-0.00009,0.70747,0.00007,0.70674,1,3,0.99965,0.01069,0.00902,-0.02245,0.06012,0.08398,0.63479,0,0
1768603707.922314,-0.00955,0.05588,0.03701,0.00044,-0.00065,-0.00012,0.54847,0.00008,0.28072,-0.00009,0.70747,0.00007,0.70674,1,3,0.99962,0.01067,0.01008,-0.02321,0.06011,0.08396,0.63464,0,0
1768603707.924322,0.00632,0.05511,0.02606,0.00193,-0.00099,0.00080,0.54847,0.00008,0.28072,-0.00009,0.70747,0.00007,0.70674,1,3,0.99962,0.01067,0.01008,-0.02321,0.06011,0.08396,0.63464,0,0
1768603707.926322,-0.00924,-0.00286,0.04831,0.00104,-0.00117,-0.00056,0.54851,0.00008,0.28072,-0.00009,0.70747,0.00007,0.70674,1,3,0.99962,0.01067,0.01008,-0.02321,0.06011,0.08396,0.63464,0,0
1768603707.928315,-0.01652,0.02124,0.03775,0.00168,-0.00042,-0.00032,0.54851,0.00008,0.28072,-0.00009,0.70747,0.00007,0.70674,1,3,0.99962,0.01067,0.01008,-0.02321,0.06011,0.08396,0.63464,0,0
1768603707.930403,-0.02370,0.03259,0.00540,0.00113,0.00116,0.00045,0.54855,0.00008,0.28072,-0.00009,0.70747,0.00007,0.70674,1,3,0.99962,0.01067,0.01008,-0.02321,0.06011,0.08396,0.63464,0,0
1768603707.932335,-0.00933,0.05079,0.03025,0.00045,0.00036,-0.00044,0.54859,0.00008,0.28072,-0.00009,0.70748,0.00007,0.70674,1,3,0.99962,0.01067,0.01008,-0.02321,0.06011,0.08396,0.63464,0,0
1768603707.934359,-0.02301,0.05041,-0.01502,0.00166,0.00004,0.00026,0.54863,0.00008,0.28072,-0.00009,0.70748,0.00007,0.70673,1,3,0.99962,0.01067,0.01008,-0.02321,0.06011,0.08396,0.63464,0,0
1768603707.936336,-0.01670,0.04659,0.02681,0.00112,-0.00033,0.00051,0.54863,0.00008,0.28072,-0.00009,0.70748,0.00007,0.70673,1,3,0.99962,0.01067,0.01008,-0.02321,0.06011,0.08396,0.63464,0,0
1768603707.938331,-0.02420,0.01310,0.03814,0.00128,-0.00042,-0.00048,0.54867,0.00008,0.28072,-0.00009,0.70748,0.00007,0.70674,1,3,0.99962,0.01067,0.01008,-0.02321,0.06011,0.08396,0.63464,0,0
1768603707.940399,-0.00919,0.03490,0.04046,0.00100,-0.00082,-0.00101,0.54867,0.00008,0.28072,-0.00009,0.70748,0.00007,0.70674,1,3,0.99962,0.01067,0.01008,-0.02321,0.06011,0.08396,0.63464,0,0
1768603707.942392,-0.00891,0.05867,0.01985,0.00111,0.00046,-0.00013,0.54871,0.00008,0.28071,-0.00009,0.70748,0.00007,0.70673,1,3,0.99962,0.01067,0.01008,-0.02321,0.06011,0.08396,0.63464,0,0
1768603707.944354,-0.00053,0.05466,-0.00718,0.00127,0.00035,-0.00019,0.54871,0.00008,0.28071,-0.00009,0.70748,0.00007,0.70673,1,3,0.99962,0.01067,0.01008,-0.02321,0.06011,0.08396,0.63464,0,0
1768603707.946326,-0.01601,0.05025,-0.00537,0.00099,0.00037,0.00087,0.54871,0.00008,0.28071,-0.00009,0.70748,0.00007,0.70673,1,3,0.99962,0.01067,0.01008,-0.02321,0.06011,0.08396,0.63464,0,0
1768603707.948328,-0.04667,0.01532,0.01037,0.00099,0.00143,0.00103,0.54871,0.00008,0.28071,-0.00009,0.70748,0.00007,0.70673,1,3,0.99962,0.01067,0.01008,-0.02321,0.06011,0.08396,0.63464,0,0
1768603707.950327,-0.02351,0.01340,0.01412,0.00115,-0.00027,-0.00123,0.54875,0.00008,0.28072,-0.00009,0.70748,0.00007,0.70674,1,3,0.99962,0.01067,0.01008,-0.02321,0.06011,0.08396,0.63464,0,0
1768603707.952325,0.00687,0.06473,-0.00186,0.00073,-0.00068,-0.00121,0.54875,0.00008,0.28072,-0.00009,0.70748,0.00007,0.70674,1,3,0.99962,0.01067,0.01008,-0.02321,0.06011,0.08396,0.63464,0,0
1768603707.954356,-0.04618,0.04196,-0.00417,0.00097,0.00060,-0.00042,0.54879,0.00008,0.28072,-0.00009,0.70748,0.00007,0.70673,1,3,0.99962,0.01067,0.01008,-0.02321,0.06011,0.08396,0.63464,0,0
1768603707.956355,-0.00863,0.02901,0.00183,0.00101,0.00024,0.00176,0.54879,0.00008,0.28072,-0.00009,0.70748,0.00007,0.70673,1,3,0.99962,0.01067,0.01008,-0.02321,0.06011,0.08396,0.63464,0,0
1768603707.958378,-0.07784,0.00370,0.04767,0.00097,0.00035,0.00051,0.54883,0.00008,0.28072,-0.00009,0.70747,0.00007,0.70674,1,3,0.99962,0.01067,0.01008,-0.02321,0.06011,0.08396,0.63464,0,0
1768603707.960351,-0.02476,0.00929,0.05512,0.00101,-0.00087,-0.00008,0.54883,0.00008,0.28072,-0.00009,0.70747,0.00007,0.70674,1,3,0.99962,0.01067,0.01008,-0.02321,0.06011,0.08396,0.63464,0,0
1768603707.962366,0.02072,0.06777,0.04925,0.00112,-0.00028,-0.00040,0.54888,0.00008,0.28073,-0.00009,0.70747,0.00007,0.70674,1,3,0.99962,0.01067,0.01008,-0.02321,0.06011,0.08396,0.63464,0,0
1768603707.964382,0.04411,0.07521,0.01927,0.00114,0.00067,0.00030,0.54888,0.00008,0.28073,-0.00009,0.70747,0.00007,0.70674,1,3,0.99954,0.01067,0.01204,-0.02574,0.06008,0.08393,0.63432,0,0
1768603707.966476,0.02100,0.06781,0.03383,0.00112,-0.00046,0.00038,0.54892,0.00008,0.28073,-0.00009,0.70747,0.00007,0.70674,1,3,0.99954,0.01067,0.01204,-0.02574,0.06008,0.08393,0.63432,0,0
1768603707.968489,-0.00996,0.05820,0.06383,0.00150,0.00034,0.00022,0.54896,0.00008,0.28073,-0.00009,0.70747,0.00007,0.70675,1,3,0.99954,0.01067,0.01204,-0.02574,0.06008,0.08393,0.63432,0,0
1768603707.970362,-0.02554,0.02149,0.07629,0.00099,-0.00083,0.00090,0.54896,0.00008,0.28073,-0.00009,0.70747,0.00007,0.70675,1,3,0.99954,0.01067,0.01204,-0.02574,0.06008,0.08393,0.63432,0,0
1768603707.972385,-0.01014,0.01213,0.07304,0.00074,0.00066,-0.00038,0.54900,0.00008,0.28073,-0.00009,0.70747,0.00007,0.70674,1,3,0.99954,0.01067,0.01204,-0.02574,0.06008,0.08393,0.63432,0,0
1768603707.974368,-0.03115,0.02869,-0.00134,0.00073,0.00129,-0.00014,0.54900,0.00008,0.28073,-0.00009,0.70747,0.00007,0.70674,1,3,0.99954,0.01067,0.01204,-0.02574,0.06008,0.08393,0.63432,0,0
1768603707.976367,-0.05415,0.06231,-0.00243,0.00067,0.00128,0.00022,0.54904,0.00008,0.28073,-0.00009,0.70747,0.00007,0.70674,1,3,0.99954,0.01067,0.01204,-0.02574,0.06008,0.08393,0.63432,0,0
1768603707.978366,-0.02369,0.05838,-0.01064,0.00070,0.00074,0.00128,0.54904,0.00008,0.28073,-0.00009,0.70747,0.00007,0.70674,1,3,0.99954,0.01067,0.01204,-0.02574,0.06008,0.08393,0.63432,0,0
1768603707.980366,-0.01677,0.00757,0.04015,0.00142,0.00048,0.00060,0.54908,0.00008,0.28073,-0.00009,0.70747,0.00007,0.70675,1,3,0.99954,0.01067,0.01204,-0.02574,0.06008,0.08393,0.63432,0,0
1768603707.982414,-0.03978,-0.00006,0.05541,0.00141,-0.00021,-0.00008,0.54912,0.00008,0.28073,-0.00009,0.70747,0.00007,0.70674,1,3,0.99954,0.01067,0.01204,-0.02574,0.06008,0.08393,0.63432,0,0
1768603707.984378,-0.00163,0.03304,0.04000,0.00141,0.00048,0.00004,0.54912,0.00008,0.28073,-0.00009,0.70747,0.00007,0.70674,1,3,0.99954,0.01067,0.01204,-0.02574,0.06008,0.08393,0.63432,0,0
1768603707.986399,-0.03054,0.04255,-0.02370,0.00072,0.00037,-0.00067,0.54912,0.00008,0.28073,-0.00009,0.70747,0.00007,0.70674,1,3,0.99954,0.01067,0.01204,-0.02574,0.06008,0.08393,0.63432,0,0
1768603707.988367,0.02219,0.03487,-0.00354,0.00064,-0.00026,-0.00111,0.54912,0.00008,0.28073,-0.00009,0.70747,0.00007,0.70674,1,3,0.99954,0.01067,0.01204,-0.02574,0.06008,0.08393,0.63432,0,0
1768603707.990411,-0.00882,0.03890,0.01222,0.00073,-0.00073,0.00049,0.54916,0.00008,0.28073,-0.00009,0.70747,0.00007,0.70675,1,3,0.99954,0.01067,0.01204,-0.02574,0.06008,0.08393,0.63432,0,0
1768603707.992378,-0.02458,0.06052,0.03804,0.00136,-0.00194,0.00085,0.54916,0.00008,0.28073,-0.00009,0.70747,0.00007,0.70675,1,3,0.99954,0.01067,0.01204,-0.02574,0.06008,0.08393,0.63432,0,0
1768603707.994374,-0.00843,0.02429,0.00459,0.00155,0.00049,0.00144,0.54920,0.00008,0.28073,-0.00009,0.70747,0.00007,0.70674,1,3,0.99954,0.01067,0.01204,-0.02574,0.06008,0.08393,0.63432,0,0
1768603707.996404,-0.01695,0.05053,0.03021,0.00044,0.00058,-0.00031,0.54920,0.00008,0.28073,-0.00009,0.70747,0.00007,0.70674,1,3,0.99958,0.01056,0.01122,-0.02471,0.06009,0.08393,0.63442,0,0
1768603707.998400,0.04556,0.02786,-0.01281,0.00094,-0.00147,-0.00215,0.54924,0.00008,0.28073,-0.00009,0.70747,0.00007,0.70674,1,3,0.99958,0.01056,0.01122,-0.02471,0.06009,0.08393,0.63442,0,0
1768603708.000400,-0.02491,0.08288,0.04866,0.00147,0.00103,0.00019,0.54924,0.00008,0.28073,-0.00009,0.70747,0.00007,0.70674,1,3,0.99958,0.01056,0.01122,-0.02471,0.06009,0.08393,0.63442,0,0
1768603708.002416,-0.03901,0.04419,0.00771,0.00124,0.00206,0.00056,0.54928,0.00008,0.28073,-0.00009,0.70747,0.00007,0.70674,1,3,0.99958,0.01056,0.01122,-0.02471,0.06009,0.08393,0.63442,0,0
1768603708.004387,0.02145,0.04715,0.02274,0.00088,-0.00038,-0.00051,0.54932,0.00008,0.28073,-0.00009,0.70747,0.00007,0.70674,1,3,0.99958,0.01056,0.01122,-0.02471,0.06009,0.08393,0.63442,0,0
1768603708.006415,-0.03923,0.03845,0.02214,0.00124,-0.00061,0.00024,0.54932,0.00008,0.28073,-0.00009,0.70747,0.00007,0.70674,1,3,0.99958,0.01056,0.01122,-0.02471,0.06009,0.08393,0.63442,0,0
1768603708.008414,0.00597,0.05111,0.03954,0.00140,-0.00061,-0.00031,0.54937,0.00008,0.28073,-0.00009,0.70747,0.00007,0.70675,1,3,0.99958,0.01056,0.01122,-0.02471,0.06009,0.08393,0.63442,0,0
1768603708.010522,-0.02494,0.06236,0.04172,0.00068,0.00094,0.00043,0.54937,0.00008,0.28073,-0.00009,0.70747,0.00007,0.70675,1,3,0.99958,0.01056,0.01122,-0.02471,0.06009,0.08393,0.63442,0,0
1768603708.012406,-0.02434,0.02881,0.03793,0.00126,0.00068,-0.00029,0.54941,0.00008,0.28073,-0.00009,0.70747,0.00007,0.70675,1,3,0.99958,0.01056,0.01122,-0.02471,0.06009,0.08393,0.63442,0,0
1768603708.014409,-0.01727,0.03325,0.05416,0.00139,-0.00000,0.00066,0.54941,0.00008,0.28073,-0.00009,0.70747,0.00007,0.70675,1,3,0.99958,0.01056,0.01122,-0.02471,0.06009,0.08393,0.63442,0,0
1768603708.016406,-0.00121,0.01467,0.00999,0.00102,0.00186,0.00180,0.54945,0.00008,0.28073,-0.00009,0.70747,0.00007,0.70675,1,3,0.99958,0.01056,0.01122,-0.02471,0.06009,0.08393,0.63442,0,0
1768603708.018403,0.00608,0.02435,0.02473,0.00102,0.00073,0.00116,0.54945,0.00008,0.28073,-0.00009,0.70747,0.00007,0.70675,1,3,0.99958,0.01056,0.01122,-0.02471,0.06009,0.08393,0.63442,0,0
1768603708.020404,-0.05490,0.06250,0.03702,0.00120,0.00067,-0.00019,0.54945,0.00008,0.28073,-0.00009,0.70747,0.00007,0.70675,1,3,0.99958,0.01056,0.01122,-0.02471,0.06009,0.08393,0.63442,0,0
1768603708.022409,-0.00195,0.07080,0.03586,0.00123,0.00044,0.00110,0.54949,0.00008,0.28073,-0.00009,0.70747,0.00007,0.70675,1,3,0.99958,0.01056,0.01122,-0.02471,0.06009,0.08393,0.63442,0,0
1768603708.024410,-0.00918,0.05099,0.04479,0.00166,-0.00055,-0.00081,0.54949,0.00008,0.28073,-0.00009,0.70747,0.00007,0.70675,1,3,0.99958,0.01056,0.01122,-0.02471,0.06009,0.08393,0.63442,0,0
1768603708.026413,0.00694,0.00483,-0.00146,0.00078,-0.00024,0.00027,0.54953,0.00008,0.28073,-0.00009,0.70747,0.00007,0.70675,1,3,0.99958,0.01056,0.01122,-0.02471,0.06009,0.08393,0.63442,0,0
1768603708.028421,-0.01000,0.01669,0.06406,0.00114,-0.00032,0.00110,0.54953,0.00008,0.28073,-0.00009,0.70747,0.00007,0.70675,1,3,0.99958,0.01075,0.01146,-0.02437,0.06009,0.08394,0.63440,0,0
1768603708.030434,-0.06190,0.04913,0.02025,0.00148,0.00134,-0.00026,0.54957,0.00008,0.28073,-0.00009,0.70747,0.00007,0.70674,1,3,0.99958,0.01075,0.01146,-0.02437,0.06009,0.08394,0.63440,0,0
1768603708.032400,-0.03143,0.05827,0.02554,0.00177,0.00075,-0.00126,0.54957,0.00008,0.28073,-0.00009,0.70747,0.00007,0.70674,1,3,0.99958,0.01075,0.01146,-0.02437,0.06009,0.08394,0.63440,0,0
1768603708.034425,-0.04639,0.04188,-0.00430,0.00057,0.00082,-0.00004,0.54957,0.00008,0.28073,-0.00009,0.70747,0.00007,0.70674,1,3,0.99958,0.01075,0.01146,-0.02437,0.06009,0.08394,0.63440,0,0
1768603708.036406,-0.00118,0.02509,0.02038,0.00115,0.00024,0.00014,0.54965,0.00008,0.28073,-0.00009,0.70747,0.00007,0.70675,1,3,0.99958,0.01075,0.01146,-0.02437,0.06009,0.08394,0.63440,0,0
1768603708.038420,-0.03920,0.00757,0.03015,0.00167,0.00036,0.00061,0.54965,0.00008,0.28073,-0.00009,0.70747,0.00007,0.70675,1,3,0.99958,0.01075,0.01146,-0.02437,0.06009,0.08394,0.63440,0,0
1768603708.040403,-0.02431,0.03469,0.03981,0.00139,-0.00105,-0.00036,0.54969,0.00008,0.28073,-0.00009,0.70747,0.00007,0.70675,1,3,0.99958,0.01075,0.01146,-0.02437,0.06009,0.08394,0.63440,0,0
1768603708.042520,-0.00970,0.06850,0.04857,0.00110,-0.00116,0.00010,0.54969,0.00008,0.28073,-0.00009,0.70747,0.00007,0.70675,1,3,0.99958,0.01075,0.01146,-0.02437,0.06009,0.08394,0.63440,0,0
1768603708.044407,-0.03079,0.05094,-0.00919,0.00112,0.00011,-0.00078,0.54973,0.00008,0.28073,-0.00009,0.70747,0.00007,0.70674,1,3,0.99958,0.01075,0.01146,-0.02437,0.06009,0.08394,0.63440,0,0
1768603708.046443,-0.01651,0.04286,0.03522,0.00153,-0.00067,-0.00096,0.54973,0.00008,0.28073,-0.00009,0.70747,0.00007,0.70674,1,3,0.99958,0.01075,0.01146,-0.02437,0.06009,0.08394,0.63440,0,0
1768603708.048425,-0.01624,0.00268,0.01422,0.00076,0.00191,-0.00009,0.54977,0.00008,0.28073,-0.00009,0.70747,0.00007,0.70674,1,3,0.99958,0.01075,0.01146,-0.02437,0.06009,0.08394,0.63440,0,0
1768603708.050427,0.02854,0.04115,0.04880,0.00196,0.00016,0.00095,0.54977,0.00008,0.28073,-0.00009,0.70747,0.00007,0.70674,1,3,0.99958,0.01075,0.01146,-0.02437,0.06009,0.08394,0.63440,0,0
1768603708.052410,-0.01771,0.05881,0.05376,0.00056,0.00021,0.00072,0.54977,0.00008,0.28073,-0.00009,0.70747,0.00007,0.70674,1,3,0.99958,0.01075,0.01146,-0.02437,0.06009,0.08394,0.63440,0,0
1768603708.054426,-0.00138,0.05161,0.01985,0.00073,-0.00063,-0.00018,0.54981,0.00008,0.28072,-0.00009,0.70747,0.00007,0.70674,1,3,0.99958,0.01075,0.01146,-0.02437,0.06009,0.08394,0.63440,0,0
1768603708.056410,0.02983,0.04582,0.01051,0.00144,-0.00315,-0.00174,0.54981,0.00008,0.28072,-0.00009,0.70747,0.00007,0.70674,1,3,0.99958,0.01075,0.01146,-0.02437,0.06009,0.08394,0.63440,0,0
1768603708.058413,-0.00873,0.03751,0.01727,0.00140,0.00021,0.00051,0.54985,0.00008,0.28073,-0.00009,0.70747,0.00007,0.70674,1,3,0.99958,0.01075,0.01146,-0.02437,0.06009,0.08394,0.63440,0,0
1768603708.060486,-0.07748,0.03987,0.02037,0.00067,0.00243,0.00047,0.54985,0.00008,0.28073,-0.00009,0.70747,0.00007,0.70674,1,3,0.99959,0.01093,0.01294,-0.02329,0.06011,0.08395,0.63452,0,0
1768603708.062435,0.03690,0.00258,0.02067,0.00081,-0.00216,-0.00023,0.54988,0.00008,0.28072,-0.00009,0.70747,0.00007,0.70674,1,3,0.99959,0.01093,0.01294,-0.02329,0.06011,0.08395,0.63452,0,0
1768603708.064433,0.02930,0.03066,0.00805,0.00050,-0.00056,-0.00005,0.54988,0.00008,0.28072,-0.00009,0.70747,0.00007,0.70674,1,3,0.99959,0.01093,0.01294,-0.02329,0.06011,0.08395,0.63452,0,0
1768603708.066431,0.00671,0.06135,0.01898,0.00194,-0.00261,-0.00041,0.54993,0.00008,0.28072,-0.00009,0.70747,0.00007,0.70674,1,3,0.99959,0.01093,0.01294,-0.02329,0.06011,0.08395,0.63452,0,0
1768603708.068452,-0.02454,0.05533,0.03741,0.00083,-0.00020,-0.00062,0.54997,0.00008,0.28072,-0.00009,0.70747,0.00007,0.70674,1,3,0.99959,0.01093,0.01294,-0.02329,0.06011,0.08395,0.63452,0,0
1768603708.070432,0.02213,0.03999,0.01300,0.00157,-0.00181,-0.00117,0.54997,0.00008,0.28072,-0.00009,0.70747,0.00007,0.70674,1,3,0.99959,0.01093,0.01294,-0.02329,0.06011,0.08395,0.63452,0,0
1768603708.072430,-0.00101,0.03233,0.03245,0.00182,-0.00289,-0.00108,0.55001,0.00008,0.28073,-0.00009,0.70747,0.00007,0.70674,1,3,0.99959,0.01093,0.01294,-0.02329,0.06011,0.08395,0.63452,0,0
1768603708.075224,-0.02360,0.01636,0.00063,0.00088,0.00066,0.00064,0.55005,0.00008,0.28073,-0.00009,0.70747,0.00007,0.70675,1,3,0.99959,0.01093,0.01294,-0.02329,0.06011,0.08395,0.63452,0,0
1768603708.076421,0.00561,0.04193,0.03988,0.00060,0.00048,0.00017,0.55005,0.00008,0.28073,-0.00009,0.70747,0.00007,0.70675,1,3,0.99959,0.01093,0.01294,-0.02329,0.06011,0.08395,0.63452,0,0
1768603708.078457,-0.01693,0.06706,0.03441,0.00109,0.00042,-0.00012,0.55005,0.00008,0.28073,-0.00009,0.70747,0.00007,0.70675,1,3,0.99959,0.01093,0.01294,-0.02329,0.06011,0.08395,0.63452,0,0
1768603708.080447,-0.01621,0.04145,0.00577,0.00072,0.00116,-0.00017,0.55009,0.00008,0.28073,-0.00009,0.70747,0.00007,0.70675,1,3,0.99959,0.01093,0.01294,-0.02329,0.06011,0.08395,0.63452,0,0
1768603708.082456,0.00671,0.02513,0.01614,0.00130,0.00041,-0.00074,0.55009,0.00008,0.28073,-0.00009,0.70747,0.00007,0.70675,1,3,0.99959,0.01093,0.01294,-0.02329,0.06011,0.08395,0.63452,0,0
1768603708.084456,-0.00862,0.02164,0.01351,0.00075,-0.00006,-0.00045,0.55009,0.00008,0.28073,-0.00009,0.70747,0.00007,0.70675,1,3,0.99959,0.01093,0.01294,-0.02329,0.06011,0.08395,0.63452,0,0
1768603708.086448,-0.03205,0.04149,0.02865,0.00124,0.00013,0.00159,0.55013,0.00008,0.28073,-0.00009,0.70747,0.00007,0.70674,1,3,0.99959,0.01093,0.01294,-0.02329,0.06011,0.08395,0.63452,0,0
1768603708.088447,0.02880,0.06470,0.01603,0.00060,-0.00134,0.00105,0.55013,0.00008,0.28073,-0.00009,0.70747,0.00007,0.70674,1,3,0.99959,0.01093,0.01294,-0.02329,0.06011,0.08395,0.63452,0,0
1768603708.090446,-0.02453,-0.00152,0.05045,0.00155,0.00104,0.00045,0.55017,0.00008,0.28073,-0.00009,0.70746,0.00007,0.70675,1,3,0.99959,0.01093,0.01294,-0.02329,0.06011,0.08395,0.63452,0,0
1768603708.092445,0.05109,0.00191,0.06125,0.00054,-0.00123,-0.00127,0.55017,0.00008,0.28073,-0.00009,0.70746,0.00007,0.70675,1,3,0.99965,0.01069,0.01041,-0.02207,0.06013,0.08397,0.63476,0,0
1768603708.094437,-0.03268,0.01546,0.06533,0.00112,0.00122,-0.00003,0.55021,0.00008,0.28074,-0.00009,0.70746,0.00007,0.70676,1,3,0.99965,0.01069,0.01041,-0.02207,0.06013,0.08397,0.63476,0,0
1768603708.096455,0.00570,0.06678,0.04352,0.00165,0.00009,0.00064,0.55021,0.00008,0.28074,-0.00009,0.70746,0.00007,0.70676,1,3,0.99965,0.01069,0.01041,-0.02207,0.06013,0.08397,0.63476,0,0
1768603708.098446,-0.03139,0.04944,0.00988,0.00137,0.00099,0.00037,0.55025,0.00008,0.28074,-0.00009,0.70746,0.00007,0.70676,1,3,0.99965,0.01069,0.01041,-0.02207,0.06013,0.08397,0.63476,0,0
1768603708.100452,-0.02409,0.02558,0.01555,0.00046,0.00018,0.00013,0.55029,0.00008,0.28074,-0.00009,0.70746,0.00007,0.70676,1,3,0.99965,0.01069,0.01041,-0.02207,0.06013,0.08397,0.63476,0,0
1768603708.102452,0.00638,0.04290,0.02481,0.00141,-0.00079,-0.00020,0.55029,0.00008,0.28074,-0.00009,0.70746,0.00007,0.70676,1,3,0.99965,0.01069,0.01041,-0.02207,0.06013,0.08397,0.63476,0,0
1768603708.104440,0.01406,0.05877,0.01376,0.00167,-0.00027,0.00102,0.55033,0.00008,0.28073,-0.00009,0.70746,0.00007,0.70675,1,3,0.99965,0.01069,0.01041,-0.02207,0.06013,0.08397,0.63476,0,0
1768603708.106448,0.01344,0.07206,0.04150,0.00152,-0.00059,-0.00031,0.55033,0.00008,0.28073,-0.00009,0.70746,0.00007,0.70675,1,3,0.99965,0.01069,0.01041,-0.02207,0.06013,0.08397,0.63476,0,0
1768603708.108443,-0.07683,0.04634,0.00264,0.00094,0.00025,0.00003,0.55037,0.00008,0.28074,-0.00009,0.70746,0.00007,0.70676,1,3,0.99965,0.01069,0.01041,-0.02207,0.06013,0.08397,0.63476,0,0
1768603708.110484,-0.01600,0.03344,0.01554,0.00167,0.00019,-0.00045,0.55037,0.00008,0.28074,-0.00009,0.70746,0.00007,0.70676,1,3,0.99965,0.01069,0.01041,-0.02207,0.06013,0.08397,0.63476,0,0
1768603708.112494,-0.03947,0.05866,0.01987,0.00069,0.00068,-0.00001,0.55041,0.00008,0.28074,-0.00009,0.70745,0.00007,0.70676,1,3,0.99965,0.01069,0.01041,-0.02207,0.06013,0.08397,0.63476,0,0
1768603708.114491,-0.03173,0.03032,0.03240,0.00139,-0.00092,-0.00018,0.55041,0.00008,0.28074,-0.00009,0.70745,0.00007,0.70676,1,3,0.99965,0.01069,0.01041,-0.02207,0.06013,0.08397,0.63476,0,0
1768603708.116465,-0.00859,0.04634,0.00692,0.00126,-0.00014,0.00079,0.55041,0.00008,0.28074,-0.00009,0.70745,0.00007,0.70676,1,3,0.99965,0.01069,0.01041,-0.02207,0.06013,0.08397,0.63476,0,0
1768603708.118471,-0.03922,0.04137,0.02037,0.00111,0.00090,-0.00018,0.55045,0.00008,0.28074,-0.00009,0.70746,0.00007,0.70676,1,3,0.99965,0.01069,0.01041,-0.02207,0.06013,0.08397,0.63476,0,0
1768603708.120457,-0.00176,0.07552,0.02939,0.00083,0.00058,-0.00010,0.55045,0.00008,0.28074,-0.00009,0.70746,0.00007,0.70676,1,3,0.99965,0.01069,0.01041,-0.02207,0.06013,0.08397,0.63476,0,0
1768603708.122459,-0.00940,0.02112,0.04322,0.00074,0.00030,-0.00047,0.55049,0.00008,0.28074,-0.00009,0.70745,0.00007,0.70676,1,3,0.99965,0.01069,0.01041,-0.02207,0.06013,0.08397,0.63476,0,0
1768603708.124473,-0.00224,0.04560,0.05095,0.00125,0.00018,0.00140,0.55049,0.00008,0.28074,-0.00009,0.70745,0.00007,0.70676,1,3,0.99965,0.01069,0.01041,-0.02207,0.06013,0.08397,0.63476,0,0
1768603708.126455,0.03611,0.02850,0.05372,0.00144,-0.00350,0.00020,0.55053,0.00008,0.28074,-0.00009,0.70745,0.00007,0.70676,1,3,0.99965,0.01069,0.01041,-0.02207,0.06013,0.08397,0.63476,0,0
1768603708.128454,-0.00806,0.02446,-0.00911,0.00116,0.00098,0.00030,0.55053,0.00008,0.28074,-0.00009,0.70745,0.00007,0.70676,1,3,0.99965,0.01069,0.01041,-0.02207,0.06013,0.08397,0.63476,0,0
1768603708.130454,-0.00841,0.06023,0.01008,0.00139,-0.00097,-0.00090,0.55057,0.00008,0.28074,-0.00009,0.70746,0.00007,0.70676,1,3,0.99955,0.01074,0.01140,-0.02558,0.06005,0.08388,0.63401,0,0
1768603708.132461,-0.00826,0.03925,0.00455,0.00061,-0.00017,-0.00218,0.55057,0.00008,0.28074,-0.00009,0.70746,0.00007,0.70676,1,3,0.99955,0.01074,0.01140,-0.02558,0.06005,0.08388,0.63401,0,0
1768603708.134462,0.01332,0.03824,0.04777,0.00101,-0.00008,-0.00068,0.55061,0.00008,0.28074,-0.00009,0.70746,0.00007,0.70675,1,3,0.99955,0.01074,0.01140,-0.02558,0.06005,0.08388,0.63401,0,0
1768603708.136482,-0.01749,0.05933,0.05376,0.00096,-0.00044,0.00034,0.55061,0.00008,0.28074,-0.00009,0.70746,0.00007,0.70675,1,3,0.99955,0.01074,0.01140,-0.02558,0.06005,0.08388,0.63401,0,0
1768603708.138465,-0.00149,-0.00590,0.03245,0.00144,0.00104,0.00165,0.55065,0.00008,0.28074,-0.00009,0.70746,0.00007,0.70676,1,3,0.99955,0.01074,0.01140,-0.02558,0.06005,0.08388,0.63401,0,0
1768603708.140477,-0.03282,0.02996,0.07603,0.00178,-0.00126,0.00056,0.55070,0.00008,0.28074,-0.00009,0.70745,0.00007,0.70676,1,3,0.99955,0.01074,0.01140,-0.02558,0.06005,0.08388,0.63401,0,0
1768603708.142513,0.01414,0.04202,0.01026,0.00102,0.00034,0.00007,0.55070,0.00008,0.28074,-0.00009,0.70745,0.00007,0.70676,1,3,0.99955,0.01074,0.01140,-0.02558,0.06005,0.08388,0.63401,0,0
1768603708.144485,-0.00199,0.04647,0.03721,0.00045,0.00023,0.00024,0.55073,0.00008,0.28074,-0.00009,0.70745,0.00007,0.70676,1,3,0.99955,0.01074,0.01140,-0.02558,0.06005,0.08388,0.63401,0,0
1768603708.146481,-0.00826,0.04227,-0.00463,0.00100,0.00016,0.00008,0.55073,0.00008,0.28074,-0.00009,0.70745,0.00007,0.70676,1,3,0.99955,0.01074,0.01140,-0.02558,0.06005,0.08388,0.63401,0,0
1768603708.148485,-0.06948,0.01959,0.02374,0.00124,0.00159,-0.00055,0.55077,0.00008,0.28074,-0.00009,0.70746,0.00007,0.70676,1,3,0.99955,0.01074,0.01140,-0.02558,0.06005,0.08388,0.63401,0,0
1768603708.150502,0.01329,0.03363,0.05516,0.00142,0.00001,-0.00062,0.55077,0.00008,0.28074,-0.00009,0.70746,0.00007,0.70676,1,3,0.99955,0.01074,0.01140,-0.02558,0.06005,0.08388,0.63401,0,0
1768603708.152485,-0.04720,0.05126,0.02455,0.00055,-0.00036,0.00020,0.55081,0.00008,0.28073,-0.00009,0.70746,0.00007,0.70675,1,3,0.99955,0.01074,0.01140,-0.02558,0.06005,0.08388,0.63401,0,0
1768603708.154481,-0.03120,0.05168,0.00506,0.00111,-0.00081,-0.00042,0.55081,0.00008,0.28073,-0.00009,0.70746,0.00007,0.70675,1,3,0.99955,0.01074,0.01140,-0.02558,0.06005,0.08388,0.63401,0,0
1768603708.156480,-0.03875,0.04348,0.01012,0.00138,-0.00119,-0.00057,0.55081,0.00008,0.28073,-0.00009,0.70746,0.00007,0.70675,1,3,0.99955,0.01074,0.01140,-0.02558,0.06005,0.08388,0.63401,0,0
1768603708.158479,0.03771,0.02735,-0.00924,0.00120,-0.00164,-0.00050,0.55085,0.00008,0.28073,-0.00009,0.70746,0.00007,0.70675,1,3,0.99955,0.01074,0.01140,-0.02558,0.06005,0.08388,0.63401,0,0
1768603708.160494,-0.01692,0.04944,0.03967,0.00138,0.00092,0.00009,0.55085,0.00008,0.28073,-0.00009,0.70746,0.00007,0.70675,1,3,0.99955,0.01074,0.01140,-0.02558,0.06005,0.08388,0.63401,0,0
1768603708.162477,-0.05398,0.02479,0.00180,0.00045,0.00133,-0.00086,0.55089,0.00008,0.28073,-0.00009,0.70746,0.00007,0.70675,1,3,0.99955,0.01074,0.01140,-0.02558,0.06005,0.08388,0.63401,0,0
1768603708.164477,-0.02460,0.05819,0.03903,0.00136,0.00047,0.00050,0.55089,0.00008,0.28073,-0.00009,0.70746,0.00007,0.70675,1,3,0.99955,0.01074,0.01140,-0.02558,0.06005,0.08388,0.63401,0,0
1768603708.166476,-0.00191,0.03960,0.04682,0.00100,-0.00162,-0.00006,0.55093,0.00008,0.28073,-0.00009,0.70747,0.00007,0.70675,1,3,0.99955,0.01074,0.01140,-0.02558,0.06005,0.08388,0.63401,0,0
1768603708.168477,0.02139,0.05518,0.01649,0.00101,-0.00046,0.00092,0.55093,0.00008,0.28073,-0.00009,0.70747,0.00007,0.70675,1,3,0.99958,0.01117,0.01325,-0.02342,0.06010,0.08393,0.63447,0,0
1768603708.170491,0.00663,0.03479,0.01392,0.00169,-0.00158,0.00105,0.55097,0.00008,0.28073,-0.00009,0.70746,0.00007,0.70675,1,3,0.99958,0.01117,0.01325,-0.02342,0.06010,0.08393,0.63447,0,0
1768603708.172501,0.00617,0.01622,0.02508,0.00103,0.00052,0.00088,0.55097,0.00008,0.28073,-0.00009,0.70746,0.00007,0.70675,1,3,0.99958,0.01117,0.01325,-0.02342,0.06010,0.08393,0.63447,0,0
1768603708.174522,-0.03161,0.01566,0.02544,0.00140,0.00096,0.00039,0.55097,0.00008,0.28073,-0.00009,0.70746,0.00007,0.70675,1,3,0.99958,0.01117,0.01325,-0.02342,0.06010,0.08393,0.63447,0,0
1768603708.176516,-0.00930,0.04534,0.04222,0.00152,0.00073,0.00001,0.55105,0.00008,0.28072,-0.00009,0.70747,0.00007,0.70674,1,3,0.99958,0.01117,0.01325,-0.02342,0.06010,0.08393,0.63447,0,0
1768603708.178521,-0.04772,0.07844,0.04602,0.00132,0.00122,0.00063,0.55105,0.00008,0.28072,-0.00009,0.70747,0.00007,0.70674,1,3,0.99958,0.01117,0.01325,-0.02342,0.06010,0.08393,0.63447,0,0
1768603708.180497,0.01404,0.05568,0.01782,0.00100,-0.00044,-0.00086,0.55109,0.00008,0.28072,-0.00009,0.70747,0.00007,0.70674,1,3,0.99958,0.01117,0.01325,-0.02342,0.06010,0.08393,0.63447,0,0
1768603708.182518,-0.00885,0.02593,0.02564,0.00101,-0.00035,-0.00051,0.55109,0.00008,0.28072,-0.00009,0.70747,0.00007,0.70674,1,3,0.99958,0.01117,0.01325,-0.02342,0.06010,0.08393,0.63447,0,0
1768603708.184509,0.00610,0.04268,0.02922,0.00127,-0.00074,0.00056,0.55113,0.00008,0.28072,-0.00009,0.70747,0.00007,0.70674,1,3,0.99958,0.01117,0.01325,-0.02342,0.06010,0.08393,0.63447,0,0
1768603708.186493,0.02112,0.05005,0.03864,0.00181,-0.00019,0.00098,0.55113,0.00008,0.28072,-0.00009,0.70747,0.00007,0.70674,1,3,0.99958,0.01117,0.01325,-0.02342,0.06010,0.08393,0.63447,0,0
1768603708.188515,-0.03311,0.04421,0.06677,0.00082,0.00190,0.00076,0.55117,0.00008,0.28072,-0.00009,0.70747,0.00007,0.70675,1,3,0.99958,0.01117,0.01325,-0.02342,0.06010,0.08393,0.63447,0,0
1768603708.190495,-0.03118,0.03325,0.01568,0.00166,0.00041,-0.00058,0.55117,0.00008,0.28072,-0.00009,0.70747,0.00007,0.70675,1,3,0.99958,0.01117,0.01325,-0.02342,0.06010,0.08393,0.63447,0,0
1768603708.192528,-0.01657,0.03417,0.04103,0.00140,-0.00016,-0.00163,0.55121,0.00008,0.28072,-0.00009,0.70747,0.00007,0.70675,1,3,0.99958,0.01117,0.01325,-0.02342,0.06010,0.08393,0.63447,0,0
1768603708.194492,-0.03877,0.04097,0.00009,0.00124,0.00109,0.00061,0.55121,0.00008,0.28072,-0.00009,0.70747,0.00007,0.70675,1,3,0.99958,0.01117,0.01325,-0.02342,0.06010,0.08393,0.63447,0,0
1768603708.196513,-0.03190,0.05611,0.02133,0.00083,-0.00127,0.00065,0.55121,0.00008,0.28072,-0.00009,0.70747,0.00007,0.70675,1,3,0.99958,0.01117,0.01325,-0.02342,0.06010,0.08393,0.63447,0,0
1768603708.198503,0.00649,0.03049,0.01176,0.00116,-0.00117,0.00110,0.55125,0.00008,0.28072,-0.00009,0.70747,0.00007,0.70674,1,3,0.99958,0.01117,0.01325,-0.02342,0.06010,0.08393,0.63447,0,0
1768603708.200488,0.00641,0.04316,0.01992,0.00114,-0.00085,-0.00020,0.55125,0.00008,0.28072,-0.00009,0.70747,0.00007,0.70674,1,3,0.99958,0.01117,0.01325,-0.02342,0.06010,0.08393,0.63447,0,0
1768603708.202489,0.02098,0.03821,0.03714,0.00088,-0.00021,0.00035,0.55129,0.00008,0.28072,-0.00009,0.70747,0.00007,0.70674,1,3,0.99958,0.01117,0.01325,-0.02342,0.06010,0.08393,0.63447,0,0
1768603708.204541,-0.02421,0.06636,0.02453,0.00136,0.00095,0.00003,0.55129,0.00008,0.28072,-0.00009,0.70747,0.00007,0.70674,1,3,0.99957,0.01093,0.01303,-0.02378,0.06011,0.08395,0.63450,0,0
1768603708.206524,-0.03175,0.03780,0.02662,0.00152,-0.00033,0.00088,0.55133,0.00008,0.28072,-0.00009,0.70748,0.00007,0.70674,1,3,0.99957,0.01093,0.01303,-0.02378,0.06011,0.08395,0.63450,0,0
1768603708.208563,-0.03899,0.02153,0.01740,0.00140,-0.00067,0.00045,0.55133,0.00008,0.28072,-0.00009,0.70748,0.00007,0.70674,1,3,0.99957,0.01093,0.01303,-0.02378,0.06011,0.08395,0.63450,0,0
1768603708.210552,-0.00877,0.01308,0.02747,0.00156,-0.00076,0.00042,0.55133,0.00008,0.28072,-0.00009,0.70748,0.00007,0.70674,1,3,0.99957,0.01093,0.01303,-0.02378,0.06011,0.08395,0.63450,0,0
1768603708.212591,-0.02466,0.03840,0.04263,0.00071,-0.00014,-0.00042,0.55133,0.00008,0.28072,-0.00009,0.70748,0.00007,0.70674,1,3,0.99957,0.01093,0.01303,-0.02378,0.06011,0.08395,0.63450,0,0
1768603708.214533,-0.00975,0.05526,0.05212,0.00084,-0.00024,-0.00050,0.55141,0.00008,0.28072,-0.00009,0.70747,0.00007,0.70674,1,3,0.99957,0.01093,0.01303,-0.02378,0.06011,0.08395,0.63450,0,0
1768603708.216542,0.06053,0.04550,-0.00948,0.00120,-0.00274,-0.00110,0.55145,0.00008,0.28072,-0.00009,0.70747,0.00007,0.70674,1,3,0.99957,0.01093,0.01303,-0.02378,0.06011,0.08395,0.63450,0,0
1768603708.218523,0.03701,0.02163,0.01278,0.00119,-0.00050,0.00032,0.55145,0.00008,0.28072,-0.00009,0.70747,0.00007,0.70674,1,3,0.99957,0.01093,0.01303,-0.02378,0.06011,0.08395,0.63450,0,0
1768603708.220552,-0.00853,0.06456,0.01176,0.00152,-0.00139,-0.00019,0.55149,0.00008,0.28072,-0.00009,0.70747,0.00007,0.70674,1,3,0.99957,0.01093,0.01303,-0.02378,0.06011,0.08395,0.63450,0,0
1768603708.222521,-0.01640,0.00500,0.01822,0.00062,-0.00044,0.00025,0.55149,0.00008,0.28072,-0.00009,0.70747,0.00007,0.70674,1,3,0.99957,0.01093,0.01303,-0.02378,0.06011,0.08395,0.63450,0,0
1768603708.224529,-0.00200,0.04611,0.05721,0.00153,0.00004,-0.00051,0.55153,0.00008,0.28072,-0.00009,0.70747,0.00007,0.70674,1,3,0.99957,0.01093,0.01303,-0.02378,0.06011,0.08395,0.63450,0,0
1768603708.226548,-0.00954,0.03809,0.05227,0.00126,-0.00024,-0.00029,0.55153,0.00008,0.28072,-0.00009,0.70747,0.00007,0.70674,1,3,0.99957,0.01093,0.01303,-0.02378,0.06011,0.08395,0.63450,0,0
1768603708.228541,-0.02469,0.07504,0.03367,0.00108,0.00063,0.00067,0.55157,0.00008,0.28072,-0.00009,0.70747,0.00007,0.70674,1,3,0.99957,0.01093,0.01303,-0.02378,0.06011,0.08395,0.63450,0,0
1768603708.230517,-0.02362,0.04562,0.00335,0.00099,0.00113,-0.00047,0.55157,0.00008,0.28072,-0.00009,0.70747,0.00007,0.70674,1,3,0.99957,0.01093,0.01303,-0.02378,0.06011,0.08395,0.63450,0,0
1768603708.232537,0.08282,0.04085,-0.00266,0.00081,-0.00244,0.00009,0.55157,0.00008,0.28072,-0.00009,0.70747,0.00007,0.70674,1,3,0.99957,0.01093,0.01303,-0.02378,0.06011,0.08395,0.63450,0,0
1768603708.234537,0.00664,0.00754,0.01594,0.00131,0.00084,0.00023,0.55157,0.00008,0.28072,-0.00009,0.70747,0.00007,0.70674,1,3,0.99957,0.01093,0.01303,-0.02378,0.06011,0.08395,0.63450,0,0
1768603708.236555,-0.02446,0.03251,0.03498,0.00112,0.00108,0.00042,0.55161,0.00008,0.28072,-0.00009,0.70747,0.00007,0.70674,1,3,0.99957,0.01093,0.01303,-0.02378,0.06011,0.08395,0.63450,0,0
1768603708.238535,-0.00893,0.04660,0.02676,0.00153,-0.00055,0.00039,0.55161,0.00008,0.28072,-0.00009,0.70747,0.00007,0.70674,1,3,0.99957,0.01093,0.01303,-0.02378,0.06011,0.08395,0.63450,0,0
1768603708.240536,0.02050,0.06352,0.05639,0.00112,-0.00041,0.00003,0.55165,0.00008,0.28072,-0.00009,0.70747,0.00007,0.70674,1,3,0.99954,0.01084,0.01375,-0.02472,0.06006,0.08388,0.63405,0,0
1768603708.242543,-0.03091,0.04111,-0.01926,0.00058,0.00151,0.00048,0.55165,0.00008,0.28072,-0.00009,0.70747,0.00007,0.70674,1,3,0.99954,0.01084,0.01375,-0.02472,0.06006,0.08388,0.63405,0,0
1768603708.244537,-0.00071,0.03839,0.00348,0.00101,0.00004,-0.00077,0.55169,0.00008,0.28072,-0.00009,0.70747,0.00007,0.70674,1,3,0.99954,0.01084,0.01375,-0.02472,0.06006,0.08388,0.63405,0,0
1768603708.247086,-0.00882,0.04308,0.01971,0.00113,-0.00085,0.00005,0.55169,0.00008,0.28072,-0.00009,0.70747,0.00007,0.70674,1,3,0.99954,0.01084,0.01375,-0.02472,0.06006,0.08388,0.63405,0,0
1768603708.248577,-0.05417,0.04197,0.00936,0.00136,-0.00011,0.00084,0.55169,0.00008,0.28072,-0.00009,0.70747,0.00007,0.70674,1,3,0.99954,0.01084,0.01375,-0.02472,0.06006,0.08388,0.63405,0,0
1768603708.250556,-0.00153,0.02117,0.03272,0.00102,-0.00004,0.00018,0.55178,0.00008,0.28072,-0.00009,0.70747,0.00007,0.70674,1,3,0.99954,0.01084,0.01375,-0.02472,0.06006,0.08388,0.63405,0,0
1768603708.252557,-0.03966,0.03331,0.03451,0.00111,0.00020,0.00067,0.55178,0.00008,0.28072,-0.00009,0.70747,0.00007,0.70674,1,3,0.99954,0.01084,0.01375,-0.02472,0.06006,0.08388,0.63405,0,0
1768603708.254589,-0.02353,0.06212,-0.00800,0.00124,0.00100,0.00087,0.55182,0.00008,0.28072,-0.00009,0.70747,0.00007,0.70674,1,3,0.99954,0.01084,0.01375,-0.02472,0.06006,0.08388,0.63405,0,0
1768603708.256591,0.02966,0.05790,0.00232,0.00102,-0.00259,-0.00075,0.55182,0.00008,0.28072,-0.00009,0.70747,0.00007,0.70674,1,3,0.99954,0.01084,0.01375,-0.02472,0.06006,0.08388,0.63405,0,0
1768603708.258579,-0.00131,0.03769,0.01718,0.00100,0.00021,0.00075,0.55186,0.00008,0.28072,-0.00009,0.70747,0.00007,0.70674,1,3,0.99954,0.01084,0.01375,-0.02472,0.06006,0.08388,0.63405,0,0
1768603708.260572,-0.00198,0.03793,0.06094,0.00220,-0.00101,0.00073,0.55186,0.00008,0.28072,-0.00009,0.70747,0.00007,0.70674,1,3,0.99954,0.01084,0.01375,-0.02472,0.06006,0.08388,0.63405,0,0
1768603708.262563,0.01316,0.06348,0.05194,0.00125,-0.00024,-0.00060,0.55190,0.00008,0.28073,-0.00009,0.70747,0.00007,0.70675,1,3,0.99954,0.01084,0.01375,-0.02472,0.06006,0.08388,0.63405,0,0
1768603708.264567,-0.02512,0.06397,0.05699,0.00068,-0.00040,-0.00074,0.55190,0.00008,0.28073,-0.00009,0.70747,0.00007,0.70675,1,3,0.99954,0.01084,0.01375,-0.02472,0.06006,0.08388,0.63405,0,0
1768603708.266567,-0.00099,0.05879,-0.00029,0.00085,0.00043,0.00051,0.55194,0.00008,0.28073,-0.00009,0.70746,0.00007,0.70675,1,3,0.99954,0.01084,0.01375,-0.02472,0.06006,0.08388,0.63405,0,0
1768603708.268558,-0.03186,0.02985,0.03671,0.00166,-0.00087,0.00059,0.55194,0.00008,0.28073,-0.00009,0.70746,0.00007,0.70675,1,3,0.99954,0.01084,0.01375,-0.02472,0.06006,0.08388,0.63405,0,0
1768603708.270587,-0.03986,-0.02662,0.05034,0.00116,0.00082,0.00138,0.55194,0.00008,0.28073,-0.00009,0.70746,0.00007,0.70675,1,3,0.99954,0.01084,0.01375,-0.02472,0.06006,0.08388,0.63405,0,0
1768603708.272558,-0.00185,0.02007,0.05214,0.00168,0.00041,0.00057,0.55198,0.00008,0.28073,-0.00009,0.70746,0.00007,0.70675,1,3,0.99954,0.01084,0.01375,-0.02472,0.06006,0.08388,0.63405,0,0
1768603708.274585,0.00664,0.05369,0.00286,0.00100,0.00135,0.00006,0.55198,0.00008,0.28073,-0.00009,0.70746,0.00007,0.70675,1,3,0.99954,0.01084,0.01375,-0.02472,0.06006,0.08388,0.63405,0,0
1768603708.276596,-0.00832,0.05919,-0.00487,0.00099,0.00016,-0.00012,0.55202,0.00008,0.28074,-0.00009,0.70746,0.00007,0.70676,1,3,0.99952,0.01060,0.01370,-0.02549,0.06008,0.08391,0.63420,0,0
1768603708.278573,-0.02378,0.02971,0.02273,0.00167,-0.00038,-0.00028,0.55202,0.00008,0.28074,-0.00009,0.70746,0.00007,0.70676,1,3,0.99952,0.01060,0.01370,-0.02549,0.06008,0.08391,0.63420,0,0
1768603708.280591,-0.05528,0.02336,0.03965,0.00056,0.00179,0.00141,0.55206,0.00008,0.28074,-0.00009,0.70746,0.00007,0.70676,1,3,0.99952,0.01060,0.01370,-0.02549,0.06008,0.08391,0.63420,0,0
1768603708.282583,0.00615,0.05380,0.04935,0.00194,-0.00333,-0.00148,0.55210,0.00008,0.28073,-0.00009,0.70746,0.00007,0.70675,1,3,0.99952,0.01060,0.01370,-0.02549,0.06008,0.08391,0.63420,0,0
1768603708.284600,-0.02474,0.06316,0.03763,0.00042,0.00067,-0.00072,0.55210,0.00008,0.28073,-0.00009,0.70746,0.00007,0.70675,1,3,0.99952,0.01060,0.01370,-0.02549,0.06008,0.08391,0.63420,0,0
1768603708.286592,-0.00137,0.05996,0.02008,0.00072,-0.00041,-0.00066,0.55214,0.00008,0.28074,-0.00009,0.70746,0.00007,0.70676,1,3,0.99952,0.01060,0.01370,-0.02549,0.06008,0.08391,0.63420,0,0
1768603708.288589,0.02226,0.02356,0.00972,0.00092,-0.00141,-0.00250,0.55214,0.00008,0.28074,-0.00009,0.70746,0.00007,0.70676,1,3,0.99952,0.01060,0.01370,-0.02549,0.06008,0.08391,0.63420,0,0
1768603708.290585,-0.03991,0.04287,0.04467,0.00083,-0.00055,-0.00022,0.55218,0.00008,0.28074,-0.00009,0.70746,0.00007,0.70676,1,3,0.99952,0.01060,0.01370,-0.02549,0.06008,0.08391,0.63420,0,0
1768603708.292587,0.02870,0.03577,0.03953,0.00103,-0.00193,-0.00013,0.55218,0.00008,0.28074,-0.00009,0.70746,0.00007,0.70676,1,3,0.99952,0.01060,0.01370,-0.02549,0.06008,0.08391,0.63420,0,0
1768603708.294586,-0.04726,0.01242,0.02788,0.00032,0.00055,0.00066,0.55222,0.00008,0.28074,-0.00009,0.70746,0.00007,0.70676,1,3,0.99952,0.01060,0.01370,-0.02549,0.06008,0.08391,0.63420,0,0
1768603708.296579,0.01485,0.02828,-0.00023,0.00171,-0.00306,-0.00012,0.55222,0.00008,0.28074,-0.00009,0.70746,0.00007,0.70676,1,3,0.99952,0.01060,0.01370,-0.02549,0.06008,0.08391,0.63420,0,0
1768603708.298578,0.01322,0.05527,0.04717,0.00099,-0.00030,-0.00050,0.55226,0.00008,0.28074,-0.00009,0.70745,0.00007,0.70676,1,3,0.99952,0.01060,0.01370,-0.02549,0.06008,0.08391,0.63420,0,0
1768603708.300581,-0.01719,0.04193,0.05461,0.00138,0.00001,-0.00021,0.55226,0.00008,0.28074,-0.00009,0.70745,0.00007,0.70676,1,3,0.99952,0.01060,0.01370,-0.02549,0.06008,0.08391,0.63420,0,0
1768603708.302585,0.02109,0.04598,0.03705,0.00128,0.00023,0.00026,0.55226,0.00008,0.28074,-0.00009,0.70745,0.00007,0.70676,1,3,0.99952,0.01060,0.01370,-0.02549,0.06008,0.08391,0.63420,0,0
1768603708.304580,-0.00922,0.03285,0.04507,0.00167,0.00055,-0.00022,0.55231,0.00008,0.28074,-0.00009,0.70745,0.00007,0.70676,1,3,0.99952,0.01060,0.01370,-0.02549,0.06008,0.08391,0.63420,0,0
1768603708.306577,-0.02384,0.02938,0.02251,0.00167,-0.00017,0.00010,0.55231,0.00008,0.28074,-0.00009,0.70745,0.00007,0.70676,1,3,0.99952,0.01060,0.01370,-0.02549,0.06008,0.08391,0.63420,0,0
1768603708.308584,-0.00904,0.04238,0.02971,0.00126,-0.00030,0.00006,0.55234,0.00008,0.28074,-0.00009,0.70746,0.00007,0.70676,1,3,0.99952,0.01060,0.01370,-0.02549,0.06008,0.08391,0.63420,0,0
1768603708.310588,-0.02445,0.05992,0.02922,0.00083,-0.00074,0.00009,0.55234,0.00008,0.28074,-0.00009,0.70746,0.00007,0.70676,1,3,0.99956,0.01076,0.01353,-0.02428,0.06010,0.08394,0.63441,0,0
1768603708.312603,0.03692,0.05380,0.01483,0.00090,-0.00266,-0.00084,0.55239,0.00008,0.28074,-0.00009,0.70746,0.00007,0.70676,1,3,0.99956,0.01076,0.01353,-0.02428,0.06010,0.08394,0.63441,0,0
1768603708.314633,-0.02476,0.03409,0.05443,0.00139,-0.00065,0.00001,0.55239,0.00008,0.28074,-0.00009,0.70746,0.00007,0.70676,1,3,0.99956,0.01076,0.01353,-0.02428,0.06010,0.08394,0.63441,0,0
1768603708.316622,-0.01663,0.03366,0.02979,0.00126,-0.00008,0.00029,0.55242,0.00008,0.28074,-0.00009,0.70746,0.00007,0.70676,1,3,0.99956,0.01076,0.01353,-0.02428,0.06010,0.08394,0.63441,0,0
1768603708.318605,0.01471,0.02111,-0.00718,0.00131,-0.00009,0.00072,0.55246,0.00008,0.28074,-0.00009,0.70745,0.00007,0.70676,1,3,0.99956,0.01076,0.01353,-0.02428,0.06010,0.08394,0.63441,0,0
1768603708.320606,-0.01692,0.06251,0.03215,0.00096,0.00083,-0.00007,0.55246,0.00008,0.28074,-0.00009,0.70745,0.00007,0.70676,1,3,0.99956,0.01076,0.01353,-0.02428,0.06010,0.08394,0.63441,0,0
1768603708.322605,-0.01578,0.04223,-0.00410,0.00100,0.00039,-0.00055,0.55251,0.00008,0.28074,-0.00009,0.70745,0.00007,0.70676,1,3,0.99956,0.01076,0.01353,-0.02428,0.06010,0.08394,0.63441,0,0
1768603708.324644,-0.00205,0.06385,0.05160,0.00124,-0.00068,-0.00035,0.55251,0.00008,0.28074,-0.00009,0.70745,0.00007,0.70676,1,3,0.99956,0.01076,0.01353,-0.02428,0.06010,0.08394,0.63441,0,0
1768603708.326605,-0.01715,0.05117,0.05459,0.00138,-0.00065,-0.00070,0.55255,0.00008,0.28074,-0.00009,0.70745,0.00007,0.70676,1,3,0.99956,0.01076,0.01353,-0.02428,0.06010,0.08394,0.63441,0,0
1768603708.328602,-0.02389,0.02244,0.00987,0.00140,0.00230,0.00171,0.55255,0.00008,0.28074,-0.00009,0.70745,0.00007,0.70676,1,3,0.99956,0.01076,0.01353,-0.02428,0.06010,0.08394,0.63441,0,0
1768603708.330618,0.02963,0.03477,0.00047,0.00091,-0.00065,-0.00009,0.55259,0.00008,0.28074,-0.00009,0.70745,0.00007,0.70676,1,3,0.99956,0.01076,0.01353,-0.02428,0.06010,0.08394,0.63441,0,0
1768603708.332601,-0.02442,0.05873,0.02506,0.00056,0.00074,-0.00027,0.55259,0.00008,0.28074,-0.00009,0.70745,0.00007,0.70676,1,3,0.99956,0.01076,0.01353,-0.02428,0.06010,0.08394,0.63441,0,0
1768603708.334619,-0.00942,0.05438,0.04241,0.00111,0.00051,-0.00048,0.55263,0.00008,0.28074,-0.00009,0.70745,0.00007,0.70676,1,3,0.99956,0.01076,0.01353,-0.02428,0.06010,0.08394,0.63441,0,0
1768603708.336599,-0.00944,0.02541,0.05036,0.00114,-0.00005,-0.00052,0.55263,0.00008,0.28074,-0.00009,0.70745,0.00007,0.70676,1,3,0.99956,0.01076,0.01353,-0.02428,0.06010,0.08394,0.63441,0,0
1768603708.338600,-0.01738,0.06647,0.04904,0.00109,0.00081,0.00026,0.55263,0.00008,0.28074,-0.00009,0.70745,0.00007,0.70676,1,3,0.99956,0.01076,0.01353,-0.02428,0.06010,0.08394,0.63441,0,0
1768603708.340598,-0.00940,0.04736,0.04180,0.00112,-0.00102,-0.00002,0.55267,0.00008,0.28074,-0.00009,0.70745,0.00007,0.70676,1,3,0.99956,0.01076,0.01353,-0.02428,0.06010,0.08394,0.63441,0,0
1768603708.342598,0.06005,0.02857,0.00571,0.00081,-0.00256,-0.00091,0.55267,0.00008,0.28074,-0.00009,0.70745,0.00007,0.70676,1,3,0.99956,0.01076,0.01353,-0.02428,0.06010,0.08394,0.63441,0,0
1768603708.344615,0.00644,0.02535,0.02042,0.00116,0.00003,0.00001,0.55271,0.00008,0.28074,-0.00009,0.70745,0.00007,0.70676,1,3,0.99956,0.01076,0.01353,-0.02428,0.06010,0.08394,0.63441,0,0
1768603708.346614,-0.00145,0.06009,0.02823,0.00165,-0.00162,0.00087,0.55271,0.00008,0.28074,-0.00009,0.70745,0.00007,0.70676,1,3,0.99957,0.01066,0.01194,-0.02437,0.06009,0.08392,0.63434,0,0
1768603708.348620,-0.00830,0.04072,0.01232,0.00155,-0.00269,-0.00067,0.55275,0.00008,0.28074,-0.00009,0.70745,0.00007,0.70676,1,3,0.99957,0.01066,0.01194,-0.02437,0.06009,0.08392,0.63434,0,0
1768603708.350629,-0.04654,0.04096,0.00014,0.00083,0.00131,0.00073,0.55279,0.00008,0.28074,-0.00009,0.70745,0.00007,0.70676,1,3,0.99957,0.01066,0.01194,-0.02437,0.06009,0.08392,0.63434,0,0
1768603708.352619,-0.00047,0.00465,-0.00137,0.00118,-0.00024,0.00003,0.55279,0.00008,0.28074,-0.00009,0.70745,0.00007,0.70676,1,3,0.99957,0.01066,0.01194,-0.02437,0.06009,0.08392,0.63434,0,0
1768603708.354623,-0.01693,0.04252,0.04496,0.00125,-0.00033,-0.00059,0.55283,0.00008,0.28074,-0.00009,0.70745,0.00007,0.70676,1,3,0.99957,0.01066,0.01194,-0.02437,0.06009,0.08392,0.63434,0,0
1768603708.356618,0.01366,0.05888,0.04439,0.00207,-0.00033,-0.00052,0.55283,0.00008,0.28074,-0.00009,0.70745,0.00007,0.70676,1,3,0.99957,0.01066,0.01194,-0.02437,0.06009,0.08392,0.63434,0,0
1768603708.358652,-0.02476,0.05971,0.04839,0.00150,-0.00116,0.00047,0.55287,0.00008,0.28074,-0.00009,0.70745,0.00007,0.70676,1,3,0.99957,0.01066,0.01194,-0.02437,0.06009,0.08392,0.63434,0,0
1768603708.360622,-0.03204,0.03776,0.04205,0.00151,-0.00015,0.00011,0.55287,0.00008,0.28074,-0.00009,0.70745,0.00007,0.70676,1,3,0.99957,0.01066,0.01194,-0.02437,0.06009,0.08392,0.63434,0,0
1768603708.362629,-0.04003,0.01161,0.04815,0.00059,0.00123,0.00015,0.55291,0.00008,0.28074,-0.00009,0.70745,0.00007,0.70676,1,3,0.99957,0.01066,0.01194,-0.02437,0.06009,0.08392,0.63434,0,0
1768603708.364625,-0.00929,0.04659,0.03672,0.00125,-0.00043,0.00038,0.55291,0.00008,0.28074,-0.00009,0.70745,0.00007,0.70676,1,3,0.99957,0.01066,0.01194,-0.02437,0.06009,0.08392,0.63434,0,0
1768603708.366621,-0.00045,0.03426,-0.00468,0.00142,-0.00050,0.00006,0.55295,0.00008,0.28074,-0.00009,0.70745,0.00007,0.70676,1,3,0.99957,0.01066,0.01194,-0.02437,0.06009,0.08392,0.63434,0,0
1768603708.368614,-0.02380,0.05106,0.00408,0.00111,-0.00061,0.00099,0.55295,0.00008,0.28074,-0.00009,0.70745,0.00007,0.70676,1,3,0.99957,0.01066,0.01194,-0.02437,0.06009,0.08392,0.63434,0,0
1768603708.370617,-0.00836,0.01136,0.00757,0.00170,0.00074,0.00122,0.55295,0.00008,0.28074,-0.00009,0.70745,0.00007,0.70676,1,3,0.99957,0.01066,0.01194,-0.02437,0.06009,0.08392,0.63434,0,0
1768603708.372639,0.01379,0.01891,0.05106,0.00158,-0.00179,-0.00196,0.55299,0.00008,0.28074,-0.00009,0.70745,0.00007,0.70676,1,3,0.99957,0.01066,0.01194,-0.02437,0.06009,0.08392,0.63434,0,0
1768603708.374635,-0.02434,0.03816,0.03756,0.00125,-0.00020,-0.00041,0.55299,0.00008,0.28074,-0.00009,0.70745,0.00007,0.70676,1,3,0.99957,0.01066,0.01194,-0.02437,0.06009,0.08392,0.63434,0,0
1768603708.376635,0.03737,0.06612,0.00704,0.00169,-0.00275,-0.00097,0.55303,0.00008,0.28074,-0.00009,0.70745,0.00007,0.70677,1,3,0.99957,0.01066,0.01194,-0.02437,0.06009,0.08392,0.63434,0,0
1768603708.378631,-0.04645,0.06217,-0.01270,0.00055,0.00137,0.00086,0.55303,0.00008,0.28074,-0.00009,0.70745,0.00007,0.70677,1,3,0.99957,0.01066,0.01194,-0.02437,0.06009,0.08392,0.63434,0,0
1768603708.380637,-0.00133,0.05594,0.01655,0.00099,-0.00111,0.00053,0.55307,0.00008,0.28074,-0.00009,0.70745,0.00007,0.70676,1,3,0.99957,0.01066,0.01194,-0.02437,0.06009,0.08392,0.63434,0,0
1768603708.382648,-0.00862,0.02164,0.01351,0.00075,-0.00006,-0.00045,0.55307,0.00008,0.28074,-0.00009,0.70745,0.00007,0.70676,1,3,0.99960,0.01093,0.01175,-0.02331,0.06011,0.08394,0.63449,0,0
1768603708.384640,-0.01561,-0.00890,0.01663,0.00212,0.00020,-0.00070,0.55311,0.00008,0.28075,-0.00009,0.70745,0.00007,0.70677,1,3,0.99960,0.01093,0.01175,-0.02331,0.06011,0.08394,0.63449,0,0
1768603708.386643,-0.02439,0.05491,0.04731,0.00177,-0.00030,-0.00099,0.55311,0.00008,0.28075,-0.00009,0.70745,0.00007,0.70677,1,3,0.99960,0.01093,0.01175,-0.02331,0.06011,0.08394,0.63449,0,0
1768603708.388670,0.00680,0.05551,0.01292,0.00154,-0.00050,-0.00110,0.55315,0.00008,0.28074,-0.00009,0.70745,0.00007,0.70677,1,3,0.99960,0.01093,0.01175,-0.02331,0.06011,0.08394,0.63449,0,0
1768603708.390650,-0.02461,0.04291,0.02933,0.00044,-0.00052,0.00067,0.55319,0.00008,0.28074,-0.00009,0.70745,0.00007,0.70677,1,3,0.99960,0.01093,0.01175,-0.02331,0.06011,0.08394,0.63449,0,0
1768603708.392645,-0.06256,0.07026,0.03698,0.00119,0.00132,-0.00016,0.55319,0.00008,0.28074,-0.00009,0.70745,0.00007,0.70677,1,3,0.99960,0.01093,0.01175,-0.02331,0.06011,0.08394,0.63449,0,0
1768603708.394648,-0.01720,0.02903,0.05213,0.00126,0.00019,0.00033,0.55323,0.00008,0.28074,-0.00009,0.70745,0.00007,0.70677,1,3,0.99960,0.01093,0.01175,-0.02331,0.06011,0.08394,0.63449,0,0
1768603708.396659,-0.00948,0.03842,0.05249,0.00126,-0.00046,-0.00068,0.55323,0.00008,0.28074,-0.00009,0.70745,0.00007,0.70677,1,3,0.99960,0.01093,0.01175,-0.02331,0.06011,0.08394,0.63449,0,0
1768603708.398654,-0.03910,0.02913,0.01833,0.00099,0.00066,-0.00041,0.55327,0.00008,0.28075,-0.00009,0.70744,0.00007,0.70677,1,3,0.99960,0.01093,0.01175,-0.02331,0.06011,0.08394,0.63449,0,0
1768603708.400647,0.00725,0.03920,-0.02169,0.00049,-0.00048,-0.00013,0.55327,0.00008,0.28075,-0.00009,0.70744,0.00007,0.70677,1,3,0.99960,0.01093,0.01175,-0.02331,0.06011,0.08394,0.63449,0,0
1768603708.402686,-0.01650,0.05503,0.02091,0.00165,-0.00084,0.00119,0.55331,0.00008,0.28075,-0.00009,0.70744,0.00007,0.70677,1,3,0.99960,0.01093,0.01175,-0.02331,0.06011,0.08394,0.63449,0,0
1768603708.404668,0.01486,0.06180,-0.00592,0.00182,-0.00291,-0.00014,0.55331,0.00008,0.28075,-0.00009,0.70744,0.00007,0.70677,1,3,0.99960,0.01093,0.01175,-0.02331,0.06011,0.08394,0.63449,0,0
1768603708.406662,-0.00124,0.03235,0.03822,0.00129,-0.00238,-0.00186,0.55335,0.00008,0.28075,-0.00009,0.70744,0.00007,0.70677,1,3,0.99960,0.01093,0.01175,-0.02331,0.06011,0.08394,0.63449,0,0
1768603708.408656,0.01430,0.02495,0.01006,0.00144,0.00012,0.00066,0.55335,0.00008,0.28075,-0.00009,0.70744,0.00007,0.70677,1,3,0.99960,0.01093,0.01175,-0.02331,0.06011,0.08394,0.63449,0,0
1768603708.410695,0.05151,0.03379,0.03452,0.00118,-0.00024,0.00066,0.55340,0.00008,0.28075,-0.00009,0.70744,0.00007,0.70677,1,3,0.99960,0.01093,0.01175,-0.02331,0.06011,0.08394,0.63449,0,0
1768603708.412659,-0.03283,0.06151,0.05133,0.00081,0.00150,0.00094,0.55340,0.00008,0.28075,-0.00009,0.70744,0.00007,0.70677,1,3,0.99960,0.01093,0.01175,-0.02331,0.06011,0.08394,0.63449,0,0
1768603708.414655,-0.03134,0.03750,0.01225,0.00152,0.00015,0.00052,0.55340,0.00008,0.28075,-0.00009,0.70744,0.00007,0.70677,1,3,0.99960,0.01093,0.01175,-0.02331,0.06011,0.08394,0.63449,0,0
1768603708.416665,-0.01602,0.00721,0.01070,0.00143,0.00100,0.00063,0.55343,0.00008,0.28075,-0.00009,0.70744,0.00007,0.70677,1,3,0.99960,0.01093,0.01175,-0.02331,0.06011,0.08394,0.63449,0,0
1768603708.418672,-0.00908,0.03413,0.03539,0.00114,-0.00023,-0.00061,0.55343,0.00008,0.28075,-0.00009,0.70744,0.00007,0.70677,1,3,0.99960,0.01093,0.01175,-0.02331,0.06011,0.08394,0.63449,0,0
1768603708.420679,-0.03928,0.03012,0.02896,0.00072,0.00013,-0.00158,0.55347,0.00008,0.28075,-0.00009,0.70744,0.00007,0.70677,1,3,0.99957,0.01095,0.01282,-0.02408,0.06009,0.08392,0.63433,0,0
1768603708.422676,-0.00849,0.04220,0.01000,0.00140,-0.00010,0.00008,0.55347,0.00008,0.28075,-0.00009,0.70744,0.00007,0.70677,1,3,0.99957,0.01095,0.01282,-0.02408,0.06009,0.08392,0.63433,0,0
1768603708.424686,-0.01621,0.01548,0.01080,0.00102,0.00144,0.00052,0.55351,0.00008,0.28075,-0.00009,0.70744,0.00007,0.70677,1,3,0.99957,0.01095,0.01282,-0.02408,0.06009,0.08392,0.63433,0,0
1768603708.426699,0.00599,0.02992,0.02718,0.00075,-0.00033,0.00071,0.55355,0.00008,0.28075,-0.00009,0.70744,0.00007,0.70677,1,3,0.99957,0.01095,0.01282,-0.02408,0.06009,0.08392,0.63433,0,0
1768603708.428714,-0.01724,0.03832,0.06140,0.00179,-0.00100,0.00022,0.55355,0.00008,0.28075,-0.00009,0.70744,0.00007,0.70677,1,3,0.99957,0.01095,0.01282,-0.02408,0.06009,0.08392,0.63433,0,0
1768603708.430691,-0.03952,0.03797,0.03769,0.00124,0.00002,-0.00053,0.55360,0.00008,0.28075,-0.00009,0.70744,0.00007,0.70677,1,3,0.99957,0.01095,0.01282,-0.02408,0.06009,0.08392,0.63433,0,0
1768603708.432697,-0.01746,0.03815,0.06241,0.00098,-0.00012,-0.00056,0.55360,0.00008,0.28075,-0.00009,0.70744,0.00007,0.70677,1,3,0.99957,0.01095,0.01282,-0.02408,0.06009,0.08392,0.63433,0,0
1768603708.434719,-0.01653,0.04552,0.01732,0.00098,0.00086,0.00053,0.55364,0.00008,0.28075,-0.00009,0.70744,0.00007,0.70677,1,3,0.99957,0.01095,0.01282,-0.02408,0.06009,0.08392,0.63433,0,0
1768603708.436691,-0.00928,0.05122,0.04409,0.00165,-0.00099,-0.00006,0.55364,0.00008,0.28075,-0.00009,0.70744,0.00007,0.70677,1,3,0.99957,0.01095,0.01282,-0.02408,0.06009,0.08392,0.63433,0,0
1768603708.438701,-0.02416,0.05088,0.02404,0.00138,-0.00058,0.00060,0.55368,0.00008,0.28075,-0.00009,0.70744,0.00007,0.70677,1,3,0.99957,0.01095,0.01282,-0.02408,0.06009,0.08392,0.63433,0,0
1768603708.440691,-0.02451,0.05442,0.03687,0.00123,0.00023,0.00016,0.55368,0.00008,0.28075,-0.00009,0.70744,0.00007,0.70677,1,3,0.99957,0.01095,0.01282,-0.02408,0.06009,0.08392,0.63433,0,0
1768603708.442704,-0.03098,0.00790,0.01186,0.00142,0.00079,-0.00103,0.55372,0.00008,0.28075,-0.00009,0.70744,0.00007,0.70677,1,3,0.99957,0.01095,0.01282,-0.02408,0.06009,0.08392,0.63433,0,0
1768603708.444689,-0.02477,0.05945,0.05953,0.00163,-0.00059,-0.00105,0.55372,0.00008,0.28075,-0.00009,0.70744,0.00007,0.70677,1,3,0.99957,0.01095,0.01282,-0.02408,0.06009,0.08392,0.63433,0,0
1768603708.446690,-0.01682,0.07073,0.02568,0.00149,0.00031,0.00137,0.55372,0.00008,0.28075,-0.00009,0.70744,0.00007,0.70677,1,3,0.99957,0.01095,0.01282,-0.02408,0.06009,0.08392,0.63433,0,0
1768603708.448688,-0.01733,0.05453,0.05141,0.00124,-0.00003,0.00040,0.55375,0.00008,0.28075,-0.00009,0.70745,0.00007,0.70677,1,3,0.99957,0.01095,0.01282,-0.02408,0.06009,0.08392,0.63433,0,0
1768603708.450692,-0.01609,0.03304,0.01021,0.00140,0.00056,0.00031,0.55375,0.00008,0.28075,-0.00009,0.70745,0.00007,0.70677,1,3,0.99957,0.01095,0.01282,-0.02408,0.06009,0.08392,0.63433,0,0
1768603708.452707,-0.00100,0.02590,0.03105,0.00169,-0.00050,-0.00139,0.55379,0.00008,0.28075,-0.00009,0.70745,0.00007,0.70677,1,3,0.99957,0.01095,0.01282,-0.02408,0.06009,0.08392,0.63433,0,0
1768603708.454708,-0.04592,0.04736,-0.00169,0.00151,-0.00068,-0.00124,0.55379,0.00008,0.28075,-0.00009,0.70745,0.00007,0.70677,1,3,0.99957,0.01095,0.01282,-0.02408,0.06009,0.08392,0.63433,0,0
1768603708.456710,-0.02433,0.05123,0.03004,0.00084,-0.00029,-0.00056,0.55379,0.00008,0.28075,-0.00009,0.70745,0.00007,0.70677,1,3,0.99960,0.01044,0.01087,-0.02388,0.06009,0.08393,0.63440,0,0
1768603708.458710,-0.04684,0.04592,0.01143,0.00109,0.00014,0.00142,0.55383,0.00008,0.28074,-0.00009,0.70745,0.00007,0.70677,1,3,0.99960,0.01044,0.01087,-0.02388,0.06009,0.08393,0.63440,0,0
1768603708.460715,-0.03190,0.02623,0.02874,0.00126,-0.00140,0.00140,0.55388,0.00008,0.28074,-0.00009,0.70745,0.00007,0.70677,1,3,0.99960,0.01044,0.01087,-0.02388,0.06009,0.08393,0.63440,0,0
1768603708.462722,-0.01651,0.04896,0.01428,0.00125,0.00126,0.00126,0.55388,0.00008,0.28074,-0.00009,0.70745,0.00007,0.70677,1,3,0.99960,0.01044,0.01087,-0.02388,0.06009,0.08393,0.63440,0,0
1768603708.464731,-1.78547,0.06884,0.00603,0.00119,-0.00279,-0.00009,0.55388,0.00008,0.28074,-0.00009,0.70745,0.00007,0.70677,1,3,0.99960,0.01044,0.01087,-0.02388,0.06009,0.08393,0.63440,0,0
1768603708.466751,-1.08322,0.09674,0.12317,0.00153,-0.00769,0.00666,0.55391,0.00008,0.28074,-0.00009,0.70745,0.00007,0.70677,1,3,0.99960,0.01044,0.01087,-0.02388,0.06009,0.08393,0.63440,0,0
1768603708.468721,-0.54537,0.05060,0.19047,0.00239,-0.00862,0.00763,0.55395,0.00008,0.28074,-0.00009,0.70745,0.00007,0.70676,1,3,0.99960,0.01044,0.01087,-0.02388,0.06009,0.08393,0.63440,0,0
1768603708.470714,-1.17426,0.07877,0.07480,0.00067,-0.00763,0.01261,0.55399,0.00008,0.28074,-0.00009,0.70745,0.00007,0.70676,1,3,0.99960,0.01044,0.01087,-0.02388,0.06009,0.08393,0.63440,0,0
1768603708.472711,-0.75905,0.24541,0.17500,0.00149,-0.00945,0.00847,0.55399,0.00008,0.28074,-0.00009,0.70745,0.00007,0.70676,1,3,0.99960,0.01044,0.01087,-0.02388,0.06009,0.08393,0.63440,0,0
1768603708.474788,-0.19108,0.06272,0.01073,0.00137,-0.00009,0.00137,0.55403,0.00008,0.28074,-0.00009,0.70745,0.00007,0.70676,1,3,0.99960,0.01044,0.01087,-0.02388,0.06009,0.08393,0.63440,0,0
1768603708.476786,-0.17692,0.10008,0.02716,0.00080,-0.00404,0.00331,0.55403,0.00008,0.28074,-0.00009,0.70745,0.00007,0.70676,1,3,0.99960,0.01044,0.01087,-0.02388,0.06009,0.08393,0.63440,0,0
1768603708.478711,-0.58526,0.00961,-0.00760,0.00193,-0.00731,0.00410,0.55407,0.00008,0.28074,-0.00009,0.70745,0.00007,0.70676,1,3,0.99960,0.01044,0.01087,-0.02388,0.06009,0.08393,0.63440,0,0
1768603708.480719,-0.99045,0.06408,0.08360,0.00086,-0.00665,0.00211,0.55407,0.00008,0.28074,-0.00009,0.70745,0.00007,0.70676,1,3,0.99960,0.01044,0.01087,-0.02388,0.06009,0.08393,0.63440,0,0
1768603708.482745,-0.88454,0.04806,0.12105,0.00082,-0.00663,-0.00103,0.55411,0.00008,0.28073,-0.00009,0.70745,0.00007,0.70676,1,3,0.99960,0.01044,0.01087,-0.02388,0.06009,0.08393,0.63440,0,0
1768603708.484730,-0.99280,0.12140,0.12527,0.00143,-0.00788,0.00977,0.55411,0.00008,0.28073,-0.00009,0.70745,0.00007,0.70676,1,3,0.99960,0.01044,0.01087,-0.02388,0.06009,0.08393,0.63440,0,0
1768603708.486749,-1.00902,0.17520,0.15685,0.00163,-0.01165,0.01050,0.55411,0.00008,0.28073,-0.00009,0.70745,0.00007,0.70676,1,3,0.99960,0.01044,0.01087,-0.02388,0.06009,0.08393,0.63440,0,0
1768603708.488731,-0.79565,0.10901,0.14901,0.00160,-0.00781,0.00849,0.55415,0.00008,0.28073,-0.00009,0.70746,0.00007,0.70676,1,3,0.99960,0.01044,0.01087,-0.02388,0.06009,0.08393,0.63440,1,0
1768603708.490730,-0.72631,0.09346,0.11635,0.00101,-0.00799,0.00679,0.55415,0.00008,0.28073,-0.00009,0.70746,0.00007,0.70676,1,3,0.99960,0.01044,0.01087,-0.02388,0.06009,0.08393,0.63440,1,0
1768603708.492733,-0.94662,0.04683,0.13187,0.00049,-0.01153,0.00570,0.55415,0.00008,0.28073,-0.00009,0.70746,0.00007,0.70676,1,3,0.99960,0.01044,0.01087,-0.02388,0.06009,0.08393,0.63440,1,0
1768603708.494748,-1.11316,0.07297,0.14419,0.00142,-0.01640,0.00249,0.55419,0.00008,0.28073,-0.00009,0.70745,0.00007,0.70676,1,3,0.99960,0.01044,0.01087,-0.02388,0.06009,0.08393,0.63440,1,0
1768603708.496733,-1.26625,0.06086,0.20124,0.00157,-0.01724,0.00171,0.55419,0.00008,0.28073,-0.00009,0.70745,0.00007,0.70676,1,3,0.99953,0.01081,0.01338,-0.02548,0.06008,0.08391,0.63419,1,0
1768603708.498737,-1.16092,0.03250,0.24441,0.00113,-0.01803,0.00099,0.55423,0.00008,0.28073,-0.00009,0.70745,0.00007,0.70676,1,3,0.99953,0.01081,0.01338,-0.02548,0.06008,0.08391,0.63419,1,0
1768603708.500730,-1.09424,0.05680,0.29218,0.00101,-0.01767,0.00255,0.55423,0.00008,0.28073,-0.00009,0.70745,0.00007,0.70676,1,3,0.99953,0.01081,0.01338,-0.02548,0.06008,0.08391,0.63419,1,0
1768603708.502763,-1.17673,0.06277,0.25385,0.00135,-0.01966,0.00316,0.55431,0.00008,0.28073,-0.00009,0.70746,0.00007,0.70676,1,3,0.99953,0.01081,0.01338,-0.02548,0.06008,0.08391,0.63419,1,0
1768603708.504750,-1.26720,0.06865,0.23646,0.00156,-0.02118,0.00235,0.55431,0.00008,0.28073,-0.00009,0.70746,0.00007,0.70676,1,3,0.99953,0.01081,0.01338,-0.02548,0.06008,0.08391,0.63419,1,0
1768603708.506775,-1.10721,0.06910,0.22356,0.00129,-0.02068,0.00044,0.55435,0.00008,0.28073,-0.00009,0.70745,0.00007,0.70676,1,3,0.99953,0.01081,0.01338,-0.02548,0.06008,0.08391,0.63419,1,0
1768603708.508746,-1.12160,0.01285,0.20920,0.00120,-0.01868,-0.00090,0.55435,0.00008,0.28073,-0.00009,0.70745,0.00007,0.70676,1,3,0.99953,0.01081,0.01338,-0.02548,0.06008,0.08391,0.63419,1,0
1768603708.510761,-1.17488,0.01751,0.22793,0.00129,-0.01867,-0.00313,0.55439,0.00008,0.28073,-0.00009,0.70746,0.00007,0.70676,1,3,0.99953,0.01081,0.01338,-0.02548,0.06008,0.08391,0.63419,1,0
1768603708.512751,-1.22085,0.03773,0.24224,0.00084,-0.02155,-0.00415,0.55439,0.00008,0.28073,-0.00009,0.70746,0.00007,0.70676,1,3,0.99953,0.01081,0.01338,-0.02548,0.06008,0.08391,0.63419,1,0
1768603708.514756,-1.17536,0.02345,0.24986,0.00129,-0.02037,-0.00360,0.55443,0.00008,0.28073,-0.00009,0.70746,0.00007,0.70676,1,3,0.99953,0.01081,0.01338,-0.02548,0.06008,0.08391,0.63419,1,0
1768603708.516768,-1.14474,0.03072,0.22375,0.00117,-0.01959,-0.00151,0.55443,0.00008,0.28073,-0.00009,0.70746,0.00007,0.70676,1,3,0.99953,0.01081,0.01338,-0.02548,0.06008,0.08391,0.63419,1,0
1768603708.518792,-1.20588,0.05685,0.23828,0.00109,-0.02029,-0.00234,0.55443,0.00008,0.28073,-0.00009,0.70746,0.00007,0.70676,1,3,0.99953,0.01081,0.01338,-0.02548,0.06008,0.08391,0.63419,1,0
1768603708.520764,-1.22872,0.04033,0.24254,0.00136,-0.02111,-0.00138,0.55443,0.00008,0.28073,-0.00009,0.70746,0.00007,0.70676,1,3,0.99953,0.01081,0.01338,-0.02548,0.06008,0.08391,0.63419,1,0
1768603708.522751,-1.16011,0.02361,0.23416,0.00089,-0.02056,-0.00232,0.55447,0.00008,0.28073,-0.00009,0.70746,0.00007,0.70676,1,3,0.99953,0.01081,0.01338,-0.02548,0.06008,0.08391,0.63419,1,0
1768603708.524744,-1.18186,0.03037,0.19498,0.00115,-0.01885,-0.00237,0.55447,0.00008,0.28073,-0.00009,0.70746,0.00007,0.70676,1,3,0.99953,0.01081,0.01338,-0.02548,0.06008,0.08391,0.63419,1,0
1768603708.526772,-1.21999,0.01187,0.20725,0.00100,-0.02132,-0.00266,0.55451,0.00008,0.28073,-0.00009,0.70746,0.00007,0.70676,1,3,0.99953,0.01081,0.01338,-0.02548,0.06008,0.08391,0.63419,1,0
1768603708.528769,-1.21245,0.00948,0.22908,0.00168,-0.01887,-0.00467,0.55451,0.00008,0.28073,-0.00009,0.70746,0.00007,0.70676,1,3,0.99953,0.01081,0.01338,-0.02548,0.06008,0.08391,0.63419,1,0
1768603708.530798,-1.12125,0.01376,0.22706,0.00162,-0.01868,-0.00511,0.55455,0.00008,0.28073,-0.00009,0.70746,0.00007,0.70676,1,3,0.99953,0.01081,0.01338,-0.02548,0.06008,0.08391,0.63419,1,0
1768603708.532769,-1.15259,-0.00758,0.25394,0.00106,-0.01857,-0.00399,0.55455,0.00008,0.28073,-0.00009,0.70746,0.00007,0.70676,1,3,0.99957,0.01067,0.01167,-0.02484,0.06007,0.08391,0.63423,1,0
1768603708.534785,-1.13665,0.02248,0.22567,0.00159,-0.01935,-0.00382,0.55459,0.00008,0.28073,-0.00009,0.70745,0.00007,0.70676,1,3,0.99957,0.01067,0.01167,-0.02484,0.06007,0.08391,0.63423,1,0
1768603708.536785,-1.12974,0.03045,0.23498,0.00091,-0.01880,-0.00292,0.55459,0.00008,0.28073,-0.00009,0.70745,0.00007,0.70676,1,3,0.99957,0.01067,0.01167,-0.02484,0.06007,0.08391,0.63423,1,0
1768603708.538782,-1.09204,0.03933,0.24529,0.00066,-0.01889,-0.00367,0.55463,0.00008,0.28073,-0.00009,0.70745,0.00007,0.70676,1,3,0.99957,0.01067,0.01167,-0.02484,0.06007,0.08391,0.63423,1,0
1768603708.540774,-1.11491,0.05288,0.24691,0.00076,-0.01996,-0.00345,0.55467,0.00008,0.28074,-0.00009,0.70745,0.00007,0.70676,1,3,0.99957,0.01067,0.01167,-0.02484,0.06007,0.08391,0.63423,1,0
1768603708.542781,-1.06111,0.01880,0.22758,0.00098,-0.01976,-0.00278,0.55467,0.00008,0.28074,-0.00009,0.70745,0.00007,0.70676,1,3,0.99957,0.01067,0.01167,-0.02484,0.06007,0.08391,0.63423,1,0
1768603708.544789,-1.13747,0.00144,0.24218,0.00093,-0.01959,-0.00206,0.55471,0.00008,0.28074,-0.00009,0.70745,0.00007,0.70676,1,3,0.99957,0.01067,0.01167,-0.02484,0.06007,0.08391,0.63423,1,0
1768603708.546786,-1.13747,-0.00193,0.25034,0.00094,-0.02015,-0.00317,0.55471,0.00008,0.28074,-0.00009,0.70745,0.00007,0.70676,1,3,0.99957,0.01067,0.01167,-0.02484,0.06007,0.08391,0.63423,1,0
1768603708.548777,-1.12214,0.04515,0.24268,0.00091,-0.02045,-0.00437,0.55476,0.00008,0.28074,-0.00009,0.70745,0.00007,0.70676,1,3,0.99957,0.01067,0.01167,-0.02484,0.06007,0.08391,0.63423,1,0
1768603708.550774,-1.12937,0.01329,0.22389,0.00160,-0.01937,-0.00117,0.55476,0.00008,0.28074,-0.00009,0.70745,0.00007,0.70676,1,3,0.99957,0.01067,0.01167,-0.02484,0.06007,0.08391,0.63423,1,0
1768603708.552770,-1.10679,0.02194,0.21878,0.00094,-0.01922,-0.00090,0.55480,0.00008,0.28074,-0.00009,0.70745,0.00007,0.70676,1,3,0.99957,0.01067,0.01167,-0.02484,0.06007,0.08391,0.63423,1,0
1768603708.554770,-1.09972,0.02174,0.23390,0.00053,-0.01882,-0.00104,0.55480,0.00008,0.28074,-0.00009,0.70745,0.00007,0.70676,1,3,0.99957,0.01067,0.01167,-0.02484,0.06007,0.08391,0.63423,1,0
1768603708.556771,-1.11382,0.01802,0.20754,0.00108,-0.01913,-0.00224,0.55480,0.00008,0.28074,-0.00009,0.70745,0.00007,0.70676,1,3,0.99957,0.01067,0.01167,-0.02484,0.06007,0.08391,0.63423,1,0
1768603708.558794,-1.15943,0.02265,0.21564,0.00104,-0.01925,-0.00344,0.55484,0.00008,0.28074,-0.00009,0.70745,0.00007,0.70676,1,3,0.99957,0.01067,0.01167,-0.02484,0.06007,0.08391,0.63423,1,0
1768603708.560771,-1.18284,0.00232,0.23688,0.00103,-0.02053,-0.00207,0.55484,0.00008,0.28074,-0.00009,0.70745,0.00007,0.70676,1,3,0.99957,0.01067,0.01167,-0.02484,0.06007,0.08391,0.63423,1,0
1768603708.562806,-1.15909,-0.01441,0.20850,0.00108,-0.02022,-0.00298,0.55488,0.00008,0.28074,-0.00009,0.70745,0.00007,0.70677,1,3,0.99959,0.01132,0.01115,-0.02371,0.06024,0.08394,0.63481,1,0
1768603708.564809,-1.12866,0.01892,0.20927,0.00107,-0.01933,-0.00466,0.55488,0.00008,0.28074,-0.00009,0.70745,0.00007,0.70677,1,3,0.99959,0.01132,0.01115,-0.02371,0.06024,0.08394,0.63481,1,0
1768603708.566820,-1.09068,0.02149,0.20162,0.00110,-0.01789,-0.00380,0.55492,0.00008,0.28074,-0.00009,0.70745,0.00007,0.70677,1,3,0.99959,0.01132,0.01115,-0.02371,0.06024,0.08394,0.63481,1,0
1768603708.568803,-1.14382,0.05171,0.19794,0.00129,-0.01881,-0.00364,0.55492,0.00008,0.28074,-0.00009,0.70745,0.00007,0.70677,1,3,0.99959,0.01132,0.01115,-0.02371,0.06024,0.08394,0.63481,1,0
1768603708.570810,-1.15155,0.02134,0.20473,0.00172,-0.01873,-0.00201,0.55496,0.00008,0.28074,-0.00009,0.70745,0.00007,0.70676,1,3,0.99959,0.01132,0.01115,-0.02371,0.06024,0.08394,0.63481,1,0
1768603708.572809,-1.14472,0.02136,0.23038,0.00104,-0.01820,-0.00293,0.55500,0.00008,0.28074,-0.00009,0.70745,0.00007,0.70677,1,3,0.99959,0.01132,0.01115,-0.02371,0.06024,0.08394,0.63481,1,0
1768603708.574803,-1.13699,0.02965,0.21919,0.00131,-0.01855,-0.00162,0.55500,0.00008,0.28074,-0.00009,0.70745,0.00007,0.70677,1,3,0.99959,0.01132,0.01115,-0.02371,0.06024,0.08394,0.63481,1,0
1768603708.576935,-1.15934,0.03514,0.20781,0.00103,-0.01913,-0.00320,0.55504,0.00008,0.28074,-0.00009,0.70745,0.00007,0.70676,1,3,0.99959,0.01132,0.01115,-0.02371,0.06024,0.08394,0.63481,1,0
1768603708.578837,-1.15917,0.00935,0.19785,0.00092,-0.01882,-0.00212,0.55504,0.00008,0.28074,-0.00009,0.70745,0.00007,0.70676,1,3,0.99959,0.01132,0.01115,-0.02371,0.06024,0.08394,0.63481,1,0
1768603708.580822,-1.09827,-0.01114,0.19586,0.00085,-0.01928,-0.00213,0.55508,0.00008,0.28074,-0.00009,0.70745,0.00007,0.70676,1,3,0.99959,0.01132,0.01115,-0.02371,0.06024,0.08394,0.63481,1,0
1768603708.582816,-1.03718,-0.01163,0.19710,0.00131,-0.01861,-0.00352,0.55508,0.00008,0.28074,-0.00009,0.70745,0.00007,0.70676,1,3,0.99959,0.01132,0.01115,-0.02371,0.06024,0.08394,0.63481,1,0
1768603708.584797,-1.12217,0.02958,0.24016,0.00118,-0.01808,-0.00303,0.55512,0.00008,0.28074,-0.00009,0.70745,0.00007,0.70677,1,3,0.99959,0.01132,0.01115,-0.02371,0.06024,0.08394,0.63481,1,0
1768603708.586796,-1.08394,0.01747,0.22793,0.00096,-0.01845,-0.00276,0.55512,0.00008,0.28074,-0.00009,0.70745,0.00007,0.70677,1,3,0.99959,0.01132,0.01115,-0.02371,0.06024,0.08394,0.63481,1,0
1768603708.588795,-1.05312,0.00872,0.21864,0.00127,-0.01813,-0.00315,0.55516,0.00008,0.28074,-0.00009,0.70745,0.00007,0.70677,1,3,0.99959,0.01132,0.01115,-0.02371,0.06024,0.08394,0.63481,1,0
1768603708.590814,-1.06054,-0.00107,0.20923,0.00113,-0.01671,-0.00290,0.55516,0.00008,0.28074,-0.00009,0.70745,0.00007,0.70677,1,3,0.99959,0.01132,0.01115,-0.02371,0.06024,0.08394,0.63481,1,0
1768603708.592798,-1.07578,0.01647,0.20376,0.00084,-0.01721,-0.00286,0.55516,0.00008,0.28074,-0.00009,0.70745,0.00007,0.70677,1,3,0.99959,0.01132,0.01115,-0.02371,0.06024,0.08394,0.63481,1,0
1768603708.594831,-1.10687,0.02607,0.24298,0.00134,-0.01870,-0.00363,0.55521,0.00008,0.28075,-0.00009,0.70744,0.00007,0.70677,1,3,0.99959,0.01132,0.01115,-0.02371,0.06024,0.08394,0.63481,1,0
1768603708.596796,-1.15199,0.00983,0.22818,0.00132,-0.01932,-0.00342,0.55521,0.00008,0.28075,-0.00009,0.70744,0.00007,0.70677,1,3,0.99959,0.01132,0.01115,-0.02371,0.06024,0.08394,0.63481,1,0
1768603708.598831,-1.16042,0.01895,0.25698,0.00130,-0.02028,-0.00304,0.55524,0.00008,0.28074,-0.00009,0.70745,0.00007,0.70677,1,3,0.99959,0.01132,0.01115,-0.02371,0.06024,0.08394,0.63481,1,0
1768603708.600826,-1.15973,0.01826,0.22731,0.00130,-0.01955,-0.00263,0.55524,0.00008,0.28074,-0.00009,0.70745,0.00007,0.70677,1,3,0.99959,0.01132,0.01115,-0.02371,0.06024,0.08394,0.63481,1,0
1768603708.602828,-1.10660,0.00194,0.23287,0.00123,-0.01992,-0.00295,0.55528,0.00008,0.28075,-0.00009,0.70744,0.00007,0.70677,1,3,0.99959,0.01132,0.01115,-0.02371,0.06024,0.08394,0.63481,1,0
1768603708.604825,-1.08392,0.04208,0.22248,0.00107,-0.01786,-0.00267,0.55528,0.00008,0.28075,-0.00009,0.70744,0.00007,0.70677,1,3,0.99961,0.01157,0.00921,-0.02386,0.06043,0.08391,0.63509,1,0
1768603708.606839,-1.09850,0.01832,0.20207,0.00122,-0.01964,-0.00173,0.55533,0.00008,0.28075,-0.00009,0.70744,0.00007,0.70677,1,3,0.99961,0.01157,0.00921,-0.02386,0.06043,0.08391,0.63509,1,0
1768603708.608862,-1.13617,0.02216,0.18948,0.00133,-0.01935,-0.00150,0.55533,0.00008,0.28075,-0.00009,0.70744,0.00007,0.70677,1,3,0.99961,0.01157,0.00921,-0.02386,0.06043,0.08391,0.63509,1,0
1768603708.610877,-1.11345,-0.01115,0.18600,0.00030,-0.01896,-0.00188,0.55536,0.00008,0.28074,-0.00009,0.70745,0.00007,0.70677,1,3,0.99961,0.01157,0.00921,-0.02386,0.06043,0.08391,0.63509,1,0
1768603708.612848,-1.11438,0.00503,0.23591,0.00095,-0.01857,-0.00325,0.55541,0.00008,0.28075,-0.00009,0.70744,0.00007,0.70677,1,3,0.99961,0.01157,0.00921,-0.02386,0.06043,0.08391,0.63509,1,0
1768603708.614817,-1.11401,0.01402,0.23081,0.00148,-0.01929,-0.00372,0.55541,0.00008,0.28075,-0.00009,0.70744,0.00007,0.70677,1,3,0.99961,0.01157,0.00921,-0.02386,0.06043,0.08391,0.63509,1,0
1768603708.616858,-1.12198,0.03101,0.24071,0.00119,-0.01917,-0.00419,0.55545,0.00008,0.28075,-0.00009,0.70744,0.00007,0.70677,1,3,0.99961,0.01157,0.00921,-0.02386,0.06043,0.08391,0.63509,1,0
1768603708.618846,-1.09144,0.01751,0.22731,0.00136,-0.01889,-0.00224,0.55545,0.00008,0.28075,-0.00009,0.70744,0.00007,0.70677,1,3,0.99961,0.01157,0.00921,-0.02386,0.06043,0.08391,0.63509,1,0
1768603708.620830,-1.06181,0.03213,0.24986,0.00056,-0.02015,-0.00334,0.55549,0.00008,0.28074,-0.00009,0.70744,0.00007,0.70677,1,3,0.99961,0.01157,0.00921,-0.02386,0.06043,0.08391,0.63509,1,0
1768603708.622875,-1.03056,0.03001,0.22091,0.00099,-0.01810,-0.00342,0.55549,0.00008,0.28074,-0.00009,0.70744,0.00007,0.70677,1,3,0.99961,0.01157,0.00921,-0.02386,0.06043,0.08391,0.63509,1,0
1768603708.624842,-1.13703,0.04864,0.22911,0.00143,-0.02040,-0.00300,0.55553,0.00008,0.28074,-0.00009,0.70745,0.00007,0.70677,1,3,0.99961,0.01157,0.00921,-0.02386,0.06043,0.08391,0.63509,1,0
1768603708.626934,-1.14406,0.01457,0.21540,0.00146,-0.01991,-0.00321,0.55553,0.00008,0.28074,-0.00009,0.70745,0.00007,0.70677,1,3,0.99961,0.01157,0.00921,-0.02386,0.06043,0.08391,0.63509,1,0
1768603708.628912,-1.12163,0.00522,0.22577,0.00121,-0.01891,-0.00311,0.55557,0.00008,0.28075,-0.00009,0.70744,0.00007,0.70677,1,3,0.99961,0.01157,0.00921,-0.02386,0.06043,0.08391,0.63509,1,0
1768603708.630878,-1.05347,0.00355,0.23648,0.00140,-0.01725,-0.00348,0.55557,0.00008,0.28075,-0.00009,0.70744,0.00007,0.70677,1,3,0.99961,0.01157,0.00921,-0.02386,0.06043,0.08391,0.63509,1,0
1768603708.632871,-1.15284,0.02660,0.25240,0.00103,-0.01925,-0.00326,0.55561,0.00008,0.28074,-0.00009,0.70744,0.00007,0.70677,1,3,0.99961,0.01157,0.00921,-0.02386,0.06043,0.08391,0.63509,1,0
1768603708.634853,-1.13768,0.02923,0.25092,0.00104,-0.02210,-0.00240,0.55561,0.00008,0.28074,-0.00009,0.70744,0.00007,0.70677,1,3,0.99961,0.01157,0.00921,-0.02386,0.06043,0.08391,0.63509,1,0
1768603708.636849,-1.09871,0.01806,0.21194,0.00135,-0.01952,-0.00173,0.55565,0.00008,0.28074,-0.00009,0.70744,0.00007,0.70677,1,3,0.99961,0.01157,0.00921,-0.02386,0.06043,0.08391,0.63509,1,0
1768603708.638856,-1.03799,0.03792,0.20509,0.00098,-0.01785,-0.00223,0.55565,0.00008,0.28074,-0.00009,0.70744,0.00007,0.70677,1,3,0.99961,0.01157,0.00921,-0.02386,0.06043,0.08391,0.63509,1,0
1768603708.640840,-1.06055,0.05470,0.19939,0.00148,-0.01814,-0.00204,0.55565,0.00008,0.28074,-0.00009,0.70744,0.00007,0.70677,1,3,0.99961,0.01157,0.00921,-0.02386,0.06043,0.08391,0.63509,1,0
1768603708.642842,-1.14416,0.02226,0.21518,0.00145,-0.01926,-0.00292,0.55569,0.00008,0.28075,-0.00009,0.70744,0.00007,0.70677,1,3,0.99961,0.01157,0.00921,-0.02386,0.06043,0.08391,0.63509,1,0
1768603708.644840,-1.12211,0.01390,0.23491,0.00093,-0.01924,-0.00246,0.55569,0.00008,0.28075,-0.00009,0.70744,0.00007,0.70677,1,3,0.99961,0.01157,0.00921,-0.02386,0.06043,0.08391,0.63509,1,0
1768603708.646839,-1.07608,0.01869,0.22785,0.00137,-0.01976,-0.00327,0.55573,0.00008,0.28074,-0.00009,0.70745,0.00007,0.70677,1,3,0.99961,0.01157,0.00921,-0.02386,0.06043,0.08391,0.63509,1,0
1768603708.648842,-1.14484,0.05166,0.22703,0.00088,-0.01890,-0.00291,0.55573,0.00008,0.28074,-0.00009,0.70745,0.00007,0.70677,1,3,0.99961,0.01157,0.00921,-0.02386,0.06043,0.08391,0.63509,1,0
1768603708.650847,-1.11383,0.03447,0.20663,0.00146,-0.01914,-0.00167,0.55577,0.00008,0.28074,-0.00009,0.70745,0.00007,0.70677,1,3,0.99961,0.01157,0.00921,-0.02386,0.06043,0.08391,0.63509,1,0
1768603708.652842,-1.12223,0.00888,0.23697,0.00107,-0.01878,-0.00164,0.55577,0.00008,0.28074,-0.00009,0.70745,0.00007,0.70677,1,3,0.99958,0.01204,0.01040,-0.02419,0.06061,0.08386,0.63503,1,0
1768603708.654847,-1.04482,0.03782,0.18058,0.00125,-0.01771,-0.00246,0.55581,0.00008,0.28074,-0.00009,0.70745,0.00007,0.70676,1,3,0.99958,0.01204,0.01040,-0.02419,0.06061,0.08386,0.63503,1,0
1768603708.656914,-1.04540,0.03891,0.20083,0.00071,-0.01834,-0.00326,0.55581,0.00008,0.28074,-0.00009,0.70745,0.00007,0.70676,1,3,0.99958,0.01204,0.01040,-0.02419,0.06061,0.08386,0.63503,1,0
1768603708.658926,-1.12912,0.04332,0.20696,0.00104,-0.01914,-0.00229,0.55581,0.00008,0.28074,-0.00009,0.70745,0.00007,0.70676,1,3,0.99958,0.01204,0.01040,-0.02419,0.06061,0.08386,0.63503,1,0
1768603708.660895,-1.12234,0.01029,0.24668,0.00120,-0.02019,-0.00205,0.55585,0.00008,0.28074,-0.00009,0.70745,0.00007,0.70676,1,3,0.99958,0.01204,0.01040,-0.02419,0.06061,0.08386,0.63503,1,0
1768603708.662878,-1.12240,0.01342,0.25047,0.00093,-0.01861,-0.00323,0.55585,0.00008,0.28074,-0.00009,0.70745,0.00007,0.70676,1,3,0.99958,0.01204,0.01040,-0.02419,0.06061,0.08386,0.63503,1,0
1768603708.664883,-1.03828,0.00935,0.22834,0.00101,-0.01866,-0.00304,0.55593,0.00008,0.28074,-0.00009,0.70745,0.00007,0.70676,1,3,0.99958,0.01204,0.01040,-0.02419,0.06061,0.08386,0.63503,1,0
1768603708.666871,-1.04527,0.02195,0.20654,0.00100,-0.01827,-0.00381,0.55593,0.00008,0.28074,-0.00009,0.70745,0.00007,0.70676,1,3,0.99958,0.01204,0.01040,-0.02419,0.06061,0.08386,0.63503,1,0
1768603708.668874,-1.07512,0.03422,0.17822,0.00110,-0.01818,-0.00266,0.55593,0.00008,0.28074,-0.00009,0.70745,0.00007,0.70676,1,3,0.99958,0.01204,0.01040,-0.02419,0.06061,0.08386,0.63503,1,0
1768603708.670925,-1.11377,0.02662,0.20288,0.00080,-0.01897,-0.00272,0.55597,0.00008,0.28074,-0.00009,0.70745,0.00007,0.70676,1,3,0.99958,0.01204,0.01040,-0.02419,0.06061,0.08386,0.63503,1,0
1768603708.672868,-1.10662,0.00487,0.22484,0.00122,-0.01893,-0.00184,0.55601,0.00008,0.28074,-0.00009,0.70745,0.00007,0.70676,1,3,0.99958,0.01204,0.01040,-0.02419,0.06061,0.08386,0.63503,1,0
1768603708.674882,-1.14543,0.02804,0.26158,0.00117,-0.02088,-0.00303,0.55601,0.00008,0.28074,-0.00009,0.70745,0.00007,0.70676,1,3,0.99958,0.01204,0.01040,-0.02419,0.06061,0.08386,0.63503,1,0
1768603708.676888,-1.14437,0.03234,0.23033,0.00144,-0.02060,-0.00419,0.55605,0.00008,0.28073,-0.00009,0.70746,0.00007,0.70676,1,3,0.99958,0.01204,0.01040,-0.02419,0.06061,0.08386,0.63503,1,0
1768603708.678868,-1.12850,0.02365,0.19655,0.00080,-0.01970,-0.00433,0.55605,0.00008,0.28073,-0.00009,0.70746,0.00007,0.70676,1,3,0.99958,0.01204,0.01040,-0.02419,0.06061,0.08386,0.63503,1,0
1768603708.680880,-1.07504,0.00820,0.17395,0.00085,-0.01736,-0.00235,0.55609,0.00008,0.28073,-0.00009,0.70746,0.00007,0.70676,1,3,0.99958,0.01204,0.01040,-0.02419,0.06061,0.08386,0.63503,1,0
1768603708.682863,-1.12129,0.02613,0.20354,0.00080,-0.01831,-0.00335,0.55609,0.00008,0.28073,-0.00009,0.70746,0.00007,0.70676,1,3,0.99958,0.01204,0.01040,-0.02419,0.06061,0.08386,0.63503,1,0
1768603708.685002,-1.17491,0.01807,0.22745,0.00129,-0.01933,-0.00275,0.55609,0.00008,0.28073,-0.00009,0.70746,0.00007,0.70676,1,3,0.99958,0.01204,0.01040,-0.02419,0.06061,0.08386,0.63503,1,0
1768603708.686961,-1.09109,0.01949,0.22865,0.00137,-0.02019,-0.00455,0.55613,0.00008,0.28074,-0.00009,0.70745,0.00007,0.70676,1,3,0.99958,0.01204,0.01040,-0.02419,0.06061,0.08386,0.63503,1,0
1768603708.688878,-1.04478,0.02144,0.18661,0.00114,-0.01786,-0.00341,0.55613,0.00008,0.28074,-0.00009,0.70745,0.00007,0.70676,1,3,0.99958,0.01204,0.01040,-0.02419,0.06061,0.08386,0.63503,1,0
1768603708.690903,-1.06845,0.03669,0.20016,0.00069,-0.01660,-0.00170,0.55617,0.00008,0.28074,-0.00009,0.70745,0.00007,0.70676,1,3,0.99958,0.01204,0.01040,-0.02419,0.06061,0.08386,0.63503,1,0
1768603708.692899,-1.15971,-0.00809,0.22282,0.00106,-0.01852,-0.00193,0.55617,0.00008,0.28074,-0.00009,0.70745,0.00007,0.70676,1,3,0.99958,0.01204,0.01040,-0.02419,0.06061,0.08386,0.63503,1,0
1768603708.694880,-1.05454,0.04330,0.25105,0.00068,-0.01926,-0.00170,0.55621,0.00008,0.28074,-0.00009,0.70745,0.00007,0.70676,1,3,0.99958,0.01204,0.01040,-0.02419,0.06061,0.08386,0.63503,1,0
1768603708.696883,-1.09104,0.02967,0.21555,0.00149,-0.01816,-0.00314,0.55621,0.00008,0.28074,-0.00009,0.70745,0.00007,0.70676,1,3,0.99951,0.01266,0.01320,-0.02541,0.06076,0.08373,0.63447,1,0
1768603708.698879,-1.05303,0.01767,0.20795,0.00112,-0.01869,-0.00249,0.55625,0.00008,0.28074,-0.00009,0.70746,0.00007,0.70676,1,3,0.99951,0.01266,0.01320,-0.02541,0.06076,0.08373,0.63447,1,0
1768603708.700892,-1.03881,0.02961,0.23409,0.00098,-0.01837,-0.00139,0.55625,0.00008,0.28074,-0.00009,0.70746,0.00007,0.70676,1,3,0.99951,0.01266,0.01320,-0.02541,0.06076,0.08373,0.63447,1,0
1768603708.702886,-1.06175,0.05839,0.24109,0.00133,-0.01785,-0.00174,0.55629,0.00008,0.28074,-0.00009,0.70745,0.00007,0.70676,1,3,0.99951,0.01266,0.01320,-0.02541,0.06076,0.08373,0.63447,1,0
1768603708.704890,-1.10770,0.03820,0.25278,0.00118,-0.01902,-0.00074,0.55633,0.00008,0.28074,-0.00009,0.70746,0.00007,0.70676,1,3,0.99951,0.01266,0.01320,-0.02541,0.06076,0.08373,0.63447,1,0
1768603708.706877,-1.11398,0.02147,0.22424,0.00201,-0.01915,-0.00190,0.55633,0.00008,0.28074,-0.00009,0.70746,0.00007,0.70676,1,3,0.99951,0.01266,0.01320,-0.02541,0.06076,0.08373,0.63447,1,0
1768603708.708894,-1.08418,0.01840,0.24195,0.00136,-0.01981,-0.00239,0.55637,0.00008,0.28074,-0.00009,0.70745,0.00007,0.70676,1,3,0.99951,0.01266,0.01320,-0.02541,0.06076,0.08373,0.63447,1,0
1768603708.710949,-1.09942,0.01823,0.24289,0.00095,-0.01914,-0.00329,0.55637,0.00008,0.28074,-0.00009,0.70745,0.00007,0.70676,1,3,0.99951,0.01266,0.01320,-0.02541,0.06076,0.08373,0.63447,1,0
1768603708.712893,-1.13634,0.01150,0.21316,0.00134,-0.02081,-0.00368,0.55641,0.00008,0.28074,-0.00009,0.70745,0.00007,0.70676,1,3,0.99951,0.01266,0.01320,-0.02541,0.06076,0.08373,0.63447,1,0
1768603708.714896,-1.12933,0.01498,0.22452,0.00120,-0.02046,-0.00234,0.55641,0.00008,0.28074,-0.00009,0.70745,0.00007,0.70676,1,3,0.99951,0.01266,0.01320,-0.02541,0.06076,0.08373,0.63447,1,0
1768603708.716900,-1.05390,0.02646,0.24772,0.00124,-0.01908,-0.00339,0.55645,0.00008,0.28074,-0.00009,0.70745,0.00007,0.70676,1,3,0.99951,0.01266,0.01320,-0.02541,0.06076,0.08373,0.63447,1,0
1768603708.718909,-1.03852,0.04291,0.24319,0.00137,-0.01848,-0.00422,0.55645,0.00008,0.28074,-0.00009,0.70745,0.00007,0.70676,1,3,0.99951,0.01266,0.01320,-0.02541,0.06076,0.08373,0.63447,1,0
1768603708.720911,-1.09882,0.04872,0.23063,0.00146,-0.01994,-0.00478,0.55645,0.00008,0.28074,-0.00009,0.70745,0.00007,0.70676,1,3,0.99951,0.01266,0.01320,-0.02541,0.06076,0.08373,0.63447,1,0
1768603708.723059,-1.15198,0.04443,0.22699,0.00169,-0.02042,-0.00344,0.55649,0.00008,0.28074,-0.00009,0.70745,0.00007,0.70676,1,3,0.99951,0.01266,0.01320,-0.02541,0.06076,0.08373,0.63447,1,0
1768603708.725029,-1.13706,-0.00676,0.22745,0.00094,-0.01977,-0.00195,0.55649,0.00008,0.28074,-0.00009,0.70745,0.00007,0.70676,1,3,0.99951,0.01266,0.01320,-0.02541,0.06076,0.08373,0.63447,1,0
1768603708.726939,-1.09945,0.01106,0.25307,0.00109,-0.02033,-0.00397,0.55649,0.00008,0.28074,-0.00009,0.70745,0.00007,0.70676,1,3,0.99951,0.01266,0.01320,-0.02541,0.06076,0.08373,0.63447,1,0
1768603708.728910,-1.09933,0.02799,0.24784,0.00121,-0.02039,-0.00416,0.55653,0.00008,0.28074,-0.00009,0.70745,0.00007,0.70676,1,3,0.99951,0.01266,0.01320,-0.02541,0.06076,0.08373,0.63447,1,0
1768603708.730912,-1.15152,0.03193,0.20512,0.00131,-0.02025,-0.00328,0.55653,0.00008,0.28074,-0.00009,0.70745,0.00007,0.70676,1,3,0.99961,0.01360,0.00896,-0.02271,0.06118,0.08370,0.63509,1,0
1768603708.732924,-1.14432,0.00926,0.21177,0.00133,-0.01930,-0.00124,0.55657,0.00008,0.28073,-0.00009,0.70746,0.00007,0.70676,1,3,0.99961,0.01360,0.00896,-0.02271,0.06118,0.08370,0.63509,1,0
1768603708.734909,-1.13643,-0.00459,0.19940,0.00148,-0.01836,-0.00043,0.55657,0.00008,0.28073,-0.00009,0.70746,0.00007,0.70676,1,3,0.99961,0.01360,0.00896,-0.02271,0.06118,0.08370,0.63509,1,0
1768603708.736931,-1.11406,0.02865,0.22221,0.00107,-0.02114,-0.00314,0.55665,0.00008,0.28074,-0.00009,0.70746,0.00007,0.70676,1,3,0.99961,0.01360,0.00896,-0.02271,0.06118,0.08370,0.63509,1,0
1768603708.738925,-1.11378,0.03697,0.22292,0.00147,-0.02091,-0.00437,0.55665,0.00008,0.28074,-0.00009,0.70746,0.00007,0.70676,1,3,0.99961,0.01360,0.00896,-0.02271,0.06118,0.08370,0.63509,1,0
1768603708.740927,-1.04533,0.03676,0.20270,0.00085,-0.02050,-0.00323,0.55669,0.00008,0.28074,-0.00009,0.70746,0.00007,0.70676,1,3,0.99961,0.01360,0.00896,-0.02271,0.06118,0.08370,0.63509,1,0
1768603708.742923,-1.01529,0.04090,0.21265,0.00139,-0.01688,-0.00227,0.55669,0.00008,0.28074,-0.00009,0.70746,0.00007,0.70676,1,3,0.99961,0.01360,0.00896,-0.02271,0.06118,0.08370,0.63509,1,0
1768603708.744939,-1.12145,0.03021,0.21011,0.00119,-0.01866,-0.00264,0.55673,0.00008,0.28074,-0.00009,0.70745,0.00007,0.70676,1,3,0.99961,0.01360,0.00896,-0.02271,0.06118,0.08370,0.63509,1,0
1768603708.746916,-1.19029,0.02741,0.23695,0.00141,-0.02031,-0.00300,0.55673,0.00008,0.28074,-0.00009,0.70745,0.00007,0.70676,1,3,0.99961,0.01360,0.00896,-0.02271,0.06118,0.08370,0.63509,1,0
1768603708.748937,-1.07734,0.02748,0.27132,0.00135,-0.02054,-0.00265,0.55678,0.00008,0.28074,-0.00009,0.70745,0.00007,0.70676,1,3,0.99961,0.01360,0.00896,-0.02271,0.06118,0.08370,0.63509,1,0
1768603708.750923,-1.07665,0.03034,0.24451,0.00149,-0.01912,-0.00267,0.55678,0.00008,0.28074,-0.00009,0.70745,0.00007,0.70676,1,3,0.99961,0.01360,0.00896,-0.02271,0.06118,0.08370,0.63509,1,0
1768603708.752934,-1.11400,0.03882,0.20911,0.00119,-0.01911,-0.00173,0.55678,0.00008,0.28074,-0.00009,0.70745,0.00007,0.70676,1,3,0.99961,0.01360,0.00896,-0.02271,0.06118,0.08370,0.63509,1,0
1768603708.754925,-1.01584,0.04867,0.22940,0.00072,-0.01996,-0.00276,0.55678,0.00008,0.28074,-0.00009,0.70745,0.00007,0.70676,1,3,0.99961,0.01360,0.00896,-0.02271,0.06118,0.08370,0.63509,1,0
1768603708.756946,-1.03104,0.05123,0.23151,0.00123,-0.01884,-0.00215,0.55682,0.00008,0.28074,-0.00009,0.70745,0.00007,0.70676,1,3,0.99961,0.01360,0.00896,-0.02271,0.06118,0.08370,0.63509,1,0
1768603708.758922,-1.06895,0.04346,0.23148,0.00121,-0.01950,-0.00218,0.55686,0.00008,0.28074,-0.00009,0.70746,0.00007,0.70676,1,3,0.99961,0.01360,0.00896,-0.02271,0.06118,0.08370,0.63509,1,0
1768603708.760947,-1.13725,0.00569,0.23504,0.00093,-0.01946,-0.00249,0.55686,0.00008,0.28074,-0.00009,0.70746,0.00007,0.70676,1,3,0.99961,0.01360,0.00896,-0.02271,0.06118,0.08370,0.63509,1,0
1768603708.762946,-1.06819,0.02646,0.21295,0.00137,-0.01907,-0.00310,0.55690,0.00008,0.28074,-0.00009,0.70746,0.00007,0.70676,1,3,0.99956,0.01389,0.00891,-0.02481,0.06135,0.08364,0.63499,1,0
1768603708.764950,-1.08403,0.01432,0.23538,0.00096,-0.01945,-0.00311,0.55690,0.00008,0.28074,-0.00009,0.70746,0.00007,0.70676,1,3,0.99956,0.01389,0.00891,-0.02481,0.06135,0.08364,0.63499,1,0
1768603708.766946,-1.10642,0.03546,0.22219,0.00147,-0.01983,-0.00296,0.55694,0.00008,0.28074,-0.00009,0.70745,0.00007,0.70676,1,3,0.99956,0.01389,0.00891,-0.02481,0.06135,0.08364,0.63499,1,0
1768603708.768967,-1.09180,0.03957,0.24939,0.00174,-0.01993,-0.00328,0.55698,0.00008,0.28073,-0.00009,0.70746,0.00007,0.70676,1,3,0.99956,0.01389,0.00891,-0.02481,0.06135,0.08364,0.63499,1,0
1768603708.770943,-1.06836,0.01719,0.21716,0.00165,-0.01880,-0.00185,0.55698,0.00008,0.28073,-0.00009,0.70746,0.00007,0.70676,1,3,0.99956,0.01389,0.00891,-0.02481,0.06135,0.08364,0.63499,1,0
1768603708.772943,-1.09881,-0.00297,0.21478,0.00110,-0.01949,-0.00148,0.55698,0.00008,0.28073,-0.00009,0.70746,0.00007,0.70676,1,3,0.99956,0.01389,0.00891,-0.02481,0.06135,0.08364,0.63499,1,0
1768603708.775188,-1.12896,0.00608,0.21481,0.00148,-0.02014,-0.00222,0.55702,0.00008,0.28073,-0.00009,0.70746,0.00007,0.70675,1,3,0.99956,0.01389,0.00891,-0.02481,0.06135,0.08364,0.63499,1,0
1768603708.776969,-1.11340,0.02271,0.19529,0.00121,-0.01950,-0.00266,0.55706,0.00008,0.28073,-0.00009,0.70747,0.00007,0.70675,1,3,0.99956,0.01389,0.00891,-0.02481,0.06135,0.08364,0.63499,1,0
1768603708.778945,-1.06846,0.02268,0.22075,0.00097,-0.01919,-0.00345,0.55706,0.00008,0.28073,-0.00009,0.70747,0.00007,0.70675,1,3,0.99956,0.01389,0.00891,-0.02481,0.06135,0.08364,0.63499,1,0
1768603708.780967,-1.07582,0.01573,0.21534,0.00111,-0.02079,-0.00323,0.55709,0.00008,0.28072,-0.00009,0.70747,0.00007,0.70674,1,3,0.99956,0.01389,0.00891,-0.02481,0.06135,0.08364,0.63499,1,0
1768603708.782941,-1.10609,0.00978,0.21317,0.00136,-0.01928,-0.00302,0.55709,0.00008,0.28072,-0.00009,0.70747,0.00007,0.70674,1,3,0.99956,0.01389,0.00891,-0.02481,0.06135,0.08364,0.63499,1,0
1768603708.784951,-1.06815,0.01781,0.20831,0.00111,-0.01869,-0.00300,0.55709,0.00008,0.28072,-0.00009,0.70747,0.00007,0.70674,1,3,0.99956,0.01389,0.00891,-0.02481,0.06135,0.08364,0.63499,1,0
1768603708.786949,-1.11358,0.01835,0.20278,0.00121,-0.01941,-0.00261,0.55713,0.00008,0.28072,-0.00009,0.70747,0.00007,0.70674,1,3,0.99956,0.01389,0.00891,-0.02481,0.06135,0.08364,0.63499,1,0
1768603708.788968,-1.12137,0.01301,0.21445,0.00188,-0.01905,-0.00166,0.55713,0.00008,0.28072,-0.00009,0.70747,0.00007,0.70674,1,3,0.99956,0.01389,0.00891,-0.02481,0.06135,0.08364,0.63499,1,0
1768603708.790966,-1.14399,0.00617,0.20587,0.00093,-0.01959,-0.00311,0.55713,0.00008,0.28072,-0.00009,0.70747,0.00007,0.70674,1,3,0.99956,0.01389,0.00891,-0.02481,0.06135,0.08364,0.63499,1,0
1768603708.792974,-1.07574,0.01344,0.20588,0.00098,-0.01850,-0.00282,0.55718,0.00008,0.28072,-0.00009,0.70747,0.00007,0.70674,1,3,0.99956,0.01389,0.00891,-0.02481,0.06135,0.08364,0.63499,1,0
1768603708.794971,-1.03744,0.02647,0.19319,0.00113,-0.01887,-0.00284,0.55718,0.00008,0.28072,-0.00009,0.70747,0.00007,0.70674,1,3,0.99955,0.01492,0.01018,-0.02387,0.06152,0.08357,0.63491,1,0
1768603708.796981,-1.09880,0.03402,0.21310,0.00094,-0.01797,-0.00307,0.55722,0.00008,0.28072,-0.00009,0.70747,0.00007,0.70674,1,3,0.99955,0.01492,0.01018,-0.02387,0.06152,0.08357,0.63491,1,0
1768603708.798986,-1.06870,0.02473,0.23272,0.00163,-0.01773,-0.00271,0.55722,0.00008,0.28072,-0.00009,0.70747,0.00007,0.70674,1,3,0.99955,0.01492,0.01018,-0.02387,0.06152,0.08357,0.63491,1,0
1768603708.801449,-1.06143,0.03869,0.23984,0.00122,-0.01874,-0.00302,0.55730,0.00008,0.28072,-0.00009,0.70747,0.00007,0.70674,1,3,0.99955,0.01492,0.01018,-0.02387,0.06152,0.08357,0.63491,1,0
1768603708.802978,-1.03103,0.02687,0.23207,0.00086,-0.01949,-0.00225,0.55730,0.00008,0.28072,-0.00009,0.70747,0.00007,0.70674,1,3,0.99955,0.01492,0.01018,-0.02387,0.06152,0.08357,0.63491,1,0
1768603708.804992,-1.07585,0.01386,0.20994,0.00124,-0.01932,-0.00206,0.55734,0.00008,0.28072,-0.00009,0.70748,0.00007,0.70674,1,3,0.99955,0.01492,0.01018,-0.02387,0.06152,0.08357,0.63491,1,0
1768603708.806976,-1.03838,0.01367,0.21526,0.00033,-0.01860,-0.00195,0.55734,0.00008,0.28072,-0.00009,0.70748,0.00007,0.70674,1,3,0.99955,0.01492,0.01018,-0.02387,0.06152,0.08357,0.63491,1,0
1768603708.809011,-1.02327,0.02900,0.22935,0.00153,-0.01799,-0.00163,0.55738,0.00008,0.28072,-0.00009,0.70747,0.00007,0.70674,1,3,0.99955,0.01492,0.01018,-0.02387,0.06152,0.08357,0.63491,1,0
1768603708.810973,-1.05316,0.01899,0.21255,0.00099,-0.01995,-0.00251,0.55738,0.00008,0.28072,-0.00009,0.70747,0.00007,0.70674,1,3,0.99955,0.01492,0.01018,-0.02387,0.06152,0.08357,0.63491,1,0
1768603708.812973,-1.09947,0.00864,0.24189,0.00135,-0.01872,-0.00164,0.55738,0.00008,0.28072,-0.00009,0.70747,0.00007,0.70674,1,3,0.99955,0.01492,0.01018,-0.02387,0.06152,0.08357,0.63491,1,0
1768603708.814966,-1.04652,0.03847,0.23935,0.00083,-0.01853,-0.00214,0.55742,0.00008,0.28072,-0.00009,0.70748,0.00007,0.70674,1,3,0.99955,0.01492,0.01018,-0.02387,0.06152,0.08357,0.63491,1,0
1768603708.816967,-1.03795,0.01620,0.20797,0.00113,-0.01738,-0.00197,0.55742,0.00008,0.28072,-0.00009,0.70748,0.00007,0.70674,1,3,0.99955,0.01492,0.01018,-0.02387,0.06152,0.08357,0.63491,1,0
1768603708.818997,-1.06003,0.02947,0.18525,0.00152,-0.01809,-0.00210,0.55746,0.00008,0.28072,-0.00009,0.70748,0.00007,0.70674,1,3,0.99955,0.01492,0.01018,-0.02387,0.06152,0.08357,0.63491,1,0
1768603708.820971,-1.09154,0.01100,0.24293,0.00137,-0.02045,-0.00370,0.55746,0.00008,0.28072,-0.00009,0.70748,0.00007,0.70674,1,3,0.99955,0.01492,0.01018,-0.02387,0.06152,0.08357,0.63491,1,0
1768603708.822960,-1.09978,0.01886,0.25748,0.00094,-0.01984,-0.00331,0.55746,0.00008,0.28072,-0.00009,0.70748,0.00007,0.70674,1,3,0.99955,0.01492,0.01018,-0.02387,0.06152,0.08357,0.63491,1,0
1768603708.824963,-1.09168,0.01363,0.25023,0.00176,-0.01927,-0.00335,0.55750,0.00008,0.28072,-0.00009,0.70748,0.00007,0.70674,1,3,0.99955,0.01492,0.01018,-0.02387,0.06152,0.08357,0.63491,1,0
1768603708.827009,-1.06077,0.05436,0.21041,0.00122,-0.01735,-0.00319,0.55750,0.00008,0.28072,-0.00009,0.70748,0.00007,0.70674,1,3,0.99955,0.01492,0.01018,-0.02387,0.06152,0.08357,0.63491,1,0
1768603708.828998,-1.12131,0.00596,0.20533,0.00095,-0.01960,-0.00234,0.55754,0.00008,0.28072,-0.00009,0.70748,0.00007,0.70674,1,3,0.99955,0.01492,0.01018,-0.02387,0.06152,0.08357,0.63491,1,0
1768603708.831012,-1.10589,0.02338,0.19940,0.00148,-0.02054,-0.00203,0.55754,0.00008,0.28072,-0.00009,0.70748,0.00007,0.70674,1,3,0.99956,0.01523,0.00978,-0.02350,0.06172,0.08354,0.63505,1,0
1768603708.833024,-1.02972,-0.02549,0.19579,0.00093,-0.02168,-0.00235,0.55757,0.00008,0.28072,-0.00009,0.70748,0.00007,0.70674,1,3,0.99956,0.01523,0.00978,-0.02350,0.06172,0.08354,0.63505,1,0
1768603708.835001,-1.07625,0.03104,0.22953,0.00149,-0.01974,-0.00266,0.55757,0.00008,0.28072,-0.00009,0.70748,0.00007,0.70674,1,3,0.99956,0.01523,0.00978,-0.02350,0.06172,0.08354,0.63505,1,0
1768603708.837025,-1.12199,0.03209,0.23896,0.00159,-0.02094,-0.00268,0.55761,0.00008,0.28072,-0.00009,0.70748,0.00007,0.70674,1,3,0.99956,0.01523,0.00978,-0.02350,0.06172,0.08354,0.63505,1,0
1768603708.839006,-1.13663,0.03645,0.21164,0.00131,-0.02083,-0.00246,0.55761,0.00008,0.28072,-0.00009,0.70748,0.00007,0.70674,1,3,0.99956,0.01523,0.00978,-0.02350,0.06172,0.08354,0.63505,1,0
1768603708.841004,-1.09068,-0.00358,0.20013,0.00152,-0.01901,-0.00158,0.55765,0.00008,0.28071,-0.00009,0.70748,0.00007,0.70673,1,3,0.99956,0.01523,0.00978,-0.02350,0.06172,0.08354,0.63505,1,0
1768603708.843009,-1.06798,0.03363,0.19778,0.00137,-0.01794,-0.00242,0.55769,0.00008,0.28071,-0.00009,0.70748,0.00007,0.70673,1,3,0.99956,0.01523,0.00978,-0.02350,0.06172,0.08354,0.63505,1,0
1768603708.844996,-1.07584,0.03111,0.20992,0.00123,-0.01954,-0.00265,0.55769,0.00008,0.28071,-0.00009,0.70748,0.00007,0.70673,1,3,0.99956,0.01523,0.00978,-0.02350,0.06172,0.08354,0.63505,1,0
1768603708.847011,-1.04595,0.03019,0.21453,0.00071,-0.01861,-0.00164,0.55773,0.00008,0.28071,-0.00009,0.70749,0.00007,0.70673,1,3,0.99956,0.01523,0.00978,-0.02350,0.06172,0.08354,0.63505,1,0
1768603708.849017,-1.00764,0.03867,0.19958,0.00073,-0.01857,-0.00161,0.55773,0.00008,0.28071,-0.00009,0.70749,0.00007,0.70673,1,3,0.99956,0.01523,0.00978,-0.02350,0.06172,0.08354,0.63505,1,0
1768603708.851003,-1.04570,0.03771,0.21435,0.00151,-0.01817,-0.00172,0.55777,0.00008,0.28071,-0.00009,0.70749,0.00007,0.70673,1,3,0.99956,0.01523,0.00978,-0.02350,0.06172,0.08354,0.63505,1,0
1768603708.853061,-1.08496,0.01271,0.25851,0.00108,-0.01874,-0.00082,0.55777,0.00008,0.28071,-0.00009,0.70749,0.00007,0.70673,1,3,0.99956,0.01523,0.00978,-0.02350,0.06172,0.08354,0.63505,1,0
1768603708.855001,-1.08461,0.02679,0.26144,0.00161,-0.02001,-0.00251,0.55781,0.00008,0.28071,-0.00009,0.70748,0.00007,0.70673,1,3,0.99956,0.01523,0.00978,-0.02350,0.06172,0.08354,0.63505,1,0
1768603708.857008,-1.06857,0.02372,0.22944,0.00151,-0.02083,-0.00270,0.55781,0.00008,0.28071,-0.00009,0.70748,0.00007,0.70673,1,3,0.99956,0.01523,0.00978,-0.02350,0.06172,0.08354,0.63505,1,0
1768603708.859009,-1.09105,0.04019,0.20457,0.00094,-0.02004,-0.00250,0.55785,0.00008,0.28071,-0.00009,0.70749,0.00007,0.70673,1,3,0.99956,0.01523,0.00978,-0.02350,0.06172,0.08354,0.63505,1,0
1768603708.861053,-1.11338,-0.00220,0.19007,0.00097,-0.02000,-0.00160,0.55785,0.00008,0.28071,-0.00009,0.70749,0.00007,0.70673,1,3,0.99956,0.01523,0.00978,-0.02350,0.06172,0.08354,0.63505,1,0
1768603708.863003,-0.99995,-0.00402,0.21771,0.00092,-0.02207,-0.00275,0.55790,0.00008,0.28071,-0.00009,0.70749,0.00007,0.70673,1,3,0.99956,0.01523,0.00978,-0.02350,0.06172,0.08354,0.63505,1,0
1768603708.865020,-1.06877,0.04782,0.22400,0.00121,-0.01959,-0.00223,0.55790,0.00008,0.28071,-0.00009,0.70749,0.00007,0.70673,1,3,0.99956,0.01523,0.00978,-0.02350,0.06172,0.08354,0.63505,1,0
1768603708.866999,-1.09094,0.04148,0.20965,0.00121,-0.02129,-0.00328,0.55794,0.00008,0.28071,-0.00009,0.70749,0.00007,0.70672,1,3,0.99956,0.01523,0.00978,-0.02350,0.06172,0.08354,0.63505,1,0
1768603708.869002,-1.00780,0.02639,0.21297,0.00061,-0.01863,-0.00261,0.55794,0.00008,0.28071,-0.00009,0.70749,0.00007,0.70672,1,3,0.99956,0.01523,0.00978,-0.02350,0.06172,0.08354,0.63505,1,0
1768603708.871025,-1.04569,0.02044,0.19961,0.00072,-0.01748,-0.00075,0.55794,0.00008,0.28071,-0.00009,0.70749,0.00007,0.70672,1,3,0.99949,0.01622,0.01262,-0.02448,0.06187,0.08343,0.63462,1,0
1768603708.873006,-1.11487,0.02981,0.24312,0.00145,-0.01914,-0.00088,0.55798,0.00008,0.28071,-0.00009,0.70749,0.00007,0.70672,1,3,0.99949,0.01622,0.01262,-0.02448,0.06187,0.08343,0.63462,1,0
1768603708.875046,-1.12201,0.01974,0.24225,0.00133,-0.02090,-0.00330,0.55798,0.00008,0.28071,-0.00009,0.70749,0.00007,0.70672,1,3,0.99949,0.01622,0.01262,-0.02448,0.06187,0.08343,0.63462,1,0
1768603708.877030,-0.99251,0.02190,0.23115,0.00157,-0.01863,-0.00395,0.55802,0.00008,0.28071,-0.00009,0.70749,0.00007,0.70673,1,3,0.99949,0.01622,0.01262,-0.02448,0.06187,0.08343,0.63462,1,0
1768603708.879047,-1.00757,0.01545,0.21601,0.00076,-0.02012,-0.00362,0.55806,0.00008,0.28071,-0.00009,0.70749,0.00007,0.70673,1,3,0.99949,0.01622,0.01262,-0.02448,0.06187,0.08343,0.63462,1,0
1768603708.881042,-1.09966,0.03381,0.24095,0.00133,-0.01873,-0.00118,0.55806,0.00008,0.28071,-0.00009,0.70749,0.00007,0.70673,1,3,0.99949,0.01622,0.01262,-0.02448,0.06187,0.08343,0.63462,1,0
1768603708.883064,-1.09992,0.03156,0.26790,0.00200,-0.02102,-0.00193,0.55810,0.00008,0.28071,-0.00009,0.70749,0.00007,0.70673,1,3,0.99949,0.01622,0.01262,-0.02448,0.06187,0.08343,0.63462,1,0
1768603708.885045,-1.06168,0.03108,0.24888,0.00136,-0.01994,-0.00217,0.55810,0.00008,0.28071,-0.00009,0.70749,0.00007,0.70673,1,3,0.99949,0.01622,0.01262,-0.02448,0.06187,0.08343,0.63462,1,0
1768603708.887614,-1.07626,0.04547,0.22243,0.00068,-0.02070,-0.00360,0.55814,0.00008,0.28071,-0.00009,0.70748,0.00007,0.70673,1,3,0.99949,0.01622,0.01262,-0.02448,0.06187,0.08343,0.63462,1,0
1768603708.889057,-1.10603,0.02318,0.20588,0.00095,-0.01959,-0.00357,0.55814,0.00008,0.28071,-0.00009,0.70748,0.00007,0.70673,1,3,0.99949,0.01622,0.01262,-0.02448,0.06187,0.08343,0.63462,1,0
1768603708.891034,-1.08311,0.01796,0.19743,0.00137,-0.01926,-0.00197,0.55818,0.00008,0.28071,-0.00009,0.70748,0.00007,0.70673,1,3,0.99949,0.01622,0.01262,-0.02448,0.06187,0.08343,0.63462,1,0
1768603708.893056,-1.09871,0.00000,0.21733,0.00164,-0.01858,-0.00151,0.55818,0.00008,0.28071,-0.00009,0.70748,0.00007,0.70673,1,3,0.99949,0.01622,0.01262,-0.02448,0.06187,0.08343,0.63462,1,0
1768603708.895048,-1.10001,0.03560,0.27222,0.00133,-0.01988,-0.00389,0.55822,0.00008,0.28071,-0.00009,0.70748,0.00007,0.70673,1,3,0.99949,0.01622,0.01262,-0.02448,0.06187,0.08343,0.63462,1,0
1768603708.897036,-1.09198,0.01993,0.24718,0.00082,-0.02084,-0.00306,0.55822,0.00008,0.28071,-0.00009,0.70748,0.00007,0.70673,1,3,0.99949,0.01622,0.01262,-0.02448,0.06187,0.08343,0.63462,1,0
1768603708.899056,-1.06133,0.03262,0.22933,0.00070,-0.02084,-0.00257,0.55826,0.00008,0.28071,-0.00009,0.70748,0.00007,0.70673,1,3,0.99949,0.01622,0.01262,-0.02448,0.06187,0.08343,0.63462,1,0
1768603708.901041,-1.05298,0.02753,0.21255,0.00139,-0.02016,-0.00299,0.55826,0.00008,0.28071,-0.00009,0.70748,0.00007,0.70673,1,3,0.99949,0.01622,0.01262,-0.02448,0.06187,0.08343,0.63462,1,0
1768603708.903051,-0.99300,0.03432,0.22689,0.00101,-0.01868,-0.00183,0.55826,0.00008,0.28071,-0.00009,0.70748,0.00007,0.70673,1,3,0.99949,0.01622,0.01262,-0.02448,0.06187,0.08343,0.63462,1,0
1768603708.905047,-1.08379,0.00184,0.22699,0.00138,-0.02021,-0.00180,0.55830,0.00008,0.28072,-0.00009,0.70748,0.00007,0.70673,1,3,0.99949,0.01622,0.01262,-0.02448,0.06187,0.08343,0.63462,1,0
1768603708.907042,-1.12282,0.04913,0.27305,0.00183,-0.02139,-0.00290,0.55830,0.00008,0.28072,-0.00009,0.70748,0.00007,0.70673,1,3,0.99949,0.01622,0.01262,-0.02448,0.06187,0.08343,0.63462,1,0
1768603708.909061,-1.12965,0.00358,0.24264,0.00094,-0.02133,-0.00336,0.55834,0.00008,0.28071,-0.00009,0.70748,0.00007,0.70673,1,3,0.99953,0.01671,0.01113,-0.02329,0.06209,0.08344,0.63506,1,0
1768603708.911020,-1.09920,0.00019,0.24020,0.00084,-0.02202,-0.00345,0.55834,0.00008,0.28071,-0.00009,0.70748,0.00007,0.70673,1,3,0.99953,0.01671,0.01113,-0.02329,0.06209,0.08344,0.63506,1,0
1768603708.913078,-1.11410,0.02714,0.23259,0.00160,-0.01992,-0.00350,0.55838,0.00008,0.28072,-0.00009,0.70748,0.00007,0.70673,1,3,0.99953,0.01671,0.01113,-0.02329,0.06209,0.08344,0.63506,1,0
1768603708.915066,-1.07629,0.04405,0.23167,0.00161,-0.02015,-0.00282,0.55838,0.00008,0.28072,-0.00009,0.70748,0.00007,0.70673,1,3,0.99953,0.01671,0.01113,-0.02329,0.06209,0.08344,0.63506,1,0
1768603708.917083,-1.06081,0.04328,0.21671,0.00163,-0.01946,-0.00229,0.55842,0.00008,0.28072,-0.00009,0.70748,0.00007,0.70673,1,3,0.99953,0.01671,0.01113,-0.02329,0.06209,0.08344,0.63506,1,0
1768603708.919075,-1.06823,0.01475,0.21462,0.00152,-0.02036,-0.00220,0.55842,0.00008,0.28072,-0.00009,0.70748,0.00007,0.70673,1,3,0.99953,0.01671,0.01113,-0.02329,0.06209,0.08344,0.63506,1,0
1768603708.921066,-1.08356,0.02654,0.22168,0.00190,-0.01983,-0.00209,0.55846,0.00008,0.28071,-0.00009,0.70748,0.00007,0.70673,1,3,0.99953,0.01671,0.01113,-0.02329,0.06209,0.08344,0.63506,1,0
1768603708.923062,-1.07618,0.00364,0.23847,0.00112,-0.02116,-0.00425,0.55850,0.00008,0.28072,-0.00009,0.70748,0.00007,0.70673,1,3,0.99953,0.01671,0.01113,-0.02329,0.06209,0.08344,0.63506,1,0
1768603708.925066,-1.06900,0.02713,0.24681,0.00163,-0.02019,-0.00275,0.55850,0.00008,0.28072,-0.00009,0.70748,0.00007,0.70673,1,3,0.99953,0.01671,0.01113,-0.02329,0.06209,0.08344,0.63506,1,0
1768603708.927069,-1.07692,0.01928,0.25659,0.00136,-0.02072,-0.00254,0.55855,0.00008,0.28072,-0.00009,0.70748,0.00007,0.70674,1,3,0.99953,0.01671,0.01113,-0.02329,0.06209,0.08344,0.63506,1,0
1768603708.929070,-1.07639,0.01929,0.24165,0.00177,-0.02090,-0.00252,0.55855,0.00008,0.28072,-0.00009,0.70748,0.00007,0.70674,1,3,0.99953,0.01671,0.01113,-0.02329,0.06209,0.08344,0.63506,1,0
1768603708.931106,-1.00033,0.02762,0.21659,0.00088,-0.02033,-0.00161,0.55859,0.00008,0.28072,-0.00009,0.70748,0.00007,0.70674,1,3,0.99953,0.01671,0.01113,-0.02329,0.06209,0.08344,0.63506,1,0
1768603708.933054,-1.02445,0.04408,0.26607,0.00070,-0.01995,-0.00223,0.55859,0.00008,0.28072,-0.00009,0.70748,0.00007,0.70674,1,3,0.99953,0.01671,0.01113,-0.02329,0.06209,0.08344,0.63506,1,0
1768603708.935055,-1.12918,0.03971,0.21375,0.00144,-0.02015,-0.00186,0.55863,0.00008,0.28072,-0.00009,0.70748,0.00007,0.70673,1,3,0.99953,0.01671,0.01113,-0.02329,0.06209,0.08344,0.63506,1,0
1768603708.937051,-1.10642,0.02819,0.22647,0.00174,-0.02131,-0.00249,0.55863,0.00008,0.28072,-0.00009,0.70748,0.00007,0.70673,1,3,0.99953,0.01671,0.01113,-0.02329,0.06209,0.08344,0.63506,1,0
1768603708.939046,-1.06150,0.01099,0.24309,0.00058,-0.02001,-0.00346,0.55867,0.00008,0.28072,-0.00009,0.70748,0.00007,0.70673,1,3,0.99953,0.01671,0.01113,-0.02329,0.06209,0.08344,0.63506,1,0
1768603708.941076,-1.09894,0.03260,0.23049,0.00108,-0.02060,-0.00421,0.55867,0.00008,0.28072,-0.00009,0.70748,0.00007,0.70673,1,3,0.99953,0.01671,0.01113,-0.02329,0.06209,0.08344,0.63506,1,0
1768603708.943114,-1.10721,0.02937,0.23659,0.00026,-0.02162,-0.00254,0.55867,0.00008,0.28072,-0.00009,0.70748,0.00007,0.70673,1,3,0.99953,0.01671,0.01113,-0.02329,0.06209,0.08344,0.63506,1,0
1768603708.945071,-1.12185,0.01540,0.23351,0.00174,-0.02144,-0.00171,0.55871,0.00008,0.28072,-0.00009,0.70748,0.00007,0.70674,1,3,0.99953,0.01671,0.01113,-0.02329,0.06209,0.08344,0.63506,1,0
1768603708.947088,-1.04578,0.02665,0.22770,0.00139,-0.01932,-0.00312,0.55871,0.00008,0.28072,-0.00009,0.70748,0.00007,0.70674,1,3,0.99953,0.01671,0.01113,-0.02329,0.06209,0.08344,0.63506,1,0
1768603708.949080,-1.06081,0.02382,0.22054,0.00098,-0.02029,-0.00359,0.55875,0.00008,0.28072,-0.00009,0.70748,0.00007,0.70674,1,3,0.99953,0.01671,0.01113,-0.02329,0.06209,0.08344,0.63506,1,0
1768603708.951083,-1.06060,0.03100,0.20537,0.00097,-0.01916,-0.00290,0.55875,0.00008,0.28072,-0.00009,0.70748,0.00007,0.70674,1,3,0.99955,0.01728,0.00882,-0.02304,0.06230,0.08341,0.63520,1,0
1768603708.953087,-1.01632,0.03493,0.24644,0.00085,-0.01932,-0.00185,0.55879,0.00008,0.28072,-0.00009,0.70748,0.00007,0.70674,1,3,0.99955,0.01728,0.00882,-0.02304,0.06230,0.08341,0.63520,1,0
1768603708.955076,-1.00788,0.03978,0.22462,0.00127,-0.01980,-0.00277,0.55879,0.00008,0.28072,-0.00009,0.70748,0.00007,0.70674,1,3,0.99955,0.01728,0.00882,-0.02304,0.06230,0.08341,0.63520,1,0
1768603708.957161,-1.06879,0.04464,0.23692,0.00149,-0.02052,-0.00334,0.55883,0.00008,0.28072,-0.00009,0.70748,0.00007,0.70673,1,3,0.99955,0.01728,0.00882,-0.02304,0.06230,0.08341,0.63520,1,0
1768603708.959095,-1.09118,0.02825,0.21192,0.00095,-0.02083,-0.00237,0.55887,0.00008,0.28072,-0.00009,0.70748,0.00007,0.70673,1,3,0.99955,0.01728,0.00882,-0.02304,0.06230,0.08341,0.63520,1,0
1768603708.961101,-1.01678,0.04324,0.26082,0.00084,-0.01936,-0.00158,0.55887,0.00008,0.28072,-0.00009,0.70748,0.00007,0.70673,1,3,0.99955,0.01728,0.00882,-0.02304,0.06230,0.08341,0.63520,1,0
1768603708.963107,-1.04675,0.03566,0.24575,0.00083,-0.02020,-0.00135,0.55891,0.00008,0.28072,-0.00009,0.70748,0.00007,0.70673,1,3,0.99955,0.01728,0.00882,-0.02304,0.06230,0.08341,0.63520,1,0
1768603708.965102,-1.11499,0.03984,0.24896,0.00091,-0.01994,-0.00254,0.55891,0.00008,0.28072,-0.00009,0.70748,0.00007,0.70673,1,3,0.99955,0.01728,0.00882,-0.02304,0.06230,0.08341,0.63520,1,0
1768603708.967119,-1.07636,0.00409,0.23706,0.00112,-0.02205,-0.00273,0.55895,0.00008,0.28072,-0.00009,0.70748,0.00007,0.70673,1,3,0.99955,0.01728,0.00882,-0.02304,0.06230,0.08341,0.63520,1,0
1768603708.969091,-1.06853,0.01152,0.22194,0.00112,-0.02114,-0.00217,0.55895,0.00008,0.28072,-0.00009,0.70748,0.00007,0.70673,1,3,0.99955,0.01728,0.00882,-0.02304,0.06230,0.08341,0.63520,1,0
1768603708.971100,-1.05316,0.02753,0.21754,0.00125,-0.02010,-0.00300,0.55899,0.00008,0.28072,-0.00009,0.70748,0.00007,0.70673,1,3,0.99955,0.01728,0.00882,-0.02304,0.06230,0.08341,0.63520,1,0
1768603708.973110,-1.06815,-0.00646,0.22248,0.00194,-0.02048,-0.00232,0.55899,0.00008,0.28072,-0.00009,0.70748,0.00007,0.70673,1,3,0.99955,0.01728,0.00882,-0.02304,0.06230,0.08341,0.63520,1,0
1768603708.975111,-1.06107,0.02804,0.22755,0.00097,-0.02042,-0.00327,0.55903,0.00008,0.28072,-0.00009,0.70748,0.00007,0.70673,1,3,0.99955,0.01728,0.00882,-0.02304,0.06230,0.08341,0.63520,1,0
1768603708.977116,-1.05334,0.03607,0.22751,0.00137,-0.02020,-0.00349,0.55903,0.00008,0.28072,-0.00009,0.70748,0.00007,0.70673,1,3,0.99955,0.01728,0.00882,-0.02304,0.06230,0.08341,0.63520,1,0
1768603708.979120,-1.02270,0.02441,0.22497,0.00168,-0.02132,-0.00347,0.55903,0.00008,0.28072,-0.00009,0.70748,0.00007,0.70673,1,3,0.99955,0.01728,0.00882,-0.02304,0.06230,0.08341,0.63520,1,0
1768603708.981087,-1.07582,0.02445,0.21033,0.00084,-0.02085,-0.00334,0.55907,0.00008,0.28072,-0.00009,0.70748,0.00007,0.70673,1,3,0.99955,0.01728,0.00882,-0.02304,0.06230,0.08341,0.63520,1,0
1768603708.983080,-1.06906,0.03232,0.23973,0.00082,-0.02049,-0.00320,0.55907,0.00008,0.28072,-0.00009,0.70748,0.00007,0.70673,1,3,0.99955,0.01728,0.00882,-0.02304,0.06230,0.08341,0.63520,1,0
1768603708.985081,-1.10662,0.02338,0.23409,0.00174,-0.02078,-0.00244,0.55911,0.00008,0.28072,-0.00009,0.70748,0.00007,0.70673,1,3,0.99955,0.01728,0.00882,-0.02304,0.06230,0.08341,0.63520,1,0
1768603708.987081,-1.10719,0.02555,0.25884,0.00147,-0.02266,-0.00325,0.55911,0.00008,0.28072,-0.00009,0.70748,0.00007,0.70673,1,3,0.99955,0.01728,0.00882,-0.02304,0.06230,0.08341,0.63520,1,0
1768603708.989111,-1.09186,0.01560,0.24550,0.00069,-0.02042,-0.00377,0.55911,0.00008,0.28072,-0.00009,0.70748,0.00007,0.70673,1,3,0.99947,0.01785,0.01114,-0.02491,0.06246,0.08331,0.63491,1,0
1768603708.991112,-1.07590,0.01986,0.21852,0.00084,-0.02031,-0.00405,0.55915,0.00008,0.28072,-0.00009,0.70748,0.00007,0.70673,1,3,0.99947,0.01785,0.01114,-0.02491,0.06246,0.08331,0.63491,1,0
1768603708.993142,-1.09815,0.01932,0.19776,0.00136,-0.02034,-0.00287,0.55919,0.00008,0.28072,-0.00009,0.70748,0.00007,0.70673,1,3,0.99947,0.01785,0.01114,-0.02491,0.06246,0.08331,0.63491,1,0
1768603708.995159,-1.05350,0.01017,0.22161,0.00113,-0.02006,-0.00127,0.55919,0.00008,0.28072,-0.00009,0.70748,0.00007,0.70673,1,3,0.99947,0.01785,0.01114,-0.02491,0.06246,0.08331,0.63491,1,0
1768603708.997118,-1.03795,0.02362,0.21501,0.00113,-0.02035,-0.00282,0.55923,0.00008,0.28072,-0.00009,0.70748,0.00007,0.70673,1,3,0.99947,0.01785,0.01114,-0.02491,0.06246,0.08331,0.63491,1,0
1768603708.999123,-1.03786,0.02740,0.21219,0.00140,-0.02017,-0.00248,0.55927,0.00008,0.28072,-0.00009,0.70748,0.00007,0.70673,1,3,0.99947,0.01785,0.01114,-0.02491,0.06246,0.08331,0.63491,1,0
1768603709.001144,-1.06831,0.02679,0.21815,0.00124,-0.01922,-0.00349,0.55927,0.00008,0.28072,-0.00009,0.70748,0.00007,0.70673,1,3,0.99947,0.01785,0.01114,-0.02491,0.06246,0.08331,0.63491,1,0
1768603709.003117,-1.09164,0.02803,0.24233,0.00135,-0.02068,-0.00352,0.55931,0.00008,0.28072,-0.00009,0.70748,0.00007,0.70673,1,3,0.99947,0.01785,0.01114,-0.02491,0.06246,0.08331,0.63491,1,0
1768603709.005129,-0.96214,0.03518,0.21234,0.00104,-0.01929,-0.00233,0.55931,0.00008,0.28072,-0.00009,0.70748,0.00007,0.70673,1,3,0.99947,0.01785,0.01114,-0.02491,0.06246,0.08331,0.63491,1,0
1768603709.007194,-0.99321,0.01523,0.24522,0.00076,-0.02021,-0.00314,0.55935,0.00008,0.28072,-0.00009,0.70748,0.00007,0.70673,1,3,0.99947,0.01785,0.01114,-0.02491,0.06246,0.08331,0.63491,1,0
1768603709.009110,-1.05376,0.05771,0.22948,0.00068,-0.02039,-0.00338,0.55935,0.00008,0.28072,-0.00009,0.70748,0.00007,0.70673,1,3,0.99947,0.01785,0.01114,-0.02491,0.06246,0.08331,0.63491,1,0
1768603709.011122,-1.06964,0.03624,0.26080,0.00121,-0.02089,-0.00212,0.55939,0.00008,0.28072,-0.00009,0.70748,0.00007,0.70673,1,3,0.99947,0.01785,0.01114,-0.02491,0.06246,0.08331,0.63491,1,0
1768603709.013122,-1.05546,0.03620,0.28500,0.00054,-0.02082,-0.00126,0.55939,0.00008,0.28072,-0.00009,0.70748,0.00007,0.70673,1,3,0.99947,0.01785,0.01114,-0.02491,0.06246,0.08331,0.63491,1,0
1768603709.015145,-1.03986,0.04045,0.26798,0.00042,-0.02058,-0.00156,0.55943,0.00008,0.28072,-0.00009,0.70748,0.00007,0.70673,1,3,0.99947,0.01785,0.01114,-0.02491,0.06246,0.08331,0.63491,1,0
1768603709.017160,-1.08411,0.02433,0.23418,0.00095,-0.02121,-0.00246,0.55943,0.00008,0.28072,-0.00009,0.70748,0.00007,0.70673,1,3,0.99947,0.01785,0.01114,-0.02491,0.06246,0.08331,0.63491,1,0
1768603709.019122,-1.01595,0.01929,0.23202,0.00047,-0.02015,-0.00204,0.55943,0.00008,0.28072,-0.00009,0.70748,0.00007,0.70673,1,3,0.99947,0.01785,0.01114,-0.02491,0.06246,0.08331,0.63491,1,0
1768603709.021120,-1.00814,0.02319,0.22879,0.00115,-0.02040,-0.00144,0.55947,0.00008,0.28072,-0.00009,0.70748,0.00007,0.70673,1,3,0.99947,0.01785,0.01114,-0.02491,0.06246,0.08331,0.63491,1,0
1768603709.023121,-1.00835,0.01794,0.23654,0.00115,-0.01944,-0.00138,0.55947,0.00008,0.28072,-0.00009,0.70748,0.00007,0.70673,1,3,0.99946,0.01846,0.01128,-0.02485,0.06262,0.08323,0.63468,1,0
1768603709.025123,-1.06125,0.01258,0.23284,0.00045,-0.02145,-0.00347,0.55947,0.00008,0.28072,-0.00009,0.70748,0.00007,0.70673,1,3,0.99946,0.01846,0.01128,-0.02485,0.06262,0.08323,0.63468,1,0
1768603709.027132,-1.06838,-0.00347,0.22419,0.00033,-0.02178,-0.00467,0.55951,0.00008,0.28071,-0.00009,0.70749,0.00007,0.70673,1,3,0.99946,0.01846,0.01128,-0.02485,0.06262,0.08323,0.63468,1,0
1768603709.029127,-1.06883,0.00812,0.23927,0.00125,-0.02203,-0.00252,0.55951,0.00008,0.28071,-0.00009,0.70749,0.00007,0.70673,1,3,0.99946,0.01846,0.01128,-0.02485,0.06262,0.08323,0.63468,1,0
1768603709.031133,-1.06101,0.01983,0.22279,0.00071,-0.02048,-0.00317,0.55955,0.00008,0.28072,-0.00009,0.70748,0.00007,0.70673,1,3,0.99946,0.01846,0.01128,-0.02485,0.06262,0.08323,0.63468,1,0
1768603709.033128,-1.07606,0.01958,0.22759,0.00137,-0.02064,-0.00328,0.55955,0.00008,0.28072,-0.00009,0.70748,0.00007,0.70673,1,3,0.99946,0.01846,0.01128,-0.02485,0.06262,0.08323,0.63468,1,0
1768603709.035126,-1.06141,0.00349,0.24807,0.00086,-0.02105,-0.00375,0.55959,0.00008,0.28072,-0.00009,0.70748,0.00007,0.70673,1,3,0.99946,0.01846,0.01128,-0.02485,0.06262,0.08323,0.63468,1,0
1768603709.037169,-1.03072,0.01589,0.24057,0.00128,-0.02092,-0.00402,0.55963,0.00008,0.28071,-0.00009,0.70749,0.00007,0.70673,1,3,0.99946,0.01846,0.01128,-0.02485,0.06262,0.08323,0.63468,1,0
1768603709.039145,-1.04576,0.01109,0.22210,0.00113,-0.02071,-0.00217,0.55967,0.00008,0.28071,-0.00009,0.70749,0.00007,0.70673,1,3,0.99946,0.01846,0.01128,-0.02485,0.06262,0.08323,0.63468,1,0
1768603709.041158,-1.08392,0.02415,0.22443,0.00082,-0.02090,-0.00246,0.55967,0.00008,0.28071,-0.00009,0.70749,0.00007,0.70673,1,3,0.99946,0.01846,0.01128,-0.02485,0.06262,0.08323,0.63468,1,0
1768603709.043163,-1.09133,0.03251,0.22951,0.00148,-0.02105,-0.00318,0.55971,0.00008,0.28071,-0.00009,0.70749,0.00007,0.70672,1,3,0.99946,0.01846,0.01128,-0.02485,0.06262,0.08323,0.63468,1,0
1768603709.045161,-1.08402,0.01540,0.23989,0.00123,-0.02071,-0.00312,0.55971,0.00008,0.28071,-0.00009,0.70749,0.00007,0.70672,1,3,0.99946,0.01846,0.01128,-0.02485,0.06262,0.08323,0.63468,1,0
1768603709.047145,-1.06151,0.00807,0.24486,0.00072,-0.02152,-0.00304,0.55975,0.00008,0.28071,-0.00009,0.70749,0.00007,0.70672,1,3,0.99946,0.01846,0.01128,-0.02485,0.06262,0.08323,0.63468,1,0
1768603709.049144,-1.06784,0.03244,0.18974,0.00097,-0.02066,-0.00240,0.55975,0.00008,0.28071,-0.00009,0.70749,0.00007,0.70672,1,3,0.99946,0.01846,0.01128,-0.02485,0.06262,0.08323,0.63468,1,0
1768603709.051155,-1.04545,0.02739,0.20726,0.00112,-0.02001,-0.00235,0.55979,0.00008,0.28071,-0.00009,0.70749,0.00007,0.70672,1,3,0.99946,0.01846,0.01128,-0.02485,0.06262,0.08323,0.63468,1,0
1768603709.053156,-1.00003,-0.03040,0.22367,0.00081,-0.02091,-0.00282,0.55979,0.00008,0.28071,-0.00009,0.70749,0.00007,0.70672,1,3,0.99946,0.01846,0.01128,-0.02485,0.06262,0.08323,0.63468,1,0
1768603709.055145,-1.09122,0.01857,0.21833,0.00083,-0.01922,-0.00340,0.55979,0.00008,0.28071,-0.00009,0.70749,0.00007,0.70672,1,3,0.99946,0.01846,0.01128,-0.02485,0.06262,0.08323,0.63468,1,0
1768603709.057157,-1.03025,0.01638,0.22004,0.00142,-0.02160,-0.00324,0.55979,0.00008,0.28071,-0.00009,0.70749,0.00007,0.70672,1,3,0.99946,0.01846,0.01128,-0.02485,0.06262,0.08323,0.63468,1,0
1768603709.059155,-1.03847,0.04450,0.23166,0.00124,-0.02037,-0.00271,0.55984,0.00008,0.28071,-0.00009,0.70749,0.00007,0.70672,1,3,0.99946,0.01846,0.01128,-0.02485,0.06262,0.08323,0.63468,1,0
1768603709.061160,-1.02349,0.00281,0.24196,0.00102,-0.02090,-0.00209,0.55984,0.00008,0.28071,-0.00009,0.70749,0.00007,0.70672,1,3,0.99946,0.01846,0.01128,-0.02485,0.06262,0.08323,0.63468,1,0
1768603709.063170,-1.07713,0.02774,0.26145,0.00122,-0.02066,-0.00265,0.55988,0.00008,0.28071,-0.00009,0.70749,0.00007,0.70672,1,3,0.99946,0.01846,0.01128,-0.02485,0.06262,0.08323,0.63468,1,0
1768603709.065166,-1.09160,0.02338,0.23417,0.00135,-0.02056,-0.00232,0.55988,0.00008,0.28071,-0.00009,0.70749,0.00007,0.70672,1,3,0.99946,0.01846,0.01128,-0.02485,0.06262,0.08323,0.63468,1,0
1768603709.067167,-1.03060,0.02765,0.22220,0.00113,-0.02027,-0.00262,0.55992,0.00008,0.28071,-0.00009,0.70749,0.00007,0.70672,1,3,0.99944,0.01858,0.00796,-0.02676,0.06281,0.08317,0.63454,1,0
1768603709.069199,-1.00155,0.03932,0.26455,0.00059,-0.01910,-0.00294,0.55992,0.00008,0.28071,-0.00009,0.70749,0.00007,0.70672,1,3,0.99944,0.01858,0.00796,-0.02676,0.06281,0.08317,0.63454,1,0
1768603709.071168,-1.06046,0.00303,0.20773,0.00114,-0.02088,-0.00257,0.55996,0.00008,0.28071,-0.00009,0.70749,0.00007,0.70672,1,3,0.99944,0.01858,0.00796,-0.02676,0.06281,0.08317,0.63454,1,0
1768603709.073221,-1.09183,0.02412,0.24343,0.00148,-0.02154,-0.00195,0.56000,0.00008,0.28071,-0.00009,0.70749,0.00007,0.70672,1,3,0.99944,0.01858,0.00796,-0.02676,0.06281,0.08317,0.63454,1,0
1768603709.075194,-1.02400,0.01223,0.26164,0.00087,-0.02176,-0.00260,0.56000,0.00008,0.28071,-0.00009,0.70749,0.00007,0.70672,1,3,0.99944,0.01858,0.00796,-0.02676,0.06281,0.08317,0.63454,1,0
1768603709.077177,-0.97806,0.01162,0.24711,0.00091,-0.02106,-0.00259,0.56004,0.00008,0.28071,-0.00009,0.70749,0.00007,0.70672,1,3,0.99944,0.01858,0.00796,-0.02676,0.06281,0.08317,0.63454,1,0
1768603709.079201,-1.02223,0.02737,0.20279,0.00168,-0.02006,-0.00310,0.56008,0.00008,0.28071,-0.00009,0.70749,0.00007,0.70672,1,3,0.99944,0.01858,0.00796,-0.02676,0.06281,0.08317,0.63454,1,0
1768603709.081192,-1.06188,0.03100,0.24875,0.00096,-0.01973,-0.00180,0.56008,0.00008,0.28071,-0.00009,0.70749,0.00007,0.70672,1,3,0.99944,0.01858,0.00796,-0.02676,0.06281,0.08317,0.63454,1,0
1768603709.083177,-1.00849,0.02026,0.24679,0.00088,-0.02128,-0.00256,0.56012,0.00008,0.28071,-0.00009,0.70749,0.00007,0.70672,1,3,0.99944,0.01858,0.00796,-0.02676,0.06281,0.08317,0.63454,1,0
1768603709.085201,-1.01641,0.00289,0.26695,0.00115,-0.02104,-0.00262,0.56012,0.00008,0.28071,-0.00009,0.70749,0.00007,0.70672,1,3,0.99944,0.01858,0.00796,-0.02676,0.06281,0.08317,0.63454,1,0
1768603709.087168,-1.03866,0.01758,0.25474,0.00127,-0.02271,-0.00392,0.56012,0.00008,0.28071,-0.00009,0.70749,0.00007,0.70672,1,3,0.99944,0.01858,0.00796,-0.02676,0.06281,0.08317,0.63454,1,0
1768603709.089172,-1.04557,0.00398,0.21765,0.00088,-0.02163,-0.00285,0.56015,0.00008,0.28070,-0.00009,0.70750,0.00007,0.70672,1,3,0.99944,0.01858,0.00796,-0.02676,0.06281,0.08317,0.63454,1,0
1768603709.091172,-1.02317,-0.00417,0.23218,0.00090,-0.02211,-0.00238,0.56015,0.00008,0.28070,-0.00009,0.70750,0.00007,0.70672,1,3,0.99944,0.01858,0.00796,-0.02676,0.06281,0.08317,0.63454,1,0
1768603709.093190,-1.12215,0.00629,0.24522,0.00107,-0.01999,-0.00314,0.56015,0.00008,0.28070,-0.00009,0.70750,0.00007,0.70672,1,3,0.99944,0.01858,0.00796,-0.02676,0.06281,0.08317,0.63454,1,0
1768603709.095187,-1.09170,0.02788,0.23211,0.00081,-0.02037,-0.00276,0.56019,0.00008,0.28070,-0.00009,0.70749,0.00007,0.70672,1,3,0.99944,0.01858,0.00796,-0.02676,0.06281,0.08317,0.63454,1,0
1768603709.097190,-1.08374,0.01144,0.22799,0.00097,-0.02063,-0.00345,0.56019,0.00008,0.28070,-0.00009,0.70749,0.00007,0.70672,1,3,0.99944,0.01858,0.00796,-0.02676,0.06281,0.08317,0.63454,1,0
1768603709.099191,-1.07624,0.01638,0.23073,0.00071,-0.02104,-0.00402,0.56023,0.00008,0.28070,-0.00009,0.70749,0.00007,0.70672,1,3,0.99944,0.01858,0.00796,-0.02676,0.06281,0.08317,0.63454,1,0
1768603709.101195,-1.07592,0.00131,0.23059,0.00113,-0.02301,-0.00421,0.56023,0.00008,0.28070,-0.00009,0.70749,0.00007,0.70672,1,3,0.99944,0.01858,0.00796,-0.02676,0.06281,0.08317,0.63454,1,0
1768603709.103185,-0.98396,0.00729,0.20928,0.00121,-0.02414,-0.00579,0.56027,0.00008,0.28070,-0.00009,0.70750,0.00007,0.70672,1,3,0.99944,0.01858,0.00796,-0.02676,0.06281,0.08317,0.63454,1,0
1768603709.105187,-1.04540,0.02746,0.21863,0.00126,-0.01965,-0.00426,0.56027,0.00008,0.28070,-0.00009,0.70750,0.00007,0.70672,1,3,0.99944,0.01858,0.00796,-0.02676,0.06281,0.08317,0.63454,1,0
1768603709.107188,-1.07551,0.02367,0.20653,0.00098,-0.01980,-0.00446,0.56031,0.00008,0.28070,-0.00009,0.70750,0.00007,0.70672,1,3,0.99944,0.01858,0.00796,-0.02676,0.06281,0.08317,0.63454,1,0
1768603709.109193,-1.07638,0.01884,0.24803,0.00164,-0.01995,-0.00405,0.56031,0.00008,0.28070,-0.00009,0.70750,0.00007,0.70672,1,3,0.99940,0.02041,0.01238,-0.02492,0.06317,0.08306,0.63457,1,0
1768603709.111220,-1.05403,0.01196,0.25786,0.00099,-0.02115,-0.00399,0.56035,0.00008,0.28070,-0.00009,0.70750,0.00007,0.70672,1,3,0.99940,0.02041,0.01238,-0.02492,0.06317,0.08306,0.63457,1,0
1768603709.113365,-1.06149,0.01171,0.24658,0.00125,-0.02150,-0.00232,0.56035,0.00008,0.28070,-0.00009,0.70750,0.00007,0.70672,1,3,0.99940,0.02041,0.01238,-0.02492,0.06317,0.08306,0.63457,1,0
1768603709.115239,-1.12223,0.04627,0.23546,0.00104,-0.02229,-0.00209,0.56039,0.00008,0.28070,-0.00009,0.70749,0.00007,0.70672,1,3,0.99940,0.02041,0.01238,-0.02492,0.06317,0.08306,0.63457,1,0
1768603709.117222,-1.00903,0.00426,0.27102,0.00102,-0.02252,-0.00200,0.56039,0.00008,0.28070,-0.00009,0.70749,0.00007,0.70672,1,3,0.99940,0.02041,0.01238,-0.02492,0.06317,0.08306,0.63457,1,0
1768603709.119210,-1.00065,0.03897,0.24488,0.00154,-0.01911,-0.00328,0.56043,0.00008,0.28070,-0.00009,0.70749,0.00007,0.70672,1,3,0.99940,0.02041,0.01238,-0.02492,0.06317,0.08306,0.63457,1,0
1768603709.121193,-1.03068,0.05739,0.21933,0.00097,-0.02030,-0.00298,0.56047,0.00008,0.28070,-0.00009,0.70749,0.00007,0.70672,1,3,0.99940,0.02041,0.01238,-0.02492,0.06317,0.08306,0.63457,1,0
1768603709.123241,-1.09136,0.03243,0.22440,0.00121,-0.02089,-0.00280,0.56047,0.00008,0.28070,-0.00009,0.70749,0.00007,0.70672,1,3,0.99940,0.02041,0.01238,-0.02492,0.06317,0.08306,0.63457,1,0
1768603709.125232,-0.98550,0.04007,0.22427,0.00048,-0.01980,-0.00203,0.56051,0.00008,0.28070,-0.00009,0.70749,0.00007,0.70672,1,3,0.99940,0.02041,0.01238,-0.02492,0.06317,0.08306,0.63457,1,0
1768603709.127242,-1.03858,0.00739,0.24493,0.00114,-0.02108,-0.00303,0.56051,0.00008,0.28070,-0.00009,0.70749,0.00007,0.70672,1,3,0.99940,0.02041,0.01238,-0.02492,0.06317,0.08306,0.63457,1,0
1768603709.129268,-0.96253,-0.00364,0.23732,0.00081,-0.02249,-0.00265,0.56055,0.00008,0.28070,-0.00009,0.70749,0.00007,0.70672,1,3,0.99940,0.02041,0.01238,-0.02492,0.06317,0.08306,0.63457,1,0
1768603709.131314,-1.06103,0.02838,0.22152,0.00111,-0.02115,-0.00212,0.56055,0.00008,0.28070,-0.00009,0.70749,0.00007,0.70672,1,3,0.99940,0.02041,0.01238,-0.02492,0.06317,0.08306,0.63457,1,0
1768603709.133297,-1.02392,0.01075,0.24682,0.00047,-0.02019,-0.00182,0.56059,0.00008,0.28070,-0.00009,0.70749,0.00007,0.70672,1,3,0.99940,0.02041,0.01238,-0.02492,0.06317,0.08306,0.63457,1,0
1768603709.135367,-1.03882,0.00449,0.25248,0.00074,-0.02209,-0.00339,0.56059,0.00008,0.28070,-0.00009,0.70749,0.00007,0.70672,1,3,0.99940,0.02041,0.01238,-0.02492,0.06317,0.08306,0.63457,1,0
1768603709.137220,-1.08351,0.02876,0.21333,0.00056,-0.02059,-0.00403,0.56063,0.00008,0.28071,-0.00009,0.70749,0.00007,0.70672,1,3,0.99940,0.02041,0.01238,-0.02492,0.06317,0.08306,0.63457,1,0
1768603709.139233,-1.05348,0.02049,0.23315,0.00085,-0.02101,-0.00407,0.56063,0.00008,0.28071,-0.00009,0.70749,0.00007,0.70672,1,3,0.99940,0.02041,0.01238,-0.02492,0.06317,0.08306,0.63457,1,0
1768603709.141222,-1.08348,-0.00460,0.22299,0.00113,-0.02157,-0.00325,0.56063,0.00008,0.28071,-0.00009,0.70749,0.00007,0.70672,1,3,0.99940,0.02041,0.01238,-0.02492,0.06317,0.08306,0.63457,1,0
1768603709.143225,-1.09936,0.00746,0.24091,0.00042,-0.02048,-0.00392,0.56067,0.00008,0.28070,-0.00009,0.70749,0.00007,0.70672,1,3,0.99940,0.02041,0.01238,-0.02492,0.06317,0.08306,0.63457,1,0
1768603709.145221,-1.07627,0.00386,0.23777,0.00112,-0.02161,-0.00349,0.56067,0.00008,0.28070,-0.00009,0.70749,0.00007,0.70672,1,3,0.99940,0.02041,0.01238,-0.02492,0.06317,0.08306,0.63457,1,0
1768603709.147220,-1.06084,0.02110,0.22707,0.00139,-0.02217,-0.00318,0.56071,0.00008,0.28071,-0.00009,0.70749,0.00007,0.70672,1,3,0.99940,0.02041,0.01238,-0.02492,0.06317,0.08306,0.63457,1,0
1768603709.149214,-1.00753,0.03125,0.20967,0.00128,-0.01976,-0.00228,0.56071,0.00008,0.28071,-0.00009,0.70749,0.00007,0.70672,1,3,0.99937,0.02087,0.01103,-0.02656,0.06334,0.08300,0.63445,1,0
1768603709.151280,-1.03772,0.01541,0.20527,0.00101,-0.02047,-0.00272,0.56075,0.00008,0.28071,-0.00009,0.70749,0.00007,0.70672,1,3,0.99937,0.02087,0.01103,-0.02656,0.06334,0.08300,0.63445,1,0
1768603709.153245,-0.99226,0.01059,0.21841,0.00132,-0.01987,-0.00343,0.56075,0.00008,0.28071,-0.00009,0.70749,0.00007,0.70672,1,3,0.99937,0.02087,0.01103,-0.02656,0.06334,0.08300,0.63445,1,0
1768603709.155253,-1.08347,0.01684,0.23047,0.00151,-0.02191,-0.00427,0.56079,0.00008,0.28071,-0.00009,0.70749,0.00007,0.70673,1,3,0.99937,0.02087,0.01103,-0.02656,0.06334,0.08300,0.63445,1,0
1768603709.157247,-1.03776,-0.00901,0.21547,0.00117,-0.02144,-0.00281,0.56083,0.00008,0.28071,-0.00009,0.70749,0.00007,0.70673,1,3,0.99937,0.02087,0.01103,-0.02656,0.06334,0.08300,0.63445,1,0
1768603709.159259,-1.02287,-0.00611,0.23273,0.00171,-0.02058,-0.00272,0.56083,0.00008,0.28071,-0.00009,0.70749,0.00007,0.70673,1,3,0.99937,0.02087,0.01103,-0.02656,0.06334,0.08300,0.63445,1,0
1768603709.161241,-0.97854,0.04322,0.25643,0.00101,-0.01919,-0.00221,0.56087,0.00008,0.28071,-0.00009,0.70748,0.00007,0.70673,1,3,0.99937,0.02087,0.01103,-0.02656,0.06334,0.08300,0.63445,1,0
1768603709.163246,-1.05309,0.04457,0.21196,0.00137,-0.02039,-0.00281,0.56087,0.00008,0.28071,-0.00009,0.70748,0.00007,0.70673,1,3,0.99937,0.02087,0.01103,-0.02656,0.06334,0.08300,0.63445,1,0
1768603709.165291,-1.03205,0.04427,0.26590,0.00069,-0.02017,-0.00211,0.56091,0.00008,0.28071,-0.00009,0.70748,0.00007,0.70673,1,3,0.99937,0.02087,0.01103,-0.02656,0.06334,0.08300,0.63445,1,0
1768603709.167241,-0.97856,0.01114,0.26139,0.00091,-0.02088,-0.00183,0.56091,0.00008,0.28071,-0.00009,0.70748,0.00007,0.70673,1,3,0.99937,0.02087,0.01103,-0.02656,0.06334,0.08300,0.63445,1,0
1768603709.169245,-1.02349,-0.00056,0.25012,0.00103,-0.02146,-0.00320,0.56095,0.00008,0.28071,-0.00009,0.70748,0.00007,0.70673,1,3,0.99937,0.02087,0.01103,-0.02656,0.06334,0.08300,0.63445,1,0
1768603709.171278,-1.06111,0.00860,0.23988,0.00126,-0.02224,-0.00342,0.56095,0.00008,0.28071,-0.00009,0.70748,0.00007,0.70673,1,3,0.99937,0.02087,0.01103,-0.02656,0.06334,0.08300,0.63445,1,0
1768603709.173251,-1.07728,0.01927,0.26656,0.00109,-0.02060,-0.00256,0.56099,0.00008,0.28071,-0.00009,0.70748,0.00007,0.70673,1,3,0.99937,0.02087,0.01103,-0.02656,0.06334,0.08300,0.63445,1,0
1768603709.175253,-1.02331,0.01652,0.23410,0.00101,-0.02187,-0.00225,0.56099,0.00008,0.28071,-0.00009,0.70748,0.00007,0.70673,1,3,0.99937,0.02087,0.01103,-0.02656,0.06334,0.08300,0.63445,1,0
1768603709.177268,-1.02347,0.04050,0.22900,0.00072,-0.02040,-0.00216,0.56099,0.00008,0.28071,-0.00009,0.70748,0.00007,0.70673,1,3,0.99937,0.02087,0.01103,-0.02656,0.06334,0.08300,0.63445,1,0
1768603709.179249,-1.02284,0.01656,0.21995,0.00102,-0.02160,-0.00300,0.56104,0.00008,0.28071,-0.00009,0.70748,0.00007,0.70673,1,3,0.99937,0.02087,0.01103,-0.02656,0.06334,0.08300,0.63445,1,0
1768603709.181264,-1.00854,0.03718,0.24654,0.00086,-0.02128,-0.00276,0.56104,0.00008,0.28071,-0.00009,0.70748,0.00007,0.70673,1,3,0.99937,0.02087,0.01103,-0.02656,0.06334,0.08300,0.63445,1,0
1768603709.183261,-1.09157,0.01991,0.23642,0.00149,-0.02140,-0.00228,0.56108,0.00008,0.28071,-0.00009,0.70748,0.00007,0.70673,1,3,0.99937,0.02087,0.01103,-0.02656,0.06334,0.08300,0.63445,1,0
1768603709.185252,-1.09967,0.01997,0.25154,0.00108,-0.02122,-0.00255,0.56108,0.00008,0.28071,-0.00009,0.70748,0.00007,0.70673,1,3,0.99937,0.02087,0.01103,-0.02656,0.06334,0.08300,0.63445,1,0
1768603709.187291,-1.01623,0.00033,0.26476,0.00103,-0.02237,-0.00335,0.56112,0.00008,0.28072,-0.00009,0.70748,0.00007,0.70673,1,3,0.99942,0.02092,0.00743,-0.02597,0.06354,0.08298,0.63465,1,0
1768603709.189270,-1.02362,0.01658,0.25543,0.00088,-0.02139,-0.00417,0.56112,0.00008,0.28072,-0.00009,0.70748,0.00007,0.70673,1,3,0.99942,0.02092,0.00743,-0.02597,0.06354,0.08298,0.63465,1,0
1768603709.191273,-1.04588,0.01739,0.23509,0.00100,-0.02230,-0.00378,0.56116,0.00008,0.28072,-0.00009,0.70748,0.00007,0.70674,1,3,0.99942,0.02092,0.00743,-0.02597,0.06354,0.08298,0.63465,1,0
1768603709.193277,-1.05356,-0.00045,0.23484,0.00101,-0.02164,-0.00268,0.56120,0.00008,0.28072,-0.00009,0.70748,0.00007,0.70673,1,3,0.99942,0.02092,0.00743,-0.02597,0.06354,0.08298,0.63465,1,0
1768603709.195260,-1.01540,0.01228,0.23748,0.00156,-0.02183,-0.00346,0.56120,0.00008,0.28072,-0.00009,0.70748,0.00007,0.70673,1,3,0.99942,0.02092,0.00743,-0.02597,0.06354,0.08298,0.63465,1,0
1768603709.197255,-1.00089,0.03689,0.24706,0.00087,-0.02084,-0.00327,0.56124,0.00008,0.28072,-0.00009,0.70748,0.00007,0.70673,1,3,0.99942,0.02092,0.00743,-0.02597,0.06354,0.08298,0.63465,1,0
1768603709.199258,-1.03831,0.02087,0.23777,0.00113,-0.02161,-0.00395,0.56124,0.00008,0.28072,-0.00009,0.70748,0.00007,0.70673,1,3,0.99942,0.02092,0.00743,-0.02597,0.06354,0.08298,0.63465,1,0
1768603709.201653,-1.01587,0.00308,0.24201,0.00103,-0.02112,-0.00222,0.56128,0.00008,0.28072,-0.00009,0.70748,0.00007,0.70674,1,3,0.99942,0.02092,0.00743,-0.02597,0.06354,0.08298,0.63465,1,0
1768603709.203328,-1.00735,-0.01032,0.22399,0.00080,-0.02353,-0.00484,0.56128,0.00008,0.28072,-0.00009,0.70748,0.00007,0.70674,1,3,0.99942,0.02092,0.00743,-0.02597,0.06354,0.08298,0.63465,1,0
1768603709.205390,-1.03855,0.01281,0.25319,0.00114,-0.02186,-0.00463,0.56132,0.00008,0.28072,-0.00009,0.70748,0.00007,0.70674,1,3,0.99942,0.02092,0.00743,-0.02597,0.06354,0.08298,0.63465,1,0
1768603709.207324,-1.03867,0.03004,0.25736,0.00139,-0.02246,-0.00445,0.56132,0.00008,0.28072,-0.00009,0.70748,0.00007,0.70674,1,3,0.99942,0.02092,0.00743,-0.02597,0.06354,0.08298,0.63465,1,0
1768603709.209311,-0.99277,0.05209,0.22687,0.00140,-0.01955,-0.00279,0.56137,0.00008,0.28072,-0.00009,0.70748,0.00007,0.70674,1,3,0.99942,0.02092,0.00743,-0.02597,0.06354,0.08298,0.63465,1,0
1768603709.211286,-1.00089,0.02300,0.23893,0.00088,-0.02006,-0.00157,0.56137,0.00008,0.28072,-0.00009,0.70748,0.00007,0.70674,1,3,0.99942,0.02092,0.00743,-0.02597,0.06354,0.08298,0.63465,1,0
1768603709.213275,-1.07728,0.01492,0.26906,0.00123,-0.02057,-0.00250,0.56137,0.00008,0.28072,-0.00009,0.70748,0.00007,0.70674,1,3,0.99942,0.02092,0.00743,-0.02597,0.06354,0.08298,0.63465,1,0
1768603709.215298,-1.06207,0.02633,0.27394,0.00110,-0.02313,-0.00366,0.56141,0.00008,0.28072,-0.00009,0.70747,0.00007,0.70674,1,3,0.99942,0.02092,0.00743,-0.02597,0.06354,0.08298,0.63465,1,0
1768603709.217291,-1.03881,0.02103,0.25668,0.00140,-0.02225,-0.00320,0.56141,0.00008,0.28072,-0.00009,0.70747,0.00007,0.70674,1,3,0.99942,0.02092,0.00743,-0.02597,0.06354,0.08298,0.63465,1,0
1768603709.219306,-1.02254,0.01170,0.22227,0.00196,-0.02158,-0.00293,0.56145,0.00008,0.28072,-0.00009,0.70748,0.00007,0.70674,1,3,0.99942,0.02092,0.00743,-0.02597,0.06354,0.08298,0.63465,1,0
1768603709.221276,-1.06083,0.00429,0.22696,0.00140,-0.02239,-0.00259,0.56145,0.00008,0.28072,-0.00009,0.70748,0.00007,0.70674,1,3,0.99942,0.02092,0.00743,-0.02597,0.06354,0.08298,0.63465,1,0
1768603709.223287,-1.03822,-0.00070,0.22985,0.00115,-0.02149,-0.00254,0.56149,0.00008,0.28072,-0.00009,0.70747,0.00007,0.70674,1,3,0.99947,0.02205,0.01090,-0.02132,0.06381,0.08302,0.63547,1,0
1768603709.225281,-0.99413,0.03667,0.28611,0.00140,-0.02124,-0.00304,0.56149,0.00008,0.28072,-0.00009,0.70747,0.00007,0.70674,1,3,0.99947,0.02205,0.01090,-0.02132,0.06381,0.08302,0.63547,1,0
1768603709.227312,-0.96227,0.03259,0.21931,0.00105,-0.02095,-0.00231,0.56153,0.00008,0.28072,-0.00009,0.70747,0.00007,0.70674,1,3,0.99947,0.02205,0.01090,-0.02132,0.06381,0.08302,0.63547,1,0
1768603709.229304,-1.05435,0.04002,0.25308,0.00122,-0.02055,-0.00165,0.56153,0.00008,0.28072,-0.00009,0.70747,0.00007,0.70674,1,3,0.99947,0.02205,0.01090,-0.02132,0.06381,0.08302,0.63547,1,0
1768603709.231305,-1.09892,0.01525,0.22460,0.00122,-0.02068,-0.00247,0.56157,0.00008,0.28072,-0.00009,0.70748,0.00007,0.70674,1,3,0.99947,0.02205,0.01090,-0.02132,0.06381,0.08302,0.63547,1,0
1768603709.233302,-1.06174,0.01790,0.26490,0.00098,-0.02281,-0.00432,0.56157,0.00008,0.28072,-0.00009,0.70748,0.00007,0.70674,1,3,0.99947,0.02205,0.01090,-0.02132,0.06381,0.08302,0.63547,1,0
1768603709.235337,-1.03093,0.03689,0.24690,0.00166,-0.02127,-0.00351,0.56157,0.00008,0.28072,-0.00009,0.70748,0.00007,0.70674,1,3,0.99947,0.02205,0.01090,-0.02132,0.06381,0.08302,0.63547,1,0
1768603709.237306,-1.00745,0.01701,0.20994,0.00090,-0.02194,-0.00287,0.56161,0.00008,0.28072,-0.00009,0.70747,0.00007,0.70674,1,3,0.99947,0.02205,0.01090,-0.02132,0.06381,0.08302,0.63547,1,0
1768603709.239298,-0.95460,0.01984,0.21722,0.00093,-0.02076,-0.00228,0.56161,0.00008,0.28072,-0.00009,0.70747,0.00007,0.70674,1,3,0.99947,0.02205,0.01090,-0.02132,0.06381,0.08302,0.63547,1,0
1768603709.241359,-0.96277,0.02622,0.23798,0.00078,-0.01854,-0.00301,0.56169,0.00008,0.28072,-0.00009,0.70748,0.00007,0.70674,1,3,0.99947,0.02205,0.01090,-0.02132,0.06381,0.08302,0.63547,1,0
1768603709.243298,-1.03129,0.02399,0.25438,0.00126,-0.02097,-0.00298,0.56169,0.00008,0.28072,-0.00009,0.70748,0.00007,0.70674,1,3,0.99947,0.02205,0.01090,-0.02132,0.06381,0.08302,0.63547,1,0
1768603709.245290,-1.13760,0.02609,0.25339,0.00118,-0.02317,-0.00275,0.56173,0.00008,0.28072,-0.00009,0.70747,0.00007,0.70674,1,3,0.99947,0.02205,0.01090,-0.02132,0.06381,0.08302,0.63547,1,0
1768603709.247293,-1.06963,0.00105,0.26903,0.00085,-0.02320,-0.00285,0.56173,0.00008,0.28072,-0.00009,0.70747,0.00007,0.70674,1,3,0.99947,0.02205,0.01090,-0.02132,0.06381,0.08302,0.63547,1,0
1768603709.249297,-0.99315,-0.01351,0.24749,0.00093,-0.02127,-0.00241,0.56177,0.00008,0.28072,-0.00009,0.70747,0.00007,0.70674,1,3,0.99947,0.02205,0.01090,-0.02132,0.06381,0.08302,0.63547,1,0
1768603709.251292,-0.99955,0.02478,0.21606,0.00157,-0.02121,-0.00461,0.56177,0.00008,0.28072,-0.00009,0.70747,0.00007,0.70674,1,3,0.99947,0.02205,0.01090,-0.02132,0.06381,0.08302,0.63547,1,0
1768603709.253292,-1.03893,0.01281,0.25689,0.00100,-0.02225,-0.00311,0.56177,0.00008,0.28072,-0.00009,0.70747,0.00007,0.70674,1,3,0.99947,0.02205,0.01090,-0.02132,0.06381,0.08302,0.63547,1,0
1768603709.255314,-1.07627,0.00287,0.23211,0.00125,-0.02102,-0.00233,0.56181,0.00008,0.28073,-0.00009,0.70747,0.00007,0.70674,1,3,0.99947,0.02205,0.01090,-0.02132,0.06381,0.08302,0.63547,1,0
1768603709.257313,-1.00066,0.00770,0.24447,0.00117,-0.02153,-0.00253,0.56181,0.00008,0.28073,-0.00009,0.70747,0.00007,0.70674,1,3,0.99947,0.02205,0.01090,-0.02132,0.06381,0.08302,0.63547,1,0
1768603709.259323,-0.99199,0.01617,0.21089,0.00132,-0.02106,-0.00387,0.56185,0.00008,0.28073,-0.00009,0.70747,0.00007,0.70674,1,3,0.99947,0.02205,0.01090,-0.02132,0.06381,0.08302,0.63547,1,0
1768603709.261316,-1.03028,0.04165,0.22002,0.00139,-0.02138,-0.00393,0.56185,0.00008,0.28073,-0.00009,0.70747,0.00007,0.70674,1,3,0.99947,0.02205,0.01090,-0.02132,0.06381,0.08302,0.63547,1,0
1768603709.263319,-1.02280,0.01165,0.22293,0.00116,-0.02091,-0.00332,0.56189,0.00008,0.28073,-0.00009,0.70747,0.00007,0.70675,1,3,0.99947,0.02205,0.01090,-0.02132,0.06381,0.08302,0.63547,1,0
1768603709.265328,-1.00868,0.02318,0.24374,0.00074,-0.02022,-0.00145,0.56189,0.00008,0.28073,-0.00009,0.70747,0.00007,0.70675,1,3,0.99947,0.02205,0.01090,-0.02132,0.06381,0.08302,0.63547,1,0
1768603709.267318,-1.05469,0.02126,0.27662,0.00084,-0.02223,-0.00335,0.56193,0.00008,0.28073,-0.00009,0.70747,0.00007,0.70675,1,3,0.99947,0.02205,0.01090,-0.02132,0.06381,0.08302,0.63547,1,0
1768603709.269312,-1.01577,0.01327,0.24684,0.00129,-0.02281,-0.00310,0.56193,0.00008,0.28073,-0.00009,0.70747,0.00007,0.70675,1,3,0.99947,0.02205,0.01090,-0.02132,0.06381,0.08302,0.63547,1,0
1768603709.271312,-0.97857,0.01604,0.26466,0.00064,-0.02106,-0.00304,0.56197,0.00008,0.28073,-0.00009,0.70747,0.00007,0.70675,1,3,0.99947,0.02205,0.01090,-0.02132,0.06381,0.08302,0.63547,1,0
1768603709.273315,-1.01634,0.03593,0.24583,0.00085,-0.02042,-0.00148,0.56197,0.00008,0.28073,-0.00009,0.70747,0.00007,0.70675,1,3,0.99945,0.02279,0.00903,-0.02225,0.06398,0.08296,0.63528,1,0
1768603709.275321,-1.00838,0.00412,0.24087,0.00103,-0.02245,-0.00122,0.56201,0.00008,0.28073,-0.00009,0.70747,0.00007,0.70675,1,3,0.99945,0.02279,0.00903,-0.02225,0.06398,0.08296,0.63528,1,0
1768603709.277351,-1.03875,0.02153,0.24690,0.00086,-0.02237,-0.00321,0.56201,0.00008,0.28073,-0.00009,0.70747,0.00007,0.70675,1,3,0.99945,0.02279,0.00903,-0.02225,0.06398,0.08296,0.63528,1,0
1768603709.279336,-0.93239,0.03559,0.24256,0.00106,-0.01958,-0.00325,0.56201,0.00008,0.28073,-0.00009,0.70747,0.00007,0.70675,1,3,0.99945,0.02279,0.00903,-0.02225,0.06398,0.08296,0.63528,1,0
1768603709.281340,-0.97029,0.03063,0.22860,0.00117,-0.01953,-0.00102,0.56209,0.00008,0.28073,-0.00009,0.70747,0.00007,0.70675,1,3,0.99945,0.02279,0.00903,-0.02225,0.06398,0.08296,0.63528,1,0
1768603709.283339,-1.09187,0.00050,0.24827,0.00137,-0.02323,-0.00167,0.56209,0.00008,0.28073,-0.00009,0.70747,0.00007,0.70675,1,3,0.99945,0.02279,0.00903,-0.02225,0.06398,0.08296,0.63528,1,0
1768603709.285333,-1.03091,0.00942,0.24446,0.00115,-0.02306,-0.00318,0.56213,0.00008,0.28073,-0.00009,0.70747,0.00007,0.70675,1,3,0.99945,0.02279,0.00903,-0.02225,0.06398,0.08296,0.63528,1,0
1768603709.287337,-1.00828,0.02568,0.25006,0.00102,-0.02211,-0.00415,0.56213,0.00008,0.28073,-0.00009,0.70747,0.00007,0.70675,1,3,0.99945,0.02279,0.00903,-0.02225,0.06398,0.08296,0.63528,1,0
1768603709.289340,-0.99250,0.03749,0.22740,0.00142,-0.02151,-0.00376,0.56217,0.00008,0.28073,-0.00009,0.70747,0.00007,0.70674,1,3,0.99945,0.02279,0.00903,-0.02225,0.06398,0.08296,0.63528,1,0
1768603709.291345,-0.97062,0.01943,0.25147,0.00118,-0.02078,-0.00205,0.56217,0.00008,0.28073,-0.00009,0.70747,0.00007,0.70674,1,3,0.99945,0.02279,0.00903,-0.02225,0.06398,0.08296,0.63528,1,0
1768603709.293340,-1.07022,0.00007,0.27911,0.00017,-0.02198,-0.00248,0.56221,0.00008,0.28073,-0.00009,0.70747,0.00007,0.70675,1,3,0.99945,0.02279,0.00903,-0.02225,0.06398,0.08296,0.63528,1,0
1768603709.295349,-1.04716,0.02593,0.28345,0.00124,-0.02302,-0.00316,0.56221,0.00008,0.28073,-0.00009,0.70747,0.00007,0.70675,1,3,0.99945,0.02279,0.00903,-0.02225,0.06398,0.08296,0.63528,1,0
1768603709.297341,-1.09266,0.02251,0.27599,0.00081,-0.02355,-0.00311,0.56225,0.00008,0.28073,-0.00009,0.70747,0.00007,0.70674,1,3,0.99945,0.02279,0.00903,-0.02225,0.06398,0.08296,0.63528,1,0
1768603709.299334,-1.03075,0.00543,0.23675,0.00115,-0.02337,-0.00275,0.56225,0.00008,0.28073,-0.00009,0.70747,0.00007,0.70674,1,3,0.99945,0.02279,0.00903,-0.02225,0.06398,0.08296,0.63528,1,0
1768603709.301339,-1.00784,0.00866,0.23444,0.00144,-0.02252,-0.00278,0.56229,0.00008,0.28072,-0.00009,0.70747,0.00007,0.70674,1,3,0.99945,0.02279,0.00903,-0.02225,0.06398,0.08296,0.63528,1,0
1768603709.303330,-1.06805,0.00392,0.21731,0.00167,-0.02207,-0.00283,0.56229,0.00008,0.28072,-0.00009,0.70747,0.00007,0.70674,1,3,0.99945,0.02279,0.00903,-0.02225,0.06398,0.08296,0.63528,1,0
1768603709.305355,-1.09865,0.01318,0.22660,0.00177,-0.02305,-0.00282,0.56229,0.00008,0.28072,-0.00009,0.70747,0.00007,0.70674,1,3,0.99945,0.02279,0.00903,-0.02225,0.06398,0.08296,0.63528,1,0
1768603709.307375,-1.02312,0.00425,0.23752,0.00116,-0.02205,-0.00324,0.56233,0.00008,0.28072,-0.00009,0.70747,0.00007,0.70674,1,3,0.99945,0.02279,0.00903,-0.02225,0.06398,0.08296,0.63528,1,0
1768603709.309350,-1.00825,0.01223,0.24806,0.00089,-0.02126,-0.00399,0.56233,0.00008,0.28072,-0.00009,0.70747,0.00007,0.70674,1,3,0.99945,0.02279,0.00903,-0.02225,0.06398,0.08296,0.63528,1,0
1768603709.311350,-1.00031,-0.00501,0.24305,0.00146,-0.02133,-0.00351,0.56237,0.00008,0.28073,-0.00009,0.70747,0.00007,0.70674,1,3,0.99945,0.02279,0.00903,-0.02225,0.06398,0.08296,0.63528,1,0
1768603709.313354,-1.04606,0.00611,0.24787,0.00088,-0.02345,-0.00442,0.56237,0.00008,0.28073,-0.00009,0.70747,0.00007,0.70674,1,3,0.99945,0.02279,0.00903,-0.02225,0.06398,0.08296,0.63528,1,0
1768603709.315356,-1.02340,0.01176,0.25229,0.00155,-0.02143,-0.00334,0.56237,0.00008,0.28073,-0.00009,0.70747,0.00007,0.70674,1,3,0.99937,0.02359,0.01081,-0.02437,0.06433,0.08282,0.63503,1,0
1768603709.317366,-0.97857,0.02423,0.26864,0.00130,-0.02145,-0.00237,0.56242,0.00008,0.28073,-0.00009,0.70747,0.00007,0.70675,1,3,0.99937,0.02359,0.01081,-0.02437,0.06433,0.08282,0.63503,1,0
1768603709.319370,-1.02323,0.01257,0.24194,0.00142,-0.02221,-0.00296,0.56242,0.00008,0.28073,-0.00009,0.70747,0.00007,0.70675,1,3,0.99937,0.02359,0.01081,-0.02437,0.06433,0.08282,0.63503,1,0
1768603709.321398,-0.98674,0.02095,0.28645,0.00062,-0.02189,-0.00299,0.56250,0.00008,0.28073,-0.00009,0.70747,0.00007,0.70675,1,3,0.99937,0.02359,0.01081,-0.02437,0.06433,0.08282,0.63503,1,0
1768603709.323391,-0.97051,0.04189,0.25416,0.00129,-0.02184,-0.00346,0.56250,0.00008,0.28073,-0.00009,0.70747,0.00007,0.70675,1,3,0.99937,0.02359,0.01081,-0.02437,0.06433,0.08282,0.63503,1,0
1768603709.325364,-0.99372,0.04137,0.25285,0.00087,-0.02164,-0.00155,0.56254,0.00008,0.28073,-0.00009,0.70747,0.00007,0.70675,1,3,0.99937,0.02359,0.01081,-0.02437,0.06433,0.08282,0.63503,1,0
1768603709.327362,-1.00120,0.02423,0.25736,0.00155,-0.02202,-0.00083,0.56254,0.00008,0.28073,-0.00009,0.70747,0.00007,0.70675,1,3,0.99937,0.02359,0.01081,-0.02437,0.06433,0.08282,0.63503,1,0
1768603709.329405,-1.00158,0.01579,0.26824,0.00088,-0.02146,-0.00151,0.56258,0.00008,0.28073,-0.00009,0.70747,0.00007,0.70675,1,3,0.99937,0.02359,0.01081,-0.02437,0.06433,0.08282,0.63503,1,0
1768603709.331384,-1.03878,0.00322,0.25718,0.00141,-0.02137,-0.00299,0.56258,0.00008,0.28073,-0.00009,0.70747,0.00007,0.70675,1,3,0.99937,0.02359,0.01081,-0.02437,0.06433,0.08282,0.63503,1,0
1768603709.333391,-0.99468,0.00894,0.30351,0.00075,-0.02278,-0.00273,0.56262,0.00008,0.28073,-0.00009,0.70746,0.00007,0.70675,1,3,0.99937,0.02359,0.01081,-0.02437,0.06433,0.08282,0.63503,1,0
1768603709.335554,-1.00120,0.01349,0.25618,0.00062,-0.02291,-0.00224,0.56262,0.00008,0.28073,-0.00009,0.70746,0.00007,0.70675,1,3,0.99937,0.02359,0.01081,-0.02437,0.06433,0.08282,0.63503,1,0
1768603709.337377,-1.03844,0.01294,0.24160,0.00141,-0.02265,-0.00271,0.56266,0.00008,0.28073,-0.00009,0.70746,0.00007,0.70675,1,3,0.99937,0.02359,0.01081,-0.02437,0.06433,0.08282,0.63503,1,0
1768603709.339374,-0.97012,-0.00109,0.22959,0.00080,-0.02105,-0.00179,0.56266,0.00008,0.28073,-0.00009,0.70746,0.00007,0.70675,1,3,0.99937,0.02359,0.01081,-0.02437,0.06433,0.08282,0.63503,1,0
1768603709.341381,-1.01542,0.00456,0.24188,0.00184,-0.02287,-0.00299,0.56266,0.00008,0.28073,-0.00009,0.70746,0.00007,0.70675,1,3,0.99937,0.02359,0.01081,-0.02437,0.06433,0.08282,0.63503,1,0
1768603709.343379,-1.00827,0.03013,0.24641,0.00128,-0.02281,-0.00305,0.56266,0.00008,0.28073,-0.00009,0.70746,0.00007,0.70675,1,3,0.99937,0.02359,0.01081,-0.02437,0.06433,0.08282,0.63503,1,0
1768603709.345376,-1.00002,0.01310,0.22223,0.00117,-0.02245,-0.00296,0.56270,0.00008,0.28073,-0.00009,0.70747,0.00007,0.70675,1,3,0.99937,0.02359,0.01081,-0.02437,0.06433,0.08282,0.63503,1,0
1768603709.347375,-1.03847,0.00594,0.24178,0.00101,-0.02375,-0.00301,0.56274,0.00008,0.28073,-0.00009,0.70747,0.00007,0.70675,1,3,0.99937,0.02359,0.01081,-0.02437,0.06433,0.08282,0.63503,1,0
1768603709.349375,-1.04600,0.01737,0.23927,0.00126,-0.02268,-0.00302,0.56274,0.00008,0.28073,-0.00009,0.70747,0.00007,0.70675,1,3,0.99937,0.02359,0.01081,-0.02437,0.06433,0.08282,0.63503,1,0
1768603709.351372,-1.05360,0.00074,0.23900,0.00127,-0.02312,-0.00231,0.56274,0.00008,0.28073,-0.00009,0.70747,0.00007,0.70675,1,3,0.99937,0.02359,0.01081,-0.02437,0.06433,0.08282,0.63503,1,0
1768603709.353373,-1.08422,0.00102,0.24342,0.00111,-0.02351,-0.00181,0.56278,0.00008,0.28073,-0.00009,0.70747,0.00007,0.70675,1,3,0.99929,0.02378,0.01235,-0.02638,0.06447,0.08271,0.63454,1,0
1768603709.355379,-1.06119,0.01426,0.24118,0.00139,-0.02397,-0.00272,0.56278,0.00008,0.28073,-0.00009,0.70747,0.00007,0.70675,1,3,0.99929,0.02378,0.01235,-0.02638,0.06447,0.08271,0.63454,1,0
1768603709.357381,-1.00801,0.01773,0.23543,0.00062,-0.02229,-0.00405,0.56282,0.00008,0.28073,-0.00009,0.70747,0.00007,0.70675,1,3,0.99929,0.02378,0.01235,-0.02638,0.06447,0.08271,0.63454,1,0
1768603709.359395,-1.03793,0.01713,0.20542,0.00020,-0.02156,-0.00313,0.56282,0.00008,0.28073,-0.00009,0.70747,0.00007,0.70675,1,3,0.99929,0.02378,0.01235,-0.02638,0.06447,0.08271,0.63454,1,0
1768603709.361392,-1.04713,0.01539,0.25865,0.00031,-0.02070,-0.00150,0.56286,0.00008,0.28072,-0.00009,0.70747,0.00007,0.70674,1,3,0.99929,0.02378,0.01235,-0.02638,0.06447,0.08271,0.63454,1,0
1768603709.363400,-0.97718,-0.00400,0.23251,0.00175,-0.02255,-0.00313,0.56290,0.00008,0.28073,-0.00009,0.70747,0.00007,0.70675,1,3,0.99929,0.02378,0.01235,-0.02638,0.06447,0.08271,0.63454,1,0
1768603709.365380,-0.97784,0.01686,0.24563,0.00078,-0.02151,-0.00417,0.56290,0.00008,0.28073,-0.00009,0.70747,0.00007,0.70675,1,3,0.99929,0.02378,0.01235,-0.02638,0.06447,0.08271,0.63454,1,0
1768603709.367404,-1.01562,0.02965,0.24209,0.00141,-0.02221,-0.00368,0.56294,0.00008,0.28073,-0.00009,0.70747,0.00007,0.70675,1,3,0.99929,0.02378,0.01235,-0.02638,0.06447,0.08271,0.63454,1,0
1768603709.369445,-1.00091,0.03433,0.24360,0.00074,-0.02263,-0.00248,0.56298,0.00008,0.28073,-0.00009,0.70747,0.00007,0.70675,1,3,0.99929,0.02378,0.01235,-0.02638,0.06447,0.08271,0.63454,1,0
1768603709.371409,-0.99383,0.01216,0.26648,0.00076,-0.02170,-0.00235,0.56298,0.00008,0.28073,-0.00009,0.70747,0.00007,0.70675,1,3,0.99929,0.02378,0.01235,-0.02638,0.06447,0.08271,0.63454,1,0
1768603709.373421,-0.99435,0.03970,0.26795,0.00045,-0.01993,-0.00117,0.56298,0.00008,0.28073,-0.00009,0.70747,0.00007,0.70675,1,3,0.99929,0.02378,0.01235,-0.02638,0.06447,0.08271,0.63454,1,0
1768603709.375407,-1.00825,0.02122,0.24666,0.00129,-0.02237,-0.00295,0.56302,0.00008,0.28073,-0.00009,0.70747,0.00007,0.70675,1,3,0.99929,0.02378,0.01235,-0.02638,0.06447,0.08271,0.63454,1,0
1768603709.377417,-1.03147,0.03477,0.25825,0.00112,-0.02332,-0.00274,0.56302,0.00008,0.28073,-0.00009,0.70747,0.00007,0.70675,1,3,0.99929,0.02378,0.01235,-0.02638,0.06447,0.08271,0.63454,1,0
1768603709.379399,-1.06894,0.00854,0.24333,0.00152,-0.02285,-0.00177,0.56302,0.00008,0.28073,-0.00009,0.70747,0.00007,0.70675,1,3,0.99929,0.02378,0.01235,-0.02638,0.06447,0.08271,0.63454,1,0
1768603709.381418,-1.05482,0.01414,0.27508,0.00084,-0.02400,-0.00174,0.56306,0.00008,0.28073,-0.00009,0.70746,0.00007,0.70675,1,3,0.99929,0.02378,0.01235,-0.02638,0.06447,0.08271,0.63454,1,0
1768603709.383397,-1.04636,0.01799,0.25387,0.00126,-0.02338,-0.00304,0.56306,0.00008,0.28073,-0.00009,0.70746,0.00007,0.70675,1,3,0.99929,0.02378,0.01235,-0.02638,0.06447,0.08271,0.63454,1,0
1768603709.385414,-1.00039,0.02199,0.23195,0.00089,-0.02277,-0.00308,0.56310,0.00008,0.28073,-0.00009,0.70747,0.00007,0.70675,1,3,0.99929,0.02378,0.01235,-0.02638,0.06447,0.08271,0.63454,1,0
1768603709.387404,-1.01557,0.02163,0.24208,0.00142,-0.02265,-0.00358,0.56310,0.00008,0.28073,-0.00009,0.70747,0.00007,0.70675,1,3,0.99947,0.02493,0.00502,-0.02014,0.06477,0.08282,0.63573,1,0
1768603709.389418,-1.02324,0.00876,0.22920,0.00075,-0.02237,-0.00215,0.56314,0.00008,0.28073,-0.00009,0.70746,0.00007,0.70675,1,3,0.99947,0.02493,0.00502,-0.02014,0.06477,0.08282,0.63573,1,0
1768603709.391406,-1.06124,0.01505,0.23890,0.00165,-0.02094,-0.00197,0.56314,0.00008,0.28073,-0.00009,0.70746,0.00007,0.70675,1,3,0.99947,0.02493,0.00502,-0.02014,0.06477,0.08282,0.63573,1,0
1768603709.393420,-1.00828,0.00762,0.23443,0.00063,-0.02121,-0.00202,0.56318,0.00008,0.28073,-0.00009,0.70747,0.00007,0.70675,1,3,0.99947,0.02493,0.00502,-0.02014,0.06477,0.08282,0.63573,1,0
1768603709.395458,-1.00102,0.01367,0.26222,0.00090,-0.02284,-0.00376,0.56322,0.00008,0.28073,-0.00009,0.70747,0.00007,0.70675,1,3,0.99947,0.02493,0.00502,-0.02014,0.06477,0.08282,0.63573,1,0
1768603709.397433,-1.01543,0.00529,0.23766,0.00117,-0.02292,-0.00376,0.56322,0.00008,0.28073,-0.00009,0.70747,0.00007,0.70675,1,3,0.99947,0.02493,0.00502,-0.02014,0.06477,0.08282,0.63573,1,0
1768603709.399434,-0.98542,0.02548,0.24454,0.00117,-0.02218,-0.00338,0.56326,0.00008,0.28073,-0.00009,0.70747,0.00007,0.70675,1,3,0.99947,0.02493,0.00502,-0.02014,0.06477,0.08282,0.63573,1,0
1768603709.401425,-1.02433,0.01194,0.27570,0.00127,-0.02202,-0.00184,0.56326,0.00008,0.28073,-0.00009,0.70747,0.00007,0.70675,1,3,0.99947,0.02493,0.00502,-0.02014,0.06477,0.08282,0.63573,1,0
1768603709.403423,-0.97153,0.02203,0.28606,0.00063,-0.02299,-0.00287,0.56330,0.00008,0.28073,-0.00009,0.70746,0.00007,0.70675,1,3,0.99947,0.02493,0.00502,-0.02014,0.06477,0.08282,0.63573,1,0
1768603709.405450,-0.97134,0.03375,0.27315,0.00075,-0.02227,-0.00224,0.56330,0.00008,0.28073,-0.00009,0.70746,0.00007,0.70675,1,3,0.99947,0.02493,0.00502,-0.02014,0.06477,0.08282,0.63573,1,0
1768603709.407436,-1.02367,0.01715,0.24870,0.00101,-0.02257,-0.00227,0.56334,0.00008,0.28073,-0.00009,0.70747,0.00007,0.70675,1,3,0.99947,0.02493,0.00502,-0.02014,0.06477,0.08282,0.63573,1,0
1768603709.409446,-1.00876,0.00920,0.25887,0.00076,-0.02288,-0.00244,0.56334,0.00008,0.28073,-0.00009,0.70747,0.00007,0.70675,1,3,0.99947,0.02493,0.00502,-0.02014,0.06477,0.08282,0.63573,1,0
1768603709.411419,-0.98645,0.01708,0.27341,0.00076,-0.02249,-0.00217,0.56338,0.00008,0.28073,-0.00009,0.70746,0.00007,0.70675,1,3,0.99947,0.02493,0.00502,-0.02014,0.06477,0.08282,0.63573,1,0
1768603709.413436,-1.00913,0.00093,0.28847,0.00156,-0.02361,-0.00273,0.56338,0.00008,0.28073,-0.00009,0.70746,0.00007,0.70675,1,3,0.99947,0.02493,0.00502,-0.02014,0.06477,0.08282,0.63573,1,0
1768603709.415425,-1.00144,0.01361,0.27557,0.00129,-0.02355,-0.00224,0.56338,0.00008,0.28073,-0.00009,0.70746,0.00007,0.70675,1,3,0.99947,0.02493,0.00502,-0.02014,0.06477,0.08282,0.63573,1,0
1768603709.417419,-0.95491,0.01289,0.23169,0.00094,-0.02234,-0.00221,0.56342,0.00008,0.28073,-0.00009,0.70746,0.00007,0.70675,1,3,0.99947,0.02493,0.00502,-0.02014,0.06477,0.08282,0.63573,1,0
1768603709.419430,-0.94001,0.00706,0.23919,0.00095,-0.02093,-0.00164,0.56342,0.00008,0.28073,-0.00009,0.70746,0.00007,0.70675,1,3,0.99947,0.02493,0.00502,-0.02014,0.06477,0.08282,0.63573,1,0
1768603709.421427,-1.01587,0.04338,0.23873,0.00086,-0.02312,-0.00309,0.56346,0.00008,0.28073,-0.00009,0.70746,0.00007,0.70675,1,3,0.99947,0.02493,0.00502,-0.02014,0.06477,0.08282,0.63573,1,0
1768603709.423426,-1.04678,0.01846,0.25824,0.00072,-0.02376,-0.00229,0.56346,0.00008,0.28073,-0.00009,0.70746,0.00007,0.70675,1,3,0.99938,0.02528,0.00572,-0.02379,0.06495,0.08274,0.63561,1,0
1768603709.425450,-1.02524,0.03952,0.29960,0.00057,-0.02392,-0.00220,0.56350,0.00008,0.28073,-0.00009,0.70746,0.00007,0.70675,1,3,0.99938,0.02528,0.00572,-0.02379,0.06495,0.08274,0.63561,1,0
1768603709.427482,-1.01621,0.01393,0.25597,0.00102,-0.02357,-0.00236,0.56350,0.00008,0.28073,-0.00009,0.70746,0.00007,0.70675,1,3,0.99938,0.02528,0.00572,-0.02379,0.06495,0.08274,0.63561,1,0
1768603709.429453,-1.01661,0.03134,0.25900,0.00072,-0.01982,-0.00220,0.56354,0.00008,0.28073,-0.00009,0.70746,0.00007,0.70675,1,3,0.99938,0.02528,0.00572,-0.02379,0.06495,0.08274,0.63561,1,0
1768603709.431454,-0.97778,0.03391,0.23379,0.00103,-0.02231,-0.00246,0.56354,0.00008,0.28073,-0.00009,0.70746,0.00007,0.70675,1,3,0.99938,0.02528,0.00572,-0.02379,0.06495,0.08274,0.63561,1,0
1768603709.433496,-0.97874,0.02983,0.26562,0.00075,-0.02258,-0.00206,0.56358,0.00008,0.28073,-0.00009,0.70746,0.00007,0.70675,1,3,0.99938,0.02528,0.00572,-0.02379,0.06495,0.08274,0.63561,1,0
1768603709.435470,-0.98596,0.01221,0.25598,0.00104,-0.02204,-0.00171,0.56362,0.00008,0.28073,-0.00009,0.70746,0.00007,0.70675,1,3,0.99938,0.02528,0.00572,-0.02379,0.06495,0.08274,0.63561,1,0
1768603709.437453,-0.99433,0.04203,0.28798,0.00113,-0.02231,-0.00273,0.56362,0.00008,0.28073,-0.00009,0.70746,0.00007,0.70675,1,3,0.99938,0.02528,0.00572,-0.02379,0.06495,0.08274,0.63561,1,0
1768603709.439457,-1.02321,0.01818,0.23394,0.00101,-0.02340,-0.00265,0.56366,0.00008,0.28073,-0.00009,0.70746,0.00007,0.70675,1,3,0.99938,0.02528,0.00572,-0.02379,0.06495,0.08274,0.63561,1,0
1768603709.441467,-1.04765,0.01264,0.29410,0.00151,-0.02333,-0.00072,0.56366,0.00008,0.28073,-0.00009,0.70746,0.00007,0.70675,1,3,0.99938,0.02528,0.00572,-0.02379,0.06495,0.08274,0.63561,1,0
1768603709.443455,-1.04656,0.01898,0.25825,0.00112,-0.02442,-0.00267,0.56370,0.00008,0.28073,-0.00009,0.70746,0.00007,0.70675,1,3,0.99938,0.02528,0.00572,-0.02379,0.06495,0.08274,0.63561,1,0
1768603709.445455,-0.98612,0.01445,0.28214,0.00117,-0.02369,-0.00442,0.56370,0.00008,0.28073,-0.00009,0.70746,0.00007,0.70675,1,3,0.99938,0.02528,0.00572,-0.02379,0.06495,0.08274,0.63561,1,0
1768603709.447441,-0.96167,0.03891,0.21237,0.00145,-0.02279,-0.00389,0.56374,0.00008,0.28072,-0.00009,0.70747,0.00007,0.70675,1,3,0.99938,0.02528,0.00572,-0.02379,0.06495,0.08274,0.63561,1,0
1768603709.449461,-0.93896,0.02043,0.19770,0.00068,-0.02100,-0.00253,0.56374,0.00008,0.28072,-0.00009,0.70747,0.00007,0.70675,1,3,0.99938,0.02528,0.00572,-0.02379,0.06495,0.08274,0.63561,1,0
1768603709.451450,-0.99310,0.02390,0.23862,0.00129,-0.02116,-0.00170,0.56374,0.00008,0.28072,-0.00009,0.70747,0.00007,0.70675,1,3,0.99938,0.02528,0.00572,-0.02379,0.06495,0.08274,0.63561,1,0
1768603709.453483,-1.09234,0.00954,0.25843,0.00069,-0.02333,-0.00218,0.56378,0.00008,0.28072,-0.00009,0.70747,0.00007,0.70674,1,3,0.99938,0.02528,0.00572,-0.02379,0.06495,0.08274,0.63561,1,0
1768603709.455468,-1.06986,0.03649,0.28301,0.00122,-0.02499,-0.00366,0.56378,0.00008,0.28072,-0.00009,0.70747,0.00007,0.70674,1,3,0.99938,0.02528,0.00572,-0.02379,0.06495,0.08274,0.63561,1,0
1768603709.457467,-1.04711,0.02352,0.27545,0.00084,-0.02465,-0.00275,0.56382,0.00008,0.28072,-0.00009,0.70747,0.00007,0.70674,1,3,0.99938,0.02528,0.00572,-0.02379,0.06495,0.08274,0.63561,1,0
1768603709.459471,-0.98652,0.03402,0.28792,0.00155,-0.02296,-0.00275,0.56382,0.00008,0.28072,-0.00009,0.70747,0.00007,0.70674,1,3,0.99938,0.02528,0.00572,-0.02379,0.06495,0.08274,0.63561,1,0
1768603709.461468,-1.00916,0.01865,0.26810,0.00047,-0.02386,-0.00218,0.56386,0.00008,0.28073,-0.00009,0.70747,0.00007,0.70675,1,3,0.99938,0.02528,0.00572,-0.02379,0.06495,0.08274,0.63561,1,0
1768603709.463495,-1.00098,0.01338,0.25155,0.00076,-0.02275,-0.00261,0.56386,0.00008,0.28073,-0.00009,0.70747,0.00007,0.70675,1,3,0.99938,0.02528,0.00572,-0.02379,0.06495,0.08274,0.63561,1,0
1768603709.465508,-0.97799,0.03284,0.24903,0.00143,-0.02147,-0.00283,0.56386,0.00008,0.28073,-0.00009,0.70747,0.00007,0.70675,1,3,0.99938,0.02528,0.00572,-0.02379,0.06495,0.08274,0.63561,1,0
1768603709.467479,-0.98565,0.02532,0.23930,0.00049,-0.02181,-0.00262,0.56390,0.00008,0.28072,-0.00009,0.70747,0.00007,0.70674,1,3,0.99934,0.02579,0.00893,-0.02385,0.06510,0.08266,0.63527,1,0
1768603709.469492,-0.95604,0.02490,0.27282,0.00118,-0.02227,-0.00162,0.56394,0.00008,0.28072,-0.00009,0.70747,0.00007,0.70674,1,3,0.99934,0.02579,0.00893,-0.02385,0.06510,0.08266,0.63527,1,0
1768603709.471478,-0.99329,0.01653,0.24903,0.00103,-0.02191,-0.00239,0.56394,0.00008,0.28072,-0.00009,0.70747,0.00007,0.70674,1,3,0.99934,0.02579,0.00893,-0.02385,0.06510,0.08266,0.63527,1,0
1768603709.473480,-1.00232,0.03013,0.30468,0.00126,-0.02342,-0.00209,0.56398,0.00008,0.28072,-0.00009,0.70747,0.00007,0.70674,1,3,0.99934,0.02579,0.00893,-0.02385,0.06510,0.08266,0.63527,1,0
1768603709.475490,-1.00126,0.05042,0.25789,0.00112,-0.02223,-0.00230,0.56402,0.00008,0.28072,-0.00009,0.70747,0.00007,0.70674,1,3,0.99934,0.02579,0.00893,-0.02385,0.06510,0.08266,0.63527,1,0
1768603709.477473,-0.95533,0.00383,0.24644,0.00094,-0.02194,-0.00173,0.56402,0.00008,0.28072,-0.00009,0.70747,0.00007,0.70674,1,3,0.99934,0.02579,0.00893,-0.02385,0.06510,0.08266,0.63527,1,0
1768603709.479479,-0.98613,0.03301,0.26381,0.00102,-0.02151,-0.00273,0.56406,0.00008,0.28072,-0.00009,0.70748,0.00007,0.70674,1,3,0.99934,0.02579,0.00893,-0.02385,0.06510,0.08266,0.63527,1,0
1768603709.481504,-1.03908,0.00498,0.26663,0.00114,-0.02301,-0.00302,0.56406,0.00008,0.28072,-0.00009,0.70748,0.00007,0.70674,1,3,0.99934,0.02579,0.00893,-0.02385,0.06510,0.08266,0.63527,1,0
1768603709.483516,-1.00953,0.03528,0.28817,0.00072,-0.02362,-0.00316,0.56410,0.00008,0.28072,-0.00009,0.70747,0.00007,0.70674,1,3,0.99934,0.02579,0.00893,-0.02385,0.06510,0.08266,0.63527,1,0
1768603709.485503,-1.00170,0.03899,0.28019,0.00113,-0.02349,-0.00256,0.56410,0.00008,0.28072,-0.00009,0.70747,0.00007,0.70674,1,3,0.99934,0.02579,0.00893,-0.02385,0.06510,0.08266,0.63527,1,0
1768603709.487496,-1.00130,0.02190,0.25945,0.00128,-0.02375,-0.00081,0.56414,0.00008,0.28072,-0.00009,0.70747,0.00007,0.70674,1,3,0.99934,0.02579,0.00893,-0.02385,0.06510,0.08266,0.63527,1,0
1768603709.489503,-1.03171,0.02653,0.26265,0.00099,-0.02371,-0.00188,0.56414,0.00008,0.28072,-0.00009,0.70747,0.00007,0.70674,1,3,0.99934,0.02579,0.00893,-0.02385,0.06510,0.08266,0.63527,1,0
1768603709.491496,-0.97798,0.01765,0.25921,0.00158,-0.02309,-0.00342,0.56418,0.00008,0.28072,-0.00009,0.70747,0.00007,0.70674,1,3,0.99934,0.02579,0.00893,-0.02385,0.06510,0.08266,0.63527,1,0
1768603709.493510,-0.93346,0.02936,0.28124,0.00079,-0.02195,-0.00283,0.56418,0.00008,0.28072,-0.00009,0.70747,0.00007,0.70674,1,3,0.99934,0.02579,0.00893,-0.02385,0.06510,0.08266,0.63527,1,0
1768603709.495503,-0.96330,0.01826,0.25913,0.00038,-0.02310,-0.00294,0.56422,0.00008,0.28072,-0.00009,0.70747,0.00007,0.70674,1,3,0.99934,0.02579,0.00893,-0.02385,0.06510,0.08266,0.63527,1,0
1768603709.497497,-0.96286,0.02959,0.24568,0.00131,-0.02260,-0.00191,0.56422,0.00008,0.28072,-0.00009,0.70747,0.00007,0.70674,1,3,0.99934,0.02579,0.00893,-0.02385,0.06510,0.08266,0.63527,1,0
1768603709.499495,-1.00925,0.01290,0.28064,0.00115,-0.02284,-0.00211,0.56422,0.00008,0.28072,-0.00009,0.70747,0.00007,0.70674,1,3,0.99934,0.02579,0.00893,-0.02385,0.06510,0.08266,0.63527,1,0
1768603709.501488,-1.08511,0.00209,0.28760,0.00150,-0.02494,-0.00223,0.56426,0.00008,0.28072,-0.00009,0.70747,0.00007,0.70674,1,3,0.99934,0.02579,0.00893,-0.02385,0.06510,0.08266,0.63527,1,0
1768603709.503487,-1.10038,0.03344,0.28515,0.00093,-0.02606,-0.00350,0.56426,0.00008,0.28072,-0.00009,0.70747,0.00007,0.70674,1,3,0.99934,0.02579,0.00893,-0.02385,0.06510,0.08266,0.63527,1,0
1768603709.505486,-1.01570,0.00614,0.24658,0.00130,-0.02412,-0.00302,0.56430,0.00008,0.28072,-0.00009,0.70747,0.00007,0.70674,1,3,0.99934,0.02579,0.00893,-0.02385,0.06510,0.08266,0.63527,1,0
1768603709.507514,-0.98598,0.03410,0.24936,0.00021,-0.02190,-0.00312,0.56430,0.00008,0.28072,-0.00009,0.70747,0.00007,0.70674,1,3,0.99934,0.02579,0.00893,-0.02385,0.06510,0.08266,0.63527,1,0
1768603709.509510,-1.03859,0.01818,0.24382,0.00113,-0.02350,-0.00278,0.56434,0.00008,0.28072,-0.00009,0.70747,0.00007,0.70674,1,3,0.99934,0.02579,0.00893,-0.02385,0.06510,0.08266,0.63527,1,0
1768603709.511512,-1.06921,0.00894,0.25862,0.00152,-0.02310,-0.00254,0.56434,0.00008,0.28072,-0.00009,0.70747,0.00007,0.70674,1,3,0.99932,0.02726,0.00951,-0.02283,0.06548,0.08256,0.63529,1,0
1768603709.513520,-0.97901,0.00490,0.29058,0.00131,-0.02337,-0.00215,0.56438,0.00008,0.28072,-0.00009,0.70747,0.00007,0.70674,1,3,0.99932,0.02726,0.00951,-0.02283,0.06548,0.08256,0.63529,1,0
1768603709.515513,-1.01555,0.02687,0.23932,0.00128,-0.02355,-0.00364,0.56438,0.00008,0.28072,-0.00009,0.70747,0.00007,0.70674,1,3,0.99932,0.02726,0.00951,-0.02283,0.06548,0.08256,0.63529,1,0
1768603709.517519,-1.03026,0.00991,0.21895,0.00142,-0.02380,-0.00240,0.56442,0.00008,0.28072,-0.00009,0.70747,0.00007,0.70675,1,3,0.99932,0.02726,0.00951,-0.02283,0.06548,0.08256,0.63529,1,0
1768603709.519515,-0.97854,0.02529,0.25838,0.00076,-0.02223,-0.00200,0.56447,0.00008,0.28073,-0.00009,0.70747,0.00007,0.70675,1,3,0.99932,0.02726,0.00951,-0.02283,0.06548,0.08256,0.63529,1,0
1768603709.521511,-0.94121,0.02863,0.28551,0.00105,-0.02168,-0.00193,0.56447,0.00008,0.28073,-0.00009,0.70747,0.00007,0.70675,1,3,0.99932,0.02726,0.00951,-0.02283,0.06548,0.08256,0.63529,1,0
1768603709.523513,-1.00209,0.03019,0.29005,0.00086,-0.02316,-0.00208,0.56451,0.00008,0.28073,-0.00009,0.70747,0.00007,0.70675,1,3,0.99932,0.02726,0.00951,-0.02283,0.06548,0.08256,0.63529,1,0
1768603709.525515,-1.03219,0.04793,0.28427,0.00137,-0.02432,-0.00215,0.56451,0.00008,0.28073,-0.00009,0.70747,0.00007,0.70675,1,3,0.99932,0.02726,0.00951,-0.02283,0.06548,0.08256,0.63529,1,0
1768603709.527878,-0.97030,0.00889,0.23883,0.00092,-0.02269,-0.00191,0.56455,0.00008,0.28073,-0.00009,0.70746,0.00007,0.70675,1,3,0.99932,0.02726,0.00951,-0.02283,0.06548,0.08256,0.63529,1,0
1768603709.529510,-0.91100,0.01992,0.28570,0.00067,-0.02124,-0.00158,0.56455,0.00008,0.28073,-0.00009,0.70746,0.00007,0.70675,1,3,0.99932,0.02726,0.00951,-0.02283,0.06548,0.08256,0.63529,1,0
1768603709.531535,-0.97881,0.02533,0.27266,0.00116,-0.02271,-0.00163,0.56459,0.00008,0.28073,-0.00009,0.70746,0.00007,0.70675,1,3,0.99932,0.02726,0.00951,-0.02283,0.06548,0.08256,0.63529,1,0
1768603709.533533,-1.05524,0.01443,0.28945,0.00084,-0.02448,-0.00138,0.56459,0.00008,0.28073,-0.00009,0.70746,0.00007,0.70675,1,3,0.99932,0.02726,0.00951,-0.02283,0.06548,0.08256,0.63529,1,0
1768603709.535529,-0.97103,0.02259,0.27064,0.00104,-0.02383,-0.00248,0.56463,0.00008,0.28073,-0.00009,0.70746,0.00007,0.70675,1,3,0.99932,0.02726,0.00951,-0.02283,0.06548,0.08256,0.63529,1,0
1768603709.537532,-0.93985,0.01242,0.23110,0.00094,-0.02212,-0.00132,0.56463,0.00008,0.28073,-0.00009,0.70746,0.00007,0.70675,1,3,0.99932,0.02726,0.00951,-0.02283,0.06548,0.08256,0.63529,1,0
1768603709.539531,-0.94836,0.00423,0.27663,0.00094,-0.02223,-0.00265,0.56463,0.00008,0.28073,-0.00009,0.70746,0.00007,0.70675,1,3,0.99932,0.02726,0.00951,-0.02283,0.06548,0.08256,0.63529,1,0
1768603709.541594,-0.99433,0.02764,0.29279,0.00101,-0.02465,-0.00294,0.56467,0.00008,0.28073,-0.00009,0.70746,0.00007,0.70676,1,3,0.99932,0.02726,0.00951,-0.02283,0.06548,0.08256,0.63529,1,0
1768603709.543531,-1.01740,0.02741,0.29717,0.00086,-0.02460,-0.00218,0.56467,0.00008,0.28073,-0.00009,0.70746,0.00007,0.70676,1,3,0.99932,0.02726,0.00951,-0.02283,0.06548,0.08256,0.63529,1,0
1768603709.545520,-0.94781,0.01758,0.24302,0.00080,-0.02307,-0.00126,0.56471,0.00008,0.28074,-0.00009,0.70746,0.00007,0.70676,1,3,0.99932,0.02726,0.00951,-0.02283,0.06548,0.08256,0.63529,1,0
1768603709.547580,-0.93243,0.03003,0.24201,0.00067,-0.02221,-0.00319,0.56471,0.00008,0.28074,-0.00009,0.70746,0.00007,0.70676,1,3,0.99932,0.02726,0.00951,-0.02283,0.06548,0.08256,0.63529,1,0
1768603709.549522,-0.95605,0.02917,0.27146,0.00064,-0.02163,-0.00282,0.56475,0.00008,0.28074,-0.00009,0.70746,0.00007,0.70676,1,3,0.99932,0.02726,0.00951,-0.02283,0.06548,0.08256,0.63529,1,0
1768603709.551539,-1.04004,0.03232,0.28917,0.00084,-0.02535,-0.00185,0.56475,0.00008,0.28074,-0.00009,0.70746,0.00007,0.70676,1,3,0.99935,0.02773,0.00654,-0.02201,0.06570,0.08255,0.63563,1,0
1768603709.553529,-1.07003,0.01949,0.27687,0.00096,-0.02529,-0.00155,0.56479,0.00008,0.28074,-0.00009,0.70745,0.00007,0.70676,1,3,0.99935,0.02773,0.00654,-0.02201,0.06570,0.08255,0.63563,1,0
1768603709.555563,-1.00915,0.00521,0.28086,0.00116,-0.02349,-0.00240,0.56483,0.00008,0.28074,-0.00009,0.70746,0.00007,0.70676,1,3,0.99935,0.02773,0.00654,-0.02201,0.06570,0.08255,0.63563,1,0
1768603709.557570,-0.99385,0.01316,0.26587,0.00076,-0.02280,-0.00199,0.56483,0.00008,0.28074,-0.00009,0.70746,0.00007,0.70676,1,3,0.99935,0.02773,0.00654,-0.02201,0.06570,0.08255,0.63563,1,0
1768603709.559556,-1.04605,0.01811,0.24356,0.00153,-0.02372,-0.00264,0.56487,0.00008,0.28074,-0.00009,0.70746,0.00007,0.70676,1,3,0.99935,0.02773,0.00654,-0.02201,0.06570,0.08255,0.63563,1,0
1768603709.561647,-1.00943,0.02161,0.28061,0.00074,-0.02284,-0.00223,0.56487,0.00008,0.28074,-0.00009,0.70746,0.00007,0.70676,1,3,0.99935,0.02773,0.00654,-0.02201,0.06570,0.08255,0.63563,1,0
1768603709.563637,-1.02296,0.01833,0.22442,0.00088,-0.02330,-0.00302,0.56491,0.00008,0.28074,-0.00009,0.70745,0.00007,0.70676,1,3,0.99935,0.02773,0.00654,-0.02201,0.06570,0.08255,0.63563,1,0
1768603709.565574,-0.95464,0.00413,0.22242,0.00081,-0.02179,-0.00248,0.56491,0.00008,0.28074,-0.00009,0.70745,0.00007,0.70676,1,3,0.99935,0.02773,0.00654,-0.02201,0.06570,0.08255,0.63563,1,0
1768603709.567563,-0.96308,0.00880,0.25487,0.00053,-0.02206,-0.00320,0.56496,0.00008,0.28075,-0.00009,0.70745,0.00007,0.70676,1,3,0.99935,0.02773,0.00654,-0.02201,0.06570,0.08255,0.63563,1,0
1768603709.569560,-1.00102,0.02877,0.26090,0.00168,-0.02198,-0.00241,0.56496,0.00008,0.28075,-0.00009,0.70745,0.00007,0.70676,1,3,0.99935,0.02773,0.00654,-0.02201,0.06570,0.08255,0.63563,1,0
1768603709.571563,-1.03911,0.01924,0.26327,0.00099,-0.02458,-0.00281,0.56500,0.00008,0.28075,-0.00009,0.70745,0.00007,0.70676,1,3,0.99935,0.02773,0.00654,-0.02201,0.06570,0.08255,0.63563,1,0
1768603709.573561,-1.04690,0.00926,0.27383,0.00113,-0.02314,-0.00295,0.56500,0.00008,0.28075,-0.00009,0.70745,0.00007,0.70676,1,3,0.99935,0.02773,0.00654,-0.02201,0.06570,0.08255,0.63563,1,0
1768603709.575552,-0.98520,0.02182,0.23705,0.00117,-0.02271,-0.00333,0.56500,0.00008,0.28075,-0.00009,0.70745,0.00007,0.70676,1,3,0.99935,0.02773,0.00654,-0.02201,0.06570,0.08255,0.63563,1,0
1768603709.577550,-0.93371,0.02922,0.29076,0.00092,-0.02206,-0.00246,0.56504,0.00008,0.28075,-0.00009,0.70745,0.00007,0.70676,1,3,0.99935,0.02773,0.00654,-0.02201,0.06570,0.08255,0.63563,1,0
1768603709.579550,-0.97177,0.03796,0.28515,0.00061,-0.02234,-0.00192,0.56504,0.00008,0.28075,-0.00009,0.70745,0.00007,0.70676,1,3,0.99935,0.02773,0.00654,-0.02201,0.06570,0.08255,0.63563,1,0
1768603709.581638,-1.01737,0.03539,0.28161,0.00044,-0.02413,-0.00113,0.56508,0.00008,0.28075,-0.00009,0.70745,0.00007,0.70676,1,3,0.99935,0.02773,0.00654,-0.02201,0.06570,0.08255,0.63563,1,0
1768603709.583553,-0.95611,0.01311,0.26938,0.00105,-0.02341,-0.00034,0.56508,0.00008,0.28075,-0.00009,0.70745,0.00007,0.70676,1,3,0.99935,0.02773,0.00654,-0.02201,0.06570,0.08255,0.63563,1,0
1768603709.585575,-0.96304,0.01170,0.24605,0.00092,-0.02151,-0.00132,0.56512,0.00008,0.28075,-0.00009,0.70745,0.00007,0.70676,1,3,0.99935,0.02773,0.00654,-0.02201,0.06570,0.08255,0.63563,1,0
1768603709.587568,-0.96447,0.04148,0.30211,0.00115,-0.02213,-0.00172,0.56512,0.00008,0.28075,-0.00009,0.70745,0.00007,0.70676,1,3,0.99935,0.02773,0.00654,-0.02201,0.06570,0.08255,0.63563,1,0
1768603709.589579,-1.04735,0.01865,0.27169,0.00071,-0.02447,-0.00078,0.56516,0.00008,0.28074,-0.00009,0.70745,0.00007,0.70676,1,3,0.99935,0.02773,0.00654,-0.02201,0.06570,0.08255,0.63563,1,0
1768603709.591571,-0.97199,0.02351,0.30459,0.00089,-0.02495,-0.00214,0.56516,0.00008,0.28074,-0.00009,0.70745,0.00007,0.70676,1,3,0.99927,0.02867,0.00894,-0.02360,0.06585,0.08246,0.63531,1,0
1768603709.593570,-0.94062,0.02915,0.26079,0.00092,-0.02198,-0.00192,0.56516,0.00008,0.28074,-0.00009,0.70745,0.00007,0.70676,1,3,0.99927,0.02867,0.00894,-0.02360,0.06585,0.08246,0.63531,1,0
1768603709.595577,-0.94129,0.03029,0.29033,0.00091,-0.02315,-0.00234,0.56520,0.00008,0.28075,-0.00009,0.70745,0.00007,0.70676,1,3,0.99927,0.02867,0.00894,-0.02360,0.06585,0.08246,0.63531,1,0
1768603709.597581,-0.94075,0.03146,0.27104,0.00065,-0.02382,-0.00310,0.56524,0.00008,0.28075,-0.00009,0.70745,0.00007,0.70677,1,3,0.99927,0.02867,0.00894,-0.02360,0.06585,0.08246,0.63531,1,0
1768603709.599590,-0.94024,0.01476,0.26189,0.00094,-0.02394,-0.00365,0.56528,0.00008,0.28074,-0.00009,0.70745,0.00007,0.70676,1,3,0.99927,0.02867,0.00894,-0.02360,0.06585,0.08246,0.63531,1,0
1768603709.601581,-0.96404,0.02972,0.29078,0.00090,-0.02249,-0.00271,0.56528,0.00008,0.28074,-0.00009,0.70745,0.00007,0.70676,1,3,0.99927,0.02867,0.00894,-0.02360,0.06585,0.08246,0.63531,1,0
1768603709.603577,-1.02458,0.00532,0.29039,0.00128,-0.02381,-0.00215,0.56532,0.00008,0.28074,-0.00009,0.70745,0.00007,0.70676,1,3,0.99927,0.02867,0.00894,-0.02360,0.06585,0.08246,0.63531,1,0
1768603709.605591,-1.11604,0.01196,0.30298,0.00066,-0.02563,-0.00339,0.56532,0.00008,0.28074,-0.00009,0.70745,0.00007,0.70676,1,3,0.99927,0.02867,0.00894,-0.02360,0.06585,0.08246,0.63531,1,0
1768603709.607583,-1.03925,0.01104,0.27825,0.00140,-0.02505,-0.00310,0.56536,0.00008,0.28074,-0.00009,0.70745,0.00007,0.70676,1,3,0.99927,0.02867,0.00894,-0.02360,0.06585,0.08246,0.63531,1,0
1768603709.609643,-0.97134,0.02683,0.27845,0.00063,-0.02352,-0.00293,0.56536,0.00008,0.28074,-0.00009,0.70745,0.00007,0.70676,1,3,0.99927,0.02867,0.00894,-0.02360,0.06585,0.08246,0.63531,1,0
1768603709.611574,-1.02345,0.02639,0.24369,0.00114,-0.02328,-0.00275,0.56540,0.00008,0.28074,-0.00009,0.70745,0.00007,0.70676,1,3,0.99927,0.02867,0.00894,-0.02360,0.06585,0.08246,0.63531,1,0
1768603709.613576,-1.03215,0.01384,0.27568,0.00046,-0.02333,-0.00213,0.56540,0.00008,0.28074,-0.00009,0.70745,0.00007,0.70676,1,3,0.99927,0.02867,0.00894,-0.02360,0.06585,0.08246,0.63531,1,0
1768603709.615582,-1.01588,0.01903,0.25404,0.00129,-0.02425,-0.00356,0.56540,0.00008,0.28074,-0.00009,0.70745,0.00007,0.70676,1,3,0.99927,0.02867,0.00894,-0.02360,0.06585,0.08246,0.63531,1,0
1768603709.617646,-0.96976,0.02197,0.21637,0.00092,-0.02296,-0.00205,0.56540,0.00008,0.28074,-0.00009,0.70745,0.00007,0.70676,1,3,0.99927,0.02867,0.00894,-0.02360,0.06585,0.08246,0.63531,1,0
1768603709.619622,-1.00856,-0.00734,0.26365,0.00145,-0.02370,-0.00223,0.56544,0.00008,0.28074,-0.00009,0.70745,0.00007,0.70676,1,3,0.99927,0.02867,0.00894,-0.02360,0.06585,0.08246,0.63531,1,0
1768603709.621584,-0.99338,0.01010,0.26349,0.00144,-0.02414,-0.00270,0.56544,0.00008,0.28074,-0.00009,0.70745,0.00007,0.70676,1,3,0.99927,0.02867,0.00894,-0.02360,0.06585,0.08246,0.63531,1,0
1768603709.623585,-0.97032,0.01344,0.26211,0.00173,-0.02306,-0.00388,0.56548,0.00008,0.28074,-0.00009,0.70745,0.00007,0.70676,1,3,0.99927,0.02867,0.00894,-0.02360,0.06585,0.08246,0.63531,1,0
1768603709.625715,-0.91876,0.04714,0.31101,0.00118,-0.02290,-0.00408,0.56548,0.00008,0.28074,-0.00009,0.70745,0.00007,0.70676,1,3,0.99927,0.02867,0.00894,-0.02360,0.06585,0.08246,0.63531,1,0
1768603709.627601,-0.97856,0.02112,0.26565,0.00117,-0.02258,-0.00195,0.56552,0.00008,0.28074,-0.00009,0.70745,0.00007,0.70676,1,3,0.99927,0.02892,0.00802,-0.02372,0.06603,0.08240,0.63520,1,0
1768603709.629601,-1.02542,0.02308,0.29924,0.00018,-0.02436,-0.00125,0.56552,0.00008,0.28074,-0.00009,0.70745,0.00007,0.70676,1,3,0.99927,0.02892,0.00802,-0.02372,0.06603,0.08240,0.63520,1,0
1768603709.631592,-1.03908,-0.01021,0.25579,0.00062,-0.02467,-0.00169,0.56556,0.00008,0.28074,-0.00009,0.70745,0.00007,0.70677,1,3,0.99927,0.02892,0.00802,-0.02372,0.06603,0.08240,0.63520,1,0
1768603709.633604,-0.94020,0.04238,0.25353,0.00132,-0.02250,-0.00283,0.56556,0.00008,0.28074,-0.00009,0.70745,0.00007,0.70677,1,3,0.99927,0.02892,0.00802,-0.02372,0.06603,0.08240,0.63520,1,0
1768603709.635609,-0.93224,0.02931,0.24125,0.00147,-0.02222,-0.00241,0.56564,0.00008,0.28074,-0.00009,0.70745,0.00007,0.70676,1,3,0.99927,0.02892,0.00802,-0.02372,0.06603,0.08240,0.63520,1,0
1768603709.637610,-0.99349,0.03379,0.24773,0.00101,-0.02258,-0.00145,0.56564,0.00008,0.28074,-0.00009,0.70745,0.00007,0.70676,1,3,0.99927,0.02892,0.00802,-0.02372,0.06603,0.08240,0.63520,1,0
1768603709.639608,-1.00956,0.01386,0.27444,0.00047,-0.02379,-0.00061,0.56564,0.00008,0.28074,-0.00009,0.70745,0.00007,0.70676,1,3,0.99927,0.02892,0.00802,-0.02372,0.06603,0.08240,0.63520,1,0
1768603709.641608,-1.01741,0.01407,0.29481,0.00073,-0.02398,-0.00164,0.56568,0.00008,0.28074,-0.00009,0.70745,0.00007,0.70677,1,3,0.99927,0.02892,0.00802,-0.02372,0.06603,0.08240,0.63520,1,0
1768603709.643591,-0.97805,0.01975,0.26390,0.00145,-0.02500,-0.00383,0.56568,0.00008,0.28074,-0.00009,0.70745,0.00007,0.70677,1,3,0.99927,0.02892,0.00802,-0.02372,0.06603,0.08240,0.63520,1,0
1768603709.645621,-0.92451,0.03496,0.23400,0.00108,-0.02318,-0.00298,0.56572,0.00008,0.28074,-0.00009,0.70745,0.00007,0.70677,1,3,0.99927,0.02892,0.00802,-0.02372,0.06603,0.08240,0.63520,1,0
1768603709.647766,-0.92463,0.01623,0.23894,0.00136,-0.02181,-0.00200,0.56576,0.00008,0.28074,-0.00009,0.70745,0.00007,0.70677,1,3,0.99927,0.02892,0.00802,-0.02372,0.06603,0.08240,0.63520,1,0
1768603709.649597,-0.94792,0.04545,0.25578,0.00144,-0.02160,-0.00236,0.56576,0.00008,0.28074,-0.00009,0.70745,0.00007,0.70677,1,3,0.99927,0.02892,0.00802,-0.02372,0.06603,0.08240,0.63520,1,0
1768603709.651642,-0.97908,0.01818,0.28862,0.00076,-0.02339,-0.00308,0.56576,0.00008,0.28074,-0.00009,0.70745,0.00007,0.70677,1,3,0.99927,0.02892,0.00802,-0.02372,0.06603,0.08240,0.63520,1,0
1768603709.653626,-0.98706,0.03580,0.30315,0.00074,-0.02409,-0.00356,0.56580,0.00008,0.28075,-0.00009,0.70744,0.00007,0.70677,1,3,0.99927,0.02892,0.00802,-0.02372,0.06603,0.08240,0.63520,1,0
1768603709.655615,-0.97924,0.03907,0.29530,0.00114,-0.02353,-0.00295,0.56580,0.00008,0.28075,-0.00009,0.70744,0.00007,0.70677,1,3,0.99927,0.02892,0.00802,-0.02372,0.06603,0.08240,0.63520,1,0
1768603709.657626,-0.95555,-0.00092,0.24550,0.00014,-0.02523,-0.00131,0.56580,0.00008,0.28075,-0.00009,0.70744,0.00007,0.70677,1,3,0.99927,0.02892,0.00802,-0.02372,0.06603,0.08240,0.63520,1,0
1768603709.659612,-1.02446,0.02198,0.27529,0.00086,-0.02334,-0.00197,0.56584,0.00008,0.28074,-0.00009,0.70745,0.00007,0.70677,1,3,0.99927,0.02892,0.00802,-0.02372,0.06603,0.08240,0.63520,1,0
1768603709.661635,-0.97098,0.03102,0.27598,0.00130,-0.02376,-0.00334,0.56584,0.00008,0.28074,-0.00009,0.70745,0.00007,0.70677,1,3,0.99927,0.02892,0.00802,-0.02372,0.06603,0.08240,0.63520,1,0
1768603709.663612,-0.94041,0.01831,0.26974,0.00094,-0.02319,-0.00408,0.56588,0.00008,0.28074,-0.00009,0.70745,0.00007,0.70677,1,3,0.99927,0.02892,0.00802,-0.02372,0.06603,0.08240,0.63520,1,0
1768603709.665636,-0.96303,0.01278,0.25055,0.00119,-0.02276,-0.00133,0.56588,0.00008,0.28074,-0.00009,0.70745,0.00007,0.70677,1,3,0.99927,0.02892,0.00802,-0.02372,0.06603,0.08240,0.63520,1,0
1768603709.667635,-0.97203,0.02735,0.29710,0.00049,-0.02438,-0.00181,0.56592,0.00008,0.28075,-0.00009,0.70744,0.00007,0.70677,1,3,0.99927,0.02892,0.00802,-0.02372,0.06603,0.08240,0.63520,1,0
1768603709.669621,-0.97185,0.01463,0.30065,0.00064,-0.02412,-0.00280,0.56592,0.00008,0.28075,-0.00009,0.70744,0.00007,0.70677,1,3,0.99927,0.02892,0.00802,-0.02372,0.06603,0.08240,0.63520,1,0
1768603709.671622,-1.00060,0.00300,0.24913,0.00105,-0.02497,-0.00324,0.56596,0.00008,0.28075,-0.00009,0.70744,0.00007,0.70677,1,3,0.99926,0.02925,0.00854,-0.02355,0.06624,0.08238,0.63543,1,0
1768603709.673629,-1.00121,0.00523,0.27583,0.00170,-0.02377,-0.00252,0.56596,0.00008,0.28075,-0.00009,0.70744,0.00007,0.70677,1,3,0.99926,0.02925,0.00854,-0.02355,0.06624,0.08238,0.63543,1,0
1768603709.675642,-0.91687,0.01804,0.23917,0.00137,-0.02334,-0.00291,0.56600,0.00008,0.28075,-0.00009,0.70744,0.00007,0.70677,1,3,0.99926,0.02925,0.00854,-0.02355,0.06624,0.08238,0.63543,1,0
1768603709.677729,-0.97042,0.01439,0.25719,0.00106,-0.02356,-0.00389,0.56600,0.00008,0.28075,-0.00009,0.70744,0.00007,0.70677,1,3,0.99926,0.02925,0.00854,-0.02355,0.06624,0.08238,0.63543,1,0
1768603709.679682,-1.00087,0.03032,0.26109,0.00169,-0.02329,-0.00319,0.56604,0.00008,0.28075,-0.00009,0.70744,0.00007,0.70677,1,3,0.99926,0.02925,0.00854,-0.02355,0.06624,0.08238,0.63543,1,0
1768603709.681643,-1.03974,0.02427,0.28964,0.00125,-0.02578,-0.00251,0.56608,0.00008,0.28075,-0.00009,0.70744,0.00007,0.70677,1,3,0.99926,0.02925,0.00854,-0.02355,0.06624,0.08238,0.63543,1,0
1768603709.683651,-0.97742,0.00326,0.23431,0.00107,-0.02515,-0.00323,0.56608,0.00008,0.28075,-0.00009,0.70744,0.00007,0.70677,1,3,0.99926,0.02925,0.00854,-0.02355,0.06624,0.08238,0.63543,1,0
1768603709.685644,-0.97126,0.01515,0.27593,0.00051,-0.02442,-0.00278,0.56612,0.00008,0.28075,-0.00009,0.70744,0.00007,0.70677,1,3,0.99926,0.02925,0.00854,-0.02355,0.06624,0.08238,0.63543,1,0
1768603709.687651,-1.03104,0.01618,0.25106,0.00115,-0.02560,-0.00327,0.56612,0.00008,0.28075,-0.00009,0.70744,0.00007,0.70677,1,3,0.99926,0.02925,0.00854,-0.02355,0.06624,0.08238,0.63543,1,0
1768603709.689656,-1.00116,0.02219,0.26514,0.00155,-0.02390,-0.00195,0.56616,0.00008,0.28075,-0.00009,0.70744,0.00007,0.70677,1,3,0.99926,0.02925,0.00854,-0.02355,0.06624,0.08238,0.63543,1,0
1768603709.691642,-1.01621,0.01102,0.25774,0.00115,-0.02508,-0.00194,0.56616,0.00008,0.28075,-0.00009,0.70744,0.00007,0.70677,1,3,0.99926,0.02925,0.00854,-0.02355,0.06624,0.08238,0.63543,1,0
1768603709.693663,-0.99425,0.01071,0.27827,0.00022,-0.02418,-0.00235,0.56620,0.00008,0.28075,-0.00009,0.70744,0.00007,0.70677,1,3,0.99926,0.02925,0.00854,-0.02355,0.06624,0.08238,0.63543,1,0
1768603709.695667,-0.93320,0.02498,0.28422,0.00133,-0.02192,-0.00354,0.56620,0.00008,0.28075,-0.00009,0.70744,0.00007,0.70677,1,3,0.99926,0.02925,0.00854,-0.02355,0.06624,0.08238,0.63543,1,0
1768603709.697650,-0.89459,0.01812,0.25926,0.00124,-0.02331,-0.00331,0.56620,0.00008,0.28075,-0.00009,0.70744,0.00007,0.70677,1,3,0.99926,0.02925,0.00854,-0.02355,0.06624,0.08238,0.63543,1,0
1768603709.699676,-0.98646,0.03825,0.27101,0.00061,-0.02230,-0.00280,0.56624,0.00008,0.28075,-0.00009,0.70744,0.00007,0.70677,1,3,0.99926,0.02925,0.00854,-0.02355,0.06624,0.08238,0.63543,1,0
1768603709.701669,-0.94842,0.00044,0.27240,0.00121,-0.02337,-0.00069,0.56624,0.00008,0.28075,-0.00009,0.70744,0.00007,0.70677,1,3,0.99926,0.02925,0.00854,-0.02355,0.06624,0.08238,0.63543,1,0
1768603709.703670,-0.94967,0.02559,0.32237,0.00104,-0.02298,-0.00218,0.56628,0.00008,0.28075,-0.00009,0.70744,0.00007,0.70677,1,3,0.99926,0.02925,0.00854,-0.02355,0.06624,0.08238,0.63543,1,0
1768603709.705657,-0.95631,0.01838,0.29341,0.00105,-0.02377,-0.00308,0.56628,0.00008,0.28075,-0.00009,0.70744,0.00007,0.70677,1,3,0.99926,0.02925,0.00854,-0.02355,0.06624,0.08238,0.63543,1,0
1768603709.707669,-0.97144,0.01223,0.30370,0.00118,-0.02583,-0.00428,0.56632,0.00008,0.28075,-0.00009,0.70744,0.00007,0.70677,1,3,0.99926,0.02925,0.00854,-0.02355,0.06624,0.08238,0.63543,1,0
1768603709.709669,-0.97887,0.03952,0.28521,0.00142,-0.02409,-0.00294,0.56632,0.00008,0.28075,-0.00009,0.70744,0.00007,0.70677,1,3,0.99926,0.02925,0.00854,-0.02355,0.06624,0.08238,0.63543,1,0
1768603709.711658,-0.95631,0.03209,0.29053,0.00091,-0.02468,-0.00325,0.56636,0.00008,0.28075,-0.00009,0.70744,0.00007,0.70677,1,3,0.99926,0.02925,0.00854,-0.02355,0.06624,0.08238,0.63543,1,0
1768603709.713660,-0.94128,0.02637,0.29271,0.00105,-0.02356,-0.00229,0.56636,0.00008,0.28075,-0.00009,0.70744,0.00007,0.70677,1,3,0.99926,0.03054,0.00672,-0.02230,0.06663,0.08231,0.63560,1,0
1768603709.715661,-1.00094,0.01435,0.25015,0.00116,-0.02430,-0.00147,0.56640,0.00008,0.28075,-0.00009,0.70744,0.00007,0.70678,1,3,0.99926,0.03054,0.00672,-0.02230,0.06663,0.08231,0.63560,1,0
1768603709.717653,-0.97154,0.01040,0.29284,0.00105,-0.02444,-0.00235,0.56640,0.00008,0.28075,-0.00009,0.70744,0.00007,0.70678,1,3,0.99926,0.03054,0.00672,-0.02230,0.06663,0.08231,0.63560,1,0
1768603709.719676,-0.94825,0.03843,0.26513,0.00117,-0.02302,-0.00191,0.56640,0.00008,0.28075,-0.00009,0.70744,0.00007,0.70678,1,3,0.99926,0.03054,0.00672,-0.02230,0.06663,0.08231,0.63560,1,0
1768603709.721664,-0.95562,0.00923,0.25761,0.00120,-0.02355,-0.00104,0.56644,0.00008,0.28075,-0.00009,0.70744,0.00007,0.70677,1,3,0.99926,0.03054,0.00672,-0.02230,0.06663,0.08231,0.63560,1,0
1768603709.723663,-0.98629,0.02842,0.27309,0.00076,-0.02511,-0.00306,0.56648,0.00008,0.28075,-0.00009,0.70744,0.00007,0.70677,1,3,0.99926,0.03054,0.00672,-0.02230,0.06663,0.08231,0.63560,1,0
1768603709.725684,-1.00117,0.01856,0.26342,0.00102,-0.02392,-0.00268,0.56652,0.00008,0.28075,-0.00009,0.70744,0.00007,0.70677,1,3,0.99926,0.03054,0.00672,-0.02230,0.06663,0.08231,0.63560,1,0
1768603709.727703,-0.96336,0.01191,0.27871,0.00106,-0.02548,-0.00363,0.56652,0.00008,0.28075,-0.00009,0.70744,0.00007,0.70677,1,3,0.99926,0.03054,0.00672,-0.02230,0.06663,0.08231,0.63560,1,0
1768603709.729823,-0.98611,0.00636,0.27702,0.00091,-0.02397,-0.00394,0.56656,0.00008,0.28075,-0.00009,0.70744,0.00007,0.70677,1,3,0.99926,0.03054,0.00672,-0.02230,0.06663,0.08231,0.63560,1,0
1768603709.731709,-0.94078,-0.00106,0.27612,0.00055,-0.02508,-0.00272,0.56656,0.00008,0.28075,-0.00009,0.70744,0.00007,0.70677,1,3,0.99926,0.03054,0.00672,-0.02230,0.06663,0.08231,0.63560,1,0
1768603709.733702,-1.02381,-0.01334,0.26813,0.00131,-0.02605,-0.00229,0.56660,0.00008,0.28074,-0.00009,0.70745,0.00007,0.70677,1,3,0.99926,0.03054,0.00672,-0.02230,0.06663,0.08231,0.63560,1,0
1768603709.735730,-1.01582,0.04143,0.24536,0.00127,-0.02566,-0.00306,0.56660,0.00008,0.28074,-0.00009,0.70745,0.00007,0.70677,1,3,0.99926,0.03054,0.00672,-0.02230,0.06663,0.08231,0.63560,1,0
1768603709.737683,-0.93306,0.01780,0.26841,0.00094,-0.02320,-0.00230,0.56664,0.00008,0.28074,-0.00009,0.70745,0.00007,0.70677,1,3,0.99926,0.03054,0.00672,-0.02230,0.06663,0.08231,0.63560,1,0
1768603709.739693,-0.95496,0.02981,0.23144,0.00092,-0.02234,-0.00241,0.56664,0.00008,0.28074,-0.00009,0.70745,0.00007,0.70677,1,3,0.99926,0.03054,0.00672,-0.02230,0.06663,0.08231,0.63560,1,0
1768603709.741685,-0.95583,0.03033,0.27610,0.00131,-0.02311,-0.00321,0.56668,0.00008,0.28074,-0.00009,0.70745,0.00007,0.70677,1,3,0.99926,0.03054,0.00672,-0.02230,0.06663,0.08231,0.63560,1,0
1768603709.743736,-0.93351,0.01384,0.29119,0.00094,-0.02336,-0.00303,0.56668,0.00008,0.28074,-0.00009,0.70745,0.00007,0.70677,1,3,0.99926,0.03054,0.00672,-0.02230,0.06663,0.08231,0.63560,1,0
1768603709.745691,-0.96467,0.00522,0.32557,0.00118,-0.02360,-0.00282,0.56668,0.00008,0.28074,-0.00009,0.70745,0.00007,0.70677,1,3,0.99926,0.03054,0.00672,-0.02230,0.06663,0.08231,0.63560,1,0
1768603709.747690,-0.99501,0.02932,0.30710,0.00020,-0.02601,-0.00260,0.56672,0.00008,0.28074,-0.00009,0.70745,0.00007,0.70677,1,3,0.99926,0.03054,0.00672,-0.02230,0.06663,0.08231,0.63560,1,0
1768603709.749716,-0.96474,0.01816,0.32260,0.00103,-0.02386,-0.00260,0.56672,0.00008,0.28074,-0.00009,0.70745,0.00007,0.70677,1,3,0.99926,0.03054,0.00672,-0.02230,0.06663,0.08231,0.63560,1,0
1768603709.751718,-0.97110,0.03054,0.26553,0.00076,-0.02324,-0.00220,0.56676,0.00008,0.28074,-0.00009,0.70745,0.00007,0.70677,1,3,0.99926,0.03054,0.00672,-0.02230,0.06663,0.08231,0.63560,1,0
1768603709.753690,-0.97122,0.01033,0.27777,0.00105,-0.02440,-0.00196,0.56676,0.00008,0.28074,-0.00009,0.70745,0.00007,0.70677,1,3,0.99926,0.03054,0.00672,-0.02230,0.06663,0.08231,0.63560,1,0
1768603709.755705,-0.95573,0.03971,0.26528,0.00117,-0.02411,-0.00256,0.56680,0.00008,0.28074,-0.00009,0.70745,0.00007,0.70676,1,3,0.99926,0.03054,0.00672,-0.02230,0.06663,0.08231,0.63560,1,0
1768603709.757700,-0.91759,0.04401,0.26883,0.00134,-0.02385,-0.00401,0.56680,0.00008,0.28074,-0.00009,0.70745,0.00007,0.70676,1,3,0.99918,0.03140,0.00931,-0.02382,0.06680,0.08222,0.63533,1,0
1768603709.759713,-0.96277,0.02308,0.25631,0.00146,-0.02422,-0.00336,0.56684,0.00008,0.28074,-0.00009,0.70745,0.00007,0.70676,1,3,0.99918,0.03140,0.00931,-0.02382,0.06680,0.08222,0.63533,1,0
1768603709.761730,-1.00907,-0.00390,0.27555,0.00130,-0.02312,-0.00152,0.56684,0.00008,0.28074,-0.00009,0.70745,0.00007,0.70676,1,3,0.99918,0.03140,0.00931,-0.02382,0.06680,0.08222,0.63533,1,0
1768603709.763754,-1.03187,0.02822,0.28303,0.00126,-0.02521,-0.00344,0.56684,0.00008,0.28074,-0.00009,0.70745,0.00007,0.70676,1,3,0.99918,0.03140,0.00931,-0.02382,0.06680,0.08222,0.63533,1,0
1768603709.765745,-1.05465,-0.00806,0.28672,0.00061,-0.02626,-0.00415,0.56692,0.00008,0.28074,-0.00009,0.70745,0.00007,0.70676,1,3,0.99918,0.03140,0.00931,-0.02382,0.06680,0.08222,0.63533,1,0
1768603709.767730,-1.06181,0.00543,0.26338,0.00059,-0.02720,-0.00341,0.56692,0.00008,0.28074,-0.00009,0.70745,0.00007,0.70676,1,3,0.99918,0.03140,0.00931,-0.02382,0.06680,0.08222,0.63533,1,0
1768603709.769721,-0.97055,0.02515,0.26026,0.00132,-0.02636,-0.00288,0.56696,0.00008,0.28074,-0.00009,0.70745,0.00007,0.70677,1,3,0.99918,0.03140,0.00931,-0.02382,0.06680,0.08222,0.63533,1,0
1768603709.771708,-0.95520,0.03046,0.24185,0.00065,-0.02265,-0.00319,0.56696,0.00008,0.28074,-0.00009,0.70745,0.00007,0.70677,1,3,0.99918,0.03140,0.00931,-0.02382,0.06680,0.08222,0.63533,1,0
1768603709.773729,-0.89402,0.00840,0.23517,0.00112,-0.02186,-0.00318,0.56700,0.00008,0.28074,-0.00009,0.70745,0.00007,0.70676,1,3,0.99918,0.03140,0.00931,-0.02382,0.06680,0.08222,0.63533,1,0
1768603709.775730,-0.96233,0.04259,0.22437,0.00091,-0.02220,-0.00320,0.56700,0.00008,0.28074,-0.00009,0.70745,0.00007,0.70676,1,3,0.99918,0.03140,0.00931,-0.02382,0.06680,0.08222,0.63533,1,0
1768603709.777724,-0.92571,0.02282,0.28124,0.00081,-0.02370,-0.00326,0.56704,0.00008,0.28074,-0.00009,0.70745,0.00007,0.70676,1,3,0.99918,0.03140,0.00931,-0.02382,0.06680,0.08222,0.63533,1,0
1768603709.779733,-0.90316,0.01913,0.29419,0.00069,-0.02398,-0.00399,0.56704,0.00008,0.28074,-0.00009,0.70745,0.00007,0.70676,1,3,0.99918,0.03140,0.00931,-0.02382,0.06680,0.08222,0.63533,1,0
1768603709.781719,-0.91144,0.03919,0.31625,0.00066,-0.02306,-0.00413,0.56704,0.00008,0.28074,-0.00009,0.70745,0.00007,0.70676,1,3,0.99918,0.03140,0.00931,-0.02382,0.06680,0.08222,0.63533,1,0
1768603709.783716,-0.94909,0.03228,0.31019,0.00118,-0.02510,-0.00339,0.56708,0.00008,0.28074,-0.00009,0.70745,0.00007,0.70676,1,3,0.99918,0.03140,0.00931,-0.02382,0.06680,0.08222,0.63533,1,0
1768603709.785714,-0.96413,0.04455,0.30170,0.00155,-0.02520,-0.00251,0.56708,0.00008,0.28074,-0.00009,0.70745,0.00007,0.70676,1,3,0.99918,0.03140,0.00931,-0.02382,0.06680,0.08222,0.63533,1,0
1768603709.787716,-0.95675,0.04439,0.30765,0.00102,-0.02447,-0.00341,0.56712,0.00008,0.28074,-0.00009,0.70745,0.00007,0.70677,1,3,0.99918,0.03140,0.00931,-0.02382,0.06680,0.08222,0.63533,1,0
1768603709.789714,-0.92556,0.01340,0.27153,0.00068,-0.02273,-0.00276,0.56712,0.00008,0.28074,-0.00009,0.70745,0.00007,0.70677,1,3,0.99918,0.03140,0.00931,-0.02382,0.06680,0.08222,0.63533,1,0
1768603709.791728,-0.95586,0.03205,0.27127,0.00064,-0.02426,-0.00362,0.56716,0.00008,0.28074,-0.00009,0.70745,0.00007,0.70676,1,3,0.99917,0.03181,0.00898,-0.02384,0.06698,0.08217,0.63530,1,0
1768603709.793729,-0.97863,-0.00159,0.27102,0.00066,-0.02470,-0.00245,0.56716,0.00008,0.28074,-0.00009,0.70745,0.00007,0.70676,1,3,0.99917,0.03181,0.00898,-0.02384,0.06698,0.08217,0.63530,1,0
1768603709.795728,-0.96424,-0.00672,0.30322,0.00080,-0.02409,-0.00229,0.56720,0.00008,0.28074,-0.00009,0.70745,0.00007,0.70677,1,3,0.99917,0.03181,0.00898,-0.02384,0.06698,0.08217,0.63530,1,0
1768603709.797763,-0.98641,0.01648,0.30147,0.00144,-0.02586,-0.00484,0.56720,0.00008,0.28074,-0.00009,0.70745,0.00007,0.70677,1,3,0.99917,0.03181,0.00898,-0.02384,0.06698,0.08217,0.63530,1,0
1768603709.799772,-0.98641,0.02183,0.28359,0.00050,-0.02651,-0.00414,0.56724,0.00008,0.28074,-0.00009,0.70745,0.00007,0.70677,1,3,0.99917,0.03181,0.00898,-0.02384,0.06698,0.08217,0.63530,1,0
1768603709.801784,-0.97134,0.03699,0.29372,0.00103,-0.02508,-0.00458,0.56729,0.00008,0.28074,-0.00009,0.70745,0.00007,0.70677,1,3,0.99917,0.03181,0.00898,-0.02384,0.06698,0.08217,0.63530,1,0
1768603709.803759,-0.94022,0.02177,0.25545,0.00147,-0.02336,-0.00182,0.56729,0.00008,0.28074,-0.00009,0.70745,0.00007,0.70677,1,3,0.99917,0.03181,0.00898,-0.02384,0.06698,0.08217,0.63530,1,0
1768603709.805760,-0.92541,0.00542,0.26107,0.00055,-0.02329,-0.00190,0.56733,0.00008,0.28074,-0.00009,0.70745,0.00007,0.70677,1,3,0.99917,0.03181,0.00898,-0.02384,0.06698,0.08217,0.63530,1,0
1768603709.807778,-0.98632,0.02816,0.27798,0.00102,-0.02505,-0.00306,0.56733,0.00008,0.28074,-0.00009,0.70745,0.00007,0.70677,1,3,0.99917,0.03181,0.00898,-0.02384,0.06698,0.08217,0.63530,1,0
1768603709.809753,-1.03166,0.01302,0.27346,0.00074,-0.02642,-0.00364,0.56737,0.00008,0.28074,-0.00009,0.70745,0.00007,0.70676,1,3,0.99917,0.03181,0.00898,-0.02384,0.06698,0.08217,0.63530,1,0
1768603709.811775,-1.03869,0.00776,0.25555,0.00141,-0.02598,-0.00266,0.56737,0.00008,0.28074,-0.00009,0.70745,0.00007,0.70676,1,3,0.99917,0.03181,0.00898,-0.02384,0.06698,0.08217,0.63530,1,0
1768603709.813776,-0.93345,0.00883,0.28827,0.00121,-0.02296,-0.00220,0.56741,0.00008,0.28074,-0.00009,0.70745,0.00007,0.70676,1,3,0.99917,0.03181,0.00898,-0.02384,0.06698,0.08217,0.63530,1,0
1768603709.815739,-0.95564,0.01904,0.26415,0.00066,-0.02391,-0.00346,0.56741,0.00008,0.28074,-0.00009,0.70745,0.00007,0.70676,1,3,0.99917,0.03181,0.00898,-0.02384,0.06698,0.08217,0.63530,1,0
1768603709.817761,-1.00918,0.01884,0.27286,0.00074,-0.02424,-0.00219,0.56741,0.00008,0.28074,-0.00009,0.70745,0.00007,0.70676,1,3,0.99917,0.03181,0.00898,-0.02384,0.06698,0.08217,0.63530,1,0
1768603709.819752,-1.02371,0.02431,0.26063,0.00127,-0.02548,-0.00312,0.56745,0.00008,0.28074,-0.00009,0.70745,0.00007,0.70677,1,3,0.99917,0.03181,0.00898,-0.02384,0.06698,0.08217,0.63530,1,0
1768603709.821752,-0.94741,-0.00126,0.26175,0.00176,-0.02525,-0.00370,0.56745,0.00008,0.28074,-0.00009,0.70745,0.00007,0.70677,1,3,0.99917,0.03181,0.00898,-0.02384,0.06698,0.08217,0.63530,1,0
1768603709.823751,-0.90236,0.02620,0.26443,0.00109,-0.02281,-0.00367,0.56749,0.00008,0.28074,-0.00009,0.70745,0.00007,0.70676,1,3,0.99917,0.03181,0.00898,-0.02384,0.06698,0.08217,0.63530,1,0
1768603709.825753,-0.95549,0.02553,0.26877,0.00172,-0.02276,-0.00314,0.56749,0.00008,0.28074,-0.00009,0.70745,0.00007,0.70676,1,3,0.99917,0.03181,0.00898,-0.02384,0.06698,0.08217,0.63530,1,0
1768603709.827772,-0.97778,0.00807,0.25641,0.00146,-0.02597,-0.00368,0.56753,0.00008,0.28075,-0.00009,0.70744,0.00007,0.70677,1,3,0.99911,0.03254,0.00898,-0.02510,0.06714,0.08210,0.63497,1,0
1768603709.829861,-0.88808,0.01074,0.29951,0.00058,-0.02392,-0.00415,0.56753,0.00008,0.28075,-0.00009,0.70744,0.00007,0.70677,1,3,0.99911,0.03254,0.00898,-0.02510,0.06714,0.08210,0.63497,1,0
1768603709.831758,-0.87979,0.00487,0.26788,0.00046,-0.02212,-0.00381,0.56757,0.00008,0.28075,-0.00009,0.70744,0.00007,0.70677,1,3,0.99911,0.03254,0.00898,-0.02510,0.06714,0.08210,0.63497,1,0
1768603709.833779,-0.93365,0.03454,0.29311,0.00105,-0.02312,-0.00290,0.56761,0.00008,0.28075,-0.00009,0.70744,0.00007,0.70677,1,3,0.99911,0.03254,0.00898,-0.02510,0.06714,0.08210,0.63497,1,0
1768603709.835767,-1.01761,0.02441,0.29881,0.00059,-0.02589,-0.00139,0.56761,0.00008,0.28075,-0.00009,0.70744,0.00007,0.70677,1,3,0.99911,0.03254,0.00898,-0.02510,0.06714,0.08210,0.63497,1,0
1768603709.837781,-1.01003,0.00816,0.30941,0.00075,-0.02642,-0.00209,0.56766,0.00008,0.28076,-0.00009,0.70744,0.00007,0.70678,1,3,0.99911,0.03254,0.00898,-0.02510,0.06714,0.08210,0.63497,1,0
1768603709.839773,-0.93383,0.03697,0.30301,0.00078,-0.02518,-0.00370,0.56766,0.00008,0.28076,-0.00009,0.70744,0.00007,0.70678,1,3,0.99911,0.03254,0.00898,-0.02510,0.06714,0.08210,0.63497,1,0
1768603709.841764,-0.96385,0.01080,0.28835,0.00079,-0.02449,-0.00287,0.56770,0.00008,0.28075,-0.00009,0.70744,0.00007,0.70678,1,3,0.99911,0.03254,0.00898,-0.02510,0.06714,0.08210,0.63497,1,0
1768603709.843773,-0.94806,0.02795,0.26884,0.00092,-0.02451,-0.00369,0.56770,0.00008,0.28075,-0.00009,0.70744,0.00007,0.70678,1,3,0.99911,0.03254,0.00898,-0.02510,0.06714,0.08210,0.63497,1,0
1768603709.845779,-0.91778,0.00612,0.26099,0.00056,-0.02395,-0.00203,0.56774,0.00008,0.28075,-0.00009,0.70744,0.00007,0.70677,1,3,0.99911,0.03254,0.00898,-0.02510,0.06714,0.08210,0.63497,1,0
1768603709.847778,-0.91700,0.00184,0.24018,0.00058,-0.02333,-0.00349,0.56774,0.00008,0.28075,-0.00009,0.70744,0.00007,0.70677,1,3,0.99911,0.03254,0.00898,-0.02510,0.06714,0.08210,0.63497,1,0
1768603709.849792,-0.93315,0.01758,0.27409,0.00080,-0.02270,-0.00307,0.56778,0.00008,0.28075,-0.00009,0.70744,0.00007,0.70677,1,3,0.99911,0.03254,0.00898,-0.02510,0.06714,0.08210,0.63497,1,0
1768603709.851783,-0.97101,0.01575,0.28105,0.00118,-0.02523,-0.00355,0.56778,0.00008,0.28075,-0.00009,0.70744,0.00007,0.70677,1,3,0.99911,0.03254,0.00898,-0.02510,0.06714,0.08210,0.63497,1,0
1768603709.853780,-1.01689,-0.00847,0.29546,0.00117,-0.02659,-0.00288,0.56778,0.00008,0.28075,-0.00009,0.70744,0.00007,0.70677,1,3,0.99911,0.03254,0.00898,-0.02510,0.06714,0.08210,0.63497,1,0
1768603709.855782,-0.96301,0.01147,0.26887,0.00133,-0.02516,-0.00361,0.56782,0.00008,0.28075,-0.00009,0.70744,0.00007,0.70677,1,3,0.99911,0.03254,0.00898,-0.02510,0.06714,0.08210,0.63497,1,0
1768603709.857780,-0.97043,-0.01913,0.26288,0.00095,-0.02371,-0.00388,0.56782,0.00008,0.28075,-0.00009,0.70744,0.00007,0.70677,1,3,0.99911,0.03254,0.00898,-0.02510,0.06714,0.08210,0.63497,1,0
1768603709.859798,-0.94857,0.03202,0.28537,0.00105,-0.02474,-0.00299,0.56782,0.00008,0.28075,-0.00009,0.70744,0.00007,0.70677,1,3,0.99911,0.03254,0.00898,-0.02510,0.06714,0.08210,0.63497,1,0
1768603709.861781,-0.96361,0.01549,0.28109,0.00078,-0.02480,-0.00330,0.56786,0.00008,0.28075,-0.00009,0.70744,0.00007,0.70677,1,3,0.99911,0.03254,0.00898,-0.02510,0.06714,0.08210,0.63497,1,0
1768603709.863781,-0.93272,0.02689,0.26921,0.00134,-0.02363,-0.00393,0.56786,0.00008,0.28075,-0.00009,0.70744,0.00007,0.70677,1,3,0.99911,0.03254,0.00898,-0.02510,0.06714,0.08210,0.63497,1,0
1768603709.865789,-0.94705,0.01011,0.23513,0.00109,-0.02339,-0.00383,0.56790,0.00008,0.28075,-0.00009,0.70745,0.00007,0.70677,1,3,0.99911,0.03254,0.00898,-0.02510,0.06714,0.08210,0.63497,1,0
1768603709.867779,-0.97865,0.03267,0.27587,0.00089,-0.02508,-0.00362,0.56794,0.00008,0.28075,-0.00009,0.70745,0.00007,0.70677,1,3,0.99916,0.03306,0.00809,-0.02263,0.06737,0.08210,0.63538,1,0
1768603709.869790,-0.98725,0.00628,0.31030,0.00076,-0.02444,-0.00245,0.56794,0.00008,0.28075,-0.00009,0.70745,0.00007,0.70677,1,3,0.99916,0.03306,0.00809,-0.02263,0.06737,0.08210,0.63538,1,0
1768603709.871807,-0.92531,0.01207,0.28406,0.00136,-0.02563,-0.00427,0.56798,0.00008,0.28075,-0.00009,0.70744,0.00007,0.70677,1,3,0.99916,0.03306,0.00809,-0.02263,0.06737,0.08210,0.63538,1,0
1768603709.873870,-0.96269,0.00304,0.25982,0.00121,-0.02484,-0.00426,0.56802,0.00008,0.28074,-0.00009,0.70745,0.00007,0.70676,1,3,0.99916,0.03306,0.00809,-0.02263,0.06737,0.08210,0.63538,1,0
1768603709.875810,-0.93256,0.01437,0.25651,0.00108,-0.02378,-0.00301,0.56802,0.00008,0.28074,-0.00009,0.70745,0.00007,0.70676,1,3,0.99916,0.03306,0.00809,-0.02263,0.06737,0.08210,0.63538,1,0
1768603709.877814,-0.90273,0.00975,0.26905,0.00057,-0.02319,-0.00272,0.56806,0.00008,0.28074,-0.00009,0.70745,0.00007,0.70676,1,3,0.99916,0.03306,0.00809,-0.02263,0.06737,0.08210,0.63538,1,0
1768603709.879802,-0.90229,-0.00273,0.26193,0.00099,-0.02350,-0.00294,0.56806,0.00008,0.28074,-0.00009,0.70745,0.00007,0.70676,1,3,0.99916,0.03306,0.00809,-0.02263,0.06737,0.08210,0.63538,1,0
1768603709.881813,-0.94083,0.02616,0.28345,0.00133,-0.02324,-0.00304,0.56810,0.00008,0.28074,-0.00009,0.70745,0.00007,0.70677,1,3,0.99916,0.03306,0.00809,-0.02263,0.06737,0.08210,0.63538,1,0
1768603709.883798,-0.95622,0.03186,0.29123,0.00091,-0.02423,-0.00401,0.56810,0.00008,0.28074,-0.00009,0.70745,0.00007,0.70677,1,3,0.99916,0.03306,0.00809,-0.02263,0.06737,0.08210,0.63538,1,0
1768603709.885807,-0.96389,0.02736,0.29335,0.00104,-0.02421,-0.00345,0.56814,0.00008,0.28074,-0.00009,0.70745,0.00007,0.70676,1,3,0.99916,0.03306,0.00809,-0.02263,0.06737,0.08210,0.63538,1,0
1768603709.887812,-1.00241,0.03278,0.30890,0.00113,-0.02599,-0.00212,0.56814,0.00008,0.28074,-0.00009,0.70745,0.00007,0.70676,1,3,0.99916,0.03306,0.00809,-0.02263,0.06737,0.08210,0.63538,1,0
1768603709.889809,-0.95606,0.02931,0.28278,0.00091,-0.02609,-0.00321,0.56818,0.00008,0.28074,-0.00009,0.70745,0.00007,0.70676,1,3,0.99916,0.03306,0.00809,-0.02263,0.06737,0.08210,0.63538,1,0
1768603709.891831,-0.96240,-0.00254,0.23763,0.00081,-0.02336,-0.00342,0.56818,0.00008,0.28074,-0.00009,0.70745,0.00007,0.70676,1,3,0.99916,0.03306,0.00809,-0.02263,0.06737,0.08210,0.63538,1,0
1768603709.893808,-0.96349,0.02289,0.28624,0.00145,-0.02408,-0.00376,0.56818,0.00008,0.28074,-0.00009,0.70745,0.00007,0.70676,1,3,0.99916,0.03306,0.00809,-0.02263,0.06737,0.08210,0.63538,1,0
1768603709.895805,-0.99479,0.01533,0.29433,0.00035,-0.02507,-0.00128,0.56818,0.00008,0.28074,-0.00009,0.70745,0.00007,0.70676,1,3,0.99916,0.03306,0.00809,-0.02263,0.06737,0.08210,0.63538,1,0
1768603709.897811,-1.01595,0.00033,0.25590,0.00104,-0.02663,-0.00296,0.56822,0.00008,0.28074,-0.00009,0.70745,0.00007,0.70676,1,3,0.99916,0.03306,0.00809,-0.02263,0.06737,0.08210,0.63538,1,0
1768603709.899801,-0.91013,0.03536,0.27411,0.00121,-0.02357,-0.00404,0.56822,0.00008,0.28074,-0.00009,0.70745,0.00007,0.70676,1,3,0.99916,0.03306,0.00809,-0.02263,0.06737,0.08210,0.63538,1,0
1768603709.901822,-0.87930,0.04661,0.25201,0.00123,-0.02208,-0.00390,0.56826,0.00008,0.28074,-0.00009,0.70746,0.00007,0.70676,1,3,0.99916,0.03306,0.00809,-0.02263,0.06737,0.08210,0.63538,1,0
1768603709.903821,-0.94828,0.01808,0.26921,0.00053,-0.02297,-0.00320,0.56830,0.00008,0.28074,-0.00009,0.70746,0.00007,0.70676,1,3,0.99916,0.03306,0.00809,-0.02263,0.06737,0.08210,0.63538,1,0
1768603709.905819,-0.98619,0.00604,0.27054,0.00104,-0.02427,-0.00203,0.56830,0.00008,0.28074,-0.00009,0.70746,0.00007,0.70676,1,3,0.99916,0.03306,0.00809,-0.02263,0.06737,0.08210,0.63538,1,0
1768603709.907840,-0.99364,-0.01206,0.27963,0.00066,-0.02635,-0.00436,0.56830,0.00008,0.28074,-0.00009,0.70746,0.00007,0.70676,1,3,0.99913,0.03419,0.00810,-0.02267,0.06776,0.08201,0.63551,1,0
1768603709.909824,-0.97141,0.01087,0.28853,0.00078,-0.02449,-0.00312,0.56834,0.00008,0.28074,-0.00009,0.70746,0.00007,0.70676,1,3,0.99913,0.03419,0.00810,-0.02267,0.06776,0.08201,0.63551,1,0
1768603709.911819,-0.93288,0.02635,0.26841,0.00134,-0.02342,-0.00278,0.56834,0.00008,0.28074,-0.00009,0.70746,0.00007,0.70676,1,3,0.99913,0.03419,0.00810,-0.02267,0.06776,0.08201,0.63551,1,0
1768603709.913914,-0.91717,0.00547,0.24687,0.00097,-0.02324,-0.00277,0.56842,0.00008,0.28073,-0.00009,0.70746,0.00007,0.70675,1,3,0.99913,0.03419,0.00810,-0.02267,0.06776,0.08201,0.63551,1,0
1768603709.915846,-0.93294,0.02584,0.27819,0.00187,-0.02330,-0.00277,0.56842,0.00008,0.28073,-0.00009,0.70746,0.00007,0.70675,1,3,0.99913,0.03419,0.00810,-0.02267,0.06776,0.08201,0.63551,1,0
1768603709.917841,-1.02431,0.01333,0.28779,0.00115,-0.02712,-0.00339,0.56846,0.00008,0.28073,-0.00009,0.70746,0.00007,0.70676,1,3,0.99913,0.03419,0.00810,-0.02267,0.06776,0.08201,0.63551,1,0
1768603709.919822,-1.01657,0.01681,0.28549,0.00142,-0.02649,-0.00356,0.56846,0.00008,0.28073,-0.00009,0.70746,0.00007,0.70676,1,3,0.99913,0.03419,0.00810,-0.02267,0.06776,0.08201,0.63551,1,0
1768603709.921854,-0.88722,0.00632,0.27199,0.00113,-0.02403,-0.00369,0.56846,0.00008,0.28073,-0.00009,0.70746,0.00007,0.70676,1,3,0.99913,0.03419,0.00810,-0.02267,0.06776,0.08201,0.63551,1,0
1768603709.923826,-0.89490,0.02128,0.26257,0.00057,-0.02174,-0.00374,0.56850,0.00008,0.28074,-0.00009,0.70746,0.00007,0.70676,1,3,0.99913,0.03419,0.00810,-0.02267,0.06776,0.08201,0.63551,1,0
1768603709.925831,-0.93252,0.01381,0.25698,0.00108,-0.02312,-0.00338,0.56850,0.00008,0.28074,-0.00009,0.70746,0.00007,0.70676,1,3,0.99913,0.03419,0.00810,-0.02267,0.06776,0.08201,0.63551,1,0
1768603709.927845,-0.93461,0.02337,0.34023,0.00119,-0.02473,-0.00356,0.56854,0.00008,0.28074,-0.00009,0.70745,0.00007,0.70676,1,3,0.99913,0.03419,0.00810,-0.02267,0.06776,0.08201,0.63551,1,0
1768603709.929900,-0.92621,0.03723,0.30305,0.00079,-0.02540,-0.00383,0.56854,0.00008,0.28074,-0.00009,0.70745,0.00007,0.70676,1,3,0.99913,0.03419,0.00810,-0.02267,0.06776,0.08201,0.63551,1,0
1768603709.931854,-0.89590,0.03093,0.30001,0.00108,-0.02391,-0.00236,0.56858,0.00008,0.28074,-0.00009,0.70745,0.00007,0.70676,1,3,0.99913,0.03419,0.00810,-0.02267,0.06776,0.08201,0.63551,1,0
1768603709.933852,-0.89555,0.02231,0.28620,0.00069,-0.02320,-0.00301,0.56858,0.00008,0.28074,-0.00009,0.70745,0.00007,0.70676,1,3,0.99913,0.03419,0.00810,-0.02267,0.06776,0.08201,0.63551,1,0
1768603709.935837,-0.88767,0.02281,0.27558,0.00097,-0.02399,-0.00237,0.56862,0.00008,0.28074,-0.00009,0.70745,0.00007,0.70676,1,3,0.99913,0.03419,0.00810,-0.02267,0.06776,0.08201,0.63551,1,0
1768603709.937847,-0.91068,0.02273,0.29018,0.00135,-0.02425,-0.00237,0.56862,0.00008,0.28074,-0.00009,0.70745,0.00007,0.70676,1,3,0.99913,0.03419,0.00810,-0.02267,0.06776,0.08201,0.63551,1,0
1768603709.939838,-0.94847,0.02254,0.28530,0.00146,-0.02409,-0.00249,0.56862,0.00008,0.28074,-0.00009,0.70745,0.00007,0.70676,1,3,0.99913,0.03419,0.00810,-0.02267,0.06776,0.08201,0.63551,1,0
1768603709.941836,-1.00149,0.01988,0.27300,0.00075,-0.02511,-0.00271,0.56866,0.00008,0.28074,-0.00009,0.70746,0.00007,0.70676,1,3,0.99913,0.03419,0.00810,-0.02267,0.06776,0.08201,0.63551,1,0
1768603709.943982,-0.99415,0.01992,0.27745,0.00062,-0.02528,-0.00208,0.56866,0.00008,0.28074,-0.00009,0.70746,0.00007,0.70676,1,3,0.99909,0.03519,0.00883,-0.02262,0.06783,0.08203,0.63527,1,0
1768603709.945865,-0.97162,0.01641,0.29516,0.00077,-0.02594,-0.00281,0.56870,0.00008,0.28074,-0.00009,0.70745,0.00007,0.70676,1,3,0.99909,0.03519,0.00883,-0.02262,0.06783,0.08203,0.63527,1,0
1768603709.947866,-0.91050,0.02071,0.27901,0.00029,-0.02526,-0.00388,0.56870,0.00008,0.28074,-0.00009,0.70745,0.00007,0.70676,1,3,0.99909,0.03519,0.00883,-0.02262,0.06783,0.08203,0.63527,1,0
1768603709.949911,-0.91053,0.00675,0.28678,0.00070,-0.02429,-0.00371,0.56874,0.00008,0.28073,-0.00009,0.70746,0.00007,0.70676,1,3,0.99909,0.03519,0.00883,-0.02262,0.06783,0.08203,0.63527,1,0
1768603709.951917,-0.89410,0.00970,0.23898,0.00139,-0.02356,-0.00243,0.56878,0.00008,0.28073,-0.00009,0.70746,0.00007,0.70675,1,3,0.99909,0.03519,0.00883,-0.02262,0.06783,0.08203,0.63527,1,0
1768603709.953884,-0.88724,-0.00585,0.26529,0.00033,-0.02390,-0.00393,0.56878,0.00008,0.28073,-0.00009,0.70746,0.00007,0.70675,1,3,0.99909,0.03519,0.00883,-0.02262,0.06783,0.08203,0.63527,1,0
1768603709.955885,-0.88768,0.01063,0.28989,0.00085,-0.02381,-0.00452,0.56882,0.00008,0.28073,-0.00009,0.70746,0.00007,0.70675,1,3,0.99909,0.03519,0.00883,-0.02262,0.06783,0.08203,0.63527,1,0
1768603709.957871,-0.96301,0.01619,0.26738,0.00079,-0.02496,-0.00482,0.56882,0.00008,0.28073,-0.00009,0.70746,0.00007,0.70675,1,3,0.99909,0.03519,0.00883,-0.02262,0.06783,0.08203,0.63527,1,0
1768603709.959892,-0.95602,0.01550,0.28602,0.00106,-0.02495,-0.00342,0.56886,0.00008,0.28073,-0.00009,0.70746,0.00007,0.70675,1,3,0.99909,0.03519,0.00883,-0.02262,0.06783,0.08203,0.63527,1,0
1768603709.961884,-0.97113,0.01091,0.27310,0.00078,-0.02468,-0.00235,0.56886,0.00008,0.28073,-0.00009,0.70746,0.00007,0.70675,1,3,0.99909,0.03519,0.00883,-0.02262,0.06783,0.08203,0.63527,1,0
1768603709.963891,-0.96372,0.01838,0.28350,0.00091,-0.02367,-0.00295,0.56890,0.00008,0.28074,-0.00009,0.70746,0.00007,0.70676,1,3,0.99909,0.03519,0.00883,-0.02262,0.06783,0.08203,0.63527,1,0
1768603709.965889,-0.95536,0.04034,0.26620,0.00158,-0.02454,-0.00408,0.56890,0.00008,0.28074,-0.00009,0.70746,0.00007,0.70676,1,3,0.99909,0.03519,0.00883,-0.02262,0.06783,0.08203,0.63527,1,0
1768603709.967873,-0.92595,0.01184,0.29843,0.00095,-0.02546,-0.00352,0.56894,0.00008,0.28074,-0.00009,0.70746,0.00007,0.70676,1,3,0.99909,0.03519,0.00883,-0.02262,0.06783,0.08203,0.63527,1,0
1768603709.969861,-0.86451,-0.00055,0.27186,0.00075,-0.02535,-0.00361,0.56894,0.00008,0.28074,-0.00009,0.70746,0.00007,0.70676,1,3,0.99909,0.03519,0.00883,-0.02262,0.06783,0.08203,0.63527,1,0
1768603709.971869,-0.92553,0.00557,0.27628,0.00096,-0.02354,-0.00267,0.56898,0.00008,0.28074,-0.00009,0.70746,0.00007,0.70676,1,3,0.99909,0.03519,0.00883,-0.02262,0.06783,0.08203,0.63527,1,0
1768603709.973862,-0.94125,0.02326,0.29598,0.00079,-0.02418,-0.00340,0.56898,0.00008,0.28074,-0.00009,0.70746,0.00007,0.70676,1,3,0.99909,0.03519,0.00883,-0.02262,0.06783,0.08203,0.63527,1,0
1768603709.975875,-0.91820,0.01078,0.29388,0.00109,-0.02442,-0.00363,0.56898,0.00008,0.28074,-0.00009,0.70746,0.00007,0.70676,1,3,0.99909,0.03519,0.00883,-0.02262,0.06783,0.08203,0.63527,1,0
1768603709.977877,-0.93277,0.01137,0.27917,0.00149,-0.02504,-0.00413,0.56903,0.00008,0.28074,-0.00009,0.70746,0.00007,0.70676,1,3,0.99909,0.03519,0.00883,-0.02262,0.06783,0.08203,0.63527,1,0
1768603709.979888,-0.92562,0.02723,0.28305,0.00134,-0.02433,-0.00293,0.56903,0.00008,0.28074,-0.00009,0.70746,0.00007,0.70676,1,3,0.99909,0.03519,0.00883,-0.02262,0.06783,0.08203,0.63527,1,0
1768603709.981884,-0.87951,0.01908,0.26420,0.00112,-0.02413,-0.00358,0.56907,0.00008,0.28074,-0.00009,0.70746,0.00007,0.70676,1,3,0.99907,0.03561,0.00920,-0.02242,0.06758,0.08256,0.63571,1,0
1768603709.983891,-0.88711,0.03053,0.25623,0.00110,-0.02313,-0.00283,0.56907,0.00008,0.28074,-0.00009,0.70746,0.00007,0.70676,1,3,0.99907,0.03561,0.00920,-0.02242,0.06758,0.08256,0.63571,1,0
1768603709.985902,-0.88031,0.02185,0.28064,0.00084,-0.02305,-0.00211,0.56911,0.00008,0.28073,-0.00009,0.70746,0.00007,0.70675,1,3,0.99907,0.03561,0.00920,-0.02242,0.06758,0.08256,0.63571,1,0
1768603709.987895,-0.95696,0.02058,0.31270,0.00051,-0.02572,-0.00313,0.56911,0.00008,0.28073,-0.00009,0.70746,0.00007,0.70675,1,3,0.99907,0.03561,0.00920,-0.02242,0.06758,0.08256,0.63571,1,0
1768603709.989899,-0.93418,0.01561,0.32537,0.00120,-0.02535,-0.00346,0.56915,0.00008,0.28073,-0.00009,0.70746,0.00007,0.70675,1,3,0.99907,0.03561,0.00920,-0.02242,0.06758,0.08256,0.63571,1,0
1768603709.991894,-0.97098,0.01228,0.28330,0.00132,-0.02608,-0.00350,0.56918,0.00008,0.28073,-0.00009,0.70746,0.00007,0.70675,1,3,0.99907,0.03561,0.00920,-0.02242,0.06758,0.08256,0.63571,1,0
1768603709.993888,-0.95573,0.03117,0.26029,0.00091,-0.02395,-0.00207,0.56918,0.00008,0.28073,-0.00009,0.70746,0.00007,0.70675,1,3,0.99907,0.03561,0.00920,-0.02242,0.06758,0.08256,0.63571,1,0
1768603709.996026,-0.94849,0.00600,0.28110,0.00080,-0.02392,-0.00268,0.56922,0.00008,0.28073,-0.00009,0.70746,0.00007,0.70675,1,3,0.99907,0.03561,0.00920,-0.02242,0.06758,0.08256,0.63571,1,0
1768603709.997907,-0.92601,0.01025,0.28894,0.00041,-0.02361,-0.00312,0.56922,0.00008,0.28073,-0.00009,0.70746,0.00007,0.70675,1,3,0.99907,0.03561,0.00920,-0.02242,0.06758,0.08256,0.63571,1,0
1768603709.999909,-0.94810,-0.01953,0.28230,0.00123,-0.02369,-0.00350,0.56926,0.00008,0.28073,-0.00009,0.70747,0.00007,0.70675,1,3,0.99907,0.03561,0.00920,-0.02242,0.06758,0.08256,0.63571,1,0
1768603710.001899,-1.00920,0.02164,0.29356,0.00102,-0.02661,-0.00451,0.56926,0.00008,0.28073,-0.00009,0.70747,0.00007,0.70675,1,3,0.99907,0.03561,0.00920,-0.02242,0.06758,0.08256,0.63571,1,0
1768603710.003931,-0.92539,0.00775,0.28111,0.00123,-0.02567,-0.00345,0.56930,0.00008,0.28073,-0.00009,0.70747,0.00007,0.70675,1,3,0.99907,0.03561,0.00920,-0.02242,0.06758,0.08256,0.63571,1,0
1768603710.005906,-0.88680,0.01039,0.25511,0.00099,-0.02358,-0.00411,0.56930,0.00008,0.28073,-0.00009,0.70747,0.00007,0.70675,1,3,0.99907,0.03561,0.00920,-0.02242,0.06758,0.08256,0.63571,1,0
1768603710.007917,-0.91713,0.01862,0.24447,0.00083,-0.02349,-0.00331,0.56930,0.00008,0.28073,-0.00009,0.70747,0.00007,0.70675,1,3,0.99907,0.03561,0.00920,-0.02242,0.06758,0.08256,0.63571,1,0
1768603710.009905,-1.00786,0.03806,0.23372,0.00101,-0.02602,-0.00390,0.56934,0.00008,0.28072,-0.00010,0.70747,0.00007,0.70674,1,3,0.99907,0.03561,0.00920,-0.02242,0.06758,0.08256,0.63571,1,0
1768603710.011904,-0.97078,0.01326,0.26920,0.00052,-0.02625,-0.00428,0.56934,0.00008,0.28072,-0.00010,0.70747,0.00007,0.70674,1,3,0.99907,0.03561,0.00920,-0.02242,0.06758,0.08256,0.63571,1,0
1768603710.013896,-0.96429,0.00202,0.29901,0.00012,-0.02371,-0.00316,0.56938,0.00008,0.28072,-0.00010,0.70747,0.00007,0.70674,1,3,0.99907,0.03561,0.00920,-0.02242,0.06758,0.08256,0.63571,1,0
1768603710.015997,-0.99504,0.02826,0.31735,0.00074,-0.02523,-0.00297,0.56938,0.00008,0.28072,-0.00010,0.70747,0.00007,0.70674,1,3,0.99905,0.03603,0.01009,-0.02230,0.06814,0.08303,0.63880,1,0
1768603710.017994,-1.02395,0.03333,0.26501,0.00113,-0.02608,-0.00285,0.56942,0.00008,0.28072,-0.00010,0.70748,0.00007,0.70674,1,3,0.99905,0.03603,0.01009,-0.02230,0.06814,0.08303,0.63880,1,0
1768603710.019940,-0.94835,0.02481,0.27502,0.00092,-0.02596,-0.00252,0.56942,0.00008,0.28072,-0.00010,0.70748,0.00007,0.70674,1,3,0.99905,0.03603,0.01009,-0.02230,0.06814,0.08303,0.63880,1,0
1768603710.021916,-0.88697,0.02337,0.26143,0.00138,-0.02438,-0.00350,0.56946,0.00008,0.28072,-0.00010,0.70747,0.00007,0.70674,1,3,0.99905,0.03603,0.01009,-0.02230,0.06814,0.08303,0.63880,1,0
1768603710.023925,-0.96268,0.00578,0.24703,0.00094,-0.02346,-0.00315,0.56950,0.00008,0.28072,-0.00010,0.70747,0.00007,0.70674,1,3,0.99905,0.03603,0.01009,-0.02230,0.06814,0.08303,0.63880,1,0
1768603710.025949,-0.97080,0.01102,0.26905,0.00092,-0.02451,-0.00348,0.56950,0.00008,0.28072,-0.00010,0.70747,0.00007,0.70674,1,3,0.99905,0.03603,0.01009,-0.02230,0.06814,0.08303,0.63880,1,0
1768603710.027935,-0.92559,0.01993,0.27883,0.00068,-0.02482,-0.00361,0.56954,0.00008,0.28072,-0.00010,0.70747,0.00007,0.70674,1,3,0.99905,0.03603,0.01009,-0.02230,0.06814,0.08303,0.63880,1,0
1768603710.029938,-0.92530,0.01624,0.27680,0.00095,-0.02528,-0.00432,0.56954,0.00008,0.28072,-0.00010,0.70747,0.00007,0.70674,1,3,0.99905,0.03603,0.01009,-0.02230,0.06814,0.08303,0.63880,1,0
1768603710.031940,-0.91814,0.03565,0.28355,0.00093,-0.02389,-0.00354,0.56959,0.00008,0.28072,-0.00010,0.70747,0.00007,0.70674,1,3,0.99905,0.03603,0.01009,-0.02230,0.06814,0.08303,0.63880,1,0
1768603710.033940,-0.92505,0.02251,0.26109,0.00135,-0.02373,-0.00285,0.56959,0.00008,0.28072,-0.00010,0.70747,0.00007,0.70674,1,3,0.99905,0.03603,0.01009,-0.02230,0.06814,0.08303,0.63880,1,0
1768603710.035951,-0.88787,0.02691,0.28295,0.00096,-0.02390,-0.00242,0.56962,0.00008,0.28072,-0.00010,0.70747,0.00007,0.70674,1,3,0.99905,0.03603,0.01009,-0.02230,0.06814,0.08303,0.63880,1,0
1768603710.037929,-0.90407,0.01859,0.32182,0.00108,-0.02452,-0.00172,0.56962,0.00008,0.28072,-0.00010,0.70747,0.00007,0.70674,1,3,0.99905,0.03603,0.01009,-0.02230,0.06814,0.08303,0.63880,1,0
1768603710.039929,-0.97126,0.01758,0.28085,0.00038,-0.02655,-0.00358,0.56966,0.00008,0.28072,-0.00010,0.70747,0.00007,0.70674,1,3,0.99905,0.03603,0.01009,-0.02230,0.06814,0.08303,0.63880,1,0
1768603710.041922,-0.88830,-0.00034,0.31079,0.00085,-0.02597,-0.00326,0.56966,0.00008,0.28072,-0.00010,0.70747,0.00007,0.70674,1,3,0.99905,0.03603,0.01009,-0.02230,0.06814,0.08303,0.63880,1,0
1768603710.043925,-0.87951,0.02599,0.25891,0.00125,-0.02288,-0.00290,0.56966,0.00008,0.28072,-0.00010,0.70747,0.00007,0.70674,1,3,0.99905,0.03603,0.01009,-0.02230,0.06814,0.08303,0.63880,1,0
1768603710.045926,-0.90937,0.00474,0.23628,0.00125,-0.02294,-0.00173,0.56970,0.00008,0.28072,-0.00010,0.70748,0.00007,0.70674,1,3,0.99905,0.03603,0.01009,-0.02230,0.06814,0.08303,0.63880,1,0
1768603710.047921,-0.94125,0.00182,0.28850,0.00041,-0.02383,-0.00239,0.56970,0.00008,0.28072,-0.00010,0.70748,0.00007,0.70674,1,3,0.99905,0.03603,0.01009,-0.02230,0.06814,0.08303,0.63880,1,0
1768603710.049947,-0.91839,0.02049,0.29324,0.00068,-0.02552,-0.00337,0.56974,0.00008,0.28072,-0.00010,0.70748,0.00007,0.70674,1,3,0.99904,0.03695,0.01058,-0.02104,0.06833,0.08297,0.63879,1,0
1768603710.051940,-0.92585,-0.00083,0.29652,0.00083,-0.02527,-0.00375,0.56974,0.00008,0.28072,-0.00010,0.70748,0.00007,0.70674,1,3,0.99904,0.03695,0.01058,-0.02104,0.06833,0.08297,0.63879,1,0
1768603710.053962,-0.92615,0.01140,0.30354,0.00081,-0.02496,-0.00352,0.56978,0.00008,0.28072,-0.00010,0.70748,0.00007,0.70674,1,3,0.99904,0.03695,0.01058,-0.02104,0.06833,0.08297,0.63879,1,0
1768603710.056066,-0.93265,0.01558,0.26146,0.00095,-0.02482,-0.00341,0.56978,0.00008,0.28072,-0.00010,0.70748,0.00007,0.70674,1,3,0.99904,0.03695,0.01058,-0.02104,0.06833,0.08297,0.63879,1,0
1768603710.057952,-0.91056,0.00214,0.29417,0.00111,-0.02420,-0.00365,0.56982,0.00008,0.28071,-0.00010,0.70748,0.00007,0.70673,1,3,0.99904,0.03695,0.01058,-0.02104,0.06833,0.08297,0.63879,1,0
1768603710.059960,-0.91698,0.02354,0.25753,0.00150,-0.02421,-0.00489,0.56986,0.00008,0.28071,-0.00010,0.70748,0.00007,0.70673,1,3,0.99904,0.03695,0.01058,-0.02104,0.06833,0.08297,0.63879,1,0
1768603710.061961,-0.90249,0.01170,0.27457,0.00084,-0.02487,-0.00427,0.56986,0.00008,0.28071,-0.00010,0.70748,0.00007,0.70673,1,3,0.99904,0.03695,0.01058,-0.02104,0.06833,0.08297,0.63879,1,0
1768603710.063961,-0.94016,0.01118,0.26449,0.00108,-0.02456,-0.00399,0.56990,0.00008,0.28071,-0.00010,0.70748,0.00007,0.70673,1,3,0.99904,0.03695,0.01058,-0.02104,0.06833,0.08297,0.63879,1,0
1768603710.065976,-0.97874,0.02355,0.27555,0.00090,-0.02464,-0.00275,0.56990,0.00008,0.28071,-0.00010,0.70748,0.00007,0.70673,1,3,0.99904,0.03695,0.01058,-0.02104,0.06833,0.08297,0.63879,1,0
1768603710.067974,-0.99346,0.02111,0.26794,0.00130,-0.02648,-0.00322,0.56994,0.00008,0.28071,-0.00010,0.70748,0.00007,0.70673,1,3,0.99904,0.03695,0.01058,-0.02104,0.06833,0.08297,0.63879,1,0
1768603710.070023,-0.97198,0.01204,0.30763,0.00064,-0.02579,-0.00277,0.56994,0.00008,0.28071,-0.00010,0.70748,0.00007,0.70673,1,3,0.99904,0.03695,0.01058,-0.02104,0.06833,0.08297,0.63879,1,0
1768603710.071956,-0.97753,0.02076,0.24835,0.00186,-0.02628,-0.00344,0.56998,0.00008,0.28071,-0.00010,0.70748,0.00007,0.70673,1,3,0.99904,0.03695,0.01058,-0.02104,0.06833,0.08297,0.63879,1,0
1768603710.073953,-0.90213,0.03117,0.26078,0.00176,-0.02416,-0.00295,0.56998,0.00008,0.28071,-0.00010,0.70748,0.00007,0.70673,1,3,0.99904,0.03695,0.01058,-0.02104,0.06833,0.08297,0.63879,1,0
1768603710.075952,-0.90994,0.02309,0.25651,0.00069,-0.02378,-0.00312,0.57002,0.00008,0.28071,-0.00010,0.70748,0.00007,0.70673,1,3,0.99904,0.03695,0.01058,-0.02104,0.06833,0.08297,0.63879,1,0
1768603710.077975,-0.94883,0.02334,0.28990,0.00092,-0.02469,-0.00213,0.57002,0.00008,0.28071,-0.00010,0.70748,0.00007,0.70673,1,3,0.99904,0.03695,0.01058,-0.02104,0.06833,0.08297,0.63879,1,0
1768603710.079973,-0.98703,0.01026,0.29330,0.00022,-0.02378,-0.00249,0.57006,0.00008,0.28071,-0.00010,0.70748,0.00007,0.70673,1,3,0.99904,0.03695,0.01058,-0.02104,0.06833,0.08297,0.63879,1,0
1768603710.081978,-0.90267,0.01134,0.27854,0.00111,-0.02505,-0.00312,0.57006,0.00008,0.28071,-0.00010,0.70748,0.00007,0.70673,1,3,0.99904,0.03695,0.01058,-0.02104,0.06833,0.08297,0.63879,1,0
1768603710.083966,-0.88756,0.05210,0.27412,0.00081,-0.02313,-0.00425,0.57006,0.00008,0.28071,-0.00010,0.70748,0.00007,0.70673,1,3,0.99900,0.03737,0.00920,-0.02256,0.06824,0.08258,0.63641,1,0
1768603710.085968,-0.84090,0.01289,0.23731,0.00130,-0.02227,-0.00298,0.57011,0.00008,0.28071,-0.00010,0.70748,0.00007,0.70673,1,3,0.99900,0.03737,0.00920,-0.02256,0.06824,0.08258,0.63641,1,0
1768603710.087973,-0.86435,0.03482,0.24865,0.00071,-0.02300,-0.00250,0.57011,0.00008,0.28071,-0.00010,0.70748,0.00007,0.70673,1,3,0.99900,0.03737,0.00920,-0.02256,0.06824,0.08258,0.63641,1,0
1768603710.089972,-0.89527,0.02155,0.27614,0.00096,-0.02267,-0.00261,0.57015,0.00008,0.28071,-0.00010,0.70748,0.00007,0.70673,1,3,0.99900,0.03737,0.00920,-0.02256,0.06824,0.08258,0.63641,1,0
1768603710.091985,-0.91098,0.02822,0.29249,0.00067,-0.02509,-0.00245,0.57019,0.00008,0.28071,-0.00010,0.70748,0.00007,0.70673,1,3,0.99900,0.03737,0.00920,-0.02256,0.06824,0.08258,0.63641,1,0
1768603710.093973,-0.96472,0.02376,0.31460,0.00063,-0.02505,-0.00228,0.57019,0.00008,0.28071,-0.00010,0.70748,0.00007,0.70673,1,3,0.99900,0.03737,0.00920,-0.02256,0.06824,0.08258,0.63641,1,0
1768603710.095980,-0.92604,0.02833,0.29206,0.00106,-0.02554,-0.00219,0.57023,0.00008,0.28072,-0.00010,0.70747,0.00007,0.70674,1,3,0.99900,0.03737,0.00920,-0.02256,0.06824,0.08258,0.63641,1,0
1768603710.097971,-0.90310,0.01928,0.28339,0.00056,-0.02433,-0.00285,0.57023,0.00008,0.28072,-0.00010,0.70747,0.00007,0.70674,1,3,0.99900,0.03737,0.00920,-0.02256,0.06824,0.08258,0.63641,1,0
1768603710.100000,-0.91005,0.03042,0.25527,0.00108,-0.02336,-0.00168,0.57027,0.00008,0.28072,-0.00010,0.70748,0.00007,0.70674,1,3,0.99905,0.03746,0.00658,-0.02107,0.06834,0.08246,0.63597,1,0
1768603710.101982,-0.89586,-0.00189,0.30069,0.00071,-0.02456,-0.00235,0.57027,0.00008,0.28072,-0.00010,0.70748,0.00007,0.70674,1,3,0.99905,0.03746,0.00658,-0.02107,0.06834,0.08246,0.63597,1,0
1768603710.103973,-0.91075,0.03521,0.29359,0.00107,-0.02355,-0.00367,0.57031,0.00008,0.28072,-0.00010,0.70747,0.00007,0.70674,1,3,0.99905,0.03746,0.00658,-0.02107,0.06834,0.08246,0.63597,1,0
1768603710.105996,-0.93331,0.02202,0.27542,0.00093,-0.02333,-0.00198,0.57031,0.00008,0.28072,-0.00010,0.70747,0.00007,0.70674,1,3,0.99905,0.03746,0.00658,-0.02107,0.06834,0.08246,0.63597,1,0
1768603710.107997,-0.93353,0.00774,0.28486,0.00068,-0.02584,-0.00182,0.57035,0.00008,0.28072,-0.00010,0.70747,0.00007,0.70674,1,3,0.99905,0.03746,0.00658,-0.02107,0.06834,0.08246,0.63597,1,0
1768603710.110004,-0.93409,0.01202,0.31321,0.00053,-0.02550,-0.00341,0.57035,0.00008,0.28072,-0.00010,0.70747,0.00007,0.70674,1,3,0.99905,0.03746,0.00658,-0.02107,0.06834,0.08246,0.63597,1,0
1768603710.111992,-0.92576,0.01085,0.29406,0.00109,-0.02442,-0.00388,0.57039,0.00008,0.28072,-0.00010,0.70747,0.00007,0.70674,1,3,0.99905,0.03746,0.00658,-0.02107,0.06834,0.08246,0.63597,1,0
1768603710.113985,-0.93333,0.01129,0.28900,0.00081,-0.02470,-0.00376,0.57039,0.00008,0.28072,-0.00010,0.70747,0.00007,0.70674,1,3,0.99905,0.03746,0.00658,-0.02107,0.06834,0.08246,0.63597,1,0
1768603710.116004,-0.92472,0.04521,0.23914,0.00053,-0.02443,-0.00388,0.57043,0.00008,0.28072,-0.00010,0.70747,0.00007,0.70674,1,3,0.99905,0.03746,0.00658,-0.02107,0.06834,0.08246,0.63597,1,0
1768603710.118001,-0.88719,0.02720,0.25893,0.00084,-0.02375,-0.00317,0.57043,0.00008,0.28072,-0.00010,0.70747,0.00007,0.70674,1,3,0.99905,0.03746,0.00658,-0.02107,0.06834,0.08246,0.63597,1,0
1768603710.119991,-0.93353,0.03021,0.29143,0.00092,-0.02270,-0.00361,0.57043,0.00008,0.28072,-0.00010,0.70747,0.00007,0.70674,1,3,0.99905,0.03746,0.00658,-0.02107,0.06834,0.08246,0.63597,1,0
1768603710.121984,-1.03120,0.01046,0.25814,0.00155,-0.02464,-0.00244,0.57043,0.00008,0.28072,-0.00010,0.70747,0.00007,0.70674,1,3,0.99905,0.03746,0.00658,-0.02107,0.06834,0.08246,0.63597,1,0
1768603710.123996,-0.94156,0.01676,0.30405,0.00093,-0.02670,-0.00181,0.57047,0.00008,0.28073,-0.00010,0.70747,0.00007,0.70675,1,3,0.99905,0.03746,0.00658,-0.02107,0.06834,0.08246,0.63597,1,0
1768603710.125990,-0.91779,0.00649,0.27677,0.00097,-0.02419,-0.00357,0.57047,0.00008,0.28073,-0.00010,0.70747,0.00007,0.70675,1,3,0.99905,0.03746,0.00658,-0.02107,0.06834,0.08246,0.63597,1,0
1768603710.128014,-0.93306,0.02634,0.27340,0.00120,-0.02336,-0.00278,0.57051,0.00008,0.28073,-0.00010,0.70747,0.00007,0.70675,1,3,0.99905,0.03746,0.00658,-0.02107,0.06834,0.08246,0.63597,1,0
1768603710.129994,-0.91020,0.03485,0.26286,0.00108,-0.02348,-0.00212,0.57051,0.00008,0.28073,-0.00010,0.70747,0.00007,0.70675,1,3,0.99905,0.03746,0.00658,-0.02107,0.06834,0.08246,0.63597,1,0
1768603710.132007,-0.91062,0.01133,0.28357,0.00056,-0.02477,-0.00300,0.57055,0.00008,0.28073,-0.00010,0.70747,0.00007,0.70675,1,3,0.99905,0.03746,0.00658,-0.02107,0.06834,0.08246,0.63597,1,0
1768603710.134016,-0.85781,0.01426,0.29676,0.00046,-0.02329,-0.00356,0.57055,0.00008,0.28073,-0.00010,0.70747,0.00007,0.70675,1,3,0.99905,0.03746,0.00658,-0.02107,0.06834,0.08246,0.63597,1,0
1768603710.136014,-0.83423,0.01843,0.26880,0.00102,-0.02363,-0.00282,0.57059,0.00008,0.28073,-0.00010,0.70746,0.00007,0.70675,1,3,0.99905,0.03746,0.00658,-0.02107,0.06834,0.08246,0.63597,1,0
1768603710.138007,-0.92570,0.05262,0.28269,0.00131,-0.02433,-0.00323,0.57064,0.00008,0.28073,-0.00010,0.70747,0.00007,0.70675,1,3,0.99905,0.03746,0.00658,-0.02107,0.06834,0.08246,0.63597,1,0
1768603710.140014,-0.94065,0.03196,0.27523,0.00132,-0.02486,-0.00272,0.57068,0.00008,0.28074,-0.00010,0.70746,0.00007,0.70675,1,3,0.99905,0.03746,0.00658,-0.02107,0.06834,0.08246,0.63597,1,0
1768603710.142014,-0.88839,0.00181,0.30267,0.00085,-0.02432,-0.00176,0.57068,0.00008,0.28074,-0.00010,0.70746,0.00007,0.70675,1,3,0.99905,0.03746,0.00658,-0.02107,0.06834,0.08246,0.63597,1,0
1768603710.144012,-0.89568,0.02728,0.29252,0.00109,-0.02444,-0.00231,0.57072,0.00008,0.28074,-0.00010,0.70746,0.00007,0.70675,1,3,0.99905,0.03746,0.00658,-0.02107,0.06834,0.08246,0.63597,1,0
1768603710.146019,-0.90314,0.01611,0.29005,0.00096,-0.02578,-0.00243,0.57072,0.00008,0.28074,-0.00010,0.70746,0.00007,0.70675,1,3,0.99905,0.03746,0.00658,-0.02107,0.06834,0.08246,0.63597,1,0
1768603710.148007,-0.93347,0.03724,0.28190,0.00092,-0.02588,-0.00216,0.57076,0.00008,0.28074,-0.00010,0.70746,0.00007,0.70676,1,3,0.99905,0.03746,0.00658,-0.02107,0.06834,0.08246,0.63597,1,0
1768603710.150004,-0.91818,0.01360,0.27994,0.00122,-0.02372,-0.00137,0.57076,0.00008,0.28074,-0.00010,0.70746,0.00007,0.70676,1,3,0.99905,0.03746,0.00658,-0.02107,0.06834,0.08246,0.63597,1,0
1768603710.152004,-0.89523,0.00562,0.27578,0.00098,-0.02377,-0.00203,0.57080,0.00008,0.28074,-0.00010,0.70746,0.00007,0.70675,1,3,0.99905,0.03746,0.00658,-0.02107,0.06834,0.08246,0.63597,1,0
1768603710.154002,-0.89592,0.00748,0.30111,0.00030,-0.02499,-0.00323,0.57080,0.00008,0.28074,-0.00010,0.70746,0.00007,0.70675,1,3,0.99905,0.03746,0.00658,-0.02107,0.06834,0.08246,0.63597,1,0
1768603710.156004,-0.91798,0.01548,0.28036,0.00122,-0.02524,-0.00253,0.57080,0.00008,0.28074,-0.00010,0.70746,0.00007,0.70675,1,3,0.99905,0.03746,0.00658,-0.02107,0.06834,0.08246,0.63597,1,0
1768603710.158122,-0.91819,0.02269,0.29071,0.00135,-0.02402,-0.00301,0.57084,0.00008,0.28074,-0.00010,0.70746,0.00007,0.70675,1,3,0.99905,0.03746,0.00658,-0.02107,0.06834,0.08246,0.63597,1,0
1768603710.160039,-0.91065,0.01364,0.28567,0.00109,-0.02343,-0.00226,0.57084,0.00008,0.28074,-0.00010,0.70746,0.00007,0.70675,1,3,0.99905,0.03746,0.00658,-0.02107,0.06834,0.08246,0.63597,1,0
1768603710.162007,-0.94110,0.00256,0.29406,0.00068,-0.02442,-0.00354,0.57088,0.00008,0.28073,-0.00010,0.70746,0.00007,0.70675,1,3,0.99905,0.03746,0.00658,-0.02107,0.06834,0.08246,0.63597,1,0
1768603710.164142,-0.93366,0.02151,0.29833,0.00053,-0.02633,-0.00390,0.57088,0.00008,0.28073,-0.00010,0.70746,0.00007,0.70675,1,3,0.99897,0.03833,0.00815,-0.02272,0.06851,0.08239,0.63573,1,0
1768603710.166045,-0.94822,0.01158,0.27358,0.00080,-0.02511,-0.00312,0.57088,0.00008,0.28073,-0.00010,0.70746,0.00007,0.70675,1,3,0.99897,0.03833,0.00815,-0.02272,0.06851,0.08239,0.63573,1,0
1768603710.168067,-0.94714,-0.01613,0.25240,0.00125,-0.02668,-0.00428,0.57092,0.00008,0.28073,-0.00010,0.70746,0.00007,0.70675,1,3,0.99897,0.03833,0.00815,-0.02272,0.06851,0.08239,0.63573,1,0
1768603710.170030,-0.94863,0.02769,0.28867,0.00078,-0.02427,-0.00371,0.57096,0.00008,0.28074,-0.00010,0.70746,0.00007,0.70675,1,3,0.99897,0.03833,0.00815,-0.02272,0.06851,0.08239,0.63573,1,0
1768603710.172086,-0.97052,0.01187,0.26927,0.00133,-0.02538,-0.00425,0.57096,0.00008,0.28074,-0.00010,0.70746,0.00007,0.70675,1,3,0.99897,0.03833,0.00815,-0.02272,0.06851,0.08239,0.63573,1,0
1768603710.174051,-0.94794,0.00744,0.27168,0.00108,-0.02513,-0.00382,0.57096,0.00008,0.28074,-0.00010,0.70746,0.00007,0.70675,1,3,0.99897,0.03833,0.00815,-0.02272,0.06851,0.08239,0.63573,1,0
1768603710.176076,-0.90225,0.01976,0.25915,0.00084,-0.02462,-0.00359,0.57100,0.00008,0.28073,-0.00010,0.70746,0.00007,0.70675,1,3,0.99897,0.03833,0.00815,-0.02272,0.06851,0.08239,0.63573,1,0
1768603710.178045,-0.89507,0.05650,0.27100,0.00107,-0.02360,-0.00378,0.57100,0.00008,0.28073,-0.00010,0.70746,0.00007,0.70675,1,3,0.99897,0.03833,0.00815,-0.02272,0.06851,0.08239,0.63573,1,0
1768603710.180045,-0.89518,0.02613,0.26796,0.00096,-0.02321,-0.00190,0.57108,0.00008,0.28074,-0.00010,0.70746,0.00007,0.70676,1,3,0.99897,0.03833,0.00815,-0.02272,0.06851,0.08239,0.63573,1,0
1768603710.182089,-0.89560,0.02625,0.29233,0.00149,-0.02378,-0.00191,0.57108,0.00008,0.28074,-0.00010,0.70746,0.00007,0.70676,1,3,0.99897,0.03833,0.00815,-0.02272,0.06851,0.08239,0.63573,1,0
1768603710.184041,-0.89559,0.02171,0.29007,0.00136,-0.02337,-0.00185,0.57112,0.00008,0.28074,-0.00010,0.70746,0.00007,0.70676,1,3,0.99897,0.03833,0.00815,-0.02272,0.06851,0.08239,0.63573,1,0
1768603710.186027,-0.90308,0.01999,0.29314,0.00109,-0.02530,-0.00323,0.57112,0.00008,0.28074,-0.00010,0.70746,0.00007,0.70676,1,3,0.99897,0.03833,0.00815,-0.02272,0.06851,0.08239,0.63573,1,0
1768603710.188064,-0.91055,0.02383,0.29050,0.00135,-0.02512,-0.00315,0.57116,0.00008,0.28074,-0.00010,0.70746,0.00007,0.70676,1,3,0.99897,0.03833,0.00815,-0.02272,0.06851,0.08239,0.63573,1,0
1768603710.190051,-0.89545,0.00164,0.29279,0.00152,-0.02444,-0.00199,0.57116,0.00008,0.28074,-0.00010,0.70746,0.00007,0.70676,1,3,0.99897,0.03833,0.00815,-0.02272,0.06851,0.08239,0.63573,1,0
1768603710.192068,-0.88066,0.00984,0.30262,0.00125,-0.02410,-0.00198,0.57116,0.00008,0.28074,-0.00010,0.70746,0.00007,0.70676,1,3,0.99897,0.03833,0.00815,-0.02272,0.06851,0.08239,0.63573,1,0
1768603710.194079,-0.97160,0.03312,0.28936,0.00089,-0.02601,-0.00224,0.57116,0.00008,0.28074,-0.00010,0.70746,0.00007,0.70676,1,3,0.99897,0.03833,0.00815,-0.02272,0.06851,0.08239,0.63573,1,0
1768603710.196079,-0.97141,0.02485,0.28926,0.00130,-0.02644,-0.00214,0.57120,0.00008,0.28074,-0.00010,0.70746,0.00007,0.70676,1,3,0.99897,0.03833,0.00815,-0.02272,0.06851,0.08239,0.63573,1,0
1768603710.198060,-0.91846,0.03936,0.30034,0.00146,-0.02390,-0.00321,0.57120,0.00008,0.28074,-0.00010,0.70746,0.00007,0.70676,1,3,0.99897,0.03833,0.00815,-0.02272,0.06851,0.08239,0.63573,1,0
1768603710.200077,-0.89493,0.00728,0.27690,0.00099,-0.02485,-0.00396,0.57124,0.00008,0.28074,-0.00010,0.70746,0.00007,0.70676,1,3,0.99895,0.03913,0.00885,-0.02204,0.06871,0.08234,0.63570,1,0
1768603710.202050,-0.87223,0.00085,0.27038,0.00074,-0.02711,-0.00236,0.57124,0.00008,0.28074,-0.00010,0.70746,0.00007,0.70676,1,3,0.99895,0.03913,0.00885,-0.02204,0.06871,0.08234,0.63570,1,0
1768603710.204086,-0.90280,0.02848,0.28385,0.00096,-0.02498,-0.00409,0.57128,0.00008,0.28074,-0.00010,0.70746,0.00007,0.70676,1,3,0.99895,0.03913,0.00885,-0.02204,0.06871,0.08234,0.63570,1,0
1768603710.206068,-0.82601,0.02630,0.24985,0.00116,-0.02277,-0.00379,0.57128,0.00008,0.28074,-0.00010,0.70746,0.00007,0.70676,1,3,0.99895,0.03913,0.00885,-0.02204,0.06871,0.08234,0.63570,1,0
1768603710.208136,-0.87269,0.00584,0.28635,0.00073,-0.02364,-0.00281,0.57136,0.00008,0.28074,-0.00010,0.70746,0.00007,0.70675,1,3,0.99895,0.03913,0.00885,-0.02204,0.06871,0.08234,0.63570,1,0
1768603710.210062,-1.00199,0.03684,0.29202,0.00100,-0.02554,-0.00254,0.57136,0.00008,0.28074,-0.00010,0.70746,0.00007,0.70675,1,3,0.99895,0.03913,0.00885,-0.02204,0.06871,0.08234,0.63570,1,0
1768603710.212125,-0.97838,-0.00521,0.27520,0.00094,-0.02946,-0.00316,0.57136,0.00008,0.28074,-0.00010,0.70746,0.00007,0.70675,1,3,0.99895,0.03913,0.00885,-0.02204,0.06871,0.08234,0.63570,1,0
1768603710.214094,-0.91929,-0.00132,0.33068,0.00069,-0.02507,-0.00314,0.57140,0.00008,0.28073,-0.00010,0.70746,0.00007,0.70675,1,3,0.99895,0.03913,0.00885,-0.02204,0.06871,0.08234,0.63570,1,0
1768603710.216172,-0.88693,0.03054,0.25125,0.00124,-0.02319,-0.00282,0.57140,0.00008,0.28073,-0.00010,0.70746,0.00007,0.70675,1,3,0.99895,0.03913,0.00885,-0.02204,0.06871,0.08234,0.63570,1,0
1768603710.218082,-0.87162,0.01458,0.25145,0.00127,-0.02406,-0.00288,0.57144,0.00008,0.28074,-0.00010,0.70746,0.00007,0.70675,1,3,0.99895,0.03913,0.00885,-0.02204,0.06871,0.08234,0.63570,1,0
1768603710.220096,-0.94779,0.00575,0.25130,0.00081,-0.02363,-0.00227,0.57144,0.00008,0.28074,-0.00010,0.70746,0.00007,0.70675,1,3,0.99895,0.03913,0.00885,-0.02204,0.06871,0.08234,0.63570,1,0
1768603710.222095,-0.91819,0.01514,0.29137,0.00095,-0.02445,-0.00368,0.57148,0.00008,0.28073,-0.00010,0.70746,0.00007,0.70675,1,3,0.99895,0.03913,0.00885,-0.02204,0.06871,0.08234,0.63570,1,0
1768603710.224097,-0.91020,0.02811,0.27918,0.00109,-0.02460,-0.00434,0.57148,0.00008,0.28073,-0.00010,0.70746,0.00007,0.70675,1,3,0.99895,0.03913,0.00885,-0.02204,0.06871,0.08234,0.63570,1,0
1768603710.226078,-0.93362,0.03061,0.28072,0.00038,-0.02305,-0.00247,0.57153,0.00008,0.28073,-0.00010,0.70746,0.00007,0.70675,1,3,0.99895,0.03913,0.00885,-0.02204,0.06871,0.08234,0.63570,1,0
1768603710.228111,-0.94773,0.03215,0.26011,0.00173,-0.02527,-0.00258,0.57153,0.00008,0.28073,-0.00010,0.70746,0.00007,0.70675,1,3,0.99895,0.03913,0.00885,-0.02204,0.06871,0.08234,0.63570,1,0
1768603710.230124,-0.93438,0.01854,0.32232,0.00106,-0.02430,-0.00235,0.57153,0.00008,0.28073,-0.00010,0.70746,0.00007,0.70675,1,3,0.99895,0.03913,0.00885,-0.02204,0.06871,0.08234,0.63570,1,0
1768603710.232074,-0.88020,0.01622,0.29101,0.00098,-0.02555,-0.00357,0.57157,0.00008,0.28074,-0.00010,0.70746,0.00007,0.70675,1,3,0.99895,0.03913,0.00885,-0.02204,0.06871,0.08234,0.63570,1,0
1768603710.234094,-0.87290,0.03183,0.29481,0.00124,-0.02485,-0.00236,0.57157,0.00008,0.28074,-0.00010,0.70746,0.00007,0.70675,1,3,0.99895,0.03913,0.00885,-0.02204,0.06871,0.08234,0.63570,1,0
1768603710.236093,-0.89418,0.02655,0.23362,0.00111,-0.02340,-0.00225,0.57161,0.00008,0.28074,-0.00010,0.70746,0.00007,0.70675,1,3,0.99890,0.03966,0.00931,-0.02328,0.06888,0.08226,0.63550,1,0
1768603710.238120,-0.84972,0.03438,0.27358,0.00085,-0.02270,-0.00277,0.57161,0.00008,0.28074,-0.00010,0.70746,0.00007,0.70675,1,3,0.99890,0.03966,0.00931,-0.02328,0.06888,0.08226,0.63550,1,0
1768603710.240114,-0.88825,0.05145,0.29712,0.00134,-0.02350,-0.00235,0.57165,0.00008,0.28074,-0.00010,0.70746,0.00007,0.70676,1,3,0.99890,0.03966,0.00931,-0.02328,0.06888,0.08226,0.63550,1,0
1768603710.242103,-0.96425,0.01243,0.29608,0.00091,-0.02680,-0.00099,0.57165,0.00008,0.28074,-0.00010,0.70746,0.00007,0.70676,1,3,0.99890,0.03966,0.00931,-0.02328,0.06888,0.08226,0.63550,1,0
1768603710.244102,-0.95716,0.01250,0.32107,0.00105,-0.02693,-0.00151,0.57169,0.00008,0.28074,-0.00010,0.70746,0.00007,0.70676,1,3,0.99890,0.03966,0.00931,-0.02328,0.06888,0.08226,0.63550,1,0
1768603710.246104,-0.87963,0.01487,0.26089,0.00099,-0.02438,-0.00239,0.57173,0.00008,0.28074,-0.00010,0.70746,0.00007,0.70676,1,3,0.99890,0.03966,0.00931,-0.02328,0.06888,0.08226,0.63550,1,0
1768603710.248099,-0.84935,0.03111,0.27063,0.00153,-0.02404,-0.00271,0.57173,0.00008,0.28074,-0.00010,0.70746,0.00007,0.70676,1,3,0.99890,0.03966,0.00931,-0.02328,0.06888,0.08226,0.63550,1,0
1768603710.250109,-0.93310,0.02043,0.27183,0.00121,-0.02622,-0.00157,0.57177,0.00008,0.28074,-0.00010,0.70746,0.00007,0.70676,1,3,0.99890,0.03966,0.00931,-0.02328,0.06888,0.08226,0.63550,1,0
1768603710.252197,-0.96402,0.03205,0.28979,0.00090,-0.02491,-0.00236,0.57177,0.00008,0.28074,-0.00010,0.70746,0.00007,0.70676,1,3,0.99890,0.03966,0.00931,-0.02328,0.06888,0.08226,0.63550,1,0
1768603710.254128,-0.94170,0.00784,0.31554,0.00067,-0.02569,-0.00324,0.57181,0.00008,0.28074,-0.00010,0.70746,0.00007,0.70676,1,3,0.99890,0.03966,0.00931,-0.02328,0.06888,0.08226,0.63550,1,0
1768603710.256118,-0.87189,0.00999,0.26462,0.00114,-0.02347,-0.00360,0.57181,0.00008,0.28074,-0.00010,0.70746,0.00007,0.70676,1,3,0.99890,0.03966,0.00931,-0.02328,0.06888,0.08226,0.63550,1,0
1768603710.258110,-0.88718,0.01555,0.25095,0.00045,-0.02472,-0.00227,0.57184,0.00008,0.28074,-0.00010,0.70746,0.00007,0.70676,1,3,0.99890,0.03966,0.00931,-0.02328,0.06888,0.08226,0.63550,1,0
1768603710.260138,-0.91799,0.01149,0.27762,0.00109,-0.02549,-0.00210,0.57184,0.00008,0.28074,-0.00010,0.70746,0.00007,0.70676,1,3,0.99890,0.03966,0.00931,-0.02328,0.06888,0.08226,0.63550,1,0
1768603710.262103,-0.88029,0.01146,0.28818,0.00085,-0.02515,-0.00275,0.57184,0.00008,0.28074,-0.00010,0.70746,0.00007,0.70676,1,3,0.99890,0.03966,0.00931,-0.02328,0.06888,0.08226,0.63550,1,0
1768603710.264111,-0.84267,0.02374,0.30589,0.00100,-0.02471,-0.00355,0.57189,0.00008,0.28074,-0.00010,0.70746,0.00007,0.70676,1,3,0.99890,0.03966,0.00931,-0.02328,0.06888,0.08226,0.63550,1,0
1768603710.266132,-0.88758,0.01531,0.28056,0.00125,-0.02502,-0.00266,0.57189,0.00008,0.28074,-0.00010,0.70746,0.00007,0.70676,1,3,0.99890,0.03966,0.00931,-0.02328,0.06888,0.08226,0.63550,1,0
1768603710.268133,-0.93373,0.04456,0.29190,0.00104,-0.02488,-0.00226,0.57192,0.00008,0.28073,-0.00010,0.70746,0.00007,0.70675,1,3,0.99890,0.03966,0.00931,-0.02328,0.06888,0.08226,0.63550,1,0
1768603710.270125,-0.94915,0.02030,0.30198,0.00078,-0.02585,-0.00210,0.57192,0.00008,0.28073,-0.00010,0.70746,0.00007,0.70675,1,3,0.99884,0.04085,0.00947,-0.02358,0.06927,0.08219,0.63554,1,0
1768603710.272137,-0.98692,0.02455,0.29346,0.00115,-0.02639,-0.00112,0.57196,0.00008,0.28073,-0.00010,0.70746,0.00007,0.70675,1,3,0.99884,0.04085,0.00947,-0.02358,0.06927,0.08219,0.63554,1,0
1768603710.274152,-0.95614,0.02464,0.27881,0.00118,-0.02635,-0.00124,0.57196,0.00008,0.28073,-0.00010,0.70746,0.00007,0.70675,1,3,0.99884,0.04085,0.00947,-0.02358,0.06927,0.08219,0.63554,1,0
1768603710.276148,-0.92556,0.02082,0.27857,0.00068,-0.02570,-0.00362,0.57200,0.00008,0.28073,-0.00010,0.70746,0.00007,0.70675,1,3,0.99884,0.04085,0.00947,-0.02358,0.06927,0.08219,0.63554,1,0
1768603710.278136,-0.89545,0.02478,0.28068,0.00043,-0.02546,-0.00304,0.57204,0.00008,0.28073,-0.00010,0.70746,0.00007,0.70675,1,3,0.99884,0.04085,0.00947,-0.02358,0.06927,0.08219,0.63554,1,0
1768603710.280136,-0.91744,0.01620,0.24643,0.00016,-0.02500,-0.00291,0.57204,0.00008,0.28073,-0.00010,0.70746,0.00007,0.70675,1,3,0.99884,0.04085,0.00947,-0.02358,0.06927,0.08219,0.63554,1,0
1768603710.282122,-0.88736,-0.00525,0.27411,0.00087,-0.02510,-0.00317,0.57208,0.00008,0.28073,-0.00010,0.70746,0.00007,0.70675,1,3,0.99884,0.04085,0.00947,-0.02358,0.06927,0.08219,0.63554,1,0
1768603710.284196,-0.90315,0.00987,0.29342,0.00110,-0.02377,-0.00273,0.57208,0.00008,0.28073,-0.00010,0.70746,0.00007,0.70675,1,3,0.99884,0.04085,0.00947,-0.02358,0.06927,0.08219,0.63554,1,0
1768603710.286150,-0.87232,0.02390,0.27726,0.00058,-0.02419,-0.00455,0.57212,0.00008,0.28073,-0.00010,0.70746,0.00007,0.70675,1,3,0.99884,0.04085,0.00947,-0.02358,0.06927,0.08219,0.63554,1,0
1768603710.288151,-0.89539,0.02430,0.28627,0.00070,-0.02495,-0.00380,0.57212,0.00008,0.28073,-0.00010,0.70746,0.00007,0.70675,1,3,0.99884,0.04085,0.00947,-0.02358,0.06927,0.08219,0.63554,1,0
1768603710.290149,-0.85732,0.03564,0.27792,0.00112,-0.02418,-0.00265,0.57216,0.00008,0.28073,-0.00010,0.70746,0.00007,0.70675,1,3,0.99884,0.04085,0.00947,-0.02358,0.06927,0.08219,0.63554,1,0
1768603710.292151,-0.91136,0.03133,0.29919,0.00066,-0.02436,-0.00135,0.57216,0.00008,0.28073,-0.00010,0.70746,0.00007,0.70675,1,3,0.99884,0.04085,0.00947,-0.02358,0.06927,0.08219,0.63554,1,0
1768603710.294137,-0.93402,0.03741,0.30160,0.00078,-0.02608,-0.00218,0.57216,0.00008,0.28073,-0.00010,0.70746,0.00007,0.70675,1,3,0.99884,0.04085,0.00947,-0.02358,0.06927,0.08219,0.63554,1,0
1768603710.296161,-0.88784,0.01597,0.28471,0.00111,-0.02584,-0.00191,0.57220,0.00008,0.28073,-0.00010,0.70747,0.00007,0.70675,1,3,0.99884,0.04085,0.00947,-0.02358,0.06927,0.08219,0.63554,1,0
1768603710.298153,-0.89578,0.03240,0.29509,0.00082,-0.02506,-0.00276,0.57220,0.00008,0.28073,-0.00010,0.70747,0.00007,0.70675,1,3,0.99884,0.04085,0.00947,-0.02358,0.06927,0.08219,0.63554,1,0
1768603710.300138,-0.88800,0.01834,0.28214,0.00097,-0.02413,-0.00118,0.57225,0.00008,0.28073,-0.00010,0.70746,0.00007,0.70675,1,3,0.99884,0.04085,0.00947,-0.02358,0.06927,0.08219,0.63554,1,0
1768603710.302145,-0.88840,0.03278,0.29351,0.00082,-0.02595,-0.00098,0.57225,0.00008,0.28073,-0.00010,0.70746,0.00007,0.70675,1,3,0.99884,0.04085,0.00947,-0.02358,0.06927,0.08219,0.63554,1,0
1768603710.304143,-0.89540,0.01006,0.27711,0.00111,-0.02441,-0.00095,0.57229,0.00008,0.28073,-0.00010,0.70746,0.00007,0.70675,1,3,0.99885,0.04154,0.00840,-0.02237,0.06948,0.08218,0.63579,1,0
1768603710.306148,-0.89667,0.05167,0.32617,0.00132,-0.02403,-0.00186,0.57229,0.00008,0.28073,-0.00010,0.70746,0.00007,0.70675,1,3,0.99885,0.04154,0.00840,-0.02237,0.06948,0.08218,0.63579,1,0
1768603710.308166,-0.87283,0.00600,0.29530,0.00126,-0.02440,-0.00205,0.57233,0.00008,0.28073,-0.00010,0.70746,0.00007,0.70675,1,3,0.99885,0.04154,0.00840,-0.02237,0.06948,0.08218,0.63579,1,0
1768603710.310170,-0.91130,0.03009,0.30785,0.00027,-0.02644,-0.00363,0.57237,0.00008,0.28073,-0.00010,0.70746,0.00007,0.70675,1,3,0.99885,0.04154,0.00840,-0.02237,0.06948,0.08218,0.63579,1,0
1768603710.312171,-0.86522,0.02069,0.28824,0.00045,-0.02558,-0.00313,0.57237,0.00008,0.28073,-0.00010,0.70746,0.00007,0.70675,1,3,0.99885,0.04154,0.00840,-0.02237,0.06948,0.08218,0.63579,1,0
1768603710.314173,-0.88755,0.01992,0.27317,0.00084,-0.02511,-0.00272,0.57241,0.00008,0.28073,-0.00010,0.70747,0.00007,0.70675,1,3,0.99885,0.04154,0.00840,-0.02237,0.06948,0.08218,0.63579,1,0
1768603710.316169,-0.88803,0.02024,0.28833,0.00043,-0.02514,-0.00312,0.57241,0.00008,0.28073,-0.00010,0.70747,0.00007,0.70675,1,3,0.99885,0.04154,0.00840,-0.02237,0.06948,0.08218,0.63579,1,0
1768603710.318178,-0.85783,0.01154,0.30329,0.00087,-0.02518,-0.00315,0.57245,0.00008,0.28073,-0.00010,0.70747,0.00007,0.70675,1,3,0.99885,0.04154,0.00840,-0.02237,0.06948,0.08218,0.63579,1,0
1768603710.320163,-0.90386,0.05497,0.32220,0.00105,-0.02648,-0.00406,0.57245,0.00008,0.28073,-0.00010,0.70747,0.00007,0.70675,1,3,0.99885,0.04154,0.00840,-0.02237,0.06948,0.08218,0.63579,1,0
1768603710.322170,-0.95686,0.01770,0.30403,0.00051,-0.02736,-0.00195,0.57248,0.00008,0.28072,-0.00010,0.70747,0.00007,0.70674,1,3,0.99885,0.04154,0.00840,-0.02237,0.06948,0.08218,0.63579,1,0
1768603710.324165,-0.94111,0.02252,0.28155,0.00053,-0.02785,-0.00186,0.57248,0.00008,0.28072,-0.00010,0.70747,0.00007,0.70674,1,3,0.99885,0.04154,0.00840,-0.02237,0.06948,0.08218,0.63579,1,0
1768603710.326164,-0.91051,0.01680,0.27513,0.00056,-0.02618,-0.00230,0.57252,0.00008,0.28072,-0.00010,0.70747,0.00007,0.70674,1,3,0.99885,0.04154,0.00840,-0.02237,0.06948,0.08218,0.63579,1,0
1768603710.328295,-0.88852,0.01284,0.30791,0.00030,-0.02622,-0.00305,0.57252,0.00008,0.28072,-0.00010,0.70747,0.00007,0.70674,1,3,0.99885,0.04154,0.00840,-0.02237,0.06948,0.08218,0.63579,1,0
1768603710.330311,-0.92509,0.01695,0.26054,0.00096,-0.02636,-0.00279,0.57252,0.00008,0.28072,-0.00010,0.70747,0.00007,0.70674,1,3,0.99885,0.04154,0.00840,-0.02237,0.06948,0.08218,0.63579,1,0
1768603710.332200,-0.96416,0.02466,0.29940,0.00104,-0.02610,-0.00228,0.57256,0.00008,0.28072,-0.00010,0.70747,0.00007,0.70674,1,3,0.99885,0.04154,0.00840,-0.02237,0.06948,0.08218,0.63579,1,0
1768603710.334180,-0.95587,0.00769,0.26557,0.00040,-0.02542,-0.00218,0.57256,0.00008,0.28072,-0.00010,0.70747,0.00007,0.70674,1,3,0.99885,0.04154,0.00840,-0.02237,0.06948,0.08218,0.63579,1,0
1768603710.336192,-0.94114,-0.00107,0.28609,0.00028,-0.02496,-0.00273,0.57260,0.00008,0.28072,-0.00010,0.70747,0.00007,0.70674,1,3,0.99885,0.04154,0.00840,-0.02237,0.06948,0.08218,0.63579,1,0
1768603710.338195,-0.89538,0.01248,0.28829,0.00084,-0.02602,-0.00327,0.57260,0.00008,0.28072,-0.00010,0.70747,0.00007,0.70674,1,3,0.99877,0.04188,0.00972,-0.02456,0.06963,0.08209,0.63544,1,0
1768603710.340198,-0.86510,0.02890,0.28803,0.00085,-0.02558,-0.00322,0.57264,0.00008,0.28073,-0.00010,0.70747,0.00007,0.70675,1,3,0.99877,0.04188,0.00972,-0.02456,0.06963,0.08209,0.63544,1,0
1768603710.342206,-0.88788,0.02435,0.28574,0.00070,-0.02518,-0.00316,0.57264,0.00008,0.28073,-0.00010,0.70747,0.00007,0.70675,1,3,0.99877,0.04188,0.00972,-0.02456,0.06963,0.08209,0.63544,1,0
1768603710.344218,-0.84945,0.01071,0.27811,0.00155,-0.02483,-0.00247,0.57268,0.00008,0.28073,-0.00010,0.70747,0.00007,0.70675,1,3,0.99877,0.04188,0.00972,-0.02456,0.06963,0.08209,0.63544,1,0
1768603710.346199,-0.88751,0.02381,0.26999,0.00111,-0.02515,-0.00199,0.57268,0.00008,0.28073,-0.00010,0.70747,0.00007,0.70675,1,3,0.99877,0.04188,0.00972,-0.02456,0.06963,0.08209,0.63544,1,0
1768603710.348197,-0.89511,-0.00473,0.27288,0.00086,-0.02599,-0.00191,0.57272,0.00008,0.28072,-0.00010,0.70747,0.00007,0.70674,1,3,0.99877,0.04188,0.00972,-0.02456,0.06963,0.08209,0.63544,1,0
1768603710.350202,-0.90315,0.02582,0.28444,0.00069,-0.02694,-0.00216,0.57276,0.00008,0.28073,-0.00010,0.70747,0.00007,0.70675,1,3,0.99877,0.04188,0.00972,-0.02456,0.06963,0.08209,0.63544,1,0
1768603710.352182,-0.90324,0.01090,0.28735,0.00083,-0.02494,-0.00160,0.57276,0.00008,0.28073,-0.00010,0.70747,0.00007,0.70675,1,3,0.99877,0.04188,0.00972,-0.02456,0.06963,0.08209,0.63544,1,0
1768603710.354322,-0.87291,0.03165,0.28379,0.00110,-0.02498,-0.00083,0.57280,0.00008,0.28073,-0.00010,0.70747,0.00007,0.70675,1,3,0.99877,0.04188,0.00972,-0.02456,0.06963,0.08209,0.63544,1,0
1768603710.356202,-0.94177,0.01987,0.30577,0.00105,-0.02603,-0.00070,0.57280,0.00008,0.28073,-0.00010,0.70747,0.00007,0.70675,1,3,0.99877,0.04188,0.00972,-0.02456,0.06963,0.08209,0.63544,1,0
1768603710.358207,-0.93435,0.03358,0.31280,0.00105,-0.02703,-0.00100,0.57284,0.00008,0.28073,-0.00010,0.70746,0.00007,0.70675,1,3,0.99877,0.04188,0.00972,-0.02456,0.06963,0.08209,0.63544,1,0
1768603710.360220,-0.88814,0.02192,0.30166,0.00124,-0.02760,-0.00237,0.57284,0.00008,0.28073,-0.00010,0.70746,0.00007,0.70675,1,3,0.99877,0.04188,0.00972,-0.02456,0.06963,0.08209,0.63544,1,0
1768603710.362201,-0.80417,0.01558,0.27585,0.00064,-0.02486,-0.00255,0.57289,0.00008,0.28073,-0.00010,0.70746,0.00007,0.70675,1,3,0.99877,0.04188,0.00972,-0.02456,0.06963,0.08209,0.63544,1,0
1768603710.364208,-0.84924,-0.00256,0.26112,0.00103,-0.02395,-0.00193,0.57289,0.00008,0.28073,-0.00010,0.70746,0.00007,0.70675,1,3,0.99877,0.04188,0.00972,-0.02456,0.06963,0.08209,0.63544,1,0
1768603710.366326,-0.81927,0.01207,0.26745,0.00063,-0.02584,-0.00148,0.57289,0.00008,0.28073,-0.00010,0.70746,0.00007,0.70675,1,3,0.99877,0.04188,0.00972,-0.02456,0.06963,0.08209,0.63544,1,0
1768603710.368208,-0.88835,0.00813,0.30441,0.00098,-0.02648,-0.00183,0.57292,0.00008,0.28073,-0.00010,0.70747,0.00007,0.70675,1,3,0.99877,0.04188,0.00972,-0.02456,0.06963,0.08209,0.63544,1,0
1768603710.370205,-0.87283,0.02424,0.30093,0.00111,-0.02521,-0.00380,0.57292,0.00008,0.28073,-0.00010,0.70747,0.00007,0.70675,1,3,0.99877,0.04188,0.00972,-0.02456,0.06963,0.08209,0.63544,1,0
1768603710.372213,-0.79645,0.01733,0.28574,0.00119,-0.02670,-0.00346,0.57296,0.00008,0.28072,-0.00010,0.70747,0.00007,0.70674,1,3,0.99877,0.04188,0.00972,-0.02456,0.06963,0.08209,0.63544,1,0
1768603710.374219,-0.90367,0.02365,0.30434,0.00095,-0.02517,-0.00177,0.57296,0.00008,0.28072,-0.00010,0.70747,0.00007,0.70674,1,3,0.99877,0.04188,0.00972,-0.02456,0.06963,0.08209,0.63544,1,0
1768603710.376216,-0.95651,-0.00453,0.29196,0.00067,-0.02642,-0.00129,0.57300,0.00008,0.28072,-0.00010,0.70747,0.00007,0.70675,1,3,0.99879,0.04247,0.00937,-0.02311,0.06983,0.08206,0.63555,1,0
1768603710.378217,-0.93388,0.01798,0.30895,0.00120,-0.02795,-0.00233,0.57300,0.00008,0.28072,-0.00010,0.70747,0.00007,0.70675,1,3,0.99879,0.04247,0.00937,-0.02311,0.06983,0.08206,0.63555,1,0
1768603710.380208,-0.92594,0.01809,0.29507,0.00081,-0.02747,-0.00321,0.57304,0.00008,0.28072,-0.00010,0.70747,0.00007,0.70675,1,3,0.99879,0.04247,0.00937,-0.02311,0.06983,0.08206,0.63555,1,0
1768603710.382211,-0.87932,0.02370,0.24557,0.00098,-0.02479,-0.00210,0.57308,0.00008,0.28072,-0.00010,0.70747,0.00007,0.70675,1,3,0.99879,0.04247,0.00937,-0.02311,0.06983,0.08206,0.63555,1,0
1768603710.384228,-0.86376,0.01872,0.22858,0.00087,-0.02390,-0.00190,0.57308,0.00008,0.28072,-0.00010,0.70747,0.00007,0.70675,1,3,0.99879,0.04247,0.00937,-0.02311,0.06983,0.08206,0.63555,1,0
1768603710.386215,-0.88755,0.03102,0.27537,0.00136,-0.02399,-0.00246,0.57312,0.00008,0.28073,-0.00010,0.70747,0.00007,0.70675,1,3,0.99879,0.04247,0.00937,-0.02311,0.06983,0.08206,0.63555,1,0
1768603710.388232,-0.94034,0.01706,0.26509,0.00121,-0.02674,-0.00254,0.57312,0.00008,0.28073,-0.00010,0.70747,0.00007,0.70675,1,3,0.99879,0.04247,0.00937,-0.02311,0.06983,0.08206,0.63555,1,0
1768603710.390233,-0.89631,0.05046,0.32567,0.00080,-0.02578,-0.00490,0.57316,0.00008,0.28072,-0.00010,0.70747,0.00007,0.70674,1,3,0.99879,0.04247,0.00937,-0.02311,0.06983,0.08206,0.63555,1,0
1768603710.392234,-0.88015,0.02128,0.28349,0.00058,-0.02608,-0.00363,0.57316,0.00008,0.28072,-0.00010,0.70747,0.00007,0.70674,1,3,0.99879,0.04247,0.00937,-0.02311,0.06983,0.08206,0.63555,1,0
1768603710.394239,-0.85762,0.02806,0.28775,0.00085,-0.02493,-0.00257,0.57320,0.00008,0.28072,-0.00010,0.70747,0.00007,0.70674,1,3,0.99879,0.04247,0.00937,-0.02311,0.06983,0.08206,0.63555,1,0
1768603710.396225,-0.92513,0.02497,0.26055,0.00095,-0.02592,-0.00289,0.57320,0.00008,0.28072,-0.00010,0.70747,0.00007,0.70674,1,3,0.99879,0.04247,0.00937,-0.02311,0.06983,0.08206,0.63555,1,0
1768603710.398239,-0.92613,0.03710,0.29635,0.00132,-0.02614,-0.00191,0.57324,0.00008,0.28072,-0.00010,0.70747,0.00007,0.70674,1,3,0.99879,0.04247,0.00937,-0.02311,0.06983,0.08206,0.63555,1,0
1768603710.400233,-0.93329,0.03288,0.27942,0.00119,-0.02591,-0.00211,0.57324,0.00008,0.28072,-0.00010,0.70747,0.00007,0.70674,1,3,0.99879,0.04247,0.00937,-0.02311,0.06983,0.08206,0.63555,1,0
1768603710.402235,-0.89547,0.01527,0.28480,0.00110,-0.02519,-0.00178,0.57324,0.00008,0.28072,-0.00010,0.70747,0.00007,0.70674,1,3,0.99879,0.04247,0.00937,-0.02311,0.06983,0.08206,0.63555,1,0
1768603710.404250,-0.90307,0.05252,0.28180,0.00133,-0.02456,-0.00209,0.57329,0.00008,0.28073,-0.00010,0.70747,0.00007,0.70675,1,3,0.99879,0.04247,0.00937,-0.02311,0.06983,0.08206,0.63555,1,0
1768603710.406221,-0.89535,0.02784,0.28208,0.00136,-0.02522,-0.00192,0.57329,0.00008,0.28073,-0.00010,0.70747,0.00007,0.70675,1,3,0.99879,0.04247,0.00937,-0.02311,0.06983,0.08206,0.63555,1,0
1768603710.408223,-0.92673,0.03141,0.30792,0.00118,-0.02512,-0.00034,0.57333,0.00008,0.28073,-0.00010,0.70747,0.00007,0.70675,1,3,0.99879,0.04247,0.00937,-0.02311,0.06983,0.08206,0.63555,1,0
1768603710.410221,-0.88789,0.02880,0.27583,0.00110,-0.02639,-0.00054,0.57333,0.00008,0.28073,-0.00010,0.70747,0.00007,0.70675,1,3,0.99879,0.04247,0.00937,-0.02311,0.06983,0.08206,0.63555,1,0
1768603710.412254,-0.83522,0.02363,0.29514,0.00047,-0.02462,-0.00215,0.57337,0.00008,0.28073,-0.00010,0.70747,0.00007,0.70675,1,3,0.99879,0.04247,0.00937,-0.02311,0.06983,0.08206,0.63555,1,0
1768603710.414271,-0.88097,0.03116,0.29939,0.00069,-0.02414,-0.00148,0.57337,0.00008,0.28073,-0.00010,0.70747,0.00007,0.70675,1,3,0.99871,0.04336,0.01099,-0.02396,0.07002,0.08200,0.63548,1,0
1768603710.416265,-0.88842,0.02426,0.30328,0.00136,-0.02627,-0.00088,0.57341,0.00008,0.28073,-0.00010,0.70746,0.00007,0.70675,1,3,0.99871,0.04336,0.01099,-0.02396,0.07002,0.08200,0.63548,1,0
1768603710.418247,-0.89560,0.02139,0.28676,0.00083,-0.02691,-0.00185,0.57341,0.00008,0.28073,-0.00010,0.70746,0.00007,0.70675,1,3,0.99871,0.04336,0.01099,-0.02396,0.07002,0.08200,0.63548,1,0
1768603710.420324,-0.85770,0.02855,0.29692,0.00139,-0.02591,-0.00220,0.57345,0.00008,0.28073,-0.00010,0.70747,0.00007,0.70675,1,3,0.99871,0.04336,0.01099,-0.02396,0.07002,0.08200,0.63548,1,0
1768603710.422278,-0.84200,0.02404,0.27562,0.00101,-0.02508,-0.00277,0.57349,0.00008,0.28073,-0.00010,0.70746,0.00007,0.70675,1,3,0.99871,0.04336,0.01099,-0.02396,0.07002,0.08200,0.63548,1,0
1768603710.424277,-0.92622,0.03269,0.29454,0.00079,-0.02551,-0.00225,0.57349,0.00008,0.28073,-0.00010,0.70746,0.00007,0.70675,1,3,0.99871,0.04336,0.01099,-0.02396,0.07002,0.08200,0.63548,1,0
1768603710.426268,-0.94197,0.03786,0.32127,0.00104,-0.02671,-0.00245,0.57353,0.00008,0.28073,-0.00010,0.70746,0.00007,0.70675,1,3,0.99871,0.04336,0.01099,-0.02396,0.07002,0.08200,0.63548,1,0
1768603710.428249,-0.89620,0.02061,0.30161,0.00042,-0.02608,-0.00148,0.57353,0.00008,0.28073,-0.00010,0.70746,0.00007,0.70675,1,3,0.99871,0.04336,0.01099,-0.02396,0.07002,0.08200,0.63548,1,0
1768603710.430348,-0.91108,0.03398,0.29970,0.00067,-0.02654,-0.00291,0.57357,0.00008,0.28073,-0.00010,0.70746,0.00007,0.70675,1,3,0.99871,0.04336,0.01099,-0.02396,0.07002,0.08200,0.63548,1,0
1768603710.432247,-0.86517,0.01631,0.28995,0.00099,-0.02600,-0.00230,0.57357,0.00008,0.28073,-0.00010,0.70746,0.00007,0.70675,1,3,0.99871,0.04336,0.01099,-0.02396,0.07002,0.08200,0.63548,1,0
1768603710.434250,-0.88758,0.02802,0.27203,0.00123,-0.02534,-0.00166,0.57361,0.00008,0.28073,-0.00010,0.70746,0.00007,0.70675,1,3,0.99871,0.04336,0.01099,-0.02396,0.07002,0.08200,0.63548,1,0
1768603710.436249,-0.90281,0.01685,0.26961,0.00070,-0.02646,-0.00166,0.57361,0.00008,0.28073,-0.00010,0.70746,0.00007,0.70675,1,3,0.99871,0.04336,0.01099,-0.02396,0.07002,0.08200,0.63548,1,0
1768603710.438269,-0.88075,0.01658,0.30072,0.00031,-0.02565,-0.00321,0.57365,0.00008,0.28073,-0.00010,0.70746,0.00007,0.70675,1,3,0.99871,0.04336,0.01099,-0.02396,0.07002,0.08200,0.63548,1,0
1768603710.440260,-0.84994,0.01913,0.29839,0.00140,-0.02458,-0.00335,0.57365,0.00008,0.28073,-0.00010,0.70746,0.00007,0.70675,1,3,0.99871,0.04336,0.01099,-0.02396,0.07002,0.08200,0.63548,1,0
1768603710.442264,-0.86560,0.01651,0.30547,0.00059,-0.02581,-0.00309,0.57365,0.00008,0.28073,-0.00010,0.70746,0.00007,0.70675,1,3,0.99871,0.04336,0.01099,-0.02396,0.07002,0.08200,0.63548,1,0
1768603710.444256,-0.88035,0.02402,0.29044,0.00097,-0.02512,-0.00290,0.57365,0.00008,0.28073,-0.00010,0.70746,0.00007,0.70675,1,3,0.99871,0.04336,0.01099,-0.02396,0.07002,0.08200,0.63548,1,0
1768603710.446264,-0.85001,0.03287,0.29005,0.00099,-0.02556,-0.00276,0.57369,0.00008,0.28073,-0.00010,0.70746,0.00007,0.70675,1,3,0.99871,0.04336,0.01099,-0.02396,0.07002,0.08200,0.63548,1,0
1768603710.448257,-0.86547,0.02418,0.29948,0.00111,-0.02566,-0.00202,0.57373,0.00008,0.28073,-0.00010,0.70747,0.00007,0.70675,1,3,0.99871,0.04336,0.01099,-0.02396,0.07002,0.08200,0.63548,1,0
1768603710.450269,-0.91823,0.04095,0.28383,0.00146,-0.02585,-0.00170,0.57373,0.00008,0.28073,-0.00010,0.70747,0.00007,0.70675,1,3,0.99871,0.04336,0.01099,-0.02396,0.07002,0.08200,0.63548,1,0
1768603710.452278,-0.94906,0.01280,0.30696,0.00106,-0.02689,-0.00239,0.57377,0.00008,0.28073,-0.00010,0.70746,0.00007,0.70675,1,3,0.99869,0.04398,0.01001,-0.02415,0.07021,0.08198,0.63563,1,0
1768603710.454272,-0.91916,0.02185,0.32209,0.00067,-0.02714,-0.00303,0.57377,0.00008,0.28073,-0.00010,0.70746,0.00007,0.70675,1,3,0.99869,0.04398,0.01001,-0.02415,0.07021,0.08198,0.63563,1,0
1768603710.456262,-0.88867,0.03835,0.32195,0.00108,-0.02692,-0.00335,0.57377,0.00008,0.28073,-0.00010,0.70746,0.00007,0.70675,1,3,0.99869,0.04398,0.01001,-0.02415,0.07021,0.08198,0.63563,1,0
1768603710.458281,-0.89501,0.05045,0.26898,0.00148,-0.02669,-0.00218,0.57381,0.00008,0.28073,-0.00010,0.70746,0.00007,0.70675,1,3,0.99869,0.04398,0.01001,-0.02415,0.07021,0.08198,0.63563,1,0
1768603710.460281,-0.85749,-0.00018,0.28024,0.00048,-0.02612,-0.00185,0.57381,0.00008,0.28073,-0.00010,0.70746,0.00007,0.70675,1,3,0.99869,0.04398,0.01001,-0.02415,0.07021,0.08198,0.63563,1,0
1768603710.462321,-0.89483,0.02502,0.26005,0.00097,-0.02614,-0.00226,0.57385,0.00008,0.28073,-0.00010,0.70746,0.00007,0.70675,1,3,0.99869,0.04398,0.01001,-0.02415,0.07021,0.08198,0.63563,1,0
1768603710.464313,-0.86436,0.02854,0.25858,0.00086,-0.02507,-0.00319,0.57385,0.00008,0.28073,-0.00010,0.70746,0.00007,0.70675,1,3,0.99869,0.04398,0.01001,-0.02415,0.07021,0.08198,0.63563,1,0
1768603710.466314,-0.87966,0.01542,0.26042,0.00099,-0.02505,-0.00201,0.57389,0.00008,0.28073,-0.00010,0.70746,0.00007,0.70675,1,3,0.99869,0.04398,0.01001,-0.02415,0.07021,0.08198,0.63563,1,0
1768603710.468367,-0.88803,0.01651,0.29547,0.00084,-0.02593,-0.00307,0.57394,0.00008,0.28073,-0.00010,0.70747,0.00007,0.70675,1,3,0.99869,0.04398,0.01001,-0.02415,0.07021,0.08198,0.63563,1,0
1768603710.470316,-0.88851,0.01584,0.30499,0.00056,-0.02538,-0.00232,0.57394,0.00008,0.28073,-0.00010,0.70747,0.00007,0.70675,1,3,0.99869,0.04398,0.01001,-0.02415,0.07021,0.08198,0.63563,1,0
1768603710.472292,-0.94918,0.01812,0.31430,0.00106,-0.02789,-0.00284,0.57398,0.00008,0.28073,-0.00010,0.70746,0.00007,0.70675,1,3,0.99869,0.04398,0.01001,-0.02415,0.07021,0.08198,0.63563,1,0
1768603710.474301,-0.87285,0.02169,0.29746,0.00098,-0.02700,-0.00301,0.57402,0.00008,0.28073,-0.00010,0.70747,0.00007,0.70675,1,3,0.99869,0.04398,0.01001,-0.02415,0.07021,0.08198,0.63563,1,0
1768603710.476286,-0.86570,0.03337,0.31488,0.00111,-0.02613,-0.00329,0.57402,0.00008,0.28073,-0.00010,0.70747,0.00007,0.70675,1,3,0.99869,0.04398,0.01001,-0.02415,0.07021,0.08198,0.63563,1,0
1768603710.478301,-0.83477,0.03339,0.29013,0.00100,-0.02599,-0.00302,0.57402,0.00008,0.28073,-0.00010,0.70747,0.00007,0.70675,1,3,0.99869,0.04398,0.01001,-0.02415,0.07021,0.08198,0.63563,1,0
1768603710.480283,-0.89526,0.02087,0.27807,0.00070,-0.02592,-0.00299,0.57402,0.00008,0.28073,-0.00010,0.70747,0.00007,0.70675,1,3,0.99869,0.04398,0.01001,-0.02415,0.07021,0.08198,0.63563,1,0
1768603710.482305,-0.89547,0.01643,0.28045,0.00043,-0.02568,-0.00256,0.57406,0.00008,0.28073,-0.00010,0.70746,0.00007,0.70675,1,3,0.99869,0.04398,0.01001,-0.02415,0.07021,0.08198,0.63563,1,0
1768603710.484280,-0.85070,0.02938,0.31222,0.00058,-0.02616,-0.00274,0.57410,0.00008,0.28073,-0.00010,0.70746,0.00007,0.70675,1,3,0.99869,0.04398,0.01001,-0.02415,0.07021,0.08198,0.63563,1,0
1768603710.486323,-0.84286,0.02329,0.31100,0.00086,-0.02421,-0.00355,0.57410,0.00008,0.28073,-0.00010,0.70746,0.00007,0.70675,1,3,0.99869,0.04398,0.01001,-0.02415,0.07021,0.08198,0.63563,1,0
1768603710.488312,-0.85781,0.01971,0.29250,0.00072,-0.02509,-0.00210,0.57410,0.00008,0.28073,-0.00010,0.70746,0.00007,0.70675,1,3,0.99864,0.04460,0.00932,-0.02552,0.07038,0.08188,0.63518,1,0
1768603710.490314,-0.89548,0.02525,0.28905,0.00136,-0.02688,-0.00189,0.57414,0.00008,0.28073,-0.00010,0.70746,0.00007,0.70675,1,3,0.99864,0.04460,0.00932,-0.02552,0.07038,0.08188,0.63518,1,0
1768603710.492309,-0.85768,0.02337,0.29003,0.00099,-0.02469,-0.00214,0.57414,0.00008,0.28073,-0.00010,0.70746,0.00007,0.70675,1,3,0.99864,0.04460,0.00932,-0.02552,0.07038,0.08188,0.63518,1,0
1768603710.494331,-0.85052,0.01487,0.31549,0.00113,-0.02460,-0.00294,0.57418,0.00008,0.28073,-0.00010,0.70746,0.00007,0.70675,1,3,0.99864,0.04460,0.00932,-0.02552,0.07038,0.08188,0.63518,1,0
1768603710.496349,-0.86498,-0.00433,0.27838,0.00034,-0.02592,-0.00244,0.57422,0.00008,0.28073,-0.00010,0.70747,0.00007,0.70675,1,3,0.99864,0.04460,0.00932,-0.02552,0.07038,0.08188,0.63518,1,0
1768603710.498321,-0.91104,0.03886,0.30218,0.00080,-0.02716,-0.00335,0.57422,0.00008,0.28073,-0.00010,0.70747,0.00007,0.70675,1,3,0.99864,0.04460,0.00932,-0.02552,0.07038,0.08188,0.63518,1,0
1768603710.500311,-0.87235,0.00356,0.28279,0.00141,-0.02609,-0.00239,0.57426,0.00008,0.28073,-0.00010,0.70747,0.00007,0.70674,1,3,0.99864,0.04460,0.00932,-0.02552,0.07038,0.08188,0.63518,1,0
1768603710.502305,-0.85763,0.02825,0.29251,0.00112,-0.02531,-0.00258,0.57426,0.00008,0.28073,-0.00010,0.70747,0.00007,0.70674,1,3,0.99864,0.04460,0.00932,-0.02552,0.07038,0.08188,0.63518,1,0
1768603710.504455,-0.87997,0.01283,0.27237,0.00085,-0.02665,-0.00199,0.57430,0.00008,0.28073,-0.00010,0.70747,0.00007,0.70674,1,3,0.99864,0.04460,0.00932,-0.02552,0.07038,0.08188,0.63518,1,0
1768603710.506328,-0.94880,0.03856,0.29140,0.00104,-0.02729,-0.00231,0.57430,0.00008,0.28073,-0.00010,0.70747,0.00007,0.70674,1,3,0.99864,0.04460,0.00932,-0.02552,0.07038,0.08188,0.63518,1,0
1768603710.508359,-0.86421,-0.00398,0.25868,0.00089,-0.02638,-0.00280,0.57434,0.00008,0.28072,-0.00010,0.70747,0.00007,0.70674,1,3,0.99864,0.04460,0.00932,-0.02552,0.07038,0.08188,0.63518,1,0
1768603710.510343,-0.78910,0.02320,0.28664,0.00078,-0.02385,-0.00366,0.57434,0.00008,0.28072,-0.00010,0.70747,0.00007,0.70674,1,3,0.99864,0.04460,0.00932,-0.02552,0.07038,0.08188,0.63518,1,0
1768603710.512346,-0.87217,0.03538,0.26298,0.00111,-0.02392,-0.00238,0.57438,0.00008,0.28073,-0.00010,0.70747,0.00007,0.70674,1,3,0.99864,0.04460,0.00932,-0.02552,0.07038,0.08188,0.63518,1,0
1768603710.514345,-0.91852,0.01273,0.28707,0.00042,-0.02647,-0.00176,0.57438,0.00008,0.28073,-0.00010,0.70747,0.00007,0.70674,1,3,0.99864,0.04460,0.00932,-0.02552,0.07038,0.08188,0.63518,1,0
1768603710.516334,-0.91125,0.01600,0.30892,0.00122,-0.02621,-0.00155,0.57442,0.00008,0.28072,-0.00010,0.70747,0.00007,0.70674,1,3,0.99864,0.04460,0.00932,-0.02552,0.07038,0.08188,0.63518,1,0
1768603710.518328,-0.85028,0.03263,0.30071,0.00072,-0.02499,-0.00353,0.57442,0.00008,0.28072,-0.00010,0.70747,0.00007,0.70674,1,3,0.99864,0.04460,0.00932,-0.02552,0.07038,0.08188,0.63518,1,0
1768603710.520321,-0.85787,0.01601,0.30043,0.00073,-0.02543,-0.00282,0.57442,0.00008,0.28072,-0.00010,0.70747,0.00007,0.70674,1,3,0.99864,0.04460,0.00932,-0.02552,0.07038,0.08188,0.63518,1,0
1768603710.522341,-0.91859,0.02903,0.29696,0.00094,-0.02613,-0.00233,0.57446,0.00008,0.28073,-0.00010,0.70747,0.00007,0.70674,1,3,0.99864,0.04460,0.00932,-0.02552,0.07038,0.08188,0.63518,1,0
1768603710.524339,-0.90351,0.02065,0.30227,0.00082,-0.02607,-0.00249,0.57446,0.00008,0.28073,-0.00010,0.70747,0.00007,0.70674,1,3,0.99867,0.04489,0.00759,-0.02400,0.07060,0.08192,0.63579,1,0
1768603710.526411,-0.91059,0.02156,0.28294,0.00055,-0.02652,-0.00313,0.57450,0.00008,0.28073,-0.00010,0.70747,0.00007,0.70674,1,3,0.99867,0.04489,0.00759,-0.02400,0.07060,0.08192,0.63579,1,0
1768603710.528343,-0.85753,0.02927,0.28772,0.00085,-0.02602,-0.00297,0.57450,0.00008,0.28073,-0.00010,0.70747,0.00007,0.70674,1,3,0.99867,0.04489,0.00759,-0.02400,0.07060,0.08192,0.63579,1,0
1768603710.530344,-0.79554,0.00798,0.24644,0.00107,-0.02565,-0.00293,0.57454,0.00008,0.28073,-0.00010,0.70747,0.00007,0.70674,1,3,0.99867,0.04489,0.00759,-0.02400,0.07060,0.08192,0.63579,1,0
1768603710.532354,-0.87299,0.03497,0.29233,0.00110,-0.02378,-0.00202,0.57454,0.00008,0.28073,-0.00010,0.70747,0.00007,0.70674,1,3,0.99867,0.04489,0.00759,-0.02400,0.07060,0.08192,0.63579,1,0
1768603710.534450,-0.92640,0.00770,0.31020,0.00081,-0.02575,-0.00272,0.57454,0.00008,0.28073,-0.00010,0.70747,0.00007,0.70674,1,3,0.99867,0.04489,0.00759,-0.02400,0.07060,0.08192,0.63579,1,0
1768603710.536365,-0.86518,0.00166,0.28489,0.00034,-0.02781,-0.00213,0.57462,0.00008,0.28073,-0.00010,0.70747,0.00007,0.70675,1,3,0.99867,0.04489,0.00759,-0.02400,0.07060,0.08192,0.63579,1,0
1768603710.538372,-0.94926,0.04786,0.31143,0.00089,-0.02792,-0.00320,0.57462,0.00008,0.28073,-0.00010,0.70747,0.00007,0.70675,1,3,0.99867,0.04489,0.00759,-0.02400,0.07060,0.08192,0.63579,1,0
1768603710.540441,-0.89546,0.02186,0.28245,0.00056,-0.02696,-0.00262,0.57466,0.00008,0.28073,-0.00010,0.70747,0.00007,0.70675,1,3,0.99867,0.04489,0.00759,-0.02400,0.07060,0.08192,0.63579,1,0
1768603710.542375,-0.80429,0.02881,0.28354,0.00063,-0.02520,-0.00348,0.57466,0.00008,0.28073,-0.00010,0.70747,0.00007,0.70675,1,3,0.99867,0.04489,0.00759,-0.02400,0.07060,0.08192,0.63579,1,0
1768603710.544372,-0.79638,0.03122,0.27176,0.00077,-0.02338,-0.00362,0.57470,0.00008,0.28073,-0.00010,0.70747,0.00007,0.70675,1,3,0.99867,0.04489,0.00759,-0.02400,0.07060,0.08192,0.63579,1,0
1768603710.546381,-0.85700,0.02331,0.26499,0.00126,-0.02477,-0.00173,0.57470,0.00008,0.28073,-0.00010,0.70747,0.00007,0.70675,1,3,0.99867,0.04489,0.00759,-0.02400,0.07060,0.08192,0.63579,1,0
1768603710.548387,-0.87250,-0.00153,0.27974,0.00127,-0.02547,-0.00119,0.57474,0.00008,0.28073,-0.00010,0.70747,0.00007,0.70675,1,3,0.99867,0.04489,0.00759,-0.02400,0.07060,0.08192,0.63579,1,0
1768603710.550349,-0.87318,0.00725,0.29977,0.00072,-0.02544,-0.00170,0.57474,0.00008,0.28073,-0.00010,0.70747,0.00007,0.70675,1,3,0.99867,0.04489,0.00759,-0.02400,0.07060,0.08192,0.63579,1,0
1768603710.552353,-0.87306,0.02597,0.29483,0.00044,-0.02681,-0.00269,0.57478,0.00008,0.28073,-0.00010,0.70747,0.00007,0.70675,1,3,0.99867,0.04489,0.00759,-0.02400,0.07060,0.08192,0.63579,1,0
1768603710.554348,-0.91154,0.05501,0.32657,0.00132,-0.02686,-0.00355,0.57478,0.00008,0.28073,-0.00010,0.70747,0.00007,0.70675,1,3,0.99867,0.04489,0.00759,-0.02400,0.07060,0.08192,0.63579,1,0
1768603710.556386,-0.87264,0.03822,0.28192,0.00097,-0.02675,-0.00243,0.57478,0.00008,0.28073,-0.00010,0.70747,0.00007,0.70675,1,3,0.99867,0.04489,0.00759,-0.02400,0.07060,0.08192,0.63579,1,0
1768603710.558371,-0.85785,0.00184,0.29639,0.00141,-0.02505,-0.00035,0.57482,0.00008,0.28073,-0.00010,0.70746,0.00007,0.70675,1,3,0.99867,0.04489,0.00759,-0.02400,0.07060,0.08192,0.63579,1,0
1768603710.560400,-0.86433,0.01455,0.26555,0.00167,-0.02455,-0.00225,0.57482,0.00008,0.28073,-0.00010,0.70746,0.00007,0.70675,1,3,0.99867,0.04489,0.00759,-0.02400,0.07060,0.08192,0.63579,1,0
1768603710.562375,-0.90324,0.00353,0.29903,0.00057,-0.02524,-0.00381,0.57486,0.00008,0.28073,-0.00010,0.70746,0.00007,0.70675,1,3,0.99867,0.04489,0.00759,-0.02400,0.07060,0.08192,0.63579,1,0
1768603710.564391,-0.87293,0.02501,0.30601,0.00098,-0.02580,-0.00420,0.57486,0.00008,0.28073,-0.00010,0.70746,0.00007,0.70675,1,3,0.99867,0.04489,0.00759,-0.02400,0.07060,0.08192,0.63579,1,0
1768603710.566515,-0.87224,0.02104,0.28335,0.00139,-0.02630,-0.00374,0.57490,0.00008,0.28073,-0.00010,0.70746,0.00007,0.70675,1,3,0.99867,0.04575,0.00650,-0.02285,0.07078,0.08184,0.63559,1,0
1768603710.568528,-0.87295,0.02021,0.30864,0.00112,-0.02533,-0.00414,0.57490,0.00008,0.28073,-0.00010,0.70746,0.00007,0.70675,1,3,0.99867,0.04575,0.00650,-0.02285,0.07078,0.08184,0.63559,1,0
1768603710.570409,-0.84169,0.02515,0.27095,0.00115,-0.02601,-0.00354,0.57494,0.00008,0.28073,-0.00010,0.70747,0.00007,0.70675,1,3,0.99867,0.04575,0.00650,-0.02285,0.07078,0.08184,0.63559,1,0
1768603710.572412,-0.81920,0.02305,0.27625,0.00103,-0.02398,-0.00314,0.57494,0.00008,0.28073,-0.00010,0.70747,0.00007,0.70675,1,3,0.99867,0.04575,0.00650,-0.02285,0.07078,0.08184,0.63559,1,0
1768603710.574404,-0.85040,0.03197,0.30027,0.00071,-0.02456,-0.00276,0.57498,0.00008,0.28073,-0.00010,0.70747,0.00007,0.70674,1,3,0.99867,0.04575,0.00650,-0.02285,0.07078,0.08184,0.63559,1,0
1768603710.576445,-0.89541,0.03802,0.27713,0.00068,-0.02637,-0.00243,0.57502,0.00008,0.28073,-0.00010,0.70747,0.00007,0.70674,1,3,0.99867,0.04575,0.00650,-0.02285,0.07078,0.08184,0.63559,1,0
1768603710.578423,-0.88809,0.03308,0.29421,0.00122,-0.02616,-0.00212,0.57502,0.00008,0.28073,-0.00010,0.70747,0.00007,0.70674,1,3,0.99867,0.04575,0.00650,-0.02285,0.07078,0.08184,0.63559,1,0
1768603710.580438,-0.89547,0.01963,0.28229,0.00096,-0.02522,-0.00183,0.57502,0.00008,0.28073,-0.00010,0.70747,0.00007,0.70674,1,3,0.99867,0.04575,0.00650,-0.02285,0.07078,0.08184,0.63559,1,0
1768603710.582377,-0.91902,0.02633,0.31425,0.00067,-0.02745,-0.00270,0.57502,0.00008,0.28073,-0.00010,0.70747,0.00007,0.70674,1,3,0.99867,0.04575,0.00650,-0.02285,0.07078,0.08184,0.63559,1,0
1768603710.584885,-0.90309,-0.00791,0.28457,0.00072,-0.02716,-0.00137,0.57510,0.00008,0.28073,-0.00010,0.70747,0.00007,0.70674,1,3,0.99867,0.04575,0.00650,-0.02285,0.07078,0.08184,0.63559,1,0
1768603710.586454,-0.88065,0.02498,0.30526,0.00097,-0.02603,-0.00331,0.57510,0.00008,0.28073,-0.00010,0.70747,0.00007,0.70674,1,3,0.99867,0.04575,0.00650,-0.02285,0.07078,0.08184,0.63559,1,0
1768603710.588399,-0.88722,0.00551,0.25634,0.00072,-0.02335,-0.00215,0.57514,0.00008,0.28073,-0.00010,0.70747,0.00007,0.70675,1,3,0.99867,0.04575,0.00650,-0.02285,0.07078,0.08184,0.63559,1,0
1768603710.590395,-0.84242,0.01499,0.29037,0.00101,-0.02468,-0.00229,0.57514,0.00008,0.28073,-0.00010,0.70747,0.00007,0.70675,1,3,0.99867,0.04575,0.00650,-0.02285,0.07078,0.08184,0.63559,1,0
1768603710.592397,-0.86560,0.02424,0.29481,0.00044,-0.02528,-0.00203,0.57518,0.00008,0.28073,-0.00010,0.70747,0.00007,0.70675,1,3,0.99867,0.04575,0.00650,-0.02285,0.07078,0.08184,0.63559,1,0
1768603710.594393,-0.90305,0.02168,0.28752,0.00083,-0.02690,-0.00287,0.57518,0.00008,0.28073,-0.00010,0.70747,0.00007,0.70675,1,3,0.99867,0.04575,0.00650,-0.02285,0.07078,0.08184,0.63559,1,0
1768603710.596394,-0.86493,0.01327,0.29335,0.00114,-0.02683,-0.00379,0.57518,0.00008,0.28073,-0.00010,0.70747,0.00007,0.70675,1,3,0.99867,0.04575,0.00650,-0.02285,0.07078,0.08184,0.63559,1,0
1768603710.598390,-0.83432,0.02400,0.27125,0.00075,-0.02469,-0.00328,0.57522,0.00008,0.28073,-0.00010,0.70747,0.00007,0.70675,1,3,0.99867,0.04575,0.00650,-0.02285,0.07078,0.08184,0.63559,1,0
1768603710.600413,-0.81176,0.02731,0.27776,0.00116,-0.02440,-0.00218,0.57522,0.00008,0.28073,-0.00010,0.70747,0.00007,0.70675,1,3,0.99867,0.04575,0.00650,-0.02285,0.07078,0.08184,0.63559,1,0
1768603710.602398,-0.88110,0.01486,0.30925,0.00084,-0.02489,-0.00129,0.57526,0.00008,0.28073,-0.00010,0.70747,0.00007,0.70674,1,3,0.99867,0.04575,0.00650,-0.02285,0.07078,0.08184,0.63559,1,0
1768603710.604389,-0.87316,0.02913,0.30712,0.00110,-0.02623,-0.00272,0.57526,0.00008,0.28073,-0.00010,0.70747,0.00007,0.70674,1,3,0.99867,0.04575,0.00650,-0.02285,0.07078,0.08184,0.63559,1,0
1768603710.606390,-0.87323,0.05495,0.30662,0.00108,-0.02667,-0.00303,0.57531,0.00008,0.28073,-0.00010,0.70747,0.00007,0.70675,1,3,0.99867,0.04575,0.00650,-0.02285,0.07078,0.08184,0.63559,1,0
1768603710.608397,-0.88803,0.03359,0.28443,0.00069,-0.02628,-0.00213,0.57531,0.00008,0.28073,-0.00010,0.70747,0.00007,0.70675,1,3,0.99867,0.04575,0.00650,-0.02285,0.07078,0.08184,0.63559,1,0
1768603710.610431,-0.87971,0.00555,0.25581,0.00073,-0.02357,-0.00152,0.57535,0.00008,0.28072,-0.00010,0.70747,0.00007,0.70674,1,3,0.99866,0.04558,0.00551,-0.02395,0.07104,0.08190,0.63622,1,0
1768603710.612442,-0.84210,-0.00971,0.28699,0.00077,-0.02473,-0.00352,0.57535,0.00008,0.28072,-0.00010,0.70747,0.00007,0.70674,1,3,0.99866,0.04558,0.00551,-0.02395,0.07104,0.08190,0.63622,1,0
1768603710.614448,-0.87313,0.01167,0.30863,0.00072,-0.02512,-0.00366,0.57539,0.00008,0.28073,-0.00010,0.70747,0.00007,0.70674,1,3,0.99866,0.04558,0.00551,-0.02395,0.07104,0.08190,0.63622,1,0
1768603710.616485,-0.88026,0.01572,0.30079,0.00152,-0.02543,-0.00356,0.57539,0.00008,0.28073,-0.00010,0.70747,0.00007,0.70674,1,3,0.99866,0.04558,0.00551,-0.02395,0.07104,0.08190,0.63622,1,0
1768603710.618433,-0.86536,0.00395,0.29823,0.00060,-0.02590,-0.00293,0.57539,0.00008,0.28073,-0.00010,0.70747,0.00007,0.70674,1,3,0.99866,0.04558,0.00551,-0.02395,0.07104,0.08190,0.63622,1,0
1768603710.620412,-0.82732,0.00784,0.29645,0.00049,-0.02527,-0.00361,0.57547,0.00008,0.28072,-0.00010,0.70747,0.00007,0.70674,1,3,0.99866,0.04558,0.00551,-0.02395,0.07104,0.08190,0.63622,1,0
1768603710.622436,-0.80473,0.02049,0.30883,0.00077,-0.02533,-0.00415,0.57547,0.00008,0.28072,-0.00010,0.70747,0.00007,0.70674,1,3,0.99866,0.04558,0.00551,-0.02395,0.07104,0.08190,0.63622,1,0
1768603710.624429,-0.86529,0.02018,0.29802,0.00099,-0.02546,-0.00312,0.57550,0.00008,0.28072,-0.00010,0.70747,0.00007,0.70674,1,3,0.99866,0.04558,0.00551,-0.02395,0.07104,0.08190,0.63622,1,0
1768603710.626434,-0.87202,0.02830,0.26704,0.00179,-0.02584,-0.00191,0.57550,0.00008,0.28072,-0.00010,0.70747,0.00007,0.70674,1,3,0.99866,0.04558,0.00551,-0.02395,0.07104,0.08190,0.63622,1,0
1768603710.628501,-0.84992,0.02311,0.28011,0.00086,-0.02437,-0.00187,0.57554,0.00008,0.28072,-0.00010,0.70748,0.00007,0.70674,1,3,0.99866,0.04558,0.00551,-0.02395,0.07104,0.08190,0.63622,1,0
1768603710.630466,-0.88077,0.01506,0.29634,0.00004,-0.02396,-0.00320,0.57554,0.00008,0.28072,-0.00010,0.70748,0.00007,0.70674,1,3,0.99866,0.04558,0.00551,-0.02395,0.07104,0.08190,0.63622,1,0
1768603710.632421,-0.91080,0.02629,0.29494,0.00082,-0.02725,-0.00319,0.57558,0.00008,0.28072,-0.00010,0.70748,0.00007,0.70673,1,3,0.99866,0.04558,0.00551,-0.02395,0.07104,0.08190,0.63622,1,0
1768603710.634437,-0.92642,0.03193,0.31736,0.00080,-0.02851,-0.00416,0.57558,0.00008,0.28072,-0.00010,0.70748,0.00007,0.70673,1,3,0.99866,0.04558,0.00551,-0.02395,0.07104,0.08190,0.63622,1,0
1768603710.636447,-0.86442,0.01078,0.26837,0.00141,-0.02473,-0.00259,0.57562,0.00008,0.28072,-0.00010,0.70748,0.00007,0.70673,1,3,0.99866,0.04558,0.00551,-0.02395,0.07104,0.08190,0.63622,1,0
1768603710.638443,-0.83441,0.02341,0.27591,0.00101,-0.02442,-0.00289,0.57562,0.00008,0.28072,-0.00010,0.70748,0.00007,0.70673,1,3,0.99866,0.04558,0.00551,-0.02395,0.07104,0.08190,0.63622,1,0
1768603710.640446,-0.90239,0.01574,0.26061,0.00097,-0.02526,-0.00240,0.57562,0.00008,0.28072,-0.00010,0.70748,0.00007,0.70673,1,3,0.99866,0.04558,0.00551,-0.02395,0.07104,0.08190,0.63622,1,0
1768603710.642452,-0.89543,0.02194,0.28756,0.00083,-0.02712,-0.00300,0.57566,0.00008,0.28072,-0.00010,0.70748,0.00007,0.70674,1,3,0.99866,0.04558,0.00551,-0.02395,0.07104,0.08190,0.63622,1,0
1768603710.644444,-0.79717,0.02158,0.30430,0.00010,-0.02582,-0.00468,0.57566,0.00008,0.28072,-0.00010,0.70748,0.00007,0.70674,1,3,0.99866,0.04558,0.00551,-0.02395,0.07104,0.08190,0.63622,1,0
1768603710.646435,-0.81072,0.02752,0.24492,0.00090,-0.02370,-0.00406,0.57570,0.00008,0.28071,-0.00010,0.70748,0.00007,0.70673,1,3,0.99866,0.04558,0.00551,-0.02395,0.07104,0.08190,0.63622,1,0
1768603710.648435,-0.84968,0.02345,0.27535,0.00100,-0.02465,-0.00225,0.57570,0.00008,0.28071,-0.00010,0.70748,0.00007,0.70673,1,3,0.99866,0.04558,0.00551,-0.02395,0.07104,0.08190,0.63622,1,0
1768603710.650427,-0.87215,0.00257,0.27842,0.00154,-0.02505,-0.00275,0.57574,0.00008,0.28071,-0.00010,0.70748,0.00007,0.70673,1,3,0.99855,0.04757,0.01104,-0.02245,0.07136,0.08167,0.63543,1,0
1768603710.652438,-0.85808,0.03620,0.31213,0.00137,-0.02507,-0.00268,0.57574,0.00008,0.28071,-0.00010,0.70748,0.00007,0.70673,1,3,0.99855,0.04757,0.01104,-0.02245,0.07136,0.08167,0.63543,1,0
1768603710.654440,-0.84255,-0.00531,0.30375,0.00089,-0.02518,-0.00320,0.57578,0.00008,0.28072,-0.00010,0.70748,0.00007,0.70674,1,3,0.99855,0.04757,0.01104,-0.02245,0.07136,0.08167,0.63543,1,0
1768603710.656463,-0.87223,0.02993,0.26834,0.00058,-0.02626,-0.00347,0.57582,0.00008,0.28072,-0.00010,0.70748,0.00007,0.70674,1,3,0.99855,0.04757,0.01104,-0.02245,0.07136,0.08167,0.63543,1,0
1768603710.658440,-0.87210,0.01953,0.26773,0.00139,-0.02517,-0.00219,0.57582,0.00008,0.28072,-0.00010,0.70748,0.00007,0.70674,1,3,0.99855,0.04757,0.01104,-0.02245,0.07136,0.08167,0.63543,1,0
1768603710.660449,-0.86499,0.01451,0.28468,0.00153,-0.02475,-0.00151,0.57586,0.00008,0.28072,-0.00010,0.70748,0.00007,0.70674,1,3,0.99855,0.04757,0.01104,-0.02245,0.07136,0.08167,0.63543,1,0
1768603710.662442,-0.84303,0.02773,0.31233,0.00099,-0.02485,-0.00246,0.57586,0.00008,0.28072,-0.00010,0.70748,0.00007,0.70674,1,3,0.99855,0.04757,0.01104,-0.02245,0.07136,0.08167,0.63543,1,0
1768603710.664797,-0.83440,0.01514,0.28080,0.00129,-0.02480,-0.00279,0.57590,0.00008,0.28072,-0.00010,0.70748,0.00007,0.70674,1,3,0.99855,0.04757,0.01104,-0.02245,0.07136,0.08167,0.63543,1,0
1768603710.666460,-0.81109,0.00734,0.25667,0.00079,-0.02487,-0.00307,0.57590,0.00008,0.28072,-0.00010,0.70748,0.00007,0.70674,1,3,0.99855,0.04757,0.01104,-0.02245,0.07136,0.08167,0.63543,1,0
1768603710.668463,-0.84936,-0.01095,0.27133,0.00117,-0.02404,-0.00221,0.57594,0.00008,0.28072,-0.00010,0.70747,0.00007,0.70674,1,3,0.99855,0.04757,0.01104,-0.02245,0.07136,0.08167,0.63543,1,0
1768603710.670462,-0.84294,0.01897,0.30804,0.00073,-0.02425,-0.00274,0.57594,0.00008,0.28072,-0.00010,0.70747,0.00007,0.70674,1,3,0.99855,0.04757,0.01104,-0.02245,0.07136,0.08167,0.63543,1,0
1768603710.672471,-0.85006,0.03316,0.30072,0.00112,-0.02565,-0.00391,0.57598,0.00008,0.28072,-0.00010,0.70747,0.00007,0.70674,1,3,0.99855,0.04757,0.01104,-0.02245,0.07136,0.08167,0.63543,1,0
1768603710.674463,-0.86521,0.02433,0.28996,0.00098,-0.02556,-0.00240,0.57598,0.00008,0.28072,-0.00010,0.70747,0.00007,0.70674,1,3,0.99855,0.04757,0.01104,-0.02245,0.07136,0.08167,0.63543,1,0
1768603710.676472,-0.84948,0.01661,0.28077,0.00128,-0.02611,-0.00331,0.57602,0.00008,0.28072,-0.00010,0.70747,0.00007,0.70674,1,3,0.99855,0.04757,0.01104,-0.02245,0.07136,0.08167,0.63543,1,0
1768603710.678453,-0.88812,0.01629,0.30116,0.00071,-0.02543,-0.00384,0.57602,0.00008,0.28072,-0.00010,0.70747,0.00007,0.70674,1,3,0.99855,0.04757,0.01104,-0.02245,0.07136,0.08167,0.63543,1,0
1768603710.680467,-0.90327,0.02197,0.30317,0.00083,-0.02693,-0.00403,0.57602,0.00008,0.28072,-0.00010,0.70747,0.00007,0.70674,1,3,0.99855,0.04757,0.01104,-0.02245,0.07136,0.08167,0.63543,1,0
1768603710.682467,-0.93388,0.02171,0.30182,0.00080,-0.02717,-0.00238,0.57606,0.00008,0.28072,-0.00010,0.70747,0.00007,0.70674,1,3,0.99855,0.04757,0.01104,-0.02245,0.07136,0.08167,0.63543,1,0
1768603710.684458,-0.87902,0.00482,0.25372,0.00141,-0.02688,-0.00340,0.57606,0.00008,0.28072,-0.00010,0.70747,0.00007,0.70674,1,3,0.99853,0.04764,0.00686,-0.02501,0.07160,0.08174,0.63599,1,0
1768603710.686484,-0.82581,0.01609,0.24241,0.00077,-0.02483,-0.00405,0.57610,0.00008,0.28072,-0.00010,0.70747,0.00007,0.70674,1,3,0.99853,0.04764,0.00686,-0.02501,0.07160,0.08174,0.63599,1,0
1768603710.688479,-0.84915,0.03936,0.25226,0.00045,-0.02274,-0.00396,0.57610,0.00008,0.28072,-0.00010,0.70747,0.00007,0.70674,1,3,0.99853,0.04764,0.00686,-0.02501,0.07160,0.08174,0.63599,1,0
1768603710.690455,-0.88761,0.03914,0.28128,0.00122,-0.02326,-0.00371,0.57610,0.00008,0.28072,-0.00010,0.70747,0.00007,0.70674,1,3,0.99853,0.04764,0.00686,-0.02501,0.07160,0.08174,0.63599,1,0
1768603710.692576,-0.85776,0.00813,0.29589,0.00047,-0.02571,-0.00311,0.57614,0.00008,0.28072,-0.00010,0.70747,0.00007,0.70674,1,3,0.99853,0.04764,0.00686,-0.02501,0.07160,0.08174,0.63599,1,0
1768603710.694528,-0.86527,-0.00063,0.30143,0.00074,-0.02542,-0.00363,0.57618,0.00008,0.28073,-0.00010,0.70747,0.00007,0.70675,1,3,0.99853,0.04764,0.00686,-0.02501,0.07160,0.08174,0.63599,1,0
1768603710.696505,-0.81938,0.02920,0.27902,0.00035,-0.02526,-0.00399,0.57622,0.00008,0.28072,-0.00010,0.70747,0.00007,0.70675,1,3,0.99853,0.04764,0.00686,-0.02501,0.07160,0.08174,0.63599,1,0
1768603710.698478,-0.80451,0.01939,0.29855,0.00104,-0.02458,-0.00337,0.57622,0.00008,0.28072,-0.00010,0.70747,0.00007,0.70675,1,3,0.99853,0.04764,0.00686,-0.02501,0.07160,0.08174,0.63599,1,0
1768603710.700493,-0.85802,0.02816,0.29736,0.00058,-0.02503,-0.00221,0.57626,0.00008,0.28073,-0.00010,0.70747,0.00007,0.70675,1,3,0.99853,0.04764,0.00686,-0.02501,0.07160,0.08174,0.63599,1,0
1768603710.702485,-0.85002,0.01979,0.29756,0.00140,-0.02547,-0.00260,0.57626,0.00008,0.28073,-0.00010,0.70747,0.00007,0.70675,1,3,0.99853,0.04764,0.00686,-0.02501,0.07160,0.08174,0.63599,1,0
1768603710.704480,-0.84996,0.01594,0.29029,0.00100,-0.02556,-0.00255,0.57631,0.00008,0.28073,-0.00010,0.70747,0.00007,0.70675,1,3,0.99853,0.04764,0.00686,-0.02501,0.07160,0.08174,0.63599,1,0
1768603710.706487,-0.85700,0.00268,0.27317,0.00128,-0.02511,-0.00225,0.57631,0.00008,0.28073,-0.00010,0.70747,0.00007,0.70675,1,3,0.99853,0.04764,0.00686,-0.02501,0.07160,0.08174,0.63599,1,0
1768603710.708495,-0.81130,0.00888,0.26683,0.00052,-0.02606,-0.00386,0.57635,0.00008,0.28072,-0.00010,0.70747,0.00007,0.70675,1,3,0.99853,0.04764,0.00686,-0.02501,0.07160,0.08174,0.63599,1,0
1768603710.710485,-0.83453,0.01085,0.27863,0.00075,-0.02439,-0.00274,0.57635,0.00008,0.28072,-0.00010,0.70747,0.00007,0.70675,1,3,0.99853,0.04764,0.00686,-0.02501,0.07160,0.08174,0.63599,1,0
1768603710.712498,-0.87306,0.01645,0.30521,0.00098,-0.02603,-0.00295,0.57635,0.00008,0.28072,-0.00010,0.70747,0.00007,0.70675,1,3,0.99853,0.04764,0.00686,-0.02501,0.07160,0.08174,0.63599,1,0
1768603710.714474,-0.90302,0.02612,0.29013,0.00096,-0.02709,-0.00331,0.57639,0.00008,0.28073,-0.00010,0.70746,0.00007,0.70675,1,3,0.99853,0.04764,0.00686,-0.02501,0.07160,0.08174,0.63599,1,0
1768603710.716476,-0.88102,0.03388,0.31498,0.00069,-0.02635,-0.00343,0.57639,0.00008,0.28073,-0.00010,0.70746,0.00007,0.70675,1,3,0.99853,0.04764,0.00686,-0.02501,0.07160,0.08174,0.63599,1,0
1768603710.718482,-0.82718,0.01941,0.29433,0.00075,-0.02420,-0.00413,0.57643,0.00008,0.28073,-0.00010,0.70746,0.00007,0.70675,1,3,0.99853,0.04764,0.00686,-0.02501,0.07160,0.08174,0.63599,1,0
1768603710.720478,-0.77288,0.01834,0.24938,0.00121,-0.02343,-0.00306,0.57643,0.00008,0.28073,-0.00010,0.70746,0.00007,0.70675,1,3,0.99853,0.04764,0.00686,-0.02501,0.07160,0.08174,0.63599,1,0
1768603710.722492,-0.83386,0.01888,0.25871,0.00129,-0.02419,-0.00282,0.57647,0.00008,0.28072,-0.00010,0.70747,0.00007,0.70675,1,3,0.99853,0.04764,0.00686,-0.02501,0.07160,0.08174,0.63599,1,0
1768603710.724480,-0.84179,0.02785,0.26861,0.00101,-0.02451,-0.00319,0.57647,0.00008,0.28072,-0.00010,0.70747,0.00007,0.70675,1,3,0.99853,0.04901,0.00707,-0.02219,0.07179,0.08169,0.63595,1,0
1768603710.726550,-0.86468,0.00761,0.26605,0.00047,-0.02520,-0.00257,0.57647,0.00008,0.28072,-0.00010,0.70747,0.00007,0.70675,1,3,0.99853,0.04901,0.00707,-0.02219,0.07179,0.08169,0.63595,1,0
1768603710.728509,-0.93309,0.01750,0.27986,0.00121,-0.02721,-0.00268,0.57651,0.00008,0.28073,-0.00010,0.70747,0.00007,0.70675,1,3,0.99853,0.04901,0.00707,-0.02219,0.07179,0.08169,0.63595,1,0
1768603710.730928,-0.88823,0.00380,0.30273,0.00085,-0.02606,-0.00254,0.57651,0.00008,0.28073,-0.00010,0.70747,0.00007,0.70675,1,3,0.99853,0.04901,0.00707,-0.02219,0.07179,0.08169,0.63595,1,0
1768603710.732527,-0.84201,0.01532,0.28063,0.00128,-0.02502,-0.00266,0.57655,0.00008,0.28073,-0.00010,0.70746,0.00007,0.70675,1,3,0.99853,0.04901,0.00707,-0.02219,0.07179,0.08169,0.63595,1,0
1768603710.734505,-0.80330,0.00388,0.25887,0.00133,-0.02594,-0.00314,0.57659,0.00008,0.28073,-0.00010,0.70746,0.00007,0.70675,1,3,0.99853,0.04901,0.00707,-0.02219,0.07179,0.08169,0.63595,1,0
1768603710.736517,-0.84165,0.02840,0.26315,0.00114,-0.02523,-0.00281,0.57663,0.00008,0.28073,-0.00010,0.70746,0.00007,0.70675,1,3,0.99853,0.04901,0.00707,-0.02219,0.07179,0.08169,0.63595,1,0
1768603710.738507,-0.86517,0.00197,0.28820,0.00087,-0.02427,-0.00213,0.57663,0.00008,0.28073,-0.00010,0.70746,0.00007,0.70675,1,3,0.99853,0.04901,0.00707,-0.02219,0.07179,0.08169,0.63595,1,0
1768603710.740532,-0.81195,0.02413,0.29566,0.00130,-0.02527,-0.00329,0.57668,0.00008,0.28073,-0.00010,0.70746,0.00007,0.70675,1,3,0.99853,0.04901,0.00707,-0.02219,0.07179,0.08169,0.63595,1,0
1768603710.742511,-0.83399,0.02474,0.27183,0.00115,-0.02534,-0.00442,0.57668,0.00008,0.28073,-0.00010,0.70746,0.00007,0.70675,1,3,0.99853,0.04901,0.00707,-0.02219,0.07179,0.08169,0.63595,1,0
1768603710.744545,-0.77324,0.03951,0.25694,0.00078,-0.02312,-0.00371,0.57672,0.00008,0.28073,-0.00010,0.70746,0.00007,0.70676,1,3,0.99853,0.04901,0.00707,-0.02219,0.07179,0.08169,0.63595,1,0
1768603710.746498,-0.76620,0.01335,0.27083,0.00080,-0.02295,-0.00163,0.57672,0.00008,0.28073,-0.00010,0.70746,0.00007,0.70676,1,3,0.99853,0.04901,0.00707,-0.02219,0.07179,0.08169,0.63595,1,0
1768603710.748502,-0.83463,-0.00084,0.28110,0.00050,-0.02523,-0.00261,0.57676,0.00008,0.28074,-0.00010,0.70746,0.00007,0.70676,1,3,0.99853,0.04901,0.00707,-0.02219,0.07179,0.08169,0.63595,1,0
1768603710.750501,-0.84368,0.03411,0.33912,0.00085,-0.02693,-0.00294,0.57676,0.00008,0.28074,-0.00010,0.70746,0.00007,0.70676,1,3,0.99853,0.04901,0.00707,-0.02219,0.07179,0.08169,0.63595,1,0
1768603710.752531,-0.81989,0.02954,0.30269,0.00088,-0.02628,-0.00324,0.57680,0.00008,0.28074,-0.00010,0.70746,0.00007,0.70676,1,3,0.99853,0.04901,0.00707,-0.02219,0.07179,0.08169,0.63595,1,0
1768603710.754512,-0.80414,0.00276,0.27848,0.00079,-0.02483,-0.00239,0.57680,0.00008,0.28074,-0.00010,0.70746,0.00007,0.70676,1,3,0.99853,0.04901,0.00707,-0.02219,0.07179,0.08169,0.63595,1,0
1768603710.756527,-0.84165,0.01906,0.26352,0.00115,-0.02435,-0.00270,0.57680,0.00008,0.28074,-0.00010,0.70746,0.00007,0.70676,1,3,0.99853,0.04901,0.00707,-0.02219,0.07179,0.08169,0.63595,1,0
1768603710.758512,-0.86411,0.00109,0.24380,0.00088,-0.02328,-0.00170,0.57680,0.00008,0.28074,-0.00010,0.70746,0.00007,0.70676,1,3,0.99853,0.04901,0.00707,-0.02219,0.07179,0.08169,0.63595,1,0
1768603710.760631,-0.86436,0.00791,0.26675,0.00088,-0.02541,-0.00371,0.57684,0.00008,0.28073,-0.00010,0.70746,0.00007,0.70676,1,3,0.99851,0.04924,0.00689,-0.02246,0.07194,0.08161,0.63567,1,0
1768603710.762517,-0.85732,0.02018,0.27822,0.00073,-0.02527,-0.00285,0.57684,0.00008,0.28073,-0.00010,0.70746,0.00007,0.70676,1,3,0.99851,0.04924,0.00689,-0.02246,0.07194,0.08161,0.63567,1,0
1768603710.764530,-0.86514,0.01256,0.28859,0.00046,-0.02580,-0.00341,0.57688,0.00008,0.28074,-0.00010,0.70746,0.00007,0.70676,1,3,0.99851,0.04924,0.00689,-0.02246,0.07194,0.08161,0.63567,1,0
1768603710.766565,-0.83451,-0.00134,0.28589,0.00117,-0.02517,-0.00260,0.57688,0.00008,0.28074,-0.00010,0.70746,0.00007,0.70676,1,3,0.99851,0.04924,0.00689,-0.02246,0.07194,0.08161,0.63567,1,0
1768603710.768567,-0.89590,0.03080,0.30772,0.00069,-0.02731,-0.00389,0.57692,0.00008,0.28073,-0.00010,0.70746,0.00007,0.70676,1,3,0.99851,0.04924,0.00689,-0.02246,0.07194,0.08161,0.63567,1,0
1768603710.770555,-0.82635,0.02054,0.26847,0.00143,-0.02582,-0.00335,0.57692,0.00008,0.28073,-0.00010,0.70746,0.00007,0.70676,1,3,0.99851,0.04924,0.00689,-0.02246,0.07194,0.08161,0.63567,1,0
1768603710.772570,-0.81911,0.01573,0.27123,0.00077,-0.02491,-0.00305,0.57692,0.00008,0.28073,-0.00010,0.70746,0.00007,0.70676,1,3,0.99851,0.04924,0.00689,-0.02246,0.07194,0.08161,0.63567,1,0
1768603710.774518,-0.83320,-0.03025,0.24082,0.00068,-0.02485,-0.00374,0.57700,0.00008,0.28073,-0.00010,0.70746,0.00007,0.70676,1,3,0.99851,0.04924,0.00689,-0.02246,0.07194,0.08161,0.63567,1,0
1768603710.776525,-0.90221,0.02900,0.25913,0.00083,-0.02528,-0.00408,0.57700,0.00008,0.28073,-0.00010,0.70746,0.00007,0.70676,1,3,0.99851,0.04924,0.00689,-0.02246,0.07194,0.08161,0.63567,1,0
1768603710.778597,-0.90981,0.02918,0.25896,0.00082,-0.02550,-0.00396,0.57704,0.00008,0.28073,-0.00010,0.70746,0.00007,0.70675,1,3,0.99851,0.04924,0.00689,-0.02246,0.07194,0.08161,0.63567,1,0
1768603710.780548,-0.83378,0.00720,0.25620,0.00117,-0.02510,-0.00267,0.57704,0.00008,0.28073,-0.00010,0.70746,0.00007,0.70675,1,3,0.99851,0.04924,0.00689,-0.02246,0.07194,0.08161,0.63567,1,0
1768603710.782579,-0.84948,-0.00528,0.27968,0.00076,-0.02481,-0.00382,0.57708,0.00008,0.28074,-0.00010,0.70745,0.00007,0.70676,1,3,0.99851,0.04924,0.00689,-0.02246,0.07194,0.08161,0.63567,1,0
1768603710.784565,-0.85766,0.02736,0.29277,0.00112,-0.02443,-0.00257,0.57708,0.00008,0.28074,-0.00010,0.70745,0.00007,0.70676,1,3,0.99851,0.04924,0.00689,-0.02246,0.07194,0.08161,0.63567,1,0
1768603710.786540,-0.88004,0.01606,0.28977,0.00179,-0.02622,-0.00241,0.57712,0.00008,0.28073,-0.00010,0.70746,0.00007,0.70676,1,3,0.99851,0.04924,0.00689,-0.02246,0.07194,0.08161,0.63567,1,0
1768603710.788543,-0.86505,0.02069,0.28326,0.00059,-0.02564,-0.00312,0.57712,0.00008,0.28073,-0.00010,0.70746,0.00007,0.70676,1,3,0.99851,0.04924,0.00689,-0.02246,0.07194,0.08161,0.63567,1,0
1768603710.790545,-0.82676,0.02829,0.26856,0.00061,-0.02473,-0.00307,0.57716,0.00008,0.28074,-0.00010,0.70745,0.00007,0.70676,1,3,0.99851,0.04924,0.00689,-0.02246,0.07194,0.08161,0.63567,1,0
1768603710.792566,-0.84174,0.03128,0.25080,0.00046,-0.02363,-0.00208,0.57716,0.00008,0.28074,-0.00010,0.70745,0.00007,0.70676,1,3,0.99851,0.04924,0.00689,-0.02246,0.07194,0.08161,0.63567,1,0
1768603710.794540,-0.81149,0.01100,0.26915,0.00064,-0.02428,-0.00312,0.57716,0.00008,0.28074,-0.00010,0.70745,0.00007,0.70676,1,3,0.99851,0.04924,0.00689,-0.02246,0.07194,0.08161,0.63567,1,0
1768603710.796546,-0.79640,0.00741,0.27183,0.00039,-0.02469,-0.00334,0.57720,0.00008,0.28074,-0.00010,0.70745,0.00007,0.70676,1,3,0.99851,0.04924,0.00689,-0.02246,0.07194,0.08161,0.63567,1,0
1768603710.798541,-0.80437,0.03177,0.29107,0.00103,-0.02423,-0.00351,0.57720,0.00008,0.28074,-0.00010,0.70745,0.00007,0.70676,1,3,0.99851,0.04924,0.00689,-0.02246,0.07194,0.08161,0.63567,1,0
1768603710.800553,-0.81225,0.01847,0.29806,0.00103,-0.02393,-0.00247,0.57724,0.00008,0.28074,-0.00010,0.70745,0.00007,0.70676,1,3,0.99851,0.04924,0.00689,-0.02246,0.07194,0.08161,0.63567,1,0
1768603710.802555,-0.85770,0.02001,0.29193,0.00113,-0.02576,-0.00171,0.57724,0.00008,0.28074,-0.00010,0.70745,0.00007,0.70676,1,3,0.99842,0.04927,0.00947,-0.02512,0.07213,0.08155,0.63559,1,0
1768603710.804553,-0.85013,0.02402,0.28563,0.00032,-0.02474,-0.00266,0.57728,0.00008,0.28074,-0.00010,0.70745,0.00007,0.70677,1,3,0.99842,0.04927,0.00947,-0.02512,0.07213,0.08155,0.63559,1,0
1768603710.806546,-0.81191,0.02855,0.28350,0.00062,-0.02498,-0.00334,0.57728,0.00008,0.28074,-0.00010,0.70745,0.00007,0.70677,1,3,0.99842,0.04927,0.00947,-0.02512,0.07213,0.08155,0.63559,1,0
1768603710.808566,-0.86512,0.02055,0.28780,0.00086,-0.02581,-0.00274,0.57732,0.00008,0.28075,-0.00010,0.70745,0.00007,0.70677,1,3,0.99842,0.04927,0.00947,-0.02512,0.07213,0.08155,0.63559,1,0
1768603710.810661,-0.87255,0.00038,0.27967,0.00087,-0.02700,-0.00160,0.57732,0.00008,0.28075,-0.00010,0.70745,0.00007,0.70677,1,3,0.99842,0.04927,0.00947,-0.02512,0.07213,0.08155,0.63559,1,0
1768603710.812569,-0.82662,0.00625,0.28100,0.00171,-0.02458,-0.00280,0.57736,0.00008,0.28075,-0.00010,0.70744,0.00007,0.70677,1,3,0.99842,0.04927,0.00947,-0.02512,0.07213,0.08155,0.63559,1,0
1768603710.814559,-0.79650,-0.00535,0.26979,-0.00014,-0.02428,-0.00319,0.57740,0.00008,0.28075,-0.00010,0.70745,0.00007,0.70677,1,3,0.99842,0.04927,0.00947,-0.02512,0.07213,0.08155,0.63559,1,0
1768603710.816555,-0.79624,0.04504,0.26354,0.00076,-0.02457,-0.00340,0.57740,0.00008,0.28075,-0.00010,0.70745,0.00007,0.70677,1,3,0.99842,0.04927,0.00947,-0.02512,0.07213,0.08155,0.63559,1,0
1768603710.818554,-0.82709,0.01191,0.27829,0.00036,-0.02527,-0.00251,0.57744,0.00008,0.28074,-0.00010,0.70745,0.00007,0.70676,1,3,0.99842,0.04927,0.00947,-0.02512,0.07213,0.08155,0.63559,1,0
1768603710.820557,-0.88786,0.03571,0.27679,0.00109,-0.02463,-0.00138,0.57744,0.00008,0.28074,-0.00010,0.70745,0.00007,0.70676,1,3,0.99842,0.04927,0.00947,-0.02512,0.07213,0.08155,0.63559,1,0
1768603710.822556,-0.81188,-0.00153,0.28615,0.00078,-0.02474,-0.00260,0.57748,0.00008,0.28075,-0.00010,0.70745,0.00007,0.70676,1,3,0.99842,0.04927,0.00947,-0.02512,0.07213,0.08155,0.63559,1,0
1768603710.824560,-0.81950,0.02320,0.29644,0.00129,-0.02417,-0.00391,0.57748,0.00008,0.28075,-0.00010,0.70745,0.00007,0.70676,1,3,0.99842,0.04927,0.00947,-0.02512,0.07213,0.08155,0.63559,1,0
1768603710.826600,-0.82714,0.04493,0.30340,0.00167,-0.02496,-0.00443,0.57752,0.00008,0.28074,-0.00010,0.70745,0.00007,0.70676,1,3,0.99842,0.04927,0.00947,-0.02512,0.07213,0.08155,0.63559,1,0
1768603710.828561,-0.84192,0.01155,0.27847,0.00115,-0.02526,-0.00300,0.57752,0.00008,0.28074,-0.00010,0.70745,0.00007,0.70676,1,3,0.99842,0.04927,0.00947,-0.02512,0.07213,0.08155,0.63559,1,0
1768603710.830572,-0.86431,0.00272,0.25281,0.00101,-0.02514,-0.00135,0.57752,0.00008,0.28074,-0.00010,0.70745,0.00007,0.70676,1,3,0.99842,0.04927,0.00947,-0.02512,0.07213,0.08155,0.63559,1,0
1768603710.832556,-0.86480,0.00678,0.27560,0.00100,-0.02486,-0.00218,0.57756,0.00008,0.28074,-0.00010,0.70745,0.00007,0.70677,1,3,0.99842,0.04927,0.00947,-0.02512,0.07213,0.08155,0.63559,1,0
1768603710.834559,-0.87295,0.01132,0.30263,0.00126,-0.02541,-0.00250,0.57756,0.00008,0.28074,-0.00010,0.70745,0.00007,0.70677,1,3,0.99842,0.04927,0.00947,-0.02512,0.07213,0.08155,0.63559,1,0
1768603710.836580,-0.85027,0.05052,0.30533,0.00097,-0.02603,-0.00413,0.57760,0.00008,0.28074,-0.00010,0.70745,0.00007,0.70676,1,3,0.99842,0.04927,0.00947,-0.02512,0.07213,0.08155,0.63559,1,0
1768603710.838589,-0.81199,0.03650,0.29316,0.00115,-0.02486,-0.00344,0.57760,0.00008,0.28074,-0.00010,0.70745,0.00007,0.70676,1,3,0.99842,0.04927,0.00947,-0.02512,0.07213,0.08155,0.63559,1,0
1768603710.840580,-0.77359,0.03460,0.26363,0.00078,-0.02282,-0.00251,0.57764,0.00008,0.28074,-0.00010,0.70745,0.00007,0.70677,1,3,0.99842,0.04927,0.00947,-0.02512,0.07213,0.08155,0.63559,1,0
1768603710.842583,-0.84963,0.00670,0.26559,0.00048,-0.02455,-0.00167,0.57764,0.00008,0.28074,-0.00010,0.70745,0.00007,0.70677,1,3,0.99842,0.04927,0.00947,-0.02512,0.07213,0.08155,0.63559,1,0
1768603710.844600,-0.81968,0.03299,0.29466,0.00128,-0.02594,-0.00251,0.57768,0.00008,0.28075,-0.00010,0.70744,0.00007,0.70677,1,3,0.99839,0.05074,0.00876,-0.02400,0.07254,0.08149,0.63575,1,0
1768603710.846580,-0.80387,0.02496,0.26631,0.00050,-0.02541,-0.00342,0.57768,0.00008,0.28075,-0.00010,0.70744,0.00007,0.70677,1,3,0.99839,0.05074,0.00876,-0.02400,0.07254,0.08149,0.63575,1,0
1768603710.848582,-0.79649,0.01600,0.28612,0.00119,-0.02539,-0.00344,0.57773,0.00008,0.28075,-0.00010,0.70745,0.00007,0.70677,1,3,0.99839,0.05074,0.00876,-0.02400,0.07254,0.08149,0.63575,1,0
1768603710.850587,-0.78014,0.02762,0.22899,0.00093,-0.02411,-0.00265,0.57773,0.00008,0.28075,-0.00010,0.70745,0.00007,0.70677,1,3,0.99839,0.05074,0.00876,-0.02400,0.07254,0.08149,0.63575,1,0
1768603710.852606,-0.81188,0.02166,0.27518,0.00102,-0.02312,-0.00135,0.57777,0.00008,0.28075,-0.00010,0.70745,0.00007,0.70677,1,3,0.99839,0.05074,0.00876,-0.02400,0.07254,0.08149,0.63575,1,0
1768603710.854587,-0.88857,0.00999,0.31162,0.00137,-0.02464,-0.00110,0.57781,0.00008,0.28074,-0.00010,0.70745,0.00007,0.70677,1,3,0.99839,0.05074,0.00876,-0.02400,0.07254,0.08149,0.63575,1,0
1768603710.856731,-0.88843,0.04286,0.30367,0.00095,-0.02736,-0.00225,0.57781,0.00008,0.28074,-0.00010,0.70745,0.00007,0.70677,1,3,0.99839,0.05074,0.00876,-0.02400,0.07254,0.08149,0.63575,1,0
1768603710.858603,-0.88118,0.05476,0.32166,0.00107,-0.02648,-0.00330,0.57785,0.00008,0.28075,-0.00010,0.70744,0.00007,0.70677,1,3,0.99839,0.05074,0.00876,-0.02400,0.07254,0.08149,0.63575,1,0
1768603710.860594,-0.87255,0.02510,0.28014,0.00085,-0.02612,-0.00266,0.57785,0.00008,0.28075,-0.00010,0.70744,0.00007,0.70677,1,3,0.99839,0.05074,0.00876,-0.02400,0.07254,0.08149,0.63575,1,0
1768603710.862604,-0.80410,0.01636,0.27595,0.00064,-0.02551,-0.00294,0.57789,0.00008,0.28075,-0.00010,0.70744,0.00007,0.70677,1,3,0.99839,0.05074,0.00876,-0.02400,0.07254,0.08149,0.63575,1,0
1768603710.864601,-0.78854,-0.00296,0.25721,0.00040,-0.02290,-0.00257,0.57789,0.00008,0.28075,-0.00010,0.70744,0.00007,0.70677,1,3,0.99839,0.05074,0.00876,-0.02400,0.07254,0.08149,0.63575,1,0
1768603710.866601,-0.86508,0.01509,0.28500,0.00113,-0.02497,-0.00190,0.57793,0.00008,0.28075,-0.00010,0.70744,0.00007,0.70677,1,3,0.99839,0.05074,0.00876,-0.02400,0.07254,0.08149,0.63575,1,0
1768603710.868619,-0.82718,0.02921,0.28757,0.00088,-0.02603,-0.00272,0.57793,0.00008,0.28075,-0.00010,0.70744,0.00007,0.70677,1,3,0.99839,0.05074,0.00876,-0.02400,0.07254,0.08149,0.63575,1,0
1768603710.870595,-0.75907,0.01511,0.29645,0.00054,-0.02417,-0.00333,0.57793,0.00008,0.28075,-0.00010,0.70744,0.00007,0.70677,1,3,0.99839,0.05074,0.00876,-0.02400,0.07254,0.08149,0.63575,1,0
1768603710.872591,-0.78121,0.03951,0.27674,0.00104,-0.02331,-0.00398,0.57797,0.00008,0.28075,-0.00010,0.70744,0.00007,0.70677,1,3,0.99839,0.05074,0.00876,-0.02400,0.07254,0.08149,0.63575,1,0
1768603710.874591,-0.84225,0.01580,0.28002,0.00088,-0.02546,-0.00191,0.57797,0.00008,0.28075,-0.00010,0.70744,0.00007,0.70677,1,3,0.99839,0.05074,0.00876,-0.02400,0.07254,0.08149,0.63575,1,0
1768603710.876601,-0.91141,0.03486,0.30941,0.00040,-0.02729,-0.00293,0.57801,0.00008,0.28075,-0.00010,0.70745,0.00007,0.70677,1,3,0.99839,0.05074,0.00876,-0.02400,0.07254,0.08149,0.63575,1,0
1768603710.878591,-0.85734,-0.00780,0.29182,0.00063,-0.02642,-0.00405,0.57801,0.00008,0.28075,-0.00010,0.70745,0.00007,0.70677,1,3,0.99839,0.05074,0.00876,-0.02400,0.07254,0.08149,0.63575,1,0
1768603710.880593,-0.81938,0.01177,0.28904,0.00090,-0.02514,-0.00378,0.57805,0.00008,0.28074,-0.00010,0.70745,0.00007,0.70677,1,3,0.99840,0.05134,0.00702,-0.02246,0.07277,0.08151,0.63615,1,0
1768603710.882614,-0.84182,0.01905,0.26851,0.00101,-0.02429,-0.00270,0.57805,0.00008,0.28074,-0.00010,0.70745,0.00007,0.70677,1,3,0.99840,0.05134,0.00702,-0.02246,0.07277,0.08151,0.63615,1,0
1768603710.884604,-0.84175,-0.01181,0.27343,0.00091,-0.02708,-0.00272,0.57809,0.00008,0.28075,-0.00010,0.70744,0.00007,0.70677,1,3,0.99840,0.05134,0.00702,-0.02246,0.07277,0.08151,0.63615,1,0
1768603710.886621,-0.87256,0.01194,0.28880,0.00086,-0.02536,-0.00365,0.57813,0.00008,0.28075,-0.00010,0.70744,0.00007,0.70677,1,3,0.99840,0.05134,0.00702,-0.02246,0.07277,0.08151,0.63615,1,0
1768603710.888621,-0.85678,0.03763,0.27428,0.00126,-0.02553,-0.00496,0.57813,0.00008,0.28075,-0.00010,0.70744,0.00007,0.70677,1,3,0.99840,0.05134,0.00702,-0.02246,0.07277,0.08151,0.63615,1,0
1768603710.890613,-0.81056,0.01171,0.23922,0.00106,-0.02508,-0.00310,0.57817,0.00008,0.28075,-0.00010,0.70744,0.00007,0.70677,1,3,0.99840,0.05134,0.00702,-0.02246,0.07277,0.08151,0.63615,1,0
1768603710.892599,-0.80346,-0.00310,0.25668,0.00120,-0.02334,-0.00230,0.57817,0.00008,0.28075,-0.00010,0.70744,0.00007,0.70677,1,3,0.99840,0.05134,0.00702,-0.02246,0.07277,0.08151,0.63615,1,0
1768603710.894626,-0.84271,-0.00550,0.30397,0.00049,-0.02474,-0.00320,0.57821,0.00008,0.28075,-0.00010,0.70745,0.00007,0.70677,1,3,0.99840,0.05134,0.00702,-0.02246,0.07277,0.08151,0.63615,1,0
1768603710.896637,-0.82731,0.03009,0.29855,0.00061,-0.02633,-0.00426,0.57821,0.00008,0.28075,-0.00010,0.70745,0.00007,0.70677,1,3,0.99840,0.05134,0.00702,-0.02246,0.07277,0.08151,0.63615,1,0
1768603710.898660,-0.80422,0.04959,0.28559,0.00115,-0.02517,-0.00372,0.57825,0.00008,0.28075,-0.00010,0.70744,0.00007,0.70677,1,3,0.99840,0.05134,0.00702,-0.02246,0.07277,0.08151,0.63615,1,0
1768603710.900654,-0.81175,0.03957,0.27561,0.00101,-0.02377,-0.00270,0.57825,0.00008,0.28075,-0.00010,0.70744,0.00007,0.70677,1,3,0.99840,0.05134,0.00702,-0.02246,0.07277,0.08151,0.63615,1,0
1768603710.902644,-0.81172,-0.00650,0.27278,0.00092,-0.02446,-0.00101,0.57829,0.00008,0.28075,-0.00010,0.70745,0.00007,0.70677,1,3,0.99840,0.05134,0.00702,-0.02246,0.07277,0.08151,0.63615,1,0
1768603710.904627,-0.82023,0.00027,0.30993,0.00050,-0.02663,-0.00214,0.57829,0.00008,0.28075,-0.00010,0.70745,0.00007,0.70677,1,3,0.99840,0.05134,0.00702,-0.02246,0.07277,0.08151,0.63615,1,0
1768603710.906650,-0.83515,0.03937,0.30162,0.00086,-0.02782,-0.00272,0.57833,0.00008,0.28074,-0.00010,0.70745,0.00007,0.70676,1,3,0.99840,0.05134,0.00702,-0.02246,0.07277,0.08151,0.63615,1,0
1768603710.908620,-0.79698,0.03614,0.29222,0.00116,-0.02488,-0.00217,0.57833,0.00008,0.28074,-0.00010,0.70745,0.00007,0.70676,1,3,0.99840,0.05134,0.00702,-0.02246,0.07277,0.08151,0.63615,1,0
1768603710.910619,-0.78136,0.02232,0.26583,0.00051,-0.02323,-0.00186,0.57833,0.00008,0.28074,-0.00010,0.70745,0.00007,0.70676,1,3,0.99840,0.05134,0.00702,-0.02246,0.07277,0.08151,0.63615,1,0
1768603710.912619,-0.84217,0.00304,0.27299,0.00049,-0.02511,-0.00176,0.57837,0.00008,0.28075,-0.00010,0.70745,0.00007,0.70677,1,3,0.99840,0.05134,0.00702,-0.02246,0.07277,0.08151,0.63615,1,0
1768603710.914613,-0.86528,0.00953,0.29569,0.00046,-0.02702,-0.00338,0.57837,0.00008,0.28075,-0.00010,0.70745,0.00007,0.70677,1,3,0.99840,0.05134,0.00702,-0.02246,0.07277,0.08151,0.63615,1,0
1768603710.916618,-0.80480,0.03530,0.30500,0.00062,-0.02756,-0.00357,0.57841,0.00008,0.28074,-0.00010,0.70745,0.00007,0.70677,1,3,0.99832,0.05179,0.00755,-0.02476,0.07292,0.08142,0.63577,1,0
1768603710.918653,-0.78940,0.02753,0.29331,0.00077,-0.02421,-0.00296,0.57841,0.00008,0.28074,-0.00010,0.70745,0.00007,0.70677,1,3,0.99832,0.05179,0.00755,-0.02476,0.07292,0.08142,0.63577,1,0
1768603710.920653,-0.75059,0.02286,0.26582,0.00135,-0.02410,-0.00237,0.57845,0.00008,0.28074,-0.00010,0.70745,0.00007,0.70676,1,3,0.99832,0.05179,0.00755,-0.02476,0.07292,0.08142,0.63577,1,0
1768603710.922648,-0.84242,0.02370,0.28536,0.00073,-0.02474,-0.00240,0.57849,0.00008,0.28074,-0.00010,0.70745,0.00007,0.70676,1,3,0.99832,0.05179,0.00755,-0.02476,0.07292,0.08142,0.63577,1,0
1768603710.924643,-0.82707,0.00345,0.27841,0.00036,-0.02527,-0.00241,0.57849,0.00008,0.28074,-0.00010,0.70745,0.00007,0.70676,1,3,0.99832,0.05179,0.00755,-0.02476,0.07292,0.08142,0.63577,1,0
1768603710.926662,-0.83510,0.03265,0.31058,0.00127,-0.02531,-0.00378,0.57853,0.00008,0.28074,-0.00010,0.70745,0.00007,0.70676,1,3,0.99832,0.05179,0.00755,-0.02476,0.07292,0.08142,0.63577,1,0
1768603710.928643,-0.85747,-0.00801,0.28499,0.00075,-0.02694,-0.00176,0.57853,0.00008,0.28074,-0.00010,0.70745,0.00007,0.70676,1,3,0.99832,0.05179,0.00755,-0.02476,0.07292,0.08142,0.63577,1,0
1768603710.930652,-0.91063,0.01758,0.29496,0.00123,-0.02725,-0.00308,0.57857,0.00008,0.28074,-0.00010,0.70745,0.00007,0.70676,1,3,0.99832,0.05179,0.00755,-0.02476,0.07292,0.08142,0.63577,1,0
1768603710.932662,-0.84917,0.02046,0.26332,0.00114,-0.02566,-0.00296,0.57857,0.00008,0.28074,-0.00010,0.70745,0.00007,0.70676,1,3,0.99832,0.05179,0.00755,-0.02476,0.07292,0.08142,0.63577,1,0
1768603710.934654,-0.78087,0.01925,0.26971,0.00106,-0.02406,-0.00411,0.57860,0.00008,0.28074,-0.00010,0.70745,0.00007,0.70676,1,3,0.99832,0.05179,0.00755,-0.02476,0.07292,0.08142,0.63577,1,0
1768603710.936640,-0.83390,0.03044,0.24056,0.00074,-0.02310,-0.00143,0.57860,0.00008,0.28074,-0.00010,0.70745,0.00007,0.70676,1,3,0.99832,0.05179,0.00755,-0.02476,0.07292,0.08142,0.63577,1,0
1768603710.938652,-0.87200,0.01894,0.25265,0.00099,-0.02448,-0.00142,0.57865,0.00008,0.28073,-0.00010,0.70746,0.00007,0.70676,1,3,0.99832,0.05179,0.00755,-0.02476,0.07292,0.08142,0.63577,1,0
1768603710.940651,-0.85722,0.00814,0.28095,0.00088,-0.02589,-0.00309,0.57865,0.00008,0.28073,-0.00010,0.70746,0.00007,0.70676,1,3,0.99832,0.05179,0.00755,-0.02476,0.07292,0.08142,0.63577,1,0
1768603710.942652,-0.88059,0.02531,0.30549,0.00097,-0.02625,-0.00369,0.57865,0.00008,0.28073,-0.00010,0.70746,0.00007,0.70676,1,3,0.99832,0.05179,0.00755,-0.02476,0.07292,0.08142,0.63577,1,0
1768603710.944649,-0.82677,0.01585,0.28071,0.00130,-0.02545,-0.00292,0.57869,0.00008,0.28074,-0.00010,0.70745,0.00007,0.70676,1,3,0.99832,0.05179,0.00755,-0.02476,0.07292,0.08142,0.63577,1,0
1768603710.946651,-0.76593,0.01992,0.26896,0.00067,-0.02472,-0.00323,0.57869,0.00008,0.28074,-0.00010,0.70745,0.00007,0.70676,1,3,0.99832,0.05179,0.00755,-0.02476,0.07292,0.08142,0.63577,1,0
1768603710.948661,-0.75028,0.02837,0.25209,0.00134,-0.02099,-0.00280,0.57873,0.00008,0.28074,-0.00010,0.70746,0.00007,0.70676,1,3,0.99832,0.05179,0.00755,-0.02476,0.07292,0.08142,0.63577,1,0
1768603710.950663,-0.78138,0.03352,0.27394,0.00091,-0.02182,-0.00276,0.57873,0.00008,0.28074,-0.00010,0.70746,0.00007,0.70676,1,3,0.99830,0.05267,0.00890,-0.02338,0.07312,0.08137,0.63573,1,0
1768603710.952663,-0.81960,0.03250,0.28549,0.00074,-0.02496,-0.00288,0.57877,0.00008,0.28074,-0.00010,0.70745,0.00007,0.70676,1,3,0.99830,0.05267,0.00890,-0.02338,0.07312,0.08137,0.63573,1,0
1768603710.954668,-0.86624,0.01584,0.32768,0.00151,-0.02663,-0.00042,0.57877,0.00008,0.28074,-0.00010,0.70745,0.00007,0.70676,1,3,0.99830,0.05267,0.00890,-0.02338,0.07312,0.08137,0.63573,1,0
1768603710.956680,-0.82748,0.05044,0.29319,0.00125,-0.02683,-0.00145,0.57880,0.00008,0.28073,-0.00010,0.70746,0.00007,0.70676,1,3,0.99830,0.05267,0.00890,-0.02338,0.07312,0.08137,0.63573,1,0
1768603710.958689,-0.80479,0.03288,0.30008,0.00075,-0.02544,-0.00277,0.57880,0.00008,0.28073,-0.00010,0.70746,0.00007,0.70676,1,3,0.99830,0.05267,0.00890,-0.02338,0.07312,0.08137,0.63573,1,0
1768603710.960674,-0.78178,0.02680,0.28770,0.00091,-0.02384,-0.00193,0.57885,0.00008,0.28074,-0.00010,0.70745,0.00007,0.70676,1,3,0.99830,0.05267,0.00890,-0.02338,0.07312,0.08137,0.63573,1,0
1768603710.962677,-0.84987,0.02745,0.27681,0.00113,-0.02485,-0.00116,0.57885,0.00008,0.28074,-0.00010,0.70745,0.00007,0.70676,1,3,0.99830,0.05267,0.00890,-0.02338,0.07312,0.08137,0.63573,1,0
1768603710.964679,-0.84984,0.03332,0.27868,0.00126,-0.02657,-0.00123,0.57889,0.00008,0.28074,-0.00010,0.70745,0.00007,0.70676,1,3,0.99830,0.05267,0.00890,-0.02338,0.07312,0.08137,0.63573,1,0
1768603710.966669,-0.83423,0.00904,0.27574,0.00103,-0.02683,-0.00309,0.57892,0.00008,0.28074,-0.00010,0.70745,0.00007,0.70676,1,3,0.99830,0.05267,0.00890,-0.02338,0.07312,0.08137,0.63573,1,0
1768603710.968669,-0.78151,0.03255,0.29120,0.00104,-0.02489,-0.00390,0.57892,0.00008,0.28074,-0.00010,0.70745,0.00007,0.70676,1,3,0.99830,0.05267,0.00890,-0.02338,0.07312,0.08137,0.63573,1,0
1768603710.970663,-0.79641,0.02724,0.28378,0.00144,-0.02410,-0.00357,0.57896,0.00008,0.28073,-0.00010,0.70745,0.00007,0.70676,1,3,0.99830,0.05267,0.00890,-0.02338,0.07312,0.08137,0.63573,1,0
1768603710.972691,-0.82712,0.02020,0.28817,0.00089,-0.02536,-0.00299,0.57896,0.00008,0.28073,-0.00010,0.70745,0.00007,0.70676,1,3,0.99830,0.05267,0.00890,-0.02338,0.07312,0.08137,0.63573,1,0
1768603710.974674,-0.84225,-0.00483,0.28819,0.00090,-0.02580,-0.00243,0.57900,0.00008,0.28074,-0.00010,0.70745,0.00007,0.70676,1,3,0.99830,0.05267,0.00890,-0.02338,0.07312,0.08137,0.63573,1,0
1768603710.976685,-0.81202,0.01705,0.29073,0.00063,-0.02621,-0.00321,0.57900,0.00008,0.28074,-0.00010,0.70745,0.00007,0.70676,1,3,0.99830,0.05267,0.00890,-0.02338,0.07312,0.08137,0.63573,1,0
1768603710.978698,-0.81190,0.01609,0.28089,0.00050,-0.02523,-0.00281,0.57904,0.00008,0.28073,-0.00010,0.70746,0.00007,0.70676,1,3,0.99830,0.05267,0.00890,-0.02338,0.07312,0.08137,0.63573,1,0
1768603710.980687,-0.81174,0.03746,0.27827,0.00075,-0.02548,-0.00345,0.57904,0.00008,0.28073,-0.00010,0.70746,0.00007,0.70676,1,3,0.99830,0.05267,0.00890,-0.02338,0.07312,0.08137,0.63573,1,0
1768603710.982681,-0.82756,0.03668,0.31278,0.00140,-0.02528,-0.00358,0.57908,0.00008,0.28073,-0.00010,0.70746,0.00007,0.70676,1,3,0.99830,0.05267,0.00890,-0.02338,0.07312,0.08137,0.63573,1,0
1768603710.984685,-0.83448,0.02452,0.27496,0.00101,-0.02574,-0.00214,0.57908,0.00008,0.28073,-0.00010,0.70746,0.00007,0.70676,1,3,0.99830,0.05267,0.00890,-0.02338,0.07312,0.08137,0.63573,1,0
1768603710.986685,-0.82597,0.00017,0.24077,0.00078,-0.02638,-0.00195,0.57908,0.00008,0.28073,-0.00010,0.70746,0.00007,0.70676,1,3,0.99830,0.05267,0.00890,-0.02338,0.07312,0.08137,0.63573,1,0
1768603710.988692,-0.83459,0.03339,0.28515,0.00114,-0.02605,-0.00301,0.57912,0.00008,0.28073,-0.00010,0.70746,0.00007,0.70675,1,3,0.99830,0.05267,0.00890,-0.02338,0.07312,0.08137,0.63573,1,0
1768603710.990680,-0.84232,0.01619,0.29659,0.00088,-0.02526,-0.00421,0.57912,0.00008,0.28073,-0.00010,0.70746,0.00007,0.70675,1,3,0.99830,0.05267,0.00890,-0.02338,0.07312,0.08137,0.63573,1,0
1768603710.992689,-0.84213,0.02181,0.28361,0.00061,-0.02651,-0.00390,0.57917,0.00008,0.28073,-0.00010,0.70745,0.00007,0.70676,1,3,0.99832,0.05293,0.00661,-0.02259,0.07336,0.08140,0.63622,1,0
1768603710.994692,-0.79658,0.01303,0.28357,0.00065,-0.02629,-0.00341,0.57917,0.00008,0.28073,-0.00010,0.70745,0.00007,0.70676,1,3,0.99832,0.05293,0.00661,-0.02259,0.07336,0.08140,0.63622,1,0
1768603710.996717,-0.76631,0.02073,0.28832,0.00093,-0.02580,-0.00325,0.57921,0.00008,0.28073,-0.00010,0.70745,0.00007,0.70676,1,3,0.99832,0.05293,0.00661,-0.02259,0.07336,0.08140,0.63622,1,0
1768603710.998703,-0.77382,0.02662,0.27791,0.00119,-0.02374,-0.00204,0.57925,0.00008,0.28073,-0.00010,0.70746,0.00007,0.70676,1,3,0.99832,0.05293,0.00661,-0.02259,0.07336,0.08140,0.63622,1,0
1768603711.000709,-0.79702,0.03324,0.30105,0.00076,-0.02542,-0.00405,0.57925,0.00008,0.28073,-0.00010,0.70746,0.00007,0.70676,1,3,0.99832,0.05293,0.00661,-0.02259,0.07336,0.08140,0.63622,1,0
1768603711.002719,-0.75943,0.01700,0.32032,0.00107,-0.02650,-0.00336,0.57929,0.00008,0.28074,-0.00010,0.70745,0.00007,0.70676,1,3,0.99832,0.05293,0.00661,-0.02259,0.07336,0.08140,0.63622,1,0
1768603711.004690,-0.82013,0.02921,0.30745,0.00074,-0.02600,-0.00286,0.57929,0.00008,0.28074,-0.00010,0.70745,0.00007,0.70676,1,3,0.99832,0.05293,0.00661,-0.02259,0.07336,0.08140,0.63622,1,0
1768603711.006708,-0.78897,0.00696,0.27482,0.00106,-0.02531,-0.00117,0.57933,0.00008,0.28073,-0.00010,0.70745,0.00007,0.70676,1,3,0.99832,0.05293,0.00661,-0.02259,0.07336,0.08140,0.63622,1,0
1768603711.008761,-0.82776,0.00698,0.30891,0.00129,-0.02577,-0.00094,0.57933,0.00008,0.28073,-0.00010,0.70745,0.00007,0.70676,1,3,0.99832,0.05293,0.00661,-0.02259,0.07336,0.08140,0.63622,1,0
1768603711.010740,-0.84311,0.03775,0.31113,0.00098,-0.02661,-0.00182,0.57937,0.00008,0.28073,-0.00010,0.70745,0.00007,0.70676,1,3,0.99832,0.05293,0.00661,-0.02259,0.07336,0.08140,0.63622,1,0
1768603711.012712,-0.85777,0.03892,0.29673,0.00098,-0.02744,-0.00271,0.57937,0.00008,0.28073,-0.00010,0.70745,0.00007,0.70676,1,3,0.99832,0.05293,0.00661,-0.02259,0.07336,0.08140,0.63622,1,0
1768603711.014716,-0.82703,0.03669,0.27681,0.00114,-0.02550,-0.00165,0.57941,0.00008,0.28073,-0.00010,0.70746,0.00007,0.70676,1,3,0.99832,0.05293,0.00661,-0.02259,0.07336,0.08140,0.63622,1,0
1768603711.016713,-0.77259,0.00674,0.22597,0.00082,-0.02459,-0.00139,0.57941,0.00008,0.28073,-0.00010,0.70746,0.00007,0.70676,1,3,0.99832,0.05293,0.00661,-0.02259,0.07336,0.08140,0.63622,1,0
1768603711.018713,-0.78911,0.02365,0.28026,0.00091,-0.02480,-0.00214,0.57945,0.00008,0.28073,-0.00010,0.70745,0.00007,0.70676,1,3,0.99832,0.05293,0.00661,-0.02259,0.07336,0.08140,0.63622,1,0
1768603711.020708,-0.85045,0.05025,0.30814,0.00164,-0.02687,-0.00183,0.57945,0.00008,0.28073,-0.00010,0.70745,0.00007,0.70676,1,3,0.99832,0.05293,0.00661,-0.02259,0.07336,0.08140,0.63622,1,0
1768603711.022713,-0.82789,0.00965,0.32018,0.00062,-0.02738,-0.00327,0.57945,0.00008,0.28073,-0.00010,0.70745,0.00007,0.70676,1,3,0.99832,0.05293,0.00661,-0.02259,0.07336,0.08140,0.63622,1,0
1768603711.024700,-0.81246,0.01629,0.31536,0.00116,-0.02591,-0.00321,0.57945,0.00008,0.28073,-0.00010,0.70745,0.00007,0.70676,1,3,0.99832,0.05293,0.00661,-0.02259,0.07336,0.08140,0.63622,1,0
1768603711.026718,-0.81955,0.02057,0.28786,0.00089,-0.02580,-0.00274,0.57949,0.00008,0.28073,-0.00010,0.70746,0.00007,0.70676,1,3,0.99832,0.05293,0.00661,-0.02259,0.07336,0.08140,0.63622,1,0
1768603711.028707,-0.84231,0.00082,0.29575,0.00089,-0.02702,-0.00327,0.57949,0.00008,0.28073,-0.00010,0.70746,0.00007,0.70676,1,3,0.99832,0.05293,0.00661,-0.02259,0.07336,0.08140,0.63622,1,0
1768603711.030705,-0.84266,0.02063,0.30290,0.00087,-0.02584,-0.00313,0.57953,0.00008,0.28073,-0.00010,0.70745,0.00007,0.70676,1,3,0.99832,0.05293,0.00661,-0.02259,0.07336,0.08140,0.63622,1,0
1768603711.032727,-0.82642,0.03783,0.26298,0.00115,-0.02610,-0.00318,0.57953,0.00008,0.28073,-0.00010,0.70745,0.00007,0.70676,1,3,0.99827,0.05373,0.00713,-0.02282,0.07353,0.08133,0.63604,1,0
1768603711.034730,-0.80387,0.03251,0.26565,0.00090,-0.02498,-0.00274,0.57957,0.00008,0.28073,-0.00010,0.70746,0.00007,0.70675,1,3,0.99827,0.05373,0.00713,-0.02282,0.07353,0.08133,0.63604,1,0
1768603711.036748,-0.83368,0.01043,0.24759,0.00157,-0.02476,-0.00118,0.57957,0.00008,0.28073,-0.00010,0.70746,0.00007,0.70675,1,3,0.99827,0.05373,0.00713,-0.02282,0.07353,0.08133,0.63604,1,0
1768603711.038743,-0.87997,0.01719,0.26987,0.00072,-0.02668,-0.00205,0.57961,0.00008,0.28073,-0.00010,0.70746,0.00007,0.70675,1,3,0.99827,0.05373,0.00713,-0.02282,0.07353,0.08133,0.63604,1,0
1768603711.040770,-0.83542,0.01317,0.31731,0.00088,-0.02698,-0.00280,0.57961,0.00008,0.28073,-0.00010,0.70746,0.00007,0.70675,1,3,0.99827,0.05373,0.00713,-0.02282,0.07353,0.08133,0.63604,1,0
1768603711.042744,-0.84310,0.03046,0.32166,0.00113,-0.02758,-0.00288,0.57965,0.00008,0.28073,-0.00010,0.70745,0.00007,0.70676,1,3,0.99827,0.05373,0.00713,-0.02282,0.07353,0.08133,0.63604,1,0
1768603711.044739,-0.78933,0.03329,0.29553,0.00090,-0.02571,-0.00341,0.57969,0.00008,0.28073,-0.00010,0.70746,0.00007,0.70676,1,3,0.99827,0.05373,0.00713,-0.02282,0.07353,0.08133,0.63604,1,0
1768603711.046745,-0.73559,0.02615,0.25263,0.00068,-0.02317,-0.00076,0.57969,0.00008,0.28073,-0.00010,0.70746,0.00007,0.70676,1,3,0.99827,0.05373,0.00713,-0.02282,0.07353,0.08133,0.63604,1,0
1768603711.048743,-0.79679,0.02306,0.27999,0.00090,-0.02437,-0.00162,0.57973,0.00008,0.28073,-0.00010,0.70746,0.00007,0.70676,1,3,0.99827,0.05373,0.00713,-0.02282,0.07353,0.08133,0.63604,1,0
1768603711.050732,-0.82786,0.02483,0.30295,0.00100,-0.02671,-0.00039,0.57973,0.00008,0.28073,-0.00010,0.70746,0.00007,0.70676,1,3,0.99827,0.05373,0.00713,-0.02282,0.07353,0.08133,0.63604,1,0
1768603711.052947,-0.81310,0.04648,0.33581,0.00153,-0.02719,-0.00245,0.57977,0.00008,0.28073,-0.00010,0.70746,0.00007,0.70676,1,3,0.99827,0.05373,0.00713,-0.02282,0.07353,0.08133,0.63604,1,0
1768603711.054758,-0.82050,0.02939,0.32217,0.00074,-0.02626,-0.00288,0.57977,0.00008,0.28073,-0.00010,0.70746,0.00007,0.70676,1,3,0.99827,0.05373,0.00713,-0.02282,0.07353,0.08133,0.63604,1,0
1768603711.056762,-0.75064,0.04095,0.26122,0.00066,-0.02460,-0.00335,0.57981,0.00008,0.28073,-0.00010,0.70746,0.00007,0.70676,1,3,0.99827,0.05373,0.00713,-0.02282,0.07353,0.08133,0.63604,1,0
1768603711.058801,-0.74299,0.03513,0.24758,0.00080,-0.02367,-0.00111,0.57981,0.00008,0.28073,-0.00010,0.70746,0.00007,0.70676,1,3,0.99827,0.05373,0.00713,-0.02282,0.07353,0.08133,0.63604,1,0
1768603711.060791,-0.82650,0.01446,0.25976,0.00143,-0.02462,-0.00099,0.57985,0.00008,0.28073,-0.00010,0.70746,0.00007,0.70676,1,3,0.99827,0.05373,0.00713,-0.02282,0.07353,0.08133,0.63604,1,0
1768603711.062763,-0.86530,0.02127,0.29627,0.00139,-0.02723,-0.00160,0.57985,0.00008,0.28073,-0.00010,0.70746,0.00007,0.70676,1,3,0.99827,0.05373,0.00713,-0.02282,0.07353,0.08133,0.63604,1,0
1768603711.064742,-0.78977,0.03139,0.30746,0.00036,-0.02775,-0.00340,0.57989,0.00008,0.28073,-0.00010,0.70746,0.00007,0.70676,1,3,0.99827,0.05373,0.00713,-0.02282,0.07353,0.08133,0.63604,1,0
1768603711.066755,-0.80420,0.02787,0.28221,0.00143,-0.02522,-0.00193,0.57989,0.00008,0.28073,-0.00010,0.70746,0.00007,0.70676,1,3,0.99827,0.05373,0.00713,-0.02282,0.07353,0.08133,0.63604,1,0
1768603711.068760,-0.82727,0.03299,0.28973,0.00101,-0.02578,-0.00238,0.57989,0.00008,0.28073,-0.00010,0.70746,0.00007,0.70676,1,3,0.99827,0.05373,0.00713,-0.02282,0.07353,0.08133,0.63604,1,0
1768603711.070786,-0.87291,0.01184,0.28660,0.00085,-0.02604,-0.00098,0.57994,0.00008,0.28074,-0.00010,0.70745,0.00007,0.70676,1,3,0.99827,0.05373,0.00713,-0.02282,0.07353,0.08133,0.63604,1,0
1768603711.072743,-0.82725,0.02080,0.29699,0.00142,-0.02657,-0.00223,0.57994,0.00008,0.28074,-0.00010,0.70745,0.00007,0.70676,1,3,0.99827,0.05373,0.00713,-0.02282,0.07353,0.08133,0.63604,1,0
1768603711.074746,-0.80418,0.02112,0.28376,0.00064,-0.02585,-0.00376,0.57998,0.00008,0.28074,-0.00010,0.70745,0.00007,0.70676,1,3,0.99826,0.05431,0.00533,-0.02249,0.07373,0.08131,0.63619,1,0
1768603711.076753,-0.80381,0.02529,0.26653,0.00050,-0.02563,-0.00380,0.57998,0.00008,0.28074,-0.00010,0.70745,0.00007,0.70676,1,3,0.99826,0.05431,0.00533,-0.02249,0.07373,0.08131,0.63619,1,0
1768603711.078775,-0.78966,0.02819,0.29746,0.00063,-0.02503,-0.00221,0.58002,0.00008,0.28074,-0.00010,0.70745,0.00007,0.70676,1,3,0.99826,0.05431,0.00533,-0.02249,0.07373,0.08131,0.63619,1,0
1768603711.080773,-0.81996,-0.00512,0.29250,0.00037,-0.02553,-0.00130,0.58002,0.00008,0.28074,-0.00010,0.70745,0.00007,0.70676,1,3,0.99826,0.05431,0.00533,-0.02249,0.07373,0.08131,0.63619,1,0
1768603711.082788,-0.84258,0.02068,0.30722,0.00154,-0.02644,-0.00274,0.58006,0.00008,0.28074,-0.00010,0.70745,0.00007,0.70676,1,3,0.99826,0.05431,0.00533,-0.02249,0.07373,0.08131,0.63619,1,0
1768603711.084762,-0.81185,0.02915,0.28734,0.00129,-0.02625,-0.00258,0.58010,0.00008,0.28074,-0.00010,0.70745,0.00007,0.70676,1,3,0.99826,0.05431,0.00533,-0.02249,0.07373,0.08131,0.63619,1,0
1768603711.086781,-0.78881,0.01996,0.27823,0.00119,-0.02526,-0.00285,0.58010,0.00008,0.28074,-0.00010,0.70745,0.00007,0.70676,1,3,0.99826,0.05431,0.00533,-0.02249,0.07373,0.08131,0.63619,1,0
1768603711.088813,-0.74416,0.02726,0.30743,0.00120,-0.02447,-0.00220,0.58014,0.00008,0.28074,-0.00010,0.70745,0.00007,0.70676,1,3,0.99826,0.05431,0.00533,-0.02249,0.07373,0.08131,0.63619,1,0
1768603711.090779,-0.81206,0.02472,0.28971,0.00103,-0.02600,-0.00216,0.58014,0.00008,0.28074,-0.00010,0.70745,0.00007,0.70676,1,3,0.99826,0.05431,0.00533,-0.02249,0.07373,0.08131,0.63619,1,0
1768603711.092762,-0.82767,0.01772,0.29850,0.00075,-0.02764,-0.00107,0.58018,0.00008,0.28074,-0.00010,0.70745,0.00007,0.70676,1,3,0.99826,0.05431,0.00533,-0.02249,0.07373,0.08131,0.63619,1,0
1768603711.094763,-0.85079,0.02525,0.31403,0.00072,-0.02658,-0.00193,0.58018,0.00008,0.28074,-0.00010,0.70745,0.00007,0.70676,1,3,0.99826,0.05431,0.00533,-0.02249,0.07373,0.08131,0.63619,1,0
1768603711.096770,-0.75163,0.01501,0.30046,0.00081,-0.02456,-0.00231,0.58022,0.00008,0.28074,-0.00010,0.70745,0.00007,0.70676,1,3,0.99826,0.05431,0.00533,-0.02249,0.07373,0.08131,0.63619,1,0
1768603711.098760,-0.74381,0.05279,0.29256,0.00118,-0.02443,-0.00288,0.58022,0.00008,0.28074,-0.00010,0.70745,0.00007,0.70676,1,3,0.99826,0.05431,0.00533,-0.02249,0.07373,0.08131,0.63619,1,0
1768603711.100774,-0.77454,0.05340,0.30220,0.00089,-0.02497,-0.00277,0.58022,0.00008,0.28074,-0.00010,0.70745,0.00007,0.70676,1,3,0.99826,0.05431,0.00533,-0.02249,0.07373,0.08131,0.63619,1,0
1768603711.102796,-0.82052,0.03021,0.31055,0.00060,-0.02750,-0.00098,0.58026,0.00008,0.28074,-0.00010,0.70745,0.00007,0.70677,1,3,0.99826,0.05431,0.00533,-0.02249,0.07373,0.08131,0.63619,1,0
1768603711.104792,-0.85075,0.01287,0.31653,0.00086,-0.02699,-0.00178,0.58026,0.00008,0.28074,-0.00010,0.70745,0.00007,0.70677,1,3,0.99826,0.05431,0.00533,-0.02249,0.07373,0.08131,0.63619,1,0
1768603711.106802,-0.82042,0.03708,0.31697,0.00086,-0.02567,-0.00258,0.58030,0.00008,0.28075,-0.00010,0.70745,0.00007,0.70677,1,3,0.99826,0.05431,0.00533,-0.02249,0.07373,0.08131,0.63619,1,0
1768603711.108783,-0.82655,0.00464,0.27388,0.00091,-0.02641,-0.00355,0.58030,0.00008,0.28075,-0.00010,0.70745,0.00007,0.70677,1,3,0.99826,0.05431,0.00533,-0.02249,0.07373,0.08131,0.63619,1,0
1768603711.110800,-0.78928,0.03735,0.28236,0.00063,-0.02565,-0.00231,0.58034,0.00008,0.28074,-0.00010,0.70745,0.00007,0.70677,1,3,0.99816,0.05535,0.00560,-0.02414,0.07408,0.08119,0.63585,1,0
1768603711.112787,-0.81945,0.01010,0.28214,0.00143,-0.02456,-0.00108,0.58034,0.00008,0.28074,-0.00010,0.70745,0.00007,0.70677,1,3,0.99816,0.05535,0.00560,-0.02414,0.07408,0.08119,0.63585,1,0
1768603711.114792,-0.82714,0.02910,0.28792,0.00088,-0.02580,-0.00310,0.58038,0.00008,0.28074,-0.00010,0.70745,0.00007,0.70676,1,3,0.99816,0.05535,0.00560,-0.02414,0.07408,0.08119,0.63585,1,0
1768603711.116799,-0.85813,0.03474,0.32022,0.00098,-0.02716,-0.00420,0.58042,0.00008,0.28074,-0.00010,0.70745,0.00007,0.70676,1,3,0.99816,0.05535,0.00560,-0.02414,0.07408,0.08119,0.63585,1,0
1768603711.118829,-0.84207,0.01841,0.29097,0.00102,-0.02751,-0.00423,0.58042,0.00008,0.28074,-0.00010,0.70745,0.00007,0.70676,1,3,0.99816,0.05535,0.00560,-0.02414,0.07408,0.08119,0.63585,1,0
1768603711.120857,-0.80533,0.03669,0.32150,0.00114,-0.02561,-0.00207,0.58046,0.00008,0.28074,-0.00010,0.70745,0.00007,0.70677,1,3,0.99816,0.05535,0.00560,-0.02414,0.07408,0.08119,0.63585,1,0
1768603711.122829,-0.78189,0.02047,0.28705,0.00051,-0.02581,-0.00148,0.58046,0.00008,0.28074,-0.00010,0.70745,0.00007,0.70677,1,3,0.99816,0.05535,0.00560,-0.02414,0.07408,0.08119,0.63585,1,0
1768603711.124831,-0.74375,0.00894,0.29615,0.00056,-0.02636,-0.00351,0.58051,0.00008,0.28074,-0.00010,0.70745,0.00007,0.70676,1,3,0.99816,0.05535,0.00560,-0.02414,0.07408,0.08119,0.63585,1,0
1768603711.126799,-0.75880,0.03678,0.29326,0.00119,-0.02508,-0.00357,0.58051,0.00008,0.28074,-0.00010,0.70745,0.00007,0.70676,1,3,0.99816,0.05535,0.00560,-0.02414,0.07408,0.08119,0.63585,1,0
1768603711.128821,-0.79739,0.05369,0.30657,0.00114,-0.02557,-0.00239,0.58054,0.00008,0.28074,-0.00010,0.70745,0.00007,0.70676,1,3,0.99816,0.05535,0.00560,-0.02414,0.07408,0.08119,0.63585,1,0
1768603711.130815,-0.80402,-0.00794,0.27456,0.00107,-0.02728,-0.00112,0.58054,0.00008,0.28074,-0.00010,0.70745,0.00007,0.70676,1,3,0.99816,0.05535,0.00560,-0.02414,0.07408,0.08119,0.63585,1,0
1768603711.132813,-0.81214,0.03329,0.28924,0.00102,-0.02622,-0.00188,0.58058,0.00008,0.28074,-0.00010,0.70745,0.00007,0.70676,1,3,0.99816,0.05535,0.00560,-0.02414,0.07408,0.08119,0.63585,1,0
1768603711.134815,-0.81229,0.00357,0.29789,0.00064,-0.02569,-0.00229,0.58058,0.00008,0.28074,-0.00010,0.70745,0.00007,0.70676,1,3,0.99816,0.05535,0.00560,-0.02414,0.07408,0.08119,0.63585,1,0
1768603711.136839,-0.81979,0.04123,0.30022,0.00114,-0.02543,-0.00338,0.58058,0.00008,0.28074,-0.00010,0.70745,0.00007,0.70676,1,3,0.99816,0.05535,0.00560,-0.02414,0.07408,0.08119,0.63585,1,0
1768603711.138824,-0.84194,0.01318,0.28249,0.00142,-0.02718,-0.00263,0.58062,0.00008,0.28074,-0.00010,0.70746,0.00007,0.70676,1,3,0.99816,0.05535,0.00560,-0.02414,0.07408,0.08119,0.63585,1,0
1768603711.140833,-0.80454,0.00911,0.28473,0.00038,-0.02694,-0.00172,0.58062,0.00008,0.28074,-0.00010,0.70746,0.00007,0.70676,1,3,0.99816,0.05535,0.00560,-0.02414,0.07408,0.08119,0.63585,1,0
1768603711.142826,-0.82754,-0.00005,0.30957,0.00130,-0.02685,-0.00199,0.58066,0.00008,0.28073,-0.00010,0.70746,0.00007,0.70676,1,3,0.99816,0.05535,0.00560,-0.02414,0.07408,0.08119,0.63585,1,0
1768603711.144818,-0.81995,0.03339,0.30996,0.00128,-0.02619,-0.00329,0.58066,0.00008,0.28073,-0.00010,0.70746,0.00007,0.70676,1,3,0.99808,0.05614,0.00773,-0.02493,0.07426,0.08114,0.63577,1,0
1768603711.146835,-0.81159,0.03721,0.27818,0.00115,-0.02548,-0.00344,0.58070,0.00008,0.28074,-0.00010,0.70745,0.00007,0.70676,1,3,0.99808,0.05614,0.00773,-0.02493,0.07426,0.08114,0.63577,1,0
1768603711.148816,-0.74321,0.01169,0.26842,0.00069,-0.02517,-0.00237,0.58070,0.00008,0.28074,-0.00010,0.70745,0.00007,0.70676,1,3,0.99808,0.05614,0.00773,-0.02493,0.07426,0.08114,0.63577,1,0
1768603711.150838,-0.75889,0.01993,0.28258,0.00067,-0.02521,-0.00185,0.58070,0.00008,0.28074,-0.00010,0.70745,0.00007,0.70676,1,3,0.99808,0.05614,0.00773,-0.02493,0.07426,0.08114,0.63577,1,0
1768603711.152822,-0.81179,0.01168,0.28180,0.00144,-0.02610,-0.00122,0.58070,0.00008,0.28074,-0.00010,0.70745,0.00007,0.70676,1,3,0.99808,0.05614,0.00773,-0.02493,0.07426,0.08114,0.63577,1,0
1768603711.154809,-0.84274,0.03855,0.30205,0.00085,-0.02694,-0.00297,0.58078,0.00008,0.28074,-0.00010,0.70746,0.00007,0.70676,1,3,0.99808,0.05614,0.00773,-0.02493,0.07426,0.08114,0.63577,1,0
1768603711.156828,-0.81219,0.04150,0.29401,0.00128,-0.02616,-0.00198,0.58082,0.00008,0.28073,-0.00010,0.70746,0.00007,0.70676,1,3,0.99808,0.05614,0.00773,-0.02493,0.07426,0.08114,0.63577,1,0
1768603711.158863,-0.81210,0.04127,0.29471,0.00128,-0.02572,-0.00274,0.58082,0.00008,0.28073,-0.00010,0.70746,0.00007,0.70676,1,3,0.99808,0.05614,0.00773,-0.02493,0.07426,0.08114,0.63577,1,0
1768603711.160945,-0.80453,0.03311,0.28941,0.00102,-0.02600,-0.00200,0.58087,0.00008,0.28074,-0.00010,0.70745,0.00007,0.70676,1,3,0.99808,0.05614,0.00773,-0.02493,0.07426,0.08114,0.63577,1,0
1768603711.162862,-0.82055,0.01998,0.31118,0.00061,-0.02574,-0.00085,0.58087,0.00008,0.28074,-0.00010,0.70745,0.00007,0.70676,1,3,0.99808,0.05614,0.00773,-0.02493,0.07426,0.08114,0.63577,1,0
1768603711.164840,-0.83525,0.03515,0.30457,0.00059,-0.02757,-0.00306,0.58090,0.00008,0.28073,-0.00010,0.70746,0.00007,0.70676,1,3,0.99808,0.05614,0.00773,-0.02493,0.07426,0.08114,0.63577,1,0
1768603711.166837,-0.81936,0.02502,0.27923,0.00129,-0.02656,-0.00164,0.58090,0.00008,0.28073,-0.00010,0.70746,0.00007,0.70676,1,3,0.99808,0.05614,0.00773,-0.02493,0.07426,0.08114,0.63577,1,0
1768603711.168833,-0.75814,0.01565,0.25551,0.00082,-0.02510,-0.00177,0.58090,0.00008,0.28073,-0.00010,0.70746,0.00007,0.70676,1,3,0.99808,0.05614,0.00773,-0.02493,0.07426,0.08114,0.63577,1,0
1768603711.170836,-0.72784,0.01462,0.25051,0.00057,-0.02407,-0.00113,0.58095,0.00008,0.28074,-0.00010,0.70745,0.00007,0.70676,1,3,0.99808,0.05614,0.00773,-0.02493,0.07426,0.08114,0.63577,1,0
1768603711.172831,-0.77392,0.02240,0.28085,0.00092,-0.02349,-0.00238,0.58095,0.00008,0.28074,-0.00010,0.70745,0.00007,0.70676,1,3,0.99808,0.05614,0.00773,-0.02493,0.07426,0.08114,0.63577,1,0
1768603711.174829,-0.77458,0.03432,0.31555,0.00078,-0.02656,-0.00407,0.58098,0.00008,0.28074,-0.00010,0.70745,0.00007,0.70676,1,3,0.99808,0.05614,0.00773,-0.02493,0.07426,0.08114,0.63577,1,0
1768603711.176851,-0.78173,0.01828,0.30064,0.00079,-0.02740,-0.00374,0.58098,0.00008,0.28074,-0.00010,0.70745,0.00007,0.70676,1,3,0.99808,0.05614,0.00773,-0.02493,0.07426,0.08114,0.63577,1,0
1768603711.178831,-0.82018,0.04178,0.30971,0.00086,-0.02597,-0.00301,0.58102,0.00008,0.28073,-0.00010,0.70746,0.00007,0.70676,1,3,0.99810,0.05659,0.00812,-0.02299,0.07447,0.08112,0.63585,1,0
1768603711.180836,-0.80491,0.03720,0.30176,0.00088,-0.02585,-0.00206,0.58102,0.00008,0.28073,-0.00010,0.70746,0.00007,0.70676,1,3,0.99810,0.05659,0.00812,-0.02299,0.07447,0.08112,0.63585,1,0
1768603711.182837,-0.83546,0.01683,0.31983,0.00101,-0.02651,-0.00284,0.58106,0.00008,0.28073,-0.00010,0.70745,0.00007,0.70676,1,3,0.99810,0.05659,0.00812,-0.02299,0.07447,0.08112,0.63585,1,0
1768603711.184847,-0.81252,0.03919,0.32289,0.00115,-0.02734,-0.00464,0.58106,0.00008,0.28073,-0.00010,0.70745,0.00007,0.70676,1,3,0.99810,0.05659,0.00812,-0.02299,0.07447,0.08112,0.63585,1,0
1768603711.186838,-0.81971,0.03018,0.30234,0.00128,-0.02716,-0.00324,0.58110,0.00008,0.28073,-0.00010,0.70745,0.00007,0.70676,1,3,0.99810,0.05659,0.00812,-0.02299,0.07447,0.08112,0.63585,1,0
1768603711.188865,-0.78807,0.00059,0.24622,0.00068,-0.02653,-0.00260,0.58115,0.00008,0.28074,-0.00010,0.70745,0.00007,0.70676,1,3,0.99810,0.05659,0.00812,-0.02299,0.07447,0.08112,0.63585,1,0
1768603711.190848,-0.76613,0.01511,0.25556,-0.00000,-0.02423,-0.00127,0.58115,0.00008,0.28074,-0.00010,0.70745,0.00007,0.70676,1,3,0.99810,0.05659,0.00812,-0.02299,0.07447,0.08112,0.63585,1,0
1768603711.192887,-0.78848,0.02860,0.25814,0.00091,-0.02529,-0.00256,0.58119,0.00008,0.28074,-0.00010,0.70745,0.00007,0.70676,1,3,0.99810,0.05659,0.00812,-0.02299,0.07447,0.08112,0.63585,1,0
1768603711.194858,-0.82713,0.03166,0.28513,0.00114,-0.02453,-0.00236,0.58119,0.00008,0.28074,-0.00010,0.70745,0.00007,0.70676,1,3,0.99810,0.05659,0.00812,-0.02299,0.07447,0.08112,0.63585,1,0
1768603711.196854,-0.82778,0.03548,0.31471,0.00073,-0.02788,-0.00358,0.58122,0.00008,0.28074,-0.00010,0.70745,0.00007,0.70676,1,3,0.99810,0.05659,0.00812,-0.02299,0.07447,0.08112,0.63585,1,0
1768603711.198851,-0.83490,0.00019,0.30103,0.00076,-0.02630,-0.00339,0.58122,0.00008,0.28074,-0.00010,0.70745,0.00007,0.70676,1,3,0.99810,0.05659,0.00812,-0.02299,0.07447,0.08112,0.63585,1,0
1768603711.200844,-0.76637,-0.00121,0.29062,0.00109,-0.02534,-0.00223,0.58127,0.00008,0.28074,-0.00010,0.70745,0.00007,0.70676,1,3,0.99810,0.05659,0.00812,-0.02299,0.07447,0.08112,0.63585,1,0
1768603711.202855,-0.75935,0.01988,0.30299,0.00053,-0.02497,-0.00263,0.58127,0.00008,0.28074,-0.00010,0.70745,0.00007,0.70676,1,3,0.99810,0.05659,0.00812,-0.02299,0.07447,0.08112,0.63585,1,0
1768603711.204858,-0.74325,0.00425,0.26873,0.00030,-0.02582,-0.00267,0.58127,0.00008,0.28074,-0.00010,0.70745,0.00007,0.70676,1,3,0.99810,0.05659,0.00812,-0.02299,0.07447,0.08112,0.63585,1,0
1768603711.206853,-0.76640,0.01323,0.29828,0.00108,-0.02677,-0.00355,0.58131,0.00008,0.28074,-0.00010,0.70745,0.00007,0.70676,1,3,0.99810,0.05659,0.00812,-0.02299,0.07447,0.08112,0.63585,1,0
1768603711.208849,-0.78225,0.02482,0.31553,0.00078,-0.02569,-0.00345,0.58131,0.00008,0.28074,-0.00010,0.70745,0.00007,0.70676,1,3,0.99810,0.05659,0.00812,-0.02299,0.07447,0.08112,0.63585,1,0
1768603711.210845,-0.79739,0.04934,0.30908,0.00127,-0.02554,-0.00234,0.58135,0.00008,0.28074,-0.00010,0.70745,0.00007,0.70676,1,3,0.99810,0.05659,0.00812,-0.02299,0.07447,0.08112,0.63585,1,0
1768603711.212845,-0.75160,0.01761,0.30934,0.00135,-0.02751,-0.00234,0.58135,0.00008,0.28074,-0.00010,0.70745,0.00007,0.70676,1,3,0.99810,0.05659,0.00812,-0.02299,0.07447,0.08112,0.63585,1,0
1768603711.214861,-0.87345,0.01408,0.31646,0.00085,-0.02808,-0.00217,0.58135,0.00008,0.28074,-0.00010,0.70745,0.00007,0.70676,1,3,0.99810,0.05659,0.00812,-0.02299,0.07447,0.08112,0.63585,1,0
1768603711.216861,-0.84248,-0.00745,0.30562,0.00103,-0.02734,-0.00317,0.58139,0.00008,0.28074,-0.00010,0.70745,0.00007,0.70676,1,3,0.99804,0.05728,0.00664,-0.02411,0.07466,0.08108,0.63587,1,0
1768603711.218857,-0.77422,0.02515,0.29596,0.00052,-0.02571,-0.00357,0.58143,0.00008,0.28074,-0.00010,0.70745,0.00007,0.70676,1,3,0.99804,0.05728,0.00664,-0.02411,0.07466,0.08108,0.63587,1,0
1768603711.220878,-0.68983,0.00361,0.26957,0.00075,-0.02515,-0.00355,0.58143,0.00008,0.28074,-0.00010,0.70745,0.00007,0.70676,1,3,0.99804,0.05728,0.00664,-0.02411,0.07466,0.08108,0.63587,1,0
1768603711.222956,-0.75858,0.02858,0.27726,0.00120,-0.02571,-0.00194,0.58147,0.00008,0.28074,-0.00010,0.70745,0.00007,0.70676,1,3,0.99804,0.05728,0.00664,-0.02411,0.07466,0.08108,0.63587,1,0
1768603711.224901,-0.81984,0.03370,0.28837,0.00101,-0.02689,-0.00099,0.58147,0.00008,0.28074,-0.00010,0.70745,0.00007,0.70676,1,3,0.99804,0.05728,0.00664,-0.02411,0.07466,0.08108,0.63587,1,0
1768603711.226908,-0.81929,0.03325,0.27981,0.00128,-0.02612,-0.00250,0.58147,0.00008,0.28074,-0.00010,0.70745,0.00007,0.70676,1,3,0.99804,0.05728,0.00664,-0.02411,0.07466,0.08108,0.63587,1,0
1768603711.228889,-0.78926,0.00427,0.29418,0.00039,-0.02573,-0.00383,0.58151,0.00008,0.28074,-0.00010,0.70745,0.00007,0.70676,1,3,0.99804,0.05728,0.00664,-0.02411,0.07466,0.08108,0.63587,1,0
1768603711.230879,-0.84996,0.01594,0.29029,0.00100,-0.02556,-0.00255,0.58151,0.00008,0.28074,-0.00010,0.70745,0.00007,0.70676,1,3,0.99804,0.05728,0.00664,-0.02411,0.07466,0.08108,0.63587,1,0
1768603711.232881,-0.89584,0.00897,0.30469,0.00097,-0.02713,-0.00248,0.58151,0.00008,0.28074,-0.00010,0.70745,0.00007,0.70676,1,3,0.99804,0.05728,0.00664,-0.02411,0.07466,0.08108,0.63587,1,0
1768603711.234882,-0.86566,0.02181,0.31201,0.00098,-0.02726,-0.00277,0.58159,0.00008,0.28074,-0.00010,0.70746,0.00007,0.70676,1,3,0.99804,0.05728,0.00664,-0.02411,0.07466,0.08108,0.63587,1,0
1768603711.236889,-0.81902,0.03919,0.27331,0.00088,-0.02707,-0.00409,0.58163,0.00008,0.28073,-0.00010,0.70746,0.00007,0.70676,1,3,0.99804,0.05728,0.00664,-0.02411,0.07466,0.08108,0.63587,1,0
1768603711.238883,-0.78095,0.01637,0.26602,0.00093,-0.02563,-0.00293,0.58163,0.00008,0.28073,-0.00010,0.70746,0.00007,0.70676,1,3,0.99804,0.05728,0.00664,-0.02411,0.07466,0.08108,0.63587,1,0
1768603711.240883,-0.77280,0.02001,0.24296,0.00134,-0.02547,-0.00193,0.58167,0.00008,0.28074,-0.00010,0.70746,0.00007,0.70676,1,3,0.99804,0.05728,0.00664,-0.02411,0.07466,0.08108,0.63587,1,0
1768603711.242880,-0.75854,0.01814,0.27233,0.00134,-0.02403,-0.00105,0.58167,0.00008,0.28074,-0.00010,0.70746,0.00007,0.70676,1,3,0.99804,0.05728,0.00664,-0.02411,0.07466,0.08108,0.63587,1,0
1768603711.244883,-0.77375,0.02012,0.28228,0.00147,-0.02587,-0.00196,0.58171,0.00008,0.28073,-0.00010,0.70746,0.00007,0.70676,1,3,0.99804,0.05728,0.00664,-0.02411,0.07466,0.08108,0.63587,1,0
1768603711.246884,-0.79006,0.03311,0.31920,0.00103,-0.02608,-0.00228,0.58171,0.00008,0.28073,-0.00010,0.70746,0.00007,0.70676,1,3,0.99804,0.05728,0.00664,-0.02411,0.07466,0.08108,0.63587,1,0
1768603711.248890,-0.80443,0.02461,0.29500,0.00130,-0.02594,-0.00266,0.58175,0.00008,0.28073,-0.00010,0.70746,0.00007,0.70675,1,3,0.99804,0.05728,0.00664,-0.02411,0.07466,0.08108,0.63587,1,0
1768603711.250889,-0.75873,0.01675,0.29052,0.00108,-0.02621,-0.00295,0.58175,0.00008,0.28073,-0.00010,0.70746,0.00007,0.70675,1,3,0.99804,0.05728,0.00664,-0.02411,0.07466,0.08108,0.63587,1,0
1768603711.252893,-0.72138,0.02183,0.30546,0.00109,-0.02319,-0.00214,0.58175,0.00008,0.28073,-0.00010,0.70746,0.00007,0.70675,1,3,0.99804,0.05728,0.00664,-0.02411,0.07466,0.08108,0.63587,1,0
1768603711.254892,-0.78972,0.03285,0.29936,0.00076,-0.02566,-0.00189,0.58179,0.00008,0.28073,-0.00010,0.70746,0.00007,0.70676,1,3,0.99804,0.05728,0.00664,-0.02411,0.07466,0.08108,0.63587,1,0
1768603711.256904,-0.79721,0.03513,0.29891,0.00076,-0.02785,-0.00217,0.58179,0.00008,0.28073,-0.00010,0.70746,0.00007,0.70676,1,3,0.99804,0.05728,0.00664,-0.02411,0.07466,0.08108,0.63587,1,0
1768603711.258890,-0.80482,0.01307,0.29663,0.00064,-0.02701,-0.00139,0.58183,0.00008,0.28073,-0.00010,0.70746,0.00007,0.70675,1,3,0.99803,0.05779,0.00730,-0.02348,0.07486,0.08104,0.63591,1,0
1768603711.260894,-0.74375,0.02288,0.29918,0.00202,-0.02501,-0.00137,0.58183,0.00008,0.28073,-0.00010,0.70746,0.00007,0.70675,1,3,0.99803,0.05779,0.00730,-0.02348,0.07486,0.08104,0.63591,1,0
1768603711.262964,-0.80462,0.03032,0.29789,0.00063,-0.02677,-0.00350,0.58187,0.00008,0.28073,-0.00010,0.70746,0.00007,0.70675,1,3,0.99803,0.05779,0.00730,-0.02348,0.07486,0.08104,0.63591,1,0
1768603711.264919,-0.82708,0.01590,0.28103,0.00049,-0.02501,-0.00294,0.58191,0.00008,0.28073,-0.00010,0.70746,0.00007,0.70675,1,3,0.99803,0.05779,0.00730,-0.02348,0.07486,0.08104,0.63591,1,0
1768603711.266906,-0.78908,0.03906,0.29277,0.00117,-0.02727,-0.00385,0.58191,0.00008,0.28073,-0.00010,0.70746,0.00007,0.70675,1,3,0.99803,0.05779,0.00730,-0.02348,0.07486,0.08104,0.63591,1,0
1768603711.268908,-0.74279,0.01558,0.26154,0.00110,-0.02481,-0.00317,0.58195,0.00008,0.28073,-0.00010,0.70747,0.00007,0.70675,1,3,0.99803,0.05779,0.00730,-0.02348,0.07486,0.08104,0.63591,1,0
1768603711.270890,-0.75850,0.04099,0.27057,0.00079,-0.02492,-0.00285,0.58195,0.00008,0.28073,-0.00010,0.70747,0.00007,0.70675,1,3,0.99803,0.05779,0.00730,-0.02348,0.07486,0.08104,0.63591,1,0
1768603711.272906,-0.78908,0.00827,0.28568,0.00079,-0.02605,-0.00272,0.58199,0.00008,0.28072,-0.00010,0.70747,0.00007,0.70674,1,3,0.99803,0.05779,0.00730,-0.02348,0.07486,0.08104,0.63591,1,0
1768603711.274927,-0.79680,-0.00066,0.29994,0.00160,-0.02631,-0.00210,0.58199,0.00008,0.28072,-0.00010,0.70747,0.00007,0.70674,1,3,0.99803,0.05779,0.00730,-0.02348,0.07486,0.08104,0.63591,1,0
1768603711.276909,-0.82734,0.02637,0.29943,0.00115,-0.02763,-0.00269,0.58203,0.00008,0.28072,-0.00010,0.70747,0.00007,0.70674,1,3,0.99803,0.05779,0.00730,-0.02348,0.07486,0.08104,0.63591,1,0
1768603711.278923,-0.81249,0.02991,0.30736,0.00075,-0.02666,-0.00300,0.58203,0.00008,0.28072,-0.00010,0.70747,0.00007,0.70674,1,3,0.99803,0.05779,0.00730,-0.02348,0.07486,0.08104,0.63591,1,0
1768603711.280937,-0.77365,0.05342,0.27729,0.00157,-0.02527,-0.00274,0.58207,0.00008,0.28072,-0.00010,0.70747,0.00007,0.70674,1,3,0.99803,0.05779,0.00730,-0.02348,0.07486,0.08104,0.63591,1,0
1768603711.282912,-0.80435,0.01185,0.28797,0.00091,-0.02559,-0.00251,0.58207,0.00008,0.28072,-0.00010,0.70747,0.00007,0.70674,1,3,0.99803,0.05779,0.00730,-0.02348,0.07486,0.08104,0.63591,1,0
1768603711.284938,-0.82722,0.01269,0.29813,0.00103,-0.02634,-0.00328,0.58207,0.00008,0.28072,-0.00010,0.70747,0.00007,0.70674,1,3,0.99803,0.05779,0.00730,-0.02348,0.07486,0.08104,0.63591,1,0
1768603711.286906,-0.82665,0.01377,0.27293,0.00090,-0.02730,-0.00290,0.58211,0.00008,0.28072,-0.00010,0.70747,0.00007,0.70674,1,3,0.99803,0.05779,0.00730,-0.02348,0.07486,0.08104,0.63591,1,0
1768603711.288931,-0.82731,0.00856,0.29993,0.00116,-0.02675,-0.00247,0.58211,0.00008,0.28072,-0.00010,0.70747,0.00007,0.70674,1,3,0.99803,0.05779,0.00730,-0.02348,0.07486,0.08104,0.63591,1,0
1768603711.290917,-0.81177,0.03720,0.28316,0.00102,-0.02542,-0.00344,0.58211,0.00008,0.28072,-0.00010,0.70747,0.00007,0.70674,1,3,0.99803,0.05779,0.00730,-0.02348,0.07486,0.08104,0.63591,1,0
1768603711.292922,-0.79647,0.01590,0.28021,0.00132,-0.02568,-0.00229,0.58215,0.00008,0.28073,-0.00010,0.70747,0.00007,0.70675,1,3,0.99803,0.05779,0.00730,-0.02348,0.07486,0.08104,0.63591,1,0
1768603711.294917,-0.81235,0.00423,0.30332,0.00051,-0.02606,-0.00307,0.58215,0.00008,0.28073,-0.00010,0.70747,0.00007,0.70675,1,3,0.99803,0.05779,0.00730,-0.02348,0.07486,0.08104,0.63591,1,0
1768603711.296944,-0.76639,0.01987,0.28937,0.00053,-0.02447,-0.00401,0.58219,0.00008,0.28072,-0.00010,0.70747,0.00007,0.70674,1,3,0.99797,0.05822,0.00637,-0.02506,0.07505,0.08101,0.63588,1,0
1768603711.298915,-0.75147,0.02738,0.29924,0.00067,-0.02370,-0.00398,0.58223,0.00008,0.28073,-0.00010,0.70747,0.00007,0.70675,1,3,0.99797,0.05822,0.00637,-0.02506,0.07505,0.08101,0.63588,1,0
1768603711.300954,-0.76704,0.03772,0.31312,0.00064,-0.02571,-0.00386,0.58223,0.00008,0.28073,-0.00010,0.70747,0.00007,0.70675,1,3,0.99797,0.05822,0.00637,-0.02506,0.07505,0.08101,0.63588,1,0
1768603711.302936,-0.78262,0.03435,0.32988,0.00076,-0.02682,-0.00358,0.58223,0.00008,0.28073,-0.00010,0.70747,0.00007,0.70675,1,3,0.99797,0.05822,0.00637,-0.02506,0.07505,0.08101,0.63588,1,0
1768603711.304954,-0.79027,0.03820,0.33222,0.00089,-0.02658,-0.00350,0.58227,0.00008,0.28073,-0.00010,0.70746,0.00007,0.70675,1,3,0.99797,0.05822,0.00637,-0.02506,0.07505,0.08101,0.63588,1,0
1768603711.306933,-0.82756,0.02149,0.30194,0.00088,-0.02695,-0.00225,0.58231,0.00008,0.28072,-0.00010,0.70747,0.00007,0.70675,1,3,0.99797,0.05822,0.00637,-0.02506,0.07505,0.08101,0.63588,1,0
1768603711.308982,-0.80507,0.01247,0.31253,0.00063,-0.02616,-0.00254,0.58231,0.00008,0.28072,-0.00010,0.70747,0.00007,0.70675,1,3,0.99797,0.05822,0.00637,-0.02506,0.07505,0.08101,0.63588,1,0
1768603711.310958,-0.76598,0.01613,0.26473,0.00094,-0.02587,-0.00128,0.58235,0.00008,0.28073,-0.00010,0.70746,0.00007,0.70675,1,3,0.99797,0.05822,0.00637,-0.02506,0.07505,0.08101,0.63588,1,0
1768603711.312968,-0.79630,0.00009,0.27452,0.00147,-0.02706,-0.00133,0.58235,0.00008,0.28073,-0.00010,0.70746,0.00007,0.70675,1,3,0.99797,0.05822,0.00637,-0.02506,0.07505,0.08101,0.63588,1,0
1768603711.314946,-0.77427,0.04037,0.29429,0.00130,-0.02507,-0.00184,0.58239,0.00008,0.28073,-0.00010,0.70747,0.00007,0.70675,1,3,0.99797,0.05822,0.00637,-0.02506,0.07505,0.08101,0.63588,1,0
1768603711.317020,-0.81186,0.00871,0.28552,0.00078,-0.02649,-0.00272,0.58243,0.00008,0.28073,-0.00010,0.70746,0.00007,0.70675,1,3,0.99797,0.05822,0.00637,-0.02506,0.07505,0.08101,0.63588,1,0
1768603711.318945,-0.82107,0.02976,0.34664,0.00087,-0.02684,-0.00290,0.58243,0.00008,0.28073,-0.00010,0.70746,0.00007,0.70675,1,3,0.99797,0.05822,0.00637,-0.02506,0.07505,0.08101,0.63588,1,0
1768603711.320944,-0.86601,0.04323,0.32945,0.00109,-0.02748,-0.00380,0.58247,0.00008,0.28073,-0.00010,0.70747,0.00007,0.70675,1,3,0.99797,0.05822,0.00637,-0.02506,0.07505,0.08101,0.63588,1,0
1768603711.322938,-0.77399,0.03866,0.29730,0.00145,-0.02722,-0.00334,0.58247,0.00008,0.28073,-0.00010,0.70747,0.00007,0.70675,1,3,0.99797,0.05822,0.00637,-0.02506,0.07505,0.08101,0.63588,1,0
1768603711.324950,-0.68939,0.01077,0.24863,0.00128,-0.02453,-0.00209,0.58247,0.00008,0.28073,-0.00010,0.70747,0.00007,0.70675,1,3,0.99797,0.05822,0.00637,-0.02506,0.07505,0.08101,0.63588,1,0
1768603711.326945,-0.69632,0.00464,0.22679,0.00169,-0.02283,-0.00186,0.58247,0.00008,0.28073,-0.00010,0.70747,0.00007,0.70675,1,3,0.99797,0.05822,0.00637,-0.02506,0.07505,0.08101,0.63588,1,0
1768603711.328946,-0.75878,0.00787,0.29156,0.00068,-0.02532,-0.00361,0.58251,0.00008,0.28072,-0.00010,0.70747,0.00007,0.70674,1,3,0.99797,0.05822,0.00637,-0.02506,0.07505,0.08101,0.63588,1,0
1768603711.330940,-0.79629,0.01450,0.27367,0.00052,-0.02751,-0.00380,0.58251,0.00008,0.28072,-0.00010,0.70747,0.00007,0.70674,1,3,0.99797,0.05822,0.00637,-0.02506,0.07505,0.08101,0.63588,1,0
1768603711.332952,-0.79707,0.01107,0.30515,0.00065,-0.02866,-0.00341,0.58255,0.00008,0.28073,-0.00010,0.70747,0.00007,0.70675,1,3,0.99797,0.05822,0.00637,-0.02506,0.07505,0.08101,0.63588,1,0
1768603711.334983,-0.84319,0.00008,0.32488,0.00088,-0.02667,-0.00252,0.58255,0.00008,0.28073,-0.00010,0.70747,0.00007,0.70675,1,3,0.99797,0.05822,0.00637,-0.02506,0.07505,0.08101,0.63588,1,0
1768603711.336972,-0.75157,0.02532,0.30494,0.00107,-0.02647,-0.00281,0.58259,0.00008,0.28073,-0.00010,0.70747,0.00007,0.70674,1,3,0.99795,0.05919,0.00669,-0.02342,0.07524,0.08097,0.63590,1,0
1768603711.339000,-0.77394,0.02520,0.28053,0.00052,-0.02589,-0.00280,0.58259,0.00008,0.28073,-0.00010,0.70747,0.00007,0.70674,1,3,0.99795,0.05919,0.00669,-0.02342,0.07524,0.08097,0.63590,1,0
1768603711.340960,-0.78893,0.03300,0.27490,0.00104,-0.02574,-0.00224,0.58264,0.00008,0.28073,-0.00010,0.70747,0.00007,0.70675,1,3,0.99795,0.05919,0.00669,-0.02342,0.07524,0.08097,0.63590,1,0
1768603711.343466,-0.74321,0.00797,0.27555,0.00110,-0.02595,-0.00233,0.58264,0.00008,0.28073,-0.00010,0.70747,0.00007,0.70675,1,3,0.99795,0.05919,0.00669,-0.02342,0.07524,0.08097,0.63590,1,0
1768603711.344979,-0.74273,0.02782,0.25860,0.00136,-0.02463,-0.00293,0.58268,0.00008,0.28073,-0.00010,0.70746,0.00007,0.70675,1,3,0.99795,0.05919,0.00669,-0.02342,0.07524,0.08097,0.63590,1,0
1768603711.346985,-0.73580,0.00397,0.28899,0.00098,-0.02579,-0.00356,0.58272,0.00008,0.28073,-0.00010,0.70746,0.00007,0.70675,1,3,0.99795,0.05919,0.00669,-0.02342,0.07524,0.08097,0.63590,1,0
1768603711.349003,-0.78937,0.00216,0.29447,0.00039,-0.02376,-0.00342,0.58272,0.00008,0.28073,-0.00010,0.70746,0.00007,0.70675,1,3,0.99795,0.05919,0.00669,-0.02342,0.07524,0.08097,0.63590,1,0
1768603711.350959,-0.76705,0.01674,0.32028,0.00106,-0.02628,-0.00323,0.58276,0.00008,0.28073,-0.00010,0.70746,0.00007,0.70675,1,3,0.99795,0.05919,0.00669,-0.02342,0.07524,0.08097,0.63590,1,0
1768603711.352962,-0.80510,0.01721,0.31955,0.00103,-0.02695,-0.00260,0.58276,0.00008,0.28073,-0.00010,0.70746,0.00007,0.70675,1,3,0.99795,0.05919,0.00669,-0.02342,0.07524,0.08097,0.63590,1,0
1768603711.354983,-0.81147,0.02250,0.27778,0.00117,-0.02767,-0.00326,0.58280,0.00008,0.28073,-0.00010,0.70746,0.00007,0.70675,1,3,0.99795,0.05919,0.00669,-0.02342,0.07524,0.08097,0.63590,1,0
1768603711.356989,-0.79603,0.02539,0.26534,0.00132,-0.02651,-0.00277,0.58280,0.00008,0.28073,-0.00010,0.70746,0.00007,0.70675,1,3,0.99795,0.05919,0.00669,-0.02342,0.07524,0.08097,0.63590,1,0
1768603711.358969,-0.76611,0.04117,0.27040,0.00078,-0.02514,-0.00273,0.58284,0.00008,0.28074,-0.00010,0.70746,0.00007,0.70675,1,3,0.99795,0.05919,0.00669,-0.02342,0.07524,0.08097,0.63590,1,0
1768603711.360996,-0.78890,0.02409,0.28141,0.00091,-0.02479,-0.00367,0.58284,0.00008,0.28074,-0.00010,0.70746,0.00007,0.70675,1,3,0.99795,0.05919,0.00669,-0.02342,0.07524,0.08097,0.63590,1,0
1768603711.362999,-0.81983,0.03324,0.29475,0.00088,-0.02594,-0.00252,0.58284,0.00008,0.28074,-0.00010,0.70746,0.00007,0.70675,1,3,0.99795,0.05919,0.00669,-0.02342,0.07524,0.08097,0.63590,1,0
1768603711.364980,-0.80364,0.01802,0.26583,0.00092,-0.02716,-0.00333,0.58288,0.00008,0.28073,-0.00010,0.70746,0.00007,0.70675,1,3,0.99795,0.05919,0.00669,-0.02342,0.07524,0.08097,0.63590,1,0
1768603711.366978,-0.78179,0.00860,0.30079,0.00080,-0.02630,-0.00324,0.58288,0.00008,0.28073,-0.00010,0.70746,0.00007,0.70675,1,3,0.99795,0.05919,0.00669,-0.02342,0.07524,0.08097,0.63590,1,0
1768603711.369003,-0.75867,0.01227,0.27861,0.00041,-0.02548,-0.00290,0.58292,0.00008,0.28074,-0.00010,0.70746,0.00007,0.70675,1,3,0.99795,0.05919,0.00669,-0.02342,0.07524,0.08097,0.63590,1,0
1768603711.371018,-0.78946,0.02446,0.30587,0.00104,-0.02537,-0.00369,0.58292,0.00008,0.28074,-0.00010,0.70746,0.00007,0.70675,1,3,0.99790,0.06030,0.00617,-0.02295,0.07563,0.08092,0.63605,1,0
1768603711.373002,-0.78113,0.02136,0.27313,0.00093,-0.02642,-0.00299,0.58296,0.00008,0.28074,-0.00010,0.70746,0.00007,0.70676,1,3,0.99790,0.06030,0.00617,-0.02295,0.07563,0.08092,0.63605,1,0
1768603711.374993,-0.76785,0.00868,0.34438,0.00079,-0.02687,-0.00239,0.58296,0.00008,0.28074,-0.00010,0.70746,0.00007,0.70676,1,3,0.99790,0.06030,0.00617,-0.02295,0.07563,0.08092,0.63605,1,0
1768603711.376984,-0.76672,0.03329,0.30055,0.00078,-0.02565,-0.00342,0.58300,0.00008,0.28074,-0.00010,0.70746,0.00007,0.70675,1,3,0.99790,0.06030,0.00617,-0.02295,0.07563,0.08092,0.63605,1,0
1768603711.378997,-0.77399,0.03547,0.29546,0.00092,-0.02768,-0.00407,0.58304,0.00008,0.28074,-0.00010,0.70746,0.00007,0.70675,1,3,0.99790,0.06030,0.00617,-0.02295,0.07563,0.08092,0.63605,1,0
1768603711.381010,-0.76676,0.01659,0.30009,0.00080,-0.02609,-0.00245,0.58304,0.00008,0.28074,-0.00010,0.70746,0.00007,0.70675,1,3,0.99790,0.06030,0.00617,-0.02295,0.07563,0.08092,0.63605,1,0
1768603711.382975,-0.76653,0.00876,0.30612,0.00108,-0.02646,-0.00388,0.58308,0.00008,0.28074,-0.00010,0.70746,0.00007,0.70676,1,3,0.99790,0.06030,0.00617,-0.02295,0.07563,0.08092,0.63605,1,0
1768603711.385006,-0.80469,0.02537,0.31131,0.00090,-0.02596,-0.00459,0.58308,0.00008,0.28074,-0.00010,0.70746,0.00007,0.70676,1,3,0.99790,0.06030,0.00617,-0.02295,0.07563,0.08092,0.63605,1,0
1768603711.387006,-0.74310,-0.00503,0.27659,0.00032,-0.02878,-0.00409,0.58312,0.00008,0.28074,-0.00010,0.70746,0.00007,0.70676,1,3,0.99790,0.06030,0.00617,-0.02295,0.07563,0.08092,0.63605,1,0
1768603711.389007,-0.75086,0.02551,0.27501,0.00108,-0.02661,-0.00241,0.58312,0.00008,0.28074,-0.00010,0.70746,0.00007,0.70676,1,3,0.99790,0.06030,0.00617,-0.02295,0.07563,0.08092,0.63605,1,0
1768603711.390991,-0.74414,0.00235,0.30220,0.00096,-0.02498,-0.00114,0.58316,0.00008,0.28074,-0.00010,0.70746,0.00007,0.70676,1,3,0.99790,0.06030,0.00617,-0.02295,0.07563,0.08092,0.63605,1,0
1768603711.393048,-0.79665,0.03270,0.28530,0.00117,-0.02540,-0.00288,0.58316,0.00008,0.28074,-0.00010,0.70746,0.00007,0.70676,1,3,0.99790,0.06030,0.00617,-0.02295,0.07563,0.08092,0.63605,1,0
1768603711.395025,-0.80445,0.01788,0.30505,0.00144,-0.02756,-0.00335,0.58316,0.00008,0.28074,-0.00010,0.70746,0.00007,0.70676,1,3,0.99790,0.06030,0.00617,-0.02295,0.07563,0.08092,0.63605,1,0
1768603711.397018,-0.82715,0.03464,0.29583,0.00088,-0.02680,-0.00431,0.58320,0.00008,0.28074,-0.00010,0.70746,0.00007,0.70676,1,3,0.99790,0.06030,0.00617,-0.02295,0.07563,0.08092,0.63605,1,0
1768603711.399005,-0.62966,-0.01171,0.29440,0.00054,-0.02660,-0.00365,0.58320,0.00008,0.28074,-0.00010,0.70746,0.00007,0.70676,1,3,0.99790,0.06030,0.00617,-0.02295,0.07563,0.08092,0.63605,1,0
1768603711.401024,-0.62937,-0.00021,0.28219,0.00066,-0.02544,-0.00377,0.58325,0.00008,0.28074,-0.00010,0.70746,0.00007,0.70676,1,3,0.99790,0.06030,0.00617,-0.02295,0.07563,0.08092,0.63605,1,0
1768603711.403019,-0.78140,0.01241,0.28880,0.00093,-0.02579,-0.00366,0.58325,0.00008,0.28074,-0.00010,0.70746,0.00007,0.70676,1,3,0.99790,0.06030,0.00617,-0.02295,0.07563,0.08092,0.63605,1,0
1768603711.405028,-0.82735,0.04399,0.29418,0.00086,-0.02813,-0.00290,0.58328,0.00008,0.28073,-0.00010,0.70746,0.00007,0.70675,1,3,0.99790,0.06030,0.00617,-0.02295,0.07563,0.08092,0.63605,1,0
1768603711.407001,-0.78891,0.03016,0.28178,0.00145,-0.02741,-0.00221,0.58328,0.00008,0.28073,-0.00010,0.70746,0.00007,0.70675,1,3,0.99790,0.06030,0.00617,-0.02295,0.07563,0.08092,0.63605,1,0
1768603711.409001,-0.78176,0.01142,0.29312,0.00079,-0.02509,-0.00251,0.58332,0.00008,0.28073,-0.00010,0.70746,0.00007,0.70675,1,3,0.99790,0.06030,0.00617,-0.02295,0.07563,0.08092,0.63605,1,0
1768603711.411008,-0.80456,0.00840,0.29600,0.00051,-0.02593,-0.00324,0.58332,0.00008,0.28073,-0.00010,0.70746,0.00007,0.70675,1,3,0.99788,0.06066,0.00474,-0.02290,0.07588,0.08093,0.63640,1,0
1768603711.413026,-0.80472,0.04300,0.29980,0.00075,-0.02697,-0.00328,0.58336,0.00008,0.28073,-0.00010,0.70746,0.00007,0.70675,1,3,0.99788,0.06066,0.00474,-0.02290,0.07588,0.08093,0.63640,1,0
1768603711.415012,-0.80420,0.01277,0.28353,0.00065,-0.02608,-0.00328,0.58336,0.00008,0.28073,-0.00010,0.70746,0.00007,0.70675,1,3,0.99788,0.06066,0.00474,-0.02290,0.07588,0.08093,0.63640,1,0
1768603711.417027,-0.72858,0.02806,0.29346,0.00082,-0.02464,-0.00322,0.58336,0.00008,0.28073,-0.00010,0.70746,0.00007,0.70675,1,3,0.99788,0.06066,0.00474,-0.02290,0.07588,0.08093,0.63640,1,0
1768603711.419014,-0.78190,0.03211,0.29503,0.00090,-0.02484,-0.00238,0.58340,0.00008,0.28073,-0.00010,0.70746,0.00007,0.70675,1,3,0.99788,0.06066,0.00474,-0.02290,0.07588,0.08093,0.63640,1,0
1768603711.421016,-0.76703,0.02617,0.32501,0.00133,-0.02732,-0.00372,0.58340,0.00008,0.28073,-0.00010,0.70746,0.00007,0.70675,1,3,0.99788,0.06066,0.00474,-0.02290,0.07588,0.08093,0.63640,1,0
1768603711.423007,-0.79013,0.02586,0.32427,0.00090,-0.02711,-0.00258,0.58348,0.00008,0.28073,-0.00010,0.70746,0.00007,0.70675,1,3,0.99788,0.06066,0.00474,-0.02290,0.07588,0.08093,0.63640,1,0
1768603711.425019,-0.72847,0.02064,0.28253,0.00069,-0.02587,-0.00199,0.58348,0.00008,0.28073,-0.00010,0.70746,0.00007,0.70675,1,3,0.99788,0.06066,0.00474,-0.02290,0.07588,0.08093,0.63640,1,0
1768603711.427037,-0.72829,0.02738,0.28225,0.00149,-0.02478,-0.00167,0.58352,0.00008,0.28073,-0.00010,0.70747,0.00007,0.70675,1,3,0.99788,0.06066,0.00474,-0.02290,0.07588,0.08093,0.63640,1,0
1768603711.429054,-0.75098,-0.00023,0.27163,0.00003,-0.02535,-0.00288,0.58352,0.00008,0.28073,-0.00010,0.70747,0.00007,0.70675,1,3,0.99788,0.06066,0.00474,-0.02290,0.07588,0.08093,0.63640,1,0
1768603711.431018,-0.77434,0.02931,0.30764,0.00118,-0.02622,-0.00324,0.58356,0.00008,0.28072,-0.00010,0.70747,0.00007,0.70674,1,3,0.99788,0.06066,0.00474,-0.02290,0.07588,0.08093,0.63640,1,0
1768603711.433018,-0.81206,0.00418,0.29674,0.00145,-0.02701,-0.00153,0.58356,0.00008,0.28072,-0.00010,0.70747,0.00007,0.70674,1,3,0.99788,0.06066,0.00474,-0.02290,0.07588,0.08093,0.63640,1,0
1768603711.435021,-0.74407,0.02492,0.30454,0.00107,-0.02626,-0.00217,0.58360,0.00008,0.28073,-0.00010,0.70747,0.00007,0.70675,1,3,0.99788,0.06066,0.00474,-0.02290,0.07588,0.08093,0.63640,1,0
1768603711.437026,-0.78126,-0.00028,0.27984,0.00135,-0.02656,-0.00159,0.58360,0.00008,0.28073,-0.00010,0.70747,0.00007,0.70675,1,3,0.99788,0.06066,0.00474,-0.02290,0.07588,0.08093,0.63640,1,0
1768603711.439030,-0.82715,0.03019,0.28617,0.00128,-0.02757,-0.00158,0.58364,0.00008,0.28073,-0.00010,0.70747,0.00007,0.70675,1,3,0.99788,0.06066,0.00474,-0.02290,0.07588,0.08093,0.63640,1,0
1768603711.441020,-0.81156,0.02564,0.27531,0.00103,-0.02661,-0.00292,0.58364,0.00008,0.28073,-0.00010,0.70747,0.00007,0.70675,1,3,0.99788,0.06066,0.00474,-0.02290,0.07588,0.08093,0.63640,1,0
1768603711.443018,-0.70559,0.00352,0.28430,0.00033,-0.02497,-0.00331,0.58364,0.00008,0.28073,-0.00010,0.70747,0.00007,0.70675,1,3,0.99788,0.06066,0.00474,-0.02290,0.07588,0.08093,0.63640,1,0
1768603711.445019,-0.69783,0.02646,0.28443,0.00112,-0.02300,-0.00370,0.58369,0.00008,0.28073,-0.00010,0.70747,0.00007,0.70675,1,3,0.99788,0.06066,0.00474,-0.02290,0.07588,0.08093,0.63640,1,0
1768603711.447019,-0.79564,0.02102,0.24937,0.00079,-0.02562,-0.00386,0.58369,0.00008,0.28073,-0.00010,0.70747,0.00007,0.70675,1,3,0.99780,0.06141,0.00709,-0.02391,0.07601,0.08082,0.63588,1,0
1768603711.449029,-0.80471,0.00812,0.30508,0.00104,-0.02625,-0.00248,0.58373,0.00008,0.28073,-0.00010,0.70747,0.00007,0.70675,1,3,0.99780,0.06141,0.00709,-0.02391,0.07601,0.08082,0.63588,1,0
1768603711.451025,-0.79641,0.00868,0.28110,0.00093,-0.02632,-0.00335,0.58373,0.00008,0.28073,-0.00010,0.70747,0.00007,0.70675,1,3,0.99780,0.06141,0.00709,-0.02391,0.07601,0.08082,0.63588,1,0
1768603711.453027,-0.72123,-0.01163,0.31864,0.00100,-0.02718,-0.00365,0.58373,0.00008,0.28073,-0.00010,0.70747,0.00007,0.70675,1,3,0.99780,0.06141,0.00709,-0.02391,0.07601,0.08082,0.63588,1,0
1768603711.455045,-0.78946,0.03816,0.30299,0.00090,-0.02627,-0.00385,0.58377,0.00008,0.28073,-0.00010,0.70747,0.00007,0.70675,1,3,0.99780,0.06141,0.00709,-0.02391,0.07601,0.08082,0.63588,1,0
1768603711.457037,-0.72046,0.03662,0.26742,0.00109,-0.02518,-0.00191,0.58381,0.00008,0.28073,-0.00010,0.70747,0.00007,0.70675,1,3,0.99780,0.06141,0.00709,-0.02391,0.07601,0.08082,0.63588,1,0
1768603711.459047,-0.74343,0.02290,0.27525,0.00108,-0.02421,-0.00175,0.58385,0.00008,0.28073,-0.00010,0.70746,0.00007,0.70675,1,3,0.99780,0.06141,0.00709,-0.02391,0.07601,0.08082,0.63588,1,0
1768603711.461068,-0.75898,0.03224,0.28973,0.00106,-0.02512,-0.00200,0.58385,0.00008,0.28073,-0.00010,0.70746,0.00007,0.70675,1,3,0.99780,0.06141,0.00709,-0.02391,0.07601,0.08082,0.63588,1,0
1768603711.463058,-0.78221,0.01389,0.31730,0.00092,-0.02763,-0.00294,0.58389,0.00008,0.28073,-0.00010,0.70746,0.00007,0.70675,1,3,0.99780,0.06141,0.00709,-0.02391,0.07601,0.08082,0.63588,1,0
1768603711.465061,-0.76645,0.03451,0.29553,0.00092,-0.02680,-0.00381,0.58389,0.00008,0.28073,-0.00010,0.70746,0.00007,0.70675,1,3,0.99780,0.06141,0.00709,-0.02391,0.07601,0.08082,0.63588,1,0
1768603711.467119,-0.72720,-0.01288,0.24485,0.00061,-0.02545,-0.00307,0.58393,0.00008,0.28073,-0.00010,0.70746,0.00007,0.70675,1,3,0.99780,0.06141,0.00709,-0.02391,0.07601,0.08082,0.63588,1,0
1768603711.469046,-0.71299,0.01169,0.28462,0.00072,-0.02475,-0.00404,0.58393,0.00008,0.28073,-0.00010,0.70746,0.00007,0.70675,1,3,0.99780,0.06141,0.00709,-0.02391,0.07601,0.08082,0.63588,1,0
1768603711.471056,-0.78871,0.00845,0.27197,0.00040,-0.02556,-0.00386,0.58397,0.00008,0.28073,-0.00010,0.70746,0.00007,0.70675,1,3,0.99780,0.06141,0.00709,-0.02391,0.07601,0.08082,0.63588,1,0
1768603711.473048,-0.76688,0.01418,0.31808,0.00094,-0.02762,-0.00396,0.58397,0.00008,0.28073,-0.00010,0.70746,0.00007,0.70675,1,3,0.99780,0.06141,0.00709,-0.02391,0.07601,0.08082,0.63588,1,0
1768603711.475052,-0.75872,0.02074,0.29325,0.00121,-0.02596,-0.00338,0.58401,0.00008,0.28074,-0.00010,0.70746,0.00007,0.70675,1,3,0.99780,0.06141,0.00709,-0.02391,0.07601,0.08082,0.63588,1,0
1768603711.477058,-0.71350,0.03266,0.30012,0.00123,-0.02543,-0.00277,0.58401,0.00008,0.28074,-0.00010,0.70746,0.00007,0.70675,1,3,0.99780,0.06141,0.00709,-0.02391,0.07601,0.08082,0.63588,1,0
1768603711.479070,-0.75877,0.03268,0.29088,0.00106,-0.02511,-0.00352,0.58401,0.00008,0.28074,-0.00010,0.70746,0.00007,0.70675,1,3,0.99780,0.06141,0.00709,-0.02391,0.07601,0.08082,0.63588,1,0
1768603711.481040,-0.78861,0.00476,0.26866,0.00067,-0.02648,-0.00305,0.58405,0.00008,0.28074,-0.00010,0.70746,0.00007,0.70675,1,3,0.99780,0.06141,0.00709,-0.02391,0.07601,0.08082,0.63588,1,0
1768603711.483039,-0.78938,0.00824,0.29484,0.00092,-0.02638,-0.00196,0.58405,0.00008,0.28074,-0.00010,0.70746,0.00007,0.70675,1,3,0.99780,0.06141,0.00709,-0.02391,0.07601,0.08082,0.63588,1,0
1768603711.485041,-0.78203,0.00409,0.29806,0.00026,-0.02590,-0.00244,0.58409,0.00008,0.28074,-0.00010,0.70746,0.00007,0.70675,1,3,0.99780,0.06141,0.00709,-0.02391,0.07601,0.08082,0.63588,1,0
1768603711.487072,-0.78886,0.02605,0.28566,0.00118,-0.02692,-0.00369,0.58409,0.00008,0.28074,-0.00010,0.70746,0.00007,0.70675,1,3,0.99774,0.06179,0.00773,-0.02542,0.07620,0.08078,0.63580,1,0
1768603711.489102,-0.79599,0.01854,0.26098,0.00066,-0.02744,-0.00346,0.58413,0.00008,0.28074,-0.00010,0.70746,0.00007,0.70675,1,3,0.99774,0.06179,0.00773,-0.02542,0.07620,0.08078,0.63580,1,0
1768603711.491066,-0.73598,0.00733,0.28582,0.00083,-0.02517,-0.00246,0.58413,0.00008,0.28074,-0.00010,0.70746,0.00007,0.70675,1,3,0.99774,0.06179,0.00773,-0.02542,0.07620,0.08078,0.63580,1,0
1768603711.493072,-0.78131,0.02410,0.28634,0.00119,-0.02495,-0.00379,0.58417,0.00008,0.28074,-0.00010,0.70746,0.00007,0.70676,1,3,0.99774,0.06179,0.00773,-0.02542,0.07620,0.08078,0.63580,1,0
1768603711.495079,-0.81181,0.00424,0.28837,0.00092,-0.02624,-0.00305,0.58421,0.00008,0.28074,-0.00010,0.70746,0.00007,0.70676,1,3,0.99774,0.06179,0.00773,-0.02542,0.07620,0.08078,0.63580,1,0
1768603711.497073,-0.77348,0.02960,0.27864,0.00120,-0.02613,-0.00398,0.58421,0.00008,0.28074,-0.00010,0.70746,0.00007,0.70676,1,3,0.99774,0.06179,0.00773,-0.02542,0.07620,0.08078,0.63580,1,0
1768603711.499074,-0.66665,0.00275,0.26307,0.00038,-0.02764,-0.00544,0.58425,0.00008,0.28074,-0.00010,0.70745,0.00007,0.70676,1,3,0.99774,0.06179,0.00773,-0.02542,0.07620,0.08078,0.63580,1,0
1768603711.501071,-0.65265,-0.01926,0.31477,0.00080,-0.02745,-0.00471,0.58425,0.00008,0.28074,-0.00010,0.70745,0.00007,0.70676,1,3,0.99774,0.06179,0.00773,-0.02542,0.07620,0.08078,0.63580,1,0
1768603711.503119,-0.76699,0.02561,0.32549,0.00133,-0.02666,-0.00410,0.58429,0.00008,0.28074,-0.00010,0.70745,0.00007,0.70676,1,3,0.99774,0.06179,0.00773,-0.02542,0.07620,0.08078,0.63580,1,0
1768603711.505079,-0.74393,0.02710,0.30936,0.00135,-0.02838,-0.00296,0.58429,0.00008,0.28074,-0.00010,0.70745,0.00007,0.70676,1,3,0.99774,0.06179,0.00773,-0.02542,0.07620,0.08078,0.63580,1,0
1768603711.507091,-0.70644,0.04200,0.31961,0.00109,-0.02629,-0.00303,0.58433,0.00008,0.28074,-0.00010,0.70745,0.00007,0.70676,1,3,0.99774,0.06179,0.00773,-0.02542,0.07620,0.08078,0.63580,1,0
1768603711.509099,-0.71234,0.00666,0.24494,0.00113,-0.02501,-0.00051,0.58433,0.00008,0.28074,-0.00010,0.70745,0.00007,0.70676,1,3,0.99774,0.06179,0.00773,-0.02542,0.07620,0.08078,0.63580,1,0
1768603711.511132,-0.73582,0.01499,0.26506,0.00056,-0.02455,-0.00102,0.58437,0.00008,0.28074,-0.00010,0.70746,0.00007,0.70676,1,3,0.99774,0.06179,0.00773,-0.02542,0.07620,0.08078,0.63580,1,0
1768603711.513096,-0.75884,0.00363,0.28746,0.00095,-0.02603,-0.00165,0.58437,0.00008,0.28074,-0.00010,0.70746,0.00007,0.70676,1,3,0.99774,0.06179,0.00773,-0.02542,0.07620,0.08078,0.63580,1,0
1768603711.515109,-0.78139,0.02656,0.28579,0.00079,-0.02714,-0.00383,0.58437,0.00008,0.28074,-0.00010,0.70746,0.00007,0.70676,1,3,0.99774,0.06179,0.00773,-0.02542,0.07620,0.08078,0.63580,1,0
1768603711.517084,-0.75888,0.02554,0.29560,0.00093,-0.02636,-0.00344,0.58437,0.00008,0.28074,-0.00010,0.70746,0.00007,0.70676,1,3,0.99774,0.06179,0.00773,-0.02542,0.07620,0.08078,0.63580,1,0
1768603711.519106,-0.76660,0.02007,0.29286,0.00080,-0.02531,-0.00249,0.58441,0.00008,0.28074,-0.00010,0.70746,0.00007,0.70676,1,3,0.99774,0.06179,0.00773,-0.02542,0.07620,0.08078,0.63580,1,0
1768603711.521091,-0.77428,0.01602,0.28858,0.00106,-0.02623,-0.00040,0.58445,0.00008,0.28074,-0.00010,0.70746,0.00007,0.70676,1,3,0.99774,0.06179,0.00773,-0.02542,0.07620,0.08078,0.63580,1,0
1768603711.523116,-0.77474,0.01278,0.30715,0.00039,-0.02645,-0.00191,0.58445,0.00008,0.28074,-0.00010,0.70746,0.00007,0.70676,1,3,0.99774,0.06179,0.00773,-0.02542,0.07620,0.08078,0.63580,1,0
1768603711.525085,-0.75933,-0.00687,0.32506,0.00136,-0.02820,-0.00307,0.58449,0.00008,0.28074,-0.00010,0.70746,0.00007,0.70676,1,3,0.99774,0.06179,0.00773,-0.02542,0.07620,0.08078,0.63580,1,0
1768603711.527094,-0.78900,0.03484,0.29074,0.00104,-0.02708,-0.00418,0.58449,0.00008,0.28074,-0.00010,0.70746,0.00007,0.70676,1,3,0.99778,0.06218,0.00497,-0.02341,0.07643,0.08078,0.63615,1,0
1768603711.529092,-0.73606,0.02418,0.30148,0.00122,-0.02498,-0.00419,0.58449,0.00008,0.28074,-0.00010,0.70746,0.00007,0.70676,1,3,0.99778,0.06218,0.00497,-0.02341,0.07643,0.08078,0.63615,1,0
1768603711.531101,-0.72754,0.04463,0.25380,0.00108,-0.02425,-0.00339,0.58453,0.00008,0.28074,-0.00010,0.70746,0.00007,0.70675,1,3,0.99778,0.06218,0.00497,-0.02341,0.07643,0.08078,0.63615,1,0
1768603711.533100,-0.75821,0.02404,0.26504,0.00134,-0.02542,-0.00187,0.58457,0.00008,0.28073,-0.00010,0.70746,0.00007,0.70675,1,3,0.99778,0.06218,0.00497,-0.02341,0.07643,0.08078,0.63615,1,0
1768603711.535095,-0.80492,0.02593,0.30956,0.00089,-0.02707,-0.00270,0.58457,0.00008,0.28073,-0.00010,0.70746,0.00007,0.70675,1,3,0.99778,0.06218,0.00497,-0.02341,0.07643,0.08078,0.63615,1,0
1768603711.537085,-0.76591,0.01389,0.27400,0.00055,-0.02685,-0.00393,0.58461,0.00008,0.28073,-0.00010,0.70747,0.00007,0.70674,1,3,0.99778,0.06218,0.00497,-0.02341,0.07643,0.08078,0.63615,1,0
1768603711.539093,-0.75063,0.03668,0.26258,0.00120,-0.02523,-0.00215,0.58465,0.00008,0.28072,-0.00010,0.70747,0.00007,0.70674,1,3,0.99778,0.06218,0.00497,-0.02341,0.07643,0.08078,0.63615,1,0
1768603711.541109,-0.73514,0.02764,0.25251,0.00149,-0.02492,-0.00152,0.58465,0.00008,0.28072,-0.00010,0.70747,0.00007,0.70674,1,3,0.99778,0.06218,0.00497,-0.02341,0.07643,0.08078,0.63615,1,0
1768603711.543096,-0.75045,0.01133,0.25250,0.00109,-0.02536,-0.00108,0.58469,0.00008,0.28072,-0.00010,0.70747,0.00007,0.70674,1,3,0.99778,0.06218,0.00497,-0.02341,0.07643,0.08078,0.63615,1,0
1768603711.545088,-0.76603,-0.00003,0.27005,0.00082,-0.02646,-0.00147,0.58469,0.00008,0.28072,-0.00010,0.70747,0.00007,0.70674,1,3,0.99778,0.06218,0.00497,-0.02341,0.07643,0.08078,0.63615,1,0
1768603711.547119,-0.75889,-0.00362,0.29879,0.00069,-0.02655,-0.00348,0.58473,0.00008,0.28073,-0.00010,0.70747,0.00007,0.70675,1,3,0.99778,0.06218,0.00497,-0.02341,0.07643,0.08078,0.63615,1,0
1768603711.549123,-0.69774,0.04672,0.28467,0.00070,-0.02562,-0.00548,0.58473,0.00008,0.28073,-0.00010,0.70747,0.00007,0.70675,1,3,0.99778,0.06218,0.00497,-0.02341,0.07643,0.08078,0.63615,1,0
1768603711.551111,-0.74317,0.01887,0.27925,0.00122,-0.02394,-0.00360,0.58477,0.00008,0.28072,-0.00010,0.70747,0.00007,0.70674,1,3,0.99778,0.06218,0.00497,-0.02341,0.07643,0.08078,0.63615,1,0
1768603711.553097,-0.74355,0.01568,0.28111,0.00055,-0.02479,-0.00281,0.58477,0.00008,0.28072,-0.00010,0.70747,0.00007,0.70674,1,3,0.99778,0.06218,0.00497,-0.02341,0.07643,0.08078,0.63615,1,0
1768603711.555100,-0.72072,0.02367,0.28662,0.00083,-0.02429,-0.00367,0.58477,0.00008,0.28072,-0.00010,0.70747,0.00007,0.70674,1,3,0.99778,0.06218,0.00497,-0.02341,0.07643,0.08078,0.63615,1,0
1768603711.557099,-0.76693,0.03448,0.30968,0.00092,-0.02707,-0.00306,0.58477,0.00008,0.28072,-0.00010,0.70747,0.00007,0.70674,1,3,0.99778,0.06218,0.00497,-0.02341,0.07643,0.08078,0.63615,1,0
1768603711.559100,-0.76723,0.03799,0.32171,0.00118,-0.02670,-0.00272,0.58481,0.00008,0.28072,-0.00010,0.70747,0.00007,0.70674,1,3,0.99778,0.06218,0.00497,-0.02341,0.07643,0.08078,0.63615,1,0
1768603711.561111,-0.75902,0.04188,0.30002,0.00119,-0.02609,-0.00326,0.58481,0.00008,0.28072,-0.00010,0.70747,0.00007,0.70674,1,3,0.99778,0.06218,0.00497,-0.02341,0.07643,0.08078,0.63615,1,0
1768603711.563112,-0.74377,0.03623,0.28757,0.00093,-0.02471,-0.00230,0.58485,0.00008,0.28072,-0.00010,0.70747,0.00007,0.70674,1,3,0.99778,0.06218,0.00497,-0.02341,0.07643,0.08078,0.63615,1,0
1768603711.565095,-0.74237,0.02265,0.23548,0.00136,-0.02403,-0.00133,0.58489,0.00008,0.28072,-0.00010,0.70748,0.00007,0.70674,1,3,0.99778,0.06218,0.00497,-0.02341,0.07643,0.08078,0.63615,1,0
1768603711.567113,-0.75891,0.01077,0.28772,0.00094,-0.02471,-0.00174,0.58489,0.00008,0.28072,-0.00010,0.70748,0.00007,0.70674,1,3,0.99773,0.06295,0.00530,-0.02352,0.07663,0.08075,0.63618,1,0
1768603711.569100,-0.79750,0.02283,0.31648,0.00090,-0.02830,-0.00241,0.58489,0.00008,0.28072,-0.00010,0.70748,0.00007,0.70674,1,3,0.99773,0.06295,0.00530,-0.02352,0.07663,0.08075,0.63618,1,0
1768603711.571101,-0.77428,0.02797,0.30414,0.00106,-0.02910,-0.00284,0.58493,0.00008,0.28072,-0.00010,0.70748,0.00007,0.70674,1,3,0.99773,0.06295,0.00530,-0.02352,0.07663,0.08075,0.63618,1,0
1768603711.573159,-0.72068,0.04091,0.27954,0.00135,-0.02546,-0.00196,0.58493,0.00008,0.28072,-0.00010,0.70748,0.00007,0.70674,1,3,0.99773,0.06295,0.00530,-0.02352,0.07663,0.08075,0.63618,1,0
1768603711.575174,-0.73572,0.01440,0.27100,0.00083,-0.02382,-0.00215,0.58501,0.00008,0.28071,-0.00010,0.70748,0.00007,0.70673,1,3,0.99773,0.06295,0.00530,-0.02352,0.07663,0.08075,0.63618,1,0
1768603711.577151,-0.69754,0.01885,0.25750,0.00099,-0.02442,-0.00093,0.58501,0.00008,0.28071,-0.00010,0.70748,0.00007,0.70673,1,3,0.99773,0.06295,0.00530,-0.02352,0.07663,0.08075,0.63618,1,0
1768603711.579140,-0.78871,0.01308,0.27308,0.00093,-0.02664,-0.00277,0.58501,0.00008,0.28071,-0.00010,0.70748,0.00007,0.70673,1,3,0.99773,0.06295,0.00530,-0.02352,0.07663,0.08075,0.63618,1,0
1768603711.581126,-0.79668,0.03425,0.29048,0.00103,-0.02664,-0.00367,0.58505,0.00008,0.28071,-0.00010,0.70748,0.00007,0.70673,1,3,0.99773,0.06295,0.00530,-0.02352,0.07663,0.08075,0.63618,1,0
1768603711.583167,-0.78212,0.03919,0.31310,0.00063,-0.02703,-0.00439,0.58509,0.00008,0.28071,-0.00010,0.70749,0.00007,0.70673,1,3,0.99773,0.06295,0.00530,-0.02352,0.07663,0.08075,0.63618,1,0
1768603711.585140,-0.75883,0.03589,0.29352,0.00119,-0.02420,-0.00356,0.58509,0.00008,0.28071,-0.00010,0.70749,0.00007,0.70673,1,3,0.99773,0.06295,0.00530,-0.02352,0.07663,0.08075,0.63618,1,0
1768603711.587143,-0.75801,-0.00823,0.26651,0.00098,-0.02628,-0.00301,0.58513,0.00008,0.28071,-0.00010,0.70749,0.00007,0.70673,1,3,0.99773,0.06295,0.00530,-0.02352,0.07663,0.08075,0.63618,1,0
1768603711.589122,-0.80426,0.01662,0.29080,0.00104,-0.02599,-0.00333,0.58513,0.00008,0.28071,-0.00010,0.70749,0.00007,0.70673,1,3,0.99773,0.06295,0.00530,-0.02352,0.07663,0.08075,0.63618,1,0
1768603711.591142,-0.78923,0.01369,0.29892,0.00066,-0.02676,-0.00432,0.58513,0.00008,0.28071,-0.00010,0.70749,0.00007,0.70673,1,3,0.99773,0.06295,0.00530,-0.02352,0.07663,0.08075,0.63618,1,0
1768603711.593131,-0.75128,0.03381,0.30191,0.00080,-0.02563,-0.00520,0.58513,0.00008,0.28071,-0.00010,0.70749,0.00007,0.70673,1,3,0.99773,0.06295,0.00530,-0.02352,0.07663,0.08075,0.63618,1,0
1768603711.595146,-0.72804,0.03616,0.26887,0.00068,-0.02407,-0.00330,0.58517,0.00008,0.28071,-0.00010,0.70749,0.00007,0.70673,1,3,0.99773,0.06295,0.00530,-0.02352,0.07663,0.08075,0.63618,1,0
1768603711.597137,-0.71281,0.02378,0.26647,0.00057,-0.02431,-0.00303,0.58517,0.00008,0.28071,-0.00010,0.70749,0.00007,0.70673,1,3,0.99773,0.06295,0.00530,-0.02352,0.07663,0.08075,0.63618,1,0
1768603711.599154,-0.69038,0.02877,0.27860,0.00045,-0.02504,-0.00310,0.58521,0.00008,0.28071,-0.00010,0.70749,0.00007,0.70673,1,3,0.99773,0.06295,0.00530,-0.02352,0.07663,0.08075,0.63618,1,0
1768603711.601158,-0.72892,0.02778,0.30752,0.00122,-0.02491,-0.00246,0.58521,0.00008,0.28071,-0.00010,0.70749,0.00007,0.70673,1,3,0.99773,0.06295,0.00530,-0.02352,0.07663,0.08075,0.63618,1,0
1768603711.603148,-0.72112,0.03420,0.30036,0.00082,-0.02652,-0.00343,0.58525,0.00008,0.28071,-0.00010,0.70749,0.00007,0.70672,1,3,0.99773,0.06295,0.00530,-0.02352,0.07663,0.08075,0.63618,1,0
1768603711.605152,-0.66712,0.01782,0.27589,0.00116,-0.02704,-0.00334,0.58525,0.00008,0.28071,-0.00010,0.70749,0.00007,0.70672,1,3,0.99769,0.06366,0.00485,-0.02313,0.07686,0.08075,0.63644,1,0
1768603711.607149,-0.73593,0.03266,0.26910,0.00081,-0.02559,-0.00085,0.58529,0.00008,0.28071,-0.00010,0.70749,0.00007,0.70673,1,3,0.99769,0.06366,0.00485,-0.02313,0.07686,0.08075,0.63644,1,0
1768603711.609145,-0.73684,0.02429,0.31480,0.00081,-0.02548,-0.00231,0.58529,0.00008,0.28071,-0.00010,0.70749,0.00007,0.70673,1,3,0.99769,0.06366,0.00485,-0.02313,0.07686,0.08075,0.63644,1,0
1768603711.611154,-0.77443,0.03326,0.29980,0.00077,-0.02588,-0.00253,0.58533,0.00008,0.28071,-0.00010,0.70749,0.00007,0.70673,1,3,0.99769,0.06366,0.00485,-0.02313,0.07686,0.08075,0.63644,1,0
1768603711.613165,-0.82810,0.01276,0.32189,0.00075,-0.02670,-0.00217,0.58537,0.00008,0.28071,-0.00010,0.70749,0.00007,0.70673,1,3,0.99769,0.06366,0.00485,-0.02313,0.07686,0.08075,0.63644,1,0
1768603711.615153,-0.79701,0.01297,0.29693,0.00105,-0.02701,-0.00189,0.58537,0.00008,0.28071,-0.00010,0.70749,0.00007,0.70673,1,3,0.99769,0.06366,0.00485,-0.02313,0.07686,0.08075,0.63644,1,0
1768603711.617153,-0.75851,0.00828,0.27090,0.00042,-0.02579,-0.00246,0.58541,0.00008,0.28071,-0.00010,0.70749,0.00007,0.70673,1,3,0.99769,0.06366,0.00485,-0.02313,0.07686,0.08075,0.63644,1,0
1768603711.619934,-0.71351,0.02804,0.29275,0.00083,-0.02487,-0.00234,0.58545,0.00008,0.28071,-0.00010,0.70748,0.00007,0.70673,1,3,0.99769,0.06366,0.00485,-0.02313,0.07686,0.08075,0.63644,1,0
1768603711.621143,-0.75080,0.02085,0.27311,0.00095,-0.02598,-0.00274,0.58545,0.00008,0.28071,-0.00010,0.70748,0.00007,0.70673,1,3,0.99769,0.06366,0.00485,-0.02313,0.07686,0.08075,0.63644,1,0
1768603711.623176,-0.76608,0.03514,0.27544,0.00066,-0.02726,-0.00342,0.58545,0.00008,0.28071,-0.00010,0.70748,0.00007,0.70673,1,3,0.99769,0.06366,0.00485,-0.02313,0.07686,0.08075,0.63644,1,0
1768603711.625160,-0.72064,0.01437,0.27029,0.00084,-0.02405,-0.00126,0.58550,0.00008,0.28071,-0.00010,0.70749,0.00007,0.70673,1,3,0.99769,0.06366,0.00485,-0.02313,0.07686,0.08075,0.63644,1,0
1768603711.627177,-0.64437,0.01424,0.26139,0.00077,-0.02350,-0.00215,0.58550,0.00008,0.28071,-0.00010,0.70749,0.00007,0.70673,1,3,0.99769,0.06366,0.00485,-0.02313,0.07686,0.08075,0.63644,1,0
1768603711.629184,-0.78179,0.00842,0.28977,0.00066,-0.02644,-0.00171,0.58554,0.00008,0.28071,-0.00010,0.70748,0.00007,0.70673,1,3,0.99769,0.06366,0.00485,-0.02313,0.07686,0.08075,0.63644,1,0
1768603711.631172,-0.82806,0.04469,0.31759,0.00099,-0.02938,-0.00178,0.58554,0.00008,0.28071,-0.00010,0.70748,0.00007,0.70673,1,3,0.99769,0.06366,0.00485,-0.02313,0.07686,0.08075,0.63644,1,0
1768603711.633176,-0.72122,0.01699,0.30968,0.00137,-0.02685,-0.00246,0.58554,0.00008,0.28071,-0.00010,0.70748,0.00007,0.70673,1,3,0.99769,0.06366,0.00485,-0.02313,0.07686,0.08075,0.63644,1,0
1768603711.635163,-0.67578,0.02620,0.30928,0.00086,-0.02270,-0.00373,0.58558,0.00008,0.28072,-0.00010,0.70748,0.00007,0.70673,1,3,0.99769,0.06366,0.00485,-0.02313,0.07686,0.08075,0.63644,1,0
1768603711.637179,-0.75860,0.02495,0.27554,0.00067,-0.02573,-0.00266,0.58558,0.00008,0.28072,-0.00010,0.70748,0.00007,0.70673,1,3,0.99769,0.06366,0.00485,-0.02313,0.07686,0.08075,0.63644,1,0
1768603711.639182,-0.80468,0.04397,0.29839,0.00115,-0.02851,-0.00214,0.58562,0.00008,0.28072,-0.00010,0.70748,0.00007,0.70673,1,3,0.99756,0.06498,0.00652,-0.02451,0.07719,0.08062,0.63597,1,0
1768603711.641199,-0.75887,0.01628,0.29483,0.00134,-0.02616,-0.00218,0.58562,0.00008,0.28072,-0.00010,0.70748,0.00007,0.70673,1,3,0.99756,0.06498,0.00652,-0.02451,0.07719,0.08062,0.63597,1,0
1768603711.643185,-0.72126,0.01930,0.30407,0.00056,-0.02408,-0.00364,0.58566,0.00008,0.28072,-0.00010,0.70748,0.00007,0.70673,1,3,0.99756,0.06498,0.00652,-0.02451,0.07719,0.08062,0.63597,1,0
1768603711.645199,-0.68184,0.00306,0.25026,0.00049,-0.02429,-0.00366,0.58566,0.00008,0.28072,-0.00010,0.70748,0.00007,0.70673,1,3,0.99756,0.06498,0.00652,-0.02451,0.07719,0.08062,0.63597,1,0
1768603711.647180,-0.74191,0.02422,0.21175,0.00043,-0.02454,-0.00248,0.58566,0.00008,0.28072,-0.00010,0.70748,0.00007,0.70673,1,3,0.99756,0.06498,0.00652,-0.02451,0.07719,0.08062,0.63597,1,0
1768603711.649202,-0.65923,0.00626,0.25712,0.00090,-0.02377,-0.00294,0.58570,0.00008,0.28072,-0.00010,0.70748,0.00007,0.70674,1,3,0.99756,0.06498,0.00652,-0.02451,0.07719,0.08062,0.63597,1,0
1768603711.651178,-0.65119,0.00942,0.24463,0.00145,-0.02305,-0.00270,0.58570,0.00008,0.28072,-0.00010,0.70748,0.00007,0.70674,1,3,0.99756,0.06498,0.00652,-0.02451,0.07719,0.08062,0.63597,1,0
1768603711.653193,-0.75877,0.02414,0.28589,0.00080,-0.02495,-0.00304,0.58578,0.00008,0.28072,-0.00010,0.70748,0.00007,0.70674,1,3,0.99756,0.06498,0.00652,-0.02451,0.07719,0.08062,0.63597,1,0
1768603711.655204,-0.74404,0.01915,0.29843,0.00081,-0.02895,-0.00134,0.58578,0.00008,0.28072,-0.00010,0.70748,0.00007,0.70674,1,3,0.99756,0.06498,0.00652,-0.02451,0.07719,0.08062,0.63597,1,0
1768603711.657191,-0.77497,0.03335,0.32836,0.00157,-0.02684,-0.00178,0.58582,0.00008,0.28073,-0.00010,0.70747,0.00007,0.70674,1,3,0.99756,0.06498,0.00652,-0.02451,0.07719,0.08062,0.63597,1,0
1768603711.659192,-0.72868,0.04582,0.29635,0.00147,-0.02635,-0.00191,0.58582,0.00008,0.28073,-0.00010,0.70747,0.00007,0.70674,1,3,0.99756,0.06498,0.00652,-0.02451,0.07719,0.08062,0.63597,1,0
1768603711.661186,-0.70511,0.00846,0.26012,0.00073,-0.02636,-0.00144,0.58586,0.00008,0.28073,-0.00010,0.70747,0.00007,0.70674,1,3,0.99756,0.06498,0.00652,-0.02451,0.07719,0.08062,0.63597,1,0
1768603711.663198,-0.72038,0.04013,0.25472,0.00082,-0.02446,-0.00118,0.58586,0.00008,0.28073,-0.00010,0.70747,0.00007,0.70674,1,3,0.99756,0.06498,0.00652,-0.02451,0.07719,0.08062,0.63597,1,0
1768603711.665193,-0.69638,0.01820,0.21368,0.00100,-0.02343,-0.00126,0.58586,0.00008,0.28073,-0.00010,0.70747,0.00007,0.70674,1,3,0.99756,0.06498,0.00652,-0.02451,0.07719,0.08062,0.63597,1,0
1768603711.667191,-0.76656,0.05461,0.27920,0.00129,-0.02263,-0.00098,0.58590,0.00008,0.28073,-0.00010,0.70747,0.00007,0.70674,1,3,0.99756,0.06498,0.00652,-0.02451,0.07719,0.08062,0.63597,1,0
1768603711.669197,-0.70571,0.01378,0.27504,0.00071,-0.02356,-0.00076,0.58590,0.00008,0.28073,-0.00010,0.70747,0.00007,0.70674,1,3,0.99756,0.06498,0.00652,-0.02451,0.07719,0.08062,0.63597,1,0
1768603711.671201,-0.72901,0.02063,0.29748,0.00028,-0.02569,-0.00200,0.58595,0.00008,0.28073,-0.00010,0.70747,0.00007,0.70675,1,3,0.99756,0.06498,0.00652,-0.02451,0.07719,0.08062,0.63597,1,0
1768603711.673198,-0.75871,0.03202,0.28545,0.00120,-0.02474,-0.00275,0.58595,0.00008,0.28073,-0.00010,0.70747,0.00007,0.70675,1,3,0.99756,0.06498,0.00652,-0.02451,0.07719,0.08062,0.63597,1,0
1768603711.675197,-0.70541,0.02299,0.27549,0.00111,-0.02420,-0.00200,0.58599,0.00008,0.28073,-0.00010,0.70746,0.00007,0.70675,1,3,0.99756,0.06498,0.00652,-0.02451,0.07719,0.08062,0.63597,1,0
1768603711.677188,-0.70594,0.01035,0.29783,0.00112,-0.02437,-0.00187,0.58599,0.00008,0.28073,-0.00010,0.70746,0.00007,0.70675,1,3,0.99756,0.06498,0.00652,-0.02451,0.07719,0.08062,0.63597,1,0
1768603711.679203,-0.72885,0.04536,0.30772,0.00120,-0.02534,-0.00344,0.58603,0.00008,0.28074,-0.00010,0.70746,0.00007,0.70675,1,3,0.99756,0.06498,0.00652,-0.02451,0.07719,0.08062,0.63597,1,0
1768603711.681197,-0.70523,0.00204,0.28164,0.00061,-0.02763,-0.00405,0.58603,0.00008,0.28074,-0.00010,0.70746,0.00007,0.70675,1,3,0.99756,0.06498,0.00652,-0.02451,0.07719,0.08062,0.63597,1,0
1768603711.683187,-0.73630,0.02012,0.29236,0.00082,-0.02553,-0.00186,0.58607,0.00008,0.28073,-0.00010,0.70746,0.00007,0.70675,1,3,0.99756,0.06498,0.00652,-0.02451,0.07719,0.08062,0.63597,1,0
1768603711.685210,-0.75857,0.01649,0.27566,0.00068,-0.02573,-0.00256,0.58607,0.00008,0.28073,-0.00010,0.70746,0.00007,0.70675,1,3,0.99754,0.06549,0.00667,-0.02404,0.07739,0.08059,0.63605,1,0
1768603711.687210,-0.73625,0.05272,0.29238,0.00119,-0.02443,-0.00263,0.58611,0.00008,0.28074,-0.00010,0.70746,0.00007,0.70675,1,3,0.99754,0.06549,0.00667,-0.02404,0.07739,0.08059,0.63605,1,0
1768603711.689213,-0.78166,-0.00934,0.30085,0.00122,-0.02565,-0.00264,0.58611,0.00008,0.28074,-0.00010,0.70746,0.00007,0.70675,1,3,0.99754,0.06549,0.00667,-0.02404,0.07739,0.08059,0.63605,1,0
1768603711.691237,-0.75864,0.04295,0.27980,0.00092,-0.02699,-0.00288,0.58615,0.00008,0.28074,-0.00010,0.70746,0.00007,0.70675,1,3,0.99754,0.06549,0.00667,-0.02404,0.07739,0.08059,0.63605,1,0
1768603711.693218,-0.78918,0.00333,0.29285,0.00120,-0.02574,-0.00228,0.58619,0.00008,0.28074,-0.00010,0.70746,0.00007,0.70675,1,3,0.99754,0.06549,0.00667,-0.02404,0.07739,0.08059,0.63605,1,0
1768603711.695215,-0.76656,0.00886,0.29101,0.00027,-0.02621,-0.00312,0.58619,0.00008,0.28074,-0.00010,0.70746,0.00007,0.70675,1,3,0.99754,0.06549,0.00667,-0.02404,0.07739,0.08059,0.63605,1,0
1768603711.697217,-0.74329,0.02499,0.28122,0.00095,-0.02566,-0.00368,0.58623,0.00008,0.28074,-0.00010,0.70746,0.00007,0.70676,1,3,0.99754,0.06549,0.00667,-0.02404,0.07739,0.08059,0.63605,1,0
1768603711.699218,-0.71992,0.04071,0.24635,0.00069,-0.02434,-0.00309,0.58623,0.00008,0.28074,-0.00010,0.70746,0.00007,0.70676,1,3,0.99754,0.06549,0.00667,-0.02404,0.07739,0.08059,0.63605,1,0
1768603711.701237,-0.68242,0.00537,0.26104,0.00074,-0.02329,-0.00141,0.58627,0.00008,0.28074,-0.00010,0.70746,0.00007,0.70675,1,3,0.99754,0.06549,0.00667,-0.02404,0.07739,0.08059,0.63605,1,0
1768603711.703215,-0.73611,0.02847,0.28761,0.00095,-0.02537,-0.00233,0.58627,0.00008,0.28074,-0.00010,0.70746,0.00007,0.70675,1,3,0.99754,0.06549,0.00667,-0.02404,0.07739,0.08059,0.63605,1,0
1768603711.705232,-0.75086,0.02906,0.27788,0.00121,-0.02592,-0.00283,0.58631,0.00008,0.28074,-0.00010,0.70746,0.00007,0.70676,1,3,0.99754,0.06549,0.00667,-0.02404,0.07739,0.08059,0.63605,1,0
1768603711.707225,-0.70539,0.02387,0.27524,0.00111,-0.02508,-0.00201,0.58631,0.00008,0.28074,-0.00010,0.70746,0.00007,0.70676,1,3,0.99754,0.06549,0.00667,-0.02404,0.07739,0.08059,0.63605,1,0
1768603711.709226,-0.64522,0.00419,0.30257,0.00104,-0.02650,-0.00206,0.58635,0.00008,0.28074,-0.00010,0.70746,0.00007,0.70675,1,3,0.99754,0.06549,0.00667,-0.02404,0.07739,0.08059,0.63605,1,0
1768603711.711247,-0.73622,0.02781,0.28716,0.00094,-0.02494,-0.00156,0.58635,0.00008,0.28074,-0.00010,0.70746,0.00007,0.70675,1,3,0.99754,0.06549,0.00667,-0.02404,0.07739,0.08059,0.63605,1,0
1768603711.713213,-0.81198,0.01623,0.28904,0.00144,-0.02645,-0.00128,0.58635,0.00008,0.28074,-0.00010,0.70746,0.00007,0.70675,1,3,0.99754,0.06549,0.00667,-0.02404,0.07739,0.08059,0.63605,1,0
1768603711.715231,-0.72856,0.02441,0.28469,0.00082,-0.02562,-0.00165,0.58639,0.00008,0.28074,-0.00010,0.70746,0.00007,0.70675,1,3,0.99754,0.06549,0.00667,-0.02404,0.07739,0.08059,0.63605,1,0
1768603711.717244,-0.65980,0.01323,0.27298,0.00062,-0.02664,-0.00228,0.58639,0.00008,0.28074,-0.00010,0.70746,0.00007,0.70675,1,3,0.99754,0.06549,0.00667,-0.02404,0.07739,0.08059,0.63605,1,0
1768603711.719244,-0.69030,0.04837,0.27023,0.00083,-0.02405,-0.00218,0.58643,0.00008,0.28074,-0.00010,0.70746,0.00007,0.70675,1,3,0.99754,0.06549,0.00667,-0.02404,0.07739,0.08059,0.63605,1,0
1768603711.721231,-0.67419,0.02079,0.24143,0.00128,-0.02199,-0.00170,0.58643,0.00008,0.28074,-0.00010,0.70746,0.00007,0.70675,1,3,0.99754,0.06549,0.00667,-0.02404,0.07739,0.08059,0.63605,1,0
1768603711.723241,-0.72014,0.00496,0.25061,0.00099,-0.02320,-0.00075,0.58647,0.00008,0.28074,-0.00010,0.70746,0.00007,0.70675,1,3,0.99754,0.06549,0.00667,-0.02404,0.07739,0.08059,0.63605,1,0
1768603711.725236,-0.73684,0.01895,0.31165,0.00108,-0.02486,-0.00109,0.58647,0.00008,0.28074,-0.00010,0.70746,0.00007,0.70675,1,3,0.99754,0.06549,0.00667,-0.02404,0.07739,0.08059,0.63605,1,0
1768603711.727249,-0.72107,0.00856,0.30561,0.00111,-0.02646,-0.00312,0.58651,0.00008,0.28074,-0.00010,0.70746,0.00007,0.70675,1,3,0.99753,0.06556,0.00313,-0.02503,0.07759,0.08056,0.63609,1,0
1768603711.729265,-0.76714,0.03840,0.32705,0.00145,-0.02707,-0.00349,0.58651,0.00008,0.28074,-0.00010,0.70746,0.00007,0.70675,1,3,0.99753,0.06556,0.00313,-0.02503,0.07759,0.08056,0.63609,1,0
1768603711.731255,-0.78860,0.02956,0.26798,0.00105,-0.02626,-0.00296,0.58655,0.00008,0.28073,-0.00010,0.70746,0.00007,0.70675,1,3,0.99753,0.06556,0.00313,-0.02503,0.07759,0.08056,0.63609,1,0
1768603711.733277,-0.72016,0.01104,0.26430,0.00085,-0.02434,-0.00312,0.58659,0.00008,0.28073,-0.00010,0.70747,0.00007,0.70675,1,3,0.99753,0.06556,0.00313,-0.02503,0.07759,0.08056,0.63609,1,0
1768603711.735243,-0.68999,0.00598,0.26700,0.00061,-0.02344,-0.00282,0.58659,0.00008,0.28073,-0.00010,0.70747,0.00007,0.70675,1,3,0.99753,0.06556,0.00313,-0.02503,0.07759,0.08056,0.63609,1,0
1768603711.737263,-0.73516,0.02455,0.25657,0.00083,-0.02509,-0.00340,0.58663,0.00008,0.28073,-0.00010,0.70747,0.00007,0.70674,1,3,0.99753,0.06556,0.00313,-0.02503,0.07759,0.08056,0.63609,1,0
1768603711.739271,-0.79581,0.04155,0.25503,0.00157,-0.02598,-0.00258,0.58663,0.00008,0.28073,-0.00010,0.70747,0.00007,0.70674,1,3,0.99753,0.06556,0.00313,-0.02503,0.07759,0.08056,0.63609,1,0
1768603711.741280,-0.77310,0.01598,0.25565,0.00121,-0.02554,-0.00228,0.58667,0.00008,0.28073,-0.00010,0.70747,0.00007,0.70674,1,3,0.99753,0.06556,0.00313,-0.02503,0.07759,0.08056,0.63609,1,0
1768603711.743283,-0.70543,0.00308,0.27945,0.00046,-0.02460,-0.00330,0.58667,0.00008,0.28073,-0.00010,0.70747,0.00007,0.70674,1,3,0.99753,0.06556,0.00313,-0.02503,0.07759,0.08056,0.63609,1,0
1768603711.745272,-0.70522,0.02024,0.26854,0.00072,-0.02516,-0.00273,0.58671,0.00008,0.28073,-0.00010,0.70747,0.00007,0.70674,1,3,0.99753,0.06556,0.00313,-0.02503,0.07759,0.08056,0.63609,1,0
1768603711.747302,-0.75011,0.02515,0.24556,0.00109,-0.02610,-0.00238,0.58671,0.00008,0.28073,-0.00010,0.70747,0.00007,0.70674,1,3,0.99753,0.06556,0.00313,-0.02503,0.07759,0.08056,0.63609,1,0
1768603711.749291,-0.71267,0.02228,0.25085,0.00057,-0.02319,-0.00148,0.58675,0.00008,0.28073,-0.00010,0.70747,0.00007,0.70674,1,3,0.99753,0.06556,0.00313,-0.02503,0.07759,0.08056,0.63609,1,0
1768603711.751293,-0.66040,0.02287,0.28768,0.00140,-0.02056,-0.00049,0.58675,0.00008,0.28073,-0.00010,0.70747,0.00007,0.70674,1,3,0.99753,0.06556,0.00313,-0.02503,0.07759,0.08056,0.63609,1,0
1768603711.753255,-0.70607,0.05620,0.30008,0.00121,-0.02368,-0.00280,0.58679,0.00008,0.28073,-0.00010,0.70747,0.00007,0.70674,1,3,0.99753,0.06556,0.00313,-0.02503,0.07759,0.08056,0.63609,1,0
1768603711.755250,-0.75105,0.02943,0.27762,0.00080,-0.02615,-0.00246,0.58679,0.00008,0.28073,-0.00010,0.70747,0.00007,0.70674,1,3,0.99753,0.06556,0.00313,-0.02503,0.07759,0.08056,0.63609,1,0
1768603711.757280,-0.77460,0.04525,0.30047,0.00130,-0.02609,-0.00076,0.58683,0.00008,0.28073,-0.00010,0.70747,0.00007,0.70674,1,3,0.99753,0.06556,0.00313,-0.02503,0.07759,0.08056,0.63609,1,0
1768603711.759318,-0.72892,0.02760,0.29650,0.00108,-0.02504,-0.00093,0.58683,0.00008,0.28073,-0.00010,0.70747,0.00007,0.70674,1,3,0.99753,0.06556,0.00313,-0.02503,0.07759,0.08056,0.63609,1,0
1768603711.761249,-0.68327,0.03459,0.28788,0.00057,-0.02296,-0.00178,0.58683,0.00008,0.28073,-0.00010,0.70747,0.00007,0.70674,1,3,0.99753,0.06556,0.00313,-0.02503,0.07759,0.08056,0.63609,1,0
1768603711.763261,-0.71304,0.04470,0.26769,0.00068,-0.02452,-0.00214,0.58687,0.00008,0.28073,-0.00010,0.70747,0.00007,0.70674,1,3,0.99753,0.06556,0.00313,-0.02503,0.07759,0.08056,0.63609,1,0
1768603711.765253,-0.69795,0.03559,0.27722,0.00124,-0.02440,-0.00152,0.58687,0.00008,0.28073,-0.00010,0.70747,0.00007,0.70674,1,3,0.99753,0.06556,0.00313,-0.02503,0.07759,0.08056,0.63609,1,0
1768603711.767260,-0.72776,0.01804,0.24667,0.00123,-0.02412,0.00037,0.58691,0.00008,0.28073,-0.00010,0.70747,0.00007,0.70674,1,3,0.99753,0.06556,0.00313,-0.02503,0.07759,0.08056,0.63609,1,0
1768603711.769295,-0.70561,0.01045,0.27275,0.00058,-0.02424,-0.00110,0.58691,0.00008,0.28073,-0.00010,0.70747,0.00007,0.70674,1,3,0.99753,0.06630,0.00369,-0.02304,0.07785,0.08060,0.63666,1,0
1768603711.773294,-0.69763,0.02717,0.26818,0.00112,-0.02407,-0.00218,0.58695,0.00008,0.28073,-0.00010,0.70747,0.00007,0.70674,1,3,0.99753,0.06630,0.00369,-0.02304,0.07785,0.08060,0.63666,1,0
1768603711.775329,-0.70588,0.01405,0.28989,0.00111,-0.02403,-0.00115,0.58695,0.00008,0.28073,-0.00010,0.70747,0.00007,0.70674,1,3,0.99753,0.06630,0.00369,-0.02304,0.07785,0.08060,0.63666,1,0
1768603711.777339,-0.71305,0.01019,0.26773,0.00071,-0.02408,-0.00096,0.58699,0.00008,0.28072,-0.00010,0.70748,0.00007,0.70674,1,3,0.99753,0.06630,0.00369,-0.02304,0.07785,0.08060,0.63666,1,0
1768603711.779377,-0.73556,0.02039,0.26754,0.00110,-0.02583,-0.00184,0.58703,0.00008,0.28072,-0.00010,0.70748,0.00007,0.70674,1,3,0.99753,0.06630,0.00369,-0.02304,0.07785,0.08060,0.63666,1,0
1768603711.781278,-0.76677,0.02487,0.29521,0.00052,-0.02572,-0.00255,0.58707,0.00008,0.28072,-0.00010,0.70748,0.00007,0.70674,1,3,0.99753,0.06630,0.00369,-0.02304,0.07785,0.08060,0.63666,1,0
1768603711.783311,-0.78844,0.02576,0.27129,0.00119,-0.02644,-0.00406,0.58707,0.00008,0.28072,-0.00010,0.70748,0.00007,0.70674,1,3,0.99753,0.06630,0.00369,-0.02304,0.07785,0.08060,0.63666,1,0
1768603711.785266,-0.74305,0.03678,0.25866,0.00054,-0.02463,-0.00305,0.58711,0.00008,0.28072,-0.00010,0.70748,0.00007,0.70673,1,3,0.99753,0.06630,0.00369,-0.02304,0.07785,0.08060,0.63666,1,0
1768603711.787303,-0.71982,0.02750,0.25342,0.00151,-0.02447,-0.00254,0.58711,0.00008,0.28072,-0.00010,0.70748,0.00007,0.70673,1,3,0.99753,0.06630,0.00369,-0.02304,0.07785,0.08060,0.63666,1,0
1768603711.789293,-0.73495,0.03353,0.24169,0.00042,-0.02527,-0.00351,0.58715,0.00008,0.28072,-0.00010,0.70748,0.00007,0.70674,1,3,0.99753,0.06630,0.00369,-0.02304,0.07785,0.08060,0.63666,1,0
1768603711.791288,-0.76641,0.02326,0.29598,0.00133,-0.02439,-0.00328,0.58715,0.00008,0.28072,-0.00010,0.70748,0.00007,0.70674,1,3,0.99753,0.06630,0.00369,-0.02304,0.07785,0.08060,0.63666,1,0
1768603711.793300,-0.78188,0.02527,0.30544,0.00105,-0.02625,-0.00345,0.58719,0.00008,0.28072,-0.00010,0.70748,0.00007,0.70674,1,3,0.99753,0.06630,0.00369,-0.02304,0.07785,0.08060,0.63666,1,0
1768603711.795282,-0.74327,0.00763,0.27533,0.00110,-0.02574,-0.00194,0.58719,0.00008,0.28072,-0.00010,0.70748,0.00007,0.70674,1,3,0.99753,0.06630,0.00369,-0.02304,0.07785,0.08060,0.63666,1,0
1768603711.797291,-0.72104,0.03690,0.29303,0.00082,-0.02508,-0.00308,0.58719,0.00008,0.28072,-0.00010,0.70748,0.00007,0.70674,1,3,0.99753,0.06630,0.00369,-0.02304,0.07785,0.08060,0.63666,1,0
1768603711.799289,-0.69778,0.03996,0.26974,0.00124,-0.02449,-0.00157,0.58723,0.00008,0.28072,-0.00010,0.70748,0.00007,0.70674,1,3,0.99753,0.06630,0.00369,-0.02304,0.07785,0.08060,0.63666,1,0
1768603711.801289,-0.66807,0.03095,0.28897,0.00112,-0.02426,-0.00046,0.58723,0.00008,0.28072,-0.00010,0.70748,0.00007,0.70674,1,3,0.99753,0.06630,0.00369,-0.02304,0.07785,0.08060,0.63666,1,0
1768603711.803345,-0.66024,0.03066,0.28451,0.00127,-0.02388,-0.00096,0.58727,0.00008,0.28072,-0.00010,0.70748,0.00007,0.70674,1,3,0.99734,0.06736,0.00943,-0.02623,0.07791,0.08044,0.63567,1,0
1768603711.805299,-0.66022,0.03227,0.28003,0.00060,-0.02480,-0.00175,0.58727,0.00008,0.28072,-0.00010,0.70748,0.00007,0.70674,1,3,0.99734,0.06736,0.00943,-0.02623,0.07791,0.08044,0.63567,1,0
1768603711.807305,-0.69797,0.03614,0.26198,0.00043,-0.02459,-0.00077,0.58731,0.00008,0.28072,-0.00010,0.70748,0.00007,0.70674,1,3,0.99734,0.06736,0.00943,-0.02623,0.07791,0.08044,0.63567,1,0
1768603711.809304,-0.69859,0.02790,0.29111,0.00083,-0.02533,-0.00030,0.58731,0.00008,0.28072,-0.00010,0.70748,0.00007,0.70674,1,3,0.99734,0.06736,0.00943,-0.02623,0.07791,0.08044,0.63567,1,0
1768603711.811312,-0.74425,0.03166,0.29320,0.00093,-0.02508,0.00003,0.58731,0.00008,0.28072,-0.00010,0.70748,0.00007,0.70674,1,3,0.99734,0.06736,0.00943,-0.02623,0.07791,0.08044,0.63567,1,0
1768603711.813300,-0.76671,0.02048,0.29692,0.00106,-0.02613,-0.00173,0.58735,0.00008,0.28072,-0.00010,0.70747,0.00007,0.70674,1,3,0.99734,0.06736,0.00943,-0.02623,0.07791,0.08044,0.63567,1,0
1768603711.815306,-0.77441,0.01689,0.29957,0.00079,-0.02654,-0.00195,0.58739,0.00008,0.28072,-0.00010,0.70748,0.00007,0.70674,1,3,0.99734,0.06736,0.00943,-0.02623,0.07791,0.08044,0.63567,1,0
1768603711.817292,-0.70555,0.01577,0.27510,0.00072,-0.02530,-0.00154,0.58743,0.00008,0.28072,-0.00010,0.70748,0.00007,0.70674,1,3,0.99734,0.06736,0.00943,-0.02623,0.07791,0.08044,0.63567,1,0
1768603711.819309,-0.69809,0.04411,0.27869,0.00042,-0.02351,-0.00316,0.58743,0.00008,0.28072,-0.00010,0.70748,0.00007,0.70674,1,3,0.99734,0.06736,0.00943,-0.02623,0.07791,0.08044,0.63567,1,0
1768603711.821307,-0.66701,0.02589,0.25810,0.00141,-0.02310,-0.00152,0.58747,0.00008,0.28071,-0.00010,0.70748,0.00007,0.70673,1,3,0.99734,0.06736,0.00943,-0.02623,0.07791,0.08044,0.63567,1,0
1768603711.823297,-0.68171,0.03270,0.23650,0.00060,-0.02468,-0.00286,0.58747,0.00008,0.28071,-0.00010,0.70748,0.00007,0.70673,1,3,0.99734,0.06736,0.00943,-0.02623,0.07791,0.08044,0.63567,1,0
1768603711.825294,-0.69009,0.02374,0.26990,0.00126,-0.02515,-0.00150,0.58751,0.00008,0.28071,-0.00010,0.70748,0.00007,0.70673,1,3,0.99734,0.06736,0.00943,-0.02623,0.07791,0.08044,0.63567,1,0
1768603711.827316,-0.72092,0.03558,0.28217,0.00108,-0.02434,-0.00153,0.58751,0.00008,0.28071,-0.00010,0.70748,0.00007,0.70673,1,3,0.99734,0.06736,0.00943,-0.02623,0.07791,0.08044,0.63567,1,0
1768603711.829322,-0.74404,0.02019,0.29752,0.00068,-0.02547,-0.00212,0.58751,0.00008,0.28071,-0.00010,0.70748,0.00007,0.70673,1,3,0.99734,0.06736,0.00943,-0.02623,0.07791,0.08044,0.63567,1,0
1768603711.831315,-0.78206,0.02235,0.31219,0.00105,-0.02769,-0.00303,0.58751,0.00008,0.28071,-0.00010,0.70748,0.00007,0.70673,1,3,0.99734,0.06736,0.00943,-0.02623,0.07791,0.08044,0.63567,1,0
1768603711.833314,-0.79690,0.03880,0.29146,0.00116,-0.02751,-0.00220,0.58755,0.00008,0.28071,-0.00010,0.70748,0.00007,0.70673,1,3,0.99734,0.06736,0.00943,-0.02623,0.07791,0.08044,0.63567,1,0
1768603711.835316,-0.69742,0.02742,0.25831,0.00098,-0.02419,-0.00217,0.58759,0.00008,0.28071,-0.00010,0.70749,0.00007,0.70673,1,3,0.99734,0.06736,0.00943,-0.02623,0.07791,0.08044,0.63567,1,0
1768603711.837322,-0.68193,0.02104,0.23659,0.00060,-0.02184,-0.00158,0.58759,0.00008,0.28071,-0.00010,0.70749,0.00007,0.70673,1,3,0.99741,0.06772,0.00362,-0.02385,0.07819,0.08048,0.63621,1,0
1768603711.839329,-0.68142,0.03058,0.22603,0.00127,-0.02327,-0.00167,0.58759,0.00008,0.28071,-0.00010,0.70749,0.00007,0.70673,1,3,0.99741,0.06772,0.00362,-0.02385,0.07819,0.08048,0.63621,1,0
1768603711.841325,-0.69674,0.00691,0.23144,0.00074,-0.02452,-0.00191,0.58763,0.00008,0.28070,-0.00010,0.70749,0.00007,0.70672,1,3,0.99741,0.06772,0.00362,-0.02385,0.07819,0.08048,0.63621,1,0
1768603711.843373,-0.72844,0.02008,0.28301,0.00069,-0.02521,-0.00236,0.58763,0.00008,0.28070,-0.00010,0.70749,0.00007,0.70672,1,3,0.99741,0.06772,0.00362,-0.02385,0.07819,0.08048,0.63621,1,0
1768603711.845326,-0.68305,0.04127,0.28566,0.00044,-0.02495,-0.00301,0.58767,0.00008,0.28070,-0.00010,0.70749,0.00007,0.70672,1,3,0.99741,0.06772,0.00362,-0.02385,0.07819,0.08048,0.63621,1,0
1768603711.847335,-0.68962,0.01834,0.25374,0.00113,-0.02359,-0.00219,0.58767,0.00008,0.28070,-0.00010,0.70749,0.00007,0.70672,1,3,0.99741,0.06772,0.00362,-0.02385,0.07819,0.08048,0.63621,1,0
1768603711.849329,-0.71303,0.01509,0.28497,0.00165,-0.02518,-0.00178,0.58775,0.00008,0.28071,-0.00010,0.70749,0.00007,0.70672,1,3,0.99741,0.06772,0.00362,-0.02385,0.07819,0.08048,0.63621,1,0
1768603711.851328,-0.71266,0.03688,0.26248,0.00123,-0.02545,-0.00203,0.58775,0.00008,0.28071,-0.00010,0.70749,0.00007,0.70672,1,3,0.99741,0.06772,0.00362,-0.02385,0.07819,0.08048,0.63621,1,0
1768603711.853317,-0.69126,0.03204,0.30420,0.00070,-0.02495,-0.00126,0.58779,0.00008,0.28071,-0.00010,0.70748,0.00007,0.70673,1,3,0.99741,0.06772,0.00362,-0.02385,0.07819,0.08048,0.63621,1,0
1768603711.855327,-0.71307,0.04881,0.27007,0.00081,-0.02449,-0.00219,0.58779,0.00008,0.28071,-0.00010,0.70748,0.00007,0.70673,1,3,0.99741,0.06772,0.00362,-0.02385,0.07819,0.08048,0.63621,1,0
1768603711.857357,-0.68984,0.04487,0.24696,0.00084,-0.02499,-0.00098,0.58783,0.00008,0.28071,-0.00010,0.70749,0.00007,0.70673,1,3,0.99741,0.06772,0.00362,-0.02385,0.07819,0.08048,0.63621,1,0
1768603711.859422,-0.71299,0.04032,0.26940,0.00122,-0.02493,-0.00132,0.58783,0.00008,0.28071,-0.00010,0.70749,0.00007,0.70673,1,3,0.99741,0.06772,0.00362,-0.02385,0.07819,0.08048,0.63621,1,0
1768603711.861339,-0.74381,0.04506,0.28221,0.00065,-0.02500,-0.00202,0.58787,0.00008,0.28071,-0.00010,0.70749,0.00007,0.70673,1,3,0.99741,0.06772,0.00362,-0.02385,0.07819,0.08048,0.63621,1,0
1768603711.863340,-0.69811,0.04582,0.28157,0.00109,-0.02610,-0.00165,0.58787,0.00008,0.28071,-0.00010,0.70749,0.00007,0.70673,1,3,0.99741,0.06772,0.00362,-0.02385,0.07819,0.08048,0.63621,1,0
1768603711.865336,-0.74338,0.01514,0.26409,0.00095,-0.02522,-0.00012,0.58791,0.00008,0.28071,-0.00010,0.70749,0.00007,0.70673,1,3,0.99741,0.06772,0.00362,-0.02385,0.07819,0.08048,0.63621,1,0
1768603711.867338,-0.74434,0.02254,0.29288,0.00093,-0.02465,0.00091,0.58791,0.00008,0.28071,-0.00010,0.70749,0.00007,0.70673,1,3,0.99741,0.06772,0.00362,-0.02385,0.07819,0.08048,0.63621,1,0
1768603711.869338,-0.72036,0.01504,0.25950,0.00111,-0.02506,-0.00050,0.58791,0.00008,0.28071,-0.00010,0.70749,0.00007,0.70673,1,3,0.99741,0.06772,0.00362,-0.02385,0.07819,0.08048,0.63621,1,0
1768603711.871339,-0.67585,0.03939,0.29516,0.00057,-0.02353,-0.00198,0.58791,0.00008,0.28071,-0.00010,0.70749,0.00007,0.70673,1,3,0.99741,0.06772,0.00362,-0.02385,0.07819,0.08048,0.63621,1,0
1768603711.873338,-0.71971,0.02690,0.23834,0.00111,-0.02378,-0.00177,0.58795,0.00008,0.28071,-0.00010,0.70749,0.00007,0.70673,1,3,0.99741,0.06772,0.00362,-0.02385,0.07819,0.08048,0.63621,1,0
1768603711.875336,-0.71249,0.01046,0.24789,0.00085,-0.02432,-0.00095,0.58799,0.00008,0.28070,-0.00010,0.70749,0.00007,0.70672,1,3,0.99741,0.06772,0.00362,-0.02385,0.07819,0.08048,0.63621,1,0
1768603711.877347,-0.69788,0.01412,0.27521,0.00112,-0.02399,-0.00126,0.58799,0.00008,0.28070,-0.00010,0.70749,0.00007,0.70672,1,3,0.99741,0.06772,0.00362,-0.02385,0.07819,0.08048,0.63621,1,0
1768603711.879363,-0.71328,0.02891,0.29377,0.00083,-0.02529,-0.00387,0.58799,0.00008,0.28070,-0.00010,0.70749,0.00007,0.70672,1,3,0.99731,0.06862,0.00696,-0.02490,0.07835,0.08040,0.63588,1,0
1768603711.881364,-0.72811,0.03709,0.27791,0.00122,-0.02548,-0.00293,0.58803,0.00008,0.28071,-0.00010,0.70749,0.00007,0.70673,1,3,0.99731,0.06862,0.00696,-0.02490,0.07835,0.08040,0.63588,1,0
1768603711.883363,-0.71288,0.02552,0.27015,0.00084,-0.02645,-0.00229,0.58803,0.00008,0.28071,-0.00010,0.70749,0.00007,0.70673,1,3,0.99731,0.06862,0.00696,-0.02490,0.07835,0.08040,0.63588,1,0
1768603711.885381,-0.72108,0.04038,0.28452,0.00081,-0.02475,-0.00159,0.58807,0.00008,0.28071,-0.00010,0.70749,0.00007,0.70673,1,3,0.99731,0.06862,0.00696,-0.02490,0.07835,0.08040,0.63588,1,0
1768603711.887367,-0.69788,0.03138,0.27519,0.00111,-0.02421,-0.00185,0.58811,0.00008,0.28071,-0.00010,0.70748,0.00007,0.70673,1,3,0.99731,0.06862,0.00696,-0.02490,0.07835,0.08040,0.63588,1,0
1768603711.889355,-0.71325,0.05833,0.28569,0.00081,-0.02517,-0.00384,0.58811,0.00008,0.28071,-0.00010,0.70748,0.00007,0.70673,1,3,0.99731,0.06862,0.00696,-0.02490,0.07835,0.08040,0.63588,1,0
1768603711.891366,-0.72838,0.02698,0.27692,0.00122,-0.02441,-0.00091,0.58815,0.00008,0.28071,-0.00010,0.70748,0.00007,0.70673,1,3,0.99731,0.06862,0.00696,-0.02490,0.07835,0.08040,0.63588,1,0
1768603711.893393,-0.69813,0.03123,0.28471,0.00124,-0.02431,-0.00148,0.58815,0.00008,0.28071,-0.00010,0.70748,0.00007,0.70673,1,3,0.99731,0.06862,0.00696,-0.02490,0.07835,0.08040,0.63588,1,0
1768603711.895399,-0.69856,-0.00262,0.30014,0.00086,-0.02413,-0.00109,0.58819,0.00008,0.28071,-0.00010,0.70748,0.00007,0.70673,1,3,0.99731,0.06862,0.00696,-0.02490,0.07835,0.08040,0.63588,1,0
1768603711.897368,-0.72873,0.05276,0.29185,0.00119,-0.02466,-0.00199,0.58819,0.00008,0.28071,-0.00010,0.70748,0.00007,0.70673,1,3,0.99731,0.06862,0.00696,-0.02490,0.07835,0.08040,0.63588,1,0
1768603711.899371,-0.74412,0.03375,0.29918,0.00080,-0.02654,-0.00190,0.58823,0.00008,0.28071,-0.00010,0.70748,0.00007,0.70673,1,3,0.99731,0.06862,0.00696,-0.02490,0.07835,0.08040,0.63588,1,0
1768603711.901378,-0.70601,0.04035,0.28381,0.00082,-0.02498,-0.00070,0.58823,0.00008,0.28071,-0.00010,0.70748,0.00007,0.70673,1,3,0.99731,0.06862,0.00696,-0.02490,0.07835,0.08040,0.63588,1,0
1768603711.903360,-0.63697,0.00216,0.26345,0.00051,-0.02413,-0.00138,0.58827,0.00008,0.28071,-0.00010,0.70748,0.00007,0.70673,1,3,0.99731,0.06862,0.00696,-0.02490,0.07835,0.08040,0.63588,1,0
1768603711.905362,-0.60574,0.02738,0.24464,0.00106,-0.02370,-0.00331,0.58827,0.00008,0.28071,-0.00010,0.70748,0.00007,0.70673,1,3,0.99731,0.06862,0.00696,-0.02490,0.07835,0.08040,0.63588,1,0
1768603711.907360,-0.71259,0.04786,0.25027,0.00095,-0.02363,-0.00178,0.58827,0.00008,0.28071,-0.00010,0.70748,0.00007,0.70673,1,3,0.99731,0.06862,0.00696,-0.02490,0.07835,0.08040,0.63588,1,0
1768603711.909393,-0.72812,0.01966,0.26691,0.00110,-0.02540,-0.00081,0.58831,0.00008,0.28071,-0.00010,0.70748,0.00007,0.70674,1,3,0.99731,0.06862,0.00696,-0.02490,0.07835,0.08040,0.63588,1,0
1768603711.911378,-0.72145,0.01504,0.30415,0.00110,-0.02517,-0.00091,0.58831,0.00008,0.28071,-0.00010,0.70748,0.00007,0.70674,1,3,0.99731,0.06862,0.00696,-0.02490,0.07835,0.08040,0.63588,1,0
1768603711.913373,-0.72111,0.02929,0.29708,0.00109,-0.02635,-0.00222,0.58835,0.00008,0.28072,-0.00010,0.70747,0.00007,0.70674,1,3,0.99731,0.06862,0.00696,-0.02490,0.07835,0.08040,0.63588,1,0
1768603711.915395,-0.75881,0.03723,0.28688,0.00132,-0.02603,-0.00205,0.58835,0.00008,0.28072,-0.00010,0.70747,0.00007,0.70674,1,3,0.99731,0.06862,0.00696,-0.02490,0.07835,0.08040,0.63588,1,0
1768603711.917379,-0.73593,0.02394,0.27411,0.00108,-0.02553,-0.00074,0.58839,0.00008,0.28072,-0.00010,0.70747,0.00007,0.70674,1,3,0.99719,0.06941,0.00524,-0.02755,0.07867,0.08032,0.63563,1,0
1768603711.919395,-0.69071,0.01833,0.27738,0.00045,-0.02375,-0.00069,0.58839,0.00008,0.28072,-0.00010,0.70747,0.00007,0.70674,1,3,0.99719,0.06941,0.00524,-0.02755,0.07867,0.08032,0.63563,1,0
1768603711.921391,-0.64412,0.00904,0.24872,0.00091,-0.02278,-0.00132,0.58843,0.00008,0.28072,-0.00010,0.70747,0.00007,0.70674,1,3,0.99719,0.06941,0.00524,-0.02755,0.07867,0.08032,0.63563,1,0
1768603711.923390,-0.72071,0.03957,0.26516,0.00055,-0.02367,-0.00157,0.58843,0.00008,0.28072,-0.00010,0.70747,0.00007,0.70674,1,3,0.99719,0.06941,0.00524,-0.02755,0.07867,0.08032,0.63563,1,0
1768603711.925415,-0.68186,0.00869,0.25076,0.00102,-0.02647,-0.00220,0.58847,0.00008,0.28072,-0.00010,0.70747,0.00007,0.70675,1,3,0.99719,0.06941,0.00524,-0.02755,0.07867,0.08032,0.63563,1,0
1768603711.927376,-0.68274,0.00795,0.27989,0.00101,-0.02612,-0.00145,0.58851,0.00008,0.28073,-0.00010,0.70747,0.00007,0.70675,1,3,0.99719,0.06941,0.00524,-0.02755,0.07867,0.08032,0.63563,1,0
1768603711.929402,-0.68239,0.02333,0.27077,0.00127,-0.02448,-0.00238,0.58851,0.00008,0.28073,-0.00010,0.70747,0.00007,0.70675,1,3,0.99719,0.06941,0.00524,-0.02755,0.07867,0.08032,0.63563,1,0
1768603711.931406,-0.67517,0.04324,0.26774,0.00071,-0.02320,-0.00162,0.58855,0.00008,0.28072,-0.00010,0.70747,0.00007,0.70675,1,3,0.99719,0.06941,0.00524,-0.02755,0.07867,0.08032,0.63563,1,0
1768603711.933382,-0.75057,0.02267,0.26105,0.00108,-0.02372,-0.00237,0.58855,0.00008,0.28072,-0.00010,0.70747,0.00007,0.70675,1,3,0.99719,0.06941,0.00524,-0.02755,0.07867,0.08032,0.63563,1,0
1768603711.935383,-0.70493,0.01138,0.25336,0.00073,-0.02491,-0.00185,0.58859,0.00008,0.28072,-0.00010,0.70747,0.00007,0.70674,1,3,0.99719,0.06941,0.00524,-0.02755,0.07867,0.08032,0.63563,1,0
1768603711.937383,-0.69026,0.01811,0.26812,0.00072,-0.02342,-0.00144,0.58859,0.00008,0.28072,-0.00010,0.70747,0.00007,0.70674,1,3,0.99719,0.06941,0.00524,-0.02755,0.07867,0.08032,0.63563,1,0
1768603711.939402,-0.71292,0.04101,0.27064,0.00082,-0.02492,-0.00285,0.58864,0.00008,0.28073,-0.00010,0.70747,0.00007,0.70675,1,3,0.99719,0.06941,0.00524,-0.02755,0.07867,0.08032,0.63563,1,0
1768603711.941414,-0.72088,0.03255,0.28430,0.00122,-0.02563,-0.00149,0.58864,0.00008,0.28073,-0.00010,0.70747,0.00007,0.70675,1,3,0.99719,0.06941,0.00524,-0.02755,0.07867,0.08032,0.63563,1,0
1768603711.943405,-0.68308,0.02304,0.29479,0.00139,-0.02463,-0.00164,0.58864,0.00008,0.28073,-0.00010,0.70747,0.00007,0.70675,1,3,0.99719,0.06941,0.00524,-0.02755,0.07867,0.08032,0.63563,1,0
1768603711.945433,-0.69075,0.03988,0.28450,0.00083,-0.02431,-0.00133,0.58868,0.00008,0.28073,-0.00010,0.70746,0.00007,0.70675,1,3,0.99719,0.06941,0.00524,-0.02755,0.07867,0.08032,0.63563,1,0
1768603711.947396,-0.70544,0.03226,0.27000,0.00083,-0.02493,-0.00174,0.58868,0.00008,0.28073,-0.00010,0.70746,0.00007,0.70675,1,3,0.99719,0.06941,0.00524,-0.02755,0.07867,0.08032,0.63563,1,0
1768603711.949400,-0.67502,0.04825,0.25863,0.00111,-0.02462,-0.00014,0.58872,0.00008,0.28073,-0.00010,0.70747,0.00007,0.70675,1,3,0.99719,0.06941,0.00524,-0.02755,0.07867,0.08032,0.63563,1,0
1768603711.951394,-0.64499,0.02219,0.28599,0.00089,-0.02320,-0.00227,0.58872,0.00008,0.28073,-0.00010,0.70747,0.00007,0.70675,1,3,0.99719,0.06941,0.00524,-0.02755,0.07867,0.08032,0.63563,1,0
1768603711.953393,-0.66053,0.04307,0.28153,0.00071,-0.02347,-0.00036,0.58876,0.00008,0.28073,-0.00010,0.70747,0.00007,0.70675,1,3,0.99719,0.06941,0.00524,-0.02755,0.07867,0.08032,0.63563,1,0
1768603711.955520,-0.70484,0.04886,0.24961,0.00136,-0.02495,-0.00153,0.58876,0.00008,0.28073,-0.00010,0.70747,0.00007,0.70675,1,3,0.99727,0.07009,0.00340,-0.02282,0.07897,0.08036,0.63638,1,0
1768603711.957508,-0.68238,0.01569,0.25926,0.00114,-0.02571,-0.00038,0.58880,0.00008,0.28073,-0.00010,0.70747,0.00007,0.70675,1,3,0.99727,0.07009,0.00340,-0.02282,0.07897,0.08036,0.63638,1,0
1768603711.959410,-0.67561,0.04373,0.28687,0.00097,-0.02406,-0.00125,0.58880,0.00008,0.28073,-0.00010,0.70747,0.00007,0.70675,1,3,0.99727,0.07009,0.00340,-0.02282,0.07897,0.08036,0.63638,1,0
1768603711.961433,-0.70558,0.02343,0.28035,0.00098,-0.02458,-0.00202,0.58884,0.00008,0.28073,-0.00010,0.70747,0.00007,0.70675,1,3,0.99727,0.07009,0.00340,-0.02282,0.07897,0.08036,0.63638,1,0
1768603711.963430,-0.71332,0.02493,0.28478,0.00083,-0.02606,-0.00191,0.58888,0.00008,0.28073,-0.00010,0.70747,0.00007,0.70675,1,3,0.99727,0.07009,0.00340,-0.02282,0.07897,0.08036,0.63638,1,0
1768603711.965405,-0.72058,0.05321,0.26695,0.00107,-0.02496,-0.00173,0.58888,0.00008,0.28073,-0.00010,0.70747,0.00007,0.70675,1,3,0.99727,0.07009,0.00340,-0.02282,0.07897,0.08036,0.63638,1,1
1768603711.967412,-0.68957,0.02659,0.24807,0.00126,-0.02366,-0.00152,0.58892,0.00008,0.28073,-0.00010,0.70746,0.00007,0.70675,1,3,0.99727,0.07009,0.00340,-0.02282,0.07897,0.08036,0.63638,1,1
1768603711.969426,-0.67475,0.01823,0.25290,0.00074,-0.02361,-0.00092,0.58892,0.00008,0.28073,-0.00010,0.70746,0.00007,0.70675,1,3,0.99727,0.07009,0.00340,-0.02282,0.07897,0.08036,0.63638,1,1
1768603711.971449,-0.68968,0.00372,0.24948,0.00008,-0.02496,-0.00278,0.58896,0.00008,0.28073,-0.00010,0.70746,0.00007,0.70675,1,3,0.99727,0.07009,0.00340,-0.02282,0.07897,0.08036,0.63638,1,1
1768603711.973427,-0.66000,0.00915,0.29739,0.00063,-0.02613,-0.00491,0.58896,0.00008,0.28073,-0.00010,0.70746,0.00007,0.70675,1,3,0.99727,0.07009,0.00340,-0.02282,0.07897,0.08036,0.63638,1,1
1768603711.975428,-0.72157,0.04107,0.31547,0.00081,-0.02503,-0.00353,0.58900,0.00008,0.28073,-0.00010,0.70746,0.00007,0.70675,1,3,0.99727,0.07009,0.00340,-0.02282,0.07897,0.08036,0.63638,0,1
1768603711.977436,-0.68995,0.03113,0.26029,0.00112,-0.02395,-0.00158,0.58900,0.00008,0.28073,-0.00010,0.70746,0.00007,0.70675,1,3,0.99727,0.07009,0.00340,-0.02282,0.07897,0.08036,0.63638,0,1
1768603711.979420,-0.67511,0.01822,0.26287,0.00047,-0.02348,-0.00093,0.58904,0.00008,0.28073,-0.00010,0.70746,0.00007,0.70675,1,3,0.99727,0.07009,0.00340,-0.02282,0.07897,0.08036,0.63638,0,1
1768603711.981423,-0.70580,0.02290,0.28034,0.00057,-0.02393,-0.00163,0.58904,0.00008,0.28073,-0.00010,0.70746,0.00007,0.70675,1,3,0.99727,0.07009,0.00340,-0.02282,0.07897,0.08036,0.63638,0,1
1768603711.983427,-0.72874,0.02522,0.30532,0.00109,-0.02625,-0.00320,0.58904,0.00008,0.28073,-0.00010,0.70746,0.00007,0.70675,1,3,0.99727,0.07009,0.00340,-0.02282,0.07897,0.08036,0.63638,0,1
1768603711.985420,-0.75112,0.03818,0.28816,0.00093,-0.02624,-0.00372,0.58908,0.00008,0.28073,-0.00010,0.70746,0.00007,0.70675,1,3,0.99727,0.07009,0.00340,-0.02282,0.07897,0.08036,0.63638,0,1
1768603711.987421,-0.72782,0.02149,0.25803,0.00057,-0.02638,-0.00236,0.58908,0.00008,0.28073,-0.00010,0.70746,0.00007,0.70675,1,3,0.99727,0.07009,0.00340,-0.02282,0.07897,0.08036,0.63638,0,1
1768603711.989430,-0.68932,0.01383,0.23606,0.00101,-0.02337,-0.00136,0.58912,0.00008,0.28073,-0.00010,0.70746,0.00007,0.70675,1,3,0.99727,0.07009,0.00340,-0.02282,0.07897,0.08036,0.63638,0,1
1768603711.991420,-0.68983,0.00455,0.25650,0.00087,-0.02247,-0.00165,0.58912,0.00008,0.28073,-0.00010,0.70746,0.00007,0.70675,1,3,0.99718,0.07009,0.00632,-0.02598,0.07911,0.08027,0.63588,0,1
1768603711.993448,-0.69019,0.03471,0.28369,0.00152,-0.02323,-0.00316,0.58916,0.00008,0.28073,-0.00010,0.70746,0.00007,0.70675,1,3,0.99718,0.07009,0.00632,-0.02598,0.07911,0.08027,0.63588,0,1
1768603711.995444,-0.68944,0.01578,0.25155,0.00101,-0.02493,-0.00292,0.58916,0.00008,0.28073,-0.00010,0.70746,0.00007,0.70675,1,3,0.99718,0.07009,0.00632,-0.02598,0.07911,0.08027,0.63588,0,1
1768603711.997444,-0.73542,0.02378,0.26146,0.00069,-0.02438,-0.00302,0.58920,0.00008,0.28073,-0.00010,0.70746,0.00007,0.70675,1,3,0.99718,0.07009,0.00632,-0.02598,0.07911,0.08027,0.63588,0,1
1768603711.999451,-0.65261,0.04754,0.27990,0.00099,-0.02349,-0.00168,0.58920,0.00008,0.28073,-0.00010,0.70746,0.00007,0.70675,1,3,0.99718,0.07009,0.00632,-0.02598,0.07911,0.08027,0.63588,0,1
1768603712.001456,-0.65318,0.04728,0.29973,0.00085,-0.02325,-0.00169,0.58924,0.00008,0.28073,-0.00010,0.70746,0.00007,0.70675,1,3,0.99718,0.07009,0.00632,-0.02598,0.07911,0.08027,0.63588,0,1
1768603712.003449,-0.69895,0.03199,0.30971,0.00056,-0.02466,-0.00190,0.58928,0.00008,0.28073,-0.00010,0.70746,0.00007,0.70675,1,3,0.99718,0.07009,0.00632,-0.02598,0.07911,0.08027,0.63588,0,1
1768603712.005443,-0.70647,0.04193,0.31450,0.00082,-0.02613,-0.00265,0.58928,0.00008,0.28073,-0.00010,0.70746,0.00007,0.70675,1,3,0.99718,0.07009,0.00632,-0.02598,0.07911,0.08027,0.63588,0,1
1768603712.007451,-0.72096,0.04778,0.26865,0.00080,-0.02407,-0.00014,0.58933,0.00008,0.28074,-0.00010,0.70746,0.00007,0.70676,1,3,0.99718,0.07009,0.00632,-0.02598,0.07911,0.08027,0.63588,0,1
1768603712.009468,-0.65209,0.00729,0.26594,0.00064,-0.02498,-0.00195,0.58933,0.00008,0.28074,-0.00010,0.70746,0.00007,0.70676,1,3,0.99718,0.07009,0.00632,-0.02598,0.07911,0.08027,0.63588,0,1
1768603712.011445,-0.74340,0.02814,0.27249,0.00094,-0.02512,-0.00181,0.58936,0.00008,0.28073,-0.00010,0.70746,0.00007,0.70676,1,3,0.99718,0.07009,0.00632,-0.02598,0.07911,0.08027,0.63588,0,1
1768603712.013463,-0.72036,0.03230,0.25948,0.00109,-0.02527,-0.00109,0.58936,0.00008,0.28073,-0.00010,0.70746,0.00007,0.70676,1,3,0.99718,0.07009,0.00632,-0.02598,0.07911,0.08027,0.63588,0,1
1768603712.015463,-0.66720,0.01871,0.25850,0.00061,-0.02376,-0.00182,0.58940,0.00008,0.28073,-0.00010,0.70746,0.00007,0.70675,1,3,0.99718,0.07009,0.00632,-0.02598,0.07911,0.08027,0.63588,0,1
1768603712.017468,-0.59079,0.00800,0.24423,0.00109,-0.02174,-0.00143,0.58940,0.00008,0.28073,-0.00010,0.70746,0.00007,0.70675,1,3,0.99718,0.07009,0.00632,-0.02598,0.07911,0.08027,0.63588,0,1
1768603712.019442,-0.62898,0.02161,0.26711,0.00145,-0.02256,-0.00325,0.58940,0.00008,0.28073,-0.00010,0.70746,0.00007,0.70675,1,3,0.99718,0.07009,0.00632,-0.02598,0.07911,0.08027,0.63588,0,1
1768603712.021441,-0.65966,0.02818,0.28373,0.00155,-0.02498,-0.00359,0.58944,0.00008,0.28073,-0.00010,0.70747,0.00007,0.70675,1,3,0.99718,0.07009,0.00632,-0.02598,0.07911,0.08027,0.63588,0,1
1768603712.023445,-0.72840,0.04550,0.27846,0.00040,-0.02482,-0.00343,0.58944,0.00008,0.28073,-0.00010,0.70747,0.00007,0.70675,1,3,0.99718,0.07009,0.00632,-0.02598,0.07911,0.08027,0.63588,0,1
1768603712.025484,-0.61356,-0.02721,0.25243,0.00070,-0.02405,-0.00216,0.58948,0.00008,0.28073,-0.00010,0.70746,0.00007,0.70675,1,3,0.99718,0.07009,0.00632,-0.02598,0.07911,0.08027,0.63588,0,1
1768603712.027460,-0.63745,0.03768,0.29141,0.00114,-0.02182,-0.00296,0.58948,0.00008,0.28073,-0.00010,0.70746,0.00007,0.70675,1,3,0.99718,0.07009,0.00632,-0.02598,0.07911,0.08027,0.63588,0,1
1768603712.029463,-0.62141,-0.00201,0.28313,0.00148,-0.02389,-0.00463,0.58952,0.00008,0.28073,-0.00010,0.70746,0.00007,0.70675,1,3,0.99718,0.07009,0.00632,-0.02598,0.07911,0.08027,0.63588,0,1
1768603712.031468,-0.72034,0.05265,0.26870,0.00108,-0.02385,-0.00362,0.58952,0.00008,0.28073,-0.00010,0.70746,0.00007,0.70675,1,3,0.99719,0.07177,0.00328,-0.02128,0.07958,0.08051,0.63793,0,1
1768603712.033478,-0.67530,0.05773,0.28470,0.00124,-0.02518,-0.00256,0.58956,0.00008,0.28073,-0.00010,0.70747,0.00007,0.70675,1,3,0.99719,0.07177,0.00328,-0.02128,0.07958,0.08051,0.63793,0,1
1768603712.035469,-0.65950,-0.00368,0.26714,0.00104,-0.02256,-0.00244,0.58956,0.00008,0.28073,-0.00010,0.70747,0.00007,0.70675,1,3,0.99719,0.07177,0.00328,-0.02128,0.07958,0.08051,0.63793,0,1
1768603712.037517,-0.55963,-0.02419,0.22608,0.00088,-0.02262,-0.00268,0.58959,0.00008,0.28073,-0.00010,0.70746,0.00007,0.70675,1,3,0.99719,0.07177,0.00328,-0.02128,0.07958,0.08051,0.63793,0,1
1768603712.039475,-0.58406,0.07610,0.26720,0.00115,-0.02255,-0.00163,0.58963,0.00008,0.28072,-0.00010,0.70747,0.00007,0.70674,1,3,0.99719,0.07177,0.00328,-0.02128,0.07958,0.08051,0.63793,0,1
1768603712.041478,-0.55333,-0.00836,0.26884,0.00126,-0.02254,-0.00112,0.58963,0.00008,0.28072,-0.00010,0.70747,0.00007,0.70674,1,3,0.99719,0.07177,0.00328,-0.02128,0.07958,0.08051,0.63793,0,1
1768603712.043472,-0.62882,0.05762,0.22751,0.00101,-0.02107,-0.00023,0.58966,0.00009,0.28073,-0.00010,0.70747,0.00007,0.70674,1,3,0.99719,0.07177,0.00328,-0.02128,0.07958,0.08051,0.63793,0,1
1768603712.045478,-0.51586,0.01073,0.28033,0.00153,-0.02108,-0.00009,0.58966,0.00009,0.28073,-0.00010,0.70747,0.00007,0.70674,1,3,0.99719,0.07177,0.00328,-0.02128,0.07958,0.08051,0.63793,0,1
1768603712.047565,-0.55260,0.03199,0.22431,0.00082,-0.02023,-0.00120,0.58968,0.00008,0.28073,-0.00010,0.70747,0.00007,0.70674,1,3,0.99719,0.07177,0.00328,-0.02128,0.07958,0.08051,0.63793,0,1
1768603712.049476,-0.54643,0.03750,0.28471,0.00135,-0.02234,-0.00067,0.58968,0.00008,0.28073,-0.00010,0.70747,0.00007,0.70674,1,3,0.99719,0.07177,0.00328,-0.02128,0.07958,0.08051,0.63793,0,1
1768603712.051492,-0.56916,0.06672,0.27184,0.00103,-0.02184,-0.00064,0.58971,0.00008,0.28073,-0.00010,0.70747,0.00007,0.70674,1,3,0.99719,0.07177,0.00328,-0.02128,0.07958,0.08051,0.63793,0,1
1768603712.053512,-0.53816,-0.02978,0.27123,0.00142,-0.02251,-0.00036,0.58971,0.00008,0.28073,-0.00010,0.70747,0.00007,0.70674,1,3,0.99719,0.07177,0.00328,-0.02128,0.07958,0.08051,0.63793,0,1
1768603712.055486,-0.56931,0.07969,0.28442,0.00129,-0.02212,-0.00156,0.58972,0.00008,0.28073,-0.00010,0.70747,0.00007,0.70675,1,3,0.99719,0.07177,0.00328,-0.02128,0.07958,0.08051,0.63793,0,1
1768603712.057485,-0.52998,-0.01407,0.24126,0.00142,-0.02134,0.00011,0.58972,0.00008,0.28073,-0.00010,0.70747,0.00007,0.70675,1,3,0.99719,0.07177,0.00328,-0.02128,0.07958,0.08051,0.63793,0,1
1768603712.059490,-0.60585,0.04572,0.22573,0.00090,-0.02153,-0.00085,0.58972,0.00008,0.28073,-0.00010,0.70747,0.00007,0.70675,1,3,0.99719,0.07177,0.00328,-0.02128,0.07958,0.08051,0.63793,0,1
1768603712.061481,-0.55354,0.04136,0.27211,0.00188,-0.02227,-0.00057,0.58974,0.00008,0.28073,-0.00010,0.70747,0.00007,0.70674,1,3,0.99719,0.07177,0.00328,-0.02128,0.07958,0.08051,0.63793,0,1
1768603712.063488,-0.59079,0.01235,0.24173,0.00095,-0.02177,-0.00148,0.58974,0.00008,0.28073,-0.00010,0.70747,0.00007,0.70674,1,3,0.99719,0.07177,0.00328,-0.02128,0.07958,0.08051,0.63793,0,1
1768603712.065483,-0.59870,0.02496,0.25334,0.00119,-0.02207,-0.00113,0.58975,0.00008,0.28073,-0.00010,0.70747,0.00007,0.70674,1,3,0.99719,0.07177,0.00328,-0.02128,0.07958,0.08051,0.63793,0,1
1768603712.067484,-0.62042,0.02986,0.21193,0.00092,-0.02213,-0.00192,0.58975,0.00008,0.28073,-0.00010,0.70747,0.00007,0.70674,1,3,0.99719,0.07177,0.00328,-0.02128,0.07958,0.08051,0.63793,0,1
1768603712.069495,-0.62872,-0.01684,0.24899,0.00135,-0.02256,-0.00087,0.58975,0.00008,0.28073,-0.00010,0.70747,0.00007,0.70674,1,3,0.99708,0.07181,0.00730,-0.02485,0.07991,0.08064,0.63872,0,1
1768603712.071497,-0.65789,0.00943,0.21479,0.00185,-0.02319,-0.00255,0.58975,0.00008,0.28073,-0.00010,0.70747,0.00007,0.70674,1,3,0.99708,0.07181,0.00730,-0.02485,0.07991,0.08064,0.63872,0,1
1768603712.073493,-0.65873,0.00494,0.24255,0.00131,-0.02264,-0.00290,0.58976,0.00008,0.28072,-0.00010,0.70748,0.00007,0.70674,1,3,0.99708,0.07181,0.00730,-0.02485,0.07991,0.08064,0.63872,0,1
1768603712.075526,-0.62023,-0.00402,0.21788,0.00122,-0.02206,-0.00227,0.58976,0.00008,0.28072,-0.00010,0.70748,0.00007,0.70674,1,3,0.99708,0.07181,0.00730,-0.02485,0.07991,0.08064,0.63872,0,1
1768603712.077496,-0.63472,0.01589,0.19119,0.00133,-0.02064,-0.00300,0.58976,0.00008,0.28072,-0.00010,0.70748,0.00007,0.70674,1,3,0.99708,0.07181,0.00730,-0.02485,0.07991,0.08064,0.63872,0,1
1768603712.079546,-0.67336,0.02605,0.20288,0.00114,-0.01853,-0.00173,0.58976,0.00008,0.28073,-0.00010,0.70748,0.00007,0.70674,1,3,0.99708,0.07181,0.00730,-0.02485,0.07991,0.08064,0.63872,0,1
1768603712.081522,-0.67245,-0.01907,0.17538,0.00119,-0.01537,-0.00193,0.58976,0.00008,0.28073,-0.00010,0.70748,0.00007,0.70674,1,3,0.99708,0.07181,0.00730,-0.02485,0.07991,0.08064,0.63872,0,1
1768603712.083513,-0.55772,0.02108,0.14533,0.00032,-0.01573,-0.00545,0.58976,0.00008,0.28073,-0.00010,0.70748,0.00007,0.70674,1,3,0.99708,0.07181,0.00730,-0.02485,0.07991,0.08064,0.63872,0,1
1768603712.085584,-0.64078,0.01541,0.11675,0.00026,-0.01018,-0.00472,0.58976,0.00008,0.28073,-0.00010,0.70748,0.00007,0.70673,1,3,0.99708,0.07181,0.00730,-0.02485,0.07991,0.08064,0.63872,0,1
1768603712.087540,-0.62508,-0.01174,0.11563,0.00177,-0.00517,-0.00425,0.58976,0.00008,0.28072,-0.00010,0.70748,0.00007,0.70673,1,3,0.99708,0.07181,0.00730,-0.02485,0.07991,0.08064,0.63872,0,1
1768603712.089514,-0.60867,0.01844,0.06436,0.00137,-0.00491,-0.00559,0.58976,0.00008,0.28072,-0.00010,0.70748,0.00007,0.70673,1,3,0.99708,0.07181,0.00730,-0.02485,0.07991,0.08064,0.63872,0,1
1768603712.091510,-0.57065,-0.01967,0.05046,0.00102,-0.00071,-0.00386,0.58976,0.00008,0.28072,-0.00010,0.70748,0.00007,0.70673,1,3,0.99708,0.07181,0.00730,-0.02485,0.07991,0.08064,0.63872,0,1
1768603712.093532,-0.56307,0.00564,0.06705,0.00155,-0.00488,-0.00544,0.58976,0.00008,0.28072,-0.00010,0.70748,0.00007,0.70673,1,3,0.99708,0.07181,0.00730,-0.02485,0.07991,0.08064,0.63872,0,1
1768603712.095504,-0.56375,0.01325,0.07041,0.00100,-0.00440,-0.00326,0.58976,0.00008,0.28072,-0.00010,0.70748,0.00007,0.70673,1,3,0.99708,0.07181,0.00730,-0.02485,0.07991,0.08064,0.63872,0,1
1768603712.097503,-0.68575,0.03379,0.09230,0.00128,-0.00414,-0.00376,0.58976,0.00008,0.28072,-0.00010,0.70748,0.00007,0.70673,1,3,0.99708,0.07181,0.00730,-0.02485,0.07991,0.08064,0.63872,0,1
1768603712.099506,-0.68565,-0.02202,0.09430,0.00186,-0.00412,-0.00156,0.58976,0.00008,0.28072,-0.00010,0.70748,0.00007,0.70673,1,3,0.99708,0.07181,0.00730,-0.02485,0.07991,0.08064,0.63872,0,1
1768603712.101516,-0.70089,0.02460,0.08678,0.00141,-0.00377,-0.00263,0.58976,0.00008,0.28072,-0.00010,0.70748,0.00007,0.70673,1,3,0.99708,0.07181,0.00730,-0.02485,0.07991,0.08064,0.63872,0,1
1768603712.103509,-0.64806,0.00860,0.10253,0.00106,-0.00423,-0.00335,0.58976,0.00008,0.28072,-0.00010,0.70748,0.00007,0.70673,1,3,0.99708,0.07181,0.00730,-0.02485,0.07991,0.08064,0.63872,0,1
1768603712.105510,-0.66966,0.00437,0.06207,0.00079,-0.00341,-0.00479,0.58977,0.00008,0.28072,-0.00010,0.70749,0.00007,0.70673,1,3,0.99708,0.07181,0.00730,-0.02485,0.07991,0.08064,0.63872,0,1
1768603712.107525,-0.67794,0.03850,0.08371,0.00168,-0.00511,-0.00279,0.58977,0.00008,0.28072,-0.00010,0.70749,0.00007,0.70673,1,3,0.99708,0.07181,0.00730,-0.02485,0.07991,0.08064,0.63872,0,1
1768603712.109530,-0.72340,0.01708,0.07199,0.00100,-0.00438,-0.00253,0.58977,0.00008,0.28072,-0.00010,0.70749,0.00007,0.70673,1,3,0.99708,0.07181,0.00730,-0.02485,0.07991,0.08064,0.63872,0,1
1768603712.111525,-0.73165,0.01686,0.09619,0.00112,-0.00453,-0.00204,0.58977,0.00008,0.28072,-0.00010,0.70749,0.00007,0.70673,1,3,0.99706,0.07241,0.00406,-0.02472,0.08066,0.08115,0.64299,0,1
1768603712.113519,-0.70863,0.03366,0.09055,0.00166,-0.00481,-0.00185,0.58977,0.00008,0.28072,-0.00010,0.70749,0.00007,0.70673,1,3,0.99706,0.07241,0.00406,-0.02472,0.08066,0.08115,0.64299,0,1
1768603712.115525,-0.67066,0.02486,0.09184,0.00129,-0.00392,-0.00277,0.58977,0.00008,0.28072,-0.00010,0.70749,0.00007,0.70673,1,3,0.99706,0.07241,0.00406,-0.02472,0.08066,0.08115,0.64299,0,1
1768603712.117552,-0.70100,0.00811,0.09188,0.00129,-0.00414,-0.00244,0.58977,0.00008,0.28072,-0.00010,0.70749,0.00007,0.70673,1,3,0.99706,0.07241,0.00406,-0.02472,0.08066,0.08115,0.64299,0,1
1768603712.119530,-0.67873,0.03417,0.10068,0.00101,-0.00491,-0.00200,0.58977,0.00008,0.28072,-0.00010,0.70749,0.00007,0.70673,1,3,0.99706,0.07241,0.00406,-0.02472,0.08066,0.08115,0.64299,0,1
1768603712.121522,-0.64847,0.03352,0.10520,0.00130,-0.00463,-0.00136,0.58977,0.00008,0.28072,-0.00010,0.70749,0.00007,0.70673,1,3,0.99706,0.07241,0.00406,-0.02472,0.08066,0.08115,0.64299,0,1
1768603712.123526,-0.63374,-0.00467,0.12674,0.00174,-0.00525,0.00035,0.58977,0.00008,0.28072,-0.00010,0.70749,0.00007,0.70673,1,3,0.99706,0.07241,0.00406,-0.02472,0.08066,0.08115,0.64299,0,1
1768603712.125555,-0.61794,0.05166,0.11227,0.00131,-0.00957,-0.00324,0.58977,0.00008,0.28072,-0.00010,0.70749,0.00007,0.70673,1,3,0.99706,0.07241,0.00406,-0.02472,0.08066,0.08115,0.64299,0,1
1768603712.127535,-0.65676,0.02339,0.13136,0.00116,-0.00738,-0.00076,0.58977,0.00008,0.28072,-0.00010,0.70748,0.00007,0.70673,1,3,0.99706,0.07241,0.00406,-0.02472,0.08066,0.08115,0.64299,0,1
1768603712.129529,-0.61866,0.00258,0.14704,0.00122,-0.01134,-0.00268,0.58977,0.00008,0.28072,-0.00010,0.70748,0.00007,0.70673,1,3,0.99706,0.07241,0.00406,-0.02472,0.08066,0.08115,0.64299,0,1
1768603712.131574,-0.65673,0.02580,0.15024,0.00223,-0.01042,-0.00116,0.58977,0.00008,0.28072,-0.00010,0.70749,0.00007,0.70673,1,3,0.99706,0.07241,0.00406,-0.02472,0.08066,0.08115,0.64299,0,1
1768603712.133525,-0.71810,0.03348,0.15900,0.00017,-0.01207,-0.00332,0.58977,0.00008,0.28072,-0.00010,0.70749,0.00007,0.70673,1,3,0.99706,0.07241,0.00406,-0.02472,0.08066,0.08115,0.64299,0,1
1768603712.135548,-0.69621,-0.00233,0.22477,0.00182,-0.01564,-0.00292,0.58977,0.00008,0.28072,-0.00010,0.70749,0.00007,0.70673,1,3,0.99706,0.07241,0.00406,-0.02472,0.08066,0.08115,0.64299,0,1
1768603712.137545,-0.71152,0.03511,0.20873,0.00057,-0.01846,-0.00312,0.58977,0.00008,0.28072,-0.00010,0.70749,0.00007,0.70673,1,3,0.99706,0.07241,0.00406,-0.02472,0.08066,0.08115,0.64299,0,1
1768603712.139555,-0.69685,0.00575,0.23968,0.00154,-0.01983,-0.00151,0.58977,0.00008,0.28072,-0.00010,0.70749,0.00007,0.70672,1,3,0.99706,0.07241,0.00406,-0.02472,0.08066,0.08115,0.64299,0,1
1768603712.141567,-0.68157,0.01892,0.22929,0.00061,-0.02367,-0.00231,0.58977,0.00008,0.28072,-0.00010,0.70749,0.00007,0.70672,1,3,0.99706,0.07241,0.00406,-0.02472,0.08066,0.08115,0.64299,0,1
1768603712.143543,-0.69749,-0.01015,0.27091,0.00129,-0.02492,-0.00173,0.58977,0.00008,0.28072,-0.00010,0.70749,0.00007,0.70672,1,3,0.99706,0.07241,0.00406,-0.02472,0.08066,0.08115,0.64299,0,1
1768603712.145543,-0.70611,0.06692,0.29386,0.00093,-0.02594,-0.00217,0.58977,0.00008,0.28072,-0.00010,0.70749,0.00007,0.70672,1,3,0.99706,0.07241,0.00406,-0.02472,0.08066,0.08115,0.64299,0,1
1768603712.147557,-0.69031,0.03175,0.27488,0.00111,-0.02465,-0.00160,0.58977,0.00008,0.28072,-0.00010,0.70749,0.00007,0.70672,1,3,0.99693,0.07348,0.00837,-0.02576,0.08078,0.08094,0.64150,0,1
1768603712.149560,-0.68282,0.04897,0.26922,0.00083,-0.02493,-0.00118,0.58977,0.00008,0.28072,-0.00010,0.70749,0.00007,0.70672,1,3,0.99693,0.07348,0.00837,-0.02576,0.08078,0.08094,0.64150,0,1
1768603712.151561,-0.68265,0.02629,0.26226,0.00085,-0.02349,-0.00052,0.58977,0.00008,0.28072,-0.00010,0.70749,0.00007,0.70672,1,3,0.99693,0.07348,0.00837,-0.02576,0.08078,0.08094,0.64150,0,1
1768603712.153568,-0.67490,0.03475,0.24732,0.00045,-0.02323,-0.00036,0.58977,0.00008,0.28072,-0.00010,0.70749,0.00007,0.70672,1,3,0.99693,0.07348,0.00837,-0.02576,0.08078,0.08094,0.64150,0,1
1768603712.155556,-0.68240,0.02544,0.24709,0.00086,-0.02280,0.00027,0.58977,0.00008,0.28072,-0.00010,0.70749,0.00007,0.70672,1,3,0.99693,0.07348,0.00837,-0.02576,0.08078,0.08094,0.64150,0,1
1768603712.157596,-0.68197,0.04249,0.23155,0.00125,-0.02321,0.00046,0.58977,0.00008,0.28072,-0.00010,0.70749,0.00007,0.70673,1,3,0.99693,0.07348,0.00837,-0.02576,0.08078,0.08094,0.64150,0,1
1768603712.159557,-0.68307,0.03831,0.28346,0.00164,-0.02367,0.00009,0.58977,0.00008,0.28072,-0.00010,0.70749,0.00007,0.70673,1,3,0.99693,0.07348,0.00837,-0.02576,0.08078,0.08094,0.64150,0,1
1768603712.161582,-0.64351,0.01499,0.22600,0.00091,-0.02437,-0.00137,0.58977,0.00008,0.28072,-0.00010,0.70749,0.00007,0.70673,1,3,0.99693,0.07348,0.00837,-0.02576,0.08078,0.08094,0.64150,0,1
1768603712.163599,-0.62883,0.00527,0.24167,0.00052,-0.02287,-0.00152,0.58977,0.00008,0.28072,-0.00010,0.70749,0.00007,0.70673,1,3,0.99693,0.07348,0.00837,-0.02576,0.08078,0.08094,0.64150,0,1
1768603712.165578,-0.65145,0.01336,0.24177,0.00090,-0.02265,-0.00200,0.58977,0.00008,0.28072,-0.00010,0.70749,0.00007,0.70673,1,3,0.99693,0.07348,0.00837,-0.02576,0.08078,0.08094,0.64150,0,1
1768603712.167562,-0.60529,0.00262,0.22491,0.00082,-0.02416,-0.00262,0.58977,0.00008,0.28072,-0.00010,0.70749,0.00007,0.70673,1,3,0.99693,0.07348,0.00837,-0.02576,0.08078,0.08094,0.64150,0,1
1768603712.169573,-0.70461,0.01010,0.23722,0.00099,-0.01964,-0.00144,0.58977,0.00008,0.28072,-0.00010,0.70749,0.00007,0.70673,1,3,0.99693,0.07348,0.00837,-0.02576,0.08078,0.08094,0.64150,0,1
1768603712.171574,-0.68115,0.02785,0.21797,0.00114,-0.02009,-0.00278,0.58977,0.00008,0.28072,-0.00010,0.70749,0.00007,0.70673,1,3,0.99693,0.07348,0.00837,-0.02576,0.08078,0.08094,0.64150,0,1
1768603712.173574,-0.66582,0.01026,0.21415,0.00090,-0.01905,-0.00320,0.58977,0.00008,0.28072,-0.00010,0.70749,0.00007,0.70673,1,3,0.99693,0.07348,0.00837,-0.02576,0.08078,0.08094,0.64150,0,1
1768603712.175603,-0.69636,-0.00127,0.21950,0.00115,-0.01636,-0.00256,0.58977,0.00008,0.28072,-0.00010,0.70749,0.00007,0.70673,1,3,0.99693,0.07348,0.00837,-0.02576,0.08078,0.08094,0.64150,0,1
1768603712.177569,-0.66482,0.00653,0.16576,0.00064,-0.01505,-0.00274,0.58977,0.00008,0.28072,-0.00010,0.70749,0.00007,0.70673,1,3,0.99693,0.07348,0.00837,-0.02576,0.08078,0.08094,0.64150,0,1
1768603712.179571,-0.67992,0.02176,0.17105,0.00129,-0.01367,-0.00343,0.58977,0.00008,0.28072,-0.00010,0.70749,0.00007,0.70673,1,3,0.99693,0.07348,0.00837,-0.02576,0.08078,0.08094,0.64150,0,1
1768603712.181577,-0.60286,-0.01883,0.14391,0.00100,-0.01422,-0.00534,0.58977,0.00008,0.28072,-0.00010,0.70749,0.00007,0.70673,1,3,0.99693,0.07348,0.00837,-0.02576,0.08078,0.08094,0.64150,0,1
1768603712.183567,-0.67188,0.01760,0.16368,0.00156,-0.00917,-0.00502,0.58977,0.00008,0.28072,-0.00010,0.70749,0.00007,0.70673,1,3,0.99693,0.07348,0.00837,-0.02576,0.08078,0.08094,0.64150,0,1
1768603712.185593,-0.67093,-0.00057,0.12975,0.00173,-0.00783,-0.00477,0.58977,0.00008,0.28072,-0.00010,0.70749,0.00007,0.70673,1,3,0.99697,0.07330,0.00703,-0.02514,0.08019,0.08030,0.63715,0,1
1768603712.187576,-0.64012,-0.01039,0.11596,0.00176,-0.00625,-0.00515,0.58977,0.00008,0.28072,-0.00010,0.70749,0.00007,0.70673,1,3,0.99697,0.07330,0.00703,-0.02514,0.08019,0.08030,0.63715,0,1
1768603712.189594,-0.62435,0.00749,0.09222,0.00123,-0.00632,-0.00675,0.58977,0.00008,0.28072,-0.00010,0.70749,0.00007,0.70673,1,3,0.99697,0.07330,0.00703,-0.02514,0.08019,0.08030,0.63715,0,1
1768603712.191577,-0.62395,-0.00551,0.08013,0.00138,-0.00603,-0.00658,0.58977,0.00008,0.28072,-0.00010,0.70749,0.00007,0.70673,1,3,0.99697,0.07330,0.00703,-0.02514,0.08019,0.08030,0.63715,0,1
1768603712.193589,-0.72326,-0.01467,0.08233,0.00103,-0.00164,-0.00444,0.58977,0.00008,0.28072,-0.00010,0.70749,0.00007,0.70673,1,3,0.99697,0.07330,0.00703,-0.02514,0.08019,0.08030,0.63715,0,1
1768603712.195569,-0.67782,0.00828,0.08447,0.00078,-0.00314,-0.00511,0.58977,0.00008,0.28072,-0.00010,0.70749,0.00007,0.70673,1,3,0.99697,0.07330,0.00703,-0.02514,0.08019,0.08030,0.63715,0,1
1768603712.197572,-0.70836,0.01109,0.09157,0.00115,-0.00218,-0.00463,0.58977,0.00008,0.28072,-0.00010,0.70749,0.00007,0.70673,1,3,0.99697,0.07330,0.00703,-0.02514,0.08019,0.08030,0.63715,0,1
1768603712.199619,-0.67787,-0.02112,0.10730,0.00161,-0.00374,-0.00552,0.58977,0.00008,0.28072,-0.00010,0.70749,0.00007,0.70673,1,3,0.99697,0.07330,0.00703,-0.02514,0.08019,0.08030,0.63715,0,1
1768603712.201587,-0.73864,-0.00452,0.08646,0.00087,-0.00334,-0.00432,0.58977,0.00008,0.28072,-0.00010,0.70749,0.00007,0.70673,1,3,0.99697,0.07330,0.00703,-0.02514,0.08019,0.08030,0.63715,0,1
1768603712.203592,-0.67076,-0.00443,0.11433,0.00213,-0.00474,-0.00280,0.58977,0.00008,0.28072,-0.00010,0.70749,0.00007,0.70673,1,3,0.99697,0.07330,0.00703,-0.02514,0.08019,0.08030,0.63715,0,1
1768603712.205585,-0.62473,0.01212,0.09704,0.00162,-0.00779,-0.00414,0.58977,0.00008,0.28072,-0.00010,0.70749,0.00007,0.70673,1,3,0.99697,0.07330,0.00703,-0.02514,0.08019,0.08030,0.63715,0,1
1768603712.207592,-0.63992,-0.00406,0.10646,0.00216,-0.00899,-0.00369,0.58977,0.00008,0.28072,-0.00010,0.70749,0.00007,0.70673,1,3,0.99697,0.07330,0.00703,-0.02514,0.08019,0.08030,0.63715,0,1
1768603712.209606,-0.67113,0.01080,0.11182,0.00077,-0.00631,-0.00339,0.58977,0.00008,0.28072,-0.00010,0.70749,0.00007,0.70673,1,3,0.99697,0.07330,0.00703,-0.02514,0.08019,0.08030,0.63715,0,1
1768603712.211596,-0.67898,0.02382,0.12251,0.00142,-0.00748,-0.00227,0.58977,0.00008,0.28072,-0.00010,0.70749,0.00007,0.70673,1,3,0.99697,0.07330,0.00703,-0.02514,0.08019,0.08030,0.63715,0,1
1768603712.213601,-0.64108,0.01565,0.15055,0.00173,-0.01151,-0.00473,0.58977,0.00008,0.28072,-0.00010,0.70749,0.00007,0.70673,1,3,0.99697,0.07330,0.00703,-0.02514,0.08019,0.08030,0.63715,0,1
1768603712.215585,-0.68718,0.01751,0.16457,0.00129,-0.01331,-0.00439,0.58977,0.00008,0.28072,-0.00010,0.70749,0.00007,0.70673,1,3,0.99697,0.07330,0.00703,-0.02514,0.08019,0.08030,0.63715,0,1
1768603712.217601,-0.68770,0.02050,0.17660,0.00114,-0.01229,-0.00367,0.58977,0.00008,0.28072,-0.00010,0.70749,0.00007,0.70673,1,3,0.99697,0.07330,0.00703,-0.02514,0.08019,0.08030,0.63715,0,1
1768603712.219582,-0.64973,0.00632,0.18130,0.00106,-0.01486,-0.00376,0.58977,0.00008,0.28072,-0.00010,0.70749,0.00007,0.70673,1,3,0.99697,0.07330,0.00703,-0.02514,0.08019,0.08030,0.63715,0,1
1768603712.221593,-0.67322,0.00684,0.21468,0.00170,-0.01620,-0.00302,0.58977,0.00008,0.28072,-0.00010,0.70749,0.00007,0.70673,1,3,0.99697,0.07346,0.00347,-0.02547,0.08014,0.08011,0.63664,0,1
1768603712.223602,-0.65020,-0.01830,0.21257,0.00121,-0.01994,-0.00387,0.58977,0.00008,0.28072,-0.00010,0.70749,0.00007,0.70673,1,3,0.99697,0.07346,0.00347,-0.02547,0.08014,0.08011,0.63664,0,1
1768603712.225603,-0.68886,0.01671,0.23605,0.00128,-0.02140,-0.00405,0.58977,0.00008,0.28072,-0.00010,0.70749,0.00007,0.70673,1,3,0.99697,0.07346,0.00347,-0.02547,0.08014,0.08011,0.63664,0,1
1768603712.227676,-0.67386,0.00072,0.24542,0.00144,-0.02260,-0.00336,0.58977,0.00008,0.28072,-0.00010,0.70749,0.00007,0.70673,1,3,0.99697,0.07346,0.00347,-0.02547,0.08014,0.08011,0.63664,0,1
1768603712.229698,-0.66717,0.04121,0.27674,0.00113,-0.02484,-0.00438,0.58977,0.00008,0.28072,-0.00010,0.70749,0.00007,0.70673,1,3,0.99697,0.07346,0.00347,-0.02547,0.08014,0.08011,0.63664,0,1
1768603712.231710,-0.71339,0.03323,0.30171,0.00083,-0.02520,-0.00469,0.58977,0.00008,0.28072,-0.00010,0.70749,0.00007,0.70673,1,3,0.99697,0.07346,0.00347,-0.02547,0.08014,0.08011,0.63664,0,1
1768603712.233611,-0.68156,-0.00561,0.23984,0.00077,-0.02442,-0.00278,0.58977,0.00008,0.28072,-0.00010,0.70749,0.00007,0.70673,1,3,0.99697,0.07346,0.00347,-0.02547,0.08014,0.08011,0.63664,0,1
1768603712.235607,-0.67455,0.01805,0.26418,0.00128,-0.02325,-0.00282,0.58977,0.00008,0.28072,-0.00010,0.70749,0.00007,0.70673,1,3,0.99697,0.07346,0.00347,-0.02547,0.08014,0.08011,0.63664,0,1
1768603712.237625,-0.65106,0.01380,0.23794,0.00104,-0.02269,-0.00352,0.58977,0.00008,0.28072,-0.00010,0.70749,0.00007,0.70673,1,3,0.99697,0.07346,0.00347,-0.02547,0.08014,0.08011,0.63664,0,1
1768603712.239624,-0.66667,0.00937,0.24393,0.00103,-0.02306,-0.00169,0.58977,0.00008,0.28072,-0.00010,0.70749,0.00007,0.70673,1,3,0.99697,0.07346,0.00347,-0.02547,0.08014,0.08011,0.63664,0,1
1768603712.241626,-0.68196,0.03530,0.25425,0.00113,-0.02337,-0.00328,0.58977,0.00008,0.28072,-0.00010,0.70749,0.00007,0.70673,1,3,0.99697,0.07346,0.00347,-0.02547,0.08014,0.08011,0.63664,0,1
1768603712.243617,-0.66719,0.01991,0.25530,0.00128,-0.02161,-0.00030,0.58977,0.00008,0.28072,-0.00010,0.70749,0.00007,0.70673,1,3,0.99697,0.07346,0.00347,-0.02547,0.08014,0.08011,0.63664,0,1
1768603712.245608,-0.64394,0.00986,0.23838,0.00078,-0.02356,-0.00094,0.58977,0.00008,0.28072,-0.00010,0.70749,0.00007,0.70673,1,3,0.99697,0.07346,0.00347,-0.02547,0.08014,0.08011,0.63664,0,1
1768603712.247612,-0.68213,0.02940,0.25030,0.00139,-0.02254,-0.00092,0.58977,0.00008,0.28072,-0.00010,0.70749,0.00007,0.70673,1,3,0.99697,0.07346,0.00347,-0.02547,0.08014,0.08011,0.63664,0,1
1768603712.249606,-0.66702,0.02127,0.25073,0.00101,-0.02254,-0.00108,0.58977,0.00008,0.28072,-0.00010,0.70749,0.00007,0.70673,1,3,0.99697,0.07346,0.00347,-0.02547,0.08014,0.08011,0.63664,0,1
1768603712.251622,-0.64367,0.01220,0.23131,0.00118,-0.02190,-0.00095,0.58977,0.00008,0.28072,-0.00010,0.70749,0.00007,0.70673,1,3,0.99697,0.07346,0.00347,-0.02547,0.08014,0.08011,0.63664,0,1
1768603712.253645,-0.64407,0.02457,0.23877,0.00076,-0.02137,-0.00112,0.58977,0.00008,0.28072,-0.00010,0.70749,0.00007,0.70673,1,3,0.99697,0.07346,0.00347,-0.02547,0.08014,0.08011,0.63664,0,1
1768603712.255638,-0.69033,0.02444,0.27374,0.00098,-0.02138,-0.00190,0.58977,0.00008,0.28072,-0.00010,0.70749,0.00007,0.70673,1,3,0.99695,0.07317,0.00416,-0.02663,0.08054,0.07959,0.63638,0,1
1768603712.257656,-0.64389,0.03275,0.23776,0.00156,-0.02182,-0.00044,0.58977,0.00008,0.28072,-0.00010,0.70749,0.00007,0.70673,1,3,0.99695,0.07317,0.00416,-0.02663,0.08054,0.07959,0.63638,0,1
1768603712.259634,-0.66665,0.03138,0.22255,0.00113,-0.02048,0.00073,0.58977,0.00008,0.28072,-0.00010,0.70749,0.00007,0.70673,1,3,0.99695,0.07317,0.00416,-0.02663,0.08054,0.07959,0.63638,0,1
1768603712.261667,-0.65103,0.03945,0.21827,0.00168,-0.02009,-0.00038,0.58977,0.00008,0.28072,-0.00010,0.70749,0.00007,0.70673,1,3,0.99695,0.07317,0.00416,-0.02663,0.08054,0.07959,0.63638,0,1
1768603712.263640,-0.65908,0.03841,0.22810,0.00140,-0.01910,0.00013,0.58977,0.00008,0.28072,-0.00010,0.70749,0.00007,0.70673,1,3,0.99695,0.07317,0.00416,-0.02663,0.08054,0.07959,0.63638,0,1
1768603712.265634,-0.68886,0.02875,0.20415,0.00126,-0.01764,0.00001,0.58977,0.00008,0.28072,-0.00010,0.70749,0.00007,0.70673,1,3,0.99695,0.07317,0.00416,-0.02663,0.08054,0.07959,0.63638,0,1
1768603712.267643,-0.67342,0.03102,0.18707,0.00113,-0.01566,0.00050,0.58977,0.00008,0.28072,-0.00010,0.70749,0.00007,0.70673,1,3,0.99695,0.07317,0.00416,-0.02663,0.08054,0.07959,0.63638,0,1
1768603712.269634,-0.68110,0.04306,0.20044,0.00138,-0.01484,-0.00104,0.58977,0.00008,0.28072,-0.00010,0.70749,0.00007,0.70673,1,3,0.99695,0.07317,0.00416,-0.02663,0.08054,0.07959,0.63638,0,1
1768603712.271654,-0.66497,0.01609,0.16776,0.00116,-0.01262,-0.00171,0.58977,0.00008,0.28072,-0.00010,0.70749,0.00007,0.70673,1,3,0.99695,0.07317,0.00416,-0.02663,0.08054,0.07959,0.63638,0,1
1768603712.273653,-0.70982,0.00866,0.14073,0.00167,-0.00989,-0.00083,0.58977,0.00008,0.28072,-0.00010,0.70749,0.00007,0.70673,1,3,0.99695,0.07317,0.00416,-0.02663,0.08054,0.07959,0.63638,0,1
1768603712.275637,-0.64114,0.02224,0.12401,0.00118,-0.01009,-0.00175,0.58977,0.00008,0.28072,-0.00010,0.70749,0.00007,0.70673,1,3,0.99695,0.07317,0.00416,-0.02663,0.08054,0.07959,0.63638,0,1
1768603712.277680,-0.69427,0.01923,0.11458,0.00101,-0.00715,-0.00120,0.58977,0.00008,0.28072,-0.00010,0.70749,0.00007,0.70673,1,3,0.99695,0.07317,0.00416,-0.02663,0.08054,0.07959,0.63638,0,1
1768603712.279644,-0.67079,0.03000,0.08816,0.00115,-0.00506,-0.00169,0.58977,0.00008,0.28072,-0.00010,0.70749,0.00007,0.70673,1,3,0.99695,0.07317,0.00416,-0.02663,0.08054,0.07959,0.63638,0,1
1768603712.281660,-0.65547,0.00307,0.07845,0.00105,-0.00365,-0.00047,0.58977,0.00008,0.28072,-0.00010,0.70749,0.00007,0.70673,1,3,0.99695,0.07317,0.00416,-0.02663,0.08054,0.07959,0.63638,0,1
1768603712.283655,-0.57932,0.00507,0.07504,0.00045,-0.00457,-0.00254,0.58977,0.00008,0.28072,-0.00010,0.70749,0.00007,0.70673,1,3,0.99695,0.07317,0.00416,-0.02663,0.08054,0.07959,0.63638,0,1
1768603712.285658,-0.63149,0.00704,0.04828,0.00135,-0.00270,-0.00278,0.58977,0.00008,0.28072,-0.00010,0.70749,0.00007,0.70673,1,3,0.99695,0.07317,0.00416,-0.02663,0.08054,0.07959,0.63638,0,1
1768603712.287744,-0.65568,0.03607,0.09377,0.00142,-0.00281,-0.00202,0.58977,0.00008,0.28072,-0.00010,0.70749,0.00007,0.70673,1,3,0.99695,0.07317,0.00416,-0.02663,0.08054,0.07959,0.63638,0,1
1768603712.289650,-0.72343,0.00312,0.07976,0.00141,-0.00342,-0.00236,0.58977,0.00008,0.28072,-0.00010,0.70749,0.00007,0.70673,1,3,0.99695,0.07317,0.00416,-0.02663,0.08054,0.07959,0.63638,0,1
1768603712.291655,-0.64774,0.00660,0.07386,0.00039,-0.00633,-0.00179,0.58977,0.00008,0.28072,-0.00010,0.70749,0.00007,0.70673,1,3,0.99695,0.07317,0.00416,-0.02663,0.08054,0.07959,0.63638,0,1
1768603712.293659,-0.67096,0.03355,0.09600,0.00115,-0.00431,-0.00212,0.58977,0.00008,0.28072,-0.00010,0.70749,0.00007,0.70673,1,3,0.99695,0.07317,0.00416,-0.02663,0.08054,0.07959,0.63638,0,1
1768603712.295651,-0.72435,0.03103,0.10071,0.00137,-0.00229,-0.00120,0.58977,0.00008,0.28072,-0.00010,0.70749,0.00007,0.70673,1,3,0.99697,0.07338,0.00548,-0.02508,0.08059,0.07950,0.63620,0,1
1768603712.297668,-0.62543,0.03628,0.09063,0.00051,-0.00656,-0.00216,0.58977,0.00008,0.28072,-0.00010,0.70749,0.00007,0.70673,1,3,0.99697,0.07338,0.00548,-0.02508,0.08059,0.07950,0.63620,0,1
1768603712.299673,-0.64780,0.01481,0.07862,0.00065,-0.00627,-0.00189,0.58977,0.00008,0.28072,-0.00010,0.70749,0.00007,0.70673,1,3,0.99697,0.07338,0.00548,-0.02508,0.08059,0.07950,0.63620,0,1
1768603712.301673,-0.68617,0.02537,0.09067,0.00087,-0.00459,-0.00138,0.58977,0.00008,0.28072,-0.00010,0.70749,0.00007,0.70673,1,3,0.99697,0.07338,0.00548,-0.02508,0.08059,0.07950,0.63620,0,1
1768603712.303675,-0.66286,0.03879,0.09058,0.00130,-0.00918,-0.00344,0.58977,0.00008,0.28072,-0.00010,0.70749,0.00007,0.70673,1,3,0.99697,0.07338,0.00548,-0.02508,0.08059,0.07950,0.63620,0,1
1768603712.305659,-0.70194,0.02528,0.10540,0.00045,-0.00442,-0.00115,0.58977,0.00008,0.28072,-0.00010,0.70749,0.00007,0.70673,1,3,0.99697,0.07338,0.00548,-0.02508,0.08059,0.07950,0.63620,0,1
1768603712.307670,-0.64130,0.04398,0.11876,0.00129,-0.00687,-0.00087,0.58977,0.00008,0.28072,-0.00010,0.70749,0.00007,0.70673,1,3,0.99697,0.07338,0.00548,-0.02508,0.08059,0.07950,0.63620,0,1
1768603712.310293,-0.66415,0.03843,0.13294,0.00168,-0.00998,-0.00118,0.58977,0.00008,0.28072,-0.00010,0.70749,0.00007,0.70673,1,3,0.99697,0.07338,0.00548,-0.02508,0.08059,0.07950,0.63620,0,1
1768603712.311694,-0.61136,0.03144,0.13332,0.00052,-0.01063,-0.00125,0.58977,0.00008,0.28072,-0.00010,0.70749,0.00007,0.70673,1,3,0.99697,0.07338,0.00548,-0.02508,0.08059,0.07950,0.63620,0,1
1768603712.313746,-0.68707,0.02042,0.13363,0.00128,-0.00866,-0.00097,0.58977,0.00008,0.28072,-0.00010,0.70749,0.00007,0.70672,1,3,0.99697,0.07338,0.00548,-0.02508,0.08059,0.07950,0.63620,0,1
1768603712.315693,-0.58871,0.00950,0.15778,0.00110,-0.01427,-0.00176,0.58977,0.00008,0.28072,-0.00010,0.70749,0.00007,0.70672,1,3,0.99697,0.07338,0.00548,-0.02508,0.08059,0.07950,0.63620,0,1
1768603712.317731,-0.69583,0.05410,0.17351,0.00109,-0.01298,-0.00090,0.58977,0.00008,0.28072,-0.00010,0.70749,0.00007,0.70673,1,3,0.99697,0.07338,0.00548,-0.02508,0.08059,0.07950,0.63620,0,1
1768603712.319721,-0.65786,0.02365,0.18389,0.00089,-0.01592,-0.00157,0.58977,0.00008,0.28072,-0.00010,0.70749,0.00007,0.70673,1,3,0.99697,0.07338,0.00548,-0.02508,0.08059,0.07950,0.63620,0,1
1768603712.321673,-0.68839,0.00727,0.20469,0.00115,-0.01632,-0.00277,0.58977,0.00008,0.28072,-0.00010,0.70749,0.00007,0.70672,1,3,0.99697,0.07338,0.00548,-0.02508,0.08059,0.07950,0.63620,0,1
1768603712.323673,-0.71972,0.03361,0.23763,0.00136,-0.01789,-0.00222,0.58977,0.00008,0.28072,-0.00010,0.70749,0.00007,0.70672,1,3,0.99697,0.07338,0.00548,-0.02508,0.08059,0.07950,0.63620,0,1
1768603712.325716,-0.65814,0.01485,0.21089,0.00117,-0.01974,-0.00262,0.58977,0.00008,0.28072,-0.00010,0.70749,0.00007,0.70672,1,3,0.99697,0.07338,0.00548,-0.02508,0.08059,0.07950,0.63620,0,1
1768603712.327677,-0.68196,0.01562,0.24935,0.00127,-0.02103,-0.00189,0.58977,0.00008,0.28072,-0.00010,0.70749,0.00007,0.70672,1,3,0.99697,0.07338,0.00548,-0.02508,0.08059,0.07950,0.63620,0,1
1768603712.329687,-0.68232,0.03093,0.26671,0.00099,-0.02322,-0.00324,0.58977,0.00008,0.28072,-0.00010,0.70749,0.00007,0.70672,1,3,0.99697,0.07338,0.00548,-0.02508,0.08059,0.07950,0.63620,0,1
1768603712.331674,-0.68911,0.00137,0.23473,0.00089,-0.02317,-0.00235,0.58977,0.00008,0.28072,-0.00010,0.70749,0.00007,0.70672,1,3,0.99697,0.07338,0.00548,-0.02508,0.08059,0.07950,0.63620,0,1
1768603712.333703,-0.74339,0.03187,0.28637,0.00121,-0.02429,-0.00376,0.58977,0.00008,0.28072,-0.00010,0.70749,0.00007,0.70672,1,3,0.99697,0.07338,0.00548,-0.02508,0.08059,0.07950,0.63620,0,1
1768603712.335702,-0.70512,0.00594,0.25634,0.00046,-0.02357,-0.00179,0.58977,0.00008,0.28072,-0.00010,0.70749,0.00007,0.70673,1,3,0.99697,0.07338,0.00548,-0.02508,0.08059,0.07950,0.63620,0,1
1768603712.337700,-0.69706,-0.00753,0.25477,0.00115,-0.02293,-0.00251,0.58977,0.00008,0.28072,-0.00010,0.70749,0.00007,0.70673,1,3,0.99697,0.07338,0.00548,-0.02508,0.08059,0.07950,0.63620,0,1
1768603712.339722,-0.64400,0.02998,0.26100,0.00196,-0.02307,-0.00232,0.58977,0.00008,0.28072,-0.00010,0.70749,0.00007,0.70673,1,3,0.99700,0.07342,0.00413,-0.02410,0.08063,0.07952,0.63642,0,1
1768603712.341738,-0.64449,0.02648,0.26343,0.00089,-0.02326,-0.00192,0.58977,0.00008,0.28072,-0.00010,0.70749,0.00007,0.70673,1,3,0.99700,0.07342,0.00413,-0.02410,0.08063,0.07952,0.63642,0,1
1768603712.343715,-0.63629,0.03747,0.24121,0.00129,-0.02178,-0.00177,0.58977,0.00008,0.28072,-0.00010,0.70749,0.00007,0.70673,1,3,0.99700,0.07342,0.00413,-0.02410,0.08063,0.07952,0.63642,0,1
1768603712.345738,-0.62105,0.00509,0.23685,0.00067,-0.02271,-0.00164,0.58977,0.00008,0.28072,-0.00010,0.70749,0.00007,0.70672,1,3,0.99700,0.07342,0.00413,-0.02410,0.08063,0.07952,0.63642,0,1
1768603712.347710,-0.68168,0.01921,0.23678,0.00141,-0.02052,-0.00154,0.58977,0.00008,0.28072,-0.00010,0.70749,0.00007,0.70672,1,3,0.99700,0.07342,0.00413,-0.02410,0.08063,0.07952,0.63642,0,1
1768603712.350139,-0.68184,0.01466,0.23951,0.00114,-0.02005,-0.00150,0.58977,0.00008,0.28072,-0.00010,0.70749,0.00007,0.70672,1,3,0.99700,0.07342,0.00413,-0.02410,0.08063,0.07952,0.63642,0,1
1768603712.351700,-0.64349,-0.00551,0.23273,0.00120,-0.02079,-0.00188,0.58977,0.00008,0.28072,-0.00010,0.70749,0.00007,0.70672,1,3,0.99700,0.07342,0.00413,-0.02410,0.08063,0.07952,0.63642,0,1
1768603712.353698,-0.67386,0.01173,0.22775,0.00089,-0.02085,-0.00234,0.58977,0.00008,0.28072,-0.00010,0.70749,0.00007,0.70672,1,3,0.99700,0.07342,0.00413,-0.02410,0.08063,0.07952,0.63642,0,1
1768603712.356435,-0.65065,0.00645,0.21128,0.00078,-0.01952,-0.00265,0.58977,0.00008,0.28072,-0.00010,0.70749,0.00007,0.70672,1,3,0.99700,0.07342,0.00413,-0.02410,0.08063,0.07952,0.63642,0,1
1768603712.357697,-0.68109,0.01820,0.21394,0.00088,-0.01861,-0.00305,0.58977,0.00008,0.28072,-0.00010,0.70749,0.00007,0.70672,1,3,0.99700,0.07342,0.00413,-0.02410,0.08063,0.07952,0.63642,0,1
1768603712.359699,-0.68087,0.01773,0.20829,0.00142,-0.01868,-0.00227,0.58977,0.00008,0.28072,-0.00010,0.70749,0.00007,0.70672,1,3,0.99700,0.07342,0.00413,-0.02410,0.08063,0.07952,0.63642,0,1
1768603712.361709,-0.65754,0.01568,0.18948,0.00158,-0.01651,-0.00261,0.58977,0.00008,0.28072,-0.00010,0.70749,0.00007,0.70672,1,3,0.99700,0.07342,0.00413,-0.02410,0.08063,0.07952,0.63642,0,1
1768603712.363704,-0.65758,0.02370,0.18949,0.00157,-0.01607,-0.00270,0.58977,0.00008,0.28072,-0.00010,0.70749,0.00007,0.70672,1,3,0.99700,0.07342,0.00413,-0.02410,0.08063,0.07952,0.63642,0,1
1768603712.365724,-0.67264,0.03001,0.18027,0.00141,-0.01378,-0.00290,0.58977,0.00008,0.28072,-0.00010,0.70749,0.00007,0.70672,1,3,0.99700,0.07342,0.00413,-0.02410,0.08063,0.07952,0.63642,0,1
1768603712.367727,-0.66490,0.03484,0.16362,0.00048,-0.01354,-0.00347,0.58977,0.00008,0.28072,-0.00010,0.70749,0.00007,0.70672,1,3,0.99700,0.07342,0.00413,-0.02410,0.08063,0.07952,0.63642,0,1
1768603712.369726,-0.67910,-0.00133,0.15134,0.00132,-0.01107,-0.00504,0.58977,0.00008,0.28072,-0.00010,0.70749,0.00007,0.70672,1,3,0.99700,0.07342,0.00413,-0.02410,0.08063,0.07952,0.63642,0,1
1768603712.371716,-0.67164,0.00629,0.15095,0.00131,-0.01042,-0.00450,0.58977,0.00008,0.28072,-0.00010,0.70749,0.00007,0.70672,1,3,0.99700,0.07342,0.00413,-0.02410,0.08063,0.07952,0.63642,0,1
1768603712.373734,-0.65643,0.02291,0.14139,0.00077,-0.00966,-0.00495,0.58977,0.00008,0.28072,-0.00010,0.70749,0.00007,0.70672,1,3,0.99700,0.07342,0.00413,-0.02410,0.08063,0.07952,0.63642,0,1
1768603712.375713,-0.67921,0.00946,0.15412,0.00144,-0.00929,-0.00517,0.58977,0.00008,0.28072,-0.00010,0.70749,0.00007,0.70672,1,3,0.99700,0.07342,0.00413,-0.02410,0.08063,0.07952,0.63642,0,1
1768603712.377725,-0.67136,0.02543,0.12922,0.00089,-0.00806,-0.00472,0.58977,0.00008,0.28072,-0.00010,0.70749,0.00007,0.70672,1,3,0.99700,0.07342,0.00413,-0.02410,0.08063,0.07952,0.63642,0,1
1768603712.379727,-0.68621,0.01645,0.11929,0.00116,-0.00774,-0.00434,0.58977,0.00008,0.28072,-0.00010,0.70749,0.00007,0.70672,1,3,0.99700,0.07342,0.00413,-0.02410,0.08063,0.07952,0.63642,0,1
1768603712.381732,-0.67078,0.01827,0.10234,0.00103,-0.00533,-0.00384,0.58977,0.00008,0.28072,-0.00010,0.70749,0.00007,0.70672,1,3,0.99700,0.07342,0.00413,-0.02410,0.08063,0.07952,0.63642,0,1
1768603712.383738,-0.67782,-0.00901,0.09105,0.00080,-0.00700,-0.00490,0.58977,0.00008,0.28072,-0.00010,0.70749,0.00007,0.70672,1,3,0.99703,0.07342,0.00399,-0.02291,0.08066,0.07954,0.63655,0,1
1768603712.385727,-0.67047,0.01839,0.09203,0.00131,-0.00567,-0.00345,0.58977,0.00008,0.28072,-0.00010,0.70749,0.00007,0.70672,1,3,0.99703,0.07342,0.00399,-0.02291,0.08066,0.07954,0.63655,0,1
1768603712.387785,-0.67052,0.01868,0.10270,0.00144,-0.00576,-0.00460,0.58977,0.00008,0.28072,-0.00010,0.70749,0.00007,0.70672,1,3,0.99703,0.07342,0.00399,-0.02291,0.08066,0.07954,0.63655,0,1
1768603712.389771,-0.67017,-0.00067,0.11018,0.00227,-0.00785,-0.00512,0.58977,0.00008,0.28072,-0.00010,0.70749,0.00007,0.70672,1,3,0.99703,0.07342,0.00399,-0.02291,0.08066,0.07954,0.63655,0,1
1768603712.391751,-0.68639,0.02673,0.11082,0.00114,-0.00588,-0.00255,0.58977,0.00008,0.28072,-0.00010,0.70749,0.00007,0.70672,1,3,0.99703,0.07342,0.00399,-0.02291,0.08066,0.07954,0.63655,0,1
1768603712.393769,-0.64750,0.01755,0.09901,0.00174,-0.00908,-0.00420,0.58977,0.00008,0.28072,-0.00010,0.70749,0.00007,0.70672,1,3,0.99703,0.07342,0.00399,-0.02291,0.08066,0.07954,0.63655,0,1
1768603712.395815,-0.70869,0.02676,0.09664,0.00113,-0.00561,-0.00330,0.58977,0.00008,0.28072,-0.00010,0.70749,0.00007,0.70672,1,3,0.99703,0.07342,0.00399,-0.02291,0.08066,0.07954,0.63655,0,1
1768603712.397745,-0.67137,0.04525,0.12015,0.00127,-0.00751,-0.00304,0.58977,0.00008,0.28072,-0.00010,0.70749,0.00007,0.70672,1,3,0.99703,0.07342,0.00399,-0.02291,0.08066,0.07954,0.63655,0,1
1768603712.399739,-0.67811,-0.01866,0.09843,0.00174,-0.00734,-0.00173,0.58977,0.00008,0.28072,-0.00010,0.70749,0.00007,0.70672,1,3,0.99703,0.07342,0.00399,-0.02291,0.08066,0.07954,0.63655,0,1
1768603712.401736,-0.70134,-0.00282,0.11837,0.00197,-0.00644,-0.00232,0.58977,0.00008,0.28072,-0.00010,0.70749,0.00007,0.70672,1,3,0.99703,0.07342,0.00399,-0.02291,0.08066,0.07954,0.63655,0,1
1768603712.403737,-0.67174,0.00764,0.14193,0.00170,-0.00856,-0.00183,0.58977,0.00008,0.28072,-0.00010,0.70749,0.00007,0.70672,1,3,0.99703,0.07342,0.00399,-0.02291,0.08066,0.07954,0.63655,0,1
1768603712.405745,-0.67933,0.01182,0.14449,0.00183,-0.00853,-0.00214,0.58977,0.00008,0.28072,-0.00010,0.70749,0.00007,0.70672,1,3,0.99703,0.07342,0.00399,-0.02291,0.08066,0.07954,0.63655,0,1
1768603712.407738,-0.66434,0.01754,0.15724,0.00170,-0.00969,-0.00323,0.58977,0.00008,0.28072,-0.00010,0.70749,0.00007,0.70672,1,3,0.99703,0.07342,0.00399,-0.02291,0.08066,0.07954,0.63655,0,1
1768603712.409748,-0.65706,0.04048,0.14821,0.00088,-0.01132,-0.00212,0.58977,0.00008,0.28072,-0.00010,0.70749,0.00007,0.70672,1,3,0.99703,0.07342,0.00399,-0.02291,0.08066,0.07954,0.63655,0,1
1768603712.411741,-0.64958,0.04206,0.15285,0.00075,-0.01280,-0.00227,0.58977,0.00008,0.28072,-0.00010,0.70749,0.00007,0.70672,1,3,0.99703,0.07342,0.00399,-0.02291,0.08066,0.07954,0.63655,0,1
1768603712.413757,-0.67296,0.05025,0.17253,0.00058,-0.01256,-0.00239,0.58977,0.00008,0.28072,-0.00010,0.70749,0.00007,0.70672,1,3,0.99703,0.07342,0.00399,-0.02291,0.08066,0.07954,0.63655,0,1
1768603712.415751,-0.68116,0.03374,0.20161,0.00099,-0.01352,-0.00170,0.58977,0.00008,0.28072,-0.00010,0.70749,0.00007,0.70672,1,3,0.99703,0.07342,0.00399,-0.02291,0.08066,0.07954,0.63655,0,1
1768603712.417767,-0.66555,0.05169,0.18171,0.00072,-0.01419,-0.00216,0.58977,0.00008,0.28072,-0.00010,0.70749,0.00007,0.70672,1,3,0.99699,0.07366,0.00468,-0.02388,0.08065,0.07954,0.63655,0,1
1768603712.419775,-0.64271,0.02714,0.19151,0.00130,-0.01539,-0.00186,0.58977,0.00008,0.28072,-0.00010,0.70749,0.00007,0.70672,1,3,0.99699,0.07366,0.00468,-0.02388,0.08065,0.07954,0.63655,0,1
1768603712.421788,-0.61962,-0.00702,0.18999,0.00082,-0.01847,-0.00298,0.58977,0.00008,0.28072,-0.00010,0.70749,0.00007,0.70672,1,3,0.99699,0.07366,0.00468,-0.02388,0.08065,0.07954,0.63655,0,1
1768603712.423771,-0.65782,0.01725,0.19417,0.00104,-0.01776,-0.00264,0.58977,0.00008,0.28072,-0.00010,0.70749,0.00007,0.70672,1,3,0.99699,0.07366,0.00468,-0.02388,0.08065,0.07954,0.63655,0,1
1768603712.425848,-0.68065,0.01744,0.19264,0.00142,-0.01865,-0.00111,0.58977,0.00008,0.28072,-0.00010,0.70749,0.00007,0.70672,1,3,0.99699,0.07366,0.00468,-0.02388,0.08065,0.07954,0.63655,0,1
1768603712.427959,-0.68879,0.00827,0.20779,0.00101,-0.01782,-0.00089,0.58977,0.00008,0.28072,-0.00010,0.70749,0.00007,0.70672,1,3,0.99699,0.07366,0.00468,-0.02388,0.08065,0.07954,0.63655,0,1
1768603712.429769,-0.69644,0.03081,0.20938,0.00112,-0.01932,-0.00103,0.58977,0.00008,0.28072,-0.00010,0.70749,0.00007,0.70672,1,3,0.99699,0.07366,0.00468,-0.02388,0.08065,0.07954,0.63655,0,1
1768603712.431771,-0.66597,-0.00275,0.21074,0.00077,-0.01909,-0.00152,0.58977,0.00008,0.28072,-0.00010,0.70749,0.00007,0.70672,1,3,0.99699,0.07366,0.00468,-0.02388,0.08065,0.07954,0.63655,0,1
1768603712.433833,-0.69580,0.00124,0.19356,0.00102,-0.01886,-0.00181,0.58977,0.00008,0.28072,-0.00010,0.70749,0.00007,0.70672,1,3,0.99699,0.07366,0.00468,-0.02388,0.08065,0.07954,0.63655,0,1
1768603712.435770,-0.68148,0.02594,0.22175,0.00140,-0.01896,-0.00085,0.58977,0.00008,0.28072,-0.00010,0.70749,0.00007,0.70672,1,3,0.99699,0.07366,0.00468,-0.02388,0.08065,0.07954,0.63655,0,1
1768603712.437781,-0.65842,0.00865,0.20752,0.00103,-0.01826,-0.00064,0.58977,0.00008,0.28072,-0.00010,0.70749,0.00007,0.70672,1,3,0.99699,0.07366,0.00468,-0.02388,0.08065,0.07954,0.63655,0,1
1768603712.439761,-0.68142,0.02146,0.20984,0.00073,-0.01823,-0.00080,0.58977,0.00008,0.28072,-0.00010,0.70749,0.00007,0.70672,1,3,0.99699,0.07366,0.00468,-0.02388,0.08065,0.07954,0.63655,0,1
1768603712.441760,-0.58981,0.01799,0.20772,0.00149,-0.01912,-0.00151,0.58977,0.00008,0.28072,-0.00010,0.70749,0.00007,0.70672,1,3,0.99699,0.07366,0.00468,-0.02388,0.08065,0.07954,0.63655,0,1
1768603712.443782,-0.67344,0.02527,0.20278,0.00114,-0.01787,-0.00134,0.58977,0.00008,0.28072,-0.00010,0.70749,0.00007,0.70672,1,3,0.99699,0.07366,0.00468,-0.02388,0.08065,0.07954,0.63655,0,1
1768603712.445796,-0.73475,0.05397,0.21950,0.00119,-0.01723,-0.00144,0.58977,0.00008,0.28072,-0.00010,0.70749,0.00007,0.70672,1,3,0.99699,0.07366,0.00468,-0.02388,0.08065,0.07954,0.63655,0,1
1768603712.447778,-0.60463,0.00818,0.17364,0.00041,-0.01714,-0.00075,0.58977,0.00008,0.28072,-0.00010,0.70749,0.00007,0.70672,1,3,0.99699,0.07366,0.00468,-0.02388,0.08065,0.07954,0.63655,0,1
1768603712.449781,-0.69649,0.04342,0.20508,0.00123,-0.01522,-0.00080,0.58977,0.00008,0.28072,-0.00010,0.70749,0.00007,0.70672,1,3,0.99699,0.07366,0.00468,-0.02388,0.08065,0.07954,0.63655,0,1
1768603712.451835,-0.68110,0.05915,0.20477,0.00204,-0.01457,-0.00085,0.58977,0.00008,0.28072,-0.00010,0.70749,0.00007,0.70672,1,3,0.99699,0.07366,0.00468,-0.02388,0.08065,0.07954,0.63655,0,1
1768603712.453774,-0.61964,0.03065,0.15910,0.00038,-0.01425,-0.00075,0.58977,0.00008,0.28072,-0.00010,0.70749,0.00007,0.70672,1,3,0.99699,0.07366,0.00468,-0.02388,0.08065,0.07954,0.63655,0,1
1768603712.455779,-0.68062,0.02022,0.17955,0.00101,-0.01269,-0.00114,0.58977,0.00008,0.28072,-0.00010,0.70749,0.00007,0.70672,1,3,0.99698,0.07343,0.00566,-0.02463,0.08060,0.07950,0.63620,0,1
1768603712.457783,-0.65690,0.03011,0.15928,0.00197,-0.01447,-0.00161,0.58977,0.00008,0.28072,-0.00010,0.70749,0.00007,0.70672,1,3,0.99698,0.07343,0.00566,-0.02463,0.08060,0.07950,0.63620,0,1
1768603712.459786,-0.66490,0.04540,0.15378,0.00127,-0.01279,-0.00053,0.58977,0.00008,0.28072,-0.00010,0.70749,0.00007,0.70672,1,3,0.99698,0.07343,0.00566,-0.02463,0.08060,0.07950,0.63620,0,1
1768603712.461804,-0.63420,0.04561,0.14584,0.00076,-0.01201,-0.00257,0.58977,0.00008,0.28072,-0.00010,0.70749,0.00007,0.70672,1,3,0.99698,0.07343,0.00566,-0.02463,0.08060,0.07950,0.63620,0,1
1768603712.463783,-0.64147,0.05570,0.14110,0.00089,-0.01337,-0.00370,0.58977,0.00008,0.28072,-0.00010,0.70749,0.00007,0.70672,1,3,0.99698,0.07343,0.00566,-0.02463,0.08060,0.07950,0.63620,0,1
1768603712.465776,-0.65726,0.01824,0.16585,0.00143,-0.01067,-0.00186,0.58977,0.00008,0.28072,-0.00010,0.70749,0.00007,0.70672,1,3,0.99698,0.07343,0.00566,-0.02463,0.08060,0.07950,0.63620,0,1
1768603712.467780,-0.64213,0.03054,0.15334,0.00076,-0.00995,-0.00150,0.58977,0.00008,0.28072,-0.00010,0.70749,0.00007,0.70672,1,3,0.99698,0.07343,0.00566,-0.02463,0.08060,0.07950,0.63620,0,1
1768603712.469900,-0.66424,0.01821,0.15143,0.00184,-0.01063,-0.00247,0.58977,0.00008,0.28072,-0.00010,0.70749,0.00007,0.70672,1,3,0.99698,0.07343,0.00566,-0.02463,0.08060,0.07950,0.63620,0,1
1768603712.471818,-0.67223,0.00995,0.16214,0.00116,-0.01028,-0.00303,0.58977,0.00008,0.28072,-0.00010,0.70749,0.00007,0.70672,1,3,0.99698,0.07343,0.00566,-0.02463,0.08060,0.07950,0.63620,0,1
1768603712.473794,-0.65652,0.01856,0.15976,0.00145,-0.01424,-0.00490,0.58977,0.00008,0.28072,-0.00010,0.70749,0.00007,0.70672,1,3,0.99698,0.07343,0.00566,-0.02463,0.08060,0.07950,0.63620,0,1
1768603712.475812,-0.64954,0.00519,0.15935,0.00105,-0.00988,-0.00221,0.58977,0.00008,0.28072,-0.00010,0.70749,0.00007,0.70672,1,3,0.99698,0.07343,0.00566,-0.02463,0.08060,0.07950,0.63620,0,1
1768603712.477809,-0.69496,0.01027,0.16233,0.00115,-0.01050,-0.00341,0.58977,0.00008,0.28072,-0.00010,0.70749,0.00007,0.70672,1,3,0.99698,0.07343,0.00566,-0.02463,0.08060,0.07950,0.63620,0,1
1768603712.479829,-0.65751,0.04267,0.16878,0.00034,-0.01282,-0.00370,0.58977,0.00008,0.28072,-0.00010,0.70749,0.00007,0.70672,1,3,0.99698,0.07343,0.00566,-0.02463,0.08060,0.07950,0.63620,0,1
1768603712.481855,-0.64268,0.02906,0.19034,0.00116,-0.01278,-0.00265,0.58977,0.00008,0.28072,-0.00010,0.70749,0.00007,0.70672,1,3,0.99698,0.07343,0.00566,-0.02463,0.08060,0.07950,0.63620,0,1
1768603712.483800,-0.58851,-0.01770,0.15252,-0.00007,-0.01521,-0.00373,0.58977,0.00008,0.28072,-0.00010,0.70749,0.00007,0.70672,1,3,0.99698,0.07343,0.00566,-0.02463,0.08060,0.07950,0.63620,0,1
1768603712.485811,-0.61939,0.02626,0.18311,0.00159,-0.01418,-0.00337,0.58977,0.00008,0.28072,-0.00010,0.70749,0.00007,0.70672,1,3,0.99698,0.07343,0.00566,-0.02463,0.08060,0.07950,0.63620,0,1
1768603712.487798,-0.62749,0.01824,0.18686,0.00105,-0.01479,-0.00163,0.58977,0.00008,0.28072,-0.00010,0.70749,0.00007,0.70672,1,3,0.99698,0.07343,0.00566,-0.02463,0.08060,0.07950,0.63620,0,1
1768603712.489799,-0.64322,0.01512,0.20371,0.00077,-0.01590,-0.00135,0.58977,0.00008,0.28072,-0.00010,0.70749,0.00007,0.70672,1,3,0.99698,0.07343,0.00566,-0.02463,0.08060,0.07950,0.63620,0,1
1768603712.491791,-0.64317,0.00480,0.19535,0.00038,-0.01819,-0.00047,0.58977,0.00008,0.28072,-0.00010,0.70749,0.00007,0.70672,1,3,0.99700,0.07333,0.00441,-0.02440,0.08062,0.07951,0.63635,0,1
1768603712.493821,-0.66628,0.02531,0.21221,0.00087,-0.01798,-0.00072,0.58977,0.00008,0.28072,-0.00010,0.70749,0.00007,0.70672,1,3,0.99700,0.07333,0.00441,-0.02440,0.08062,0.07951,0.63635,0,1
1768603712.495833,-0.65898,-0.00663,0.22753,0.00051,-0.01955,-0.00086,0.58977,0.00008,0.28072,-0.00010,0.70749,0.00007,0.70672,1,3,0.99700,0.07333,0.00441,-0.02440,0.08062,0.07951,0.63635,0,1
1768603712.497866,-0.65112,0.01877,0.22213,0.00103,-0.01983,-0.00128,0.58977,0.00008,0.28072,-0.00010,0.70749,0.00007,0.70672,1,3,0.99700,0.07333,0.00441,-0.02440,0.08062,0.07951,0.63635,0,1
1768603712.499856,-0.62079,0.00843,0.22918,0.00107,-0.02214,-0.00129,0.58977,0.00008,0.28072,-0.00010,0.70749,0.00007,0.70672,1,3,0.99700,0.07333,0.00441,-0.02440,0.08062,0.07951,0.63635,0,1
1768603712.501825,-0.63624,0.00329,0.24147,0.00132,-0.02156,-0.00098,0.58977,0.00008,0.28072,-0.00010,0.70749,0.00007,0.70672,1,3,0.99700,0.07333,0.00441,-0.02440,0.08062,0.07951,0.63635,0,1
1768603712.503836,-0.62865,0.01736,0.24454,0.00105,-0.02239,-0.00243,0.58977,0.00008,0.28072,-0.00010,0.70749,0.00007,0.70672,1,3,0.99700,0.07333,0.00441,-0.02440,0.08062,0.07951,0.63635,0,1
1768603712.505851,-0.67476,0.02116,0.26589,0.00141,-0.02257,-0.00172,0.58977,0.00008,0.28072,-0.00010,0.70749,0.00007,0.70672,1,3,0.99700,0.07333,0.00441,-0.02440,0.08062,0.07951,0.63635,0,1
1768603712.507833,-0.68981,0.02109,0.26070,0.00153,-0.02263,-0.00146,0.58977,0.00008,0.28072,-0.00010,0.70749,0.00007,0.70672,1,3,0.99700,0.07333,0.00441,-0.02440,0.08062,0.07951,0.63635,0,1
1768603712.509827,-0.69765,0.03145,0.26056,0.00071,-0.02395,-0.00185,0.58977,0.00008,0.28072,-0.00010,0.70749,0.00007,0.70672,1,3,0.99700,0.07333,0.00441,-0.02440,0.08062,0.07951,0.63635,0,1
1768603712.511847,-0.71254,0.02756,0.25867,0.00097,-0.02419,-0.00268,0.58977,0.00008,0.28072,-0.00010,0.70749,0.00007,0.70672,1,3,0.99700,0.07333,0.00441,-0.02440,0.08062,0.07951,0.63635,0,1
1768603712.513832,-0.69718,0.02021,0.25421,0.00073,-0.02490,-0.00323,0.58977,0.00008,0.28072,-0.00010,0.70749,0.00007,0.70672,1,3,0.99700,0.07333,0.00441,-0.02440,0.08062,0.07951,0.63635,0,1
1768603712.515838,-0.67417,0.00204,0.25500,0.00117,-0.02380,-0.00339,0.58977,0.00008,0.28072,-0.00010,0.70749,0.00007,0.70672,1,3,0.99700,0.07333,0.00441,-0.02440,0.08062,0.07951,0.63635,0,1
1768603712.517864,-0.65142,0.01443,0.25253,0.00104,-0.02339,-0.00354,0.58977,0.00008,0.28072,-0.00010,0.70749,0.00007,0.70672,1,3,0.99700,0.07333,0.00441,-0.02440,0.08062,0.07951,0.63635,0,1
1768603712.519833,-0.62893,0.01813,0.25460,0.00078,-0.02293,-0.00283,0.58977,0.00008,0.28072,-0.00010,0.70749,0.00007,0.70672,1,3,0.99700,0.07333,0.00441,-0.02440,0.08062,0.07951,0.63635,0,1
1768603712.521828,-0.65967,0.02112,0.27144,0.00128,-0.02229,-0.00236,0.58977,0.00008,0.28072,-0.00010,0.70749,0.00007,0.70672,1,3,0.99700,0.07333,0.00441,-0.02440,0.08062,0.07951,0.63635,0,1
1768603712.523833,-0.63608,0.00286,0.23661,0.00146,-0.02118,-0.00097,0.58977,0.00008,0.28072,-0.00010,0.70749,0.00007,0.70672,1,3,0.99700,0.07333,0.00441,-0.02440,0.08062,0.07951,0.63635,0,1
1768603712.525833,-0.69652,0.01602,0.22988,0.00140,-0.02126,-0.00239,0.58977,0.00008,0.28072,-0.00010,0.70749,0.00007,0.70672,1,3,0.99700,0.07333,0.00441,-0.02440,0.08062,0.07951,0.63635,0,1
1768603712.527829,-0.70437,0.02769,0.23244,0.00111,-0.02014,-0.00241,0.58977,0.00008,0.28072,-0.00010,0.70749,0.00007,0.70672,1,3,0.99700,0.07333,0.00441,-0.02440,0.08062,0.07951,0.63635,0,1
1768603712.529869,-0.65832,0.02774,0.21836,0.00116,-0.01987,-0.00316,0.58977,0.00008,0.28072,-0.00010,0.70749,0.00007,0.70672,1,3,0.99700,0.07333,0.00441,-0.02440,0.08062,0.07951,0.63635,0,1
1768603712.531869,-0.68122,0.02626,0.22325,0.00141,-0.01872,-0.00276,0.58977,0.00008,0.28072,-0.00010,0.70749,0.00007,0.70672,1,3,0.99700,0.07333,0.00441,-0.02440,0.08062,0.07951,0.63635,0,1
1768603712.533859,-0.65038,0.01832,0.19383,0.00064,-0.01864,-0.00240,0.58977,0.00008,0.28072,-0.00010,0.70749,0.00007,0.70672,1,3,0.99700,0.07333,0.00441,-0.02440,0.08062,0.07951,0.63635,0,1
1768603712.535841,-0.61211,-0.01470,0.20012,0.00097,-0.01922,-0.00340,0.58977,0.00008,0.28072,-0.00010,0.70749,0.00007,0.70672,1,3,0.99700,0.07333,0.00441,-0.02440,0.08062,0.07951,0.63635,0,1
1768603712.537844,-0.64976,0.03667,0.18227,0.00156,-0.01615,-0.00336,0.58977,0.00008,0.28072,-0.00010,0.70749,0.00007,0.70672,1,3,0.99700,0.07333,0.00441,-0.02440,0.08062,0.07951,0.63635,0,1
1768603712.539889,-0.71154,0.03934,0.20341,0.00109,-0.01503,-0.00164,0.58977,0.00008,0.28072,-0.00010,0.70749,0.00007,0.70672,1,3,0.99695,0.07326,0.00661,-0.02600,0.08057,0.07948,0.63600,0,1
1768603712.541851,-0.68003,0.06833,0.16203,0.00124,-0.01399,-0.00284,0.58977,0.00008,0.28072,-0.00010,0.70749,0.00007,0.70672,1,3,0.99695,0.07326,0.00661,-0.02600,0.08057,0.07948,0.63600,0,1
1768603712.543877,-0.70243,0.02499,0.15744,0.00180,-0.01340,-0.00192,0.58977,0.00008,0.28072,-0.00010,0.70749,0.00007,0.70672,1,3,0.99695,0.07326,0.00661,-0.02600,0.08057,0.07948,0.63600,0,1
1768603712.545863,-0.62647,0.02394,0.16422,0.00173,-0.01178,-0.00357,0.58977,0.00008,0.28072,-0.00010,0.70749,0.00007,0.70672,1,3,0.99695,0.07326,0.00661,-0.02600,0.08057,0.07948,0.63600,0,1
1768603712.547858,-0.61024,0.00407,0.12713,0.00177,-0.01289,-0.00318,0.58977,0.00008,0.28072,-0.00010,0.70749,0.00007,0.70672,1,3,0.99695,0.07326,0.00661,-0.02600,0.08057,0.07948,0.63600,0,1
1768603712.549860,-0.64165,0.01278,0.15445,0.00159,-0.00928,-0.00242,0.58977,0.00008,0.28072,-0.00010,0.70749,0.00007,0.70672,1,3,0.99695,0.07326,0.00661,-0.02600,0.08057,0.07948,0.63600,0,1
1768603712.551854,-0.64895,0.01654,0.12695,0.00091,-0.00852,-0.00156,0.58977,0.00008,0.28072,-0.00010,0.70749,0.00007,0.70672,1,3,0.99695,0.07326,0.00661,-0.02600,0.08057,0.07948,0.63600,0,1
1768603712.553867,-0.67109,0.00674,0.13587,0.00172,-0.01104,-0.00448,0.58977,0.00008,0.28072,-0.00010,0.70749,0.00007,0.70672,1,3,0.99695,0.07326,0.00661,-0.02600,0.08057,0.07948,0.63600,0,1
1768603712.556164,-0.66337,0.02497,0.10250,0.00117,-0.00838,-0.00215,0.58977,0.00008,0.28072,-0.00010,0.70749,0.00007,0.70672,1,3,0.99695,0.07326,0.00661,-0.02600,0.08057,0.07948,0.63600,0,1
1768603712.557851,-0.73119,-0.01473,0.10163,0.00183,-0.00687,-0.00279,0.58977,0.00008,0.28072,-0.00010,0.70749,0.00007,0.70672,1,3,0.99695,0.07326,0.00661,-0.02600,0.08057,0.07948,0.63600,0,1
1768603712.559855,-0.70149,0.01977,0.11172,0.00074,-0.00674,-0.00374,0.58977,0.00008,0.28072,-0.00010,0.70749,0.00007,0.70672,1,3,0.99695,0.07326,0.00661,-0.02600,0.08057,0.07948,0.63600,0,1
1768603712.561863,-0.64767,0.02756,0.08692,0.00105,-0.00617,-0.00356,0.58977,0.00008,0.28072,-0.00010,0.70749,0.00007,0.70672,1,3,0.99695,0.07326,0.00661,-0.02600,0.08057,0.07948,0.63600,0,1
1768603712.563853,-0.62547,0.01459,0.10906,0.00107,-0.00612,-0.00305,0.58977,0.00008,0.28072,-0.00010,0.70749,0.00007,0.70672,1,3,0.99695,0.07326,0.00661,-0.02600,0.08057,0.07948,0.63600,0,1
1768603712.565859,-0.60158,-0.02494,0.09620,0.00155,-0.00824,-0.00522,0.58977,0.00008,0.28072,-0.00010,0.70749,0.00007,0.70672,1,3,0.99695,0.07326,0.00661,-0.02600,0.08057,0.07948,0.63600,0,1
1768603712.567864,-0.69381,0.01420,0.11421,0.00129,-0.00584,-0.00342,0.58977,0.00008,0.28072,-0.00010,0.70749,0.00007,0.70672,1,3,0.99695,0.07326,0.00661,-0.02600,0.08057,0.07948,0.63600,0,1
1768603712.569867,-0.65558,-0.01647,0.12030,0.00122,-0.00839,-0.00483,0.58977,0.00008,0.28072,-0.00010,0.70749,0.00007,0.70672,1,3,0.99695,0.07326,0.00661,-0.02600,0.08057,0.07948,0.63600,0,1
1768603712.571858,-0.70194,0.01563,0.12348,0.00060,-0.00704,-0.00295,0.58977,0.00008,0.28072,-0.00010,0.70749,0.00007,0.70672,1,3,0.99695,0.07326,0.00661,-0.02600,0.08057,0.07948,0.63600,0,1
1768603712.573858,-0.67929,0.03997,0.12715,0.00126,-0.00677,-0.00209,0.58977,0.00008,0.28072,-0.00010,0.70749,0.00007,0.70672,1,3,0.99695,0.07326,0.00661,-0.02600,0.08057,0.07948,0.63600,0,1
1768603712.575878,-0.65640,-0.00614,0.12982,0.00146,-0.00740,-0.00116,0.58977,0.00008,0.28072,-0.00010,0.70749,0.00007,0.70672,1,3,0.99695,0.07326,0.00661,-0.02600,0.08057,0.07948,0.63600,0,1
1768603712.577862,-0.63363,0.03428,0.13248,0.00118,-0.00911,-0.00317,0.58977,0.00008,0.28072,-0.00010,0.70749,0.00007,0.70672,1,3,0.99695,0.07326,0.00661,-0.02600,0.08057,0.07948,0.63600,0,1
1768603712.579859,-0.67905,0.00094,0.13789,0.00144,-0.00970,-0.00315,0.58977,0.00008,0.28072,-0.00010,0.70749,0.00007,0.70672,1,3,0.99695,0.07326,0.00661,-0.02600,0.08057,0.07948,0.63600,0,1
1768603712.581952,-0.67980,0.01739,0.17166,0.00209,-0.00995,-0.00298,0.58977,0.00008,0.28072,-0.00010,0.70749,0.00007,0.70672,1,3,0.99699,0.07350,0.00431,-0.02421,0.08063,0.07952,0.63637,0,1
1768603712.583873,-0.68718,0.01908,0.15613,0.00168,-0.01145,-0.00249,0.58977,0.00008,0.28072,-0.00010,0.70749,0.00007,0.70672,1,3,0.99699,0.07350,0.00431,-0.02421,0.08063,0.07952,0.63637,0,1
1768603712.585886,-0.72563,0.02918,0.17566,0.00151,-0.01296,-0.00313,0.58977,0.00008,0.28072,-0.00010,0.70749,0.00007,0.70672,1,3,0.99699,0.07350,0.00431,-0.02421,0.08063,0.07952,0.63637,0,1
1768603712.587885,-0.68056,0.04518,0.18909,0.00192,-0.01279,-0.00181,0.58977,0.00008,0.28072,-0.00010,0.70749,0.00007,0.70672,1,3,0.99699,0.07350,0.00431,-0.02421,0.08063,0.07952,0.63637,0,1
1768603712.590011,-0.66553,0.03016,0.18935,0.00114,-0.01410,-0.00190,0.58977,0.00008,0.28072,-0.00010,0.70749,0.00007,0.70672,1,3,0.99699,0.07350,0.00431,-0.02421,0.08063,0.07952,0.63637,0,1
1768603712.591956,-0.66602,0.04258,0.20611,0.00126,-0.01412,-0.00168,0.58977,0.00008,0.28072,-0.00010,0.70749,0.00007,0.70672,1,3,0.99699,0.07350,0.00431,-0.02421,0.08063,0.07952,0.63637,0,1
1768603712.593968,-0.64996,0.01088,0.17602,0.00131,-0.01623,-0.00077,0.58977,0.00008,0.28072,-0.00010,0.70749,0.00007,0.70672,1,3,0.99699,0.07350,0.00431,-0.02421,0.08063,0.07952,0.63637,0,1
1768603712.595967,-0.69652,0.04752,0.20746,0.00136,-0.01519,-0.00085,0.58977,0.00008,0.28072,-0.00010,0.70749,0.00007,0.70672,1,3,0.99699,0.07350,0.00431,-0.02421,0.08063,0.07952,0.63637,0,1
1768603712.597983,-0.67318,0.02798,0.19047,0.00128,-0.01649,-0.00098,0.58977,0.00008,0.28072,-0.00010,0.70749,0.00007,0.70672,1,3,0.99699,0.07350,0.00431,-0.02421,0.08063,0.07952,0.63637,0,1
1768603712.599911,-0.69641,0.03371,0.21387,0.00085,-0.01730,-0.00298,0.58977,0.00008,0.28072,-0.00010,0.70749,0.00007,0.70672,1,3,0.99699,0.07350,0.00431,-0.02421,0.08063,0.07952,0.63637,0,1
1768603712.601902,-0.71132,0.02548,0.20822,0.00138,-0.01803,-0.00223,0.58977,0.00008,0.28072,-0.00010,0.70749,0.00007,0.70672,1,3,0.99699,0.07350,0.00431,-0.02421,0.08063,0.07952,0.63637,0,1
1768603712.603884,-0.65029,-0.00352,0.19706,0.00079,-0.01795,-0.00252,0.58977,0.00008,0.28072,-0.00010,0.70749,0.00007,0.70672,1,3,0.99699,0.07350,0.00431,-0.02421,0.08063,0.07952,0.63637,0,1
1768603712.605885,-0.68140,0.02527,0.22258,0.00140,-0.01807,-0.00161,0.58977,0.00008,0.28072,-0.00010,0.70749,0.00007,0.70672,1,3,0.99699,0.07350,0.00431,-0.02421,0.08063,0.07952,0.63637,0,1
1768603712.607883,-0.64302,0.00936,0.20738,0.00145,-0.01913,-0.00090,0.58977,0.00008,0.28072,-0.00010,0.70749,0.00007,0.70672,1,3,0.99699,0.07350,0.00431,-0.02421,0.08063,0.07952,0.63637,0,1
1768603712.609894,-0.67409,0.03040,0.23506,0.00127,-0.01879,-0.00219,0.58977,0.00008,0.28072,-0.00010,0.70749,0.00007,0.70672,1,3,0.99699,0.07350,0.00431,-0.02421,0.08063,0.07952,0.63637,0,1
1768603712.611881,-0.68114,0.01795,0.21257,0.00128,-0.01907,-0.00151,0.58977,0.00008,0.28072,-0.00010,0.70749,0.00007,0.70672,1,3,0.99699,0.07350,0.00431,-0.02421,0.08063,0.07952,0.63637,0,1
1768603712.613891,-0.73428,0.00920,0.21884,0.00111,-0.01834,-0.00281,0.58977,0.00008,0.28072,-0.00010,0.70749,0.00007,0.70672,1,3,0.99700,0.07356,0.00442,-0.02382,0.08064,0.07953,0.63648,0,1
1768603712.615927,-0.71193,0.00471,0.23588,0.00126,-0.01835,-0.00238,0.58977,0.00008,0.28072,-0.00010,0.70749,0.00007,0.70672,1,3,0.99700,0.07356,0.00442,-0.02382,0.08064,0.07953,0.63648,0,1
1768603712.617943,-0.66567,0.00048,0.20341,0.00118,-0.01831,-0.00155,0.58977,0.00008,0.28072,-0.00010,0.70749,0.00007,0.70672,1,3,0.99700,0.07356,0.00442,-0.02382,0.08064,0.07953,0.63648,0,1
1768603712.619908,-0.65819,0.02081,0.22176,0.00170,-0.01742,-0.00345,0.58977,0.00008,0.28072,-0.00010,0.70749,0.00007,0.70672,1,3,0.99700,0.07356,0.00442,-0.02382,0.08064,0.07953,0.63648,0,1
1768603712.621912,-0.65103,0.02538,0.21868,0.00076,-0.01746,-0.00251,0.58977,0.00008,0.28072,-0.00010,0.70749,0.00007,0.70672,1,3,0.99700,0.07356,0.00442,-0.02382,0.08064,0.07953,0.63648,0,1
1768603712.623906,-0.66580,0.01582,0.20844,0.00143,-0.01693,-0.00174,0.58977,0.00008,0.28072,-0.00010,0.70749,0.00007,0.70672,1,3,0.99700,0.07356,0.00442,-0.02382,0.08064,0.07953,0.63648,0,1
1768603712.626017,-0.64329,0.03286,0.21286,0.00129,-0.01710,-0.00157,0.58977,0.00008,0.28072,-0.00010,0.70749,0.00007,0.70672,1,3,0.99700,0.07356,0.00442,-0.02382,0.08064,0.07953,0.63648,0,1
1768603712.627923,-0.66531,0.01131,0.19204,0.00130,-0.01626,-0.00243,0.58977,0.00008,0.28072,-0.00010,0.70749,0.00007,0.70672,1,3,0.99700,0.07356,0.00442,-0.02382,0.08064,0.07953,0.63648,0,1
1768603712.629930,-0.68846,0.03745,0.20170,0.00099,-0.01679,-0.00314,0.58977,0.00008,0.28072,-0.00010,0.70749,0.00007,0.70672,1,3,0.99700,0.07356,0.00442,-0.02382,0.08064,0.07953,0.63648,0,1
1768603712.631913,-0.69621,0.00638,0.19874,0.00087,-0.01574,-0.00111,0.58977,0.00008,0.28072,-0.00010,0.70749,0.00007,0.70672,1,3,0.99700,0.07356,0.00442,-0.02382,0.08064,0.07953,0.63648,0,1
1768603712.633905,-0.66540,-0.00280,0.18958,0.00118,-0.01498,-0.00150,0.58977,0.00008,0.28072,-0.00010,0.70749,0.00007,0.70672,1,3,0.99700,0.07356,0.00442,-0.02382,0.08064,0.07953,0.63648,0,1
1768603712.635907,-0.68085,0.03884,0.19342,0.00139,-0.01471,-0.00137,0.58977,0.00008,0.28072,-0.00010,0.70749,0.00007,0.70672,1,3,0.99700,0.07356,0.00442,-0.02382,0.08064,0.07953,0.63648,0,1
1768603712.637906,-0.65773,0.03141,0.19006,0.00115,-0.01497,-0.00318,0.58977,0.00008,0.28072,-0.00010,0.70749,0.00007,0.70672,1,3,0.99700,0.07356,0.00442,-0.02382,0.08064,0.07953,0.63648,0,1
1768603712.639919,-0.64279,0.02772,0.19182,0.00090,-0.01560,-0.00226,0.58977,0.00008,0.28072,-0.00010,0.70749,0.00007,0.70672,1,3,0.99700,0.07356,0.00442,-0.02382,0.08064,0.07953,0.63648,0,1
1768603712.641897,-0.70321,0.03108,0.17853,0.00139,-0.01533,-0.00126,0.58977,0.00008,0.28072,-0.00010,0.70749,0.00007,0.70672,1,3,0.99700,0.07356,0.00442,-0.02382,0.08064,0.07953,0.63648,0,1
1768603712.643896,-0.68113,0.03462,0.20136,0.00099,-0.01439,-0.00171,0.58977,0.00008,0.28072,-0.00010,0.70749,0.00007,0.70672,1,3,0.99700,0.07356,0.00442,-0.02382,0.08064,0.07953,0.63648,0,1
1768603712.645928,-0.65797,0.03009,0.18917,0.00115,-0.01411,-0.00164,0.58977,0.00008,0.28072,-0.00010,0.70749,0.00007,0.70672,1,3,0.99700,0.07356,0.00442,-0.02382,0.08064,0.07953,0.63648,0,1
1768603712.647922,-0.65002,0.02790,0.18795,0.00103,-0.01543,-0.00365,0.58977,0.00008,0.28072,-0.00010,0.70749,0.00007,0.70672,1,3,0.99700,0.07356,0.00442,-0.02382,0.08064,0.07953,0.63648,0,1
1768603712.649925,-0.65009,0.02384,0.19486,0.00144,-0.01600,-0.00322,0.58977,0.00008,0.28072,-0.00010,0.70749,0.00007,0.70672,1,3,0.99700,0.07356,0.00442,-0.02382,0.08064,0.07953,0.63648,0,1
1768603712.651937,-0.63531,0.02786,0.19720,0.00077,-0.01554,-0.00277,0.58977,0.00008,0.28072,-0.00010,0.70749,0.00007,0.70672,1,3,0.99699,0.07329,0.00533,-0.02483,0.08059,0.07948,0.63612,0,1
1768603712.653935,-0.64975,0.01487,0.18004,0.00145,-0.01553,-0.00272,0.58977,0.00008,0.28072,-0.00010,0.70749,0.00007,0.70672,1,3,0.99699,0.07329,0.00533,-0.02483,0.08059,0.07948,0.63612,0,1
1768603712.655928,-0.67353,0.01997,0.20748,0.00048,-0.01585,-0.00320,0.58977,0.00008,0.28072,-0.00010,0.70749,0.00007,0.70672,1,3,0.99699,0.07329,0.00533,-0.02483,0.08059,0.07948,0.63612,0,1
1768603712.657936,-0.65036,0.01552,0.19415,0.00104,-0.01623,-0.00198,0.58977,0.00008,0.28072,-0.00010,0.70749,0.00007,0.70672,1,3,0.99699,0.07329,0.00533,-0.02483,0.08059,0.07948,0.63612,0,1
1768603712.659944,-0.68815,0.01097,0.19178,0.00128,-0.01604,-0.00205,0.58977,0.00008,0.28072,-0.00010,0.70749,0.00007,0.70672,1,3,0.99699,0.07329,0.00533,-0.02483,0.08059,0.07948,0.63612,0,1
1768603712.661928,-0.67290,0.00758,0.19424,0.00143,-0.01689,-0.00226,0.58977,0.00008,0.28072,-0.00010,0.70749,0.00007,0.70672,1,3,0.99699,0.07329,0.00533,-0.02483,0.08059,0.07948,0.63612,0,1
1768603712.663939,-0.68065,0.01255,0.20268,0.00102,-0.01700,-0.00373,0.58977,0.00008,0.28072,-0.00010,0.70749,0.00007,0.70672,1,3,0.99699,0.07329,0.00533,-0.02483,0.08059,0.07948,0.63612,0,1
1768603712.666137,-0.65781,0.00934,0.20007,0.00091,-0.01791,-0.00369,0.58977,0.00008,0.28072,-0.00010,0.70749,0.00007,0.70672,1,3,0.99699,0.07329,0.00533,-0.02483,0.08059,0.07948,0.63612,0,1
1768603712.667977,-0.69674,0.02152,0.23109,0.00099,-0.01797,-0.00284,0.58977,0.00008,0.28072,-0.00010,0.70749,0.00007,0.70672,1,3,0.99699,0.07329,0.00533,-0.02483,0.08059,0.07948,0.63612,0,1
1768603712.669929,-0.66627,0.02301,0.22488,0.00115,-0.01979,-0.00184,0.58977,0.00008,0.28072,-0.00010,0.70749,0.00007,0.70672,1,3,0.99699,0.07329,0.00533,-0.02483,0.08059,0.07948,0.63612,0,1
1768603712.671927,-0.70406,0.01347,0.22038,0.00126,-0.01875,-0.00184,0.58977,0.00008,0.28072,-0.00010,0.70749,0.00007,0.70672,1,3,0.99699,0.07329,0.00533,-0.02483,0.08059,0.07948,0.63612,0,1
1768603712.673933,-0.68127,0.02764,0.23216,0.00194,-0.02058,-0.00240,0.58977,0.00008,0.28072,-0.00010,0.70749,0.00007,0.70672,1,3,0.99699,0.07329,0.00533,-0.02483,0.08059,0.07948,0.63612,0,1
1768603712.675959,-0.68169,0.02829,0.24755,0.00154,-0.02083,-0.00318,0.58977,0.00008,0.28072,-0.00010,0.70749,0.00007,0.70672,1,3,0.99699,0.07329,0.00533,-0.02483,0.08059,0.07948,0.63612,0,1
1768603712.677951,-0.67341,0.02342,0.21532,0.00142,-0.02013,-0.00247,0.58977,0.00008,0.28072,-0.00010,0.70749,0.00007,0.70672,1,3,0.99699,0.07329,0.00533,-0.02483,0.08059,0.07948,0.63612,0,1
1768603712.679957,-0.62040,-0.00614,0.22552,0.00082,-0.02372,-0.00302,0.58977,0.00008,0.28072,-0.00010,0.70749,0.00007,0.70672,1,3,0.99699,0.07329,0.00533,-0.02483,0.08059,0.07948,0.63612,0,1
1768603712.681939,-0.66690,0.02449,0.24839,0.00128,-0.02169,-0.00111,0.58977,0.00008,0.28072,-0.00010,0.70749,0.00007,0.70672,1,3,0.99699,0.07329,0.00533,-0.02483,0.08059,0.07948,0.63612,0,1
1768603712.683943,-0.60558,0.00807,0.22952,0.00108,-0.02170,-0.00154,0.58977,0.00008,0.28072,-0.00010,0.70749,0.00007,0.70672,1,3,0.99699,0.07329,0.00533,-0.02483,0.08059,0.07948,0.63612,0,1
1768603712.685943,-0.61309,-0.00380,0.23207,0.00122,-0.02255,-0.00165,0.58977,0.00008,0.28072,-0.00010,0.70749,0.00007,0.70672,1,3,0.99699,0.07329,0.00533,-0.02483,0.08059,0.07948,0.63612,0,1
1768603712.687944,-0.67464,0.03327,0.24854,0.00086,-0.02169,-0.00148,0.58977,0.00008,0.28072,-0.00010,0.70749,0.00007,0.70672,1,3,0.99699,0.07329,0.00533,-0.02483,0.08059,0.07948,0.63612,0,1
1768603712.689957,-0.67444,0.04046,0.24813,0.00166,-0.02104,-0.00117,0.58977,0.00008,0.28072,-0.00010,0.70749,0.00007,0.70672,1,3,0.99699,0.07352,0.00536,-0.02412,0.08062,0.07952,0.63638,0,1
1768603712.691955,-0.67435,0.01197,0.24551,0.00155,-0.02216,-0.00045,0.58977,0.00008,0.28072,-0.00010,0.70749,0.00007,0.70672,1,3,0.99699,0.07352,0.00536,-0.02412,0.08062,0.07952,0.63638,0,1
1768603712.693973,-0.65904,0.01156,0.23655,0.00103,-0.02118,-0.00108,0.58977,0.00008,0.28072,-0.00010,0.70749,0.00007,0.70672,1,3,0.99699,0.07352,0.00536,-0.02412,0.08062,0.07952,0.63638,0,1
1768603712.695999,-0.67439,0.02781,0.24702,0.00113,-0.02040,-0.00217,0.58977,0.00008,0.28072,-0.00010,0.70749,0.00007,0.70672,1,3,0.99699,0.07352,0.00536,-0.02412,0.08062,0.07952,0.63638,0,1
1768603712.697974,-0.68183,0.03726,0.24264,0.00086,-0.02089,-0.00330,0.58977,0.00008,0.28072,-0.00010,0.70749,0.00007,0.70672,1,3,0.99699,0.07352,0.00536,-0.02412,0.08062,0.07952,0.63638,0,1
1768603712.699977,-0.59748,0.02207,0.21253,0.00095,-0.02256,-0.00259,0.58977,0.00008,0.28072,-0.00010,0.70749,0.00007,0.70672,1,3,0.99699,0.07352,0.00536,-0.02412,0.08062,0.07952,0.63638,0,1
