ros_time_sec,fx,fy,fz,mx,my,mz,ee_x,ee_y,ee_z,ee_qx,ee_qy,ee_qz,ee_qw,tag_visible,tag_id,tag_qx,tag_qy,tag_qz,tag_qw,tag_x,tag_y,tag_z,fw_contact,ft_trigger
1768603073.453670,0.02631,0.06355,-0.02162,0.00145,0.00201,0.00033,0.51701,0.00008,0.27993,-0.00009,0.70829,0.00008,0.70592,1,3,0.99955,0.01074,0.01480,-0.02385,0.06078,0.08381,0.63813,0,0
1768603073.455652,0.01024,0.03314,0.02854,0.00133,-0.00110,-0.00099,0.51701,0.00008,0.27993,-0.00009,0.70829,0.00008,0.70592,1,3,0.99955,0.01074,0.01480,-0.02385,0.06078,0.08381,0.63813,0,0
1768603073.457663,-0.01977,0.06458,0.00402,0.00115,0.00145,-0.00122,0.51701,0.00008,0.27993,-0.00009,0.70829,0.00008,0.70592,1,3,0.99955,0.01074,0.01480,-0.02385,0.06078,0.08381,0.63813,0,0
1768603073.459664,-0.03495,0.04466,0.00582,0.00129,-0.00006,-0.00035,0.51701,0.00008,0.27993,-0.00009,0.70829,0.00008,0.70592,1,3,0.99955,0.01074,0.01480,-0.02385,0.06078,0.08381,0.63813,0,0
1768603073.461661,-0.03605,0.05505,0.04293,0.00126,0.00192,-0.00012,0.51701,0.00008,0.27993,-0.00009,0.70829,0.00008,0.70592,1,3,0.99955,0.01074,0.01480,-0.02385,0.06078,0.08381,0.63813,0,0
1768603073.463666,-0.00419,0.04067,-0.01041,0.00079,0.00040,-0.00118,0.51701,0.00008,0.27993,-0.00009,0.70829,0.00008,0.70592,1,3,0.99955,0.01074,0.01480,-0.02385,0.06078,0.08381,0.63813,0,0
1768603073.465676,-0.01324,0.07544,0.03659,0.00100,-0.00143,0.00001,0.51701,0.00008,0.27993,-0.00009,0.70829,0.00008,0.70592,1,3,0.99955,0.01074,0.01480,-0.02385,0.06078,0.08381,0.63813,0,0
1768603073.467655,0.04900,0.05848,-0.00671,0.00148,-0.00108,-0.00076,0.51701,0.00008,0.27993,-0.00009,0.70829,0.00008,0.70592,1,3,0.99955,0.01074,0.01480,-0.02385,0.06078,0.08381,0.63813,0,0
1768603073.469654,-0.04283,0.04638,0.01264,0.00167,0.00177,0.00090,0.51701,0.00008,0.27993,-0.00009,0.70829,0.00008,0.70592,1,3,0.99955,0.01074,0.01480,-0.02385,0.06078,0.08381,0.63813,0,0
1768603073.471678,0.02523,0.05351,0.02534,0.00119,-0.00048,-0.00035,0.51701,0.00008,0.27993,-0.00009,0.70829,0.00008,0.70592,1,3,0.99955,0.01074,0.01480,-0.02385,0.06078,0.08381,0.63813,0,0
1768603073.473671,0.01757,0.06679,0.01845,0.00036,-0.00034,-0.00115,0.51701,0.00008,0.27993,-0.00009,0.70829,0.00008,0.70592,1,3,0.99955,0.01074,0.01480,-0.02385,0.06078,0.08381,0.63813,0,0
1768603073.475682,0.01019,0.05451,0.02465,0.00158,-0.00180,-0.00010,0.51701,0.00008,0.27993,-0.00009,0.70829,0.00008,0.70592,1,3,0.99955,0.01074,0.01480,-0.02385,0.06078,0.08381,0.63813,0,0
1768603073.477686,-0.03498,0.04108,-0.00871,0.00088,0.00348,0.00084,0.51701,0.00008,0.27993,-0.00009,0.70829,0.00008,0.70592,1,3,0.99955,0.01074,0.01480,-0.02385,0.06078,0.08381,0.63813,0,0
1768603073.479695,-0.02807,0.04466,0.03068,0.00102,0.00002,-0.00050,0.51701,0.00008,0.27993,-0.00009,0.70829,0.00008,0.70592,1,3,0.99957,0.01057,0.01274,-0.02417,0.06079,0.08382,0.63819,0,0
1768603073.481682,-0.01218,0.04396,-0.00389,0.00077,0.00091,0.00004,0.51701,0.00008,0.27993,-0.00009,0.70829,0.00008,0.70592,1,3,0.99957,0.01057,0.01274,-0.02417,0.06079,0.08382,0.63819,0,0
1768603073.483710,0.00978,0.04582,0.04042,0.00118,-0.00117,-0.00077,0.51701,0.00008,0.27993,-0.00009,0.70829,0.00008,0.70592,1,3,0.99957,0.01057,0.01274,-0.02417,0.06079,0.08382,0.63819,0,0
1768603073.485705,-0.01976,0.05114,-0.00424,0.00116,0.00178,0.00047,0.51701,0.00008,0.27993,-0.00009,0.70829,0.00008,0.70592,1,3,0.99957,0.01057,0.01274,-0.02417,0.06079,0.08382,0.63819,0,0
1768603073.487692,0.00987,0.04361,0.02981,0.00145,0.00045,0.00079,0.51701,0.00008,0.27993,-0.00009,0.70829,0.00008,0.70592,1,3,0.99957,0.01057,0.01274,-0.02417,0.06079,0.08382,0.63819,0,0
1768603073.489705,0.04839,0.04660,0.00594,0.00055,-0.00137,-0.00064,0.51701,0.00008,0.27993,-0.00009,0.70829,0.00008,0.70592,1,3,0.99957,0.01057,0.01274,-0.02417,0.06079,0.08382,0.63819,0,0
1768603073.491682,-0.01222,0.02372,0.01381,0.00133,-0.00018,-0.00048,0.51701,0.00008,0.27993,-0.00009,0.70829,0.00008,0.70592,1,3,0.99957,0.01057,0.01274,-0.02417,0.06079,0.08382,0.63819,0,0
1768603073.493689,0.00310,0.06882,-0.00515,0.00156,0.00068,0.00064,0.51701,0.00008,0.27993,-0.00009,0.70829,0.00008,0.70592,1,3,0.99957,0.01057,0.01274,-0.02417,0.06079,0.08382,0.63819,0,0
1768603073.495716,-0.01274,0.04959,0.03258,0.00156,-0.00105,-0.00042,0.51701,0.00008,0.27993,-0.00009,0.70829,0.00008,0.70592,1,3,0.99957,0.01057,0.01274,-0.02417,0.06079,0.08382,0.63819,0,0
1768603073.497681,-0.00528,0.05774,0.02320,0.00062,-0.00007,-0.00066,0.51701,0.00008,0.27993,-0.00009,0.70829,0.00008,0.70592,1,3,0.99957,0.01057,0.01274,-0.02417,0.06079,0.08382,0.63819,0,0
1768603073.499678,-0.02019,0.04879,0.01407,0.00049,0.00069,-0.00105,0.51701,0.00008,0.27993,-0.00009,0.70829,0.00008,0.70592,1,3,0.99957,0.01057,0.01274,-0.02417,0.06079,0.08382,0.63819,0,0
1768603073.501714,-0.01297,0.04300,0.02594,0.00076,0.00171,0.00003,0.51701,0.00008,0.27993,-0.00009,0.70829,0.00008,0.70592,1,3,0.99957,0.01057,0.01274,-0.02417,0.06079,0.08382,0.63819,0,0
1768603073.503713,-0.01290,0.04939,0.03280,0.00116,-0.00061,-0.00043,0.51701,0.00008,0.27993,-0.00009,0.70829,0.00008,0.70592,1,3,0.99957,0.01057,0.01274,-0.02417,0.06079,0.08382,0.63819,0,0
1768603073.505699,0.07119,0.05559,0.01084,0.00083,-0.00196,-0.00113,0.51701,0.00008,0.27993,-0.00009,0.70829,0.00008,0.70592,1,3,0.99957,0.01057,0.01274,-0.02417,0.06079,0.08382,0.63819,0,0
1768603073.507697,0.00324,0.05622,-0.00195,0.00171,0.00072,0.00003,0.51701,0.00008,0.27993,-0.00009,0.70829,0.00008,0.70592,1,3,0.99957,0.01057,0.01274,-0.02417,0.06079,0.08382,0.63819,0,0
1768603073.509706,-0.04316,0.05759,0.02762,0.00126,-0.00045,-0.00039,0.51701,0.00008,0.27993,-0.00009,0.70829,0.00008,0.70592,1,3,0.99957,0.01057,0.01274,-0.02417,0.06079,0.08382,0.63819,0,0
1768603073.511718,-0.02075,0.05360,0.03488,0.00088,-0.00058,0.00002,0.51701,0.00008,0.27993,-0.00009,0.70829,0.00008,0.70592,1,3,0.99957,0.01066,0.01342,-0.02381,0.06079,0.08381,0.63816,0,0
1768603073.513709,0.00334,0.03500,-0.00885,0.00133,0.00107,0.00029,0.51701,0.00008,0.27993,-0.00009,0.70829,0.00008,0.70592,1,3,0.99957,0.01066,0.01342,-0.02381,0.06079,0.08381,0.63816,0,0
1768603073.515702,0.01048,0.06844,0.01736,0.00157,-0.00276,-0.00102,0.51701,0.00008,0.27993,-0.00009,0.70829,0.00008,0.70592,1,3,0.99957,0.01066,0.01342,-0.02381,0.06079,0.08381,0.63816,0,0
1768603073.517767,-0.02028,0.05854,0.02401,0.00061,-0.00049,-0.00194,0.51701,0.00008,0.27993,-0.00009,0.70829,0.00008,0.70592,1,3,0.99957,0.01066,0.01342,-0.02381,0.06079,0.08381,0.63816,0,0
1768603073.519810,-0.02039,0.03608,0.02132,0.00050,0.00056,-0.00052,0.51701,0.00008,0.27993,-0.00009,0.70829,0.00008,0.70592,1,3,0.99957,0.01066,0.01342,-0.02381,0.06079,0.08381,0.63816,0,0
1768603073.521714,-0.01263,0.06027,0.00970,0.00115,0.00086,0.00098,0.51701,0.00008,0.27993,-0.00009,0.70829,0.00008,0.70592,1,3,0.99957,0.01066,0.01342,-0.02381,0.06079,0.08381,0.63816,0,0
1768603073.523713,-0.02780,0.05280,0.02037,0.00128,0.00012,-0.00020,0.51701,0.00008,0.27993,-0.00009,0.70829,0.00008,0.70592,1,3,0.99957,0.01066,0.01342,-0.02381,0.06079,0.08381,0.63816,0,0
1768603073.525703,-0.03585,0.06272,0.04011,0.00113,-0.00117,-0.00097,0.51701,0.00008,0.27993,-0.00009,0.70829,0.00008,0.70592,1,3,0.99957,0.01066,0.01342,-0.02381,0.06079,0.08381,0.63816,0,0
1768603073.527694,0.00237,0.04936,0.03337,0.00117,-0.00038,-0.00106,0.51701,0.00008,0.27993,-0.00009,0.70829,0.00008,0.70592,1,3,0.99957,0.01066,0.01342,-0.02381,0.06079,0.08381,0.63816,0,0
1768603073.529735,0.00267,0.05996,0.01436,0.00183,0.00070,0.00112,0.51701,0.00008,0.27993,-0.00009,0.70829,0.00008,0.70592,1,3,0.99957,0.01066,0.01342,-0.02381,0.06079,0.08381,0.63816,0,0
1768603073.531730,0.01838,0.04941,-0.00190,0.00133,-0.00059,-0.00015,0.51701,0.00008,0.27993,-0.00009,0.70829,0.00008,0.70592,1,3,0.99957,0.01066,0.01342,-0.02381,0.06079,0.08381,0.63816,0,0
1768603073.533731,0.02562,0.06892,0.02789,0.00172,-0.00307,-0.00205,0.51701,0.00008,0.27993,-0.00009,0.70829,0.00008,0.70592,1,3,0.99957,0.01066,0.01342,-0.02381,0.06079,0.08381,0.63816,0,0
1768603073.535725,0.00257,0.06189,0.01509,0.00103,-0.00038,-0.00006,0.51701,0.00008,0.27993,-0.00009,0.70829,0.00008,0.70592,1,3,0.99957,0.01066,0.01342,-0.02381,0.06079,0.08381,0.63816,0,0
1768603073.537729,0.01862,0.06409,-0.00491,0.00159,-0.00259,-0.00070,0.51701,0.00008,0.27993,-0.00009,0.70829,0.00008,0.70592,1,3,0.99957,0.01066,0.01342,-0.02381,0.06079,0.08381,0.63816,0,0
1768603073.539727,-0.00552,0.05786,0.04259,0.00129,-0.00071,-0.00066,0.51701,0.00008,0.27993,-0.00009,0.70829,0.00008,0.70592,1,3,0.99957,0.01066,0.01342,-0.02381,0.06079,0.08381,0.63816,0,0
1768603073.541821,0.00213,0.05222,0.03997,0.00157,0.00036,0.00004,0.51701,0.00008,0.27993,-0.00009,0.70829,0.00008,0.70592,1,3,0.99957,0.01066,0.01342,-0.02381,0.06079,0.08381,0.63816,0,0
1768603073.543742,-0.04264,0.05716,0.01280,0.00167,-0.00019,-0.00037,0.51701,0.00008,0.27993,-0.00009,0.70829,0.00008,0.70592,1,3,0.99957,0.01066,0.01342,-0.02381,0.06079,0.08381,0.63816,0,0
1768603073.545781,0.01783,0.04977,0.00780,0.00065,-0.00069,0.00021,0.51701,0.00008,0.27993,-0.00009,0.70829,0.00008,0.70593,1,3,0.99957,0.01066,0.01342,-0.02381,0.06079,0.08381,0.63816,0,0
1768603073.547757,0.00272,0.03665,0.01092,0.00079,-0.00022,-0.00014,0.51701,0.00008,0.27993,-0.00009,0.70829,0.00008,0.70593,1,3,0.99957,0.01066,0.01342,-0.02381,0.06079,0.08381,0.63816,0,0
1768603073.549737,-0.00483,0.04979,0.00358,0.00037,-0.00031,-0.00055,0.51701,0.00008,0.27993,-0.00009,0.70829,0.00008,0.70592,1,3,0.99957,0.01066,0.01342,-0.02381,0.06079,0.08381,0.63816,0,0
1768603073.551719,0.00335,0.03545,-0.00898,0.00133,0.00063,0.00028,0.51701,0.00008,0.27993,-0.00009,0.70829,0.00008,0.70592,1,3,0.99957,0.01066,0.01342,-0.02381,0.06079,0.08381,0.63816,0,0
1768603073.553748,-0.01273,0.07313,0.02263,0.00140,0.00080,-0.00032,0.51701,0.00008,0.27993,-0.00009,0.70829,0.00008,0.70592,1,3,0.99957,0.01066,0.01342,-0.02381,0.06079,0.08381,0.63816,0,0
1768603073.555724,-0.01327,0.05829,0.04251,0.00088,-0.00093,-0.00055,0.51701,0.00008,0.27993,-0.00009,0.70829,0.00008,0.70592,1,3,0.99953,0.01067,0.01413,-0.02492,0.06080,0.08382,0.63814,0,0
1768603073.557753,-0.02749,0.03665,0.01573,0.00143,-0.00060,-0.00038,0.51701,0.00008,0.27993,-0.00009,0.70829,0.00008,0.70592,1,3,0.99953,0.01067,0.01413,-0.02492,0.06080,0.08382,0.63814,0,0
1768603073.559760,-0.02725,0.04408,-0.00432,0.00116,0.00047,0.00030,0.51701,0.00008,0.27993,-0.00009,0.70829,0.00008,0.70593,1,3,0.99953,0.01067,0.01413,-0.02492,0.06080,0.08382,0.63814,0,0
1768603073.561765,-0.00534,0.03952,0.01836,0.00037,0.00118,0.00032,0.51701,0.00008,0.27993,-0.00009,0.70829,0.00008,0.70592,1,3,0.99953,0.01067,0.01413,-0.02492,0.06080,0.08382,0.63814,0,0
1768603073.563750,0.05684,0.06506,-0.00990,0.00176,-0.00352,-0.00096,0.51701,0.00008,0.27993,-0.00009,0.70829,0.00008,0.70592,1,3,0.99953,0.01067,0.01413,-0.02492,0.06080,0.08382,0.63814,0,0
1768603073.565764,0.01815,0.06198,0.00534,0.00131,-0.00050,-0.00030,0.51701,0.00008,0.27993,-0.00009,0.70829,0.00008,0.70592,1,3,0.99953,0.01067,0.01413,-0.02492,0.06080,0.08382,0.63814,0,0
1768603073.567745,-0.02803,0.04100,0.02817,0.00089,-0.00045,-0.00045,0.51701,0.00008,0.27993,-0.00009,0.70829,0.00008,0.70592,1,3,0.99953,0.01067,0.01413,-0.02492,0.06080,0.08382,0.63814,0,0
1768603073.569751,0.00173,0.04379,0.04459,0.00103,0.00041,0.00089,0.51701,0.00008,0.27993,-0.00009,0.70829,0.00008,0.70593,1,3,0.99953,0.01067,0.01413,-0.02492,0.06080,0.08382,0.63814,0,0
1768603073.571765,0.02531,0.06201,0.01477,0.00105,-0.00061,0.00032,0.51701,0.00008,0.27993,-0.00009,0.70829,0.00008,0.70593,1,3,0.99953,0.01067,0.01413,-0.02492,0.06080,0.08382,0.63814,0,0
1768603073.573770,-0.00495,0.06621,0.01311,0.00089,-0.00019,-0.00075,0.51701,0.00008,0.27993,-0.00009,0.70829,0.00008,0.70592,1,3,0.99953,0.01067,0.01413,-0.02492,0.06080,0.08382,0.63814,0,0
1768603073.575742,-0.02097,0.06288,0.04914,0.00127,-0.00172,-0.00009,0.51701,0.00008,0.27993,-0.00009,0.70829,0.00008,0.70592,1,3,0.99953,0.01067,0.01413,-0.02492,0.06080,0.08382,0.63814,0,0
1768603073.577759,0.01082,0.03223,-0.00170,0.00134,-0.00037,0.00019,0.51701,0.00008,0.27993,-0.00009,0.70829,0.00008,0.70593,1,3,0.99953,0.01067,0.01413,-0.02492,0.06080,0.08382,0.63814,0,0
1768603073.579763,-0.03541,0.06044,0.02069,0.00127,0.00100,-0.00055,0.51701,0.00008,0.27993,-0.00009,0.70829,0.00008,0.70593,1,3,0.99953,0.01067,0.01413,-0.02492,0.06080,0.08382,0.63814,0,0
1768603073.581769,-0.02834,0.05526,0.03367,0.00073,0.00224,-0.00063,0.51701,0.00008,0.27993,-0.00009,0.70829,0.00008,0.70593,1,3,0.99953,0.01067,0.01413,-0.02492,0.06080,0.08382,0.63814,0,0
1768603073.583773,-0.01284,0.05844,0.02801,0.00088,-0.00088,-0.00092,0.51701,0.00008,0.27993,-0.00009,0.70829,0.00008,0.70592,1,3,0.99953,0.01067,0.01413,-0.02492,0.06080,0.08382,0.63814,0,0
1768603073.585774,-0.02745,0.06108,0.00553,0.00128,0.00038,-0.00029,0.51701,0.00008,0.27993,-0.00009,0.70829,0.00008,0.70592,1,3,0.99953,0.01067,0.01413,-0.02492,0.06080,0.08382,0.63814,0,0
1768603073.587766,0.02547,0.06912,0.00925,0.00157,0.00020,0.00100,0.51701,0.00008,0.27993,-0.00009,0.70829,0.00008,0.70592,1,3,0.99953,0.01067,0.01413,-0.02492,0.06080,0.08382,0.63814,0,0
1768603073.589760,-0.00460,0.03368,0.01450,0.00092,-0.00105,-0.00188,0.51701,0.00008,0.27993,-0.00009,0.70829,0.00008,0.70593,1,3,0.99953,0.01067,0.01413,-0.02492,0.06080,0.08382,0.63814,0,0
1768603073.591761,0.00224,0.06632,0.02766,0.00089,-0.00045,-0.00051,0.51701,0.00008,0.27993,-0.00009,0.70829,0.00008,0.70593,1,3,0.99953,0.01067,0.01413,-0.02492,0.06080,0.08382,0.63814,0,0
1768603073.593778,-0.01211,0.04474,-0.00379,0.00077,0.00026,-0.00035,0.51701,0.00008,0.27993,-0.00009,0.70829,0.00008,0.70592,1,3,0.99953,0.01067,0.01413,-0.02492,0.06080,0.08382,0.63814,0,0
1768603073.595804,-0.02781,0.05316,0.01513,0.00101,-0.00017,0.00017,0.51701,0.00008,0.27993,-0.00009,0.70829,0.00008,0.70592,1,3,0.99953,0.01067,0.01413,-0.02492,0.06080,0.08382,0.63814,0,0
1768603073.597923,-0.01290,0.05793,0.03779,0.00142,-0.00076,-0.00091,0.51701,0.00008,0.27993,-0.00009,0.70829,0.00008,0.70593,1,3,0.99953,0.01067,0.01413,-0.02492,0.06080,0.08382,0.63814,0,0
1768603073.599845,-0.00466,0.03236,0.00862,0.00105,-0.00025,-0.00033,0.51701,0.00008,0.27993,-0.00009,0.70829,0.00008,0.70593,1,3,0.99955,0.01061,0.01363,-0.02445,0.06079,0.08382,0.63818,0,0
1768603073.601793,-0.02035,0.07287,0.02259,0.00140,0.00102,-0.00019,0.51701,0.00008,0.27993,-0.00009,0.70829,0.00008,0.70592,1,3,0.99955,0.01061,0.01363,-0.02445,0.06079,0.08382,0.63818,0,0
1768603073.603773,0.00266,0.03695,0.01533,0.00105,-0.00082,0.00024,0.51701,0.00008,0.27993,-0.00009,0.70829,0.00008,0.70592,1,3,0.99955,0.01061,0.01363,-0.02445,0.06079,0.08382,0.63818,0,0
1768603073.605789,-0.00492,0.05775,0.01324,0.00089,-0.00019,-0.00065,0.51701,0.00008,0.27993,-0.00009,0.70829,0.00008,0.70592,1,3,0.99955,0.01061,0.01363,-0.02445,0.06079,0.08382,0.63818,0,0
1768603073.607832,-0.00476,0.05857,0.01765,0.00157,-0.00144,-0.00065,0.51701,0.00008,0.27993,-0.00009,0.70829,0.00008,0.70593,1,3,0.99955,0.01061,0.01363,-0.02445,0.06079,0.08382,0.63818,0,0
1768603073.609802,-0.01247,0.04473,0.00617,0.00050,0.00038,-0.00036,0.51701,0.00008,0.27993,-0.00009,0.70829,0.00008,0.70593,1,3,0.99955,0.01061,0.01363,-0.02445,0.06079,0.08382,0.63818,0,0
1768603073.611783,-0.00495,0.05250,0.01600,0.00103,0.00072,-0.00058,0.51701,0.00008,0.27993,-0.00009,0.70829,0.00008,0.70593,1,3,0.99955,0.01061,0.01363,-0.02445,0.06079,0.08382,0.63818,0,0
1768603073.613830,-0.01248,0.06653,0.00841,0.00061,-0.00025,-0.00101,0.51701,0.00008,0.27993,-0.00009,0.70829,0.00008,0.70592,1,3,0.99955,0.01061,0.01363,-0.02445,0.06079,0.08382,0.63818,0,0
1768603073.615862,-0.01339,0.06599,0.05706,0.00167,-0.00075,-0.00064,0.51701,0.00008,0.27993,-0.00009,0.70829,0.00008,0.70592,1,3,0.99955,0.01061,0.01363,-0.02445,0.06079,0.08382,0.63818,0,0
1768603073.617832,0.00319,0.04460,-0.00914,0.00092,0.00020,0.00016,0.51701,0.00008,0.27993,-0.00009,0.70829,0.00008,0.70592,1,3,0.99955,0.01061,0.01363,-0.02445,0.06079,0.08382,0.63818,0,0
1768603073.619862,-0.01996,0.04068,0.01793,0.00157,-0.00057,-0.00018,0.51701,0.00008,0.27993,-0.00009,0.70829,0.00008,0.70593,1,3,0.99955,0.01061,0.01363,-0.02445,0.06079,0.08382,0.63818,0,0
1768603073.621794,-0.01968,0.05564,-0.01128,0.00075,0.00192,0.00003,0.51701,0.00008,0.27993,-0.00009,0.70829,0.00008,0.70593,1,3,0.99955,0.01061,0.01363,-0.02445,0.06079,0.08382,0.63818,0,0
1768603073.623800,-0.02044,0.04163,0.03774,0.00143,-0.00142,-0.00059,0.51701,0.00008,0.27993,-0.00009,0.70829,0.00008,0.70593,1,3,0.99955,0.01061,0.01363,-0.02445,0.06079,0.08382,0.63818,0,0
1768603073.625803,-0.04311,0.05523,0.01305,0.00086,0.00199,0.00040,0.51701,0.00008,0.27993,-0.00009,0.70829,0.00008,0.70593,1,3,0.99955,0.01061,0.01363,-0.02445,0.06079,0.08382,0.63818,0,0
1768603073.627780,-0.01959,0.05668,-0.00132,0.00129,0.00073,-0.00074,0.51701,0.00008,0.27993,-0.00009,0.70829,0.00008,0.70592,1,3,0.99955,0.01061,0.01363,-0.02445,0.06079,0.08382,0.63818,0,0
1768603073.629783,0.00264,0.06150,0.01953,0.00170,-0.00055,0.00033,0.51701,0.00008,0.27993,-0.00009,0.70829,0.00008,0.70592,1,3,0.99955,0.01061,0.01363,-0.02445,0.06079,0.08382,0.63818,0,0
1768603073.631805,-0.00421,0.03394,-0.00036,0.00093,-0.00123,-0.00187,0.51701,0.00008,0.27993,-0.00009,0.70829,0.00008,0.70592,1,3,0.99955,0.01061,0.01363,-0.02445,0.06079,0.08382,0.63818,0,0
1768603073.633806,-0.00582,0.05284,0.04963,0.00129,-0.00018,0.00015,0.51701,0.00008,0.27993,-0.00009,0.70829,0.00008,0.70592,1,3,0.99955,0.01061,0.01363,-0.02445,0.06079,0.08382,0.63818,0,0
1768603073.635801,0.01098,0.04199,-0.01886,0.00119,0.00248,0.00084,0.51701,0.00008,0.27993,-0.00009,0.70829,0.00008,0.70592,1,3,0.99955,0.01061,0.01363,-0.02445,0.06079,0.08382,0.63818,0,0
1768603073.637838,0.00183,0.06189,0.04978,0.00129,-0.00062,-0.00047,0.51701,0.00008,0.27993,-0.00009,0.70829,0.00008,0.70592,1,3,0.99958,0.01079,0.01359,-0.02337,0.06079,0.08382,0.63823,0,0
1768603073.639809,-0.00463,0.05387,0.00019,0.00103,-0.00078,0.00018,0.51701,0.00008,0.27993,-0.00009,0.70829,0.00008,0.70592,1,3,0.99958,0.01079,0.01359,-0.02337,0.06079,0.08382,0.63823,0,0
1768603073.641819,-0.01981,0.03917,0.00857,0.00144,0.00107,-0.00015,0.51701,0.00008,0.27993,-0.00009,0.70829,0.00008,0.70592,1,3,0.99958,0.01079,0.01359,-0.02337,0.06079,0.08382,0.63823,0,0
1768603073.643815,-0.04984,0.05660,-0.00161,0.00167,0.00051,-0.00060,0.51701,0.00008,0.27993,-0.00009,0.70829,0.00008,0.70592,1,3,0.99958,0.01079,0.01359,-0.02337,0.06079,0.08382,0.63823,0,0
1768603073.645825,-0.01945,0.02826,0.00743,0.00132,-0.00004,-0.00193,0.51701,0.00008,0.27993,-0.00009,0.70829,0.00008,0.70592,1,3,0.99958,0.01079,0.01359,-0.02337,0.06079,0.08382,0.63823,0,0
1768603073.647859,-0.02069,0.06275,0.04371,0.00181,-0.00200,0.00030,0.51701,0.00008,0.27993,-0.00009,0.70829,0.00008,0.70592,1,3,0.99958,0.01079,0.01359,-0.02337,0.06079,0.08382,0.63823,0,0
1768603073.649852,-0.01262,0.05734,0.01773,0.00115,-0.00013,-0.00013,0.51701,0.00008,0.27993,-0.00009,0.70829,0.00008,0.70592,1,3,0.99958,0.01079,0.01359,-0.02337,0.06079,0.08382,0.63823,0,0
1768603073.651825,0.01020,0.05761,0.01288,0.00090,-0.00019,-0.00014,0.51701,0.00008,0.27993,-0.00009,0.70829,0.00008,0.70593,1,3,0.99958,0.01079,0.01359,-0.02337,0.06079,0.08382,0.63823,0,0
1768603073.654644,-0.08019,0.05185,-0.01359,0.00098,0.00145,-0.00042,0.51702,0.00008,0.27993,-0.00009,0.70828,0.00008,0.70593,1,3,0.99958,0.01079,0.01359,-0.02337,0.06079,0.08382,0.63823,0,0
1768603073.655858,-0.04198,0.04483,-0.01779,0.00075,0.00053,-0.00135,0.51702,0.00008,0.27993,-0.00009,0.70828,0.00008,0.70593,1,3,0.99958,0.01079,0.01359,-0.02337,0.06079,0.08382,0.63823,0,0
1768603073.657831,-0.05837,0.06470,0.03199,0.00191,0.00026,0.00016,0.51702,0.00008,0.27993,-0.00009,0.70828,0.00008,0.70593,1,3,0.99958,0.01079,0.01359,-0.02337,0.06079,0.08382,0.63823,0,0
1768603073.659857,-0.08812,0.06837,-0.00436,0.00109,0.00157,-0.00012,0.51703,0.00008,0.27993,-0.00009,0.70829,0.00008,0.70593,1,3,0.99958,0.01079,0.01359,-0.02337,0.06079,0.08382,0.63823,0,0
1768603073.661832,-0.07263,0.04922,-0.01098,0.00072,0.00017,-0.00090,0.51703,0.00008,0.27993,-0.00009,0.70829,0.00008,0.70593,1,3,0.99958,0.01079,0.01359,-0.02337,0.06079,0.08382,0.63823,0,0
1768603073.663819,-0.05553,0.09153,-0.08685,0.00152,-0.00031,-0.00007,0.51704,0.00008,0.27993,-0.00009,0.70828,0.00008,0.70593,1,3,0.99958,0.01079,0.01359,-0.02337,0.06079,0.08382,0.63823,0,0
1768603073.665826,-0.02511,0.05179,-0.09067,0.00051,-0.00189,-0.00049,0.51704,0.00008,0.27993,-0.00009,0.70828,0.00008,0.70593,1,3,0.99958,0.01079,0.01359,-0.02337,0.06079,0.08382,0.63823,0,0
1768603073.667826,-0.01939,0.04229,-0.01625,0.00050,-0.00120,-0.00057,0.51704,0.00008,0.27993,-0.00009,0.70828,0.00008,0.70593,1,3,0.99958,0.01079,0.01359,-0.02337,0.06079,0.08382,0.63823,0,0
1768603073.669826,-0.05925,0.04113,0.07310,0.00126,-0.00077,-0.00150,0.51707,0.00008,0.27993,-0.00009,0.70827,0.00008,0.70594,1,3,0.99958,0.01079,0.01359,-0.02337,0.06079,0.08382,0.63823,0,0
1768603073.671827,-0.06631,0.08211,0.02700,0.00081,0.00042,0.00007,0.51707,0.00008,0.27993,-0.00009,0.70827,0.00008,0.70594,1,3,0.99958,0.01079,0.01359,-0.02337,0.06079,0.08382,0.63823,0,0
1768603073.673849,-0.04180,0.05176,-0.02807,0.00101,0.00171,-0.00066,0.51709,0.00008,0.27994,-0.00009,0.70826,0.00008,0.70596,1,3,0.99957,0.01064,0.01313,-0.02401,0.06079,0.08381,0.63812,0,0
1768603073.675867,0.03411,0.08012,-0.03452,0.00078,-0.00120,-0.00037,0.51709,0.00008,0.27994,-0.00009,0.70826,0.00008,0.70596,1,3,0.99957,0.01064,0.01313,-0.02401,0.06079,0.08381,0.63812,0,0
1768603073.677865,0.04113,0.05587,0.00658,0.00094,-0.00202,-0.00214,0.51712,0.00008,0.27996,-0.00009,0.70824,0.00008,0.70598,1,3,0.99957,0.01064,0.01313,-0.02401,0.06079,0.08381,0.63812,0,0
1768603073.679866,0.00075,0.06072,0.09878,0.00194,-0.00024,-0.00010,0.51712,0.00008,0.27996,-0.00009,0.70824,0.00008,0.70598,1,3,0.99957,0.01064,0.01313,-0.02401,0.06079,0.08381,0.63812,0,0
1768603073.681886,-0.00668,0.03385,0.07939,0.00129,0.00149,0.00112,0.51712,0.00008,0.27996,-0.00009,0.70824,0.00008,0.70598,1,3,0.99957,0.01064,0.01313,-0.02401,0.06079,0.08381,0.63812,0,0
1768603073.683886,-0.02081,0.05053,0.04745,0.00115,-0.00174,-0.00071,0.51720,0.00008,0.27999,-0.00009,0.70820,0.00008,0.70601,1,3,0.99957,0.01064,0.01313,-0.02401,0.06079,0.08381,0.63812,0,0
1768603073.685869,-0.02816,0.05778,0.03247,0.00114,-0.00061,-0.00028,0.51720,0.00008,0.27999,-0.00009,0.70820,0.00008,0.70601,1,3,0.99957,0.01064,0.01313,-0.02401,0.06079,0.08381,0.63812,0,0
1768603073.687859,-0.01251,0.04902,0.01332,0.00090,0.00003,-0.00041,0.51723,0.00008,0.28000,-0.00009,0.70818,0.00008,0.70604,1,3,0.99957,0.01064,0.01313,-0.02401,0.06079,0.08381,0.63812,0,0
1768603073.689884,-0.00649,0.08224,0.08250,0.00139,0.00022,-0.00175,0.51723,0.00008,0.28000,-0.00009,0.70818,0.00008,0.70604,1,3,0.99957,0.01064,0.01313,-0.02401,0.06079,0.08381,0.63812,0,0
1768603073.691878,0.01665,0.02775,0.07066,0.00119,-0.00015,-0.00071,0.51727,0.00008,0.28002,-0.00009,0.70815,0.00008,0.70606,1,3,0.99957,0.01064,0.01313,-0.02401,0.06079,0.08381,0.63812,0,0
1768603073.693858,-0.02183,0.06132,0.08989,0.00139,-0.00013,-0.00125,0.51727,0.00008,0.28002,-0.00009,0.70815,0.00008,0.70606,1,3,0.99957,0.01064,0.01313,-0.02401,0.06079,0.08381,0.63812,0,0
1768603073.695854,-0.02168,0.04400,0.07982,0.00128,0.00018,-0.00027,0.51731,0.00008,0.28004,-0.00009,0.70813,0.00008,0.70608,1,3,0.99957,0.01064,0.01313,-0.02401,0.06079,0.08381,0.63812,0,0
1768603073.697858,0.01806,0.06059,0.01537,0.00185,0.00050,-0.00029,0.51731,0.00008,0.28004,-0.00009,0.70813,0.00008,0.70608,1,3,0.99957,0.01064,0.01313,-0.02401,0.06079,0.08381,0.63812,0,0
1768603073.699878,0.00248,0.07919,0.02437,0.00155,-0.00114,-0.00027,0.51735,0.00008,0.28005,-0.00009,0.70811,0.00008,0.70610,1,3,0.99957,0.01064,0.01313,-0.02401,0.06079,0.08381,0.63812,0,0
1768603073.701874,0.03466,0.04831,-0.02838,0.00149,-0.00310,-0.00189,0.51735,0.00008,0.28005,-0.00009,0.70811,0.00008,0.70610,1,3,0.99957,0.01064,0.01313,-0.02401,0.06079,0.08381,0.63812,0,0
1768603073.703868,-0.01956,0.04395,0.00017,0.00184,0.00009,0.00056,0.51735,0.00008,0.28005,-0.00009,0.70811,0.00008,0.70610,1,3,0.99957,0.01064,0.01313,-0.02401,0.06079,0.08381,0.63812,0,0
1768603073.705866,-0.02107,0.06059,0.04466,0.00100,0.00063,0.00031,0.51739,0.00008,0.28007,-0.00009,0.70809,0.00008,0.70612,1,3,0.99957,0.01064,0.01313,-0.02401,0.06079,0.08381,0.63812,0,0
1768603073.707873,-0.05082,0.06135,0.03111,0.00098,0.00047,-0.00146,0.51739,0.00008,0.28007,-0.00009,0.70809,0.00008,0.70612,1,3,0.99957,0.01064,0.01313,-0.02401,0.06079,0.08381,0.63812,0,0
1768603073.709877,-0.05729,0.07913,-0.01977,0.00111,-0.00059,-0.00036,0.51743,0.00008,0.28008,-0.00009,0.70807,0.00008,0.70614,1,3,0.99957,0.01064,0.01313,-0.02401,0.06079,0.08381,0.63812,0,0
1768603073.711867,-0.00242,0.04296,-0.06633,0.00188,-0.00246,-0.00039,0.51743,0.00008,0.28008,-0.00009,0.70807,0.00008,0.70614,1,3,0.99957,0.01064,0.01313,-0.02401,0.06079,0.08381,0.63812,0,0
1768603073.713867,-0.02635,0.03281,-0.03619,0.00105,-0.00057,0.00008,0.51747,0.00008,0.28010,-0.00009,0.70805,0.00008,0.70616,1,3,0.99957,0.01064,0.01313,-0.02401,0.06079,0.08381,0.63812,0,0
1768603073.715885,-0.05047,0.03956,0.01265,0.00127,0.00046,0.00073,0.51747,0.00008,0.28010,-0.00009,0.70805,0.00008,0.70616,1,3,0.99957,0.01071,0.01355,-0.02364,0.06079,0.08381,0.63807,0,0
1768603073.717880,-0.03607,0.04769,0.04835,0.00114,0.00111,-0.00080,0.51752,0.00008,0.28011,-0.00009,0.70803,0.00008,0.70618,1,3,0.99957,0.01071,0.01355,-0.02364,0.06079,0.08381,0.63807,0,0
1768603073.719886,-0.01263,0.05371,0.01602,0.00062,-0.00016,-0.00086,0.51752,0.00008,0.28011,-0.00009,0.70803,0.00008,0.70618,1,3,0.99957,0.01071,0.01355,-0.02364,0.06079,0.08381,0.63807,0,0
1768603073.721944,-0.03468,0.06853,-0.02364,0.00046,0.00199,-0.00024,0.51755,0.00008,0.28013,-0.00009,0.70801,0.00008,0.70620,1,3,0.99957,0.01071,0.01355,-0.02364,0.06079,0.08381,0.63807,0,0
1768603073.723908,0.01845,0.05167,-0.00910,0.00132,0.00129,0.00021,0.51760,0.00008,0.28014,-0.00009,0.70799,0.00008,0.70622,1,3,0.99957,0.01071,0.01355,-0.02364,0.06079,0.08381,0.63807,0,0
1768603073.725911,0.00937,0.07028,0.04947,0.00129,-0.00062,-0.00031,0.51760,0.00008,0.28014,-0.00009,0.70799,0.00008,0.70622,1,3,0.99957,0.01071,0.01355,-0.02364,0.06079,0.08381,0.63807,0,0
1768603073.727912,-0.00539,0.06216,0.04476,0.00182,-0.00111,-0.00071,0.51764,0.00008,0.28016,-0.00009,0.70797,0.00008,0.70624,1,3,0.99957,0.01071,0.01355,-0.02364,0.06079,0.08381,0.63807,0,0
1768603073.730006,0.06230,0.03051,0.06111,0.00029,-0.00201,-0.00151,0.51764,0.00008,0.28016,-0.00009,0.70797,0.00008,0.70624,1,3,0.99957,0.01071,0.01355,-0.02364,0.06079,0.08381,0.63807,0,0
1768603073.731924,0.04106,0.06282,-0.00418,0.00080,-0.00084,-0.00070,0.51768,0.00008,0.28017,-0.00009,0.70796,0.00008,0.70626,1,3,0.99957,0.01071,0.01355,-0.02364,0.06079,0.08381,0.63807,0,0
1768603073.733895,0.02557,0.06840,0.02290,0.00145,-0.00247,-0.00166,0.51768,0.00008,0.28017,-0.00009,0.70796,0.00008,0.70626,1,3,0.99957,0.01071,0.01355,-0.02364,0.06079,0.08381,0.63807,0,0
1768603073.735893,-0.00489,0.06973,0.01518,0.00142,0.00006,-0.00040,0.51772,0.00008,0.28018,-0.00009,0.70794,0.00008,0.70627,1,3,0.99957,0.01071,0.01355,-0.02364,0.06079,0.08381,0.63807,0,0
1768603073.737897,-0.01945,0.04870,-0.01177,0.00117,0.00016,0.00012,0.51772,0.00008,0.28018,-0.00009,0.70794,0.00008,0.70627,1,3,0.99957,0.01071,0.01355,-0.02364,0.06079,0.08381,0.63807,0,0
1768603073.739894,-0.03561,0.03672,0.04562,0.00183,-0.00089,-0.00104,0.51772,0.00008,0.28018,-0.00009,0.70794,0.00008,0.70627,1,3,0.99957,0.01071,0.01355,-0.02364,0.06079,0.08381,0.63807,0,0
1768603073.741914,-0.02085,0.03213,0.05887,0.00130,-0.00007,-0.00163,0.51776,0.00008,0.28019,-0.00009,0.70792,0.00008,0.70629,1,3,0.99957,0.01071,0.01355,-0.02364,0.06079,0.08381,0.63807,0,0
1768603073.743962,-0.03597,0.03564,0.05108,0.00128,0.00049,-0.00104,0.51776,0.00008,0.28019,-0.00009,0.70792,0.00008,0.70629,1,3,0.99957,0.01071,0.01355,-0.02364,0.06079,0.08381,0.63807,0,0
1768603073.745958,-0.00570,0.07040,0.04904,0.00168,-0.00106,-0.00005,0.51780,0.00008,0.28020,-0.00009,0.70792,0.00008,0.70630,1,3,0.99957,0.01071,0.01355,-0.02364,0.06079,0.08381,0.63807,0,0
1768603073.749983,-0.03405,0.05613,-0.03688,0.00142,0.00095,0.00069,0.51784,0.00008,0.28020,-0.00009,0.70792,0.00008,0.70630,1,3,0.99957,0.01071,0.01355,-0.02364,0.06079,0.08381,0.63807,0,0
1768603073.751925,0.01896,0.06486,-0.02566,0.00119,0.00131,-0.00108,0.51784,0.00008,0.28020,-0.00009,0.70792,0.00008,0.70630,1,3,0.99958,0.01071,0.01396,-0.02300,0.06081,0.08385,0.63844,0,0
1768603073.753918,-0.03475,0.05320,0.01209,0.00155,0.00024,-0.00235,0.51788,0.00008,0.28019,-0.00009,0.70793,0.00008,0.70629,1,3,0.99958,0.01071,0.01396,-0.02300,0.06081,0.08385,0.63844,0,0
1768603073.755952,0.06361,0.06003,0.02327,0.00149,-0.00247,-0.00182,0.51788,0.00008,0.28019,-0.00009,0.70793,0.00008,0.70629,1,3,0.99958,0.01071,0.01396,-0.02300,0.06081,0.08385,0.63844,0,0
1768603073.757926,-0.06673,0.04381,0.05379,0.00151,-0.00013,0.00128,0.51788,0.00008,0.28019,-0.00009,0.70793,0.00008,0.70629,1,3,0.99958,0.01071,0.01396,-0.02300,0.06081,0.08385,0.63844,0,0
1768603073.759942,-0.01211,0.07853,-0.00587,0.00154,-0.00063,0.00078,0.51792,0.00008,0.28018,-0.00009,0.70793,0.00008,0.70628,1,3,0.99958,0.01071,0.01396,-0.02300,0.06081,0.08385,0.63844,0,0
1768603073.761951,-0.01992,0.04556,0.02041,0.00170,-0.00119,-0.00062,0.51796,0.00008,0.28018,-0.00009,0.70794,0.00008,0.70627,1,3,0.99958,0.01071,0.01396,-0.02300,0.06081,0.08385,0.63844,0,0
1768603073.763935,0.00350,0.07748,-0.00105,0.00130,-0.00254,-0.00290,0.51800,0.00008,0.28018,-0.00009,0.70794,0.00008,0.70627,1,3,0.99958,0.01071,0.01396,-0.02300,0.06081,0.08385,0.63844,0,0
1768603073.766505,-0.00544,0.05284,0.04593,0.00143,0.00021,-0.00137,0.51800,0.00008,0.28018,-0.00009,0.70794,0.00008,0.70627,1,3,0.99958,0.01071,0.01396,-0.02300,0.06081,0.08385,0.63844,0,0
1768603073.767925,-0.01416,0.05194,0.07964,0.00127,0.00062,-0.00012,0.51804,0.00008,0.28018,-0.00009,0.70794,0.00008,0.70627,1,3,0.99958,0.01071,0.01396,-0.02300,0.06081,0.08385,0.63844,0,0
1768603073.769917,0.00123,0.05675,0.06713,0.00102,0.00025,-0.00004,0.51804,0.00008,0.28018,-0.00009,0.70794,0.00008,0.70627,1,3,0.99958,0.01071,0.01396,-0.02300,0.06081,0.08385,0.63844,0,0
1768603073.771920,-0.00664,0.06241,0.08324,0.00154,-0.00174,0.00039,0.51808,0.00008,0.28018,-0.00009,0.70795,0.00008,0.70627,1,3,0.99958,0.01071,0.01396,-0.02300,0.06081,0.08385,0.63844,0,0
1768603073.773991,0.01701,0.05772,0.05214,0.00144,-0.00081,-0.00029,0.51808,0.00008,0.28018,-0.00009,0.70795,0.00008,0.70627,1,3,0.99958,0.01071,0.01396,-0.02300,0.06081,0.08385,0.63844,0,0
1768603073.775956,0.00205,0.05815,0.04343,0.00089,-0.00048,-0.00156,0.51812,0.00008,0.28017,-0.00009,0.70795,0.00008,0.70626,1,3,0.99958,0.01071,0.01396,-0.02300,0.06081,0.08385,0.63844,0,0
1768603073.777969,-0.01293,0.06806,0.02037,0.00087,0.00187,0.00011,0.51812,0.00008,0.28017,-0.00009,0.70795,0.00008,0.70626,1,3,0.99958,0.01071,0.01396,-0.02300,0.06081,0.08385,0.63844,0,0
1768603073.779944,-0.00505,0.03210,0.02347,0.00105,-0.00007,-0.00034,0.51812,0.00008,0.28017,-0.00009,0.70795,0.00008,0.70626,1,3,0.99958,0.01071,0.01396,-0.02300,0.06081,0.08385,0.63844,0,0
1768603073.781947,-0.02903,0.06895,0.05843,0.00138,0.00014,0.00110,0.51816,0.00008,0.28017,-0.00009,0.70796,0.00008,0.70626,1,3,0.99958,0.01071,0.01396,-0.02300,0.06081,0.08385,0.63844,0,0
1768603073.783940,-0.03586,0.07001,0.02957,0.00098,-0.00021,0.00009,0.51816,0.00008,0.28017,-0.00009,0.70796,0.00008,0.70626,1,3,0.99958,0.01071,0.01396,-0.02300,0.06081,0.08385,0.63844,0,0
1768603073.785946,-0.04249,0.05435,0.01550,0.00181,-0.00147,-0.00110,0.51820,0.00008,0.28017,-0.00009,0.70796,0.00008,0.70625,1,3,0.99958,0.01071,0.01396,-0.02300,0.06081,0.08385,0.63844,0,0
1768603073.787935,-0.01221,0.06497,0.01848,0.00196,0.00053,-0.00135,0.51820,0.00008,0.28017,-0.00009,0.70796,0.00008,0.70625,1,3,0.99958,0.01071,0.01396,-0.02300,0.06081,0.08385,0.63844,0,0
1768603073.789931,-0.03622,0.05612,0.05242,0.00139,0.00072,-0.00014,0.51825,0.00008,0.28016,-0.00009,0.70797,0.00008,0.70624,1,3,0.99958,0.01071,0.01396,-0.02300,0.06081,0.08385,0.63844,0,0
1768603073.791932,0.03312,0.05274,0.00545,0.00093,0.00037,0.00031,0.51825,0.00008,0.28016,-0.00009,0.70797,0.00008,0.70624,1,3,0.99958,0.01071,0.01396,-0.02300,0.06081,0.08385,0.63844,0,0
1768603073.793940,-0.05921,0.02731,0.05531,0.00073,0.00032,0.00020,0.51829,0.00008,0.28016,-0.00009,0.70797,0.00008,0.70624,1,3,0.99956,0.01054,0.01381,-0.02388,0.06078,0.08382,0.63828,0,0
1768603073.795950,0.00215,0.04848,0.03234,0.00117,0.00004,0.00047,0.51829,0.00008,0.28016,-0.00009,0.70797,0.00008,0.70624,1,3,0.99956,0.01054,0.01381,-0.02388,0.06078,0.08382,0.63828,0,0
1768603073.797932,-0.01335,0.04944,0.05206,0.00142,-0.00103,-0.00006,0.51833,0.00008,0.28015,-0.00009,0.70798,0.00008,0.70623,1,3,0.99956,0.01054,0.01381,-0.02388,0.06078,0.08382,0.63828,0,0
1768603073.799983,0.01039,0.06987,0.00575,0.00090,0.00038,-0.00066,0.51837,0.00008,0.28015,-0.00009,0.70799,0.00008,0.70623,1,3,0.99956,0.01054,0.01381,-0.02388,0.06078,0.08382,0.63828,0,0
1768603073.801967,-0.00420,0.06149,-0.01383,0.00103,0.00036,-0.00067,0.51837,0.00008,0.28015,-0.00009,0.70799,0.00008,0.70623,1,3,0.99956,0.01054,0.01381,-0.02388,0.06078,0.08382,0.63828,0,0
1768603073.803958,0.01011,0.05266,0.02005,0.00131,0.00011,0.00030,0.51841,0.00008,0.28014,-0.00009,0.70799,0.00008,0.70622,1,3,0.99956,0.01054,0.01381,-0.02388,0.06078,0.08382,0.63828,0,0
1768603073.805965,-0.02146,0.04888,0.07732,0.00154,-0.00050,-0.00071,0.51841,0.00008,0.28014,-0.00009,0.70799,0.00008,0.70622,1,3,0.99956,0.01054,0.01381,-0.02388,0.06078,0.08382,0.63828,0,0
1768603073.807991,0.00118,0.05785,0.07243,0.00088,-0.00056,-0.00082,0.51845,0.00008,0.28014,-0.00009,0.70800,0.00008,0.70621,1,3,0.99956,0.01054,0.01381,-0.02388,0.06078,0.08382,0.63828,0,0
1768603073.810164,-0.00543,0.04375,0.03516,0.00130,0.00051,0.00027,0.51845,0.00008,0.28014,-0.00009,0.70800,0.00008,0.70621,1,3,0.99956,0.01054,0.01381,-0.02388,0.06078,0.08382,0.63828,0,0
1768603073.812161,0.03404,0.05364,-0.01972,0.00161,-0.00080,0.00033,0.51849,0.00008,0.28013,-0.00009,0.70801,0.00008,0.70620,1,3,0.99956,0.01054,0.01381,-0.02388,0.06078,0.08382,0.63828,0,0
1768603073.813985,0.01115,0.02816,-0.01326,0.00108,-0.00007,-0.00052,0.51849,0.00008,0.28013,-0.00009,0.70801,0.00008,0.70620,1,3,0.99956,0.01054,0.01381,-0.02388,0.06078,0.08382,0.63828,0,0
1768603073.815969,-0.02738,0.06167,0.01562,0.00182,-0.00038,-0.00106,0.51853,0.00008,0.28013,-0.00009,0.70801,0.00008,0.70620,1,3,0.99956,0.01054,0.01381,-0.02388,0.06078,0.08382,0.63828,0,0
1768603073.817965,-0.02053,0.04743,0.02362,0.00062,0.00168,-0.00028,0.51853,0.00008,0.28013,-0.00009,0.70801,0.00008,0.70620,1,3,0.99956,0.01054,0.01381,-0.02388,0.06078,0.08382,0.63828,0,0
1768603073.819966,-0.02095,0.08349,0.04722,0.00112,-0.00087,-0.00111,0.51857,0.00008,0.28012,-0.00009,0.70803,0.00008,0.70618,1,3,0.99956,0.01054,0.01381,-0.02388,0.06078,0.08382,0.63828,0,0
1768603073.821972,-0.03511,0.03157,0.00356,0.00076,0.00057,0.00019,0.51857,0.00008,0.28012,-0.00009,0.70803,0.00008,0.70618,1,3,0.99956,0.01054,0.01381,-0.02388,0.06078,0.08382,0.63828,0,0
1768603073.823993,0.02600,0.05403,-0.00437,0.00120,-0.00084,-0.00033,0.51857,0.00008,0.28012,-0.00009,0.70803,0.00008,0.70618,1,3,0.99956,0.01054,0.01381,-0.02388,0.06078,0.08382,0.63828,0,0
1768603073.825979,-0.02017,0.07642,-0.00055,0.00099,0.00161,0.00130,0.51862,0.00008,0.28011,-0.00009,0.70803,0.00008,0.70618,1,3,0.99956,0.01054,0.01381,-0.02388,0.06078,0.08382,0.63828,0,0
1768603073.827978,0.00952,0.07057,0.04040,0.00075,-0.00029,-0.00108,0.51862,0.00008,0.28011,-0.00009,0.70803,0.00008,0.70618,1,3,0.99956,0.01054,0.01381,-0.02388,0.06078,0.08382,0.63828,0,0
1768603073.829981,0.03237,0.04165,0.05270,0.00147,-0.00146,-0.00073,0.51866,0.00008,0.28011,-0.00009,0.70804,0.00008,0.70617,1,3,0.99956,0.01054,0.01381,-0.02388,0.06078,0.08382,0.63828,0,0
1768603073.831993,0.03362,0.04459,-0.00497,0.00161,-0.00041,0.00080,0.51866,0.00008,0.28011,-0.00009,0.70804,0.00008,0.70617,1,3,0.99958,0.01073,0.01311,-0.02362,0.06080,0.08384,0.63840,0,0
1768603073.833996,-0.01137,0.04402,-0.03426,0.00118,0.00055,0.00083,0.51870,0.00008,0.28010,-0.00009,0.70805,0.00008,0.70616,1,3,0.99958,0.01073,0.01311,-0.02362,0.06080,0.08384,0.63840,0,0
1768603073.835988,0.03395,0.05602,-0.01911,0.00081,-0.00233,-0.00086,0.51870,0.00008,0.28010,-0.00009,0.70805,0.00008,0.70616,1,3,0.99958,0.01073,0.01311,-0.02362,0.06080,0.08384,0.63840,0,0
1768603073.837988,-0.07200,0.03031,-0.02447,0.00115,0.00219,-0.00142,0.51870,0.00008,0.28010,-0.00009,0.70805,0.00008,0.70616,1,3,0.99958,0.01073,0.01311,-0.02362,0.06080,0.08384,0.63840,0,0
1768603073.840010,-0.03476,0.02867,0.01639,0.00184,-0.00102,-0.00129,0.51870,0.00008,0.28010,-0.00009,0.70805,0.00008,0.70616,1,3,0.99958,0.01073,0.01311,-0.02362,0.06080,0.08384,0.63840,0,0
1768603073.841989,0.00385,0.03282,-0.02625,0.00121,-0.00067,-0.00006,0.51870,0.00008,0.28010,-0.00009,0.70805,0.00008,0.70616,1,3,0.99958,0.01073,0.01311,-0.02362,0.06080,0.08384,0.63840,0,0
1768603073.844017,-0.03481,0.06006,-0.01083,0.00167,0.00061,0.00177,0.51870,0.00008,0.28010,-0.00009,0.70805,0.00008,0.70616,1,3,0.99958,0.01073,0.01311,-0.02362,0.06080,0.08384,0.63840,0,0
1768603073.846044,0.04084,0.08774,-0.00023,0.00104,-0.00078,-0.00024,0.51882,0.00008,0.28008,-0.00009,0.70808,0.00008,0.70614,1,3,0.99958,0.01073,0.01311,-0.02362,0.06080,0.08384,0.63840,0,0
1768603073.848103,-0.00505,0.07133,0.01569,0.00061,-0.00081,-0.00120,0.51886,0.00008,0.28007,-0.00009,0.70809,0.00008,0.70613,1,3,0.99958,0.01073,0.01311,-0.02362,0.06080,0.08384,0.63840,0,0
1768603073.850014,-0.02742,0.04762,0.00352,0.00115,0.00122,-0.00013,0.51886,0.00008,0.28007,-0.00009,0.70809,0.00008,0.70613,1,3,0.99958,0.01073,0.01311,-0.02362,0.06080,0.08384,0.63840,0,0
1768603073.852012,0.01701,0.04420,0.04503,0.00105,0.00020,0.00025,0.51890,0.00008,0.28007,-0.00009,0.70809,0.00008,0.70612,1,3,0.99958,0.01073,0.01311,-0.02362,0.06080,0.08384,0.63840,0,0
1768603073.854007,0.01715,0.06040,0.04402,0.00184,0.00019,0.00083,0.51890,0.00008,0.28007,-0.00009,0.70809,0.00008,0.70612,1,3,0.99958,0.01073,0.01311,-0.02362,0.06080,0.08384,0.63840,0,0
1768603073.855995,0.00971,0.06486,0.03751,0.00143,0.00055,-0.00024,0.51894,0.00008,0.28006,-0.00009,0.70810,0.00008,0.70611,1,3,0.99958,0.01073,0.01311,-0.02362,0.06080,0.08384,0.63840,0,0
1768603073.857990,-0.04276,0.08139,0.00282,0.00111,0.00122,-0.00028,0.51894,0.00008,0.28006,-0.00009,0.70810,0.00008,0.70611,1,3,0.99958,0.01073,0.01311,-0.02362,0.06080,0.08384,0.63840,0,0
1768603073.860011,-0.00404,0.05664,-0.00962,0.00131,-0.00330,-0.00099,0.51894,0.00008,0.28006,-0.00009,0.70810,0.00008,0.70611,1,3,0.99958,0.01073,0.01311,-0.02362,0.06080,0.08384,0.63840,0,0
1768603073.861991,-0.02705,0.02034,0.00214,0.00106,-0.00054,-0.00132,0.51894,0.00008,0.28006,-0.00009,0.70810,0.00008,0.70611,1,3,0.99958,0.01073,0.01311,-0.02362,0.06080,0.08384,0.63840,0,0
1768603073.863995,-0.00515,0.04559,0.02002,0.00090,-0.00098,0.00026,0.51898,0.00008,0.28006,-0.00009,0.70811,0.00008,0.70610,1,3,0.99958,0.01073,0.01311,-0.02362,0.06080,0.08384,0.63840,0,0
1768603073.865999,-0.00523,0.03592,0.03493,0.00171,-0.00036,0.00037,0.51898,0.00008,0.28006,-0.00009,0.70811,0.00008,0.70610,1,3,0.99958,0.01073,0.01311,-0.02362,0.06080,0.08384,0.63840,0,0
1768603073.868007,0.05485,0.04945,0.06340,0.00121,-0.00045,-0.00160,0.51902,0.00008,0.28005,-0.00009,0.70812,0.00008,0.70609,1,3,0.99958,0.01073,0.01311,-0.02362,0.06080,0.08384,0.63840,0,0
1768603073.870020,-0.02081,0.07898,0.04078,0.00072,-0.00007,-0.00181,0.51902,0.00008,0.28005,-0.00009,0.70812,0.00008,0.70609,1,3,0.99956,0.01077,0.01393,-0.02391,0.06080,0.08381,0.63811,0,0
1768603073.872051,0.04026,0.03688,0.03633,0.00095,-0.00035,-0.00118,0.51906,0.00008,0.28004,-0.00009,0.70812,0.00008,0.70609,1,3,0.99956,0.01077,0.01393,-0.02391,0.06080,0.08381,0.63811,0,0
1768603073.874031,0.01701,0.07044,0.04361,0.00142,-0.00113,0.00071,0.51906,0.00008,0.28004,-0.00009,0.70812,0.00008,0.70609,1,3,0.99956,0.01077,0.01393,-0.02391,0.06080,0.08381,0.63811,0,0
1768603073.876054,-0.00508,0.05976,0.00965,0.00115,0.00130,0.00124,0.51910,0.00008,0.28004,-0.00009,0.70813,0.00008,0.70608,1,3,0.99956,0.01077,0.01393,-0.02391,0.06080,0.08381,0.63811,0,0
1768603073.878018,-0.05136,0.06126,0.04865,0.00165,-0.00063,0.00082,0.51914,0.00008,0.28004,-0.00009,0.70813,0.00008,0.70608,1,3,0.99956,0.01077,0.01393,-0.02391,0.06080,0.08381,0.63811,0,0
1768603073.880033,-0.03609,0.04851,0.05775,0.00167,-0.00008,-0.00081,0.51918,0.00008,0.28003,-0.00009,0.70814,0.00008,0.70607,1,3,0.99956,0.01077,0.01393,-0.02391,0.06080,0.08381,0.63811,0,0
1768603073.882015,-0.01377,0.03575,0.06570,0.00089,0.00045,-0.00068,0.51918,0.00008,0.28003,-0.00009,0.70814,0.00008,0.70607,1,3,0.99956,0.01077,0.01393,-0.02391,0.06080,0.08381,0.63811,0,0
1768603073.884072,-0.00582,0.04511,0.06029,0.00143,-0.00071,-0.00090,0.51922,0.00008,0.28002,-0.00009,0.70815,0.00008,0.70606,1,3,0.99956,0.01077,0.01393,-0.02391,0.06080,0.08381,0.63811,0,0
1768603073.886031,0.01056,0.06952,-0.00025,0.00143,0.00009,0.00050,0.51922,0.00008,0.28002,-0.00009,0.70815,0.00008,0.70606,1,3,0.99956,0.01077,0.01393,-0.02391,0.06080,0.08381,0.63811,0,0
1768603073.888065,-0.01992,0.08753,-0.00016,0.00099,-0.00057,-0.00036,0.51926,0.00008,0.28002,-0.00009,0.70816,0.00008,0.70605,1,3,0.99956,0.01077,0.01393,-0.02391,0.06080,0.08381,0.63811,0,0
1768603073.890032,0.03415,0.03049,-0.01294,0.00110,-0.00204,-0.00169,0.51926,0.00008,0.28002,-0.00009,0.70816,0.00008,0.70605,1,3,0.99956,0.01077,0.01393,-0.02391,0.06080,0.08381,0.63811,0,0
1768603073.892018,-0.02073,0.03697,0.04579,0.00103,-0.00067,-0.00093,0.51926,0.00008,0.28002,-0.00009,0.70816,0.00008,0.70605,1,3,0.99956,0.01077,0.01393,-0.02391,0.06080,0.08381,0.63811,0,0
1768603073.894045,-0.00607,0.04370,0.06055,0.00103,0.00082,-0.00051,0.51930,0.00008,0.28001,-0.00009,0.70817,0.00008,0.70604,1,3,0.99956,0.01077,0.01393,-0.02391,0.06080,0.08381,0.63811,0,0
1768603073.896048,-0.02898,0.05220,0.06969,0.00153,0.00028,-0.00023,0.51930,0.00008,0.28001,-0.00009,0.70817,0.00008,0.70604,1,3,0.99956,0.01077,0.01393,-0.02391,0.06080,0.08381,0.63811,0,0
1768603073.898033,0.05678,0.06329,-0.00939,0.00176,-0.00177,-0.00094,0.51930,0.00008,0.28001,-0.00009,0.70817,0.00008,0.70604,1,3,0.99956,0.01077,0.01393,-0.02391,0.06080,0.08381,0.63811,0,0
1768603073.900053,-0.03491,0.04010,-0.01119,0.00035,0.00082,0.00009,0.51934,0.00008,0.28001,-0.00009,0.70818,0.00008,0.70604,1,3,0.99956,0.01077,0.01393,-0.02391,0.06080,0.08381,0.63811,0,0
1768603073.902033,0.00145,0.06262,0.04926,0.00048,-0.00106,0.00027,0.51934,0.00008,0.28001,-0.00009,0.70818,0.00008,0.70604,1,3,0.99956,0.01077,0.01393,-0.02391,0.06080,0.08381,0.63811,0,0
1768603073.904032,-0.02083,0.04538,0.04906,0.00169,-0.00150,0.00050,0.51938,0.00008,0.28001,-0.00009,0.70818,0.00008,0.70603,1,3,0.99956,0.01077,0.01393,-0.02391,0.06080,0.08381,0.63811,0,0
1768603073.906032,-0.01386,0.06285,0.06822,0.00154,-0.00214,0.00053,0.51938,0.00008,0.28001,-0.00009,0.70818,0.00008,0.70603,1,3,0.99956,0.01077,0.01393,-0.02391,0.06080,0.08381,0.63811,0,0
1768603073.908157,0.01093,0.04453,-0.01430,0.00106,0.00013,0.00043,0.51942,0.00008,0.28000,-0.00009,0.70819,0.00008,0.70603,1,3,0.99957,0.01071,0.01294,-0.02415,0.06082,0.08382,0.63825,0,0
1768603073.910064,-0.01105,0.04404,-0.03717,0.00092,0.00138,-0.00145,0.51942,0.00008,0.28000,-0.00009,0.70819,0.00008,0.70603,1,3,0.99957,0.01071,0.01294,-0.02415,0.06082,0.08382,0.63825,0,0
1768603073.912065,0.01780,0.06471,0.02353,0.00144,0.00103,-0.00111,0.51946,0.00008,0.27999,-0.00009,0.70819,0.00008,0.70602,1,3,0.99957,0.01071,0.01294,-0.02415,0.06082,0.08382,0.63825,0,0
1768603073.914084,-0.02104,0.07402,0.04588,0.00152,-0.00066,0.00092,0.51946,0.00008,0.27999,-0.00009,0.70819,0.00008,0.70602,1,3,0.99957,0.01071,0.01294,-0.02415,0.06082,0.08382,0.63825,0,0
1768603073.916073,0.00955,0.04121,0.04653,0.00158,-0.00153,0.00081,0.51950,0.00008,0.27999,-0.00009,0.70820,0.00008,0.70601,1,3,0.99957,0.01071,0.01294,-0.02415,0.06082,0.08382,0.63825,0,0
1768603073.918078,-0.05764,0.06313,0.00574,0.00126,-0.00137,-0.00133,0.51950,0.00008,0.27999,-0.00009,0.70820,0.00008,0.70601,1,3,0.99957,0.01071,0.01294,-0.02415,0.06082,0.08382,0.63825,0,0
1768603073.920117,-0.04844,0.04100,-0.05989,0.00090,0.00023,-0.00114,0.51954,0.00008,0.27999,-0.00009,0.70820,0.00008,0.70601,1,3,0.99957,0.01071,0.01294,-0.02415,0.06082,0.08382,0.63825,0,0
1768603073.922073,-0.03447,0.05832,-0.01006,0.00075,-0.00003,-0.00241,0.51958,0.00008,0.27998,-0.00009,0.70821,0.00008,0.70600,1,3,0.99957,0.01071,0.01294,-0.02415,0.06082,0.08382,0.63825,0,0
1768603073.924442,0.00327,0.06582,-0.00722,0.00143,-0.00022,-0.00008,0.51962,0.00008,0.27998,-0.00009,0.70821,0.00008,0.70600,1,3,0.99957,0.01071,0.01294,-0.02415,0.06082,0.08382,0.63825,0,0
1768603073.926071,-0.00579,0.06191,0.05335,0.00195,-0.00145,0.00081,0.51962,0.00008,0.27998,-0.00009,0.70821,0.00008,0.70600,1,3,0.99957,0.01071,0.01294,-0.02415,0.06082,0.08382,0.63825,0,0
1768603073.928063,0.01074,0.04899,0.00179,0.00199,-0.00098,0.00113,0.51967,0.00008,0.27997,-0.00009,0.70822,0.00008,0.70599,1,3,0.99957,0.01071,0.01294,-0.02415,0.06082,0.08382,0.63825,0,0
1768603073.930053,-0.01873,0.03217,-0.02964,0.00092,0.00060,-0.00157,0.51967,0.00008,0.27997,-0.00009,0.70822,0.00008,0.70599,1,3,0.99957,0.01071,0.01294,-0.02415,0.06082,0.08382,0.63825,0,0
1768603073.932056,0.01104,0.07409,-0.00589,0.00144,0.00046,-0.00183,0.51967,0.00008,0.27997,-0.00009,0.70822,0.00008,0.70599,1,3,0.99957,0.01071,0.01294,-0.02415,0.06082,0.08382,0.63825,0,0
1768603073.934053,0.00226,0.07287,0.02760,0.00128,0.00108,-0.00020,0.51967,0.00008,0.27997,-0.00009,0.70822,0.00008,0.70599,1,3,0.99957,0.01071,0.01294,-0.02415,0.06082,0.08382,0.63825,0,0
1768603073.936100,0.02438,0.07428,0.04603,0.00116,-0.00066,0.00091,0.51971,0.00008,0.27997,-0.00009,0.70822,0.00008,0.70599,1,3,0.99957,0.01071,0.01294,-0.02415,0.06082,0.08382,0.63825,0,0
1768603073.938081,0.00927,0.06179,0.05378,0.00156,-0.00101,0.00055,0.51971,0.00008,0.27997,-0.00009,0.70822,0.00008,0.70599,1,3,0.99957,0.01071,0.01294,-0.02415,0.06082,0.08382,0.63825,0,0
1768603073.940078,0.02498,0.04919,0.02736,0.00092,-0.00045,0.00046,0.51975,0.00008,0.27997,-0.00009,0.70823,0.00008,0.70599,1,3,0.99957,0.01071,0.01294,-0.02415,0.06082,0.08382,0.63825,0,0
1768603073.942151,-0.00566,0.06584,0.05304,0.00141,-0.00014,-0.00153,0.51975,0.00008,0.27997,-0.00009,0.70823,0.00008,0.70599,1,3,0.99957,0.01071,0.01294,-0.02415,0.06082,0.08382,0.63825,0,0
1768603073.944102,-0.00520,0.06642,0.02365,0.00062,-0.00006,-0.00152,0.51979,0.00008,0.27997,-0.00009,0.70823,0.00008,0.70599,1,3,0.99957,0.01071,0.01294,-0.02415,0.06082,0.08382,0.63825,0,0
1768603073.946095,-0.00538,0.06170,0.03012,0.00102,-0.00020,-0.00032,0.51979,0.00008,0.27997,-0.00009,0.70823,0.00008,0.70599,1,3,0.99957,0.01071,0.01294,-0.02415,0.06082,0.08382,0.63825,0,0
1768603073.948105,-0.00426,0.02709,-0.01414,0.00106,0.00057,0.00089,0.51983,0.00008,0.27997,-0.00009,0.70823,0.00008,0.70598,1,3,0.99957,0.01071,0.01294,-0.02415,0.06082,0.08382,0.63825,0,0
1768603073.950099,0.01144,0.01557,-0.02129,0.00150,-0.00061,0.00041,0.51983,0.00008,0.27997,-0.00009,0.70823,0.00008,0.70598,1,3,0.99957,0.01071,0.01294,-0.02415,0.06082,0.08382,0.63825,0,0
1768603073.952100,-0.01951,0.04419,-0.01949,0.00076,0.00051,0.00094,0.51987,0.00008,0.27996,-0.00009,0.70824,0.00008,0.70598,1,3,0.99960,0.01066,0.01303,-0.02270,0.06080,0.08382,0.63822,0,0
1768603073.954083,0.01065,0.07127,-0.00927,0.00050,-0.00068,-0.00067,0.51987,0.00008,0.27996,-0.00009,0.70824,0.00008,0.70598,1,3,0.99960,0.01066,0.01303,-0.02270,0.06080,0.08382,0.63822,0,0
1768603073.956178,0.00201,0.05870,0.04295,0.00089,-0.00114,-0.00119,0.51991,0.00008,0.27996,-0.00009,0.70824,0.00008,0.70597,1,3,0.99960,0.01066,0.01303,-0.02270,0.06080,0.08382,0.63822,0,0
1768603073.958104,-0.01250,0.07320,0.00800,0.00101,0.00106,-0.00032,0.51995,0.00008,0.27996,-0.00009,0.70824,0.00008,0.70597,1,3,0.99960,0.01066,0.01303,-0.02270,0.06080,0.08382,0.63822,0,0
1768603073.960136,-0.00490,0.02367,0.01941,0.00079,0.00032,-0.00100,0.51995,0.00008,0.27996,-0.00009,0.70824,0.00008,0.70597,1,3,0.99960,0.01066,0.01303,-0.02270,0.06080,0.08382,0.63822,0,0
1768603073.962125,-0.05074,0.07178,0.01312,0.00084,0.00243,-0.00005,0.51999,0.00008,0.27995,-0.00009,0.70825,0.00008,0.70596,1,3,0.99960,0.01066,0.01303,-0.02270,0.06080,0.08382,0.63822,0,0
1768603073.964115,0.01031,0.05773,0.02230,0.00185,-0.00095,-0.00013,0.51999,0.00008,0.27995,-0.00009,0.70825,0.00008,0.70596,1,3,0.99960,0.01066,0.01303,-0.02270,0.06080,0.08382,0.63822,0,0
1768603073.966125,-0.02853,0.06232,0.04468,0.00100,-0.00090,-0.00034,0.52003,0.00008,0.27995,-0.00009,0.70826,0.00008,0.70595,1,3,0.99960,0.01066,0.01303,-0.02270,0.06080,0.08382,0.63822,0,0
1768603073.968139,0.01026,0.06159,0.02958,0.00224,-0.00086,-0.00018,0.52003,0.00008,0.27995,-0.00009,0.70826,0.00008,0.70595,1,3,0.99960,0.01066,0.01303,-0.02270,0.06080,0.08382,0.63822,0,0
1768603073.970107,0.01686,0.06207,0.03986,0.00036,-0.00030,0.00003,0.52007,0.00008,0.27995,-0.00009,0.70826,0.00008,0.70595,1,3,0.99960,0.01066,0.01303,-0.02270,0.06080,0.08382,0.63822,0,0
1768603073.972101,0.00193,0.05250,0.04085,0.00076,0.00080,-0.00073,0.52007,0.00008,0.27995,-0.00009,0.70826,0.00008,0.70595,1,3,0.99960,0.01066,0.01303,-0.02270,0.06080,0.08382,0.63822,0,0
1768603073.974122,-0.00538,0.03626,0.02617,0.00037,0.00040,-0.00041,0.52011,0.00008,0.27994,-0.00009,0.70826,0.00008,0.70595,1,3,0.99960,0.01066,0.01303,-0.02270,0.06080,0.08382,0.63822,0,0
1768603073.976141,-0.00478,0.05813,0.01778,0.00157,-0.00101,-0.00064,0.52011,0.00008,0.27994,-0.00009,0.70826,0.00008,0.70595,1,3,0.99960,0.01066,0.01303,-0.02270,0.06080,0.08382,0.63822,0,0
1768603073.978115,0.03333,0.06468,0.00897,0.00159,-0.00351,0.00017,0.52011,0.00008,0.27994,-0.00009,0.70826,0.00008,0.70595,1,3,0.99960,0.01066,0.01303,-0.02270,0.06080,0.08382,0.63822,0,0
1768603073.980116,0.02515,0.04546,0.02952,0.00146,-0.00130,0.00051,0.52016,0.00008,0.27994,-0.00009,0.70826,0.00008,0.70595,1,3,0.99960,0.01066,0.01303,-0.02270,0.06080,0.08382,0.63822,0,0
1768603073.982131,-0.04346,0.03504,0.03107,0.00061,0.00134,-0.00013,0.52016,0.00008,0.27994,-0.00009,0.70826,0.00008,0.70595,1,3,0.99960,0.01066,0.01303,-0.02270,0.06080,0.08382,0.63822,0,0
1768603073.984118,-0.04347,0.03478,0.04221,0.00074,0.00191,-0.00166,0.52020,0.00008,0.27994,-0.00009,0.70827,0.00008,0.70595,1,3,0.99960,0.01066,0.01303,-0.02270,0.06080,0.08382,0.63822,0,0
1768603073.986134,-0.02055,0.04762,0.02838,0.00088,0.00131,-0.00028,0.52020,0.00008,0.27994,-0.00009,0.70827,0.00008,0.70595,1,3,0.99960,0.01066,0.01303,-0.02270,0.06080,0.08382,0.63822,0,0
1768603073.988147,0.00925,0.06091,0.05404,0.00156,-0.00013,0.00056,0.52024,0.00008,0.27994,-0.00009,0.70827,0.00008,0.70594,1,3,0.99960,0.01066,0.01303,-0.02270,0.06080,0.08382,0.63822,0,0
1768603073.990124,-0.00591,0.06143,0.06392,0.00208,-0.00088,0.00005,0.52024,0.00008,0.27994,-0.00009,0.70827,0.00008,0.70594,1,3,0.99960,0.01066,0.01303,-0.02270,0.06080,0.08382,0.63822,0,0
1768603073.992122,-0.00536,0.03535,0.02563,0.00077,0.00083,0.00037,0.52028,0.00008,0.27994,-0.00009,0.70827,0.00008,0.70594,1,3,0.99952,0.01077,0.01391,-0.02563,0.06077,0.08380,0.63806,0,0
1768603073.994124,0.03367,0.04146,0.00456,0.00122,-0.00051,-0.00184,0.52028,0.00008,0.27994,-0.00009,0.70827,0.00008,0.70594,1,3,0.99952,0.01077,0.01391,-0.02563,0.06077,0.08380,0.63806,0,0
1768603073.996140,0.01880,0.07298,-0.00388,0.00159,-0.00258,-0.00233,0.52032,0.00008,0.27994,-0.00009,0.70827,0.00008,0.70594,1,3,0.99952,0.01077,0.01391,-0.02563,0.06077,0.08380,0.63806,0,0
1768603073.998153,0.03327,0.04656,0.01630,0.00107,-0.00146,-0.00153,0.52036,0.00008,0.27993,-0.00009,0.70828,0.00008,0.70593,1,3,0.99952,0.01077,0.01391,-0.02563,0.06077,0.08380,0.63806,0,0
1768603074.000178,-0.02073,0.04133,0.04329,0.00089,-0.00070,-0.00098,0.52036,0.00008,0.27993,-0.00009,0.70828,0.00008,0.70593,1,3,0.99952,0.01077,0.01391,-0.02563,0.06077,0.08380,0.63806,0,0
1768603074.002166,-0.00485,0.02729,0.01407,0.00186,-0.00062,0.00202,0.52040,0.00008,0.27993,-0.00009,0.70828,0.00008,0.70593,1,3,0.99952,0.01077,0.01391,-0.02563,0.06077,0.08380,0.63806,0,0
1768603074.004131,0.00974,0.03667,0.03930,0.00159,-0.00118,0.00087,0.52040,0.00008,0.27993,-0.00009,0.70828,0.00008,0.70593,1,3,0.99952,0.01077,0.01391,-0.02563,0.06077,0.08380,0.63806,0,0
1768603074.006143,-0.00575,0.07042,0.04984,0.00127,-0.00062,-0.00082,0.52044,0.00008,0.27993,-0.00009,0.70828,0.00008,0.70593,1,3,0.99952,0.01077,0.01391,-0.02563,0.06077,0.08380,0.63806,0,0
1768603074.008134,-0.02665,0.04949,-0.01951,0.00063,0.00051,-0.00242,0.52044,0.00008,0.27993,-0.00009,0.70828,0.00008,0.70593,1,3,0.99952,0.01077,0.01391,-0.02563,0.06077,0.08380,0.63806,0,0
1768603074.010133,-0.00533,0.03543,0.03074,0.00104,0.00068,-0.00001,0.52048,0.00008,0.27992,-0.00009,0.70829,0.00008,0.70592,1,3,0.99952,0.01077,0.01391,-0.02563,0.06077,0.08380,0.63806,0,0
1768603074.012140,-0.01201,0.03426,-0.00951,0.00131,0.00150,0.00131,0.52048,0.00008,0.27992,-0.00009,0.70829,0.00008,0.70592,1,3,0.99952,0.01077,0.01391,-0.02563,0.06077,0.08380,0.63806,0,0
1768603074.014144,-0.00511,0.06130,0.01482,0.00102,0.00005,0.00045,0.52052,0.00008,0.27992,-0.00009,0.70829,0.00008,0.70592,1,3,0.99952,0.01077,0.01391,-0.02563,0.06077,0.08380,0.63806,0,0
1768603074.016189,-0.00487,0.04163,0.00811,0.00064,-0.00091,-0.00007,0.52052,0.00008,0.27992,-0.00009,0.70829,0.00008,0.70592,1,3,0.99952,0.01077,0.01391,-0.02563,0.06077,0.08380,0.63806,0,0
1768603074.018152,-0.01921,0.03923,-0.00976,0.00118,0.00172,-0.00167,0.52052,0.00008,0.27992,-0.00009,0.70829,0.00008,0.70592,1,3,0.99952,0.01077,0.01391,-0.02563,0.06077,0.08380,0.63806,0,0
1768603074.020195,-0.02007,0.07808,0.02031,0.00167,0.00012,-0.00101,0.52056,0.00008,0.27992,-0.00009,0.70829,0.00008,0.70592,1,3,0.99952,0.01077,0.01391,-0.02563,0.06077,0.08380,0.63806,0,0
1768603074.022177,0.01797,0.06359,0.02061,0.00131,-0.00184,-0.00148,0.52056,0.00008,0.27992,-0.00009,0.70829,0.00008,0.70592,1,3,0.99952,0.01077,0.01391,-0.02563,0.06077,0.08380,0.63806,0,0
1768603074.024155,-0.04257,0.04858,-0.00774,0.00101,-0.00001,0.00126,0.52060,0.00008,0.27992,-0.00009,0.70830,0.00008,0.70591,1,3,0.99952,0.01077,0.01391,-0.02563,0.06077,0.08380,0.63806,0,0
1768603074.026158,0.02628,0.02990,-0.01448,0.00109,-0.00206,0.00035,0.52060,0.00008,0.27992,-0.00009,0.70830,0.00008,0.70591,1,3,0.99952,0.01077,0.01391,-0.02563,0.06077,0.08380,0.63806,0,0
1768603074.028141,0.00317,0.04205,0.00842,0.00146,-0.00156,-0.00095,0.52064,0.00008,0.27992,-0.00009,0.70830,0.00008,0.70592,1,3,0.99953,0.01052,0.01483,-0.02472,0.06078,0.08382,0.63817,0,0
1768603074.030152,0.01836,0.04924,0.00039,0.00053,0.00075,-0.00244,0.52064,0.00008,0.27992,-0.00009,0.70830,0.00008,0.70592,1,3,0.99953,0.01052,0.01483,-0.02472,0.06078,0.08382,0.63817,0,0
1768603074.032152,0.01772,0.05266,0.01022,0.00078,0.00043,0.00056,0.52068,0.00008,0.27992,-0.00009,0.70830,0.00008,0.70591,1,3,0.99953,0.01052,0.01483,-0.02472,0.06078,0.08382,0.63817,0,0
1768603074.034274,0.04029,0.04868,0.02726,0.00133,-0.00024,0.00060,0.52068,0.00008,0.27992,-0.00009,0.70830,0.00008,0.70591,1,3,0.99953,0.01052,0.01483,-0.02472,0.06078,0.08382,0.63817,0,0
1768603074.036222,0.01840,0.03233,-0.00563,0.00067,0.00024,-0.00071,0.52072,0.00008,0.27992,-0.00009,0.70829,0.00008,0.70592,1,3,0.99953,0.01052,0.01483,-0.02472,0.06078,0.08382,0.63817,0,0
1768603074.038178,0.03220,0.05746,0.03737,0.00064,-0.00011,0.00022,0.52076,0.00008,0.27992,-0.00009,0.70830,0.00008,0.70592,1,3,0.99953,0.01052,0.01483,-0.02472,0.06078,0.08382,0.63817,0,0
1768603074.040170,-0.04330,0.07267,0.02278,0.00098,0.00146,-0.00019,0.52076,0.00008,0.27992,-0.00009,0.70830,0.00008,0.70592,1,3,0.99953,0.01052,0.01483,-0.02472,0.06078,0.08382,0.63817,0,0
1768603074.042230,-0.00546,0.04094,0.04284,0.00131,-0.00070,-0.00046,0.52080,0.00008,0.27992,-0.00009,0.70830,0.00008,0.70591,1,3,0.99953,0.01052,0.01483,-0.02472,0.06078,0.08382,0.63817,0,0
1768603074.044182,-0.02746,0.02256,0.00909,0.00104,0.00107,-0.00021,0.52080,0.00008,0.27992,-0.00009,0.70830,0.00008,0.70591,1,3,0.99953,0.01052,0.01483,-0.02472,0.06078,0.08382,0.63817,0,0
1768603074.046200,-0.01993,0.00934,0.01131,0.00119,0.00131,0.00058,0.52085,0.00008,0.27992,-0.00009,0.70830,0.00008,0.70592,1,3,0.99953,0.01052,0.01483,-0.02472,0.06078,0.08382,0.63817,0,0
1768603074.048177,-0.01191,0.06581,-0.01708,0.00089,0.00010,0.00017,0.52085,0.00008,0.27992,-0.00009,0.70830,0.00008,0.70592,1,3,0.99953,0.01052,0.01483,-0.02472,0.06078,0.08382,0.63817,0,0
1768603074.050168,-0.00546,0.05221,0.03504,0.00129,0.00051,0.00017,0.52088,0.00008,0.27992,-0.00009,0.70830,0.00008,0.70591,1,3,0.99953,0.01052,0.01483,-0.02472,0.06078,0.08382,0.63817,0,0
1768603074.052171,0.02591,0.07179,-0.00147,0.00185,-0.00255,0.00099,0.52088,0.00008,0.27992,-0.00009,0.70830,0.00008,0.70591,1,3,0.99953,0.01052,0.01483,-0.02472,0.06078,0.08382,0.63817,0,0
1768603074.054237,0.00314,0.01973,0.00120,0.00107,-0.00034,0.00008,0.52093,0.00008,0.27992,-0.00009,0.70830,0.00008,0.70591,1,3,0.99953,0.01052,0.01483,-0.02472,0.06078,0.08382,0.63817,0,0
1768603074.056196,-0.03551,0.06310,0.02490,0.00113,-0.00158,-0.00059,0.52093,0.00008,0.27992,-0.00009,0.70830,0.00008,0.70591,1,3,0.99953,0.01052,0.01483,-0.02472,0.06078,0.08382,0.63817,0,0
1768603074.058175,-0.01972,0.03620,0.00105,0.00104,0.00010,-0.00012,0.52093,0.00008,0.27992,-0.00009,0.70830,0.00008,0.70591,1,3,0.99953,0.01052,0.01483,-0.02472,0.06078,0.08382,0.63817,0,0
1768603074.060167,-0.01248,0.04910,0.01843,0.00116,-0.00013,-0.00079,0.52097,0.00008,0.27992,-0.00009,0.70830,0.00008,0.70591,1,3,0.99953,0.01052,0.01483,-0.02472,0.06078,0.08382,0.63817,0,0
1768603074.062200,0.00148,0.05753,0.06225,0.00115,-0.00047,-0.00043,0.52097,0.00008,0.27992,-0.00009,0.70830,0.00008,0.70591,1,3,0.99953,0.01052,0.01483,-0.02472,0.06078,0.08382,0.63817,0,0
1768603074.064184,0.04100,0.07166,0.00522,0.00133,-0.00159,-0.00080,0.52101,0.00008,0.27992,-0.00009,0.70830,0.00008,0.70591,1,3,0.99953,0.01052,0.01483,-0.02472,0.06078,0.08382,0.63817,0,0
1768603074.066193,-0.00535,0.04479,0.04513,0.00184,-0.00067,-0.00050,0.52101,0.00008,0.27992,-0.00009,0.70830,0.00008,0.70591,1,3,0.99953,0.01052,0.01483,-0.02472,0.06078,0.08382,0.63817,0,0
1768603074.068187,-0.00492,0.05658,0.01759,0.00156,0.00030,0.00014,0.52105,0.00008,0.27992,-0.00009,0.70830,0.00008,0.70591,1,3,0.99953,0.01052,0.01483,-0.02472,0.06078,0.08382,0.63817,0,0
1768603074.070207,-0.04368,0.01790,0.05674,0.00116,0.00143,-0.00108,0.52105,0.00008,0.27992,-0.00009,0.70830,0.00008,0.70591,1,3,0.99954,0.01087,0.01436,-0.02450,0.06079,0.08380,0.63806,0,0
1768603074.072212,-0.02867,0.06931,0.04948,0.00125,0.00025,-0.00005,0.52109,0.00008,0.27992,-0.00009,0.70830,0.00008,0.70591,1,3,0.99954,0.01087,0.01436,-0.02450,0.06079,0.08380,0.63806,0,0
1768603074.074223,-0.01235,0.05938,0.02837,0.00170,-0.00197,-0.00206,0.52109,0.00008,0.27992,-0.00009,0.70830,0.00008,0.70591,1,3,0.99954,0.01087,0.01436,-0.02450,0.06079,0.08380,0.63806,0,0
1768603074.076199,0.07196,0.04739,-0.01386,0.00111,-0.00226,-0.00101,0.52113,0.00008,0.27992,-0.00009,0.70831,0.00008,0.70591,1,3,0.99954,0.01087,0.01436,-0.02450,0.06079,0.08380,0.63806,0,0
1768603074.078206,-0.03557,0.01162,0.03563,0.00131,-0.00101,0.00003,0.52113,0.00008,0.27992,-0.00009,0.70831,0.00008,0.70591,1,3,0.99954,0.01087,0.01436,-0.02450,0.06079,0.08380,0.63806,0,0
1768603074.080234,-0.01334,0.05671,0.04779,0.00115,0.00045,-0.00053,0.52117,0.00008,0.27992,-0.00009,0.70830,0.00008,0.70591,1,3,0.99954,0.01087,0.01436,-0.02450,0.06079,0.08380,0.63806,0,0
1768603074.082212,-0.02888,0.05634,0.06789,0.00140,0.00069,-0.00104,0.52117,0.00008,0.27992,-0.00009,0.70830,0.00008,0.70591,1,3,0.99954,0.01087,0.01436,-0.02450,0.06079,0.08380,0.63806,0,0
1768603074.084202,-0.02090,0.08995,0.04126,0.00164,0.00037,0.00035,0.52121,0.00008,0.27992,-0.00009,0.70831,0.00008,0.70591,1,3,0.99954,0.01087,0.01436,-0.02450,0.06079,0.08380,0.63806,0,0
1768603074.086226,0.01042,0.04407,0.01474,0.00186,-0.00017,0.00080,0.52126,0.00008,0.27992,-0.00009,0.70830,0.00008,0.70591,1,3,0.99954,0.01087,0.01436,-0.02450,0.06079,0.08380,0.63806,0,0
1768603074.088214,0.01063,0.04904,0.00338,0.00119,-0.00009,-0.00040,0.52126,0.00008,0.27992,-0.00009,0.70830,0.00008,0.70591,1,3,0.99954,0.01087,0.01436,-0.02450,0.06079,0.08380,0.63806,0,0
1768603074.090200,0.00948,0.03644,0.04996,0.00132,-0.00062,0.00009,0.52130,0.00008,0.27992,-0.00009,0.70830,0.00008,0.70591,1,3,0.99954,0.01087,0.01436,-0.02450,0.06079,0.08380,0.63806,0,0
1768603074.092206,0.00118,0.04913,0.07744,0.00116,-0.00050,-0.00072,0.52130,0.00008,0.27992,-0.00009,0.70830,0.00008,0.70591,1,3,0.99954,0.01087,0.01436,-0.02450,0.06079,0.08380,0.63806,0,0
1768603074.094254,0.00910,0.07005,0.06014,0.00101,-0.00005,-0.00108,0.52130,0.00008,0.27992,-0.00009,0.70830,0.00008,0.70591,1,3,0.99954,0.01087,0.01436,-0.02450,0.06079,0.08380,0.63806,0,0
1768603074.096393,-0.00397,0.05328,-0.02358,0.00091,0.00024,-0.00056,0.52134,0.00008,0.27992,-0.00009,0.70831,0.00008,0.70590,1,3,0.99954,0.01087,0.01436,-0.02450,0.06079,0.08380,0.63806,0,0
1768603074.098222,-0.00475,0.04450,0.00475,0.00131,-0.00029,0.00105,0.52138,0.00008,0.27992,-0.00009,0.70831,0.00008,0.70591,1,3,0.99954,0.01087,0.01436,-0.02450,0.06079,0.08380,0.63806,0,0
1768603074.100206,-0.01316,0.04327,0.03454,0.00129,0.00073,0.00117,0.52138,0.00008,0.27992,-0.00009,0.70831,0.00008,0.70591,1,3,0.99954,0.01087,0.01436,-0.02450,0.06079,0.08380,0.63806,0,0
1768603074.102215,-0.02237,0.04051,0.10200,0.00087,-0.00042,-0.00026,0.52142,0.00008,0.27992,-0.00009,0.70831,0.00008,0.70590,1,3,0.99954,0.01087,0.01436,-0.02450,0.06079,0.08380,0.63806,0,0
1768603074.104223,0.05617,0.02242,0.01746,0.00072,-0.00211,-0.00239,0.52142,0.00008,0.27992,-0.00009,0.70831,0.00008,0.70590,1,3,0.99954,0.01087,0.01436,-0.02450,0.06079,0.08380,0.63806,0,0
1768603074.106225,-0.00466,0.03991,0.00796,0.00145,0.00018,0.00034,0.52146,0.00008,0.27992,-0.00009,0.70831,0.00008,0.70590,1,3,0.99954,0.01087,0.01436,-0.02450,0.06079,0.08380,0.63806,0,0
1768603074.108212,-0.00480,0.07206,-0.00793,0.00101,0.00174,0.00148,0.52146,0.00008,0.27992,-0.00009,0.70831,0.00008,0.70590,1,3,0.99954,0.01087,0.01436,-0.02450,0.06079,0.08380,0.63806,0,0
1768603074.110234,0.00225,0.05706,0.02689,0.00130,-0.00024,0.00075,0.52146,0.00008,0.27992,-0.00009,0.70831,0.00008,0.70590,1,3,0.99954,0.01087,0.01436,-0.02450,0.06079,0.08380,0.63806,0,0
1768603074.112205,0.01054,0.02365,0.00873,0.00107,-0.00003,-0.00010,0.52150,0.00008,0.27992,-0.00009,0.70831,0.00008,0.70590,1,3,0.99954,0.01087,0.01436,-0.02450,0.06079,0.08380,0.63806,0,0
1768603074.114204,0.01737,0.02358,0.04324,0.00134,-0.00026,-0.00025,0.52150,0.00008,0.27992,-0.00009,0.70831,0.00008,0.70590,1,3,0.99954,0.01087,0.01436,-0.02450,0.06079,0.08380,0.63806,0,0
1768603074.116204,-0.02102,0.07773,0.04499,0.00098,0.00064,-0.00066,0.52154,0.00008,0.27991,-0.00009,0.70831,0.00008,0.70590,1,3,0.99954,0.01087,0.01436,-0.02450,0.06079,0.08380,0.63806,0,0
1768603074.118251,-0.02823,0.08698,0.02382,0.00111,-0.00049,0.00052,0.52154,0.00008,0.27991,-0.00009,0.70831,0.00008,0.70590,1,3,0.99951,0.01056,0.01474,-0.02569,0.06078,0.08377,0.63788,0,0
1768603074.120256,-0.05772,0.06136,-0.00001,0.00139,-0.00013,0.00022,0.52154,0.00008,0.27991,-0.00009,0.70831,0.00008,0.70590,1,3,0.99951,0.01056,0.01474,-0.02569,0.06078,0.08377,0.63788,0,0
1768603074.122280,-0.04287,0.05201,0.00543,0.00087,0.00103,0.00045,0.52158,0.00008,0.27991,-0.00009,0.70831,0.00008,0.70590,1,3,0.99951,0.01056,0.01474,-0.02569,0.06078,0.08377,0.63788,0,0
1768603074.124262,-0.00438,0.02405,-0.00078,0.00093,-0.00014,-0.00061,0.52158,0.00008,0.27991,-0.00009,0.70831,0.00008,0.70590,1,3,0.99951,0.01056,0.01474,-0.02569,0.06078,0.08377,0.63788,0,0
1768603074.126317,0.00242,0.05778,0.01769,0.00076,-0.00035,-0.00002,0.52162,0.00008,0.27991,-0.00009,0.70831,0.00008,0.70590,1,3,0.99951,0.01056,0.01474,-0.02569,0.06078,0.08377,0.63788,0,0
1768603074.128254,-0.01214,0.05383,0.00072,0.00103,-0.00056,-0.00046,0.52162,0.00008,0.27991,-0.00009,0.70831,0.00008,0.70590,1,3,0.99951,0.01056,0.01474,-0.02569,0.06078,0.08377,0.63788,0,0
1768603074.130299,-0.00544,0.02794,0.03444,0.00132,-0.00081,0.00123,0.52170,0.00008,0.27991,-0.00009,0.70832,0.00008,0.70589,1,3,0.99951,0.01056,0.01474,-0.02569,0.06078,0.08377,0.63788,0,0
1768603074.132244,0.00988,0.02797,0.02536,0.00079,-0.00026,0.00059,0.52170,0.00008,0.27991,-0.00009,0.70832,0.00008,0.70589,1,3,0.99951,0.01056,0.01474,-0.02569,0.06078,0.08377,0.63788,0,0
1768603074.134276,-0.00569,0.06158,0.04044,0.00075,0.00014,-0.00072,0.52174,0.00008,0.27991,-0.00009,0.70832,0.00008,0.70589,1,3,0.99951,0.01056,0.01474,-0.02569,0.06078,0.08377,0.63788,0,0
1768603074.136233,0.03420,0.06417,-0.01466,0.00187,-0.00271,-0.00094,0.52174,0.00008,0.27991,-0.00009,0.70832,0.00008,0.70589,1,3,0.99951,0.01056,0.01474,-0.02569,0.06078,0.08377,0.63788,0,0
1768603074.138250,-0.01179,0.05712,-0.01626,0.00090,0.00055,-0.00049,0.52178,0.00008,0.27991,-0.00009,0.70832,0.00008,0.70590,1,3,0.99951,0.01056,0.01474,-0.02569,0.06078,0.08377,0.63788,0,0
1768603074.140258,0.01847,0.04065,-0.00619,0.00107,0.00001,-0.00042,0.52178,0.00008,0.27991,-0.00009,0.70832,0.00008,0.70590,1,3,0.99951,0.01056,0.01474,-0.02569,0.06078,0.08377,0.63788,0,0
1768603074.142251,-0.02124,0.05730,0.05666,0.00127,-0.00053,0.00035,0.52182,0.00008,0.27991,-0.00009,0.70832,0.00008,0.70589,1,3,0.99951,0.01056,0.01474,-0.02569,0.06078,0.08377,0.63788,0,0
1768603074.144262,0.01726,0.08659,0.03957,0.00155,-0.00008,-0.00063,0.52182,0.00008,0.27991,-0.00009,0.70832,0.00008,0.70589,1,3,0.99951,0.01056,0.01474,-0.02569,0.06078,0.08377,0.63788,0,0
1768603074.146410,0.01097,0.03786,-0.00763,0.00053,-0.00066,-0.00179,0.52186,0.00008,0.27991,-0.00009,0.70832,0.00008,0.70589,1,3,0.99951,0.01056,0.01474,-0.02569,0.06078,0.08377,0.63788,0,0
1768603074.148247,0.01061,0.04505,0.00065,0.00106,-0.00034,0.00003,0.52186,0.00008,0.27991,-0.00009,0.70832,0.00008,0.70589,1,3,0.99951,0.01056,0.01474,-0.02569,0.06078,0.08377,0.63788,0,0
1768603074.150250,-0.00550,0.06167,0.03431,0.00128,-0.00059,0.00044,0.52190,0.00008,0.27991,-0.00009,0.70832,0.00008,0.70589,1,3,0.99951,0.01056,0.01474,-0.02569,0.06078,0.08377,0.63788,0,0
1768603074.152250,0.03221,0.04483,0.04476,0.00106,-0.00046,0.00037,0.52190,0.00008,0.27991,-0.00009,0.70832,0.00008,0.70589,1,3,0.99951,0.01056,0.01474,-0.02569,0.06078,0.08377,0.63788,0,0
1768603074.154262,-0.01355,0.06081,0.05515,0.00114,0.00054,-0.00059,0.52194,0.00008,0.27990,-0.00009,0.70832,0.00008,0.70589,1,3,0.99951,0.01056,0.01474,-0.02569,0.06078,0.08377,0.63788,0,0
1768603074.156253,-0.01258,0.03243,0.01876,0.00078,-0.00012,-0.00060,0.52194,0.00008,0.27990,-0.00009,0.70832,0.00008,0.70589,1,3,0.99951,0.01056,0.01474,-0.02569,0.06078,0.08377,0.63788,0,0
1768603074.158262,-0.01957,0.03096,-0.00117,0.00131,0.00095,-0.00005,0.52198,0.00008,0.27990,-0.00009,0.70832,0.00008,0.70589,1,3,0.99951,0.01056,0.01474,-0.02569,0.06078,0.08377,0.63788,0,0
1768603074.160300,-0.01220,0.03561,-0.00412,0.00078,0.00069,0.00052,0.52198,0.00008,0.27990,-0.00009,0.70832,0.00008,0.70589,1,3,0.99951,0.01056,0.01474,-0.02569,0.06078,0.08377,0.63788,0,0
1768603074.162250,-0.04326,0.05656,0.03241,0.00153,0.00026,0.00000,0.52198,0.00008,0.27990,-0.00009,0.70832,0.00008,0.70589,1,3,0.99951,0.01056,0.01474,-0.02569,0.06078,0.08377,0.63788,0,0
1768603074.164239,-0.01351,0.05459,0.05543,0.00075,-0.00121,-0.00128,0.52198,0.00008,0.27990,-0.00009,0.70832,0.00008,0.70589,1,3,0.99951,0.01056,0.01474,-0.02569,0.06078,0.08377,0.63788,0,0
1768603074.166283,0.02487,0.04043,0.04282,0.00133,-0.00027,-0.00020,0.52202,0.00008,0.27990,-0.00009,0.70832,0.00008,0.70589,1,3,0.99956,0.01062,0.01390,-0.02395,0.06080,0.08382,0.63827,0,0
1768603074.168271,-0.01171,0.03929,-0.01655,0.00131,0.00098,0.00050,0.52202,0.00008,0.27990,-0.00009,0.70832,0.00008,0.70589,1,3,0.99956,0.01062,0.01390,-0.02395,0.06080,0.08382,0.63827,0,0
1768603074.170373,0.00208,0.07431,0.03185,0.00114,-0.00040,0.00016,0.52210,0.00008,0.27990,-0.00009,0.70833,0.00008,0.70589,1,3,0.99956,0.01062,0.01390,-0.02395,0.06080,0.08382,0.63827,0,0
1768603074.172302,0.01721,0.07816,0.03422,0.00129,-0.00015,0.00024,0.52210,0.00008,0.27990,-0.00009,0.70833,0.00008,0.70589,1,3,0.99956,0.01062,0.01390,-0.02395,0.06080,0.08382,0.63827,0,0
1768603074.174305,0.00912,0.03643,0.05992,0.00105,-0.00050,0.00008,0.52210,0.00008,0.27990,-0.00009,0.70833,0.00008,0.70589,1,3,0.99956,0.01062,0.01390,-0.02395,0.06080,0.08382,0.63827,0,0
1768603074.176289,-0.00596,0.06581,0.06221,0.00154,-0.00047,-0.00077,0.52210,0.00008,0.27990,-0.00009,0.70833,0.00008,0.70589,1,3,0.99956,0.01062,0.01390,-0.02395,0.06080,0.08382,0.63827,0,0
1768603074.178284,-0.00506,0.04420,0.02507,0.00157,-0.00004,0.00028,0.52214,0.00008,0.27990,-0.00009,0.70833,0.00008,0.70589,1,3,0.99956,0.01062,0.01390,-0.02395,0.06080,0.08382,0.63827,0,0
1768603074.180300,0.01051,0.06644,-0.00245,0.00090,-0.00060,0.00015,0.52218,0.00008,0.27990,-0.00009,0.70833,0.00008,0.70588,1,3,0.99956,0.01062,0.01390,-0.02395,0.06080,0.08382,0.63827,0,0
1768603074.182285,-0.03609,0.03417,0.03498,0.00088,0.00160,0.00127,0.52218,0.00008,0.27990,-0.00009,0.70833,0.00008,0.70588,1,3,0.99956,0.01062,0.01390,-0.02395,0.06080,0.08382,0.63827,0,0
1768603074.184283,0.00255,0.06145,0.01522,0.00103,0.00006,-0.00006,0.52222,0.00008,0.27990,-0.00009,0.70833,0.00008,0.70588,1,3,0.99956,0.01062,0.01390,-0.02395,0.06080,0.08382,0.63827,0,0
1768603074.186457,-0.02148,0.07050,0.06853,0.00152,-0.00126,0.00018,0.52222,0.00008,0.27990,-0.00009,0.70833,0.00008,0.70588,1,3,0.99956,0.01062,0.01390,-0.02395,0.06080,0.08382,0.63827,0,0
1768603074.188288,0.02563,0.03615,0.01574,0.00148,-0.00016,-0.00013,0.52226,0.00008,0.27990,-0.00009,0.70833,0.00008,0.70588,1,3,0.99956,0.01062,0.01390,-0.02395,0.06080,0.08382,0.63827,0,0
1768603074.190311,-0.00555,0.04071,0.04852,0.00117,-0.00020,-0.00123,0.52226,0.00008,0.27990,-0.00009,0.70833,0.00008,0.70588,1,3,0.99956,0.01062,0.01390,-0.02395,0.06080,0.08382,0.63827,0,0
1768603074.192317,0.03406,0.04846,-0.02661,0.00121,0.00042,0.00039,0.52230,0.00008,0.27990,-0.00009,0.70833,0.00008,0.70588,1,3,0.99956,0.01062,0.01390,-0.02395,0.06080,0.08382,0.63827,0,0
1768603074.194294,0.04849,0.05837,0.00233,0.00121,-0.00119,0.00037,0.52230,0.00008,0.27990,-0.00009,0.70833,0.00008,0.70588,1,3,0.99956,0.01062,0.01390,-0.02395,0.06080,0.08382,0.63827,0,0
1768603074.196306,-0.01291,0.09101,0.01121,0.00085,-0.00021,0.00099,0.52234,0.00008,0.27990,-0.00009,0.70833,0.00008,0.70588,1,3,0.99956,0.01062,0.01390,-0.02395,0.06080,0.08382,0.63827,0,0
1768603074.198294,-0.03598,0.05398,0.04930,0.00167,-0.00150,-0.00011,0.52234,0.00008,0.27990,-0.00009,0.70833,0.00008,0.70588,1,3,0.99956,0.01062,0.01390,-0.02395,0.06080,0.08382,0.63827,0,0
1768603074.200295,-0.00573,0.05760,0.05246,0.00142,-0.00059,-0.00067,0.52238,0.00008,0.27990,-0.00009,0.70833,0.00008,0.70588,1,3,0.99956,0.01062,0.01390,-0.02395,0.06080,0.08382,0.63827,0,0
1768603074.202302,-0.02799,0.04462,0.03615,0.00129,0.00009,-0.00126,0.52238,0.00008,0.27990,-0.00009,0.70833,0.00008,0.70588,1,3,0.99956,0.01062,0.01390,-0.02395,0.06080,0.08382,0.63827,0,0
1768603074.204300,-0.03588,0.08075,0.02305,0.00057,0.00212,-0.00043,0.52238,0.00008,0.27990,-0.00009,0.70833,0.00008,0.70588,1,3,0.99956,0.01062,0.01390,-0.02395,0.06080,0.08382,0.63827,0,0
1768603074.206303,0.06387,0.02948,0.00551,0.00138,-0.00181,0.00008,0.52242,0.00008,0.27990,-0.00009,0.70833,0.00008,0.70588,1,3,0.99956,0.01062,0.01390,-0.02395,0.06080,0.08382,0.63827,0,0
1768603074.208304,-0.00600,0.07037,0.05821,0.00181,-0.00139,0.00070,0.52242,0.00008,0.27990,-0.00009,0.70833,0.00008,0.70588,1,3,0.99956,0.01062,0.01390,-0.02395,0.06080,0.08382,0.63827,0,0
1768603074.210321,0.01739,0.03009,0.04975,0.00174,-0.00281,-0.00033,0.52246,0.00008,0.27990,-0.00009,0.70833,0.00008,0.70588,1,3,0.99956,0.01062,0.01390,-0.02395,0.06080,0.08382,0.63827,0,0
1768603074.212306,0.00199,0.07907,0.03966,0.00114,-0.00074,-0.00067,0.52246,0.00008,0.27990,-0.00009,0.70833,0.00008,0.70588,1,3,0.99956,0.01062,0.01390,-0.02395,0.06080,0.08382,0.63827,0,0
1768603074.214338,-0.00408,0.05698,-0.00551,0.00144,0.00068,-0.00175,0.52250,0.00008,0.27990,-0.00009,0.70833,0.00008,0.70588,1,3,0.99954,0.01059,0.01410,-0.02451,0.06080,0.08383,0.63831,0,0
1768603074.216333,-0.00487,0.04465,0.01996,0.00171,-0.00054,0.00028,0.52250,0.00008,0.27990,-0.00009,0.70833,0.00008,0.70588,1,3,0.99954,0.01059,0.01410,-0.02451,0.06080,0.08383,0.63831,0,0
1768603074.218327,0.01766,0.03098,0.02239,0.00147,0.00036,0.00120,0.52254,0.00008,0.27990,-0.00009,0.70833,0.00008,0.70588,1,3,0.99954,0.01059,0.01410,-0.02451,0.06080,0.08383,0.63831,0,0
1768603074.220331,0.01000,0.03933,0.03355,0.00173,-0.00387,0.00084,0.52254,0.00008,0.27990,-0.00009,0.70833,0.00008,0.70588,1,3,0.99954,0.01059,0.01410,-0.02451,0.06080,0.08383,0.63831,0,0
1768603074.222372,0.00215,0.03266,0.03789,0.00105,-0.00077,-0.00011,0.52258,0.00008,0.27990,-0.00009,0.70833,0.00008,0.70588,1,3,0.99954,0.01059,0.01410,-0.02451,0.06080,0.08383,0.63831,0,0
1768603074.224400,0.00199,0.04599,0.04523,0.00104,-0.00133,-0.00065,0.52262,0.00008,0.27990,-0.00009,0.70833,0.00008,0.70588,1,3,0.99954,0.01059,0.01410,-0.02451,0.06080,0.08383,0.63831,0,0
1768603074.226393,-0.02719,0.04796,-0.00124,0.00129,0.00095,-0.00051,0.52262,0.00008,0.27990,-0.00009,0.70833,0.00008,0.70588,1,3,0.99954,0.01059,0.01410,-0.02451,0.06080,0.08383,0.63831,0,0
1768603074.228342,-0.00516,0.06879,0.02381,0.00195,0.00016,0.00113,0.52266,0.00008,0.27990,-0.00009,0.70833,0.00008,0.70588,1,3,0.99954,0.01059,0.01410,-0.02451,0.06080,0.08383,0.63831,0,0
1768603074.230314,-0.02065,0.05729,0.04092,0.00208,-0.00116,0.00113,0.52266,0.00008,0.27990,-0.00009,0.70833,0.00008,0.70588,1,3,0.99954,0.01059,0.01410,-0.02451,0.06080,0.08383,0.63831,0,0
1768603074.232322,0.06440,0.04310,-0.01117,0.00125,-0.00223,-0.00121,0.52270,0.00008,0.27990,-0.00009,0.70833,0.00008,0.70588,1,3,0.99954,0.01059,0.01410,-0.02451,0.06080,0.08383,0.63831,0,0
1768603074.234361,0.02610,0.02846,-0.00876,0.00095,-0.00046,-0.00002,0.52270,0.00008,0.27990,-0.00009,0.70833,0.00008,0.70588,1,3,0.99954,0.01059,0.01410,-0.02451,0.06080,0.08383,0.63831,0,0
1768603074.236439,-0.01144,0.04877,-0.02019,0.00104,0.00072,-0.00152,0.52274,0.00008,0.27990,-0.00009,0.70833,0.00008,0.70588,1,3,0.99954,0.01059,0.01410,-0.02451,0.06080,0.08383,0.63831,0,0
1768603074.238364,0.01099,0.05893,-0.01594,0.00051,-0.00076,-0.00128,0.52274,0.00008,0.27990,-0.00009,0.70833,0.00008,0.70588,1,3,0.99954,0.01059,0.01410,-0.02451,0.06080,0.08383,0.63831,0,0
1768603074.240335,-0.01984,0.03990,-0.00190,0.00090,0.00050,0.00060,0.52278,0.00008,0.27989,-0.00009,0.70833,0.00008,0.70588,1,3,0.99954,0.01059,0.01410,-0.02451,0.06080,0.08383,0.63831,0,0
1768603074.242349,0.00319,0.03022,-0.00432,0.00080,-0.00215,-0.00005,0.52278,0.00008,0.27989,-0.00009,0.70833,0.00008,0.70588,1,3,0.99954,0.01059,0.01410,-0.02451,0.06080,0.08383,0.63831,0,0
1768603074.244415,-0.01206,0.03618,0.01144,0.00158,0.00001,-0.00101,0.52278,0.00008,0.27989,-0.00009,0.70833,0.00008,0.70588,1,3,0.99954,0.01059,0.01410,-0.02451,0.06080,0.08383,0.63831,0,0
1768603074.246351,0.01828,0.07243,0.00528,0.00131,-0.00225,-0.00119,0.52282,0.00008,0.27989,-0.00009,0.70833,0.00008,0.70588,1,3,0.99954,0.01059,0.01410,-0.02451,0.06080,0.08383,0.63831,0,0
1768603074.248348,0.04222,0.03071,-0.03215,0.00085,-0.00183,-0.00219,0.52282,0.00008,0.27989,-0.00009,0.70833,0.00008,0.70588,1,3,0.99954,0.01059,0.01410,-0.02451,0.06080,0.08383,0.63831,0,0
1768603074.250352,0.01741,0.03636,0.02506,0.00079,-0.00027,0.00074,0.52286,0.00008,0.27990,-0.00009,0.70833,0.00008,0.70588,1,3,0.99954,0.01059,0.01410,-0.02451,0.06080,0.08383,0.63831,0,0
1768603074.252343,0.04806,0.07431,0.02116,0.00185,-0.00096,0.00094,0.52286,0.00008,0.27990,-0.00009,0.70833,0.00008,0.70588,1,3,0.99954,0.01059,0.01410,-0.02451,0.06080,0.08383,0.63831,0,0
1768603074.254374,0.00243,0.05271,0.02441,0.00157,-0.00027,0.00081,0.52291,0.00008,0.27990,-0.00009,0.70833,0.00008,0.70588,1,3,0.99959,0.01067,0.01309,-0.02307,0.06079,0.08383,0.63828,0,0
1768603074.256341,0.01008,0.03295,0.02876,0.00093,-0.00066,-0.00099,0.52291,0.00008,0.27990,-0.00009,0.70833,0.00008,0.70588,1,3,0.99959,0.01067,0.01309,-0.02307,0.06079,0.08383,0.63828,0,0
1768603074.258335,-0.02082,0.04865,0.04831,0.00115,0.00024,-0.00107,0.52295,0.00008,0.27990,-0.00009,0.70833,0.00008,0.70588,1,3,0.99959,0.01067,0.01309,-0.02307,0.06079,0.08383,0.63828,0,0
1768603074.260392,0.02449,0.07369,0.05198,0.00143,0.00007,-0.00023,0.52295,0.00008,0.27990,-0.00009,0.70833,0.00008,0.70588,1,3,0.99959,0.01067,0.01309,-0.02307,0.06079,0.08383,0.63828,0,0
1768603074.262379,0.02400,0.05964,0.08672,0.00171,-0.00279,-0.00122,0.52299,0.00008,0.27990,-0.00009,0.70833,0.00008,0.70588,1,3,0.99959,0.01067,0.01309,-0.02307,0.06079,0.08383,0.63828,0,0
1768603074.264354,0.00173,0.09147,0.05065,0.00179,-0.00126,0.00033,0.52303,0.00008,0.27990,-0.00009,0.70832,0.00008,0.70589,1,3,0.99959,0.01067,0.01309,-0.02307,0.06079,0.08383,0.63828,0,0
1768603074.266376,-0.00577,0.05772,0.05211,0.00142,-0.00081,-0.00029,0.52303,0.00008,0.27990,-0.00009,0.70832,0.00008,0.70589,1,3,0.99959,0.01067,0.01309,-0.02307,0.06079,0.08383,0.63828,0,0
1768603074.268538,0.04080,0.04740,0.01666,0.00068,-0.00189,-0.00205,0.52307,0.00008,0.27990,-0.00009,0.70833,0.00008,0.70588,1,3,0.99959,0.01067,0.01309,-0.02307,0.06079,0.08383,0.63828,0,0
1768603074.270379,0.01033,0.00649,0.01964,0.00082,0.00054,-0.00067,0.52307,0.00008,0.27990,-0.00009,0.70833,0.00008,0.70588,1,3,0.99959,0.01067,0.01309,-0.02307,0.06079,0.08383,0.63828,0,0
1768603074.272386,-0.01329,0.05233,0.04950,0.00169,0.00003,0.00029,0.52311,0.00008,0.27990,-0.00009,0.70833,0.00008,0.70588,1,3,0.99959,0.01067,0.01309,-0.02307,0.06079,0.08383,0.63828,0,0
1768603074.274359,-0.00486,0.06028,0.00965,0.00156,0.00064,0.00086,0.52311,0.00008,0.27990,-0.00009,0.70833,0.00008,0.70588,1,3,0.99959,0.01067,0.01309,-0.02307,0.06079,0.08383,0.63828,0,0
1768603074.276359,-0.04371,0.03054,0.04309,0.00088,0.00126,0.00029,0.52315,0.00008,0.27990,-0.00009,0.70833,0.00008,0.70589,1,3,0.99959,0.01067,0.01309,-0.02307,0.06079,0.08383,0.63828,0,0
1768603074.278350,-0.04381,0.06110,0.04962,0.00125,0.00004,-0.00007,0.52315,0.00008,0.27990,-0.00009,0.70833,0.00008,0.70589,1,3,0.99959,0.01067,0.01309,-0.02307,0.06079,0.08383,0.63828,0,0
1768603074.280350,-0.01298,0.02737,0.03625,0.00091,0.00053,-0.00055,0.52315,0.00008,0.27990,-0.00009,0.70833,0.00008,0.70589,1,3,0.99959,0.01067,0.01309,-0.02307,0.06079,0.08383,0.63828,0,0
1768603074.282356,-0.03522,0.06170,0.01021,0.00113,-0.00022,-0.00018,0.52319,0.00008,0.27990,-0.00009,0.70833,0.00008,0.70588,1,3,0.99959,0.01067,0.01309,-0.02307,0.06079,0.08383,0.63828,0,0
1768603074.284348,-0.01236,0.06585,0.00218,0.00115,-0.00032,0.00054,0.52319,0.00008,0.27990,-0.00009,0.70833,0.00008,0.70588,1,3,0.99959,0.01067,0.01309,-0.02307,0.06079,0.08383,0.63828,0,0
1768603074.286373,-0.00524,0.08064,0.01633,0.00153,0.00116,0.00137,0.52323,0.00008,0.27990,-0.00009,0.70833,0.00008,0.70588,1,3,0.99959,0.01067,0.01309,-0.02307,0.06079,0.08383,0.63828,0,0
1768603074.288365,0.02499,0.05736,0.03759,0.00145,-0.00033,-0.00040,0.52323,0.00008,0.27990,-0.00009,0.70833,0.00008,0.70588,1,3,0.99957,0.01056,0.01284,-0.02432,0.06083,0.08384,0.63842,0,0
1768603074.290372,-0.03600,0.02186,0.04885,0.00116,0.00155,-0.00049,0.52327,0.00008,0.27990,-0.00009,0.70833,0.00008,0.70588,1,3,0.99957,0.01056,0.01284,-0.02432,0.06083,0.08384,0.63842,0,0
1768603074.292366,-0.00545,0.04493,0.04557,0.00144,-0.00045,-0.00089,0.52327,0.00008,0.27990,-0.00009,0.70833,0.00008,0.70588,1,3,0.99957,0.01056,0.01284,-0.02432,0.06083,0.08384,0.63842,0,0
1768603074.294386,0.02608,0.04627,-0.00926,0.00094,-0.00134,-0.00024,0.52331,0.00008,0.27990,-0.00009,0.70833,0.00008,0.70588,1,3,0.99957,0.01056,0.01284,-0.02432,0.06083,0.08384,0.63842,0,0
1768603074.296389,-0.02035,0.08186,0.02119,0.00179,-0.00009,0.00085,0.52335,0.00008,0.27989,-0.00009,0.70833,0.00008,0.70588,1,3,0.99957,0.01056,0.01284,-0.02432,0.06083,0.08384,0.63842,0,0
1768603074.298402,-0.01271,0.03694,0.02521,0.00117,-0.00092,0.00011,0.52335,0.00008,0.27989,-0.00009,0.70833,0.00008,0.70588,1,3,0.99957,0.01056,0.01284,-0.02432,0.06083,0.08384,0.63842,0,0
1768603074.300390,-0.02022,0.04301,0.02581,0.00156,0.00128,-0.00021,0.52339,0.00008,0.27990,-0.00009,0.70833,0.00008,0.70588,1,3,0.99957,0.01056,0.01284,-0.02432,0.06083,0.08384,0.63842,0,0
1768603074.302463,-0.03565,0.00560,0.04455,0.00132,0.00106,-0.00105,0.52339,0.00008,0.27990,-0.00009,0.70833,0.00008,0.70588,1,3,0.99957,0.01056,0.01284,-0.02432,0.06083,0.08384,0.63842,0,0
1768603074.304386,-0.01290,0.05358,0.04030,0.00156,-0.00073,-0.00086,0.52343,0.00008,0.27990,-0.00009,0.70833,0.00008,0.70588,1,3,0.99957,0.01056,0.01284,-0.02432,0.06083,0.08384,0.63842,0,0
1768603074.306384,-0.04375,0.04790,0.04272,0.00086,0.00082,0.00009,0.52343,0.00008,0.27990,-0.00009,0.70833,0.00008,0.70588,1,3,0.99957,0.01056,0.01284,-0.02432,0.06083,0.08384,0.63842,0,0
1768603074.308377,0.06366,0.05555,0.00511,0.00095,-0.00225,-0.00024,0.52347,0.00008,0.27990,-0.00009,0.70833,0.00008,0.70588,1,3,0.99957,0.01056,0.01284,-0.02432,0.06083,0.08384,0.63842,0,0
1768603074.310396,-0.02861,0.06465,0.04758,0.00112,0.00089,-0.00037,0.52347,0.00008,0.27990,-0.00009,0.70833,0.00008,0.70588,1,3,0.99957,0.01056,0.01284,-0.02432,0.06083,0.08384,0.63842,0,0
1768603074.312376,0.00191,0.06140,0.04061,0.00075,0.00036,-0.00084,0.52347,0.00008,0.27990,-0.00009,0.70833,0.00008,0.70588,1,3,0.99957,0.01056,0.01284,-0.02432,0.06083,0.08384,0.63842,0,0
1768603074.314388,-0.03669,0.05199,0.07895,0.00206,-0.00005,0.00028,0.52351,0.00008,0.27990,-0.00009,0.70833,0.00008,0.70588,1,3,0.99957,0.01056,0.01284,-0.02432,0.06083,0.08384,0.63842,0,0
1768603074.316378,-0.02785,0.05291,0.02002,0.00128,-0.00011,0.00018,0.52351,0.00008,0.27990,-0.00009,0.70833,0.00008,0.70588,1,3,0.99957,0.01056,0.01284,-0.02432,0.06083,0.08384,0.63842,0,0
1768603074.318386,-0.01289,0.04984,0.03267,0.00116,-0.00105,-0.00043,0.52355,0.00008,0.27990,-0.00009,0.70833,0.00008,0.70588,1,3,0.99954,0.01082,0.01399,-0.02469,0.06078,0.08379,0.63799,0,0
1768603074.320430,-0.04958,0.04340,-0.02825,0.00061,0.00171,-0.00006,0.52355,0.00008,0.27990,-0.00009,0.70833,0.00008,0.70588,1,3,0.99954,0.01082,0.01399,-0.02469,0.06078,0.08379,0.63799,0,0
1768603074.322423,0.00291,0.06146,0.00525,0.00130,-0.00006,-0.00004,0.52359,0.00008,0.27990,-0.00009,0.70833,0.00008,0.70588,1,3,0.99954,0.01082,0.01399,-0.02469,0.06078,0.08379,0.63799,0,0
1768603074.324498,-0.01935,0.02667,-0.01330,0.00105,0.00124,0.00001,0.52359,0.00008,0.27990,-0.00009,0.70833,0.00008,0.70588,1,3,0.99954,0.01082,0.01399,-0.02469,0.06078,0.08379,0.63799,0,0
1768603074.326416,-0.02051,0.04522,0.03514,0.00129,-0.00080,-0.00025,0.52359,0.00008,0.27990,-0.00009,0.70833,0.00008,0.70588,1,3,0.99954,0.01082,0.01399,-0.02469,0.06078,0.08379,0.63799,0,0
1768603074.328406,-0.02695,0.04910,-0.01136,0.00116,-0.00005,-0.00052,0.52367,0.00008,0.27990,-0.00009,0.70833,0.00008,0.70588,1,3,0.99954,0.01082,0.01399,-0.02469,0.06078,0.08379,0.63799,0,0
1768603074.330409,-0.00582,0.04929,0.04677,0.00116,-0.00087,0.00058,0.52367,0.00008,0.27990,-0.00009,0.70833,0.00008,0.70588,1,3,0.99954,0.01082,0.01399,-0.02469,0.06078,0.08379,0.63799,0,0
1768603074.332420,0.00278,0.06988,0.01558,0.00143,0.00006,-0.00091,0.52372,0.00008,0.27990,-0.00009,0.70833,0.00008,0.70588,1,3,0.99954,0.01082,0.01399,-0.02469,0.06078,0.08379,0.63799,0,0
1768603074.334452,0.00267,0.02616,0.01644,0.00106,0.00160,-0.00001,0.52372,0.00008,0.27990,-0.00009,0.70833,0.00008,0.70588,1,3,0.99954,0.01082,0.01399,-0.02469,0.06078,0.08379,0.63799,0,0
1768603074.336401,-0.01894,0.03075,-0.01542,0.00172,0.00121,-0.00079,0.52376,0.00008,0.27990,-0.00009,0.70833,0.00008,0.70588,1,3,0.99954,0.01082,0.01399,-0.02469,0.06078,0.08379,0.63799,0,0
1768603074.338410,0.00319,0.04344,-0.00479,0.00159,0.00069,0.00095,0.52376,0.00008,0.27990,-0.00009,0.70833,0.00008,0.70588,1,3,0.99954,0.01082,0.01399,-0.02469,0.06078,0.08379,0.63799,0,0
1768603074.340423,0.00194,0.07047,0.04432,0.00142,-0.00090,-0.00018,0.52380,0.00008,0.27990,-0.00009,0.70833,0.00008,0.70589,1,3,0.99954,0.01082,0.01399,-0.02469,0.06078,0.08379,0.63799,0,0
1768603074.342403,0.00975,0.05765,0.03214,0.00117,-0.00061,0.00023,0.52380,0.00008,0.27990,-0.00009,0.70833,0.00008,0.70589,1,3,0.99954,0.01082,0.01399,-0.02469,0.06078,0.08379,0.63799,0,0
1768603074.344402,-0.01290,0.05811,0.02779,0.00088,-0.00067,-0.00053,0.52380,0.00008,0.27990,-0.00009,0.70833,0.00008,0.70589,1,3,0.99954,0.01082,0.01399,-0.02469,0.06078,0.08379,0.63799,0,0
1768603074.346398,-0.02031,0.03070,0.02364,0.00104,0.00125,-0.00007,0.52384,0.00008,0.27990,-0.00009,0.70833,0.00008,0.70589,1,3,0.99954,0.01082,0.01399,-0.02469,0.06078,0.08379,0.63799,0,0
1768603074.348447,-0.01229,0.04856,0.00767,0.00143,-0.00004,0.00037,0.52384,0.00008,0.27990,-0.00009,0.70833,0.00008,0.70589,1,3,0.99958,0.01073,0.01359,-0.02316,0.06080,0.08383,0.63828,0,0
1768603074.350413,0.00229,0.05305,0.04438,0.00224,-0.00090,0.00004,0.52388,0.00008,0.27991,-0.00009,0.70832,0.00008,0.70589,1,3,0.99958,0.01073,0.01359,-0.02316,0.06080,0.08383,0.63828,0,0
1768603074.352425,-0.00566,0.07258,0.03673,0.00140,0.00097,0.00069,0.52388,0.00008,0.27991,-0.00009,0.70832,0.00008,0.70589,1,3,0.99958,0.01073,0.01359,-0.02316,0.06080,0.08383,0.63828,0,0
1768603074.354442,0.03297,0.05879,0.02332,0.00106,-0.00116,-0.00130,0.52392,0.00008,0.27991,-0.00009,0.70832,0.00008,0.70589,1,3,0.99958,0.01073,0.01359,-0.02316,0.06080,0.08383,0.63828,0,0
1768603074.356439,0.05591,0.05518,0.01040,0.00081,-0.00175,-0.00049,0.52392,0.00008,0.27991,-0.00009,0.70832,0.00008,0.70589,1,3,0.99958,0.01073,0.01359,-0.02316,0.06080,0.08383,0.63828,0,0
1768603074.358424,0.05677,0.02559,-0.01120,0.00125,-0.00180,-0.00049,0.52396,0.00008,0.27991,-0.00009,0.70832,0.00008,0.70589,1,3,0.99958,0.01073,0.01359,-0.02316,0.06080,0.08383,0.63828,0,0
1768603074.360419,-0.02764,0.03946,0.01303,0.00129,0.00068,0.00034,0.52400,0.00008,0.27991,-0.00009,0.70832,0.00008,0.70589,1,3,0.99958,0.01073,0.01359,-0.02316,0.06080,0.08383,0.63828,0,0
1768603074.362422,0.00987,0.03171,0.03298,0.00119,0.00005,0.00016,0.52400,0.00008,0.27991,-0.00009,0.70832,0.00008,0.70589,1,3,0.99958,0.01073,0.01359,-0.02316,0.06080,0.08383,0.63828,0,0
1768603074.364517,-0.02010,0.06174,0.02087,0.00128,-0.00009,-0.00120,0.52404,0.00008,0.27991,-0.00009,0.70832,0.00008,0.70589,1,3,0.99958,0.01073,0.01359,-0.02316,0.06080,0.08383,0.63828,0,0
1768603074.366419,-0.01325,0.08354,0.04171,0.00126,-0.00115,-0.00047,0.52404,0.00008,0.27991,-0.00009,0.70832,0.00008,0.70589,1,3,0.99958,0.01073,0.01359,-0.02316,0.06080,0.08383,0.63828,0,0
1768603074.368415,-0.00468,0.05125,0.01263,0.00131,-0.00238,-0.00056,0.52408,0.00008,0.27991,-0.00009,0.70832,0.00008,0.70589,1,3,0.99958,0.01073,0.01359,-0.02316,0.06080,0.08383,0.63828,0,0
1768603074.370442,-0.02074,0.04434,0.03411,0.00129,-0.00037,0.00128,0.52408,0.00008,0.27991,-0.00009,0.70832,0.00008,0.70589,1,3,0.99958,0.01073,0.01359,-0.02316,0.06080,0.08383,0.63828,0,0
1768603074.372442,-0.00512,-0.00291,0.03329,0.00162,0.00049,0.00084,0.52412,0.00008,0.27991,-0.00009,0.70832,0.00008,0.70589,1,3,0.99958,0.01073,0.01359,-0.02316,0.06080,0.08383,0.63828,0,0
1768603074.374433,-0.02838,0.05254,0.05497,0.00194,-0.00012,-0.00060,0.52412,0.00008,0.27991,-0.00009,0.70832,0.00008,0.70589,1,3,0.99958,0.01073,0.01359,-0.02316,0.06080,0.08383,0.63828,0,0
1768603074.376440,0.01077,0.06177,-0.00308,0.00077,0.00049,-0.00170,0.52412,0.00008,0.27991,-0.00009,0.70832,0.00008,0.70589,1,3,0.99958,0.01073,0.01359,-0.02316,0.06080,0.08383,0.63828,0,0
1768603074.378440,0.00226,0.07404,0.02325,0.00061,0.00059,-0.00098,0.52416,0.00008,0.27990,-0.00009,0.70833,0.00008,0.70588,1,3,0.99958,0.01073,0.01359,-0.02316,0.06080,0.08383,0.63828,0,0
1768603074.380437,-0.00404,0.03197,-0.01664,0.00133,-0.00011,0.00046,0.52416,0.00008,0.27990,-0.00009,0.70833,0.00008,0.70588,1,3,0.99958,0.01073,0.01359,-0.02316,0.06080,0.08383,0.63828,0,0
1768603074.382438,-0.02914,0.01939,0.06909,0.00116,-0.00083,0.00130,0.52420,0.00008,0.27990,-0.00009,0.70833,0.00008,0.70588,1,3,0.99958,0.01073,0.01359,-0.02316,0.06080,0.08383,0.63828,0,0
1768603074.384439,-0.02873,0.05118,0.04350,0.00140,0.00083,0.00208,0.52420,0.00008,0.27990,-0.00009,0.70833,0.00008,0.70588,1,3,0.99958,0.01073,0.01359,-0.02316,0.06080,0.08383,0.63828,0,0
1768603074.386444,-0.02094,0.07104,0.04461,0.00099,-0.00112,-0.00057,0.52420,0.00008,0.27990,-0.00009,0.70833,0.00008,0.70588,1,3,0.99958,0.01073,0.01359,-0.02316,0.06080,0.08383,0.63828,0,0
1768603074.388444,0.01816,0.05743,0.00308,0.00118,-0.00009,-0.00025,0.52424,0.00008,0.27990,-0.00009,0.70833,0.00008,0.70588,1,3,0.99958,0.01073,0.01359,-0.02316,0.06080,0.08383,0.63828,0,0
1768603074.390435,-0.03564,0.06491,0.02281,0.00099,0.00080,-0.00023,0.52428,0.00008,0.27990,-0.00009,0.70833,0.00008,0.70589,1,3,0.99958,0.01073,0.01359,-0.02316,0.06080,0.08383,0.63828,0,0
1768603074.392437,-0.04314,0.05160,0.00508,0.00046,0.00146,0.00121,0.52428,0.00008,0.27990,-0.00009,0.70833,0.00008,0.70589,1,3,0.99955,0.01072,0.01391,-0.02440,0.06079,0.08382,0.63821,0,0
1768603074.394475,-0.05871,0.01673,0.03998,0.00155,0.00166,0.00149,0.52432,0.00008,0.27990,-0.00009,0.70833,0.00008,0.70588,1,3,0.99955,0.01072,0.01391,-0.02440,0.06079,0.08382,0.63821,0,0
1768603074.396491,-0.00487,0.04082,0.01348,0.00091,-0.00019,-0.00044,0.52432,0.00008,0.27990,-0.00009,0.70833,0.00008,0.70588,1,3,0.99955,0.01072,0.01391,-0.02440,0.06079,0.08382,0.63821,0,0
1768603074.398481,-0.02840,0.04083,0.06290,0.00196,-0.00090,-0.00122,0.52436,0.00008,0.27990,-0.00009,0.70833,0.00008,0.70588,1,3,0.99955,0.01072,0.01391,-0.02440,0.06079,0.08382,0.63821,0,0
1768603074.400471,-0.00483,0.04382,0.01682,0.00104,0.00117,-0.00124,0.52440,0.00008,0.27990,-0.00009,0.70833,0.00008,0.70589,1,3,0.99955,0.01072,0.01391,-0.02440,0.06079,0.08382,0.63821,0,0
1768603074.402473,-0.05104,0.02676,0.03102,0.00061,0.00112,0.00009,0.52440,0.00008,0.27990,-0.00009,0.70833,0.00008,0.70589,1,3,0.99955,0.01072,0.01391,-0.02440,0.06079,0.08382,0.63821,0,0
1768603074.404469,0.01841,0.03822,0.01101,0.00161,-0.00196,-0.00116,0.52444,0.00008,0.27990,-0.00009,0.70833,0.00008,0.70588,1,3,0.99955,0.01072,0.01391,-0.02440,0.06079,0.08382,0.63821,0,0
1768603074.406812,-0.02105,0.02778,0.06010,0.00143,-0.00050,-0.00006,0.52444,0.00008,0.27990,-0.00009,0.70833,0.00008,0.70588,1,3,0.99955,0.01072,0.01391,-0.02440,0.06079,0.08382,0.63821,0,0
1768603074.408502,0.00982,0.06170,0.02522,0.00076,-0.00004,-0.00020,0.52448,0.00008,0.27990,-0.00009,0.70833,0.00008,0.70588,1,3,0.99955,0.01072,0.01391,-0.02440,0.06079,0.08382,0.63821,0,0
1768603074.410474,0.01052,0.07498,0.00254,0.00116,-0.00075,-0.00033,0.52448,0.00008,0.27990,-0.00009,0.70833,0.00008,0.70588,1,3,0.99955,0.01072,0.01391,-0.02440,0.06079,0.08382,0.63821,0,0
1768603074.412462,-0.03464,0.06433,-0.01717,0.00127,0.00119,0.00058,0.52452,0.00008,0.27990,-0.00009,0.70833,0.00008,0.70588,1,3,0.99955,0.01072,0.01391,-0.02440,0.06079,0.08382,0.63821,0,0
1768603074.414468,-0.00543,0.05682,0.02764,0.00089,0.00042,0.00011,0.52452,0.00008,0.27990,-0.00009,0.70833,0.00008,0.70588,1,3,0.99955,0.01072,0.01391,-0.02440,0.06079,0.08382,0.63821,0,0
1768603074.416499,0.02451,0.02416,0.05845,0.00094,-0.00052,-0.00079,0.52456,0.00008,0.27990,-0.00009,0.70833,0.00008,0.70588,1,3,0.99955,0.01072,0.01391,-0.02440,0.06079,0.08382,0.63821,0,0
1768603074.418506,0.01795,0.04445,0.00047,0.00065,0.00031,0.00066,0.52456,0.00008,0.27990,-0.00009,0.70833,0.00008,0.70588,1,3,0.99955,0.01072,0.01391,-0.02440,0.06079,0.08382,0.63821,0,0
1768603074.420518,-0.02725,0.04489,0.01133,0.00156,-0.00021,-0.00124,0.52456,0.00008,0.27990,-0.00009,0.70833,0.00008,0.70588,1,3,0.99955,0.01072,0.01391,-0.02440,0.06079,0.08382,0.63821,0,0
1768603074.422529,-0.01998,0.05723,0.00817,0.00102,0.00019,-0.00038,0.52456,0.00008,0.27990,-0.00009,0.70833,0.00008,0.70588,1,3,0.99955,0.01072,0.01391,-0.02440,0.06079,0.08382,0.63821,0,0
1768603074.424490,0.03255,0.05311,0.02991,0.00105,-0.00020,0.00028,0.52460,0.00008,0.27989,-0.00009,0.70833,0.00008,0.70588,1,3,0.99955,0.01072,0.01391,-0.02440,0.06079,0.08382,0.63821,0,0
1768603074.426490,0.00948,0.05270,0.04429,0.00144,-0.00025,0.00067,0.52460,0.00008,0.27989,-0.00009,0.70833,0.00008,0.70588,1,3,0.99955,0.01072,0.01391,-0.02440,0.06079,0.08382,0.63821,0,0
1768603074.428481,-0.01313,0.03661,0.03495,0.00090,-0.00058,0.00048,0.52464,0.00008,0.27990,-0.00009,0.70833,0.00008,0.70588,1,3,0.99955,0.01072,0.01391,-0.02440,0.06079,0.08382,0.63821,0,0
1768603074.430496,-0.00520,0.01056,0.03609,0.00134,0.00009,-0.00009,0.52464,0.00008,0.27990,-0.00009,0.70833,0.00008,0.70588,1,3,0.99955,0.01072,0.01391,-0.02440,0.06079,0.08382,0.63821,0,0
1768603074.432483,0.01061,0.04069,0.00316,0.00119,-0.00031,0.00008,0.52468,0.00008,0.27990,-0.00009,0.70833,0.00008,0.70588,1,3,0.99956,0.01086,0.01409,-0.02382,0.06079,0.08382,0.63815,0,0
1768603074.434493,0.01690,0.07432,0.05168,0.00142,-0.00059,-0.00011,0.52472,0.00008,0.27989,-0.00009,0.70833,0.00008,0.70588,1,3,0.99956,0.01086,0.01409,-0.02382,0.06079,0.08382,0.63815,0,0
1768603074.436517,-0.02697,0.07383,-0.01716,0.00127,0.00032,-0.00005,0.52472,0.00008,0.27989,-0.00009,0.70833,0.00008,0.70588,1,3,0.99956,0.01086,0.01409,-0.02382,0.06079,0.08382,0.63815,0,0
1768603074.438490,-0.04216,0.04303,-0.01310,0.00102,0.00189,-0.00057,0.52476,0.00008,0.27989,-0.00009,0.70833,0.00008,0.70588,1,3,0.99956,0.01086,0.01409,-0.02382,0.06079,0.08382,0.63815,0,0
1768603074.440548,0.01055,0.02764,0.01147,0.00121,0.00023,-0.00053,0.52480,0.00008,0.27989,-0.00009,0.70834,0.00008,0.70588,1,3,0.99956,0.01086,0.01409,-0.02382,0.06079,0.08382,0.63815,0,0
1768603074.442518,-0.01356,0.04881,0.03844,-0.00019,0.00077,-0.00045,0.52480,0.00008,0.27989,-0.00009,0.70834,0.00008,0.70588,1,3,0.99956,0.01086,0.01409,-0.02382,0.06079,0.08382,0.63815,0,0
1768603074.444506,-0.00507,0.07616,0.02156,0.00141,-0.00227,-0.00010,0.52480,0.00008,0.27989,-0.00009,0.70834,0.00008,0.70588,1,3,0.99956,0.01086,0.01409,-0.02382,0.06079,0.08382,0.63815,0,0
1768603074.447351,-0.02808,0.07738,0.02410,0.00152,0.00038,0.00064,0.52484,0.00008,0.27989,-0.00009,0.70834,0.00008,0.70587,1,3,0.99956,0.01086,0.01409,-0.02382,0.06079,0.08382,0.63815,0,0
1768603074.448539,-0.01213,0.03540,-0.00967,0.00091,0.00062,0.00129,0.52484,0.00008,0.27989,-0.00009,0.70834,0.00008,0.70587,1,3,0.99956,0.01086,0.01409,-0.02382,0.06079,0.08382,0.63815,0,0
1768603074.450501,0.01014,0.03328,0.02899,0.00093,-0.00087,-0.00138,0.52488,0.00008,0.27989,-0.00009,0.70834,0.00008,0.70587,1,3,0.99956,0.01086,0.01409,-0.02382,0.06079,0.08382,0.63815,0,0
1768603074.452515,-0.00443,0.04470,-0.00816,0.00051,0.00064,-0.00086,0.52488,0.00008,0.27989,-0.00009,0.70834,0.00008,0.70587,1,3,0.99956,0.01086,0.01409,-0.02382,0.06079,0.08382,0.63815,0,0
1768603074.454512,-0.00481,0.04515,0.01018,0.00117,-0.00066,0.00027,0.52492,0.00008,0.27989,-0.00009,0.70834,0.00008,0.70587,1,3,0.99956,0.01086,0.01409,-0.02382,0.06079,0.08382,0.63815,0,0
1768603074.456497,-0.01335,0.06633,0.05102,0.00181,-0.00148,0.00050,0.52492,0.00008,0.27989,-0.00009,0.70834,0.00008,0.70587,1,3,0.99956,0.01086,0.01409,-0.02382,0.06079,0.08382,0.63815,0,0
1768603074.458518,-0.02801,0.05271,0.02024,0.00087,0.00033,0.00017,0.52496,0.00008,0.27989,-0.00009,0.70834,0.00008,0.70587,1,3,0.99956,0.01086,0.01409,-0.02382,0.06079,0.08382,0.63815,0,0
1768603074.460541,-0.01309,0.04647,0.03955,0.00116,-0.00205,-0.00002,0.52496,0.00008,0.27989,-0.00009,0.70834,0.00008,0.70587,1,3,0.99956,0.01086,0.01409,-0.02382,0.06079,0.08382,0.63815,0,0
1768603074.462526,0.01101,0.05339,-0.02385,0.00052,0.00024,-0.00006,0.52496,0.00008,0.27989,-0.00009,0.70834,0.00008,0.70587,1,3,0.99956,0.01086,0.01409,-0.02382,0.06079,0.08382,0.63815,0,0
1768603074.464542,-0.01921,0.03712,-0.01336,0.00105,-0.00051,-0.00088,0.52500,0.00008,0.27989,-0.00009,0.70834,0.00008,0.70587,1,3,0.99956,0.01086,0.01409,-0.02382,0.06079,0.08382,0.63815,0,0
1768603074.466519,-0.00499,0.03644,0.02017,0.00131,-0.00054,0.00037,0.52500,0.00008,0.27989,-0.00009,0.70834,0.00008,0.70587,1,3,0.99957,0.01047,0.01288,-0.02423,0.06082,0.08383,0.63838,0,0
1768603074.468557,-0.02112,0.04246,0.05970,0.00182,0.00125,0.00053,0.52504,0.00008,0.27989,-0.00009,0.70834,0.00008,0.70587,1,3,0.99957,0.01047,0.01288,-0.02423,0.06082,0.08383,0.63838,0,0
1768603074.470565,0.00843,0.08355,0.08013,0.00139,-0.00178,0.00065,0.52504,0.00008,0.27989,-0.00009,0.70834,0.00008,0.70587,1,3,0.99957,0.01047,0.01288,-0.02423,0.06082,0.08383,0.63838,0,0
1768603074.472770,-0.01203,0.04160,-0.00132,0.00091,-0.00080,-0.00069,0.52512,0.00008,0.27989,-0.00009,0.70834,0.00008,0.70587,1,3,0.99957,0.01047,0.01288,-0.02423,0.06082,0.08383,0.63838,0,0
1768603074.474530,0.05701,0.01837,-0.01529,0.00100,-0.00250,-0.00155,0.52512,0.00008,0.27989,-0.00009,0.70834,0.00008,0.70587,1,3,0.99957,0.01047,0.01288,-0.02423,0.06082,0.08383,0.63838,0,0
1768603074.476535,0.00978,0.05337,0.03975,0.00157,-0.00074,-0.00010,0.52512,0.00008,0.27989,-0.00009,0.70834,0.00008,0.70587,1,3,0.99957,0.01047,0.01288,-0.02423,0.06082,0.08383,0.63838,0,0
1768603074.478548,-0.02195,0.06740,0.07313,0.00138,0.00141,0.00174,0.52516,0.00008,0.27989,-0.00009,0.70834,0.00008,0.70587,1,3,0.99957,0.01047,0.01288,-0.02423,0.06082,0.08383,0.63838,0,0
1768603074.480697,0.00144,0.08581,0.05306,0.00152,0.00008,0.00115,0.52520,0.00008,0.27989,-0.00009,0.70834,0.00008,0.70587,1,3,0.99957,0.01047,0.01288,-0.02423,0.06082,0.08383,0.63838,0,0
1768603074.482552,-0.01250,0.07418,0.01365,0.00087,0.00047,-0.00148,0.52520,0.00008,0.27989,-0.00009,0.70834,0.00008,0.70587,1,3,0.99957,0.01047,0.01288,-0.02423,0.06082,0.08383,0.63838,0,0
1768603074.484550,-0.00464,0.01946,0.01239,0.00080,0.00045,-0.00133,0.52520,0.00008,0.27989,-0.00009,0.70834,0.00008,0.70587,1,3,0.99957,0.01047,0.01288,-0.02423,0.06082,0.08383,0.63838,0,0
1768603074.486539,-0.03633,0.02026,0.06020,0.00103,-0.00115,-0.00010,0.52525,0.00008,0.27990,-0.00009,0.70833,0.00008,0.70588,1,3,0.99957,0.01047,0.01288,-0.02423,0.06082,0.08383,0.63838,0,0
1768603074.488540,-0.05187,0.05778,0.06584,0.00138,-0.00130,0.00085,0.52525,0.00008,0.27990,-0.00009,0.70833,0.00008,0.70588,1,3,0.99957,0.01047,0.01288,-0.02423,0.06082,0.08383,0.63838,0,0
1768603074.490549,-0.01390,0.04683,0.06583,0.00181,0.00067,0.00187,0.52528,0.00008,0.27989,-0.00009,0.70834,0.00008,0.70587,1,3,0.99957,0.01047,0.01288,-0.02423,0.06082,0.08383,0.63838,0,0
1768603074.492557,0.01062,0.07439,-0.01254,0.00076,-0.00006,0.00044,0.52528,0.00008,0.27989,-0.00009,0.70834,0.00008,0.70587,1,3,0.99957,0.01047,0.01288,-0.02423,0.06082,0.08383,0.63838,0,0
1768603074.494543,-0.00363,0.05968,-0.03756,0.00090,0.00247,-0.00101,0.52528,0.00008,0.27989,-0.00009,0.70834,0.00008,0.70587,1,3,0.99957,0.01047,0.01288,-0.02423,0.06082,0.08383,0.63838,0,0
1768603074.496550,0.00231,0.07874,0.03573,0.00128,-0.00013,-0.00180,0.52532,0.00008,0.27989,-0.00009,0.70834,0.00008,0.70587,1,3,0.99957,0.01047,0.01288,-0.02423,0.06082,0.08383,0.63838,0,0
1768603074.498547,-0.02062,0.02195,0.03782,0.00144,0.00098,0.00079,0.52532,0.00008,0.27989,-0.00009,0.70834,0.00008,0.70587,1,3,0.99957,0.01047,0.01288,-0.02423,0.06082,0.08383,0.63838,0,0
1768603074.500572,-0.02213,0.05747,0.09403,0.00220,-0.00205,0.00223,0.52536,0.00008,0.27989,-0.00009,0.70834,0.00008,0.70587,1,3,0.99957,0.01047,0.01288,-0.02423,0.06082,0.08383,0.63838,0,0
1768603074.502595,-0.01267,0.04119,0.02305,0.00104,-0.00073,-0.00032,0.52536,0.00008,0.27989,-0.00009,0.70834,0.00008,0.70587,1,3,0.99954,0.01071,0.01446,-0.02422,0.06079,0.08381,0.63808,0,0
1768603074.504580,0.01074,0.07603,-0.00644,0.00063,-0.00108,-0.00149,0.52540,0.00008,0.27989,-0.00009,0.70834,0.00008,0.70587,1,3,0.99954,0.01071,0.01446,-0.02422,0.06079,0.08381,0.63808,0,0
1768603074.506603,0.00280,0.08092,0.03060,0.00182,-0.00238,-0.00257,0.52540,0.00008,0.27989,-0.00009,0.70834,0.00008,0.70587,1,3,0.99954,0.01071,0.01446,-0.02422,0.06079,0.08381,0.63808,0,0
1768603074.508577,0.04086,0.03623,0.01596,0.00149,-0.00016,-0.00038,0.52544,0.00008,0.27989,-0.00009,0.70834,0.00008,0.70587,1,3,0.99954,0.01071,0.01446,-0.02422,0.06079,0.08381,0.63808,0,0
1768603074.510604,-0.05101,0.04872,0.03722,0.00140,-0.00033,0.00022,0.52548,0.00008,0.27989,-0.00009,0.70834,0.00008,0.70587,1,3,0.99954,0.01071,0.01446,-0.02422,0.06079,0.08381,0.63808,0,0
1768603074.512573,0.00292,0.05255,0.00550,0.00131,0.00037,0.00006,0.52548,0.00008,0.27989,-0.00009,0.70834,0.00008,0.70587,1,3,0.99954,0.01071,0.01446,-0.02422,0.06079,0.08381,0.63808,0,0
1768603074.514592,-0.01228,0.06271,0.00466,0.00129,-0.00138,0.00020,0.52552,0.00008,0.27989,-0.00009,0.70834,0.00008,0.70587,1,3,0.99954,0.01071,0.01446,-0.02422,0.06079,0.08381,0.63808,0,0
1768603074.516606,0.02606,0.05662,0.01078,0.00160,-0.00327,-0.00189,0.52552,0.00008,0.27989,-0.00009,0.70834,0.00008,0.70587,1,3,0.99954,0.01071,0.01446,-0.02422,0.06079,0.08381,0.63808,0,0
1768603074.518584,-0.03590,0.02450,0.03332,0.00036,-0.00060,-0.00014,0.52556,0.00008,0.27988,-0.00009,0.70835,0.00008,0.70586,1,3,0.99954,0.01071,0.01446,-0.02422,0.06079,0.08381,0.63808,0,0
1768603074.520593,0.02607,0.05625,-0.00500,0.00120,-0.00303,-0.00036,0.52556,0.00008,0.27988,-0.00009,0.70835,0.00008,0.70586,1,3,0.99954,0.01071,0.01446,-0.02422,0.06079,0.08381,0.63808,0,0
1768603074.522580,0.03361,0.04432,-0.01484,0.00107,0.00013,0.00119,0.52560,0.00008,0.27989,-0.00009,0.70835,0.00008,0.70586,1,3,0.99954,0.01071,0.01446,-0.02422,0.06079,0.08381,0.63808,0,0
1768603074.524603,0.02636,0.05903,-0.01220,0.00160,-0.00181,-0.00038,0.52560,0.00008,0.27989,-0.00009,0.70835,0.00008,0.70586,1,3,0.99954,0.01071,0.01446,-0.02422,0.06079,0.08381,0.63808,0,0
1768603074.526605,0.02523,0.03226,0.02888,0.00094,-0.00000,-0.00086,0.52564,0.00008,0.27988,-0.00009,0.70835,0.00008,0.70586,1,3,0.99954,0.01071,0.01446,-0.02422,0.06079,0.08381,0.63808,0,0
1768603074.528607,-0.04356,0.03563,0.04614,0.00101,0.00065,-0.00091,0.52564,0.00008,0.27988,-0.00009,0.70835,0.00008,0.70586,1,3,0.99954,0.01071,0.01446,-0.02422,0.06079,0.08381,0.63808,0,0
1768603074.530604,-0.00655,0.05719,0.08182,0.00141,-0.00045,-0.00031,0.52564,0.00008,0.27988,-0.00009,0.70835,0.00008,0.70586,1,3,0.99954,0.01071,0.01446,-0.02422,0.06079,0.08381,0.63808,0,0
1768603074.532605,0.01844,0.03150,-0.00731,0.00148,-0.00000,0.00122,0.52568,0.00008,0.27989,-0.00009,0.70835,0.00008,0.70586,1,3,0.99954,0.01071,0.01446,-0.02422,0.06079,0.08381,0.63808,0,0
1768603074.534603,0.01811,0.04046,-0.00725,0.00066,-0.00000,0.00110,0.52568,0.00008,0.27989,-0.00009,0.70835,0.00008,0.70586,1,3,0.99954,0.01071,0.01446,-0.02422,0.06079,0.08381,0.63808,0,0
1768603074.536589,-0.04240,0.05169,-0.00974,0.00127,0.00106,0.00085,0.52572,0.00008,0.27989,-0.00009,0.70835,0.00008,0.70586,1,3,0.99954,0.01071,0.01446,-0.02422,0.06079,0.08381,0.63808,0,0
1768603074.538608,0.00161,0.04074,0.05795,0.00090,-0.00030,-0.00060,0.52572,0.00008,0.27989,-0.00009,0.70835,0.00008,0.70586,1,3,0.99960,0.01057,0.01216,-0.02308,0.06081,0.08385,0.63842,0,0
1768603074.540591,-0.03607,0.01924,0.05503,0.00157,-0.00056,0.00031,0.52576,0.00008,0.27989,-0.00009,0.70834,0.00008,0.70587,1,3,0.99960,0.01057,0.01216,-0.02308,0.06081,0.08385,0.63842,0,0
1768603074.542600,-0.02892,0.04853,0.05242,0.00060,0.00029,0.00019,0.52580,0.00008,0.27989,-0.00009,0.70834,0.00008,0.70587,1,3,0.99960,0.01057,0.01216,-0.02308,0.06081,0.08385,0.63842,0,0
1768603074.544602,-0.00439,0.05340,0.00080,0.00144,-0.00034,-0.00057,0.52580,0.00008,0.27989,-0.00009,0.70834,0.00008,0.70587,1,3,0.99960,0.01057,0.01216,-0.02308,0.06081,0.08385,0.63842,0,0
1768603074.546621,-0.03465,0.07440,-0.02177,0.00059,0.00026,-0.00031,0.52584,0.00008,0.27989,-0.00009,0.70834,0.00008,0.70587,1,3,0.99960,0.01057,0.01216,-0.02308,0.06081,0.08385,0.63842,0,0
1768603074.548591,0.02592,0.05363,-0.00970,0.00093,-0.00047,0.00044,0.52584,0.00008,0.27989,-0.00009,0.70834,0.00008,0.70587,1,3,0.99960,0.01057,0.01216,-0.02308,0.06081,0.08385,0.63842,0,0
1768603074.550592,0.00215,0.05818,0.03299,0.00076,-0.00060,-0.00080,0.52588,0.00008,0.27988,-0.00009,0.70835,0.00008,0.70586,1,3,0.99960,0.01057,0.01216,-0.02308,0.06081,0.08385,0.63842,0,0
1768603074.552856,0.00176,0.04386,0.04970,0.00130,0.00025,0.00051,0.52588,0.00008,0.27988,-0.00009,0.70835,0.00008,0.70586,1,3,0.99960,0.01057,0.01216,-0.02308,0.06081,0.08385,0.63842,0,0
1768603074.554699,-0.00475,0.05739,0.00724,0.00143,-0.00048,0.00051,0.52592,0.00008,0.27988,-0.00009,0.70835,0.00008,0.70586,1,3,0.99960,0.01057,0.01216,-0.02308,0.06081,0.08385,0.63842,0,0
1768603074.556612,0.01849,0.03646,-0.00743,0.00054,0.00065,-0.00152,0.52592,0.00008,0.27988,-0.00009,0.70835,0.00008,0.70586,1,3,0.99960,0.01057,0.01216,-0.02308,0.06081,0.08385,0.63842,0,0
1768603074.558621,0.02650,0.06485,-0.01337,0.00106,-0.00248,-0.00236,0.52596,0.00008,0.27988,-0.00009,0.70835,0.00008,0.70586,1,3,0.99960,0.01057,0.01216,-0.02308,0.06081,0.08385,0.63842,0,0
1768603074.560641,0.00202,0.04508,0.04469,0.00144,-0.00090,0.00012,0.52596,0.00008,0.27988,-0.00009,0.70835,0.00008,0.70586,1,3,0.99960,0.01057,0.01216,-0.02308,0.06081,0.08385,0.63842,0,0
1768603074.562629,0.00213,0.05222,0.01895,0.00089,0.00032,0.00195,0.52600,0.00008,0.27988,-0.00009,0.70835,0.00008,0.70586,1,3,0.99960,0.01057,0.01216,-0.02308,0.06081,0.08385,0.63842,0,0
1768603074.564602,-0.02132,0.06979,0.05381,0.00112,-0.00035,0.00058,0.52600,0.00008,0.27988,-0.00009,0.70835,0.00008,0.70586,1,3,0.99960,0.01057,0.01216,-0.02308,0.06081,0.08385,0.63842,0,0
1768603074.566611,-0.00411,0.06126,-0.01313,0.00103,0.00080,-0.00143,0.52600,0.00008,0.27988,-0.00009,0.70835,0.00008,0.70586,1,3,0.99960,0.01057,0.01216,-0.02308,0.06081,0.08385,0.63842,0,0
1768603074.568619,-0.01192,0.02748,-0.00250,0.00079,0.00093,-0.00128,0.52604,0.00008,0.27988,-0.00009,0.70835,0.00008,0.70586,1,3,0.99960,0.01057,0.01216,-0.02308,0.06081,0.08385,0.63842,0,0
1768603074.570604,-0.01278,0.05581,0.03230,0.00196,0.00070,0.00027,0.52604,0.00008,0.27988,-0.00009,0.70835,0.00008,0.70586,1,3,0.99960,0.01057,0.01216,-0.02308,0.06081,0.08385,0.63842,0,0
1768603074.572595,-0.05946,0.06815,0.05963,0.00096,0.00147,0.00008,0.52608,0.00008,0.27988,-0.00009,0.70835,0.00008,0.70586,1,3,0.99960,0.01057,0.01216,-0.02308,0.06081,0.08385,0.63842,0,0
1768603074.574620,0.04040,0.06144,0.02930,0.00186,-0.00065,0.00045,0.52608,0.00008,0.27988,-0.00009,0.70835,0.00008,0.70586,1,3,0.99958,0.01055,0.01335,-0.02345,0.06080,0.08383,0.63829,0,0
1768603074.576630,-0.02786,0.04411,0.02618,0.00115,0.00062,-0.00087,0.52612,0.00008,0.27988,-0.00009,0.70835,0.00008,0.70586,1,3,0.99958,0.01055,0.01335,-0.02345,0.06080,0.08383,0.63829,0,0
1768603074.578652,-0.02783,0.07245,0.01360,0.00086,0.00200,-0.00082,0.52612,0.00008,0.27988,-0.00009,0.70835,0.00008,0.70586,1,3,0.99958,0.01055,0.01335,-0.02345,0.06080,0.08383,0.63829,0,0
1768603074.580635,0.00206,0.07868,0.04411,0.00181,-0.00090,-0.00027,0.52612,0.00008,0.27988,-0.00009,0.70835,0.00008,0.70586,1,3,0.99958,0.01055,0.01335,-0.02345,0.06080,0.08383,0.63829,0,0
1768603074.582685,-0.02860,0.02730,0.05450,0.00156,-0.00035,0.00084,0.52620,0.00008,0.27988,-0.00009,0.70835,0.00008,0.70586,1,3,0.99958,0.01055,0.01335,-0.02345,0.06080,0.08383,0.63829,0,0
1768603074.584628,0.00136,0.03233,0.07235,0.00131,-0.00078,-0.00013,0.52620,0.00008,0.27988,-0.00009,0.70835,0.00008,0.70586,1,3,0.99958,0.01055,0.01335,-0.02345,0.06080,0.08383,0.63829,0,0
1768603074.586661,-0.01999,0.04914,0.01781,0.00156,-0.00057,-0.00028,0.52624,0.00008,0.27988,-0.00009,0.70835,0.00008,0.70586,1,3,0.99958,0.01055,0.01335,-0.02345,0.06080,0.08383,0.63829,0,0
1768603074.588642,-0.01254,0.07856,0.01965,0.00167,-0.00054,-0.00038,0.52624,0.00008,0.27988,-0.00009,0.70835,0.00008,0.70586,1,3,0.99958,0.01055,0.01335,-0.02345,0.06080,0.08383,0.63829,0,0
1768603074.590639,0.01838,0.06003,0.00699,0.00186,-0.00310,-0.00027,0.52628,0.00008,0.27988,-0.00009,0.70834,0.00008,0.70587,1,3,0.99958,0.01055,0.01335,-0.02345,0.06080,0.08383,0.63829,0,0
1768603074.592641,-0.00537,0.06214,0.02999,0.00102,-0.00064,-0.00033,0.52628,0.00008,0.27988,-0.00009,0.70834,0.00008,0.70587,1,3,0.99958,0.01055,0.01335,-0.02345,0.06080,0.08383,0.63829,0,0
1768603074.594635,-0.00574,0.02309,0.05250,0.00145,-0.00015,0.00051,0.52632,0.00008,0.27988,-0.00009,0.70835,0.00008,0.70587,1,3,0.99958,0.01055,0.01335,-0.02345,0.06080,0.08383,0.63829,0,0
1768603074.596635,-0.01268,0.04893,0.02715,0.00170,-0.00067,0.00035,0.52632,0.00008,0.27988,-0.00009,0.70835,0.00008,0.70587,1,3,0.99958,0.01055,0.01335,-0.02345,0.06080,0.08383,0.63829,0,0
1768603074.598641,-0.03589,0.07285,0.02269,0.00058,0.00146,0.00005,0.52636,0.00008,0.27988,-0.00009,0.70835,0.00008,0.70586,1,3,0.99958,0.01055,0.01335,-0.02345,0.06080,0.08383,0.63829,0,0
1768603074.600630,0.00326,0.04038,-0.01117,0.00079,0.00039,-0.00017,0.52636,0.00008,0.27988,-0.00009,0.70835,0.00008,0.70586,1,3,0.99958,0.01055,0.01335,-0.02345,0.06080,0.08383,0.63829,0,0
1768603074.602633,0.01757,0.06190,0.02993,0.00144,-0.00064,-0.00032,0.52636,0.00008,0.27988,-0.00009,0.70835,0.00008,0.70586,1,3,0.99958,0.01055,0.01335,-0.02345,0.06080,0.08383,0.63829,0,0
1768603074.604645,-0.00576,0.06652,0.04596,0.00155,-0.00154,0.00076,0.52641,0.00008,0.27988,-0.00009,0.70835,0.00008,0.70586,1,3,0.99958,0.01055,0.01335,-0.02345,0.06080,0.08383,0.63829,0,0
1768603074.606646,-0.03579,0.03483,0.03044,0.00102,0.00111,0.00051,0.52641,0.00008,0.27988,-0.00009,0.70835,0.00008,0.70586,1,3,0.99958,0.01055,0.01335,-0.02345,0.06080,0.08383,0.63829,0,0
1768603074.608664,-0.00510,0.06157,0.02470,0.00156,-0.00048,0.00007,0.52644,0.00008,0.27988,-0.00009,0.70835,0.00008,0.70586,1,3,0.99958,0.01055,0.01335,-0.02345,0.06080,0.08383,0.63829,0,0
1768603074.610655,-0.02010,0.05221,0.01023,0.00115,0.00065,0.00044,0.52644,0.00008,0.27988,-0.00009,0.70835,0.00008,0.70586,1,3,0.99958,0.01055,0.01335,-0.02345,0.06080,0.08383,0.63829,0,0
1768603074.612662,-0.01292,0.03588,0.04044,0.00157,-0.00008,-0.00027,0.52649,0.00008,0.27988,-0.00009,0.70835,0.00008,0.70586,1,3,0.99958,0.01055,0.01335,-0.02345,0.06080,0.08383,0.63829,0,0
1768603074.614653,-0.02826,0.06628,0.02688,0.00086,-0.00068,0.00038,0.52649,0.00008,0.27988,-0.00009,0.70835,0.00008,0.70586,1,3,0.99957,0.01067,0.01340,-0.02384,0.06079,0.08382,0.63820,0,0
1768603074.616660,0.01726,0.04444,0.04912,0.00212,-0.00084,0.00065,0.52653,0.00008,0.27988,-0.00009,0.70835,0.00008,0.70587,1,3,0.99957,0.01067,0.01340,-0.02384,0.06079,0.08382,0.63820,0,0
1768603074.618681,-0.00537,0.05761,0.02148,0.00102,-0.00074,0.00125,0.52653,0.00008,0.27988,-0.00009,0.70835,0.00008,0.70587,1,3,0.99957,0.01067,0.01340,-0.02384,0.06079,0.08382,0.63820,0,0
1768603074.620672,0.01887,0.06073,-0.02385,0.00132,0.00089,-0.00027,0.52657,0.00008,0.27988,-0.00009,0.70835,0.00008,0.70586,1,3,0.99957,0.01067,0.01340,-0.02384,0.06079,0.08382,0.63820,0,0
1768603074.622733,0.00194,0.04795,0.03860,0.00063,0.00121,-0.00068,0.52661,0.00008,0.27989,-0.00009,0.70835,0.00008,0.70587,1,3,0.99957,0.01067,0.01340,-0.02384,0.06079,0.08382,0.63820,0,0
1768603074.624664,-0.04338,0.03837,0.02837,0.00087,0.00196,0.00021,0.52661,0.00008,0.27989,-0.00009,0.70835,0.00008,0.70587,1,3,0.99957,0.01067,0.01340,-0.02384,0.06079,0.08382,0.63820,0,0
1768603074.626657,-0.03588,0.01807,0.03963,0.00157,0.00035,0.00147,0.52665,0.00008,0.27989,-0.00009,0.70834,0.00008,0.70587,1,3,0.99957,0.01067,0.01340,-0.02384,0.06079,0.08382,0.63820,0,0
1768603074.628695,-0.01310,0.03071,0.03228,0.00117,0.00070,0.00132,0.52665,0.00008,0.27989,-0.00009,0.70834,0.00008,0.70587,1,3,0.99957,0.01067,0.01340,-0.02384,0.06079,0.08382,0.63820,0,0
1768603074.630666,-0.01967,0.07298,-0.01245,0.00114,0.00103,0.00059,0.52669,0.00008,0.27988,-0.00009,0.70835,0.00008,0.70586,1,3,0.99957,0.01067,0.01340,-0.02384,0.06079,0.08382,0.63820,0,0
1768603074.632716,-0.00551,0.07413,0.03692,0.00141,-0.00034,-0.00009,0.52669,0.00008,0.27988,-0.00009,0.70835,0.00008,0.70586,1,3,0.99957,0.01067,0.01340,-0.02384,0.06079,0.08382,0.63820,0,0
1768603074.634679,0.00195,0.04484,0.03561,0.00050,0.00008,-0.00026,0.52673,0.00008,0.27988,-0.00009,0.70835,0.00008,0.70587,1,3,0.99957,0.01067,0.01340,-0.02384,0.06079,0.08382,0.63820,0,0
1768603074.636681,-0.00614,0.06145,0.06970,0.00155,-0.00038,-0.00073,0.52673,0.00008,0.27988,-0.00009,0.70835,0.00008,0.70587,1,3,0.99957,0.01067,0.01340,-0.02384,0.06079,0.08382,0.63820,0,0
1768603074.638719,-0.02059,0.05272,0.03016,0.00101,0.00024,0.00004,0.52677,0.00008,0.27988,-0.00009,0.70835,0.00008,0.70586,1,3,0.99957,0.01067,0.01340,-0.02384,0.06079,0.08382,0.63820,0,0
1768603074.640671,-0.03440,0.02840,-0.01821,0.00077,-0.00014,-0.00052,0.52677,0.00008,0.27988,-0.00009,0.70835,0.00008,0.70586,1,3,0.99957,0.01067,0.01340,-0.02384,0.06079,0.08382,0.63820,0,0
1768603074.642669,-0.04141,0.07647,-0.04462,0.00180,0.00152,0.00059,0.52677,0.00008,0.27988,-0.00009,0.70835,0.00008,0.70586,1,3,0.99957,0.01067,0.01340,-0.02384,0.06079,0.08382,0.63820,0,0
1768603074.644670,-0.02755,0.02877,0.01617,0.00104,-0.00081,-0.00068,0.52681,0.00008,0.27989,-0.00009,0.70835,0.00008,0.70587,1,3,0.99957,0.01067,0.01340,-0.02384,0.06079,0.08382,0.63820,0,0
1768603074.646663,-0.01302,0.06564,0.05234,0.00222,-0.00058,-0.00100,0.52681,0.00008,0.27989,-0.00009,0.70835,0.00008,0.70587,1,3,0.99957,0.01067,0.01340,-0.02384,0.06079,0.08382,0.63820,0,0
1768603074.648663,-0.02817,0.04363,0.03548,0.00128,0.00074,-0.00011,0.52685,0.00008,0.27989,-0.00009,0.70834,0.00008,0.70587,1,3,0.99957,0.01067,0.01340,-0.02384,0.06079,0.08382,0.63820,0,0
1768603074.650664,-0.03561,0.05645,0.02294,0.00100,0.00080,-0.00013,0.52685,0.00008,0.27989,-0.00009,0.70834,0.00008,0.70587,1,3,0.99957,0.01067,0.01340,-0.02384,0.06079,0.08382,0.63820,0,0
1768603074.652696,-0.01230,0.05584,-0.00287,0.00129,0.00093,0.00143,0.52689,0.00008,0.27989,-0.00009,0.70834,0.00008,0.70587,1,3,0.99957,0.01067,0.01340,-0.02384,0.06079,0.08382,0.63820,0,0
1768603074.654691,0.00321,0.03677,-0.00438,0.00119,-0.00062,0.00026,0.52689,0.00008,0.27989,-0.00009,0.70834,0.00008,0.70587,1,3,0.99957,0.01067,0.01340,-0.02384,0.06079,0.08382,0.63820,0,0
1768603074.656712,-0.00548,0.05757,0.03192,0.00115,-0.00062,0.00049,0.52693,0.00008,0.27989,-0.00009,0.70834,0.00008,0.70587,1,3,0.99957,0.01067,0.01340,-0.02384,0.06079,0.08382,0.63820,0,0
1768603074.658703,-0.01383,0.06149,0.07406,0.00181,-0.00076,-0.00022,0.52693,0.00008,0.27989,-0.00009,0.70834,0.00008,0.70587,1,3,0.99957,0.01067,0.01340,-0.02384,0.06079,0.08382,0.63820,0,0
1768603074.660705,-0.01293,0.05287,0.03055,0.00102,0.00024,-0.00047,0.52697,0.00008,0.27989,-0.00009,0.70834,0.00008,0.70587,1,3,0.99955,0.01071,0.01379,-0.02446,0.06081,0.08383,0.63836,0,0
1768603074.662698,-0.02805,0.02640,0.03131,0.00103,0.00134,-0.00028,0.52697,0.00008,0.27989,-0.00009,0.70834,0.00008,0.70587,1,3,0.99955,0.01071,0.01379,-0.02446,0.06081,0.08383,0.63836,0,0
1768603074.664722,0.01797,0.06081,0.01467,0.00185,0.00005,0.00047,0.52701,0.00008,0.27989,-0.00009,0.70834,0.00008,0.70587,1,3,0.99955,0.01071,0.01379,-0.02446,0.06081,0.08383,0.63836,0,0
1768603074.666700,0.01670,0.08713,0.05403,0.00114,-0.00056,-0.00027,0.52705,0.00008,0.27989,-0.00009,0.70834,0.00008,0.70588,1,3,0.99955,0.01071,0.01379,-0.02446,0.06081,0.08383,0.63836,0,0
1768603074.668720,0.04047,0.04276,0.03322,0.00121,-0.00213,-0.00124,0.52705,0.00008,0.27989,-0.00009,0.70834,0.00008,0.70588,1,3,0.99955,0.01071,0.01379,-0.02446,0.06081,0.08383,0.63836,0,0
1768603074.670705,-0.04278,0.03723,0.02095,0.00129,-0.00097,-0.00090,0.52709,0.00008,0.27989,-0.00009,0.70833,0.00008,0.70588,1,3,0.99955,0.01071,0.01379,-0.02446,0.06081,0.08383,0.63836,0,0
1768603074.672710,-0.03448,0.04507,-0.01357,0.00103,-0.00008,-0.00072,0.52709,0.00008,0.27989,-0.00009,0.70833,0.00008,0.70588,1,3,0.99955,0.01071,0.01379,-0.02446,0.06081,0.08383,0.63836,0,0
1768603074.674802,-0.00434,0.05464,0.00927,0.00238,-0.00242,0.00018,0.52713,0.00008,0.27989,-0.00009,0.70834,0.00008,0.70588,1,3,0.99955,0.01071,0.01379,-0.02446,0.06081,0.08383,0.63836,0,0
1768603074.676711,-0.02796,0.05795,0.02374,0.00061,-0.00006,-0.00142,0.52713,0.00008,0.27989,-0.00009,0.70834,0.00008,0.70588,1,3,0.99955,0.01071,0.01379,-0.02446,0.06081,0.08383,0.63836,0,0
1768603074.678717,0.00935,0.04657,0.06942,0.00198,-0.00256,-0.00079,0.52717,0.00008,0.27990,-0.00009,0.70833,0.00008,0.70588,1,3,0.99955,0.01071,0.01379,-0.02446,0.06081,0.08383,0.63836,0,0
1768603074.680715,-0.02097,0.03983,0.05240,0.00142,0.00007,0.00018,0.52717,0.00008,0.27990,-0.00009,0.70833,0.00008,0.70588,1,3,0.99955,0.01071,0.01379,-0.02446,0.06081,0.08383,0.63836,0,0
1768603074.682722,0.01007,0.05385,0.02420,0.00158,-0.00136,0.00067,0.52717,0.00008,0.27990,-0.00009,0.70833,0.00008,0.70588,1,3,0.99955,0.01071,0.01379,-0.02446,0.06081,0.08383,0.63836,0,0
1768603074.684712,0.01065,0.05721,-0.00740,0.00104,-0.00000,0.00065,0.52722,0.00008,0.27990,-0.00009,0.70833,0.00008,0.70588,1,3,0.99955,0.01071,0.01379,-0.02446,0.06081,0.08383,0.63836,0,0
1768603074.686740,-0.00514,0.04487,0.02424,0.00157,-0.00093,0.00103,0.52722,0.00008,0.27990,-0.00009,0.70833,0.00008,0.70588,1,3,0.99955,0.01071,0.01379,-0.02446,0.06081,0.08383,0.63836,0,0
1768603074.688713,-0.00513,0.05812,0.02774,0.00129,-0.00089,-0.00066,0.52725,0.00008,0.27990,-0.00009,0.70833,0.00008,0.70588,1,3,0.99955,0.01071,0.01379,-0.02446,0.06081,0.08383,0.63836,0,0
1768603074.690715,-0.01324,0.03805,0.03809,0.00103,0.00208,0.00046,0.52725,0.00008,0.27990,-0.00009,0.70833,0.00008,0.70588,1,3,0.99955,0.01071,0.01379,-0.02446,0.06081,0.08383,0.63836,0,0
1768603074.692707,0.00183,0.08544,0.03357,0.00126,0.00072,0.00117,0.52730,0.00008,0.27990,-0.00009,0.70833,0.00008,0.70588,1,3,0.99955,0.01071,0.01379,-0.02446,0.06081,0.08383,0.63836,0,0
1768603074.694709,0.00148,0.04472,0.05861,0.00143,-0.00095,0.00126,0.52730,0.00008,0.27990,-0.00009,0.70833,0.00008,0.70588,1,3,0.99955,0.01071,0.01379,-0.02446,0.06081,0.08383,0.63836,0,0
1768603074.696729,-0.02847,0.04539,0.04493,0.00101,-0.00090,-0.00014,0.52733,0.00008,0.27990,-0.00009,0.70833,0.00008,0.70588,1,3,0.99953,0.01088,0.01475,-0.02440,0.06078,0.08379,0.63796,0,0
1768603074.698741,-0.02069,0.04104,0.05364,0.00143,-0.00057,-0.00174,0.52733,0.00008,0.27990,-0.00009,0.70833,0.00008,0.70588,1,3,0.99953,0.01088,0.01475,-0.02440,0.06078,0.08379,0.63796,0,0
1768603074.700786,-0.01347,0.07902,0.04523,0.00059,-0.00024,-0.00119,0.52733,0.00008,0.27990,-0.00009,0.70833,0.00008,0.70588,1,3,0.99953,0.01088,0.01475,-0.02440,0.06078,0.08379,0.63796,0,0
1768603074.702751,-0.00468,0.04339,0.00571,0.00131,0.00103,0.00030,0.52741,0.00008,0.27990,-0.00009,0.70833,0.00008,0.70588,1,3,0.99953,0.01088,0.01475,-0.02440,0.06078,0.08379,0.63796,0,0
1768603074.704736,0.02572,0.05934,0.01566,0.00240,-0.00321,0.00113,0.52741,0.00008,0.27990,-0.00009,0.70833,0.00008,0.70588,1,3,0.99953,0.01088,0.01475,-0.02440,0.06078,0.08379,0.63796,0,0
1768603074.706785,0.01836,0.02817,-0.00462,0.00121,-0.00063,0.00087,0.52746,0.00008,0.27990,-0.00009,0.70833,0.00008,0.70588,1,3,0.99953,0.01088,0.01475,-0.02440,0.06078,0.08379,0.63796,0,0
1768603074.708761,0.00932,0.04541,0.05981,0.00144,-0.00115,-0.00040,0.52746,0.00008,0.27990,-0.00009,0.70833,0.00008,0.70588,1,3,0.99953,0.01088,0.01475,-0.02440,0.06078,0.08379,0.63796,0,0
1768603074.710974,-0.02808,0.07064,0.04041,0.00153,-0.00073,-0.00157,0.52749,0.00008,0.27989,-0.00009,0.70833,0.00008,0.70588,1,3,0.99953,0.01088,0.01475,-0.02440,0.06078,0.08379,0.63796,0,0
1768603074.712768,0.00365,0.02339,-0.00498,0.00148,0.00046,-0.00148,0.52749,0.00008,0.27989,-0.00009,0.70833,0.00008,0.70588,1,3,0.99953,0.01088,0.01475,-0.02440,0.06078,0.08379,0.63796,0,0
1768603074.714747,-0.05092,0.02271,0.03295,0.00115,0.00048,0.00053,0.52753,0.00008,0.27989,-0.00009,0.70833,0.00008,0.70588,1,3,0.99953,0.01088,0.01475,-0.02440,0.06078,0.08379,0.63796,0,0
1768603074.716728,0.00270,0.07472,0.00122,0.00115,-0.00099,0.00132,0.52753,0.00008,0.27989,-0.00009,0.70833,0.00008,0.70588,1,3,0.99953,0.01088,0.01475,-0.02440,0.06078,0.08379,0.63796,0,0
1768603074.718752,-0.04320,0.07896,0.02373,0.00151,-0.00115,0.00050,0.52753,0.00008,0.27989,-0.00009,0.70833,0.00008,0.70588,1,3,0.99953,0.01088,0.01475,-0.02440,0.06078,0.08379,0.63796,0,0
1768603074.720753,-0.04163,0.03693,-0.02811,0.00103,-0.00025,-0.00086,0.52753,0.00008,0.27989,-0.00009,0.70833,0.00008,0.70588,1,3,0.99953,0.01088,0.01475,-0.02440,0.06078,0.08379,0.63796,0,0
1768603074.722766,-0.01956,0.03303,0.00898,0.00145,-0.00090,-0.00122,0.52757,0.00008,0.27989,-0.00009,0.70833,0.00008,0.70588,1,3,0.99953,0.01088,0.01475,-0.02440,0.06078,0.08379,0.63796,0,0
1768603074.724749,-0.00467,0.01574,0.01327,0.00134,-0.00085,0.00025,0.52757,0.00008,0.27989,-0.00009,0.70833,0.00008,0.70588,1,3,0.99953,0.01088,0.01475,-0.02440,0.06078,0.08379,0.63796,0,0
1768603074.726756,0.00261,0.07769,0.00875,0.00155,-0.00002,0.00128,0.52761,0.00008,0.27989,-0.00009,0.70834,0.00008,0.70588,1,3,0.99953,0.01088,0.01475,-0.02440,0.06078,0.08379,0.63796,0,0
1768603074.728858,0.00326,0.08164,-0.01276,0.00155,0.00059,0.00049,0.52761,0.00008,0.27989,-0.00009,0.70834,0.00008,0.70588,1,3,0.99949,0.01069,0.01589,-0.02545,0.06077,0.08378,0.63798,0,0
1768603074.730793,-0.02726,0.04399,-0.00318,0.00076,0.00114,-0.00085,0.52765,0.00008,0.27989,-0.00009,0.70834,0.00008,0.70588,1,3,0.99949,0.01069,0.01589,-0.02545,0.06077,0.08378,0.63798,0,0
1768603074.732766,-0.01249,0.02812,0.02559,0.00159,-0.00070,-0.00016,0.52765,0.00008,0.27989,-0.00009,0.70834,0.00008,0.70588,1,3,0.99949,0.01069,0.01589,-0.02545,0.06077,0.08378,0.63798,0,0
1768603074.734825,-0.00565,0.05855,0.04256,0.00089,-0.00114,-0.00068,0.52774,0.00008,0.27989,-0.00009,0.70833,0.00008,0.70588,1,3,0.99949,0.01069,0.01589,-0.02545,0.06077,0.08378,0.63798,0,0
1768603074.736753,-0.02097,0.05353,0.04951,0.00128,-0.00084,0.00002,0.52774,0.00008,0.27989,-0.00009,0.70833,0.00008,0.70588,1,3,0.99949,0.01069,0.01589,-0.02545,0.06077,0.08378,0.63798,0,0
1768603074.738763,0.01815,0.06634,0.00283,0.00118,-0.00053,-0.00036,0.52778,0.00008,0.27989,-0.00009,0.70833,0.00008,0.70588,1,3,0.99949,0.01069,0.01589,-0.02545,0.06077,0.08378,0.63798,0,0
1768603074.740755,-0.00575,0.05689,0.04272,0.00088,0.00039,-0.00028,0.52778,0.00008,0.27989,-0.00009,0.70833,0.00008,0.70588,1,3,0.99949,0.01069,0.01589,-0.02545,0.06077,0.08378,0.63798,0,0
1768603074.742749,-0.07444,0.04597,0.04778,0.00070,0.00263,0.00061,0.52782,0.00008,0.27990,-0.00009,0.70833,0.00008,0.70588,1,3,0.99949,0.01069,0.01589,-0.02545,0.06077,0.08378,0.63798,0,0
1768603074.744778,-0.04302,0.06080,0.01052,0.00072,0.00087,-0.00005,0.52782,0.00008,0.27990,-0.00009,0.70833,0.00008,0.70588,1,3,0.99949,0.01069,0.01589,-0.02545,0.06077,0.08378,0.63798,0,0
1768603074.746779,0.01721,0.07444,0.04136,0.00169,-0.00094,0.00028,0.52786,0.00008,0.27989,-0.00009,0.70833,0.00008,0.70588,1,3,0.99949,0.01069,0.01589,-0.02545,0.06077,0.08378,0.63798,0,0
1768603074.748781,0.02563,0.03952,0.00759,0.00147,0.00040,0.00098,0.52786,0.00008,0.27989,-0.00009,0.70833,0.00008,0.70588,1,3,0.99949,0.01069,0.01589,-0.02545,0.06077,0.08378,0.63798,0,0
1768603074.750786,0.00963,0.01929,0.05091,0.00134,-0.00017,-0.00046,0.52786,0.00008,0.27989,-0.00009,0.70833,0.00008,0.70588,1,3,0.99949,0.01069,0.01589,-0.02545,0.06077,0.08378,0.63798,0,0
1768603074.752773,-0.02146,0.05660,0.06665,0.00140,0.00002,0.00035,0.52790,0.00008,0.27990,-0.00009,0.70833,0.00008,0.70589,1,3,0.99949,0.01069,0.01589,-0.02545,0.06077,0.08378,0.63798,0,0
1768603074.754780,-0.01290,0.05276,0.02464,0.00115,-0.00005,0.00068,0.52790,0.00008,0.27990,-0.00009,0.70833,0.00008,0.70589,1,3,0.99949,0.01069,0.01589,-0.02545,0.06077,0.08378,0.63798,0,0
1768603074.756776,0.02582,0.04658,0.01489,0.00187,-0.00235,-0.00025,0.52790,0.00008,0.27990,-0.00009,0.70833,0.00008,0.70589,1,3,0.99949,0.01069,0.01589,-0.02545,0.06077,0.08378,0.63798,0,0
1768603074.758794,-0.00407,0.02736,-0.00925,0.00174,-0.00002,0.00051,0.52794,0.00008,0.27990,-0.00009,0.70832,0.00008,0.70589,1,3,0.99949,0.01069,0.01589,-0.02545,0.06077,0.08378,0.63798,0,0
1768603074.760776,0.01796,0.04971,0.01247,0.00132,-0.00107,0.00022,0.52794,0.00008,0.27990,-0.00009,0.70832,0.00008,0.70589,1,3,0.99949,0.01069,0.01589,-0.02545,0.06077,0.08378,0.63798,0,0
1768603074.762782,0.03211,0.08231,0.04599,0.00156,-0.00044,0.00069,0.52798,0.00008,0.27990,-0.00009,0.70832,0.00008,0.70589,1,3,0.99956,0.01082,0.01416,-0.02386,0.06079,0.08382,0.63817,0,0
1768603074.764775,-0.01247,0.04919,0.01728,0.00157,-0.00079,0.00035,0.52798,0.00008,0.27990,-0.00009,0.70832,0.00008,0.70589,1,3,0.99956,0.01082,0.01416,-0.02386,0.06079,0.08382,0.63817,0,0
1768603074.766987,-0.01252,0.01951,0.03650,0.00173,-0.00034,-0.00120,0.52802,0.00008,0.27990,-0.00009,0.70832,0.00008,0.70589,1,3,0.99956,0.01082,0.01416,-0.02386,0.06079,0.08382,0.63817,0,0
1768603074.768784,0.01063,0.06837,0.00727,0.00144,-0.00266,-0.00063,0.52806,0.00008,0.27990,-0.00009,0.70833,0.00008,0.70589,1,3,0.99956,0.01082,0.01416,-0.02386,0.06079,0.08382,0.63817,0,0
1768603074.770804,-0.02033,0.06922,0.01382,0.00140,0.00004,0.00138,0.52806,0.00008,0.27990,-0.00009,0.70833,0.00008,0.70589,1,3,0.99956,0.01082,0.01416,-0.02386,0.06079,0.08382,0.63817,0,0
1768603074.772792,0.03236,0.07392,0.03148,0.00117,-0.00018,0.00080,0.52810,0.00008,0.27990,-0.00009,0.70832,0.00008,0.70589,1,3,0.99956,0.01082,0.01416,-0.02386,0.06079,0.08382,0.63817,0,0
1768603074.774790,0.00981,0.03991,0.03775,0.00145,0.00011,0.00006,0.52810,0.00008,0.27990,-0.00009,0.70832,0.00008,0.70589,1,3,0.99956,0.01082,0.01416,-0.02386,0.06079,0.08382,0.63817,0,0
1768603074.776830,-0.02814,0.05804,0.04234,0.00168,-0.00114,-0.00066,0.52814,0.00008,0.27990,-0.00009,0.70832,0.00008,0.70589,1,3,0.99956,0.01082,0.01416,-0.02386,0.06079,0.08382,0.63817,0,0
1768603074.778814,-0.02809,0.06067,0.02990,0.00140,0.00045,0.00008,0.52814,0.00008,0.27990,-0.00009,0.70832,0.00008,0.70589,1,3,0.99956,0.01082,0.01416,-0.02386,0.06079,0.08382,0.63817,0,0
1768603074.780790,-0.04284,0.04961,0.01219,0.00127,-0.00108,0.00048,0.52818,0.00008,0.27990,-0.00009,0.70832,0.00008,0.70589,1,3,0.99956,0.01082,0.01416,-0.02386,0.06079,0.08382,0.63817,0,0
1768603074.782793,-0.02836,0.02700,0.04511,0.00143,0.00020,0.00047,0.52818,0.00008,0.27990,-0.00009,0.70832,0.00008,0.70589,1,3,0.99956,0.01082,0.01416,-0.02386,0.06079,0.08382,0.63817,0,0
1768603074.785017,-0.03577,0.04426,0.03518,0.00128,0.00008,0.00002,0.52822,0.00008,0.27990,-0.00009,0.70832,0.00008,0.70589,1,3,0.99956,0.01082,0.01416,-0.02386,0.06079,0.08382,0.63817,0,0
1768603074.786845,0.00184,0.05452,0.04044,0.00036,-0.00095,-0.00076,0.52822,0.00008,0.27990,-0.00009,0.70832,0.00008,0.70589,1,3,0.99956,0.01082,0.01416,-0.02386,0.06079,0.08382,0.63817,0,0
1768603074.788790,0.00965,0.05778,0.03258,0.00076,-0.00039,-0.00016,0.52822,0.00008,0.27990,-0.00009,0.70832,0.00008,0.70589,1,3,0.99956,0.01082,0.01416,-0.02386,0.06079,0.08382,0.63817,0,0
1768603074.790865,0.04005,0.05316,0.04414,0.00186,-0.00090,0.00054,0.52826,0.00008,0.27990,-0.00009,0.70832,0.00008,0.70589,1,3,0.99956,0.01082,0.01416,-0.02386,0.06079,0.08382,0.63817,0,0
1768603074.792799,0.01687,0.04854,0.06147,0.00198,-0.00069,0.00058,0.52826,0.00008,0.27990,-0.00009,0.70832,0.00008,0.70589,1,3,0.99956,0.01082,0.01416,-0.02386,0.06079,0.08382,0.63817,0,0
1768603074.794818,0.04035,0.04146,0.02814,0.00094,-0.00088,-0.00046,0.52830,0.00008,0.27991,-0.00009,0.70832,0.00008,0.70589,1,3,0.99957,0.01075,0.01342,-0.02391,0.06081,0.08384,0.63835,0,0
1768603074.796814,-0.02062,0.06972,0.03503,0.00127,0.00008,-0.00055,0.52830,0.00008,0.27991,-0.00009,0.70832,0.00008,0.70589,1,3,0.99957,0.01075,0.01342,-0.02391,0.06081,0.08384,0.63835,0,0
1768603074.798836,-0.00546,0.03159,0.04321,0.00131,0.00017,-0.00035,0.52834,0.00008,0.27990,-0.00009,0.70832,0.00008,0.70589,1,3,0.99957,0.01075,0.01342,-0.02391,0.06081,0.08384,0.63835,0,0
1768603074.800824,0.04021,0.05533,0.05523,0.00200,-0.00252,-0.00178,0.52834,0.00008,0.27990,-0.00009,0.70832,0.00008,0.70589,1,3,0.99957,0.01075,0.01342,-0.02391,0.06081,0.08384,0.63835,0,0
1768603074.802853,0.01696,0.04494,0.04931,0.00131,-0.00084,0.00063,0.52838,0.00008,0.27991,-0.00009,0.70832,0.00008,0.70589,1,3,0.99957,0.01075,0.01342,-0.02391,0.06081,0.08384,0.63835,0,0
1768603074.804816,-0.03514,0.04938,0.00306,0.00075,-0.00031,-0.00003,0.52842,0.00008,0.27990,-0.00009,0.70832,0.00008,0.70589,1,3,0.99957,0.01075,0.01342,-0.02391,0.06081,0.08384,0.63835,0,0
1768603074.806830,-0.00448,0.05816,0.00861,0.00144,-0.00068,-0.00140,0.52842,0.00008,0.27990,-0.00009,0.70832,0.00008,0.70589,1,3,0.99957,0.01075,0.01342,-0.02391,0.06081,0.08384,0.63835,0,0
1768603074.808821,-0.01224,0.03424,0.02385,0.00145,-0.00203,-0.00176,0.52846,0.00008,0.27990,-0.00009,0.70832,0.00008,0.70589,1,3,0.99957,0.01075,0.01342,-0.02391,0.06081,0.08384,0.63835,0,0
1768603074.810819,-0.02106,0.03169,0.05772,0.00130,-0.00009,-0.00011,0.52846,0.00008,0.27990,-0.00009,0.70832,0.00008,0.70589,1,3,0.99957,0.01075,0.01342,-0.02391,0.06081,0.08384,0.63835,0,0
1768603074.812807,0.00962,0.02347,0.03738,0.00106,-0.00034,0.00102,0.52850,0.00008,0.27991,-0.00009,0.70832,0.00008,0.70589,1,3,0.99957,0.01075,0.01342,-0.02391,0.06081,0.08384,0.63835,0,0
1768603074.814834,0.02579,0.07728,0.01688,0.00198,-0.00342,-0.00100,0.52850,0.00008,0.27991,-0.00009,0.70832,0.00008,0.70589,1,3,0.99957,0.01075,0.01342,-0.02391,0.06081,0.08384,0.63835,0,0
1768603074.816818,0.03378,0.05957,-0.01127,0.00080,-0.00158,-0.00129,0.52854,0.00008,0.27990,-0.00009,0.70832,0.00008,0.70589,1,3,0.99957,0.01075,0.01342,-0.02391,0.06081,0.08384,0.63835,0,0
1768603074.818825,0.00392,0.04042,-0.03030,0.00093,0.00059,-0.00091,0.52854,0.00008,0.27990,-0.00009,0.70832,0.00008,0.70589,1,3,0.99957,0.01075,0.01342,-0.02391,0.06081,0.08384,0.63835,0,0
1768603074.820813,-0.00500,0.02763,0.02633,0.00119,0.00019,-0.00067,0.52858,0.00008,0.27990,-0.00009,0.70832,0.00008,0.70589,1,3,0.99957,0.01075,0.01342,-0.02391,0.06081,0.08384,0.63835,0,0
1768603074.822832,0.00137,0.03988,0.07169,0.00170,-0.00035,0.00055,0.52858,0.00008,0.27990,-0.00009,0.70832,0.00008,0.70589,1,3,0.99957,0.01075,0.01342,-0.02391,0.06081,0.08384,0.63835,0,0
1768603074.824816,-0.00594,0.03654,0.05949,0.00144,-0.00094,0.00034,0.52858,0.00008,0.27990,-0.00009,0.70832,0.00008,0.70589,1,3,0.99957,0.01075,0.01342,-0.02391,0.06081,0.08384,0.63835,0,0
1768603074.826822,0.02464,0.08297,0.04151,0.00129,-0.00072,0.00005,0.52862,0.00008,0.27990,-0.00009,0.70833,0.00008,0.70589,1,3,0.99957,0.01075,0.01342,-0.02391,0.06081,0.08384,0.63835,0,0
1768603074.828813,0.01098,0.04559,-0.01829,0.00039,-0.00014,-0.00074,0.52862,0.00008,0.27990,-0.00009,0.70833,0.00008,0.70589,1,3,0.99957,0.01073,0.01389,-0.02349,0.06079,0.08381,0.63812,0,0
1768603074.830825,0.00273,0.04519,0.01591,0.00105,-0.00037,-0.00062,0.52866,0.00008,0.27990,-0.00009,0.70832,0.00008,0.70589,1,3,0.99957,0.01073,0.01389,-0.02349,0.06079,0.08381,0.63812,0,0
1768603074.832858,0.01764,0.03288,0.02858,0.00093,-0.00066,-0.00074,0.52866,0.00008,0.27990,-0.00009,0.70832,0.00008,0.70589,1,3,0.99957,0.01073,0.01389,-0.02349,0.06079,0.08381,0.63812,0,0
1768603074.834866,-0.06657,0.02540,0.04547,0.00099,0.00195,0.00074,0.52870,0.00008,0.27990,-0.00009,0.70832,0.00008,0.70589,1,3,0.99957,0.01073,0.01389,-0.02349,0.06079,0.08381,0.63812,0,0
1768603074.836850,0.03332,0.03202,0.00274,0.00122,-0.00032,0.00094,0.52874,0.00008,0.27990,-0.00009,0.70833,0.00008,0.70589,1,3,0.99957,0.01073,0.01389,-0.02349,0.06079,0.08381,0.63812,0,0
1768603074.838850,-0.03495,0.04296,-0.00332,0.00075,0.00201,-0.00033,0.52874,0.00008,0.27990,-0.00009,0.70833,0.00008,0.70589,1,3,0.99957,0.01073,0.01389,-0.02349,0.06079,0.08381,0.63812,0,0
1768603074.840851,0.00246,0.04158,0.01371,0.00011,-0.00040,-0.00059,0.52878,0.00008,0.27990,-0.00009,0.70833,0.00008,0.70589,1,3,0.99957,0.01073,0.01389,-0.02349,0.06079,0.08381,0.63812,0,0
1768603074.842843,0.01819,0.04461,0.00571,0.00133,-0.00006,-0.00010,0.52878,0.00008,0.27990,-0.00009,0.70833,0.00008,0.70589,1,3,0.99957,0.01073,0.01389,-0.02349,0.06079,0.08381,0.63812,0,0
1768603074.844850,-0.00551,0.06230,0.03894,0.00155,-0.00140,0.00043,0.52882,0.00008,0.27990,-0.00009,0.70833,0.00008,0.70588,1,3,0.99957,0.01073,0.01389,-0.02349,0.06079,0.08381,0.63812,0,0
1768603074.846846,-0.00482,0.04808,0.00215,0.00117,0.00033,0.00139,0.52882,0.00008,0.27990,-0.00009,0.70833,0.00008,0.70588,1,3,0.99957,0.01073,0.01389,-0.02349,0.06079,0.08381,0.63812,0,0
1768603074.848836,0.00997,0.03157,0.03254,0.00160,-0.00017,0.00055,0.52886,0.00008,0.27989,-0.00009,0.70833,0.00008,0.70588,1,3,0.99957,0.01073,0.01389,-0.02349,0.06079,0.08381,0.63812,0,0
1768603074.850835,-0.02139,0.07373,0.05222,0.00058,0.00050,-0.00024,0.52886,0.00008,0.27989,-0.00009,0.70833,0.00008,0.70588,1,3,0.99957,0.01073,0.01389,-0.02349,0.06079,0.08381,0.63812,0,0
1768603074.852829,-0.02777,0.04370,0.01586,0.00102,0.00094,-0.00009,0.52890,0.00008,0.27990,-0.00009,0.70833,0.00008,0.70588,1,3,0.99957,0.01073,0.01389,-0.02349,0.06079,0.08381,0.63812,0,0
1768603074.854848,-0.00539,0.04526,0.02477,0.00076,-0.00071,0.00064,0.52890,0.00008,0.27990,-0.00009,0.70833,0.00008,0.70588,1,3,0.99957,0.01073,0.01389,-0.02349,0.06079,0.08381,0.63812,0,0
1768603074.856838,0.01058,0.01900,0.00057,0.00108,0.00009,0.00110,0.52890,0.00008,0.27990,-0.00009,0.70833,0.00008,0.70588,1,3,0.99957,0.01073,0.01389,-0.02349,0.06079,0.08381,0.63812,0,0
1768603074.858842,-0.01235,0.01771,0.01022,0.00159,0.00087,0.00150,0.52894,0.00008,0.27989,-0.00009,0.70833,0.00008,0.70588,1,3,0.99957,0.01073,0.01389,-0.02349,0.06079,0.08381,0.63812,0,0
1768603074.860860,0.00948,0.04452,0.04032,0.00077,0.00014,-0.00000,0.52894,0.00008,0.27989,-0.00009,0.70833,0.00008,0.70588,1,3,0.99957,0.01073,0.01389,-0.02349,0.06079,0.08381,0.63812,0,0
1768603074.862862,-0.02120,0.05275,0.06066,0.00101,0.00039,-0.00113,0.52898,0.00008,0.27990,-0.00009,0.70833,0.00008,0.70588,1,3,0.99957,0.01073,0.01389,-0.02349,0.06079,0.08381,0.63812,0,0
1768603074.864861,-0.01398,0.09162,0.06675,0.00097,-0.00063,-0.00097,0.52898,0.00008,0.27990,-0.00009,0.70833,0.00008,0.70588,1,3,0.99957,0.01073,0.01389,-0.02349,0.06079,0.08381,0.63812,0,0
1768603074.866862,0.01762,0.04516,0.02018,0.00092,-0.00054,0.00026,0.52902,0.00008,0.27990,-0.00009,0.70833,0.00008,0.70589,1,3,0.99957,0.01073,0.01389,-0.02349,0.06079,0.08381,0.63812,0,0
1768603074.868862,0.01755,0.04821,0.02656,0.00172,-0.00024,0.00137,0.52902,0.00008,0.27990,-0.00009,0.70833,0.00008,0.70589,1,3,0.99957,0.01073,0.01389,-0.02349,0.06079,0.08381,0.63812,0,0
1768603074.870867,-0.02770,0.03594,0.01097,0.00076,0.00044,-0.00000,0.52906,0.00008,0.27989,-0.00009,0.70833,0.00008,0.70588,1,3,0.99957,0.01073,0.01389,-0.02349,0.06079,0.08381,0.63812,0,0
1768603074.872864,-0.00636,0.05665,0.07105,0.00168,-0.00036,0.00086,0.52906,0.00008,0.27989,-0.00009,0.70833,0.00008,0.70588,1,3,0.99956,0.01076,0.01421,-0.02389,0.06080,0.08381,0.63812,0,0
1768603074.874865,-0.01317,0.05991,0.04465,0.00181,0.00085,0.00021,0.52910,0.00008,0.27989,-0.00009,0.70833,0.00008,0.70589,1,3,0.99956,0.01076,0.01421,-0.02389,0.06080,0.08381,0.63812,0,0
1768603074.876916,-0.01164,0.03606,-0.01293,0.00105,0.00059,-0.00099,0.52914,0.00008,0.27989,-0.00009,0.70833,0.00008,0.70589,1,3,0.99956,0.01076,0.01421,-0.02389,0.06080,0.08381,0.63812,0,0
1768603074.878905,-0.06509,0.06017,-0.01408,0.00098,0.00145,-0.00001,0.52914,0.00008,0.27989,-0.00009,0.70833,0.00008,0.70589,1,3,0.99956,0.01076,0.01421,-0.02389,0.06080,0.08381,0.63812,0,0
1768603074.880869,-0.02790,0.04439,0.01583,0.00062,0.00050,-0.00011,0.52918,0.00008,0.27990,-0.00009,0.70832,0.00008,0.70589,1,3,0.99956,0.01076,0.01421,-0.02389,0.06080,0.08381,0.63812,0,0
1768603074.882872,-0.02142,0.05793,0.06627,0.00140,-0.00129,0.00033,0.52918,0.00008,0.27990,-0.00009,0.70832,0.00008,0.70589,1,3,0.99956,0.01076,0.01421,-0.02389,0.06080,0.08381,0.63812,0,0
1768603074.884866,-0.01285,0.03566,0.03489,0.00171,-0.00014,0.00050,0.52922,0.00008,0.27989,-0.00009,0.70833,0.00008,0.70589,1,3,0.99956,0.01076,0.01421,-0.02389,0.06080,0.08381,0.63812,0,0
1768603074.886870,-0.02711,0.07807,-0.01433,0.00100,0.00057,-0.00048,0.52922,0.00008,0.27989,-0.00009,0.70833,0.00008,0.70589,1,3,0.99956,0.01076,0.01421,-0.02389,0.06080,0.08381,0.63812,0,0
1768603074.888894,-0.01137,0.06101,-0.02313,0.00130,0.00090,-0.00128,0.52926,0.00008,0.27990,-0.00009,0.70832,0.00008,0.70589,1,3,0.99956,0.01076,0.01421,-0.02389,0.06080,0.08381,0.63812,0,0
1768603074.890896,-0.03514,0.04439,0.00093,0.00061,0.00053,0.00003,0.52926,0.00008,0.27990,-0.00009,0.70832,0.00008,0.70589,1,3,0.99956,0.01076,0.01421,-0.02389,0.06080,0.08381,0.63812,0,0
1768603074.892880,0.00130,0.04454,0.07360,0.00183,-0.00099,0.00087,0.52930,0.00008,0.27990,-0.00009,0.70832,0.00008,0.70589,1,3,0.99956,0.01076,0.01421,-0.02389,0.06080,0.08381,0.63812,0,0
1768603074.894883,-0.02062,0.04500,0.03456,0.00129,-0.00080,0.00051,0.52930,0.00008,0.27990,-0.00009,0.70832,0.00008,0.70589,1,3,0.99956,0.01076,0.01421,-0.02389,0.06080,0.08381,0.63812,0,0
1768603074.896883,0.02579,0.03378,0.01831,0.00162,-0.00187,-0.00086,0.52934,0.00008,0.27990,-0.00009,0.70832,0.00008,0.70589,1,3,0.99956,0.01076,0.01421,-0.02389,0.06080,0.08381,0.63812,0,0
1768603074.898881,-0.03475,0.06173,-0.00394,0.00114,0.00004,-0.00093,0.52934,0.00008,0.27990,-0.00009,0.70832,0.00008,0.70589,1,3,0.99956,0.01076,0.01421,-0.02389,0.06080,0.08381,0.63812,0,0
1768603074.900876,-0.00546,0.04094,0.04284,0.00131,-0.00070,-0.00046,0.52934,0.00008,0.27990,-0.00009,0.70832,0.00008,0.70589,1,3,0.99956,0.01076,0.01421,-0.02389,0.06080,0.08381,0.63812,0,0
1768603074.902877,-0.02861,0.05602,0.05144,0.00180,0.00028,0.00088,0.52938,0.00008,0.27990,-0.00009,0.70832,0.00008,0.70589,1,3,0.99956,0.01076,0.01421,-0.02389,0.06080,0.08381,0.63812,0,0
1768603074.904887,-0.02809,0.04984,0.03757,0.00142,-0.00120,-0.00056,0.52938,0.00008,0.27990,-0.00009,0.70832,0.00008,0.70589,1,3,0.99956,0.01080,0.01389,-0.02401,0.06080,0.08382,0.63820,0,0
1768603074.906884,-0.01964,0.01837,0.00075,0.00146,0.00053,0.00086,0.52943,0.00008,0.27990,-0.00009,0.70832,0.00008,0.70589,1,3,0.99956,0.01080,0.01389,-0.02401,0.06080,0.08382,0.63820,0,0
1768603074.908889,0.01000,0.03618,0.02514,0.00119,-0.00026,0.00050,0.52943,0.00008,0.27990,-0.00009,0.70832,0.00008,0.70589,1,3,0.99956,0.01080,0.01389,-0.02401,0.06080,0.08382,0.63820,0,0
1768603074.910948,-0.00508,0.07108,0.02058,0.00088,-0.00075,-0.00119,0.52946,0.00008,0.27990,-0.00009,0.70832,0.00008,0.70589,1,3,0.99956,0.01080,0.01389,-0.02401,0.06080,0.08382,0.63820,0,0
1768603074.912915,-0.02837,0.09060,0.03677,0.00137,0.00010,-0.00029,0.52950,0.00008,0.27990,-0.00009,0.70832,0.00008,0.70590,1,3,0.99956,0.01080,0.01389,-0.02401,0.06080,0.08382,0.63820,0,0
1768603074.914902,-0.04311,0.05487,0.01203,0.00126,0.00176,0.00156,0.52950,0.00008,0.27990,-0.00009,0.70832,0.00008,0.70590,1,3,0.99956,0.01080,0.01389,-0.02401,0.06080,0.08382,0.63820,0,0
1768603074.916906,-0.02818,0.01011,0.04117,0.00118,0.00058,-0.00009,0.52955,0.00008,0.27991,-0.00009,0.70831,0.00008,0.70590,1,3,0.99956,0.01080,0.01389,-0.02401,0.06080,0.08382,0.63820,0,0
1768603074.918921,0.00131,0.01946,0.07066,0.00078,-0.00015,-0.00036,0.52955,0.00008,0.27991,-0.00009,0.70831,0.00008,0.70590,1,3,0.99956,0.01080,0.01389,-0.02401,0.06080,0.08382,0.63820,0,0
1768603074.920916,-0.02008,0.04002,0.01749,0.00157,-0.00014,0.00059,0.52959,0.00008,0.27991,-0.00009,0.70831,0.00008,0.70590,1,3,0.99956,0.01080,0.01389,-0.02401,0.06080,0.08382,0.63820,0,0
1768603074.922923,-0.01913,0.05690,-0.03172,0.00089,0.00058,0.00042,0.52959,0.00008,0.27991,-0.00009,0.70831,0.00008,0.70590,1,3,0.99956,0.01080,0.01389,-0.02401,0.06080,0.08382,0.63820,0,0
1768603074.924907,0.00267,0.06211,0.01566,0.00103,-0.00038,-0.00083,0.52963,0.00008,0.27991,-0.00009,0.70831,0.00008,0.70590,1,3,0.99956,0.01080,0.01389,-0.02401,0.06080,0.08382,0.63820,0,0
1768603074.926900,-0.01981,0.05351,0.01033,0.00156,-0.00066,-0.00033,0.52963,0.00008,0.27991,-0.00009,0.70831,0.00008,0.70590,1,3,0.99956,0.01080,0.01389,-0.02401,0.06080,0.08382,0.63820,0,0
1768603074.928903,0.01011,0.04494,0.03071,0.00145,-0.00041,-0.00075,0.52967,0.00008,0.27991,-0.00009,0.70831,0.00008,0.70590,1,3,0.99956,0.01080,0.01389,-0.02401,0.06080,0.08382,0.63820,0,0
1768603074.930904,-0.02017,0.02272,0.01319,0.00091,0.00068,0.00079,0.52967,0.00008,0.27991,-0.00009,0.70831,0.00008,0.70590,1,3,0.99956,0.01080,0.01389,-0.02401,0.06080,0.08382,0.63820,0,0
1768603074.932894,-0.01258,0.04932,0.01773,0.00116,-0.00057,-0.00004,0.52967,0.00008,0.27991,-0.00009,0.70831,0.00008,0.70590,1,3,0.99956,0.01080,0.01389,-0.02401,0.06080,0.08382,0.63820,0,0
1768603074.934916,0.03342,0.06437,0.01082,0.00120,-0.00240,-0.00174,0.52971,0.00008,0.27991,-0.00009,0.70831,0.00008,0.70590,1,3,0.99956,0.01080,0.01389,-0.02401,0.06080,0.08382,0.63820,0,0
1768603074.936921,0.00187,0.08776,0.03884,0.00113,-0.00118,-0.00001,0.52971,0.00008,0.27991,-0.00009,0.70831,0.00008,0.70590,1,3,0.99956,0.01080,0.01389,-0.02401,0.06080,0.08382,0.63820,0,0
1768603074.938919,-0.05052,0.05522,0.00314,0.00072,0.00209,0.00054,0.52971,0.00008,0.27991,-0.00009,0.70831,0.00008,0.70590,1,3,0.99956,0.01080,0.01389,-0.02401,0.06080,0.08382,0.63820,0,0
1768603074.940922,-0.01328,0.04904,0.05651,0.00209,-0.00119,0.00033,0.52975,0.00008,0.27991,-0.00009,0.70831,0.00008,0.70590,1,3,0.99956,0.01073,0.01325,-0.02412,0.06080,0.08383,0.63833,0,0
1768603074.942915,-0.02038,0.03536,0.02555,0.00117,0.00062,0.00025,0.52979,0.00008,0.27991,-0.00009,0.70831,0.00008,0.70590,1,3,0.99956,0.01073,0.01325,-0.02412,0.06080,0.08383,0.63833,0,0
1768603074.944964,-0.00486,0.04073,0.02233,0.00185,-0.00095,0.00033,0.52979,0.00008,0.27991,-0.00009,0.70831,0.00008,0.70590,1,3,0.99956,0.01073,0.01325,-0.02412,0.06080,0.08383,0.63833,0,0
1768603074.946917,-0.02744,0.07680,-0.00592,0.00153,0.00089,0.00144,0.52983,0.00008,0.27992,-0.00009,0.70831,0.00008,0.70591,1,3,0.99956,0.01073,0.01325,-0.02412,0.06080,0.08383,0.63833,0,0
1768603074.948927,0.03943,0.06564,0.05624,0.00131,-0.00054,0.00075,0.52987,0.00008,0.27992,-0.00009,0.70831,0.00008,0.70591,1,3,0.99956,0.01073,0.01325,-0.02412,0.06080,0.08383,0.63833,0,0
1768603074.950926,0.00150,0.04906,0.06237,0.00116,-0.00047,-0.00032,0.52987,0.00008,0.27992,-0.00009,0.70831,0.00008,0.70591,1,3,0.99956,0.01073,0.01325,-0.02412,0.06080,0.08383,0.63833,0,0
1768603074.953022,-0.03493,0.03059,0.01395,0.00170,0.00113,-0.00056,0.52991,0.00008,0.27991,-0.00009,0.70831,0.00008,0.70590,1,3,0.99956,0.01073,0.01325,-0.02412,0.06080,0.08383,0.63833,0,0
1768603074.955007,-0.02691,0.05209,-0.00802,0.00129,0.00130,-0.00131,0.52991,0.00008,0.27991,-0.00009,0.70831,0.00008,0.70590,1,3,0.99956,0.01073,0.01325,-0.02412,0.06080,0.08383,0.63833,0,0
1768603074.956950,-0.00585,0.08746,0.04924,0.00126,-0.00084,-0.00065,0.52996,0.00008,0.27992,-0.00009,0.70830,0.00008,0.70591,1,3,0.99956,0.01073,0.01325,-0.02412,0.06080,0.08383,0.63833,0,0
1768603074.958942,0.02466,0.05707,0.05165,0.00185,-0.00059,0.00036,0.52996,0.00008,0.27992,-0.00009,0.70830,0.00008,0.70591,1,3,0.99956,0.01073,0.01325,-0.02412,0.06080,0.08383,0.63833,0,0
1768603074.960961,0.00855,0.06116,0.08384,0.00155,-0.00042,0.00015,0.53000,0.00008,0.27992,-0.00009,0.70830,0.00008,0.70591,1,3,0.99956,0.01073,0.01325,-0.02412,0.06080,0.08383,0.63833,0,0
1768603074.962966,-0.03555,0.06060,0.02964,0.00180,0.00023,0.00021,0.53000,0.00008,0.27992,-0.00009,0.70830,0.00008,0.70591,1,3,0.99956,0.01073,0.01325,-0.02412,0.06080,0.08383,0.63833,0,0
1768603074.964955,0.00261,0.04116,0.02362,0.00105,-0.00050,-0.00096,0.53000,0.00008,0.27992,-0.00009,0.70830,0.00008,0.70591,1,3,0.99956,0.01073,0.01325,-0.02412,0.06080,0.08383,0.63833,0,0
1768603074.966941,-0.01241,0.04471,0.02640,0.00157,-0.00003,-0.00150,0.53004,0.00008,0.27992,-0.00009,0.70830,0.00008,0.70591,1,3,0.99956,0.01073,0.01325,-0.02412,0.06080,0.08383,0.63833,0,0
1768603074.968935,-0.00590,0.05333,0.05880,0.00182,-0.00116,0.00053,0.53004,0.00008,0.27992,-0.00009,0.70830,0.00008,0.70591,1,3,0.99956,0.01073,0.01325,-0.02412,0.06080,0.08383,0.63833,0,0
1768603074.970937,0.02473,0.06949,0.03870,0.00157,-0.00031,0.00098,0.53008,0.00008,0.27992,-0.00009,0.70830,0.00008,0.70591,1,3,0.99956,0.01073,0.01325,-0.02412,0.06080,0.08383,0.63833,0,0
1768603074.972951,-0.02011,0.05284,0.01486,0.00142,-0.00017,0.00044,0.53008,0.00008,0.27992,-0.00009,0.70830,0.00008,0.70591,1,3,0.99956,0.01073,0.01333,-0.02443,0.06079,0.08381,0.63813,0,0
1768603074.974948,0.00358,0.05003,-0.01084,0.00119,-0.00070,-0.00142,0.53008,0.00008,0.27992,-0.00009,0.70830,0.00008,0.70591,1,3,0.99956,0.01073,0.01333,-0.02443,0.06079,0.08381,0.63813,0,0
1768603074.976962,-0.01225,0.05699,0.01301,0.00170,0.00003,-0.00050,0.53012,0.00008,0.27992,-0.00009,0.70830,0.00008,0.70591,1,3,0.99956,0.01073,0.01333,-0.02443,0.06079,0.08381,0.63813,0,0
1768603074.978978,-0.01222,0.05706,0.01812,0.00196,-0.00013,-0.00088,0.53012,0.00008,0.27992,-0.00009,0.70830,0.00008,0.70591,1,3,0.99956,0.01073,0.01333,-0.02443,0.06079,0.08381,0.63813,0,0
1768603074.980961,-0.02874,0.06589,0.06103,0.00193,-0.00114,0.00038,0.53020,0.00008,0.27992,-0.00009,0.70831,0.00008,0.70590,1,3,0.99956,0.01073,0.01333,-0.02443,0.06079,0.08381,0.63813,0,0
1768603074.982959,-0.02052,0.04316,0.02498,0.00115,0.00105,0.00092,0.53020,0.00008,0.27992,-0.00009,0.70831,0.00008,0.70590,1,3,0.99956,0.01073,0.01333,-0.02443,0.06079,0.08381,0.63813,0,0
1768603074.984984,0.01865,0.02340,-0.01115,0.00122,0.00017,0.00017,0.53024,0.00008,0.27992,-0.00009,0.70831,0.00008,0.70591,1,3,0.99956,0.01073,0.01333,-0.02443,0.06079,0.08381,0.63813,0,0
1768603074.986965,-0.01910,0.03208,-0.01708,0.00172,-0.00056,0.00072,0.53024,0.00008,0.27992,-0.00009,0.70831,0.00008,0.70591,1,3,0.99956,0.01073,0.01333,-0.02443,0.06079,0.08381,0.63813,0,0
1768603074.988993,-0.04311,0.04732,0.01270,0.00087,0.00133,0.00088,0.53028,0.00008,0.27992,-0.00009,0.70830,0.00008,0.70591,1,3,0.99956,0.01073,0.01333,-0.02443,0.06079,0.08381,0.63813,0,0
1768603074.990969,-0.00562,0.02793,0.03942,0.00118,-0.00075,0.00122,0.53028,0.00008,0.27992,-0.00009,0.70830,0.00008,0.70591,1,3,0.99956,0.01073,0.01333,-0.02443,0.06079,0.08381,0.63813,0,0
1768603074.992980,0.00263,0.00592,0.03414,0.00162,0.00050,-0.00054,0.53032,0.00008,0.27992,-0.00009,0.70830,0.00008,0.70591,1,3,0.99956,0.01073,0.01333,-0.02443,0.06079,0.08381,0.63813,0,0
1768603074.994973,-0.02841,0.06972,0.04984,0.00166,-0.00018,-0.00081,0.53032,0.00008,0.27992,-0.00009,0.70830,0.00008,0.70591,1,3,0.99956,0.01073,0.01333,-0.02443,0.06079,0.08381,0.63813,0,0
1768603074.996981,-0.05052,0.06812,0.00563,0.00084,0.00191,-0.00000,0.53036,0.00008,0.27992,-0.00009,0.70830,0.00008,0.70591,1,3,0.99956,0.01073,0.01333,-0.02443,0.06079,0.08381,0.63813,0,0
1768603074.998978,-0.00534,0.06240,0.02510,0.00075,-0.00070,-0.00033,0.53036,0.00008,0.27992,-0.00009,0.70830,0.00008,0.70591,1,3,0.99956,0.01073,0.01333,-0.02443,0.06079,0.08381,0.63813,0,0
1768603075.000978,0.00236,0.04110,0.03199,0.00158,-0.00127,0.00057,0.53036,0.00008,0.27992,-0.00009,0.70830,0.00008,0.70591,1,3,0.99956,0.01073,0.01333,-0.02443,0.06079,0.08381,0.63813,0,0
1768603075.002997,-0.02050,0.01924,0.02540,0.00078,-0.00004,0.00082,0.53036,0.00008,0.27992,-0.00009,0.70830,0.00008,0.70591,1,3,0.99956,0.01073,0.01333,-0.02443,0.06079,0.08381,0.63813,0,0
1768603075.004980,-0.01390,0.06588,0.06610,0.00140,-0.00086,0.00049,0.53040,0.00008,0.27992,-0.00009,0.70830,0.00008,0.70591,1,3,0.99957,0.01070,0.01302,-0.02396,0.06079,0.08381,0.63814,0,0
1768603075.007007,-0.00533,0.07867,0.04045,0.00154,-0.00029,-0.00167,0.53044,0.00008,0.27992,-0.00009,0.70830,0.00008,0.70591,1,3,0.99957,0.01070,0.01302,-0.02396,0.06079,0.08381,0.63814,0,0
1768603075.008991,-0.03452,0.05600,-0.01533,0.00088,0.00187,-0.00123,0.53044,0.00008,0.27992,-0.00009,0.70830,0.00008,0.70591,1,3,0.99957,0.01070,0.01302,-0.02396,0.06079,0.08381,0.63814,0,0
1768603075.010991,-0.01926,0.03962,-0.00650,0.00185,0.00045,-0.00014,0.53048,0.00008,0.27992,-0.00009,0.70830,0.00008,0.70591,1,3,0.99957,0.01070,0.01302,-0.02396,0.06079,0.08381,0.63814,0,0
1768603075.013009,-0.00434,0.05567,-0.01266,0.00157,0.00103,0.00131,0.53052,0.00008,0.27992,-0.00009,0.70831,0.00008,0.70590,1,3,0.99957,0.01070,0.01302,-0.02396,0.06079,0.08381,0.63814,0,0
1768603075.015004,-0.02859,0.06262,0.04909,0.00126,-0.00150,0.00004,0.53052,0.00008,0.27992,-0.00009,0.70831,0.00008,0.70590,1,3,0.99957,0.01070,0.01302,-0.02396,0.06079,0.08381,0.63814,0,0
1768603075.017009,-0.00539,0.03416,0.04359,0.00091,-0.00179,-0.00153,0.53052,0.00008,0.27992,-0.00009,0.70831,0.00008,0.70590,1,3,0.99957,0.01070,0.01302,-0.02396,0.06079,0.08381,0.63814,0,0
1768603075.019391,0.00960,0.04082,0.04327,0.00091,-0.00026,-0.00072,0.53056,0.00008,0.27991,-0.00009,0.70831,0.00008,0.70590,1,3,0.99957,0.01070,0.01302,-0.02396,0.06079,0.08381,0.63814,0,0
1768603075.021017,-0.04291,0.03078,0.01748,0.00156,0.00052,0.00108,0.53056,0.00008,0.27991,-0.00009,0.70831,0.00008,0.70590,1,3,0.99957,0.01070,0.01302,-0.02396,0.06079,0.08381,0.63814,0,0
1768603075.022985,-0.02020,0.05653,0.01817,0.00115,0.00075,-0.00038,0.53060,0.00008,0.27991,-0.00009,0.70831,0.00008,0.70590,1,3,0.99957,0.01070,0.01302,-0.02396,0.06079,0.08381,0.63814,0,0
1768603075.024993,0.02642,0.03828,-0.01844,0.00082,-0.00145,-0.00090,0.53060,0.00008,0.27991,-0.00009,0.70831,0.00008,0.70590,1,3,0.99957,0.01070,0.01302,-0.02396,0.06079,0.08381,0.63814,0,0
1768603075.027003,0.06467,0.03924,-0.00946,0.00219,-0.00330,-0.00077,0.53064,0.00008,0.27991,-0.00009,0.70831,0.00008,0.70590,1,3,0.99957,0.01070,0.01302,-0.02396,0.06079,0.08381,0.63814,0,0
1768603075.029010,0.03274,0.04048,0.03232,0.00161,-0.00061,0.00044,0.53064,0.00008,0.27991,-0.00009,0.70831,0.00008,0.70590,1,3,0.99957,0.01070,0.01302,-0.02396,0.06079,0.08381,0.63814,0,0
1768603075.030999,-0.02034,0.06041,0.01998,0.00128,0.00077,0.00034,0.53068,0.00008,0.27991,-0.00009,0.70832,0.00008,0.70590,1,3,0.99957,0.01070,0.01302,-0.02396,0.06079,0.08381,0.63814,0,0
1768603075.033005,0.03213,0.06266,0.04506,0.00064,-0.00089,-0.00061,0.53068,0.00008,0.27991,-0.00009,0.70832,0.00008,0.70590,1,3,0.99957,0.01070,0.01302,-0.02396,0.06079,0.08381,0.63814,0,0
1768603075.035000,-0.01359,0.08254,0.05228,0.00099,0.00007,-0.00085,0.53072,0.00008,0.27991,-0.00009,0.70832,0.00008,0.70590,1,3,0.99957,0.01070,0.01302,-0.02396,0.06079,0.08381,0.63814,0,0
1768603075.037003,-0.00539,0.01465,0.02869,0.00052,0.00065,0.00024,0.53072,0.00008,0.27991,-0.00009,0.70832,0.00008,0.70590,1,3,0.99957,0.01070,0.01302,-0.02396,0.06079,0.08381,0.63814,0,0
1768603075.039004,0.01729,0.04712,0.04915,0.00172,-0.00303,-0.00015,0.53072,0.00008,0.27991,-0.00009,0.70832,0.00008,0.70590,1,3,0.99957,0.01070,0.01302,-0.02396,0.06079,0.08381,0.63814,0,0
1768603075.041003,-0.00471,0.04937,0.00723,0.00144,-0.00092,0.00061,0.53076,0.00008,0.27991,-0.00009,0.70831,0.00008,0.70590,1,3,0.99957,0.01070,0.01302,-0.02396,0.06079,0.08381,0.63814,0,0
1768603075.042998,0.01758,0.05880,0.02694,0.00131,-0.00177,0.00010,0.53076,0.00008,0.27991,-0.00009,0.70831,0.00008,0.70590,1,3,0.99957,0.01070,0.01302,-0.02396,0.06079,0.08381,0.63814,0,0
1768603075.045033,0.01076,0.03742,-0.00878,0.00053,-0.00068,-0.00026,0.53080,0.00008,0.27991,-0.00009,0.70832,0.00008,0.70590,1,3,0.99957,0.01070,0.01302,-0.02396,0.06079,0.08381,0.63814,0,0
1768603075.047012,-0.03487,0.04301,0.00100,0.00142,0.00141,0.00006,0.53080,0.00008,0.27991,-0.00009,0.70832,0.00008,0.70590,1,3,0.99951,0.01061,0.01374,-0.02619,0.06079,0.08379,0.63803,0,0
1768603075.049008,-0.04316,0.04452,0.03514,0.00168,-0.00036,-0.00023,0.53084,0.00008,0.27991,-0.00009,0.70832,0.00008,0.70589,1,3,0.99951,0.01061,0.01374,-0.02619,0.06079,0.08379,0.63803,0,0
1768603075.051017,-0.00561,0.03121,0.03867,0.00064,0.00099,-0.00035,0.53084,0.00008,0.27991,-0.00009,0.70832,0.00008,0.70589,1,3,0.99951,0.01061,0.01374,-0.02619,0.06079,0.08379,0.63803,0,0
1768603075.053057,-0.02045,0.04991,0.03285,0.00115,-0.00104,-0.00069,0.53088,0.00008,0.27991,-0.00009,0.70831,0.00008,0.70590,1,3,0.99951,0.01061,0.01374,-0.02619,0.06079,0.08379,0.63803,0,0
1768603075.055061,-0.01192,0.03548,-0.00954,0.00132,0.00041,0.00092,0.53093,0.00008,0.27991,-0.00009,0.70831,0.00008,0.70590,1,3,0.99951,0.01061,0.01374,-0.02619,0.06079,0.08379,0.63803,0,0
1768603075.057035,0.01829,0.05818,0.00238,0.00159,-0.00119,0.00013,0.53093,0.00008,0.27991,-0.00009,0.70831,0.00008,0.70590,1,3,0.99951,0.01061,0.01374,-0.02619,0.06079,0.08379,0.63803,0,0
1768603075.059036,0.05544,0.05977,0.03192,0.00121,-0.00258,-0.00018,0.53097,0.00008,0.27991,-0.00009,0.70831,0.00008,0.70590,1,3,0.99951,0.01061,0.01374,-0.02619,0.06079,0.08379,0.63803,0,0
1768603075.061105,-0.00523,0.04028,0.03243,0.00158,-0.00039,0.00032,0.53097,0.00008,0.27991,-0.00009,0.70831,0.00008,0.70590,1,3,0.99951,0.01061,0.01374,-0.02619,0.06079,0.08379,0.63803,0,0
1768603075.063039,-0.00553,0.03553,0.04163,0.00077,0.00103,-0.00116,0.53101,0.00008,0.27991,-0.00009,0.70831,0.00008,0.70590,1,3,0.99951,0.01061,0.01374,-0.02619,0.06079,0.08379,0.63803,0,0
1768603075.065034,-0.00560,0.06954,0.04511,0.00141,0.00020,-0.00081,0.53101,0.00008,0.27991,-0.00009,0.70831,0.00008,0.70590,1,3,0.99951,0.01061,0.01374,-0.02619,0.06079,0.08379,0.63803,0,0
1768603075.067058,-0.02876,0.05973,0.03452,0.00045,0.00160,0.00121,0.53105,0.00008,0.27992,-0.00009,0.70831,0.00008,0.70590,1,3,0.99951,0.01061,0.01374,-0.02619,0.06079,0.08379,0.63803,0,0
1768603075.069083,0.02490,0.04887,0.04190,0.00172,-0.00071,0.00046,0.53105,0.00008,0.27992,-0.00009,0.70831,0.00008,0.70590,1,3,0.99951,0.01061,0.01374,-0.02619,0.06079,0.08379,0.63803,0,0
1768603075.071109,-0.02767,0.03736,0.02420,0.00197,-0.00202,0.00075,0.53109,0.00008,0.27992,-0.00009,0.70831,0.00008,0.70590,1,3,0.99951,0.01061,0.01374,-0.02619,0.06079,0.08379,0.63803,0,0
1768603075.073023,-0.02023,0.02256,0.02399,0.00105,0.00103,-0.00035,0.53109,0.00008,0.27992,-0.00009,0.70831,0.00008,0.70590,1,3,0.99951,0.01061,0.01374,-0.02619,0.06079,0.08379,0.63803,0,0
1768603075.075020,0.00142,0.05203,0.06989,0.00156,0.00050,-0.00036,0.53113,0.00008,0.27992,-0.00009,0.70831,0.00008,0.70590,1,3,0.99951,0.01061,0.01374,-0.02619,0.06079,0.08379,0.63803,0,0
1768603075.077040,0.01676,0.05695,0.05703,0.00130,-0.00009,0.00009,0.53113,0.00008,0.27992,-0.00009,0.70831,0.00008,0.70590,1,3,0.99951,0.01061,0.01374,-0.02619,0.06079,0.08379,0.63803,0,0
1768603075.079034,-0.00507,0.05247,0.02018,0.00130,0.00033,0.00018,0.53113,0.00008,0.27992,-0.00009,0.70831,0.00008,0.70590,1,3,0.99951,0.01061,0.01374,-0.02619,0.06079,0.08379,0.63803,0,0
1768603075.081042,-0.03573,0.03516,0.03067,0.00102,0.00090,0.00012,0.53117,0.00008,0.27992,-0.00009,0.70831,0.00008,0.70590,1,3,0.99951,0.01061,0.01374,-0.02619,0.06079,0.08379,0.63803,0,0
1768603075.083054,0.00289,0.00197,0.01597,0.00149,0.00006,0.00067,0.53117,0.00008,0.27992,-0.00009,0.70831,0.00008,0.70590,1,3,0.99951,0.01061,0.01374,-0.02619,0.06079,0.08379,0.63803,0,0
1768603075.085063,-0.04344,0.00722,0.04863,0.00117,-0.00064,-0.00057,0.53121,0.00008,0.27992,-0.00009,0.70831,0.00008,0.70590,1,3,0.99951,0.01061,0.01374,-0.02619,0.06079,0.08379,0.63803,0,0
1768603075.087041,-0.01222,0.03145,0.00315,0.00118,0.00034,0.00057,0.53121,0.00008,0.27992,-0.00009,0.70831,0.00008,0.70590,1,3,0.99951,0.01061,0.01374,-0.02619,0.06079,0.08379,0.63803,0,0
1768603075.089043,-0.02094,0.08376,0.03607,0.00098,-0.00144,0.00042,0.53125,0.00008,0.27992,-0.00009,0.70831,0.00008,0.70590,1,3,0.99954,0.01095,0.01455,-0.02433,0.06078,0.08380,0.63803,0,0
1768603075.091082,-0.01157,0.06101,-0.02441,0.00130,0.00045,0.00024,0.53125,0.00008,0.27992,-0.00009,0.70831,0.00008,0.70590,1,3,0.99954,0.01095,0.01455,-0.02433,0.06078,0.08380,0.63803,0,0
1768603075.093069,-0.03574,0.05902,0.02204,0.00060,-0.00161,0.00022,0.53129,0.00008,0.27992,-0.00009,0.70831,0.00008,0.70590,1,3,0.99954,0.01095,0.01455,-0.02433,0.06078,0.08380,0.63803,0,0
1768603075.095062,-0.02735,0.06692,0.01286,0.00168,-0.00128,-0.00112,0.53129,0.00008,0.27992,-0.00009,0.70831,0.00008,0.70590,1,3,0.99954,0.01095,0.01455,-0.02433,0.06078,0.08380,0.63803,0,0
1768603075.097058,-0.02051,0.03668,0.03015,0.00103,-0.00064,0.00023,0.53133,0.00008,0.27992,-0.00009,0.70831,0.00008,0.70590,1,3,0.99954,0.01095,0.01455,-0.02433,0.06078,0.08380,0.63803,0,0
1768603075.099090,-0.03556,0.04015,0.02781,0.00128,-0.00001,0.00007,0.53133,0.00008,0.27992,-0.00009,0.70831,0.00008,0.70590,1,3,0.99954,0.01095,0.01455,-0.02433,0.06078,0.08380,0.63803,0,0
1768603075.101059,-0.05756,0.04632,-0.01649,0.00086,0.00251,0.00079,0.53137,0.00008,0.27991,-0.00009,0.70831,0.00008,0.70590,1,3,0.99954,0.01095,0.01455,-0.02433,0.06078,0.08380,0.63803,0,0
1768603075.103049,0.04800,0.05115,0.03292,0.00121,-0.00213,-0.00109,0.53137,0.00008,0.27991,-0.00009,0.70831,0.00008,0.70590,1,3,0.99954,0.01095,0.01455,-0.02433,0.06078,0.08380,0.63803,0,0
1768603075.105595,0.02573,0.04572,-0.00508,0.00080,-0.00107,0.00091,0.53141,0.00008,0.27992,-0.00009,0.70831,0.00008,0.70590,1,3,0.99954,0.01095,0.01455,-0.02433,0.06078,0.08380,0.63803,0,0
1768603075.107041,0.01766,0.05386,0.02913,0.00185,-0.00152,0.00054,0.53145,0.00008,0.27991,-0.00009,0.70831,0.00008,0.70590,1,3,0.99954,0.01095,0.01455,-0.02433,0.06078,0.08380,0.63803,0,0
1768603075.109103,0.00978,0.03130,0.02765,0.00092,0.00042,0.00093,0.53145,0.00008,0.27991,-0.00009,0.70831,0.00008,0.70590,1,3,0.99954,0.01095,0.01455,-0.02433,0.06078,0.08380,0.63803,0,0
1768603075.111067,-0.01368,0.03534,0.05539,0.00076,0.00076,0.00010,0.53149,0.00008,0.27992,-0.00009,0.70831,0.00008,0.70590,1,3,0.99954,0.01095,0.01455,-0.02433,0.06078,0.08380,0.63803,0,0
1768603075.113078,-0.01303,0.08599,0.03429,0.00166,0.00029,-0.00010,0.53149,0.00008,0.27992,-0.00009,0.70831,0.00008,0.70590,1,3,0.99954,0.01095,0.01455,-0.02433,0.06078,0.08380,0.63803,0,0
1768603075.115076,0.04014,0.04022,0.03236,0.00121,-0.00018,0.00069,0.53149,0.00008,0.27992,-0.00009,0.70831,0.00008,0.70590,1,3,0.99954,0.01095,0.01455,-0.02433,0.06078,0.08380,0.63803,0,0
1768603075.117073,0.00183,0.05156,0.04450,0.00143,0.00085,0.00081,0.53153,0.00008,0.27992,-0.00009,0.70831,0.00008,0.70590,1,3,0.99954,0.01095,0.01455,-0.02433,0.06078,0.08380,0.63803,0,0
1768603075.119087,-0.01264,0.03655,0.02965,0.00184,-0.00108,0.00050,0.53153,0.00008,0.27992,-0.00009,0.70831,0.00008,0.70590,1,3,0.99954,0.01095,0.01455,-0.02433,0.06078,0.08380,0.63803,0,0
1768603075.121075,0.00194,0.03739,0.04989,0.00131,-0.00149,-0.00017,0.53157,0.00008,0.27992,-0.00009,0.70831,0.00008,0.70590,1,3,0.99954,0.01095,0.01455,-0.02433,0.06078,0.08380,0.63803,0,0
1768603075.123067,0.01796,0.02747,0.01036,0.00121,-0.00001,0.00087,0.53157,0.00008,0.27992,-0.00009,0.70831,0.00008,0.70590,1,3,0.99954,0.01095,0.01455,-0.02433,0.06078,0.08380,0.63803,0,0
1768603075.125065,0.00281,0.03553,0.01958,0.00213,-0.00033,0.00103,0.53161,0.00008,0.27991,-0.00009,0.70831,0.00008,0.70590,1,3,0.99954,0.01095,0.01455,-0.02433,0.06078,0.08380,0.63803,0,0
1768603075.127180,-0.04331,0.04670,0.02781,0.00127,0.00174,0.00050,0.53161,0.00008,0.27991,-0.00009,0.70831,0.00008,0.70590,1,3,0.99956,0.01079,0.01364,-0.02391,0.06080,0.08382,0.63825,0,0
1768603075.129156,-0.03536,0.08095,0.01286,0.00125,0.00156,-0.00041,0.53165,0.00008,0.27991,-0.00009,0.70831,0.00008,0.70590,1,3,0.99956,0.01079,0.01364,-0.02391,0.06080,0.08382,0.63825,0,0
1768603075.131152,-0.00570,0.04851,0.04795,0.00116,0.00023,-0.00056,0.53165,0.00008,0.27991,-0.00009,0.70831,0.00008,0.70590,1,3,0.99956,0.01079,0.01364,-0.02391,0.06080,0.08382,0.63825,0,0
1768603075.133117,-0.00570,0.04914,0.05258,0.00143,-0.00058,-0.00057,0.53169,0.00008,0.27992,-0.00009,0.70831,0.00008,0.70590,1,3,0.99956,0.01079,0.01364,-0.02391,0.06080,0.08382,0.63825,0,0
1768603075.135153,-0.02849,0.05812,0.05116,0.00180,-0.00169,0.00048,0.53169,0.00008,0.27992,-0.00009,0.70831,0.00008,0.70590,1,3,0.99956,0.01079,0.01364,-0.02391,0.06080,0.08382,0.63825,0,0
1768603075.137104,0.01007,0.04967,0.01671,0.00118,-0.00124,0.00110,0.53173,0.00008,0.27992,-0.00009,0.70831,0.00008,0.70590,1,3,0.99956,0.01079,0.01364,-0.02391,0.06080,0.08382,0.63825,0,0
1768603075.139091,-0.01301,0.07825,0.03019,0.00100,0.00024,-0.00078,0.53173,0.00008,0.27992,-0.00009,0.70831,0.00008,0.70590,1,3,0.99956,0.01079,0.01364,-0.02391,0.06080,0.08382,0.63825,0,0
1768603075.141102,-0.01266,0.05665,0.02275,0.00142,0.00037,-0.00012,0.53177,0.00008,0.27992,-0.00009,0.70831,0.00008,0.70590,1,3,0.99956,0.01079,0.01364,-0.02391,0.06080,0.08382,0.63825,0,0
1768603075.143094,-0.04366,0.02342,0.05759,0.00169,-0.00053,0.00000,0.53181,0.00008,0.27991,-0.00009,0.70831,0.00008,0.70590,1,3,0.99956,0.01079,0.01364,-0.02391,0.06080,0.08382,0.63825,0,0
1768603075.145091,-0.01995,0.06584,0.01827,0.00155,-0.00012,-0.00124,0.53181,0.00008,0.27991,-0.00009,0.70831,0.00008,0.70590,1,3,0.99956,0.01079,0.01364,-0.02391,0.06080,0.08382,0.63825,0,0
1768603075.147091,-0.01300,0.07061,0.03970,0.00154,-0.00096,-0.00068,0.53185,0.00008,0.27991,-0.00009,0.70832,0.00008,0.70590,1,3,0.99956,0.01079,0.01364,-0.02391,0.06080,0.08382,0.63825,0,0
1768603075.149085,0.02565,0.07673,0.02234,0.00185,-0.00270,-0.00138,0.53185,0.00008,0.27991,-0.00009,0.70832,0.00008,0.70590,1,3,0.99956,0.01079,0.01364,-0.02391,0.06080,0.08382,0.63825,0,0
1768603075.151081,0.00269,0.07298,0.01966,0.00129,-0.00295,-0.00095,0.53189,0.00008,0.27991,-0.00009,0.70832,0.00008,0.70589,1,3,0.99956,0.01079,0.01364,-0.02391,0.06080,0.08382,0.63825,0,0
1768603075.153137,-0.00385,0.02896,-0.01245,0.00107,-0.00050,-0.00180,0.53189,0.00008,0.27991,-0.00009,0.70832,0.00008,0.70589,1,3,0.99956,0.01079,0.01364,-0.02391,0.06080,0.08382,0.63825,0,0
1768603075.155092,-0.01258,0.04560,0.02486,0.00157,-0.00136,0.00001,0.53189,0.00008,0.27991,-0.00009,0.70832,0.00008,0.70589,1,3,0.99956,0.01079,0.01364,-0.02391,0.06080,0.08382,0.63825,0,0
1768603075.157104,0.01780,0.04062,0.02770,0.00173,-0.00067,-0.00006,0.53193,0.00008,0.27991,-0.00009,0.70832,0.00008,0.70589,1,3,0.99956,0.01079,0.01364,-0.02391,0.06080,0.08382,0.63825,0,0
1768603075.159111,-0.02806,0.05930,0.01472,0.00100,0.00180,0.00124,0.53193,0.00008,0.27991,-0.00009,0.70832,0.00008,0.70589,1,3,0.99956,0.01079,0.01364,-0.02391,0.06080,0.08382,0.63825,0,0
1768603075.161115,0.03247,0.06560,0.02706,0.00091,-0.00002,0.00051,0.53197,0.00008,0.27991,-0.00009,0.70832,0.00008,0.70589,1,3,0.99956,0.01079,0.01364,-0.02391,0.06080,0.08382,0.63825,0,0
1768603075.163153,0.02448,0.04772,0.05701,0.00172,0.00034,0.00046,0.53197,0.00008,0.27991,-0.00009,0.70832,0.00008,0.70589,1,3,0.99957,0.01081,0.01364,-0.02376,0.06080,0.08383,0.63830,0,0
1768603075.165127,0.04731,0.04196,0.07195,0.00215,-0.00231,-0.00061,0.53201,0.00008,0.27991,-0.00009,0.70832,0.00008,0.70590,1,3,0.99957,0.01081,0.01364,-0.02376,0.06080,0.08383,0.63830,0,0
1768603075.167130,0.00165,0.04207,0.05757,0.00090,-0.00162,-0.00062,0.53201,0.00008,0.27991,-0.00009,0.70832,0.00008,0.70590,1,3,0.99957,0.01081,0.01364,-0.02376,0.06080,0.08383,0.63830,0,0
1768603075.169112,0.00207,0.07494,0.03648,0.00141,-0.00121,0.00015,0.53205,0.00008,0.27991,-0.00009,0.70832,0.00008,0.70589,1,3,0.99957,0.01081,0.01364,-0.02376,0.06080,0.08383,0.63830,0,0
1768603075.171108,-0.00453,0.05702,-0.00727,0.00103,0.00022,0.00052,0.53209,0.00008,0.27991,-0.00009,0.70832,0.00008,0.70589,1,3,0.99957,0.01081,0.01364,-0.02376,0.06080,0.08383,0.63830,0,0
1768603075.173140,-0.01244,0.04944,0.01239,0.00130,-0.00085,0.00035,0.53209,0.00008,0.27991,-0.00009,0.70832,0.00008,0.70589,1,3,0.99957,0.01081,0.01364,-0.02376,0.06080,0.08383,0.63830,0,0
1768603075.175138,0.04006,0.06979,0.03949,0.00158,-0.00030,-0.00004,0.53213,0.00008,0.27990,-0.00009,0.70832,0.00008,0.70589,1,3,0.99957,0.01081,0.01364,-0.02376,0.06080,0.08383,0.63830,0,0
1768603075.177148,0.01667,0.04509,0.06950,0.00158,-0.00103,-0.00015,0.53213,0.00008,0.27990,-0.00009,0.70832,0.00008,0.70589,1,3,0.99957,0.01081,0.01364,-0.02376,0.06080,0.08383,0.63830,0,0
1768603075.179133,-0.02742,0.04762,0.00352,0.00115,0.00122,-0.00013,0.53217,0.00008,0.27990,-0.00009,0.70832,0.00008,0.70589,1,3,0.99957,0.01081,0.01364,-0.02376,0.06080,0.08383,0.63830,0,0
1768603075.181148,-0.03508,0.03619,-0.00383,0.00035,0.00048,0.00013,0.53217,0.00008,0.27990,-0.00009,0.70832,0.00008,0.70589,1,3,0.99957,0.01081,0.01364,-0.02376,0.06080,0.08383,0.63830,0,0
1768603075.183145,-0.01300,0.01483,0.02852,0.00052,0.00043,0.00036,0.53221,0.00008,0.27990,-0.00009,0.70832,0.00008,0.70589,1,3,0.99957,0.01081,0.01364,-0.02376,0.06080,0.08383,0.63830,0,0
1768603075.185136,-0.05913,0.03064,0.05262,0.00100,0.00094,0.00054,0.53221,0.00008,0.27990,-0.00009,0.70832,0.00008,0.70589,1,3,0.99957,0.01081,0.01364,-0.02376,0.06080,0.08383,0.63830,0,0
1768603075.187133,0.01745,0.04169,0.04217,0.00173,-0.00180,-0.00008,0.53221,0.00008,0.27990,-0.00009,0.70832,0.00008,0.70589,1,3,0.99957,0.01081,0.01364,-0.02376,0.06080,0.08383,0.63830,0,0
1768603075.189133,-0.00541,0.05709,0.03751,0.00142,-0.00011,-0.00027,0.53225,0.00008,0.27990,-0.00009,0.70832,0.00008,0.70589,1,3,0.99957,0.01081,0.01364,-0.02376,0.06080,0.08383,0.63830,0,0
1768603075.191126,-0.01188,0.04818,-0.00556,0.00104,0.00111,-0.00115,0.53225,0.00008,0.27990,-0.00009,0.70832,0.00008,0.70589,1,3,0.99957,0.01081,0.01364,-0.02376,0.06080,0.08383,0.63830,0,0
1768603075.193149,-0.04317,0.06906,0.02458,0.00152,0.00039,0.00024,0.53229,0.00008,0.27990,-0.00009,0.70832,0.00008,0.70589,1,3,0.99958,0.01066,0.01291,-0.02364,0.06081,0.08384,0.63838,0,0
1768603075.195137,-0.00558,0.05282,0.04386,0.00183,-0.00069,0.00093,0.53229,0.00008,0.27990,-0.00009,0.70832,0.00008,0.70589,1,3,0.99958,0.01066,0.01291,-0.02364,0.06081,0.08384,0.63838,0,0
1768603075.197154,0.02535,0.02011,0.02570,0.00122,-0.00091,0.00005,0.53233,0.00008,0.27990,-0.00009,0.70832,0.00008,0.70589,1,3,0.99958,0.01066,0.01291,-0.02364,0.06081,0.08384,0.63838,0,0
1768603075.199149,-0.02843,0.04591,0.04991,0.00128,-0.00149,-0.00052,0.53233,0.00008,0.27990,-0.00009,0.70832,0.00008,0.70589,1,3,0.99958,0.01066,0.01291,-0.02364,0.06081,0.08384,0.63838,0,0
1768603075.201161,-0.00427,0.05244,-0.00904,0.00131,0.00063,-0.00018,0.53233,0.00008,0.27990,-0.00009,0.70832,0.00008,0.70589,1,3,0.99958,0.01066,0.01291,-0.02364,0.06081,0.08384,0.63838,0,0
1768603075.203162,-0.05776,0.05667,0.00853,0.00139,0.00063,-0.00087,0.53241,0.00008,0.27990,-0.00009,0.70832,0.00008,0.70589,1,3,0.99958,0.01066,0.01291,-0.02364,0.06081,0.08384,0.63838,0,0
1768603075.205157,-0.01255,0.06849,-0.00448,0.00034,0.00178,0.00050,0.53241,0.00008,0.27990,-0.00009,0.70832,0.00008,0.70589,1,3,0.99958,0.01066,0.01291,-0.02364,0.06081,0.08384,0.63838,0,0
1768603075.207169,0.00109,0.03920,0.08248,0.00143,0.00065,-0.00022,0.53245,0.00008,0.27990,-0.00009,0.70832,0.00008,0.70589,1,3,0.99958,0.01066,0.01291,-0.02364,0.06081,0.08384,0.63838,0,0
1768603075.209207,-0.03606,0.04022,0.04787,0.00114,0.00001,-0.00033,0.53245,0.00008,0.27990,-0.00009,0.70832,0.00008,0.70589,1,3,0.99958,0.01066,0.01291,-0.02364,0.06081,0.08384,0.63838,0,0
1768603075.211174,-0.01214,0.00669,0.00815,0.00148,-0.00047,0.00087,0.53249,0.00008,0.27991,-0.00009,0.70832,0.00008,0.70589,1,3,0.99958,0.01066,0.01291,-0.02364,0.06081,0.08384,0.63838,0,0
1768603075.213147,-0.01993,0.06718,0.01163,0.00168,-0.00195,0.00027,0.53249,0.00008,0.27991,-0.00009,0.70832,0.00008,0.70589,1,3,0.99958,0.01066,0.01291,-0.02364,0.06081,0.08384,0.63838,0,0
1768603075.215174,0.03405,0.05535,-0.01058,0.00215,-0.00288,0.00031,0.53253,0.00008,0.27991,-0.00009,0.70832,0.00008,0.70589,1,3,0.99958,0.01066,0.01291,-0.02364,0.06081,0.08384,0.63838,0,0
1768603075.217155,-0.01327,0.05766,0.03788,0.00061,-0.00011,-0.00054,0.53253,0.00008,0.27991,-0.00009,0.70832,0.00008,0.70589,1,3,0.99958,0.01066,0.01291,-0.02364,0.06081,0.08384,0.63838,0,0
1768603075.219197,0.00960,0.05273,0.04010,0.00117,0.00014,-0.00010,0.53253,0.00008,0.27991,-0.00009,0.70832,0.00008,0.70589,1,3,0.99958,0.01066,0.01291,-0.02364,0.06081,0.08384,0.63838,0,0
1768603075.221159,-0.00525,0.04892,0.04332,0.00170,-0.00026,-0.00131,0.53257,0.00008,0.27990,-0.00009,0.70832,0.00008,0.70589,1,3,0.99958,0.01066,0.01291,-0.02364,0.06081,0.08384,0.63838,0,0
1768603075.223166,-0.02827,0.03950,0.03728,0.00142,0.00032,0.00071,0.53257,0.00008,0.27990,-0.00009,0.70832,0.00008,0.70589,1,3,0.99958,0.01066,0.01291,-0.02364,0.06081,0.08384,0.63838,0,0
1768603075.225167,0.00243,0.07495,0.02652,0.00169,-0.00133,0.00016,0.53261,0.00008,0.27990,-0.00009,0.70832,0.00008,0.70589,1,3,0.99958,0.01066,0.01291,-0.02364,0.06081,0.08384,0.63838,0,0
1768603075.227166,-0.00553,0.04470,0.03023,0.00063,0.00002,0.00025,0.53261,0.00008,0.27990,-0.00009,0.70832,0.00008,0.70589,1,3,0.99958,0.01066,0.01291,-0.02364,0.06081,0.08384,0.63838,0,0
1768603075.229173,-0.01318,0.03753,0.05025,0.00130,-0.00149,-0.00068,0.53265,0.00008,0.27990,-0.00009,0.70832,0.00008,0.70589,1,3,0.99958,0.01066,0.01291,-0.02364,0.06081,0.08384,0.63838,0,0
1768603075.231175,-0.02055,0.04825,0.03301,0.00115,0.00049,-0.00029,0.53265,0.00008,0.27990,-0.00009,0.70832,0.00008,0.70589,1,3,0.99958,0.01066,0.01291,-0.02364,0.06081,0.08384,0.63838,0,0
1768603075.233166,0.01770,0.04849,0.01748,0.00118,0.00008,0.00061,0.53269,0.00008,0.27991,-0.00009,0.70832,0.00008,0.70589,1,3,0.99958,0.01066,0.01291,-0.02364,0.06081,0.08384,0.63838,0,0
1768603075.235178,-0.00412,0.07682,-0.02084,0.00195,0.00071,0.00145,0.53269,0.00008,0.27991,-0.00009,0.70832,0.00008,0.70589,1,3,0.99954,0.01071,0.01388,-0.02483,0.06079,0.08380,0.63806,0,0
1768603075.237175,-0.00516,0.03899,0.02236,0.00144,0.00080,0.00110,0.53273,0.00008,0.27991,-0.00009,0.70832,0.00008,0.70589,1,3,0.99954,0.01071,0.01388,-0.02483,0.06079,0.08380,0.63806,0,0
1768603075.239178,-0.02106,0.05794,0.05631,0.00167,-0.00141,0.00035,0.53273,0.00008,0.27991,-0.00009,0.70832,0.00008,0.70589,1,3,0.99954,0.01071,0.01388,-0.02483,0.06079,0.08380,0.63806,0,0
1768603075.241187,-0.00533,0.02788,0.03140,0.00065,0.00025,-0.00069,0.53273,0.00008,0.27991,-0.00009,0.70832,0.00008,0.70589,1,3,0.99954,0.01071,0.01388,-0.02483,0.06079,0.08380,0.63806,0,0
1768603075.243180,0.00182,0.06226,0.04454,0.00102,-0.00090,-0.00009,0.53281,0.00008,0.27990,-0.00009,0.70832,0.00008,0.70589,1,3,0.99954,0.01071,0.01388,-0.02483,0.06079,0.08380,0.63806,0,0
1768603075.245177,0.00267,0.06647,0.01316,0.00089,-0.00041,-0.00088,0.53281,0.00008,0.27990,-0.00009,0.70832,0.00008,0.70589,1,3,0.99954,0.01071,0.01388,-0.02483,0.06079,0.08380,0.63806,0,0
1768603075.247172,-0.02754,0.01533,0.00791,0.00105,-0.00048,0.00102,0.53285,0.00008,0.27990,-0.00009,0.70832,0.00008,0.70589,1,3,0.99954,0.01071,0.01388,-0.02483,0.06079,0.08380,0.63806,0,0
1768603075.249189,0.00195,0.06574,0.03105,0.00115,-0.00063,0.00140,0.53285,0.00008,0.27990,-0.00009,0.70832,0.00008,0.70589,1,3,0.99954,0.01071,0.01388,-0.02483,0.06079,0.08380,0.63806,0,0
1768603075.251324,-0.02800,0.04507,0.02976,0.00142,-0.00086,0.00027,0.53290,0.00008,0.27990,-0.00009,0.70832,0.00008,0.70589,1,3,0.99954,0.01071,0.01388,-0.02483,0.06079,0.08380,0.63806,0,0
1768603075.253202,-0.02719,0.03524,0.00730,0.00131,0.00127,-0.00150,0.53290,0.00008,0.27990,-0.00009,0.70832,0.00008,0.70589,1,3,0.99954,0.01071,0.01388,-0.02483,0.06079,0.08380,0.63806,0,0
1768603075.255193,-0.03466,0.03972,-0.01173,0.00116,0.00060,0.00049,0.53294,0.00008,0.27990,-0.00009,0.70832,0.00008,0.70589,1,3,0.99954,0.01071,0.01388,-0.02483,0.06079,0.08380,0.63806,0,0
1768603075.257206,0.00217,0.04065,0.03710,0.00144,-0.00077,0.00056,0.53294,0.00008,0.27990,-0.00009,0.70832,0.00008,0.70589,1,3,0.99954,0.01071,0.01388,-0.02483,0.06079,0.08380,0.63806,0,0
1768603075.259197,-0.00612,0.06651,0.05592,0.00127,-0.00142,0.00074,0.53294,0.00008,0.27990,-0.00009,0.70832,0.00008,0.70589,1,3,0.99954,0.01071,0.01388,-0.02483,0.06079,0.08380,0.63806,0,0
1768603075.261192,-0.00594,0.06216,0.05344,0.00155,-0.00145,0.00080,0.53298,0.00008,0.27991,-0.00009,0.70832,0.00008,0.70589,1,3,0.99954,0.01071,0.01388,-0.02483,0.06079,0.08380,0.63806,0,0
1768603075.263196,-0.02115,0.01938,0.05555,0.00077,-0.00012,0.00004,0.53298,0.00008,0.27991,-0.00009,0.70832,0.00008,0.70589,1,3,0.99954,0.01071,0.01388,-0.02483,0.06079,0.08380,0.63806,0,0
1768603075.265193,0.01800,0.04933,0.02397,0.00146,-0.00028,-0.00169,0.53298,0.00008,0.27991,-0.00009,0.70832,0.00008,0.70589,1,3,0.99954,0.01071,0.01388,-0.02483,0.06079,0.08380,0.63806,0,0
1768603075.267199,0.07152,0.05534,0.00576,0.00137,-0.00202,-0.00112,0.53302,0.00008,0.27991,-0.00009,0.70832,0.00008,0.70589,1,3,0.99955,0.01055,0.01332,-0.02476,0.06081,0.08383,0.63837,0,0
1768603075.269265,0.00923,0.08271,0.05627,0.00167,-0.00075,-0.00008,0.53306,0.00008,0.27991,-0.00009,0.70832,0.00008,0.70589,1,3,0.99955,0.01055,0.01332,-0.02476,0.06081,0.08383,0.63837,0,0
1768603075.271247,-0.02038,0.04870,0.02165,0.00142,-0.00052,0.00124,0.53306,0.00008,0.27991,-0.00009,0.70832,0.00008,0.70589,1,3,0.99955,0.01055,0.01332,-0.02476,0.06081,0.08383,0.63837,0,0
1768603075.273260,0.02570,0.02839,0.01085,0.00122,-0.00066,-0.00003,0.53306,0.00008,0.27991,-0.00009,0.70832,0.00008,0.70589,1,3,0.99955,0.01055,0.01332,-0.02476,0.06081,0.08383,0.63837,0,0
1768603075.275231,0.01069,0.03980,0.02055,0.00174,-0.00360,-0.00144,0.53314,0.00008,0.27991,-0.00009,0.70832,0.00008,0.70589,1,3,0.99955,0.01055,0.01332,-0.02476,0.06081,0.08383,0.63837,0,0
1768603075.277218,0.05613,0.06122,0.00355,0.00041,-0.00293,-0.00171,0.53314,0.00008,0.27991,-0.00009,0.70832,0.00008,0.70589,1,3,0.99955,0.01055,0.01332,-0.02476,0.06081,0.08383,0.63837,0,0
1768603075.279231,0.01770,0.05348,0.01961,0.00131,-0.00077,0.00055,0.53318,0.00008,0.27991,-0.00009,0.70831,0.00008,0.70590,1,3,0.99955,0.01055,0.01332,-0.02476,0.06081,0.08383,0.63837,0,0
1768603075.281224,-0.00478,0.04361,0.00501,0.00131,0.00059,0.00106,0.53318,0.00008,0.27991,-0.00009,0.70831,0.00008,0.70590,1,3,0.99955,0.01055,0.01332,-0.02476,0.06081,0.08383,0.63837,0,0
1768603075.283230,-0.05098,0.05163,0.02069,0.00045,0.00165,0.00018,0.53322,0.00008,0.27991,-0.00009,0.70832,0.00008,0.70590,1,3,0.99955,0.01055,0.01332,-0.02476,0.06081,0.08383,0.63837,0,0
1768603075.285235,0.03298,0.03488,0.03851,0.00149,-0.00272,-0.00178,0.53322,0.00008,0.27991,-0.00009,0.70832,0.00008,0.70590,1,3,0.99955,0.01055,0.01332,-0.02476,0.06081,0.08383,0.63837,0,0
1768603075.287234,-0.04380,0.04528,0.05516,0.00113,-0.00077,-0.00065,0.53326,0.00008,0.27991,-0.00009,0.70831,0.00008,0.70590,1,3,0.99955,0.01055,0.01332,-0.02476,0.06081,0.08383,0.63837,0,0
1768603075.289225,-0.01211,0.04955,0.00834,0.00144,-0.00068,-0.00079,0.53326,0.00008,0.27991,-0.00009,0.70831,0.00008,0.70590,1,3,0.99955,0.01055,0.01332,-0.02476,0.06081,0.08383,0.63837,0,0
1768603075.291239,0.02515,0.06173,0.02385,0.00158,-0.00093,0.00108,0.53330,0.00008,0.27991,-0.00009,0.70831,0.00008,0.70590,1,3,0.99955,0.01055,0.01332,-0.02476,0.06081,0.08383,0.63837,0,0
1768603075.293227,-0.02002,0.07361,0.00215,0.00113,0.00033,0.00057,0.53330,0.00008,0.27991,-0.00009,0.70831,0.00008,0.70590,1,3,0.99955,0.01055,0.01332,-0.02476,0.06081,0.08383,0.63837,0,0
1768603075.295224,0.00984,0.03581,0.03536,0.00132,0.00008,0.00011,0.53330,0.00008,0.27991,-0.00009,0.70831,0.00008,0.70590,1,3,0.99955,0.01055,0.01332,-0.02476,0.06081,0.08383,0.63837,0,0
1768603075.297219,0.00185,0.04845,0.06253,0.00197,-0.00024,-0.00068,0.53334,0.00008,0.27991,-0.00009,0.70832,0.00008,0.70590,1,3,0.99955,0.01055,0.01332,-0.02476,0.06081,0.08383,0.63837,0,0
1768603075.299219,-0.02773,0.02360,0.02902,0.00131,0.00000,-0.00100,0.53334,0.00008,0.27991,-0.00009,0.70832,0.00008,0.70590,1,3,0.99955,0.01055,0.01332,-0.02476,0.06081,0.08383,0.63837,0,0
1768603075.301238,0.03976,0.08283,0.04114,0.00130,-0.00072,0.00055,0.53338,0.00008,0.27991,-0.00009,0.70831,0.00008,0.70590,1,3,0.99955,0.01055,0.01332,-0.02476,0.06081,0.08383,0.63837,0,0
1768603075.303249,-0.02069,0.04423,0.03447,0.00129,-0.00015,0.00090,0.53338,0.00008,0.27991,-0.00009,0.70831,0.00008,0.70590,1,3,0.99958,0.01074,0.01322,-0.02348,0.06081,0.08384,0.63837,0,0
1768603075.305260,0.01866,0.02820,-0.01379,0.00108,-0.00030,0.00011,0.53338,0.00008,0.27991,-0.00009,0.70831,0.00008,0.70590,1,3,0.99958,0.01074,0.01322,-0.02348,0.06081,0.08384,0.63837,0,0
1768603075.307242,-0.02767,0.04037,0.01357,0.00089,0.00025,-0.00043,0.53342,0.00008,0.27991,-0.00009,0.70832,0.00008,0.70590,1,3,0.99958,0.01074,0.01322,-0.02348,0.06081,0.08384,0.63837,0,0
1768603075.309553,0.07107,0.03430,0.01857,0.00085,-0.00187,-0.00088,0.53342,0.00008,0.27991,-0.00009,0.70832,0.00008,0.70590,1,3,0.99958,0.01074,0.01322,-0.02348,0.06081,0.08384,0.63837,0,0
1768603075.311297,-0.02788,0.01513,0.03413,0.00118,0.00006,-0.00090,0.53346,0.00008,0.27991,-0.00009,0.70831,0.00008,0.70590,1,3,0.99958,0.01074,0.01322,-0.02348,0.06081,0.08384,0.63837,0,0
1768603075.313256,0.03278,0.06572,0.01675,0.00118,-0.00036,0.00091,0.53350,0.00008,0.27991,-0.00009,0.70831,0.00008,0.70590,1,3,0.99958,0.01074,0.01322,-0.02348,0.06081,0.08384,0.63837,0,0
1768603075.315242,0.04129,0.09323,-0.00388,0.00211,-0.00279,0.00010,0.53350,0.00008,0.27991,-0.00009,0.70831,0.00008,0.70590,1,3,0.99958,0.01074,0.01322,-0.02348,0.06081,0.08384,0.63837,0,0
1768603075.317276,0.04888,0.05526,-0.00437,0.00122,-0.00193,-0.00073,0.53354,0.00008,0.27991,-0.00009,0.70831,0.00008,0.70590,1,3,0.99958,0.01074,0.01322,-0.02348,0.06081,0.08384,0.63837,0,0
1768603075.319260,-0.04235,0.00642,0.00935,0.00145,0.00020,-0.00052,0.53354,0.00008,0.27991,-0.00009,0.70831,0.00008,0.70590,1,3,0.99958,0.01074,0.01322,-0.02348,0.06081,0.08384,0.63837,0,0
1768603075.321243,-0.02759,0.00609,0.02895,0.00173,0.00022,-0.00040,0.53359,0.00008,0.27991,-0.00009,0.70831,0.00008,0.70590,1,3,0.99958,0.01074,0.01322,-0.02348,0.06081,0.08384,0.63837,0,0
1768603075.323294,-0.05076,0.06406,0.01752,0.00111,0.00139,0.00042,0.53359,0.00008,0.27991,-0.00009,0.70831,0.00008,0.70590,1,3,0.99958,0.01074,0.01322,-0.02348,0.06081,0.08384,0.63837,0,0
1768603075.325247,0.00328,0.06191,-0.00484,0.00157,-0.00062,-0.00004,0.53363,0.00008,0.27991,-0.00009,0.70831,0.00008,0.70590,1,3,0.99958,0.01074,0.01322,-0.02348,0.06081,0.08384,0.63837,0,0
1768603075.327244,0.01100,0.06157,-0.01987,0.00118,-0.00015,0.00061,0.53363,0.00008,0.27991,-0.00009,0.70831,0.00008,0.70590,1,3,0.99958,0.01074,0.01322,-0.02348,0.06081,0.08384,0.63837,0,0
1768603075.329248,0.02576,0.04917,0.01290,0.00173,-0.00063,-0.00028,0.53367,0.00008,0.27991,-0.00009,0.70831,0.00008,0.70590,1,3,0.99958,0.01074,0.01322,-0.02348,0.06081,0.08384,0.63837,0,0
1768603075.331260,-0.01419,0.04504,0.07868,0.00128,-0.00114,0.00073,0.53367,0.00008,0.27991,-0.00009,0.70831,0.00008,0.70590,1,3,0.99958,0.01074,0.01322,-0.02348,0.06081,0.08384,0.63837,0,0
1768603075.333251,-0.01330,0.01863,0.04417,0.00145,-0.00025,0.00184,0.53367,0.00008,0.27991,-0.00009,0.70831,0.00008,0.70590,1,3,0.99958,0.01074,0.01322,-0.02348,0.06081,0.08384,0.63837,0,0
1768603075.335310,-0.02863,0.07436,0.04196,0.00085,-0.00028,-0.00011,0.53371,0.00008,0.27991,-0.00009,0.70831,0.00008,0.70590,1,3,0.99958,0.01074,0.01322,-0.02348,0.06081,0.08384,0.63837,0,0
1768603075.337268,-0.00560,0.05345,0.04078,0.00076,-0.00007,-0.00100,0.53371,0.00008,0.27991,-0.00009,0.70831,0.00008,0.70590,1,3,0.99959,0.01064,0.01301,-0.02313,0.06081,0.08384,0.63835,0,0
1768603075.339271,0.03291,0.06183,0.01494,0.00105,-0.00038,0.00019,0.53375,0.00008,0.27991,-0.00009,0.70831,0.00008,0.70590,1,3,0.99959,0.01064,0.01301,-0.02313,0.06081,0.08384,0.63835,0,0
1768603075.341260,0.03302,0.03652,0.02042,0.00134,-0.00054,0.00012,0.53375,0.00008,0.27991,-0.00009,0.70831,0.00008,0.70590,1,3,0.99959,0.01064,0.01301,-0.02313,0.06081,0.08384,0.63835,0,0
1768603075.343319,-0.00464,0.04471,0.00533,0.00131,-0.00028,0.00029,0.53379,0.00008,0.27991,-0.00009,0.70831,0.00008,0.70590,1,3,0.99959,0.01064,0.01301,-0.02313,0.06081,0.08384,0.63835,0,0
1768603075.345268,-0.01192,0.06127,-0.00457,0.00156,0.00003,-0.00015,0.53383,0.00008,0.27991,-0.00009,0.70832,0.00008,0.70590,1,3,0.99959,0.01064,0.01301,-0.02313,0.06081,0.08384,0.63835,0,0
1768603075.347297,-0.00574,0.06489,0.04193,0.00128,0.00038,0.00039,0.53383,0.00008,0.27991,-0.00009,0.70832,0.00008,0.70590,1,3,0.99959,0.01064,0.01301,-0.02313,0.06081,0.08384,0.63835,0,0
1768603075.349275,-0.01270,0.05563,0.03071,0.00103,-0.00216,-0.00165,0.53387,0.00008,0.27991,-0.00009,0.70832,0.00008,0.70589,1,3,0.99959,0.01064,0.01301,-0.02313,0.06081,0.08384,0.63835,0,0
1768603075.351909,-0.01336,0.07061,0.04967,0.00127,-0.00084,-0.00070,0.53390,0.00008,0.27990,-0.00009,0.70832,0.00008,0.70589,1,3,0.99959,0.01064,0.01301,-0.02313,0.06081,0.08384,0.63835,0,0
1768603075.353282,0.00984,0.06641,0.03144,0.00156,-0.00128,0.00051,0.53390,0.00008,0.27990,-0.00009,0.70832,0.00008,0.70589,1,3,0.99959,0.01064,0.01301,-0.02313,0.06081,0.08384,0.63835,0,0
1768603075.355334,-0.01911,0.02602,-0.02371,0.00132,0.00155,0.00079,0.53390,0.00008,0.27990,-0.00009,0.70832,0.00008,0.70589,1,3,0.99959,0.01064,0.01301,-0.02313,0.06081,0.08384,0.63835,0,0
1768603075.357296,0.02483,0.04760,0.05475,0.00159,-0.00318,-0.00106,0.53394,0.00008,0.27990,-0.00009,0.70832,0.00008,0.70589,1,3,0.99959,0.01064,0.01301,-0.02313,0.06081,0.08384,0.63835,0,0
1768603075.359306,-0.01258,0.05679,0.01821,0.00115,0.00053,-0.00051,0.53394,0.00008,0.27990,-0.00009,0.70832,0.00008,0.70589,1,3,0.99959,0.01064,0.01301,-0.02313,0.06081,0.08384,0.63835,0,0
1768603075.361281,-0.07319,0.05134,0.01606,0.00138,0.00159,-0.00056,0.53398,0.00008,0.27990,-0.00009,0.70832,0.00008,0.70589,1,3,0.99959,0.01064,0.01301,-0.02313,0.06081,0.08384,0.63835,0,0
1768603075.363299,-0.02816,0.04407,0.03535,0.00128,0.00030,-0.00011,0.53398,0.00008,0.27990,-0.00009,0.70832,0.00008,0.70589,1,3,0.99959,0.01064,0.01301,-0.02313,0.06081,0.08384,0.63835,0,0
1768603075.365287,-0.02729,0.01902,0.00125,0.00105,0.00032,0.00022,0.53398,0.00008,0.27990,-0.00009,0.70832,0.00008,0.70589,1,3,0.99959,0.01064,0.01301,-0.02313,0.06081,0.08384,0.63835,0,0
1768603075.367327,0.01040,0.03653,0.00915,0.00160,-0.00111,0.00165,0.53402,0.00008,0.27990,-0.00009,0.70833,0.00008,0.70589,1,3,0.99959,0.01064,0.01301,-0.02313,0.06081,0.08384,0.63835,0,0
1768603075.369282,-0.00540,0.08332,0.02134,0.00100,-0.00096,0.00056,0.53402,0.00008,0.27990,-0.00009,0.70833,0.00008,0.70589,1,3,0.99959,0.01064,0.01301,-0.02313,0.06081,0.08384,0.63835,0,0
1768603075.371319,0.03369,0.05736,-0.01689,0.00093,0.00010,0.00027,0.53406,0.00008,0.27990,-0.00009,0.70832,0.00008,0.70589,1,3,0.99959,0.01064,0.01301,-0.02313,0.06081,0.08384,0.63835,0,0
1768603075.373293,0.06359,0.01496,0.02689,0.00086,-0.00330,-0.00205,0.53406,0.00008,0.27990,-0.00009,0.70832,0.00008,0.70589,1,3,0.99956,0.01062,0.01276,-0.02478,0.06081,0.08383,0.63832,0,0
1768603075.375297,-0.00489,0.04749,0.01307,0.00130,0.00112,0.00025,0.53410,0.00008,0.27990,-0.00009,0.70833,0.00008,0.70589,1,3,0.99956,0.01062,0.01276,-0.02478,0.06081,0.08383,0.63832,0,0
1768603075.377301,-0.04423,0.05560,0.06723,0.00138,0.00112,-0.00002,0.53410,0.00008,0.27990,-0.00009,0.70833,0.00008,0.70589,1,3,0.99956,0.01062,0.01276,-0.02478,0.06081,0.08383,0.63832,0,0
1768603075.379301,0.03333,0.05246,0.00456,0.00173,-0.00007,0.00108,0.53414,0.00008,0.27990,-0.00009,0.70833,0.00008,0.70589,1,3,0.99956,0.01062,0.01276,-0.02478,0.06081,0.08383,0.63832,0,0
1768603075.381298,0.04031,0.04823,0.04135,0.00254,-0.00072,0.00099,0.53419,0.00008,0.27990,-0.00009,0.70832,0.00008,0.70589,1,3,0.99956,0.01062,0.01276,-0.02478,0.06081,0.08383,0.63832,0,0
1768603075.383333,0.01675,0.03206,0.05886,0.00052,0.00036,-0.00114,0.53419,0.00008,0.27990,-0.00009,0.70832,0.00008,0.70589,1,3,0.99956,0.01062,0.01276,-0.02478,0.06081,0.08383,0.63832,0,0
1768603075.385305,0.00913,0.06222,0.06490,0.00129,-0.00087,-0.00099,0.53422,0.00008,0.27990,-0.00009,0.70832,0.00008,0.70589,1,3,0.99956,0.01062,0.01276,-0.02478,0.06081,0.08383,0.63832,0,0
1768603075.387297,0.00261,0.07787,0.01977,0.00168,0.00011,-0.00025,0.53422,0.00008,0.27990,-0.00009,0.70832,0.00008,0.70589,1,3,0.99956,0.01062,0.01276,-0.02478,0.06081,0.08383,0.63832,0,0
1768603075.389317,-0.00505,0.02258,0.01283,0.00092,0.00068,0.00130,0.53427,0.00008,0.27990,-0.00009,0.70832,0.00008,0.70589,1,3,0.99956,0.01062,0.01276,-0.02478,0.06081,0.08383,0.63832,0,0
1768603075.391298,-0.01980,0.00946,0.00598,0.00133,0.00103,0.00096,0.53427,0.00008,0.27990,-0.00009,0.70832,0.00008,0.70589,1,3,0.99956,0.01062,0.01276,-0.02478,0.06081,0.08383,0.63832,0,0
1768603075.393307,0.00989,0.01952,0.04024,0.00161,-0.00074,0.00031,0.53431,0.00008,0.27991,-0.00009,0.70832,0.00008,0.70589,1,3,0.99956,0.01062,0.01276,-0.02478,0.06081,0.08383,0.63832,0,0
1768603075.395336,0.03327,0.07200,0.02025,0.00172,-0.00207,-0.00145,0.53431,0.00008,0.27991,-0.00009,0.70832,0.00008,0.70589,1,3,0.99956,0.01062,0.01276,-0.02478,0.06081,0.08383,0.63832,0,0
1768603075.397307,-0.01968,0.04855,0.00401,0.00116,0.00057,-0.00103,0.53431,0.00008,0.27991,-0.00009,0.70832,0.00008,0.70589,1,3,0.99956,0.01062,0.01276,-0.02478,0.06081,0.08383,0.63832,0,0
1768603075.399332,0.04147,0.03036,-0.00474,0.00164,-0.00281,0.00009,0.53435,0.00008,0.27991,-0.00009,0.70832,0.00008,0.70589,1,3,0.99956,0.01062,0.01276,-0.02478,0.06081,0.08383,0.63832,0,0
1768603075.401303,-0.03556,0.04887,0.02280,0.00101,-0.00007,-0.00003,0.53435,0.00008,0.27991,-0.00009,0.70832,0.00008,0.70589,1,3,0.99956,0.01062,0.01276,-0.02478,0.06081,0.08383,0.63832,0,0
1768603075.403324,-0.02102,0.06120,0.04850,0.00167,-0.00063,0.00107,0.53439,0.00008,0.27991,-0.00009,0.70832,0.00008,0.70589,1,3,0.99956,0.01062,0.01276,-0.02478,0.06081,0.08383,0.63832,0,0
1768603075.405328,-0.01344,0.05757,0.05172,0.00141,-0.00081,0.00022,0.53439,0.00008,0.27991,-0.00009,0.70832,0.00008,0.70589,1,3,0.99956,0.01062,0.01276,-0.02478,0.06081,0.08383,0.63832,0,0
1768603075.407319,0.01032,0.06164,0.02619,0.00157,-0.00003,-0.00171,0.53443,0.00008,0.27990,-0.00009,0.70832,0.00008,0.70589,1,3,0.99956,0.01062,0.01276,-0.02478,0.06081,0.08383,0.63832,0,0
1768603075.409317,-0.03501,0.06115,0.00571,0.00127,0.00038,-0.00055,0.53443,0.00008,0.27990,-0.00009,0.70832,0.00008,0.70589,1,3,0.99956,0.01079,0.01403,-0.02398,0.06079,0.08382,0.63816,0,0
1768603075.411332,-0.02082,0.05346,0.03942,0.00114,-0.00074,0.00041,0.53447,0.00008,0.27990,-0.00009,0.70832,0.00008,0.70589,1,3,0.99956,0.01079,0.01403,-0.02398,0.06079,0.08382,0.63816,0,0
1768603075.413342,0.03343,0.06383,0.00504,0.00133,-0.00225,-0.00058,0.53451,0.00008,0.27991,-0.00009,0.70832,0.00008,0.70589,1,3,0.99956,0.01079,0.01403,-0.02398,0.06079,0.08382,0.63816,0,0
1768603075.415381,-0.01333,0.05779,0.05229,0.00141,-0.00081,-0.00054,0.53451,0.00008,0.27991,-0.00009,0.70832,0.00008,0.70589,1,3,0.99956,0.01079,0.01403,-0.02398,0.06079,0.08382,0.63816,0,0
1768603075.417393,-0.01288,0.04093,0.03292,0.00117,-0.00061,-0.00033,0.53455,0.00008,0.27991,-0.00009,0.70832,0.00008,0.70589,1,3,0.99956,0.01079,0.01403,-0.02398,0.06079,0.08382,0.63816,0,0
1768603075.419396,-0.01250,0.04511,0.01569,0.00103,-0.00038,-0.00037,0.53455,0.00008,0.27991,-0.00009,0.70832,0.00008,0.70589,1,3,0.99956,0.01079,0.01403,-0.02398,0.06079,0.08382,0.63816,0,0
1768603075.421316,0.01073,0.04054,-0.01205,0.00079,-0.00006,0.00085,0.53459,0.00008,0.27991,-0.00009,0.70832,0.00008,0.70589,1,3,0.99956,0.01079,0.01403,-0.02398,0.06079,0.08382,0.63816,0,0
1768603075.423340,0.00153,0.04496,0.05998,0.00103,-0.00050,-0.00027,0.53459,0.00008,0.27991,-0.00009,0.70832,0.00008,0.70589,1,3,0.99956,0.01079,0.01403,-0.02398,0.06079,0.08382,0.63816,0,0
1768603075.425345,0.01780,0.04399,0.01954,0.00173,-0.00011,0.00105,0.53463,0.00008,0.27991,-0.00009,0.70832,0.00008,0.70589,1,3,0.99956,0.01079,0.01403,-0.02398,0.06079,0.08382,0.63816,0,0
1768603075.427332,0.01815,0.05443,0.00600,0.00092,-0.00093,-0.00098,0.53463,0.00008,0.27991,-0.00009,0.70832,0.00008,0.70589,1,3,0.99956,0.01079,0.01403,-0.02398,0.06079,0.08382,0.63816,0,0
1768603075.429327,0.00262,0.03625,0.02034,0.00132,-0.00032,0.00025,0.53467,0.00008,0.27991,-0.00009,0.70832,0.00008,0.70590,1,3,0.99956,0.01079,0.01403,-0.02398,0.06079,0.08382,0.63816,0,0
1768603075.431344,-0.03550,0.04884,0.02201,0.00141,-0.00052,0.00073,0.53467,0.00008,0.27991,-0.00009,0.70832,0.00008,0.70590,1,3,0.99956,0.01079,0.01403,-0.02398,0.06079,0.08382,0.63816,0,0
1768603075.433347,-0.00585,0.05322,0.05915,0.00182,-0.00094,0.00015,0.53467,0.00008,0.27991,-0.00009,0.70832,0.00008,0.70590,1,3,0.99956,0.01079,0.01403,-0.02398,0.06079,0.08382,0.63816,0,0
1768603075.435341,-0.00580,0.03647,0.04940,0.00130,-0.00084,0.00073,0.53471,0.00008,0.27991,-0.00009,0.70832,0.00008,0.70590,1,3,0.99956,0.01079,0.01403,-0.02398,0.06079,0.08382,0.63816,0,0
1768603075.437347,0.01777,0.03974,0.02796,0.00173,0.00021,-0.00005,0.53471,0.00008,0.27991,-0.00009,0.70832,0.00008,0.70590,1,3,0.99956,0.01079,0.01403,-0.02398,0.06079,0.08382,0.63816,0,0
1768603075.439348,0.00990,0.04067,0.02308,0.00065,-0.00007,0.00005,0.53475,0.00008,0.27991,-0.00009,0.70831,0.00008,0.70590,1,3,0.99956,0.01079,0.01403,-0.02398,0.06079,0.08382,0.63816,0,0
1768603075.441360,-0.02821,0.07488,0.02222,0.00059,-0.00052,-0.00010,0.53475,0.00008,0.27991,-0.00009,0.70831,0.00008,0.70590,1,3,0.99951,0.01060,0.01462,-0.02573,0.06079,0.08380,0.63808,0,0
1768603075.443346,-0.01259,0.04098,0.01750,0.00117,-0.00079,0.00045,0.53479,0.00008,0.27991,-0.00009,0.70832,0.00008,0.70590,1,3,0.99951,0.01060,0.01462,-0.02573,0.06079,0.08380,0.63808,0,0
1768603075.445350,-0.02740,0.01508,0.00781,0.00145,-0.00048,0.00103,0.53479,0.00008,0.27991,-0.00009,0.70832,0.00008,0.70590,1,3,0.99951,0.01060,0.01462,-0.02573,0.06079,0.08380,0.63808,0,0
1768603075.447365,-0.01931,0.00738,-0.00551,0.00107,-0.00042,-0.00053,0.53483,0.00008,0.27991,-0.00009,0.70832,0.00008,0.70590,1,3,0.99951,0.01060,0.01462,-0.02573,0.06079,0.08380,0.63808,0,0
1768603075.449353,-0.00474,0.03640,0.02065,0.00172,-0.00054,-0.00038,0.53487,0.00008,0.27991,-0.00009,0.70832,0.00008,0.70590,1,3,0.99951,0.01060,0.01462,-0.02573,0.06079,0.08380,0.63808,0,0
1768603075.451345,0.00289,0.05666,0.00789,0.00144,0.00040,0.00001,0.53487,0.00008,0.27991,-0.00009,0.70832,0.00008,0.70590,1,3,0.99951,0.01060,0.01462,-0.02573,0.06079,0.08380,0.63808,0,0
1768603075.453374,0.02493,0.06975,0.02883,0.00143,-0.00043,0.00098,0.53491,0.00008,0.27991,-0.00009,0.70831,0.00008,0.70590,1,3,0.99951,0.01060,0.01462,-0.02573,0.06079,0.08380,0.63808,0,0
1768603075.455655,0.00299,0.04914,-0.00190,0.00091,-0.00015,0.00010,0.53491,0.00008,0.27991,-0.00009,0.70831,0.00008,0.70590,1,3,0.99951,0.01060,0.01462,-0.02573,0.06079,0.08380,0.63808,0,0
1768603075.457407,-0.02889,0.03553,0.06505,0.00128,0.00022,-0.00003,0.53495,0.00008,0.27991,-0.00009,0.70831,0.00008,0.70590,1,3,0.99951,0.01060,0.01462,-0.02573,0.06079,0.08380,0.63808,0,0
1768603075.459367,-0.02030,0.03613,0.02564,0.00117,-0.00004,-0.00014,0.53495,0.00008,0.27991,-0.00009,0.70831,0.00008,0.70590,1,3,0.99951,0.01060,0.01462,-0.02573,0.06079,0.08380,0.63808,0,0
1768603075.461369,-0.05865,0.03486,0.04597,0.00140,0.00108,-0.00064,0.53499,0.00008,0.27991,-0.00009,0.70831,0.00008,0.70590,1,3,0.99951,0.01060,0.01462,-0.02573,0.06079,0.08380,0.63808,0,0
1768603075.463363,0.05601,0.04331,0.02414,0.00110,-0.00224,-0.00226,0.53499,0.00008,0.27991,-0.00009,0.70831,0.00008,0.70590,1,3,0.99951,0.01060,0.01462,-0.02573,0.06079,0.08380,0.63808,0,0
1768603075.465370,0.00185,0.05699,0.04650,0.00156,-0.00044,0.00074,0.53503,0.00008,0.27991,-0.00009,0.70831,0.00008,0.70590,1,3,0.99951,0.01060,0.01462,-0.02573,0.06079,0.08380,0.63808,0,0
1768603075.467368,-0.02082,0.06537,0.03625,0.00140,-0.00034,0.00103,0.53503,0.00008,0.27991,-0.00009,0.70831,0.00008,0.70590,1,3,0.99951,0.01060,0.01462,-0.02573,0.06079,0.08380,0.63808,0,0
1768603075.469367,-0.01264,0.02774,0.02105,0.00091,0.00012,-0.00016,0.53503,0.00008,0.27991,-0.00009,0.70831,0.00008,0.70590,1,3,0.99951,0.01060,0.01462,-0.02573,0.06079,0.08380,0.63808,0,0
1768603075.471380,-0.04218,0.05568,-0.00572,0.00141,0.00177,-0.00110,0.53507,0.00008,0.27991,-0.00009,0.70831,0.00008,0.70590,1,3,0.99951,0.01060,0.01462,-0.02573,0.06079,0.08380,0.63808,0,0
1768603075.473382,-0.02693,0.00968,-0.00834,0.00133,0.00108,0.00034,0.53507,0.00008,0.27991,-0.00009,0.70831,0.00008,0.70590,1,3,0.99951,0.01060,0.01462,-0.02573,0.06079,0.08380,0.63808,0,0
1768603075.475382,0.00256,0.02738,0.01513,0.00106,0.00005,0.00112,0.53511,0.00008,0.27991,-0.00009,0.70831,0.00008,0.70590,1,3,0.99951,0.01060,0.01462,-0.02573,0.06079,0.08380,0.63808,0,0
1768603075.477392,-0.02103,0.06493,0.05613,0.00207,-0.00032,0.00065,0.53511,0.00008,0.27991,-0.00009,0.70831,0.00008,0.70590,1,3,0.99951,0.01060,0.01462,-0.02573,0.06079,0.08380,0.63808,0,0
1768603075.479388,-0.02907,0.05342,0.07464,0.00140,-0.00075,-0.00063,0.53515,0.00008,0.27991,-0.00009,0.70831,0.00008,0.70590,1,3,0.99950,0.01056,0.01546,-0.02556,0.06078,0.08378,0.63796,0,0
1768603075.481392,-0.03547,0.03719,0.04130,0.00156,-0.00094,-0.00180,0.53515,0.00008,0.27991,-0.00009,0.70831,0.00008,0.70590,1,3,0.99950,0.01056,0.01546,-0.02556,0.06078,0.08378,0.63796,0,0
1768603075.483399,-0.03572,0.06023,0.03986,0.00193,0.00057,-0.00017,0.53519,0.00008,0.27991,-0.00009,0.70831,0.00008,0.70590,1,3,0.99950,0.01056,0.01546,-0.02556,0.06078,0.08378,0.63796,0,0
1768603075.485408,-0.03443,0.04423,-0.00899,0.00170,0.00020,-0.00032,0.53519,0.00008,0.27991,-0.00009,0.70831,0.00008,0.70590,1,3,0.99950,0.01056,0.01546,-0.02556,0.06078,0.08378,0.63796,0,0
1768603075.487399,0.00297,0.06080,-0.00018,0.00143,0.00031,0.00073,0.53524,0.00008,0.27991,-0.00009,0.70831,0.00008,0.70590,1,3,0.99950,0.01056,0.01546,-0.02556,0.06078,0.08378,0.63796,0,0
1768603075.489408,0.00208,0.04088,0.03640,0.00144,-0.00122,0.00132,0.53527,0.00008,0.27991,-0.00009,0.70831,0.00008,0.70590,1,3,0.99950,0.01056,0.01546,-0.02556,0.06078,0.08378,0.63796,0,0
1768603075.491536,0.00203,0.03146,0.04642,0.00199,-0.00066,0.00144,0.53527,0.00008,0.27991,-0.00009,0.70831,0.00008,0.70590,1,3,0.99950,0.01056,0.01546,-0.02556,0.06078,0.08378,0.63796,0,0
1768603075.493427,-0.02914,0.07506,0.06665,0.00098,-0.00107,-0.00051,0.53531,0.00008,0.27991,-0.00009,0.70831,0.00008,0.70590,1,3,0.99950,0.01056,0.01546,-0.02556,0.06078,0.08378,0.63796,0,0
1768603075.495412,-0.01260,0.05698,0.02297,0.00142,0.00015,-0.00051,0.53531,0.00008,0.27991,-0.00009,0.70831,0.00008,0.70590,1,3,0.99950,0.01056,0.01546,-0.02556,0.06078,0.08378,0.63796,0,0
1768603075.497413,-0.01337,0.05317,0.05969,0.00182,-0.00072,-0.00049,0.53535,0.00008,0.27991,-0.00009,0.70831,0.00008,0.70590,1,3,0.99950,0.01056,0.01546,-0.02556,0.06078,0.08378,0.63796,0,0
1768603075.499454,0.01018,0.05681,0.01198,0.00130,0.00002,0.00102,0.53535,0.00008,0.27991,-0.00009,0.70831,0.00008,0.70590,1,3,0.99950,0.01056,0.01546,-0.02556,0.06078,0.08378,0.63796,0,0
1768603075.501412,0.00975,0.04830,0.03251,0.00117,0.00026,0.00034,0.53539,0.00008,0.27991,-0.00009,0.70831,0.00008,0.70590,1,3,0.99950,0.01056,0.01546,-0.02556,0.06078,0.08378,0.63796,0,0
1768603075.503427,-0.01293,0.04415,0.03556,0.00130,0.00030,-0.00037,0.53539,0.00008,0.27991,-0.00009,0.70831,0.00008,0.70590,1,3,0.99950,0.01056,0.01546,-0.02556,0.06078,0.08378,0.63796,0,0
1768603075.505404,-0.02673,0.03273,-0.01032,0.00118,-0.00026,-0.00146,0.53539,0.00008,0.27991,-0.00009,0.70831,0.00008,0.70590,1,3,0.99950,0.01056,0.01546,-0.02556,0.06078,0.08378,0.63796,0,0
1768603075.507402,0.00985,0.07468,0.03282,0.00115,-0.00038,-0.00112,0.53539,0.00008,0.27991,-0.00009,0.70831,0.00008,0.70590,1,3,0.99950,0.01056,0.01546,-0.02556,0.06078,0.08378,0.63796,0,0
1768603075.509432,0.00946,0.03599,0.05009,0.00132,-0.00018,0.00010,0.53543,0.00008,0.27991,-0.00009,0.70831,0.00008,0.70590,1,3,0.99950,0.01056,0.01546,-0.02556,0.06078,0.08378,0.63796,0,0
1768603075.511416,-0.02108,0.04896,0.05145,0.00141,-0.00082,0.00083,0.53547,0.00008,0.27991,-0.00009,0.70831,0.00008,0.70590,1,3,0.99950,0.01056,0.01546,-0.02556,0.06078,0.08378,0.63796,0,0
1768603075.513431,0.01728,0.05616,0.04119,0.00211,-0.00007,0.00127,0.53547,0.00008,0.27991,-0.00009,0.70831,0.00008,0.70590,1,3,0.99950,0.01056,0.01546,-0.02556,0.06078,0.08378,0.63796,0,0
1768603075.515418,0.00357,0.02779,-0.01295,0.00107,0.00037,-0.00077,0.53551,0.00008,0.27991,-0.00009,0.70831,0.00008,0.70590,1,3,0.99950,0.01056,0.01546,-0.02556,0.06078,0.08378,0.63796,0,0
1768603075.517428,0.01787,0.05254,0.02770,0.00132,-0.00351,-0.00135,0.53551,0.00008,0.27991,-0.00009,0.70831,0.00008,0.70590,1,3,0.99954,0.01073,0.01467,-0.02414,0.06079,0.08381,0.63814,0,0
1768603075.519437,-0.02118,0.05781,0.04688,0.00073,-0.00065,0.00034,0.53555,0.00008,0.27991,-0.00009,0.70831,0.00008,0.70590,1,3,0.99954,0.01073,0.01467,-0.02414,0.06079,0.08381,0.63814,0,0
1768603075.521445,-0.02030,0.05240,0.01997,0.00128,0.00033,0.00044,0.53559,0.00008,0.27991,-0.00009,0.70831,0.00008,0.70590,1,3,0.99954,0.01073,0.01467,-0.02414,0.06079,0.08381,0.63814,0,0
1768603075.523438,0.01822,0.01579,0.00286,0.00122,-0.00097,0.00101,0.53559,0.00008,0.27991,-0.00009,0.70831,0.00008,0.70590,1,3,0.99954,0.01073,0.01467,-0.02414,0.06079,0.08381,0.63814,0,0
1768603075.525441,-0.02680,0.05721,-0.01748,0.00169,-0.00034,0.00054,0.53563,0.00008,0.27991,-0.00009,0.70831,0.00008,0.70591,1,3,0.99954,0.01073,0.01467,-0.02414,0.06079,0.08381,0.63814,0,0
1768603075.527428,-0.01223,0.04489,0.01141,0.00117,0.00001,-0.00112,0.53563,0.00008,0.27991,-0.00009,0.70831,0.00008,0.70591,1,3,0.99954,0.01073,0.01467,-0.02414,0.06079,0.08381,0.63814,0,0
1768603075.529433,-0.03539,0.05778,0.01757,0.00114,-0.00057,-0.00014,0.53567,0.00008,0.27991,-0.00009,0.70831,0.00008,0.70590,1,3,0.99954,0.01073,0.01467,-0.02414,0.06079,0.08381,0.63814,0,0
1768603075.531505,-0.02847,0.06440,0.02647,0.00086,0.00085,0.00155,0.53567,0.00008,0.27991,-0.00009,0.70831,0.00008,0.70590,1,3,0.99954,0.01073,0.01467,-0.02414,0.06079,0.08381,0.63814,0,0
1768603075.533473,0.07032,0.04383,0.03662,0.00069,-0.00340,0.00051,0.53571,0.00008,0.27991,-0.00009,0.70831,0.00008,0.70590,1,3,0.99954,0.01073,0.01467,-0.02414,0.06079,0.08381,0.63814,0,0
1768603075.535460,-0.01277,0.04416,0.02432,0.00157,-0.00027,0.00117,0.53571,0.00008,0.27991,-0.00009,0.70831,0.00008,0.70590,1,3,0.99954,0.01073,0.01467,-0.02414,0.06079,0.08381,0.63814,0,0
1768603075.537455,-0.02036,0.03661,0.04107,0.00157,-0.00051,-0.00129,0.53576,0.00008,0.27991,-0.00009,0.70830,0.00008,0.70591,1,3,0.99954,0.01073,0.01467,-0.02414,0.06079,0.08381,0.63814,0,0
1768603075.539492,0.00248,0.06247,0.01541,0.00063,-0.00060,-0.00046,0.53576,0.00008,0.27991,-0.00009,0.70830,0.00008,0.70591,1,3,0.99954,0.01073,0.01467,-0.02414,0.06079,0.08381,0.63814,0,0
1768603075.541444,0.01720,0.06465,0.04187,0.00170,0.00038,0.00040,0.53580,0.00008,0.27991,-0.00009,0.70830,0.00008,0.70591,1,3,0.99954,0.01073,0.01467,-0.02414,0.06079,0.08381,0.63814,0,0
1768603075.543450,-0.03547,0.03813,0.00721,0.00101,0.00170,0.00201,0.53580,0.00008,0.27991,-0.00009,0.70830,0.00008,0.70591,1,3,0.99954,0.01073,0.01467,-0.02414,0.06079,0.08381,0.63814,0,0
1768603075.545440,-0.00449,0.01848,-0.00450,0.00120,0.00047,0.00137,0.53584,0.00008,0.27991,-0.00009,0.70830,0.00008,0.70591,1,3,0.99954,0.01073,0.01467,-0.02414,0.06079,0.08381,0.63814,0,0
1768603075.547449,0.00991,0.07281,0.03830,0.00196,-0.00359,0.00006,0.53584,0.00008,0.27991,-0.00009,0.70830,0.00008,0.70591,1,3,0.99954,0.01073,0.01467,-0.02414,0.06079,0.08381,0.63814,0,0
1768603075.549447,-0.02043,0.03538,0.02634,0.00076,0.00106,-0.00051,0.53584,0.00008,0.27991,-0.00009,0.70830,0.00008,0.70591,1,3,0.99954,0.01073,0.01467,-0.02414,0.06079,0.08381,0.63814,0,0
1768603075.551441,-0.01386,0.05296,0.07613,0.00101,0.00036,-0.00203,0.53588,0.00008,0.27992,-0.00009,0.70830,0.00008,0.70591,1,3,0.99954,0.01073,0.01467,-0.02414,0.06079,0.08381,0.63814,0,0
1768603075.553439,0.03208,0.06952,0.04941,0.00130,0.00003,0.00007,0.53588,0.00008,0.27992,-0.00009,0.70830,0.00008,0.70591,1,3,0.99954,0.01073,0.01467,-0.02414,0.06079,0.08381,0.63814,0,0
1768603075.555468,-0.01320,0.05372,0.03946,0.00115,-0.00096,0.00027,0.53588,0.00008,0.27992,-0.00009,0.70830,0.00008,0.70591,1,3,0.99954,0.01073,0.01467,-0.02414,0.06079,0.08381,0.63814,0,0
1768603075.557460,0.00277,0.06324,0.02449,0.00197,-0.00223,-0.00045,0.53592,0.00008,0.27992,-0.00009,0.70830,0.00008,0.70591,1,3,0.99954,0.01073,0.01467,-0.02414,0.06079,0.08381,0.63814,0,0
1768603075.559463,-0.00514,0.02797,0.02528,0.00119,-0.00048,0.00047,0.53596,0.00008,0.27992,-0.00009,0.70830,0.00008,0.70591,1,3,0.99954,0.01073,0.01467,-0.02414,0.06079,0.08381,0.63814,0,0
1768603075.561545,0.00252,0.06165,0.03474,0.00210,-0.00080,-0.00044,0.53596,0.00008,0.27992,-0.00009,0.70830,0.00008,0.70591,1,3,0.99954,0.01085,0.01455,-0.02427,0.06078,0.08380,0.63802,0,0
1768603075.563480,-0.01960,0.03623,-0.00314,0.00077,0.00049,-0.00088,0.53600,0.00008,0.27992,-0.00009,0.70830,0.00008,0.70591,1,3,0.99954,0.01085,0.01455,-0.02427,0.06078,0.08380,0.63802,0,0
1768603075.565493,0.00172,0.07494,0.04645,0.00114,-0.00109,0.00014,0.53600,0.00008,0.27992,-0.00009,0.70830,0.00008,0.70591,1,3,0.99954,0.01085,0.01455,-0.02427,0.06078,0.08380,0.63802,0,0
1768603075.567478,-0.04311,0.03595,0.02935,0.00182,-0.00065,0.00102,0.53600,0.00008,0.27992,-0.00009,0.70830,0.00008,0.70591,1,3,0.99954,0.01085,0.01455,-0.02427,0.06078,0.08380,0.63802,0,0
1768603075.569489,-0.03578,0.04525,0.03457,0.00128,-0.00102,0.00038,0.53604,0.00008,0.27992,-0.00009,0.70830,0.00008,0.70591,1,3,0.99954,0.01085,0.01455,-0.02427,0.06078,0.08380,0.63802,0,0
1768603075.571496,-0.01219,0.02334,0.00429,0.00079,0.00057,-0.00048,0.53608,0.00008,0.27992,-0.00009,0.70830,0.00008,0.70591,1,3,0.99954,0.01085,0.01455,-0.02427,0.06078,0.08380,0.63802,0,0
1768603075.573475,0.01040,0.05558,0.03043,0.00185,-0.00260,-0.00163,0.53612,0.00008,0.27992,-0.00009,0.70830,0.00008,0.70591,1,3,0.99954,0.01085,0.01455,-0.02427,0.06078,0.08380,0.63802,0,0
1768603075.575474,0.01029,0.06673,0.01320,0.00090,-0.00062,-0.00101,0.53612,0.00008,0.27992,-0.00009,0.70830,0.00008,0.70591,1,3,0.99954,0.01085,0.01455,-0.02427,0.06078,0.08380,0.63802,0,0
1768603075.577493,-0.00575,0.03200,0.05225,0.00144,-0.00059,0.00040,0.53616,0.00008,0.27992,-0.00009,0.70830,0.00008,0.70591,1,3,0.99954,0.01085,0.01455,-0.02427,0.06078,0.08380,0.63802,0,0
1768603075.579477,0.00317,0.04380,-0.01003,0.00132,0.00040,0.00132,0.53616,0.00008,0.27992,-0.00009,0.70830,0.00008,0.70591,1,3,0.99954,0.01085,0.01455,-0.02427,0.06078,0.08380,0.63802,0,0
1768603075.581488,-0.01328,0.04958,0.04753,0.00115,-0.00086,-0.00044,0.53620,0.00008,0.27992,-0.00009,0.70830,0.00008,0.70591,1,3,0.99954,0.01085,0.01455,-0.02427,0.06078,0.08380,0.63802,0,0
1768603075.583473,-0.02072,0.05516,0.03270,0.00114,0.00180,0.00039,0.53620,0.00008,0.27992,-0.00009,0.70830,0.00008,0.70591,1,3,0.99954,0.01085,0.01455,-0.02427,0.06078,0.08380,0.63802,0,0
1768603075.585489,0.00328,0.03885,-0.00158,0.00173,0.00116,0.00024,0.53624,0.00008,0.27992,-0.00009,0.70830,0.00008,0.70591,1,3,0.99954,0.01085,0.01455,-0.02427,0.06078,0.08380,0.63802,0,0
1768603075.587475,-0.02101,0.06654,0.05165,0.00140,-0.00125,-0.00014,0.53624,0.00008,0.27992,-0.00009,0.70830,0.00008,0.70591,1,3,0.99954,0.01085,0.01455,-0.02427,0.06078,0.08380,0.63802,0,0
1768603075.589489,0.01037,0.02809,0.01006,0.00120,-0.00067,0.00099,0.53628,0.00008,0.27992,-0.00009,0.70830,0.00008,0.70591,1,3,0.99954,0.01085,0.01455,-0.02427,0.06078,0.08380,0.63802,0,0
1768603075.591482,-0.04316,0.04052,0.03866,0.00141,-0.00010,-0.00134,0.53628,0.00008,0.27992,-0.00009,0.70830,0.00008,0.70591,1,3,0.99954,0.01085,0.01455,-0.02427,0.06078,0.08380,0.63802,0,0
1768603075.593504,0.01088,0.04865,0.00285,0.00199,-0.00031,-0.00000,0.53628,0.00008,0.27992,-0.00009,0.70830,0.00008,0.70591,1,3,0.99954,0.01085,0.01455,-0.02427,0.06078,0.08380,0.63802,0,0
1768603075.595492,-0.01249,0.01895,0.01596,0.00106,0.00028,0.00033,0.53628,0.00008,0.27992,-0.00009,0.70830,0.00008,0.70591,1,3,0.99954,0.01085,0.01455,-0.02427,0.06078,0.08380,0.63802,0,0
1768603075.597485,0.01781,0.05158,0.02285,0.00105,-0.00247,-0.00096,0.53632,0.00008,0.27992,-0.00009,0.70830,0.00008,0.70591,1,3,0.99954,0.01085,0.01455,-0.02427,0.06078,0.08380,0.63802,0,0
1768603075.599499,-0.02874,0.04674,0.04715,0.00114,0.00153,0.00099,0.53632,0.00008,0.27992,-0.00009,0.70830,0.00008,0.70591,1,3,0.99954,0.01055,0.01340,-0.02517,0.06080,0.08382,0.63826,0,0
1768603075.601493,-0.02087,0.05596,0.04628,0.00194,0.00021,0.00114,0.53637,0.00008,0.27992,-0.00009,0.70830,0.00008,0.70591,1,3,0.99954,0.01055,0.01340,-0.02517,0.06080,0.08382,0.63826,0,0
1768603075.603509,-0.08155,0.04236,0.03470,0.00124,0.00160,0.00118,0.53637,0.00008,0.27992,-0.00009,0.70830,0.00008,0.70591,1,3,0.99954,0.01055,0.01340,-0.02517,0.06080,0.08382,0.63826,0,0
1768603075.605480,-0.00439,0.02343,0.00935,0.00147,0.00020,-0.00098,0.53641,0.00008,0.27992,-0.00009,0.70830,0.00008,0.70591,1,3,0.99954,0.01055,0.01340,-0.02517,0.06080,0.08382,0.63826,0,0
1768603075.607502,-0.02056,0.04781,0.03314,0.00115,0.00093,-0.00028,0.53645,0.00008,0.27992,-0.00009,0.70830,0.00008,0.70591,1,3,0.99954,0.01055,0.01340,-0.02517,0.06080,0.08382,0.63826,0,0
1768603075.609508,0.02497,0.06600,0.02747,0.00090,-0.00023,-0.00012,0.53645,0.00008,0.27992,-0.00009,0.70830,0.00008,0.70591,1,3,0.99954,0.01055,0.01340,-0.02517,0.06080,0.08382,0.63826,0,0
1768603075.611502,0.01715,0.07428,0.03114,0.00115,-0.00062,0.00105,0.53649,0.00008,0.27992,-0.00009,0.70830,0.00008,0.70591,1,3,0.99954,0.01055,0.01340,-0.02517,0.06080,0.08382,0.63826,0,0
1768603075.613522,0.01074,0.04481,-0.00570,0.00159,-0.00085,0.00157,0.53649,0.00008,0.27992,-0.00009,0.70830,0.00008,0.70591,1,3,0.99954,0.01055,0.01340,-0.02517,0.06080,0.08382,0.63826,0,0
1768603075.615512,0.00280,0.04061,0.01286,0.00132,-0.00041,0.00020,0.53653,0.00008,0.27992,-0.00009,0.70830,0.00008,0.70591,1,3,0.99954,0.01055,0.01340,-0.02517,0.06080,0.08382,0.63826,0,0
1768603075.617528,-0.02798,0.02781,0.03604,0.00130,-0.00013,-0.00068,0.53653,0.00008,0.27992,-0.00009,0.70830,0.00008,0.70591,1,3,0.99954,0.01055,0.01340,-0.02517,0.06080,0.08382,0.63826,0,0
1768603075.619539,0.02456,0.06157,0.04959,0.00130,-0.00040,-0.00008,0.53656,0.00008,0.27992,-0.00009,0.70830,0.00008,0.70591,1,3,0.99954,0.01055,0.01340,-0.02517,0.06080,0.08382,0.63826,0,0
1768603075.621521,0.01076,0.05235,-0.00010,0.00185,0.00009,0.00071,0.53656,0.00008,0.27992,-0.00009,0.70830,0.00008,0.70591,1,3,0.99954,0.01055,0.01340,-0.02517,0.06080,0.08382,0.63826,0,0
1768603075.623542,-0.00541,0.05309,0.02002,0.00049,0.00011,0.00054,0.53660,0.00008,0.27991,-0.00009,0.70830,0.00008,0.70591,1,3,0.99954,0.01055,0.01340,-0.02517,0.06080,0.08382,0.63826,0,0
1768603075.625513,0.01037,0.05388,0.01503,0.00145,-0.00104,-0.00009,0.53660,0.00008,0.27991,-0.00009,0.70830,0.00008,0.70591,1,3,0.99954,0.01055,0.01340,-0.02517,0.06080,0.08382,0.63826,0,0
1768603075.627500,0.01788,0.02413,0.01305,0.00094,-0.00063,0.00052,0.53660,0.00008,0.27991,-0.00009,0.70830,0.00008,0.70591,1,3,0.99954,0.01055,0.01340,-0.02517,0.06080,0.08382,0.63826,0,0
1768603075.629522,0.03174,0.02816,0.06982,0.00120,-0.00081,0.00017,0.53664,0.00008,0.27991,-0.00009,0.70830,0.00008,0.70591,1,3,0.99954,0.01055,0.01340,-0.02517,0.06080,0.08382,0.63826,0,0
1768603075.631501,0.00959,0.07435,0.03132,0.00115,-0.00062,0.00079,0.53664,0.00008,0.27991,-0.00009,0.70830,0.00008,0.70591,1,3,0.99954,0.01055,0.01340,-0.02517,0.06080,0.08382,0.63826,0,0
1768603075.633512,0.00219,0.05354,0.02482,0.00076,-0.00049,0.00041,0.53668,0.00008,0.27991,-0.00009,0.70831,0.00008,0.70591,1,3,0.99956,0.01069,0.01316,-0.02434,0.06080,0.08382,0.63816,0,0
1768603075.635515,-0.01954,0.03940,-0.00209,0.00171,0.00050,0.00062,0.53668,0.00008,0.27991,-0.00009,0.70831,0.00008,0.70591,1,3,0.99956,0.01069,0.01316,-0.02434,0.06080,0.08382,0.63816,0,0
1768603075.637546,-0.06624,0.05130,0.02536,0.00071,0.00171,0.00044,0.53672,0.00008,0.27991,-0.00009,0.70831,0.00008,0.70590,1,3,0.99956,0.01069,0.01316,-0.02434,0.06080,0.08382,0.63816,0,0
1768603075.639535,-0.00469,0.01521,0.01455,0.00094,0.00026,-0.00089,0.53672,0.00008,0.27991,-0.00009,0.70831,0.00008,0.70590,1,3,0.99956,0.01069,0.01316,-0.02434,0.06080,0.08382,0.63816,0,0
1768603075.641565,-0.01240,0.03144,0.00813,0.00105,0.00040,0.00057,0.53676,0.00008,0.27991,-0.00009,0.70831,0.00008,0.70590,1,3,0.99956,0.01069,0.01316,-0.02434,0.06080,0.08382,0.63816,0,0
1768603075.643541,-0.01924,0.06568,-0.01267,0.00196,-0.00050,0.00031,0.53681,0.00008,0.27991,-0.00009,0.70831,0.00008,0.70590,1,3,0.99956,0.01069,0.01316,-0.02434,0.06080,0.08382,0.63816,0,0
1768603075.645541,-0.03543,0.05645,0.01795,0.00114,0.00074,-0.00012,0.53681,0.00008,0.27991,-0.00009,0.70831,0.00008,0.70590,1,3,0.99956,0.01069,0.01316,-0.02434,0.06080,0.08382,0.63816,0,0
1768603075.647528,0.00237,0.03646,0.03088,0.00105,-0.00019,-0.00053,0.53684,0.00008,0.27991,-0.00009,0.70831,0.00008,0.70590,1,3,0.99956,0.01069,0.01316,-0.02434,0.06080,0.08382,0.63816,0,0
1768603075.649545,-0.02130,0.04053,0.07211,0.00169,-0.00079,-0.00022,0.53684,0.00008,0.27991,-0.00009,0.70831,0.00008,0.70590,1,3,0.99956,0.01069,0.01316,-0.02434,0.06080,0.08382,0.63816,0,0
1768603075.651531,-0.01314,0.04035,0.04257,0.00130,-0.00027,0.00005,0.53689,0.00008,0.27991,-0.00009,0.70831,0.00008,0.70590,1,3,0.99956,0.01069,0.01316,-0.02434,0.06080,0.08382,0.63816,0,0
1768603075.653540,0.00342,0.02831,-0.00924,0.00134,-0.00068,0.00037,0.53689,0.00008,0.27991,-0.00009,0.70831,0.00008,0.70590,1,3,0.99956,0.01069,0.01316,-0.02434,0.06080,0.08382,0.63816,0,0
1768603075.655541,-0.02753,0.07046,-0.00031,0.00100,-0.00057,0.00036,0.53692,0.00008,0.27991,-0.00009,0.70831,0.00008,0.70590,1,3,0.99956,0.01069,0.01316,-0.02434,0.06080,0.08382,0.63816,0,0
1768603075.657547,-0.06608,0.00970,0.03572,0.00129,0.00074,0.00056,0.53692,0.00008,0.27991,-0.00009,0.70831,0.00008,0.70590,1,3,0.99956,0.01069,0.01316,-0.02434,0.06080,0.08382,0.63816,0,0
1768603075.659526,-0.01326,0.03132,0.04815,0.00117,0.00045,-0.00022,0.53692,0.00008,0.27991,-0.00009,0.70831,0.00008,0.70590,1,3,0.99956,0.01069,0.01316,-0.02434,0.06080,0.08382,0.63816,0,0
1768603075.661547,0.00909,0.03600,0.05379,0.00118,-0.00057,0.00162,0.53697,0.00008,0.27991,-0.00009,0.70831,0.00008,0.70590,1,3,0.99956,0.01069,0.01316,-0.02434,0.06080,0.08382,0.63816,0,0
1768603075.663542,-0.01296,0.04843,0.02794,0.00089,0.00043,-0.00004,0.53697,0.00008,0.27991,-0.00009,0.70831,0.00008,0.70590,1,3,0.99956,0.01069,0.01316,-0.02434,0.06080,0.08382,0.63816,0,0
1768603075.665560,-0.00400,0.06620,-0.01259,0.00197,-0.00094,0.00005,0.53701,0.00008,0.27991,-0.00009,0.70831,0.00008,0.70590,1,3,0.99956,0.01069,0.01316,-0.02434,0.06080,0.08382,0.63816,0,0
1768603075.667547,-0.02790,0.05114,0.02053,0.00128,0.00165,0.00020,0.53701,0.00008,0.27991,-0.00009,0.70831,0.00008,0.70590,1,3,0.99956,0.01069,0.01316,-0.02434,0.06080,0.08382,0.63816,0,0
1768603075.669549,-0.02910,0.04044,0.06704,0.00101,-0.00041,0.00028,0.53705,0.00008,0.27991,-0.00009,0.70831,0.00008,0.70590,1,3,0.99956,0.01062,0.01396,-0.02399,0.06080,0.08382,0.63822,0,0
1768603075.671543,-0.00633,0.01875,0.07075,0.00078,0.00051,-0.00022,0.53705,0.00008,0.27991,-0.00009,0.70831,0.00008,0.70590,1,3,0.99956,0.01062,0.01396,-0.02399,0.06080,0.08382,0.63822,0,0
1768603075.673562,-0.03551,0.04278,0.01537,0.00101,0.00158,0.00081,0.53709,0.00008,0.27991,-0.00009,0.70831,0.00008,0.70590,1,3,0.99956,0.01062,0.01396,-0.02399,0.06080,0.08382,0.63822,0,0
1768603075.675550,0.03434,0.04231,-0.01223,0.00243,-0.00246,-0.00029,0.53709,0.00008,0.27991,-0.00009,0.70831,0.00008,0.70590,1,3,0.99956,0.01062,0.01396,-0.02399,0.06080,0.08382,0.63822,0,0
1768603075.677572,-0.02763,0.06026,-0.00514,0.00074,0.00112,0.00124,0.53713,0.00008,0.27991,-0.00009,0.70831,0.00008,0.70590,1,3,0.99956,0.01062,0.01396,-0.02399,0.06080,0.08382,0.63822,0,0
1768603075.679546,-0.01356,0.04064,0.05694,0.00129,-0.00075,0.00042,0.53717,0.00008,0.27991,-0.00009,0.70831,0.00008,0.70590,1,3,0.99956,0.01062,0.01396,-0.02399,0.06080,0.08382,0.63822,0,0
1768603075.681551,-0.01346,0.04904,0.06149,0.00196,-0.00113,0.00033,0.53717,0.00008,0.27991,-0.00009,0.70831,0.00008,0.70590,1,3,0.99956,0.01062,0.01396,-0.02399,0.06080,0.08382,0.63822,0,0
1768603075.683547,-0.06551,0.05211,0.00633,0.00085,0.00126,-0.00069,0.53721,0.00008,0.27991,-0.00009,0.70831,0.00008,0.70590,1,3,0.99956,0.01062,0.01396,-0.02399,0.06080,0.08382,0.63822,0,0
1768603075.685622,-0.00463,0.04516,0.00520,0.00131,-0.00072,0.00028,0.53721,0.00008,0.27991,-0.00009,0.70831,0.00008,0.70590,1,3,0.99956,0.01062,0.01396,-0.02399,0.06080,0.08382,0.63822,0,0
1768603075.687579,-0.01195,0.03976,-0.01716,0.00091,0.00053,0.00125,0.53725,0.00008,0.27992,-0.00009,0.70831,0.00008,0.70591,1,3,0.99956,0.01062,0.01396,-0.02399,0.06080,0.08382,0.63822,0,0
1768603075.689566,0.00142,0.04537,0.06404,0.00130,-0.00132,0.00048,0.53725,0.00008,0.27992,-0.00009,0.70831,0.00008,0.70591,1,3,0.99956,0.01062,0.01396,-0.02399,0.06080,0.08382,0.63822,0,0
1768603075.691568,-0.01342,0.06156,0.05445,0.00154,-0.00056,-0.00021,0.53729,0.00008,0.27992,-0.00009,0.70831,0.00008,0.70591,1,3,0.99956,0.01062,0.01396,-0.02399,0.06080,0.08382,0.63822,0,0
1768603075.693573,-0.00491,0.06255,0.01060,0.00076,-0.00066,-0.00070,0.53729,0.00008,0.27992,-0.00009,0.70831,0.00008,0.70591,1,3,0.99956,0.01062,0.01396,-0.02399,0.06080,0.08382,0.63822,0,0
1768603075.695570,0.05718,0.05510,-0.03038,0.00190,-0.00246,0.00070,0.53729,0.00008,0.27992,-0.00009,0.70831,0.00008,0.70591,1,3,0.99956,0.01062,0.01396,-0.02399,0.06080,0.08382,0.63822,0,0
1768603075.697581,0.01034,0.03592,0.00531,0.00092,0.00015,0.00089,0.53733,0.00008,0.27992,-0.00009,0.70831,0.00008,0.70591,1,3,0.99956,0.01062,0.01396,-0.02399,0.06080,0.08382,0.63822,0,0
1768603075.699575,-0.01391,0.08350,0.06084,0.00111,-0.00136,0.00028,0.53733,0.00008,0.27992,-0.00009,0.70831,0.00008,0.70591,1,3,0.99956,0.01062,0.01396,-0.02399,0.06080,0.08382,0.63822,0,0
1768603075.701569,-0.02858,0.04918,0.06185,0.00195,-0.00113,-0.00018,0.53737,0.00008,0.27992,-0.00009,0.70830,0.00008,0.70591,1,3,0.99956,0.01062,0.01396,-0.02399,0.06080,0.08382,0.63822,0,0
1768603075.703567,-0.02101,0.01913,0.05546,0.00117,-0.00012,0.00004,0.53737,0.00008,0.27992,-0.00009,0.70830,0.00008,0.70591,1,3,0.99956,0.01062,0.01396,-0.02399,0.06080,0.08382,0.63822,0,0
1768603075.705566,0.00978,0.04918,0.03226,0.00118,-0.00061,0.00033,0.53741,0.00008,0.27992,-0.00009,0.70831,0.00008,0.70590,1,3,0.99956,0.01062,0.01396,-0.02399,0.06080,0.08382,0.63822,0,0
1768603075.707569,-0.00505,0.04464,0.02494,0.00157,-0.00048,0.00027,0.53741,0.00008,0.27992,-0.00009,0.70831,0.00008,0.70590,1,3,0.99955,0.01080,0.01340,-0.02437,0.06079,0.08381,0.63812,0,0
1768603075.709571,0.04755,0.03510,0.04785,0.00082,-0.00283,-0.00091,0.53745,0.00008,0.27992,-0.00009,0.70830,0.00008,0.70591,1,3,0.99955,0.01080,0.01340,-0.02437,0.06079,0.08381,0.63812,0,0
1768603075.711591,-0.00616,0.02766,0.06552,0.00091,0.00001,-0.00033,0.53745,0.00008,0.27992,-0.00009,0.70830,0.00008,0.70591,1,3,0.99955,0.01080,0.01340,-0.02437,0.06079,0.08381,0.63812,0,0
1768603075.713614,0.02472,0.07448,0.04083,0.00170,-0.00116,0.00092,0.53749,0.00008,0.27992,-0.00009,0.70830,0.00008,0.70591,1,3,0.99955,0.01080,0.01340,-0.02437,0.06079,0.08381,0.63812,0,0
1768603075.715599,0.00357,0.03179,-0.01647,0.00134,0.00011,0.00033,0.53749,0.00008,0.27992,-0.00009,0.70830,0.00008,0.70591,1,3,0.99955,0.01080,0.01340,-0.02437,0.06079,0.08381,0.63812,0,0
1768603075.717599,0.00303,0.05358,0.00071,0.00104,-0.00034,-0.00033,0.53753,0.00008,0.27992,-0.00009,0.70830,0.00008,0.70591,1,3,0.99955,0.01080,0.01340,-0.02437,0.06079,0.08381,0.63812,0,0
1768603075.719600,0.02502,0.04053,0.02272,0.00066,-0.00007,0.00056,0.53757,0.00008,0.27992,-0.00009,0.70831,0.00008,0.70590,1,3,0.99955,0.01080,0.01340,-0.02437,0.06079,0.08381,0.63812,0,0
1768603075.721597,0.01685,0.07879,0.04882,0.00128,-0.00085,0.00022,0.53757,0.00008,0.27992,-0.00009,0.70831,0.00008,0.70590,1,3,0.99955,0.01080,0.01340,-0.02437,0.06079,0.08381,0.63812,0,0
1768603075.723585,-0.02011,0.06655,0.01198,0.00128,-0.00108,0.00027,0.53762,0.00008,0.27991,-0.00009,0.70831,0.00008,0.70590,1,3,0.99955,0.01080,0.01340,-0.02437,0.06079,0.08381,0.63812,0,0
1768603075.725612,-0.00548,0.04822,0.03230,0.00116,0.00026,0.00060,0.53762,0.00008,0.27991,-0.00009,0.70831,0.00008,0.70590,1,3,0.99955,0.01080,0.01340,-0.02437,0.06079,0.08381,0.63812,0,0
1768603075.727597,-0.02820,0.04791,0.02786,0.00088,0.00086,0.00022,0.53766,0.00008,0.27991,-0.00009,0.70831,0.00008,0.70590,1,3,0.99955,0.01080,0.01340,-0.02437,0.06079,0.08381,0.63812,0,0
1768603075.729695,-0.01315,0.03599,0.04507,0.00144,-0.00024,0.00011,0.53766,0.00008,0.27991,-0.00009,0.70831,0.00008,0.70590,1,3,0.99955,0.01080,0.01340,-0.02437,0.06079,0.08381,0.63812,0,0
1768603075.731622,-0.00619,0.05621,0.06620,0.00182,0.00002,0.00087,0.53769,0.00008,0.27991,-0.00009,0.70831,0.00008,0.70590,1,3,0.99955,0.01080,0.01340,-0.02437,0.06079,0.08381,0.63812,0,0
1768603075.733623,-0.02735,0.03986,-0.00137,0.00090,0.00073,-0.00004,0.53769,0.00008,0.27991,-0.00009,0.70831,0.00008,0.70590,1,3,0.99955,0.01080,0.01340,-0.02437,0.06079,0.08381,0.63812,0,0
1768603075.735614,-0.00430,0.05299,-0.00952,0.00131,-0.00003,0.00020,0.53774,0.00008,0.27991,-0.00009,0.70831,0.00008,0.70590,1,3,0.99955,0.01080,0.01340,-0.02437,0.06079,0.08381,0.63812,0,0
1768603075.737613,0.00350,0.04571,-0.01380,0.00106,-0.00073,-0.00060,0.53774,0.00008,0.27991,-0.00009,0.70831,0.00008,0.70590,1,3,0.99955,0.01080,0.01340,-0.02437,0.06079,0.08381,0.63812,0,0
1768603075.739619,-0.02841,0.06990,0.03984,0.00112,-0.00008,-0.00043,0.53774,0.00008,0.27991,-0.00009,0.70831,0.00008,0.70590,1,3,0.99955,0.01080,0.01340,-0.02437,0.06079,0.08381,0.63812,0,0
1768603075.741619,0.03984,0.04001,0.05153,0.00187,-0.00060,0.00107,0.53778,0.00008,0.27991,-0.00009,0.70831,0.00008,0.70590,1,3,0.99955,0.01080,0.01340,-0.02437,0.06079,0.08381,0.63812,0,0
1768603075.743618,-0.00564,0.03095,0.04356,0.00091,0.00105,-0.00035,0.53778,0.00008,0.27991,-0.00009,0.70831,0.00008,0.70590,1,3,0.99953,0.01049,0.01359,-0.02529,0.06079,0.08380,0.63811,0,0
1768603075.745617,-0.00490,0.04394,0.01021,0.00117,0.00043,0.00067,0.53782,0.00008,0.27992,-0.00009,0.70831,0.00008,0.70590,1,3,0.99953,0.01049,0.01359,-0.02529,0.06079,0.08380,0.63811,0,0
1768603075.747614,0.03357,0.06268,-0.00956,0.00093,-0.00090,-0.00018,0.53782,0.00008,0.27992,-0.00009,0.70831,0.00008,0.70590,1,3,0.99953,0.01049,0.01359,-0.02529,0.06079,0.08380,0.63811,0,0
1768603075.749620,-0.01295,0.05369,0.03995,0.00156,-0.00096,-0.00048,0.53786,0.00008,0.27991,-0.00009,0.70831,0.00008,0.70590,1,3,0.99953,0.01049,0.01359,-0.02529,0.06079,0.08380,0.63811,0,0
1768603075.751618,0.00155,0.06104,0.04955,0.00088,0.00025,0.00030,0.53786,0.00008,0.27991,-0.00009,0.70831,0.00008,0.70590,1,3,0.99953,0.01049,0.01359,-0.02529,0.06079,0.08380,0.63811,0,0
1768603075.753635,-0.02103,0.05320,0.04929,0.00128,-0.00062,0.00040,0.53790,0.00008,0.27991,-0.00009,0.70831,0.00008,0.70590,1,3,0.99953,0.01049,0.01359,-0.02529,0.06079,0.08380,0.63811,0,0
1768603075.755639,0.04089,0.06210,0.00502,0.00133,-0.00072,0.00007,0.53794,0.00008,0.27992,-0.00009,0.70831,0.00008,0.70590,1,3,0.99953,0.01049,0.01359,-0.02529,0.06079,0.08380,0.63811,0,0
1768603075.757639,-0.02812,0.03669,0.03998,0.00156,-0.00096,-0.00002,0.53794,0.00008,0.27992,-0.00009,0.70831,0.00008,0.70590,1,3,0.99953,0.01049,0.01359,-0.02529,0.06079,0.08380,0.63811,0,0
1768603075.759634,-0.02124,0.04104,0.06233,0.00115,-0.00090,-0.00022,0.53798,0.00008,0.27991,-0.00009,0.70831,0.00008,0.70590,1,3,0.99953,0.01049,0.01359,-0.02529,0.06079,0.08380,0.63811,0,0
1768603075.761644,-0.02857,0.03690,0.04924,0.00129,-0.00128,0.00073,0.53798,0.00008,0.27991,-0.00009,0.70831,0.00008,0.70590,1,3,0.99953,0.01049,0.01359,-0.02529,0.06079,0.08380,0.63811,0,0
1768603075.763659,-0.02746,0.05636,0.00701,0.00182,0.00017,0.00092,0.53802,0.00008,0.27991,-0.00009,0.70831,0.00008,0.70590,1,3,0.99953,0.01049,0.01359,-0.02529,0.06079,0.08380,0.63811,0,0
1768603075.765638,-0.03494,0.04403,0.00119,0.00102,0.00076,-0.00034,0.53802,0.00008,0.27991,-0.00009,0.70831,0.00008,0.70590,1,3,0.99953,0.01049,0.01359,-0.02529,0.06079,0.08380,0.63811,0,0
1768603075.767631,0.02580,0.05813,0.00300,0.00119,-0.00075,-0.00039,0.53806,0.00008,0.27991,-0.00009,0.70831,0.00008,0.70590,1,3,0.99953,0.01049,0.01359,-0.02529,0.06079,0.08380,0.63811,0,0
1768603075.769638,-0.02125,0.07910,0.05889,0.00138,-0.00116,-0.00030,0.53806,0.00008,0.27991,-0.00009,0.70831,0.00008,0.70590,1,3,0.99953,0.01049,0.01359,-0.02529,0.06079,0.08380,0.63811,0,0
1768603075.771635,-0.01301,0.04482,0.03473,0.00130,-0.00058,0.00039,0.53810,0.00008,0.27991,-0.00009,0.70831,0.00008,0.70590,1,3,0.99953,0.01049,0.01359,-0.02529,0.06079,0.08380,0.63811,0,0
1768603075.773634,0.02507,0.05296,0.02454,0.00118,-0.00027,0.00080,0.53810,0.00008,0.27991,-0.00009,0.70831,0.00008,0.70590,1,3,0.99953,0.01049,0.01359,-0.02529,0.06079,0.08380,0.63811,0,0
1768603075.775649,-0.01250,0.04830,0.01754,0.00157,0.00008,0.00036,0.53810,0.00008,0.27991,-0.00009,0.70831,0.00008,0.70590,1,3,0.99954,0.01089,0.01444,-0.02447,0.06079,0.08380,0.63808,0,0
1768603075.777655,-0.02093,0.03617,0.04989,0.00129,-0.00040,0.00023,0.53814,0.00008,0.27991,-0.00009,0.70831,0.00008,0.70590,1,3,0.99954,0.01089,0.01444,-0.02447,0.06079,0.08380,0.63808,0,0
1768603075.779667,-0.02859,0.04456,0.05448,0.00155,-0.00056,0.00025,0.53814,0.00008,0.27991,-0.00009,0.70831,0.00008,0.70590,1,3,0.99954,0.01089,0.01444,-0.02447,0.06079,0.08380,0.63808,0,0
1768603075.781662,-0.02040,0.04481,0.03108,0.00102,0.00003,-0.00101,0.53818,0.00008,0.27991,-0.00009,0.70831,0.00008,0.70590,1,3,0.99954,0.01089,0.01444,-0.02447,0.06079,0.08380,0.63808,0,0
1768603075.783667,-0.02808,0.02368,0.03784,0.00144,-0.00055,0.00014,0.53822,0.00008,0.27991,-0.00009,0.70831,0.00008,0.70590,1,3,0.99954,0.01089,0.01444,-0.02447,0.06079,0.08380,0.63808,0,0
1768603075.785655,0.01807,0.04957,0.01202,0.00173,-0.00129,0.00061,0.53822,0.00008,0.27991,-0.00009,0.70831,0.00008,0.70590,1,3,0.99954,0.01089,0.01444,-0.02447,0.06079,0.08380,0.63808,0,0
1768603075.787657,-0.03540,0.07297,0.00739,0.00098,0.00105,0.00045,0.53826,0.00008,0.27991,-0.00009,0.70831,0.00008,0.70590,1,3,0.99954,0.01089,0.01444,-0.02447,0.06079,0.08380,0.63808,0,0
1768603075.789681,0.00195,0.05738,0.03708,0.00102,-0.00034,0.00036,0.53826,0.00008,0.27991,-0.00009,0.70831,0.00008,0.70590,1,3,0.99954,0.01089,0.01444,-0.02447,0.06079,0.08380,0.63808,0,0
1768603075.791703,-0.02813,0.04060,0.03760,0.00142,-0.00055,-0.00007,0.53830,0.00008,0.27991,-0.00009,0.70831,0.00008,0.70590,1,3,0.99954,0.01089,0.01444,-0.02447,0.06079,0.08380,0.63808,0,0
1768603075.793660,0.06395,0.03007,0.01561,0.00192,-0.00256,-0.00068,0.53830,0.00008,0.27991,-0.00009,0.70831,0.00008,0.70590,1,3,0.99954,0.01089,0.01444,-0.02447,0.06079,0.08380,0.63808,0,0
1768603075.795659,0.02466,0.06143,0.04914,0.00171,-0.00062,0.00031,0.53834,0.00008,0.27991,-0.00009,0.70831,0.00008,0.70590,1,3,0.99954,0.01089,0.01444,-0.02447,0.06079,0.08380,0.63808,0,0
1768603075.797671,0.00246,0.05296,0.01952,0.00130,-0.00033,0.00081,0.53834,0.00008,0.27991,-0.00009,0.70831,0.00008,0.70590,1,3,0.99954,0.01089,0.01444,-0.02447,0.06079,0.08380,0.63808,0,0
1768603075.799670,-0.02112,0.07050,0.05857,0.00180,-0.00138,0.00019,0.53838,0.00008,0.27991,-0.00009,0.70831,0.00008,0.70590,1,3,0.99954,0.01089,0.01444,-0.02447,0.06079,0.08380,0.63808,0,0
1768603075.801676,0.00330,0.05169,0.01373,0.00172,-0.00258,-0.00221,0.53838,0.00008,0.27991,-0.00009,0.70831,0.00008,0.70590,1,3,0.99954,0.01089,0.01444,-0.02447,0.06079,0.08380,0.63808,0,0
1768603075.803700,0.01662,0.03702,0.06517,0.00092,-0.00087,-0.00044,0.53838,0.00008,0.27991,-0.00009,0.70831,0.00008,0.70590,1,3,0.99954,0.01089,0.01444,-0.02447,0.06079,0.08380,0.63808,0,0
1768603075.805672,-0.02089,0.05803,0.04247,0.00087,-0.00071,-0.00042,0.53838,0.00008,0.27991,-0.00009,0.70831,0.00008,0.70590,1,3,0.99954,0.01089,0.01444,-0.02447,0.06079,0.08380,0.63808,0,0
1768603075.807684,-0.04315,0.04433,0.03038,0.00141,0.00002,-0.00023,0.53842,0.00008,0.27992,-0.00009,0.70831,0.00008,0.70591,1,3,0.99954,0.01089,0.01444,-0.02447,0.06079,0.08380,0.63808,0,0
1768603075.809672,0.04884,0.03821,0.01518,0.00231,-0.00257,-0.00052,0.53846,0.00008,0.27991,-0.00009,0.70831,0.00008,0.70590,1,3,0.99958,0.01071,0.01266,-0.02368,0.06080,0.08384,0.63835,0,0
1768603075.811686,-0.03529,0.03157,0.00854,0.00062,0.00063,0.00018,0.53846,0.00008,0.27991,-0.00009,0.70831,0.00008,0.70590,1,3,0.99958,0.01071,0.01266,-0.02368,0.06080,0.08384,0.63835,0,0
1768603075.813680,0.01769,0.03187,0.02214,0.00147,-0.00052,0.00119,0.53850,0.00008,0.27992,-0.00009,0.70831,0.00008,0.70591,1,3,0.99958,0.01071,0.01266,-0.02368,0.06080,0.08384,0.63835,0,0
1768603075.815693,0.00209,0.07040,0.03423,0.00128,-0.00081,0.00021,0.53853,0.00008,0.27991,-0.00009,0.70831,0.00008,0.70590,1,3,0.99958,0.01071,0.01266,-0.02368,0.06080,0.08384,0.63835,0,0
1768603075.817678,-0.03537,0.03206,0.01771,0.00116,-0.00035,0.00056,0.53853,0.00008,0.27991,-0.00009,0.70831,0.00008,0.70590,1,3,0.99958,0.01071,0.01266,-0.02368,0.06080,0.08384,0.63835,0,0
1768603075.819679,-0.03567,0.06929,0.02881,0.00179,-0.00022,0.00087,0.53857,0.00008,0.27992,-0.00009,0.70831,0.00008,0.70591,1,3,0.99958,0.01071,0.01266,-0.02368,0.06080,0.08384,0.63835,0,0
1768603075.821683,-0.03418,0.03647,-0.01887,0.00157,-0.00036,-0.00022,0.53857,0.00008,0.27992,-0.00009,0.70831,0.00008,0.70591,1,3,0.99958,0.01071,0.01266,-0.02368,0.06080,0.08384,0.63835,0,0
1768603075.823706,-0.00602,0.06246,0.05014,0.00047,-0.00061,-0.00074,0.53862,0.00008,0.27992,-0.00009,0.70831,0.00008,0.70591,1,3,0.99958,0.01071,0.01266,-0.02368,0.06080,0.08384,0.63835,0,0
1768603075.825679,-0.02800,0.05797,0.03225,0.00154,-0.00105,-0.00027,0.53862,0.00008,0.27992,-0.00009,0.70831,0.00008,0.70591,1,3,0.99958,0.01071,0.01266,-0.02368,0.06080,0.08384,0.63835,0,0
1768603075.827739,0.01070,0.01966,0.00102,0.00108,-0.00034,0.00033,0.53865,0.00008,0.27992,-0.00009,0.70831,0.00008,0.70591,1,3,0.99958,0.01071,0.01266,-0.02368,0.06080,0.08384,0.63835,0,0
1768603075.829702,-0.01951,0.05336,-0.00986,0.00129,-0.00047,0.00045,0.53865,0.00008,0.27992,-0.00009,0.70831,0.00008,0.70591,1,3,0.99958,0.01071,0.01266,-0.02368,0.06080,0.08384,0.63835,0,0
1768603075.831696,-0.02724,0.02246,0.00446,0.00118,0.00123,-0.00059,0.53865,0.00008,0.27992,-0.00009,0.70831,0.00008,0.70591,1,3,0.99958,0.01071,0.01266,-0.02368,0.06080,0.08384,0.63835,0,0
1768603075.833698,-0.00543,0.03876,0.03303,0.00117,0.00136,0.00033,0.53869,0.00008,0.27992,-0.00009,0.70830,0.00008,0.70591,1,3,0.99958,0.01071,0.01266,-0.02368,0.06080,0.08384,0.63835,0,0
1768603075.835696,0.01704,0.05664,0.06161,0.00238,-0.00047,0.00011,0.53869,0.00008,0.27992,-0.00009,0.70830,0.00008,0.70591,1,3,0.99958,0.01071,0.01266,-0.02368,0.06080,0.08384,0.63835,0,0
1768603075.837709,0.03336,0.05861,0.01631,0.00240,-0.00233,0.00063,0.53869,0.00008,0.27992,-0.00009,0.70830,0.00008,0.70591,1,3,0.99958,0.01071,0.01266,-0.02368,0.06080,0.08384,0.63835,0,0
1768603075.839717,-0.00496,0.02298,0.01816,0.00119,0.00031,0.00053,0.53873,0.00008,0.27992,-0.00009,0.70830,0.00008,0.70591,1,3,0.99958,0.01071,0.01266,-0.02368,0.06080,0.08384,0.63835,0,0
1768603075.841696,-0.00590,0.04398,0.05918,0.00183,-0.00029,0.00064,0.53873,0.00008,0.27992,-0.00009,0.70830,0.00008,0.70591,1,3,0.99957,0.01068,0.01324,-0.02401,0.06080,0.08382,0.63816,0,0
1768603075.843708,0.04006,0.04296,0.05645,0.00215,-0.00338,-0.00011,0.53878,0.00008,0.27992,-0.00009,0.70830,0.00008,0.70591,1,3,0.99957,0.01068,0.01324,-0.02401,0.06080,0.08382,0.63816,0,0
1768603075.845728,-0.02847,0.05295,0.04427,0.00141,-0.00047,0.00054,0.53878,0.00008,0.27992,-0.00009,0.70830,0.00008,0.70591,1,3,0.99957,0.01068,0.01324,-0.02401,0.06080,0.08382,0.63816,0,0
1768603075.847715,-0.00421,0.04405,-0.00381,0.00158,0.00048,-0.00046,0.53886,0.00008,0.27993,-0.00009,0.70829,0.00008,0.70592,1,3,0.99957,0.01068,0.01324,-0.02401,0.06080,0.08382,0.63816,0,0
1768603075.849695,-0.04247,0.05191,-0.00418,0.00114,0.00113,0.00008,0.53886,0.00008,0.27993,-0.00009,0.70829,0.00008,0.70592,1,3,0.99957,0.01068,0.01324,-0.02401,0.06080,0.08382,0.63816,0,0
1768603075.851713,0.02535,0.05301,0.03013,0.00186,-0.00042,-0.00034,0.53890,0.00008,0.27993,-0.00009,0.70829,0.00008,0.70592,1,3,0.99957,0.01068,0.01324,-0.02401,0.06080,0.08382,0.63816,0,0
1768603075.853733,0.00969,0.04361,0.03480,0.00131,0.00051,0.00078,0.53890,0.00008,0.27993,-0.00009,0.70829,0.00008,0.70592,1,3,0.99957,0.01068,0.01324,-0.02401,0.06080,0.08382,0.63816,0,0
1768603075.855726,-0.01360,0.07427,0.05090,0.00139,-0.00082,0.00078,0.53894,0.00008,0.27993,-0.00009,0.70829,0.00008,0.70592,1,3,0.99957,0.01068,0.01324,-0.02401,0.06080,0.08382,0.63816,0,0
1768603075.857713,0.01655,0.07004,0.06300,0.00169,-0.00111,0.00108,0.53894,0.00008,0.27993,-0.00009,0.70829,0.00008,0.70592,1,3,0.99957,0.01068,0.01324,-0.02401,0.06080,0.08382,0.63816,0,0
1768603075.859747,0.02484,0.06143,0.04416,0.00184,-0.00068,0.00031,0.53898,0.00008,0.27993,-0.00009,0.70829,0.00008,0.70593,1,3,0.99957,0.01068,0.01324,-0.02401,0.06080,0.08382,0.63816,0,0
1768603075.861721,-0.02762,0.03653,0.02106,0.00130,-0.00031,-0.00077,0.53898,0.00008,0.27993,-0.00009,0.70829,0.00008,0.70593,1,3,0.99957,0.01068,0.01324,-0.02401,0.06080,0.08382,0.63816,0,0
1768603075.863731,0.00987,0.05058,0.04325,0.00131,-0.00157,-0.00159,0.53898,0.00008,0.27993,-0.00009,0.70829,0.00008,0.70593,1,3,0.99957,0.01068,0.01324,-0.02401,0.06080,0.08382,0.63816,0,0
1768603075.865714,-0.01279,0.03936,0.02695,0.00170,0.00020,0.00123,0.53898,0.00008,0.27993,-0.00009,0.70829,0.00008,0.70593,1,3,0.99957,0.01068,0.01324,-0.02401,0.06080,0.08382,0.63816,0,0
1768603075.867733,0.02504,0.04507,0.03894,0.00200,-0.00140,0.00090,0.53902,0.00008,0.27993,-0.00009,0.70828,0.00008,0.70593,1,3,0.99957,0.01068,0.01324,-0.02401,0.06080,0.08382,0.63816,0,0
1768603075.869715,0.01725,0.05725,0.03173,0.00117,-0.00040,0.00087,0.53902,0.00008,0.27993,-0.00009,0.70828,0.00008,0.70593,1,3,0.99957,0.01068,0.01324,-0.02401,0.06080,0.08382,0.63816,0,0
1768603075.871744,-0.02016,0.03480,0.02104,0.00130,0.00122,-0.00011,0.53906,0.00008,0.27993,-0.00009,0.70829,0.00008,0.70592,1,3,0.99957,0.01068,0.01324,-0.02401,0.06080,0.08382,0.63816,0,0
1768603075.873717,-0.02813,0.06985,0.02556,0.00072,0.00040,-0.00080,0.53906,0.00008,0.27993,-0.00009,0.70829,0.00008,0.70592,1,3,0.99957,0.01068,0.01324,-0.02401,0.06080,0.08382,0.63816,0,0
1768603075.875720,-0.00506,0.03549,0.03008,0.00185,0.00002,0.00039,0.53910,0.00008,0.27993,-0.00009,0.70828,0.00008,0.70593,1,3,0.99952,0.01063,0.01502,-0.02474,0.06079,0.08381,0.63816,0,0
1768603075.877716,-0.01372,0.02346,0.06706,0.00144,-0.00063,0.00062,0.53910,0.00008,0.27993,-0.00009,0.70828,0.00008,0.70593,1,3,0.99952,0.01063,0.01502,-0.02474,0.06079,0.08381,0.63816,0,0
1768603075.879759,0.00175,0.04450,0.05433,0.00157,-0.00056,0.00051,0.53914,0.00008,0.27994,-0.00009,0.70828,0.00008,0.70593,1,3,0.99952,0.01063,0.01502,-0.02474,0.06079,0.08381,0.63816,0,0
1768603075.881750,0.01721,0.06154,0.03888,0.00157,-0.00075,0.00082,0.53914,0.00008,0.27994,-0.00009,0.70828,0.00008,0.70593,1,3,0.99952,0.01063,0.01502,-0.02474,0.06079,0.08381,0.63816,0,0
1768603075.883766,0.01833,0.06535,-0.00780,0.00144,-0.00000,0.00081,0.53922,0.00008,0.27993,-0.00009,0.70829,0.00008,0.70593,1,3,0.99952,0.01063,0.01502,-0.02474,0.06079,0.08381,0.63816,0,0
1768603075.885740,-0.02718,0.03632,0.01180,0.00157,0.00001,-0.00152,0.53922,0.00008,0.27993,-0.00009,0.70829,0.00008,0.70593,1,3,0.99952,0.01063,0.01502,-0.02474,0.06079,0.08381,0.63816,0,0
1768603075.887742,-0.03582,0.04491,0.04061,0.00114,-0.00029,-0.00076,0.53922,0.00008,0.27993,-0.00009,0.70829,0.00008,0.70593,1,3,0.99952,0.01063,0.01502,-0.02474,0.06079,0.08381,0.63816,0,0
1768603075.889747,-0.03601,0.05202,0.04505,0.00140,0.00064,-0.00008,0.53926,0.00008,0.27993,-0.00009,0.70829,0.00008,0.70593,1,3,0.99952,0.01063,0.01502,-0.02474,0.06079,0.08381,0.63816,0,0
1768603075.891783,-0.00596,0.07434,0.04618,0.00113,-0.00066,0.00065,0.53926,0.00008,0.27993,-0.00009,0.70829,0.00008,0.70593,1,3,0.99952,0.01063,0.01502,-0.02474,0.06079,0.08381,0.63816,0,0
1768603075.893789,0.01022,0.02434,0.01368,0.00053,-0.00040,-0.00012,0.53930,0.00008,0.27994,-0.00009,0.70828,0.00008,0.70593,1,3,0.99952,0.01063,0.01502,-0.02474,0.06079,0.08381,0.63816,0,0
1768603075.895747,-0.00497,0.04559,0.01503,0.00104,-0.00104,0.00026,0.53930,0.00008,0.27994,-0.00009,0.70828,0.00008,0.70593,1,3,0.99952,0.01063,0.01502,-0.02474,0.06079,0.08381,0.63816,0,0
1768603075.897765,0.00299,0.03670,0.01025,0.00159,-0.00088,0.00026,0.53935,0.00008,0.27993,-0.00009,0.70829,0.00008,0.70592,1,3,0.99952,0.01063,0.01502,-0.02474,0.06079,0.08381,0.63816,0,0
1768603075.899745,0.00272,0.07036,0.00999,0.00116,-0.00044,-0.00016,0.53935,0.00008,0.27993,-0.00009,0.70829,0.00008,0.70592,1,3,0.99952,0.01063,0.01502,-0.02474,0.06079,0.08381,0.63816,0,0
1768603075.901792,-0.01207,0.04265,-0.01475,0.00104,0.00166,0.00159,0.53935,0.00008,0.27993,-0.00009,0.70829,0.00008,0.70592,1,3,0.99952,0.01063,0.01502,-0.02474,0.06079,0.08381,0.63816,0,0
1768603075.903758,0.00965,0.02273,0.04786,0.00160,0.00023,0.00027,0.53939,0.00008,0.27993,-0.00009,0.70829,0.00008,0.70592,1,3,0.99952,0.01063,0.01502,-0.02474,0.06079,0.08381,0.63816,0,0
1768603075.905814,-0.00532,0.06639,0.02784,0.00088,-0.00045,-0.00076,0.53939,0.00008,0.27993,-0.00009,0.70829,0.00008,0.70592,1,3,0.99952,0.01063,0.01502,-0.02474,0.06079,0.08381,0.63816,0,0
1768603075.907761,-0.00529,0.02804,0.03537,0.00132,-0.00058,0.00008,0.53943,0.00008,0.27993,-0.00009,0.70829,0.00008,0.70592,1,3,0.99952,0.01063,0.01502,-0.02474,0.06079,0.08381,0.63816,0,0
1768603075.909778,0.00157,0.06113,0.06942,0.00196,-0.00038,-0.00046,0.53943,0.00008,0.27993,-0.00009,0.70829,0.00008,0.70592,1,3,0.99952,0.01063,0.01502,-0.02474,0.06079,0.08381,0.63816,0,0
1768603075.911773,-0.00455,0.01042,0.00594,0.00134,0.00016,0.00070,0.53947,0.00008,0.27993,-0.00009,0.70829,0.00008,0.70592,1,3,0.99959,0.01059,0.01295,-0.02316,0.06080,0.08382,0.63824,0,0
1768603075.913801,0.00933,0.07403,0.05084,0.00182,-0.00082,0.00079,0.53947,0.00008,0.27993,-0.00009,0.70829,0.00008,0.70592,1,3,0.99959,0.01059,0.01295,-0.02316,0.06080,0.08382,0.63824,0,0
1768603075.915825,-0.02772,0.07837,0.01979,0.00166,-0.00032,-0.00050,0.53951,0.00008,0.27993,-0.00009,0.70829,0.00008,0.70592,1,3,0.99959,0.01059,0.01295,-0.02316,0.06080,0.08382,0.63824,0,0
1768603075.917785,-0.00552,0.04479,0.05011,0.00170,-0.00061,-0.00051,0.53955,0.00008,0.27993,-0.00009,0.70829,0.00008,0.70592,1,3,0.99959,0.01059,0.01295,-0.02316,0.06080,0.08382,0.63824,0,0
1768603075.919792,0.00936,0.04013,0.04701,0.00118,-0.00022,0.00081,0.53955,0.00008,0.27993,-0.00009,0.70829,0.00008,0.70592,1,3,0.99959,0.01059,0.01295,-0.02316,0.06080,0.08382,0.63824,0,0
1768603075.921774,-0.00523,0.03709,0.03058,0.00104,-0.00085,-0.00041,0.53959,0.00008,0.27993,-0.00009,0.70829,0.00008,0.70592,1,3,0.99959,0.01059,0.01295,-0.02316,0.06080,0.08382,0.63824,0,0
1768603075.923803,0.02538,0.06162,0.01922,0.00172,-0.00077,0.00071,0.53959,0.00008,0.27993,-0.00009,0.70829,0.00008,0.70592,1,3,0.99959,0.01059,0.01295,-0.02316,0.06080,0.08382,0.63824,0,0
1768603075.925842,-0.00572,0.07503,0.04244,0.00087,-0.00071,-0.00088,0.53963,0.00008,0.27993,-0.00009,0.70829,0.00008,0.70592,1,3,0.99959,0.01059,0.01295,-0.02316,0.06080,0.08382,0.63824,0,0
1768603075.927793,-0.01254,0.03623,0.01674,0.00064,0.00051,-0.00103,0.53963,0.00008,0.27993,-0.00009,0.70829,0.00008,0.70592,1,3,0.99959,0.01059,0.01295,-0.02316,0.06080,0.08382,0.63824,0,0
1768603075.929823,-0.03504,0.01765,0.00089,0.00104,0.00141,0.00112,0.53967,0.00008,0.27993,-0.00009,0.70829,0.00008,0.70592,1,3,0.99959,0.01059,0.01295,-0.02316,0.06080,0.08382,0.63824,0,0
1768603075.931784,-0.02788,0.00897,0.01533,0.00105,0.00136,0.00185,0.53967,0.00008,0.27993,-0.00009,0.70829,0.00008,0.70592,1,3,0.99959,0.01059,0.01295,-0.02316,0.06080,0.08382,0.63824,0,0
1768603075.933783,-0.02067,0.06066,0.02505,0.00074,0.00083,0.00032,0.53971,0.00008,0.27993,-0.00009,0.70829,0.00008,0.70592,1,3,0.99959,0.01059,0.01295,-0.02316,0.06080,0.08382,0.63824,0,0
1768603075.935793,0.01058,0.04479,0.00554,0.00132,-0.00028,0.00003,0.53971,0.00008,0.27993,-0.00009,0.70829,0.00008,0.70592,1,3,0.99959,0.01059,0.01295,-0.02316,0.06080,0.08382,0.63824,0,0
1768603075.937792,0.02585,0.06089,0.00814,0.00106,-0.00309,-0.00157,0.53971,0.00008,0.27993,-0.00009,0.70829,0.00008,0.70592,1,3,0.99959,0.01059,0.01295,-0.02316,0.06080,0.08382,0.63824,0,0
1768603075.939792,-0.01993,0.04431,0.00489,0.00130,-0.00007,0.00093,0.53975,0.00008,0.27993,-0.00009,0.70829,0.00008,0.70592,1,3,0.99959,0.01059,0.01295,-0.02316,0.06080,0.08382,0.63824,0,0
1768603075.941786,-0.00564,0.05347,0.04928,0.00169,-0.00106,0.00015,0.53975,0.00008,0.27993,-0.00009,0.70829,0.00008,0.70592,1,3,0.99959,0.01059,0.01295,-0.02316,0.06080,0.08382,0.63824,0,0
1768603075.943781,-0.02031,0.00598,0.02318,0.00106,0.00036,0.00099,0.53979,0.00008,0.27993,-0.00009,0.70829,0.00008,0.70592,1,3,0.99959,0.01059,0.01295,-0.02316,0.06080,0.08382,0.63824,0,0
1768603075.945779,-0.05734,0.03664,-0.00418,0.00155,-0.00062,-0.00024,0.53979,0.00008,0.27993,-0.00009,0.70829,0.00008,0.70592,1,3,0.99959,0.01059,0.01295,-0.02316,0.06080,0.08382,0.63824,0,0
1768603075.947783,0.01872,0.06916,-0.01979,0.00158,0.00051,0.00039,0.53983,0.00008,0.27993,-0.00009,0.70830,0.00008,0.70592,1,3,0.99951,0.01080,0.01439,-0.02563,0.06078,0.08380,0.63808,0,0
1768603075.949803,0.01871,0.05950,-0.00170,0.00173,-0.00211,-0.00140,0.53983,0.00008,0.27993,-0.00009,0.70830,0.00008,0.70592,1,3,0.99951,0.01080,0.01439,-0.02563,0.06078,0.08380,0.63808,0,0
1768603075.951842,-0.02831,0.07057,0.03403,0.00126,-0.00103,0.00033,0.53987,0.00008,0.27993,-0.00009,0.70829,0.00008,0.70592,1,3,0.99951,0.01080,0.01439,-0.02563,0.06078,0.08380,0.63808,0,0
1768603075.953823,0.00186,0.03635,0.03992,0.00077,-0.00030,0.00060,0.53987,0.00008,0.27993,-0.00009,0.70829,0.00008,0.70592,1,3,0.99951,0.01080,0.01439,-0.02563,0.06078,0.08380,0.63808,0,0
1768603075.955821,-0.01990,0.03683,0.01066,0.00117,-0.00066,-0.00013,0.53987,0.00008,0.27993,-0.00009,0.70829,0.00008,0.70592,1,3,0.99951,0.01080,0.01439,-0.02563,0.06078,0.08380,0.63808,0,0
1768603075.957902,0.02532,0.03006,0.01828,0.00121,0.00162,0.00070,0.53995,0.00008,0.27993,-0.00009,0.70829,0.00008,0.70592,1,3,0.99951,0.01080,0.01439,-0.02563,0.06078,0.08380,0.63808,0,0
1768603075.959821,0.02369,0.08244,0.07619,0.00114,-0.00030,0.00002,0.53995,0.00008,0.27993,-0.00009,0.70829,0.00008,0.70592,1,3,0.99951,0.01080,0.01439,-0.02563,0.06078,0.08380,0.63808,0,0
1768603075.961807,-0.02859,0.06181,0.05446,0.00153,-0.00078,-0.00034,0.53999,0.00008,0.27994,-0.00009,0.70829,0.00008,0.70592,1,3,0.99951,0.01080,0.01439,-0.02563,0.06078,0.08380,0.63808,0,0
1768603075.963816,0.01739,0.03637,0.03982,0.00160,-0.00074,0.00036,0.53999,0.00008,0.27994,-0.00009,0.70829,0.00008,0.70592,1,3,0.99951,0.01080,0.01439,-0.02563,0.06078,0.08380,0.63808,0,0
1768603075.965845,-0.02041,0.04445,0.03006,0.00143,-0.00020,0.00014,0.54004,0.00008,0.27993,-0.00009,0.70829,0.00008,0.70592,1,3,0.99951,0.01080,0.01439,-0.02563,0.06078,0.08380,0.63808,0,0
1768603075.967815,0.01014,0.01948,0.01970,0.00134,-0.00077,0.00147,0.54004,0.00008,0.27993,-0.00009,0.70829,0.00008,0.70592,1,3,0.99951,0.01080,0.01439,-0.02563,0.06078,0.08380,0.63808,0,0
1768603075.969873,0.01696,0.06611,0.04691,0.00116,-0.00065,-0.00001,0.54007,0.00008,0.27994,-0.00009,0.70829,0.00008,0.70592,1,3,0.99951,0.01080,0.01439,-0.02563,0.06078,0.08380,0.63808,0,0
1768603075.971911,-0.01358,0.06892,0.05401,0.00153,0.00031,0.00047,0.54007,0.00008,0.27994,-0.00009,0.70829,0.00008,0.70592,1,3,0.99951,0.01080,0.01439,-0.02563,0.06078,0.08380,0.63808,0,0
1768603075.973866,-0.02058,0.04301,0.03577,0.00129,0.00140,-0.00023,0.54007,0.00008,0.27994,-0.00009,0.70829,0.00008,0.70592,1,3,0.99951,0.01080,0.01439,-0.02563,0.06078,0.08380,0.63808,0,0
1768603075.975833,-0.04383,0.04084,0.05255,0.00100,-0.00059,-0.00022,0.54011,0.00008,0.27993,-0.00009,0.70829,0.00008,0.70592,1,3,0.99951,0.01080,0.01439,-0.02563,0.06078,0.08380,0.63808,0,0
1768603075.977845,0.00248,0.04077,0.02678,0.00172,-0.00112,0.00096,0.54011,0.00008,0.27993,-0.00009,0.70829,0.00008,0.70592,1,3,0.99951,0.01080,0.01439,-0.02563,0.06078,0.08380,0.63808,0,0
1768603075.979820,0.00112,0.06134,0.07869,0.00168,-0.00070,0.00028,0.54016,0.00008,0.27994,-0.00009,0.70829,0.00008,0.70593,1,3,0.99951,0.01080,0.01439,-0.02563,0.06078,0.08380,0.63808,0,0
1768603075.981828,0.02487,0.05751,0.03178,0.00118,-0.00062,0.00074,0.54016,0.00008,0.27994,-0.00009,0.70829,0.00008,0.70593,1,3,0.99951,0.01080,0.01439,-0.02563,0.06078,0.08380,0.63808,0,0
1768603075.983829,-0.00543,0.04038,0.04331,0.00131,-0.00004,-0.00083,0.54019,0.00008,0.27993,-0.00009,0.70829,0.00008,0.70592,1,3,0.99951,0.01080,0.01439,-0.02563,0.06078,0.08380,0.63808,0,0
1768603075.985828,-0.02719,0.05695,-0.00263,0.00169,-0.00016,0.00053,0.54019,0.00008,0.27993,-0.00009,0.70829,0.00008,0.70592,1,3,0.99951,0.01080,0.01439,-0.02563,0.06078,0.08380,0.63808,0,0
1768603075.987822,-0.01913,0.03991,-0.02183,0.00144,0.00026,0.00062,0.54023,0.00008,0.27993,-0.00009,0.70829,0.00008,0.70592,1,3,0.99951,0.01080,0.01439,-0.02563,0.06078,0.08380,0.63808,0,0
1768603075.989821,-0.02110,0.01935,0.05476,0.00117,-0.00056,0.00080,0.54023,0.00008,0.27993,-0.00009,0.70829,0.00008,0.70592,1,3,0.99951,0.01080,0.01439,-0.02563,0.06078,0.08380,0.63808,0,0
1768603075.991816,-0.01266,0.04546,0.02940,0.00184,-0.00152,0.00039,0.54027,0.00008,0.27993,-0.00009,0.70829,0.00008,0.70592,1,3,0.99951,0.01080,0.01439,-0.02563,0.06078,0.08380,0.63808,0,0
1768603075.993833,0.01043,0.04887,0.01211,0.00172,-0.00064,0.00074,0.54027,0.00008,0.27993,-0.00009,0.70829,0.00008,0.70592,1,3,0.99949,0.01063,0.01415,-0.02658,0.06077,0.08378,0.63795,0,0
1768603075.995850,0.00317,0.07023,-0.00042,0.00183,-0.00079,0.00024,0.54031,0.00008,0.27993,-0.00009,0.70830,0.00008,0.70592,1,3,0.99949,0.01063,0.01415,-0.02658,0.06077,0.08378,0.63795,0,0
1768603075.997852,0.00293,0.04509,0.00502,0.00132,-0.00072,0.00053,0.54031,0.00008,0.27993,-0.00009,0.70830,0.00008,0.70592,1,3,0.99949,0.01063,0.01415,-0.02658,0.06077,0.08378,0.63795,0,0
1768603075.999850,-0.03526,0.01956,0.02682,0.00118,-0.00003,-0.00120,0.54035,0.00008,0.27993,-0.00009,0.70830,0.00008,0.70591,1,3,0.99949,0.01063,0.01415,-0.02658,0.06077,0.08378,0.63795,0,0
1768603076.001858,-0.03519,0.02353,0.02876,0.00171,-0.00022,-0.00086,0.54039,0.00008,0.27993,-0.00009,0.70830,0.00008,0.70591,1,3,0.99949,0.01063,0.01415,-0.02658,0.06077,0.08378,0.63795,0,0
1768603076.003850,-0.02022,0.08570,0.00872,0.00152,0.00042,0.00119,0.54039,0.00008,0.27993,-0.00009,0.70830,0.00008,0.70591,1,3,0.99949,0.01063,0.01415,-0.02658,0.06077,0.08378,0.63795,0,0
1768603076.005854,-0.02811,0.05605,0.02253,0.00100,0.00102,0.00051,0.54043,0.00008,0.27993,-0.00009,0.70830,0.00008,0.70592,1,3,0.99949,0.01063,0.01415,-0.02658,0.06077,0.08378,0.63795,0,0
1768603076.007920,-0.00649,0.07024,0.07350,0.00140,-0.00098,0.00030,0.54043,0.00008,0.27993,-0.00009,0.70830,0.00008,0.70592,1,3,0.99949,0.01063,0.01415,-0.02658,0.06077,0.08378,0.63795,0,0
1768603076.009865,-0.01340,0.02168,0.04284,0.00091,0.00148,0.00103,0.54047,0.00008,0.27993,-0.00009,0.70830,0.00008,0.70592,1,3,0.99949,0.01063,0.01415,-0.02658,0.06077,0.08378,0.63795,0,0
1768603076.011948,0.00989,0.00082,0.04099,0.00162,0.00102,0.00053,0.54047,0.00008,0.27993,-0.00009,0.70830,0.00008,0.70592,1,3,0.99949,0.01063,0.01415,-0.02658,0.06077,0.08378,0.63795,0,0
1768603076.013853,-0.01153,0.04864,-0.02191,0.00144,0.00004,0.00039,0.54052,0.00008,0.27993,-0.00009,0.70829,0.00008,0.70592,1,3,0.99949,0.01063,0.01415,-0.02658,0.06077,0.08378,0.63795,0,0
1768603076.015856,0.01029,0.06022,0.01440,0.00184,0.00048,0.00099,0.54052,0.00008,0.27993,-0.00009,0.70829,0.00008,0.70592,1,3,0.99949,0.01063,0.01415,-0.02658,0.06077,0.08378,0.63795,0,0
1768603076.017843,-0.01296,0.06178,0.04506,0.00182,-0.00067,-0.00096,0.54056,0.00008,0.27993,-0.00009,0.70829,0.00008,0.70592,1,3,0.99949,0.01063,0.01415,-0.02658,0.06077,0.08378,0.63795,0,0
1768603076.019859,0.01621,0.06148,0.07423,0.00102,-0.00032,0.00002,0.54056,0.00008,0.27993,-0.00009,0.70829,0.00008,0.70592,1,3,0.99949,0.01063,0.01415,-0.02658,0.06077,0.08378,0.63795,0,0
1768603076.021848,0.01725,0.04080,0.04741,0.00159,-0.00087,-0.00008,0.54056,0.00008,0.27993,-0.00009,0.70829,0.00008,0.70592,1,3,0.99949,0.01063,0.01415,-0.02658,0.06077,0.08378,0.63795,0,0
1768603076.023885,-0.01252,0.00517,0.01373,0.00093,0.00134,0.00088,0.54059,0.00008,0.27993,-0.00009,0.70829,0.00008,0.70592,1,3,0.99949,0.01063,0.01415,-0.02658,0.06077,0.08378,0.63795,0,0
1768603076.025847,0.02612,0.04099,-0.02206,0.00067,-0.00040,0.00097,0.54059,0.00008,0.27993,-0.00009,0.70829,0.00008,0.70592,1,3,0.99949,0.01063,0.01415,-0.02658,0.06077,0.08378,0.63795,0,0
1768603076.027872,-0.01231,0.05374,0.01456,0.00183,-0.00126,0.00031,0.54063,0.00008,0.27993,-0.00009,0.70829,0.00008,0.70592,1,3,0.99949,0.01063,0.01415,-0.02658,0.06077,0.08378,0.63795,0,0
1768603076.029862,0.00207,0.06043,0.04473,0.00183,0.00041,-0.00006,0.54063,0.00008,0.27993,-0.00009,0.70829,0.00008,0.70592,1,3,0.99949,0.01063,0.01415,-0.02658,0.06077,0.08378,0.63795,0,0
1768603076.031863,-0.01342,0.06574,0.06195,0.00194,-0.00069,-0.00064,0.54067,0.00008,0.27993,-0.00009,0.70829,0.00008,0.70592,1,3,0.99949,0.01063,0.01415,-0.02658,0.06077,0.08378,0.63795,0,0
1768603076.033963,-0.00529,0.02305,0.03324,0.00119,0.00027,0.00014,0.54067,0.00008,0.27993,-0.00009,0.70829,0.00008,0.70592,1,3,0.99957,0.01067,0.01297,-0.02383,0.06079,0.08381,0.63816,0,0
1768603076.035873,-0.01974,0.03604,0.00479,0.00171,-0.00051,0.00103,0.54071,0.00008,0.27993,-0.00009,0.70829,0.00008,0.70592,1,3,0.99957,0.01067,0.01297,-0.02383,0.06079,0.08381,0.63816,0,0
1768603076.037896,0.01031,0.05720,0.01027,0.00211,-0.00131,0.00255,0.54071,0.00008,0.27993,-0.00009,0.70829,0.00008,0.70592,1,3,0.99957,0.01067,0.01297,-0.02383,0.06079,0.08381,0.63816,0,0
1768603076.039882,-0.01264,0.07852,0.00908,0.00113,-0.00045,0.00076,0.54071,0.00008,0.27993,-0.00009,0.70829,0.00008,0.70592,1,3,0.99957,0.01067,0.01297,-0.02383,0.06079,0.08381,0.63816,0,0
1768603076.041897,-0.00433,0.06227,0.00601,0.00170,-0.00071,-0.00144,0.54071,0.00008,0.27993,-0.00009,0.70829,0.00008,0.70592,1,3,0.99957,0.01067,0.01297,-0.02383,0.06079,0.08381,0.63816,0,0
1768603076.043882,-0.04285,0.05771,0.01731,0.00153,-0.00079,-0.00000,0.54071,0.00008,0.27993,-0.00009,0.70829,0.00008,0.70592,1,3,0.99957,0.01067,0.01297,-0.02383,0.06079,0.08381,0.63816,0,0
1768603076.045878,-0.03468,0.01766,-0.00908,0.00131,0.00129,0.00113,0.54071,0.00008,0.27993,-0.00009,0.70829,0.00008,0.70592,1,3,0.99957,0.01067,0.01297,-0.02383,0.06079,0.08381,0.63816,0,0
1768603076.047907,0.00977,0.05382,0.03337,0.00171,-0.00169,0.00143,0.54083,0.00008,0.27992,-0.00009,0.70830,0.00008,0.70591,1,3,0.99957,0.01067,0.01297,-0.02383,0.06079,0.08381,0.63816,0,0
1768603076.049933,-0.02053,0.05651,0.02108,0.00141,-0.00009,0.00191,0.54087,0.00008,0.27992,-0.00009,0.70830,0.00008,0.70591,1,3,0.99957,0.01067,0.01297,-0.02383,0.06079,0.08381,0.63816,0,0
1768603076.051893,0.02490,0.04568,0.04006,0.00119,-0.00117,-0.00027,0.54087,0.00008,0.27992,-0.00009,0.70830,0.00008,0.70591,1,3,0.99957,0.01067,0.01297,-0.02383,0.06079,0.08381,0.63816,0,0
1768603076.053905,-0.02737,0.05294,0.00587,0.00129,0.00016,-0.00057,0.54091,0.00008,0.27992,-0.00009,0.70830,0.00008,0.70591,1,3,0.99957,0.01067,0.01297,-0.02383,0.06079,0.08381,0.63816,0,0
1768603076.055898,0.00323,0.04413,-0.00980,0.00132,0.00019,0.00094,0.54091,0.00008,0.27992,-0.00009,0.70830,0.00008,0.70591,1,3,0.99957,0.01067,0.01297,-0.02383,0.06079,0.08381,0.63816,0,0
1768603076.057899,-0.00534,0.07040,0.03908,0.00195,-0.00118,-0.00004,0.54091,0.00008,0.27992,-0.00009,0.70830,0.00008,0.70591,1,3,0.99957,0.01067,0.01297,-0.02383,0.06079,0.08381,0.63816,0,0
1768603076.059886,0.04086,0.04239,0.01374,0.00095,-0.00149,-0.00122,0.54096,0.00008,0.27992,-0.00009,0.70829,0.00008,0.70592,1,3,0.99957,0.01067,0.01297,-0.02383,0.06079,0.08381,0.63816,0,0
1768603076.061896,0.00948,0.04898,0.05143,0.00184,-0.00103,0.00071,0.54096,0.00008,0.27992,-0.00009,0.70829,0.00008,0.70592,1,3,0.99957,0.01067,0.01297,-0.02383,0.06079,0.08381,0.63816,0,0
1768603076.063889,-0.04410,0.04317,0.06043,0.00099,0.00126,-0.00025,0.54100,0.00008,0.27993,-0.00009,0.70829,0.00008,0.70592,1,3,0.99957,0.01067,0.01297,-0.02383,0.06079,0.08381,0.63816,0,0
1768603076.065887,0.05606,0.05147,0.02732,0.00216,-0.00307,-0.00082,0.54100,0.00008,0.27993,-0.00009,0.70829,0.00008,0.70592,1,3,0.99957,0.01067,0.01297,-0.02383,0.06079,0.08381,0.63816,0,0
1768603076.067884,0.04091,0.03202,0.00767,0.00149,-0.00047,0.00082,0.54104,0.00008,0.27993,-0.00009,0.70829,0.00008,0.70592,1,3,0.99957,0.01067,0.01297,-0.02383,0.06079,0.08381,0.63816,0,0
1768603076.069890,0.00981,0.04328,0.02959,0.00145,0.00067,0.00117,0.54104,0.00008,0.27993,-0.00009,0.70829,0.00008,0.70592,1,3,0.99957,0.01067,0.01297,-0.02383,0.06079,0.08381,0.63816,0,0
1768603076.071898,0.02435,0.04406,0.05948,0.00145,-0.00006,0.00050,0.54108,0.00008,0.27993,-0.00009,0.70829,0.00008,0.70592,1,3,0.99957,0.01067,0.01297,-0.02383,0.06079,0.08381,0.63816,0,0
1768603076.073937,0.04800,0.02890,0.03081,0.00109,-0.00107,-0.00044,0.54108,0.00008,0.27993,-0.00009,0.70829,0.00008,0.70592,1,3,0.99958,0.01061,0.01332,-0.02353,0.06080,0.08382,0.63820,0,0
1768603076.075910,-0.01376,0.07053,0.06928,0.00153,-0.00104,-0.00071,0.54112,0.00008,0.27993,-0.00009,0.70829,0.00008,0.70592,1,3,0.99958,0.01061,0.01332,-0.02353,0.06080,0.08382,0.63820,0,0
1768603076.077930,0.00281,0.03135,0.01209,0.00173,-0.00020,0.00146,0.54112,0.00008,0.27993,-0.00009,0.70829,0.00008,0.70592,1,3,0.99958,0.01061,0.01332,-0.02353,0.06080,0.08382,0.63820,0,0
1768603076.079925,-0.05042,0.01428,0.01892,0.00117,0.00075,-0.00012,0.54116,0.00008,0.27993,-0.00009,0.70829,0.00008,0.70592,1,3,0.99958,0.01061,0.01332,-0.02353,0.06080,0.08382,0.63820,0,0
1768603076.081966,-0.02789,0.03868,0.01792,0.00116,0.00140,0.00073,0.54120,0.00008,0.27993,-0.00009,0.70829,0.00008,0.70592,1,3,0.99958,0.01061,0.01332,-0.02353,0.06080,0.08382,0.63820,0,0
1768603076.083917,-0.03535,0.04796,0.01728,0.00155,0.00030,0.00075,0.54120,0.00008,0.27993,-0.00009,0.70829,0.00008,0.70592,1,3,0.99958,0.01061,0.01332,-0.02353,0.06080,0.08382,0.63820,0,0
1768603076.085914,-0.01242,0.07005,0.01047,0.00115,-0.00000,-0.00066,0.54124,0.00008,0.27993,-0.00009,0.70829,0.00008,0.70592,1,3,0.99958,0.01061,0.01332,-0.02353,0.06080,0.08382,0.63820,0,0
1768603076.088539,0.02607,0.04690,-0.00463,0.00121,-0.00215,-0.00024,0.54124,0.00008,0.27993,-0.00009,0.70829,0.00008,0.70592,1,3,0.99958,0.01061,0.01332,-0.02353,0.06080,0.08382,0.63820,0,0
1768603076.089920,0.00317,0.02434,-0.00620,0.00067,-0.00043,0.00002,0.54128,0.00008,0.27993,-0.00009,0.70829,0.00008,0.70592,1,3,0.99958,0.01061,0.01332,-0.02353,0.06080,0.08382,0.63820,0,0
1768603076.091921,-0.02054,0.01953,0.03607,0.00091,-0.00013,-0.00033,0.54128,0.00008,0.27993,-0.00009,0.70829,0.00008,0.70592,1,3,0.99958,0.01061,0.01332,-0.02353,0.06080,0.08382,0.63820,0,0
1768603076.093942,-0.03635,0.06207,0.06439,0.00166,-0.00110,-0.00060,0.54132,0.00008,0.27993,-0.00009,0.70829,0.00008,0.70592,1,3,0.99958,0.01061,0.01332,-0.02353,0.06080,0.08382,0.63820,0,0
1768603076.095940,0.05483,0.04771,0.05457,0.00081,-0.00296,-0.00044,0.54132,0.00008,0.27993,-0.00009,0.70829,0.00008,0.70592,1,3,0.99958,0.01061,0.01332,-0.02353,0.06080,0.08382,0.63820,0,0
1768603076.097909,0.00248,0.07420,0.02224,0.00142,-0.00029,-0.00021,0.54132,0.00008,0.27993,-0.00009,0.70829,0.00008,0.70592,1,3,0.99958,0.01061,0.01332,-0.02353,0.06080,0.08382,0.63820,0,0
1768603076.099922,0.01087,0.05692,-0.00203,0.00172,0.00007,-0.00010,0.54136,0.00008,0.27993,-0.00009,0.70829,0.00008,0.70592,1,3,0.99958,0.01061,0.01332,-0.02353,0.06080,0.08382,0.63820,0,0
1768603076.101936,-0.02036,0.05206,0.01975,0.00128,0.00055,0.00082,0.54136,0.00008,0.27993,-0.00009,0.70829,0.00008,0.70592,1,3,0.99958,0.01061,0.01332,-0.02353,0.06080,0.08382,0.63820,0,0
1768603076.103921,-0.02780,0.01783,0.02680,0.00118,0.00150,-0.00055,0.54140,0.00008,0.27992,-0.00009,0.70829,0.00008,0.70592,1,3,0.99958,0.01061,0.01332,-0.02353,0.06080,0.08382,0.63820,0,0
1768603076.105953,-0.03491,0.01103,0.01187,0.00119,0.00001,-0.00071,0.54140,0.00008,0.27992,-0.00009,0.70829,0.00008,0.70592,1,3,0.99958,0.01084,0.01358,-0.02330,0.06081,0.08383,0.63831,0,0
1768603076.107945,0.01065,0.06238,0.00574,0.00131,-0.00071,-0.00094,0.54144,0.00008,0.27992,-0.00009,0.70830,0.00008,0.70592,1,3,0.99958,0.01084,0.01358,-0.02330,0.06081,0.08383,0.63831,0,0
1768603076.109943,0.04840,0.08565,0.01586,0.00199,-0.00365,0.00004,0.54144,0.00008,0.27992,-0.00009,0.70830,0.00008,0.70592,1,3,0.99958,0.01084,0.01358,-0.02330,0.06081,0.08383,0.63831,0,0
1768603076.111962,-0.01317,0.06152,0.03391,0.00128,-0.00059,0.00095,0.54144,0.00008,0.27992,-0.00009,0.70830,0.00008,0.70592,1,3,0.99958,0.01084,0.01358,-0.02330,0.06081,0.08383,0.63831,0,0
1768603076.113946,-0.02794,0.01561,0.02854,0.00091,-0.00044,-0.00015,0.54152,0.00008,0.27993,-0.00009,0.70829,0.00008,0.70592,1,3,0.99958,0.01084,0.01358,-0.02330,0.06081,0.08383,0.63831,0,0
1768603076.115963,-0.01360,0.02412,0.06750,0.00144,-0.00106,-0.00015,0.54152,0.00008,0.27993,-0.00009,0.70829,0.00008,0.70592,1,3,0.99958,0.01084,0.01358,-0.02330,0.06081,0.08383,0.63831,0,0
1768603076.117942,-0.01234,0.06157,0.00980,0.00156,-0.00045,0.00021,0.54156,0.00008,0.27993,-0.00009,0.70829,0.00008,0.70592,1,3,0.99958,0.01084,0.01358,-0.02330,0.06081,0.08383,0.63831,0,0
1768603076.119980,0.02573,0.07196,0.01453,0.00185,-0.00235,-0.00055,0.54156,0.00008,0.27993,-0.00009,0.70829,0.00008,0.70592,1,3,0.99958,0.01084,0.01358,-0.02330,0.06081,0.08383,0.63831,0,0
1768603076.122024,-0.02808,0.06628,0.02190,0.00100,-0.00074,0.00039,0.54160,0.00008,0.27993,-0.00009,0.70829,0.00008,0.70592,1,3,0.99958,0.01084,0.01358,-0.02330,0.06081,0.08383,0.63831,0,0
1768603076.123931,-0.02785,0.01696,0.02080,0.00131,0.00187,0.00099,0.54160,0.00008,0.27993,-0.00009,0.70829,0.00008,0.70592,1,3,0.99958,0.01084,0.01358,-0.02330,0.06081,0.08383,0.63831,0,0
1768603076.125956,0.00214,0.05330,0.04447,0.00184,-0.00090,0.00003,0.54164,0.00008,0.27993,-0.00009,0.70829,0.00008,0.70592,1,3,0.99958,0.01084,0.01358,-0.02330,0.06081,0.08383,0.63831,0,0
1768603076.127934,0.02495,0.06183,0.03473,0.00131,-0.00058,-0.00007,0.54164,0.00008,0.27993,-0.00009,0.70829,0.00008,0.70592,1,3,0.99958,0.01084,0.01358,-0.02330,0.06081,0.08383,0.63831,0,0
1768603076.129968,-0.04266,0.05317,0.01007,0.00154,-0.00044,0.00006,0.54164,0.00008,0.27993,-0.00009,0.70829,0.00008,0.70592,1,3,0.99958,0.01084,0.01358,-0.02330,0.06081,0.08383,0.63831,0,0
1768603076.132049,-0.00531,0.04104,0.02274,0.00064,-0.00051,0.00031,0.54164,0.00008,0.27993,-0.00009,0.70829,0.00008,0.70592,1,3,0.99958,0.01084,0.01358,-0.02330,0.06081,0.08383,0.63831,0,0
1768603076.133962,0.00207,0.01944,0.04994,0.00173,-0.00084,0.00043,0.54168,0.00008,0.27993,-0.00009,0.70829,0.00008,0.70592,1,3,0.99958,0.01084,0.01358,-0.02330,0.06081,0.08383,0.63831,0,0
1768603076.135950,-0.01285,0.02829,0.02555,0.00078,-0.00048,0.00021,0.54168,0.00008,0.27993,-0.00009,0.70829,0.00008,0.70592,1,3,0.99958,0.01084,0.01358,-0.02330,0.06081,0.08383,0.63831,0,0
1768603076.137952,0.00988,0.04505,0.03534,0.00132,-0.00058,-0.00038,0.54172,0.00008,0.27993,-0.00009,0.70829,0.00008,0.70592,1,3,0.99958,0.01084,0.01358,-0.02330,0.06081,0.08383,0.63831,0,0
1768603076.139956,-0.01290,0.07757,0.02396,0.00153,0.00016,0.00077,0.54172,0.00008,0.27993,-0.00009,0.70829,0.00008,0.70592,1,3,0.99958,0.01084,0.01358,-0.02330,0.06081,0.08383,0.63831,0,0
1768603076.141950,-0.01974,0.01914,0.00583,0.00132,-0.00006,0.00047,0.54176,0.00008,0.27993,-0.00009,0.70829,0.00008,0.70593,1,3,0.99958,0.01084,0.01358,-0.02330,0.06081,0.08383,0.63831,0,0
1768603076.143955,0.03971,0.07648,0.06072,0.00198,-0.00310,-0.00013,0.54180,0.00008,0.27993,-0.00009,0.70829,0.00008,0.70592,1,3,0.99958,0.01084,0.01358,-0.02330,0.06081,0.08383,0.63831,0,0
1768603076.145977,0.00172,0.07929,0.04394,0.00100,-0.00112,0.00009,0.54180,0.00008,0.27993,-0.00009,0.70829,0.00008,0.70592,1,3,0.99958,0.01084,0.01358,-0.02330,0.06081,0.08383,0.63831,0,0
1768603076.147950,0.00283,0.04756,0.01923,0.00172,-0.00339,0.00012,0.54184,0.00008,0.27993,-0.00009,0.70829,0.00008,0.70592,1,3,0.99958,0.01084,0.01358,-0.02330,0.06081,0.08383,0.63831,0,0
1768603076.149961,-0.02722,0.01108,0.00635,0.00133,-0.00028,-0.00007,0.54184,0.00008,0.27993,-0.00009,0.70829,0.00008,0.70592,1,3,0.99955,0.01076,0.01375,-0.02437,0.06078,0.08379,0.63802,0,0
1768603076.151960,0.01790,0.02377,0.01829,0.00121,-0.00035,0.00014,0.54184,0.00008,0.27993,-0.00009,0.70829,0.00008,0.70592,1,3,0.99955,0.01076,0.01375,-0.02437,0.06078,0.08379,0.63802,0,0
1768603076.153990,-0.02876,0.08563,0.05311,0.00191,0.00008,0.00091,0.54188,0.00008,0.27992,-0.00009,0.70829,0.00008,0.70592,1,3,0.99955,0.01076,0.01375,-0.02437,0.06078,0.08379,0.63802,0,0
1768603076.155982,-0.04304,0.06535,0.01277,0.00085,0.00046,-0.00010,0.54192,0.00008,0.27992,-0.00009,0.70830,0.00008,0.70591,1,3,0.99955,0.01076,0.01375,-0.02437,0.06078,0.08379,0.63802,0,0
1768603076.157996,-0.00468,0.02401,0.00839,0.00106,-0.00047,0.00015,0.54196,0.00008,0.27992,-0.00009,0.70830,0.00008,0.70591,1,3,0.99955,0.01076,0.01375,-0.02437,0.06078,0.08379,0.63802,0,0
1768603076.159968,-0.03473,0.02312,-0.00628,0.00104,0.00045,0.00030,0.54196,0.00008,0.27992,-0.00009,0.70830,0.00008,0.70591,1,3,0.99955,0.01076,0.01375,-0.02437,0.06078,0.08379,0.63802,0,0
1768603076.161972,-0.03479,0.01942,0.00165,0.00105,0.00010,-0.00042,0.54196,0.00008,0.27992,-0.00009,0.70830,0.00008,0.70591,1,3,0.99955,0.01076,0.01375,-0.02437,0.06078,0.08379,0.63802,0,0
1768603076.164011,0.01724,0.07033,0.03898,0.00156,-0.00097,0.00033,0.54200,0.00008,0.27992,-0.00009,0.70830,0.00008,0.70592,1,3,0.99955,0.01076,0.01375,-0.02437,0.06078,0.08379,0.63802,0,0
1768603076.165987,-0.03575,0.04052,0.02755,0.00088,-0.00023,0.00044,0.54200,0.00008,0.27992,-0.00009,0.70830,0.00008,0.70592,1,3,0.99955,0.01076,0.01375,-0.02437,0.06078,0.08379,0.63802,0,0
1768603076.167976,0.01056,0.03209,0.00781,0.00147,-0.00047,0.00056,0.54204,0.00008,0.27992,-0.00009,0.70830,0.00008,0.70591,1,3,0.99955,0.01076,0.01375,-0.02437,0.06078,0.08379,0.63802,0,0
1768603076.169985,-0.01161,0.04885,-0.01635,0.00131,0.00011,-0.00038,0.54208,0.00008,0.27991,-0.00009,0.70830,0.00008,0.70591,1,3,0.99955,0.01076,0.01375,-0.02437,0.06078,0.08379,0.63802,0,0
1768603076.171977,0.00328,0.03368,-0.01473,0.00146,0.00188,0.00183,0.54208,0.00008,0.27991,-0.00009,0.70830,0.00008,0.70591,1,3,0.99955,0.01076,0.01375,-0.02437,0.06078,0.08379,0.63802,0,0
1768603076.174086,-0.00549,0.06967,0.03352,0.00168,-0.00059,0.00111,0.54208,0.00008,0.27991,-0.00009,0.70830,0.00008,0.70591,1,3,0.99955,0.01076,0.01375,-0.02437,0.06078,0.08379,0.63802,0,0
1768603076.175982,-0.00541,0.06217,0.03850,0.00196,-0.00163,0.00082,0.54208,0.00008,0.27991,-0.00009,0.70830,0.00008,0.70591,1,3,0.99955,0.01076,0.01375,-0.02437,0.06078,0.08379,0.63802,0,0
1768603076.177972,-0.00613,0.03628,0.07562,0.00144,-0.00031,-0.00119,0.54212,0.00008,0.27991,-0.00009,0.70830,0.00008,0.70591,1,3,0.99955,0.01076,0.01375,-0.02437,0.06078,0.08379,0.63802,0,0
1768603076.179990,-0.01323,0.04430,0.05575,0.00156,0.00011,-0.00114,0.54212,0.00008,0.27991,-0.00009,0.70830,0.00008,0.70591,1,3,0.99955,0.01076,0.01375,-0.02437,0.06078,0.08379,0.63802,0,0
1768603076.181989,0.00958,0.06119,0.03998,0.00116,0.00014,-0.00020,0.54216,0.00008,0.27991,-0.00009,0.70830,0.00008,0.70591,1,3,0.99955,0.01076,0.01375,-0.02437,0.06078,0.08379,0.63802,0,0
1768603076.183999,0.03959,0.04412,0.04493,0.00066,0.00041,0.00063,0.54216,0.00008,0.27991,-0.00009,0.70830,0.00008,0.70591,1,3,0.99955,0.01076,0.01375,-0.02437,0.06078,0.08379,0.63802,0,0
1768603076.185988,0.00976,0.02731,0.02491,0.00079,0.00017,0.00136,0.54220,0.00008,0.27991,-0.00009,0.70831,0.00008,0.70591,1,3,0.99953,0.01065,0.01390,-0.02527,0.06080,0.08381,0.63823,0,0
1768603076.187993,0.01747,0.02780,0.04029,0.00160,-0.00052,0.00008,0.54220,0.00008,0.27991,-0.00009,0.70831,0.00008,0.70591,1,3,0.99953,0.01065,0.01390,-0.02527,0.06080,0.08381,0.63823,0,0
1768603076.190062,0.00972,0.07029,0.03951,0.00156,-0.00074,-0.00030,0.54224,0.00008,0.27991,-0.00009,0.70830,0.00008,0.70591,1,3,0.99953,0.01065,0.01390,-0.02527,0.06080,0.08381,0.63823,0,0
1768603076.192022,0.02600,0.05629,0.01055,0.00160,-0.00306,-0.00150,0.54224,0.00008,0.27991,-0.00009,0.70830,0.00008,0.70591,1,3,0.99953,0.01065,0.01390,-0.02527,0.06080,0.08381,0.63823,0,0
1768603076.194010,0.00975,0.03523,0.04003,0.00159,0.00035,0.00050,0.54228,0.00008,0.27991,-0.00009,0.70831,0.00008,0.70591,1,3,0.99953,0.01065,0.01390,-0.02527,0.06080,0.08381,0.63823,0,0
1768603076.196024,-0.02759,0.05126,0.01022,0.00155,0.00131,0.00059,0.54232,0.00008,0.27991,-0.00009,0.70831,0.00008,0.70590,1,3,0.99953,0.01065,0.01390,-0.02527,0.06080,0.08381,0.63823,0,0
1768603076.198006,-0.02063,0.06146,0.03365,0.00167,-0.00081,0.00108,0.54232,0.00008,0.27991,-0.00009,0.70831,0.00008,0.70590,1,3,0.99953,0.01065,0.01390,-0.02527,0.06080,0.08381,0.63823,0,0
1768603076.199998,-0.02128,0.06096,0.05917,0.00140,-0.00007,0.00030,0.54236,0.00008,0.27991,-0.00009,0.70831,0.00008,0.70590,1,3,0.99953,0.01065,0.01390,-0.02527,0.06080,0.08381,0.63823,0,0
1768603076.202041,-0.01979,0.02424,0.00761,0.00145,-0.00113,0.00079,0.54236,0.00008,0.27991,-0.00009,0.70831,0.00008,0.70590,1,3,0.99953,0.01065,0.01390,-0.02527,0.06080,0.08381,0.63823,0,0
1768603076.204072,-0.01975,0.02305,0.00345,0.00118,0.00035,0.00042,0.54240,0.00008,0.27991,-0.00009,0.70831,0.00008,0.70590,1,3,0.99953,0.01065,0.01390,-0.02527,0.06080,0.08381,0.63823,0,0
1768603076.206028,0.00238,0.03673,0.01973,0.00091,-0.00077,0.00100,0.54240,0.00008,0.27991,-0.00009,0.70831,0.00008,0.70590,1,3,0.99953,0.01065,0.01390,-0.02527,0.06080,0.08381,0.63823,0,0
1768603076.208021,0.00997,0.08424,0.04073,0.00249,-0.00269,-0.00007,0.54244,0.00008,0.27991,-0.00009,0.70831,0.00008,0.70590,1,3,0.99953,0.01065,0.01390,-0.02527,0.06080,0.08381,0.63823,0,0
1768603076.210014,-0.04378,0.06135,0.04473,0.00098,-0.00002,-0.00008,0.54244,0.00008,0.27991,-0.00009,0.70831,0.00008,0.70590,1,3,0.99953,0.01065,0.01390,-0.02527,0.06080,0.08381,0.63823,0,0
1768603076.212022,-0.01186,0.04017,-0.01183,0.00118,0.00016,0.00048,0.54248,0.00008,0.27991,-0.00009,0.70831,0.00008,0.70590,1,3,0.99953,0.01065,0.01390,-0.02527,0.06080,0.08381,0.63823,0,0
1768603076.214007,-0.05012,0.04294,-0.00547,0.00154,0.00090,0.00185,0.54248,0.00008,0.27991,-0.00009,0.70831,0.00008,0.70590,1,3,0.99953,0.01065,0.01390,-0.02527,0.06080,0.08381,0.63823,0,0
1768603076.216005,0.01135,0.02353,-0.01164,0.00202,-0.00049,0.00031,0.54248,0.00008,0.27991,-0.00009,0.70831,0.00008,0.70590,1,3,0.99953,0.01065,0.01390,-0.02527,0.06080,0.08381,0.63823,0,0
1768603076.218005,-0.04339,0.06687,0.04188,0.00166,-0.00159,-0.00051,0.54252,0.00008,0.27991,-0.00009,0.70831,0.00008,0.70590,1,3,0.99953,0.01065,0.01390,-0.02527,0.06080,0.08381,0.63823,0,0
1768603076.220011,0.04018,0.06546,0.03781,0.00145,0.00011,-0.00075,0.54252,0.00008,0.27991,-0.00009,0.70831,0.00008,0.70590,1,3,0.99953,0.01065,0.01390,-0.02527,0.06080,0.08381,0.63823,0,0
1768603076.222017,-0.03609,0.03515,0.04063,0.00074,0.00102,0.00011,0.54256,0.00008,0.27991,-0.00009,0.70831,0.00008,0.70590,1,3,0.99953,0.01065,0.01390,-0.02527,0.06080,0.08381,0.63823,0,0
1768603076.224011,-0.00585,0.03115,0.04705,0.00117,0.00022,0.00117,0.54256,0.00008,0.27991,-0.00009,0.70831,0.00008,0.70590,1,3,0.99953,0.01065,0.01390,-0.02527,0.06080,0.08381,0.63823,0,0
1768603076.226046,-0.03642,0.05612,0.05114,0.00139,0.00027,0.00138,0.54261,0.00008,0.27991,-0.00009,0.70831,0.00008,0.70590,1,3,0.99956,0.01077,0.01287,-0.02434,0.06079,0.08381,0.63814,0,0
1768603076.228067,0.02484,0.05708,0.04667,0.00198,-0.00065,0.00037,0.54261,0.00008,0.27991,-0.00009,0.70831,0.00008,0.70590,1,3,0.99956,0.01077,0.01287,-0.02434,0.06079,0.08381,0.63814,0,0
1768603076.230107,0.04811,0.03456,0.03339,0.00123,-0.00235,-0.00127,0.54261,0.00008,0.27991,-0.00009,0.70831,0.00008,0.70590,1,3,0.99956,0.01077,0.01287,-0.02434,0.06079,0.08381,0.63814,0,0
1768603076.232159,0.00215,0.08717,0.03980,0.00154,-0.00052,-0.00114,0.54265,0.00008,0.27991,-0.00009,0.70831,0.00008,0.70590,1,3,0.99956,0.01077,0.01287,-0.02434,0.06079,0.08381,0.63814,0,0
1768603076.234212,-0.00461,0.05971,-0.00336,0.00076,0.00223,-0.00066,0.54269,0.00008,0.27991,-0.00009,0.70831,0.00008,0.70590,1,3,0.99956,0.01077,0.01287,-0.02434,0.06079,0.08381,0.63814,0,0
1768603076.236041,-0.01291,0.01826,0.02468,0.00118,0.00038,0.00186,0.54273,0.00008,0.27991,-0.00009,0.70831,0.00008,0.70590,1,3,0.99956,0.01077,0.01287,-0.02434,0.06079,0.08381,0.63814,0,0
1768603076.238045,-0.01300,0.03236,0.03212,0.00117,-0.00084,0.00092,0.54273,0.00008,0.27991,-0.00009,0.70831,0.00008,0.70590,1,3,0.99956,0.01077,0.01287,-0.02434,0.06079,0.08381,0.63814,0,0
1768603076.240044,-0.04377,0.02900,0.05378,0.00155,-0.00210,0.00108,0.54277,0.00008,0.27991,-0.00009,0.70831,0.00008,0.70590,1,3,0.99956,0.01077,0.01287,-0.02434,0.06079,0.08381,0.63814,0,0
1768603076.242062,-0.01300,0.04962,0.03210,0.00116,-0.00105,0.00033,0.54277,0.00008,0.27991,-0.00009,0.70831,0.00008,0.70590,1,3,0.99956,0.01077,0.01287,-0.02434,0.06079,0.08381,0.63814,0,0
1768603076.244059,-0.04243,0.05696,-0.01170,0.00073,0.00060,0.00002,0.54281,0.00008,0.27991,-0.00009,0.70831,0.00008,0.70590,1,3,0.99956,0.01077,0.01287,-0.02434,0.06079,0.08381,0.63814,0,0
1768603076.246056,-0.03475,0.05266,0.00005,0.00182,-0.00013,0.00033,0.54281,0.00008,0.27991,-0.00009,0.70831,0.00008,0.70590,1,3,0.99956,0.01077,0.01287,-0.02434,0.06079,0.08381,0.63814,0,0
1768603076.248061,-0.01183,0.04959,-0.00709,0.00144,-0.00087,-0.00001,0.54285,0.00008,0.27991,-0.00009,0.70831,0.00008,0.70590,1,3,0.99956,0.01077,0.01287,-0.02434,0.06079,0.08381,0.63814,0,0
1768603076.250037,-0.02766,0.01885,0.01495,0.00145,-0.00017,0.00135,0.54285,0.00008,0.27991,-0.00009,0.70831,0.00008,0.70590,1,3,0.99956,0.01077,0.01287,-0.02434,0.06079,0.08381,0.63814,0,0
1768603076.252061,-0.01397,0.07864,0.07312,0.00179,-0.00121,0.00034,0.54289,0.00008,0.27991,-0.00009,0.70831,0.00008,0.70590,1,3,0.99956,0.01077,0.01287,-0.02434,0.06079,0.08381,0.63814,0,0
1768603076.254048,0.04032,0.04993,0.02802,0.00093,-0.00088,-0.00057,0.54289,0.00008,0.27991,-0.00009,0.70831,0.00008,0.70590,1,3,0.99956,0.01077,0.01287,-0.02434,0.06079,0.08381,0.63814,0,0
1768603076.256047,0.00993,0.05365,0.03068,0.00104,-0.00041,-0.00086,0.54289,0.00008,0.27991,-0.00009,0.70831,0.00008,0.70590,1,3,0.99956,0.01077,0.01287,-0.02434,0.06079,0.08381,0.63814,0,0
1768603076.258068,0.00923,0.05755,0.05594,0.00170,-0.00120,0.00098,0.54293,0.00008,0.27991,-0.00009,0.70831,0.00008,0.70590,1,3,0.99956,0.01077,0.01287,-0.02434,0.06079,0.08381,0.63814,0,0
1768603076.260070,-0.00524,0.06276,0.01171,0.00128,0.00220,0.00197,0.54293,0.00008,0.27991,-0.00009,0.70831,0.00008,0.70590,1,3,0.99956,0.01077,0.01287,-0.02434,0.06079,0.08381,0.63814,0,0
1768603076.262059,-0.01270,0.06120,0.01875,0.00168,-0.00056,0.00135,0.54297,0.00008,0.27991,-0.00009,0.70831,0.00008,0.70590,1,3,0.99956,0.01077,0.01287,-0.02434,0.06079,0.08381,0.63814,0,0
1768603076.264066,-0.00492,0.04404,0.01612,0.00104,0.00072,-0.00048,0.54297,0.00008,0.27991,-0.00009,0.70831,0.00008,0.70590,1,3,0.99956,0.01071,0.01428,-0.02385,0.06079,0.08381,0.63811,0,0
1768603076.266058,-0.04386,0.05429,0.05456,0.00112,-0.00144,-0.00038,0.54301,0.00008,0.27991,-0.00009,0.70831,0.00008,0.70590,1,3,0.99956,0.01071,0.01428,-0.02385,0.06079,0.08381,0.63811,0,0
1768603076.268072,-0.03508,0.02712,0.02118,0.00170,0.00034,-0.00052,0.54301,0.00008,0.27991,-0.00009,0.70831,0.00008,0.70590,1,3,0.99956,0.01071,0.01428,-0.02385,0.06079,0.08381,0.63811,0,0
1768603076.270102,0.01681,0.08326,0.04597,0.00114,-0.00110,0.00055,0.54301,0.00008,0.27991,-0.00009,0.70831,0.00008,0.70590,1,3,0.99956,0.01071,0.01428,-0.02385,0.06079,0.08381,0.63811,0,0
1768603076.272084,0.01742,0.04499,0.02890,0.00145,-0.00109,0.00141,0.54309,0.00008,0.27991,-0.00009,0.70831,0.00008,0.70590,1,3,0.99956,0.01071,0.01428,-0.02385,0.06079,0.08381,0.63811,0,0
1768603076.274078,0.03255,0.03568,0.03994,0.00161,-0.00008,0.00049,0.54309,0.00008,0.27991,-0.00009,0.70831,0.00008,0.70590,1,3,0.99956,0.01071,0.01428,-0.02385,0.06079,0.08381,0.63811,0,0
1768603076.276086,-0.01326,0.05793,0.04775,0.00115,-0.00064,-0.00092,0.54313,0.00008,0.27992,-0.00009,0.70830,0.00008,0.70591,1,3,0.99956,0.01071,0.01428,-0.02385,0.06079,0.08381,0.63811,0,0
1768603076.278100,0.00901,0.06592,0.06194,0.00115,-0.00047,-0.00027,0.54313,0.00008,0.27992,-0.00009,0.70830,0.00008,0.70591,1,3,0.99956,0.01071,0.01428,-0.02385,0.06079,0.08381,0.63811,0,0
1768603076.280120,0.00966,0.06978,0.04929,0.00209,-0.00062,-0.00029,0.54317,0.00008,0.27991,-0.00009,0.70831,0.00008,0.70590,1,3,0.99956,0.01071,0.01428,-0.02385,0.06079,0.08381,0.63811,0,0
1768603076.282197,-0.01996,0.03088,0.00368,0.00077,0.00122,0.00032,0.54317,0.00008,0.27991,-0.00009,0.70831,0.00008,0.70590,1,3,0.99956,0.01071,0.01428,-0.02385,0.06079,0.08381,0.63811,0,0
1768603076.284086,-0.01302,0.04954,0.02699,0.00089,-0.00090,0.00071,0.54321,0.00008,0.27991,-0.00009,0.70831,0.00008,0.70590,1,3,0.99956,0.01071,0.01428,-0.02385,0.06079,0.08381,0.63811,0,0
1768603076.286079,-0.02853,0.03136,0.04759,0.00116,0.00023,0.00041,0.54321,0.00008,0.27991,-0.00009,0.70831,0.00008,0.70590,1,3,0.99956,0.01071,0.01428,-0.02385,0.06079,0.08381,0.63811,0,0
1768603076.288080,-0.02165,0.06168,0.06491,0.00046,0.00000,-0.00049,0.54325,0.00008,0.27992,-0.00009,0.70830,0.00008,0.70591,1,3,0.99956,0.01071,0.01428,-0.02385,0.06079,0.08381,0.63811,0,0
1768603076.290088,0.01042,0.04506,0.02039,0.00172,-0.00076,-0.00036,0.54325,0.00008,0.27992,-0.00009,0.70830,0.00008,0.70591,1,3,0.99956,0.01071,0.01428,-0.02385,0.06079,0.08381,0.63811,0,0
1768603076.292094,-0.00458,0.02823,0.00544,0.00133,-0.00072,0.00048,0.54325,0.00008,0.27992,-0.00009,0.70830,0.00008,0.70591,1,3,0.99956,0.01071,0.01428,-0.02385,0.06079,0.08381,0.63811,0,0
1768603076.294111,-0.00493,0.03578,0.01474,0.00145,-0.00017,0.00115,0.54329,0.00008,0.27991,-0.00009,0.70831,0.00008,0.70590,1,3,0.99956,0.01071,0.01428,-0.02385,0.06079,0.08381,0.63811,0,0
1768603076.296110,0.01707,0.05032,0.04201,0.00091,-0.00159,0.00018,0.54329,0.00008,0.27991,-0.00009,0.70831,0.00008,0.70590,1,3,0.99956,0.01071,0.01428,-0.02385,0.06079,0.08381,0.63811,0,0
1768603076.298099,-0.02788,0.06699,0.02666,0.00167,-0.00177,0.00001,0.54333,0.00008,0.27992,-0.00009,0.70831,0.00008,0.70591,1,3,0.99951,0.01067,0.01417,-0.02566,0.06079,0.08379,0.63811,0,0
1768603076.300111,-0.02805,0.01876,0.04082,0.00158,0.00014,-0.00019,0.54333,0.00008,0.27992,-0.00009,0.70831,0.00008,0.70591,1,3,0.99951,0.01067,0.01417,-0.02566,0.06079,0.08379,0.63811,0,0
1768603076.302108,-0.01216,0.04031,0.00836,0.00144,-0.00003,-0.00030,0.54337,0.00008,0.27992,-0.00009,0.70831,0.00008,0.70591,1,3,0.99951,0.01067,0.01417,-0.02566,0.06079,0.08379,0.63811,0,0
1768603076.304108,-0.02059,0.04009,0.03754,0.00143,-0.00011,0.00019,0.54341,0.00008,0.27991,-0.00009,0.70831,0.00008,0.70590,1,3,0.99951,0.01067,0.01417,-0.02566,0.06079,0.08379,0.63811,0,0
1768603076.306113,-0.05814,0.06786,0.00558,0.00084,0.00212,0.00013,0.54341,0.00008,0.27991,-0.00009,0.70831,0.00008,0.70590,1,3,0.99951,0.01067,0.01417,-0.02566,0.06079,0.08379,0.63811,0,0
1768603076.308134,0.00238,0.05381,0.02971,0.00144,-0.00108,0.00003,0.54345,0.00008,0.27991,-0.00009,0.70831,0.00008,0.70590,1,3,0.99951,0.01067,0.01417,-0.02566,0.06079,0.08379,0.63811,0,0
1768603076.310115,-0.02115,0.03012,0.05674,0.00169,0.00078,0.00144,0.54345,0.00008,0.27991,-0.00009,0.70831,0.00008,0.70590,1,3,0.99951,0.01067,0.01417,-0.02566,0.06079,0.08379,0.63811,0,0
1768603076.312117,0.00885,0.04744,0.08411,0.00157,-0.00326,-0.00082,0.54349,0.00008,0.27991,-0.00009,0.70831,0.00008,0.70590,1,3,0.99951,0.01067,0.01417,-0.02566,0.06079,0.08379,0.63811,0,0
1768603076.314111,-0.00526,0.06911,0.03527,0.00168,0.00052,-0.00079,0.54349,0.00008,0.27991,-0.00009,0.70831,0.00008,0.70590,1,3,0.99951,0.01067,0.01417,-0.02566,0.06079,0.08379,0.63811,0,0
1768603076.316170,0.02649,0.06669,-0.01965,0.00066,0.00029,-0.00276,0.54353,0.00008,0.27991,-0.00009,0.70831,0.00008,0.70590,1,3,0.99951,0.01067,0.01417,-0.02566,0.06079,0.08379,0.63811,0,0
1768603076.318169,0.03350,0.02110,0.00657,0.00097,-0.00136,-0.00084,0.54353,0.00008,0.27991,-0.00009,0.70831,0.00008,0.70590,1,3,0.99951,0.01067,0.01417,-0.02566,0.06079,0.08379,0.63811,0,0
1768603076.320145,-0.05106,0.04012,0.04188,0.00167,-0.00050,0.00070,0.54357,0.00008,0.27991,-0.00009,0.70831,0.00008,0.70590,1,3,0.99951,0.01067,0.01417,-0.02566,0.06079,0.08379,0.63811,0,0
1768603076.322137,-0.01327,0.02324,0.05779,0.00171,-0.00030,-0.00013,0.54357,0.00008,0.27991,-0.00009,0.70831,0.00008,0.70590,1,3,0.99951,0.01067,0.01417,-0.02566,0.06079,0.08379,0.63811,0,0
1768603076.324134,0.04025,0.06286,0.02504,0.00079,-0.00114,-0.00034,0.54361,0.00008,0.27991,-0.00009,0.70831,0.00008,0.70590,1,3,0.99951,0.01067,0.01417,-0.02566,0.06079,0.08379,0.63811,0,0
1768603076.326125,0.01049,0.06637,0.01346,0.00130,-0.00040,-0.00138,0.54361,0.00008,0.27991,-0.00009,0.70831,0.00008,0.70590,1,3,0.99951,0.01067,0.01417,-0.02566,0.06079,0.08379,0.63811,0,0
1768603076.328136,0.02466,0.04534,0.04481,0.00105,-0.00090,0.00011,0.54361,0.00008,0.27991,-0.00009,0.70831,0.00008,0.70590,1,3,0.99951,0.01067,0.01417,-0.02566,0.06079,0.08379,0.63811,0,0
1768603076.330113,0.01749,0.06077,0.02882,0.00184,-0.00022,0.00122,0.54366,0.00008,0.27991,-0.00009,0.70831,0.00008,0.70590,1,3,0.99951,0.01067,0.01417,-0.02566,0.06079,0.08379,0.63811,0,0
1768603076.332132,-0.00626,0.08366,0.05497,0.00125,-0.00186,0.00130,0.54366,0.00008,0.27991,-0.00009,0.70831,0.00008,0.70590,1,3,0.99951,0.01067,0.01417,-0.02566,0.06079,0.08379,0.63811,0,0
1768603076.334120,0.03379,0.05102,-0.00855,0.00188,-0.00285,0.00112,0.54370,0.00008,0.27991,-0.00009,0.70831,0.00008,0.70590,1,3,0.99952,0.01061,0.01383,-0.02561,0.06080,0.08382,0.63824,0,0
1768603076.336118,0.01039,0.01374,0.01457,0.00095,0.00157,-0.00037,0.54370,0.00008,0.27991,-0.00009,0.70831,0.00008,0.70590,1,3,0.99952,0.01061,0.01383,-0.02561,0.06080,0.08382,0.63824,0,0
1768603076.338120,0.03293,0.03935,0.03565,0.00135,-0.00298,-0.00145,0.54374,0.00008,0.27991,-0.00009,0.70831,0.00008,0.70590,1,3,0.99952,0.01061,0.01383,-0.02561,0.06080,0.08382,0.63824,0,0
1768603076.340135,0.01756,0.03175,0.02747,0.00133,-0.00024,0.00080,0.54377,0.00008,0.27991,-0.00009,0.70831,0.00008,0.70590,1,3,0.99952,0.01061,0.01383,-0.02561,0.06080,0.08382,0.63824,0,0
1768603076.342122,-0.00552,0.08213,0.02987,0.00193,-0.00086,0.00211,0.54377,0.00008,0.27991,-0.00009,0.70831,0.00008,0.70590,1,3,0.99952,0.01061,0.01383,-0.02561,0.06080,0.08382,0.63824,0,0
1768603076.344138,-0.00540,0.03947,0.02175,0.00103,0.00035,0.00185,0.54382,0.00008,0.27992,-0.00009,0.70831,0.00008,0.70591,1,3,0.99952,0.01061,0.01383,-0.02561,0.06080,0.08382,0.63824,0,0
1768603076.346145,-0.04324,0.02829,0.03535,0.00129,-0.00080,-0.00005,0.54382,0.00008,0.27992,-0.00009,0.70831,0.00008,0.70591,1,3,0.99952,0.01061,0.01383,-0.02561,0.06080,0.08382,0.63824,0,0
1768603076.348157,-0.05056,0.03404,0.03392,0.00115,-0.00169,-0.00189,0.54386,0.00008,0.27992,-0.00009,0.70830,0.00008,0.70591,1,3,0.99952,0.01061,0.01383,-0.02561,0.06080,0.08382,0.63824,0,0
1768603076.350181,-0.00540,0.06108,0.04025,0.00155,0.00014,-0.00070,0.54386,0.00008,0.27992,-0.00009,0.70830,0.00008,0.70591,1,3,0.99952,0.01061,0.01383,-0.02561,0.06080,0.08382,0.63824,0,0
1768603076.352175,0.01006,0.04051,0.02184,0.00145,-0.00074,0.00121,0.54390,0.00008,0.27992,-0.00009,0.70831,0.00008,0.70591,1,3,0.99952,0.01061,0.01383,-0.02561,0.06080,0.08382,0.63824,0,0
1768603076.354138,-0.01294,0.04977,0.02130,0.00102,-0.00140,0.00148,0.54390,0.00008,0.27992,-0.00009,0.70831,0.00008,0.70591,1,3,0.99952,0.01061,0.01383,-0.02561,0.06080,0.08382,0.63824,0,0
1768603076.356164,-0.00517,0.04398,0.02449,0.00157,-0.00005,0.00104,0.54394,0.00008,0.27992,-0.00009,0.70831,0.00008,0.70591,1,3,0.99952,0.01061,0.01383,-0.02561,0.06080,0.08382,0.63824,0,0
1768603076.358135,0.07095,0.00573,0.03683,0.00101,-0.00275,-0.00169,0.54394,0.00008,0.27992,-0.00009,0.70831,0.00008,0.70591,1,3,0.99952,0.01061,0.01383,-0.02561,0.06080,0.08382,0.63824,0,0
1768603076.360159,-0.00550,0.05322,0.04919,0.00210,-0.00106,0.00016,0.54394,0.00008,0.27992,-0.00009,0.70831,0.00008,0.70591,1,3,0.99952,0.01061,0.01383,-0.02561,0.06080,0.08382,0.63824,0,0
1768603076.362138,-0.01263,0.03636,0.02489,0.00158,-0.00070,0.00050,0.54398,0.00008,0.27992,-0.00009,0.70830,0.00008,0.70591,1,3,0.99952,0.01061,0.01383,-0.02561,0.06080,0.08382,0.63824,0,0
1768603076.364168,-0.04998,0.03905,-0.00728,0.00141,0.00087,0.00113,0.54398,0.00008,0.27992,-0.00009,0.70830,0.00008,0.70591,1,3,0.99952,0.01061,0.01383,-0.02561,0.06080,0.08382,0.63824,0,0
1768603076.366155,-0.05032,0.05302,0.00968,0.00153,-0.00045,0.00057,0.54402,0.00008,0.27992,-0.00009,0.70830,0.00008,0.70591,1,3,0.99952,0.01061,0.01383,-0.02561,0.06080,0.08382,0.63824,0,0
1768603076.368134,-0.03595,0.03181,0.05231,0.00182,-0.00059,0.00016,0.54402,0.00008,0.27992,-0.00009,0.70830,0.00008,0.70591,1,3,0.99952,0.01061,0.01383,-0.02561,0.06080,0.08382,0.63824,0,0
1768603076.370177,-0.02713,0.02348,-0.00033,0.00092,0.00052,-0.00098,0.54406,0.00008,0.27992,-0.00009,0.70830,0.00008,0.70591,1,3,0.99956,0.01068,0.01454,-0.02346,0.06079,0.08381,0.63811,0,0
1768603076.372163,-0.00505,0.02775,0.02598,0.00119,-0.00004,-0.00029,0.54406,0.00008,0.27992,-0.00009,0.70830,0.00008,0.70591,1,3,0.99956,0.01068,0.01454,-0.02346,0.06079,0.08381,0.63811,0,0
1768603076.374189,-0.01204,0.04772,-0.00751,0.00144,0.00065,0.00115,0.54410,0.00008,0.27991,-0.00009,0.70830,0.00008,0.70591,1,3,0.99956,0.01068,0.01454,-0.02346,0.06079,0.08381,0.63811,0,0
1768603076.376179,0.01010,0.04876,0.01617,0.00158,-0.00081,0.00188,0.54410,0.00008,0.27991,-0.00009,0.70830,0.00008,0.70591,1,3,0.99956,0.01068,0.01454,-0.02346,0.06079,0.08381,0.63811,0,0
1768603076.378196,-0.03584,0.05719,0.03220,0.00113,-0.00018,0.00024,0.54414,0.00008,0.27992,-0.00009,0.70830,0.00008,0.70591,1,3,0.99956,0.01068,0.01454,-0.02346,0.06079,0.08381,0.63811,0,0
1768603076.380172,-0.01996,0.00572,0.02436,0.00147,0.00082,-0.00053,0.54414,0.00008,0.27992,-0.00009,0.70830,0.00008,0.70591,1,3,0.99956,0.01068,0.01454,-0.02346,0.06079,0.08381,0.63811,0,0
1768603076.382195,-0.00551,0.04797,0.03719,0.00143,0.00032,0.00060,0.54418,0.00008,0.27992,-0.00009,0.70830,0.00008,0.70591,1,3,0.99956,0.01068,0.01454,-0.02346,0.06079,0.08381,0.63811,0,0
1768603076.384196,-0.01394,0.05893,0.05972,0.00100,0.00212,0.00057,0.54422,0.00008,0.27992,-0.00009,0.70829,0.00008,0.70592,1,3,0.99956,0.01068,0.01454,-0.02346,0.06079,0.08381,0.63811,0,0
1768603076.386175,0.00900,0.08754,0.05316,0.00113,-0.00123,0.00062,0.54422,0.00008,0.27992,-0.00009,0.70829,0.00008,0.70592,1,3,0.99956,0.01068,0.01454,-0.02346,0.06079,0.08381,0.63811,0,0
1768603076.388182,-0.04320,0.05788,0.01727,0.00072,-0.00058,0.00037,0.54426,0.00008,0.27992,-0.00009,0.70829,0.00008,0.70592,1,3,0.99956,0.01068,0.01454,-0.02346,0.06079,0.08381,0.63811,0,0
1768603076.390196,-0.01259,0.01145,0.02592,0.00120,-0.00069,0.00003,0.54426,0.00008,0.27992,-0.00009,0.70829,0.00008,0.70592,1,3,0.99956,0.01068,0.01454,-0.02346,0.06079,0.08381,0.63811,0,0
1768603076.392312,-0.00462,0.02034,0.01214,0.00080,-0.00042,-0.00134,0.54430,0.00008,0.27992,-0.00009,0.70830,0.00008,0.70591,1,3,0.99956,0.01068,0.01454,-0.02346,0.06079,0.08381,0.63811,0,0
1768603076.394160,0.01822,0.03179,0.00834,0.00148,-0.00003,0.00006,0.54430,0.00008,0.27992,-0.00009,0.70830,0.00008,0.70591,1,3,0.99956,0.01068,0.01454,-0.02346,0.06079,0.08381,0.63811,0,0
1768603076.396183,0.02559,0.06206,-0.00066,0.00105,-0.00079,0.00109,0.54430,0.00008,0.27992,-0.00009,0.70830,0.00008,0.70591,1,3,0.99956,0.01068,0.01454,-0.02346,0.06079,0.08381,0.63811,0,0
1768603076.398189,0.01058,0.04044,0.00804,0.00146,-0.00025,0.00008,0.54434,0.00008,0.27992,-0.00009,0.70830,0.00008,0.70592,1,3,0.99956,0.01068,0.01454,-0.02346,0.06079,0.08381,0.63811,0,0
1768603076.400174,-0.06664,0.01280,0.04739,0.00114,0.00153,0.00165,0.54434,0.00008,0.27992,-0.00009,0.70830,0.00008,0.70592,1,3,0.99956,0.01068,0.01454,-0.02346,0.06079,0.08381,0.63811,0,0
1768603076.402177,-0.04317,-0.00752,0.03158,0.00105,0.00134,0.00038,0.54438,0.00008,0.27992,-0.00009,0.70830,0.00008,0.70592,1,3,0.99956,0.01068,0.01454,-0.02346,0.06079,0.08381,0.63811,0,0
1768603076.404265,-0.00532,0.02424,0.03740,0.00146,-0.00121,0.00051,0.54438,0.00008,0.27992,-0.00009,0.70830,0.00008,0.70592,1,3,0.99956,0.01068,0.01454,-0.02346,0.06079,0.08381,0.63811,0,0
1768603076.406173,0.00257,0.03138,0.01786,0.00119,0.00030,0.00069,0.54438,0.00008,0.27992,-0.00009,0.70830,0.00008,0.70592,1,3,0.99957,0.01074,0.01329,-0.02375,0.06081,0.08384,0.63833,0,0
1768603076.408247,0.00967,0.07270,0.02650,0.00128,0.00085,0.00120,0.54442,0.00008,0.27993,-0.00009,0.70829,0.00008,0.70592,1,3,0.99957,0.01074,0.01329,-0.02375,0.06081,0.08384,0.63833,0,0
1768603076.410175,0.00944,0.08296,0.04640,0.00154,-0.00087,-0.00008,0.54442,0.00008,0.27993,-0.00009,0.70829,0.00008,0.70592,1,3,0.99957,0.01074,0.01329,-0.02375,0.06081,0.08384,0.63833,0,0
1768603076.412195,0.03227,0.06596,0.02681,0.00050,-0.00024,0.00088,0.54446,0.00008,0.27992,-0.00009,0.70830,0.00008,0.70592,1,3,0.99957,0.01074,0.01329,-0.02375,0.06081,0.08384,0.63833,0,0
1768603076.414183,0.00244,0.04479,0.03031,0.00145,-0.00042,-0.00024,0.54446,0.00008,0.27992,-0.00009,0.70830,0.00008,0.70592,1,3,0.99957,0.01074,0.01329,-0.02375,0.06081,0.08384,0.63833,0,0
1768603076.416200,-0.03568,0.00952,0.03592,0.00131,0.00096,0.00043,0.54450,0.00008,0.27992,-0.00009,0.70830,0.00008,0.70591,1,3,0.99957,0.01074,0.01329,-0.02375,0.06081,0.08384,0.63833,0,0
1768603076.418222,-0.02097,0.06207,0.05451,0.00154,-0.00100,-0.00047,0.54454,0.00008,0.27992,-0.00009,0.70830,0.00008,0.70591,1,3,0.99957,0.01074,0.01329,-0.02375,0.06081,0.08384,0.63833,0,0
1768603076.420212,0.00954,0.07446,0.03097,0.00115,-0.00084,0.00117,0.54458,0.00008,0.27992,-0.00009,0.70830,0.00008,0.70591,1,3,0.99957,0.01074,0.01329,-0.02375,0.06081,0.08384,0.63833,0,0
1768603076.422211,-0.00504,0.05772,0.01742,0.00116,-0.00057,0.00012,0.54458,0.00008,0.27992,-0.00009,0.70830,0.00008,0.70591,1,3,0.99957,0.01074,0.01329,-0.02375,0.06081,0.08384,0.63833,0,0
1768603076.424599,-0.02839,0.02356,0.04816,0.00117,-0.00020,-0.00026,0.54462,0.00008,0.27992,-0.00009,0.70830,0.00008,0.70591,1,3,0.99957,0.01074,0.01329,-0.02375,0.06081,0.08384,0.63833,0,0
1768603076.426205,-0.00496,0.04069,0.03278,0.00198,-0.00082,-0.00044,0.54462,0.00008,0.27992,-0.00009,0.70830,0.00008,0.70591,1,3,0.99957,0.01074,0.01329,-0.02375,0.06081,0.08384,0.63833,0,0
1768603076.428192,-0.00517,0.03144,0.02302,0.00105,0.00037,0.00043,0.54466,0.00008,0.27991,-0.00009,0.70830,0.00008,0.70591,1,3,0.99957,0.01074,0.01329,-0.02375,0.06081,0.08384,0.63833,0,0
1768603076.430193,0.01761,0.05325,0.02529,0.00118,-0.00026,-0.00022,0.54466,0.00008,0.27991,-0.00009,0.70830,0.00008,0.70591,1,3,0.99957,0.01074,0.01329,-0.02375,0.06081,0.08384,0.63833,0,0
1768603076.432197,-0.03609,0.06931,0.03957,0.00112,0.00035,0.00009,0.54470,0.00008,0.27992,-0.00009,0.70830,0.00008,0.70591,1,3,0.99957,0.01074,0.01329,-0.02375,0.06081,0.08384,0.63833,0,0
1768603076.434229,-0.02035,0.04397,0.01463,0.00102,0.00026,0.00130,0.54470,0.00008,0.27992,-0.00009,0.70830,0.00008,0.70591,1,3,0.99957,0.01074,0.01329,-0.02375,0.06081,0.08384,0.63833,0,0
1768603076.436199,-0.00551,0.03651,0.03397,0.00131,-0.00103,0.00150,0.54470,0.00008,0.27992,-0.00009,0.70830,0.00008,0.70591,1,3,0.99957,0.01074,0.01329,-0.02375,0.06081,0.08384,0.63833,0,0
1768603076.438213,-0.01279,0.03698,0.04076,0.00158,-0.00095,-0.00104,0.54470,0.00008,0.27992,-0.00009,0.70830,0.00008,0.70591,1,3,0.99957,0.01074,0.01329,-0.02375,0.06081,0.08384,0.63833,0,0
1768603076.440197,-0.05039,0.04824,0.01310,0.00127,0.00047,-0.00014,0.54474,0.00008,0.27992,-0.00009,0.70830,0.00008,0.70591,1,3,0.99957,0.01074,0.01329,-0.02375,0.06081,0.08384,0.63833,0,0
1768603076.442196,0.00283,0.04860,0.01832,0.00158,0.00009,-0.00066,0.54474,0.00008,0.27992,-0.00009,0.70830,0.00008,0.70591,1,3,0.99957,0.01074,0.01329,-0.02375,0.06081,0.08384,0.63833,0,0
1768603076.444239,0.04163,0.06672,-0.02230,0.00147,-0.00105,0.00004,0.54478,0.00008,0.27992,-0.00009,0.70830,0.00008,0.70591,1,3,0.99957,0.01068,0.01390,-0.02370,0.06079,0.08382,0.63819,0,0
1768603076.446201,0.01777,0.05344,0.02507,0.00159,-0.00070,-0.00021,0.54478,0.00008,0.27992,-0.00009,0.70830,0.00008,0.70591,1,3,0.99957,0.01068,0.01390,-0.02370,0.06079,0.08382,0.63819,0,0
1768603076.448239,-0.01291,0.03632,0.04032,0.00157,-0.00052,-0.00027,0.54482,0.00008,0.27991,-0.00009,0.70830,0.00008,0.70591,1,3,0.99957,0.01068,0.01390,-0.02370,0.06079,0.08382,0.63819,0,0
1768603076.450223,-0.01318,-0.00197,0.04816,0.00120,-0.00021,0.00056,0.54482,0.00008,0.27991,-0.00009,0.70830,0.00008,0.70591,1,3,0.99957,0.01068,0.01390,-0.02370,0.06079,0.08382,0.63819,0,0
1768603076.452224,0.00936,0.03577,0.04951,0.00132,-0.00019,0.00086,0.54486,0.00008,0.27992,-0.00009,0.70830,0.00008,0.70591,1,3,0.99957,0.01068,0.01390,-0.02370,0.06079,0.08382,0.63819,0,0
1768603076.454243,0.03311,0.04547,0.00972,0.00120,-0.00110,0.00078,0.54490,0.00008,0.27992,-0.00009,0.70830,0.00008,0.70591,1,3,0.99957,0.01068,0.01390,-0.02370,0.06079,0.08382,0.63819,0,0
1768603076.456250,0.01002,0.07886,0.01431,0.00102,-0.00061,0.00037,0.54490,0.00008,0.27992,-0.00009,0.70830,0.00008,0.70591,1,3,0.99957,0.01068,0.01390,-0.02370,0.06079,0.08382,0.63819,0,0
1768603076.458225,0.03960,0.04821,0.06128,0.00200,-0.00048,0.00097,0.54494,0.00008,0.27992,-0.00009,0.70830,0.00008,0.70591,1,3,0.99957,0.01068,0.01390,-0.02370,0.06079,0.08382,0.63819,0,0
1768603076.460229,-0.02093,0.04551,0.04951,0.00129,-0.00128,0.00011,0.54494,0.00008,0.27992,-0.00009,0.70830,0.00008,0.70591,1,3,0.99957,0.01068,0.01390,-0.02370,0.06079,0.08382,0.63819,0,0
1768603076.462229,0.00186,0.04036,0.05741,0.00171,-0.00053,-0.00021,0.54498,0.00008,0.27992,-0.00009,0.70830,0.00008,0.70591,1,3,0.99957,0.01068,0.01390,-0.02370,0.06079,0.08382,0.63819,0,0
1768603076.464228,0.00171,0.05687,0.05184,0.00142,-0.00016,0.00036,0.54498,0.00008,0.27992,-0.00009,0.70830,0.00008,0.70591,1,3,0.99957,0.01068,0.01390,-0.02370,0.06079,0.08382,0.63819,0,0
1768603076.466246,-0.02790,0.08673,0.01874,0.00165,-0.00055,0.00054,0.54502,0.00008,0.27992,-0.00009,0.70830,0.00008,0.70591,1,3,0.99957,0.01068,0.01390,-0.02370,0.06079,0.08382,0.63819,0,0
1768603076.468246,0.01752,0.05267,0.02996,0.00145,0.00002,0.00017,0.54502,0.00008,0.27992,-0.00009,0.70830,0.00008,0.70591,1,3,0.99957,0.01068,0.01390,-0.02370,0.06079,0.08382,0.63819,0,0
1768603076.470248,-0.02074,0.02192,0.04201,0.00171,0.00060,0.00155,0.54506,0.00008,0.27992,-0.00009,0.70830,0.00008,0.70591,1,3,0.99957,0.01068,0.01390,-0.02370,0.06079,0.08382,0.63819,0,0
1768603076.472241,-0.01982,0.01145,0.01103,0.00120,-0.00066,0.00017,0.54506,0.00008,0.27992,-0.00009,0.70830,0.00008,0.70591,1,3,0.99957,0.01068,0.01390,-0.02370,0.06079,0.08382,0.63819,0,0
1768603076.474248,-0.04303,0.03546,0.02018,0.00128,0.00033,0.00064,0.54506,0.00008,0.27992,-0.00009,0.70830,0.00008,0.70591,1,3,0.99957,0.01068,0.01390,-0.02370,0.06079,0.08382,0.63819,0,0
1768603076.476245,0.00322,0.05739,-0.01256,0.00117,-0.00028,0.00078,0.54510,0.00008,0.27992,-0.00009,0.70830,0.00008,0.70591,1,3,0.99957,0.01068,0.01390,-0.02370,0.06079,0.08382,0.63819,0,0
1768603076.478243,0.05603,0.05413,0.00941,0.00162,-0.00154,0.00068,0.54510,0.00008,0.27992,-0.00009,0.70830,0.00008,0.70591,1,3,0.99957,0.01068,0.01390,-0.02370,0.06079,0.08382,0.63819,0,0
1768603076.480360,-0.04340,0.03919,0.03777,0.00141,0.00076,0.00020,0.54514,0.00008,0.27992,-0.00009,0.70830,0.00008,0.70592,1,3,0.99956,0.01058,0.01347,-0.02406,0.06079,0.08381,0.63812,0,0
1768603076.482264,0.01786,0.03178,0.01830,0.00120,0.00009,0.00005,0.54514,0.00008,0.27992,-0.00009,0.70830,0.00008,0.70592,1,3,0.99956,0.01058,0.01347,-0.02406,0.06079,0.08381,0.63812,0,0
1768603076.484247,-0.01272,0.05358,0.03531,0.00169,-0.00079,-0.00085,0.54518,0.00008,0.27992,-0.00009,0.70830,0.00008,0.70592,1,3,0.99956,0.01058,0.01347,-0.02406,0.06079,0.08381,0.63812,0,0
1768603076.486246,-0.08023,0.06068,-0.01895,0.00070,0.00117,-0.00014,0.54518,0.00008,0.27992,-0.00009,0.70830,0.00008,0.70592,1,3,0.99956,0.01058,0.01347,-0.02406,0.06079,0.08381,0.63812,0,0
1768603076.488245,-0.01278,0.04915,0.02645,0.00170,-0.00112,0.00111,0.54518,0.00008,0.27992,-0.00009,0.70830,0.00008,0.70592,1,3,0.99956,0.01058,0.01347,-0.02406,0.06079,0.08381,0.63812,0,0
1768603076.490259,0.00888,0.06634,0.05974,0.00155,-0.00181,0.00201,0.54526,0.00008,0.27992,-0.00009,0.70829,0.00008,0.70592,1,3,0.99956,0.01058,0.01347,-0.02406,0.06079,0.08381,0.63812,0,0
1768603076.492259,0.00918,0.04395,0.05847,0.00184,-0.00051,0.00153,0.54526,0.00008,0.27992,-0.00009,0.70829,0.00008,0.70592,1,3,0.99956,0.01058,0.01347,-0.02406,0.06079,0.08381,0.63812,0,0
1768603076.494318,-0.03575,0.04924,0.04356,0.00128,-0.00026,-0.00157,0.54530,0.00008,0.27992,-0.00009,0.70829,0.00008,0.70592,1,3,0.99956,0.01058,0.01347,-0.02406,0.06079,0.08381,0.63812,0,0
1768603076.496266,-0.03476,0.03132,0.00474,0.00117,0.00102,-0.00133,0.54530,0.00008,0.27992,-0.00009,0.70829,0.00008,0.70592,1,3,0.99956,0.01058,0.01347,-0.02406,0.06079,0.08381,0.63812,0,0
1768603076.498258,-0.03515,0.04449,0.01455,0.00182,-0.00061,0.00080,0.54534,0.00008,0.27992,-0.00009,0.70829,0.00008,0.70592,1,3,0.99956,0.01058,0.01347,-0.02406,0.06079,0.08381,0.63812,0,0
1768603076.500264,-0.01349,0.05350,0.04387,0.00101,-0.00091,0.00103,0.54534,0.00008,0.27992,-0.00009,0.70829,0.00008,0.70592,1,3,0.99956,0.01058,0.01347,-0.02406,0.06079,0.08381,0.63812,0,0
1768603076.502266,-0.00608,0.04623,0.05806,0.00143,-0.00249,0.00137,0.54538,0.00008,0.27992,-0.00009,0.70829,0.00008,0.70592,1,3,0.99956,0.01058,0.01347,-0.02406,0.06079,0.08381,0.63812,0,0
1768603076.504426,-0.00535,0.03207,0.03264,0.00118,-0.00039,0.00041,0.54538,0.00008,0.27992,-0.00009,0.70829,0.00008,0.70592,1,3,0.99956,0.01058,0.01347,-0.02406,0.06079,0.08381,0.63812,0,0
1768603076.506365,0.00337,0.04977,-0.00097,0.00132,-0.00058,-0.00142,0.54538,0.00008,0.27992,-0.00009,0.70829,0.00008,0.70592,1,3,0.99956,0.01058,0.01347,-0.02406,0.06079,0.08381,0.63812,0,0
1768603076.508297,-0.02781,0.05172,0.01587,0.00101,0.00137,-0.00019,0.54543,0.00008,0.27992,-0.00009,0.70830,0.00008,0.70591,1,3,0.99956,0.01058,0.01347,-0.02406,0.06079,0.08381,0.63812,0,0
1768603076.510262,0.00973,0.06530,0.03738,0.00143,0.00011,-0.00024,0.54543,0.00008,0.27992,-0.00009,0.70830,0.00008,0.70591,1,3,0.99955,0.01066,0.01316,-0.02495,0.06082,0.08383,0.63838,0,0
1768603076.512272,0.00178,0.06502,0.04025,0.00168,-0.00051,0.00217,0.54547,0.00008,0.27992,-0.00009,0.70830,0.00008,0.70592,1,3,0.99955,0.01066,0.01316,-0.02495,0.06082,0.08383,0.63838,0,0
1768603076.514275,-0.01265,0.02029,0.03532,0.00173,-0.00145,-0.00007,0.54547,0.00008,0.27992,-0.00009,0.70830,0.00008,0.70592,1,3,0.99955,0.01066,0.01316,-0.02495,0.06082,0.08383,0.63838,0,0
1768603076.516283,0.01776,0.04945,0.02234,0.00145,-0.00095,0.00022,0.54551,0.00008,0.27992,-0.00009,0.70830,0.00008,0.70591,1,3,0.99955,0.01066,0.01316,-0.02495,0.06082,0.08383,0.63838,0,0
1768603076.518268,0.05592,0.05661,0.01592,0.00068,-0.00278,-0.00166,0.54555,0.00008,0.27992,-0.00009,0.70830,0.00008,0.70591,1,3,0.99955,0.01066,0.01316,-0.02495,0.06082,0.08383,0.63838,0,0
1768603076.520272,-0.02857,0.07636,0.02489,0.00031,0.00214,0.00064,0.54555,0.00008,0.27992,-0.00009,0.70830,0.00008,0.70591,1,3,0.99955,0.01066,0.01316,-0.02495,0.06082,0.08383,0.63838,0,0
1768603076.522266,-0.03629,0.03597,0.05500,0.00115,-0.00012,0.00010,0.54559,0.00008,0.27992,-0.00009,0.70830,0.00008,0.70591,1,3,0.99955,0.01066,0.01316,-0.02495,0.06082,0.08383,0.63838,0,0
1768603076.524299,0.01816,0.01528,0.01264,0.00176,-0.00085,0.00102,0.54559,0.00008,0.27992,-0.00009,0.70830,0.00008,0.70591,1,3,0.99955,0.01066,0.01316,-0.02495,0.06082,0.08383,0.63838,0,0
1768603076.526420,0.02554,0.04509,0.01003,0.00120,-0.00066,0.00053,0.54563,0.00008,0.27992,-0.00009,0.70830,0.00008,0.70591,1,3,0.99955,0.01066,0.01316,-0.02495,0.06082,0.08383,0.63838,0,0
1768603076.528296,-0.01140,0.05230,-0.02438,0.00171,0.00045,0.00035,0.54563,0.00008,0.27992,-0.00009,0.70830,0.00008,0.70591,1,3,0.99955,0.01066,0.01316,-0.02495,0.06082,0.08383,0.63838,0,0
1768603076.530293,-0.00514,0.05794,0.01672,0.00116,-0.00102,0.00088,0.54567,0.00008,0.27992,-0.00009,0.70830,0.00008,0.70591,1,3,0.99955,0.01066,0.01316,-0.02495,0.06082,0.08383,0.63838,0,0
1768603076.532298,-0.02118,0.03521,0.06477,0.00169,0.00022,0.00023,0.54567,0.00008,0.27992,-0.00009,0.70830,0.00008,0.70591,1,3,0.99955,0.01066,0.01316,-0.02495,0.06082,0.08383,0.63838,0,0
1768603076.534290,-0.02950,0.06581,0.09061,0.00192,-0.00121,0.00035,0.54567,0.00008,0.27992,-0.00009,0.70830,0.00008,0.70591,1,3,0.99955,0.01066,0.01316,-0.02495,0.06082,0.08383,0.63838,0,0
1768603076.536291,-0.02004,0.05707,-0.00206,0.00048,0.00050,0.00038,0.54571,0.00008,0.27992,-0.00009,0.70830,0.00008,0.70591,1,3,0.99955,0.01066,0.01316,-0.02495,0.06082,0.08383,0.63838,0,0
1768603076.538309,-0.02745,0.03699,0.00970,0.00157,-0.00132,0.00076,0.54571,0.00008,0.27992,-0.00009,0.70830,0.00008,0.70591,1,3,0.99955,0.01066,0.01316,-0.02495,0.06082,0.08383,0.63838,0,0
1768603076.540277,-0.01948,0.05779,-0.00725,0.00143,-0.00065,0.00001,0.54575,0.00008,0.27992,-0.00009,0.70830,0.00008,0.70592,1,3,0.99955,0.01066,0.01316,-0.02495,0.06082,0.08383,0.63838,0,0
1768603076.542276,0.00978,0.05337,0.03975,0.00157,-0.00074,-0.00010,0.54575,0.00008,0.27992,-0.00009,0.70830,0.00008,0.70592,1,3,0.99955,0.01066,0.01316,-0.02495,0.06082,0.08383,0.63838,0,0
1768603076.544300,-0.01341,0.03976,0.05222,0.00143,0.00007,0.00044,0.54579,0.00008,0.27993,-0.00009,0.70829,0.00008,0.70592,1,3,0.99955,0.01066,0.01316,-0.02495,0.06082,0.08383,0.63838,0,0
1768603076.546306,-0.00516,0.06124,0.02447,0.00156,-0.00027,0.00046,0.54579,0.00008,0.27993,-0.00009,0.70829,0.00008,0.70592,1,3,0.99955,0.01066,0.01316,-0.02495,0.06082,0.08383,0.63838,0,0
1768603076.548330,0.00221,0.03717,0.02459,0.00078,-0.00115,0.00099,0.54583,0.00008,0.27992,-0.00009,0.70830,0.00008,0.70592,1,3,0.99955,0.01066,0.01316,-0.02495,0.06082,0.08383,0.63838,0,0
1768603076.550298,0.01078,0.03005,0.01061,0.00161,-0.00241,-0.00055,0.54583,0.00008,0.27992,-0.00009,0.70830,0.00008,0.70592,1,3,0.99955,0.01066,0.01316,-0.02495,0.06082,0.08383,0.63838,0,0
1768603076.552297,-0.02865,0.06647,0.05637,0.00166,-0.00141,-0.00001,0.54587,0.00008,0.27992,-0.00009,0.70830,0.00008,0.70592,1,3,0.99953,0.01070,0.01466,-0.02481,0.06079,0.08381,0.63807,0,0
1768603076.554322,-0.02910,0.07770,0.06897,0.00151,0.00005,-0.00016,0.54587,0.00008,0.27992,-0.00009,0.70830,0.00008,0.70592,1,3,0.99953,0.01070,0.01466,-0.02481,0.06079,0.08381,0.63807,0,0
1768603076.556312,-0.01238,0.06087,0.01482,0.00182,0.00005,0.00022,0.54591,0.00008,0.27992,-0.00009,0.70829,0.00008,0.70592,1,3,0.99953,0.01070,0.01466,-0.02481,0.06079,0.08381,0.63807,0,0
1768603076.558315,-0.05045,0.03438,0.00576,0.00088,0.00169,0.00079,0.54595,0.00008,0.27993,-0.00009,0.70829,0.00008,0.70592,1,3,0.99953,0.01070,0.01466,-0.02481,0.06079,0.08381,0.63807,0,0
1768603076.560319,-0.03564,0.03246,0.03301,0.00116,-0.00061,-0.00022,0.54595,0.00008,0.27993,-0.00009,0.70829,0.00008,0.70592,1,3,0.99953,0.01070,0.01466,-0.02481,0.06079,0.08381,0.63807,0,0
1768603076.562311,-0.02069,0.03987,0.03697,0.00143,-0.00012,0.00096,0.54599,0.00008,0.27993,-0.00009,0.70829,0.00008,0.70592,1,3,0.99953,0.01070,0.01466,-0.02481,0.06079,0.08381,0.63807,0,0
1768603076.564338,0.03297,0.04491,0.01518,0.00107,-0.00038,0.00040,0.54599,0.00008,0.27993,-0.00009,0.70829,0.00008,0.70592,1,3,0.99953,0.01070,0.01466,-0.02481,0.06079,0.08381,0.63807,0,0
1768603076.566301,-0.02061,0.05663,0.02778,0.00087,0.00064,-0.00001,0.54603,0.00008,0.27993,-0.00009,0.70829,0.00008,0.70592,1,3,0.99953,0.01070,0.01466,-0.02481,0.06079,0.08381,0.63807,0,0
1768603076.568318,-0.00454,0.06363,0.00515,0.00130,-0.00203,-0.00070,0.54603,0.00008,0.27993,-0.00009,0.70829,0.00008,0.70592,1,3,0.99953,0.01070,0.01466,-0.02481,0.06079,0.08381,0.63807,0,0
1768603076.570324,-0.01980,0.01382,0.00348,0.00119,0.00100,0.00091,0.54607,0.00008,0.27993,-0.00009,0.70829,0.00008,0.70592,1,3,0.99953,0.01070,0.01466,-0.02481,0.06079,0.08381,0.63807,0,0
1768603076.572329,0.00931,0.04326,0.05850,0.00224,-0.00007,0.00154,0.54607,0.00008,0.27993,-0.00009,0.70829,0.00008,0.70592,1,3,0.99953,0.01070,0.01466,-0.02481,0.06079,0.08381,0.63807,0,0
1768603076.574304,-0.00578,0.02676,0.05501,0.00158,0.00032,0.00047,0.54607,0.00008,0.27993,-0.00009,0.70829,0.00008,0.70592,1,3,0.99953,0.01070,0.01466,-0.02481,0.06079,0.08381,0.63807,0,0
1768603076.576348,0.02451,0.02852,0.05595,0.00080,-0.00055,-0.00084,0.54611,0.00008,0.27993,-0.00009,0.70829,0.00008,0.70592,1,3,0.99953,0.01070,0.01466,-0.02481,0.06079,0.08381,0.63807,0,0
1768603076.578325,-0.01951,0.04401,-0.00948,0.00130,0.00041,0.00056,0.54611,0.00008,0.27993,-0.00009,0.70829,0.00008,0.70592,1,3,0.99953,0.01070,0.01466,-0.02481,0.06079,0.08381,0.63807,0,0
1768603076.580327,0.08697,0.05629,-0.01402,0.00071,-0.00248,-0.00100,0.54615,0.00008,0.27993,-0.00009,0.70829,0.00008,0.70592,1,3,0.99953,0.01070,0.01466,-0.02481,0.06079,0.08381,0.63807,0,0
1768603076.582364,-0.01237,0.05394,0.00535,0.00089,-0.00072,-0.00009,0.54615,0.00008,0.27993,-0.00009,0.70829,0.00008,0.70592,1,3,0.99953,0.01070,0.01466,-0.02481,0.06079,0.08381,0.63807,0,0
1768603076.584338,-0.02097,0.00693,0.04796,0.00078,-0.00043,0.00057,0.54619,0.00008,0.27993,-0.00009,0.70829,0.00008,0.70592,1,3,0.99954,0.01063,0.01346,-0.02503,0.06080,0.08382,0.63826,0,0
1768603076.586372,-0.02100,0.01841,0.05968,0.00184,-0.00006,0.00082,0.54619,0.00008,0.27993,-0.00009,0.70829,0.00008,0.70592,1,3,0.99954,0.01063,0.01346,-0.02503,0.06080,0.08382,0.63826,0,0
1768603076.588341,-0.00563,0.06412,0.03685,0.00141,0.00097,0.00079,0.54624,0.00008,0.27993,-0.00009,0.70829,0.00008,0.70592,1,3,0.99954,0.01063,0.01346,-0.02503,0.06080,0.08382,0.63826,0,0
1768603076.590355,0.00241,0.05662,0.02204,0.00143,0.00014,0.00076,0.54628,0.00008,0.27993,-0.00009,0.70829,0.00008,0.70592,1,3,0.99954,0.01063,0.01346,-0.02503,0.06080,0.08382,0.63826,0,0
1768603076.592341,0.00985,0.08286,0.03679,0.00182,-0.00077,-0.00045,0.54628,0.00008,0.27993,-0.00009,0.70829,0.00008,0.70592,1,3,0.99954,0.01063,0.01346,-0.02503,0.06080,0.08382,0.63826,0,0
1768603076.594335,-0.02865,0.03007,0.04251,0.00089,0.00147,0.00119,0.54632,0.00008,0.27993,-0.00009,0.70829,0.00008,0.70592,1,3,0.99954,0.01063,0.01346,-0.02503,0.06080,0.08382,0.63826,0,0
1768603076.596334,0.02504,0.01028,0.03537,0.00136,0.00008,0.00093,0.54632,0.00008,0.27993,-0.00009,0.70829,0.00008,0.70592,1,3,0.99954,0.01063,0.01346,-0.02503,0.06080,0.08382,0.63826,0,0
1768603076.598377,0.06336,0.06522,0.01492,0.00068,-0.00323,-0.00075,0.54636,0.00008,0.27993,-0.00009,0.70829,0.00008,0.70592,1,3,0.99954,0.01063,0.01346,-0.02503,0.06080,0.08382,0.63826,0,0
1768603076.600350,-0.02756,0.06086,0.00495,0.00127,0.00037,0.00047,0.54636,0.00008,0.27993,-0.00009,0.70829,0.00008,0.70592,1,3,0.99954,0.01063,0.01346,-0.02503,0.06080,0.08382,0.63826,0,0
1768603076.602347,-0.02049,0.04440,0.02574,0.00075,0.00040,-0.00024,0.54640,0.00008,0.27993,-0.00009,0.70829,0.00008,0.70592,1,3,0.99954,0.01063,0.01346,-0.02503,0.06080,0.08382,0.63826,0,0
1768603076.604355,0.02517,0.02838,0.02579,0.00081,-0.00048,-0.00005,0.54640,0.00008,0.27993,-0.00009,0.70829,0.00008,0.70592,1,3,0.99954,0.01063,0.01346,-0.02503,0.06080,0.08382,0.63826,0,0
1768603076.606356,-0.00543,0.03521,0.03017,0.00104,0.00067,0.00076,0.54644,0.00008,0.27993,-0.00009,0.70829,0.00008,0.70592,1,3,0.99954,0.01063,0.01346,-0.02503,0.06080,0.08382,0.63826,0,0
1768603076.608353,0.01055,0.03564,0.00442,0.00173,-0.00030,0.00167,0.54644,0.00008,0.27993,-0.00009,0.70829,0.00008,0.70592,1,3,0.99954,0.01063,0.01346,-0.02503,0.06080,0.08382,0.63826,0,0
1768603076.610369,-0.04176,0.06064,-0.02912,0.00141,0.00083,-0.00000,0.54644,0.00008,0.27993,-0.00009,0.70829,0.00008,0.70592,1,3,0.99954,0.01063,0.01346,-0.02503,0.06080,0.08382,0.63826,0,0
1768603076.612345,0.01032,0.03585,0.02121,0.00133,0.00034,-0.00064,0.54648,0.00008,0.27992,-0.00009,0.70829,0.00008,0.70592,1,3,0.99954,0.01063,0.01346,-0.02503,0.06080,0.08382,0.63826,0,0
1768603076.614348,-0.01263,0.05371,0.01602,0.00062,-0.00016,-0.00086,0.54648,0.00008,0.27992,-0.00009,0.70829,0.00008,0.70592,1,3,0.99954,0.01063,0.01346,-0.02503,0.06080,0.08382,0.63826,0,0
1768603076.616348,0.05521,0.04797,0.03971,0.00081,-0.00314,-0.00043,0.54652,0.00008,0.27992,-0.00009,0.70829,0.00008,0.70592,1,3,0.99954,0.01063,0.01346,-0.02503,0.06080,0.08382,0.63826,0,0
1768603076.618349,0.00188,0.02915,0.04931,0.00132,-0.00194,0.00069,0.54652,0.00008,0.27992,-0.00009,0.70829,0.00008,0.70592,1,3,0.99954,0.01063,0.01346,-0.02503,0.06080,0.08382,0.63826,0,0
1768603076.620368,-0.01282,0.02801,0.02964,0.00145,-0.00087,0.00098,0.54656,0.00008,0.27992,-0.00009,0.70829,0.00008,0.70592,1,3,0.99954,0.01063,0.01346,-0.02503,0.06080,0.08382,0.63826,0,0
1768603076.622388,0.02541,0.06223,0.01534,0.00105,-0.00060,-0.00045,0.54656,0.00008,0.27992,-0.00009,0.70829,0.00008,0.70592,1,3,0.99958,0.01058,0.01310,-0.02359,0.06080,0.08382,0.63820,0,0
1768603076.624370,0.00981,0.05299,0.03023,0.00104,0.00002,-0.00009,0.54660,0.00008,0.27992,-0.00009,0.70829,0.00008,0.70592,1,3,0.99958,0.01058,0.01310,-0.02359,0.06080,0.08382,0.63820,0,0
1768603076.626436,0.00259,0.05163,0.01493,0.00144,0.00093,0.00083,0.54660,0.00008,0.27992,-0.00009,0.70829,0.00008,0.70592,1,3,0.99958,0.01058,0.01310,-0.02359,0.06080,0.08382,0.63820,0,0
1768603076.628398,0.08621,0.04323,0.02192,0.00152,-0.00314,0.00029,0.54664,0.00008,0.27992,-0.00009,0.70829,0.00008,0.70592,1,3,0.99958,0.01058,0.01310,-0.02359,0.06080,0.08382,0.63820,0,0
1768603076.630422,-0.08847,0.02122,0.01303,0.00126,0.00177,0.00120,0.54664,0.00008,0.27992,-0.00009,0.70829,0.00008,0.70592,1,3,0.99958,0.01058,0.01310,-0.02359,0.06080,0.08382,0.63820,0,0
1768603076.632390,-0.00502,0.05250,0.03812,0.00144,-0.00338,-0.00212,0.54668,0.00008,0.27993,-0.00009,0.70829,0.00008,0.70592,1,3,0.99958,0.01058,0.01310,-0.02359,0.06080,0.08382,0.63820,0,0
1768603076.634380,-0.01324,0.07347,0.04630,0.00193,-0.00022,0.00042,0.54672,0.00008,0.27992,-0.00009,0.70829,0.00008,0.70592,1,3,0.99958,0.01058,0.01310,-0.02359,0.06080,0.08382,0.63820,0,0
1768603076.636393,-0.02057,0.08489,0.02405,0.00152,0.00126,0.00081,0.54672,0.00008,0.27992,-0.00009,0.70829,0.00008,0.70592,1,3,0.99958,0.01058,0.01310,-0.02359,0.06080,0.08382,0.63820,0,0
1768603076.638405,0.01855,0.04834,-0.01139,0.00120,0.00061,-0.00013,0.54676,0.00008,0.27993,-0.00009,0.70829,0.00008,0.70592,1,3,0.99958,0.01058,0.01310,-0.02359,0.06080,0.08382,0.63820,0,0
1768603076.640372,-0.01251,0.01931,0.01072,0.00079,-0.00000,0.00071,0.54676,0.00008,0.27993,-0.00009,0.70829,0.00008,0.70592,1,3,0.99958,0.01058,0.01310,-0.02359,0.06080,0.08382,0.63820,0,0
1768603076.642375,-0.00532,0.03731,0.02988,0.00104,-0.00130,0.00035,0.54680,0.00008,0.27993,-0.00009,0.70829,0.00008,0.70592,1,3,0.99958,0.01058,0.01310,-0.02359,0.06080,0.08382,0.63820,0,0
1768603076.644369,-0.02151,0.06705,0.07158,0.00126,-0.00166,-0.00054,0.54680,0.00008,0.27993,-0.00009,0.70829,0.00008,0.70592,1,3,0.99958,0.01058,0.01310,-0.02359,0.06080,0.08382,0.63820,0,0
1768603076.646405,0.01768,0.05803,0.02187,0.00145,-0.00117,0.00049,0.54684,0.00008,0.27993,-0.00009,0.70829,0.00008,0.70592,1,3,0.99958,0.01058,0.01310,-0.02359,0.06080,0.08382,0.63820,0,0
1768603076.648373,0.00222,0.03735,0.03561,0.00091,-0.00101,-0.00055,0.54684,0.00008,0.27993,-0.00009,0.70829,0.00008,0.70592,1,3,0.99958,0.01058,0.01310,-0.02359,0.06080,0.08382,0.63820,0,0
1768603076.650406,-0.00502,0.03555,0.02043,0.00131,0.00033,0.00038,0.54688,0.00008,0.27993,-0.00009,0.70829,0.00008,0.70593,1,3,0.99958,0.01058,0.01310,-0.02359,0.06080,0.08382,0.63820,0,0
1768603076.652410,0.04043,0.03477,0.02775,0.00095,-0.00264,-0.00038,0.54688,0.00008,0.27993,-0.00009,0.70829,0.00008,0.70593,1,3,0.99958,0.01058,0.01310,-0.02359,0.06080,0.08382,0.63820,0,0
1768603076.654424,0.00246,0.03862,0.01777,0.00118,0.00140,0.00098,0.54688,0.00008,0.27993,-0.00009,0.70829,0.00008,0.70593,1,3,0.99958,0.01058,0.01310,-0.02359,0.06080,0.08382,0.63820,0,0
1768603076.656392,0.02563,0.06293,0.00535,0.00092,-0.00116,-0.00045,0.54692,0.00008,0.27993,-0.00009,0.70829,0.00008,0.70593,1,3,0.99958,0.01058,0.01310,-0.02359,0.06080,0.08382,0.63820,0,0
1768603076.658417,-0.00508,0.07828,0.01890,0.00168,-0.00055,0.00064,0.54692,0.00008,0.27993,-0.00009,0.70829,0.00008,0.70593,1,3,0.99953,0.01053,0.01393,-0.02513,0.06079,0.08379,0.63807,0,0
1768603076.660394,0.00249,0.07110,0.01925,0.00129,-0.00142,0.00021,0.54696,0.00008,0.27993,-0.00009,0.70829,0.00008,0.70593,1,3,0.99953,0.01053,0.01393,-0.02513,0.06079,0.08379,0.63807,0,0
1768603076.662421,-0.05051,0.01967,0.03137,0.00143,-0.00041,-0.00095,0.54696,0.00008,0.27993,-0.00009,0.70829,0.00008,0.70593,1,3,0.99953,0.01053,0.01393,-0.02513,0.06079,0.08379,0.63807,0,0
1768603076.664415,-0.06634,0.03009,0.03820,0.00099,0.00164,0.00031,0.54700,0.00008,0.27993,-0.00009,0.70828,0.00008,0.70593,1,3,0.99953,0.01053,0.01393,-0.02513,0.06079,0.08379,0.63807,0,0
1768603076.666412,-0.02013,0.02324,0.01818,0.00118,0.00009,0.00041,0.54704,0.00008,0.27993,-0.00009,0.70828,0.00008,0.70593,1,3,0.99953,0.01053,0.01393,-0.02513,0.06079,0.08379,0.63807,0,0
1768603076.668392,0.01046,0.03658,0.00575,0.00093,-0.00028,0.00012,0.54704,0.00008,0.27993,-0.00009,0.70828,0.00008,0.70593,1,3,0.99953,0.01053,0.01393,-0.02513,0.06079,0.08379,0.63807,0,0
1768603076.670507,0.02498,0.05175,0.02457,0.00118,0.00082,0.00120,0.54708,0.00008,0.27993,-0.00009,0.70828,0.00008,0.70593,1,3,0.99953,0.01053,0.01393,-0.02513,0.06079,0.08379,0.63807,0,0
1768603076.672398,-0.00556,0.04871,0.04147,0.00170,-0.00072,0.00098,0.54708,0.00008,0.27993,-0.00009,0.70828,0.00008,0.70593,1,3,0.99953,0.01053,0.01393,-0.02513,0.06079,0.08379,0.63807,0,0
1768603076.674531,-0.03591,0.03080,0.03815,0.00102,0.00099,0.00017,0.54712,0.00008,0.27994,-0.00009,0.70828,0.00008,0.70593,1,3,0.99953,0.01053,0.01393,-0.02513,0.06079,0.08379,0.63807,0,0
1768603076.676416,0.00952,0.05313,0.05042,0.00130,-0.00017,-0.00087,0.54712,0.00008,0.27994,-0.00009,0.70828,0.00008,0.70593,1,3,0.99953,0.01053,0.01393,-0.02513,0.06079,0.08379,0.63807,0,0
1768603076.678409,-0.02091,0.03198,0.04865,0.00076,0.00024,-0.00087,0.54716,0.00008,0.27994,-0.00009,0.70828,0.00008,0.70593,1,3,0.99953,0.01053,0.01393,-0.02513,0.06079,0.08379,0.63807,0,0
1768603076.680417,0.00158,0.07464,0.04076,0.00087,-0.00095,0.00128,0.54716,0.00008,0.27994,-0.00009,0.70828,0.00008,0.70593,1,3,0.99953,0.01053,0.01393,-0.02513,0.06079,0.08379,0.63807,0,0
1768603076.682519,0.01809,0.04754,0.01354,0.00186,-0.00368,0.00101,0.54716,0.00008,0.27994,-0.00009,0.70828,0.00008,0.70593,1,3,0.99953,0.01053,0.01393,-0.02513,0.06079,0.08379,0.63807,0,0
1768603076.684443,0.01834,0.01546,-0.00234,0.00136,-0.00082,0.00140,0.54716,0.00008,0.27994,-0.00009,0.70828,0.00008,0.70593,1,3,0.99953,0.01053,0.01393,-0.02513,0.06079,0.08379,0.63807,0,0
1768603076.686460,-0.00481,0.02826,0.01122,0.00079,-0.00022,-0.00029,0.54720,0.00008,0.27994,-0.00009,0.70828,0.00008,0.70593,1,3,0.99953,0.01053,0.01393,-0.02513,0.06079,0.08379,0.63807,0,0
1768603076.688411,0.00198,0.04474,0.05072,0.00131,-0.00017,-0.00102,0.54725,0.00008,0.27994,-0.00009,0.70827,0.00008,0.70594,1,3,0.99953,0.01053,0.01393,-0.02513,0.06079,0.08379,0.63807,0,0
1768603076.690427,0.01762,0.04062,0.03268,0.00159,-0.00061,-0.00007,0.54725,0.00008,0.27994,-0.00009,0.70827,0.00008,0.70594,1,3,0.99953,0.01053,0.01393,-0.02513,0.06079,0.08379,0.63807,0,0
1768603076.692406,-0.05177,0.06136,0.05826,0.00137,-0.00073,0.00119,0.54729,0.00008,0.27994,-0.00009,0.70828,0.00008,0.70593,1,3,0.99953,0.01053,0.01393,-0.02513,0.06079,0.08379,0.63807,0,0
1768603076.694435,0.00173,0.04878,0.04672,0.00116,-0.00044,0.00083,0.54729,0.00008,0.27994,-0.00009,0.70828,0.00008,0.70593,1,3,0.99953,0.01053,0.01393,-0.02513,0.06079,0.08379,0.63807,0,0
1768603076.696420,-0.00448,0.03672,0.00113,0.00105,-0.00034,-0.00038,0.54729,0.00008,0.27994,-0.00009,0.70828,0.00008,0.70593,1,3,0.99953,0.01053,0.01393,-0.02513,0.06079,0.08379,0.63807,0,0
1768603076.698442,0.03366,0.03320,0.00319,0.00163,-0.00140,-0.00021,0.54733,0.00008,0.27994,-0.00009,0.70828,0.00008,0.70594,1,3,0.99953,0.01053,0.01393,-0.02513,0.06079,0.08379,0.63807,0,0
1768603076.700444,-0.02744,0.04143,0.00460,0.00036,-0.00008,-0.00159,0.54737,0.00008,0.27994,-0.00009,0.70828,0.00008,0.70594,1,3,0.99946,0.01055,0.01592,-0.02683,0.06077,0.08377,0.63784,0,0
1768603076.702448,0.00210,0.04504,0.02913,0.00104,-0.00087,0.00127,0.54737,0.00008,0.27994,-0.00009,0.70828,0.00008,0.70594,1,3,0.99946,0.01055,0.01592,-0.02683,0.06077,0.08377,0.63784,0,0
1768603076.704435,-0.00591,0.04435,0.05394,0.00156,-0.00057,0.00102,0.54741,0.00008,0.27994,-0.00009,0.70828,0.00008,0.70594,1,3,0.99946,0.01055,0.01592,-0.02683,0.06077,0.08377,0.63784,0,0
1768603076.706445,0.03267,0.01944,0.02040,0.00055,-0.00011,0.00107,0.54745,0.00008,0.27994,-0.00009,0.70828,0.00008,0.70594,1,3,0.99946,0.01055,0.01592,-0.02683,0.06077,0.08377,0.63784,0,0
1768603076.708437,0.00293,0.04962,0.01353,0.00131,-0.00062,-0.00105,0.54745,0.00008,0.27994,-0.00009,0.70828,0.00008,0.70594,1,3,0.99946,0.01055,0.01592,-0.02683,0.06077,0.08377,0.63784,0,0
1768603076.710440,-0.01240,0.06115,0.01072,0.00115,0.00044,-0.00055,0.54749,0.00008,0.27994,-0.00009,0.70828,0.00008,0.70593,1,3,0.99946,0.01055,0.01592,-0.02683,0.06077,0.08377,0.63784,0,0
1768603076.712432,0.00965,0.07068,0.03507,0.00089,-0.00058,-0.00069,0.54749,0.00008,0.27994,-0.00009,0.70828,0.00008,0.70593,1,3,0.99946,0.01055,0.01592,-0.02683,0.06077,0.08377,0.63784,0,0
1768603076.714438,0.00241,0.04017,0.01669,0.00118,-0.00037,0.00172,0.54749,0.00008,0.27994,-0.00009,0.70828,0.00008,0.70593,1,3,0.99946,0.01055,0.01592,-0.02683,0.06077,0.08377,0.63784,0,0
1768603076.716436,-0.04367,0.05132,0.03888,0.00153,0.00078,0.00158,0.54753,0.00008,0.27994,-0.00009,0.70828,0.00008,0.70593,1,3,0.99946,0.01055,0.01592,-0.02683,0.06077,0.08377,0.63784,0,0
1768603076.718462,-0.01343,0.05801,0.05159,0.00141,-0.00125,0.00022,0.54753,0.00008,0.27994,-0.00009,0.70828,0.00008,0.70593,1,3,0.99946,0.01055,0.01592,-0.02683,0.06077,0.08377,0.63784,0,0
1768603076.720500,0.00191,0.05314,0.06025,0.00183,-0.00049,-0.00112,0.54757,0.00008,0.27994,-0.00009,0.70828,0.00008,0.70593,1,3,0.99946,0.01055,0.01592,-0.02683,0.06077,0.08377,0.63784,0,0
1768603076.722472,0.00960,0.03583,0.04114,0.00078,0.00059,-0.00066,0.54757,0.00008,0.27994,-0.00009,0.70828,0.00008,0.70593,1,3,0.99946,0.01055,0.01592,-0.02683,0.06077,0.08377,0.63784,0,0
1768603076.724477,0.02433,0.06542,0.06184,0.00157,-0.00025,-0.00013,0.54761,0.00008,0.27994,-0.00009,0.70828,0.00008,0.70594,1,3,0.99946,0.01055,0.01592,-0.02683,0.06077,0.08377,0.63784,0,0
1768603076.726468,0.01781,0.07783,0.02143,0.00143,-0.00380,-0.00051,0.54761,0.00008,0.27994,-0.00009,0.70828,0.00008,0.70594,1,3,0.99946,0.01055,0.01592,-0.02683,0.06077,0.08377,0.63784,0,0
1768603076.728502,0.01054,0.03210,0.02258,0.00227,-0.00095,0.00018,0.54761,0.00008,0.27994,-0.00009,0.70828,0.00008,0.70594,1,3,0.99946,0.01055,0.01592,-0.02683,0.06077,0.08377,0.63784,0,0
1768603076.730560,-0.03488,0.02882,0.01057,0.00157,-0.00131,-0.00015,0.54765,0.00008,0.27994,-0.00009,0.70828,0.00008,0.70593,1,3,0.99946,0.01055,0.01592,-0.02683,0.06077,0.08377,0.63784,0,0
1768603076.732533,-0.03489,0.03210,0.00356,0.00117,-0.00009,-0.00020,0.54765,0.00008,0.27994,-0.00009,0.70828,0.00008,0.70593,1,3,0.99946,0.01055,0.01592,-0.02683,0.06077,0.08377,0.63784,0,0
1768603076.734494,-0.02084,0.07082,0.04531,0.00100,-0.00067,-0.00133,0.54769,0.00008,0.27994,-0.00009,0.70828,0.00008,0.70593,1,3,0.99954,0.01071,0.01428,-0.02452,0.06078,0.08379,0.63798,0,0
1768603076.736479,0.00969,0.03507,0.02981,0.00105,0.00067,0.00126,0.54769,0.00008,0.27994,-0.00009,0.70828,0.00008,0.70593,1,3,0.99954,0.01071,0.01428,-0.02452,0.06078,0.08379,0.63798,0,0
1768603076.738477,-0.01304,0.03257,0.05164,0.00225,-0.00169,0.00054,0.54773,0.00008,0.27994,-0.00009,0.70828,0.00008,0.70593,1,3,0.99954,0.01071,0.01428,-0.02452,0.06078,0.08379,0.63798,0,0
1768603076.740496,0.01092,0.05263,-0.00918,0.00132,0.00041,-0.00005,0.54773,0.00008,0.27994,-0.00009,0.70828,0.00008,0.70593,1,3,0.99954,0.01071,0.01428,-0.02452,0.06078,0.08379,0.63798,0,0
1768603076.742494,-0.00481,0.02772,0.02020,0.00173,-0.00054,0.00048,0.54777,0.00008,0.27993,-0.00009,0.70828,0.00008,0.70593,1,3,0.99954,0.01071,0.01428,-0.02452,0.06078,0.08379,0.63798,0,0
1768603076.744496,-0.03537,0.03390,0.01143,0.00075,0.00241,0.00015,0.54781,0.00008,0.27993,-0.00009,0.70828,0.00008,0.70593,1,3,0.99954,0.01071,0.01428,-0.02452,0.06078,0.08379,0.63798,0,0
1768603076.746479,-0.01269,0.04547,0.03645,0.00130,-0.00056,-0.00190,0.54781,0.00008,0.27993,-0.00009,0.70828,0.00008,0.70593,1,3,0.99954,0.01071,0.01428,-0.02452,0.06078,0.08379,0.63798,0,0
1768603076.748520,0.00267,0.07708,0.02205,0.00142,-0.00292,-0.00100,0.54785,0.00008,0.27993,-0.00009,0.70829,0.00008,0.70592,1,3,0.99954,0.01071,0.01428,-0.02452,0.06078,0.08379,0.63798,0,0
1768603076.750496,0.04081,0.04407,0.00494,0.00134,0.00015,0.00105,0.54785,0.00008,0.27993,-0.00009,0.70829,0.00008,0.70592,1,3,0.99954,0.01071,0.01428,-0.02452,0.06078,0.08379,0.63798,0,0
1768603076.752486,-0.00467,0.02410,0.00724,0.00146,-0.00114,0.00130,0.54789,0.00008,0.27993,-0.00009,0.70829,0.00008,0.70592,1,3,0.99954,0.01071,0.01428,-0.02452,0.06078,0.08379,0.63798,0,0
1768603076.754498,0.05555,0.04717,0.02886,0.00149,-0.00306,0.00074,0.54789,0.00008,0.27993,-0.00009,0.70829,0.00008,0.70592,1,3,0.99954,0.01071,0.01428,-0.02452,0.06078,0.08379,0.63798,0,0
1768603076.756590,0.00984,0.03145,0.03787,0.00146,0.00011,0.00017,0.54792,0.00008,0.27993,-0.00009,0.70829,0.00008,0.70592,1,3,0.99954,0.01071,0.01428,-0.02452,0.06078,0.08379,0.63798,0,0
1768603076.758600,-0.01355,0.06517,0.05265,0.00100,0.00051,-0.00064,0.54792,0.00008,0.27993,-0.00009,0.70829,0.00008,0.70592,1,3,0.99954,0.01071,0.01428,-0.02452,0.06078,0.08379,0.63798,0,0
1768603076.760500,-0.02098,0.03610,0.05954,0.00183,-0.00072,0.00023,0.54796,0.00008,0.27993,-0.00009,0.70829,0.00008,0.70592,1,3,0.99954,0.01071,0.01428,-0.02452,0.06078,0.08379,0.63798,0,0
1768603076.762470,-0.04328,0.02714,0.02573,0.00075,0.00062,0.00035,0.54796,0.00008,0.27993,-0.00009,0.70829,0.00008,0.70592,1,3,0.99954,0.01071,0.01428,-0.02452,0.06078,0.08379,0.63798,0,0
1768603076.764513,-0.02756,0.01808,0.00988,0.00158,0.00042,0.00175,0.54796,0.00008,0.27993,-0.00009,0.70829,0.00008,0.70592,1,3,0.99954,0.01071,0.01428,-0.02452,0.06078,0.08379,0.63798,0,0
1768603076.766503,0.00961,0.05381,0.04461,0.00144,-0.00112,-0.00011,0.54800,0.00008,0.27993,-0.00009,0.70829,0.00008,0.70592,1,3,0.99953,0.01066,0.01343,-0.02541,0.06080,0.08381,0.63818,0,0
1768603076.768521,-0.02045,0.04991,0.03285,0.00115,-0.00104,-0.00069,0.54800,0.00008,0.27993,-0.00009,0.70829,0.00008,0.70592,1,3,0.99953,0.01066,0.01343,-0.02541,0.06080,0.08381,0.63818,0,0
1768603076.770495,0.02539,0.04453,0.01549,0.00106,0.00006,0.00015,0.54804,0.00008,0.27993,-0.00009,0.70829,0.00008,0.70592,1,3,0.99953,0.01066,0.01343,-0.02541,0.06080,0.08381,0.63818,0,0
1768603076.772512,0.01758,0.05619,0.03203,0.00198,0.00026,0.00051,0.54808,0.00008,0.27993,-0.00009,0.70829,0.00008,0.70592,1,3,0.99953,0.01066,0.01343,-0.02541,0.06080,0.08381,0.63818,0,0
1768603076.774504,-0.01336,0.02638,0.03430,0.00090,0.00072,0.00213,0.54808,0.00008,0.27993,-0.00009,0.70829,0.00008,0.70592,1,3,0.99953,0.01066,0.01343,-0.02541,0.06080,0.08381,0.63818,0,0
1768603076.776503,0.00214,0.04057,0.03199,0.00118,-0.00062,0.00095,0.54812,0.00008,0.27992,-0.00009,0.70830,0.00008,0.70591,1,3,0.99953,0.01066,0.01343,-0.02541,0.06080,0.08381,0.63818,0,0
1768603076.778516,0.01774,0.06753,0.03171,0.00198,-0.00236,-0.00038,0.54812,0.00008,0.27992,-0.00009,0.70830,0.00008,0.70591,1,3,0.99953,0.01066,0.01343,-0.02541,0.06080,0.08381,0.63818,0,0
1768603076.780511,-0.01972,0.05346,0.00103,0.00102,-0.00012,-0.00071,0.54816,0.00008,0.27992,-0.00009,0.70830,0.00008,0.70591,1,3,0.99953,0.01066,0.01343,-0.02541,0.06080,0.08381,0.63818,0,0
1768603076.782569,-0.02022,0.06108,0.02042,0.00128,0.00034,-0.00043,0.54816,0.00008,0.27992,-0.00009,0.70830,0.00008,0.70591,1,3,0.99953,0.01066,0.01343,-0.02541,0.06080,0.08381,0.63818,0,0
1768603076.784498,-0.05867,0.03203,0.03888,0.00060,0.00034,-0.00099,0.54820,0.00008,0.27992,-0.00009,0.70830,0.00008,0.70591,1,3,0.99953,0.01066,0.01343,-0.02541,0.06080,0.08381,0.63818,0,0
1768603076.786539,-0.01977,0.03695,0.00533,0.00131,-0.00094,0.00025,0.54820,0.00008,0.27992,-0.00009,0.70830,0.00008,0.70591,1,3,0.99953,0.01066,0.01343,-0.02541,0.06080,0.08381,0.63818,0,0
1768603076.788550,-0.01928,0.02772,-0.00959,0.00172,-0.00047,0.00076,0.54824,0.00008,0.27992,-0.00009,0.70830,0.00008,0.70591,1,3,0.99953,0.01066,0.01343,-0.02541,0.06080,0.08381,0.63818,0,0
1768603076.790523,-0.00410,0.04517,-0.00975,0.00172,-0.00090,0.00030,0.54824,0.00008,0.27992,-0.00009,0.70830,0.00008,0.70591,1,3,0.99953,0.01066,0.01343,-0.02541,0.06080,0.08381,0.63818,0,0
1768603076.792530,-0.02124,0.05375,0.05379,0.00114,-0.00123,0.00077,0.54828,0.00008,0.27992,-0.00009,0.70830,0.00008,0.70591,1,3,0.99953,0.01066,0.01343,-0.02541,0.06080,0.08381,0.63818,0,0
1768603076.794509,-0.00577,0.02720,0.05489,0.00158,-0.00012,0.00046,0.54828,0.00008,0.27992,-0.00009,0.70830,0.00008,0.70591,1,3,0.99953,0.01066,0.01343,-0.02541,0.06080,0.08381,0.63818,0,0
1768603076.796525,0.00910,0.01873,0.06007,0.00106,0.00016,0.00068,0.54828,0.00008,0.27992,-0.00009,0.70830,0.00008,0.70591,1,3,0.99953,0.01066,0.01343,-0.02541,0.06080,0.08381,0.63818,0,0
1768603076.798511,-0.01954,0.05311,-0.00497,0.00156,-0.00041,0.00045,0.54832,0.00008,0.27992,-0.00009,0.70830,0.00008,0.70591,1,3,0.99953,0.01066,0.01343,-0.02541,0.06080,0.08381,0.63818,0,0
1768603076.800526,0.02608,0.04321,-0.01881,0.00080,0.00161,0.00057,0.54832,0.00008,0.27992,-0.00009,0.70830,0.00008,0.70591,1,3,0.99953,0.01066,0.01343,-0.02541,0.06080,0.08381,0.63818,0,0
1768603076.802530,0.01786,0.04949,0.01189,0.00132,-0.00108,0.00098,0.54836,0.00008,0.27992,-0.00009,0.70830,0.00008,0.70591,1,3,0.99953,0.01066,0.01343,-0.02541,0.06080,0.08381,0.63818,0,0
1768603076.804521,0.02448,0.04435,0.04414,0.00105,-0.00025,0.00127,0.54836,0.00008,0.27992,-0.00009,0.70830,0.00008,0.70591,1,3,0.99962,0.01072,0.01186,-0.02237,0.06083,0.08387,0.63862,0,0
1768603076.806537,0.02389,0.05399,0.08414,0.00157,-0.00151,-0.00040,0.54841,0.00008,0.27992,-0.00009,0.70830,0.00008,0.70591,1,3,0.99962,0.01072,0.01186,-0.02237,0.06083,0.08387,0.63862,0,0
1768603076.808532,0.01715,0.07010,0.04466,0.00143,-0.00046,-0.00043,0.54841,0.00008,0.27992,-0.00009,0.70830,0.00008,0.70591,1,3,0.99962,0.01072,0.01186,-0.02237,0.06083,0.08387,0.63862,0,0
1768603076.810561,-0.00569,0.04441,0.03931,0.00116,-0.00031,0.00102,0.54845,0.00008,0.27992,-0.00009,0.70830,0.00008,0.70591,1,3,0.99962,0.01072,0.01186,-0.02237,0.06083,0.08387,0.63862,0,0
1768603076.812562,-0.00527,0.03558,0.01995,0.00091,0.00033,0.00114,0.54848,0.00008,0.27992,-0.00009,0.70830,0.00008,0.70591,1,3,0.99962,0.01072,0.01186,-0.02237,0.06083,0.08387,0.63862,0,0
1768603076.814550,-0.01301,0.00640,0.03715,0.00146,-0.00056,0.00161,0.54848,0.00008,0.27992,-0.00009,0.70830,0.00008,0.70591,1,3,0.99962,0.01072,0.01186,-0.02237,0.06083,0.08387,0.63862,0,0
1768603076.816547,-0.03593,0.02744,0.04005,0.00116,-0.00008,0.00059,0.54853,0.00008,0.27992,-0.00009,0.70830,0.00008,0.70592,1,3,0.99962,0.01072,0.01186,-0.02237,0.06083,0.08387,0.63862,0,0
1768603076.818544,0.01710,0.04977,0.04249,0.00091,-0.00093,-0.00019,0.54853,0.00008,0.27992,-0.00009,0.70830,0.00008,0.70592,1,3,0.99962,0.01072,0.01186,-0.02237,0.06083,0.08387,0.63862,0,0
1768603076.820573,-0.00545,0.07801,0.04001,0.00154,0.00014,-0.00090,0.54857,0.00008,0.27992,-0.00009,0.70830,0.00008,0.70591,1,3,0.99962,0.01072,0.01186,-0.02237,0.06083,0.08387,0.63862,0,0
1768603076.822567,-0.01311,0.05687,0.03201,0.00115,0.00004,0.00062,0.54857,0.00008,0.27992,-0.00009,0.70830,0.00008,0.70591,1,3,0.99962,0.01072,0.01186,-0.02237,0.06083,0.08387,0.63862,0,0
1768603076.825067,-0.04371,0.03988,0.04271,0.00087,0.00039,0.00018,0.54861,0.00008,0.27992,-0.00009,0.70830,0.00008,0.70591,1,3,0.99962,0.01072,0.01186,-0.02237,0.06083,0.08387,0.63862,0,0
1768603076.826542,-0.02794,0.07785,0.01979,0.00125,0.00033,-0.00012,0.54861,0.00008,0.27992,-0.00009,0.70830,0.00008,0.70591,1,3,0.99962,0.01072,0.01186,-0.02237,0.06083,0.08387,0.63862,0,0
1768603076.828535,0.03381,0.07326,-0.00019,0.00186,-0.00341,-0.00106,0.54865,0.00008,0.27992,-0.00009,0.70830,0.00008,0.70591,1,3,0.99962,0.01072,0.01186,-0.02237,0.06083,0.08387,0.63862,0,0
1768603076.830563,-0.01972,0.03185,0.00355,0.00118,0.00013,-0.00007,0.54865,0.00008,0.27992,-0.00009,0.70830,0.00008,0.70591,1,3,0.99962,0.01072,0.01186,-0.02237,0.06083,0.08387,0.63862,0,0
1768603076.832530,0.03352,0.03017,0.01029,0.00163,-0.00263,-0.00018,0.54869,0.00008,0.27991,-0.00009,0.70831,0.00008,0.70591,1,3,0.99962,0.01072,0.01186,-0.02237,0.06083,0.08387,0.63862,0,0
1768603076.834543,0.00226,0.05135,0.02898,0.00183,0.00066,0.00159,0.54869,0.00008,0.27991,-0.00009,0.70831,0.00008,0.70591,1,3,0.99962,0.01072,0.01186,-0.02237,0.06083,0.08387,0.63862,0,0
1768603076.836551,-0.03610,0.07305,0.04719,0.00151,0.00066,-0.00034,0.54869,0.00008,0.27991,-0.00009,0.70831,0.00008,0.70591,1,3,0.99962,0.01072,0.01186,-0.02237,0.06083,0.08387,0.63862,0,0
1768603076.838551,-0.03496,0.04422,0.00595,0.00129,0.00038,-0.00034,0.54873,0.00008,0.27992,-0.00009,0.70830,0.00008,0.70591,1,3,0.99962,0.01072,0.01186,-0.02237,0.06083,0.08387,0.63862,0,0
1768603076.840579,-0.05024,0.02426,0.01820,0.00156,-0.00100,-0.00023,0.54873,0.00008,0.27992,-0.00009,0.70830,0.00008,0.70591,1,3,0.99962,0.01072,0.01186,-0.02237,0.06083,0.08387,0.63862,0,0
1768603076.842566,-0.00468,0.03655,0.00986,0.00159,-0.00089,0.00077,0.54877,0.00008,0.27992,-0.00009,0.70830,0.00008,0.70591,1,3,0.99962,0.01072,0.01186,-0.02237,0.06083,0.08387,0.63862,0,0
1768603076.844563,0.02522,0.05396,0.01895,0.00132,-0.00143,0.00118,0.54877,0.00008,0.27992,-0.00009,0.70830,0.00008,0.70591,1,3,0.99956,0.01079,0.01452,-0.02339,0.06079,0.08382,0.63817,0,0
1768603076.846571,0.00977,0.06164,0.03487,0.00130,-0.00036,-0.00020,0.54881,0.00008,0.27992,-0.00009,0.70830,0.00008,0.70591,1,3,0.99956,0.01079,0.01452,-0.02339,0.06079,0.08382,0.63817,0,0
1768603076.848575,-0.01172,0.01965,-0.00272,0.00120,0.00005,-0.00118,0.54881,0.00008,0.27992,-0.00009,0.70830,0.00008,0.70591,1,3,0.99956,0.01079,0.01452,-0.02339,0.06079,0.08382,0.63817,0,0
1768603076.850611,0.01047,0.05703,0.02860,0.00212,0.00000,-0.00165,0.54885,0.00008,0.27992,-0.00009,0.70830,0.00008,0.70592,1,3,0.99956,0.01079,0.01452,-0.02339,0.06079,0.08382,0.63817,0,0
1768603076.852593,0.00934,0.05731,0.04188,0.00089,-0.00028,0.00060,0.54889,0.00008,0.27993,-0.00009,0.70829,0.00008,0.70592,1,3,0.99956,0.01079,0.01452,-0.02339,0.06079,0.08382,0.63817,0,0
1768603076.854566,-0.00583,0.04287,0.03912,0.00116,0.00100,0.00180,0.54889,0.00008,0.27993,-0.00009,0.70829,0.00008,0.70592,1,3,0.99956,0.01079,0.01452,-0.02339,0.06079,0.08382,0.63817,0,0
1768603076.856573,0.02522,0.04026,0.02183,0.00146,-0.00052,0.00134,0.54893,0.00008,0.27993,-0.00009,0.70829,0.00008,0.70592,1,3,0.99956,0.01079,0.01452,-0.02339,0.06079,0.08382,0.63817,0,0
1768603076.858561,0.02500,0.03201,0.03249,0.00120,-0.00039,0.00067,0.54893,0.00008,0.27993,-0.00009,0.70829,0.00008,0.70592,1,3,0.99956,0.01079,0.01452,-0.02339,0.06079,0.08382,0.63817,0,0
1768603076.860569,-0.03499,0.04850,-0.00167,0.00088,0.00050,-0.00001,0.54897,0.00008,0.27993,-0.00009,0.70829,0.00008,0.70592,1,3,0.99956,0.01079,0.01452,-0.02339,0.06079,0.08382,0.63817,0,0
1768603076.862619,-0.00478,0.03170,0.00817,0.00105,0.00019,0.00044,0.54897,0.00008,0.27993,-0.00009,0.70829,0.00008,0.70592,1,3,0.99956,0.01079,0.01452,-0.02339,0.06079,0.08382,0.63817,0,0
1768603076.864671,0.00170,0.05643,0.05196,0.00142,0.00028,0.00036,0.54901,0.00008,0.27993,-0.00009,0.70829,0.00008,0.70592,1,3,0.99956,0.01079,0.01452,-0.02339,0.06079,0.08382,0.63817,0,0
1768603076.866674,0.00168,0.04471,0.05989,0.00144,-0.00050,-0.00026,0.54901,0.00008,0.27993,-0.00009,0.70829,0.00008,0.70592,1,3,0.99956,0.01079,0.01452,-0.02339,0.06079,0.08382,0.63817,0,0
1768603076.868615,-0.01319,0.02756,0.03973,0.00117,-0.00031,0.00097,0.54905,0.00008,0.27993,-0.00009,0.70829,0.00008,0.70592,1,3,0.99956,0.01079,0.01452,-0.02339,0.06079,0.08382,0.63817,0,0
1768603076.870567,-0.02029,0.02786,0.03052,0.00144,-0.00042,-0.00004,0.54905,0.00008,0.27993,-0.00009,0.70829,0.00008,0.70592,1,3,0.99956,0.01079,0.01452,-0.02339,0.06079,0.08382,0.63817,0,0
1768603076.872581,-0.04267,0.02293,0.00875,0.00103,0.00063,0.00004,0.54910,0.00008,0.27993,-0.00009,0.70829,0.00008,0.70593,1,3,0.99956,0.01079,0.01452,-0.02339,0.06079,0.08382,0.63817,0,0
1768603076.874584,-0.00527,0.05010,0.03272,0.00117,-0.00126,-0.00056,0.54910,0.00008,0.27993,-0.00009,0.70829,0.00008,0.70593,1,3,0.99956,0.01079,0.01452,-0.02339,0.06079,0.08382,0.63817,0,0
1768603076.876603,-0.00471,0.04003,0.00761,0.00145,-0.00004,0.00072,0.54910,0.00008,0.27993,-0.00009,0.70829,0.00008,0.70593,1,3,0.99956,0.01079,0.01452,-0.02339,0.06079,0.08382,0.63817,0,0
1768603076.878586,0.04855,0.05178,0.00785,0.00108,-0.00266,-0.00070,0.54914,0.00008,0.27993,-0.00009,0.70829,0.00008,0.70593,1,3,0.99956,0.01079,0.01452,-0.02339,0.06079,0.08382,0.63817,0,0
1768603076.880587,-0.02066,0.04385,0.02494,0.00075,0.00061,0.00091,0.54914,0.00008,0.27993,-0.00009,0.70829,0.00008,0.70593,1,3,0.99956,0.01079,0.01452,-0.02339,0.06079,0.08382,0.63817,0,0
1768603076.882585,-0.00546,0.03159,0.04321,0.00131,0.00017,-0.00035,0.54917,0.00008,0.27993,-0.00009,0.70829,0.00008,0.70593,1,3,0.99956,0.01079,0.01452,-0.02339,0.06079,0.08382,0.63817,0,0
1768603076.884606,0.00220,0.03574,0.04008,0.00158,-0.00008,0.00024,0.54917,0.00008,0.27993,-0.00009,0.70829,0.00008,0.70593,1,3,0.99956,0.01079,0.01452,-0.02339,0.06079,0.08382,0.63817,0,0
1768603076.886600,-0.01302,0.05710,0.04734,0.00195,-0.00043,-0.00052,0.54921,0.00008,0.27993,-0.00009,0.70828,0.00008,0.70593,1,3,0.99957,0.01077,0.01376,-0.02343,0.06080,0.08382,0.63820,0,0
1768603076.888589,-0.01302,0.06680,0.02697,0.00087,-0.00111,0.00012,0.54921,0.00008,0.27993,-0.00009,0.70828,0.00008,0.70593,1,3,0.99957,0.01077,0.01376,-0.02343,0.06080,0.08382,0.63820,0,0
1768603076.890613,-0.01191,0.06878,0.00133,0.00196,-0.00361,0.00014,0.54925,0.00008,0.27993,-0.00009,0.70829,0.00008,0.70592,1,3,0.99957,0.01077,0.01376,-0.02343,0.06080,0.08382,0.63820,0,0
1768603076.892590,-0.02814,0.05404,0.02484,0.00074,-0.00092,0.00015,0.54925,0.00008,0.27993,-0.00009,0.70829,0.00008,0.70592,1,3,0.99957,0.01077,0.01376,-0.02343,0.06080,0.08382,0.63820,0,0
1768603076.894655,0.03314,0.04263,0.03763,0.00228,-0.00273,-0.00110,0.54929,0.00008,0.27993,-0.00009,0.70829,0.00008,0.70593,1,3,0.99957,0.01077,0.01376,-0.02343,0.06080,0.08382,0.63820,0,0
1768603076.896602,0.07083,0.03878,0.03545,0.00138,-0.00254,-0.00094,0.54929,0.00008,0.27993,-0.00009,0.70829,0.00008,0.70593,1,3,0.99957,0.01077,0.01376,-0.02343,0.06080,0.08382,0.63820,0,0
1768603076.898582,0.00227,0.07395,0.03211,0.00155,-0.00017,-0.00021,0.54934,0.00008,0.27993,-0.00009,0.70828,0.00008,0.70593,1,3,0.99957,0.01077,0.01376,-0.02343,0.06080,0.08382,0.63820,0,0
1768603076.900621,0.01094,0.06803,0.00334,0.00158,-0.00205,-0.00177,0.54938,0.00008,0.27993,-0.00009,0.70828,0.00008,0.70593,1,3,0.99957,0.01077,0.01376,-0.02343,0.06080,0.08382,0.63820,0,0
1768603076.902606,-0.02023,0.03591,0.02009,0.00130,-0.00011,0.00063,0.54938,0.00008,0.27993,-0.00009,0.70828,0.00008,0.70593,1,3,0.99957,0.01077,0.01376,-0.02343,0.06080,0.08382,0.63820,0,0
1768603076.904672,0.03992,0.00069,0.04887,0.00044,-0.00195,-0.00076,0.54942,0.00008,0.27994,-0.00009,0.70828,0.00008,0.70593,1,3,0.99957,0.01077,0.01376,-0.02343,0.06080,0.08382,0.63820,0,0
1768603076.906605,-0.00632,0.01385,0.06747,0.00105,0.00068,0.00098,0.54942,0.00008,0.27994,-0.00009,0.70828,0.00008,0.70593,1,3,0.99957,0.01077,0.01376,-0.02343,0.06080,0.08382,0.63820,0,0
1768603076.908608,0.00957,0.06246,0.04925,0.00170,-0.00150,-0.00021,0.54946,0.00008,0.27994,-0.00009,0.70828,0.00008,0.70593,1,3,0.99957,0.01077,0.01376,-0.02343,0.06080,0.08382,0.63820,0,0
1768603076.910606,0.01039,0.05190,0.00999,0.00158,0.00065,0.00071,0.54946,0.00008,0.27994,-0.00009,0.70828,0.00008,0.70593,1,3,0.99957,0.01077,0.01376,-0.02343,0.06080,0.08382,0.63820,0,0
1768603076.912609,0.01052,0.04864,0.01281,0.00172,-0.00019,-0.00002,0.54950,0.00008,0.27994,-0.00009,0.70828,0.00008,0.70593,1,3,0.99957,0.01077,0.01376,-0.02343,0.06080,0.08382,0.63820,0,0
1768603076.914603,0.03323,0.04541,0.00668,0.00054,-0.00005,-0.00113,0.54950,0.00008,0.27994,-0.00009,0.70828,0.00008,0.70593,1,3,0.99957,0.01077,0.01376,-0.02343,0.06080,0.08382,0.63820,0,0
1768603076.916610,-0.00544,0.03630,0.04943,0.00211,-0.00106,0.00036,0.54950,0.00008,0.27994,-0.00009,0.70828,0.00008,0.70593,1,3,0.99957,0.01077,0.01376,-0.02343,0.06080,0.08382,0.63820,0,0
1768603076.918608,-0.02787,0.01940,0.01946,0.00131,-0.00077,0.00172,0.54950,0.00008,0.27994,-0.00009,0.70828,0.00008,0.70593,1,3,0.99957,0.01077,0.01376,-0.02343,0.06080,0.08382,0.63820,0,0
1768603076.920615,-0.02806,0.01994,0.03022,0.00104,-0.00086,0.00056,0.54954,0.00008,0.27994,-0.00009,0.70828,0.00008,0.70593,1,3,0.99957,0.01077,0.01376,-0.02343,0.06080,0.08382,0.63820,0,0
1768603076.922629,-0.00564,0.04413,0.04966,0.00170,-0.00018,0.00026,0.54958,0.00008,0.27994,-0.00009,0.70827,0.00008,0.70594,1,3,0.99957,0.01077,0.01376,-0.02343,0.06080,0.08382,0.63820,0,0
1768603076.924631,-0.03597,0.05208,0.03540,0.00086,0.00095,-0.00009,0.54958,0.00008,0.27994,-0.00009,0.70827,0.00008,0.70594,1,3,0.99956,0.01041,0.01196,-0.02503,0.06081,0.08382,0.63827,0,0
1768603076.926623,-0.01247,0.04873,0.02367,0.00143,0.00016,-0.00117,0.54962,0.00008,0.27994,-0.00009,0.70828,0.00008,0.70594,1,3,0.99956,0.01041,0.01196,-0.02503,0.06081,0.08382,0.63827,0,0
1768603076.928631,-0.01290,0.03160,0.02704,0.00131,-0.00024,0.00131,0.54962,0.00008,0.27994,-0.00009,0.70828,0.00008,0.70594,1,3,0.99956,0.01041,0.01196,-0.02503,0.06081,0.08382,0.63827,0,0
1768603076.930631,0.00316,0.05253,-0.00027,0.00185,-0.00013,0.00084,0.54966,0.00008,0.27994,-0.00009,0.70828,0.00008,0.70593,1,3,0.99956,0.01041,0.01196,-0.02503,0.06081,0.08382,0.63827,0,0
1768603076.932643,0.02575,0.06805,0.01690,0.00199,-0.00276,-0.00050,0.54970,0.00008,0.27993,-0.00009,0.70828,0.00008,0.70593,1,3,0.99956,0.01041,0.01196,-0.02503,0.06081,0.08382,0.63827,0,0
1768603076.934630,0.02574,0.06634,0.00777,0.00145,-0.00069,-0.00048,0.54970,0.00008,0.27993,-0.00009,0.70828,0.00008,0.70593,1,3,0.99956,0.01041,0.01196,-0.02503,0.06081,0.08382,0.63827,0,0
1768603076.936635,-0.01302,0.06581,0.04233,0.00168,-0.00049,-0.00063,0.54974,0.00008,0.27993,-0.00009,0.70829,0.00008,0.70592,1,3,0.99956,0.01041,0.01196,-0.02503,0.06081,0.08382,0.63827,0,0
1768603076.938629,-0.01312,0.02816,0.04983,0.00171,-0.00106,0.00020,0.54974,0.00008,0.27993,-0.00009,0.70829,0.00008,0.70592,1,3,0.99956,0.01041,0.01196,-0.02503,0.06081,0.08382,0.63827,0,0
1768603076.940660,0.04049,0.02221,0.02549,0.00083,-0.00266,-0.00023,0.54978,0.00008,0.27992,-0.00009,0.70829,0.00008,0.70592,1,3,0.99956,0.01041,0.01196,-0.02503,0.06081,0.08382,0.63827,0,0
1768603076.942619,-0.00576,0.04347,0.04921,0.00170,0.00025,0.00103,0.54978,0.00008,0.27992,-0.00009,0.70829,0.00008,0.70592,1,3,0.99956,0.01041,0.01196,-0.02503,0.06081,0.08382,0.63827,0,0
1768603076.944631,-0.00621,0.07775,0.05856,0.00139,-0.00007,0.00061,0.54982,0.00008,0.27993,-0.00009,0.70829,0.00008,0.70592,1,3,0.99956,0.01041,0.01196,-0.02503,0.06081,0.08382,0.63827,0,0
1768603076.946639,0.05631,0.05188,-0.00106,0.00056,-0.00211,-0.00159,0.54982,0.00008,0.27993,-0.00009,0.70829,0.00008,0.70592,1,3,0.99956,0.01041,0.01196,-0.02503,0.06081,0.08382,0.63827,0,0
1768603076.948647,-0.00398,0.01958,-0.00788,0.00134,-0.00001,-0.00092,0.54982,0.00008,0.27993,-0.00009,0.70829,0.00008,0.70592,1,3,0.99956,0.01041,0.01196,-0.02503,0.06081,0.08382,0.63827,0,0
1768603076.950648,-0.01995,0.02760,0.01069,0.00118,-0.00000,0.00036,0.54982,0.00008,0.27993,-0.00009,0.70829,0.00008,0.70592,1,3,0.99956,0.01041,0.01196,-0.02503,0.06081,0.08382,0.63827,0,0
1768603076.952642,0.00254,0.05417,0.01949,0.00130,-0.00142,0.00041,0.54986,0.00008,0.27993,-0.00009,0.70829,0.00008,0.70592,1,3,0.99956,0.01041,0.01196,-0.02503,0.06081,0.08382,0.63827,0,0
1768603076.954644,-0.02017,0.05170,-0.00102,0.00101,0.00073,0.00236,0.54986,0.00008,0.27993,-0.00009,0.70829,0.00008,0.70592,1,3,0.99956,0.01041,0.01196,-0.02503,0.06081,0.08382,0.63827,0,0
1768603076.956730,-0.01243,0.05308,0.01411,0.00183,-0.00083,0.00107,0.54990,0.00008,0.27992,-0.00009,0.70829,0.00008,0.70592,1,3,0.99952,0.01061,0.01324,-0.02579,0.06079,0.08379,0.63807,0,0
1768603076.958706,-0.00556,0.05298,0.04011,0.00116,-0.00008,-0.00023,0.54990,0.00008,0.27992,-0.00009,0.70829,0.00008,0.70592,1,3,0.99952,0.01061,0.01324,-0.02579,0.06079,0.08379,0.63807,0,0
1768603076.960720,-0.05138,0.03875,0.05769,0.00167,0.00101,-0.00006,0.54994,0.00008,0.27993,-0.00009,0.70829,0.00008,0.70592,1,3,0.99952,0.01061,0.01324,-0.02579,0.06079,0.08379,0.63807,0,0
1768603076.962708,-0.04234,0.03930,-0.00098,0.00129,0.00117,-0.00053,0.54998,0.00008,0.27992,-0.00009,0.70829,0.00008,0.70592,1,3,0.99952,0.01061,0.01324,-0.02579,0.06079,0.08379,0.63807,0,0
1768603076.964662,0.00379,0.02377,-0.02146,0.00148,-0.00039,0.00043,0.55002,0.00008,0.27992,-0.00009,0.70829,0.00008,0.70592,1,3,0.99952,0.01061,0.01324,-0.02579,0.06079,0.08379,0.63807,0,0
1768603076.966637,-0.04240,0.04751,-0.01723,0.00087,0.00119,0.00128,0.55002,0.00008,0.27992,-0.00009,0.70829,0.00008,0.70592,1,3,0.99952,0.01061,0.01324,-0.02579,0.06079,0.08379,0.63807,0,0
1768603076.968638,0.00282,0.05404,0.01407,0.00184,-0.00171,0.00081,0.55006,0.00008,0.27993,-0.00009,0.70829,0.00008,0.70592,1,3,0.99952,0.01061,0.01324,-0.02579,0.06079,0.08379,0.63807,0,0
1768603076.970827,-0.01329,0.05057,0.04692,0.00115,-0.00196,-0.00007,0.55006,0.00008,0.27993,-0.00009,0.70829,0.00008,0.70592,1,3,0.99952,0.01061,0.01324,-0.02579,0.06079,0.08379,0.63807,0,0
1768603076.972673,-0.04323,0.04347,0.03143,0.00101,0.00134,-0.00099,0.55010,0.00008,0.27993,-0.00009,0.70829,0.00008,0.70592,1,3,0.99952,0.01061,0.01324,-0.02579,0.06079,0.08379,0.63807,0,0
1768603076.974661,-0.01263,0.02800,0.03092,0.00145,-0.00041,-0.00055,0.55010,0.00008,0.27993,-0.00009,0.70829,0.00008,0.70592,1,3,0.99952,0.01061,0.01324,-0.02579,0.06079,0.08379,0.63807,0,0
1768603076.976669,-0.02754,0.02678,0.01112,0.00117,0.00088,0.00012,0.55014,0.00008,0.27993,-0.00009,0.70829,0.00008,0.70592,1,3,0.99952,0.01061,0.01324,-0.02579,0.06079,0.08379,0.63807,0,0
1768603076.978661,0.00927,0.05743,0.05629,0.00170,-0.00098,0.00060,0.55014,0.00008,0.27993,-0.00009,0.70829,0.00008,0.70592,1,3,0.99952,0.01061,0.01324,-0.02579,0.06079,0.08379,0.63807,0,0
1768603076.980673,0.01710,0.06550,0.04580,0.00197,-0.00088,0.00115,0.55014,0.00008,0.27993,-0.00009,0.70829,0.00008,0.70592,1,3,0.99952,0.01061,0.01324,-0.02579,0.06079,0.08379,0.63807,0,0
1768603076.982659,0.00922,0.07436,0.05604,0.00168,-0.00098,0.00040,0.55014,0.00008,0.27993,-0.00009,0.70829,0.00008,0.70592,1,3,0.99952,0.01061,0.01324,-0.02579,0.06079,0.08379,0.63807,0,0
1768603076.984678,-0.01267,0.00169,0.04198,0.00161,0.00059,-0.00100,0.55018,0.00008,0.27993,-0.00009,0.70828,0.00008,0.70593,1,3,0.99952,0.01061,0.01324,-0.02579,0.06079,0.08379,0.63807,0,0
1768603076.986685,0.01762,0.03191,0.03769,0.00187,-0.00055,0.00004,0.55018,0.00008,0.27993,-0.00009,0.70828,0.00008,0.70593,1,3,0.99952,0.01061,0.01324,-0.02579,0.06079,0.08379,0.63807,0,0
1768603076.988665,0.02473,0.05259,0.03974,0.00118,0.00013,0.00041,0.55022,0.00008,0.27993,-0.00009,0.70828,0.00008,0.70593,1,3,0.99958,0.01073,0.01304,-0.02342,0.06082,0.08385,0.63843,0,0
1768603076.990673,-0.04424,0.06450,0.06698,0.00137,0.00068,-0.00013,0.55026,0.00008,0.27993,-0.00009,0.70828,0.00008,0.70593,1,3,0.99958,0.01073,0.01304,-0.02342,0.06082,0.08385,0.63843,0,0
1768603076.992667,-0.03479,0.06104,0.00108,0.00141,0.00054,-0.00092,0.55026,0.00008,0.27993,-0.00009,0.70828,0.00008,0.70593,1,3,0.99958,0.01073,0.01304,-0.02342,0.06082,0.08385,0.63843,0,0
1768603076.994692,-0.02002,0.02746,0.01523,0.00145,-0.00017,0.00074,0.55026,0.00008,0.27993,-0.00009,0.70828,0.00008,0.70593,1,3,0.99958,0.01073,0.01304,-0.02342,0.06082,0.08385,0.63843,0,0
1768603076.996669,0.00293,0.05264,0.00436,0.00171,-0.00029,0.00121,0.55034,0.00008,0.27993,-0.00009,0.70829,0.00008,0.70592,1,3,0.99958,0.01073,0.01304,-0.02342,0.06082,0.08385,0.63843,0,0
1768603076.998664,-0.00530,0.06256,0.02907,0.00142,-0.00152,0.00043,0.55034,0.00008,0.27993,-0.00009,0.70829,0.00008,0.70592,1,3,0.99958,0.01073,0.01304,-0.02342,0.06082,0.08385,0.63843,0,0
1768603077.000706,0.01001,0.06534,0.02196,0.00143,-0.00008,0.00053,0.55034,0.00008,0.27993,-0.00009,0.70829,0.00008,0.70592,1,3,0.99958,0.01073,0.01304,-0.02342,0.06082,0.08385,0.63843,0,0
1768603077.003224,-0.04281,0.02664,0.02056,0.00170,0.00055,0.00037,0.55038,0.00008,0.27993,-0.00009,0.70829,0.00008,0.70592,1,3,0.99958,0.01073,0.01304,-0.02342,0.06082,0.08385,0.63843,0,0
1768603077.004816,-0.05105,0.05239,0.03973,0.00152,0.00013,0.00017,0.55038,0.00008,0.27993,-0.00009,0.70829,0.00008,0.70592,1,3,0.99958,0.01073,0.01304,-0.02342,0.06082,0.08385,0.63843,0,0
1768603077.006719,-0.03491,0.04500,-0.00021,0.00142,-0.00079,0.00080,0.55042,0.00008,0.27993,-0.00009,0.70829,0.00008,0.70592,1,3,0.99958,0.01073,0.01304,-0.02342,0.06082,0.08385,0.63843,0,0
1768603077.008723,0.02496,0.05001,0.03676,0.00146,-0.00165,0.00045,0.55042,0.00008,0.27993,-0.00009,0.70829,0.00008,0.70592,1,3,0.99958,0.01073,0.01304,-0.02342,0.06082,0.08385,0.63843,0,0
1768603077.010712,-0.00527,0.04475,0.02957,0.00144,-0.00065,0.00065,0.55046,0.00008,0.27993,-0.00009,0.70829,0.00008,0.70592,1,3,0.99958,0.01073,0.01304,-0.02342,0.06082,0.08385,0.63843,0,0
1768603077.012719,0.01823,0.04095,0.00320,0.00120,-0.00053,-0.00005,0.55046,0.00008,0.27993,-0.00009,0.70829,0.00008,0.70592,1,3,0.99958,0.01073,0.01304,-0.02342,0.06082,0.08385,0.63843,0,0
1768603077.014752,0.00978,0.04936,0.02226,0.00064,-0.00052,0.00071,0.55046,0.00008,0.27993,-0.00009,0.70829,0.00008,0.70592,1,3,0.99958,0.01073,0.01304,-0.02342,0.06082,0.08385,0.63843,0,0
1768603077.016735,0.00996,0.04483,0.02978,0.00145,-0.00064,0.00039,0.55050,0.00008,0.27993,-0.00009,0.70829,0.00008,0.70592,1,3,0.99958,0.01073,0.01304,-0.02342,0.06082,0.08385,0.63843,0,0
1768603077.018681,-0.04430,0.06417,0.06675,0.00137,0.00090,0.00026,0.55050,0.00008,0.27993,-0.00009,0.70829,0.00008,0.70592,1,3,0.99958,0.01073,0.01304,-0.02342,0.06082,0.08385,0.63843,0,0
1768603077.020719,0.00948,0.03963,0.05180,0.00185,-0.00016,0.00082,0.55054,0.00008,0.27993,-0.00009,0.70829,0.00008,0.70593,1,3,0.99956,0.01082,0.01362,-0.02400,0.06080,0.08383,0.63823,0,0
1768603077.022728,0.00238,0.04446,0.03009,0.00144,-0.00020,0.00014,0.55054,0.00008,0.27993,-0.00009,0.70829,0.00008,0.70593,1,3,0.99956,0.01082,0.01362,-0.02400,0.06080,0.08383,0.63823,0,0
1768603077.024739,-0.02841,0.02267,0.04841,0.00117,0.00067,-0.00025,0.55058,0.00008,0.27993,-0.00009,0.70829,0.00008,0.70593,1,3,0.99956,0.01082,0.01362,-0.02400,0.06080,0.08383,0.63823,0,0
1768603077.026710,-0.05836,0.03134,0.03394,0.00114,0.00072,-0.00097,0.55058,0.00008,0.27993,-0.00009,0.70829,0.00008,0.70593,1,3,0.99956,0.01082,0.01362,-0.02400,0.06080,0.08383,0.63823,0,0
1768603077.028733,-0.01308,0.04387,0.04464,0.00183,-0.00003,0.00040,0.55062,0.00008,0.27993,-0.00009,0.70828,0.00008,0.70593,1,3,0.99956,0.01082,0.01362,-0.02400,0.06080,0.08383,0.63823,0,0
1768603077.030722,0.02441,0.06564,0.05616,0.00170,-0.00076,0.00063,0.55062,0.00008,0.27993,-0.00009,0.70828,0.00008,0.70593,1,3,0.99956,0.01082,0.01362,-0.02400,0.06080,0.08383,0.63823,0,0
1768603077.032739,-0.00593,0.09185,0.04127,0.00085,-0.00094,0.00006,0.55062,0.00008,0.27993,-0.00009,0.70828,0.00008,0.70593,1,3,0.99956,0.01082,0.01362,-0.02400,0.06080,0.08383,0.63823,0,0
1768603077.034797,0.04059,0.03645,0.02024,0.00135,-0.00054,0.00037,0.55071,0.00008,0.27993,-0.00009,0.70828,0.00008,0.70593,1,3,0.99956,0.01082,0.01362,-0.02400,0.06080,0.08383,0.63823,0,0
1768603077.036700,0.03248,0.02151,0.05030,0.00136,-0.00236,-0.00049,0.55071,0.00008,0.27993,-0.00009,0.70828,0.00008,0.70593,1,3,0.99956,0.01082,0.01362,-0.02400,0.06080,0.08383,0.63823,0,0
1768603077.038715,-0.03571,0.04459,0.03540,0.00128,-0.00014,-0.00037,0.55074,0.00008,0.27993,-0.00009,0.70829,0.00008,0.70592,1,3,0.99956,0.01082,0.01362,-0.02400,0.06080,0.08383,0.63823,0,0
1768603077.040712,-0.00602,0.03842,0.04775,0.00076,0.00176,0.00070,0.55074,0.00008,0.27993,-0.00009,0.70829,0.00008,0.70592,1,3,0.99956,0.01082,0.01362,-0.02400,0.06080,0.08383,0.63823,0,0
1768603077.042762,0.03362,0.05457,-0.00071,0.00187,-0.00210,0.00069,0.55079,0.00008,0.27993,-0.00009,0.70829,0.00008,0.70592,1,3,0.99956,0.01082,0.01362,-0.02400,0.06080,0.08383,0.63823,0,0
1768603077.044714,0.00248,0.04095,0.01678,0.00118,-0.00102,0.00133,0.55079,0.00008,0.27993,-0.00009,0.70829,0.00008,0.70592,1,3,0.99956,0.01082,0.01362,-0.02400,0.06080,0.08383,0.63823,0,0
1768603077.046720,0.01046,0.04540,0.01436,0.00186,-0.00148,0.00079,0.55079,0.00008,0.27993,-0.00009,0.70829,0.00008,0.70592,1,3,0.99956,0.01082,0.01362,-0.02400,0.06080,0.08383,0.63823,0,0
1768603077.048723,-0.01243,0.05406,0.01976,0.00170,-0.00142,-0.00009,0.55082,0.00008,0.27992,-0.00009,0.70829,0.00008,0.70592,1,3,0.99956,0.01082,0.01362,-0.02400,0.06080,0.08383,0.63823,0,0
1768603077.050719,-0.02117,0.06891,0.04908,0.00126,0.00047,0.00059,0.55082,0.00008,0.27992,-0.00009,0.70829,0.00008,0.70592,1,3,0.99956,0.01082,0.01362,-0.02400,0.06080,0.08383,0.63823,0,0
1768603077.052730,0.02585,0.05456,0.02036,0.00214,-0.00185,-0.00110,0.55086,0.00008,0.27992,-0.00009,0.70829,0.00008,0.70592,1,3,0.99956,0.01082,0.01362,-0.02400,0.06080,0.08383,0.63823,0,0
1768603077.054740,-0.05003,0.06069,-0.00901,0.00086,0.00107,-0.00028,0.55086,0.00008,0.27992,-0.00009,0.70829,0.00008,0.70592,1,3,0.99956,0.01082,0.01362,-0.02400,0.06080,0.08383,0.63823,0,0
1768603077.056729,0.01793,0.05283,0.00920,0.00158,-0.00045,0.00133,0.55090,0.00008,0.27992,-0.00009,0.70829,0.00008,0.70592,1,3,0.99958,0.01071,0.01351,-0.02318,0.06079,0.08382,0.63818,0,0
1768603077.058730,-0.02841,0.01067,0.03941,0.00118,-0.00053,0.00181,0.55090,0.00008,0.27992,-0.00009,0.70829,0.00008,0.70592,1,3,0.99958,0.01071,0.01351,-0.02318,0.06079,0.08382,0.63818,0,0
1768603077.060735,-0.01319,0.04981,0.04184,0.00129,-0.00137,0.00032,0.55094,0.00008,0.27992,-0.00009,0.70829,0.00008,0.70592,1,3,0.99958,0.01071,0.01351,-0.02318,0.06079,0.08382,0.63818,0,0
1768603077.062763,0.00272,0.03647,0.02092,0.00132,-0.00031,-0.00052,0.55094,0.00008,0.27992,-0.00009,0.70829,0.00008,0.70592,1,3,0.99958,0.01071,0.01351,-0.02318,0.06079,0.08382,0.63818,0,0
1768603077.064741,-0.03507,0.06809,0.00121,0.00099,0.00207,-0.00063,0.55098,0.00008,0.27992,-0.00009,0.70829,0.00008,0.70592,1,3,0.99958,0.01071,0.01351,-0.02318,0.06079,0.08382,0.63818,0,0
1768603077.066733,0.04145,0.08007,-0.00020,0.00226,-0.00209,-0.00089,0.55102,0.00008,0.27992,-0.00009,0.70829,0.00008,0.70592,1,3,0.99958,0.01071,0.01351,-0.02318,0.06079,0.08382,0.63818,0,0
1768603077.068732,-0.00639,0.03995,0.07060,0.00169,-0.00080,0.00182,0.55102,0.00008,0.27992,-0.00009,0.70829,0.00008,0.70592,1,3,0.99958,0.01071,0.01351,-0.02318,0.06079,0.08382,0.63818,0,0
1768603077.070742,-0.00562,0.01922,0.04444,0.00146,-0.00069,0.00132,0.55106,0.00008,0.27992,-0.00009,0.70829,0.00008,0.70592,1,3,0.99958,0.01071,0.01351,-0.02318,0.06079,0.08382,0.63818,0,0
1768603077.072769,-0.00576,0.02773,0.04590,0.00064,0.00020,-0.00031,0.55106,0.00008,0.27992,-0.00009,0.70829,0.00008,0.70592,1,3,0.99958,0.01071,0.01351,-0.02318,0.06079,0.08382,0.63818,0,0
1768603077.074768,0.04136,0.07158,0.00411,0.00254,-0.00248,-0.00002,0.55110,0.00008,0.27992,-0.00009,0.70829,0.00008,0.70592,1,3,0.99958,0.01071,0.01351,-0.02318,0.06079,0.08382,0.63818,0,0
1768603077.076746,-0.02022,0.06543,0.01792,0.00114,0.00031,-0.00048,0.55110,0.00008,0.27992,-0.00009,0.70829,0.00008,0.70592,1,3,0.99958,0.01071,0.01351,-0.02318,0.06079,0.08382,0.63818,0,0
1768603077.078735,-0.01278,0.03226,0.02749,0.00131,-0.00067,0.00055,0.55114,0.00008,0.27992,-0.00009,0.70829,0.00008,0.70592,1,3,0.99958,0.01071,0.01351,-0.02318,0.06079,0.08382,0.63818,0,0
1768603077.080748,-0.01318,0.02365,0.04211,0.00131,-0.00071,0.00102,0.55114,0.00008,0.27992,-0.00009,0.70829,0.00008,0.70592,1,3,0.99958,0.01071,0.01351,-0.02318,0.06079,0.08382,0.63818,0,0
1768603077.082760,0.00259,0.01883,0.02410,0.00200,-0.00071,0.00199,0.55114,0.00008,0.27992,-0.00009,0.70829,0.00008,0.70592,1,3,0.99958,0.01071,0.01351,-0.02318,0.06079,0.08382,0.63818,0,0
1768603077.084752,0.01801,0.05360,0.00930,0.00159,-0.00111,0.00094,0.55118,0.00008,0.27992,-0.00009,0.70830,0.00008,0.70591,1,3,0.99958,0.01071,0.01351,-0.02318,0.06079,0.08382,0.63818,0,0
1768603077.086795,0.01759,0.07043,0.02016,0.00090,-0.00032,-0.00043,0.55118,0.00008,0.27992,-0.00009,0.70830,0.00008,0.70591,1,3,0.99958,0.01071,0.01351,-0.02318,0.06079,0.08382,0.63818,0,0
1768603077.088790,-0.00549,0.05829,0.02770,0.00048,-0.00067,-0.00029,0.55122,0.00008,0.27992,-0.00009,0.70830,0.00008,0.70592,1,3,0.99958,0.01071,0.01351,-0.02318,0.06079,0.08382,0.63818,0,0
1768603077.090786,-0.02864,0.06611,0.06161,0.00193,-0.00113,-0.00039,0.55122,0.00008,0.27992,-0.00009,0.70830,0.00008,0.70592,1,3,0.99958,0.01071,0.01351,-0.02318,0.06079,0.08382,0.63818,0,0
1768603077.092762,-0.00529,0.03461,0.02906,0.00184,0.00044,0.00192,0.55126,0.00008,0.27992,-0.00009,0.70829,0.00008,0.70592,1,3,0.99958,0.01071,0.01351,-0.02318,0.06079,0.08382,0.63818,0,0
1768603077.094752,-0.01992,0.03024,0.01301,0.00171,0.00112,0.00071,0.55126,0.00008,0.27992,-0.00009,0.70829,0.00008,0.70592,1,3,0.99958,0.01071,0.01351,-0.02318,0.06079,0.08382,0.63818,0,0
1768603077.096755,-0.00540,0.06171,0.04488,0.00182,-0.00068,-0.00070,0.55130,0.00008,0.27992,-0.00009,0.70830,0.00008,0.70592,1,3,0.99954,0.01059,0.01333,-0.02511,0.06079,0.08382,0.63818,0,0
1768603077.098771,0.01698,0.05410,0.04417,0.00104,-0.00134,0.00052,0.55130,0.00008,0.27992,-0.00009,0.70830,0.00008,0.70592,1,3,0.99954,0.01059,0.01333,-0.02511,0.06079,0.08382,0.63818,0,0
1768603077.100761,0.03975,0.08153,0.05320,0.00157,-0.00363,-0.00020,0.55134,0.00008,0.27992,-0.00009,0.70829,0.00008,0.70592,1,3,0.99954,0.01059,0.01333,-0.02511,0.06079,0.08382,0.63818,0,0
1768603077.102782,-0.01266,0.06919,0.02421,0.00195,-0.00005,0.00049,0.55138,0.00008,0.27992,-0.00009,0.70830,0.00008,0.70592,1,3,0.99954,0.01059,0.01333,-0.02511,0.06079,0.08382,0.63818,0,0
1768603077.104780,0.01129,0.02535,-0.01056,0.00122,-0.00135,-0.00125,0.55138,0.00008,0.27992,-0.00009,0.70830,0.00008,0.70592,1,3,0.99954,0.01059,0.01333,-0.02511,0.06079,0.08382,0.63818,0,0
1768603077.106797,-0.01882,0.01460,-0.01508,0.00174,0.00056,-0.00098,0.55142,0.00008,0.27992,-0.00009,0.70830,0.00008,0.70591,1,3,0.99954,0.01059,0.01333,-0.02511,0.06079,0.08382,0.63818,0,0
1768603077.108789,0.00281,0.03652,0.02523,0.00199,-0.00092,-0.00013,0.55142,0.00008,0.27992,-0.00009,0.70830,0.00008,0.70591,1,3,0.99954,0.01059,0.01333,-0.02511,0.06079,0.08382,0.63818,0,0
1768603077.110785,0.03160,0.07447,0.06569,0.00143,-0.00108,0.00077,0.55146,0.00008,0.27992,-0.00009,0.70829,0.00008,0.70592,1,3,0.99954,0.01059,0.01333,-0.02511,0.06079,0.08382,0.63818,0,0
1768603077.112776,-0.01369,0.06160,0.06873,0.00194,-0.00104,0.00017,0.55146,0.00008,0.27992,-0.00009,0.70829,0.00008,0.70592,1,3,0.99954,0.01059,0.01333,-0.02511,0.06079,0.08382,0.63818,0,0
1768603077.114894,0.00945,0.04925,0.04733,0.00117,-0.00065,-0.00006,0.55151,0.00008,0.27992,-0.00009,0.70829,0.00008,0.70592,1,3,0.99954,0.01059,0.01333,-0.02511,0.06079,0.08382,0.63818,0,0
1768603077.116775,0.01743,0.03582,0.04030,0.00160,-0.00008,-0.00001,0.55151,0.00008,0.27992,-0.00009,0.70829,0.00008,0.70592,1,3,0.99954,0.01059,0.01333,-0.02511,0.06079,0.08382,0.63818,0,0
1768603077.118777,0.00195,0.04368,0.03996,0.00117,0.00057,0.00052,0.55155,0.00008,0.27993,-0.00009,0.70829,0.00008,0.70592,1,3,0.99954,0.01059,0.01333,-0.02511,0.06079,0.08382,0.63818,0,0
1768603077.120772,0.00235,0.05320,0.03358,0.00211,-0.00125,0.00119,0.55155,0.00008,0.27993,-0.00009,0.70829,0.00008,0.70592,1,3,0.99954,0.01059,0.01333,-0.02511,0.06079,0.08382,0.63818,0,0
1768603077.122816,-0.00502,0.02800,0.02109,0.00092,-0.00010,-0.00029,0.55159,0.00008,0.27993,-0.00009,0.70829,0.00008,0.70592,1,3,0.99954,0.01059,0.01333,-0.02511,0.06079,0.08382,0.63818,0,0
1768603077.124772,-0.07396,0.07724,0.03435,0.00121,0.00073,0.00025,0.55159,0.00008,0.27993,-0.00009,0.70829,0.00008,0.70592,1,3,0.99954,0.01059,0.01333,-0.02511,0.06079,0.08382,0.63818,0,0
1768603077.126779,-0.02794,0.03525,0.03573,0.00170,0.00052,-0.00038,0.55159,0.00008,0.27993,-0.00009,0.70829,0.00008,0.70592,1,3,0.99954,0.01059,0.01333,-0.02511,0.06079,0.08382,0.63818,0,0
1768603077.128774,0.00163,0.04375,0.05503,0.00117,0.00054,0.00013,0.55163,0.00008,0.27992,-0.00009,0.70829,0.00008,0.70592,1,3,0.99954,0.01059,0.01333,-0.02511,0.06079,0.08382,0.63818,0,0
1768603077.130775,-0.01993,0.03977,0.01739,0.00197,-0.00014,0.00060,0.55163,0.00008,0.27992,-0.00009,0.70829,0.00008,0.70592,1,3,0.99954,0.01059,0.01333,-0.02511,0.06079,0.08382,0.63818,0,0
1768603077.132777,-0.02737,0.04387,0.00986,0.00196,-0.00001,0.00068,0.55167,0.00008,0.27993,-0.00009,0.70829,0.00008,0.70592,1,3,0.99951,0.01074,0.01489,-0.02537,0.06078,0.08379,0.63797,0,0
1768603077.134802,0.00326,0.05292,-0.00970,0.00131,-0.00003,0.00045,0.55167,0.00008,0.27993,-0.00009,0.70829,0.00008,0.70592,1,3,0.99951,0.01074,0.01489,-0.02537,0.06078,0.08379,0.63797,0,0
1768603077.136804,-0.04292,0.04974,0.01889,0.00074,-0.00034,-0.00144,0.55171,0.00008,0.27993,-0.00009,0.70829,0.00008,0.70592,1,3,0.99951,0.01074,0.01489,-0.02537,0.06078,0.08379,0.63797,0,0
1768603077.138816,-0.01242,0.06669,0.01863,0.00115,-0.00056,-0.00177,0.55175,0.00008,0.27993,-0.00009,0.70829,0.00008,0.70592,1,3,0.99951,0.01074,0.01489,-0.02537,0.06078,0.08379,0.63797,0,0
1768603077.140836,-0.00524,0.05256,0.02402,0.00156,-0.00028,0.00132,0.55175,0.00008,0.27993,-0.00009,0.70829,0.00008,0.70592,1,3,0.99951,0.01074,0.01489,-0.02537,0.06078,0.08379,0.63797,0,0
1768603077.142800,0.00972,0.05384,0.03416,0.00130,-0.00124,0.00066,0.55179,0.00008,0.27993,-0.00009,0.70829,0.00008,0.70592,1,3,0.99951,0.01074,0.01489,-0.02537,0.06078,0.08379,0.63797,0,0
1768603077.144799,-0.00633,0.04918,0.05581,0.00088,-0.00098,0.00171,0.55179,0.00008,0.27993,-0.00009,0.70829,0.00008,0.70592,1,3,0.99951,0.01074,0.01489,-0.02537,0.06078,0.08379,0.63797,0,0
1768603077.146822,-0.01235,0.04405,-0.00005,0.00103,0.00031,0.00118,0.55183,0.00008,0.27993,-0.00009,0.70828,0.00008,0.70593,1,3,0.99951,0.01074,0.01489,-0.02537,0.06078,0.08379,0.63797,0,0
1768603077.148800,0.00236,0.04909,0.02349,0.00064,0.00015,-0.00068,0.55183,0.00008,0.27993,-0.00009,0.70828,0.00008,0.70593,1,3,0.99951,0.01074,0.01489,-0.02537,0.06078,0.08379,0.63797,0,0
1768603077.150839,0.01743,0.03164,0.03280,0.00120,0.00005,0.00042,0.55187,0.00008,0.27993,-0.00009,0.70829,0.00008,0.70592,1,3,0.99951,0.01074,0.01489,-0.02537,0.06078,0.08379,0.63797,0,0
1768603077.152905,0.02441,0.04839,0.05618,0.00172,-0.00054,0.00122,0.55187,0.00008,0.27993,-0.00009,0.70829,0.00008,0.70592,1,3,0.99951,0.01074,0.01489,-0.02537,0.06078,0.08379,0.63797,0,0
1768603077.154836,0.04034,0.06282,0.03821,0.00240,-0.00250,0.00082,0.55191,0.00008,0.27993,-0.00009,0.70829,0.00008,0.70593,1,3,0.99951,0.01074,0.01489,-0.02537,0.06078,0.08379,0.63797,0,0
1768603077.156838,0.01000,0.04809,0.02198,0.00144,0.00014,0.00112,0.55191,0.00008,0.27993,-0.00009,0.70829,0.00008,0.70593,1,3,0.99951,0.01074,0.01489,-0.02537,0.06078,0.08379,0.63797,0,0
1768603077.158807,0.00195,0.03658,0.05525,0.00158,-0.00077,-0.00054,0.55191,0.00008,0.27993,-0.00009,0.70829,0.00008,0.70593,1,3,0.99951,0.01074,0.01489,-0.02537,0.06078,0.08379,0.63797,0,0
1768603077.160802,-0.02046,0.00960,0.03613,0.00132,0.00096,0.00018,0.55195,0.00008,0.27993,-0.00009,0.70828,0.00008,0.70593,1,3,0.99951,0.01074,0.01489,-0.02537,0.06078,0.08379,0.63797,0,0
1768603077.162888,0.02460,0.03967,0.06246,0.00200,-0.00003,-0.00020,0.55195,0.00008,0.27993,-0.00009,0.70828,0.00008,0.70593,1,3,0.99951,0.01074,0.01489,-0.02537,0.06078,0.08379,0.63797,0,0
1768603077.164805,0.01766,0.04451,0.00849,0.00119,-0.00068,0.00257,0.55199,0.00008,0.27994,-0.00009,0.70828,0.00008,0.70593,1,3,0.99951,0.01074,0.01489,-0.02537,0.06078,0.08379,0.63797,0,0
1768603077.166803,0.01002,0.06659,0.01646,0.00116,-0.00124,0.00090,0.55199,0.00008,0.27994,-0.00009,0.70828,0.00008,0.70593,1,3,0.99951,0.01074,0.01489,-0.02537,0.06078,0.08379,0.63797,0,0
1768603077.168801,-0.02814,0.04824,0.02808,0.00088,0.00065,-0.00016,0.55203,0.00008,0.27994,-0.00009,0.70828,0.00008,0.70593,1,3,0.99951,0.01074,0.01489,-0.02537,0.06078,0.08379,0.63797,0,0
1768603077.170825,0.04010,0.03031,0.05534,0.00162,-0.00274,-0.00110,0.55203,0.00008,0.27994,-0.00009,0.70828,0.00008,0.70593,1,3,0.99955,0.01063,0.01409,-0.02434,0.06079,0.08381,0.63818,0,0
1768603077.172801,-0.02130,0.04925,0.06710,0.00141,-0.00085,-0.00032,0.55208,0.00008,0.27994,-0.00009,0.70828,0.00008,0.70593,1,3,0.99955,0.01063,0.01409,-0.02434,0.06079,0.08381,0.63818,0,0
1768603077.174827,-0.01323,0.06102,0.04369,0.00181,-0.00047,0.00095,0.55208,0.00008,0.27994,-0.00009,0.70828,0.00008,0.70593,1,3,0.99955,0.01063,0.01409,-0.02434,0.06079,0.08381,0.63818,0,0
1768603077.176863,-0.01909,0.04888,-0.03173,0.00090,0.00014,0.00051,0.55212,0.00008,0.27994,-0.00009,0.70828,0.00008,0.70593,1,3,0.99955,0.01063,0.01409,-0.02434,0.06079,0.08381,0.63818,0,0
1768603077.178828,-0.02772,0.04111,0.01786,0.00116,-0.00079,-0.00006,0.55215,0.00008,0.27993,-0.00009,0.70828,0.00008,0.70593,1,3,0.99955,0.01063,0.01409,-0.02434,0.06079,0.08381,0.63818,0,0
1768603077.180815,-0.04357,0.04427,0.04373,0.00180,-0.00069,0.00129,0.55215,0.00008,0.27993,-0.00009,0.70828,0.00008,0.70593,1,3,0.99955,0.01063,0.01409,-0.02434,0.06079,0.08381,0.63818,0,0
1768603077.182813,-0.02136,0.04874,0.07687,0.00195,-0.00073,-0.00032,0.55219,0.00008,0.27993,-0.00009,0.70828,0.00008,0.70593,1,3,0.99955,0.01063,0.01409,-0.02434,0.06079,0.08381,0.63818,0,0
1768603077.184813,0.04697,0.04293,0.07281,0.00094,-0.00231,-0.00141,0.55219,0.00008,0.27993,-0.00009,0.70828,0.00008,0.70593,1,3,0.99955,0.01063,0.01409,-0.02434,0.06079,0.08381,0.63818,0,0
1768603077.186857,-0.02826,0.06529,0.04225,0.00167,-0.00005,-0.00037,0.55223,0.00008,0.27993,-0.00009,0.70829,0.00008,0.70593,1,3,0.99955,0.01063,0.01409,-0.02434,0.06079,0.08381,0.63818,0,0
1768603077.188811,-0.01974,0.06012,0.00062,0.00142,0.00119,-0.00002,0.55223,0.00008,0.27993,-0.00009,0.70829,0.00008,0.70593,1,3,0.99955,0.01063,0.01409,-0.02434,0.06079,0.08381,0.63818,0,0
1768603077.190850,0.01841,0.04095,-0.00178,0.00134,-0.00059,-0.00005,0.55227,0.00008,0.27993,-0.00009,0.70828,0.00008,0.70593,1,3,0.99955,0.01063,0.01409,-0.02434,0.06079,0.08381,0.63818,0,0
1768603077.192852,0.04088,0.03456,0.01849,0.00123,-0.00231,-0.00113,0.55227,0.00008,0.27993,-0.00009,0.70828,0.00008,0.70593,1,3,0.99955,0.01063,0.01409,-0.02434,0.06079,0.08381,0.63818,0,0
1768603077.194848,-0.02071,0.04105,0.04738,0.00156,-0.00109,-0.00021,0.55231,0.00008,0.27993,-0.00009,0.70829,0.00008,0.70593,1,3,0.99955,0.01063,0.01409,-0.02434,0.06079,0.08381,0.63818,0,0
1768603077.196839,-0.01353,0.10057,0.04609,0.00110,-0.00131,-0.00030,0.55231,0.00008,0.27993,-0.00009,0.70829,0.00008,0.70593,1,3,0.99955,0.01063,0.01409,-0.02434,0.06079,0.08381,0.63818,0,0
1768603077.198841,0.00965,0.05698,0.03795,0.00103,0.00033,-0.00053,0.55231,0.00008,0.27993,-0.00009,0.70829,0.00008,0.70593,1,3,0.99955,0.01063,0.01409,-0.02434,0.06079,0.08381,0.63818,0,0
1768603077.200833,-0.01417,0.07392,0.07188,0.00085,0.00009,-0.00038,0.55235,0.00008,0.27993,-0.00009,0.70829,0.00008,0.70593,1,3,0.99955,0.01063,0.01409,-0.02434,0.06079,0.08381,0.63818,0,0
1768603077.202839,-0.03575,0.04371,0.02940,0.00141,0.00023,0.00117,0.55235,0.00008,0.27993,-0.00009,0.70829,0.00008,0.70593,1,3,0.99955,0.01063,0.01409,-0.02434,0.06079,0.08381,0.63818,0,0
1768603077.204829,0.02602,0.03120,0.01533,0.00189,-0.00366,-0.00082,0.55239,0.00008,0.27993,-0.00009,0.70829,0.00008,0.70592,1,3,0.99952,0.01062,0.01482,-0.02506,0.06078,0.08380,0.63806,0,0
1768603077.206849,-0.01258,0.05688,0.01706,0.00156,-0.00014,0.00064,0.55239,0.00008,0.27993,-0.00009,0.70829,0.00008,0.70592,1,3,0.99952,0.01062,0.01482,-0.02506,0.06078,0.08380,0.63806,0,0
1768603077.208832,-0.02814,0.04388,0.03059,0.00102,0.00068,-0.00011,0.55243,0.00008,0.27993,-0.00009,0.70829,0.00008,0.70592,1,3,0.99952,0.01062,0.01482,-0.02506,0.06078,0.08380,0.63806,0,0
1768603077.210862,-0.00551,0.07093,0.03508,0.00088,-0.00080,-0.00082,0.55243,0.00008,0.27993,-0.00009,0.70829,0.00008,0.70592,1,3,0.99952,0.01062,0.01482,-0.02506,0.06078,0.08380,0.63806,0,0
1768603077.212847,-0.04354,0.01136,0.04555,0.00103,-0.00067,0.00015,0.55247,0.00008,0.27993,-0.00009,0.70829,0.00008,0.70593,1,3,0.99952,0.01062,0.01482,-0.02506,0.06078,0.08380,0.63806,0,0
1768603077.214856,0.05545,0.04471,0.03439,0.00175,-0.00080,0.00077,0.55251,0.00008,0.27993,-0.00009,0.70829,0.00008,0.70593,1,3,0.99952,0.01062,0.01482,-0.02506,0.06078,0.08380,0.63806,0,0
1768603077.216853,-0.03534,0.05169,0.01014,0.00114,0.00109,0.00070,0.55251,0.00008,0.27993,-0.00009,0.70829,0.00008,0.70593,1,3,0.99952,0.01062,0.01482,-0.02506,0.06078,0.08380,0.63806,0,0
1768603077.218851,-0.05048,0.04366,0.02129,0.00127,0.00100,-0.00085,0.55255,0.00008,0.27993,-0.00009,0.70829,0.00008,0.70592,1,3,0.99952,0.01062,0.01482,-0.02506,0.06078,0.08380,0.63806,0,0
1768603077.220861,-0.02047,0.04911,0.03196,0.00156,-0.00083,0.00047,0.55255,0.00008,0.27993,-0.00009,0.70829,0.00008,0.70592,1,3,0.99952,0.01062,0.01482,-0.02506,0.06078,0.08380,0.63806,0,0
1768603077.222859,0.07077,0.04752,0.03124,0.00070,-0.00215,-0.00181,0.55259,0.00008,0.27992,-0.00009,0.70829,0.00008,0.70592,1,3,0.99952,0.01062,0.01482,-0.02506,0.06078,0.08380,0.63806,0,0
1768603077.224918,-0.00564,0.05284,0.04465,0.00142,-0.00024,0.00016,0.55259,0.00008,0.27992,-0.00009,0.70829,0.00008,0.70592,1,3,0.99952,0.01062,0.01482,-0.02506,0.06078,0.08380,0.63806,0,0
1768603077.226870,-0.01260,0.03662,0.02000,0.00131,-0.00076,0.00050,0.55263,0.00008,0.27993,-0.00009,0.70829,0.00008,0.70592,1,3,0.99952,0.01062,0.01482,-0.02506,0.06078,0.08380,0.63806,0,0
1768603077.228868,0.01073,0.05632,0.00999,0.00159,-0.00328,-0.00087,0.55263,0.00008,0.27993,-0.00009,0.70829,0.00008,0.70592,1,3,0.99952,0.01062,0.01482,-0.02506,0.06078,0.08380,0.63806,0,0
1768603077.230865,0.03351,0.04024,0.00569,0.00095,-0.00356,-0.00106,0.55267,0.00008,0.27992,-0.00009,0.70829,0.00008,0.70592,1,3,0.99952,0.01062,0.01482,-0.02506,0.06078,0.08380,0.63806,0,0
1768603077.232866,-0.03576,0.06232,0.02979,0.00099,-0.00086,-0.00020,0.55267,0.00008,0.27992,-0.00009,0.70829,0.00008,0.70592,1,3,0.99952,0.01062,0.01482,-0.02506,0.06078,0.08380,0.63806,0,0
1768603077.234845,-0.03588,0.06584,0.03684,0.00139,-0.00056,0.00014,0.55267,0.00008,0.27992,-0.00009,0.70829,0.00008,0.70592,1,3,0.99952,0.01062,0.01482,-0.02506,0.06078,0.08380,0.63806,0,0
1768603077.236852,0.00322,0.04805,-0.01218,0.00118,0.00060,0.00089,0.55271,0.00008,0.27992,-0.00009,0.70830,0.00008,0.70592,1,3,0.99952,0.01062,0.01482,-0.02506,0.06078,0.08380,0.63806,0,0
1768603077.238851,0.01087,0.01531,-0.00146,0.00135,-0.00037,0.00039,0.55271,0.00008,0.27992,-0.00009,0.70830,0.00008,0.70592,1,3,0.99954,0.01058,0.01357,-0.02480,0.06079,0.08381,0.63816,0,0
1768603077.240843,-0.00553,0.05823,0.03735,0.00102,-0.00099,-0.00029,0.55271,0.00008,0.27992,-0.00009,0.70830,0.00008,0.70592,1,3,0.99954,0.01058,0.01357,-0.02480,0.06079,0.08381,0.63816,0,0
1768603077.242899,-0.01335,0.04701,0.04714,0.00155,0.00110,0.00074,0.55276,0.00008,0.27992,-0.00009,0.70829,0.00008,0.70592,1,3,0.99954,0.01058,0.01357,-0.02480,0.06079,0.08381,0.63816,0,0
1768603077.244880,0.01709,0.04996,0.04725,0.00118,-0.00130,-0.00020,0.55280,0.00008,0.27992,-0.00009,0.70829,0.00008,0.70592,1,3,0.99954,0.01058,0.01357,-0.02480,0.06079,0.08381,0.63816,0,0
1768603077.246900,-0.01278,0.05842,0.02722,0.00129,-0.00133,-0.00015,0.55284,0.00008,0.27992,-0.00009,0.70829,0.00008,0.70592,1,3,0.99954,0.01058,0.01357,-0.02480,0.06079,0.08381,0.63816,0,0
1768603077.248877,-0.01257,0.05189,0.01494,0.00143,0.00071,0.00070,0.55284,0.00008,0.27992,-0.00009,0.70829,0.00008,0.70592,1,3,0.99954,0.01058,0.01357,-0.02480,0.06079,0.08381,0.63816,0,0
1768603077.250885,0.03339,0.05096,0.03208,0.00282,-0.00301,-0.00081,0.55288,0.00008,0.27992,-0.00009,0.70829,0.00008,0.70592,1,3,0.99954,0.01058,0.01357,-0.02480,0.06079,0.08381,0.63816,0,0
1768603077.252874,-0.01286,0.04492,0.03566,0.00130,-0.00035,-0.00076,0.55288,0.00008,0.27992,-0.00009,0.70829,0.00008,0.70592,1,3,0.99954,0.01058,0.01357,-0.02480,0.06079,0.08381,0.63816,0,0
1768603077.254886,0.00909,0.05743,0.06127,0.00156,-0.00092,0.00060,0.55292,0.00008,0.27992,-0.00009,0.70829,0.00008,0.70592,1,3,0.99954,0.01058,0.01357,-0.02480,0.06079,0.08381,0.63816,0,0
1768603077.256886,0.00235,0.04519,0.01961,0.00091,-0.00077,0.00090,0.55292,0.00008,0.27992,-0.00009,0.70829,0.00008,0.70592,1,3,0.99954,0.01058,0.01357,-0.02480,0.06079,0.08381,0.63816,0,0
1768603077.258876,-0.01224,0.03227,0.01254,0.00172,-0.00085,0.00056,0.55296,0.00008,0.27992,-0.00009,0.70829,0.00008,0.70592,1,3,0.99954,0.01058,0.01357,-0.02480,0.06079,0.08381,0.63816,0,0
1768603077.260905,-0.00481,0.04016,0.00805,0.00104,0.00018,0.00033,0.55296,0.00008,0.27992,-0.00009,0.70829,0.00008,0.70592,1,3,0.99954,0.01058,0.01357,-0.02480,0.06079,0.08381,0.63816,0,0
1768603077.262903,0.00304,0.05838,-0.00192,0.00090,-0.00081,-0.00039,0.55300,0.00008,0.27992,-0.00009,0.70829,0.00008,0.70592,1,3,0.99954,0.01058,0.01357,-0.02480,0.06079,0.08381,0.63816,0,0
1768603077.264896,-0.00580,0.03229,0.04190,0.00091,-0.00072,0.00116,0.55300,0.00008,0.27992,-0.00009,0.70829,0.00008,0.70592,1,3,0.99954,0.01058,0.01357,-0.02480,0.06079,0.08381,0.63816,0,0
1768603077.266896,-0.00559,0.05610,0.03684,0.00142,0.00054,0.00089,0.55300,0.00008,0.27992,-0.00009,0.70829,0.00008,0.70592,1,3,0.99954,0.01058,0.01357,-0.02480,0.06079,0.08381,0.63816,0,0
1768603077.268894,0.00174,0.06212,0.04907,0.00129,-0.00106,0.00029,0.55300,0.00008,0.27992,-0.00009,0.70829,0.00008,0.70592,1,3,0.99954,0.01058,0.01357,-0.02480,0.06079,0.08381,0.63816,0,0
1768603077.270911,0.02511,0.02787,0.03557,0.00134,-0.00036,-0.00005,0.55304,0.00008,0.27992,-0.00009,0.70829,0.00008,0.70592,1,3,0.99954,0.01058,0.01357,-0.02480,0.06079,0.08381,0.63816,0,0
1768603077.272896,0.01007,0.03579,0.02959,0.00186,-0.00043,0.00089,0.55308,0.00008,0.27993,-0.00009,0.70829,0.00008,0.70592,1,3,0.99954,0.01058,0.01357,-0.02480,0.06079,0.08381,0.63816,0,0
1768603077.274909,-0.00448,0.04428,0.00047,0.00145,0.00009,0.00030,0.55308,0.00008,0.27993,-0.00009,0.70829,0.00008,0.70592,1,3,0.99955,0.01058,0.01319,-0.02467,0.06080,0.08382,0.63828,0,0
1768603077.277001,0.00313,0.05281,-0.00437,0.00118,0.00025,0.00007,0.55308,0.00008,0.27993,-0.00009,0.70829,0.00008,0.70592,1,3,0.99955,0.01058,0.01319,-0.02467,0.06080,0.08382,0.63828,0,0
1768603077.278900,-0.01323,0.05364,0.03435,0.00088,-0.00081,0.00066,0.55312,0.00008,0.27992,-0.00009,0.70829,0.00008,0.70592,1,3,0.99955,0.01058,0.01319,-0.02467,0.06080,0.08382,0.63828,0,0
1768603077.280949,-0.04423,0.05376,0.07350,0.00179,-0.00164,0.00039,0.55312,0.00008,0.27992,-0.00009,0.70829,0.00008,0.70592,1,3,0.99955,0.01058,0.01319,-0.02467,0.06080,0.08382,0.63828,0,0
1768603077.282907,-0.02805,0.01894,0.03082,0.00104,0.00024,0.00019,0.55312,0.00008,0.27992,-0.00009,0.70829,0.00008,0.70592,1,3,0.99955,0.01058,0.01319,-0.02467,0.06080,0.08382,0.63828,0,0
1768603077.284911,0.00985,0.06596,0.03783,0.00143,-0.00032,-0.00101,0.55312,0.00008,0.27992,-0.00009,0.70829,0.00008,0.70592,1,3,0.99955,0.01058,0.01319,-0.02467,0.06080,0.08382,0.63828,0,0
1768603077.286923,-0.02033,0.03524,0.02590,0.00117,0.00084,-0.00013,0.55312,0.00008,0.27992,-0.00009,0.70829,0.00008,0.70592,1,3,0.99955,0.01058,0.01319,-0.02467,0.06080,0.08382,0.63828,0,0
1768603077.288937,-0.02844,0.03967,0.03226,0.00075,0.00048,0.00108,0.55324,0.00008,0.27993,-0.00009,0.70829,0.00008,0.70592,1,3,0.99955,0.01058,0.01319,-0.02467,0.06080,0.08382,0.63828,0,0
1768603077.290929,0.00132,0.03500,0.06921,0.00157,0.00027,0.00099,0.55324,0.00008,0.27993,-0.00009,0.70829,0.00008,0.70592,1,3,0.99955,0.01058,0.01319,-0.02467,0.06080,0.08382,0.63828,0,0
1768603077.292980,-0.03583,0.01040,0.04065,0.00117,0.00014,0.00042,0.55328,0.00008,0.27993,-0.00009,0.70828,0.00008,0.70593,1,3,0.99955,0.01058,0.01319,-0.02467,0.06080,0.08382,0.63828,0,0
1768603077.294960,-0.00431,0.02847,-0.00522,0.00160,-0.00129,0.00126,0.55328,0.00008,0.27993,-0.00009,0.70828,0.00008,0.70593,1,3,0.99955,0.01058,0.01319,-0.02467,0.06080,0.08382,0.63828,0,0
1768603077.296938,0.00397,0.05555,-0.01369,0.00186,-0.00226,-0.00185,0.55332,0.00008,0.27993,-0.00009,0.70829,0.00008,0.70593,1,3,0.99955,0.01058,0.01319,-0.02467,0.06080,0.08382,0.63828,0,0
1768603077.298920,-0.04320,0.07689,0.01983,0.00124,0.00121,0.00014,0.55332,0.00008,0.27993,-0.00009,0.70829,0.00008,0.70593,1,3,0.99955,0.01058,0.01319,-0.02467,0.06080,0.08382,0.63828,0,0
1768603077.300921,-0.00619,0.06156,0.06935,0.00154,-0.00060,-0.00035,0.55336,0.00008,0.27993,-0.00009,0.70829,0.00008,0.70592,1,3,0.99955,0.01058,0.01319,-0.02467,0.06080,0.08382,0.63828,0,0
1768603077.302946,-0.00613,0.07362,0.05538,0.00167,-0.00055,0.00142,0.55336,0.00008,0.27993,-0.00009,0.70829,0.00008,0.70592,1,3,0.99955,0.01058,0.01319,-0.02467,0.06080,0.08382,0.63828,0,0
1768603077.304914,-0.00496,0.01863,0.02067,0.00133,0.00034,0.00059,0.55340,0.00008,0.27993,-0.00009,0.70829,0.00008,0.70592,1,3,0.99955,0.01058,0.01319,-0.02467,0.06080,0.08382,0.63828,0,0
1768603077.306918,-0.03509,0.02420,0.02295,0.00184,-0.00116,-0.00010,0.55340,0.00008,0.27993,-0.00009,0.70829,0.00008,0.70592,1,3,0.99955,0.01058,0.01319,-0.02467,0.06080,0.08382,0.63828,0,0
1768603077.308930,-0.01932,0.06252,0.00104,0.00183,-0.00099,-0.00157,0.55340,0.00008,0.27993,-0.00009,0.70829,0.00008,0.70592,1,3,0.99955,0.01058,0.01319,-0.02467,0.06080,0.08382,0.63828,0,0
1768603077.310930,-0.02859,0.06599,0.06196,0.00193,-0.00091,-0.00077,0.55344,0.00008,0.27993,-0.00009,0.70829,0.00008,0.70592,1,3,0.99955,0.01058,0.01319,-0.02467,0.06080,0.08382,0.63828,0,0
1768603077.312969,-0.00540,0.05219,0.03424,0.00169,0.00007,0.00094,0.55344,0.00008,0.27993,-0.00009,0.70829,0.00008,0.70592,1,3,0.99955,0.01058,0.01319,-0.02467,0.06080,0.08382,0.63828,0,0
1768603077.314947,-0.01293,0.03979,0.03807,0.00143,0.00033,-0.00031,0.55348,0.00008,0.27993,-0.00009,0.70829,0.00008,0.70592,1,3,0.99954,0.01068,0.01452,-0.02446,0.06078,0.08379,0.63796,0,0
1768603077.316975,0.09377,0.02110,0.03065,0.00154,-0.00194,-0.00034,0.55348,0.00008,0.27993,-0.00009,0.70829,0.00008,0.70592,1,3,0.99954,0.01068,0.01452,-0.02446,0.06078,0.08379,0.63796,0,0
1768603077.319048,0.01696,0.06611,0.04691,0.00116,-0.00065,-0.00001,0.55353,0.00008,0.27993,-0.00009,0.70829,0.00008,0.70592,1,3,0.99954,0.01068,0.01452,-0.02446,0.06078,0.08379,0.63796,0,0
1768603077.320966,-0.02844,0.04758,0.03262,0.00074,0.00114,0.00060,0.55353,0.00008,0.27993,-0.00009,0.70829,0.00008,0.70592,1,3,0.99954,0.01068,0.01452,-0.02446,0.06078,0.08379,0.63796,0,0
1768603077.322954,0.00203,0.05816,0.03717,0.00103,-0.00099,-0.00003,0.55353,0.00008,0.27993,-0.00009,0.70829,0.00008,0.70592,1,3,0.99954,0.01068,0.01452,-0.02446,0.06078,0.08379,0.63796,0,0
1768603077.325128,0.00174,0.03232,0.04763,0.00078,-0.00043,0.00026,0.55361,0.00008,0.27993,-0.00009,0.70828,0.00008,0.70593,1,3,0.99954,0.01068,0.01452,-0.02446,0.06078,0.08379,0.63796,0,0
1768603077.326944,0.01732,0.03996,0.03722,0.00146,-0.00012,0.00070,0.55361,0.00008,0.27993,-0.00009,0.70828,0.00008,0.70593,1,3,0.99954,0.01068,0.01452,-0.02446,0.06078,0.08379,0.63796,0,0
1768603077.328937,-0.02056,0.03679,0.02979,0.00103,-0.00086,0.00061,0.55365,0.00008,0.27993,-0.00009,0.70829,0.00008,0.70593,1,3,0.99954,0.01068,0.01452,-0.02446,0.06078,0.08379,0.63796,0,0
1768603077.330939,-0.01268,0.05266,0.02001,0.00129,0.00011,0.00031,0.55365,0.00008,0.27993,-0.00009,0.70829,0.00008,0.70593,1,3,0.99954,0.01068,0.01452,-0.02446,0.06078,0.08379,0.63796,0,0
1768603077.333212,0.00233,0.02040,0.03505,0.00133,-0.00146,0.00043,0.55369,0.00008,0.27993,-0.00009,0.70829,0.00008,0.70592,1,3,0.99954,0.01068,0.01452,-0.02446,0.06078,0.08379,0.63796,0,0
1768603077.334961,0.00207,0.05706,0.03187,0.00116,-0.00018,0.00075,0.55369,0.00008,0.27993,-0.00009,0.70829,0.00008,0.70592,1,3,0.99954,0.01068,0.01452,-0.02446,0.06078,0.08379,0.63796,0,0
1768603077.336971,-0.02844,0.08236,0.03619,0.00138,-0.00034,0.00057,0.55373,0.00008,0.27993,-0.00009,0.70829,0.00008,0.70592,1,3,0.99954,0.01068,0.01452,-0.02446,0.06078,0.08379,0.63796,0,0
1768603077.338979,-0.03552,0.05784,0.01290,0.00046,-0.00019,-0.00014,0.55373,0.00008,0.27993,-0.00009,0.70829,0.00008,0.70592,1,3,0.99954,0.01068,0.01452,-0.02446,0.06078,0.08379,0.63796,0,0
1768603077.340995,-0.05080,0.02175,0.02311,0.00102,0.00146,0.00093,0.55377,0.00008,0.27993,-0.00009,0.70829,0.00008,0.70592,1,3,0.99954,0.01068,0.01452,-0.02446,0.06078,0.08379,0.63796,0,0
1768603077.342957,-0.03633,0.04364,0.05399,0.00154,0.00009,0.00115,0.55377,0.00008,0.27993,-0.00009,0.70829,0.00008,0.70592,1,3,0.99954,0.01068,0.01452,-0.02446,0.06078,0.08379,0.63796,0,0
1768603077.344949,0.04757,0.03482,0.05195,0.00149,-0.00322,-0.00014,0.55381,0.00008,0.27993,-0.00009,0.70829,0.00008,0.70592,1,3,0.99954,0.01068,0.01452,-0.02446,0.06078,0.08379,0.63796,0,0
1768603077.346954,0.01038,0.08642,0.00369,0.00168,-0.00030,0.00106,0.55381,0.00008,0.27993,-0.00009,0.70829,0.00008,0.70592,1,3,0.99954,0.01068,0.01452,-0.02446,0.06078,0.08379,0.63796,0,0
1768603077.348960,0.01166,0.03699,-0.02730,0.00108,-0.00003,-0.00176,0.55381,0.00008,0.27993,-0.00009,0.70829,0.00008,0.70592,1,3,0.99954,0.01068,0.01452,-0.02446,0.06078,0.08379,0.63796,0,0
1768603077.350950,-1.69059,0.04816,0.02290,0.00106,-0.00446,-0.00191,0.55385,0.00008,0.27993,-0.00009,0.70829,0.00008,0.70592,1,3,0.99954,0.01068,0.01452,-0.02446,0.06078,0.08379,0.63796,0,0
1768603077.352953,-1.01080,0.06947,0.12468,0.00086,-0.00628,0.00378,0.55385,0.00008,0.27993,-0.00009,0.70829,0.00008,0.70592,1,3,0.99954,0.01068,0.01452,-0.02446,0.06078,0.08379,0.63796,0,0
1768603077.354972,-0.47995,0.03068,0.17919,0.00171,-0.00539,0.00252,0.55389,0.00008,0.27992,-0.00009,0.70829,0.00008,0.70592,1,3,0.99950,0.01068,0.01479,-0.02599,0.06077,0.08378,0.63794,0,0
1768603077.356971,-0.97157,0.12483,0.08149,0.00179,-0.00701,0.00328,0.55389,0.00008,0.27992,-0.00009,0.70829,0.00008,0.70592,1,3,0.99950,0.01068,0.01479,-0.02599,0.06077,0.08378,0.63794,0,0
1768603077.358977,-0.92076,0.16024,0.14694,0.00150,-0.00971,0.00609,0.55393,0.00008,0.27992,-0.00009,0.70830,0.00008,0.70592,1,3,0.99950,0.01068,0.01479,-0.02599,0.06077,0.08378,0.63794,0,0
1768603077.361009,-0.24856,0.03812,0.03292,0.00112,-0.00279,0.00176,0.55393,0.00008,0.27992,-0.00009,0.70830,0.00008,0.70592,1,3,0.99950,0.01068,0.01479,-0.02599,0.06077,0.08378,0.63794,0,0
1768603077.363019,-0.18036,0.06357,0.04821,0.00155,-0.00282,0.00030,0.55397,0.00008,0.27993,-0.00009,0.70829,0.00008,0.70592,1,3,0.99950,0.01068,0.01479,-0.02599,0.06077,0.08378,0.63794,1,0
1768603077.365121,-0.84032,0.07548,0.02165,0.00130,-0.00643,-0.00015,0.55401,0.00008,0.27992,-0.00009,0.70829,0.00008,0.70592,1,3,0.99950,0.01068,0.01479,-0.02599,0.06077,0.08378,0.63794,1,0
1768603077.367023,-1.26621,0.01779,0.05587,0.00128,-0.00843,0.00042,0.55401,0.00008,0.27992,-0.00009,0.70829,0.00008,0.70592,1,3,0.99950,0.01068,0.01479,-0.02599,0.06077,0.08378,0.63794,0,0
1768603077.369003,-0.87417,0.03537,0.16282,0.00181,-0.01019,0.00188,0.55404,0.00008,0.27992,-0.00009,0.70830,0.00008,0.70591,1,3,0.99950,0.01068,0.01479,-0.02599,0.06077,0.08378,0.63794,0,0
1768603077.370993,-0.80657,0.10376,0.15394,0.00098,-0.00679,0.00332,0.55404,0.00008,0.27992,-0.00009,0.70830,0.00008,0.70591,1,3,0.99950,0.01068,0.01479,-0.02599,0.06077,0.08378,0.63794,0,0
1768603077.372996,-0.96580,0.10177,0.12698,0.00112,-0.00581,0.00643,0.55409,0.00008,0.27992,-0.00009,0.70830,0.00008,0.70591,1,3,0.99950,0.01068,0.01479,-0.02599,0.06077,0.08378,0.63794,0,0
1768603077.374986,-0.70690,0.15112,0.10961,0.00156,-0.00820,0.00457,0.55409,0.00008,0.27992,-0.00009,0.70830,0.00008,0.70591,1,3,0.99950,0.01068,0.01479,-0.02599,0.06077,0.08378,0.63794,0,0
1768603077.376987,-0.50725,0.07828,0.05246,0.00168,-0.00583,0.00218,0.55413,0.00008,0.27992,-0.00009,0.70829,0.00008,0.70592,1,3,0.99950,0.01068,0.01479,-0.02599,0.06077,0.08378,0.63794,0,0
1768603077.378992,-0.66668,0.02120,0.07845,0.00215,-0.00793,0.00096,0.55413,0.00008,0.27992,-0.00009,0.70829,0.00008,0.70592,1,3,0.99950,0.01068,0.01479,-0.02599,0.06077,0.08378,0.63794,0,0
1768603077.381000,-1.10854,0.04522,0.11801,0.00109,-0.00636,0.00003,0.55417,0.00008,0.27992,-0.00009,0.70829,0.00008,0.70592,1,3,0.99950,0.01068,0.01479,-0.02599,0.06077,0.08378,0.63794,0,0
1768603077.382975,-1.14692,0.04348,0.15978,0.00214,-0.00935,-0.00123,0.55417,0.00008,0.27992,-0.00009,0.70829,0.00008,0.70592,1,3,0.99950,0.01068,0.01479,-0.02599,0.06077,0.08378,0.63794,0,0
1768603077.384984,-0.95163,0.06268,0.21003,0.00157,-0.01267,0.00278,0.55420,0.00008,0.27992,-0.00009,0.70829,0.00008,0.70592,1,3,0.99950,0.01068,0.01479,-0.02599,0.06077,0.08378,0.63794,0,0
1768603077.386991,-1.08785,0.11128,0.17391,0.00156,-0.01092,0.00376,0.55420,0.00008,0.27992,-0.00009,0.70829,0.00008,0.70592,1,3,0.99950,0.01068,0.01479,-0.02599,0.06077,0.08378,0.63794,0,0
1768603077.389013,-1.07203,0.09107,0.14656,0.00133,-0.01169,0.00453,0.55424,0.00008,0.27992,-0.00009,0.70829,0.00008,0.70592,1,3,0.99950,0.01068,0.01479,-0.02599,0.06077,0.08378,0.63794,0,0
1768603077.390995,-1.07252,0.09747,0.18312,0.00212,-0.01431,0.00367,0.55424,0.00008,0.27992,-0.00009,0.70829,0.00008,0.70592,1,3,0.99950,0.01068,0.01479,-0.02599,0.06077,0.08378,0.63794,0,0
1768603077.393006,-1.24768,0.06945,0.20589,0.00161,-0.01557,0.00311,0.55424,0.00008,0.27992,-0.00009,0.70829,0.00008,0.70592,1,3,0.99950,0.01068,0.01479,-0.02599,0.06077,0.08378,0.63794,0,1
1768603077.395010,-1.19414,0.04237,0.22053,0.00196,-0.01736,0.00025,0.55428,0.00008,0.27992,-0.00009,0.70829,0.00008,0.70592,1,3,0.99950,0.01068,0.01479,-0.02599,0.06077,0.08378,0.63794,0,1
1768603077.397005,-1.14735,0.02589,0.19483,0.00162,-0.01614,-0.00372,0.55428,0.00008,0.27992,-0.00009,0.70829,0.00008,0.70592,1,3,0.99950,0.01068,0.01479,-0.02599,0.06077,0.08378,0.63794,0,1
1768603077.399006,-1.13987,0.03430,0.19532,0.00122,-0.01570,-0.00434,0.55432,0.00008,0.27992,-0.00009,0.70829,0.00008,0.70592,1,3,0.99960,0.01066,0.01267,-0.02307,0.06081,0.08384,0.63839,0,1
1768603077.401038,-1.17835,0.02672,0.20874,0.00119,-0.01706,-0.00286,0.55432,0.00008,0.27992,-0.00009,0.70829,0.00008,0.70592,1,3,0.99960,0.01066,0.01267,-0.02307,0.06081,0.08384,0.63839,0,1
1768603077.403008,-1.17065,0.02559,0.19282,0.00119,-0.01638,-0.00106,0.55436,0.00008,0.27992,-0.00009,0.70830,0.00008,0.70592,1,3,0.99960,0.01066,0.01267,-0.02307,0.06081,0.08384,0.63839,0,1
1768603077.405041,-1.17084,0.04976,0.18623,0.00130,-0.01581,0.00056,0.55440,0.00008,0.27992,-0.00009,0.70829,0.00008,0.70592,1,3,0.99960,0.01066,0.01267,-0.02307,0.06081,0.08384,0.63839,0,1
1768603077.407006,-1.18534,0.04259,0.16662,0.00144,-0.01692,0.00016,0.55440,0.00008,0.27992,-0.00009,0.70829,0.00008,0.70592,1,3,0.99960,0.01066,0.01267,-0.02307,0.06081,0.08384,0.63839,0,1
1768603077.409000,-1.17786,0.04827,0.17990,0.00131,-0.01785,-0.00157,0.55444,0.00008,0.27992,-0.00009,0.70829,0.00008,0.70592,1,3,0.99960,0.01066,0.01267,-0.02307,0.06081,0.08384,0.63839,0,1
1768603077.411007,-1.19379,0.02603,0.21738,0.00171,-0.01718,-0.00145,0.55444,0.00008,0.27992,-0.00009,0.70829,0.00008,0.70592,1,3,0.99960,0.01066,0.01267,-0.02307,0.06081,0.08384,0.63839,0,1
1768603077.413013,-1.21718,0.02649,0.24772,0.00169,-0.01746,-0.00262,0.55448,0.00008,0.27992,-0.00009,0.70829,0.00008,0.70592,1,3,0.99960,0.01066,0.01267,-0.02307,0.06081,0.08384,0.63839,0,1
1768603077.415015,-1.17804,0.00158,0.20550,0.00095,-0.01667,-0.00408,0.55448,0.00008,0.27992,-0.00009,0.70829,0.00008,0.70592,1,3,0.99960,0.01066,0.01267,-0.02307,0.06081,0.08384,0.63839,0,1
1768603077.417009,-1.13198,0.01282,0.19247,0.00192,-0.01595,-0.00343,0.55452,0.00008,0.27992,-0.00009,0.70829,0.00008,0.70592,1,3,0.99960,0.01066,0.01267,-0.02307,0.06081,0.08384,0.63839,0,1
1768603077.418996,-1.06344,0.01631,0.17057,0.00116,-0.01469,-0.00309,0.55452,0.00008,0.27992,-0.00009,0.70829,0.00008,0.70592,1,3,0.99960,0.01066,0.01267,-0.02307,0.06081,0.08384,0.63839,0,1
1768603077.421050,-1.07164,0.04850,0.18378,0.00152,-0.01387,-0.00184,0.55456,0.00008,0.27993,-0.00009,0.70829,0.00008,0.70592,1,3,0.99960,0.01066,0.01267,-0.02307,0.06081,0.08384,0.63839,0,1
1768603077.422998,-1.10156,0.01173,0.17111,0.00167,-0.01533,-0.00087,0.55456,0.00008,0.27993,-0.00009,0.70829,0.00008,0.70592,1,3,0.99960,0.01066,0.01267,-0.02307,0.06081,0.08384,0.63839,0,1
1768603077.425053,-1.05102,0.05883,0.25737,0.00070,-0.01560,-0.00204,0.55456,0.00008,0.27993,-0.00009,0.70829,0.00008,0.70592,1,3,0.99960,0.01066,0.01267,-0.02307,0.06081,0.08384,0.63839,0,1
1768603077.427022,-1.01130,0.00883,0.21894,0.00187,-0.01650,-0.00240,0.55460,0.00008,0.27992,-0.00009,0.70829,0.00008,0.70592,1,3,0.99960,0.01066,0.01267,-0.02307,0.06081,0.08384,0.63839,0,1
1768603077.429079,-0.96622,0.05052,0.22373,0.00133,-0.01557,-0.00292,0.55460,0.00008,0.27992,-0.00009,0.70829,0.00008,0.70592,1,3,0.99960,0.01066,0.01267,-0.02307,0.06081,0.08384,0.63839,0,1
1768603077.431016,-0.97406,0.04165,0.23333,0.00146,-0.01545,-0.00231,0.55464,0.00008,0.27993,-0.00010,0.70829,0.00008,0.70593,1,3,0.99960,0.01066,0.01267,-0.02307,0.06081,0.08384,0.63839,0,1
1768603077.433038,-0.94400,0.02865,0.24612,0.00136,-0.01508,-0.00230,0.55464,0.00008,0.27993,-0.00010,0.70829,0.00008,0.70593,1,3,0.99958,0.01058,0.01279,-0.02394,0.06082,0.08382,0.63826,0,1
1768603077.435019,-0.94360,0.01821,0.23123,0.00177,-0.01351,-0.00139,0.55467,0.00008,0.27993,-0.00009,0.70828,0.00008,0.70593,1,3,0.99958,0.01058,0.01279,-0.02394,0.06082,0.08382,0.63826,0,1
1768603077.437081,-0.99680,0.05434,0.22396,0.00183,-0.01622,-0.00055,0.55467,0.00008,0.27993,-0.00009,0.70828,0.00008,0.70593,1,3,0.99958,0.01058,0.01279,-0.02394,0.06082,0.08382,0.63826,0,1
1768603077.439029,-0.98861,0.02106,0.20625,0.00121,-0.01578,-0.00179,0.55470,0.00008,0.27993,-0.00009,0.70829,0.00008,0.70592,1,3,0.99958,0.01058,0.01279,-0.02394,0.06082,0.08382,0.63826,0,1
1768603077.441032,-0.95046,0.01884,0.19625,0.00150,-0.01393,-0.00087,0.55470,0.00008,0.27993,-0.00009,0.70829,0.00008,0.70592,1,3,0.99958,0.01058,0.01279,-0.02394,0.06082,0.08382,0.63826,0,1
1768603077.443022,-0.92002,0.05450,0.19603,0.00150,-0.01546,-0.00219,0.55473,0.00008,0.27993,-0.00010,0.70828,0.00008,0.70593,1,3,0.99958,0.01058,0.01279,-0.02394,0.06082,0.08382,0.63826,0,1
1768603077.445019,-1.00364,0.01262,0.19232,0.00040,-0.01508,-0.00220,0.55475,0.00008,0.27993,-0.00009,0.70829,0.00008,0.70592,1,3,0.99958,0.01058,0.01279,-0.02394,0.06082,0.08382,0.63826,0,1
1768603077.447196,-1.00221,0.01602,0.16533,0.00216,-0.01496,-0.00295,0.55475,0.00008,0.27993,-0.00009,0.70829,0.00008,0.70592,1,3,0.99958,0.01058,0.01279,-0.02394,0.06082,0.08382,0.63826,0,1
1768603077.449128,-0.94236,0.02448,0.18529,0.00125,-0.01450,-0.00296,0.55477,0.00008,0.27993,-0.00009,0.70829,0.00008,0.70592,1,3,0.99958,0.01058,0.01279,-0.02394,0.06082,0.08382,0.63826,0,1
1768603077.451115,-1.02529,-0.00048,0.17538,0.00188,-0.01528,-0.00276,0.55477,0.00008,0.27993,-0.00009,0.70829,0.00008,0.70592,1,3,0.99958,0.01058,0.01279,-0.02394,0.06082,0.08382,0.63826,0,1
1768603077.453027,-1.09400,0.01256,0.17773,0.00114,-0.01525,-0.00293,0.55478,0.00008,0.27993,-0.00010,0.70829,0.00008,0.70592,1,3,0.99958,0.01058,0.01279,-0.02394,0.06082,0.08382,0.63826,0,1
1768603077.455060,-1.04108,0.03530,0.18422,0.00116,-0.01692,-0.00296,0.55478,0.00008,0.27993,-0.00010,0.70829,0.00008,0.70592,1,3,0.99958,0.01058,0.01279,-0.02394,0.06082,0.08382,0.63826,0,1
1768603077.457057,-0.98798,0.03648,0.18170,0.00146,-0.01433,-0.00195,0.55479,0.00008,0.27993,-0.00009,0.70829,0.00008,0.70592,1,3,0.99958,0.01058,0.01279,-0.02394,0.06082,0.08382,0.63826,0,1
1768603077.459051,-1.03225,0.03264,0.13949,0.00199,-0.01484,-0.00186,0.55479,0.00008,0.27993,-0.00009,0.70829,0.00008,0.70592,1,3,0.99958,0.01058,0.01279,-0.02394,0.06082,0.08382,0.63826,0,1
1768603077.461043,-1.05556,0.02453,0.14929,0.00130,-0.01494,-0.00140,0.55479,0.00008,0.27993,-0.00009,0.70829,0.00008,0.70592,1,3,0.99958,0.01058,0.01279,-0.02394,0.06082,0.08382,0.63826,0,1
1768603077.463036,-1.05622,0.03613,0.17640,0.00155,-0.01418,-0.00156,0.55480,0.00008,0.27993,-0.00009,0.70829,0.00008,0.70592,1,3,0.99958,0.01058,0.01279,-0.02394,0.06082,0.08382,0.63826,0,1
1768603077.465035,-1.07080,-0.00179,0.16525,0.00171,-0.01410,-0.00197,0.55480,0.00008,0.27993,-0.00009,0.70829,0.00008,0.70592,1,3,0.99958,0.01058,0.01279,-0.02394,0.06082,0.08382,0.63826,0,1
1768603077.467043,-1.03307,0.04005,0.17035,0.00157,-0.01337,-0.00312,0.55480,0.00008,0.27993,-0.00009,0.70829,0.00008,0.70592,1,3,0.99958,0.01081,0.01238,-0.02366,0.06099,0.08379,0.63855,0,1
1768603077.469044,-1.03201,0.04434,0.11808,0.00117,-0.01313,-0.00238,0.55480,0.00008,0.27993,-0.00009,0.70829,0.00008,0.70592,1,3,0.99958,0.01081,0.01238,-0.02366,0.06099,0.08379,0.63855,0,1
1768603077.471047,-1.00993,0.04865,0.13783,0.00144,-0.00962,-0.00130,0.55480,0.00008,0.27993,-0.00009,0.70829,0.00008,0.70592,1,3,0.99958,0.01081,0.01238,-0.02366,0.06099,0.08379,0.63855,0,1
1768603077.473062,-1.03951,0.03881,0.10414,0.00116,-0.00784,-0.00141,0.55481,0.00008,0.27993,-0.00009,0.70829,0.00008,0.70592,1,3,0.99958,0.01081,0.01238,-0.02366,0.06099,0.08379,0.63855,0,1
1768603077.475068,-0.93242,0.02140,0.08096,0.00114,-0.00681,-0.00221,0.55481,0.00008,0.27993,-0.00009,0.70829,0.00008,0.70592,1,3,0.99958,0.01081,0.01238,-0.02366,0.06099,0.08379,0.63855,0,1
1768603077.477047,-0.96966,0.02399,0.04805,0.00124,-0.00087,-0.00234,0.55481,0.00008,0.27993,-0.00009,0.70829,0.00008,0.70592,1,3,0.99958,0.01081,0.01238,-0.02366,0.06099,0.08379,0.63855,0,1
1768603077.479051,-0.96788,0.01122,0.00791,0.00222,-0.00048,-0.00442,0.55481,0.00008,0.27993,-0.00009,0.70829,0.00008,0.70592,1,3,0.99958,0.01081,0.01238,-0.02366,0.06099,0.08379,0.63855,0,1
1768603077.481091,-0.95254,-0.00754,-0.00633,0.00184,0.00153,-0.00368,0.55481,0.00008,0.27993,-0.00009,0.70829,0.00008,0.70592,1,3,0.99958,0.01081,0.01238,-0.02366,0.06099,0.08379,0.63855,0,1
1768603077.483120,-1.04392,0.00593,-0.01229,0.00188,0.00429,-0.00193,0.55481,0.00008,0.27993,-0.00009,0.70829,0.00008,0.70592,1,3,0.99958,0.01081,0.01238,-0.02366,0.06099,0.08379,0.63855,0,1
1768603077.485061,-1.05981,0.02959,0.02017,0.00158,0.00229,-0.00389,0.55482,0.00008,0.27993,-0.00009,0.70829,0.00008,0.70592,1,3,0.99958,0.01081,0.01238,-0.02366,0.06099,0.08379,0.63855,0,1
1768603077.487079,-1.08178,0.01610,-0.01736,0.00158,0.00292,-0.00255,0.55482,0.00008,0.27993,-0.00009,0.70829,0.00008,0.70592,1,3,0.99958,0.01081,0.01238,-0.02366,0.06099,0.08379,0.63855,0,1
1768603077.489081,-1.09809,0.02311,0.01179,0.00114,0.00415,-0.00165,0.55482,0.00008,0.27993,-0.00009,0.70829,0.00008,0.70592,1,3,0.99958,0.01081,0.01238,-0.02366,0.06099,0.08379,0.63855,0,1
1768603077.491062,-1.07479,0.04885,-0.00327,0.00154,0.00375,-0.00233,0.55482,0.00008,0.27993,-0.00009,0.70829,0.00008,0.70592,1,3,0.99958,0.01081,0.01238,-0.02366,0.06099,0.08379,0.63855,0,1
1768603077.493066,-0.99168,-0.00996,0.01179,0.00126,0.00327,-0.00075,0.55482,0.00008,0.27993,-0.00009,0.70829,0.00008,0.70592,1,3,0.99958,0.01081,0.01238,-0.02366,0.06099,0.08379,0.63855,0,1
1768603077.495064,-1.07528,0.03565,0.01954,0.00155,0.00424,-0.00257,0.55482,0.00008,0.27993,-0.00009,0.70829,0.00008,0.70592,1,3,0.99958,0.01081,0.01238,-0.02366,0.06099,0.08379,0.63855,0,1
1768603077.497071,-1.02903,0.01259,-0.00446,0.00108,0.00264,-0.00304,0.55482,0.00008,0.27993,-0.00009,0.70829,0.00008,0.70592,1,3,0.99958,0.01081,0.01238,-0.02366,0.06099,0.08379,0.63855,0,1
1768603077.499056,-1.05958,0.00121,0.01221,0.00161,0.00087,-0.00278,0.55482,0.00008,0.27993,-0.00009,0.70829,0.00008,0.70592,1,3,0.99958,0.01081,0.01238,-0.02366,0.06099,0.08379,0.63855,0,1
1768603077.501074,-1.09824,0.02544,0.03680,0.00168,0.00183,-0.00321,0.55482,0.00008,0.27993,-0.00009,0.70829,0.00008,0.70592,1,3,0.99959,0.01143,0.01197,-0.02343,0.06117,0.08374,0.63864,0,1
1768603077.503066,-0.98342,0.01503,0.01449,0.00219,-0.00040,-0.00345,0.55482,0.00008,0.27993,-0.00009,0.70829,0.00008,0.70592,1,3,0.99959,0.01143,0.01197,-0.02343,0.06117,0.08374,0.63864,0,1
1768603077.505121,-1.09923,0.02129,0.06351,0.00113,0.00172,-0.00243,0.55482,0.00008,0.27993,-0.00009,0.70829,0.00008,0.70592,1,3,0.99959,0.01143,0.01197,-0.02343,0.06117,0.08374,0.63864,0,1
1768603077.507089,-1.09003,0.00397,0.01001,0.00144,0.00238,-0.00269,0.55482,0.00008,0.27993,-0.00009,0.70829,0.00008,0.70592,1,3,0.99959,0.01143,0.01197,-0.02343,0.06117,0.08374,0.63864,0,1
1768603077.509102,-1.09102,0.03870,0.04894,0.00153,0.00132,-0.00351,0.55482,0.00008,0.27993,-0.00009,0.70829,0.00008,0.70592,1,3,0.99959,0.01143,0.01197,-0.02343,0.06117,0.08374,0.63864,0,1
1768603077.511076,-1.02237,0.02213,0.04452,0.00174,0.00105,-0.00369,0.55482,0.00008,0.27993,-0.00009,0.70829,0.00008,0.70592,1,3,0.99959,0.01143,0.01197,-0.02343,0.06117,0.08374,0.63864,0,1
1768603077.513088,-1.08270,0.01417,0.02974,0.00171,0.00065,-0.00371,0.55482,0.00008,0.27993,-0.00009,0.70829,0.00008,0.70592,1,3,0.99959,0.01143,0.01197,-0.02343,0.06117,0.08374,0.63864,0,1
1768603077.515148,-1.09804,0.00682,0.03768,0.00210,0.00337,-0.00337,0.55482,0.00008,0.27993,-0.00009,0.70829,0.00008,0.70592,1,3,0.99959,0.01143,0.01197,-0.02343,0.06117,0.08374,0.63864,0,1
1768603077.517116,-1.03002,0.02243,0.04400,0.00173,0.00061,-0.00319,0.55483,0.00008,0.27993,-0.00009,0.70830,0.00008,0.70592,1,3,0.99959,0.01143,0.01197,-0.02343,0.06117,0.08374,0.63864,0,1
1768603077.519084,-1.10626,0.02379,0.05366,0.00140,-0.00059,-0.00347,0.55483,0.00008,0.27993,-0.00009,0.70830,0.00008,0.70592,1,3,0.99959,0.01143,0.01197,-0.02343,0.06117,0.08374,0.63864,0,1
1768603077.521093,-1.08420,0.01046,0.09374,0.00290,-0.00163,-0.00141,0.55483,0.00008,0.27993,-0.00009,0.70829,0.00008,0.70592,1,3,0.99959,0.01143,0.01197,-0.02343,0.06117,0.08374,0.63864,0,1
1768603077.523093,-1.07734,0.03701,0.09603,0.00060,-0.00532,-0.00266,0.55483,0.00008,0.27993,-0.00009,0.70829,0.00008,0.70592,1,3,0.99959,0.01143,0.01197,-0.02343,0.06117,0.08374,0.63864,0,1
1768603077.525092,-1.06268,0.03206,0.12413,0.00102,-0.00935,-0.00211,0.55483,0.00008,0.27993,-0.00009,0.70829,0.00008,0.70592,1,3,0.99959,0.01143,0.01197,-0.02343,0.06117,0.08374,0.63864,0,1
1768603077.527082,-1.07801,0.03829,0.14461,0.00221,-0.01237,-0.00154,0.55483,0.00008,0.27993,-0.00009,0.70829,0.00008,0.70592,1,3,0.99959,0.01143,0.01197,-0.02343,0.06117,0.08374,0.63864,0,1
1768603077.529078,-1.12510,0.02971,0.19527,0.00136,-0.01635,-0.00111,0.55483,0.00008,0.27993,-0.00009,0.70829,0.00008,0.70592,1,3,0.99959,0.01143,0.01197,-0.02343,0.06117,0.08374,0.63864,0,1
1768603077.531077,-1.09623,0.04852,0.24748,0.00148,-0.01899,0.00002,0.55483,0.00008,0.27993,-0.00009,0.70829,0.00008,0.70592,1,3,0.99959,0.01143,0.01197,-0.02343,0.06117,0.08374,0.63864,0,1
1768603077.533095,-1.14075,0.00993,0.22224,0.00163,-0.01799,-0.00101,0.55483,0.00008,0.27993,-0.00009,0.70829,0.00008,0.70592,1,3,0.99959,0.01143,0.01197,-0.02343,0.06117,0.08374,0.63864,0,1
1768603077.535083,-1.08729,0.04324,0.20250,0.00138,-0.01714,-0.00154,0.55483,0.00008,0.27993,-0.00009,0.70829,0.00008,0.70592,1,3,0.99953,0.01201,0.01324,-0.02489,0.06129,0.08369,0.63846,0,1
1768603077.537119,-1.09393,0.02489,0.17364,0.00180,-0.01574,-0.00154,0.55483,0.00008,0.27993,-0.00009,0.70829,0.00008,0.70592,1,3,0.99953,0.01201,0.01324,-0.02489,0.06129,0.08369,0.63846,0,1
1768603077.539113,-1.08717,0.03294,0.19304,0.00125,-0.01529,-0.00103,0.55483,0.00008,0.27993,-0.00009,0.70829,0.00008,0.70592,1,3,0.99953,0.01201,0.01324,-0.02489,0.06129,0.08369,0.63846,0,1
1768603077.541108,-1.10214,0.04334,0.18858,0.00097,-0.01665,-0.00242,0.55483,0.00008,0.27993,-0.00009,0.70829,0.00008,0.70592,1,3,0.99953,0.01201,0.01324,-0.02489,0.06129,0.08369,0.63846,0,1
1768603077.543113,-1.07192,0.02118,0.20153,0.00128,-0.01584,-0.00229,0.55483,0.00008,0.27993,-0.00009,0.70829,0.00008,0.70592,1,3,0.99953,0.01201,0.01324,-0.02489,0.06129,0.08369,0.63846,0,1
1768603077.545116,-1.08699,0.02458,0.19409,0.00126,-0.01506,-0.00207,0.55483,0.00008,0.27993,-0.00009,0.70829,0.00008,0.70592,1,3,0.99953,0.01201,0.01324,-0.02489,0.06129,0.08369,0.63846,0,1
1768603077.547110,-1.04059,0.02253,0.16644,0.00145,-0.01714,-0.00202,0.55483,0.00008,0.27993,-0.00009,0.70829,0.00008,0.70592,1,3,0.99953,0.01201,0.01324,-0.02489,0.06129,0.08369,0.63846,0,1
1768603077.549130,-1.08664,0.02958,0.18625,0.00167,-0.01602,-0.00211,0.55483,0.00008,0.27993,-0.00009,0.70829,0.00008,0.70592,1,3,0.99953,0.01201,0.01324,-0.02489,0.06129,0.08369,0.63846,0,1
1768603077.551120,-1.06351,0.02124,0.17609,0.00196,-0.01636,-0.00162,0.55483,0.00008,0.27993,-0.00009,0.70829,0.00008,0.70592,1,3,0.99953,0.01201,0.01324,-0.02489,0.06129,0.08369,0.63846,0,1
1768603077.553124,-1.08659,0.02511,0.18911,0.00180,-0.01577,-0.00244,0.55483,0.00008,0.27993,-0.00009,0.70829,0.00008,0.70592,1,3,0.99953,0.01201,0.01324,-0.02489,0.06129,0.08369,0.63846,0,1
1768603077.555108,-1.09422,0.03064,0.18583,0.00166,-0.01712,-0.00200,0.55483,0.00008,0.27993,-0.00009,0.70829,0.00008,0.70592,1,3,0.99953,0.01201,0.01324,-0.02489,0.06129,0.08369,0.63846,0,1
1768603077.557128,-1.07846,0.03082,0.16224,0.00114,-0.01653,-0.00301,0.55483,0.00008,0.27993,-0.00009,0.70829,0.00008,0.70592,1,3,0.99953,0.01201,0.01324,-0.02489,0.06129,0.08369,0.63846,0,1
1768603077.559124,-1.04916,0.03302,0.19329,0.00128,-0.01528,-0.00128,0.55483,0.00008,0.27993,-0.00009,0.70829,0.00008,0.70592,1,3,0.99953,0.01201,0.01324,-0.02489,0.06129,0.08369,0.63846,0,1
1768603077.561147,-1.07245,0.03146,0.20302,0.00099,-0.01385,-0.00051,0.55483,0.00008,0.27993,-0.00009,0.70829,0.00008,0.70592,1,3,0.99953,0.01201,0.01324,-0.02489,0.06129,0.08369,0.63846,0,1
1768603077.563127,-1.07063,0.03210,0.14934,0.00168,-0.01429,-0.00161,0.55483,0.00008,0.27993,-0.00009,0.70829,0.00008,0.70592,1,3,0.99953,0.01201,0.01324,-0.02489,0.06129,0.08369,0.63846,0,1
1768603077.565134,-1.09303,0.02400,0.14048,0.00154,-0.01418,-0.00265,0.55483,0.00008,0.27993,-0.00009,0.70829,0.00008,0.70592,1,3,0.99953,0.01201,0.01324,-0.02489,0.06129,0.08369,0.63846,0,1
1768603077.567139,-1.08558,0.02699,0.15373,0.00181,-0.01292,-0.00358,0.55483,0.00008,0.27993,-0.00009,0.70829,0.00008,0.70592,1,3,0.99953,0.01201,0.01324,-0.02489,0.06129,0.08369,0.63846,0,1
1768603077.569129,-1.03989,0.01252,0.13684,0.00132,-0.01094,-0.00264,0.55483,0.00008,0.27993,-0.00009,0.70829,0.00008,0.70592,1,3,0.99953,0.01201,0.01324,-0.02489,0.06129,0.08369,0.63846,0,1
1768603077.571125,-1.09243,0.00604,0.12097,0.00156,-0.00851,-0.00356,0.55483,0.00008,0.27993,-0.00009,0.70829,0.00008,0.70592,1,3,0.99953,0.01201,0.01324,-0.02489,0.06129,0.08369,0.63846,0,1
1768603077.573133,-1.08492,0.03889,0.11126,0.00100,-0.00710,-0.00408,0.55484,0.00008,0.27993,-0.00009,0.70829,0.00008,0.70592,1,3,0.99953,0.01201,0.01324,-0.02489,0.06129,0.08369,0.63846,0,1
1768603077.575121,-1.06147,0.02716,0.08762,0.00130,-0.00389,-0.00392,0.55484,0.00008,0.27993,-0.00009,0.70829,0.00008,0.70592,1,3,0.99953,0.01201,0.01324,-0.02489,0.06129,0.08369,0.63846,0,1
1768603077.577137,-1.08357,0.04938,0.05809,0.00167,-0.00097,-0.00377,0.55484,0.00008,0.27993,-0.00009,0.70829,0.00008,0.70592,1,3,0.99953,0.01201,0.01324,-0.02489,0.06129,0.08369,0.63846,0,1
1768603077.579135,-1.02862,0.02000,0.01285,0.00243,-0.00086,-0.00503,0.55484,0.00008,0.27993,-0.00009,0.70829,0.00008,0.70592,1,3,0.99957,0.01185,0.01106,-0.02428,0.06134,0.08370,0.63862,0,1
1768603077.581140,-1.02861,0.02839,-0.01451,0.00174,0.00340,-0.00321,0.55484,0.00008,0.27993,-0.00009,0.70829,0.00008,0.70592,1,3,0.99957,0.01185,0.01106,-0.02428,0.06134,0.08370,0.63862,0,1
1768603077.583164,-1.01355,0.00145,0.00289,0.00192,0.00076,-0.00354,0.55484,0.00008,0.27993,-0.00009,0.70829,0.00008,0.70592,1,3,0.99957,0.01185,0.01106,-0.02428,0.06134,0.08370,0.63862,0,1
1768603077.585157,-1.11312,0.01750,0.01970,0.00194,0.00512,-0.00209,0.55484,0.00008,0.27993,-0.00009,0.70829,0.00008,0.70592,1,3,0.99957,0.01185,0.01106,-0.02428,0.06134,0.08370,0.63862,0,1
1768603077.587169,-1.09013,0.01620,0.01831,0.00143,0.00314,-0.00398,0.55484,0.00008,0.27993,-0.00009,0.70830,0.00008,0.70592,1,3,0.99957,0.01185,0.01106,-0.02428,0.06134,0.08370,0.63862,0,1
1768603077.589164,-1.04442,-0.00543,0.00851,0.00055,0.00017,-0.00411,0.55484,0.00008,0.27993,-0.00009,0.70830,0.00008,0.70592,1,3,0.99957,0.01185,0.01106,-0.02428,0.06134,0.08370,0.63862,0,1
1768603077.591175,-1.04430,0.01016,0.01764,0.00188,0.00051,-0.00390,0.55484,0.00008,0.27993,-0.00009,0.70829,0.00008,0.70592,1,3,0.99957,0.01185,0.01106,-0.02428,0.06134,0.08370,0.63862,0,1
1768603077.593160,-1.04490,0.02564,0.02681,0.00159,0.00171,-0.00296,0.55484,0.00008,0.27993,-0.00009,0.70829,0.00008,0.70592,1,3,0.99957,0.01185,0.01106,-0.02428,0.06134,0.08370,0.63862,0,1
1768603077.595240,-1.05960,0.00859,0.01384,0.00120,0.00264,-0.00440,0.55484,0.00008,0.27993,-0.00009,0.70829,0.00008,0.70592,1,3,0.99957,0.01185,0.01106,-0.02428,0.06134,0.08370,0.63862,0,1
1768603077.597157,-1.06791,0.00803,0.03782,0.00131,0.00272,-0.00352,0.55484,0.00008,0.27993,-0.00009,0.70829,0.00008,0.70592,1,3,0.99957,0.01185,0.01106,-0.02428,0.06134,0.08370,0.63862,0,1
1768603077.599158,-1.01419,0.01224,0.02060,0.00163,0.00273,-0.00368,0.55484,0.00008,0.27993,-0.00009,0.70829,0.00008,0.70592,1,3,0.99957,0.01185,0.01106,-0.02428,0.06134,0.08370,0.63862,0,1
1768603077.601147,-1.09836,0.00788,0.03739,0.00129,0.00271,-0.00301,0.55484,0.00008,0.27993,-0.00009,0.70829,0.00008,0.70592,1,3,0.99957,0.01185,0.01106,-0.02428,0.06134,0.08370,0.63862,0,1
1768603077.603146,-1.11304,0.02470,0.02745,0.00194,0.00259,-0.00370,0.55484,0.00008,0.27993,-0.00009,0.70829,0.00008,0.70592,1,3,0.99957,0.01185,0.01106,-0.02428,0.06134,0.08370,0.63862,0,1
1768603077.605161,-1.03685,-0.00055,0.01275,0.00162,0.00263,-0.00276,0.55484,0.00008,0.27993,-0.00009,0.70829,0.00008,0.70592,1,3,0.99957,0.01185,0.01106,-0.02428,0.06134,0.08370,0.63862,0,1
1768603077.607153,-1.03690,0.01088,0.02333,0.00135,0.00036,-0.00481,0.55484,0.00008,0.27993,-0.00009,0.70829,0.00008,0.70592,1,3,0.99957,0.01185,0.01106,-0.02428,0.06134,0.08370,0.63862,0,1
1768603077.609167,-1.12105,0.00809,0.03793,0.00127,0.00272,-0.00377,0.55484,0.00008,0.27993,-0.00009,0.70829,0.00008,0.70592,1,3,0.99957,0.01185,0.01106,-0.02428,0.06134,0.08370,0.63862,0,1
1768603077.611141,-1.07557,0.04267,0.04100,0.00195,0.00123,-0.00304,0.55484,0.00008,0.27993,-0.00009,0.70829,0.00008,0.70592,1,3,0.99957,0.01185,0.01106,-0.02428,0.06134,0.08370,0.63862,0,1
1768603077.613201,-1.06042,0.02984,0.06085,0.00225,-0.00268,-0.00430,0.55484,0.00008,0.27993,-0.00009,0.70829,0.00008,0.70592,1,3,0.99957,0.01185,0.01106,-0.02428,0.06134,0.08370,0.63862,0,1
1768603077.615173,-1.09114,0.02011,0.05044,0.00128,-0.00128,-0.00253,0.55484,0.00008,0.27993,-0.00009,0.70829,0.00008,0.70592,1,3,0.99960,0.01176,0.01041,-0.02346,0.06135,0.08373,0.63880,0,1
1768603077.617167,-1.13684,0.01170,0.06059,0.00139,-0.00138,-0.00282,0.55484,0.00008,0.27993,-0.00009,0.70829,0.00008,0.70592,1,3,0.99960,0.01176,0.01041,-0.02346,0.06135,0.08373,0.63880,0,1
1768603077.619181,-1.09215,0.01502,0.08397,0.00074,-0.00459,-0.00213,0.55484,0.00008,0.27993,-0.00009,0.70829,0.00008,0.70592,1,3,0.99960,0.01176,0.01041,-0.02346,0.06135,0.08373,0.63880,0,1
1768603077.621207,-1.05463,0.01522,0.13071,0.00172,-0.00927,-0.00393,0.55484,0.00008,0.27993,-0.00009,0.70829,0.00008,0.70592,1,3,0.99960,0.01176,0.01041,-0.02346,0.06135,0.08373,0.63880,0,1
1768603077.623206,-1.09290,0.00825,0.13528,0.00115,-0.01053,-0.00360,0.55484,0.00008,0.27993,-0.00009,0.70829,0.00008,0.70592,1,3,0.99960,0.01176,0.01041,-0.02346,0.06135,0.08373,0.63880,0,1
1768603077.625199,-1.15566,0.02299,0.20504,0.00094,-0.01318,-0.00282,0.55484,0.00008,0.27993,-0.00009,0.70829,0.00008,0.70592,1,3,0.99960,0.01176,0.01041,-0.02346,0.06135,0.08373,0.63880,0,1
1768603077.627207,-1.11759,0.04790,0.20151,0.00082,-0.01671,-0.00337,0.55484,0.00008,0.27993,-0.00009,0.70829,0.00008,0.70592,1,3,0.99960,0.01176,0.01041,-0.02346,0.06135,0.08373,0.63880,0,1
1768603077.629187,-1.11803,0.02912,0.23695,0.00204,-0.02022,-0.00239,0.55484,0.00008,0.27993,-0.00009,0.70829,0.00008,0.70592,1,3,0.99960,0.01176,0.01041,-0.02346,0.06135,0.08373,0.63880,0,1
1768603077.631211,-1.14885,0.02805,0.23198,0.00093,-0.01875,-0.00151,0.55484,0.00008,0.27993,-0.00009,0.70829,0.00008,0.70592,1,3,0.99960,0.01176,0.01041,-0.02346,0.06135,0.08373,0.63880,0,1
1768603077.633218,-1.14809,0.01960,0.21843,0.00135,-0.01848,-0.00291,0.55484,0.00008,0.27993,-0.00009,0.70829,0.00008,0.70592,1,3,0.99960,0.01176,0.01041,-0.02346,0.06135,0.08373,0.63880,0,1
1768603077.635212,-1.07887,0.03475,0.17833,0.00167,-0.01699,-0.00192,0.55484,0.00008,0.27993,-0.00009,0.70829,0.00008,0.70592,1,3,0.99960,0.01176,0.01041,-0.02346,0.06135,0.08373,0.63880,0,1
1768603077.637189,-1.04135,0.02501,0.19323,0.00170,-0.01594,-0.00131,0.55484,0.00008,0.27993,-0.00009,0.70829,0.00008,0.70592,1,3,0.99960,0.01176,0.01041,-0.02346,0.06135,0.08373,0.63880,0,1
1768603077.639234,-1.12474,0.03506,0.18845,0.00136,-0.01709,-0.00231,0.55485,0.00008,0.27993,-0.00009,0.70829,0.00008,0.70592,1,3,0.99960,0.01176,0.01041,-0.02346,0.06135,0.08373,0.63880,0,1
1768603077.641196,-1.09517,0.03848,0.21448,0.00164,-0.01699,-0.00098,0.55485,0.00008,0.27993,-0.00009,0.70829,0.00008,0.70592,1,3,0.99960,0.01176,0.01041,-0.02346,0.06135,0.08373,0.63880,0,1
1768603077.643181,-1.07139,0.01329,0.18623,0.00169,-0.01668,-0.00179,0.55485,0.00008,0.27993,-0.00009,0.70829,0.00008,0.70592,1,3,0.99960,0.01176,0.01041,-0.02346,0.06135,0.08373,0.63880,0,1
1768603077.645168,-1.08622,0.03508,0.16864,0.00153,-0.01711,-0.00217,0.55485,0.00008,0.27993,-0.00009,0.70829,0.00008,0.70592,1,3,0.99960,0.01176,0.01041,-0.02346,0.06135,0.08373,0.63880,0,1
1768603077.647195,-1.07145,0.03848,0.18110,0.00140,-0.01630,-0.00210,0.55485,0.00008,0.27993,-0.00009,0.70829,0.00008,0.70592,1,3,0.99960,0.01176,0.01041,-0.02346,0.06135,0.08373,0.63880,0,1
1768603077.649198,-1.06391,0.02054,0.19107,0.00196,-0.01575,-0.00163,0.55485,0.00008,0.27993,-0.00009,0.70829,0.00008,0.70592,1,3,0.99960,0.01176,0.01041,-0.02346,0.06135,0.08373,0.63880,0,1
1768603077.651185,-1.08631,0.03804,0.17617,0.00193,-0.01614,-0.00220,0.55485,0.00008,0.27993,-0.00009,0.70829,0.00008,0.70592,1,3,0.99960,0.01176,0.01041,-0.02346,0.06135,0.08373,0.63880,0,1
1768603077.653219,-1.05618,0.00101,0.18974,0.00145,-0.01664,-0.00267,0.55485,0.00008,0.27993,-0.00009,0.70829,0.00008,0.70592,1,3,0.99960,0.01176,0.01041,-0.02346,0.06135,0.08373,0.63880,0,1
1768603077.655232,-1.07875,0.02427,0.17887,0.00208,-0.01524,-0.00179,0.55485,0.00008,0.27993,-0.00009,0.70829,0.00008,0.70592,1,3,0.99960,0.01176,0.01041,-0.02346,0.06135,0.08373,0.63880,0,1
1768603077.657205,-1.09397,0.03389,0.17930,0.00166,-0.01589,-0.00280,0.55485,0.00008,0.27993,-0.00009,0.70829,0.00008,0.70592,1,3,0.99955,0.01193,0.01173,-0.02489,0.06130,0.08367,0.63838,0,1
1768603077.659290,-1.08674,0.03726,0.18603,0.00166,-0.01537,-0.00183,0.55485,0.00008,0.27993,-0.00009,0.70829,0.00008,0.70592,1,3,0.99955,0.01193,0.01173,-0.02489,0.06130,0.08367,0.63838,0,1
1768603077.661194,-1.05597,0.03691,0.17151,0.00168,-0.01489,-0.00194,0.55485,0.00008,0.27993,-0.00009,0.70829,0.00008,0.70592,1,3,0.99955,0.01193,0.01173,-0.02489,0.06130,0.08367,0.63838,0,1
1768603077.663202,-1.09387,0.01960,0.16710,0.00140,-0.01429,-0.00186,0.55485,0.00008,0.27993,-0.00009,0.70829,0.00008,0.70592,1,3,0.99955,0.01193,0.01173,-0.02489,0.06130,0.08367,0.63838,0,1
1768603077.665212,-1.13986,0.00554,0.17966,0.00124,-0.01305,-0.00132,0.55485,0.00008,0.27993,-0.00009,0.70829,0.00008,0.70592,1,3,0.99955,0.01193,0.01173,-0.02489,0.06130,0.08367,0.63838,0,1
1768603077.667189,-1.08596,0.03136,0.15493,0.00153,-0.01334,-0.00211,0.55485,0.00008,0.27993,-0.00009,0.70829,0.00008,0.70592,1,3,0.99955,0.01193,0.01173,-0.02489,0.06130,0.08367,0.63838,0,1
1768603077.669197,-1.06334,0.02893,0.15503,0.00155,-0.01116,-0.00133,0.55485,0.00008,0.27993,-0.00009,0.70829,0.00008,0.70592,1,3,0.99955,0.01193,0.01173,-0.02489,0.06130,0.08367,0.63838,0,1
1768603077.671205,-1.06234,0.04660,0.12068,0.00168,-0.01157,-0.00227,0.55485,0.00008,0.27993,-0.00009,0.70829,0.00008,0.70592,1,3,0.99955,0.01193,0.01173,-0.02489,0.06130,0.08367,0.63838,0,1
1768603077.673188,-1.05406,0.01400,0.11817,0.00186,-0.01204,-0.00466,0.55485,0.00008,0.27993,-0.00009,0.70829,0.00008,0.70592,1,3,0.99955,0.01193,0.01173,-0.02489,0.06130,0.08367,0.63838,0,1
1768603077.675256,-1.09205,0.01668,0.08381,0.00075,-0.00612,-0.00253,0.55485,0.00008,0.27993,-0.00009,0.70829,0.00008,0.70592,1,3,0.99955,0.01193,0.01173,-0.02489,0.06130,0.08367,0.63838,0,1
1768603077.677209,-1.06884,0.03069,0.07351,0.00183,-0.00406,-0.00191,0.55485,0.00008,0.27993,-0.00009,0.70829,0.00008,0.70592,1,3,0.99955,0.01193,0.01173,-0.02489,0.06130,0.08367,0.63838,0,1
1768603077.679200,-1.01520,0.03075,0.06436,0.00214,-0.00395,-0.00279,0.55485,0.00008,0.27993,-0.00009,0.70829,0.00008,0.70592,1,3,0.99955,0.01193,0.01173,-0.02489,0.06130,0.08367,0.63838,0,1
1768603077.681203,-1.05269,0.00933,0.05386,0.00187,-0.00299,-0.00418,0.55485,0.00008,0.27993,-0.00009,0.70829,0.00008,0.70592,1,3,0.99955,0.01193,0.01173,-0.02489,0.06130,0.08367,0.63838,0,1
1768603077.683218,-1.03703,0.00623,0.02015,0.00122,0.00053,-0.00362,0.55485,0.00008,0.27993,-0.00009,0.70829,0.00008,0.70592,1,3,0.99955,0.01193,0.01173,-0.02489,0.06130,0.08367,0.63838,0,1
1768603077.685303,-1.02936,0.03536,0.02735,0.00200,0.00063,-0.00447,0.55485,0.00008,0.27993,-0.00009,0.70829,0.00008,0.70592,1,3,0.99955,0.01193,0.01173,-0.02489,0.06130,0.08367,0.63838,0,1
1768603077.687337,-1.04368,0.02693,-0.00650,0.00174,0.00109,-0.00485,0.55485,0.00008,0.27993,-0.00009,0.70829,0.00008,0.70592,1,3,0.99955,0.01193,0.01173,-0.02489,0.06130,0.08367,0.63838,0,1
1768603077.689216,-1.04421,0.02414,0.00251,0.00186,0.00316,-0.00292,0.55485,0.00008,0.27993,-0.00009,0.70829,0.00008,0.70592,1,3,0.99955,0.01193,0.01173,-0.02489,0.06130,0.08367,0.63838,0,1
1768603077.691222,-1.06732,0.03565,-0.00025,0.00129,0.00444,-0.00230,0.55485,0.00008,0.27993,-0.00009,0.70829,0.00008,0.70592,1,3,0.99955,0.01207,0.01178,-0.02470,0.06129,0.08367,0.63841,0,1
1768603077.693213,-1.07572,0.05240,0.03301,0.00193,0.00375,-0.00163,0.55485,0.00008,0.27993,-0.00009,0.70829,0.00008,0.70592,1,3,0.99955,0.01207,0.01178,-0.02470,0.06129,0.08367,0.63841,0,1
1768603077.695215,-1.05202,-0.00030,0.01276,0.00161,0.00241,-0.00289,0.55485,0.00008,0.27993,-0.00009,0.70829,0.00008,0.70592,1,3,0.99955,0.01207,0.01178,-0.02470,0.06129,0.08367,0.63841,0,1
1768603077.697434,-1.12813,0.02311,0.01162,0.00193,0.00371,-0.00189,0.55485,0.00008,0.27993,-0.00009,0.70829,0.00008,0.70592,1,3,0.99955,0.01207,0.01178,-0.02470,0.06129,0.08367,0.63841,0,1
1768603077.699309,-1.02940,0.02703,0.02087,0.00214,-0.00011,-0.00246,0.55485,0.00008,0.27993,-0.00009,0.70829,0.00008,0.70592,1,3,0.99955,0.01207,0.01178,-0.02470,0.06129,0.08367,0.63841,0,1
1768603077.701232,-1.04380,0.00048,-0.01192,0.00149,0.00189,-0.00301,0.55485,0.00008,0.27993,-0.00009,0.70829,0.00008,0.70592,1,3,0.99955,0.01207,0.01178,-0.02470,0.06129,0.08367,0.63841,0,1
1768603077.703241,-1.09886,0.04210,0.05639,0.00152,0.00207,-0.00343,0.55485,0.00008,0.27993,-0.00009,0.70829,0.00008,0.70592,1,3,0.99955,0.01207,0.01178,-0.02470,0.06129,0.08367,0.63841,0,1
1768603077.705228,-1.05231,0.01971,0.02785,0.00119,-0.00003,-0.00467,0.55485,0.00008,0.27993,-0.00009,0.70829,0.00008,0.70592,1,3,0.99955,0.01207,0.01178,-0.02470,0.06129,0.08367,0.63841,0,1
1768603077.707287,-1.09821,0.02133,0.03441,0.00155,0.00180,-0.00317,0.55485,0.00008,0.27993,-0.00009,0.70829,0.00008,0.70592,1,3,0.99955,0.01207,0.01178,-0.02470,0.06129,0.08367,0.63841,0,1
1768603077.709230,-1.04476,0.03447,0.01647,0.00145,0.00137,-0.00268,0.55485,0.00008,0.27993,-0.00009,0.70829,0.00008,0.70592,1,3,0.99955,0.01207,0.01178,-0.02470,0.06129,0.08367,0.63841,0,1
1768603077.711314,-1.00635,-0.01588,0.01269,0.00166,0.00110,-0.00271,0.55485,0.00008,0.27993,-0.00009,0.70829,0.00008,0.70592,1,3,0.99955,0.01207,0.01178,-0.02470,0.06129,0.08367,0.63841,0,1
1768603077.713236,-1.10644,0.04316,0.05596,0.00151,0.00097,-0.00332,0.55485,0.00008,0.27993,-0.00009,0.70829,0.00008,0.70592,1,3,0.99955,0.01207,0.01178,-0.02470,0.06129,0.08367,0.63841,0,1
1768603077.715243,-1.05267,0.02469,0.03994,0.00105,-0.00075,-0.00474,0.55485,0.00008,0.27993,-0.00009,0.70829,0.00008,0.70592,1,3,0.99955,0.01207,0.01178,-0.02470,0.06129,0.08367,0.63841,0,1
1768603077.717237,-1.02972,0.01545,0.02796,0.00175,-0.00112,-0.00195,0.55485,0.00008,0.27993,-0.00009,0.70829,0.00008,0.70592,1,3,0.99955,0.01207,0.01178,-0.02470,0.06129,0.08367,0.63841,0,1
1768603077.719234,-1.10671,0.02401,0.06292,0.00113,-0.00091,-0.00272,0.55485,0.00008,0.27993,-0.00009,0.70829,0.00008,0.70592,1,3,0.99955,0.01207,0.01178,-0.02470,0.06129,0.08367,0.63841,0,1
1768603077.721246,-1.11465,0.01699,0.08211,0.00140,-0.00265,-0.00252,0.55485,0.00008,0.27993,-0.00009,0.70829,0.00008,0.70592,1,3,0.99955,0.01207,0.01178,-0.02470,0.06129,0.08367,0.63841,0,1
1768603077.723253,-1.06140,0.02654,0.08761,0.00184,-0.00826,-0.00238,0.55485,0.00008,0.27993,-0.00009,0.70829,0.00008,0.70592,1,3,0.99955,0.01207,0.01178,-0.02470,0.06129,0.08367,0.63841,0,1
1768603077.725253,-1.09982,0.04274,0.09245,0.00125,-0.00733,-0.00233,0.55485,0.00008,0.27993,-0.00009,0.70829,0.00008,0.70592,1,3,0.99955,0.01207,0.01178,-0.02470,0.06129,0.08367,0.63841,0,1
1768603077.727257,-1.05411,0.03011,0.10228,0.00144,-0.01136,-0.00333,0.55485,0.00008,0.27993,-0.00009,0.70829,0.00008,0.70592,1,3,0.99954,0.01196,0.01231,-0.02505,0.06130,0.08367,0.63843,0,1
1768603077.729234,-1.06239,0.01930,0.12609,0.00197,-0.00998,-0.00156,0.55485,0.00008,0.27993,-0.00009,0.70829,0.00008,0.70592,1,3,0.99954,0.01196,0.01231,-0.02505,0.06130,0.08367,0.63843,0,1
1768603077.731242,-1.10066,0.02086,0.13565,0.00167,-0.01139,-0.00171,0.55485,0.00008,0.27993,-0.00009,0.70829,0.00008,0.70592,1,3,0.99954,0.01196,0.01231,-0.02505,0.06130,0.08367,0.63843,0,1
1768603077.733268,-1.04840,0.03297,0.16715,0.00182,-0.01123,-0.00125,0.55485,0.00008,0.27993,-0.00009,0.70829,0.00008,0.70592,1,3,0.99954,0.01196,0.01231,-0.02505,0.06130,0.08367,0.63843,0,1
1768603077.735314,-1.07118,0.03165,0.16441,0.00127,-0.01367,-0.00162,0.55485,0.00008,0.27993,-0.00009,0.70829,0.00008,0.70592,1,3,0.99954,0.01196,0.01231,-0.02505,0.06130,0.08367,0.63843,0,1
1768603077.737278,-1.10126,0.03549,0.15675,0.00165,-0.01354,-0.00153,0.55485,0.00008,0.27993,-0.00009,0.70829,0.00008,0.70592,1,3,0.99954,0.01196,0.01231,-0.02505,0.06130,0.08367,0.63843,0,1
1768603077.739276,-1.11712,0.03905,0.18135,0.00096,-0.01652,-0.00249,0.55485,0.00008,0.27993,-0.00009,0.70829,0.00008,0.70592,1,3,0.99954,0.01196,0.01231,-0.02505,0.06130,0.08367,0.63843,0,1
1768603077.741254,-1.07200,0.04495,0.19088,0.00112,-0.01444,-0.00143,0.55485,0.00008,0.27993,-0.00009,0.70829,0.00008,0.70592,1,3,0.99954,0.01196,0.01231,-0.02505,0.06130,0.08367,0.63843,0,1
1768603077.743273,-1.10154,0.02862,0.17633,0.00192,-0.01527,-0.00184,0.55485,0.00008,0.27993,-0.00009,0.70829,0.00008,0.70592,1,3,0.99954,0.01196,0.01231,-0.02505,0.06130,0.08367,0.63843,0,1
1768603077.745273,-1.11754,0.02384,0.19832,0.00150,-0.01479,-0.00117,0.55485,0.00008,0.27993,-0.00009,0.70829,0.00008,0.70592,1,3,0.99954,0.01196,0.01231,-0.02505,0.06130,0.08367,0.63843,0,1
1768603077.747284,-1.10934,0.01964,0.18628,0.00206,-0.01493,-0.00161,0.55485,0.00008,0.27993,-0.00009,0.70829,0.00008,0.70592,1,3,0.99954,0.01196,0.01231,-0.02505,0.06130,0.08367,0.63843,0,1
1768603077.749269,-1.10152,0.02906,0.17620,0.00192,-0.01571,-0.00184,0.55485,0.00008,0.27993,-0.00009,0.70829,0.00008,0.70592,1,3,0.99954,0.01196,0.01231,-0.02505,0.06130,0.08367,0.63843,0,1
1768603077.751249,-1.07914,0.03700,0.18735,0.00126,-0.01448,-0.00310,0.55485,0.00008,0.27993,-0.00009,0.70829,0.00008,0.70592,1,3,0.99954,0.01196,0.01231,-0.02505,0.06130,0.08367,0.63843,0,1
1768603077.753271,-1.08631,0.01436,0.17479,0.00181,-0.01354,-0.00192,0.55485,0.00008,0.27993,-0.00009,0.70829,0.00008,0.70592,1,3,0.99954,0.01196,0.01231,-0.02505,0.06130,0.08367,0.63843,0,1
1768603077.755286,-1.05650,0.03883,0.17903,0.00127,-0.01261,-0.00122,0.55485,0.00008,0.27993,-0.00009,0.70829,0.00008,0.70592,1,3,0.99954,0.01196,0.01231,-0.02505,0.06130,0.08367,0.63843,0,1
1768603077.757273,-1.08585,0.03413,0.15272,0.00180,-0.01206,-0.00214,0.55485,0.00008,0.27993,-0.00009,0.70829,0.00008,0.70592,1,3,0.99954,0.01196,0.01231,-0.02505,0.06130,0.08367,0.63843,0,1
1768603077.759308,-1.07040,0.02813,0.14052,0.00195,-0.01046,-0.00155,0.55485,0.00008,0.27993,-0.00009,0.70829,0.00008,0.70592,1,3,0.99954,0.01196,0.01231,-0.02505,0.06130,0.08367,0.63843,0,1
1768603077.761279,-1.07793,0.02409,0.13832,0.00182,-0.01049,-0.00176,0.55485,0.00008,0.27993,-0.00009,0.70829,0.00008,0.70592,1,3,0.99954,0.01205,0.01273,-0.02458,0.06132,0.08368,0.63845,0,1
1768603077.763281,-1.06952,0.00662,0.10928,0.00185,-0.00975,-0.00165,0.55485,0.00008,0.27993,-0.00009,0.70829,0.00008,0.70592,1,3,0.99954,0.01205,0.01273,-0.02458,0.06132,0.08368,0.63845,0,1
1768603077.765314,-1.10698,-0.00601,0.09888,0.00157,-0.00900,-0.00352,0.55485,0.00008,0.27993,-0.00009,0.70829,0.00008,0.70592,1,3,0.99954,0.01205,0.01273,-0.02458,0.06132,0.08368,0.63845,0,1
1768603077.767412,-1.06873,0.03248,0.09094,0.00197,-0.00953,-0.00423,0.55485,0.00008,0.27993,-0.00009,0.70829,0.00008,0.70592,1,3,0.99954,0.01205,0.01273,-0.02458,0.06132,0.08368,0.63845,0,1
1768603077.769281,-1.12943,0.00124,0.07294,0.00127,-0.00342,-0.00321,0.55485,0.00008,0.27993,-0.00009,0.70829,0.00008,0.70592,1,3,0.99954,0.01205,0.01273,-0.02458,0.06132,0.08368,0.63845,0,1
1768603077.771338,-1.07606,0.03845,0.07294,0.00129,-0.00625,-0.00531,0.55485,0.00008,0.27993,-0.00009,0.70829,0.00008,0.70592,1,3,0.99954,0.01205,0.01273,-0.02458,0.06132,0.08368,0.63845,0,1
1768603077.773272,-1.09134,0.02029,0.06018,0.00142,-0.00160,-0.00254,0.55485,0.00008,0.27993,-0.00009,0.70829,0.00008,0.70592,1,3,0.99954,0.01205,0.01273,-0.02458,0.06132,0.08368,0.63845,0,1
1768603077.775341,-1.12136,0.03300,0.05774,0.00206,-0.00185,-0.00331,0.55485,0.00008,0.27993,-0.00009,0.70829,0.00008,0.70592,1,3,0.99954,0.01205,0.01273,-0.02458,0.06132,0.08368,0.63845,0,1
1768603077.777281,-1.10624,0.01380,0.03464,0.00034,0.00158,-0.00297,0.55485,0.00008,0.27993,-0.00009,0.70829,0.00008,0.70592,1,3,0.99954,0.01205,0.01273,-0.02458,0.06132,0.08368,0.63845,0,1
1768603077.779326,-1.04411,0.00014,0.01496,0.00176,-0.00193,-0.00416,0.55485,0.00008,0.27993,-0.00009,0.70829,0.00008,0.70592,1,3,0.99954,0.01205,0.01273,-0.02458,0.06132,0.08368,0.63845,0,1
1768603077.781286,-1.08969,0.04412,0.02153,0.00289,-0.00032,-0.00430,0.55485,0.00008,0.27993,-0.00009,0.70829,0.00008,0.70592,1,3,0.99954,0.01205,0.01273,-0.02458,0.06132,0.08368,0.63845,0,1
1768603077.783275,-1.05144,0.01258,-0.00820,0.00121,0.00303,-0.00456,0.55485,0.00008,0.27993,-0.00009,0.70829,0.00008,0.70592,1,3,0.99954,0.01205,0.01273,-0.02458,0.06132,0.08368,0.63845,0,1
1768603077.785274,-1.07476,-0.00541,0.01095,0.00146,0.00348,-0.00321,0.55485,0.00008,0.27993,-0.00009,0.70829,0.00008,0.70592,1,3,0.99954,0.01205,0.01273,-0.02458,0.06132,0.08368,0.63845,0,1
1768603077.787400,-1.01344,0.00540,-0.00368,0.00151,0.00156,-0.00435,0.55485,0.00008,0.27993,-0.00009,0.70829,0.00008,0.70592,1,3,0.99954,0.01205,0.01273,-0.02458,0.06132,0.08368,0.63845,0,1
1768603077.789305,-1.07457,0.02312,-0.00185,0.00157,0.00442,-0.00316,0.55485,0.00008,0.27993,-0.00009,0.70829,0.00008,0.70592,1,3,0.99954,0.01205,0.01273,-0.02458,0.06132,0.08368,0.63845,0,1
1768603077.791304,-1.05177,0.00411,0.00188,0.00094,0.00315,-0.00447,0.55485,0.00008,0.27993,-0.00009,0.70829,0.00008,0.70592,1,3,0.99954,0.01205,0.01273,-0.02458,0.06132,0.08368,0.63845,0,1
1768603077.793359,-1.05210,0.02073,0.01490,0.00172,0.00244,-0.00314,0.55485,0.00008,0.27993,-0.00009,0.70829,0.00008,0.70592,1,3,0.99958,0.01202,0.01105,-0.02388,0.06135,0.08370,0.63859,0,1
1768603077.795304,-1.09776,0.02740,0.01522,0.00168,0.00419,-0.00322,0.55485,0.00008,0.27993,-0.00009,0.70829,0.00008,0.70592,1,3,0.99958,0.01202,0.01105,-0.02388,0.06135,0.08370,0.63859,0,1
1768603077.797303,-0.99840,0.00417,0.01357,0.00166,-0.00129,-0.00536,0.55485,0.00008,0.27993,-0.00009,0.70829,0.00008,0.70592,1,3,0.99958,0.01202,0.01105,-0.02388,0.06135,0.08370,0.63859,0,1
1768603077.799313,-1.09789,0.01852,0.03213,0.00183,0.00046,-0.00389,0.55485,0.00008,0.27993,-0.00009,0.70829,0.00008,0.70592,1,3,0.99958,0.01202,0.01105,-0.02388,0.06135,0.08370,0.63859,0,1
1768603077.801360,-1.05327,0.01644,0.05430,0.00065,-0.00102,-0.00390,0.55485,0.00008,0.27993,-0.00009,0.70829,0.00008,0.70592,1,3,0.99958,0.01202,0.01105,-0.02388,0.06135,0.08370,0.63859,0,1
1768603077.803313,-1.10644,0.01153,0.06079,0.00141,-0.00116,-0.00294,0.55485,0.00008,0.27993,-0.00009,0.70829,0.00008,0.70592,1,3,0.99958,0.01202,0.01105,-0.02388,0.06135,0.08370,0.63859,0,1
1768603077.805326,-1.09922,0.01378,0.06959,0.00115,-0.00346,-0.00235,0.55485,0.00008,0.27993,-0.00009,0.70829,0.00008,0.70592,1,3,0.99958,0.01202,0.01105,-0.02388,0.06135,0.08370,0.63859,0,1
1768603077.807304,-1.09894,0.02483,0.05751,0.00127,-0.00185,-0.00247,0.55485,0.00008,0.27993,-0.00009,0.70829,0.00008,0.70592,1,3,0.99958,0.01202,0.01105,-0.02388,0.06135,0.08370,0.63859,0,1
1768603077.809302,-1.15296,0.02141,0.09954,0.00149,-0.00287,-0.00309,0.55485,0.00008,0.27993,-0.00009,0.70829,0.00008,0.70592,1,3,0.99958,0.01202,0.01105,-0.02388,0.06135,0.08370,0.63859,0,1
1768603077.811371,-1.08455,0.03336,0.09339,0.00127,-0.00622,-0.00285,0.55485,0.00008,0.27993,-0.00009,0.70829,0.00008,0.70592,1,3,0.99958,0.01202,0.01105,-0.02388,0.06135,0.08370,0.63859,0,1
1768603077.813331,-1.05490,0.03000,0.12018,0.00116,-0.00721,-0.00259,0.55485,0.00008,0.27993,-0.00009,0.70829,0.00008,0.70592,1,3,0.99958,0.01202,0.01105,-0.02388,0.06135,0.08370,0.63859,0,1
1768603077.815317,-1.08527,0.03704,0.12750,0.00113,-0.00974,-0.00369,0.55485,0.00008,0.27993,-0.00009,0.70829,0.00008,0.70592,1,3,0.99958,0.01202,0.01105,-0.02388,0.06135,0.08370,0.63859,0,1
1768603077.817321,-1.10043,0.02431,0.13388,0.00194,-0.01054,-0.00251,0.55485,0.00008,0.27993,-0.00009,0.70829,0.00008,0.70592,1,3,0.99958,0.01202,0.01105,-0.02388,0.06135,0.08370,0.63859,0,1
1768603077.819316,-1.09312,0.01842,0.14302,0.00168,-0.01305,-0.00220,0.55485,0.00008,0.27993,-0.00009,0.70829,0.00008,0.70592,1,3,0.99958,0.01202,0.01105,-0.02388,0.06135,0.08370,0.63859,0,1
1768603077.821335,-1.11639,0.03937,0.16474,0.00204,-0.01322,-0.00246,0.55485,0.00008,0.27993,-0.00009,0.70829,0.00008,0.70592,1,3,0.99958,0.01202,0.01105,-0.02388,0.06135,0.08370,0.63859,0,1
1768603077.823317,-1.04859,0.01814,0.17707,0.00157,-0.01308,-0.00147,0.55485,0.00008,0.27993,-0.00009,0.70829,0.00008,0.70592,1,3,0.99958,0.01202,0.01105,-0.02388,0.06135,0.08370,0.63859,0,1
1768603077.825313,-1.05640,-0.00387,0.19224,0.00118,-0.01595,-0.00223,0.55485,0.00008,0.27993,-0.00009,0.70829,0.00008,0.70592,1,3,0.99958,0.01202,0.01105,-0.02388,0.06135,0.08370,0.63859,0,1
1768603077.827316,-1.09472,0.04698,0.20021,0.00164,-0.01673,-0.00183,0.55485,0.00008,0.27993,-0.00009,0.70829,0.00008,0.70592,1,3,0.99958,0.01202,0.01105,-0.02388,0.06135,0.08370,0.63859,0,1
1768603077.829319,-1.09457,0.01890,0.18896,0.00059,-0.01730,-0.00226,0.55485,0.00008,0.27993,-0.00009,0.70829,0.00008,0.70592,1,3,0.99958,0.01202,0.01105,-0.02388,0.06135,0.08370,0.63859,0,1
1768603077.831322,-1.12540,0.03228,0.22037,0.00149,-0.01867,-0.00268,0.55485,0.00008,0.27993,-0.00009,0.70829,0.00008,0.70592,1,3,0.99958,0.01202,0.01105,-0.02388,0.06135,0.08370,0.63859,0,1
1768603077.833311,-1.11025,0.04174,0.21475,0.00123,-0.01961,-0.00229,0.55485,0.00008,0.27993,-0.00009,0.70829,0.00008,0.70592,1,3,0.99958,0.01202,0.01105,-0.02388,0.06135,0.08370,0.63859,0,1
1768603077.835315,-1.04985,0.03161,0.21936,0.00114,-0.01824,-0.00091,0.55485,0.00008,0.27993,-0.00009,0.70829,0.00008,0.70592,1,3,0.99951,0.01197,0.01294,-0.02580,0.06131,0.08365,0.63826,0,1
1768603077.837334,-1.07226,0.05285,0.21208,0.00151,-0.01833,-0.00191,0.55485,0.00008,0.27993,-0.00009,0.70829,0.00008,0.70592,1,3,0.99951,0.01197,0.01294,-0.02580,0.06131,0.08365,0.63826,0,1
1768603077.839379,-1.10213,0.03506,0.19346,0.00124,-0.01703,-0.00232,0.55485,0.00008,0.27993,-0.00009,0.70829,0.00008,0.70592,1,3,0.99951,0.01197,0.01294,-0.02580,0.06131,0.08365,0.63826,0,1
1768603077.841342,-1.11002,0.03166,0.20586,0.00110,-0.01775,-0.00254,0.55485,0.00008,0.27993,-0.00009,0.70829,0.00008,0.70592,1,3,0.99951,0.01197,0.01294,-0.02580,0.06131,0.08365,0.63826,0,1
1768603077.843357,-1.08676,0.03507,0.18358,0.00112,-0.01693,-0.00219,0.55485,0.00008,0.27993,-0.00009,0.70829,0.00008,0.70592,1,3,0.99951,0.01197,0.01294,-0.02580,0.06131,0.08365,0.63826,0,1
1768603077.845370,-1.10917,0.02100,0.18171,0.00179,-0.01586,-0.00238,0.55485,0.00008,0.27993,-0.00009,0.70829,0.00008,0.70592,1,3,0.99951,0.01197,0.01294,-0.02580,0.06131,0.08365,0.63826,0,1
1768603077.847471,-1.10103,0.02891,0.15729,0.00166,-0.01506,-0.00259,0.55485,0.00008,0.27993,-0.00009,0.70829,0.00008,0.70592,1,3,0.99951,0.01197,0.01294,-0.02580,0.06131,0.08365,0.63826,0,1
1768603077.849402,-1.10193,0.04018,0.18916,0.00177,-0.01402,-0.00237,0.55485,0.00008,0.27993,-0.00009,0.70829,0.00008,0.70592,1,3,0.99951,0.01197,0.01294,-0.02580,0.06131,0.08365,0.63826,0,1
1768603077.851346,-1.09421,0.03293,0.17942,0.00125,-0.01480,-0.00241,0.55485,0.00008,0.27993,-0.00009,0.70829,0.00008,0.70592,1,3,0.99951,0.01197,0.01294,-0.02580,0.06131,0.08365,0.63826,0,1
1768603077.853361,-1.05657,0.02196,0.17461,0.00061,-0.01223,-0.00102,0.55485,0.00008,0.27993,-0.00009,0.70829,0.00008,0.70592,1,3,0.99951,0.01197,0.01294,-0.02580,0.06131,0.08365,0.63826,0,1
1768603077.855345,-1.06367,0.03480,0.16687,0.00141,-0.01276,-0.00141,0.55485,0.00008,0.27993,-0.00009,0.70829,0.00008,0.70592,1,3,0.99951,0.01197,0.01294,-0.02580,0.06131,0.08365,0.63826,0,1
1768603077.857343,-1.09331,0.02588,0.14848,0.00154,-0.01189,-0.00268,0.55485,0.00008,0.27993,-0.00009,0.70829,0.00008,0.70592,1,3,0.99951,0.01197,0.01294,-0.02580,0.06131,0.08365,0.63826,0,1
1768603077.859342,-1.07050,0.01600,0.14311,0.00169,-0.01087,-0.00141,0.55485,0.00008,0.27993,-0.00009,0.70829,0.00008,0.70592,1,3,0.99951,0.01197,0.01294,-0.02580,0.06131,0.08365,0.63826,0,1
1768603077.861347,-1.09297,0.03291,0.11811,0.00113,-0.01051,-0.00122,0.55485,0.00008,0.27993,-0.00009,0.70829,0.00008,0.70592,1,3,0.99951,0.01197,0.01294,-0.02580,0.06131,0.08365,0.63826,0,1
1768603077.863355,-1.10087,0.02407,0.14953,0.00153,-0.00991,-0.00329,0.55485,0.00008,0.27993,-0.00009,0.70829,0.00008,0.70592,1,3,0.99951,0.01197,0.01294,-0.02580,0.06131,0.08365,0.63826,0,1
1768603077.865376,-1.11605,0.01790,0.14188,0.00152,-0.00826,-0.00219,0.55485,0.00008,0.27993,-0.00009,0.70829,0.00008,0.70592,1,3,0.99951,0.01197,0.01294,-0.02580,0.06131,0.08365,0.63826,0,1
1768603077.867364,-1.11527,0.03778,0.09473,0.00097,-0.00664,-0.00164,0.55485,0.00008,0.27993,-0.00009,0.70829,0.00008,0.70592,1,3,0.99951,0.01197,0.01294,-0.02580,0.06131,0.08365,0.63826,0,1
1768603077.869370,-1.05522,0.06341,0.11854,0.00112,-0.00723,-0.00147,0.55485,0.00008,0.27993,-0.00009,0.70829,0.00008,0.70592,1,3,0.99951,0.01197,0.01294,-0.02580,0.06131,0.08365,0.63826,0,1
1768603077.871363,-1.05469,0.04234,0.09714,0.00074,-0.00683,-0.00158,0.55485,0.00008,0.27993,-0.00009,0.70829,0.00008,0.70592,1,3,0.99951,0.01197,0.01294,-0.02580,0.06131,0.08365,0.63826,0,1
1768603077.873369,-1.04654,0.03116,0.10004,0.00171,-0.00855,-0.00270,0.55485,0.00008,0.27993,-0.00009,0.70829,0.00008,0.70592,1,3,0.99951,0.01197,0.01294,-0.02580,0.06131,0.08365,0.63826,0,1
1768603077.875351,-1.09893,0.03269,0.06443,0.00127,-0.00526,-0.00333,0.55485,0.00008,0.27993,-0.00009,0.70829,0.00008,0.70592,1,3,0.99951,0.01197,0.01294,-0.02580,0.06131,0.08365,0.63826,0,1
1768603077.877354,-1.05380,0.01966,0.07651,0.00118,-0.00512,-0.00243,0.55485,0.00008,0.27993,-0.00009,0.70829,0.00008,0.70592,1,3,0.99951,0.01197,0.01294,-0.02580,0.06131,0.08365,0.63826,0,1
1768603077.879362,-1.07655,0.04152,0.06906,0.00074,-0.00543,-0.00307,0.55485,0.00008,0.27993,-0.00009,0.70829,0.00008,0.70592,1,3,0.99959,0.01226,0.01128,-0.02330,0.06133,0.08372,0.63874,0,1
1768603077.881375,-1.10725,0.02585,0.09833,0.00153,-0.00726,-0.00314,0.55485,0.00008,0.27993,-0.00009,0.70829,0.00008,0.70592,1,3,0.99959,0.01226,0.01128,-0.02330,0.06133,0.08372,0.63874,0,1
1768603077.883373,-1.11508,0.05360,0.09047,0.00109,-0.00538,-0.00259,0.55485,0.00008,0.27993,-0.00009,0.70829,0.00008,0.70592,1,3,0.99959,0.01226,0.01128,-0.02330,0.06133,0.08372,0.63874,0,1
1768603077.885368,-1.07683,0.01142,0.08088,0.00103,-0.00550,-0.00157,0.55485,0.00008,0.27993,-0.00009,0.70829,0.00008,0.70592,1,3,0.99959,0.01226,0.01128,-0.02330,0.06133,0.08372,0.63874,0,1
1768603077.887412,-1.07645,0.04863,0.08567,0.00168,-0.00872,-0.00391,0.55485,0.00008,0.27993,-0.00009,0.70829,0.00008,0.70592,1,3,0.99959,0.01226,0.01128,-0.02330,0.06133,0.08372,0.63874,0,1
1768603077.889366,-1.07768,0.02312,0.12659,0.00235,-0.00582,-0.00097,0.55485,0.00008,0.27993,-0.00009,0.70829,0.00008,0.70592,1,3,0.99959,0.01226,0.01128,-0.02330,0.06133,0.08372,0.63874,0,1
1768603077.891371,-1.08474,0.05916,0.09708,0.00151,-0.00705,-0.00240,0.55485,0.00008,0.27993,-0.00009,0.70829,0.00008,0.70592,1,3,0.99959,0.01226,0.01128,-0.02330,0.06133,0.08372,0.63874,0,1
1768603077.893754,-1.07833,0.01988,0.14387,0.00167,-0.00649,-0.00095,0.55485,0.00008,0.27993,-0.00009,0.70829,0.00008,0.70592,1,3,0.99959,0.01226,0.01128,-0.02330,0.06133,0.08372,0.63874,0,1
1768603077.895410,-1.09256,0.05972,0.11141,0.00191,-0.00797,-0.00229,0.55485,0.00008,0.27993,-0.00009,0.70829,0.00008,0.70592,1,3,0.99959,0.01226,0.01128,-0.02330,0.06133,0.08372,0.63874,0,1
1768603077.897385,-1.10793,0.02983,0.12870,0.00246,-0.00820,-0.00168,0.55485,0.00008,0.27993,-0.00009,0.70829,0.00008,0.70592,1,3,0.99959,0.01226,0.01128,-0.02330,0.06133,0.08372,0.63874,0,1
1768603077.899392,-1.04735,0.04072,0.11889,0.00116,-0.00963,-0.00208,0.55485,0.00008,0.27993,-0.00009,0.70829,0.00008,0.70592,1,3,0.99959,0.01226,0.01128,-0.02330,0.06133,0.08372,0.63874,0,1
1768603077.901407,-1.06299,0.01042,0.13582,0.00130,-0.00943,-0.00071,0.55485,0.00008,0.27993,-0.00009,0.70829,0.00008,0.70592,1,3,0.99959,0.01226,0.01128,-0.02330,0.06133,0.08372,0.63874,0,1
1768603077.903406,-1.11645,0.06151,0.15006,0.00161,-0.00990,-0.00196,0.55485,0.00008,0.27993,-0.00009,0.70829,0.00008,0.70592,1,3,0.99959,0.01226,0.01128,-0.02330,0.06133,0.08372,0.63874,0,1
1768603077.905392,-1.06335,0.02039,0.15004,0.00129,-0.01100,-0.00084,0.55485,0.00008,0.27993,-0.00009,0.70829,0.00008,0.70592,1,3,0.99959,0.01226,0.01128,-0.02330,0.06133,0.08372,0.63874,0,1
1768603077.907381,-1.07864,0.03662,0.15971,0.00179,-0.01066,-0.00116,0.55485,0.00008,0.27993,-0.00009,0.70829,0.00008,0.70592,1,3,0.99959,0.01226,0.01128,-0.02330,0.06133,0.08372,0.63874,0,1
1768603077.909386,-1.07145,0.03673,0.17426,0.00180,-0.01092,-0.00092,0.55485,0.00008,0.27993,-0.00009,0.70829,0.00008,0.70592,1,3,0.99959,0.01226,0.01128,-0.02330,0.06133,0.08372,0.63874,0,1
1768603077.911380,-1.04039,0.01848,0.15252,0.00145,-0.01316,-0.00158,0.55485,0.00008,0.27993,-0.00009,0.70829,0.00008,0.70592,1,3,0.99959,0.01226,0.01128,-0.02330,0.06133,0.08372,0.63874,0,1
1768603077.913402,-1.10910,0.02698,0.16737,0.00138,-0.01319,-0.00207,0.55485,0.00008,0.27993,-0.00009,0.70829,0.00008,0.70592,1,3,0.99959,0.01226,0.01128,-0.02330,0.06133,0.08372,0.63874,0,1
1768603077.915383,-1.05653,0.03938,0.17856,0.00127,-0.01328,-0.00084,0.55485,0.00008,0.27993,-0.00009,0.70829,0.00008,0.70592,1,3,0.99957,0.01216,0.01146,-0.02420,0.06132,0.08369,0.63852,0,1
1768603077.917389,-1.07183,0.03853,0.17825,0.00125,-0.01262,-0.00019,0.55485,0.00008,0.27993,-0.00009,0.70829,0.00008,0.70592,1,3,0.99957,0.01216,0.01146,-0.02420,0.06132,0.08369,0.63852,0,1
1768603077.919425,-1.06415,0.04411,0.18064,0.00139,-0.01390,-0.00077,0.55485,0.00008,0.27993,-0.00009,0.70829,0.00008,0.70592,1,3,0.99957,0.01216,0.01146,-0.02420,0.06132,0.08369,0.63852,0,1
1768603077.921413,-1.04918,0.03551,0.18538,0.00127,-0.01385,-0.00017,0.55485,0.00008,0.27993,-0.00009,0.70829,0.00008,0.70592,1,3,0.99957,0.01216,0.01146,-0.02420,0.06132,0.08369,0.63852,0,1
1768603077.923422,-1.11660,0.01956,0.16627,0.00179,-0.01474,-0.00109,0.55485,0.00008,0.27993,-0.00009,0.70829,0.00008,0.70592,1,3,0.99957,0.01216,0.01146,-0.02420,0.06132,0.08369,0.63852,0,1
1768603077.925409,-1.09413,0.03464,0.16644,0.00138,-0.01277,-0.00090,0.55485,0.00008,0.27993,-0.00009,0.70829,0.00008,0.70592,1,3,0.99957,0.01216,0.01146,-0.02420,0.06132,0.08369,0.63852,0,1
1768603077.927409,-1.08604,0.02766,0.15661,0.00167,-0.01420,-0.00131,0.55485,0.00008,0.27993,-0.00009,0.70829,0.00008,0.70592,1,3,0.99957,0.01216,0.01146,-0.02420,0.06132,0.08369,0.63852,0,1
1768603077.929411,-1.11640,0.02665,0.15225,0.00138,-0.01294,-0.00155,0.55485,0.00008,0.27993,-0.00009,0.70829,0.00008,0.70592,1,3,0.99957,0.01216,0.01146,-0.02420,0.06132,0.08369,0.63852,0,1
1768603077.931496,-1.12406,0.04457,0.16749,0.00176,-0.01385,-0.00316,0.55485,0.00008,0.27993,-0.00009,0.70829,0.00008,0.70592,1,3,0.99957,0.01216,0.01146,-0.02420,0.06132,0.08369,0.63852,0,1
1768603077.933413,-1.05618,0.03315,0.17196,0.00168,-0.01139,-0.00113,0.55485,0.00008,0.27993,-0.00009,0.70829,0.00008,0.70592,1,3,0.99957,0.01216,0.01146,-0.02420,0.06132,0.08369,0.63852,0,1
1768603077.935414,-1.07025,0.02612,0.13785,0.00182,-0.01246,-0.00191,0.55485,0.00008,0.27993,-0.00009,0.70829,0.00008,0.70592,1,3,0.99957,0.01216,0.01146,-0.02420,0.06132,0.08369,0.63852,0,1
1768603077.937406,-1.10080,0.05464,0.13005,0.00137,-0.01124,-0.00174,0.55485,0.00008,0.27993,-0.00009,0.70829,0.00008,0.70592,1,3,0.99957,0.01216,0.01146,-0.02420,0.06132,0.08369,0.63852,0,1
1768603077.939397,-1.09317,0.02101,0.14102,0.00154,-0.01133,-0.00223,0.55485,0.00008,0.27993,-0.00009,0.70829,0.00008,0.70592,1,3,0.99957,0.01216,0.01146,-0.02420,0.06132,0.08369,0.63852,0,1
1768603077.941398,-1.07718,0.02525,0.10554,0.00075,-0.01023,-0.00366,0.55485,0.00008,0.27993,-0.00009,0.70829,0.00008,0.70592,1,3,0.99957,0.01216,0.01146,-0.02420,0.06132,0.08369,0.63852,0,1
1768603077.943397,-1.03122,0.01646,0.11577,0.00215,-0.01054,-0.00431,0.55485,0.00008,0.27993,-0.00009,0.70829,0.00008,0.70592,1,3,0.99957,0.01216,0.01146,-0.02420,0.06132,0.08369,0.63852,0,1
1768603077.945394,-1.10811,0.04717,0.12481,0.00137,-0.00759,-0.00304,0.55485,0.00008,0.27993,-0.00009,0.70829,0.00008,0.70592,1,3,0.99957,0.01216,0.01146,-0.02420,0.06132,0.08369,0.63852,0,1
1768603077.947397,-1.08457,0.04618,0.09076,0.00113,-0.00625,-0.00301,0.55485,0.00008,0.27993,-0.00009,0.70829,0.00008,0.70592,1,3,0.99957,0.01216,0.01146,-0.02420,0.06132,0.08369,0.63852,0,1
1768603077.949420,-1.06128,0.02922,0.07177,0.00090,-0.00583,-0.00318,0.55485,0.00008,0.27993,-0.00009,0.70829,0.00008,0.70592,1,3,0.99958,0.01204,0.01105,-0.02374,0.06134,0.08370,0.63864,0,1
1768603077.951419,-1.07673,0.02652,0.08898,0.00102,-0.00737,-0.00366,0.55485,0.00008,0.27993,-0.00009,0.70829,0.00008,0.70592,1,3,0.99958,0.01204,0.01105,-0.02374,0.06134,0.08370,0.63864,0,1
1768603077.953479,-1.12216,0.03146,0.07439,0.00098,-0.00405,-0.00294,0.55485,0.00008,0.27993,-0.00009,0.70829,0.00008,0.70592,1,3,0.99958,0.01204,0.01105,-0.02374,0.06134,0.08370,0.63864,0,1
1768603077.955446,-1.06891,0.04816,0.07905,0.00168,-0.00421,-0.00327,0.55485,0.00008,0.27993,-0.00009,0.70829,0.00008,0.70592,1,3,0.99958,0.01204,0.01105,-0.02374,0.06134,0.08370,0.63864,0,1
1768603077.957439,-1.09161,0.01615,0.06697,0.00142,-0.00196,-0.00174,0.55485,0.00008,0.27993,-0.00009,0.70829,0.00008,0.70592,1,3,0.99958,0.01204,0.01105,-0.02374,0.06134,0.08370,0.63864,0,1
1768603077.959418,-1.14456,0.02447,0.06348,0.00110,-0.00113,-0.00361,0.55485,0.00008,0.27993,-0.00009,0.70829,0.00008,0.70592,1,3,0.99958,0.01204,0.01105,-0.02374,0.06134,0.08370,0.63864,0,1
1768603077.961430,-1.12945,0.00664,0.06326,0.00113,-0.00047,-0.00251,0.55485,0.00008,0.27993,-0.00009,0.70829,0.00008,0.70592,1,3,0.99958,0.01204,0.01105,-0.02374,0.06134,0.08370,0.63864,0,1
1768603077.963442,-1.12180,0.01214,0.06055,0.00100,-0.00160,-0.00270,0.55485,0.00008,0.27993,-0.00009,0.70829,0.00008,0.70592,1,3,0.99958,0.01204,0.01105,-0.02374,0.06134,0.08370,0.63864,0,1
1768603077.965428,-1.06774,0.02423,0.05505,0.00239,-0.00559,-0.00409,0.55485,0.00008,0.27993,-0.00009,0.70829,0.00008,0.70592,1,3,0.99958,0.01204,0.01105,-0.02374,0.06134,0.08370,0.63864,0,1
1768603077.967425,-1.06825,0.02766,0.06695,0.00224,-0.00501,-0.00338,0.55485,0.00008,0.27993,-0.00009,0.70829,0.00008,0.70592,1,3,0.99958,0.01204,0.01105,-0.02374,0.06134,0.08370,0.63864,0,1
1768603077.969428,-1.07633,0.00395,0.08955,0.00265,-0.00299,-0.00260,0.55485,0.00008,0.27993,-0.00009,0.70829,0.00008,0.70592,1,3,0.99958,0.01204,0.01105,-0.02374,0.06134,0.08370,0.63864,0,1
1768603077.971432,-1.04558,0.02045,0.07285,0.00173,-0.00560,-0.00445,0.55485,0.00008,0.27993,-0.00009,0.70829,0.00008,0.70592,1,3,0.99958,0.01204,0.01105,-0.02374,0.06134,0.08370,0.63864,0,1
1768603077.973440,-1.10716,0.02050,0.07932,0.00126,-0.00203,-0.00193,0.55485,0.00008,0.27993,-0.00009,0.70829,0.00008,0.70592,1,3,0.99958,0.01204,0.01105,-0.02374,0.06134,0.08370,0.63864,0,1
1768603077.975433,-1.07586,0.03275,0.07005,0.00196,-0.00541,-0.00447,0.55485,0.00008,0.27993,-0.00009,0.70829,0.00008,0.70592,1,3,0.99958,0.01204,0.01105,-0.02374,0.06134,0.08370,0.63864,0,1
1768603077.977431,-1.10657,0.00894,0.06777,0.00142,-0.00282,-0.00292,0.55485,0.00008,0.27993,-0.00009,0.70829,0.00008,0.70592,1,3,0.99958,0.01204,0.01105,-0.02374,0.06134,0.08370,0.63864,0,1
1768603077.979432,-1.10626,0.01440,0.06060,0.00142,-0.00378,-0.00374,0.55485,0.00008,0.27993,-0.00009,0.70829,0.00008,0.70592,1,3,0.99958,0.01204,0.01105,-0.02374,0.06134,0.08370,0.63864,0,1
1768603077.981475,-1.08380,0.01529,0.07034,0.00116,-0.00454,-0.00376,0.55485,0.00008,0.27993,-0.00009,0.70829,0.00008,0.70592,1,3,0.99958,0.01204,0.01105,-0.02374,0.06134,0.08370,0.63864,0,1
1768603077.983442,-1.06901,0.03455,0.08894,0.00142,-0.00715,-0.00388,0.55485,0.00008,0.27993,-0.00009,0.70829,0.00008,0.70592,1,3,0.99960,0.01182,0.01026,-0.02353,0.06136,0.08372,0.63879,0,1
1768603077.985451,-1.08479,0.03029,0.11094,0.00141,-0.00732,-0.00359,0.55485,0.00008,0.27993,-0.00009,0.70829,0.00008,0.70592,1,3,0.99960,0.01182,0.01026,-0.02353,0.06136,0.08372,0.63879,0,1
1768603077.987445,-1.10705,0.02521,0.07396,0.00060,-0.00602,-0.00275,0.55485,0.00008,0.27993,-0.00009,0.70829,0.00008,0.70592,1,3,0.99960,0.01182,0.01026,-0.02353,0.06136,0.08372,0.63879,0,1
1768603077.989522,-1.11499,0.02111,0.09137,0.00072,-0.00625,-0.00297,0.55485,0.00008,0.27993,-0.00009,0.70829,0.00008,0.70592,1,3,0.99960,0.01182,0.01026,-0.02353,0.06136,0.08372,0.63879,0,1
1768603077.991450,-1.04673,0.01898,0.09831,0.00078,-0.00835,-0.00295,0.55485,0.00008,0.27993,-0.00009,0.70829,0.00008,0.70592,1,3,0.99960,0.01182,0.01026,-0.02353,0.06136,0.08372,0.63879,0,1
1768603077.993466,-1.09983,0.01066,0.11842,0.00182,-0.00898,-0.00386,0.55485,0.00008,0.27993,-0.00009,0.70829,0.00008,0.70592,1,3,0.99960,0.01182,0.01026,-0.02353,0.06136,0.08372,0.63879,0,1
1768603077.995447,-1.04728,0.02325,0.13437,0.00198,-0.00944,-0.00263,0.55485,0.00008,0.27993,-0.00009,0.70829,0.00008,0.70592,1,3,0.99960,0.01182,0.01026,-0.02353,0.06136,0.08372,0.63879,0,1
1768603077.997456,-1.08546,0.01606,0.13964,0.00142,-0.01025,-0.00306,0.55485,0.00008,0.27993,-0.00009,0.70829,0.00008,0.70592,1,3,0.99960,0.01182,0.01026,-0.02353,0.06136,0.08372,0.63879,0,1
1768603077.999475,-1.06257,0.01494,0.13358,0.00197,-0.00989,-0.00151,0.55485,0.00008,0.27993,-0.00009,0.70829,0.00008,0.70592,1,3,0.99960,0.01182,0.01026,-0.02353,0.06136,0.08372,0.63879,0,1
1768603078.001474,-1.07827,0.02808,0.15102,0.00167,-0.01011,-0.00220,0.55485,0.00008,0.27993,-0.00009,0.70829,0.00008,0.70592,1,3,0.99960,0.01182,0.01026,-0.02353,0.06136,0.08372,0.63879,0,1
1768603078.003479,-1.09303,0.03321,0.14354,0.00207,-0.01108,-0.00275,0.55485,0.00008,0.27993,-0.00009,0.70829,0.00008,0.70592,1,3,0.99960,0.01182,0.01026,-0.02353,0.06136,0.08372,0.63879,0,1
1768603078.005465,-1.08552,0.03326,0.14301,0.00207,-0.01130,-0.00212,0.55485,0.00008,0.27993,-0.00009,0.70829,0.00008,0.70592,1,3,0.99960,0.01182,0.01026,-0.02353,0.06136,0.08372,0.63879,0,1
1768603078.007470,-1.09376,0.03109,0.15987,0.00139,-0.01307,-0.00199,0.55485,0.00008,0.27993,-0.00009,0.70829,0.00008,0.70592,1,3,0.99960,0.01182,0.01026,-0.02353,0.06136,0.08372,0.63879,0,1
1768603078.009470,-1.10091,0.03007,0.14479,0.00179,-0.01237,-0.00145,0.55485,0.00008,0.27993,-0.00009,0.70829,0.00008,0.70592,1,3,0.99960,0.01182,0.01026,-0.02353,0.06136,0.08372,0.63879,0,1
1768603078.011522,-1.08600,0.02747,0.15811,0.00127,-0.01331,-0.00283,0.55485,0.00008,0.27993,-0.00009,0.70829,0.00008,0.70592,1,3,0.99960,0.01182,0.01026,-0.02353,0.06136,0.08372,0.63879,0,1
1768603078.013491,-1.07044,0.01821,0.14248,0.00170,-0.01306,-0.00144,0.55485,0.00008,0.27993,-0.00009,0.70829,0.00008,0.70592,1,3,0.99960,0.01182,0.01026,-0.02353,0.06136,0.08372,0.63879,0,1
1768603078.015522,-1.07170,0.02512,0.18681,0.00167,-0.01186,-0.00118,0.55485,0.00008,0.27993,-0.00009,0.70829,0.00008,0.70592,1,3,0.99960,0.01182,0.01026,-0.02353,0.06136,0.08372,0.63879,0,1
1768603078.017510,-1.10869,0.03168,0.15513,0.00152,-0.01356,-0.00250,0.55485,0.00008,0.27993,-0.00009,0.70829,0.00008,0.70592,1,3,0.99960,0.01182,0.01026,-0.02353,0.06136,0.08372,0.63879,0,1
1768603078.019460,-1.07073,0.03898,0.15449,0.00194,-0.01291,-0.00169,0.55485,0.00008,0.27993,-0.00009,0.70829,0.00008,0.70592,1,3,0.99954,0.01228,0.01292,-0.02450,0.06131,0.08366,0.63835,0,1
1768603078.021496,-1.10913,0.02690,0.16226,0.00111,-0.01304,-0.00169,0.55485,0.00008,0.27993,-0.00009,0.70829,0.00008,0.70592,1,3,0.99954,0.01228,0.01292,-0.02450,0.06131,0.08366,0.63835,0,1
1768603078.023479,-1.09380,0.02959,0.17026,0.00193,-0.01185,-0.00235,0.55485,0.00008,0.27993,-0.00009,0.70829,0.00008,0.70592,1,3,0.99954,0.01228,0.01292,-0.02450,0.06131,0.08366,0.63835,0,1
1768603078.025692,-1.11684,0.03141,0.17003,0.00110,-0.01316,-0.00238,0.55485,0.00008,0.27993,-0.00009,0.70829,0.00008,0.70592,1,3,0.99954,0.01228,0.01292,-0.02450,0.06131,0.08366,0.63835,0,1
1768603078.027487,-1.10880,0.01848,0.15321,0.00099,-0.01271,-0.00234,0.55485,0.00008,0.27993,-0.00009,0.70829,0.00008,0.70592,1,3,0.99954,0.01228,0.01292,-0.02450,0.06131,0.08366,0.63835,0,1
1768603078.029496,-1.07878,0.04863,0.14959,0.00045,-0.01319,-0.00170,0.55485,0.00008,0.27993,-0.00009,0.70829,0.00008,0.70592,1,3,0.99954,0.01228,0.01292,-0.02450,0.06131,0.08366,0.63835,0,1
1768603078.031505,-1.07847,0.02615,0.15716,0.00168,-0.01266,-0.00142,0.55485,0.00008,0.27993,-0.00009,0.70829,0.00008,0.70592,1,3,0.99954,0.01228,0.01292,-0.02450,0.06131,0.08366,0.63835,0,1
1768603078.033507,-1.07796,0.04451,0.13274,0.00113,-0.01339,-0.00239,0.55485,0.00008,0.27993,-0.00009,0.70829,0.00008,0.70592,1,3,0.99954,0.01228,0.01292,-0.02450,0.06131,0.08366,0.63835,0,1
1768603078.035530,-1.05522,0.02814,0.15038,0.00250,-0.01077,-0.00181,0.55485,0.00008,0.27993,-0.00009,0.70829,0.00008,0.70592,1,3,0.99954,0.01228,0.01292,-0.02450,0.06131,0.08366,0.63835,0,1
1768603078.037503,-1.14593,0.03998,0.12012,0.00108,-0.00852,-0.00346,0.55485,0.00008,0.27993,-0.00009,0.70829,0.00008,0.70592,1,3,0.99954,0.01228,0.01292,-0.02450,0.06131,0.08366,0.63835,0,1
1768603078.039536,-1.10115,0.00767,0.15846,0.00167,-0.01090,-0.00195,0.55485,0.00008,0.27993,-0.00009,0.70829,0.00008,0.70592,1,3,0.99954,0.01228,0.01292,-0.02450,0.06131,0.08366,0.63835,0,1
1768603078.041546,-1.06271,0.04116,0.12864,0.00128,-0.01017,-0.00222,0.55485,0.00008,0.27993,-0.00009,0.70829,0.00008,0.70592,1,3,0.99954,0.01228,0.01292,-0.02450,0.06131,0.08366,0.63835,0,1
1768603078.043499,-1.09308,0.00353,0.14174,0.00156,-0.01067,-0.00240,0.55485,0.00008,0.27993,-0.00009,0.70829,0.00008,0.70592,1,3,0.99954,0.01228,0.01292,-0.02450,0.06131,0.08366,0.63835,0,1
1768603078.045494,-1.11594,0.05083,0.12111,0.00122,-0.00742,-0.00144,0.55485,0.00008,0.27993,-0.00009,0.70829,0.00008,0.70592,1,3,0.99954,0.01228,0.01292,-0.02450,0.06131,0.08366,0.63835,0,1
1768603078.047508,-1.10030,0.03480,0.10624,0.00125,-0.00825,-0.00110,0.55485,0.00008,0.27993,-0.00009,0.70829,0.00008,0.70592,1,3,0.99954,0.01228,0.01292,-0.02450,0.06131,0.08366,0.63835,0,1
1768603078.049498,-1.05518,0.05958,0.12603,0.00153,-0.00779,-0.00180,0.55485,0.00008,0.27993,-0.00009,0.70829,0.00008,0.70592,1,3,0.99954,0.01228,0.01292,-0.02450,0.06131,0.08366,0.63835,0,1
